-0.61454999
-0.62909609
-0.62962580
-0.64207119
-0.64463562
-0.63387787
-0.60302699
-0.50601757
-0.41458404
-0.38990942
-0.34981036
-0.33912337
-0.34660134
-0.35995710
-0.44536597
-0.57991606
-0.56968665
-0.23960164
0.00430983
0.07878359
0.18749391
0.08793638
-0.18078694
-0.36244145
-0.49940109
-0.61765105
-0.74317777
-0.81602836
-0.75768054
-0.61946273
-0.53695726
-0.50865501
-0.50461674
-0.53956366
-0.49874240
-0.49795249
-0.48734933
-0.37067547
-0.31323552
-0.28933203
-0.26616019
-0.38900000
-0.30859494
-0.21962795
-0.25395688
-0.28881404
-0.36665836
-0.24549483
-0.25924614
-0.39060885
-0.37370273
-0.38760820
-0.31617951
-0.25918040
-0.18665396
-0.23472992
-0.28091398
-0.32760036
-0.75263530
-0.75369984
-0.75042027
-0.76403308
-0.75871468
-0.71941793
-0.63843483
-0.49799415
-0.39102578
-0.36216873
-0.34626511
-0.35254848
-0.36443302
-0.38499698
-0.50045764
-0.58085895
-0.44665757
-0.05424041
0.07099389
0.02985081
0.04425487
-0.21448894
-0.45027420
-0.60155815
-0.62037241
-0.56806159
-0.63639170
-0.70721078
-0.65848190
-0.56032658
-0.43230978
-0.35596386
-0.36336279
-0.36049360
-0.28483212
-0.33589518
-0.34776217
-0.24214602
-0.23519216
-0.20369294
-0.26739961
-0.39602149
-0.27880892
-0.20613299
-0.20317797
-0.25543413
-0.41430071
-0.30849943
-0.27337608
-0.34597406
-0.28803417
-0.29364046
-0.20688650
-0.10680301
-0.10281266
-0.21240604
-0.26753166
-0.35187379
-0.85675514
-0.83082008
-0.81254309
-0.82093352
-0.78972453
-0.73675168
-0.60229790
-0.41902241
-0.33294949
-0.32575294
-0.31143388
-0.34834254
-0.35942528
-0.36032629
-0.42325810
-0.37979496
-0.15707000
0.12510487
0.07751878
-0.03207109
-0.16841118
-0.42187113
-0.55075413
-0.62149262
-0.46028119
-0.35127628
-0.40077737
-0.50212383
-0.53231341
-0.41347426
-0.22782794
-0.14589402
-0.15788199
-0.15551561
-0.19964619
-0.35450789
-0.34224731
-0.23880701
-0.22460108
-0.23423249
-0.34933665
-0.43436015
-0.30931130
-0.23732609
-0.21711217
-0.30420479
-0.51260340
-0.38296840
-0.28795892
-0.29907018
-0.20458634
-0.16538653
-0.07111093
-0.02868505
-0.10331937
-0.19674642
-0.23861867
-0.26117140
-0.83051944
-0.78601444
-0.77489316
-0.76806343
-0.72207314
-0.64607406
-0.45427909
-0.29011667
-0.26826760
-0.26320037
-0.29693812
-0.38148624
-0.32991603
-0.23571989
-0.20829581
-0.18599088
-0.04421199
0.06659246
-0.01165428
-0.11636958
-0.29287729
-0.38338029
-0.37451905
-0.29452094
-0.14942814
-0.18755579
-0.24383251
-0.39997268
-0.44638440
-0.29812077
-0.13956004
-0.10489567
-0.11627398
-0.17737679
-0.35366359
-0.46920192
-0.39687604
-0.30768007
-0.29558080
-0.35425276
-0.46127900
-0.48616660
-0.32567269
-0.27808148
-0.27598393
-0.43333226
-0.64010024
-0.42493370
-0.24989060
-0.23304220
-0.10628018
-0.09187267
-0.09073412
-0.06456203
-0.11721735
-0.18850639
-0.19026266
-0.16129601
-0.72134775
-0.68229204
-0.68350476
-0.65192723
-0.61825097
-0.50188971
-0.33743691
-0.26699767
-0.28751853
-0.30756795
-0.39634773
-0.45328796
-0.36419156
-0.24888688
-0.18834643
-0.18452296
-0.12735425
-0.10879404
-0.13865624
-0.17180234
-0.29469234
-0.31385532
-0.17582679
-0.09493157
-0.13415779
-0.22651917
-0.26983267
-0.38574365
-0.42132670
-0.33343056
-0.24901477
-0.23775077
-0.26576394
-0.41607019
-0.59797978
-0.61049378
-0.51239580
-0.43019474
-0.43763262
-0.49810404
-0.59918708
-0.52366686
-0.40691879
-0.40823010
-0.38141480
-0.58888489
-0.70039624
-0.35902268
-0.20896681
-0.21501879
-0.07950404
-0.19117746
-0.24781792
-0.21886456
-0.26632774
-0.29340801
-0.23714064
-0.21896769
-0.56435812
-0.55604964
-0.55304736
-0.52306181
-0.49642816
-0.39427438
-0.33110756
-0.34430119
-0.40685022
-0.47889119
-0.56530422
-0.57957262
-0.51777828
-0.42285261
-0.39437914
-0.40729916
-0.41106018
-0.41897374
-0.34125575
-0.32842815
-0.41919774
-0.43033201
-0.28275815
-0.23275729
-0.35046339
-0.43198282
-0.50164974
-0.52724361
-0.53606397
-0.50489891
-0.45744896
-0.42643660
-0.45972914
-0.64148045
-0.75993145
-0.72823000
-0.62448144
-0.57721841
-0.60047549
-0.66365504
-0.70557576
-0.56672555
-0.50587219
-0.50387746
-0.46497259
-0.71252978
-0.69190919
-0.30320150
-0.21425146
-0.25220767
-0.16525742
-0.42494076
-0.44894278
-0.45307028
-0.48938149
-0.48029763
-0.42096871
-0.39487055
-0.43515253
-0.44861943
-0.44478312
-0.43338332
-0.41345367
-0.39349067
-0.40572509
-0.45870674
-0.54907620
-0.62684637
-0.68093908
-0.68291754
-0.64578968
-0.59864390
-0.61458927
-0.59685016
-0.66056675
-0.74350703
-0.66509509
-0.65978903
-0.68314439
-0.64410704
-0.59650558
-0.59986806
-0.68879914
-0.74730849
-0.76828754
-0.70050597
-0.68247020
-0.66330785
-0.63222647
-0.53858668
-0.53702587
-0.71979433
-0.80046356
-0.75981003
-0.70774621
-0.67349631
-0.72365725
-0.75113851
-0.69613945
-0.52849358
-0.52147424
-0.50323844
-0.53341782
-0.74443972
-0.61386740
-0.25373906
-0.22691534
-0.28440380
-0.29775450
-0.56805325
-0.54192293
-0.55237043
-0.56913584
-0.58240879
-0.51679218
-0.52175331
-0.39070261
-0.41289559
-0.41210863
-0.40405554
-0.41217312
-0.44742012
-0.47330800
-0.54128957
-0.60617441
-0.62225991
-0.63058317
-0.62960887
-0.60101384
-0.60099280
-0.59893447
-0.66297144
-0.88267475
-0.99635357
-0.95221400
-0.91855156
-0.85407156
-0.75884432
-0.74715233
-0.76819980
-0.80142623
-0.80676830
-0.80303574
-0.75134110
-0.71482491
-0.72520232
-0.58788067
-0.38456041
-0.47337395
-0.73570323
-0.83053106
-0.82324082
-0.74032938
-0.68764991
-0.69991446
-0.65514082
-0.49616352
-0.34354275
-0.40908623
-0.38202098
-0.48267314
-0.59329605
-0.36556551
-0.11403025
-0.16722986
-0.22711645
-0.30505314
-0.48867017
-0.40224892
-0.38080323
-0.41633558
-0.40589383
-0.34135479
-0.37833637
-0.40702358
-0.41104764
-0.39832664
-0.41752550
-0.46379605
-0.49305192
-0.52547771
-0.56313592
-0.54553968
-0.47666681
-0.49168694
-0.50634038
-0.47498363
-0.47801980
-0.52094847
-0.82228768
-1.08817506
-1.02624822
-0.82316482
-0.75634050
-0.66251725
-0.57173103
-0.65859967
-0.64876759
-0.60990334
-0.59291935
-0.64712715
-0.58260775
-0.53386390
-0.49101037
-0.32336557
-0.30197647
-0.57522750
-0.83704299
-0.87899995
-0.85205060
-0.63615787
-0.53570622
-0.42396882
-0.31715053
-0.12397654
-0.08386353
-0.16614595
-0.12403782
-0.25947085
-0.27556169
-0.05309070
0.04709499
-0.05337280
-0.10706534
-0.20122406
-0.29769549
-0.19115688
-0.15033866
-0.17978559
-0.13680148
-0.10028347
-0.15119299
-0.32030311
-0.32162675
-0.32528171
-0.38356963
-0.40876094
-0.39740881
-0.40048397
-0.35408565
-0.26202577
-0.20324551
-0.26113632
-0.27046332
-0.23238829
-0.21023087
-0.45232210
-0.90789366
-1.01615131
-0.63984865
-0.39190483
-0.44630846
-0.20272450
-0.33861840
-0.41499308
-0.35964414
-0.33625296
-0.52663171
-0.66017759
-0.63857138
-0.59227324
-0.45599949
-0.36913723
-0.51653701
-0.80582905
-0.94885379
-0.92610884
-0.66894650
-0.35503724
-0.17810534
-0.01569403
0.02483806
0.13717480
0.08320709
0.03508018
0.05052479
-0.08664332
-0.04600547
0.09982838
0.10208120
0.00225730
-0.03264128
-0.11750203
-0.15180090
-0.06409909
-0.03257591
-0.01760926
0.02185123
-0.00983087
-0.04365031
-0.12679379
-0.12636667
-0.17519228
-0.23831964
-0.20896350
-0.17322649
-0.13131087
-0.03737330
0.04520297
0.03508252
-0.04130883
-0.05991881
-0.03127129
-0.18403561
-0.63069504
-0.91438311
-0.54277188
-0.03638026
-0.13596556
0.01517626
0.17709874
-0.19064161
-0.26361018
-0.42042193
-0.63817048
-0.93966687
-0.95514858
-0.76599878
-0.61687976
-0.38776910
-0.48067939
-0.76493913
-1.02585721
-0.97800183
-0.63804811
-0.21195498
0.03167197
0.20794214
0.18472086
0.13261516
0.12917241
0.06193899
0.03722616
0.01314274
-0.05954002
0.00761984
0.09165462
0.04049315
-0.04716158
-0.06622112
-0.11123439
-0.08761501
-0.03014901
-0.01057521
0.02217703
0.01306985
-0.04223363
-0.01239916
0.01983731
0.01338841
-0.05611423
-0.08932367
-0.05811963
-0.01659006
0.03976207
0.09006865
0.09640693
0.03177645
-0.03127943
-0.05492832
-0.05331516
-0.44776049
-0.84223640
-0.67691422
-0.06148190
0.18495177
0.04039581
0.43082604
0.09867290
-0.38168445
-0.57928842
-0.80038589
-1.05394769
-1.00560045
-0.63619560
-0.41646495
-0.11040508
-0.26305965
-0.57104218
-0.81592870
-0.85165685
-0.52307004
-0.03109539
0.23433864
0.34503368
0.27069476
0.10367349
-0.00241765
-0.05325086
-0.09873481
-0.12472214
-0.13660441
-0.16590838
-0.08543485
-0.02370574
-0.08292038
-0.11387190
-0.08923177
-0.08470260
-0.05359505
-0.06593443
-0.09312473
-0.07992367
-0.09508672
-0.11158065
-0.06298982
0.00304013
-0.02721384
-0.06556466
-0.05921360
-0.03676949
-0.00583954
0.02919690
0.02416706
-0.01669019
-0.10397585
-0.17525497
-0.19343692
-0.29782537
-0.78102905
-0.95319980
-0.39093918
0.19168060
0.05064956
0.16105233
0.25272679
-0.31363010
-0.62096590
-0.88837761
-0.98523980
-0.59637332
-0.31295815
-0.25770897
-0.02574531
0.03111508
-0.36397728
-0.58178383
-0.58305866
-0.43931296
-0.01642230
0.26225698
0.33197942
0.29065514
0.07131895
-0.11998489
-0.21792057
-0.26274037
-0.28185204
-0.24781412
-0.23789090
-0.24781466
-0.17136157
-0.13428845
-0.18200737
-0.15722977
-0.11402258
-0.10261936
-0.15103482
-0.22066231
-0.22180764
-0.19849494
-0.22961520
-0.24169508
-0.21319960
-0.14248343
-0.19105318
-0.17870037
-0.17093222
-0.14655912
-0.10502622
-0.11402772
-0.15627022
-0.20999880
-0.28289390
-0.33323115
-0.32603917
-0.55497921
-0.92947376
-0.76665401
-0.00138254
0.18327738
0.06838996
0.27422360
-0.16410829
-0.58294255
-0.67541426
-0.83582735
-0.49876416
-0.17174993
-0.22726488
-0.18360889
-0.04445139
-0.30731273
-0.65599638
-0.53471261
-0.34295738
-0.08233065
0.21577393
0.23420995
0.14865698
0.02782591
-0.15149976
-0.25012520
-0.31043559
-0.34072492
-0.34366915
-0.28767520
-0.26918074
-0.28554469
-0.24944608
-0.27386811
-0.31622821
-0.31573763
-0.28610983
-0.31378940
-0.41111010
-0.45698598
-0.39937294
-0.37669286
-0.39881277
-0.37780383
-0.36993703
-0.30078351
-0.31849656
-0.29488808
-0.28698221
-0.24837898
-0.22713555
-0.27415055
-0.29698265
-0.28570065
-0.28709033
-0.30068529
-0.27148515
-0.59434009
-0.79254645
-0.30189252
0.18662977
0.09609573
0.17356338
0.10287043
-0.51314610
-0.54301780
-0.59659958
-0.60455602
-0.43797272
-0.67531586
-0.70178586
-0.16499940
-0.29452312
-0.61416358
-0.58093405
-0.40992716
-0.33123770
-0.11222995
0.09010911
0.04229667
-0.12082632
-0.18962041
-0.24870308
-0.29188550
-0.31743112
-0.35993907
-0.38482442
-0.33686832
-0.33905742
-0.37240335
-0.40190682
-0.43233842
-0.46945417
-0.49808598
-0.51117790
-0.56935209
-0.66821170
-0.65032595
-0.57773119
-0.52958542
-0.52022201
-0.49366429
-0.51020950
-0.41978937
-0.42649612
-0.41822159
-0.38119933
-0.33780172
-0.34018305
-0.36275968
-0.36138922
-0.32474551
-0.28539652
-0.27170631
-0.25472692
-0.60350150
-0.64976090
-0.01745174
0.05283520
0.02518476
0.09379385
-0.16535091
-0.55795556
-0.64012122
-0.77782679
-0.78245968
-0.73648822
-0.80121011
-0.43994182
-0.21661526
-0.37428120
-0.58283007
-0.39048609
-0.19165052
-0.19959447
-0.11701217
-0.00866718
-0.18176824
-0.24135318
-0.29834327
-0.33729252
-0.38117924
-0.36736706
-0.44343665
-0.46085757
-0.40883538
-0.40209991
-0.44598886
-0.48445451
-0.52593923
-0.54271913
-0.57593215
-0.59233969
-0.65121108
-0.69648558
-0.63027972
-0.56362820
-0.53249460
-0.51026863
-0.50944442
-0.51841533
-0.52300459
-0.53174031
-0.51028991
-0.45355684
-0.42859545
-0.41036195
-0.37286600
-0.37841964
-0.34274158
-0.30953011
-0.25732544
-0.36509076
-0.73616993
-0.60274017
-0.02927950
-0.01957474
0.01555638
-0.01603415
-0.44073629
-0.66991925
-0.81499606
-0.89439237
-0.80004287
-0.43439135
-0.23043765
-0.13309574
0.04805217
-0.15319788
-0.02281954
0.01722646
0.04080722
-0.15221117
-0.17414521
-0.13813756
-0.33297211
-0.25051457
-0.40847227
-0.48408318
-0.48925278
-0.47732058
-0.52296603
-0.53094679
-0.47607085
-0.44638860
-0.44209790
-0.46443531
-0.49889416
-0.50141805
-0.50180483
-0.47988534
-0.50465924
-0.52218306
-0.45455137
-0.42084548
-0.39727062
-0.39441410
-0.41298866
-0.43113297
-0.53606445
-0.53392094
-0.48080069
-0.40845737
-0.38328820
-0.32980916
-0.31354490
-0.34807414
-0.33320731
-0.31097552
-0.27535814
-0.51174992
-0.82525504
-0.54612017
-0.11192947
-0.04654864
-0.01815085
-0.16762960
-0.71212268
-0.75650692
-0.54103756
-0.59732670
-0.39707735
-0.24499492
-0.37753162
-0.01666127
0.39341405
-0.06813550
-0.08564343
-0.09286381
-0.24348542
-0.18352899
-0.15224473
-0.27993348
-0.37676141
-0.29138818
-0.48595315
-0.56085885
-0.54087991
-0.50173151
-0.51374507
-0.50529581
-0.46707779
-0.42395070
-0.38403910
-0.40640455
-0.44133908
-0.43990189
-0.41764632
-0.38053593
-0.39730284
-0.37936816
-0.31381127
-0.31982234
-0.33652410
-0.35057351
-0.37071076
-0.39146250
-0.44771925
-0.42594963
-0.36645183
-0.32820985
-0.31399027
-0.29871827
-0.34426174
-0.39474353
-0.35620895
-0.34264168
-0.35844752
-0.61605197
-0.78960073
-0.46737447
-0.09506056
-0.01481440
-0.02103293
-0.25271824
-0.68265337
-0.50536829
-0.36225623
-0.50382113
-0.27302217
-0.40849566
-0.43111584
0.43468046
0.27405050
-0.21926256
-0.36249313
-0.30302271
-0.36122409
-0.08557563
-0.04329173
-0.43323797
-0.34976450
-0.38369474
-0.48759300
-0.52528745
-0.46966639
-0.40360740
-0.39576429
-0.37616181
-0.38209465
-0.36762792
-0.36031199
-0.38601080
-0.40563065
-0.41268077
-0.38555202
-0.36319712
-0.36699760
-0.33182332
-0.30763170
-0.34019437
-0.35932714
-0.34603244
-0.36058986
-0.38020691
-0.38153687
-0.35732749
-0.32449028
-0.32444113
-0.33319843
-0.35409793
-0.41637897
-0.45423844
-0.40188971
-0.40435663
-0.44999394
-0.64784938
-0.75959146
-0.42072430
-0.12413104
-0.04264345
-0.10096140
-0.30635118
-0.53207427
-0.45442420
-0.50274664
-0.57598978
0.01588389
-0.18324497
0.00644920
0.22274692
-0.31557393
-0.27880293
-0.15438566
-0.34471911
-0.47072619
-0.14873712
-0.25940129
-0.54724526
-0.38745207
-0.46977630
-0.46744633
-0.43219760
-0.35346353
-0.32021543
-0.31796184
-0.30948356
-0.35042953
-0.36805272
-0.39300963
-0.40549392
-0.40832615
-0.40626669
-0.35143995
-0.33200470
-0.35176992
-0.35544592
-0.37797847
-0.39729029
-0.36642280
-0.32500997
-0.35399127
-0.38968688
-0.38419402
-0.35864061
-0.34959549
-0.36969867
-0.39585006
-0.42398667
-0.45057380
-0.43735445
-0.39341176
-0.41136003
-0.44967130
-0.67144501
-0.78542447
-0.47834900
-0.18780658
-0.10753220
-0.19145966
-0.36230052
-0.48658723
-0.50359893
-0.59486538
-0.45362526
-0.08384538
-0.18584573
0.01452558
-0.16777995
-0.50408179
-0.03275544
-0.13861316
-0.45293805
-0.45153999
-0.19015983
-0.44500276
-0.60357100
-0.43883437
-0.49456164
-0.42506981
-0.36257401
-0.32598308
-0.32743779
-0.33933696
-0.35100150
-0.39236131
-0.42839655
-0.42356509
-0.41741121
-0.41766214
-0.38710585
-0.34616053
-0.36337069
-0.38034791
-0.38836661
-0.39642793
-0.37845820
-0.35360411
-0.33938289
-0.39262056
-0.39195171
-0.37620988
-0.36488980
-0.35776848
-0.37864751
-0.42040920
-0.43184137
-0.40085176
-0.35807994
-0.36522934
-0.38891530
-0.45372018
-0.69983637
-0.79139435
-0.48092040
-0.16569866
-0.08191951
-0.21204905
-0.37243965
-0.56350571
-0.65671527
-0.61605990
-0.32695460
-0.16509664
-0.16746838
0.05860445
-0.37949589
-0.46007779
-0.21199587
-0.37103060
-0.65388489
-0.55682975
-0.49922007
-0.66969204
-0.67158335
-0.41042531
-0.48996994
-0.38884908
-0.36444458
-0.36544356
-0.37550375
-0.39886770
-0.43080306
-0.47294030
-0.49239677
-0.46657333
-0.46449181
-0.43356064
-0.37213969
-0.37532449
-0.41515890
-0.41606334
-0.39914331
-0.37199458
-0.35186401
-0.33975089
-0.35888284
-0.40618461
-0.35025126
-0.32974106
-0.33652988
-0.33641633
-0.38570255
-0.42391279
-0.38902944
-0.34091395
-0.33041218
-0.35050783
-0.38524699
-0.51277500
-0.73416877
-0.77691054
-0.39118958
-0.02169888
-0.04248121
-0.19121620
-0.40085998
-0.66630173
-0.62958509
-0.44155413
-0.17095378
-0.09753636
-0.22279915
-0.39072391
-0.66857350
-0.49205449
-0.41815618
-0.61895716
-0.76280075
-0.77208143
-0.59688210
-0.63635212
-0.33582881
-0.21983491
-0.47645369
-0.39468071
-0.39809269
-0.40386060
-0.41702056
-0.44765174
-0.48323962
-0.52255714
-0.50987971
-0.49878305
-0.50366557
-0.42432848
-0.36666238
-0.38554123
-0.39049199
-0.38797539
-0.37168407
-0.34547716
-0.33463433
-0.33027321
-0.37928623
-0.41306996
-0.38746667
-0.35529530
-0.34294587
-0.35365835
-0.41670334
-0.42742571
-0.37576070
-0.37274548
-0.39046538
-0.38881165
-0.44777796
-0.53969741
-0.71514672
-0.70043951
-0.21955174
0.00513841
-0.14790437
-0.20675617
-0.50289160
-0.73437446
-0.54817092
-0.44089234
-0.35090789
-0.31148055
-0.52973068
-0.63186049
-0.51300675
-0.31959370
-0.40794939
-0.59765279
-0.60206246
-0.28684428
-0.24246806
-0.31393188
-0.02630148
-0.31268787
-0.50085253
-0.38227245
-0.35477176
-0.40003183
-0.42199349
-0.43096727
-0.49108893
-0.50299025
-0.45426378
-0.45070201
-0.43143135
-0.33962604
-0.31831032
-0.32637042
-0.33456698
-0.33950874
-0.32686588
-0.29124591
-0.31407756
-0.37351421
-0.41884470
-0.41181198
-0.41333291
-0.39712569
-0.39685276
-0.42541078
-0.46986243
-0.44392565
-0.40909612
-0.43142095
-0.44938624
-0.45211110
-0.49893960
-0.51179540
-0.65402883
-0.58060038
-0.09002423
-0.13182160
-0.26533717
-0.21957812
-0.64935750
-0.74062431
-0.58797973
-0.58743054
-0.58328342
-0.64392728
-0.77477580
-0.51131129
-0.24343660
-0.15660731
-0.25048909
-0.31706911
-0.18312995
0.02277599
-0.17356180
-0.17141885
-0.06635953
-0.50148928
-0.50303251
-0.30245534
-0.27720094
-0.36236385
-0.38598648
-0.42188737
-0.44111606
-0.39252105
-0.33480597
-0.33675313
-0.30060238
-0.24124944
-0.22852050
-0.25046360
-0.29242882
-0.30173615
-0.27393001
-0.27291447
-0.34748033
-0.42833060
-0.44612691
-0.41442385
-0.37247869
-0.41226628
-0.44674230
-0.46384487
-0.47325182
-0.42510092
-0.41459349
-0.40979764
-0.40697840
-0.42882526
-0.43195516
-0.43480334
-0.55698562
-0.44096202
-0.15056776
-0.30970275
-0.26212871
-0.29103991
-0.70840549
-0.66283220
-0.71662939
-0.74438381
-0.75616515
-0.73296350
-0.41488332
-0.10117820
-0.02145019
-0.00181795
-0.21556164
-0.16411252
-0.15618059
-0.17967457
-0.30020925
-0.23182954
-0.31835163
-0.55332047
-0.36994258
-0.26919794
-0.31784514
-0.38440081
-0.35330614
-0.36593607
-0.36938220
-0.32934722
-0.26865804
-0.27529564
-0.24842513
-0.20967156
-0.23299591
-0.28284130
-0.31579226
-0.34642521
-0.35539654
-0.38772029
-0.41298670
-0.44603014
-0.45752761
-0.40697426
-0.31013557
-0.33729580
-0.38789758
-0.35686177
-0.34283599
-0.35548347
-0.40421766
-0.38357964
-0.38349155
-0.42325318
-0.41145951
-0.43179199
-0.52220911
-0.40887931
-0.27321476
-0.31743884
-0.17509773
-0.34211445
-0.59073138
-0.51948929
-0.63906652
-0.68376213
-0.46727514
-0.17123161
0.09009101
0.03426376
-0.05204631
-0.19750006
-0.44393963
-0.32487532
-0.45023343
-0.44051272
-0.48719218
-0.45790994
-0.41922081
-0.40339246
-0.26595682
-0.26906255
-0.37299779
-0.38977751
-0.36358204
-0.36556572
-0.37042755
-0.28771868
-0.27848703
-0.33271226
-0.32072446
-0.30171707
-0.36081800
-0.40113690
-0.38709152
-0.44146928
-0.46884891
-0.49497104
-0.45110539
-0.46747640
-0.46349344
-0.37048081
-0.27807140
-0.32993102
-0.34684783
-0.31983483
-0.36985332
-0.42299175
-0.47899863
-0.43877974
-0.43011925
-0.45940381
-0.43792927
-0.42551807
-0.47581503
-0.33059114
-0.21065904
-0.20748335
-0.21458073
-0.46808976
-0.57716608
-0.48717046
-0.43306905
-0.45206609
-0.21409123
-0.08415429
-0.17451662
-0.15442087
-0.19369604
-0.49971041
-0.57888222
-0.54162192
-0.60811985
-0.52504659
-0.50918227
-0.40207344
-0.26820037
-0.26434582
-0.20079803
-0.26811561
-0.35488701
-0.34146348
-0.31314015
-0.36937484
-0.35526234
-0.32111979
-0.40366200
-0.44470605
-0.40824959
-0.41258293
-0.49382344
-0.46773735
-0.43624821
-0.46250057
-0.47926158
-0.45784366
-0.40206015
-0.42432529
-0.39408353
-0.28806129
-0.28832647
-0.36576170
-0.34127629
-0.38039044
-0.44468668
-0.47636008
-0.50410384
-0.43318453
-0.36421064
-0.35746291
-0.33948499
-0.27536502
-0.31618738
-0.20603533
-0.22402166
-0.32925889
-0.46076205
-0.60246611
-0.58123392
-0.44372922
-0.37227780
-0.44904646
-0.30428678
-0.40247473
-0.51253128
-0.24930678
-0.24607340
-0.57552487
-0.48925743
-0.60516942
-0.46170843
-0.46930793
-0.46793684
-0.22613838
-0.19597694
-0.16802083
-0.15706310
-0.27310291
-0.28904268
-0.24385501
-0.25133565
-0.31629148
-0.31357810
-0.40246382
-0.51160997
-0.49424562
-0.35953897
-0.36518660
-0.43693677
-0.40251988
-0.40262440
-0.38747033
-0.35089839
-0.27556962
-0.24041240
-0.24511443
-0.20861506
-0.22879539
-0.30123135
-0.31276777
-0.29674363
-0.37007797
-0.33742151
-0.31588188
-0.30742988
-0.19685483
-0.15092187
-0.09780676
-0.07475933
-0.07210006
-0.22962719
-0.23639750
-0.38496348
-0.59329760
-0.57546288
-0.51186258
-0.37481269
-0.24121776
-0.35134971
-0.45273235
-0.31167218
-0.47665972
-0.48451957
-0.06012045
-0.27190214
-0.49212781
-0.37394762
-0.51891112
-0.34629726
-0.46497357
-0.30291003
-0.15074345
-0.26792052
-0.23153511
-0.27480280
-0.28518552
-0.20202716
-0.14437547
-0.23241502
-0.32272163
-0.34990793
-0.38075987
-0.41747886
-0.29823276
-0.17691320
-0.28826022
-0.30161998
-0.28069684
-0.28481734
-0.23203787
-0.17336455
-0.08783837
-0.09944693
-0.08873153
-0.12645142
-0.18235189
-0.18087032
-0.18653326
-0.19076470
-0.20615652
-0.10653654
-0.06516689
0.03527271
0.10625719
0.09084620
0.14919643
0.09991734
-0.04005474
-0.32669401
-0.39673132
-0.48352674
-0.53867048
-0.39248803
-0.28789434
-0.17493404
-0.12550531
-0.31923831
-0.34336394
-0.27865353
-0.45837840
-0.21950828
0.03663318
-0.25684899
-0.35606664
-0.30898365
-0.59231645
-0.58883381
-0.58654541
-0.38626701
-0.38459527
-0.35246462
-0.16616446
-0.26676351
-0.27557144
-0.20219514
-0.17060561
-0.32077608
-0.37315246
-0.30664411
-0.22366239
-0.21570379
-0.10962939
-0.11284123
-0.26913685
-0.18330000
-0.23528847
-0.20137087
-0.04382028
-0.01764512
-0.05295086
-0.11374627
-0.20054126
-0.22803316
-0.16192067
-0.13673529
-0.05157122
-0.04576456
-0.01968548
0.01635634
0.04951283
0.15425248
0.11020654
0.09744354
0.11489711
0.03254340
-0.15290001
-0.49989426
-0.47526541
-0.39910236
-0.39301163
-0.29586574
-0.16725644
-0.14478701
-0.25182992
-0.34701717
-0.30929515
-0.43823722
-0.56386638
-0.10794803
-0.02605187
-0.33673942
-0.39014155
-0.62088686
-0.91481233
-1.01000249
-0.62077612
-0.39210182
-0.45274767
-0.13995169
-0.14165162
-0.27051535
-0.31120938
-0.25849417
-0.22615176
-0.33547333
-0.27090612
-0.14378339
-0.12354110
-0.07873140
-0.05695893
-0.21193087
-0.20653802
-0.15443273
-0.24619168
-0.15810025
-0.08863559
-0.18289924
-0.23569058
-0.24341284
-0.27402455
-0.20850201
-0.20580089
-0.22007713
-0.06077516
0.00851982
-0.04131220
-0.09070837
-0.03786236
0.00685293
0.00802116
0.03489441
-0.08943806
-0.14066634
-0.37846714
-0.61753041
-0.41302913
-0.37607914
-0.44619530
-0.26815638
-0.13532351
-0.25856432
-0.40211910
-0.34300542
-0.39553064
-0.69159347
-0.70509374
-0.25432998
-0.32283685
-0.57468486
-0.63151413
-0.97508043
-1.04806864
-0.66197962
-0.07438733
-0.10511849
-0.07846298
0.06454369
-0.17640990
-0.24489792
-0.28609183
-0.26267898
-0.27474114
-0.24717957
-0.14686303
-0.15617919
-0.14659312
-0.08599801
-0.21376923
-0.38774920
-0.27830788
-0.29631525
-0.30286568
-0.16461168
-0.22008410
-0.37581217
-0.38371161
-0.41043139
-0.32634243
-0.26983666
-0.32058120
-0.27444699
-0.10069451
-0.09422540
-0.21259339
-0.23529027
-0.14560020
-0.16873294
-0.15537970
-0.18552268
-0.32254907
-0.30691877
-0.51099461
-0.57652944
-0.40189731
-0.56770545
-0.52979606
-0.23989862
-0.27795026
-0.48344323
-0.46080852
-0.44654906
-0.64698893
-0.68850142
-0.65916848
-0.57525623
-0.53227675
-0.50007123
-0.57290727
-0.80572760
-0.40096816
0.24101150
0.36377224
0.19845323
0.25388545
0.06225814
-0.21992888
-0.23611663
-0.25531945
-0.27732089
-0.28725889
-0.20904353
-0.17020717
-0.26378974
-0.28210890
-0.32715467
-0.45864516
-0.43212172
-0.29286450
-0.31611708
-0.25118208
-0.16956209
-0.31020272
-0.45206079
-0.44500700
-0.46670398
-0.35798931
-0.37065408
-0.38415927
-0.36334839
-0.23366465
-0.34812105
-0.41169980
-0.32021806
-0.33113641
-0.38164684
-0.34276661
-0.35826865
-0.39745232
-0.39712083
-0.58033991
-0.56712282
-0.52787197
-0.73145264
-0.48907018
-0.29343438
-0.50429600
-0.56757885
-0.42904150
-0.59243894
-0.72167963
-0.46519378
-0.45240891
-0.57835251
-0.37792683
-0.01526124
-0.09047280
0.00829310
0.26029158
0.46962294
0.26373094
0.16908467
0.07145596
-0.24199532
-0.28975055
-0.30254865
-0.26415771
-0.24439289
-0.23106183
-0.20106724
-0.20163028
-0.29115799
-0.35041061
-0.41180062
-0.41395339
-0.31899589
-0.25617704
-0.21627407
-0.20443986
-0.18613812
-0.35635939
-0.42755586
-0.36657667
-0.31356266
-0.27734169
-0.38394865
-0.42464757
-0.51194626
-0.35172406
-0.50126988
-0.44728157
-0.36503154
-0.45500064
-0.46428242
-0.38815549
-0.39039341
-0.36165953
-0.37961626
-0.59782916
-0.58327860
-0.57303244
-0.68812770
-0.38180441
-0.38208714
-0.57588565
-0.43129206
-0.38766378
-0.46120057
-0.47332525
-0.23118454
-0.32495263
-0.46524754
-0.16562155
-0.00158051
0.09516311
0.09236347
0.11859618
-0.01101642
-0.07014859
-0.11820238
-0.32777587
-0.36061093
-0.30010921
-0.27640739
-0.18565911
-0.13896896
-0.14253417
-0.08848166
-0.10717392
-0.25002652
-0.27041125
-0.26324755
-0.22157055
-0.18382123
-0.17114137
-0.19387510
-0.21844094
-0.28338936
-0.44875064
-0.44825450
-0.27465430
-0.25765008
-0.36749136
-0.45101210
-0.55295271
-0.64635330
-0.35392907
-0.39786693
-0.25345331
-0.27819186
-0.36970633
-0.32925379
-0.29171574
-0.25232413
-0.15128236
-0.27940807
-0.56759655
-0.50058579
-0.47813514
-0.54450494
-0.26313049
-0.34769994
-0.40607530
-0.28822765
-0.31987923
-0.30662569
-0.37043706
-0.33356717
-0.43155313
-0.39634785
-0.19960485
-0.14743565
-0.03882848
-0.11148771
-0.42374676
-0.56577784
-0.40901417
-0.39079258
-0.36706126
-0.23835315
-0.22408861
-0.20357484
-0.13709469
-0.06936389
-0.01856073
0.04990175
-0.04483195
-0.12771364
-0.08046751
-0.12764391
-0.18642850
-0.15659170
-0.16026282
-0.23634844
-0.23322716
-0.35360888
-0.49791607
-0.39443335
-0.28169811
-0.41620550
-0.52868456
-0.55061924
-0.64365512
-0.68754965
-0.17754413
-0.07471895
-0.09967580
-0.20177749
-0.09583877
0.00533162
-0.03777562
0.01880794
-0.04113731
-0.30080125
-0.52317959
-0.41038403
-0.43540314
-0.45925078
-0.11370850
-0.25726560
-0.35068727
-0.35060787
-0.33694026
-0.34712675
-0.50637800
-0.29205635
-0.39043120
-0.41893157
-0.31317803
-0.36738843
-0.35878882
-0.40719658
-0.61660916
-0.57634342
-0.41833159
-0.41513112
-0.26947257
-0.21303496
-0.21171491
-0.05274718
-0.01248453
-0.05511989
-0.06111954
-0.13754585
-0.23977745
-0.17760351
-0.15795979
-0.19910127
-0.22800541
-0.18649152
-0.27665761
-0.32787919
-0.30202559
-0.35411739
-0.39853397
-0.29585940
-0.35178477
-0.53735882
-0.56738091
-0.55745071
-0.53708816
-0.45834702
-0.03300820
0.07826797
-0.04468853
-0.11056789
0.06484265
0.03341382
-0.02433243
0.02925412
-0.14281115
-0.33915326
-0.44569778
-0.41861239
-0.45274732
-0.38590741
-0.15463553
-0.38526931
-0.46311283
-0.46279043
-0.46415359
-0.52711707
-0.42650294
-0.39365524
-0.76575649
-0.75062251
-0.58673835
-0.56838733
-0.52481705
-0.37553954
-0.48152542
-0.39536843
-0.40751097
-0.37829253
-0.31628802
-0.37046927
-0.30781987
-0.22541410
-0.26134533
-0.26544636
-0.19773848
-0.32766685
-0.37784889
-0.31646174
-0.33863986
-0.32746503
-0.26229665
-0.27178907
-0.29789945
-0.24631523
-0.21924590
-0.30873322
-0.39481100
-0.37411565
-0.41452020
-0.36008009
-0.36070728
-0.29502708
-0.23080669
-0.08701435
0.03832357
-0.01293940
-0.14171670
-0.10726781
-0.02894641
-0.10106878
-0.13690430
-0.16236137
-0.36993870
-0.42031446
-0.43145046
-0.46044734
-0.41658074
-0.34010947
-0.42535475
-0.62381983
-0.57442343
-0.47246021
-0.44039989
-0.27245530
-0.13704659
-0.61976957
-1.02828848
-0.54207003
-0.19841135
-0.27234775
-0.09967422
-0.23729131
-0.53242707
-0.57176143
-0.49912286
-0.45994875
-0.56198186
-0.54276365
-0.38810101
-0.44149435
-0.52767086
-0.41981956
-0.38356754
-0.43846551
-0.38349706
-0.34863281
-0.34947780
-0.31407532
-0.26975787
-0.30473647
-0.25033581
-0.25026774
-0.28638932
-0.36182821
-0.35679829
-0.26587778
-0.29036981
-0.20354556
-0.12333241
-0.12101471
-0.00812433
0.02154353
-0.09193069
-0.22558564
-0.24828923
-0.12952250
-0.17351510
-0.25354216
-0.22389291
-0.29913470
-0.42766902
-0.37459502
-0.42545435
-0.50364631
-0.44557154
-0.51817280
-0.72352743
-0.75546819
-0.39874372
-0.16080466
-0.14077534
0.04532732
-0.23564325
-0.92692226
-0.70403081
-0.22887969
-0.15373410
-0.14984743
-0.09043781
-0.49952367
-0.78376681
-0.71705544
-0.33477756
-0.36358595
-0.52696204
-0.35202059
-0.35835165
-0.40968448
-0.43247196
-0.36879015
-0.43560210
-0.45575422
-0.43977863
-0.36248443
-0.32700309
-0.32584256
-0.30153394
-0.24501757
-0.26928148
-0.34950030
-0.38118142
-0.34702009
-0.27470496
-0.26362917
-0.28854024
-0.18384428
-0.12690182
-0.13576749
-0.05213745
-0.11181535
-0.15643880
-0.22990616
-0.21508142
-0.25223407
-0.38325784
-0.39399299
-0.29820409
-0.26803747
-0.25706890
-0.26296565
-0.45953500
-0.51105911
-0.46389857
-0.64347541
-0.63986146
-0.45306104
-0.08199015
0.01043248
0.04203391
-0.21936247
-0.89915293
-0.98504204
-0.48446676
-0.32834333
-0.38488355
-0.12012515
-0.33247542
-0.75588238
-0.83024901
-0.41293964
-0.21115233
-0.38656670
-0.28025934
-0.22556603
-0.35516003
-0.27973437
-0.22194508
-0.25990325
-0.37634197
-0.37677014
-0.41410482
-0.33934417
-0.33910173
-0.33457661
-0.26459908
-0.23021229
-0.32179689
-0.30529574
-0.29785931
-0.29467508
-0.25441459
-0.27385077
-0.24001092
-0.19301222
-0.27509332
-0.18235883
-0.18634208
-0.35289276
-0.28209698
-0.32245871
-0.34966731
-0.38674060
-0.33818457
-0.33196262
-0.23735198
-0.12856436
-0.16303097
-0.28588605
-0.56713104
-0.50846118
-0.42180625
-0.47725269
-0.21520256
-0.02940131
0.08860834
0.11019520
-0.04346608
-0.66992790
-1.15399706
-0.54813296
-0.14101343
-0.40590373
-0.24019864
-0.34403008
-0.64031333
-0.82915437
-0.57135761
-0.22336987
-0.41195032
-0.39449379
-0.05166190
-0.18948926
-0.22089161
-0.06861314
-0.13264908
-0.28674629
-0.41270059
-0.44729039
-0.37536904
-0.23381826
-0.21940979
-0.16602717
-0.16139877
-0.19579002
-0.22242974
-0.14427672
-0.22204246
-0.26283735
-0.21869700
-0.19959514
-0.13612425
-0.20866562
-0.24485117
-0.20211555
-0.34468886
-0.42314813
-0.30820435
-0.35948357
-0.37508765
-0.32627642
-0.18832065
-0.23660056
-0.13150099
-0.05991350
-0.10026997
-0.27318373
-0.57785028
-0.50292760
-0.34751761
-0.22861803
0.05603427
0.01342325
-0.03588295
0.06356269
-0.26685324
-0.62108022
-0.44961661
0.09810938
0.00746086
-0.04996628
0.02821521
-0.21274516
-0.50349981
-0.58437508
-0.28852642
-0.42810538
-0.64282495
-0.26100722
0.12299297
0.07423597
0.00430681
-0.02724266
-0.29650766
-0.38683802
-0.42643341
-0.35504270
-0.10822545
-0.01697702
-0.00443803
-0.00601155
-0.07544127
-0.14225365
-0.17196897
-0.13268095
-0.18458816
-0.19541317
-0.17364511
-0.13344830
-0.08697400
-0.18867511
-0.23067638
-0.23901364
-0.33438411
-0.24981478
-0.33026883
-0.32392672
-0.32245162
-0.26500973
-0.19986874
-0.18939884
-0.09325935
-0.13321823
-0.17868710
-0.39027250
-0.60773861
-0.51969427
-0.27322894
-0.17096828
-0.13524294
-0.23370937
-0.21857500
-0.05826718
-0.16297241
-0.07308245
0.12196376
0.07695610
-0.15136009
0.14859730
0.15859658
-0.19747773
-0.49215469
-0.62749577
-0.31776401
-0.47387138
-0.22758622
0.29064733
0.27666378
0.05114672
-0.15919098
-0.29825231
-0.46307218
-0.27602479
-0.13503991
-0.04902173
0.05104520
0.00389209
0.01171585
0.00081854
-0.04495320
-0.11039622
-0.15269685
-0.15757616
-0.12848358
-0.07696050
-0.13008597
-0.09554225
-0.11153772
-0.16785091
-0.19707015
-0.22997956
-0.24750844
-0.21317229
-0.37329996
-0.28456837
-0.23613545
-0.15284464
-0.11128930
-0.16481334
-0.19363704
-0.31380758
-0.41111305
-0.56758755
-0.55434144
-0.53803581
-0.41285801
-0.46608743
-0.62799758
-0.49110878
-0.38446641
-0.32738435
-0.32037842
-0.29539117
-0.37000233
-0.48010904
-0.45060784
-0.13896379
-0.18616094
-0.45498174
-0.69707233
-0.54271543
-0.13419028
0.21164180
0.49338022
0.50189739
-0.02215354
-0.22990119
-0.28032744
-0.45485184
-0.44961718
-0.10106827
-0.01011320
-0.03456101
-0.01966845
0.03255479
0.00562698
-0.04533137
-0.10244438
-0.11372250
-0.17077014
-0.26080051
-0.17422369
-0.09650401
-0.14227311
-0.15113661
-0.16200484
-0.19187066
-0.25514641
-0.31070036
-0.23698717
-0.15394789
-0.25399145
-0.16220735
-0.13552931
-0.09956022
-0.25238168
-0.31581092
-0.35835257
-0.43499601
-0.46668455
-0.52124363
-0.54308158
-0.75802273
-0.69795454
-0.80708224
-0.74031019
-0.36490899
-0.39390495
-0.32455167
-0.30394840
-0.52193725
-0.69167495
-0.79870731
-0.79493821
-0.77944189
-0.87082291
-0.93249339
-0.75371730
-0.31306973
0.05433533
0.52119225
0.49413028
0.07844611
-0.42935741
-0.43505901
-0.37542602
-0.48253626
-0.30934808
-0.06336430
-0.05233065
-0.19367971
-0.10225201
-0.12195830
-0.16776654
-0.21690111
-0.23079813
-0.19281337
-0.31480128
-0.38024607
-0.20399515
-0.23174852
-0.32624108
-0.35565320
-0.35538819
-0.36622557
-0.34865287
-0.26157865
-0.15221523
-0.17092633
-0.14253290
-0.14909390
-0.20188160
-0.24029620
-0.35544115
-0.40134889
-0.48822072
-0.48128811
-0.44547841
-0.38869199
-0.55324829
-0.77663481
-0.65553224
-0.54548573
-0.16718464
-0.02557072
-0.18646076
0.11767002
0.01760942
-0.48482630
-0.74484473
-1.07030964
-1.16593444
-1.16613019
-1.13108253
-0.84192967
-0.38497022
-0.13194446
0.08575896
0.36413753
0.11496028
-0.32139772
-0.65162146
-0.46268094
-0.30018252
-0.26657921
-0.06772779
-0.14061251
-0.21414362
-0.28879833
-0.20800830
-0.28511870
-0.27834710
-0.29973665
-0.29503649
-0.36261413
-0.49656355
-0.42255542
-0.35833451
-0.49961674
-0.50838667
-0.43419084
-0.48211834
-0.42935362
-0.35138100
-0.23759943
-0.22619522
-0.30378139
-0.07959562
-0.15451455
-0.22841896
-0.27737424
-0.27789643
-0.33638179
-0.34830695
-0.29018635
-0.28832537
-0.23617159
-0.43188447
-0.46963683
-0.19069271
0.10665309
0.40759712
0.36329916
0.32358095
0.49503705
0.11276074
-0.49935517
-0.59548181
-0.78617579
-0.36989138
-0.32423884
-0.43585771
0.18650097
0.17058411
0.17516954
0.16811745
-0.00366644
-0.22360450
-0.46664056
-0.36371967
-0.19667906
-0.18115897
-0.13833351
-0.18431498
-0.38149869
-0.37193516
-0.29896790
-0.35911438
-0.37193355
-0.37621811
-0.35365599
-0.36451000
-0.50132257
-0.52504677
-0.33186871
-0.42326289
-0.58447790
-0.37235585
-0.33167338
-0.35434636
-0.25487372
-0.22703286
-0.19604036
-0.20455196
-0.23596206
-0.02803060
-0.09880048
-0.15491259
-0.21733476
-0.20167680
-0.17099151
-0.09030163
-0.06406827
-0.08574635
0.02240283
-0.02006257
0.02836367
0.36647961
0.45755044
0.56852955
0.55480790
0.42802867
0.38987723
-0.03899150
-0.34772861
-0.21698123
-0.08674377
0.20790543
0.10321193
0.06790067
0.56998920
0.08462849
0.07512462
0.12176440
-0.21529767
-0.31908530
-0.33719236
-0.15712143
-0.15727557
-0.21386842
-0.27252245
-0.39475945
-0.49580160
-0.43974343
-0.43157893
-0.45587838
-0.45367739
-0.46958554
-0.32349154
-0.35355443
-0.41306657
-0.25147161
-0.14233504
-0.31548992
-0.25199780
-0.03831146
-0.12715754
-0.12148871
-0.00161372
-0.03592519
-0.08228108
-0.14598493
-0.13659057
-0.07004716
-0.14324903
-0.11837135
-0.14660254
-0.05487323
-0.00933724
0.02391901
-0.01167956
0.13267441
0.33396369
0.18409929
0.24411277
0.35595456
0.26699504
0.28868520
0.22123241
0.10079791
0.09829418
-0.19640069
-0.27275380
-0.02016004
0.19369744
0.19810762
0.17351189
0.36097932
0.21924500
-0.23639560
0.08493595
0.16309237
-0.23326552
-0.21281527
-0.23049141
-0.17913969
-0.22195320
-0.28828439
-0.37172195
-0.34963459
-0.35908756
-0.40349790
-0.41116902
-0.29335800
-0.26243946
-0.22250251
-0.16815561
-0.25150460
-0.20098703
-0.02111187
-0.07294689
-0.05407184
0.14935200
0.15502493
0.03648757
0.11623604
0.10002740
-0.02060047
-0.12083674
-0.14957659
-0.13695045
-0.14598167
-0.15124309
-0.21086270
-0.10130269
-0.00000978
-0.04254229
-0.05329347
0.02656654
0.18520422
0.11133525
-0.09368661
0.00707052
-0.09708390
-0.13611677
-0.06529735
-0.13670011
-0.20500059
-0.19869477
-0.18165188
-0.06462365
-0.00416025
-0.11352805
-0.42738456
-0.25877008
-0.23433205
-0.46807396
-0.35160744
0.11113859
0.00442336
-0.19907840
-0.09763928
-0.16765468
-0.15562786
-0.14103925
-0.25057501
-0.16862132
-0.23970541
-0.20504862
-0.17051046
-0.12652154
-0.03847910
-0.06893914
-0.08661628
-0.09554277
-0.06631788
0.06888405
0.10779627
0.06437040
0.23052931
0.27560452
0.13961135
0.03620418
-0.00270329
-0.07855327
-0.10706655
-0.15162285
-0.13967621
-0.15868448
-0.14987151
-0.26981208
-0.29683179
-0.15977249
-0.19726293
-0.17818302
-0.05719551
-0.02955433
-0.09764058
-0.31420141
-0.21680979
-0.15006217
-0.38627994
-0.45484567
-0.34558171
-0.32723308
-0.36048353
-0.42519891
-0.31458130
-0.36523941
-0.51938957
-0.67472237
-0.70708090
-0.55707222
-0.61013389
-0.45679596
-0.09143719
0.02036515
-0.22305748
-0.08042558
-0.12084702
-0.12893839
0.00239819
-0.12891942
-0.23045157
-0.10848184
-0.14076249
-0.13757367
-0.04080116
-0.02814038
0.09850520
0.03929627
0.01875309
0.05640540
0.08840816
0.15929267
0.07319430
0.11391924
0.09609231
-0.07211847
-0.21806327
-0.23879774
-0.26164556
-0.21029434
-0.19440481
-0.18437196
-0.10695844
-0.18464895
-0.19991319
-0.38109127
-0.25298411
-0.15285796
-0.20763735
-0.09322409
-0.02964373
-0.20305946
-0.36179417
-0.29643145
-0.07063312
-0.25868577
-0.49372473
-0.53944117
-0.49334273
-0.51484835
-0.45620903
-0.38411111
-0.26017684
-0.44231433
-0.46195194
-0.33882302
-0.24642241
-0.36438400
-0.41059566
-0.19057254
0.00451327
-0.06049491
-0.05479230
0.00306036
-0.23144691
-0.06236865
-0.06732585
-0.26763272
-0.23628531
-0.09392721
-0.10094497
-0.06999191
-0.04747290
0.13272387
0.13485932
0.00064183
0.01488864
-0.02922903
-0.01783040
-0.03865606
-0.12576723
-0.03444405
-0.30629525
-0.47590393
-0.40596628
-0.35253328
-0.31864166
-0.19735421
-0.16190037
-0.17169465
-0.17127566
-0.24164498
-0.21684194
-0.28104120
0.08319957
-0.05961458
-0.34981140
-0.18215336
-0.22181655
-0.42239100
-0.42283183
-0.12571514
-0.18198508
-0.51942533
-0.57498610
-0.49142161
-0.58182788
-0.51195699
-0.26883137
-0.04939523
-0.10084502
-0.24715419
-0.21810463
-0.16124965
-0.28702423
-0.42584625
-0.39598292
-0.27251664
-0.06873839
-0.02378593
0.06928216
-0.19485310
-0.29945168
-0.22744405
-0.33294412
-0.49173167
-0.37434962
-0.26318017
-0.12399951
-0.00031089
0.08351009
-0.01653622
-0.16196774
-0.10535693
-0.08276063
-0.20592740
-0.18881504
-0.38449863
-0.35871258
-0.37433419
-0.60638338
-0.50273603
-0.37996194
-0.38992706
-0.31411114
-0.22969000
-0.30971536
-0.32174906
-0.29914537
-0.25917822
-0.22096418
-0.21382125
0.00764651
-0.35712329
-0.55866247
-0.17920947
-0.37395242
-0.42652771
-0.19945323
-0.09326027
-0.41019666
-0.59299898
-0.37272507
-0.35620850
-0.31285864
-0.09025077
0.06221806
0.09805418
-0.03622226
-0.12449969
0.03898048
-0.08464227
-0.24807000
-0.30637994
-0.33970088
-0.14457680
-0.08114390
0.02389492
-0.06574418
-0.41904816
-0.56876510
-0.56886876
-0.57046008
-0.48674604
-0.35203761
-0.26312679
-0.07216335
0.04201731
-0.19116472
-0.39373600
-0.42532334
-0.18488619
-0.34292349
-0.39509875
-0.42681193
-0.58776194
-0.41075233
-0.42310834
-0.47135094
-0.36376101
-0.46580228
-0.45165214
-0.27523103
-0.26888502
-0.44344008
-0.38306233
-0.32522291
-0.28045589
-0.27018407
-0.08799645
-0.09079201
-0.58319819
-0.50861734
-0.21817116
-0.38360262
-0.19970827
-0.02255848
-0.20953602
-0.41639271
-0.29516783
-0.05331183
-0.04883755
0.10929323
0.25677630
0.16185677
0.11648039
0.01568992
0.09176645
0.00827586
-0.26040933
-0.41222289
-0.42539716
-0.17700277
-0.03340070
0.00629430
0.00238343
-0.13731387
-0.50863010
-0.58046776
-0.54125541
-0.42841250
-0.33868995
-0.27820122
-0.35562325
-0.19753158
-0.31889012
-0.62945342
-0.63306284
-0.51989663
-0.38253847
-0.45967096
-0.35682386
-0.44270051
-0.36344200
-0.15445729
-0.21667431
-0.19856259
-0.23060647
-0.41897267
-0.41252500
-0.25370166
-0.32138997
-0.37279600
-0.23268588
-0.21416007
-0.24751021
-0.20002808
-0.04066128
-0.30704591
-0.58054650
-0.27061477
0.00376826
-0.08323028
0.11464357
0.09064406
-0.21543263
-0.17365681
0.01239031
0.07035552
0.09787958
0.22718182
0.22700506
0.13301127
0.10227652
-0.06462108
-0.13728124
-0.36400303
-0.47607523
-0.50608206
-0.33079845
-0.04855942
-0.05328918
-0.02376529
-0.04872597
-0.20610377
-0.44622004
-0.41178679
-0.25337717
-0.23753917
-0.29260775
-0.36416233
-0.43556303
-0.47730583
-0.77816379
-0.71784741
-0.45514184
-0.37875634
-0.28136912
-0.20205456
-0.21541403
-0.41393435
-0.19839157
-0.04648249
-0.13677616
-0.18120940
-0.27456328
-0.38152707
-0.28322259
-0.17287040
-0.14286444
-0.01133241
0.01628187
-0.13881077
-0.22621566
-1.13183284
-1.16767657
-1.18755150
-1.16175663
-1.14776313
-1.15648437
-1.16501927
-1.12958491
-1.03932333
-0.93323523
-0.88308835
-0.89164239
-0.90525818
-0.89722329
-0.88591868
-0.92625517
-0.95889896
-0.95882189
-0.80594534
-0.53080893
-0.40688252
-0.35423896
-0.42807984
-0.49626181
-0.53558862
-0.61492443
-0.79652518
-0.98179317
-1.05422747
-1.02337515
-0.95905876
-0.93135852
-0.90770227
-0.83971071
-0.85362977
-0.91760325
-0.96018571
-0.99339014
-0.95050812
-0.92226189
-0.95018363
-0.91391033
-0.85852152
-0.79975861
-0.74512595
-0.84358066
-0.87144023
-0.79147363
-0.67402154
-0.66685236
-0.78593141
-0.70727855
-0.63831812
-0.64686579
-0.65189058
-0.57965249
-0.57926273
-0.64212179
-1.18372738
-1.20448673
-1.21466887
-1.18700719
-1.17580986
-1.19719291
-1.18525159
-1.09855509
-0.99444956
-0.88263875
-0.83570957
-0.83383465
-0.82004505
-0.80362850
-0.79206795
-0.83937496
-0.86605716
-0.84091485
-0.57820827
-0.39489654
-0.43476519
-0.43948826
-0.55151534
-0.62654972
-0.64059371
-0.63688612
-0.75261909
-0.89175534
-0.94120193
-0.93720704
-0.89514852
-0.83063895
-0.81093138
-0.77861214
-0.81193638
-0.83517563
-0.87551349
-0.90733814
-0.89239472
-0.90382338
-0.92516530
-0.91875732
-0.89802927
-0.84480953
-0.75549680
-0.81738615
-0.86402315
-0.81341553
-0.73152310
-0.69353360
-0.77296466
-0.67233664
-0.57029051
-0.57637584
-0.55231518
-0.48232386
-0.49455297
-0.58312201
-1.22494972
-1.23035276
-1.20966804
-1.19812846
-1.20560455
-1.20090723
-1.13138986
-1.03196919
-0.90253782
-0.79038942
-0.78924155
-0.78199703
-0.74015200
-0.66598266
-0.66411000
-0.70758343
-0.71984410
-0.61562747
-0.36421624
-0.28450620
-0.41135409
-0.46599278
-0.51923019
-0.57623380
-0.56687373
-0.47591290
-0.55285895
-0.72539771
-0.83803242
-0.90641510
-0.88144583
-0.79163468
-0.80662304
-0.87344193
-0.91769576
-0.91196692
-0.92802274
-0.93167651
-0.91360182
-0.89318687
-0.92399055
-0.93700296
-0.95855319
-0.85692227
-0.74597555
-0.78772593
-0.87269390
-0.86665833
-0.79021657
-0.65636146
-0.71087569
-0.64873672
-0.57834226
-0.54791182
-0.50393945
-0.44045973
-0.42971948
-0.51004440
-1.21574473
-1.19816470
-1.16069221
-1.16755021
-1.19095695
-1.18792582
-1.12542713
-1.03689718
-0.90901721
-0.89182931
-0.92012781
-0.92880303
-0.90264165
-0.83255744
-0.87766063
-0.91298521
-0.87044352
-0.62106919
-0.38015339
-0.32964361
-0.47328064
-0.52161336
-0.46473572
-0.61806852
-0.63525498
-0.50367165
-0.51384473
-0.71240956
-0.85139275
-0.89778459
-0.84626603
-0.73578870
-0.80408585
-0.93124998
-0.95304555
-0.97230577
-0.99150586
-1.01113164
-0.94052154
-0.86697972
-0.90942931
-0.95229089
-1.02634060
-0.87084091
-0.76511478
-0.80138433
-0.95279557
-0.94662094
-0.86642760
-0.62183166
-0.69250852
-0.69629586
-0.66489178
-0.62660974
-0.63980544
-0.63363636
-0.62601167
-0.67747372
-1.15662169
-1.12702441
-1.09545374
-1.12008953
-1.15018964
-1.16034198
-1.09445298
-0.97990066
-0.90319127
-0.94075996
-0.96906990
-1.01504648
-1.01301873
-0.96276343
-0.95923942
-0.98926818
-0.97445029
-0.77975661
-0.55827397
-0.61229140
-0.78264266
-0.78582758
-0.71769720
-0.86480230
-0.86788911
-0.75403708
-0.66222817
-0.87793934
-1.01996481
-0.99138510
-0.86553705
-0.76910013
-0.86326337
-0.97877407
-1.00483978
-1.02105403
-1.08543348
-1.11685419
-1.01001501
-0.90953642
-0.94106674
-1.05617583
-1.09723496
-0.90084165
-0.83706892
-0.87211722
-1.03661954
-1.01434219
-0.86099017
-0.56264508
-0.68736041
-0.71683061
-0.78082246
-0.76923341
-0.77247351
-0.81403792
-0.82492512
-0.83622342
-1.10295105
-1.05606163
-1.03121865
-1.05543423
-1.10672486
-1.11339486
-1.03735399
-0.96132308
-0.93423760
-0.96653491
-1.02116525
-1.04237163
-1.01590025
-0.99871969
-0.99211156
-1.02726030
-1.00657654
-0.89690077
-0.77619720
-0.86301780
-0.98093688
-0.95109713
-0.89784652
-0.92002428
-0.99763042
-0.94081223
-0.86904097
-1.02311754
-1.13783765
-1.06463456
-0.92334914
-0.82387578
-0.94106239
-1.02764106
-1.03257608
-1.05424941
-1.19637835
-1.18745923
-1.02241206
-0.91712648
-0.97571951
-1.13011968
-1.03987241
-0.87404805
-0.83986187
-0.95038414
-1.09407592
-1.06737745
-0.78045702
-0.54217637
-0.67061287
-0.70000458
-0.76050401
-0.74893641
-0.78383362
-0.83457369
-0.83698994
-0.82129711
-1.04360473
-1.00207794
-0.98739421
-1.01035058
-1.04368639
-1.01326096
-0.96290511
-0.91590762
-0.92637295
-0.98243272
-1.02307010
-1.00247073
-0.99823356
-0.96496433
-0.91791356
-1.00060093
-1.07144558
-1.05838013
-1.04933989
-1.06785119
-1.07903457
-1.00763440
-0.92630357
-0.91732836
-0.96638894
-0.93985313
-0.96856666
-1.07433701
-1.13539135
-1.04339397
-0.92225665
-0.87879241
-0.98700309
-0.97497702
-0.97770858
-1.05650187
-1.21794403
-1.14077497
-0.93018293
-0.86761743
-0.96057516
-1.05021214
-0.84903330
-0.73254931
-0.75536180
-0.95744282
-1.06234443
-1.00869298
-0.65881681
-0.48235309
-0.58420038
-0.65566659
-0.66736841
-0.67784113
-0.68532383
-0.68891150
-0.72137284
-0.72007406
-1.00225890
-0.98676831
-0.97279549
-0.98580009
-0.97529584
-0.93888223
-0.92053378
-0.89003921
-0.90773231
-0.95777828
-0.96008712
-0.92042804
-0.92141163
-0.91628444
-0.93827260
-0.96980333
-0.99117267
-1.04093766
-1.14152837
-1.09557009
-0.98703003
-0.92633641
-0.92456234
-0.91136831
-0.90475506
-0.96313316
-0.95903802
-0.95346946
-0.96890348
-0.88328308
-0.83522063
-0.89607722
-0.92046595
-0.91159922
-1.02103078
-1.13214672
-1.19127762
-0.99533594
-0.82314771
-0.80960083
-0.87526095
-0.83645433
-0.59697080
-0.53896481
-0.64527172
-0.80556202
-0.83636159
-0.75469291
-0.45601329
-0.36673123
-0.53925866
-0.59369004
-0.54086852
-0.52458763
-0.49863133
-0.52089846
-0.54164404
-0.50178564
-0.91201115
-0.90556908
-0.91413218
-0.90721196
-0.88065875
-0.87535059
-0.85859483
-0.83654779
-0.83156931
-0.84562546
-0.80208188
-0.73911190
-0.74960768
-0.79303014
-0.82951957
-0.75126427
-0.76426858
-0.90875089
-1.07646775
-0.79545933
-0.69006419
-0.79708862
-0.93496329
-0.83121020
-0.79163337
-0.82009453
-0.82767987
-0.83239353
-0.84666383
-0.87881428
-0.92705142
-0.97960824
-0.89378405
-0.97589052
-1.13320196
-1.24123740
-1.07749546
-0.80131084
-0.68175364
-0.72536308
-0.76778197
-0.59670955
-0.41663915
-0.44854584
-0.57807237
-0.65339923
-0.65115899
-0.54557276
-0.35168326
-0.38690907
-0.60581142
-0.63144261
-0.54172504
-0.47944996
-0.46134442
-0.48294172
-0.46475217
-0.39795792
-0.69068247
-0.69318217
-0.70339370
-0.67150319
-0.66459447
-0.68065381
-0.66960669
-0.64477652
-0.63234699
-0.62058908
-0.57094675
-0.55245215
-0.58750767
-0.67920047
-0.62260675
-0.59657007
-0.67107147
-0.98015904
-0.85074031
-0.43684095
-0.46738514
-0.69792485
-0.90602279
-0.88439131
-0.93326336
-1.01226187
-1.12423635
-1.13369358
-1.07112193
-1.06585610
-1.03669441
-0.95066643
-0.89373308
-1.06298614
-1.22759616
-1.22865951
-0.87777036
-0.60823309
-0.59065461
-0.70823002
-0.69328856
-0.53243166
-0.48002222
-0.56832749
-0.66085762
-0.64711577
-0.58546716
-0.47281721
-0.35100007
-0.41893864
-0.58872014
-0.63156843
-0.54679602
-0.48716840
-0.48863333
-0.52546495
-0.47790277
-0.41581455
-0.53264248
-0.56552309
-0.57881963
-0.58488756
-0.60261911
-0.60515624
-0.59332478
-0.58869094
-0.58382714
-0.57830167
-0.59810281
-0.64924425
-0.75020170
-0.80108231
-0.65173882
-0.66540670
-0.94695413
-1.13823581
-0.46177101
-0.21787274
-0.45098227
-0.82224214
-0.93924135
-0.88768941
-0.97052914
-1.04402328
-1.09487331
-0.94338936
-0.81947607
-0.76036745
-0.79547405
-0.80578327
-0.84082854
-0.98350894
-1.17743015
-0.99099225
-0.64472222
-0.47626156
-0.57174164
-0.68350077
-0.64233476
-0.54544330
-0.55456322
-0.66532403
-0.69987077
-0.62231374
-0.54649460
-0.45098725
-0.35771900
-0.41579756
-0.51764756
-0.53453356
-0.46759811
-0.44399670
-0.47528034
-0.51212901
-0.46189180
-0.43117011
-0.57035685
-0.58875138
-0.60843563
-0.66279298
-0.68647194
-0.67146492
-0.63097286
-0.59920073
-0.58678585
-0.58140564
-0.62033534
-0.67936021
-0.84085709
-0.77408624
-0.75613928
-0.88823849
-1.29726446
-0.90843028
-0.22922228
-0.19234841
-0.53935492
-0.93278158
-0.85293537
-0.63106364
-0.67465049
-0.89131314
-0.82021540
-0.44104111
-0.39748544
-0.45602012
-0.46265781
-0.57125306
-0.85715717
-1.03560364
-0.96064603
-0.62953264
-0.46060717
-0.45366094
-0.58782637
-0.65861958
-0.63915265
-0.58371496
-0.62514907
-0.73245251
-0.69971097
-0.61151415
-0.55324751
-0.49015385
-0.44888005
-0.47400373
-0.53817397
-0.55498427
-0.50799251
-0.50413114
-0.54265416
-0.55777609
-0.51303726
-0.51330411
-0.56629479
-0.56106496
-0.60333240
-0.65144980
-0.66190892
-0.62315363
-0.56622791
-0.52109331
-0.50028020
-0.51229250
-0.55838561
-0.63220704
-0.73837900
-0.65179807
-0.74266100
-1.09335208
-1.24453080
-0.43277439
-0.20223719
-0.33437666
-0.69356734
-0.89777571
-0.70742339
-0.64227307
-0.97119409
-1.16014934
-1.01500642
-0.86890310
-0.76111394
-0.68401790
-0.74202108
-0.91575146
-1.11299789
-1.12107730
-0.81378543
-0.51299387
-0.41187355
-0.48251650
-0.59661955
-0.64305109
-0.61835873
-0.59502780
-0.66528469
-0.74873519
-0.72847056
-0.70452589
-0.68389922
-0.67231470
-0.68689460
-0.70916301
-0.76374269
-0.76865077
-0.73783338
-0.74181950
-0.79584247
-0.76578701
-0.69743061
-0.66839099
-0.60506731
-0.61347306
-0.66951853
-0.70082533
-0.69554192
-0.66167110
-0.61349452
-0.59915102
-0.56687170
-0.57355529
-0.57551163
-0.61998391
-0.60233080
-0.58282477
-0.72966814
-1.14763832
-0.76569688
-0.04755933
-0.03454746
-0.49143219
-0.90930670
-0.84634399
-0.74346930
-0.97046608
-1.28321731
-1.13780844
-1.06062388
-0.95629370
-0.86575866
-0.64045662
-0.69591135
-0.92701828
-0.91588217
-0.82943666
-0.64165193
-0.49379545
-0.44367608
-0.56326538
-0.63932985
-0.64694744
-0.64912772
-0.65057892
-0.68149209
-0.74758476
-0.76952493
-0.76422077
-0.76595026
-0.79266983
-0.82445329
-0.85491967
-0.87688845
-0.86635059
-0.88289535
-0.91199863
-0.94274116
-0.85984194
-0.80919838
-0.80260211
-0.74496371
-0.76731133
-0.78732175
-0.79716384
-0.79030764
-0.75191629
-0.72104615
-0.70137048
-0.67213297
-0.67640716
-0.67424577
-0.74266553
-0.69237781
-0.72777855
-0.97747266
-1.08953869
-0.43903831
0.03208083
-0.25375399
-0.73703742
-1.00509405
-0.93967813
-1.13401020
-1.27633917
-0.99453759
-0.61687785
-0.65460157
-0.47577044
-0.29413888
-0.63326341
-0.93922353
-1.09651530
-0.78361779
-0.59108943
-0.55318666
-0.53370792
-0.61100793
-0.74138427
-0.75965530
-0.78192079
-0.79566240
-0.80893660
-0.78146070
-0.79148257
-0.81609553
-0.80942440
-0.80639565
-0.83127218
-0.86035371
-0.86626416
-0.85336047
-0.86571085
-0.90426266
-0.91974175
-0.92502528
-0.87561029
-0.84473741
-0.85319060
-0.86959201
-0.89078969
-0.87824589
-0.84668195
-0.81862611
-0.76701683
-0.74990785
-0.74417359
-0.72359592
-0.68037331
-0.66826344
-0.77441335
-0.77074277
-0.87162393
-1.15264738
-0.93895936
-0.29966667
-0.00643447
-0.48035043
-0.93880934
-1.05701125
-0.93434811
-0.95964772
-0.90628266
-0.84628850
-0.53803337
-0.24226843
-0.28229499
-0.47680056
-0.52759206
-0.64807045
-0.65453374
-0.58874053
-0.54553735
-0.56515425
-0.73290014
-0.83992851
-0.84551787
-0.85250926
-0.89417535
-0.93909913
-0.93071222
-0.85518932
-0.80084765
-0.82170063
-0.84267163
-0.83469957
-0.82586545
-0.83760095
-0.83616263
-0.82355660
-0.84228474
-0.89744771
-0.88301128
-0.82999080
-0.79365015
-0.82699150
-0.88083911
-0.90085387
-0.90961206
-0.87567085
-0.83191526
-0.79858547
-0.76087207
-0.75802869
-0.76309490
-0.76250869
-0.71992004
-0.73392528
-0.78552353
-0.79956174
-0.90893996
-1.07516611
-0.71771199
-0.15687422
-0.15310383
-0.60722315
-0.83942765
-0.91065848
-0.89479893
-0.78778851
-1.00342715
-0.80000645
-0.48712939
-0.59716088
-0.53527731
-0.43648809
-0.59674329
-0.80486572
-0.55084831
-0.58749670
-0.51618975
-0.61178571
-0.71925837
-0.84923512
-0.83990270
-0.84601510
-0.87548321
-0.94991189
-0.95627904
-0.87725866
-0.80006319
-0.83770317
-0.86206561
-0.84961063
-0.84235120
-0.85269898
-0.86416668
-0.85236537
-0.86466628
-0.89846891
-0.85256201
-0.78041029
-0.76170552
-0.82609922
-0.87906975
-0.88875979
-0.88860083
-0.84653527
-0.79932851
-0.78050172
-0.77784449
-0.79853147
-0.82068652
-0.81719571
-0.78924340
-0.81907475
-0.83011162
-0.90758795
-1.01321304
-1.02653408
-0.57493550
-0.08748589
-0.30929029
-0.68909472
-0.75004774
-0.96055835
-0.89047390
-0.93845570
-1.23258579
-0.80834621
-0.63355261
-0.69885314
-0.70816022
-0.42352271
-0.58010513
-0.71269226
-0.62852126
-0.76321894
-0.65518618
-0.70813191
-0.66726667
-0.82643849
-0.82342428
-0.82817620
-0.86578971
-0.89090651
-0.91094309
-0.87406880
-0.82416677
-0.84453040
-0.87338710
-0.86714357
-0.86644500
-0.87373561
-0.89118767
-0.86246544
-0.87022114
-0.90147269
-0.89426631
-0.82616764
-0.81559700
-0.84848559
-0.87319237
-0.87913328
-0.89542079
-0.88579518
-0.85796267
-0.84655225
-0.82407397
-0.82052076
-0.83769512
-0.84647411
-0.83469433
-0.85110599
-0.89830947
-1.02931893
-1.12429631
-0.99075055
-0.52375036
-0.13955154
-0.42448571
-0.85075808
-1.01349378
-1.04224598
-0.86185586
-0.95050681
-0.66275436
-0.55277956
-0.55439299
-0.16339919
-0.26275873
-0.71494353
-0.84565747
-0.53847194
-0.43314075
-0.53382117
-0.73844051
-0.81487304
-0.72680360
-0.83107114
-0.83421630
-0.85807902
-0.85344946
-0.82442117
-0.86289668
-0.87306625
-0.86365730
-0.84574300
-0.86197054
-0.87391680
-0.88409740
-0.88795531
-0.86128390
-0.83983475
-0.86262470
-0.87934989
-0.86281139
-0.81369102
-0.82805496
-0.84816939
-0.84165663
-0.87671936
-0.89475048
-0.89439619
-0.87063199
-0.85604072
-0.84329593
-0.83853859
-0.84688687
-0.86603069
-0.82384235
-0.84013462
-0.93952090
-1.10698640
-1.22873986
-0.96585721
-0.50690192
-0.21109019
-0.51467627
-0.97003716
-1.08085763
-0.89323157
-0.73346239
-0.92313707
-0.74987346
-0.67199731
-0.45326057
-0.25982159
-0.40105370
-0.68385816
-0.81195289
-0.58157921
-0.61757809
-0.75540650
-0.91576642
-0.89119083
-0.82245767
-0.87558579
-0.89140874
-0.90901649
-0.85208434
-0.79441279
-0.83170837
-0.89628357
-0.89423996
-0.86151063
-0.86614424
-0.86883998
-0.86913043
-0.86926812
-0.84335607
-0.83159590
-0.85240448
-0.86720550
-0.85828739
-0.82877105
-0.84354579
-0.84568715
-0.84760833
-0.86478829
-0.87176085
-0.87146807
-0.84865344
-0.83138388
-0.83557570
-0.82224190
-0.85440916
-0.86372375
-0.81056935
-0.84449869
-0.95986825
-1.10919607
-1.18345618
-0.91319340
-0.48935509
-0.32134810
-0.59535831
-0.93638879
-1.00453544
-0.95474619
-0.90269262
-0.98959643
-0.83818376
-0.76117736
-0.60962921
-0.48193440
-0.55744553
-0.90295506
-0.91708618
-0.76405156
-0.74137759
-0.94043034
-0.87917793
-0.88214362
-0.81926280
-0.90778500
-0.93622136
-0.92061412
-0.88386416
-0.84005827
-0.87392724
-0.93921679
-0.92312324
-0.90636647
-0.91933662
-0.92355257
-0.92208457
-0.91174519
-0.86559534
-0.83902556
-0.86244726
-0.87573636
-0.87427598
-0.86398572
-0.88444769
-0.87674153
-0.86886489
-0.84980029
-0.82920170
-0.82569116
-0.82713115
-0.83760250
-0.84947121
-0.85664046
-0.89648718
-0.87043303
-0.82914007
-0.84749573
-0.96378535
-1.06767285
-1.07652557
-0.84065598
-0.43833905
-0.37096760
-0.62756765
-0.88298863
-0.91219682
-0.85870236
-0.83749044
-0.79505473
-0.58020401
-0.53856170
-0.50074351
-0.43882260
-0.68904924
-0.97797364
-0.90958768
-0.86292875
-0.95524585
-0.88039786
-0.88342470
-0.91244042
-0.85283732
-0.86946434
-0.88684356
-0.88102919
-0.88403696
-0.87620652
-0.91798103
-0.94097781
-0.93830460
-0.94656885
-0.94681901
-0.93584555
-0.92285895
-0.89934009
-0.85031176
-0.82556075
-0.84828639
-0.85069942
-0.82926255
-0.83591044
-0.83557588
-0.85098141
-0.89221144
-0.85702980
-0.84481210
-0.86141241
-0.86698610
-0.87825263
-0.88554621
-0.90130270
-0.88535285
-0.88737804
-0.87753010
-0.89907765
-1.00815392
-1.04934978
-1.01567900
-0.83777130
-0.39131802
-0.46104011
-0.73653340
-0.91729033
-0.95478565
-0.98418075
-0.95458949
-0.87110651
-0.66496611
-0.30961674
-0.48002303
-0.79288316
-0.71812993
-0.44442865
-0.42304948
-0.60603470
-1.02311444
-0.73699456
-0.76578432
-0.83174151
-0.87378842
-0.83522141
-0.84448922
-0.84063339
-0.83730745
-0.85846454
-0.90507287
-0.92791682
-0.93379813
-0.93143165
-0.90929133
-0.88878328
-0.85441107
-0.82779133
-0.81396788
-0.79475576
-0.83061922
-0.84055561
-0.83173484
-0.84703887
-0.83885652
-0.85643071
-0.93741423
-0.87716812
-0.85970902
-0.89562035
-0.90026367
-0.92313868
-0.93807602
-0.93202722
-0.88553566
-0.90038711
-0.88984042
-0.94675475
-1.04878378
-1.08332813
-1.07700634
-0.83781809
-0.33724320
-0.49502301
-0.78290367
-0.97291064
-1.05869353
-1.10081494
-1.07763124
-1.03857243
-0.79101682
-0.79436851
-0.83945155
-0.77037621
-0.47545809
-0.16593198
-0.34281319
-0.87884653
-0.87702262
-0.51257294
-0.66935277
-0.81649500
-0.89229220
-0.79948628
-0.83597416
-0.81500173
-0.80530345
-0.82606161
-0.85515797
-0.85945559
-0.87310481
-0.84816796
-0.82432860
-0.79959840
-0.78378505
-0.79521769
-0.80889839
-0.80537623
-0.82471418
-0.83381063
-0.82337290
-0.82046378
-0.83356082
-0.86082238
-0.89241230
-0.89488012
-0.87013739
-0.89652079
-0.89172053
-0.91932106
-0.91697073
-0.90585327
-0.87778407
-0.87181914
-0.85693222
-0.92848039
-1.01389575
-1.05826664
-1.06417084
-0.67310512
-0.28683755
-0.50699210
-0.77486318
-0.91391218
-0.93604761
-0.91927236
-0.92926717
-0.88742298
-0.69462222
-0.79984337
-0.64324874
-0.52446890
-0.41864318
-0.55235595
-0.85489756
-1.03958762
-0.73298156
-0.59718621
-0.73185807
-0.92417103
-0.87662756
-0.79833782
-0.82644093
-0.83155376
-0.83725172
-0.84611869
-0.87354332
-0.83920860
-0.84064990
-0.82527339
-0.82476687
-0.78075123
-0.77388459
-0.76137042
-0.79647011
-0.82966965
-0.86072087
-0.85634637
-0.83226162
-0.83914834
-0.87007552
-0.84710097
-0.82045561
-0.82293445
-0.82844520
-0.83638459
-0.81940341
-0.85141599
-0.81542057
-0.78000933
-0.78194958
-0.79922861
-0.78346473
-0.83671600
-0.95664334
-1.03995895
-0.97031027
-0.56213242
-0.35600424
-0.55340159
-0.82388031
-0.81096148
-0.77605695
-0.70181096
-0.58252925
-0.54833657
-0.65083325
-0.61360818
-0.63836819
-0.61909503
-0.54320443
-0.75594163
-0.99945164
-0.93131179
-0.72486174
-0.63570285
-0.73065025
-0.81813711
-0.79343981
-0.78443086
-0.78715301
-0.81403589
-0.81981647
-0.89055842
-0.92028296
-0.89448208
-0.88258606
-0.88772303
-0.87856716
-0.87099957
-0.85157156
-0.81566584
-0.84936231
-0.90238810
-0.92484611
-0.88353252
-0.88046956
-0.92792833
-0.95569235
-0.90711510
-0.89961332
-0.71660846
-0.78373730
-0.82302475
-0.84869772
-0.90345275
-0.88018328
-0.87065756
-0.88379794
-0.90620250
-0.84793973
-0.84819853
-0.95945227
-1.00533581
-0.86525422
-0.54440808
-0.41930938
-0.58017701
-0.81908190
-0.79774863
-0.85114336
-0.74049258
-0.79030955
-0.87343407
-0.92324895
-0.62382525
-0.62424558
-0.49717537
-0.61425298
-0.77651101
-0.91990364
-0.79825991
-0.61207336
-0.53857094
-0.76807004
-0.79125637
-0.75027049
-0.71368515
-0.71230775
-0.74893457
-0.80098015
-0.83147520
-0.82640958
-0.86394531
-0.89392740
-0.91609192
-0.88946235
-0.89697033
-0.85758317
-0.83466524
-0.83747864
-0.90502173
-0.89712787
-0.84023148
-0.83733398
-0.86872214
-0.88411313
-0.85315871
-0.82399529
-0.74957049
-0.78361762
-0.80133581
-0.83936065
-0.89350784
-0.87934154
-0.88025546
-0.85839033
-0.84502941
-0.75179994
-0.76991099
-0.82464421
-0.89665592
-0.83674097
-0.66149217
-0.53194547
-0.68617117
-0.84763050
-0.84026039
-0.92876995
-0.88742322
-1.06931162
-1.06545055
-0.85740888
-0.60095167
-0.60568923
-0.57938915
-0.70405501
-0.72868741
-0.85210603
-0.75996560
-0.68051392
-0.78133398
-0.76384491
-0.66122013
-0.66371769
-0.65248454
-0.65426654
-0.68543899
-0.75133204
-0.75451159
-0.78183532
-0.83657819
-0.84554023
-0.84513873
-0.87328869
-0.88450235
-0.83076006
-0.79553157
-0.76816279
-0.81077218
-0.77915049
-0.73090982
-0.71630925
-0.73788857
-0.76113236
-0.73607332
-0.69890106
-0.71101183
-0.71103716
-0.64258033
-0.61505789
-0.69164789
-0.69841051
-0.64552742
-0.57774937
-0.56513244
-0.51769859
-0.57982898
-0.62523705
-0.75064248
-0.75820875
-0.69315320
-0.61819142
-0.75150126
-0.80521083
-0.78898102
-0.75450069
-0.74959695
-0.82829523
-0.76364917
-0.58419716
-0.46934241
-0.43270937
-0.54290956
-0.63857377
-0.64850664
-0.86619473
-0.86093456
-0.78540593
-0.82412177
-0.67932868
-0.58115017
-0.56887752
-0.60578948
-0.64023858
-0.73501354
-0.72288615
-0.67111242
-0.69872320
-0.77817231
-0.81190079
-0.73767978
-0.76739097
-0.75434607
-0.74917257
-0.74841690
-0.74244171
-0.72603124
-0.66760814
-0.66315073
-0.64122689
-0.67159688
-0.69595653
-0.69863337
-0.66486627
-0.60482419
-0.58209366
-0.50496328
-0.47052237
-0.50571132
-0.54641074
-0.52479428
-0.42650074
-0.44711536
-0.48497891
-0.59607422
-0.59794027
-0.66015846
-0.70590705
-0.67396098
-0.63257271
-0.67021972
-0.68400538
-0.60518104
-0.48584944
-0.52272499
-0.76052976
-0.72844207
-0.49357072
-0.59130114
-0.57220179
-0.61908323
-0.55072248
-0.55506831
-0.70919818
-0.73185450
-0.80142009
-0.82812995
-0.70995897
-0.64048696
-0.63674259
-0.66236544
-0.65980893
-0.69603765
-0.71191519
-0.67502511
-0.63982940
-0.70258576
-0.67999506
-0.64268088
-0.70064032
-0.66532761
-0.70948464
-0.73333472
-0.73175198
-0.66863209
-0.63502932
-0.61501068
-0.57307953
-0.58733457
-0.59442085
-0.58590227
-0.58028316
-0.59609056
-0.51773530
-0.52886385
-0.55335897
-0.50309390
-0.55996227
-0.51551694
-0.43158126
-0.46012163
-0.49365008
-0.61723912
-0.56060892
-0.56030732
-0.64727789
-0.72610068
-0.72884035
-0.70889753
-0.81687880
-0.69261634
-0.60028940
-0.73275101
-1.00407243
-0.89024144
-0.84000784
-0.94591653
-0.70915562
-0.66729927
-0.82758713
-0.88784045
-0.79840702
-0.82471740
-0.95689714
-0.71109891
-0.52889514
-0.52749968
-0.73150259
-0.71898192
-0.67225593
-0.66971886
-0.68035054
-0.67713654
-0.64430737
-0.68462688
-0.60623723
-0.65814698
-0.61093462
-0.59284770
-0.68576092
-0.72832668
-0.70793688
-0.70008242
-0.73898000
-0.76079929
-0.75766194
-0.68320304
-0.71205062
-0.66360897
-0.60091633
-0.53811210
-0.51445383
-0.59964257
-0.61847651
-0.54785115
-0.53980541
-0.46055296
-0.44238424
-0.40879080
-0.45271584
-0.54372811
-0.56429344
-0.65473640
-0.80283213
-0.83724302
-0.75478160
-0.68261731
-0.72261494
-0.58882415
-0.60543144
-0.82479095
-1.03232932
-0.85032129
-0.80602235
-0.90164232
-0.80103219
-0.70425582
-0.80785125
-1.00647664
-0.91519761
-0.92273670
-0.75189304
-0.54791588
-0.51965135
-0.43501344
-0.60397661
-0.61359608
-0.58448178
-0.58437538
-0.61168742
-0.71288699
-0.70199925
-0.63271469
-0.63237935
-0.70793205
-0.64291310
-0.61902237
-0.64949852
-0.69639945
-0.70121270
-0.73616469
-0.73597842
-0.75180459
-0.77286720
-0.78567410
-0.85436410
-0.79866022
-0.76722431
-0.49641830
-0.53726053
-0.61362833
-0.62872607
-0.54657185
-0.44209322
-0.46445531
-0.49608999
-0.43990600
-0.55315030
-0.57270473
-0.67849410
-0.90151948
-0.94972032
-0.77935958
-0.72339141
-0.74892473
-0.59231400
-0.44450125
-0.57655627
-0.80101806
-0.92627132
-0.88227659
-0.82623178
-0.66346425
-0.63572824
-0.59208095
-0.51839262
-0.39305207
-0.45548239
-0.60505718
-0.28140396
-0.26243749
-0.38814828
-0.57132202
-0.60206681
-0.59823060
-0.59687704
-0.56730014
-0.58516657
-0.73133498
-0.75613576
-0.70181662
-0.76367080
-0.78110355
-0.79029328
-0.79248631
-0.78069443
-0.73408413
-0.65516031
-0.64196533
-0.69167370
-0.73953366
-0.73286086
-0.82705599
-0.82833958
-0.79366624
-0.80180186
-0.60322976
-0.64398354
-0.66734326
-0.73606515
-0.72400576
-0.67900890
-0.68742484
-0.64664859
-0.60709816
-0.66099972
-0.68061495
-0.79942232
-0.98341006
-0.91556418
-0.78041273
-0.80253595
-0.76350582
-0.66143322
-0.70272541
-0.91386044
-0.86383498
-0.85232651
-1.09251642
-1.05744171
-0.71652967
-0.54403329
-0.59406614
-0.63608700
-0.52164179
-0.48477173
-0.30941799
-0.23531690
-0.36471254
-0.47712266
-0.59056681
-0.60985535
-0.61200607
-0.63058776
-0.61324847
-0.61106014
-0.61391222
-0.62913972
-0.61122310
-0.64038640
-0.68026191
-0.75071132
-0.75824136
-0.74976414
-0.70250994
-0.68096757
-0.65008122
-0.69874316
-0.69191980
-0.75896466
-0.82510513
-0.76371545
-0.79077929
-0.84009063
-0.68053430
-0.68612504
-0.66137969
-0.71497637
-0.76953995
-0.70850265
-0.66948617
-0.66731119
-0.69580734
-0.72752881
-0.71997041
-0.76010889
-0.90347338
-0.84952146
-0.81823945
-0.82546604
-0.67260802
-0.58858651
-0.65056169
-0.81492859
-0.72064233
-0.65304220
-0.72666389
-0.64022475
-0.49633038
-0.40081251
-0.72773451
-0.99285591
-1.12566864
-0.93537390
-0.51910150
-0.42763844
-0.47141978
-0.59282601
-0.54720795
-0.55069852
-0.58831328
-0.64773238
-0.59976965
-0.49521077
-0.47075918
-0.47936738
-0.44173065
-0.42989811
-0.58449399
-0.65283537
-0.64231896
-0.64601493
-0.62723929
-0.70653689
-0.70636946
-0.76511538
-0.77072364
-0.84495163
-0.80608344
-0.75267875
-0.76984739
-0.91697729
-0.65993190
-0.61721015
-0.57906407
-0.60254055
-0.61358035
-0.57145262
-0.54393500
-0.54252821
-0.53628713
-0.63761193
-0.66231579
-0.71877754
-0.89256907
-0.86328864
-0.78572476
-0.69466305
-0.58032292
-0.55434543
-0.59177440
-0.71507215
-0.74571449
-0.84794098
-0.86866790
-0.85014045
-0.73587567
-0.53311253
-0.72402829
-0.95204043
-0.94148451
-0.72667867
-0.54921621
-0.41063607
-0.45757076
-0.55293471
-0.42570633
-0.41895938
-0.45739633
-0.49329135
-0.47042492
-0.47367784
-0.46633154
-0.47652200
-0.54366207
-0.54032439
-0.57659966
-0.62177914
-0.66854388
-0.69609708
-0.73576713
-0.79735249
-0.76980931
-0.77338934
-0.86716872
-0.91787529
-0.85101646
-0.80766869
-0.91250867
-1.02812016
-0.50330758
-0.42793646
-0.46006927
-0.45949423
-0.41159946
-0.46733502
-0.44891921
-0.43844643
-0.48619950
-0.53915733
-0.55277079
-0.67301184
-0.86728764
-0.80843884
-0.76312023
-0.63598365
-0.55714649
-0.63702512
-0.72117734
-0.87781984
-0.85599566
-0.85646921
-0.97205466
-1.05052936
-0.79397047
-0.50771743
-0.41498280
-0.64311755
-0.68850952
-0.64511734
-0.62175739
-0.63820499
-0.75490218
-0.67965233
-0.54429889
-0.52408201
-0.50343382
-0.45152384
-0.39556345
-0.47668114
-0.47660261
-0.53128177
-0.62507039
-0.69101888
-0.64145976
-0.63324785
-0.56762743
-0.57095140
-0.64013159
-0.69796759
-0.69234556
-0.77405310
-0.85054082
-0.80061656
-0.77487987
-0.76248175
-0.91357446
-0.97803134
-0.44779056
-0.47698319
-0.49583784
-0.42113718
-0.37713715
-0.44812229
-0.48556504
-0.50100487
-0.52310210
-0.55643898
-0.66729307
-0.78859049
-0.89803708
-0.76901960
-0.77355534
-0.70158476
-0.65228873
-0.72054368
-0.74704546
-0.65868652
-0.64372313
-0.79975682
-0.83601481
-1.00772834
-1.06831455
-0.81541026
-0.48913246
-0.47238106
-0.54830557
-0.75205553
-0.83271331
-0.81863105
-0.81677312
-0.74491882
-0.66096693
-0.74972230
-0.72254902
-0.69467396
-0.68551344
-0.65042251
-0.63664699
-0.64856666
-0.64261389
-0.62733859
-0.63381380
-0.66256160
-0.61012512
-0.59764349
-0.60990238
-0.64210308
-0.65814602
-0.77602315
-0.75679755
-0.65774488
-0.63233852
-0.63608980
-0.64289510
-0.67181349
-0.43012691
-0.48073074
-0.48385388
-0.45998564
-0.46106756
-0.45790842
-0.45853010
-0.43360323
-0.39259860
-0.52060270
-0.74756682
-0.85086167
-0.85371071
-0.78809869
-0.80072713
-0.64540786
-0.58766472
-0.79383981
-0.75252593
-0.41661128
-0.54323339
-0.70556003
-0.63355839
-0.74611461
-1.08209002
-0.93155885
-0.65554309
-0.65517688
-0.75091523
-0.84202665
-0.76855677
-0.76929474
-0.78641474
-0.81396157
-0.74582934
-0.86967480
-0.75526917
-0.63446349
-0.65215153
-0.72765285
-0.73233306
-0.67795777
-0.66871554
-0.63231093
-0.60521555
-0.59707367
-0.63677096
-0.67736220
-0.73391855
-0.77537417
-0.79395998
-0.80664045
-0.71243471
-0.61695522
-0.63660777
-0.71081328
-0.67341065
-0.64559984
-0.47903094
-0.49385923
-0.52693498
-0.53401554
-0.56188959
-0.53878915
-0.52370131
-0.49198988
-0.44590572
-0.50962675
-0.68584895
-0.73583323
-0.80636299
-0.78430796
-0.72120833
-0.61163795
-0.59099662
-0.74568933
-0.62598783
-0.50749356
-0.58017969
-0.53527749
-0.46173069
-0.59778535
-0.70048350
-0.29486224
-0.28164491
-0.56253886
-0.75331223
-0.74417073
-0.76339072
-0.78360176
-0.69359833
-0.72479296
-0.68563551
-0.78504324
-0.70658565
-0.68536127
-0.66014087
-0.71162057
-0.70958835
-0.72628915
-0.67641318
-0.65939754
-0.64672148
-0.65827060
-0.69820994
-0.68963248
-0.67507917
-0.63033235
-0.68662596
-0.80313605
-0.71763182
-0.66182172
-0.78629017
-0.81597519
-0.76975083
-0.67406189
-0.45080706
-0.47568962
-0.47643805
-0.52986085
-0.64263284
-0.57005632
-0.46639779
-0.51080954
-0.55898112
-0.61754322
-0.71504879
-0.71601981
-0.82780081
-0.86485875
-0.74029654
-0.60347790
-0.57135719
-0.67700195
-0.62719315
-0.69892609
-0.65825629
-0.80238372
-1.24249196
-1.34428561
-0.91052419
-0.56677842
-0.59962577
-0.79611897
-0.82299733
-0.67965645
-0.65952575
-0.49420625
-0.45386547
-0.64049345
-0.67627090
-0.62726939
-0.57255834
-0.60851139
-0.70324051
-0.79242724
-0.72001874
-0.73534590
-0.72931367
-0.64238167
-0.58325708
-0.62438512
-0.62029636
-0.62634355
-0.60793233
-0.63976771
-0.72185069
-0.74785924
-0.65526086
-0.70007628
-0.77424079
-0.78177160
-0.75261384
-0.62610406
-0.45994860
-0.47555244
-0.54641294
-0.55986309
-0.57058442
-0.54569948
-0.48067123
-0.47437769
-0.51321363
-0.57611519
-0.53834403
-0.56256390
-0.73019028
-0.79021817
-0.67645937
-0.62659687
-0.55209112
-0.44269657
-0.40417293
-0.41831151
-0.46996725
-0.87502539
-1.47071767
-1.35044587
-0.74790144
-0.53861821
-0.81659156
-1.01422131
-0.94705141
-0.97294337
-0.76903272
-0.44791672
-0.55089092
-0.73056531
-0.66151303
-0.54393452
-0.63335335
-0.67298824
-0.68745875
-0.68649054
-0.66968560
-0.66299385
-0.66301399
-0.61315340
-0.59147042
-0.58140808
-0.50480217
-0.54723597
-0.57506430
-0.59537411
-0.60100281
-0.61724389
-0.66033530
-0.63640660
-0.58440995
-0.62952363
-0.69743073
-0.63218248
-0.61032540
-0.60204405
-0.60412920
-0.52106118
-0.56928873
-0.55097693
-0.52249229
-0.51965064
-0.57105070
-0.58547688
-0.54656255
-0.57880503
-0.67509222
-0.69019431
-0.62394327
-0.61681581
-0.43635598
-0.24225713
-0.22810635
-0.11305533
-0.14471000
-0.66180795
-0.92922914
-0.43545273
-0.20235306
-0.12400672
-0.44422686
-0.74020058
-0.87013555
-1.03594887
-0.70021826
-0.50713426
-0.51854807
-0.64606452
-0.49210969
-0.36090854
-0.50024348
-0.64314312
-0.70529205
-0.59626514
-0.56968302
-0.48413491
-0.44415885
-0.41972217
-0.43040794
-0.43875730
-0.48575965
-0.54538065
-0.59571791
-0.61716974
-0.54813790
-0.46382898
-0.50488698
-0.53380078
-0.59945363
-0.65733540
-0.63052535
-0.64295304
-0.58897227
-0.59869188
-0.63206536
-0.56545389
-0.54983234
-0.49560890
-0.58526862
-0.49521008
-0.55639756
-0.64074844
-0.74277353
-0.82835990
-0.89239073
-0.92406398
-0.87142384
-0.76112896
-0.51227665
-0.34316343
-0.06313238
-0.10402655
-0.49898413
-0.78482139
-0.41984344
-0.14480855
0.01488073
-0.39375725
-0.54944575
-0.43946987
-0.72143668
-0.87164366
-0.61965895
-0.42112288
-0.35914871
-0.44956458
-0.42494041
-0.38886118
-0.47257680
-0.58576500
-0.59713387
-0.58412445
-0.56853271
-0.42941901
-0.40602383
-0.39780068
-0.41130993
-0.44605201
-0.46594641
-0.46059009
-0.51534086
-0.56035066
-0.52272129
-0.44691730
-0.47406533
-0.57559407
-0.56525528
-0.56308287
-0.56504464
-0.65589148
-0.55280018
-0.53971636
-0.63420492
-0.67136776
-0.57860696
-0.57809824
-0.62736142
-0.55288917
-0.58448040
-0.62383068
-0.81023246
-0.91088492
-0.95710272
-0.84730965
-0.71105617
-0.69658870
-0.68142295
-0.57690495
-0.46036002
-0.83658761
-1.28048742
-1.37794232
-1.10701668
-0.96895242
-0.91209537
-1.03002644
-0.73144507
-0.46359569
-0.39797470
-0.39911401
-0.35822952
-0.36346978
-0.56133127
-0.57862610
-0.57709861
-0.62729001
-0.62083638
-0.57864338
-0.59145391
-0.61030424
-0.59074229
-0.48371264
-0.43372050
-0.44436383
-0.46025890
-0.41461495
-0.46229470
-0.45826733
-0.48663738
-0.51786304
-0.55393159
-0.53796649
-0.50006473
-0.51312172
-0.52141851
-0.50720388
-0.52943796
-0.55937111
-0.49562016
-0.55496925
-0.55331075
-0.61723650
-0.54262811
-0.58383590
-0.58413935
-0.60233641
-0.57000697
-0.60854417
-0.89987016
-0.92641222
-0.91332209
-0.71716642
-0.64427918
-0.77267915
-0.71319318
-0.52460349
-0.50418639
-0.61178023
-0.82435369
-0.85752904
-0.76868272
-0.82737023
-1.01139247
-1.00383115
-0.73618215
-0.60446358
-0.32915577
-0.13212526
-0.17314446
-0.36113450
-0.41576558
-0.45942393
-0.73660141
-0.84640008
-0.74431777
-0.54454112
-0.61622590
-0.53925759
-0.48374212
-0.43838978
-0.48133430
-0.53259563
-0.50514698
-0.54877102
-0.63537985
-0.56975543
-0.53881031
-0.61634982
-0.71219611
-0.63544619
-0.57977396
-0.64804775
-0.67234433
-0.61125094
-0.59280223
-0.67062581
-0.53705984
-0.55196220
-0.57055384
-0.61513835
-0.55574989
-0.59482425
-0.65532291
-0.65158135
-0.55228841
-0.61006492
-0.87367851
-0.84686375
-0.76747131
-0.52250254
-0.59614104
-0.69699806
-0.39703748
-0.14655174
-0.29230732
-0.42180684
-0.66409403
-0.72021139
-0.75020772
-1.03924036
-1.09295774
-0.99310440
-1.20848060
-1.17649341
-0.86587059
-0.27177334
-0.09277877
-0.21345398
-0.40856472
-0.50802422
-0.68731046
-0.78627664
-0.87033468
-0.71645296
-0.62992615
-0.54788136
-0.56192648
-0.42518997
-0.45119208
-0.52392489
-0.54329789
-0.65269542
-0.63757342
-0.66091657
-0.70903271
-0.71178782
-0.70869505
-0.72198635
-0.72736603
-0.73590386
-0.67289412
-0.62612534
-0.62718207
-0.66986990
-0.46864894
-0.44668722
-0.50727081
-0.48165709
-0.54252207
-0.63556319
-0.63365382
-0.54942495
-0.43319005
-0.48188692
-0.57163382
-0.61408144
-0.60755163
-0.52730840
-0.50269949
-0.40391484
-0.10958882
0.04736428
-0.12016325
-0.34158474
-0.54609931
-0.73231369
-0.88288093
-1.02492237
-0.76081014
-0.69277525
-1.06008387
-1.19547260
-0.81249160
-0.21716131
-0.13818519
-0.19424075
-0.39477926
-0.60802740
-0.68066221
-0.70097452
-0.74345273
-0.78437811
-0.66905534
-0.64428413
-0.65679204
-0.61845189
-0.59292299
-0.58952248
-0.62391764
-0.57738334
-0.57167596
-0.68249339
-0.73246896
-0.57262135
-0.52073509
-0.66381657
-0.73408145
-0.65676874
-0.61392492
-0.58835024
-0.55318666
-0.49925578
-0.38405046
-0.37697685
-0.34732163
-0.32670036
-0.39247051
-0.39187548
-0.41960087
-0.44825137
-0.33878657
-0.27361742
-0.26380464
-0.34257168
-0.37325847
-0.40807486
-0.32483965
-0.25289851
-0.11550618
-0.13008989
-0.13081752
-0.09843294
-0.10601830
-0.17331727
-0.26092926
-0.09149756
0.15869558
-0.19211723
-0.32934669
-0.39005971
-0.18339401
-0.00661718
-0.03218699
-0.26018387
-0.66322803
-0.79069710
-0.60981429
-0.54804271
-0.59119910
-0.70983809
-0.74532741
-0.73669571
-0.75524598
-0.73203224
-0.60407048
-0.60432851
-0.58339393
-0.50506842
-0.49645865
-0.61288255
-0.57402194
-0.36499771
-0.39637154
-0.49117026
-0.45935750
-0.42653430
-0.45411384
-0.51860660
-0.54841799
-0.52489382
-0.36009902
-0.33933523
-0.36280116
-0.37283605
-0.41545638
-0.42850241
-0.47692814
-0.43509272
-0.31863302
-0.34141216
-0.40187413
-0.51109892
-0.60215467
-0.46178618
-0.30795079
-0.35833743
-0.25640306
-0.25649774
-0.24608703
-0.38549578
-0.49065015
-0.78455758
-0.96104145
-0.76635480
-0.69608849
-0.98441881
-0.65291846
-0.34098491
-0.24660972
-0.25465789
-0.30072752
-0.55104363
-0.69733286
-0.65704972
-0.48832607
-0.38796312
-0.57999009
-0.74984437
-0.75087178
-0.58938825
-0.63672060
-0.63944209
-0.59087515
-0.56486082
-0.45346805
-0.45694298
-0.49165517
-0.52029604
-0.37976378
-0.32969567
-0.40195677
-0.44245982
-0.38883191
-0.32725197
-0.42861527
-0.51204044
-0.49694610
-0.48526588
-0.44571206
-0.44786438
-0.48179999
-0.47241643
-0.47720352
-0.45040035
-0.39564350
-0.26554963
-0.35353380
-0.42180225
-0.43435571
-0.63112819
-0.72907054
-0.48132369
-0.36092380
-0.32934535
-0.44126475
-0.46213102
-0.33627346
-0.52923971
-0.75969177
-0.95668203
-0.69324148
-0.78804302
-0.95875102
-1.00130975
-0.52923471
-0.30326018
-0.37270087
-0.44049051
-0.38770580
-0.45546895
-0.54964942
-0.51691300
-0.28609657
-0.28038356
-0.51062000
-0.56171763
-0.43325391
-0.35766599
-0.42127448
-0.43402994
-0.42559013
-0.44375223
-0.41094717
-0.47133067
-0.49042648
-0.36869153
-0.27706534
-0.34832510
-0.37498885
-0.34003213
-0.31259698
-0.28878003
-0.40577611
-0.42296916
-0.45774326
-0.46430629
-0.45633239
-0.45741799
-0.49263546
-0.57321256
-0.53965795
-0.44840467
-0.37758267
-0.40700579
-0.56179398
-0.43532920
-0.39340100
-0.54726428
-0.69709003
-0.48855615
-0.28232950
-0.34975269
-0.52984971
-0.41551733
-0.39459172
-0.69767094
-1.03840005
-0.93311751
-0.55974299
-0.60208476
-0.56185913
-0.61040604
-0.47106779
-0.26573312
-0.21138386
-0.25047559
-0.30663007
-0.38675725
-0.46209466
-0.39581880
-0.22001764
-0.39229712
-0.52376330
-0.52524984
-0.40136176
-0.41266361
-0.46717474
-0.50743270
-0.36212376
-0.33826885
-0.29756334
-0.44984332
-0.38117093
-0.27638435
-0.26920274
-0.38787481
-0.46441251
-0.48467985
-0.37933415
-0.40895930
-0.44881910
-0.41022134
-0.42170879
-0.44544277
-0.43851438
-0.40913466
-0.38552830
-0.53695160
-0.42384765
-0.40396988
-0.43024892
-0.49601817
-0.36891276
-0.22590473
-0.35108891
-0.54103523
-0.61342257
-0.53504252
-0.56484330
-0.70007467
-0.66803282
-0.47929412
-0.47746092
-0.56336409
-0.59545779
-0.31913146
-0.47399217
-0.80689794
-0.89278257
-0.78155869
-0.83583808
-0.66907895
-0.47371981
-0.43372825
-0.46708375
-0.53223699
-0.65068144
-0.56953943
-0.52053189
-0.59912598
-0.65281254
-0.63524669
-0.49074459
-0.38967317
-0.40229222
-0.38779321
-0.34453323
-0.40285757
-0.43846485
-0.51420498
-0.50210053
-0.55068457
-0.56088364
-0.62011021
-0.55661792
-0.58137548
-0.58776093
-0.57074922
-0.46040729
-0.37452456
-0.38184294
-0.41248724
-0.42095986
-0.41374698
-0.38010991
-0.52047873
-0.36271456
-0.33939326
-0.42241260
-0.49661693
-0.31282756
-0.22502030
-0.36018339
-0.50466818
-0.52378708
-0.58890504
-0.71158612
-0.77223259
-0.65783018
-0.52382731
-0.43934819
-0.42666543
-0.43517020
-0.47506213
-0.61367774
-0.66393131
-0.76131517
-0.66779119
-0.64879948
-0.51774448
-0.53073955
-0.40960982
-0.47614464
-0.59414834
-0.59756100
-0.51663750
-0.56688887
-0.62340486
-0.62971586
-0.43330339
-0.29806587
-0.38577929
-0.40843633
-0.34080037
-0.33292106
-0.39285818
-0.55104512
-0.47137100
-0.48335123
-0.59725797
-0.64249146
-0.59082049
-0.54375517
-0.67095542
-0.67031962
-0.55773467
-0.47744679
-0.49983516
-0.54405808
-0.51453793
-0.36440894
-0.34401956
-0.44973397
-0.56969386
-0.47605395
-0.48853841
-0.66151243
-0.68384129
-0.50745994
-0.49639061
-0.61255121
-0.45026541
-0.45061561
-0.58538753
-0.56025684
-0.42308760
-0.32445368
-0.36621603
-0.30873927
-0.25216383
-0.39445341
-0.53796506
-0.59980798
-0.66213644
-0.66449046
-0.62560254
-0.55182147
-0.43352264
-0.39888045
-0.50093251
-0.75642675
-0.76451498
-0.69601786
-0.67441505
-0.72311658
-0.69019729
-0.52939188
-0.46597090
-0.54630601
-0.52721715
-0.39261115
-0.55598646
-0.61106354
-0.66759950
-0.63452137
-0.53914642
-0.56021953
-0.51581323
-0.50396854
-0.54869527
-0.59811318
-0.66898125
-0.75681442
-0.78389359
-0.64699441
-0.56654084
-0.54971284
-0.60299945
-0.51918519
-0.45295155
-0.58309698
-0.46453005
-0.34170318
-0.46696135
-0.61151379
-0.50175756
-0.47029680
-0.51759213
-0.45115390
-0.30535144
-0.33977902
-0.50028616
-0.49400070
-0.36280337
-0.25549322
-0.43339774
-0.36830884
-0.35712138
-0.48562193
-0.50943464
-0.53917629
-0.51682657
-0.57207561
-0.66199124
-0.51426411
-0.34971681
-0.44028050
-0.68372047
-0.77280045
-0.70606834
-0.70832396
-0.73063320
-0.87412786
-0.85704350
-0.76013488
-0.74960631
-0.78256482
-0.76373929
-0.69671708
-0.72642660
-0.58028424
-0.63407254
-0.53206247
-0.55339372
-0.58975697
-0.55888963
-0.52042389
-0.58066076
-0.65840447
-0.62237638
-0.61531442
-0.58904088
-0.53378338
-0.53717786
-0.54446816
-0.53108186
-0.35106820
-0.41769397
-0.46014205
-0.43565470
-0.44352928
-0.47338375
-0.32381546
-0.22567187
-0.31497231
-0.30480841
-0.23119596
-0.26041591
-0.40014583
-0.46078721
-0.40116006
-0.32790610
-0.29467013
-0.34494364
-0.30554318
-0.46838027
-0.57726848
-0.64091825
-0.61623001
-0.57857996
-0.80318266
-0.65560693
-0.35413575
-0.20641169
-0.40501016
-0.47119337
-0.51705182
-0.55559862
-0.57361180
-0.61600661
-0.78072333
-0.66313392
-0.80166912
-0.60115093
-0.62375730
-0.76258165
-0.82042474
-0.54547936
-0.40974879
-0.45426401
-0.45473069
-0.53227353
-0.48416471
-0.47336161
-0.45635003
-0.51823694
-0.54970807
-0.53171372
-0.44486818
-0.27474603
-0.32643819
-0.46869090
-0.49695152
-0.42866242
-0.29920959
-0.43756011
-0.35901940
-0.38005239
-0.44539851
-0.52309680
-0.34887135
-0.27634653
-0.39483827
-0.38506746
-0.45883256
-0.57314861
-0.58267152
-0.44651359
-0.30401477
-0.23918112
-0.26803690
-0.35150704
-0.38634861
-0.45957342
-0.57894802
-0.68552184
-0.70874357
-0.82758605
-0.82719058
-0.58795381
-0.41337380
-0.26972118
-0.33513951
-0.41905689
-0.50002152
-0.60815626
-0.51316166
-0.49681029
-0.60776275
-0.65673417
-0.66968018
-0.42648497
-0.53800637
-0.67608404
-0.71179694
-0.56867993
-0.51717687
-0.59152645
-0.62980002
-0.66658878
-0.59105402
-0.49401394
-0.43673256
-0.57948047
-0.53208226
-0.43599236
-0.34306881
-0.27097386
-0.31300601
-0.49274576
-0.48364794
-0.40714890
-0.54411596
-0.55536175
-0.54374558
-0.55481255
-0.61664397
-0.66686273
-0.55814081
-0.33514750
-0.13670897
-0.06622394
-0.15896137
-0.31424320
-0.35795835
-0.26919967
-0.27910277
-0.55411762
-0.73924834
-0.29814911
0.47556332
0.95478129
0.68954962
-0.03371194
-0.26989457
-0.45506161
-0.68905026
-0.73105502
-0.61236191
-0.94618112
-1.33128273
-1.12250853
-0.40706867
0.00853379
-0.03276288
-0.29691213
-0.41908514
-0.46719900
-0.41743818
-0.26355004
0.01886268
0.18568693
0.02986954
-0.28441826
-0.21940710
0.00925838
0.24272345
0.01060759
-0.57563227
-0.57961184
0.03249683
0.33071712
0.07753906
-0.61482006
-0.22713818
0.09712756
0.07812733
-0.07538965
-0.16795409
-0.33210248
-0.71735746
-0.68175191
-0.64945978
-0.66607261
-0.74760473
-0.75246459
-0.56717628
-0.26846853
-0.06405131
-0.02195734
-0.17314686
-0.37105921
-0.40093565
-0.30799770
-0.31830338
-0.50526774
-0.58536625
-0.12873146
0.61545080
0.85439086
0.33195850
-0.41677475
-0.54312837
-0.64600402
-0.74643403
-0.68023455
-0.44238287
-0.70155227
-1.09925818
-0.94032103
-0.24845530
0.22657281
0.25307164
-0.02695574
-0.24497493
-0.32484469
-0.31966686
-0.25286412
0.01166968
0.15657216
-0.02946828
-0.33047530
-0.24977671
0.03145181
0.29038432
-0.00512324
-0.68654788
-0.70808583
-0.09143902
0.35735184
0.23549834
-0.42934281
-0.09421790
0.23576473
0.20104039
-0.02767196
-0.22038071
-0.36694399
-0.74902833
-0.68352646
-0.63171977
-0.66626894
-0.72744548
-0.67203873
-0.41980708
-0.10284289
0.07129954
0.06163746
-0.18614386
-0.34770063
-0.30434912
-0.16538490
-0.11336067
-0.18051605
-0.22660090
0.08241978
0.64421290
0.63518190
0.06642967
-0.56646824
-0.51642114
-0.49615452
-0.50722176
-0.40676993
-0.19415571
-0.49062601
-0.89868677
-0.76858312
-0.12677708
0.34341726
0.38655412
0.06160845
-0.21567217
-0.33989987
-0.36921865
-0.31601918
-0.05649680
0.05400198
-0.16956936
-0.43644077
-0.30676100
0.00948184
0.23070325
-0.16564378
-0.85727698
-0.80830652
-0.13951528
0.44787428
0.35317934
-0.37176102
-0.07782827
0.27510658
0.23637031
0.01962175
-0.15401366
-0.26153463
-0.66974813
-0.59058315
-0.54131681
-0.57702690
-0.61735743
-0.50806278
-0.21342717
0.07053751
0.19102687
0.08675703
-0.19100527
-0.31590369
-0.23229250
-0.05028007
0.08352230
0.09834450
0.02373470
0.13001102
0.52332330
0.42045221
-0.06832471
-0.47681722
-0.26791537
-0.15850714
-0.12227183
-0.06385062
-0.03453176
-0.34685159
-0.74112231
-0.63041419
-0.12743832
0.23997921
0.20992340
-0.12075077
-0.38945416
-0.52966535
-0.53792650
-0.41847789
-0.14929865
-0.10564864
-0.38416862
-0.55510664
-0.34646100
-0.00007814
0.12537402
-0.36036295
-0.92893690
-0.77890766
-0.07071066
0.53759396
0.37304404
-0.45149422
-0.18018527
0.15758733
0.14313391
-0.02487378
-0.12007807
-0.12289372
-0.47248727
-0.40249923
-0.38130882
-0.43575189
-0.46597734
-0.34584638
-0.10528438
0.08061320
0.09835160
-0.07294907
-0.32881948
-0.43602359
-0.37842515
-0.20890830
-0.03520964
-0.02162897
-0.15933342
-0.14599334
0.18013129
0.15125489
-0.13715488
-0.38805756
-0.17123494
-0.02790531
-0.00721604
-0.06966448
-0.14646450
-0.40940225
-0.67893976
-0.59014833
-0.26025632
-0.04778628
-0.11642037
-0.38813874
-0.61575323
-0.74422294
-0.67387670
-0.47375762
-0.27086520
-0.36288321
-0.64868098
-0.64051557
-0.32005811
0.03388317
-0.05698733
-0.57969439
-0.94390827
-0.64769572
0.08443969
0.61313945
0.30563536
-0.61398917
-0.41713637
-0.12196758
-0.13150987
-0.23930436
-0.23289016
-0.18884660
-0.23668037
-0.19927825
-0.22980547
-0.30399930
-0.32975626
-0.24208166
-0.11685702
-0.04953772
-0.13258584
-0.31963640
-0.50644964
-0.57417762
-0.55316842
-0.49511489
-0.35923699
-0.38526121
-0.53890014
-0.54470873
-0.23700680
-0.14180940
-0.31677270
-0.56536156
-0.45338890
-0.34594220
-0.38700461
-0.48819795
-0.57788432
-0.63021195
-0.71845889
-0.65904343
-0.47048068
-0.33861816
-0.32842791
-0.52671140
-0.73988754
-0.92081213
-0.74835986
-0.49931160
-0.38139340
-0.63447654
-0.84922045
-0.67729622
-0.26579961
-0.03048083
-0.32594594
-0.80042148
-0.87979639
-0.47132319
0.24577902
0.55553007
0.06323233
-0.87438935
-0.66558439
-0.40344554
-0.43589857
-0.52814746
-0.49130672
-0.40692040
-0.10804364
-0.09646872
-0.15572539
-0.23722294
-0.27442664
-0.24603382
-0.21756539
-0.21863167
-0.32157636
-0.42000520
-0.51979238
-0.53679830
-0.55694872
-0.56288421
-0.43427867
-0.53961343
-0.80316949
-0.93483275
-0.66825211
-0.46691948
-0.54409462
-0.80875653
-0.85710293
-0.66179579
-0.62416637
-0.73778975
-0.86365443
-0.77290380
-0.75532687
-0.74100983
-0.64322603
-0.51443690
-0.43204719
-0.58821058
-0.89626682
-1.06397891
-0.74711537
-0.41753265
-0.40665880
-0.75061667
-0.82272482
-0.54343104
-0.10268480
-0.08027967
-0.52172709
-0.85881042
-0.70104343
-0.29816797
0.36338603
0.44153556
-0.11286224
-0.90306914
-0.64592528
-0.42377630
-0.45397145
-0.53590983
-0.48043945
-0.34757999
-0.15542296
-0.13383465
-0.19103932
-0.27501577
-0.32963333
-0.35528502
-0.36909607
-0.37473163
-0.41005564
-0.40737444
-0.43805125
-0.45851335
-0.52525485
-0.56108457
-0.53636032
-0.82329422
-1.20369172
-1.28962541
-0.93689001
-0.54294723
-0.48022464
-0.77441120
-0.88930851
-0.62276161
-0.55792552
-0.65483516
-0.82195824
-0.65794951
-0.54909921
-0.53906256
-0.51728094
-0.42879248
-0.39443684
-0.65515065
-1.06285429
-1.04603243
-0.53763086
-0.12183946
-0.20445082
-0.52922219
-0.46106049
-0.07974323
0.26964036
0.04690262
-0.44186053
-0.61041379
-0.35233891
-0.05164852
0.47563177
0.38815632
-0.09191336
-0.62279558
-0.30576798
-0.11365756
-0.15894069
-0.24462302
-0.20885597
-0.05774320
-0.22927994
-0.19271584
-0.24302085
-0.34003803
-0.39941013
-0.42645940
-0.41000605
-0.33368036
-0.27235574
-0.19064857
-0.18720670
-0.25104892
-0.35604292
-0.44439873
-0.58179373
-1.00887692
-1.35150611
-1.17486227
-0.64903450
-0.07908037
-0.18792672
-0.63255292
-0.66111308
-0.38386294
-0.29884037
-0.43779150
-0.52928138
-0.37700585
-0.23273332
-0.23009634
-0.26315498
-0.38622087
-0.49495277
-0.90890115
-1.17421317
-0.86442345
-0.09964128
0.31634513
0.15223002
-0.15803725
-0.02008716
0.36365759
0.52467304
0.24431729
-0.18295029
-0.15152967
0.08772518
0.21589072
0.51850021
0.36081100
-0.03806961
-0.32978356
-0.02935959
0.13778530
0.10777417
0.01432080
0.04029078
0.17836761
-0.10636173
-0.05715296
-0.10759414
-0.22461151
-0.26955765
-0.26516539
-0.18470502
-0.05317147
0.03509372
0.12878455
0.13768344
0.03640564
-0.08032881
-0.26931018
-0.58288777
-1.06272125
-1.07437038
-0.47801203
0.34045336
0.72049457
0.08311628
-0.51762050
-0.38617104
-0.25146401
-0.39539370
-0.69616640
-0.78387243
-0.56234288
-0.25164497
-0.18317412
-0.31637895
-0.65623236
-0.93335730
-1.24887609
-1.12441158
-0.44344604
0.48456895
0.70071054
0.39998734
0.06192897
0.15917476
0.45177987
0.46882027
0.23827657
-0.03110562
0.12511468
0.26129115
0.27306923
0.39848664
0.24738427
-0.07085575
-0.19229616
0.01607601
0.13773246
0.12934791
0.06265938
0.10361868
0.21202488
0.11336143
0.16114803
0.09814145
0.01486634
-0.00721918
0.02508836
0.12868699
0.23095571
0.25627363
0.27681583
0.25549933
0.13067445
0.01444968
-0.26984453
-0.69502699
-0.97690767
-0.60636121
0.41199246
1.28497040
1.07959509
0.01261418
-0.46970528
-0.45049497
-0.64206862
-1.02085972
-1.17861080
-1.02721667
-0.63403904
-0.23273316
-0.31356663
-0.64026570
-1.05470932
-1.23830807
-1.13551199
-0.63754773
0.26833063
0.93870294
0.84473163
0.37989217
0.02505276
0.03943278
0.21840741
0.15978067
0.01183721
-0.10583348
0.04574804
0.09606805
0.09726442
0.15399803
0.05607129
-0.12806126
-0.13323691
-0.04314939
-0.02132591
-0.03826128
-0.07566631
-0.02860928
0.02592007
0.16530722
0.17992012
0.13603128
0.07376962
0.09986090
0.17817599
0.24253091
0.25826836
0.19123848
0.14092125
0.08451962
-0.06323818
-0.31245026
-0.72675073
-1.14489198
-1.03348875
-0.19888172
0.98639053
1.52751613
0.61237001
-0.50428391
-0.67365462
-0.72027981
-1.16248715
-1.33416581
-0.95899564
-0.23398328
0.28408232
0.39741659
-0.01786618
-0.50078994
-0.86783582
-0.84335619
-0.42960677
0.17547710
0.83806467
1.00894487
0.61569470
0.10678758
-0.17133586
-0.19847147
-0.12569302
-0.17978509
-0.21847041
-0.20100652
-0.07370851
-0.06175331
-0.05275865
-0.02417386
-0.04439038
-0.09380274
-0.06099020
-0.05609946
-0.13883045
-0.15232408
-0.13591348
-0.10682706
-0.14091514
-0.03500661
-0.04972883
-0.08993894
-0.12160687
-0.04919633
0.03893601
0.05257014
0.01241830
-0.08800701
-0.16576612
-0.21878588
-0.33701840
-0.71932977
-1.21516049
-1.47331786
-0.95841902
0.21515411
1.37540448
1.21914148
-0.27163312
-0.94362789
-0.83511543
-0.79369390
-1.08423364
-0.93916839
-0.07662065
0.82805848
1.03143179
0.71295065
0.02079013
-0.45350951
-0.69009960
-0.37433103
0.21861637
0.61688083
0.84871137
0.66970479
0.19958366
-0.14691466
-0.29973325
-0.35052130
-0.33875582
-0.33906218
-0.29132190
-0.19403245
-0.13788019
-0.18206449
-0.19611533
-0.18276836
-0.17493026
-0.18092935
-0.16379061
-0.22639430
-0.34757674
-0.28420058
-0.16046150
-0.16053933
-0.29476917
-0.24292909
-0.28085232
-0.29234132
-0.25556070
-0.14131770
-0.06685170
-0.08310281
-0.14039375
-0.21403927
-0.25511482
-0.23293850
-0.28999683
-0.71815044
-1.14210999
-1.18373692
-0.45414546
0.80849653
1.60534048
0.53970283
-0.88566303
-0.99629414
-0.58643389
-0.57744324
-0.86197704
-0.75968796
-0.11381038
0.36016268
0.27948222
0.00164980
-0.51797992
-0.66588438
-0.53461725
-0.07205564
0.28500518
0.35774097
0.37642500
0.16413485
-0.10617915
-0.22824727
-0.30262917
-0.39521393
-0.42435053
-0.40603107
-0.32950762
-0.23873118
-0.26739275
-0.36182266
-0.38298154
-0.41107318
-0.41041368
-0.44491071
-0.49313882
-0.60197657
-0.66353989
-0.48481983
-0.26914254
-0.33330005
-0.50385469
-0.36749697
-0.40248081
-0.39172029
-0.30199051
-0.18857698
-0.12297242
-0.16484268
-0.23120707
-0.26801094
-0.26788872
-0.19267721
-0.25695124
-0.69852173
-1.05052686
-0.82809830
0.14213455
1.39490223
1.45288634
-0.10852554
-1.28675961
-0.97133404
-0.52696562
-0.67057103
-1.17985725
-1.09502935
-0.54845232
-0.08182900
-0.46521962
-0.51201427
-0.80912316
-0.72095931
-0.41362169
0.04573359
0.14465186
-0.09586696
-0.12957056
-0.16788457
-0.23640333
-0.22445711
-0.28165749
-0.37405214
-0.42733127
-0.42537618
-0.36617532
-0.30004796
-0.38059807
-0.50286490
-0.54451787
-0.59866625
-0.62255126
-0.64178169
-0.70223552
-0.78625870
-0.80554014
-0.56786948
-0.36730570
-0.47055355
-0.60705256
-0.50278986
-0.53180480
-0.51581204
-0.43691769
-0.33200797
-0.27129790
-0.29916182
-0.34713086
-0.34700701
-0.29999414
-0.19975758
-0.37026611
-0.87553418
-1.22643137
-0.76789141
0.39024419
1.60486555
1.01845860
-0.75255120
-1.60515785
-1.08641779
-0.71640176
-0.81971425
-1.13937914
-0.87094086
0.02945625
0.46159539
0.24516255
0.00695148
-0.37430915
-0.31062537
-0.05060637
0.21880233
0.01861812
-0.30666071
-0.33803931
-0.34147546
-0.36640483
-0.36380935
-0.39208752
-0.45457545
-0.48635665
-0.50390524
-0.43416229
-0.35206005
-0.39280200
-0.49626544
-0.51558685
-0.55586088
-0.55583251
-0.51018912
-0.53950906
-0.60552192
-0.61818594
-0.40284207
-0.26799607
-0.40291190
-0.52990067
-0.57737702
-0.56544584
-0.54207605
-0.47385895
-0.37697226
-0.29110938
-0.28584066
-0.30781934
-0.31158772
-0.28421935
-0.20347692
-0.46015126
-1.04232526
-1.33390701
-0.80536997
0.59688598
1.49897826
0.39892793
-1.35602820
-1.81352055
-1.10140216
-0.72814661
-0.45997289
-0.54596329
-0.12616402
0.50506073
0.74994940
0.63462311
0.42575732
-0.00497652
-0.11732229
0.18767406
0.09012059
-0.19424427
-0.39244401
-0.47839105
-0.44545355
-0.51950401
-0.56163687
-0.54649121
-0.51182830
-0.48692748
-0.53541881
-0.48044583
-0.35514596
-0.34259260
-0.40766695
-0.42202801
-0.43122488
-0.41051087
-0.32715693
-0.33382925
-0.38783821
-0.38548926
-0.20494013
-0.17337348
-0.32371089
-0.41521513
-0.51036972
-0.45481598
-0.41728115
-0.36168295
-0.27022114
-0.21479994
-0.23333496
-0.27695727
-0.31294897
-0.29446018
-0.21497509
-0.47058481
-1.07419121
-1.22213066
-0.52808082
1.02816951
1.48095763
0.11233077
-1.53597951
-1.59090149
-0.76994032
-0.39560607
0.00684978
-0.27560282
0.15010537
0.30378190
0.32179591
0.42378688
0.15964416
-0.32737687
-0.12412494
0.34890282
0.03628024
-0.27323028
-0.44985378
-0.58788657
-0.44625184
-0.52329451
-0.58346778
-0.50180328
-0.37444976
-0.32992020
-0.43643498
-0.42090797
-0.30131775
-0.27266374
-0.35017768
-0.37984365
-0.35109580
-0.32192147
-0.24570292
-0.25205183
-0.30549115
-0.28721201
-0.15636878
-0.16997758
-0.30090860
-0.35182232
-0.38167644
-0.30985391
-0.28132707
-0.27063552
-0.20991158
-0.21284148
-0.27729979
-0.34175655
-0.36985126
-0.37805787
-0.32099301
-0.57783210
-1.14705729
-1.10919654
-0.22960699
1.26792276
1.43399715
-0.11813520
-1.55517960
-1.34124112
-0.55403799
-0.25431922
0.02025417
-0.23156837
0.18785471
0.39322469
0.14525093
0.16368194
-0.33559683
-0.84137094
-0.53562093
-0.00915290
-0.16438195
-0.32480532
-0.46402594
-0.65985602
-0.36409429
-0.41917610
-0.46055022
-0.35117224
-0.20550703
-0.20702001
-0.35606524
-0.36716357
-0.26835531
-0.25190327
-0.33437160
-0.37740734
-0.32303119
-0.28743118
-0.24363822
-0.27762643
-0.33367634
-0.30658278
-0.21035001
-0.24242634
-0.32922968
-0.33472195
-0.32230455
-0.26439446
-0.25025967
-0.27792990
-0.26086292
-0.30374381
-0.37118295
-0.39507210
-0.38832352
-0.39138561
-0.38226676
-0.69151777
-1.26915979
-1.11197698
-0.13389026
1.25342667
1.22932017
-0.33406299
-1.51172435
-1.30229986
-0.52468306
-0.25969303
0.10898197
0.24004409
0.68647760
0.43958062
-0.02256842
-0.05666453
-0.37983802
-0.51614451
-0.25221086
-0.15945236
-0.19670202
-0.43084335
-0.49045348
-0.81006193
-0.33294734
-0.34318790
-0.36734182
-0.24927789
-0.15515961
-0.19129826
-0.34060484
-0.37124357
-0.29038233
-0.28973648
-0.32733408
-0.34588861
-0.28227973
-0.24928160
-0.25380614
-0.31505167
-0.36115634
-0.32493603
-0.24285074
-0.27661696
-0.32323113
-0.31207687
-0.32320365
-0.28373197
-0.28229377
-0.33724055
-0.35447112
-0.38166171
-0.38438860
-0.35426885
-0.31094405
-0.31958961
-0.37072906
-0.75424010
-1.32410121
-1.12766826
-0.01663653
1.20333314
1.07324195
-0.49460155
-1.52102959
-1.40659249
-0.75120538
-0.42514503
0.03867283
0.67754656
0.76920849
0.11439839
-0.46120849
-0.15403628
-0.21207158
-0.17568937
-0.29497629
-0.47199869
-0.33889937
-0.36477247
-0.48916337
-0.87985033
-0.34840307
-0.30851695
-0.32126379
-0.24844946
-0.22232278
-0.27605164
-0.39103124
-0.41276988
-0.35867366
-0.34514639
-0.32222387
-0.29849631
-0.23616961
-0.21492538
-0.28237265
-0.35984045
-0.37543789
-0.29122818
-0.21417288
-0.25400552
-0.31804988
-0.30346847
-0.30577272
-0.25474635
-0.25066391
-0.31603754
-0.34530333
-0.37305316
-0.34031051
-0.26950264
-0.22808583
-0.27616540
-0.37474722
-0.77842826
-1.31794667
-1.02915311
0.12983629
1.28482366
1.01842928
-0.55795574
-1.44135869
-1.16541374
-0.53618944
-0.40010443
0.05420404
0.35395372
0.31301266
-0.41585824
-0.87035751
-0.61409563
-0.43318009
-0.72519106
-0.95451921
-1.05025649
-0.40646431
-0.18750063
-0.45680380
-0.77573365
-0.32281071
-0.30453461
-0.35219333
-0.32497329
-0.34489751
-0.39179677
-0.44967607
-0.43674159
-0.40410173
-0.39303848
-0.33452922
-0.28723213
-0.22547165
-0.22855209
-0.33589339
-0.39290816
-0.35900441
-0.26736844
-0.24429491
-0.30151719
-0.36540684
-0.33374581
-0.25963983
-0.23058888
-0.24470682
-0.30276051
-0.33236885
-0.35567388
-0.31317353
-0.22911231
-0.21895836
-0.30622485
-0.40918106
-0.78211975
-1.18777859
-0.80295455
0.32343715
1.37961268
0.91864699
-0.72096574
-1.38497615
-1.02158749
-0.50705659
-0.37587324
0.04128166
0.42648330
0.44129211
-0.20650026
-0.68464655
-0.74768847
-0.62203699
-0.87311518
-1.10623741
-0.79826605
-0.04203333
0.10210690
-0.49009916
-0.59909934
-0.26707077
-0.30661944
-0.34562138
-0.33923817
-0.40247861
-0.45655140
-0.46136639
-0.42905691
-0.39717749
-0.38451627
-0.34564760
-0.29608202
-0.22368288
-0.23647909
-0.32635963
-0.33716071
-0.28202209
-0.22774039
-0.28657588
-0.35173041
-0.39462149
-0.34078079
-0.24645853
-0.27368829
-0.30677077
-0.35049343
-0.36204574
-0.37912494
-0.34341502
-0.26880559
-0.28891617
-0.38159361
-0.43784678
-0.73802811
-1.00403881
-0.58994001
0.40958709
1.30757296
0.65024322
-0.95832688
-1.38351679
-1.04016590
-0.63489091
-0.56591558
-0.21890289
0.11707833
0.26323071
-0.08075353
-0.21395211
-0.27251381
-0.28360352
-0.63566095
-0.65754318
-0.26437959
0.48226565
0.11026099
-0.51970154
-0.50997025
-0.25012076
-0.26389679
-0.26759800
-0.26727802
-0.37947345
-0.42187250
-0.39764979
-0.35023224
-0.29043481
-0.26981157
-0.25583768
-0.20019761
-0.14212008
-0.17673799
-0.28468245
-0.29233658
-0.22377837
-0.17405201
-0.28189817
-0.38672379
-0.41811398
-0.33317393
-0.30364409
-0.35742614
-0.38708675
-0.39975959
-0.39048225
-0.39809406
-0.36053988
-0.30367744
-0.34428823
-0.39985332
-0.42914480
-0.65619332
-0.81881052
-0.49887899
0.35735521
1.04686797
0.33083320
-1.01178467
-1.23594439
-1.04888225
-0.96594787
-1.17493665
-1.04903519
-0.51727855
0.06152882
0.21703652
0.25553128
0.01723880
-0.16497225
-0.36867553
-0.18147267
0.31885844
0.47322187
-0.05969385
-0.61312753
-0.44264296
-0.26532069
-0.24297003
-0.22276704
-0.26894793
-0.35029706
-0.33970058
-0.26862642
-0.22022302
-0.16015063
-0.14368139
-0.15555127
-0.12390377
-0.08800620
-0.16943642
-0.31111032
-0.30833432
-0.24100693
-0.20328417
-0.33693311
-0.44498625
-0.41510263
-0.27203161
-0.34579912
-0.36991248
-0.34754094
-0.35803628
-0.34655759
-0.34487447
-0.28815266
-0.27616122
-0.29502606
-0.32468528
-0.34207195
-0.52341223
-0.65174007
-0.45519847
0.29302797
0.76899070
0.18077679
-0.82916266
-0.88398814
-0.81227881
-0.81235158
-0.94314957
-0.67372894
0.12868796
0.68400252
0.66336465
0.26862523
-0.25132939
-0.63760436
-0.62006295
-0.38261086
-0.01897376
-0.13940053
-0.45332038
-0.63376278
-0.26209283
-0.24976902
-0.25827336
-0.27759135
-0.32566771
-0.37986067
-0.30065578
-0.22281702
-0.20177710
-0.12098187
-0.12073119
-0.18069725
-0.16638677
-0.16926242
-0.27591434
-0.38206109
-0.34643528
-0.30221555
-0.27965012
-0.38263384
-0.45023558
-0.36331379
-0.19366932
-0.30523315
-0.31591782
-0.27785197
-0.27657294
-0.28457341
-0.30687144
-0.24594633
-0.23452780
-0.25339639
-0.31401816
-0.32254872
-0.43233117
-0.46848550
-0.33029974
0.32697058
0.57777393
0.05467762
-0.69142359
-0.62603366
-0.52556252
-0.41650012
-0.39911509
-0.18045758
0.58567435
1.01943660
0.65158522
0.19898300
-0.49841470
-0.97877181
-0.87765539
-0.62501508
-0.29980013
-0.38448170
-0.43259692
-0.37860984
-0.08889796
-0.24502714
-0.28985724
-0.31865931
-0.36373129
-0.36929810
-0.30946660
-0.33216491
-0.33475012
-0.25055960
-0.22499900
-0.28745407
-0.26580599
-0.29933155
-0.39549947
-0.46950293
-0.40421778
-0.36632547
-0.34623134
-0.39470568
-0.41862306
-0.36300379
-0.24175221
-0.22509873
-0.30876988
-0.33852088
-0.41094312
-0.44882137
-0.47369763
-0.37237754
-0.29068682
-0.26235807
-0.34117639
-0.35769626
-0.40842238
-0.36954495
-0.26975068
0.20537631
0.28401837
-0.16033562
-0.63863236
-0.50199336
-0.39668238
-0.45853776
-0.59787822
-0.54209971
0.06328978
0.53841400
0.25445488
-0.12188551
-0.61712277
-1.05472994
-0.74716741
-0.44200799
-0.22838926
-0.15579258
-0.24300084
-0.09369166
-0.02739705
-0.27405310
-0.27705458
-0.26406801
-0.25385457
-0.27358118
-0.32726452
-0.41918871
-0.45011464
-0.37571639
-0.33311400
-0.37199035
-0.30744871
-0.34956002
-0.42445716
-0.43693686
-0.34709942
-0.29742983
-0.28415427
-0.25338754
-0.30393833
-0.29456255
-0.26018110
-0.22861947
-0.28135753
-0.39210466
-0.50464571
-0.54376382
-0.49454838
-0.32379359
-0.18797259
-0.09336563
-0.16795276
-0.19650809
-0.31339800
-0.31117043
-0.39223617
-0.17505208
-0.09556033
-0.36847004
-0.51328552
-0.31093645
-0.26677191
-0.61375427
-0.93000728
-1.04220545
-0.31186935
0.28130785
0.17839484
-0.01581478
-0.52437675
-1.14341378
-0.70193970
-0.37383044
-0.09288076
-0.02242435
-0.05260975
0.01131227
-0.09257090
-0.28443807
-0.25187331
-0.15910082
-0.17228353
-0.20260341
-0.32343182
-0.41949713
-0.39492589
-0.32453528
-0.28341877
-0.28262848
-0.15872592
-0.27676046
-0.28685844
-0.21921690
-0.11209869
-0.09900245
-0.11091066
-0.06575675
-0.09708222
-0.12410286
-0.12447265
-0.14159548
-0.15321063
-0.21817523
-0.24529737
-0.18041682
-0.01530052
0.13978109
0.22618681
0.30512926
0.18760829
0.05129590
-0.18887222
-0.38147756
-0.63346851
-0.43068466
-0.18285309
-0.22053891
-0.11838685
0.05233403
0.07140101
-0.37631825
-0.78841293
-0.91860682
-0.09382588
0.34070987
0.58100456
0.26397768
-0.37422359
-1.12878823
-0.78002489
-0.40109593
-0.13369422
-0.06943505
-0.07042573
-0.10157171
-0.16716234
-0.29145718
-0.20977248
-0.12311763
-0.14081340
-0.21170919
-0.36601949
-0.36646891
-0.22791654
-0.12286789
-0.15452778
-0.12156077
-0.07488318
-0.19555365
-0.18140656
-0.01915338
0.06930717
0.06085188
-0.00492356
0.02062941
-0.05038567
-0.12280087
-0.10847855
0.08092956
0.07621292
-0.00659616
0.00208649
0.13262980
0.30179778
0.42562428
0.40298519
0.36583421
0.25593123
0.01740779
-0.34913474
-0.57042485
-0.73791426
-0.33232903
0.03122584
0.11532124
0.17877416
0.15105712
0.04933611
-0.37133026
-0.58492559
-0.71467006
-0.02685093
0.30170900
0.68040311
0.42714322
-0.43958107
-1.23088861
-0.95544404
-0.40800673
-0.11878821
-0.01500134
-0.04997772
-0.26594770
-0.25063023
-0.31897041
-0.25522745
-0.17947195
-0.16027033
-0.23381892
-0.31522611
-0.20679006
0.01379507
0.02848554
-0.08703533
-0.05367926
-0.11684106
-0.20091252
-0.13495822
-0.02048752
0.03403109
0.01172606
-0.09766162
-0.05191140
-0.12542059
-0.15406506
-0.08904492
0.23137952
0.12692127
-0.04043628
-0.05174528
0.04992045
0.14090973
0.25328043
0.16242419
0.10506774
0.02618986
-0.27297515
-0.61163288
-0.67527485
-0.69940394
-0.13359825
0.12338466
0.13293913
0.10297288
0.01194771
-0.22297801
-0.67478824
-0.87091023
-0.95902824
-0.44664353
-0.21312118
0.33217812
-0.02686756
-1.13022244
-1.78586495
-1.26632786
-0.41042000
0.04633015
0.26510832
-0.02746019
-0.31309032
-0.21768065
-0.27403450
-0.33583894
-0.26896012
-0.20561157
-0.21310137
-0.20975806
-0.03047736
0.08339783
-0.03585434
-0.15670015
-0.16161530
-0.19475470
-0.17822929
-0.13823129
-0.14829892
-0.17813987
-0.26270208
-0.38067052
-0.22536398
-0.19856472
-0.14448069
-0.12252409
0.11067031
-0.02985482
-0.15462101
-0.15485735
-0.12534575
-0.05244527
0.05026183
-0.01693645
-0.12256145
-0.17890511
-0.41429958
-0.68476200
-0.75163704
-0.68755692
-0.10120128
0.01995598
-0.01862032
-0.01440911
-0.13566189
-0.42093042
-0.83642012
-0.92010295
-1.08484423
-0.74378133
-0.19324550
0.22873352
-0.06250528
-1.14492667
-1.54995418
-0.91472930
0.04157289
0.64913607
0.55491358
0.04849255
-0.17011034
-0.07336036
-0.21432538
-0.39007249
-0.28782612
-0.14437383
-0.16654770
-0.21283701
-0.15143913
-0.15106617
-0.28006101
-0.32766685
-0.27988583
-0.21076632
-0.15028611
-0.15241161
-0.28853303
-0.38895696
-0.52521956
-0.62167752
-0.37220952
-0.28018808
-0.31367975
-0.36423349
-0.08168933
-0.24599694
-0.26860815
-0.26436192
-0.30006194
-0.21092223
-0.08929936
-0.14323109
-0.25244516
-0.30206680
-0.51777482
-0.76955962
-0.88373786
-0.86266911
-0.21377999
-0.08267474
-0.10718740
-0.04733420
-0.32871276
-0.47898570
-0.70119065
-0.65988135
-1.09713912
-0.97236627
-0.25566769
0.17698644
0.40201429
-0.13913889
-0.14659868
0.32257238
0.92366433
1.10842013
0.51864684
-0.18492843
-0.34660009
-0.06025840
-0.16689251
-0.31418535
-0.22046134
-0.06595112
-0.14213866
-0.29328147
-0.33019498
-0.44407842
-0.46434993
-0.49904975
-0.37581229
-0.23502839
-0.12642980
-0.19716048
-0.32220727
-0.36304972
-0.45265737
-0.47814471
-0.26123929
-0.23060530
-0.40168747
-0.52560520
-0.29010314
-0.42144153
-0.40251255
-0.42462805
-0.46771365
-0.36573976
-0.31974837
-0.33187973
-0.40463290
-0.42476314
-0.62919790
-0.81431723
-0.95323431
-0.84103930
-0.20645741
-0.18675776
-0.25459158
-0.23908280
-0.55285430
-0.58168626
-0.49897668
-0.32757086
-0.81627917
-0.76432276
-0.23299143
0.30282772
0.69943583
0.46365863
0.41335770
0.70783085
0.91413653
0.77051497
0.12490160
-0.39942735
-0.48215681
-0.21234274
-0.25182185
-0.29908022
-0.19311565
-0.04779386
-0.14096093
-0.24235469
-0.29042023
-0.47902396
-0.44673702
-0.43504921
-0.31626183
-0.17258459
-0.10855792
-0.20560189
-0.31997597
-0.35930076
-0.45169452
-0.40379754
-0.15583083
-0.13647178
-0.42023072
-0.52273071
-0.36234426
-0.44730517
-0.43698952
-0.47061118
-0.47083277
-0.42153686
-0.41909415
-0.34765807
-0.33129790
-0.32768649
-0.63201153
-0.83530343
-0.89497441
-0.59414685
-0.04362496
-0.09513701
-0.14327022
-0.21278200
-0.48199296
-0.35653663
-0.24130625
-0.08505543
-0.45472401
-0.44344088
-0.09146891
0.19561486
0.48254585
0.05180302
-0.51793337
-0.37427500
0.01264127
-0.04683064
-0.19433624
-0.40154189
-0.35697567
-0.19144048
-0.22801363
-0.20529994
-0.08176064
-0.02166728
-0.04755414
-0.07335611
-0.14132218
-0.23028508
-0.15857778
-0.14811708
-0.16297853
-0.11249715
-0.14993657
-0.30613843
-0.39522323
-0.42413339
-0.50527650
-0.37929547
-0.23258817
-0.35569414
-0.66205031
-0.61534214
-0.18267469
-0.18308364
-0.22386141
-0.24228339
-0.19262056
-0.17713222
-0.12698735
-0.02229923
-0.05067927
-0.14512947
-0.55674678
-0.79157126
-0.76798928
-0.33482382
0.16505966
0.07379842
0.07474484
-0.04501816
-0.30454758
-0.11518953
-0.22746533
-0.27923632
-0.42926136
-0.14892161
0.10937496
0.24237753
0.41287026
-0.14280446
-0.96143091
-0.90016329
-0.42624155
-0.20752926
-0.12661891
-0.28528795
-0.19868164
-0.01516686
-0.05141305
0.00286113
0.05303450
0.02555322
-0.08516224
-0.10521755
-0.14897902
-0.14881790
-0.09418569
-0.16873133
-0.22199081
-0.20621890
-0.25137571
-0.36614573
-0.42823926
-0.42949036
-0.49509317
-0.33719990
-0.39385313
-0.66329634
-0.86323881
-0.63112104
0.11170533
0.07852638
-0.01126570
-0.01042510
0.03736110
0.03409453
0.10374042
0.16382523
0.05016088
-0.07017808
-0.53170872
-0.75092304
-0.61814982
-0.18466187
0.14430441
-0.00786751
-0.08320636
-0.23897788
-0.45452631
-0.18826403
-0.41649976
-0.91019034
-1.09877253
-0.72591460
-0.37174273
-0.13792227
0.22457781
-0.13228819
-0.70794654
-0.66847104
-0.25982827
-0.02968650
-0.02778733
-0.22879450
-0.28537294
-0.05864462
-0.07074543
-0.00940035
-0.06597119
-0.11883183
-0.26633027
-0.25853845
-0.29382190
-0.29932350
-0.25666302
-0.32348236
-0.34545633
-0.29202428
-0.29731238
-0.29173332
-0.36469561
-0.36430600
-0.43805781
-0.24774083
-0.32857949
-0.50407982
-0.52226037
-0.26864463
0.15661067
0.09032922
0.01476227
-0.00845020
-0.00723187
0.00124673
0.08440836
0.05289342
-0.14984298
-0.27518407
-0.66829640
-0.79996741
-0.60247910
-0.22697091
-0.02277144
-0.28392771
-0.36501145
-0.47549304
-0.38745835
-0.06223631
-0.38261375
-0.94738328
-1.33427787
-0.99259788
-0.41870746
0.00644633
0.17272477
-0.32117721
-0.84418672
-0.71772879
-0.33093205
-0.09459657
-0.17500564
-0.42186251
-0.57347089
-0.33603817
-0.32517254
-0.29313231
-0.43711391
-0.36883301
-0.39962649
-0.32670724
-0.27985537
-0.29738483
-0.26120335
-0.31595829
-0.30888677
-0.22686814
-0.24460362
-0.20967910
-0.30833033
-0.31672376
-0.36093745
-0.05808220
-0.08856948
-0.15276602
-0.02726673
0.17868504
-0.05791871
-0.12142728
-0.13191919
-0.14138746
-0.15635097
-0.08503097
-0.01324679
-0.15693294
-0.34534693
-0.39403433
-0.77241766
-0.86102343
-0.67975098
-0.43624321
-0.29948640
-0.52200526
-0.45070192
-0.32806474
-0.04029808
0.33060193
-0.18151484
-0.89107108
-1.09845722
-0.59922993
0.09260315
0.55368364
0.23076701
-0.62365842
-1.05696309
-0.87756902
-0.41163111
-0.19673404
-0.30549601
-0.52006823
-0.61721748
-0.37697354
-0.38875890
-0.50089747
-0.70169479
-0.49462518
-0.44110528
-0.35298148
-0.23245108
-0.18813580
-0.21626388
-0.30731365
-0.35613492
-0.28381357
-0.34742388
-0.31338972
-0.37977746
-0.36145288
-0.24224961
-0.01876043
-0.03512689
-0.06491701
0.11571550
0.22765453
-0.18371056
-0.21484467
-0.20313880
-0.31111735
-0.34502366
-0.24913403
-0.16773452
-0.25111547
-0.25419393
-0.28791609
-0.72471595
-0.91910893
-0.80662149
-0.61877126
-0.34721434
-0.45726612
-0.25039464
0.07698331
0.28944060
0.14772159
-0.86160034
-1.49050641
-1.15842998
-0.10821228
0.98382813
1.13922179
0.27812463
-0.72700995
-0.98710704
-0.71588969
-0.23503734
-0.01242263
-0.16049659
-0.50749016
-0.48413017
-0.13687634
-0.17529888
-0.27535707
-0.49999833
-0.35884768
-0.39085269
-0.37762499
-0.23063137
-0.19644669
-0.20453294
-0.25781557
-0.29761237
-0.25934643
-0.42963907
-0.39892715
-0.35718718
-0.24667357
-0.16578633
-0.12437698
-0.19001332
-0.21351202
-0.17178203
-0.12579224
-0.21262595
-0.26033917
-0.29656053
-0.38787204
-0.38441205
-0.33597440
-0.22566076
-0.23159109
-0.16545562
-0.15576188
-0.68625098
-1.00255501
-0.96333337
-0.58909392
-0.04864998
-0.14781801
0.08037754
0.47881639
0.42629454
-0.36416322
-1.62823689
-1.99090099
-1.43999100
-0.20143227
0.69872069
0.32373491
-0.54901475
-1.04457080
-0.82578111
-0.40011626
-0.00804973
0.26330394
-0.04865210
-0.30751818
-0.26505500
0.11778946
-0.13569453
-0.28481749
-0.48721755
-0.34602392
-0.32646072
-0.34970120
-0.12270039
-0.12604508
-0.21397841
-0.23174296
-0.24887945
-0.21347690
-0.30586097
-0.20276266
-0.15215801
-0.15156363
-0.17711920
-0.23139140
-0.28101480
-0.25908548
-0.27350831
-0.27908266
-0.24917121
-0.26091871
-0.28536081
-0.34551224
-0.30248150
-0.25888443
-0.09272411
-0.08107585
0.03239289
-0.04354265
-0.66942966
-1.00682652
-0.81058329
-0.20169429
0.50083399
0.37388846
0.36143613
0.68302178
0.34857613
-0.51904756
-1.44333375
-1.65715349
-0.94304860
-0.02491818
0.24564381
-0.57122141
-1.15172052
-1.21406221
-0.73038125
-0.37111950
-0.00897618
0.28036001
-0.04882047
-0.12654115
-0.03627976
0.19818236
-0.30991173
-0.40234429
-0.50967979
-0.31178448
-0.20696042
-0.13254793
0.10508350
0.10139178
-0.09413553
-0.14473858
-0.21404143
-0.15636031
-0.20233783
-0.16690829
-0.14287378
-0.14024079
-0.12908168
-0.18863159
-0.21823438
-0.25770971
-0.29382211
-0.25446665
-0.32171279
-0.33816084
-0.35111007
-0.35779151
-0.18109736
-0.14302948
-0.05751171
-0.05857693
0.08094042
-0.04895903
-0.64686430
-1.03246629
-0.66134322
0.02603634
0.64750153
0.42183384
0.18859915
0.57893896
0.37209371
-0.02090728
-0.59141666
-0.54754001
0.40706649
1.26341081
1.07062125
0.19832355
-0.53237039
-0.94548911
-0.88674867
-0.60065752
-0.07630434
0.26228037
-0.01936699
0.13540934
0.17717229
-0.00730800
-0.46012869
-0.45510164
-0.35023221
-0.10256179
0.05694716
0.07597058
0.31207919
0.26379526
-0.00722734
-0.09034726
-0.14665319
-0.15411495
-0.16939802
-0.17603111
-0.06410892
-0.04403369
-0.06040654
-0.11054608
-0.20795083
-0.26071137
-0.31280768
-0.25889125
-0.40332413
-0.40051493
-0.29800668
-0.21057980
-0.07148288
-0.11873835
-0.19329132
-0.27301845
-0.15425430
-0.17148118
-0.71367455
-1.14095950
-0.85816282
-0.28592822
0.08944241
-0.03280969
-0.23074652
0.27762321
0.27847144
-0.09136982
-0.74968141
-0.87572485
-0.00280684
0.76110810
0.78978586
0.34955373
-0.07644989
-0.56579643
-0.66847140
-0.09274218
0.53285098
0.51975119
0.16159789
0.16706724
0.05774440
-0.16177522
-0.44141120
-0.33254516
-0.11071708
0.08034818
0.23491193
0.10686626
0.28665844
0.23261651
0.01887254
-0.04178749
-0.16636233
-0.25145972
-0.17723185
-0.13812456
-0.02607626
-0.04162170
-0.08552079
-0.11803134
-0.24023999
-0.29650536
-0.24696165
-0.20489544
-0.22383757
-0.29268041
-0.15777625
-0.15438747
-0.11059272
-0.17159112
-0.32311147
-0.42057276
-0.32048753
-0.24698131
-0.75987601
-1.23027503
-1.13010848
-0.86057198
-0.45826146
-0.38054687
-0.47922832
0.11101440
0.05249078
-0.57130969
-1.32399726
-1.82263863
-1.20261049
-0.75182956
-0.34078208
-0.28837478
-0.38647360
-0.33436003
-0.02216227
0.88210428
1.15003371
0.61535257
-0.30918020
-0.48106351
-0.54824156
-0.43160987
-0.29345995
-0.16675466
0.05230903
0.15018408
0.13115139
-0.16649063
-0.05819523
-0.02014942
-0.14155503
-0.15269527
-0.22905546
-0.27876985
-0.21477225
-0.16456096
-0.07340241
-0.17460938
-0.24438331
-0.19139342
-0.21052374
-0.20649752
-0.18793507
-0.15565714
-0.26274374
-0.26256162
-0.14673086
-0.20524542
-0.22440134
-0.37414917
-0.43279988
-0.56911772
-0.45484108
-0.31023932
-0.65816271
-1.12295425
-1.17973137
-0.84825039
-0.24777630
0.01622218
-0.05802334
0.24836756
-0.01183410
-0.71317244
-1.36426902
-1.95922482
-1.71799839
-1.50456071
-1.32622874
-0.77019995
-0.60409391
-0.02629660
0.57495308
1.35605609
1.13731158
0.06029023
-0.96949023
-1.07513201
-0.70373642
-0.27991313
-0.10047157
-0.19540244
0.00467354
0.02710522
-0.07006366
-0.30429038
-0.18386477
-0.16239727
-0.26133779
-0.32011303
-0.36279050
-0.47544569
-0.45928186
-0.38186797
-0.28204474
-0.42131206
-0.45320487
-0.26594383
-0.21629477
-0.25271663
-0.27304628
-0.19661452
-0.23659992
-0.26503742
-0.15170671
-0.29037273
-0.35201022
-0.48203862
-0.49011898
-0.50701392
-0.35596147
-0.24143201
-0.56179744
-1.05332637
-1.04143417
-0.51931775
0.37819034
0.78084362
0.70841014
0.76735526
0.34142065
-0.30181080
-1.07524824
-1.81331301
-1.43813550
-1.18884218
-1.10052097
-0.47368330
-0.32018945
0.38423923
0.60434651
0.73195869
0.32798082
-0.56056017
-0.96580321
-0.88570106
-0.21566087
-0.00146694
-0.15922220
-0.44159958
-0.18214582
-0.08583010
-0.08090573
-0.27672219
-0.20286214
-0.23093793
-0.41221455
-0.50720006
-0.47671431
-0.60867810
-0.58841753
-0.51464522
-0.45799351
-0.60897946
-0.54173172
-0.29216981
-0.26570857
-0.29739648
-0.29070827
-0.20804605
-0.08530243
-0.22029689
-0.22709373
-0.36818284
-0.35685220
-0.29204431
-0.19922388
-0.14297409
-0.05256810
0.10726702
-0.07654751
-0.28816542
-0.25653112
0.18164070
1.02458608
1.18243051
0.96430463
0.95047289
0.60155714
-0.07981235
-0.88463324
-1.44606650
-0.76349592
-0.11408168
-0.02112979
0.36490813
0.42661738
0.91350669
0.61181504
0.04331807
-0.18524060
-0.72724980
-0.80042541
-0.67990196
-0.07216029
0.05947283
-0.34525210
-0.65006340
-0.33907819
-0.23582159
-0.29973590
-0.45910364
-0.26411805
-0.22903542
-0.40893772
-0.47973174
-0.36422023
-0.38581386
-0.32755238
-0.28045136
-0.32606944
-0.40361306
-0.21267244
-0.01825165
-0.07722683
-0.14456724
-0.19790120
-0.14650476
0.00939965
-0.10014365
-0.12488409
-0.18032233
-0.12148818
0.06471887
0.10020199
0.07305684
0.13883024
0.33435816
0.43447182
0.31798244
0.22409539
0.33302823
0.91331393
0.84875494
0.55797756
0.44997069
0.38553786
-0.02752702
-0.43719614
-0.51100510
0.31709814
0.91411245
0.59558058
0.77524698
0.91769320
1.41291869
0.88580298
0.10783219
-0.09403926
-0.62844110
-0.67588526
-0.52828687
-0.15416136
-0.22439575
-0.54431033
-0.67367768
-0.36920199
-0.35554987
-0.44227183
-0.49261621
-0.28030810
-0.17642121
-0.31662297
-0.32498005
-0.16161151
-0.06135489
0.04905630
0.10739783
0.00475142
0.06770155
0.19628663
0.19234714
-0.01943756
-0.13818070
-0.15560131
-0.10757505
-0.03013923
-0.15293413
-0.05078203
-0.12614639
-0.02081399
0.16681492
0.19108310
0.13900085
0.08999209
0.24269086
0.40645379
0.16262794
-0.03354886
-0.01174227
0.36102295
0.26559773
-0.00499574
-0.06854820
0.09994595
-0.04911345
-0.17881027
-0.16521402
0.14262225
0.26902094
-0.41842580
-0.27314788
0.34593672
0.78276306
0.61888129
0.14665321
-0.04061581
-0.57783949
-0.47888491
-0.31832951
-0.24375860
-0.40924573
-0.64268053
-0.37936610
-0.10093686
-0.11790492
-0.11500110
-0.12652813
0.00856241
-0.00341270
-0.15067621
-0.14022337
0.05760983
0.19287673
0.26681486
0.23681498
0.10835746
0.19711000
0.26689240
0.14594673
-0.04741002
-0.13530046
-0.17226502
-0.23214313
-0.16582036
-0.38279092
-0.29729375
-0.34900433
-0.20374253
0.02084135
0.00514065
0.01389256
-0.07600799
-0.02797680
-0.10990380
-0.41076458
-0.58787900
-0.48099369
-0.23546490
-0.26260301
-0.33165398
-0.12736014
-0.03458163
-0.38636634
-0.84186506
-1.07408774
-1.06697667
-1.03479683
-1.34257078
-0.87125587
-0.10830895
0.32301822
0.40010640
0.13723646
-0.15543085
-0.47174805
-0.32492614
-0.03908986
-0.05435056
-0.26651910
-0.41089001
-0.04461511
0.17357686
0.13576950
0.13698664
0.21789311
0.32259619
0.14836329
-0.03450168
-0.00533115
0.17905234
0.31351212
0.22904252
0.08099853
-0.06086348
-0.01689866
-0.02078240
-0.05970854
-0.07317078
-0.13140342
-0.23167413
-0.30538863
-0.24761735
-0.41622320
-0.31806830
-0.36701620
-0.22480161
0.01715469
-0.08735207
-0.04547735
-0.14898036
-0.22526766
-0.28011742
-0.50295818
-0.57677275
-0.54538321
-0.57790977
-0.40988216
-0.35110474
-0.14795187
-0.09386190
-0.19414137
-0.53230739
-0.61043680
-0.61059403
-0.62393075
-0.84779704
-0.37451628
0.36897221
0.66396993
0.57547390
0.23257996
-0.18746524
-0.37072325
-0.25077605
0.03609204
-0.04909995
-0.28107607
-0.23876287
0.12942901
0.36073703
0.12186869
0.07724036
0.24070108
0.31361911
0.05929667
-0.10606898
-0.04756189
0.14034422
0.19726215
-0.04599604
-0.15696646
-0.35838744
-0.35339057
-0.25250790
-0.15901238
-0.08409899
-0.11599464
-0.24463102
-0.31390902
-0.19339459
-0.27090982
-0.19053653
-0.27691478
-0.17911796
0.00214307
-0.24639133
-0.13903016
-0.19378178
-0.34315777
-0.32163566
-0.42986786
-0.50774854
-0.85369217
-0.73732734
-0.53922951
-0.28374061
-0.17550156
-0.13121453
-0.13913244
-0.35344842
-0.49335891
-0.59317213
-0.66274405
-0.94733852
-0.46290573
0.09095772
0.61377090
0.51312053
0.14638726
-0.31506369
-0.41223601
-0.26067868
-0.06191117
-0.36057803
-0.53364259
-0.26787078
0.15145186
0.20973331
-0.10772787
-0.13936152
0.04507484
0.04114750
-0.02429835
-0.22479656
-0.25902498
-0.15986010
-0.19849975
-0.45615640
-0.51389641
-0.76625651
-0.63650841
-0.25811568
-0.06532418
-0.01799041
-0.12356213
-0.28817812
-0.34732503
-0.18150115
-0.11429214
-0.12539722
-0.30632403
-0.31688201
-0.29507896
-0.39938676
-0.12627777
-0.02130583
-0.22686116
-0.22665259
-0.45748416
-0.64347082
-0.87286907
-0.64390081
-0.31159323
-0.06851240
0.02486291
-0.07038500
0.08501255
-0.03469840
-0.11315169
-0.24975611
-0.46301329
-0.79749656
-0.61611605
-0.05578030
0.43032861
0.31646782
-0.22849484
-0.55865031
-0.65116465
-0.47459564
-0.31195924
-0.50606000
-0.54587978
-0.07558371
0.23876569
0.13638420
-0.09069616
-0.19613433
-0.04404818
-0.03211090
-0.16143310
-0.55363053
-0.54132527
-0.46663034
-0.39195019
-0.57380778
-0.66214353
-0.83322918
-0.58336055
-0.15612309
-0.00833730
-0.04691393
-0.26185498
-0.44416639
-0.37945181
-0.23334156
-0.07589195
-0.29268426
-0.36933696
-0.59923893
-0.68895453
-0.57973111
-0.04013048
-0.05023574
-0.38268524
-0.35212526
-0.49799067
-0.48864245
-0.42007509
-0.05316994
0.21786025
0.32039613
0.26890233
0.19355235
0.14556961
-0.04030234
-0.21843323
-0.22248006
-0.39941671
-0.65707386
-0.36309358
0.21957247
0.57491487
0.18438087
-0.47584325
-0.78464305
-0.86262709
-0.57829171
-0.31686127
-0.38995689
-0.42076588
-0.03589695
0.13253368
-0.06114864
-0.47724098
-0.59712154
-0.30773476
-0.22424734
-0.35430044
-0.71832579
-0.59538412
-0.37923935
-0.13418518
-0.21226895
-0.43474877
-0.72794646
-0.50469059
-0.19270836
-0.08032820
-0.16172200
-0.34965280
-0.51178282
-0.39982039
-0.17094216
-0.07453442
-0.52680755
-0.43065584
-0.60050696
-0.53091502
-0.18060994
0.35186759
0.08171977
-0.38675755
-0.21919304
-0.19782253
-0.16397150
0.10469382
0.42902288
0.51658362
0.33188060
0.23918924
0.09852172
-0.04148590
-0.28983504
-0.41645664
-0.32040107
-0.41554332
-0.42512199
-0.16351049
0.34015906
0.26761025
0.02370175
-0.56736732
-0.70533782
-0.80054504
-0.53739882
-0.32797635
-0.53963155
-0.60324615
-0.43913388
-0.44569704
-0.62991512
-0.93109691
-0.71794593
-0.24941836
-0.08840024
-0.37079045
-0.62797070
-0.42877343
-0.18595029
0.08200262
0.03273583
-0.35089272
-0.70026886
-0.44023806
-0.14006579
-0.00477658
-0.03205356
-0.15729433
-0.27368832
-0.20182462
-0.21895815
-0.22719322
-0.58017045
-0.17396997
-0.12971412
-0.07375122
0.37162942
0.67380935
0.19978181
-0.14646699
0.12274045
-0.01554159
-0.04022072
0.17564450
0.32751060
0.16734637
-0.05866272
-0.09943107
-0.25395408
-0.41799119
-0.55188978
-0.52734786
-0.38127843
-0.32990953
-0.26660395
-0.01168444
0.22331297
0.00304824
-0.07993413
-0.32508948
-0.26886144
-0.27587068
-0.11683816
-0.04113282
-0.46217629
-0.59523094
-0.58172286
-0.66277385
-0.65447825
-0.68760341
-0.26614079
0.17110984
0.05191487
-0.25801432
-0.41582131
-0.13091356
0.05886950
0.17629147
-0.11053942
-0.44537607
-0.43577760
-0.11113502
0.19231668
0.38176212
0.28400785
0.00393817
-0.17935258
-0.19780919
-0.77232361
-0.82664710
-0.85232925
-0.81803042
-0.81136394
-0.87859827
-1.01098108
-1.15698445
-1.18463564
-1.06979096
-1.00065899
-1.01815856
-1.07969153
-1.07511806
-0.93044394
-0.83919668
-1.04215169
-1.52911294
-1.65898669
-1.25080609
-0.74724215
-0.44915736
-0.16886631
0.00694936
-0.00047654
-0.07958126
-0.06288555
-0.14573340
-0.50592458
-0.98741430
-1.29630601
-1.36768842
-1.22948754
-1.16234827
-1.24958789
-1.33928144
-1.41265345
-1.57138336
-1.61071634
-1.49245036
-1.27934372
-1.16494107
-1.31198180
-1.40161610
-1.23583376
-1.01174247
-0.93331641
-1.26902962
-1.37299824
-1.14027810
-0.81580281
-0.84374529
-1.06333160
-1.10854912
-1.04107296
-0.87820083
-0.74281919
-0.70145547
-0.79334271
-0.84965885
-0.86666924
-0.82221735
-0.84002239
-0.95196354
-1.12112057
-1.25165260
-1.20426548
-1.04469800
-0.96393049
-0.98920977
-1.04257631
-1.06040001
-0.97847486
-0.97870463
-1.23240221
-1.62694931
-1.51103425
-0.96464837
-0.45684174
-0.20741320
-0.09719599
-0.05434711
-0.19457662
-0.39507720
-0.37031862
-0.36260173
-0.63715982
-1.05881655
-1.36078227
-1.42170322
-1.24429071
-1.16735125
-1.24621797
-1.28615057
-1.35278213
-1.53267503
-1.53560698
-1.38289952
-1.12135780
-1.06225193
-1.26719332
-1.33667445
-1.15336215
-0.86913735
-0.79276913
-1.17763722
-1.38278341
-1.19629693
-0.87806904
-0.88653368
-1.08839691
-1.12758553
-0.97887623
-0.77741235
-0.72660851
-0.75114042
-0.89604980
-0.95851982
-0.96064794
-0.92970747
-0.97285092
-1.09957600
-1.27388275
-1.33484554
-1.19985008
-1.00455153
-0.93052119
-0.93852097
-1.01785707
-1.10959244
-1.09747529
-1.12303853
-1.33440471
-1.58686161
-1.27430189
-0.76846546
-0.35044718
-0.19780336
-0.25506446
-0.34946314
-0.53791040
-0.67001623
-0.58637416
-0.54031914
-0.77413785
-1.15364051
-1.39087343
-1.37344301
-1.16643202
-1.06890845
-1.08115113
-1.10298502
-1.24584806
-1.42752314
-1.39948893
-1.19467378
-0.95089757
-1.01908171
-1.25400889
-1.24175632
-0.99519700
-0.67433089
-0.67271650
-1.15259910
-1.42551148
-1.22995055
-0.88997555
-0.85587883
-1.02884293
-1.04264820
-0.86453909
-0.71421146
-0.74977171
-0.82666790
-1.10021424
-1.15210593
-1.12581468
-1.10269237
-1.15221488
-1.27013481
-1.38686347
-1.35977638
-1.12524021
-0.91927087
-0.85198975
-0.86577016
-0.94182426
-1.02267098
-1.06711996
-1.08188498
-1.20520616
-1.31761634
-1.03974640
-0.67514902
-0.39661252
-0.34432042
-0.46641955
-0.59984744
-0.69655061
-0.68846166
-0.63671333
-0.61059761
-0.83954591
-1.15594244
-1.30609596
-1.21954548
-1.02207398
-0.90689927
-0.83348793
-0.88812286
-1.12102163
-1.30185580
-1.22804093
-1.00090110
-0.84289956
-1.02693069
-1.24948621
-1.11346197
-0.81092995
-0.54087722
-0.61299807
-1.20244133
-1.46617055
-1.16776955
-0.80594921
-0.77368057
-0.88140053
-0.84424990
-0.68139350
-0.59383345
-0.68701273
-0.78220916
-1.27648985
-1.29442334
-1.25294900
-1.24660707
-1.30743539
-1.40242577
-1.45774913
-1.31946945
-1.05797100
-0.88492829
-0.80292547
-0.80680341
-0.89529461
-0.98746026
-1.00295353
-0.95381445
-0.93577778
-0.95594287
-0.80042046
-0.58817565
-0.40051463
-0.39732322
-0.52918649
-0.68991274
-0.64914441
-0.52316612
-0.49386686
-0.57681704
-0.78418905
-1.01754665
-1.08129787
-0.98963398
-0.84421104
-0.67730671
-0.56348997
-0.72169417
-1.01225388
-1.17598629
-1.04009771
-0.81608289
-0.81183320
-1.09128726
-1.23034036
-0.98370582
-0.69563258
-0.51375091
-0.70627844
-1.31837869
-1.46905565
-1.05725610
-0.68715745
-0.62043631
-0.68599433
-0.64596361
-0.53388697
-0.50306720
-0.59870166
-0.67053300
-1.39616776
-1.37420845
-1.33629835
-1.33613718
-1.37421894
-1.41519797
-1.38087904
-1.17749786
-0.94712210
-0.81020582
-0.73487628
-0.73902094
-0.79926807
-0.84731209
-0.78887308
-0.72338706
-0.68690687
-0.67836684
-0.63654751
-0.54790616
-0.40214503
-0.39010295
-0.50510031
-0.55696422
-0.46974087
-0.31009388
-0.35905072
-0.52492166
-0.70684713
-0.83445704
-0.85427511
-0.85547787
-0.77553344
-0.56751174
-0.46360907
-0.70303583
-1.03321099
-1.12116444
-0.92270672
-0.75025237
-0.90658969
-1.26501346
-1.24770510
-0.90841967
-0.64979273
-0.58786720
-0.87318075
-1.42182672
-1.39099765
-0.93149555
-0.57652378
-0.50646913
-0.60246348
-0.56503034
-0.46389806
-0.46457875
-0.56360918
-0.56569022
-1.42807651
-1.37587631
-1.35125828
-1.35475254
-1.36860275
-1.35068655
-1.26447237
-1.08857000
-0.92363566
-0.83549112
-0.80008054
-0.77742893
-0.79709715
-0.82614088
-0.72967166
-0.58759606
-0.46830961
-0.51568902
-0.65797949
-0.58153796
-0.39283434
-0.33629927
-0.43178877
-0.42536741
-0.36680070
-0.26926592
-0.33575082
-0.54427105
-0.68909901
-0.73226625
-0.78994280
-0.90700299
-0.84802234
-0.59991533
-0.55003333
-0.87973046
-1.19041383
-1.17361438
-0.91385341
-0.85014689
-1.12713528
-1.45323241
-1.25327992
-0.90981483
-0.73277557
-0.76876330
-1.09736979
-1.49618936
-1.27227092
-0.84581155
-0.54694003
-0.52272075
-0.68427253
-0.66497642
-0.56981003
-0.55825561
-0.62991631
-0.58096629
-1.37344241
-1.33038604
-1.30560219
-1.29899919
-1.27764928
-1.25071633
-1.20111167
-1.09794855
-1.03083026
-1.03089225
-0.99192667
-0.92442429
-0.93012184
-0.97012264
-0.87276322
-0.65644699
-0.50118637
-0.74079627
-1.00958526
-0.84472871
-0.53554040
-0.44724643
-0.57435024
-0.58200371
-0.51504278
-0.49436885
-0.58160454
-0.73191530
-0.82168263
-0.85746354
-0.93587995
-1.01661289
-0.84152812
-0.60438931
-0.72402388
-1.13475752
-1.40318835
-1.28884649
-1.04222012
-1.06559658
-1.38729763
-1.56431925
-1.26753116
-1.01193964
-0.95540184
-1.04732525
-1.33087218
-1.52040267
-1.18137479
-0.83523524
-0.66437751
-0.70253950
-0.87375522
-0.88357747
-0.80628419
-0.82846075
-0.88515383
-0.77739358
-1.30847907
-1.27593768
-1.24040103
-1.21029091
-1.18501556
-1.20161474
-1.21594799
-1.18962979
-1.19548416
-1.23155439
-1.15113223
-1.06576812
-1.09122348
-1.12537587
-0.98536605
-0.70558500
-0.78781313
-1.34698510
-1.60690796
-1.18513918
-0.76517701
-0.78600419
-0.89296240
-0.92646164
-0.85220927
-0.82786119
-0.86920989
-1.00703323
-1.02008903
-0.98127872
-1.00833046
-1.02117252
-0.74600643
-0.65591216
-0.97824025
-1.46854842
-1.67646682
-1.46088958
-1.25457811
-1.31680024
-1.56505990
-1.55220139
-1.28821802
-1.13849580
-1.12895334
-1.21282637
-1.39348793
-1.41885328
-1.07311547
-0.81263536
-0.75620365
-0.82895559
-0.96554971
-0.97752923
-0.94226003
-0.98182756
-1.01079869
-0.89284164
-1.29798627
-1.26515245
-1.22181702
-1.18263030
-1.20280170
-1.27709019
-1.32846880
-1.33396339
-1.35865676
-1.35706913
-1.24842417
-1.18108463
-1.22131109
-1.18856955
-0.95460409
-0.78870851
-1.31077719
-2.03217506
-2.01427817
-1.28751957
-1.04365575
-1.04926467
-1.08583736
-0.97037917
-0.84773719
-0.83485430
-0.97597903
-1.15555429
-1.15275955
-1.11594462
-0.99969900
-0.80974346
-0.61035049
-0.85114110
-1.39183092
-1.85593557
-1.84435546
-1.54144275
-1.34815288
-1.36222768
-1.47697222
-1.34421980
-1.17464340
-1.12161624
-1.14020431
-1.21478474
-1.29138386
-1.22498453
-0.96146959
-0.79069066
-0.78245801
-0.84572279
-0.91761190
-0.91076750
-0.92093116
-0.96495175
-0.92805356
-0.84085387
-1.26696360
-1.22015285
-1.16034210
-1.14370668
-1.21066833
-1.29375911
-1.33710742
-1.34416866
-1.33626378
-1.26810396
-1.14111054
-1.10699916
-1.12962210
-1.00164092
-0.75123227
-1.05735826
-1.99595594
-2.56116605
-1.90591335
-1.28108156
-1.13372850
-1.07974815
-0.93170279
-0.77206939
-0.79846495
-1.03350997
-1.30723131
-1.50121391
-1.35039353
-1.17126322
-0.88195449
-0.66297704
-0.79540038
-1.23673356
-1.83848226
-2.08655953
-1.80452371
-1.45930445
-1.24498069
-1.19591606
-1.18507886
-1.04184461
-0.97612107
-0.98558033
-0.99241197
-1.05654919
-1.07386482
-0.96170747
-0.78788632
-0.71754968
-0.73736298
-0.77594918
-0.76497662
-0.74208039
-0.78729099
-0.83547580
-0.76709509
-0.69867700
-1.14849555
-1.10234559
-1.04807520
-1.07382178
-1.14822710
-1.20529807
-1.22236180
-1.19681919
-1.15770376
-1.07490468
-0.96997583
-0.95998102
-0.93103373
-0.67130786
-0.62789929
-1.46661091
-2.57894468
-2.53097606
-1.46201134
-1.03383732
-1.02205515
-0.96705288
-0.74171102
-0.63279068
-1.03224170
-1.54351747
-1.76255512
-1.56403375
-1.38726628
-1.04188442
-0.76860797
-0.80859500
-1.16223752
-1.69898760
-2.06167126
-1.98371625
-1.59606075
-1.19625473
-0.98412955
-0.88045496
-0.81110269
-0.71172446
-0.72614336
-0.76958013
-0.75962126
-0.78959459
-0.80011767
-0.70348877
-0.62219912
-0.61873996
-0.64034432
-0.60039836
-0.51698512
-0.53108484
-0.62128735
-0.61463743
-0.53638607
-0.50280529
-0.93601894
-0.89793360
-0.89265007
-0.95620543
-1.02131319
-1.03606474
-1.01863050
-0.95030946
-0.87907237
-0.79860282
-0.72994512
-0.75035727
-0.65630430
-0.38506582
-0.76951921
-1.93465471
-2.66617179
-1.90659618
-0.93818837
-0.66910082
-0.74664748
-0.79189461
-0.62001121
-0.83177465
-1.36966193
-1.70783067
-1.64774477
-1.58440626
-1.22414386
-0.75715303
-0.67615044
-1.12023115
-1.52254903
-1.85445070
-1.85961473
-1.62604415
-1.22930586
-0.89326429
-0.71130979
-0.62914497
-0.56897259
-0.53551394
-0.59274292
-0.64052784
-0.59624088
-0.58601147
-0.57185835
-0.50264204
-0.48859707
-0.51895785
-0.51347071
-0.41035837
-0.31853461
-0.39064792
-0.49317786
-0.44306132
-0.38173226
-0.36650991
-0.63953334
-0.62123078
-0.66300756
-0.73657775
-0.77827924
-0.75660515
-0.68842626
-0.62590343
-0.61528933
-0.61500967
-0.59551162
-0.61237854
-0.46845540
-0.36906233
-1.14449120
-2.40219998
-2.43246722
-1.24853492
-0.52257979
-0.37009367
-0.66077572
-0.81853139
-0.72504711
-1.04459548
-1.62822402
-1.86407006
-1.76729321
-1.55779779
-1.17322397
-0.82621855
-1.04594815
-1.40926492
-1.65737796
-1.67316115
-1.45114195
-1.16597879
-0.89877522
-0.68114728
-0.56714678
-0.53635317
-0.51039243
-0.51918495
-0.60785931
-0.64320725
-0.57327676
-0.51560789
-0.47789180
-0.42739707
-0.42313316
-0.44166288
-0.40726531
-0.27329135
-0.23808195
-0.38454637
-0.49732932
-0.38804629
-0.31727636
-0.32330436
-0.46972629
-0.49551937
-0.56826693
-0.60725784
-0.63769281
-0.60692745
-0.54219902
-0.51141322
-0.53504920
-0.58971804
-0.61665314
-0.61642832
-0.44764003
-0.51626873
-1.54473698
-2.52560258
-1.91418147
-0.75266331
-0.22730356
-0.25798127
-0.64650273
-0.70362943
-0.82478976
-1.30726182
-1.61133814
-1.82586563
-1.87007463
-1.48803782
-0.80035150
-0.68726194
-1.17893171
-1.41836405
-1.35621011
-1.23334873
-0.99584931
-0.79819757
-0.66342878
-0.56504357
-0.51593482
-0.51775634
-0.51324642
-0.52275854
-0.61136132
-0.63059974
-0.57105988
-0.49993256
-0.45427063
-0.41928381
-0.41988572
-0.42856997
-0.35677421
-0.27528796
-0.32593617
-0.48708463
-0.53246880
-0.41415510
-0.36355779
-0.38659674
-0.44749019
-0.49025479
-0.57196558
-0.61217761
-0.62276906
-0.57854712
-0.52307051
-0.51493508
-0.56275439
-0.62131286
-0.66100281
-0.58375549
-0.38651603
-0.70227957
-1.86150086
-2.39280581
-1.49866748
-0.41886145
0.03145291
-0.28133187
-0.74912685
-0.79656678
-0.98054951
-1.39824176
-1.62691200
-1.67210150
-1.51879525
-1.28363359
-0.96952236
-1.00371885
-1.30790329
-1.38533342
-1.06922877
-0.84038699
-0.68973058
-0.63843346
-0.59194827
-0.53229803
-0.49865088
-0.53323585
-0.55594951
-0.55812770
-0.62672049
-0.66127360
-0.62524068
-0.56436980
-0.53329122
-0.51911348
-0.52927041
-0.56113577
-0.50766265
-0.48478398
-0.57654315
-0.70433456
-0.69099516
-0.56606352
-0.51111662
-0.54416651
-0.51616460
-0.54811388
-0.60752791
-0.65667355
-0.65597183
-0.61938149
-0.57868540
-0.54712719
-0.57689577
-0.61170113
-0.63194609
-0.48812258
-0.31502244
-0.88265055
-1.97857869
-2.16413713
-1.17791951
-0.19386433
0.18476056
-0.38622871
-0.87967438
-0.96086967
-1.21993041
-1.48279297
-1.57160401
-1.76027858
-1.80048513
-1.32633865
-1.12175441
-1.11642754
-1.17917812
-1.16140366
-0.99982327
-0.69880265
-0.55910909
-0.66976267
-0.60242629
-0.52096057
-0.53503054
-0.59161967
-0.60314780
-0.60461187
-0.66218448
-0.71998161
-0.73918933
-0.69344723
-0.66473651
-0.67638224
-0.72554445
-0.78058416
-0.74328536
-0.75089204
-0.86387104
-0.92577535
-0.86543816
-0.75251532
-0.70888823
-0.72425920
-0.65347600
-0.69161570
-0.73939764
-0.78570539
-0.76118416
-0.72242200
-0.67094839
-0.61903650
-0.63812631
-0.64255440
-0.62046134
-0.38370335
-0.30985451
-1.00611949
-1.99820673
-1.86913669
-0.85452086
-0.03345524
0.14808524
-0.59164590
-1.09377563
-1.08021748
-1.21340775
-1.67000675
-1.55034506
-1.77011013
-1.67264938
-1.23108733
-0.88945252
-1.02859998
-1.02495527
-0.91769958
-0.80102038
-0.56851280
-0.49133533
-0.69971627
-0.62742382
-0.57937199
-0.64757711
-0.73374659
-0.72226042
-0.69546932
-0.74178928
-0.79931563
-0.83196908
-0.78833485
-0.76628596
-0.80328977
-0.85125417
-0.91108787
-0.87459105
-0.88271046
-0.96029192
-0.97752881
-0.91500658
-0.85123301
-0.81869775
-0.81000912
-0.79368389
-0.81802237
-0.84939730
-0.86723059
-0.83074784
-0.78752112
-0.71356833
-0.66218716
-0.68271142
-0.68432647
-0.61582494
-0.38331077
-0.45202580
-1.21722901
-2.02904844
-1.74816644
-0.66631246
0.00675402
-0.01855212
-0.73785049
-1.21519828
-1.21161413
-1.59797311
-1.83050990
-1.66348624
-1.48943484
-1.21900094
-0.78930467
-0.73400486
-0.94200665
-0.98713106
-0.92893320
-0.82847124
-0.52552795
-0.47827539
-0.67589927
-0.70080566
-0.73229611
-0.84145939
-0.91065848
-0.85817826
-0.81027555
-0.83266771
-0.87215096
-0.87037319
-0.82375926
-0.81523818
-0.86456281
-0.91191131
-0.93108130
-0.88630491
-0.89279193
-0.95485127
-0.95172757
-0.90152848
-0.88406706
-0.86715859
-0.84173828
-0.88638848
-0.90221947
-0.90181398
-0.87467223
-0.82279241
-0.77111173
-0.71888912
-0.71111017
-0.73421431
-0.70629561
-0.61581939
-0.41761377
-0.57152867
-1.35525727
-2.02952266
-1.66038108
-0.54427785
0.00563188
-0.19047616
-0.90995574
-1.12978113
-1.23202538
-1.67899239
-1.58335078
-1.41619754
-1.11644769
-0.62851208
-0.72292763
-0.85178727
-0.71198213
-0.52869326
-0.81725979
-0.67061770
-0.51200706
-0.48337075
-0.65702838
-0.78012222
-0.85126507
-0.96476597
-0.97521067
-0.90226072
-0.85478568
-0.85623789
-0.87184906
-0.85315418
-0.83937109
-0.85351562
-0.90358692
-0.93569213
-0.90236348
-0.85001773
-0.85374075
-0.89548463
-0.90267193
-0.87951624
-0.87178379
-0.85339773
-0.83764219
-0.90362090
-0.90941876
-0.88435137
-0.84182042
-0.79457128
-0.77438235
-0.77759004
-0.81514204
-0.81244016
-0.74135590
-0.66877782
-0.50250715
-0.66403919
-1.42491889
-1.99609125
-1.55832934
-0.46499830
0.00552995
-0.26789746
-0.84832716
-1.00320506
-1.20402801
-1.57236433
-1.46872973
-1.30593932
-0.74812168
-0.34659079
-0.75213528
-0.87369877
-0.53527224
-0.49334815
-0.83779490
-0.71957803
-0.48980859
-0.53800356
-0.68386757
-0.82701927
-0.88462669
-0.94882470
-0.92855710
-0.85616422
-0.82177222
-0.82615489
-0.83269280
-0.82945675
-0.83148152
-0.85570681
-0.91841489
-0.93081564
-0.86543334
-0.82639492
-0.85176516
-0.88078696
-0.88689035
-0.86300588
-0.85039794
-0.84295398
-0.85716581
-0.92117798
-0.90634859
-0.87080526
-0.82613647
-0.79308569
-0.81933904
-0.85988003
-0.89928198
-0.86197406
-0.78806567
-0.73520356
-0.60377669
-0.78427029
-1.53176117
-2.04911804
-1.51370656
-0.42925146
-0.00436734
-0.26884028
-0.76016021
-1.03457069
-1.41345477
-1.63360775
-1.36434484
-1.04576230
-0.58151990
-0.49384576
-0.80496079
-0.67366624
-0.30947998
-0.45267263
-0.96298981
-0.81815356
-0.54624498
-0.59333020
-0.74601239
-0.87445033
-0.88617933
-0.90085232
-0.86789584
-0.81084591
-0.79314822
-0.79885405
-0.82179612
-0.84616852
-0.85525352
-0.88423425
-0.93979776
-0.91630286
-0.83178258
-0.81862533
-0.87886655
-0.93158734
-0.92257059
-0.88089663
-0.82788485
-0.84185249
-0.88498998
-0.92091846
-0.89251018
-0.87782758
-0.83803546
-0.82414770
-0.88351858
-0.92757273
-0.90892649
-0.84257811
-0.79694146
-0.75175011
-0.69833195
-0.91944283
-1.66887712
-2.07300758
-1.39103043
-0.38084731
-0.05717475
-0.32199284
-0.78222740
-1.06217134
-1.34061456
-1.37472022
-1.08654737
-0.68207031
-0.52500367
-0.70080072
-0.82762235
-0.44597256
-0.33788908
-0.75239944
-1.15841949
-0.92606229
-0.75543350
-0.75271785
-0.77317244
-0.89355415
-0.89061391
-0.87288302
-0.83804345
-0.80353832
-0.80283201
-0.82567698
-0.87034953
-0.89000654
-0.88423997
-0.93458778
-0.97279882
-0.91080713
-0.82961500
-0.83151263
-0.89972401
-0.94592142
-0.90583485
-0.83733553
-0.77957231
-0.83458918
-0.90306932
-0.89660090
-0.87680006
-0.86199003
-0.82535982
-0.82706976
-0.90502524
-0.92226356
-0.86271071
-0.81875598
-0.79756457
-0.78402799
-0.79218775
-1.04801655
-1.75932479
-1.99434960
-1.22137821
-0.39157137
-0.14793123
-0.38298687
-0.80906218
-1.00427783
-1.09852588
-1.14489770
-0.98256069
-0.81740719
-0.81634772
-0.92076409
-0.69566143
-0.44685683
-0.64743692
-1.17533290
-1.36507738
-0.92158788
-0.88029295
-0.81484771
-0.77800953
-0.90666658
-0.92475289
-0.88266551
-0.82877636
-0.84711391
-0.86479151
-0.91802156
-0.97713900
-0.96772701
-0.95045012
-0.99637264
-0.98275656
-0.91626495
-0.85117769
-0.86959034
-0.93903017
-0.94964355
-0.88272840
-0.81017548
-0.79256558
-0.87834954
-0.94831371
-0.85253572
-0.84761113
-0.84269828
-0.82828063
-0.85192430
-0.90820807
-0.90146607
-0.86218756
-0.81864661
-0.82913607
-0.85492468
-0.89942759
-1.18788612
-1.79797304
-1.77160621
-1.07281840
-0.47446704
-0.25955403
-0.50114936
-0.84533608
-0.93961304
-1.04990005
-1.15981483
-1.24841321
-1.33446491
-1.13784516
-0.84324199
-0.54335850
-0.55651796
-0.91019833
-1.36751664
-1.18503058
-0.87297821
-0.77311593
-0.76769036
-0.82281429
-0.92381805
-0.92816252
-0.84783298
-0.85869324
-0.90019059
-0.93010914
-0.97414994
-1.03332257
-1.02114117
-1.02454937
-1.04891837
-1.00227642
-0.92224246
-0.85281682
-0.87643653
-0.91385275
-0.91364515
-0.83352208
-0.79499698
-0.81659526
-0.92725426
-0.99066234
-0.85964113
-0.86214519
-0.85598409
-0.88904154
-0.92608857
-0.94653744
-0.94451094
-0.95571733
-0.89131123
-0.89248133
-0.92059380
-0.94976842
-1.22981441
-1.66277373
-1.49001074
-1.06190073
-0.58199924
-0.36369783
-0.67523229
-0.87461972
-0.87833923
-1.05031025
-1.33994031
-1.47771418
-1.47448587
-1.09412110
-0.68955272
-0.44043961
-0.64625323
-0.98686212
-1.16857433
-0.89552528
-0.83155137
-0.85308266
-0.79347175
-0.86602747
-0.90864879
-0.88625330
-0.84472603
-0.86307299
-0.90916806
-0.92239946
-0.97741878
-1.02795935
-0.98698068
-0.97765559
-0.99644870
-0.93022108
-0.83155382
-0.80431694
-0.83199143
-0.84244895
-0.82365584
-0.78200966
-0.77909279
-0.82692540
-0.90866202
-0.97194779
-0.92795426
-0.90595102
-0.89941204
-0.91136897
-0.90763140
-0.89748025
-0.92869622
-0.97232163
-0.91489267
-0.91139495
-0.93463928
-0.98015654
-1.22923672
-1.51366532
-1.34246206
-1.09117687
-0.66829151
-0.53394943
-0.81479788
-0.96789581
-0.96685207
-1.16233742
-1.54158843
-1.68949986
-1.44430113
-1.06021988
-0.45135278
-0.20919378
-0.51197040
-0.76021540
-0.87832958
-0.76282597
-0.75609964
-0.83300453
-0.89295560
-0.91209006
-0.87466115
-0.81095451
-0.84290576
-0.90217942
-0.91768461
-0.89428973
-0.93365133
-0.95036417
-0.90920347
-0.90484881
-0.91763055
-0.82717341
-0.74819797
-0.77917385
-0.83264714
-0.81171530
-0.80305290
-0.83161736
-0.84863240
-0.88790011
-0.98533481
-1.00602317
-0.92755544
-0.92408603
-0.90685475
-0.90358013
-0.91323721
-0.93589735
-0.99150175
-1.03025258
-0.97176927
-0.94959080
-0.98898560
-1.04162896
-1.19619942
-1.33946347
-1.18757606
-0.94073850
-0.68447304
-0.71447557
-0.97060674
-1.05077457
-0.99475604
-1.21055877
-1.60056984
-1.58444381
-1.28182745
-0.97877520
-0.43492398
-0.12658122
-0.38344693
-0.65036625
-0.81033045
-0.77029526
-0.82298803
-0.96907377
-0.95145524
-0.87117290
-0.82453644
-0.83313435
-0.88059932
-0.90614527
-0.84578264
-0.84984845
-0.90164208
-0.87051845
-0.82342821
-0.85954839
-0.87953913
-0.77901155
-0.74713022
-0.82254130
-0.88514954
-0.88076663
-0.87166101
-0.92174095
-0.91457009
-0.94654232
-1.00160837
-0.96904552
-0.92617333
-0.93885612
-0.89324510
-0.89204478
-0.97029352
-1.06862760
-1.12908983
-1.12707472
-1.05541587
-1.04037917
-1.03464842
-1.01052856
-1.08664823
-1.14787459
-1.04948843
-0.85965383
-0.78394860
-0.88951451
-1.06513417
-0.98728228
-0.92250276
-1.14166331
-1.36432183
-1.40468383
-1.33175743
-1.01416838
-0.47799462
-0.23151900
-0.45970333
-0.76040745
-0.90595126
-0.96200883
-1.03985441
-0.96123165
-0.86058497
-0.79616290
-0.76949215
-0.85112113
-0.94785142
-0.92137754
-0.79839474
-0.82032126
-0.90652233
-0.88358319
-0.91186237
-0.95422417
-0.91446763
-0.80589831
-0.83046126
-0.91446263
-0.96576822
-0.97578347
-0.98939133
-1.02138495
-0.97098374
-0.96449494
-0.98395520
-0.93370491
-0.93280822
-0.93740344
-0.88061559
-0.95036960
-1.07333040
-1.14308441
-1.17732131
-1.14745569
-1.07353318
-1.05269706
-0.96404272
-0.86087543
-0.90350419
-1.00670373
-1.00326633
-1.01265883
-1.02435482
-1.06978381
-1.07634938
-0.83940768
-0.78732800
-0.98450464
-1.12419128
-1.19730759
-1.42459738
-1.07521176
-0.60725069
-0.41284603
-0.53680760
-0.92770809
-1.00063598
-1.05580497
-1.00668001
-0.78908831
-0.76808870
-0.72486764
-0.74352199
-0.84541160
-0.89313757
-0.83415872
-0.75386107
-0.88120747
-0.99364215
-0.98923409
-0.99250650
-1.02933252
-0.93985403
-0.90091866
-0.91280526
-0.98090565
-1.03369176
-1.05074668
-1.02003419
-1.00503957
-1.00316393
-0.98619926
-0.97896785
-0.95450413
-0.91029912
-0.89877903
-0.90153527
-0.99967527
-1.14355326
-1.22295940
-1.18872523
-1.11593938
-1.03884041
-0.99354565
-0.85632432
-0.66651481
-0.77909780
-1.02442765
-1.06009245
-1.04651332
-1.07862401
-1.12767220
-0.97237056
-0.67048913
-0.71973610
-0.91788834
-0.96557301
-1.26269293
-1.55025566
-1.07966363
-0.62650883
-0.37513283
-0.40557361
-0.76720607
-1.09526289
-1.25219309
-0.96542519
-0.66863316
-0.73592085
-0.69389123
-0.66979581
-0.77181745
-0.81259722
-0.73951089
-0.70633429
-0.87507141
-1.02773464
-1.01927710
-1.03374088
-0.98755878
-0.90116578
-0.91702932
-0.92513084
-0.95631111
-0.96080679
-0.88196605
-0.81054294
-0.80874646
-0.82408178
-0.82316279
-0.84161627
-0.84273833
-0.85302317
-0.82406902
-0.90429544
-0.93932015
-0.99981576
-1.10115194
-1.02933776
-0.95352763
-0.84697700
-0.74544799
-0.56745559
-0.45127615
-0.69960904
-1.05902100
-1.15500796
-1.15579867
-1.15439117
-1.07877266
-0.81775355
-0.62530190
-0.82939738
-0.88634861
-0.92849767
-1.31403792
-1.53638721
-0.99655861
-0.53469080
-0.34802407
-0.41374162
-0.95540321
-1.40858209
-1.40413058
-0.85667944
-0.69454008
-0.75808913
-0.70580715
-0.64078480
-0.70467705
-0.73351562
-0.71876490
-0.76026803
-0.88255322
-0.94244903
-0.93405235
-0.92558926
-0.82494599
-0.84686518
-0.90944356
-0.82592744
-0.85394365
-0.83991396
-0.71149004
-0.63921088
-0.67080760
-0.69453096
-0.70543975
-0.67095220
-0.65770650
-0.72453922
-0.67265505
-0.72893566
-0.72905082
-0.78452271
-0.81498986
-0.73678112
-0.63656580
-0.51786232
-0.47626761
-0.33568782
-0.38072607
-0.75227833
-1.04726696
-1.11496735
-1.18638551
-1.14969075
-0.89620936
-0.63623524
-0.51309705
-0.70148075
-0.72865629
-0.81523615
-1.14755225
-1.31517124
-1.04735041
-0.58274245
-0.51171255
-0.88835979
-1.49155843
-1.86300373
-1.34723735
-0.91536784
-0.72480839
-0.68658751
-0.64166713
-0.61069095
-0.67719918
-0.70902777
-0.70433784
-0.77909398
-0.79978609
-0.75212997
-0.73003906
-0.65041858
-0.62292212
-0.75433785
-0.82598317
-0.79133326
-0.79208249
-0.68874037
-0.52286744
-0.53876352
-0.65598369
-0.71330893
-0.69081920
-0.60515815
-0.55071545
-0.56699830
-0.52830923
-0.46119651
-0.49272513
-0.54161143
-0.51497149
-0.51045936
-0.44451618
-0.37828553
-0.38649815
-0.23504235
-0.40052029
-0.82391959
-0.97050345
-1.05661166
-1.14064074
-0.95072508
-0.56412262
-0.55620360
-0.57540572
-0.53125834
-0.66733843
-0.93310362
-1.11580920
-1.17844677
-1.27566147
-0.92335111
-0.72879624
-1.13145435
-1.68717945
-1.77037632
-1.20000601
-0.86214244
-0.73095119
-0.63497764
-0.59076029
-0.62294942
-0.69338298
-0.70606744
-0.73836070
-0.75567150
-0.68431622
-0.60264701
-0.61558229
-0.56794763
-0.64096302
-0.77847391
-0.75676519
-0.76391548
-0.73816752
-0.60923409
-0.52133644
-0.58755761
-0.73163998
-0.76905310
-0.60007513
-0.53320789
-0.52269125
-0.52800053
-0.44329065
-0.38111073
-0.47496524
-0.52204037
-0.43148953
-0.45020187
-0.38894910
-0.39204970
-0.42339361
-0.25662598
-0.44274813
-0.82712543
-0.93031108
-1.11683464
-1.19860685
-0.87769860
-0.60498053
-0.77083623
-0.86747718
-0.74086797
-0.90689075
-1.24409425
-1.27123713
-1.38946915
-1.52839220
-1.27970147
-0.97669309
-1.24660277
-1.47892427
-1.28704274
-0.95575488
-0.68089539
-0.55151296
-0.57501751
-0.56425542
-0.63078761
-0.73492306
-0.74732238
-0.74497300
-0.71021742
-0.65414214
-0.58697820
-0.60942966
-0.64442641
-0.74376267
-0.83097059
-0.77770805
-0.74581879
-0.69317234
-0.57727689
-0.60252643
-0.78137320
-0.89958918
-0.82035244
-0.56973219
-0.56283247
-0.57969576
-0.55843121
-0.46581730
-0.49063110
-0.59015018
-0.58349329
-0.50183505
-0.54540390
-0.55554515
-0.53461164
-0.48166889
-0.30776358
-0.50295281
-0.91343158
-1.03192592
-1.21322083
-1.16613805
-0.87360340
-0.74460983
-0.86977398
-0.89252341
-0.76693135
-0.80558133
-1.01253355
-1.20888460
-1.39554191
-1.47968638
-1.33497357
-1.04367959
-0.99165809
-1.01927912
-0.88633764
-0.74789673
-0.51341999
-0.46171775
-0.58794564
-0.62799710
-0.68913805
-0.73882812
-0.74300754
-0.70025861
-0.63390356
-0.61358649
-0.65790176
-0.70496458
-0.76743567
-0.77727628
-0.79498106
-0.73100477
-0.69390672
-0.66012895
-0.53849810
-0.62658960
-0.86175042
-0.89596856
-0.70320600
-0.55892569
-0.63546878
-0.70956033
-0.67060173
-0.64506018
-0.69316190
-0.68311751
-0.67690390
-0.71951687
-0.73070461
-0.73073739
-0.69843268
-0.53709930
-0.41377065
-0.67810082
-1.04955876
-1.16451085
-1.30267918
-1.15942109
-0.92961353
-0.80719280
-0.89002371
-0.95012647
-0.80934924
-0.83255053
-0.94989228
-1.25377584
-1.38946414
-1.28452551
-0.93534958
-0.58246535
-0.40424460
-0.48628333
-0.61526585
-0.55824906
-0.43626890
-0.45102808
-0.55357295
-0.63688034
-0.75275099
-0.73247015
-0.69160509
-0.70145541
-0.62183267
-0.61560351
-0.68770093
-0.74763322
-0.79473275
-0.81898403
-0.80147624
-0.72060722
-0.68923241
-0.63080955
-0.58117652
-0.67942935
-0.89041454
-0.80308098
-0.63265097
-0.60008180
-0.77666456
-0.87789631
-0.72833049
-0.78355122
-0.81140786
-0.75698072
-0.83111203
-0.88804567
-0.83898610
-0.78359193
-0.69773954
-0.47366887
-0.45780075
-0.76637620
-1.07645273
-1.20819581
-1.30241740
-1.06670070
-0.95563412
-0.96492189
-1.00324464
-0.99213833
-0.81204039
-0.84218347
-0.85132062
-1.03532660
-1.34262168
-1.20532644
-0.77566200
-0.39056495
-0.32225874
-0.52222925
-0.72262579
-0.61224931
-0.52557760
-0.47186857
-0.56066900
-0.60795617
-0.59420747
-0.52084059
-0.53098387
-0.52252132
-0.45043036
-0.55130547
-0.66681743
-0.62774855
-0.61058599
-0.66960782
-0.66389513
-0.65290213
-0.72743708
-0.64250284
-0.63687801
-0.76844591
-0.88617474
-0.79860240
-0.73288083
-0.81740540
-1.01798904
-1.14384162
-0.74539930
-0.78551328
-0.72102827
-0.66889834
-0.79927433
-0.87476999
-0.80047137
-0.69720662
-0.56590044
-0.41508180
-0.48837179
-0.78591645
-1.01768684
-1.19156337
-1.21313477
-0.90919358
-0.87014186
-1.01435673
-1.06462967
-0.89558822
-0.71138495
-0.58542216
-0.56556928
-1.06805491
-1.40073395
-1.15747786
-0.71164817
-0.48037586
-0.55088520
-0.80522847
-0.90941173
-0.76734197
-0.53645605
-0.34561658
-0.52368802
-0.60887593
-0.51028430
-0.41286647
-0.42439815
-0.37497935
-0.38676780
-0.46477216
-0.53860962
-0.55305779
-0.57593250
-0.61618370
-0.63539636
-0.64332795
-0.68081480
-0.59476542
-0.68024236
-0.85141188
-0.86323905
-0.84974903
-0.87592727
-0.98518127
-1.14918518
-1.22319138
-0.63255471
-0.59924012
-0.49628296
-0.57915187
-0.63441509
-0.55740273
-0.55665332
-0.50290155
-0.39065492
-0.41802561
-0.53224730
-0.71741498
-0.96594137
-1.17170393
-1.05872619
-0.76519722
-0.94646841
-1.25008762
-1.15958452
-0.80126882
-0.69745851
-0.53946221
-0.80938399
-1.65988648
-1.95438433
-1.16484869
-0.68992120
-0.53774637
-0.55704987
-0.82705396
-1.00976324
-0.88278985
-0.55058223
-0.38642827
-0.57118630
-0.54123652
-0.34644330
-0.36788505
-0.46487767
-0.40791985
-0.45476231
-0.56473130
-0.55499744
-0.53408366
-0.54292935
-0.60171771
-0.68573141
-0.68722916
-0.71914971
-0.68716222
-0.74160844
-0.84305012
-0.84282124
-0.90376872
-0.97010171
-1.05622232
-1.12908721
-1.11397791
-0.54222572
-0.44698405
-0.38794199
-0.46849322
-0.51982284
-0.43135193
-0.44310457
-0.45920917
-0.41394222
-0.43568245
-0.44136015
-0.56718874
-0.90136456
-1.13771296
-1.06842315
-0.94983196
-1.18911099
-1.41615915
-1.20887911
-0.70692712
-0.28178510
-0.37437493
-1.12947023
-1.80600047
-1.60879755
-0.92223048
-0.49841005
-0.46514177
-0.60307956
-0.99928474
-1.26542342
-1.00078797
-0.65446728
-0.69055420
-0.81702644
-0.67419738
-0.51499772
-0.44064870
-0.50801754
-0.49951538
-0.52439690
-0.67148316
-0.67986071
-0.62447876
-0.60208541
-0.61214453
-0.65362984
-0.61384207
-0.64190698
-0.65537798
-0.77548230
-0.86074984
-0.81712562
-0.83346432
-0.83078915
-0.92799467
-0.97224683
-0.82453537
-0.47500867
-0.37719956
-0.34775731
-0.44317126
-0.44909698
-0.40344474
-0.48197174
-0.59115291
-0.62309146
-0.54065132
-0.44130281
-0.55777806
-0.97877294
-1.25774181
-1.26013744
-1.28308022
-1.40828919
-1.42280257
-1.13985646
-0.44757658
0.01678831
-0.65477854
-1.81723797
-2.06053233
-1.40501857
-0.89750910
-0.57708132
-0.48202544
-0.75248742
-1.14506090
-1.26253104
-0.88067311
-0.87483484
-0.92469722
-0.92189473
-0.74656308
-0.71070957
-0.67078936
-0.66223437
-0.66554403
-0.65359032
-0.78703725
-0.77174562
-0.64006823
-0.63846260
-0.65401381
-0.65419066
-0.66471267
-0.70659506
-0.73990327
-0.81188262
-0.82164621
-0.79051572
-0.80426115
-0.71037346
-0.70936447
-0.69237357
-0.55623221
-0.39312327
-0.40909272
-0.38720506
-0.47402239
-0.51661783
-0.48672977
-0.49203637
-0.59655976
-0.63481259
-0.47708091
-0.31877118
-0.60779959
-1.13333845
-1.43567467
-1.47704041
-1.41569388
-1.40013087
-1.25404644
-0.91738647
-0.28671953
-0.23433234
-1.23779774
-2.04251432
-1.76948369
-1.33036935
-1.05760002
-0.79223430
-0.63061255
-0.96124589
-1.41305423
-1.24563801
-0.92509925
-1.07821524
-1.18400812
-0.98281211
-0.73855954
-0.66746902
-0.67191792
-0.73067224
-0.79348761
-0.85705650
-0.95877922
-0.88490951
-0.71762908
-0.71612066
-0.66846973
-0.61065948
-0.66996723
-0.78202218
-0.79812253
-0.82365352
-0.81866121
-0.80606610
-0.72581041
-0.65167332
-0.69649225
-0.63969088
-0.59885031
-0.37808368
-0.43163192
-0.47233957
-0.56888372
-0.63565862
-0.59726954
-0.60112989
-0.63624191
-0.58208007
-0.36532408
-0.24950483
-0.59069335
-1.10746062
-1.45463133
-1.45269132
-1.20071590
-1.21083748
-1.10123634
-0.78763205
-0.42435718
-0.63932544
-1.49705374
-1.78566027
-1.52875495
-1.21421468
-0.96898991
-0.74560595
-0.72906971
-1.21320796
-1.47739089
-1.30708075
-1.18967295
-1.12292552
-0.98473096
-0.80263484
-0.67740363
-0.59235567
-0.71299380
-0.81396085
-0.92425305
-0.93397218
-0.95549637
-0.88627392
-0.75916660
-0.69187200
-0.64614630
-0.62801391
-0.66945660
-0.71907181
-0.76420087
-0.74958318
-0.75148290
-0.78106445
-0.71744752
-0.70321965
-0.73052925
-0.65856558
-0.71289384
-0.41748428
-0.46935391
-0.53302950
-0.63394707
-0.64120650
-0.57512027
-0.58728856
-0.53499198
-0.51272130
-0.34624201
-0.35113335
-0.69413948
-1.15133321
-1.34699285
-1.24758315
-1.04423475
-1.04619157
-0.94254106
-0.54630840
-0.39277259
-0.72330207
-1.23027909
-1.32416809
-1.37216151
-1.30306947
-1.00559366
-0.77045125
-0.88151282
-1.55222201
-1.73642719
-1.46236181
-1.04649794
-0.75689316
-0.62592340
-0.65874827
-0.53371459
-0.51943177
-0.81928498
-0.92720807
-0.93598872
-0.90078491
-0.87873799
-0.83505511
-0.66435653
-0.60466224
-0.59163642
-0.57587856
-0.57478458
-0.65056223
-0.75059932
-0.70023882
-0.66149867
-0.70466572
-0.69804126
-0.68671024
-0.67660749
-0.70040810
-0.82467526
-0.51585025
-0.60133135
-0.67606181
-0.69643915
-0.58450365
-0.51585251
-0.51071066
-0.46941051
-0.42357755
-0.35297307
-0.40811443
-0.61611575
-0.88678068
-1.08192992
-1.08217001
-1.03212082
-1.04984641
-0.87527579
-0.54524165
-0.48551527
-0.57658178
-0.88067925
-1.15785062
-1.24361801
-1.08670282
-0.96722376
-0.95838612
-1.22071445
-1.76537132
-1.74573326
-1.45334780
-0.91324544
-0.43911129
-0.38675001
-0.57014972
-0.59287053
-0.52728963
-0.83845556
-0.95809633
-0.88144386
-0.75941342
-0.70422482
-0.67385077
-0.52888858
-0.47628748
-0.46643144
-0.46765035
-0.45707321
-0.58448935
-0.64867467
-0.58655041
-0.50067699
-0.55476588
-0.55944741
-0.57011616
-0.61914831
-0.73518938
-0.77229100
-0.62196600
-0.67385578
-0.63530099
-0.62181264
-0.50840926
-0.49306685
-0.49158034
-0.50420970
-0.52158380
-0.51234990
-0.53485304
-0.53818089
-0.82142866
-1.10239851
-1.34054184
-1.31729662
-1.04189563
-0.89687544
-0.59354925
-0.17687464
-0.08763214
-0.22891080
-0.65522045
-0.91791558
-0.74572283
-0.72420478
-1.11528420
-1.47293830
-1.62465310
-1.49079621
-1.03490460
-0.37888429
-0.04243210
-0.38381529
-0.65770197
-0.61915725
-0.56920522
-0.77121997
-0.79323351
-0.66553879
-0.57081985
-0.57901144
-0.50786895
-0.40956628
-0.36865401
-0.42080927
-0.35269165
-0.41922817
-0.56110168
-0.53053206
-0.39376104
-0.41480520
-0.52402276
-0.58070934
-0.56215638
-0.61912978
-0.71132088
-0.72687215
-0.70325387
-0.66644800
-0.56612438
-0.52136356
-0.51253319
-0.53678387
-0.58238673
-0.63279587
-0.69652325
-0.78786814
-0.69557595
-0.67114168
-1.09425962
-1.48986924
-1.73865902
-1.56242943
-1.17164862
-1.07028580
-0.76183701
-0.09511135
0.01757567
-0.36033455
-0.92895412
-1.25459409
-1.05956542
-1.14767575
-1.62239850
-1.69809401
-1.37900794
-1.02722037
-0.45522276
-0.09632242
-0.14792131
-0.59651715
-0.80221778
-0.67536068
-0.63285750
-0.68496847
-0.61341900
-0.56308568
-0.49422652
-0.44714919
-0.46483281
-0.40259230
-0.39243391
-0.34355280
-0.28857923
-0.51716524
-0.63694632
-0.45889932
-0.38609403
-0.53308660
-0.61269826
-0.56783795
-0.52953863
-0.60995954
-0.70382887
-0.64882880
-0.66101605
-0.63890779
-0.58333296
-0.56381631
-0.66449505
-0.72397268
-0.76229912
-0.77387267
-0.82587498
-0.94388777
-0.86327684
-0.96576685
-1.34883785
-1.77120984
-1.86714280
-1.50979614
-1.14111161
-1.07978046
-0.82660425
-0.41309145
-0.62584645
-1.31043410
-1.86926663
-1.88323092
-1.65773773
-1.87165034
-1.93652236
-1.61074138
-1.03355026
-0.58352554
-0.15570715
-0.08049905
-0.42965260
-0.88935041
-0.88530302
-0.66289973
-0.58522040
-0.62238777
-0.56491750
-0.56678379
-0.50820351
-0.50207716
-0.51468194
-0.46504742
-0.45425668
-0.38785946
-0.46487626
-0.69512814
-0.69446748
-0.51490420
-0.66754174
-0.80197221
-0.76819563
-0.67741114
-0.63353145
-0.61995006
-0.61833847
-0.58716655
-0.60895294
-0.54878217
-0.50672644
-0.58205140
-0.71135229
-0.78948784
-0.83996648
-0.83073050
-0.87932736
-1.00801897
-0.90409368
-0.99682045
-1.30783129
-1.60053837
-1.50780582
-1.22721076
-0.97463346
-0.89593810
-0.45853674
-0.23695242
-0.56194538
-1.14826202
-1.58773327
-1.40077531
-1.55308926
-1.74606061
-1.54860032
-1.23452115
-0.72465783
-0.28486347
-0.03848919
-0.20935188
-0.68038058
-0.92752850
-0.76534826
-0.53752482
-0.59225988
-0.72230291
-0.67454475
-0.53192669
-0.57232058
-0.66870499
-0.65099967
-0.58743358
-0.53265202
-0.58557671
-0.75009131
-0.88714421
-0.75403351
-0.72093976
-0.87082458
-0.90034968
-0.87443244
-0.79512286
-0.70313156
-0.66740698
-0.61598241
-0.64932287
-0.46538138
-0.49635163
-0.49923861
-0.63449609
-0.78817862
-0.80979621
-0.80568773
-0.81849724
-0.87974316
-0.94633871
-0.77958268
-0.86301976
-1.02895868
-1.05375099
-0.96645868
-0.71168864
-0.59006262
-0.53157628
-0.30166310
-0.35854775
-0.79356563
-1.30091012
-1.36600757
-1.19684386
-1.55616009
-1.76109374
-1.30504060
-1.29012859
-0.85807818
-0.29227921
-0.14543745
-0.34843212
-0.64430124
-0.73926002
-0.67687076
-0.58923990
-0.78010738
-0.94684941
-0.86349714
-0.72251177
-0.79223704
-0.85057652
-0.75599873
-0.63800681
-0.63521832
-0.77108443
-0.90944815
-0.89818013
-0.80520219
-0.88074207
-0.98131007
-0.86454701
-0.82160354
-0.76479644
-0.68620598
-0.59263843
-0.55436295
-0.58836299
-0.37690842
-0.38935819
-0.41744739
-0.57910508
-0.69553787
-0.66215688
-0.63097823
-0.60508186
-0.68407106
-0.56267786
-0.45268041
-0.59793043
-0.59620893
-0.48648223
-0.51706713
-0.43975988
-0.36199161
-0.28290820
-0.15298836
-0.26767707
-0.48750728
-0.69810134
-0.73294526
-0.83106166
-1.06987321
-1.23511314
-1.20671439
-1.20933020
-0.84121680
-0.26953444
-0.20847027
-0.40653166
-0.67640883
-0.61208296
-0.46766505
-0.62416607
-0.91231090
-1.01499748
-0.89345562
-0.81005639
-0.89550799
-0.94781679
-0.81395137
-0.65307891
-0.70656896
-0.87954789
-0.88692856
-0.76239574
-0.73938614
-0.69892478
-0.62117392
-0.61708534
-0.66345263
-0.65932435
-0.55637616
-0.49071807
-0.53090793
-0.57394856
-0.35571045
-0.32089821
-0.39299506
-0.52498490
-0.53227019
-0.53208470
-0.54358798
-0.52864617
-0.44263905
-0.22830297
-0.24967967
-0.35153553
-0.22170302
-0.12528250
-0.29434749
-0.37087908
-0.36405724
-0.24497388
-0.23758741
-0.20152910
-0.24302998
-0.19309872
-0.27835366
-0.39742672
-0.54250234
-0.90296978
-1.12896037
-1.02513421
-0.54224855
-0.22218724
-0.14323086
-0.35799327
-0.61503541
-0.45199284
-0.36751679
-0.66168553
-0.91821885
-0.97726339
-0.87725359
-0.90785450
-0.96322685
-0.84118843
-0.70228887
-0.60954428
-0.60173172
-0.67500240
-0.62324375
-0.53269762
-0.42502663
-0.29079679
-0.25836942
-0.36396617
-0.46694237
-0.56860280
-0.47918132
-0.43770418
-0.48732653
-0.56336170
-0.37571508
-0.31748468
-0.49756056
-0.58279914
-0.40108463
-0.41472840
-0.56125152
-0.45837399
-0.26744020
-0.33081105
-0.38647136
-0.31083602
-0.12721382
-0.24668075
-0.43152139
-0.54759914
-0.47590429
-0.46813396
-0.47039449
-0.26452869
-0.30294332
-0.47578222
-0.68867868
-0.75373888
-0.84810507
-1.14062655
-1.44695294
-1.15474367
-0.59243381
-0.29878399
-0.19956306
-0.38473153
-0.55009556
-0.35752109
-0.36841917
-0.67172217
-0.92114913
-0.96195459
-0.76796907
-0.72007239
-0.80826038
-0.69492096
-0.63668388
-0.47116530
-0.48301351
-0.45877087
-0.42045340
-0.38489777
-0.23299022
-0.04649737
-0.18423696
-0.37948450
-0.49170738
-0.57287407
-0.37997648
-0.32493177
-0.41590673
-0.50305426
-0.47351024
-0.40164205
-0.55451125
-0.44023192
-0.17692405
-0.37731990
-0.55508631
-0.36947861
-0.19785789
-0.40108728
-0.43398589
-0.20674151
-0.29144859
-0.60895807
-0.80064964
-0.75652844
-0.74890023
-0.71203780
-0.62020338
-0.37070122
-0.42024982
-0.58982456
-0.57386106
-0.60934001
-0.85900831
-1.20091093
-1.31722367
-0.97011423
-0.54334515
-0.15935558
-0.07893279
-0.29723275
-0.29912198
-0.19861609
-0.33666533
-0.58589298
-0.77745479
-0.72941399
-0.55492640
-0.41665977
-0.49538890
-0.51998597
-0.42668074
-0.24064448
-0.26620647
-0.25409719
-0.38327160
-0.37674868
-0.15060246
-0.13019949
-0.27643061
-0.44371584
-0.55498576
-0.55978036
-0.33814916
-0.29948780
-0.39564809
-0.49675319
-0.35567573
-0.35630891
-0.62103415
-0.34286124
-0.21940465
-0.55843788
-0.70804965
-0.55676484
-0.45384130
-0.55269283
-0.37681910
-0.26504689
-0.60710520
-0.86363924
-0.92753589
-0.90401697
-0.79348010
-0.73006338
-0.57023287
-0.49904415
-0.56974745
-0.61815739
-0.51841569
-0.59529006
-0.93754280
-1.19911134
-1.12644732
-0.84364635
-0.43583918
-0.13154235
-0.09730823
-0.30958810
-0.34586164
-0.33176094
-0.37800622
-0.54585850
-0.62883627
-0.50281614
-0.28019002
-0.23720786
-0.40174943
-0.55900043
-0.36181003
-0.12942545
-0.21003896
-0.33816373
-0.54058093
-0.44486034
-0.25947991
-0.37051520
-0.53954136
-0.63255388
-0.78587800
-0.65724313
-0.34829322
-0.33000711
-0.43907258
-0.50933671
-0.39465514
-0.36138734
-0.49955857
-0.16824892
-0.37216190
-0.86624837
-0.79193574
-0.63749391
-0.53696328
-0.51309764
-0.41367981
-0.51758856
-0.83335865
-0.99367195
-1.05566132
-0.97264332
-0.89131773
-0.71475333
-0.44478083
-0.36190739
-0.35546774
-0.34338644
-0.38000441
-0.58279842
-1.04095781
-1.24117875
-1.04467952
-0.80771250
-0.52363306
-0.33383855
-0.35391650
-0.52384615
-0.62019145
-0.55091351
-0.55150479
-0.60688758
-0.65048605
-0.35494685
-0.10456245
-0.32617995
-0.63814420
-0.62751192
-0.34768870
-0.30839878
-0.41112834
-0.61632997
-0.83879268
-0.66808105
-0.48870379
-0.54802382
-0.66521430
-0.80301028
-0.88302588
-0.75030446
-0.54479963
-0.49658415
-0.48471156
-0.48601800
-0.30673227
-0.41142446
-0.49004611
-0.45503846
-0.66163981
-0.92046314
-0.75912917
-0.63476753
-0.53313655
-0.41660705
-0.43191952
-0.63301480
-0.85594594
-0.93462425
-0.97005838
-0.82500422
-0.69828033
-0.50022739
-0.30602247
-0.24634126
-0.23584463
-0.26459825
-0.36113012
-0.61835724
-0.95149624
-0.99876153
-0.83330041
-0.74393970
-0.55841345
-0.43752792
-0.63207936
-0.82568920
-0.70905882
-0.56968611
-0.52932519
-0.64190143
-0.57961249
-0.22280936
-0.36402217
-0.73033351
-0.80932599
-0.60144353
-0.43863344
-0.36469734
-0.51504409
-0.81556898
-0.87951010
-0.59772485
-0.46409708
-0.60330671
-0.74176568
-0.92101234
-0.92102152
-0.79262614
-0.70643073
-0.62531126
-0.47558117
-0.49873278
-1.91105282
-1.97229421
-2.03753924
-2.07372117
-2.06517720
-2.07736897
-2.17171693
-2.27609491
-2.28966165
-2.20757341
-2.04230762
-1.95605171
-1.99107981
-2.06855440
-2.07591677
-2.04594111
-1.98230171
-2.07019472
-2.32804346
-2.11374116
-1.33200169
-0.80403984
-0.86385596
-0.74213040
-0.65507120
-0.95257187
-1.26185739
-1.27537453
-1.40770888
-1.80599189
-2.22549438
-2.36852837
-2.20467877
-2.02099586
-2.01840067
-2.20650554
-2.33554482
-2.35373664
-2.51670408
-2.51879549
-2.27146316
-2.13298440
-2.11263037
-2.16802454
-2.21806264
-2.06696248
-1.78351450
-1.63891506
-2.09330463
-2.26448226
-1.68920898
-1.43920755
-1.73783767
-1.83953857
-1.71051335
-1.60295188
-1.52885675
-1.47819984
-2.02403617
-2.10226250
-2.15893507
-2.16908741
-2.16163087
-2.19084144
-2.28736115
-2.35675859
-2.32717943
-2.18021297
-1.96625781
-1.89325964
-1.94379115
-2.01284552
-2.04191375
-2.04269743
-2.01388431
-2.01415968
-2.23999405
-1.92198861
-1.12519944
-0.72988379
-0.91169590
-0.92747355
-0.89921975
-1.18308437
-1.47380078
-1.44277084
-1.48420787
-1.82822037
-2.21399546
-2.39277291
-2.22873163
-1.98706841
-1.89462709
-2.05407476
-2.15552354
-2.21882010
-2.41652584
-2.40373349
-2.15622401
-2.02581406
-2.04196024
-2.15774989
-2.14360833
-1.94337225
-1.68825281
-1.56977081
-2.05416298
-2.30773234
-1.74439979
-1.42382348
-1.69555736
-1.78836417
-1.61736345
-1.46013868
-1.38724267
-1.41514397
-2.16639757
-2.23079467
-2.27765870
-2.27884865
-2.27820897
-2.32427049
-2.40156698
-2.43251181
-2.35106850
-2.12456036
-1.89692962
-1.86062205
-1.89454436
-1.98712146
-2.07722092
-2.04850578
-1.92602158
-1.85415685
-2.01429319
-1.71587443
-1.02118421
-0.81861365
-1.11164844
-1.16985166
-1.13693345
-1.31865418
-1.49281120
-1.44359779
-1.49827361
-1.83361101
-2.17887187
-2.34040809
-2.17742491
-1.90621758
-1.80303788
-1.92258322
-2.00144601
-2.10185385
-2.30381942
-2.26422548
-2.03282690
-1.95463610
-2.03283215
-2.18374085
-2.04858637
-1.80731714
-1.62423718
-1.56289375
-2.08121061
-2.34245420
-1.75249362
-1.36597979
-1.61518955
-1.70850897
-1.52892005
-1.37190843
-1.30623043
-1.37534273
-2.31629801
-2.35611272
-2.39347458
-2.38351417
-2.37581825
-2.43006492
-2.45602798
-2.44621992
-2.32146811
-2.05234122
-1.86008394
-1.85997820
-1.89166832
-1.95945358
-2.06307435
-2.03965712
-1.83923495
-1.73721981
-1.83058667
-1.60163486
-1.11089122
-1.00649202
-1.29216802
-1.33487689
-1.28716469
-1.33308554
-1.41189706
-1.41477418
-1.50699091
-1.79371119
-2.05481052
-2.17555380
-2.03262854
-1.80278325
-1.74656177
-1.85386443
-1.92988265
-2.04319882
-2.20734119
-2.12934208
-1.94737446
-1.95126021
-2.08406091
-2.18063259
-1.92160988
-1.70661139
-1.65894544
-1.65329468
-2.14743853
-2.33641529
-1.64792049
-1.26155210
-1.53741014
-1.62879598
-1.48918009
-1.33796930
-1.29431915
-1.39492047
-2.41337514
-2.42913914
-2.44001174
-2.42701077
-2.42741489
-2.46707320
-2.45410037
-2.39630771
-2.23890877
-1.98250902
-1.84537268
-1.88848245
-1.88101137
-1.90025842
-1.99841201
-1.95220900
-1.75119305
-1.62251449
-1.71372986
-1.57550263
-1.29518962
-1.16749811
-1.34553504
-1.44637501
-1.38834119
-1.35479128
-1.35817516
-1.39572072
-1.55424023
-1.76487327
-1.91860831
-2.00329065
-1.91719544
-1.76964796
-1.73414421
-1.80520463
-1.92003047
-2.09719610
-2.16774273
-2.03756857
-1.89110422
-1.97057998
-2.19213700
-2.15309334
-1.84095299
-1.71296287
-1.78323328
-1.78951681
-2.21396589
-2.22824788
-1.48047066
-1.15753484
-1.48318338
-1.58487511
-1.46767986
-1.35236275
-1.34278238
-1.42676747
-2.44267035
-2.43851709
-2.41601419
-2.40319276
-2.40648317
-2.41711497
-2.38591051
-2.30811644
-2.15599871
-1.95305109
-1.89637363
-1.92747355
-1.89113188
-1.89826953
-1.98535502
-1.90549242
-1.70935023
-1.62246382
-1.69995296
-1.65440667
-1.47427583
-1.32706451
-1.37298334
-1.55249763
-1.48023009
-1.41489434
-1.37144148
-1.50189245
-1.66296685
-1.79826498
-1.82554317
-1.88216734
-1.88727999
-1.83609402
-1.75624180
-1.81342125
-2.00131679
-2.19684839
-2.14293647
-1.97984493
-1.90491378
-2.04322362
-2.28295302
-2.10981679
-1.78213942
-1.77213907
-1.94294047
-1.89985871
-2.25954247
-2.10013962
-1.37338006
-1.12080288
-1.45168412
-1.56890464
-1.51237261
-1.43030775
-1.40954792
-1.51038551
-2.42481661
-2.39241648
-2.35082674
-2.32103062
-2.32118869
-2.31360674
-2.26390624
-2.20020580
-2.08318281
-1.96489310
-1.96200645
-1.97737777
-1.90201771
-1.86716235
-1.93127298
-1.85845137
-1.69924426
-1.64951003
-1.76412773
-1.86635041
-1.68887031
-1.46808791
-1.42991829
-1.62401795
-1.61571586
-1.48839653
-1.52741432
-1.64834297
-1.78936541
-1.84558988
-1.83056271
-1.88616896
-2.00055051
-1.93911827
-1.79569530
-1.89376473
-2.16527081
-2.28914547
-2.17508388
-1.98146856
-1.99943042
-2.16416240
-2.30658078
-2.01596403
-1.71133876
-1.87472689
-2.04822350
-1.97502887
-2.22209239
-1.94188488
-1.28673422
-1.18759727
-1.47981024
-1.58358407
-1.54257858
-1.47529411
-1.45768142
-1.55932236
-2.34188700
-2.30693173
-2.26316500
-2.22498083
-2.21702814
-2.19980001
-2.17853045
-2.15703464
-2.09645462
-2.04927349
-2.06290388
-2.03688431
-1.95031512
-1.93507755
-1.99524510
-1.90139651
-1.74097443
-1.77444959
-1.95731401
-2.11092949
-1.85168815
-1.54228914
-1.57359958
-1.75912416
-1.79363000
-1.67442405
-1.69946110
-1.81498051
-1.91252875
-1.92203116
-1.88573635
-1.90989411
-2.02209139
-1.93653667
-1.86229682
-2.05998731
-2.36918092
-2.39878082
-2.21186781
-2.01718307
-2.05360031
-2.21708822
-2.22994709
-1.89707685
-1.70997703
-1.94195354
-2.05201316
-1.95945644
-2.07957840
-1.80884731
-1.28173077
-1.32115471
-1.54354322
-1.62375951
-1.58419764
-1.52265072
-1.50715017
-1.60493696
-2.23126388
-2.20180130
-2.14456725
-2.11227345
-2.08863902
-2.09219456
-2.12096977
-2.13849711
-2.12843847
-2.09700799
-2.09909701
-2.01902914
-1.92720675
-1.95232642
-1.97684813
-1.90939116
-1.83962512
-2.00129461
-2.27374887
-2.32410598
-1.88328183
-1.64399385
-1.80901611
-1.97316468
-1.94064772
-1.82812619
-1.82285261
-1.90898526
-2.02242231
-1.98513842
-1.87110984
-1.87436950
-1.99680555
-1.95626366
-2.01314545
-2.32102084
-2.58859849
-2.49010992
-2.19655108
-2.02038288
-2.03406358
-2.17662978
-2.09362864
-1.78138077
-1.70937920
-1.91674244
-1.92095768
-1.84474576
-1.87804222
-1.66134441
-1.32146764
-1.40170252
-1.55932128
-1.61979151
-1.56879163
-1.52591074
-1.51614547
-1.57729888
-2.09320354
-2.07821751
-2.01768708
-1.99377179
-1.97340667
-2.00549960
-2.06724000
-2.09441519
-2.07311177
-2.03945732
-2.03349876
-1.93420875
-1.86035132
-1.86946368
-1.91488647
-1.89918685
-1.99223328
-2.25731969
-2.61017299
-2.28906369
-1.69666505
-1.66861379
-1.95292079
-1.99928296
-1.91559625
-1.87460351
-1.94651330
-2.05227423
-2.12217593
-2.03662968
-1.85962689
-1.81501281
-1.93211639
-2.01067066
-2.23324323
-2.63916421
-2.73113751
-2.43618369
-2.05535316
-1.90411162
-1.89200592
-1.99043763
-1.88332665
-1.63801980
-1.65932834
-1.80694604
-1.74681675
-1.67058074
-1.65155911
-1.47324264
-1.30917311
-1.40669596
-1.48110163
-1.48385036
-1.43958580
-1.41720927
-1.44355071
-1.43650842
-1.93120968
-1.92253125
-1.89112151
-1.87080121
-1.87017858
-1.91457200
-1.98080027
-1.96560359
-1.91425347
-1.88732088
-1.87283230
-1.78032517
-1.72669959
-1.76812279
-1.85604620
-1.93814838
-2.19931340
-2.52772784
-2.64516807
-1.88748693
-1.40963721
-1.61987269
-1.87684882
-1.80623710
-1.80568635
-1.97252858
-2.12616181
-2.18528128
-2.08010626
-1.87095153
-1.68870890
-1.71110392
-1.93398929
-2.18679094
-2.49415565
-2.75406861
-2.60748243
-2.18099880
-1.81629479
-1.70183516
-1.68315434
-1.73089886
-1.65021718
-1.52876508
-1.61929023
-1.66211200
-1.56108630
-1.50084770
-1.46078467
-1.33318353
-1.30293024
-1.36501205
-1.36303389
-1.31724167
-1.28987718
-1.33220255
-1.36366284
-1.30439174
-1.72988975
-1.72137058
-1.70634842
-1.71741927
-1.74629307
-1.78045094
-1.79432023
-1.73248768
-1.66071701
-1.65262520
-1.63917518
-1.59106934
-1.56734312
-1.68970442
-1.77555954
-2.02691936
-2.32383776
-2.83586740
-2.36165857
-1.28443027
-1.06493473
-1.64599514
-1.83207750
-1.74788880
-1.89019942
-2.29938149
-2.45937109
-2.21941996
-1.92656374
-1.70135260
-1.52792847
-1.71436942
-2.08513927
-2.38970065
-2.54243279
-2.54771399
-2.26525402
-1.85518682
-1.57823789
-1.51114488
-1.50178969
-1.52439618
-1.50608623
-1.49464285
-1.58707035
-1.52971780
-1.42278767
-1.39899039
-1.34726548
-1.27518284
-1.29068518
-1.30073166
-1.23143220
-1.17768574
-1.20418167
-1.30681908
-1.28035700
-1.16590583
-1.55459535
-1.54838777
-1.55186605
-1.61077356
-1.65402591
-1.66277385
-1.61780584
-1.52470529
-1.44649017
-1.45602727
-1.46975648
-1.44733512
-1.45650816
-1.65573323
-1.75285482
-2.00656676
-2.47839832
-2.71441054
-1.74609613
-0.77623641
-1.00431967
-1.70587492
-1.81484222
-1.74917924
-2.04683948
-2.47444224
-2.48341799
-2.18875122
-1.92213309
-1.65014994
-1.53622377
-1.82637215
-2.26627827
-2.42479300
-2.40607262
-2.23417974
-1.88545871
-1.56311023
-1.41876459
-1.40085244
-1.39514685
-1.39988554
-1.42913127
-1.49335539
-1.54989302
-1.46095061
-1.37441778
-1.38159764
-1.33231902
-1.29065919
-1.33421826
-1.32172918
-1.22591794
-1.20891869
-1.29002011
-1.39589739
-1.29205513
-1.15984428
-1.41347849
-1.41181028
-1.45000529
-1.52951026
-1.56716084
-1.53798461
-1.46801388
-1.36367607
-1.31063509
-1.36172605
-1.40540242
-1.35947704
-1.42598307
-1.62656176
-1.78990269
-2.02852321
-2.64370131
-2.25007486
-1.06791306
-0.53388381
-1.24033988
-1.80748403
-1.89864373
-1.77832103
-2.02063036
-2.47330046
-2.45129156
-2.18123794
-1.79549909
-1.60722244
-1.58699584
-1.84028518
-2.13242269
-2.14869785
-2.03499818
-1.86725569
-1.60796595
-1.44312537
-1.42003584
-1.39869821
-1.39939880
-1.39493620
-1.44229019
-1.55169261
-1.57730269
-1.46778023
-1.40443408
-1.42405081
-1.38989127
-1.36620235
-1.41907144
-1.39940977
-1.31938171
-1.35009408
-1.48905408
-1.56361079
-1.40885460
-1.26664126
-1.38384378
-1.40026522
-1.43620002
-1.53626323
-1.54940867
-1.50929070
-1.45236337
-1.36873937
-1.32516885
-1.40010369
-1.44830370
-1.40054655
-1.55062366
-1.66612411
-1.81591523
-2.15541339
-2.60563254
-1.81748796
-0.57306278
-0.59024584
-1.42808604
-1.94416559
-1.93049824
-1.80750692
-2.16642213
-2.49373865
-2.33970761
-1.90137935
-1.66400540
-1.57114303
-1.66906846
-1.95732987
-2.10478973
-1.85876226
-1.68021464
-1.63201153
-1.52369106
-1.49613106
-1.47404790
-1.46196246
-1.47059870
-1.47430182
-1.50307238
-1.61538291
-1.63727748
-1.53689063
-1.49096155
-1.51684487
-1.50275409
-1.49391544
-1.55534577
-1.53619325
-1.46440315
-1.54567778
-1.71967304
-1.71620524
-1.53635645
-1.43576896
-1.47618222
-1.51784515
-1.55436885
-1.63172603
-1.64025927
-1.59178591
-1.55642045
-1.47832203
-1.41343677
-1.47799051
-1.49881649
-1.43963742
-1.60751164
-1.66034889
-1.74577725
-2.33128119
-2.44362187
-1.31657255
-0.32408375
-0.72743118
-1.56098175
-2.03044558
-1.98464704
-1.88156629
-2.22577548
-2.23774719
-1.92501044
-1.78711307
-1.72540283
-1.48046696
-1.47381496
-1.78508830
-1.72785151
-1.52769554
-1.39414644
-1.52012384
-1.55916297
-1.56675315
-1.55010486
-1.57441854
-1.62712717
-1.61476624
-1.59101343
-1.67319202
-1.72244859
-1.66092682
-1.61767554
-1.62102664
-1.62835240
-1.63802981
-1.71698856
-1.70789587
-1.64292145
-1.72385848
-1.84834063
-1.80593383
-1.65698624
-1.62142563
-1.62067294
-1.66290581
-1.68263662
-1.71384311
-1.72509634
-1.68042397
-1.63652563
-1.56980085
-1.49249053
-1.54756641
-1.54414344
-1.49282932
-1.63154221
-1.65848386
-1.76317346
-2.47319078
-2.30664873
-0.98733574
-0.28260648
-0.89663434
-1.79130220
-2.21942258
-2.18579006
-1.92204249
-2.15017676
-2.05924845
-1.95832431
-1.99420202
-1.65374935
-1.35431993
-1.50418913
-1.85851026
-1.60411072
-1.46148849
-1.36581600
-1.47818887
-1.63231814
-1.63967097
-1.61514223
-1.67484570
-1.80462801
-1.76289713
-1.67270899
-1.74990797
-1.81737196
-1.78939366
-1.75341451
-1.74737775
-1.77353871
-1.80136991
-1.88905108
-1.87930405
-1.82012439
-1.88359034
-1.94258606
-1.85585654
-1.76694381
-1.77040923
-1.78244805
-1.80920088
-1.80420244
-1.80259645
-1.80630803
-1.74677753
-1.70892715
-1.65453649
-1.58611333
-1.62440741
-1.60970652
-1.60274243
-1.66624773
-1.69649720
-1.86615121
-2.49891067
-2.12864494
-0.77012950
-0.39838561
-1.10254979
-2.01345873
-2.28508687
-2.03081107
-1.97780156
-2.24913931
-2.06174827
-1.90289783
-1.87103891
-1.29925406
-1.12585199
-1.42916405
-1.73500574
-1.60564446
-1.38311470
-1.35805666
-1.43784845
-1.70983827
-1.69903624
-1.68971741
-1.78836477
-1.93952572
-1.87182426
-1.75924492
-1.80626202
-1.88384783
-1.85580790
-1.83375835
-1.83332729
-1.87380350
-1.89954793
-1.96027851
-1.93091142
-1.88784003
-1.93958652
-1.96357107
-1.87237501
-1.83427477
-1.84799814
-1.89468682
-1.91548359
-1.88807130
-1.88075936
-1.86560464
-1.78937399
-1.75977135
-1.73530972
-1.67221844
-1.70461261
-1.69217575
-1.74217844
-1.76988399
-1.75484598
-2.06714582
-2.52551270
-1.97821057
-0.70885056
-0.58181936
-1.30460942
-2.16032338
-2.34771132
-2.09231472
-2.26179266
-2.22899151
-1.61956000
-1.24963534
-1.53554964
-1.32837546
-1.34244406
-1.46669281
-1.40997446
-1.53690994
-1.44176066
-1.39118576
-1.46637022
-1.79020250
-1.79575551
-1.80611813
-1.90722501
-1.99827695
-1.90932143
-1.82145035
-1.85466874
-1.92138100
-1.88294625
-1.86072147
-1.88007414
-1.91413319
-1.94483864
-1.95518625
-1.90821981
-1.86654365
-1.93771076
-1.95629466
-1.88332152
-1.86175263
-1.86858976
-1.94321012
-1.95506918
-1.91792846
-1.90394878
-1.87720978
-1.79830217
-1.80145574
-1.79955709
-1.74967957
-1.78616643
-1.74612749
-1.83001769
-1.87354720
-1.85067058
-2.24153352
-2.56261992
-1.87557793
-0.68346989
-0.64681667
-1.41413784
-2.20347023
-2.34819794
-2.09504628
-2.25552297
-1.98763716
-1.38325274
-1.30685139
-1.38486457
-1.32729769
-1.30231571
-1.47758734
-1.22787750
-1.58480108
-1.57593560
-1.34252048
-1.53956068
-1.88402867
-1.89726985
-1.90068448
-1.95066977
-1.96976352
-1.88835692
-1.84069943
-1.88677931
-1.93402565
-1.90613103
-1.88951647
-1.91784561
-1.93009090
-1.92834044
-1.89238584
-1.85003936
-1.87489903
-1.95369601
-1.94400609
-1.87556398
-1.86285162
-1.86716461
-1.95663583
-1.96338630
-1.91746974
-1.89631975
-1.87092221
-1.81757951
-1.85833955
-1.87796068
-1.83729851
-1.82926464
-1.76952362
-1.87068212
-1.94020712
-1.92915273
-2.31255412
-2.58613467
-1.79411316
-0.68691051
-0.72192097
-1.53954268
-2.23814654
-2.24496436
-1.93671715
-2.21845913
-1.89809072
-1.30121553
-1.21090901
-1.15774763
-1.34784865
-1.52545834
-1.33546960
-1.25594032
-1.67798269
-1.72448146
-1.33754861
-1.61197329
-1.92464781
-1.91835713
-1.91789258
-1.93398476
-1.92968369
-1.86273181
-1.85337162
-1.90087771
-1.94016886
-1.93005979
-1.92909193
-1.96638978
-1.95205200
-1.91484666
-1.85536790
-1.82789814
-1.88634920
-1.95930576
-1.92602193
-1.86944842
-1.87078607
-1.88007641
-1.96375763
-1.95084500
-1.88884914
-1.87992549
-1.86056912
-1.84802198
-1.91717231
-1.95770073
-1.89697075
-1.84679186
-1.80966818
-1.93436682
-2.00528026
-1.99646485
-2.36344552
-2.61009645
-1.72319639
-0.67320991
-0.78276795
-1.52416873
-2.09789443
-2.16315627
-2.06988406
-2.16450715
-1.76624966
-1.05397093
-0.91107702
-1.24159920
-1.65146852
-1.61270118
-1.30320632
-1.34308076
-2.04296207
-1.86637366
-1.46042943
-1.65599298
-1.90909696
-1.89335501
-1.90004241
-1.91080523
-1.88964009
-1.84954643
-1.87276518
-1.92248440
-1.95905328
-1.95998311
-1.95749724
-1.98809266
-1.97715998
-1.91907740
-1.84663737
-1.83455765
-1.89315438
-1.95749974
-1.90870881
-1.86658251
-1.87185597
-1.88387454
-1.94709170
-1.93141758
-1.88685012
-1.89981329
-1.89225781
-1.88700008
-1.94140959
-1.98145926
-1.90882230
-1.85755384
-1.85971701
-2.02484775
-2.08726287
-2.05417085
-2.38701034
-2.57993960
-1.62604177
-0.71333528
-0.95528293
-1.67978120
-2.13643122
-2.17184281
-2.15258741
-1.97194362
-1.62590063
-1.21599793
-1.11959648
-1.27335811
-1.43938196
-1.34468293
-1.25733161
-1.68439567
-2.21648598
-1.76788568
-1.42468917
-1.73826396
-1.88859081
-1.88317168
-1.89068580
-1.87049711
-1.84734833
-1.86245453
-1.90549695
-1.96021533
-1.99556816
-2.00422120
-1.97433746
-1.99484074
-1.99094474
-1.90521598
-1.83235383
-1.83855689
-1.90754986
-1.94257879
-1.86758113
-1.81168306
-1.85321438
-1.91208100
-1.92546487
-1.90604150
-1.88196635
-1.90901673
-1.91145146
-1.90640616
-1.95933712
-1.98074579
-1.90256369
-1.87068748
-1.91395712
-2.10069513
-2.15051770
-2.06652355
-2.36432624
-2.44340444
-1.51691878
-0.80215335
-1.14537394
-1.68721235
-2.00961208
-1.93581367
-1.95148361
-1.99602973
-1.75316751
-1.57783699
-1.31211329
-1.27287126
-1.34406197
-1.37155700
-1.52105319
-2.00929952
-2.11358786
-1.65409088
-1.47162497
-1.83456564
-1.88265228
-1.88220704
-1.89791346
-1.85108006
-1.83249712
-1.88468158
-1.94587135
-1.99370027
-2.02639484
-1.98950803
-1.94472933
-1.97276485
-1.96074688
-1.87841165
-1.82107222
-1.85243404
-1.90423179
-1.90831470
-1.81396174
-1.77799356
-1.85612690
-1.95856321
-1.91477633
-1.87760782
-1.88330269
-1.92511129
-1.91842139
-1.91683400
-1.97324979
-1.96406651
-1.90511942
-1.89949405
-1.95680034
-2.13958716
-2.17384577
-2.03598785
-2.33304167
-2.24000263
-1.46103764
-0.93523937
-1.29199278
-1.67319489
-1.92907572
-1.92992604
-2.04486871
-2.20376444
-2.01223540
-1.70745063
-1.37502480
-1.19131446
-1.26939726
-1.37901175
-1.59979224
-2.04805446
-1.86529946
-1.53584361
-1.57691288
-1.88392377
-1.85182786
-1.86835635
-1.87781191
-1.85001147
-1.87238503
-1.94000804
-1.97175002
-1.99390125
-2.03312206
-1.98669195
-1.92067754
-1.94301498
-1.92324615
-1.83909750
-1.81898725
-1.85211098
-1.87268662
-1.88746226
-1.84201944
-1.81996489
-1.89212692
-1.99399340
-1.88338590
-1.87169278
-1.90273750
-1.94098425
-1.93444943
-1.91692078
-1.94770932
-1.93837667
-1.91314554
-1.89507186
-1.93089664
-2.12117696
-2.12112021
-1.97169113
-2.24197412
-2.05576324
-1.43718743
-1.12301207
-1.37574863
-1.71822751
-1.87892604
-1.85945678
-2.01173806
-2.20895648
-2.14424586
-1.72613943
-1.38237774
-1.08902299
-1.12804973
-1.41791284
-1.72260571
-1.93577671
-1.72656894
-1.43340337
-1.78173554
-1.85409856
-1.78170335
-1.82588053
-1.83204722
-1.82205319
-1.87313056
-1.95378721
-1.94225848
-1.98319232
-2.01579547
-1.95999610
-1.88888812
-1.90552711
-1.84955108
-1.80520368
-1.80832112
-1.85045660
-1.86846042
-1.87091494
-1.86337566
-1.84471273
-1.90592289
-2.00176454
-1.82451487
-1.86228490
-1.87700939
-1.90281796
-1.90777957
-1.91065264
-1.92471910
-1.94617867
-1.94076848
-1.88121390
-1.88470685
-2.05236697
-2.05125022
-1.94646657
-2.13714767
-1.92012548
-1.43330705
-1.27375829
-1.40691078
-1.74622929
-1.90789604
-1.86947823
-2.07625055
-2.22887206
-2.14283824
-1.70647788
-1.31917095
-0.93106943
-1.01999032
-1.45117378
-1.68758082
-1.79869151
-1.56512797
-1.57845426
-1.81848419
-1.77055991
-1.69938219
-1.75740445
-1.78224182
-1.77802289
-1.87547946
-1.89101946
-1.86591125
-1.92848432
-1.95778811
-1.91695046
-1.88410676
-1.87844825
-1.78743923
-1.76630092
-1.81658256
-1.88008833
-1.88554966
-1.86545765
-1.88859928
-1.88559234
-1.89294207
-1.95453191
-1.77576888
-1.80446982
-1.81287229
-1.82271254
-1.84912038
-1.88759327
-1.90169179
-1.93576491
-1.91871333
-1.82037747
-1.81571996
-1.96718240
-1.92785680
-1.91590750
-1.98124743
-1.80760622
-1.50508332
-1.42347014
-1.46419609
-1.81170976
-1.85269654
-1.74016273
-2.00987577
-2.24236917
-2.01023722
-1.67842472
-1.23843038
-0.99571943
-1.00585675
-1.44909585
-1.68827438
-1.81101573
-1.63405669
-1.63707161
-1.79833901
-1.68904591
-1.59240139
-1.67146647
-1.72629654
-1.77800298
-1.82895136
-1.78210056
-1.76109791
-1.86287820
-1.91949880
-1.88090456
-1.91215467
-1.91522896
-1.78840017
-1.75336611
-1.85422492
-1.88922834
-1.87486875
-1.86562490
-1.91890287
-1.88875365
-1.83965850
-1.85858822
-1.73803878
-1.73239827
-1.71055281
-1.72686386
-1.81097400
-1.86948442
-1.86900878
-1.89688230
-1.89047897
-1.74996436
-1.72356105
-1.81628394
-1.71966994
-1.74550188
-1.81601882
-1.75182950
-1.56356013
-1.53317630
-1.52934897
-1.78043151
-1.71323776
-1.53732383
-1.84889293
-2.19032645
-1.82407415
-1.69123733
-1.36292493
-0.98821986
-1.05256999
-1.49038231
-1.76982737
-1.85951376
-1.73349833
-1.67950177
-1.66228628
-1.53847313
-1.50146449
-1.64807522
-1.72333610
-1.75640297
-1.71805727
-1.64357877
-1.70565307
-1.87799287
-1.90923154
-1.83463526
-1.90638924
-1.88101482
-1.77676165
-1.78231359
-1.89103138
-1.87734568
-1.82545543
-1.80798197
-1.83951020
-1.80196357
-1.73072815
-1.78042388
-1.73236418
-1.68682683
-1.64512146
-1.62863064
-1.75359297
-1.84985042
-1.82121432
-1.78101182
-1.75837111
-1.61362827
-1.55635965
-1.58684671
-1.49746835
-1.60113001
-1.81697750
-1.80238950
-1.70318913
-1.60915053
-1.53592372
-1.63943660
-1.55468690
-1.44970191
-1.76852703
-2.03542447
-1.77355325
-1.95751941
-1.54038894
-1.02597737
-1.08487284
-1.43955183
-1.81263471
-1.84976423
-1.71422660
-1.59024882
-1.55998290
-1.51539421
-1.52345169
-1.58246589
-1.67000520
-1.69129622
-1.63319874
-1.58924305
-1.74818027
-1.92590749
-1.83374023
-1.75678504
-1.85121560
-1.83475888
-1.76424670
-1.81092262
-1.90830231
-1.85128534
-1.75345314
-1.70064557
-1.70662057
-1.67683065
-1.66443920
-1.72530794
-1.66958320
-1.59165680
-1.54186845
-1.53746653
-1.64906108
-1.73282003
-1.71636021
-1.60515225
-1.55271816
-1.45310593
-1.38822496
-1.41919196
-1.34869158
-1.54217017
-1.87141263
-1.83615053
-1.73466599
-1.66238952
-1.57712400
-1.54925191
-1.42577112
-1.40554559
-1.78029394
-2.00192237
-1.84245646
-1.98269796
-1.62319887
-0.99676877
-1.11713934
-1.43052793
-1.84305322
-1.95445907
-1.73939431
-1.45754361
-1.42190278
-1.47047210
-1.50110185
-1.48114836
-1.58884239
-1.66357458
-1.60497928
-1.60050821
-1.74691784
-1.87217212
-1.68562281
-1.66212547
-1.72320390
-1.73345578
-1.71338367
-1.76399481
-1.79978991
-1.73881578
-1.61021864
-1.61096430
-1.67007685
-1.65250206
-1.64806855
-1.61721873
-1.56271112
-1.46592963
-1.45230401
-1.46768105
-1.50536370
-1.56806588
-1.53972316
-1.43730819
-1.38445294
-1.25516844
-1.24673343
-1.30683446
-1.28568649
-1.57745278
-1.94362211
-1.81574488
-1.67749798
-1.62497985
-1.42812717
-1.38991332
-1.36198711
-1.50874734
-1.81316578
-1.87231386
-1.96122837
-2.13713956
-1.61457443
-0.96711057
-1.22004282
-1.57933974
-1.89958441
-2.08649182
-1.77148819
-1.33570707
-1.28723526
-1.46779001
-1.42630374
-1.40796530
-1.50311279
-1.63699913
-1.57700181
-1.57426441
-1.68492866
-1.71072948
-1.64220905
-1.57601917
-1.62449241
-1.61548531
-1.68325210
-1.66720796
-1.65692484
-1.61766589
-1.50050747
-1.56161046
-1.64577842
-1.63411415
-1.60942507
-1.55285490
-1.43229568
-1.34251356
-1.38514745
-1.35862887
-1.35763538
-1.40844786
-1.36152792
-1.26524115
-1.18267703
-1.08963466
-1.18530560
-1.26635790
-1.31579089
-1.65348983
-1.96140981
-1.84414959
-1.69663930
-1.61658263
-1.33742642
-1.30831897
-1.40538955
-1.62622881
-1.74416900
-1.66532373
-1.92582262
-2.08573389
-1.82907212
-1.24215150
-1.31242371
-1.71170580
-1.91100800
-2.00996542
-1.49105000
-1.15655243
-1.25881696
-1.45790899
-1.35344601
-1.34376729
-1.45673513
-1.56922567
-1.52857733
-1.53019309
-1.58811820
-1.53007531
-1.53997433
-1.53238988
-1.61471105
-1.69123626
-1.68953860
-1.58953726
-1.56497085
-1.54898095
-1.47531736
-1.57832646
-1.69611466
-1.72398961
-1.61074495
-1.55758119
-1.31933308
-1.22128999
-1.32785535
-1.29877663
-1.28407526
-1.35651183
-1.28160965
-1.23315334
-1.21257782
-1.12705612
-1.25416660
-1.31695485
-1.33418918
-1.76413965
-1.91870737
-1.71299314
-1.61715567
-1.55799592
-1.34809673
-1.27935660
-1.43086243
-1.59423411
-1.75012934
-1.73545396
-1.97296512
-2.21785188
-2.05617261
-1.78637123
-1.55028367
-1.63522792
-1.80878925
-1.79458439
-1.38143206
-0.97069168
-1.29514360
-1.41799700
-1.32252908
-1.33521390
-1.48097312
-1.50075316
-1.45315135
-1.42809653
-1.42716300
-1.39452899
-1.48887002
-1.56341743
-1.61283064
-1.76259100
-1.67419732
-1.50803399
-1.54816747
-1.48311889
-1.48462665
-1.66843140
-1.76511061
-1.75861549
-1.57506955
-1.48688078
-1.28293884
-1.27973485
-1.33893657
-1.29906392
-1.29424310
-1.39538801
-1.29015779
-1.29278445
-1.32709682
-1.22998321
-1.34031069
-1.34458590
-1.40488613
-1.83240652
-1.87871373
-1.71329653
-1.65544009
-1.54335785
-1.33733070
-1.47933495
-1.65118909
-1.61173105
-1.70365357
-1.82123005
-1.88458121
-2.06496215
-2.04058647
-1.78012824
-1.56205714
-1.54051924
-1.71847701
-1.57373059
-1.16486847
-0.96580821
-1.25426936
-1.36591589
-1.33051372
-1.39772236
-1.49394190
-1.45767283
-1.39404035
-1.38344324
-1.30084872
-1.38572013
-1.50456548
-1.56328011
-1.60889482
-1.72257018
-1.62533665
-1.48727882
-1.58357024
-1.53629303
-1.55683327
-1.80731320
-1.83387959
-1.69702291
-1.56321108
-1.55664051
-1.37522435
-1.38692129
-1.35942113
-1.34946942
-1.40925467
-1.44269168
-1.38504326
-1.34707963
-1.38607955
-1.31965697
-1.38259017
-1.33376205
-1.51891971
-1.93039680
-1.87743497
-1.78982568
-1.75250208
-1.53427804
-1.35909712
-1.65525973
-1.72566473
-1.56496453
-1.79670465
-1.88669181
-1.86344242
-2.06709194
-2.09540749
-1.69530535
-1.47731483
-1.47144699
-1.52445889
-1.44086707
-1.18411636
-1.09448731
-1.21278679
-1.32772112
-1.28254759
-1.38155222
-1.41112852
-1.34716249
-1.32478631
-1.34778738
-1.29796004
-1.39961720
-1.46915674
-1.46601295
-1.54071021
-1.63074529
-1.56876373
-1.53595209
-1.62730539
-1.58805883
-1.58464789
-1.85263371
-1.79670763
-1.66004992
-1.64050639
-1.78572273
-1.46198571
-1.42192876
-1.33052266
-1.34768140
-1.42113042
-1.42174077
-1.43820000
-1.43637860
-1.36910415
-1.32315719
-1.34492230
-1.31065524
-1.63984168
-2.02730346
-1.85894060
-1.79574740
-1.74590099
-1.45008588
-1.35745788
-1.64580595
-1.66830218
-1.39134014
-1.73919702
-1.92670429
-1.70057702
-1.78392351
-1.80737388
-1.33131695
-1.16166115
-1.31171668
-1.46091819
-1.55841720
-1.33364987
-1.17591941
-1.25196743
-1.38183069
-1.32806206
-1.38365018
-1.33850670
-1.21778893
-1.25023890
-1.29557920
-1.32437098
-1.42927837
-1.48660696
-1.44088209
-1.50070941
-1.52582347
-1.49138558
-1.54763138
-1.62194467
-1.59258413
-1.59633076
-1.83578932
-1.73817766
-1.60869336
-1.70068657
-1.93063641
-1.46770370
-1.38431549
-1.33555365
-1.37431490
-1.37419558
-1.38716567
-1.40818727
-1.38521695
-1.30278337
-1.28707170
-1.33709204
-1.33940268
-1.72825384
-2.04418063
-1.82938898
-1.77395320
-1.71096921
-1.46246755
-1.43387878
-1.70212591
-1.58187914
-1.36911094
-1.70009553
-1.89755714
-1.86408222
-1.91933906
-1.72761285
-1.21868384
-1.08882630
-1.31930912
-1.55209935
-1.70658195
-1.46497083
-1.19823456
-1.29446304
-1.38661098
-1.33516514
-1.31449568
-1.30391252
-1.27085650
-1.28464067
-1.33015394
-1.30423164
-1.42035294
-1.44771993
-1.38246286
-1.44987738
-1.52189672
-1.49206197
-1.58949673
-1.62126505
-1.54292309
-1.65880537
-1.86519217
-1.77052653
-1.63444805
-1.81634951
-1.97228813
-1.34970522
-1.29079068
-1.31462538
-1.29546559
-1.24494052
-1.31610370
-1.31924915
-1.24404192
-1.17825568
-1.17898774
-1.31384146
-1.36345291
-1.73758698
-1.96094525
-1.76067710
-1.69240367
-1.62293744
-1.49295175
-1.50333893
-1.68932462
-1.50028992
-1.21121824
-1.37922323
-1.66953564
-1.84396470
-2.01301789
-1.64388287
-1.18773329
-1.24959219
-1.43375218
-1.67456758
-1.79709744
-1.57586968
-1.24794340
-1.34159827
-1.47117126
-1.40078950
-1.28192663
-1.26355660
-1.33861876
-1.30678284
-1.34305823
-1.38541305
-1.39128172
-1.37510467
-1.33395016
-1.41381884
-1.50961697
-1.46804273
-1.56269872
-1.61388338
-1.59212828
-1.75174725
-1.87980008
-1.76611984
-1.71378195
-1.88397312
-1.92419934
-1.20652938
-1.18325913
-1.22844040
-1.18460786
-1.13205111
-1.27593708
-1.20658410
-1.11497569
-1.15207779
-1.16762984
-1.29402781
-1.41916323
-1.64932168
-1.84123957
-1.76200902
-1.67262995
-1.56908751
-1.54271650
-1.67649865
-1.58456695
-1.29274786
-1.19069588
-1.51614118
-1.89141953
-2.10662365
-2.01379490
-1.44472718
-1.08062959
-1.26688957
-1.48336303
-1.69237769
-1.84618890
-1.57158816
-1.26750946
-1.34463739
-1.57947826
-1.47935128
-1.31406701
-1.28252125
-1.42063046
-1.42225635
-1.42366636
-1.50561428
-1.45262706
-1.39060044
-1.38927436
-1.45445073
-1.51223290
-1.46405661
-1.56076562
-1.62244236
-1.64083040
-1.73149943
-1.76273000
-1.75440693
-1.76467538
-1.78096116
-1.78431082
-1.06350553
-1.14211738
-1.14375353
-1.10088408
-1.13639700
-1.20514727
-1.14561868
-1.10220301
-1.21540606
-1.19424546
-1.26803625
-1.33688462
-1.50550795
-1.83465493
-1.93952227
-1.71098399
-1.60141921
-1.65211213
-1.67613208
-1.40560293
-1.20712972
-1.30953526
-1.73310089
-2.15490437
-2.38656831
-1.90972042
-1.28495407
-1.14518619
-1.46171474
-1.64836800
-1.72288597
-1.87277317
-1.54403937
-1.34323323
-1.46556914
-1.66863310
-1.44268382
-1.32620513
-1.38796139
-1.50083530
-1.47943819
-1.49980772
-1.58075249
-1.51917505
-1.38960207
-1.38798881
-1.42361319
-1.44506109
-1.47046626
-1.54766190
-1.57947898
-1.60818660
-1.69351804
-1.67062318
-1.69892526
-1.68868840
-1.67050970
-1.71528590
-1.06506050
-1.11824751
-1.09215462
-1.06481516
-1.21472442
-1.26668072
-1.21115351
-1.20819616
-1.28226674
-1.22686422
-1.21072221
-1.20507085
-1.45083451
-1.91574001
-2.10845709
-1.83598197
-1.58683813
-1.64673460
-1.47996795
-1.12308252
-0.96410763
-1.26123655
-1.79210007
-2.38068867
-2.33808994
-1.61472261
-1.15375304
-1.34227836
-1.69238162
-1.76720178
-1.86505795
-1.87737811
-1.54173875
-1.39324033
-1.56056476
-1.70920885
-1.49131680
-1.36044037
-1.51611269
-1.58959067
-1.50499690
-1.52991033
-1.61730957
-1.55124593
-1.37908387
-1.36697352
-1.42209017
-1.41509891
-1.44451153
-1.47309387
-1.51370978
-1.58917284
-1.63024879
-1.56717777
-1.52910984
-1.55479646
-1.53536713
-1.55132830
-1.15073168
-1.14057410
-1.15247536
-1.14601004
-1.27650368
-1.33649445
-1.20622456
-1.24661994
-1.31448603
-1.25305748
-1.24618113
-1.16891432
-1.49491215
-2.08894038
-2.18335867
-1.83003151
-1.50399435
-1.50439513
-1.31172371
-1.07687342
-1.00203764
-1.38215804
-2.08974934
-2.53552008
-2.10247660
-1.36902893
-1.13412166
-1.50376880
-1.65748882
-1.76725256
-1.98045170
-1.82654846
-1.50423491
-1.41665375
-1.57741225
-1.52358782
-1.30437982
-1.33425784
-1.56724715
-1.63964307
-1.56043565
-1.59957635
-1.61367977
-1.45175982
-1.29935861
-1.28821993
-1.34127474
-1.33200991
-1.40057600
-1.51601529
-1.52076268
-1.51782334
-1.47410035
-1.48006260
-1.46577477
-1.43061829
-1.53440249
-1.56167459
-1.22297966
-1.23712671
-1.26091850
-1.27700329
-1.32338965
-1.36531234
-1.20387220
-1.22803497
-1.27172649
-1.24038041
-1.23427117
-1.19671702
-1.52846956
-2.13947678
-2.15088582
-1.80447817
-1.44856632
-1.35741425
-1.32197523
-1.18797410
-1.12068629
-1.26913595
-2.02888751
-2.17215085
-1.86437702
-1.38463449
-1.34520221
-1.41515064
-1.49499714
-1.87760162
-2.09838319
-1.83523357
-1.38192666
-1.46215856
-1.34522665
-1.26850104
-1.24610066
-1.32233095
-1.64592218
-1.69822538
-1.56176305
-1.52397335
-1.53436518
-1.36752045
-1.23849046
-1.23607767
-1.23434067
-1.22888732
-1.35195553
-1.44901729
-1.43756092
-1.39300060
-1.37620676
-1.39979029
-1.40733826
-1.39593160
-1.52773130
-1.54477060
-1.19744563
-1.23992896
-1.35255742
-1.33511519
-1.40226030
-1.38789165
-1.21982837
-1.18390310
-1.28312719
-1.26000452
-1.29783642
-1.32282567
-1.56209266
-2.00495386
-1.94601190
-1.65017879
-1.38605106
-1.30595243
-1.30993772
-1.14558935
-1.04720867
-1.34175932
-2.04692197
-2.19736052
-1.83877611
-1.72961390
-1.63837743
-1.41480112
-1.41614771
-1.92792141
-1.98734415
-1.53810644
-1.05147338
-1.18691659
-1.25660574
-1.30501580
-1.36969888
-1.34695089
-1.60273874
-1.65019786
-1.43357456
-1.40791702
-1.46008837
-1.30374384
-1.16115820
-1.16310310
-1.17183280
-1.16952741
-1.24091268
-1.34615326
-1.39682829
-1.35247791
-1.31540418
-1.36610222
-1.36260533
-1.35169804
-1.42616415
-1.48430216
-1.20866835
-1.29600835
-1.40824997
-1.34257984
-1.37443435
-1.28921151
-1.15509462
-1.17973912
-1.31429935
-1.32663524
-1.38981855
-1.39939344
-1.43486464
-1.89803004
-1.95264697
-1.64756203
-1.43505239
-1.29764736
-1.20750189
-1.04572296
-0.86191022
-1.20548069
-1.67670429
-1.84857988
-1.87116551
-1.91785252
-1.82098472
-1.68304241
-1.52373493
-1.85421968
-1.67943704
-1.07399476
-0.85361505
-0.99086756
-1.35632265
-1.49628127
-1.50934374
-1.33784974
-1.52575827
-1.59330356
-1.33493280
-1.25642610
-1.37809551
-1.20585358
-1.15222943
-1.14620531
-1.18793702
-1.11171734
-1.19166732
-1.35250604
-1.39029217
-1.26125348
-1.25284612
-1.33837366
-1.34761870
-1.34762490
-1.41472995
-1.45667994
-1.24743569
-1.32161736
-1.39538372
-1.30500269
-1.27779961
-1.31106317
-1.24645007
-1.26799095
-1.34443867
-1.41748059
-1.40645158
-1.39472651
-1.32424247
-1.82651305
-2.03256369
-1.72869694
-1.50244629
-1.22686315
-1.10886514
-1.02118313
-0.71815991
-0.93554914
-1.52120399
-1.86512768
-2.04951787
-2.15812445
-2.04959559
-2.01856875
-1.70606458
-1.63971925
-1.32775557
-0.81997627
-0.72179365
-0.86977184
-1.39347386
-1.72281730
-1.54830122
-1.33942080
-1.51814651
-1.51048231
-1.23368871
-1.12055039
-1.24923944
-1.18329751
-1.12645161
-1.12558556
-1.21952772
-1.13420618
-1.18891370
-1.34515309
-1.34065127
-1.20442140
-1.28814304
-1.42352843
-1.43034196
-1.36389101
-1.37086630
-1.40011120
-1.14836872
-1.21990252
-1.26555836
-1.21376729
-1.22987413
-1.34365129
-1.32399881
-1.32910061
-1.40492857
-1.41073036
-1.49631047
-1.49942303
-1.47441769
-1.86802030
-2.18458462
-1.85353208
-1.57931960
-1.17347145
-0.97618598
-0.77700579
-0.53751791
-0.76423162
-1.54539657
-2.02467108
-2.03589058
-1.97354043
-2.00673842
-2.05743074
-1.73032141
-1.27246690
-0.95446593
-0.60494298
-0.66057301
-1.02921772
-1.61421430
-1.73728454
-1.49633014
-1.30286574
-1.51531851
-1.50097215
-1.23210204
-1.16882694
-1.27300382
-1.22052479
-1.14004838
-1.19522500
-1.25905156
-1.22944915
-1.24285150
-1.36249626
-1.26902664
-1.23818171
-1.40599227
-1.51361406
-1.44374228
-1.34143281
-1.32121730
-1.42806470
-1.09471321
-1.17978668
-1.19704676
-1.15877378
-1.24120581
-1.32769430
-1.38390779
-1.37397420
-1.39101589
-1.38349950
-1.56539345
-1.49825382
-1.43076932
-1.76877058
-2.04056168
-1.77492583
-1.46708477
-1.02527773
-1.03060627
-0.98077738
-0.81021732
-1.26647604
-1.79356861
-2.19098401
-1.98774683
-1.89486420
-2.14541698
-1.96892130
-1.51124656
-0.88618517
-0.73994547
-0.64086145
-0.85138243
-1.22931015
-1.68635643
-1.61384678
-1.30204344
-1.33046114
-1.56921089
-1.57774937
-1.30614257
-1.28885651
-1.38817775
-1.23114324
-1.20539999
-1.25334787
-1.31708729
-1.29558647
-1.39148545
-1.41228843
-1.27653718
-1.31034398
-1.44708240
-1.42982125
-1.36466479
-1.29143739
-1.31985509
-1.37059581
-1.04468679
-1.04278457
-1.09753251
-1.07220948
-1.22672391
-1.40817821
-1.35582530
-1.32401729
-1.32693195
-1.34859514
-1.58385587
-1.46746397
-1.26589525
-1.63886714
-1.80810547
-1.51663303
-1.15822959
-0.88319880
-1.09377801
-1.05341244
-0.81283379
-1.34493136
-1.87074959
-2.22505474
-1.94676065
-1.76134026
-2.18729281
-1.82336700
-1.29505968
-0.82451314
-0.75119567
-0.68689454
-0.92360055
-1.28148246
-1.52314985
-1.40173960
-1.20995319
-1.47317517
-1.63305438
-1.56797290
-1.33956134
-1.38892460
-1.49355018
-1.32170653
-1.25621760
-1.31313074
-1.37142169
-1.37703609
-1.48389602
-1.36666977
-1.27164352
-1.37000084
-1.41016197
-1.34253204
-1.30522418
-1.25546014
-1.27865446
-1.32037008
-1.00244319
-1.00867772
-1.04287612
-1.10080636
-1.19241190
-1.35259271
-1.26576245
-1.20875418
-1.16726446
-1.20341301
-1.29807460
-1.19529498
-1.07594275
-1.32465672
-1.33269739
-1.23038948
-0.99622166
-0.92461282
-1.00858700
-0.93816209
-0.73147249
-1.16335368
-1.55724764
-1.72746384
-1.66188419
-1.54149580
-1.99561405
-1.68855095
-1.22879899
-0.97174364
-0.71916097
-0.71866012
-0.92095590
-1.26607108
-1.33358741
-1.22901857
-1.25626731
-1.51511085
-1.62050700
-1.53293753
-1.44122529
-1.39909458
-1.45666301
-1.29646611
-1.25228822
-1.31848812
-1.37149024
-1.41199708
-1.37941325
-1.26287580
-1.18182945
-1.30636859
-1.25757539
-1.13651741
-1.16681576
-1.19470942
-1.16874123
-1.24853182
-0.91376811
-1.01306105
-1.05395639
-1.06765831
-1.17435515
-1.23648775
-1.18870211
-1.12889743
-1.02920377
-1.05020070
-1.11216784
-1.06254601
-1.04063547
-1.13146019
-1.08464897
-1.00154567
-1.04017544
-0.93168473
-0.98248845
-1.02643061
-0.92304391
-1.29796445
-1.55831075
-1.52750695
-1.56588876
-1.83880973
-1.95959997
-1.75836086
-1.27486467
-1.03392553
-0.72619915
-0.76479632
-0.93006849
-1.20834339
-1.21855462
-1.04293764
-1.29631138
-1.56585717
-1.62218499
-1.44268894
-1.38992035
-1.45499218
-1.47177815
-1.25453651
-1.19696081
-1.26627064
-1.32416868
-1.29666770
-1.16875196
-1.04825485
-1.06355155
-1.12461519
-1.11730051
-1.10160196
-1.18974316
-1.10363138
-1.07222605
-1.13687062
-0.89262807
-0.97818691
-1.01028609
-0.97846854
-1.13394129
-1.10937238
-1.06989181
-0.98770243
-0.90660435
-0.86696929
-0.91245431
-0.82965183
-0.93456078
-0.97973460
-1.00673509
-1.10798764
-1.15734887
-1.09874392
-1.03460920
-0.94971985
-0.67877102
-0.83330345
-1.09506464
-1.18870151
-1.28674412
-1.66074145
-1.84586334
-1.75825536
-1.47126186
-1.03658795
-0.71820807
-0.78385484
-1.02796531
-1.22152400
-1.11404383
-1.00082505
-1.30745745
-1.59540570
-1.50878966
-1.29601705
-1.24420393
-1.40555084
-1.31583297
-1.13153172
-1.00330865
-1.17517257
-1.19453371
-1.14325225
-1.03483760
-0.93643296
-0.92947108
-1.01606345
-1.14481771
-1.18542981
-1.17969501
-1.05087173
-0.95856225
-1.09057975
-0.90371293
-1.02664518
-1.02111232
-1.04286838
-1.11090589
-0.99119800
-0.96805656
-1.11458075
-1.05126941
-0.86784172
-0.83769071
-0.93273634
-0.97903222
-0.95196605
-1.13531446
-1.33012676
-1.33695352
-1.23422587
-1.14504337
-1.18038929
-0.99114388
-0.98722970
-1.27556312
-1.38892365
-1.49100697
-1.67061758
-1.82997608
-1.89270985
-1.53120828
-1.02247047
-0.73965007
-0.86001796
-1.12819254
-1.21690249
-1.11690235
-1.03292036
-1.37792683
-1.53293109
-1.40214670
-1.19124258
-1.11848009
-1.22966695
-1.21534884
-1.07811987
-0.89473921
-1.04721427
-1.04695404
-1.04639769
-1.03953838
-0.97543865
-0.95128143
-1.14230084
-1.28526711
-1.23811173
-1.18743992
-1.00412464
-0.91357595
-1.09137118
-0.98162264
-1.07238758
-0.88534683
-1.07025433
-0.98637635
-0.88166887
-1.05418646
-1.27146709
-1.03901887
-0.85151064
-0.94890755
-1.03855681
-1.00140512
-1.08738315
-1.30391598
-1.49351025
-1.45506334
-1.25838363
-1.13598609
-1.17328298
-0.99490744
-0.96340126
-1.23149347
-1.32016456
-1.34015322
-1.56934774
-1.92732084
-1.78471434
-1.37823200
-1.01441383
-0.92229480
-0.93061131
-1.24068928
-1.38099539
-1.18709731
-1.19107997
-1.45816720
-1.50759840
-1.21102977
-0.91758412
-0.92943662
-1.14301264
-1.24905157
-1.03259742
-0.89755332
-1.04906893
-1.12380373
-1.15997195
-1.21512902
-1.05724168
-0.99649906
-1.25080884
-1.41979766
-1.38004947
-1.24717021
-1.01081061
-0.97250652
-1.14666295
-1.05786610
-1.03099942
-0.82144427
-1.18789744
-0.99065244
-0.84679341
-1.22486925
-1.33922207
-1.03309095
-0.91923910
-1.10645020
-1.07536530
-1.06203544
-1.25043631
-1.50536716
-1.46842909
-1.37311113
-1.19689071
-1.21094167
-1.16371930
-1.02803683
-1.08465993
-1.22967911
-1.25666451
-1.27112448
-1.49805963
-1.78634083
-1.58562887
-1.23857093
-1.04126596
-0.99950165
-1.00298941
-1.33790994
-1.43723893
-1.24806833
-1.30808139
-1.41815853
-1.40129566
-1.18479359
-0.98636103
-1.08317673
-1.27259362
-1.29112244
-1.03223634
-0.91012210
-1.10455346
-1.26397491
-1.33858645
-1.26649547
-1.08919573
-1.12124693
-1.39149046
-1.41325653
-1.38927948
-1.29892921
-1.07023013
-1.05618179
-1.17982161
-1.07103026
-0.89117122
-0.84774703
-1.25015736
-1.09078300
-0.91467738
-1.53093183
-1.40127027
-0.98268616
-0.94202834
-1.13508427
-1.06279457
-1.08171296
-1.36432981
-1.38542116
-1.33781099
-1.15771818
-1.09291053
-1.11765945
-1.03051925
-0.89028376
-1.09482265
-1.25631964
-1.31065345
-1.40949917
-1.57887709
-1.61401653
-1.42932594
-1.19883621
-1.16625547
-1.13592434
-1.24525976
-1.47031689
-1.49638605
-1.32882082
-1.39951384
-1.41959393
-1.44665682
-1.21183157
-1.17436051
-1.32161808
-1.45545661
-1.35089147
-1.09762967
-1.02629519
-1.28019285
-1.37423432
-1.43608344
-1.28873944
-1.09787941
-1.27246881
-1.47033632
-1.41554022
-1.41939223
-1.34650075
-1.12274516
-1.09623194
-1.14353800
-1.01290178
-0.74822968
-0.93794245
-1.33941662
-1.18552291
-1.05639458
-1.45987713
-1.22828066
-0.85543305
-1.01969588
-1.17788923
-1.07134223
-1.14381266
-1.34582734
-1.26358330
-1.15003717
-1.07526815
-0.98858434
-0.95901018
-0.87117976
-0.92094469
-1.15284038
-1.36664212
-1.36359489
-1.48170149
-1.55419731
-1.50750756
-1.29849231
-1.18722892
-1.30814993
-1.29410434
-1.34146988
-1.55095339
-1.38315618
-1.28917289
-1.37518954
-1.44523251
-1.45843649
-1.33396423
-1.31309986
-1.64246225
-1.58977556
-1.33283293
-1.12428689
-1.17905498
-1.39875913
-1.48890078
-1.42086875
-1.17285788
-1.12489080
-1.33755934
-1.44498181
-1.42640543
-1.43385255
-1.27541423
-1.10132968
-1.08384013
-1.10453308
-1.61088991
-1.61944520
-1.64769185
-1.66222131
-1.70103097
-1.73760939
-1.76136744
-1.76819170
-1.73676622
-1.69990098
-1.72087789
-1.74285913
-1.75391555
-1.72094035
-1.65656865
-1.67883348
-1.76413560
-1.75731146
-1.37172246
-1.05913126
-0.98775840
-0.78374046
-0.63010961
-0.66221702
-0.64148498
-0.54611844
-0.63246775
-0.97226501
-1.35837662
-1.65637076
-1.72107995
-1.66793251
-1.63500094
-1.70185423
-1.80741513
-1.87623227
-1.96390772
-2.03695154
-1.90337825
-1.84690988
-1.83563054
-1.85190678
-1.88962173
-1.73794079
-1.53595197
-1.54071927
-1.72703671
-1.87619245
-1.43558502
-1.28744793
-1.33026969
-1.33457923
-1.34854007
-1.34666431
-1.31990921
-1.25667739
-1.27967751
-1.31135523
-1.66135418
-1.68485582
-1.69871008
-1.70229435
-1.74868762
-1.79754865
-1.81396043
-1.77759922
-1.70246434
-1.63783026
-1.65979671
-1.68106091
-1.69999468
-1.64743018
-1.59360242
-1.65798974
-1.77475226
-1.77915919
-1.30098605
-1.05412269
-0.94977534
-0.67033720
-0.55580181
-0.67480022
-0.76967824
-0.75823617
-0.84422487
-1.14148235
-1.47107196
-1.70754492
-1.72571015
-1.61756718
-1.58131611
-1.67656934
-1.77330434
-1.83117902
-1.96238649
-2.02210665
-1.87980115
-1.81035209
-1.76446712
-1.79135716
-1.82704329
-1.66171849
-1.49856687
-1.46679354
-1.65611792
-1.81167972
-1.42584884
-1.26472187
-1.33185279
-1.34820926
-1.34466267
-1.33101869
-1.23991489
-1.16805542
-1.20465100
-1.24386489
-1.75998425
-1.79215622
-1.78675723
-1.80561733
-1.84812450
-1.88396156
-1.88407302
-1.79725063
-1.65209401
-1.59450209
-1.60352933
-1.61375558
-1.65839934
-1.59134340
-1.54531264
-1.60811532
-1.77051771
-1.74320138
-1.27949166
-1.07539296
-0.92782414
-0.68881190
-0.60967052
-0.78932315
-0.93228465
-0.93105084
-0.99892420
-1.24730754
-1.53582144
-1.73271132
-1.74022758
-1.59585512
-1.56441641
-1.65054584
-1.68450713
-1.76580417
-1.92369533
-1.95870888
-1.82124937
-1.74078465
-1.70592988
-1.73970556
-1.76040649
-1.58594525
-1.46276796
-1.38855827
-1.56535912
-1.73252404
-1.39792287
-1.22236764
-1.32223988
-1.32908583
-1.31746531
-1.28756011
-1.20064116
-1.12782359
-1.12695956
-1.17705667
-1.88514042
-1.90887737
-1.89358294
-1.91905153
-1.95369840
-1.96500540
-1.93926823
-1.80642998
-1.64291728
-1.60526764
-1.55576682
-1.56326246
-1.62832642
-1.57275188
-1.52195215
-1.56706989
-1.72566509
-1.70172715
-1.29591048
-1.07687306
-0.95970255
-0.86037904
-0.79540277
-0.98150879
-1.06133497
-1.08198631
-1.12575066
-1.30253100
-1.51826394
-1.71831274
-1.74274278
-1.59333467
-1.53221321
-1.54179132
-1.51839006
-1.64278913
-1.79714525
-1.82728040
-1.73049045
-1.68265986
-1.67734218
-1.70085871
-1.69476867
-1.50360835
-1.43305075
-1.33548391
-1.51271796
-1.70054626
-1.38356650
-1.17258430
-1.30979109
-1.26766491
-1.25760925
-1.24172533
-1.14948606
-1.08909035
-1.08435869
-1.12551236
-1.96435690
-1.96063197
-1.95209527
-1.98309112
-2.01660991
-2.01703382
-1.96321762
-1.80771005
-1.67373657
-1.60121977
-1.50054419
-1.52813029
-1.60138547
-1.55038214
-1.46210372
-1.50568700
-1.59364641
-1.55058539
-1.25438797
-1.09615707
-1.01543164
-1.02845514
-1.03349483
-1.11074877
-1.14669812
-1.14256489
-1.15737748
-1.27901280
-1.44764733
-1.65431893
-1.71907163
-1.59128678
-1.47800887
-1.40493357
-1.39083409
-1.51568222
-1.67395425
-1.70945334
-1.65314329
-1.62757039
-1.66290927
-1.71853459
-1.62542880
-1.47085702
-1.41190267
-1.32746375
-1.53138101
-1.72848725
-1.34326625
-1.15181124
-1.26818085
-1.18697703
-1.20976889
-1.18138421
-1.08569825
-1.05166256
-1.04577506
-1.04205489
-1.99444234
-1.97079504
-1.97853446
-2.00198126
-2.02529168
-2.01500392
-1.95805824
-1.80528188
-1.66795039
-1.56839561
-1.46970272
-1.48556268
-1.55879343
-1.53047931
-1.40871823
-1.40488350
-1.41277742
-1.36632180
-1.21759546
-1.09833443
-1.07723033
-1.14086378
-1.14881420
-1.10354590
-1.13210869
-1.06453407
-1.07281721
-1.19499028
-1.36841297
-1.55979466
-1.64545941
-1.56541073
-1.45125282
-1.36531591
-1.39362943
-1.52409291
-1.66855073
-1.64910436
-1.59211469
-1.60640645
-1.67696261
-1.75179279
-1.55269468
-1.46994114
-1.39030862
-1.35305166
-1.56401694
-1.75624347
-1.28664100
-1.17204821
-1.20937169
-1.12159848
-1.17161000
-1.13016176
-1.05905509
-1.04522717
-1.03896546
-0.96326220
-1.98685074
-1.96245253
-1.96893036
-1.98096228
-1.99356151
-1.97541559
-1.92776895
-1.78292072
-1.66584063
-1.58180499
-1.50024331
-1.51149225
-1.57345355
-1.55953515
-1.42454100
-1.37407410
-1.31968546
-1.34407163
-1.31004703
-1.14921296
-1.12394762
-1.15674770
-1.18427551
-1.10172498
-1.06653702
-1.02704310
-1.05781198
-1.19019902
-1.34456336
-1.48802304
-1.57463372
-1.56827056
-1.48309553
-1.44086838
-1.55700457
-1.65247643
-1.70958316
-1.60009027
-1.53700829
-1.61861455
-1.72098625
-1.72996938
-1.47382069
-1.45159268
-1.39976859
-1.42241287
-1.61524963
-1.75045657
-1.25047219
-1.17349303
-1.16887522
-1.10040271
-1.17228186
-1.16436899
-1.11305010
-1.12237000
-1.11686385
-0.96360987
-1.93053222
-1.89971936
-1.89815354
-1.90970922
-1.91186082
-1.91551208
-1.87944496
-1.76973820
-1.69846988
-1.64502966
-1.57725382
-1.59028351
-1.64213157
-1.63179410
-1.54612482
-1.48000240
-1.47505403
-1.52532589
-1.44483566
-1.19240832
-1.17352355
-1.23945999
-1.31340826
-1.22545815
-1.20683908
-1.22590780
-1.25242603
-1.33314192
-1.38399267
-1.47139239
-1.57012188
-1.63310993
-1.53497267
-1.59188521
-1.72002137
-1.77215755
-1.71431530
-1.56165838
-1.53115582
-1.63991809
-1.76070404
-1.66208208
-1.43787360
-1.47773111
-1.45608282
-1.49423099
-1.65366554
-1.67437065
-1.21676326
-1.17646074
-1.17630517
-1.13094330
-1.23984218
-1.24947429
-1.23023570
-1.26016080
-1.24551868
-1.07215798
-1.81863999
-1.78220594
-1.78081310
-1.78503954
-1.80213702
-1.81208396
-1.79272079
-1.72648275
-1.69986594
-1.67121649
-1.59776795
-1.62251997
-1.67159736
-1.65621877
-1.59997237
-1.56317639
-1.66070616
-1.66472304
-1.46108055
-1.16173470
-1.31691372
-1.45043468
-1.51287091
-1.45561087
-1.43780792
-1.44970858
-1.47471464
-1.51884627
-1.46321476
-1.52618039
-1.62294066
-1.69709086
-1.61261916
-1.75377607
-1.82214344
-1.83588839
-1.68391323
-1.54142177
-1.55608654
-1.67955494
-1.76689768
-1.59300768
-1.49304283
-1.52137482
-1.48406863
-1.52849078
-1.63426018
-1.57617116
-1.23674357
-1.18663192
-1.16769719
-1.15408373
-1.26564038
-1.28674746
-1.28793311
-1.31836855
-1.30934894
-1.18351388
-1.69500613
-1.66415131
-1.65311861
-1.65649569
-1.69006836
-1.69559658
-1.68467510
-1.66562462
-1.65910208
-1.63249445
-1.58139253
-1.63279462
-1.66296053
-1.66341352
-1.57687426
-1.63845444
-1.74546301
-1.76491702
-1.30998755
-1.22134423
-1.44662619
-1.55597007
-1.58888423
-1.56480205
-1.56889784
-1.56763279
-1.58724058
-1.57326186
-1.50342107
-1.55867803
-1.59844744
-1.63399899
-1.67155004
-1.79653680
-1.86438692
-1.81682086
-1.60812449
-1.52125251
-1.58026302
-1.67791903
-1.71899641
-1.53464162
-1.49145496
-1.47892189
-1.44481564
-1.50952184
-1.56836462
-1.47680426
-1.23903716
-1.16644633
-1.13715410
-1.13608849
-1.19635570
-1.21997595
-1.23914206
-1.26345551
-1.24861574
-1.19787359
-1.60410428
-1.59104514
-1.56516743
-1.57236981
-1.59161329
-1.58991349
-1.58881283
-1.60134768
-1.60607266
-1.57367599
-1.53698826
-1.57346809
-1.59526062
-1.58291900
-1.57444227
-1.71397483
-1.83702159
-1.58686626
-1.18318045
-1.45532882
-1.48670673
-1.49268627
-1.56816888
-1.61205292
-1.70715117
-1.64189911
-1.57692397
-1.38672316
-1.29020774
-1.40878522
-1.47798383
-1.49554789
-1.63972807
-1.79874742
-1.89586151
-1.74228466
-1.56694806
-1.51851821
-1.53878927
-1.56940091
-1.58097732
-1.41279995
-1.38772058
-1.36330557
-1.32221341
-1.39797306
-1.42131090
-1.30794168
-1.18283236
-1.11454117
-1.07555544
-1.08139741
-1.09750414
-1.11798000
-1.13387644
-1.12258232
-1.11883557
-1.12902498
-1.52979887
-1.52117550
-1.49358881
-1.49386775
-1.50691509
-1.49697423
-1.49688649
-1.50800896
-1.49313056
-1.44502091
-1.41161907
-1.43536997
-1.46033072
-1.37356710
-1.55094063
-1.71870470
-1.82484746
-1.27650464
-1.18226445
-1.42325568
-1.33441103
-1.41445041
-1.53973866
-1.64905441
-1.66743183
-1.62636709
-1.39267373
-1.26168454
-1.21630311
-1.22052455
-1.34956634
-1.46545208
-1.65203643
-1.85736406
-1.86335886
-1.74750113
-1.59229803
-1.45535254
-1.38375330
-1.35730910
-1.35697806
-1.25729442
-1.24324536
-1.21900213
-1.17099833
-1.22981489
-1.22512460
-1.14263654
-1.12056530
-1.06802630
-1.03034210
-1.04983497
-1.05202723
-1.05362952
-1.04614472
-0.98504514
-1.00731206
-1.03494132
-1.38136196
-1.38967943
-1.37843454
-1.37415814
-1.36999488
-1.35125244
-1.34052348
-1.34524202
-1.30402589
-1.24760747
-1.22575283
-1.25665772
-1.26924455
-1.23471558
-1.49982786
-1.73288524
-1.48598301
-0.98769444
-1.12764978
-1.23704290
-1.16655934
-1.27302206
-1.40768588
-1.62991524
-1.67629862
-1.44749582
-1.37046266
-1.41909850
-1.30453146
-1.15204847
-1.35445929
-1.56978023
-1.68228269
-1.83283544
-1.85487974
-1.75593650
-1.53104031
-1.32033467
-1.18386257
-1.15153515
-1.17755008
-1.17544830
-1.17127299
-1.14249313
-1.11150527
-1.15009403
-1.12890327
-1.08359694
-1.10175908
-1.07446849
-1.04926789
-1.05952239
-1.07205915
-1.05361044
-1.03486168
-0.94255406
-0.99623191
-1.02285838
-1.20053673
-1.24452651
-1.25082731
-1.23421431
-1.23545229
-1.19694602
-1.16285467
-1.16676366
-1.12879014
-1.09610701
-1.09907234
-1.16731226
-1.15796292
-1.24365604
-1.55805373
-1.75876009
-1.14081895
-0.77710593
-1.01922202
-1.02449477
-1.10397708
-1.17520308
-1.36031115
-1.63168037
-1.77833998
-1.68765306
-1.63515401
-1.50901318
-1.15583205
-1.10038614
-1.30914760
-1.48842633
-1.60163057
-1.72674537
-1.72875929
-1.58190572
-1.37620330
-1.20722544
-1.09383416
-1.09463704
-1.14159441
-1.20811868
-1.23614085
-1.20006311
-1.17763948
-1.17117155
-1.12767482
-1.09136832
-1.11528456
-1.10913539
-1.06163275
-1.05827355
-1.08452475
-1.06457579
-1.04568481
-0.98345441
-1.04551470
-1.05112123
-1.13920069
-1.18543851
-1.21916080
-1.21186709
-1.22348416
-1.15939558
-1.09440041
-1.09992015
-1.08767080
-1.06994891
-1.10916126
-1.19624257
-1.17972779
-1.40518320
-1.73978889
-1.61333025
-0.88108397
-0.79307371
-0.91412014
-0.92128962
-1.12786877
-1.19745922
-1.47611964
-1.75609493
-1.75624645
-1.81112218
-1.49113703
-1.03593850
-0.85263026
-1.06566763
-1.26610041
-1.33311236
-1.43824935
-1.55798066
-1.47218478
-1.36284256
-1.25855780
-1.18430960
-1.15619361
-1.15675688
-1.18698847
-1.27638745
-1.32878947
-1.28875184
-1.26002562
-1.21695244
-1.16889954
-1.14702284
-1.16806650
-1.17209876
-1.10104072
-1.09887159
-1.14229655
-1.14994395
-1.14253819
-1.09516537
-1.11033702
-1.09612381
-1.16598976
-1.21269524
-1.26803815
-1.27314854
-1.26370668
-1.17890596
-1.11005783
-1.11393166
-1.12462091
-1.09404659
-1.14115417
-1.20411229
-1.19197536
-1.55783379
-1.80104983
-1.38363194
-0.71759933
-0.78378743
-0.88926959
-1.02512181
-1.26927400
-1.30376410
-1.49824953
-1.66364443
-1.56793332
-1.33998227
-1.21780980
-1.09897101
-1.00026143
-1.10630465
-1.23995864
-1.12441635
-1.28020263
-1.30688894
-1.31487226
-1.26492405
-1.25014150
-1.24451017
-1.26559424
-1.22726667
-1.21596622
-1.31306624
-1.38531899
-1.34317935
-1.33115172
-1.28866577
-1.26216674
-1.26563048
-1.28611672
-1.29343390
-1.23130929
-1.26789606
-1.35748446
-1.36406207
-1.34056425
-1.27483451
-1.24665427
-1.24032545
-1.23042011
-1.27778137
-1.32949305
-1.33228052
-1.30265522
-1.23644936
-1.17638826
-1.17555964
-1.19850338
-1.15441835
-1.19342029
-1.17470551
-1.24304521
-1.64129627
-1.75543284
-1.10396504
-0.57203567
-0.74928468
-0.91575384
-1.15338242
-1.38966143
-1.39280200
-1.43108809
-1.56339765
-1.27586782
-1.44452322
-1.29272723
-1.21810293
-1.17051744
-1.25377893
-1.26781464
-1.01366544
-1.19659162
-1.17061329
-1.29990852
-1.30964792
-1.31403303
-1.31535351
-1.33448339
-1.27136183
-1.23925364
-1.33399785
-1.41309667
-1.39343655
-1.40446329
-1.38359261
-1.38528478
-1.41910231
-1.43973720
-1.46197093
-1.41688812
-1.49768329
-1.58794367
-1.57486773
-1.52667904
-1.47188997
-1.43005466
-1.41064918
-1.34497213
-1.39647174
-1.43177974
-1.43052793
-1.41323185
-1.37714267
-1.31096590
-1.30667984
-1.31658649
-1.24429238
-1.25292718
-1.17170870
-1.35128653
-1.72566056
-1.66743028
-0.89873636
-0.48792690
-0.70726919
-0.90638357
-1.33725047
-1.53874171
-1.35710979
-1.45484853
-1.46962476
-1.34654200
-1.60508955
-1.24606812
-0.88625395
-1.06215179
-1.25783277
-1.23477352
-1.00437665
-1.04466534
-1.08201027
-1.28505290
-1.35256946
-1.37442362
-1.37921417
-1.41918910
-1.38191986
-1.33761966
-1.42409050
-1.47920299
-1.47388232
-1.48769224
-1.48095751
-1.48364675
-1.51624024
-1.53617334
-1.55612373
-1.52522075
-1.59943211
-1.65582883
-1.63219202
-1.59543526
-1.57072008
-1.52733660
-1.50744522
-1.47439039
-1.51550615
-1.53659785
-1.52905905
-1.52838778
-1.49678433
-1.41072369
-1.39389133
-1.38055122
-1.29643142
-1.30261433
-1.23057544
-1.47146773
-1.83232331
-1.61462665
-0.89984959
-0.50350183
-0.71567321
-0.94846559
-1.44901013
-1.63303900
-1.60133588
-1.69577563
-1.32073319
-1.33470976
-1.28373706
-0.92162812
-0.91846967
-1.13540149
-1.12878048
-1.01051939
-1.09423900
-0.97506654
-1.12652922
-1.28557527
-1.34230900
-1.43668854
-1.47922957
-1.54979587
-1.53176296
-1.49098992
-1.53334892
-1.55287838
-1.54978061
-1.55592191
-1.55601144
-1.53115845
-1.54221356
-1.56550968
-1.56937397
-1.55833995
-1.59890676
-1.61896074
-1.60047531
-1.58449292
-1.57653403
-1.54009616
-1.53718531
-1.55447805
-1.58382940
-1.58358991
-1.55541313
-1.55090952
-1.52919817
-1.43651879
-1.42466342
-1.42069137
-1.34783840
-1.36606705
-1.30696583
-1.58582616
-1.92454207
-1.60770559
-0.91023964
-0.53348958
-0.75566858
-1.00497007
-1.56371260
-1.67791653
-1.77826393
-1.72133827
-1.01929009
-1.08018935
-1.16001034
-1.01618171
-1.04966366
-0.96823734
-0.89292991
-1.03948820
-1.25404143
-0.98828572
-1.14836681
-1.29019094
-1.30444050
-1.48727810
-1.55464661
-1.62277985
-1.61099899
-1.57910979
-1.57959592
-1.57491565
-1.56847823
-1.57269704
-1.58012211
-1.54912388
-1.55097795
-1.57220078
-1.55768466
-1.55183041
-1.58003771
-1.57140434
-1.56420207
-1.55895197
-1.55154240
-1.53333151
-1.55728495
-1.57923508
-1.59337413
-1.57308495
-1.53457379
-1.53099418
-1.52785075
-1.45959711
-1.48338282
-1.48232245
-1.43604326
-1.44638395
-1.41037703
-1.69892287
-2.00642323
-1.60477483
-0.86462307
-0.54851568
-0.77409041
-1.04283261
-1.58329213
-1.68871999
-1.72074616
-1.63645196
-0.97635698
-1.10426402
-1.10184193
-0.96669894
-0.98344779
-0.90628755
-0.95378739
-1.30478263
-1.45212817
-0.97714108
-1.13712633
-1.30397618
-1.30624342
-1.50832331
-1.55586874
-1.60594141
-1.61431420
-1.58139014
-1.57535112
-1.56009960
-1.55950570
-1.56863761
-1.57183981
-1.56163788
-1.56935227
-1.57727349
-1.54524195
-1.55161810
-1.57318091
-1.55161226
-1.53664219
-1.55617428
-1.55356443
-1.55204499
-1.56914175
-1.58181119
-1.57919216
-1.56873834
-1.53297210
-1.53545380
-1.55180907
-1.52911878
-1.55237699
-1.54468060
-1.51939595
-1.50777674
-1.51709139
-1.80829501
-2.07231712
-1.63907671
-0.81617659
-0.58890259
-0.81810731
-1.06213069
-1.51888323
-1.68762183
-1.84137177
-1.62776482
-1.20104730
-0.98055005
-0.78350574
-0.85126704
-1.08988190
-0.99566072
-1.12190616
-1.27954304
-1.33887982
-0.92673039
-1.21028125
-1.35107911
-1.35359013
-1.52679563
-1.55468929
-1.57849741
-1.57453871
-1.54152024
-1.54680693
-1.54901123
-1.55774057
-1.56710839
-1.57493389
-1.58747566
-1.57698154
-1.55494368
-1.53233171
-1.54169190
-1.55979824
-1.54175115
-1.53087270
-1.58081973
-1.56088316
-1.55755639
-1.56498170
-1.58190095
-1.58591521
-1.59128571
-1.55972350
-1.57675254
-1.59720314
-1.58136845
-1.57738101
-1.57989216
-1.53448820
-1.52362955
-1.58433044
-1.86339045
-2.10356498
-1.66241384
-0.81141502
-0.68935722
-0.85361457
-1.05421054
-1.51013172
-1.74607110
-1.88639200
-1.63443005
-1.16919017
-0.84868228
-0.77519566
-0.94220239
-1.04419696
-0.99963802
-1.13334882
-1.24895501
-1.25556934
-0.96648532
-1.35854554
-1.38331449
-1.40690327
-1.57278872
-1.57686687
-1.54628563
-1.52613115
-1.52836037
-1.55438232
-1.56976783
-1.58223927
-1.57801497
-1.59730911
-1.61850941
-1.56697249
-1.53011358
-1.52305007
-1.52961338
-1.55789483
-1.55414081
-1.54650176
-1.57869875
-1.54682350
-1.54295754
-1.56489241
-1.59503555
-1.59324193
-1.57897806
-1.54454386
-1.58933175
-1.60944998
-1.58478439
-1.57846498
-1.57039678
-1.51678216
-1.51743734
-1.59638643
-1.89519262
-2.14004469
-1.64875972
-0.88930804
-0.77612358
-0.82998514
-1.01647317
-1.51173902
-1.70938587
-1.81669903
-1.61634958
-1.20821774
-1.01893055
-0.86115801
-0.92081612
-0.97783500
-1.05011261
-1.28342831
-1.48957527
-1.28702068
-1.24025929
-1.47503424
-1.41318667
-1.44239271
-1.58049047
-1.56212616
-1.52301764
-1.55383968
-1.57312858
-1.59673691
-1.60560262
-1.62846899
-1.60263050
-1.63565743
-1.64321494
-1.57995343
-1.53944468
-1.53203464
-1.55490589
-1.58268821
-1.58056331
-1.54207850
-1.55809188
-1.55929077
-1.57361054
-1.56385231
-1.57752323
-1.56063795
-1.53993809
-1.52627277
-1.58487678
-1.60153425
-1.56731057
-1.55741167
-1.53752828
-1.52031136
-1.53147733
-1.60084867
-1.90769553
-2.10964346
-1.54139912
-1.01630270
-0.83763367
-0.81991917
-1.01513708
-1.43487358
-1.68174791
-1.82288134
-1.64089990
-1.28878701
-0.97022009
-0.75407386
-0.85609245
-0.99579781
-1.18405962
-1.37756073
-1.55180025
-1.35508776
-1.46064222
-1.45737147
-1.35290587
-1.44044149
-1.53774178
-1.50939083
-1.53935122
-1.58401132
-1.59370506
-1.61545241
-1.63986099
-1.66480994
-1.64660728
-1.66895747
-1.66171014
-1.61599433
-1.56419325
-1.55276477
-1.56845927
-1.57508409
-1.55176651
-1.51466346
-1.54593158
-1.58260322
-1.59048545
-1.56302118
-1.52636993
-1.52849579
-1.52516687
-1.53884089
-1.59367549
-1.59435070
-1.56221068
-1.54523110
-1.53216815
-1.55562389
-1.55731797
-1.60722029
-1.87118649
-1.97913325
-1.44289505
-1.12062454
-0.86118573
-0.89705306
-1.07913446
-1.36587262
-1.56949174
-1.71498179
-1.58675766
-1.31111884
-0.93510979
-0.86636651
-0.85703212
-0.99907744
-1.14113700
-1.35915411
-1.48129427
-1.38242197
-1.43960190
-1.32651949
-1.28713155
-1.43226981
-1.49751461
-1.48775959
-1.53904545
-1.54125011
-1.54339457
-1.58729386
-1.66180885
-1.66879380
-1.64694905
-1.64161420
-1.63149238
-1.57255542
-1.54662800
-1.52407563
-1.52982235
-1.52466822
-1.51286197
-1.49404550
-1.49753118
-1.55092490
-1.59834397
-1.57195604
-1.50608242
-1.53597236
-1.54854071
-1.56221986
-1.58628690
-1.59208512
-1.58326948
-1.54613626
-1.52461994
-1.55744982
-1.56864667
-1.60912669
-1.81328702
-1.81851101
-1.40336394
-1.17425632
-0.95918584
-1.03506970
-1.13592029
-1.26793027
-1.47401023
-1.75152051
-1.72719479
-1.54900479
-1.15819657
-1.03189945
-0.75735104
-0.84592801
-1.02139521
-1.24172115
-1.33938682
-1.19297075
-1.28142166
-1.25374126
-1.27547610
-1.46208715
-1.48168612
-1.46007729
-1.47532630
-1.48028588
-1.49313462
-1.57219410
-1.64696252
-1.60255086
-1.57828236
-1.56850255
-1.54593015
-1.48471248
-1.49268448
-1.46950686
-1.48762369
-1.48133254
-1.48753297
-1.47919202
-1.46430862
-1.53999901
-1.60801542
-1.56776726
-1.48220766
-1.53697658
-1.53236163
-1.52987742
-1.55672550
-1.58010817
-1.56156635
-1.49250805
-1.45963883
-1.49927890
-1.50598371
-1.52434719
-1.71018028
-1.66761804
-1.39821088
-1.19596744
-1.09843242
-1.10492623
-1.15926957
-1.14328635
-1.42576301
-1.79896390
-1.81329560
-1.65734422
-1.27607918
-0.87699008
-0.65649533
-0.79458994
-1.01162219
-1.22484696
-1.23508739
-1.17453587
-1.29417086
-1.29145575
-1.34271991
-1.45481670
-1.43646312
-1.38467479
-1.42666447
-1.45618701
-1.48534322
-1.56910861
-1.58284950
-1.51342189
-1.52539623
-1.51684272
-1.46178162
-1.42724478
-1.46767223
-1.45541012
-1.47111726
-1.46489215
-1.47233045
-1.47706759
-1.47168267
-1.54666817
-1.59644020
-1.52235520
-1.40197682
-1.46221650
-1.45995808
-1.48143232
-1.48415589
-1.47346807
-1.44571948
-1.39444911
-1.35371137
-1.39602709
-1.38431931
-1.44125342
-1.59784698
-1.55149949
-1.42680073
-1.21749246
-1.12084401
-1.08042014
-1.12565780
-1.06234932
-1.36804998
-1.66506016
-1.70283759
-1.53709805
-1.23506582
-0.68193936
-0.66155660
-0.85366160
-1.09619284
-1.29848742
-1.23767912
-1.25846756
-1.36178172
-1.25057983
-1.31042600
-1.36882317
-1.34985816
-1.35632825
-1.40916884
-1.44499540
-1.47601366
-1.52896559
-1.52310002
-1.50611615
-1.53173161
-1.51973188
-1.40871286
-1.42416370
-1.47907019
-1.48430216
-1.48720431
-1.49863422
-1.49652183
-1.48545325
-1.49619842
-1.53367710
-1.55996072
-1.48935902
-1.29608846
-1.32335091
-1.34773767
-1.42766440
-1.39169526
-1.39276147
-1.37028933
-1.33214903
-1.29114795
-1.32355583
-1.32315385
-1.39446557
-1.57556403
-1.51503527
-1.40781701
-1.22574806
-1.09587073
-1.07025433
-1.06988442
-0.98130262
-1.32459986
-1.57793522
-1.45542181
-1.40764630
-1.42790437
-0.73698074
-0.79448199
-0.95401508
-1.16627932
-1.36398077
-1.24196661
-1.30143178
-1.26762497
-1.15042138
-1.19555402
-1.25323021
-1.28085566
-1.34546125
-1.36163986
-1.38218069
-1.40956354
-1.46225655
-1.48845077
-1.46824110
-1.56109321
-1.53488493
-1.43756354
-1.47648859
-1.48759484
-1.48974001
-1.48300481
-1.52099478
-1.51506650
-1.48832393
-1.47330105
-1.46627700
-1.49525428
-1.46531773
-1.22044134
-1.22713101
-1.28380680
-1.37098229
-1.36744654
-1.41660190
-1.35407794
-1.33381975
-1.27630508
-1.29076183
-1.22823632
-1.31759512
-1.52241957
-1.43856633
-1.32448280
-1.20444059
-1.12583029
-1.14721906
-1.08128595
-0.95327377
-1.25707066
-1.55288482
-1.57895184
-1.65063822
-1.48991466
-0.83029914
-0.91855931
-0.97002023
-1.10464168
-1.39045942
-1.36647582
-1.25837588
-1.05566692
-1.09438777
-1.09148717
-1.13052261
-1.18686795
-1.31615293
-1.29623103
-1.26393127
-1.32435083
-1.38297892
-1.42166734
-1.42443514
-1.56645691
-1.52068150
-1.47286510
-1.47924435
-1.42242706
-1.43905795
-1.43851650
-1.45332050
-1.45088172
-1.42039013
-1.37924528
-1.37384927
-1.36848998
-1.36213481
-1.20517039
-1.18418789
-1.25918269
-1.30229342
-1.31550658
-1.33350968
-1.25316954
-1.22680986
-1.12344003
-1.16529453
-1.04073310
-1.17760682
-1.39244461
-1.37847698
-1.32815087
-1.30984557
-1.25310910
-1.17026925
-1.07502449
-0.95041287
-1.19040859
-1.37944078
-1.60924697
-1.80858719
-1.46962094
-0.87551981
-0.81388009
-1.03109634
-1.15923250
-1.32269192
-1.35875249
-1.04796243
-0.99293590
-1.06613576
-1.05464017
-1.07373846
-1.14920592
-1.25173306
-1.21279728
-1.16502869
-1.26113391
-1.31223738
-1.34315407
-1.43507683
-1.48476148
-1.43295336
-1.42679012
-1.40193808
-1.36478806
-1.40856993
-1.37104225
-1.35309207
-1.34781909
-1.30194962
-1.26767969
-1.25257659
-1.26757550
-1.30821288
-1.19904411
-1.12473178
-1.09292924
-1.17204022
-1.17408943
-1.14435470
-1.11648393
-1.02161503
-0.94384027
-1.02562618
-0.86451429
-1.08900416
-1.34798241
-1.31657696
-1.38609314
-1.42486620
-1.24408531
-1.01070142
-1.00755680
-1.01615715
-1.10474753
-1.16770625
-1.46675038
-1.78778601
-1.41798973
-1.04611099
-0.81024927
-0.92990220
-1.11752808
-1.27945936
-1.21639919
-0.85654509
-1.06009257
-1.09840274
-1.04064345
-1.09507763
-1.16949582
-1.19697082
-1.14556730
-1.15081406
-1.22402835
-1.27965331
-1.29066515
-1.34099984
-1.29319155
-1.29477632
-1.33101010
-1.30722702
-1.35544348
-1.37328422
-1.27483165
-1.29795015
-1.26869881
-1.23184121
-1.25310731
-1.19228852
-1.28606534
-1.30261326
-1.13806105
-1.01503742
-0.95895398
-1.06669199
-1.07863235
-0.98974788
-1.02024972
-0.91635942
-0.88852268
-0.96334296
-0.83488375
-1.13408196
-1.38845980
-1.31421673
-1.39123261
-1.33507919
-1.09678817
-0.97106087
-1.04887903
-1.02245069
-1.03053224
-1.15443420
-1.42104161
-1.66102624
-1.48914480
-1.23354352
-0.97467571
-0.95712203
-1.19131958
-1.31586456
-1.19223619
-1.02098072
-1.13413167
-1.10297024
-1.02723420
-1.10859179
-1.12836468
-1.14258051
-1.14375770
-1.19392586
-1.17562604
-1.22490752
-1.19501674
-1.17227566
-1.14804721
-1.22700667
-1.27170348
-1.25105262
-1.32413924
-1.32262206
-1.22505736
-1.30246544
-1.29693556
-1.30304027
-1.34191513
-1.24963617
-1.31717277
-1.28269792
-1.04794407
-0.96377516
-0.98336333
-1.04987419
-1.03064930
-0.93323374
-1.00377691
-0.91823161
-0.87247223
-0.93434727
-0.89148742
-1.22045529
-1.39669728
-1.30130148
-1.37134278
-1.25359237
-1.08264506
-1.05474567
-1.12820089
-1.02624273
-1.06284094
-1.24407434
-1.39388967
-1.59157681
-1.59674001
-1.31491923
-1.09035778
-1.11916685
-1.39243174
-1.44501007
-1.27906287
-1.09984386
-1.01230371
-0.97726572
-0.94721222
-1.04039192
-1.08254397
-1.10248613
-1.12339664
-1.16634846
-1.12618876
-1.13263273
-1.11746359
-1.12439525
-1.18911231
-1.24516308
-1.27581286
-1.25926149
-1.30478930
-1.29775631
-1.21845186
-1.37373781
-1.40844142
-1.42506254
-1.44882309
-1.34428966
-1.37801349
-1.36124051
-1.00243485
-0.98409486
-1.04917765
-1.04712558
-1.01061642
-1.01954615
-1.04400599
-0.93063283
-0.89486122
-0.95040941
-0.98338276
-1.31167519
-1.40686035
-1.29037070
-1.39972949
-1.22383440
-1.10792112
-1.11503077
-1.09454489
-1.04645872
-1.14684355
-1.27370095
-1.26005721
-1.53718495
-1.59276438
-1.39367902
-1.26292109
-1.24963653
-1.26860893
-1.29603434
-1.06778693
-0.89435607
-0.86590445
-0.88493478
-0.93360573
-1.02514696
-1.08725762
-1.06553102
-1.08419454
-1.14233184
-1.05241549
-1.09935653
-1.16386926
-1.18575597
-1.27194476
-1.33676255
-1.33730161
-1.29965270
-1.30211771
-1.25515282
-1.22668922
-1.39402580
-1.44684815
-1.38519526
-1.44370341
-1.38654137
-1.44515800
-1.43697155
-1.03547502
-1.05431259
-1.10531819
-1.07202840
-1.08137953
-1.11046910
-1.08276403
-1.02064669
-1.04304528
-1.02781892
-1.12078249
-1.38021648
-1.40043020
-1.35497880
-1.43270659
-1.19234121
-1.12118387
-1.16387606
-1.16364205
-1.07836044
-1.20346308
-1.34057307
-1.25056934
-1.46721292
-1.52738082
-1.31485510
-1.16415441
-1.12284422
-0.99819100
-0.97744745
-0.88884175
-0.76161820
-0.87601399
-0.93221539
-0.96630162
-1.06916237
-1.13220668
-1.08401763
-1.10735261
-1.12977242
-1.03123713
-1.12738407
-1.18460822
-1.16900742
-1.28375232
-1.38805711
-1.34109879
-1.28621125
-1.27735913
-1.16950977
-1.22232676
-1.39749134
-1.44239891
-1.36164904
-1.43894684
-1.40164304
-1.40704596
-1.42055702
-1.07868302
-1.11032867
-1.12609386
-1.15913045
-1.19318068
-1.14067876
-1.12605107
-1.12138307
-1.11860061
-1.05840635
-1.17291331
-1.41942847
-1.38348472
-1.42920101
-1.47312164
-1.14731002
-1.14640081
-1.25627458
-1.26385260
-1.03258622
-1.18892574
-1.39826798
-1.16711640
-1.35488319
-1.42693114
-1.15223491
-1.05759835
-1.06332004
-1.03291094
-1.12316835
-1.06266081
-0.91802716
-1.02699518
-1.00371170
-0.98765987
-1.08812153
-1.10184741
-1.07057381
-1.10135508
-1.08075500
-1.02847981
-1.05419505
-1.08069098
-1.07832301
-1.17119133
-1.23180902
-1.20860231
-1.22375214
-1.27598476
-1.17573667
-1.26421559
-1.42819560
-1.41633546
-1.39158583
-1.44576585
-1.41832578
-1.41859376
-1.47025430
-1.09059787
-1.08473432
-1.04208314
-1.11153233
-1.15236652
-1.06021738
-1.09275544
-1.05302680
-1.00217450
-0.99669421
-1.12531233
-1.37702060
-1.38958216
-1.47252572
-1.41639388
-1.12298262
-1.14475191
-1.18612039
-1.09509087
-0.93151963
-1.14234960
-1.22456300
-1.21434772
-1.39261699
-1.31536424
-0.83380902
-0.88141137
-1.10142553
-1.21828508
-1.36011291
-1.26071358
-1.11304736
-1.07763672
-1.02124870
-0.97995609
-1.04851210
-1.02037990
-1.01903367
-1.01489878
-0.98172790
-0.95431912
-0.99012244
-1.00425255
-1.03945577
-1.07322919
-1.09113181
-1.15557957
-1.21254146
-1.30189216
-1.22654867
-1.31483793
-1.42095053
-1.39776587
-1.38100398
-1.40674162
-1.48009861
-1.52466822
-1.56729043
-1.02466857
-0.95669097
-0.92472786
-0.97377241
-1.01469183
-0.94539815
-0.98904556
-0.90228730
-0.84548312
-0.91902757
-1.08901536
-1.35103905
-1.39881468
-1.41280901
-1.29025578
-1.16039956
-1.13330448
-1.05642164
-0.91379088
-0.91284186
-1.16290641
-1.31199217
-1.48167300
-1.58306062
-1.19431400
-0.79548126
-0.97716594
-1.11530256
-1.20742261
-1.43155003
-1.35530210
-1.10674369
-1.02941155
-1.06338203
-1.04524553
-0.99144793
-1.00070429
-0.99920779
-0.96017843
-0.96402311
-0.98807275
-1.05504441
-1.03863442
-1.05948722
-1.09160697
-1.10843301
-1.18244493
-1.21239853
-1.28424203
-1.22669625
-1.32793212
-1.38451481
-1.29119897
-1.38049757
-1.43414521
-1.52554655
-1.54958785
-1.50667536
-0.91848165
-0.83954662
-0.85814339
-0.91574585
-0.91706377
-0.86144668
-0.90725219
-0.81262720
-0.77564716
-0.91348273
-1.10713673
-1.35169542
-1.40408325
-1.36738598
-1.19564402
-1.16596353
-1.11801779
-0.95554519
-0.85660774
-0.95719075
-1.06868947
-1.40154123
-1.61295772
-1.47906435
-1.09606111
-0.98711544
-1.07707894
-1.11784422
-1.20386291
-1.40239120
-1.39000678
-1.01813734
-1.11217570
-1.19984460
-1.14185059
-1.02384925
-1.14200187
-1.08927321
-1.05519938
-1.11419928
-1.11960626
-1.14862251
-1.07845676
-1.03585565
-1.10853910
-1.11514843
-1.12112975
-1.14723444
-1.21047115
-1.22462857
-1.26756597
-1.27479672
-1.28705430
-1.39308083
-1.36405337
-1.39725935
-1.41559207
-1.31931400
-0.87168401
-0.84948248
-0.90036732
-0.91107029
-0.86275530
-0.89104307
-0.90797824
-0.78903282
-0.81301892
-0.92518520
-1.10923707
-1.41896510
-1.43675363
-1.32209182
-1.14347398
-1.19337237
-1.13796079
-0.90262115
-0.83636695
-0.87583005
-1.06261861
-1.35731435
-1.53695297
-1.19244158
-1.10455966
-1.18341970
-1.05280650
-0.99679780
-1.20020378
-1.41322625
-1.27910292
-1.09350169
-1.22912705
-1.23253441
-1.16674376
-1.10337853
-1.27934813
-1.22252607
-1.21545196
-1.27567506
-1.23999822
-1.18181276
-1.09389913
-1.00263441
-1.09208965
-1.07527280
-1.08923733
-1.15221965
-1.16839111
-1.18653572
-1.27259898
-1.27959478
-1.30988777
-1.28793359
-1.22737360
-1.27655542
-1.22416699
-1.18119323
-0.87634426
-0.90864313
-0.93010598
-0.94455260
-0.92187423
-0.90439451
-0.97877711
-0.86585653
-0.85472935
-0.88120389
-1.06467128
-1.45643067
-1.44351828
-1.31914794
-1.17779374
-1.15982056
-1.13760638
-0.90541774
-0.78788126
-0.69785094
-1.00401580
-1.57021737
-1.46172237
-1.20523834
-1.05181420
-0.99412245
-0.91147298
-0.90091914
-1.23025966
-1.38623345
-1.18321049
-1.18032980
-1.21338141
-1.12843740
-1.13947642
-1.13808179
-1.25557458
-1.23582649
-1.18630779
-1.28084219
-1.26999700
-1.17222285
-1.11167598
-1.03901005
-1.04428315
-1.03289866
-1.09357750
-1.12863767
-1.12614381
-1.19684517
-1.28961468
-1.26084602
-1.22509682
-1.19173789
-1.20205212
-1.27721536
-1.17579544
-1.18544459
-0.89065158
-0.90872836
-0.95846146
-1.02424824
-0.97256267
-0.98247999
-1.11840940
-0.94557834
-0.92029369
-0.84190381
-0.99133581
-1.37896359
-1.45928907
-1.40211141
-1.27945042
-1.12854779
-1.12078238
-0.84250224
-0.54949808
-0.64934427
-1.07456124
-1.58399105
-1.54155195
-1.43352222
-1.13273311
-0.90812647
-0.82399350
-1.08375216
-1.41399479
-1.24255562
-1.08971334
-1.06335318
-1.12650955
-0.99594438
-1.07992864
-1.12469923
-1.18930185
-1.21485698
-1.13881612
-1.23748374
-1.25422430
-1.17695534
-1.15036702
-1.06440938
-1.04817128
-1.01526725
-1.06873918
-1.10886669
-1.10165107
-1.14262426
-1.15627539
-1.15377331
-1.18686950
-1.19421649
-1.23208225
-1.25991118
-1.18082273
-1.21693313
-0.91872406
-0.94218522
-0.96254021
-1.05776799
-0.98833030
-1.08351719
-1.15379596
-0.98605716
-0.90657866
-0.79417610
-0.96457881
-1.37057054
-1.51121354
-1.36114621
-1.30239034
-1.11367142
-0.95734465
-0.65273827
-0.39667335
-0.62606102
-1.19186783
-1.62471378
-1.66509771
-1.65633821
-1.32106972
-1.10396814
-1.02821803
-1.27971292
-1.42884457
-1.00747192
-0.87651455
-0.93917066
-1.04669058
-0.97620630
-1.05885005
-1.06369901
-1.13393939
-1.19291341
-1.11627412
-1.19847429
-1.25564504
-1.14676797
-1.13092828
-1.05235398
-1.00168896
-0.93241721
-1.02705467
-1.08102977
-1.07720304
-1.03369665
-1.08266675
-1.12456620
-1.15818453
-1.14400327
-1.17999196
-1.19647682
-1.17233098
-1.22501838
-0.98497057
-1.02791739
-1.02706027
-1.12801230
-1.01608491
-1.05903196
-1.08591175
-0.98855746
-0.86750001
-0.80954492
-0.97620898
-1.24820566
-1.50176752
-1.33107984
-1.26050305
-1.02968597
-0.77284163
-0.51911569
-0.42557067
-0.59688199
-1.02374923
-1.29810202
-1.38377416
-1.45028055
-1.18417096
-1.01029217
-1.09556103
-1.19354200
-1.27058649
-0.88115078
-0.89492911
-0.92122787
-0.99469978
-1.05890012
-1.00468493
-0.90492272
-1.04027498
-1.22323906
-1.13809049
-1.16750467
-1.20287108
-1.07667232
-0.98848397
-0.94542229
-0.89531922
-0.91929913
-0.92323750
-1.01317930
-1.05375457
-1.01728582
-1.03993094
-1.05738378
-1.04724634
-1.03862321
-1.07539392
-1.13599765
-1.18104422
-1.25723362
-1.06111062
-1.03048921
-1.07269371
-1.12017334
-0.99177295
-1.01682734
-1.02173781
-0.99442828
-0.94348836
-0.91198784
-0.96020705
-1.19937646
-1.52108693
-1.32571399
-1.23450673
-0.95408446
-0.67560363
-0.57221985
-0.43786842
-0.45146242
-0.75055009
-0.85071725
-1.10319698
-1.30123293
-1.18197870
-1.00985515
-1.04176426
-0.96250230
-1.00474381
-0.86108863
-0.91611373
-0.87905037
-0.92404628
-0.95945162
-0.84611082
-0.88162750
-1.12765217
-1.29366219
-1.09396398
-1.11196840
-1.10691392
-0.93700051
-0.89309365
-0.88259983
-0.85304546
-0.86215353
-0.82089043
-0.99958330
-1.06089652
-0.96970737
-0.97897643
-0.99803364
-0.95237607
-0.93384951
-1.01255727
-1.13119853
-1.15801418
-1.16261649
-0.97949469
-0.96330822
-1.03407598
-1.03896260
-1.00268197
-0.98206347
-0.98639172
-1.01389837
-0.97193289
-0.99683511
-0.93596059
-1.24150825
-1.49736440
-1.33519638
-1.26614010
-1.03865194
-0.81619841
-0.74911016
-0.44277069
-0.36380070
-0.72950488
-1.06202245
-1.31443727
-1.37740922
-1.29031265
-1.13892817
-1.06351566
-0.86969763
-0.81790173
-0.78203171
-0.67612314
-0.64879292
-0.73555297
-0.98882830
-1.00758445
-1.15881622
-1.26126468
-1.24574494
-1.01990438
-1.03813922
-1.02134335
-0.92563897
-0.93986845
-0.93164754
-0.88563222
-0.83154476
-0.86831391
-0.99706858
-0.99786544
-0.88624287
-1.00520635
-1.00717044
-0.91637987
-0.89846337
-1.00532854
-1.07617307
-1.06277728
-1.04647398
-0.92172498
-0.94786227
-0.99713516
-1.00563252
-0.97489470
-0.93001050
-1.02673578
-1.04302299
-1.01607132
-1.03844965
-0.91298074
-1.18433213
-1.34090400
-1.33170080
-1.26947963
-1.17088556
-0.94826323
-0.84386861
-0.45972368
-0.67063761
-1.06808722
-1.23770177
-1.50400305
-1.36731255
-1.57093871
-1.52588797
-1.17086697
-0.95149583
-0.69883978
-0.55075514
-0.34271607
-0.50154787
-0.82058692
-1.16182160
-1.24460208
-1.30741596
-1.23275697
-1.13981462
-1.01967061
-1.00682402
-1.03189790
-0.99463058
-0.95762986
-0.95069629
-0.89241976
-0.88565612
-0.92923748
-1.02016568
-0.93607706
-0.94836825
-1.09024251
-1.01421797
-0.97008842
-0.95662326
-0.99875808
-1.06038010
-1.05530143
-1.05993831
-0.84868968
-0.87404609
-0.91953325
-0.94573110
-0.98056710
-0.96257198
-1.04404461
-1.02951479
-1.03726912
-1.03242075
-0.81171638
-1.11870635
-1.40341246
-1.36884964
-1.35704350
-1.14114881
-0.93969280
-0.82366335
-0.40733898
-0.61603791
-0.89436710
-1.11276448
-1.40460932
-1.39206231
-1.76325703
-1.78380370
-1.18304336
-1.05124581
-0.64828080
-0.46922934
-0.33294824
-0.60403997
-0.94189447
-1.12006211
-1.14226294
-1.18052649
-1.22557902
-1.18484616
-1.08269715
-0.99835020
-1.04953742
-0.96758258
-0.91609919
-0.95967859
-0.95015675
-0.98348546
-1.01594269
-1.02661097
-0.94602734
-1.04604661
-1.11374187
-1.05010533
-1.09977818
-1.06063581
-1.06511736
-1.06843317
-1.06464469
-1.04652286
-0.76878977
-0.79204327
-0.87061423
-0.94721770
-1.00536990
-0.97559762
-1.00325763
-0.95151442
-1.04297018
-0.92859477
-0.79123855
-1.06511378
-1.24608421
-1.17749810
-1.16917348
-0.91386878
-0.84184229
-0.69417179
-0.34567803
-0.51386142
-0.86261195
-1.11629164
-1.42046618
-1.59642684
-1.71841204
-1.58690369
-1.14432836
-1.13773382
-0.69554693
-0.46163183
-0.52080053
-0.70907766
-0.89807087
-0.94516331
-0.97956431
-1.11390257
-1.19068038
-1.18552399
-1.13283455
-1.13321245
-1.07908177
-0.96432716
-0.90405518
-1.00792289
-1.00672126
-1.04631519
-1.03891265
-0.98692691
-0.97203523
-1.06148064
-1.07554555
-1.10301244
-1.12678468
-1.05230963
-0.99184585
-1.00094616
-1.01269913
-0.99680471
-0.68903190
-0.69686747
-0.80862057
-0.92979175
-0.88059038
-0.86294627
-0.89208269
-0.86600554
-0.90332049
-0.76110321
-0.76844364
-0.88654965
-0.87703931
-0.83163905
-0.92858118
-0.80073428
-0.74642324
-0.55043590
-0.39149565
-0.52275831
-0.88747078
-0.91053855
-1.14381456
-1.30480862
-1.36515868
-1.31841040
-1.14230657
-1.01668787
-0.59978229
-0.50717896
-0.64400071
-0.67237788
-0.80053812
-0.80471665
-0.94422156
-1.11826873
-1.11129987
-1.17082429
-1.15452909
-1.18567491
-1.12992549
-1.04299390
-0.96531439
-1.02823234
-1.00996506
-1.04213297
-0.99388909
-0.95457220
-0.94706029
-1.01576936
-0.97301412
-0.99784291
-0.96672589
-0.93267101
-0.85317981
-0.92654139
-0.95514929
-0.94665766
-0.67128140
-0.63161296
-0.72175467
-0.83890885
-0.75734138
-0.79057193
-0.74268937
-0.74442953
-0.75093949
-0.74349821
-0.66983116
-0.60957158
-0.57065952
-0.72729313
-0.86810654
-0.78890836
-0.69140625
-0.65163040
-0.59264070
-0.51913911
-0.70335716
-0.59025663
-0.74071276
-0.94637948
-1.19202566
-1.29974806
-1.25525999
-0.93280333
-0.68023700
-0.63265622
-0.64561647
-0.67401642
-0.80786526
-0.79284942
-0.97270691
-1.11689603
-1.09822047
-1.13511360
-1.07923901
-1.17352021
-1.17065215
-0.99431890
-0.96243584
-0.95175779
-0.99563009
-0.95463580
-0.96485966
-0.87242067
-0.85719556
-0.90998518
-0.84917736
-0.83829176
-0.80193353
-0.79270357
-0.72256136
-0.86896873
-0.91067576
-0.89604884
-0.67774534
-0.66718930
-0.75671589
-0.80859065
-0.75868338
-0.81936914
-0.71659565
-0.67147732
-0.65881073
-0.71472657
-0.67699146
-0.60695320
-0.69256079
-0.91971171
-0.92449272
-0.82583851
-0.78289789
-0.81098831
-0.70149827
-0.56801164
-0.81044173
-0.77472943
-0.90617019
-1.20517063
-1.48654687
-1.46932590
-1.42002571
-1.03336310
-0.78596133
-0.64133346
-0.70651102
-0.80955470
-0.80572689
-0.79540771
-0.98538601
-1.05704355
-0.99150652
-0.97267896
-1.02282870
-1.13009572
-1.04558468
-0.88719624
-0.88560402
-0.87098467
-0.95591640
-0.87008178
-0.93560928
-0.79866838
-0.67409891
-0.78583866
-0.85740942
-0.79180008
-0.72520316
-0.75762659
-0.69484603
-0.84394228
-0.87403888
-0.89586473
-0.70721203
-0.72553241
-0.85469127
-0.71569103
-0.80951864
-0.88429093
-0.74519557
-0.64066178
-0.60663891
-0.70799720
-0.72913748
-0.76429904
-0.94409209
-0.96443588
-0.87501502
-0.88779604
-0.88989854
-0.89697623
-0.71575630
-0.67348039
-0.86575526
-0.86034942
-0.93310159
-1.21069455
-1.40275657
-1.45794046
-1.32697308
-1.05538464
-0.78914565
-0.67702383
-0.79041290
-0.85206527
-0.76031137
-0.78091139
-0.91789186
-0.98775500
-0.94097638
-0.93408805
-0.97374928
-0.96248513
-0.93141699
-0.89266682
-0.76017606
-0.79993081
-0.88763916
-0.82881045
-0.88319653
-0.70813912
-0.62450242
-0.77752781
-0.84587705
-0.85402066
-0.91079712
-0.82425237
-0.70055294
-0.81187075
-0.82355142
-0.87571460
-0.70007426
-0.79010731
-0.91072226
-0.64420062
-0.92702889
-0.99056071
-0.67849100
-0.62959790
-0.67862254
-0.74821353
-0.74198121
-0.85980368
-0.92124468
-0.87830561
-0.92394501
-0.96758533
-0.96686715
-0.97769439
-0.75288457
-0.81137675
-0.92644083
-0.93443799
-1.00374913
-1.12712181
-1.34816849
-1.41638291
-1.26611567
-1.12032664
-0.90521580
-0.76910663
-0.80188382
-0.86660320
-0.81284177
-0.80570304
-0.92320824
-0.99278295
-1.10510826
-0.94939476
-0.92477798
-0.95245999
-0.98980582
-0.86986792
-0.70767224
-0.80313331
-0.82411909
-0.79830360
-0.87005264
-0.74324840
-0.77429122
-0.93464518
-0.98191911
-1.07817209
-1.13969266
-0.84397495
-0.68308270
-0.78604746
-0.76870841
-0.81863946
-0.71298575
-0.89070249
-0.79973584
-0.64628613
-0.93673462
-0.92817736
-0.62200499
-0.73063540
-0.73409891
-0.64917791
-0.67067373
-0.79926956
-0.90974545
-0.97080660
-1.10038900
-1.03168225
-1.00196099
-0.96426821
-0.83926928
-0.85600984
-0.84473038
-0.84001112
-0.86443436
-1.05612469
-1.26753521
-1.28979492
-1.25290453
-1.24489951
-1.00154757
-0.82393652
-0.92948073
-0.99737543
-0.93490833
-0.98125625
-1.05205154
-1.06980884
-1.19274735
-0.87884396
-0.94375044
-0.94300354
-0.87540340
-0.73869663
-0.78396463
-0.87894595
-0.86238772
-0.92359251
-0.97047293
-0.92325139
-0.96981442
-1.10434508
-1.12121522
-1.17588711
-1.11171091
-0.84933603
-0.74444520
-0.82144743
-0.79803848
-0.87445801
-0.80313557
-0.89715344
-0.68296635
-0.68631029
-0.93432593
-0.95856404
-0.75957543
-0.85918301
-0.80325508
-0.64093542
-0.70614326
-0.85355443
-0.96983129
-1.02358949
-1.06038594
-0.96142471
-0.93479562
-0.85128468
-0.76882750
-0.81601030
-0.80097222
-0.80533278
-0.82313281
-0.99960649
-1.10791159
-1.19976890
-1.14692760
-1.14101458
-0.96464461
-0.91706580
-1.05328608
-1.12258494
-1.06270683
-1.15960419
-1.13655055
-1.13638806
-1.05968320
-0.88660491
-0.97839975
-0.91890818
-0.91295898
-0.89647830
-0.98779482
-0.96283168
-0.93112695
-1.08093691
-1.06017530
-0.94599444
-1.00869310
-1.04940212
-1.03999174
-1.11526513
-1.05988622
-0.92211694
-0.87756687
-0.93482137
-0.90306926
-0.97156209
-1.25147760
-1.26537287
-1.28653276
-1.29037368
-1.28015482
-1.28223395
-1.29647017
-1.31568313
-1.31699193
-1.28667259
-1.23110902
-1.21756756
-1.23319769
-1.27234685
-1.24805367
-1.24750686
-1.23461223
-1.19386482
-1.17705524
-1.00868368
-0.77947485
-0.64807189
-0.66041374
-0.60884839
-0.61497283
-0.67846751
-0.77719241
-0.85625231
-0.98196024
-1.15737092
-1.25896609
-1.28192472
-1.23812950
-1.17511618
-1.18285739
-1.24009883
-1.29949594
-1.33474112
-1.34198797
-1.34254289
-1.30236518
-1.27343154
-1.26950061
-1.24108863
-1.16144311
-1.14498806
-1.10731363
-1.12321687
-1.16415966
-1.12376809
-1.01078522
-0.91738790
-0.98994607
-1.00823855
-0.96959722
-0.94611663
-0.93025875
-0.93602741
-1.29333246
-1.31451786
-1.33625519
-1.32589030
-1.31122243
-1.32092679
-1.33828771
-1.34675753
-1.31441534
-1.24059701
-1.18227541
-1.17253613
-1.19647002
-1.20617568
-1.17746723
-1.18488598
-1.18743575
-1.15237582
-1.12433863
-0.99280459
-0.75884801
-0.61505812
-0.62722963
-0.62709290
-0.68396074
-0.74755782
-0.84237790
-0.90844750
-1.00937843
-1.15224528
-1.23657858
-1.26887369
-1.20061350
-1.11923838
-1.12111640
-1.18298972
-1.24978292
-1.28656685
-1.31178916
-1.30875814
-1.27299261
-1.24357331
-1.25564480
-1.22510195
-1.16179192
-1.12619233
-1.09037578
-1.09604752
-1.13606548
-1.12229168
-1.00846195
-0.90012175
-0.97429156
-0.97678375
-0.91850090
-0.86798662
-0.84225380
-0.87484735
-1.35340667
-1.38330579
-1.39138138
-1.38077819
-1.36953700
-1.37763369
-1.37778366
-1.36768377
-1.29487038
-1.20079315
-1.14307714
-1.14202821
-1.15351081
-1.14643109
-1.13990498
-1.11755884
-1.09575689
-1.06971407
-1.10091865
-0.94772285
-0.73867399
-0.61090952
-0.64647382
-0.67891151
-0.70548499
-0.74422377
-0.81884986
-0.88502628
-1.00034845
-1.12983358
-1.21138203
-1.25367379
-1.20825386
-1.13980854
-1.12321329
-1.19646561
-1.25719404
-1.28687036
-1.28559756
-1.28151095
-1.24659026
-1.23412621
-1.25994372
-1.20870399
-1.15437210
-1.09031308
-1.06844342
-1.07093799
-1.11533284
-1.10623527
-0.99171960
-0.88003868
-0.93726385
-0.94424266
-0.89342505
-0.82245481
-0.80172086
-0.82297069
-1.40729463
-1.42309976
-1.41935480
-1.40859795
-1.39937413
-1.40688348
-1.39879584
-1.36564279
-1.31369376
-1.22397816
-1.17965221
-1.19315255
-1.20976484
-1.19189715
-1.16922069
-1.16342199
-1.15584302
-1.16808379
-1.12943602
-0.95429945
-0.76877713
-0.68095398
-0.70854431
-0.76578945
-0.76051885
-0.84340113
-0.87542635
-0.95401376
-1.02151477
-1.10837221
-1.18035436
-1.23582447
-1.19401157
-1.12299287
-1.11720610
-1.15926898
-1.20818019
-1.23634386
-1.23990381
-1.26372743
-1.23476553
-1.23780251
-1.25836790
-1.19981754
-1.13992882
-1.05843735
-1.09831023
-1.09431064
-1.16002238
-1.09831059
-0.97532493
-0.85901099
-0.95386773
-0.99570632
-0.92423898
-0.85182178
-0.82238328
-0.86696023
-1.41586924
-1.41848445
-1.41484320
-1.40759134
-1.40512419
-1.40494072
-1.38402772
-1.37565601
-1.30813634
-1.21973920
-1.18927622
-1.19603574
-1.20120561
-1.17611182
-1.16246939
-1.15047109
-1.14360249
-1.15279233
-1.08459651
-0.97462344
-0.85609770
-0.85941958
-0.87810284
-0.89959520
-0.94842625
-0.96556085
-0.96205455
-0.98358572
-1.05317152
-1.13642287
-1.21969640
-1.24921930
-1.20788765
-1.15450919
-1.14435160
-1.15616477
-1.19651520
-1.20716298
-1.26147926
-1.25677145
-1.23236084
-1.25089395
-1.27097511
-1.24119830
-1.15234983
-1.09512591
-1.13585591
-1.11894572
-1.16383827
-1.08316326
-0.93865710
-0.85851777
-0.99036181
-1.01319873
-0.95820361
-0.88985145
-0.84420681
-0.88665700
-1.39844179
-1.39735651
-1.39689279
-1.38309336
-1.38341010
-1.38291609
-1.39326477
-1.39500105
-1.31813407
-1.25155342
-1.21293056
-1.21489310
-1.21828556
-1.20179176
-1.21757507
-1.17903411
-1.12248826
-1.09942925
-1.06319416
-0.98403227
-0.94263572
-0.95273900
-0.97311342
-1.01907063
-0.99971998
-0.96380043
-0.95997918
-0.97431195
-1.05850387
-1.14513505
-1.22048950
-1.20491636
-1.18753707
-1.15699220
-1.16379654
-1.19891000
-1.24340272
-1.27286327
-1.26144445
-1.23225439
-1.23199332
-1.25191855
-1.28908324
-1.22613358
-1.12454462
-1.11401498
-1.15771806
-1.13907695
-1.18249822
-1.07518721
-0.90568632
-0.86517513
-0.94337523
-0.98144233
-0.95651734
-0.91688406
-0.89484411
-0.90129292
-1.38131750
-1.37670684
-1.36273956
-1.35321701
-1.34658408
-1.35157263
-1.36115241
-1.33218575
-1.27979338
-1.22892499
-1.21505475
-1.22000706
-1.21546853
-1.20508838
-1.19234419
-1.15122449
-1.12161732
-1.12519991
-1.12942195
-1.14834011
-1.08676565
-1.01321244
-1.01390374
-1.05641091
-1.01838255
-0.97953975
-0.95286047
-1.03980553
-1.10412657
-1.14043522
-1.16738844
-1.16355681
-1.18297589
-1.18168235
-1.19339180
-1.23337293
-1.28856719
-1.28799331
-1.24466014
-1.20272541
-1.19509709
-1.24629569
-1.22998977
-1.14233279
-1.06371617
-1.08977222
-1.18393505
-1.17194939
-1.16425085
-1.02480352
-0.87816530
-0.83752465
-0.92817748
-0.96461374
-0.94311756
-0.94727135
-0.92457420
-0.91943383
-1.34466672
-1.33323324
-1.32192171
-1.30477762
-1.30310345
-1.31376791
-1.31374121
-1.30204928
-1.25891352
-1.23130357
-1.22892380
-1.21364975
-1.20409727
-1.19917989
-1.19549870
-1.16445684
-1.17480290
-1.17599535
-1.21609998
-1.19872081
-1.11596584
-1.02888381
-1.05153000
-1.09718215
-1.11105239
-1.07385159
-1.08022594
-1.11437106
-1.13891494
-1.12224758
-1.11810958
-1.13826060
-1.17727411
-1.21575344
-1.25445330
-1.29817820
-1.33081794
-1.27958965
-1.21652806
-1.17146611
-1.15344024
-1.17658818
-1.13137758
-1.07342124
-1.01565099
-1.08289838
-1.12176311
-1.10331106
-1.06072426
-0.94680190
-0.82104367
-0.81204516
-0.90073788
-0.92302048
-0.92654318
-0.91265023
-0.90720326
-0.88800597
-1.28071022
-1.26681793
-1.25087678
-1.22416890
-1.23546052
-1.23718977
-1.24189901
-1.23552656
-1.21323264
-1.19472980
-1.18147600
-1.15587783
-1.14002109
-1.13819492
-1.13312137
-1.16449249
-1.17262542
-1.16568112
-1.20752501
-1.09606874
-1.05456388
-1.01492727
-1.15211856
-1.16216815
-1.14058483
-1.09582984
-1.11063182
-1.12701762
-1.14825928
-1.14643395
-1.12084210
-1.17939067
-1.27183306
-1.29212761
-1.30165446
-1.33801949
-1.32137394
-1.24248850
-1.14963698
-1.10306334
-1.08328307
-1.09597087
-1.05482972
-0.99852645
-0.98690647
-1.02385581
-1.03391027
-1.05025625
-1.00920844
-0.90698516
-0.82004291
-0.83020794
-0.88760984
-0.90344465
-0.88980496
-0.88852835
-0.89338964
-0.88114357
-1.15019059
-1.14781535
-1.13059402
-1.11814892
-1.10975492
-1.10793078
-1.11762679
-1.11052668
-1.09237731
-1.08228552
-1.07760549
-1.06713831
-1.05204248
-1.06750226
-1.07752001
-1.14194882
-1.07508779
-1.14541590
-1.09110272
-1.09693897
-0.95594865
-1.01495075
-1.12433136
-1.17138863
-1.14591563
-1.17607594
-1.21684325
-1.23445404
-1.20833385
-1.17855573
-1.19413090
-1.25638413
-1.27001250
-1.28772044
-1.31274915
-1.31220055
-1.27520788
-1.17057455
-1.07484412
-1.04460347
-1.05159163
-1.07186246
-1.02393341
-0.97733015
-0.96473891
-0.99706596
-1.00631166
-1.01158905
-0.95589566
-0.87741888
-0.81069928
-0.82238138
-0.84370470
-0.86201322
-0.84526211
-0.86400354
-0.86267877
-0.85754484
-1.05060565
-1.05888200
-1.05587482
-1.06251538
-1.04636252
-1.03953612
-1.03213906
-1.03656340
-1.04316878
-1.06013751
-1.06987381
-1.06024134
-1.06471980
-1.07853413
-1.15481007
-1.15411973
-1.12579942
-1.08633351
-1.06888664
-0.99117339
-0.94760776
-1.07229114
-1.08088982
-1.14388251
-1.21476257
-1.26552081
-1.23500991
-1.12906003
-1.08993793
-0.97623348
-1.04640198
-1.14891708
-1.16689229
-1.24339104
-1.24032474
-1.24502361
-1.19216764
-1.08267879
-1.03002012
-1.00727296
-1.01825237
-1.01457512
-0.98623830
-0.95041800
-0.94129622
-0.95524716
-0.94429201
-0.92683911
-0.88195103
-0.83140892
-0.79502904
-0.78651208
-0.78512430
-0.78592068
-0.78222096
-0.80609733
-0.80283993
-0.79956138
-1.03648007
-1.03599429
-1.03588438
-1.02657735
-1.02296937
-1.01888978
-1.01112354
-1.00143695
-1.00455689
-1.01460290
-1.01118958
-0.99206150
-0.98155111
-1.04819822
-1.12484825
-1.07581925
-1.06222868
-1.10362458
-1.11625183
-0.79388863
-0.85377669
-0.96067804
-1.16763377
-1.21921194
-1.18091309
-1.17064285
-1.09865439
-0.96643144
-0.87941563
-0.95061958
-0.94905835
-0.99423331
-1.11755323
-1.22592103
-1.19994867
-1.17965555
-1.11911392
-1.04563034
-0.99404478
-0.95474803
-0.96011108
-0.95588309
-0.95015615
-0.93731844
-0.92691123
-0.90556473
-0.88002944
-0.87257648
-0.83790255
-0.80364299
-0.80283648
-0.80561507
-0.79603535
-0.79058051
-0.80034071
-0.82706428
-0.78890598
-0.76104295
-0.94250542
-0.96706504
-0.96721196
-0.96882451
-0.95271397
-0.93634599
-0.92697304
-0.91503191
-0.90157664
-0.91821027
-0.91753364
-0.91118562
-0.92456800
-1.01728821
-1.01937914
-0.97926283
-1.06158876
-1.09080589
-0.87404943
-0.76734382
-0.81425625
-0.98748881
-1.09903252
-1.12807739
-1.14520288
-1.07610178
-1.10042310
-1.08818352
-1.08367252
-1.06267774
-1.01293468
-1.02703381
-1.16398859
-1.20971239
-1.23444366
-1.21469212
-1.11642218
-1.00571179
-0.90190750
-0.89068818
-0.90719330
-0.90490907
-0.91858155
-0.93597853
-0.93768096
-0.91575783
-0.91162127
-0.91205108
-0.89146936
-0.87676466
-0.89966476
-0.90942192
-0.90634805
-0.89125580
-0.90033388
-0.90298086
-0.86244601
-0.84780061
-0.89842105
-0.92330188
-0.93856084
-0.96214396
-0.94701332
-0.92868209
-0.91071677
-0.88924354
-0.86431283
-0.87727159
-0.87038213
-0.88283169
-0.91917658
-0.97771502
-1.00424862
-0.96271855
-1.06267834
-0.95270693
-0.63738197
-0.62824506
-0.84728128
-1.02710235
-1.00751448
-1.00237966
-1.01931190
-1.26892710
-1.38818860
-1.13718104
-1.04093087
-0.95554245
-0.93315428
-0.97497636
-0.98913288
-1.12972426
-1.12410724
-1.14098799
-1.04422426
-0.92502695
-0.87320185
-0.88930225
-0.91605812
-0.93409491
-0.95684242
-0.99125123
-0.99256825
-0.96524525
-0.95168787
-0.94327724
-0.94660556
-0.94739252
-0.98116541
-0.97770357
-0.93955028
-0.92590952
-0.95457846
-0.96226615
-0.92263788
-0.90496153
-0.94292420
-0.94833368
-0.96796298
-0.99477011
-1.00589371
-0.97622037
-0.93949598
-0.90023720
-0.87857956
-0.88459104
-0.88680565
-0.93295038
-0.95907265
-1.03209603
-1.01313663
-1.00163662
-1.11395240
-0.82467586
-0.60233951
-0.62675411
-0.92074186
-1.06595123
-1.06881964
-1.07927656
-1.29276454
-1.34577549
-1.20733309
-0.98769808
-0.69659102
-0.69183838
-0.87397939
-1.06024694
-1.07634270
-1.10800433
-1.04372501
-1.03091073
-0.97026718
-0.94414610
-0.95905060
-0.96880853
-0.98941177
-1.01064682
-1.04272270
-1.07113957
-1.06177115
-1.03881085
-1.00699973
-0.99975574
-1.00999582
-1.01920319
-1.04131567
-1.01147676
-0.98453283
-1.00149441
-1.05996215
-1.04844189
-0.98046756
-0.94222790
-0.99325019
-1.00310218
-1.03680313
-1.05810249
-1.04648280
-1.00619018
-0.95865750
-0.92370367
-0.90005535
-0.90352190
-0.88912946
-0.93047202
-0.96764082
-1.03354418
-0.97136647
-1.07704258
-1.05460203
-0.70029086
-0.59099424
-0.70821995
-1.09303808
-1.13710058
-1.15177429
-1.08012426
-1.10821700
-1.02781570
-0.86268157
-0.80036509
-0.97508121
-0.81290221
-0.72359312
-0.76816827
-0.90368909
-0.92869812
-0.97264451
-0.96387732
-1.01588917
-1.04261386
-1.04108477
-1.03142130
-1.05361354
-1.05214667
-1.07245159
-1.08366728
-1.08589756
-1.06586123
-1.06230652
-1.05854797
-1.06851828
-1.07371807
-1.08337891
-1.06130064
-1.07959116
-1.11547911
-1.15454495
-1.09797180
-1.04782307
-1.02559245
-1.03518260
-1.05896330
-1.08742952
-1.08545959
-1.07149017
-1.03555965
-0.99706084
-0.96669924
-0.96212852
-0.98111439
-0.96530253
-0.98103607
-1.02008104
-1.04400337
-1.03788710
-1.06454015
-0.92278606
-0.59856302
-0.51747209
-0.81251329
-1.15067375
-1.15544200
-1.11746562
-1.04182935
-0.82159555
-0.96888697
-0.98999125
-0.96139199
-0.86032510
-0.90433347
-0.91306472
-0.95575583
-0.95672697
-0.85375839
-0.94348627
-0.96973050
-1.07774484
-1.10471201
-1.08158588
-1.06299615
-1.06368423
-1.07725370
-1.09131098
-1.10368562
-1.11555994
-1.10063457
-1.10459995
-1.11662388
-1.12850392
-1.14873290
-1.14418077
-1.14339161
-1.15489602
-1.19868124
-1.19663537
-1.14561605
-1.11247957
-1.11468291
-1.11390483
-1.11929977
-1.11917222
-1.11028230
-1.10514200
-1.08426976
-1.07603204
-1.05757356
-1.04686892
-1.04469442
-1.01687121
-1.04790640
-1.06287062
-1.10444570
-1.08566093
-1.07811546
-0.87877274
-0.50803757
-0.54850924
-0.90068603
-1.22401845
-1.13010275
-1.01501358
-0.95050818
-1.16992712
-1.11603951
-0.90118146
-0.84174538
-0.79089189
-0.69375747
-0.89000094
-0.85222179
-0.90357000
-0.83766353
-0.91466784
-1.00387204
-1.11156571
-1.11244917
-1.10580289
-1.11273694
-1.12727785
-1.12504125
-1.12753034
-1.14297342
-1.15706182
-1.15288210
-1.15113103
-1.15337837
-1.15970385
-1.17222977
-1.18454349
-1.17994261
-1.18486142
-1.19588387
-1.19993985
-1.18271816
-1.16221535
-1.16029012
-1.17477155
-1.17114460
-1.16761589
-1.17038345
-1.17044759
-1.14864326
-1.14632261
-1.11938262
-1.09569788
-1.07108891
-1.05851889
-1.09070647
-1.12007022
-1.13212931
-1.11067092
-1.12024152
-0.84715194
-0.50954860
-0.60580415
-0.98546398
-1.20632744
-1.26733577
-1.13746572
-1.09803081
-1.01276505
-0.79112309
-0.62758064
-0.75312567
-0.82109046
-0.92722243
-0.84825021
-0.73009801
-0.75086963
-0.82122320
-0.93884212
-1.04458892
-1.12523186
-1.12393105
-1.14754295
-1.17212415
-1.19206595
-1.16195142
-1.15476084
-1.16509831
-1.19084966
-1.18831825
-1.17830479
-1.17038620
-1.16436589
-1.17782819
-1.18162155
-1.17350781
-1.17378628
-1.18170857
-1.17711806
-1.16176009
-1.15516543
-1.15065551
-1.19590783
-1.19312727
-1.18634045
-1.18784368
-1.17831779
-1.16725373
-1.15159512
-1.13019001
-1.11386275
-1.10595334
-1.11630952
-1.13256490
-1.18817401
-1.21724033
-1.19201398
-1.15467429
-0.83788115
-0.50165075
-0.65067565
-1.02715111
-1.38055789
-1.34645438
-1.19870353
-1.03236020
-0.76966774
-0.84689456
-0.93493438
-0.92253655
-0.77594817
-0.64781725
-0.77918172
-0.88814062
-1.04043448
-0.94062912
-0.97056341
-1.01747870
-1.17022872
-1.16967535
-1.17057788
-1.19610620
-1.19895291
-1.17891681
-1.17951059
-1.18505061
-1.20714867
-1.19437134
-1.17618465
-1.17243326
-1.16861284
-1.17623091
-1.15368223
-1.16014326
-1.18587542
-1.21203256
-1.17602026
-1.15215051
-1.13704705
-1.15899420
-1.20377564
-1.20109272
-1.18916798
-1.18120170
-1.16810894
-1.15429688
-1.13526380
-1.13990200
-1.13768446
-1.15093112
-1.14616179
-1.16769910
-1.23975134
-1.27816796
-1.24016511
-1.16320896
-0.79872608
-0.50344020
-0.70533663
-1.11877263
-1.34760535
-1.22112465
-1.07680225
-0.94217020
-1.04883194
-0.85660022
-0.81188095
-0.74355811
-0.70467138
-0.87944448
-0.97754580
-0.96153527
-1.02268076
-0.93807697
-0.93966448
-1.01236141
-1.16779232
-1.16939318
-1.17629743
-1.20133841
-1.20012856
-1.19520259
-1.19561756
-1.21498251
-1.21235108
-1.20319176
-1.19344842
-1.20121944
-1.20037889
-1.19163263
-1.17245758
-1.16664588
-1.17867720
-1.18117309
-1.16714156
-1.16616917
-1.18774378
-1.18726456
-1.18943930
-1.17947030
-1.16679060
-1.16588223
-1.16984642
-1.17195261
-1.17708826
-1.17682302
-1.18452358
-1.16659594
-1.17033148
-1.21436238
-1.28068900
-1.30612004
-1.24799025
-1.13717151
-0.78824174
-0.51265812
-0.71504927
-1.10572779
-1.28011918
-1.26475239
-1.18213487
-1.08034289
-0.86437148
-0.69532329
-0.53250784
-0.69647253
-0.98943377
-1.07043946
-0.94579482
-0.97732329
-0.94996351
-1.02137995
-0.96133715
-1.08128059
-1.13922739
-1.16530907
-1.19069743
-1.18926644
-1.17430663
-1.17004502
-1.19803536
-1.21971953
-1.21624374
-1.21203816
-1.20485508
-1.20386171
-1.19376600
-1.18529463
-1.15989721
-1.15117836
-1.14478755
-1.15014672
-1.15812600
-1.16818285
-1.17469728
-1.17578757
-1.17112243
-1.17939687
-1.18671095
-1.19345331
-1.19306409
-1.19940817
-1.20192087
-1.20049298
-1.20079088
-1.17537427
-1.20180404
-1.23509657
-1.30209935
-1.29222655
-1.25475454
-1.11721170
-0.82411814
-0.57540512
-0.78367883
-1.12473631
-1.33447039
-1.30422628
-1.23044240
-1.04740715
-0.88089204
-0.74908179
-0.77586502
-0.82225686
-0.88139045
-0.81626254
-0.82344049
-0.91939217
-1.01553690
-0.95295370
-0.92324293
-1.07180119
-1.17362475
-1.19643080
-1.18895793
-1.16488242
-1.14487779
-1.16716695
-1.20618379
-1.21663904
-1.21938169
-1.21818304
-1.20404518
-1.19622755
-1.17619884
-1.14223444
-1.11810887
-1.13230395
-1.15633082
-1.18581676
-1.17640948
-1.16554582
-1.15876138
-1.18290043
-1.20434475
-1.19051313
-1.20242071
-1.20009005
-1.19062781
-1.19611979
-1.22267914
-1.22789276
-1.19787335
-1.18569458
-1.18935323
-1.24109089
-1.29694474
-1.29477525
-1.27746665
-1.14987552
-0.82602727
-0.61131936
-0.81481743
-1.06193757
-1.22820890
-1.26991606
-1.20770800
-1.18735087
-1.01532924
-0.77115041
-0.74557155
-0.77517116
-0.79845214
-0.82569081
-0.89286321
-1.02102780
-1.06637645
-0.99303991
-1.04023004
-1.12399483
-1.17322636
-1.16486514
-1.14115942
-1.15475547
-1.16060042
-1.19557333
-1.19207919
-1.19929957
-1.19338942
-1.18598926
-1.16394448
-1.17173374
-1.15879083
-1.14552224
-1.12944067
-1.14480686
-1.16795754
-1.15528512
-1.15478802
-1.14894688
-1.17600036
-1.19832087
-1.20822132
-1.18472230
-1.18304110
-1.18527436
-1.18634379
-1.18611014
-1.20985055
-1.20509136
-1.18938375
-1.17192256
-1.18252504
-1.24035704
-1.27641451
-1.25457716
-1.26288617
-1.13115180
-0.79967588
-0.65348601
-0.79377180
-1.04136336
-1.22695339
-1.29818881
-1.26662040
-1.15060234
-0.92321312
-0.70923907
-0.64071018
-0.68442851
-0.80362660
-0.91072243
-0.92918545
-1.13838804
-1.08381486
-1.06788564
-1.08171129
-1.13392282
-1.12835157
-1.10966361
-1.13521409
-1.15592170
-1.19343531
-1.20554423
-1.19404006
-1.19079721
-1.19100809
-1.18345082
-1.17091262
-1.16290104
-1.14762580
-1.15575457
-1.14763558
-1.16724849
-1.15470302
-1.15529954
-1.16368759
-1.17047095
-1.18833852
-1.19926989
-1.13855565
-1.14215827
-1.15341413
-1.16293240
-1.17693639
-1.17214453
-1.15087819
-1.14016974
-1.14982986
-1.13960946
-1.16043591
-1.22847986
-1.25756085
-1.23383594
-1.23100352
-1.06804204
-0.79582024
-0.68960381
-0.82029843
-1.06046820
-1.15954852
-1.16741443
-1.10113883
-1.01278973
-0.89421469
-0.84441948
-0.74150658
-0.75460994
-0.75853765
-0.87155360
-1.06172681
-1.13016248
-1.03577900
-1.01251018
-0.96760070
-1.06817901
-1.05966830
-1.12604654
-1.15763927
-1.13848746
-1.14581358
-1.15655959
-1.19548047
-1.22637486
-1.21445310
-1.18588984
-1.18758607
-1.18004179
-1.17676222
-1.15356266
-1.16166806
-1.16579509
-1.19095206
-1.18367696
-1.17844856
-1.16501248
-1.18876898
-1.21114302
-1.08882892
-1.11114478
-1.14380515
-1.15903556
-1.18446517
-1.20345247
-1.20380616
-1.19642818
-1.19348049
-1.17176175
-1.18691623
-1.21592891
-1.24927628
-1.24863958
-1.14845645
-1.01524889
-0.84605521
-0.76681292
-0.82471591
-0.97357756
-1.04401791
-1.16316867
-1.15530181
-1.13354540
-1.08306515
-0.97996116
-0.78829104
-0.73904747
-0.71818036
-0.91242027
-1.05582130
-0.98390317
-0.93915719
-0.89092046
-1.01264954
-1.04728866
-1.07658315
-1.11847949
-1.09990776
-1.10296130
-1.09316778
-1.14429712
-1.16498375
-1.19109631
-1.18406010
-1.16903543
-1.15289247
-1.16455269
-1.14845276
-1.12015045
-1.14162219
-1.15942693
-1.17734170
-1.14375401
-1.12945139
-1.12992549
-1.14670396
-1.16127050
-1.12919044
-1.10868144
-1.10323966
-1.12273073
-1.14920688
-1.16069067
-1.16035342
-1.13053918
-1.13000751
-1.10272861
-1.11842942
-1.12390542
-1.17167151
-1.13615930
-1.08762717
-1.03759110
-0.92496878
-0.85697490
-0.85509586
-0.93058527
-1.00355732
-1.07658291
-1.16939723
-1.30691659
-1.13882971
-0.92180413
-0.71979845
-0.66945249
-0.79206163
-0.95347512
-0.98487151
-0.95778054
-0.94329315
-0.96047533
-1.03187907
-1.03764403
-1.03770316
-1.01942813
-1.04211569
-1.04503667
-1.12196159
-1.13536859
-1.14256835
-1.15976548
-1.15625739
-1.15340734
-1.15111589
-1.13981116
-1.11696935
-1.10843015
-1.12548649
-1.11897171
-1.10944712
-1.08789635
-1.10345685
-1.11780155
-1.11384690
-1.12123108
-1.04392529
-1.05503643
-1.04990101
-1.06981063
-1.07053435
-1.06888080
-1.05225468
-1.00899482
-0.98686129
-0.95734257
-0.97214597
-1.00425887
-1.04585874
-1.05445457
-1.07009268
-1.03801024
-0.91879481
-0.86035186
-0.82715464
-0.88288063
-0.92745936
-1.02165079
-1.11477971
-1.17673123
-0.98961449
-0.81710690
-0.61881888
-0.65409696
-0.78222942
-0.96729404
-0.99882615
-0.97417670
-0.96244830
-0.99210578
-0.98727065
-0.95622057
-0.95576465
-0.97221059
-1.02605057
-1.06857717
-1.06089067
-1.04514754
-1.09854853
-1.16349626
-1.14914203
-1.13210535
-1.08687127
-1.08704364
-1.06988943
-1.10094953
-1.12273979
-1.08463907
-1.06916201
-1.06305003
-1.07685673
-1.05507457
-1.07728148
-1.10617971
-0.94648707
-0.95353335
-0.94986856
-0.95708120
-0.95411730
-0.97958583
-0.97868562
-0.95845520
-0.92361331
-0.87921524
-0.92646289
-0.97592920
-1.06959713
-1.09996033
-1.09774256
-1.02831614
-0.90390104
-0.81282836
-0.76412690
-0.84636366
-0.85340989
-0.94909972
-1.00547945
-1.06049633
-0.92994368
-0.86441129
-0.83873123
-0.70829189
-0.76231915
-0.87099117
-0.99879134
-0.99176496
-0.90895325
-0.96675092
-0.94078946
-0.97324950
-0.95083344
-0.96413356
-0.99303663
-1.02902579
-1.02458227
-1.02121890
-1.07548618
-1.07313359
-1.07789469
-1.03882194
-1.09451890
-1.08683527
-1.08546126
-1.08136129
-1.07978284
-1.05882215
-1.02904820
-1.02536011
-1.01226413
-1.01943505
-1.01296377
-1.02149820
-0.92991436
-0.87246764
-0.87731278
-0.89930356
-0.92114240
-0.94530612
-0.91210669
-0.92695767
-0.90110439
-0.85993719
-0.90868258
-0.95129579
-1.01403522
-1.00957358
-1.01448441
-0.95068419
-0.87724519
-0.87920380
-0.86465889
-0.87299931
-0.83183283
-0.90806240
-1.10870814
-1.23289979
-1.16219187
-0.97950995
-0.85885996
-0.77839583
-0.86267972
-1.01847231
-1.04581475
-1.07534313
-0.98304176
-0.85042912
-0.80826908
-0.89805573
-0.90434879
-0.94568068
-0.98620874
-1.00369453
-0.98247176
-0.98703915
-1.01841366
-1.01776850
-1.01654911
-1.03484178
-1.07913256
-1.06436634
-1.05296135
-1.05297029
-1.05164766
-1.02483809
-1.05006695
-1.06581366
-1.05919480
-1.08232796
-1.02809584
-0.99803358
-0.87749565
-0.85791999
-0.87512344
-0.89417249
-0.90588480
-0.91740656
-0.88927650
-0.86973327
-0.83198512
-0.80228168
-0.83508337
-0.87163359
-0.93016517
-0.95164597
-0.99518973
-1.02101231
-0.95284492
-0.90993685
-0.84381163
-0.80775714
-0.85255969
-0.95315129
-1.04275787
-1.06790555
-1.14611912
-1.04200578
-0.84748590
-0.69521701
-0.81384373
-1.04988027
-1.03668630
-0.92904419
-0.92410225
-0.79439282
-0.79970932
-0.79712462
-0.86476886
-0.92305398
-0.93855971
-0.92494076
-0.91852659
-0.92987621
-0.97366631
-1.01217389
-1.03100002
-1.06483746
-1.01573253
-1.00847781
-0.98905283
-1.01863015
-1.03048027
-1.02334571
-1.02731693
-1.00097561
-1.00971115
-0.97912377
-0.97157729
-1.02837992
-0.86792892
-0.84747219
-0.83988810
-0.83912092
-0.82290184
-0.87369519
-0.82089925
-0.78019720
-0.75849414
-0.76130480
-0.82436353
-0.85060513
-0.90949929
-0.98335999
-1.07342362
-1.06742084
-0.98999995
-0.93495029
-0.80070907
-0.74933326
-0.79713094
-0.97069764
-1.03097379
-1.11719298
-1.09984851
-1.04318845
-1.00112998
-0.78425193
-0.67275578
-0.72028929
-0.80011445
-0.77541083
-0.66188091
-0.68946797
-0.83361655
-0.90474200
-0.87736404
-0.90123624
-0.90293998
-0.90288287
-0.89980370
-0.95519722
-1.03453112
-1.02424991
-1.02575135
-1.00679731
-1.01444697
-1.04734230
-1.02579367
-0.99989414
-1.00101709
-1.00582874
-1.00394487
-1.01650500
-0.98522639
-0.98403901
-0.99050319
-1.00575805
-0.89585024
-0.82751107
-0.83608913
-0.85169137
-0.88341337
-0.90160817
-0.84227687
-0.83452737
-0.81246525
-0.81810290
-0.85538495
-0.87968439
-0.94646198
-1.05947840
-1.10028267
-0.99000567
-0.88226944
-0.92593426
-0.83961385
-0.85434604
-0.82885617
-0.89193028
-1.06158984
-1.12628710
-1.23232460
-1.11548483
-0.96370959
-0.84859800
-0.80082190
-0.71708101
-0.77994066
-0.88826686
-0.76068872
-0.76770782
-0.78667080
-0.89941806
-0.84482938
-0.85664374
-0.87578642
-0.90395743
-0.93211406
-0.94591826
-0.91105801
-0.91553414
-0.94044292
-0.92209899
-0.95727324
-0.99664837
-0.97182608
-0.97904801
-0.96908307
-0.98020548
-0.99137551
-1.05946898
-1.07883787
-1.12077546
-1.04563773
-1.01756668
-0.84624547
-0.83197170
-0.87701792
-0.86700815
-0.86422980
-0.85343134
-0.85964417
-0.85507149
-0.80392748
-0.83850098
-0.84289259
-0.91012114
-0.99822366
-1.03228450
-1.06775248
-0.98825616
-0.94051617
-0.90138525
-0.81029153
-0.84342510
-0.89878911
-0.80596548
-0.87441504
-1.05386317
-1.10394669
-1.00915265
-0.89324278
-0.77613568
-0.84849960
-0.98750108
-1.08907890
-0.94581503
-0.84036279
-0.71896577
-0.76565188
-0.83123732
-0.80770719
-0.84731710
-0.84314746
-0.83932436
-0.87188315
-0.84567791
-0.84049666
-0.84661186
-0.89114773
-0.91943628
-0.95550317
-0.94622934
-0.94444537
-0.96291292
-0.98579293
-1.03845799
-1.04969418
-1.10772765
-1.11628151
-1.09364426
-1.06386626
-1.10267985
-0.81608486
-0.87602925
-0.86151451
-0.85481775
-0.85816753
-0.87326664
-0.84378034
-0.80883884
-0.74641788
-0.79651374
-0.86174250
-0.94918430
-1.00433934
-1.04056358
-1.04248118
-0.99552613
-0.96140361
-0.87609410
-0.80445176
-0.86935920
-0.89679551
-0.94174343
-0.97023177
-1.01429796
-1.10388768
-1.17952418
-1.11042941
-0.97227657
-0.88804048
-0.94826239
-0.90450811
-0.76614249
-0.66673356
-0.66499239
-0.75479716
-0.77222717
-0.76121658
-0.78023106
-0.77832717
-0.81831074
-0.78491402
-0.83133340
-0.86081213
-0.90633470
-0.89241040
-0.94275457
-1.01164651
-1.04920137
-1.01703846
-1.03005731
-1.03812444
-1.03815866
-1.07730126
-1.10216713
-1.12394536
-1.08849847
-1.13705862
-1.18741858
-0.84080881
-0.81080127
-0.80008811
-0.80409819
-0.85500115
-0.83926338
-0.81477624
-0.80436110
-0.80337572
-0.84651828
-0.89844441
-0.94492424
-1.01687968
-1.02188015
-1.02791119
-0.97945100
-0.89695442
-0.84071857
-0.81188554
-0.92252147
-0.90585881
-0.92799336
-0.99837679
-1.02302265
-1.03128254
-1.05790782
-1.05142188
-0.89416355
-0.83091545
-0.83435136
-0.84758544
-0.81135231
-0.72683960
-0.74175465
-0.79713464
-0.84688073
-0.81923276
-0.84317541
-0.79895937
-0.77928668
-0.80063838
-0.82092404
-0.83086163
-0.87354928
-0.93057305
-0.95980895
-0.96526480
-0.97631085
-0.92631572
-0.97441900
-0.97171491
-1.00904977
-1.01265109
-1.12219632
-1.14205122
-1.09476459
-1.08014655
-1.11411893
-0.84290731
-0.80126500
-0.81163406
-0.85130399
-0.84888476
-0.82872319
-0.80466217
-0.82730317
-0.84530598
-0.92147106
-0.94613522
-0.97783887
-1.04568601
-1.08929467
-1.05399263
-0.95640719
-0.92599529
-0.88009596
-0.86669767
-0.92247361
-0.94833058
-0.91846067
-0.96039617
-1.01363778
-0.97788858
-1.01911187
-0.97615498
-0.83260715
-0.80913049
-0.91075355
-0.93974537
-0.97752494
-0.85416842
-0.81415427
-0.81213218
-0.88486063
-0.85711938
-0.88063121
-0.88368922
-0.91876060
-0.92340231
-0.87368149
-0.85615325
-0.83098304
-0.89078224
-0.89665353
-0.93112272
-0.92126703
-0.93270618
-0.99465370
-0.97797984
-0.98734230
-1.07331014
-1.13202357
-1.07494020
-1.03187656
-0.99723643
-1.04377413
-0.78988796
-0.78262478
-0.81220645
-0.78963304
-0.76790291
-0.78904790
-0.79843754
-0.78263468
-0.79268682
-0.80376065
-0.84024912
-0.93666470
-1.03774381
-1.06705606
-1.04791522
-0.97206008
-0.92420679
-0.85675502
-0.82494223
-0.87643772
-0.83271599
-0.75524318
-0.92748004
-1.01056838
-1.01511312
-0.94363391
-0.88813490
-0.80089653
-0.88922900
-0.98453313
-1.02877998
-1.01591492
-0.93074286
-0.88701659
-0.82670915
-0.90642297
-0.85853499
-0.85893267
-0.80665547
-0.85262936
-0.83857661
-0.85662156
-0.89350772
-0.90267873
-0.84573340
-0.84073097
-0.86217219
-0.92216855
-0.96980691
-0.99887550
-1.03438401
-1.09331894
-1.13392782
-1.04595053
-0.99740720
-0.96756822
-1.06615400
-1.10951233
-0.76741165
-0.78015327
-0.77040559
-0.74286085
-0.78593689
-0.77507156
-0.79883474
-0.81584722
-0.77113158
-0.75454015
-0.82492465
-0.90854639
-0.99361205
-0.99302232
-1.03599501
-0.95548362
-0.86727118
-0.81381917
-0.78091282
-0.79091555
-0.69398540
-0.89882386
-1.03875303
-1.03760707
-0.96914333
-0.78642255
-0.65524691
-0.71181858
-0.85462230
-0.97224885
-1.05202413
-1.01922405
-0.92168242
-0.85236514
-0.85173678
-0.95026499
-0.92472780
-0.89615458
-0.87155378
-0.83703077
-0.83192497
-0.88569289
-0.92868119
-0.91659611
-0.87348545
-0.90694964
-0.93332911
-0.94015795
-0.93738019
-0.96014178
-0.96454728
-1.01426291
-1.00495541
-1.01019382
-1.03008533
-1.04851353
-1.05760169
-1.06611419
-0.71237171
-0.72769761
-0.73611110
-0.72080427
-0.75652522
-0.77579743
-0.72385877
-0.70006984
-0.70670754
-0.79741228
-0.85200554
-0.94008082
-0.99149489
-1.03420591
-1.06428492
-0.95009339
-0.81391394
-0.76186800
-0.72642642
-0.74328768
-0.86396664
-0.93934232
-1.03450024
-1.13400257
-1.14233947
-1.08986270
-0.88867801
-0.91026139
-0.97747743
-1.02503729
-0.95816469
-0.90592343
-0.84198898
-0.79123098
-0.90002179
-0.97185558
-0.85534281
-0.84590185
-0.91923493
-0.97421443
-0.99839503
-0.96935856
-0.93914557
-0.88623989
-0.85999483
-0.86752737
-0.87660545
-0.92577380
-0.95669717
-0.97112119
-0.94413918
-0.93714523
-0.98392785
-1.03562546
-1.05954325
-1.03706813
-1.01260650
-1.00389159
-0.73596054
-0.73091054
-0.74596107
-0.73282635
-0.80998141
-0.81652021
-0.76171958
-0.69354403
-0.64629829
-0.72650826
-0.80562198
-0.90161562
-0.95376188
-1.00399709
-0.99948061
-0.89704955
-0.72897214
-0.71651804
-0.71296066
-0.69697320
-0.81283790
-0.83498186
-0.88572437
-0.95485282
-1.10359967
-0.85089695
-0.88973409
-0.90272367
-0.94796759
-1.01557422
-0.97032332
-1.00525069
-0.85349649
-0.84022242
-0.90618032
-1.00862777
-0.94150019
-0.91844743
-0.94432276
-0.97433704
-1.01023018
-0.95339990
-0.92380440
-0.90914291
-0.85304153
-0.83403051
-0.86540139
-0.86142617
-0.87927866
-0.87039286
-0.91245860
-1.00267601
-1.00862730
-0.96509117
-0.91998541
-0.92295992
-0.96595192
-0.95562172
-0.78359979
-0.80155998
-0.82124102
-0.78880662
-0.82976377
-0.77083510
-0.77213746
-0.73487139
-0.76219058
-0.81846404
-0.85224050
-0.88991308
-0.93952632
-1.00737035
-0.96966201
-0.84232771
-0.73208106
-0.72992158
-0.69182163
-0.69457263
-0.66231221
-0.73473930
-0.92391115
-1.11409664
-0.98059952
-0.77181792
-0.58532512
-0.67943090
-0.87023622
-0.90127248
-1.01190567
-0.95751303
-0.75926238
-0.82654929
-0.85308695
-0.87383801
-0.85945034
-0.88426173
-0.96653086
-0.95141178
-0.93296355
-0.89400566
-0.86673087
-0.78223813
-0.76377714
-0.81155783
-0.82925242
-0.80409992
-0.83788604
-0.92324531
-0.96315986
-0.94108051
-0.85260636
-0.87290990
-0.88814735
-0.92336094
-0.99788713
-0.97310162
-0.76403236
-0.78310531
-0.81709522
-0.80538207
-0.77785319
-0.77137858
-0.77880549
-0.78456271
-0.80734998
-0.79365742
-0.80934215
-0.87538618
-0.98137093
-1.09829247
-1.04823649
-0.96561438
-0.81252187
-0.73608106
-0.63398516
-0.52926224
-0.52609545
-0.71949828
-0.96961141
-1.06403100
-0.89071071
-0.77791137
-0.68872833
-0.82894367
-0.85297894
-0.99254602
-0.98624998
-0.84894085
-0.75920492
-0.65817904
-0.79343259
-0.81714845
-0.88896245
-0.89172018
-0.91323775
-0.91651100
-0.89732432
-0.84621328
-0.85926402
-0.78861141
-0.80041504
-0.78258550
-0.79556334
-0.79304498
-0.83451647
-0.85920203
-0.85186225
-0.82530022
-0.82801014
-0.87774509
-0.91148794
-0.94501954
-0.94429165
-0.90187925
-0.77013409
-0.77519631
-0.79276901
-0.80466622
-0.86505073
-0.87407476
-0.83114547
-0.84081668
-0.81148189
-0.80387467
-0.80012661
-0.89090961
-0.97733432
-1.06980872
-1.04334736
-0.90921032
-0.79222441
-0.69006789
-0.63991922
-0.57393390
-0.65722078
-0.98078543
-1.33113849
-1.37106538
-1.18858588
-0.94591397
-0.93331796
-0.94924653
-0.82785469
-0.86238343
-0.75908899
-0.68268949
-0.59930527
-0.76393580
-0.93772370
-0.95438588
-0.89569497
-0.85434377
-0.90029132
-0.84752870
-0.85886103
-0.86814255
-0.89614892
-0.82478553
-0.75469953
-0.72351676
-0.78780270
-0.76972926
-0.81064820
-0.78134602
-0.79755133
-0.80454171
-0.85430223
-0.86914551
-0.87604266
-0.86236078
-0.84663719
-0.86424327
-0.80704421
-0.82534319
-0.82588363
-0.84070814
-0.81959057
-0.80632049
-0.80257177
-0.79869330
-0.85536218
-0.82733303
-0.88028002
-0.87198770
-0.94320089
-1.08029127
-1.13774276
-0.90576607
-0.70784491
-0.62666106
-0.55907100
-0.55988014
-0.69556224
-0.76636696
-0.98124117
-1.05968332
-0.96676677
-0.95125842
-0.89115196
-0.83552301
-0.79650515
-0.66456354
-0.64866132
-0.60608953
-0.71366173
-0.80853546
-0.87989324
-0.87559915
-0.82186699
-0.76059580
-0.86857879
-0.89661503
-0.87406480
-0.80948979
-0.81747431
-0.75421637
-0.71485794
-0.74575025
-0.77979523
-0.79846042
-0.79497540
-0.85127890
-0.86623687
-0.84590918
-0.82651627
-0.86138707
-0.84715474
-0.88227028
-0.90619940
-0.98071384
-0.79410470
-0.81504649
-0.86395550
-0.83036256
-0.83095044
-0.82963312
-0.84095037
-0.85127139
-0.85810095
-0.82916152
-0.83368784
-0.88619578
-1.00269282
-1.01159835
-1.00692284
-0.83036608
-0.66906363
-0.57810014
-0.58013207
-0.57600296
-0.55800658
-0.69135952
-0.89380783
-1.10852206
-1.15277112
-1.17650938
-0.98668653
-0.80036575
-0.81570172
-0.68361574
-0.74780673
-0.69979757
-0.75074750
-0.75116760
-0.75575703
-0.79293627
-0.88407969
-0.92053562
-0.95167136
-0.92467725
-0.85371280
-0.75241959
-0.75150651
-0.71579838
-0.77776569
-0.73344338
-0.77483165
-0.77279675
-0.83420169
-0.85386586
-0.86597365
-0.82999259
-0.82891071
-0.86041534
-0.87935132
-0.85091162
-0.86306727
-0.87214851
-0.68396258
-0.70295936
-0.76642758
-0.82456928
-0.82860833
-0.82180661
-0.80298835
-0.85040462
-0.82795376
-0.76801670
-0.82018590
-0.86316353
-0.89370185
-0.93793273
-0.89559966
-0.78587019
-0.73028737
-0.60424608
-0.44538963
-0.30431187
-0.38491189
-0.63826728
-0.92391521
-1.18683529
-1.13891888
-1.09874630
-0.89032346
-0.80031800
-0.82317281
-0.68028885
-0.66789645
-0.48131421
-0.47205982
-0.62182844
-0.88619322
-1.01880574
-0.93432432
-0.92784947
-0.91458243
-0.87224251
-0.80514842
-0.83029729
-0.85996348
-0.84148335
-0.79697138
-0.78609174
-0.81792194
-0.77716011
-0.81495768
-0.82779163
-0.83958107
-0.78702474
-0.83074331
-0.87656736
-0.85148400
-0.80520231
-0.80654323
-0.84609365
-0.65956682
-0.68804634
-0.75309473
-0.76804245
-0.72003400
-0.72793210
-0.71849650
-0.79877532
-0.80810779
-0.79080445
-0.77092123
-0.70038897
-0.73924994
-0.76769418
-0.80399758
-0.79947919
-0.62809771
-0.55857503
-0.52750701
-0.54179645
-0.57279813
-0.65363854
-0.72338384
-0.71718878
-0.81848449
-0.86728859
-0.97808814
-0.85098708
-0.66366428
-0.50886303
-0.39447963
-0.30201682
-0.45177877
-0.75918120
-1.03427589
-1.01602447
-0.92097878
-0.88955945
-0.95934808
-0.87645537
-0.87205189
-0.83149433
-0.86406541
-0.80681634
-0.76198965
-0.83081228
-0.78723019
-0.77864695
-0.79195827
-0.84479576
-0.79028767
-0.76570666
-0.75956833
-0.76872188
-0.78029281
-0.79136461
-0.81503475
-0.87193179
-0.67097980
-0.66129535
-0.66020977
-0.65860772
-0.76380795
-0.81205809
-0.78877407
-0.75768584
-0.72089076
-0.74349850
-0.71008068
-0.68364227
-0.72142273
-0.86361176
-1.00564766
-0.84573859
-0.68728793
-0.54188299
-0.61430877
-0.60719115
-0.51859838
-0.61326969
-0.82449770
-1.12753415
-1.12149858
-1.14385521
-1.19797742
-1.07901585
-0.74588323
-0.54825091
-0.43556738
-0.46197999
-0.59476018
-0.80502522
-0.87950504
-0.88349295
-0.88318443
-0.96046686
-0.98808014
-0.95025653
-0.88027465
-0.80072373
-0.82575631
-0.77453548
-0.76772326
-0.76366186
-0.78323287
-0.76530755
-0.79213881
-0.73725951
-0.72886658
-0.77061194
-0.82569569
-0.77593547
-0.79658514
-0.76315206
-0.80448449
-0.78129089
-0.63715601
-0.64248425
-0.68660098
-0.70552218
-0.73816073
-0.73870754
-0.75431615
-0.69997239
-0.70391303
-0.62079597
-0.64239943
-0.69829428
-0.75973231
-0.85943925
-0.82292742
-0.79089928
-0.73731667
-0.65041852
-0.49165148
-0.45411450
-0.46343151
-0.64776760
-0.85008913
-0.97466356
-0.96247870
-0.98684871
-0.99932033
-0.94964373
-0.73480958
-0.49399495
-0.43395853
-0.47699437
-0.62256503
-0.75824577
-0.78154027
-0.78691936
-0.78151941
-0.85276169
-0.89684248
-0.89461744
-0.84346646
-0.80826050
-0.72607017
-0.76083696
-0.75030589
-0.78165066
-0.74702376
-0.76524413
-0.71804833
-0.68685973
-0.70838875
-0.72191751
-0.75396138
-0.74566871
-0.73036760
-0.73257655
-0.76488757
-0.78276390
-0.58749259
-0.60377246
-0.65430492
-0.70435572
-0.69917935
-0.71828389
-0.69039404
-0.70660716
-0.67518461
-0.69496542
-0.71581608
-0.65701860
-0.70877355
-0.69508851
-0.68446153
-0.67480850
-0.65286410
-0.65676546
-0.56918901
-0.58618551
-0.66315413
-0.86870629
-1.00977516
-0.92563045
-0.90077585
-0.96968764
-0.98579794
-0.87958795
-0.61644846
-0.49481204
-0.42416930
-0.46601573
-0.55329299
-0.64989436
-0.70484704
-0.68847948
-0.80024368
-0.90510666
-0.90930998
-0.81402206
-0.80681705
-0.83868569
-0.83170712
-0.76504254
-0.68683666
-0.72366667
-0.67193961
-0.72862953
-0.66102779
-0.70348239
-0.71809274
-0.76079285
-0.75843608
-0.71482337
-0.72590512
-0.68773532
-0.70996487
-0.74679613
-0.56223506
-0.61702102
-0.58947283
-0.63219237
-0.65928847
-0.70265037
-0.63188416
-0.56707358
-0.61117035
-0.68224239
-0.62428045
-0.56658077
-0.55582118
-0.69220024
-0.77814567
-0.75702262
-0.73901564
-0.72864407
-0.66694307
-0.67084575
-0.58952451
-0.58633387
-0.58687615
-0.66568589
-0.85184121
-1.01460218
-1.04857552
-0.94193166
-0.85584676
-0.67077869
-0.55307031
-0.55254501
-0.62130868
-0.74384284
-0.75451034
-0.75835794
-0.81469208
-0.88050544
-0.85876399
-0.81984878
-0.77266759
-0.73280996
-0.75616920
-0.70575958
-0.70178640
-0.72618884
-0.75887316
-0.75574362
-0.75757223
-0.75138414
-0.76897538
-0.78831267
-0.74050516
-0.66910392
-0.67911100
-0.63865060
-0.66025341
-0.69155371
-0.62380975
-0.66233903
-0.60150117
-0.69617867
-0.68100512
-0.64473498
-0.61282736
-0.65260190
-0.70012695
-0.54810739
-0.52129298
-0.50855094
-0.68664700
-0.74336171
-0.78842580
-0.79849559
-0.83425951
-0.73074299
-0.69664407
-0.68973005
-0.66253537
-0.64626461
-0.63655180
-0.80153656
-0.84331983
-0.99072117
-1.02672851
-0.96831119
-0.80060762
-0.57975638
-0.57236576
-0.58987349
-0.71873063
-0.77222657
-0.72606909
-0.73033613
-0.70927227
-0.74251431
-0.77471274
-0.76335549
-0.69060832
-0.73314929
-0.65790331
-0.64519280
-0.67068863
-0.75814956
-0.73456019
-0.71188706
-0.71858454
-0.75568604
-0.68772566
-0.74647313
-0.70694292
-0.70367157
-0.67507082
-0.66343170
-0.71443611
-0.76066202
-0.62786865
-0.59961939
-0.60691112
-0.63012826
-0.68340892
-0.68916720
-0.74650872
-0.76336598
-0.67999095
-0.57852393
-0.64224726
-0.78719550
-0.79697347
-0.75966966
-0.70657218
-0.76269090
-0.72550654
-0.68441999
-0.61359066
-0.59618872
-0.63496387
-0.64255834
-0.80689400
-0.83632910
-0.88649362
-0.99051064
-1.06581473
-0.97032976
-0.73136419
-0.68494308
-0.69086629
-0.79959893
-0.87186128
-0.83023816
-0.80336410
-0.76582068
-0.76909351
-0.83768237
-0.74509615
-0.69311732
-0.73621380
-0.81462187
-0.76802713
-0.74165463
-0.69608456
-0.81746966
-0.79866576
-0.74699903
-0.71468532
-0.68742222
-0.66218030
-0.70417422
-0.81202662
-0.89122999
-0.80011553
-0.71388745
-0.68349302
-0.73438597
-0.59322143
-0.66098213
-0.61701697
-0.73226714
-0.74420792
-0.65915936
-0.64357930
-0.67137432
-0.59377879
-0.58816946
-0.71819252
-0.71096629
-0.64925337
-0.65738291
-0.68636334
-0.76669317
-0.70681721
-0.71346235
-0.75118148
-0.72780395
-0.68329078
-0.72799212
-0.76808470
-0.74389410
-0.82091725
-0.81643814
-0.97870678
-0.92780113
-0.84882760
-0.73358107
-0.76704723
-0.79193419
-0.84457451
-0.79163367
-0.82197404
-0.81810361
-0.96801680
-0.88732237
-0.85331595
-0.85686451
-0.87552619
-0.82234919
-0.76050133
-0.67342550
-0.69103432
-0.73651952
-0.74894142
-0.79102987
-0.71632522
-0.67934889
-0.83312547
-0.95120847
-0.88814288
-0.83302170
-0.75818676
-0.67429900
-0.67261350
-0.67366827
-0.59200299
-0.60628283
-0.63968951
-0.72095680
-0.65688986
-0.64868057
-0.70940113
-0.65136307
-0.56080008
-0.58797354
-0.60717148
-0.53000569
-0.54423064
-0.62655902
-0.72126454
-0.69916844
-0.71862990
-0.70267391
-0.70751786
-0.68753397
-0.70559996
-0.76511282
-0.81529957
-0.80566055
-0.79301596
-0.84099448
-0.91890460
-0.86013210
-0.82543683
-0.74866980
-0.75228655
-0.79180181
-0.79978639
-0.80777174
-0.82059735
-0.87434798
-0.93687844
-0.89727855
-0.91748911
-0.76518464
-0.78671610
-0.76291585
-0.67820966
-0.67906541
-0.72739333
-0.71449012
-0.73405987
-0.77493364
-0.73657978
-0.78606933
-0.85320705
-0.93561721
-0.90385467
-0.79484898
-0.66424513
-0.63458014
-0.63075882
-0.70978701
-0.60919988
-0.57198811
-0.66933161
-0.60390615
-0.60070068
-0.63108563
-0.74440384
-0.68081486
-0.63756603
-0.65361893
-0.64386159
-0.64807963
-0.73127717
-0.77411914
-0.73455888
-0.72150391
-0.64137352
-0.68854809
-0.63931251
-0.64141285
-0.71160179
-0.80054289
-0.84067428
-0.83377624
-0.79452389
-0.84966993
-0.85820526
-0.85380721
-0.77623200
-0.74978358
-0.74688751
-0.84321314
-0.85010338
-0.86868721
-0.93418169
-0.97183824
-0.97474313
-0.89713103
-0.82169741
-0.76424247
-0.76091278
-0.88104039
-0.82622522
-0.78872699
-0.76222801
-0.87076330
-0.91203696
-0.85871947
-0.78197062
-0.78566736
-0.79137242
-0.76761431
-0.79784697
-0.79142773
-0.69912070
-0.65870506
-0.69810659
-0.76264274
-3.28179073
-3.32039571
-3.34706688
-3.39841557
-3.45818782
-3.48483825
-3.45130873
-3.32839084
-3.15391159
-3.06420302
-3.06369710
-3.11557841
-3.12497497
-3.09235287
-3.13185334
-3.28665042
-3.29599404
-2.86364603
-2.27877617
-1.72132981
-1.28654659
-1.15007222
-1.33856714
-1.48580468
-1.61259317
-1.84329283
-2.15247393
-2.60766912
-3.12625504
-3.35856462
-3.27045536
-3.09980798
-3.05641294
-3.21317053
-3.38341331
-3.60226870
-3.71096039
-3.61138082
-3.49066257
-3.29044390
-3.17473245
-3.24809051
-3.13882732
-2.90573263
-2.72488999
-2.81693792
-3.06716013
-2.91301918
-2.78291154
-2.52629113
-2.40480494
-2.55731201
-2.56160641
-2.42757297
-2.30145931
-2.29313207
-2.35937166
-2.45955563
-3.49895144
-3.53325701
-3.55340290
-3.60613322
-3.64896846
-3.64777517
-3.54995251
-3.32288814
-3.08325100
-2.96092367
-2.94347906
-3.00997138
-3.01270318
-2.99177885
-3.05747557
-3.21092629
-3.15335011
-2.67725158
-2.18297791
-1.67550051
-1.34994268
-1.36666036
-1.61342180
-1.79113138
-1.92387390
-2.08115435
-2.29494119
-2.69740963
-3.14930487
-3.33981919
-3.19265318
-2.93844199
-2.80384445
-2.89907789
-3.05211210
-3.31370497
-3.47286868
-3.42660737
-3.31805277
-3.12587833
-3.06912947
-3.17257500
-3.05864692
-2.83193946
-2.60590076
-2.68635082
-2.98615289
-2.87674785
-2.75239158
-2.47924614
-2.31758499
-2.42372561
-2.37620354
-2.17987943
-2.05968070
-2.11756706
-2.22500944
-2.35156322
-3.73908830
-3.75638223
-3.76414108
-3.79820466
-3.82212067
-3.77609873
-3.57486200
-3.26024008
-2.98111963
-2.82524657
-2.80175376
-2.87726021
-2.89554071
-2.83522201
-2.82392335
-2.89249134
-2.81622195
-2.43299675
-2.08264303
-1.70313990
-1.50696409
-1.60733509
-1.76743555
-1.86667895
-1.92876291
-2.00281501
-2.21324539
-2.62364364
-3.05988622
-3.23690796
-3.06689835
-2.80916452
-2.64789677
-2.68222761
-2.86031938
-3.15792847
-3.30578303
-3.26125598
-3.19308805
-3.06000185
-3.08787251
-3.16731381
-3.00645494
-2.76442289
-2.50313497
-2.62448144
-2.97847271
-2.87700558
-2.73455286
-2.41388130
-2.17465591
-2.22805023
-2.18891239
-1.99974179
-1.90178394
-1.94026566
-1.99099028
-2.12355518
-3.87206984
-3.86570191
-3.87606525
-3.90072989
-3.90816331
-3.82715368
-3.56627512
-3.24923372
-2.98690915
-2.83566618
-2.82595372
-2.93238783
-2.91866040
-2.79312253
-2.73186541
-2.74194551
-2.64787936
-2.32993770
-2.06123686
-1.76297450
-1.66818392
-1.77436543
-1.84214115
-1.82661629
-1.85616779
-1.96372640
-2.16210651
-2.50909567
-2.90738201
-3.08173203
-2.96987891
-2.76375413
-2.59881091
-2.60362315
-2.79228687
-3.07312584
-3.18051529
-3.18176699
-3.13467121
-3.07709479
-3.14518952
-3.15662146
-2.98016429
-2.74797702
-2.54205179
-2.75467396
-3.07816553
-2.88859057
-2.67329192
-2.32066393
-2.06675768
-2.17264462
-2.17946506
-2.00541210
-1.89974594
-1.91449344
-1.93447447
-2.01281667
-3.86833978
-3.85023904
-3.86768603
-3.88677883
-3.87396836
-3.77347422
-3.53046727
-3.25183749
-3.04329371
-2.90696192
-2.90661883
-2.98620343
-2.97021723
-2.87477660
-2.75691032
-2.67144847
-2.56940007
-2.39613175
-2.19913363
-1.95979583
-1.94961405
-2.05262780
-2.09177017
-2.02010703
-1.99107409
-2.08339286
-2.19806576
-2.49176288
-2.83721638
-3.01561308
-2.96088767
-2.81380653
-2.66518712
-2.69006252
-2.89947081
-3.15131927
-3.20998335
-3.21001935
-3.15670872
-3.17369699
-3.28150415
-3.25189829
-3.07490754
-2.83436537
-2.68635368
-2.91565037
-3.17692113
-2.86544418
-2.61408162
-2.29239726
-2.08476305
-2.22713733
-2.28922105
-2.18205905
-2.10217786
-2.08624601
-2.04342651
-2.06217551
-3.75217915
-3.73354769
-3.74969935
-3.76426220
-3.75299454
-3.66483927
-3.46418452
-3.26484847
-3.11869502
-3.00710154
-3.02918935
-3.08934832
-3.05066037
-2.93788075
-2.81272459
-2.72196174
-2.68185711
-2.61763358
-2.46505165
-2.29403591
-2.28612399
-2.34676933
-2.33455634
-2.20929599
-2.16828275
-2.28169274
-2.43666124
-2.63040209
-2.89208102
-3.06115603
-3.05218959
-2.96514750
-2.87728453
-2.95293641
-3.17042255
-3.34191799
-3.34438658
-3.27698970
-3.23279023
-3.32328272
-3.41639113
-3.32380557
-3.13480973
-2.89491940
-2.81360030
-3.09650707
-3.24590802
-2.84888291
-2.55861998
-2.23863602
-2.09770083
-2.33007526
-2.42687178
-2.36155367
-2.29098034
-2.25534296
-2.16232634
-2.10962152
-3.57229900
-3.54730415
-3.56205702
-3.58603168
-3.59772611
-3.54754543
-3.43296671
-3.33323884
-3.23763657
-3.17344165
-3.20712352
-3.22335362
-3.19419837
-3.11849332
-3.04549026
-2.97904420
-2.98896194
-3.00110817
-2.87173796
-2.64804149
-2.53746653
-2.58847451
-2.59886670
-2.56726551
-2.54096460
-2.59986806
-2.72607660
-2.82133365
-2.97456121
-3.11049342
-3.13606048
-3.06310844
-3.04624200
-3.17140269
-3.38691401
-3.50286007
-3.43484545
-3.31140995
-3.27620006
-3.37210155
-3.39529014
-3.23278165
-3.07728720
-2.90674853
-2.93993115
-3.21732736
-3.21939659
-2.76063156
-2.48198271
-2.18354225
-2.11679482
-2.41632104
-2.49810648
-2.48049235
-2.46982479
-2.43049288
-2.30142713
-2.25187302
-3.40044475
-3.37015462
-3.36762953
-3.39688206
-3.41644597
-3.41701579
-3.38230038
-3.33758545
-3.28315806
-3.22008324
-3.22103667
-3.22684669
-3.21966982
-3.18920302
-3.18070102
-3.24984241
-3.38328314
-3.41346860
-3.19878983
-2.96419263
-2.83796263
-2.87088442
-2.93042612
-2.94406271
-2.87775517
-2.89109921
-2.97093201
-2.98116612
-3.02119064
-3.09125137
-3.07103562
-3.03512788
-3.16016865
-3.40542650
-3.62113619
-3.64846396
-3.47091770
-3.27090240
-3.22727609
-3.28736115
-3.21666193
-3.01707864
-2.90525579
-2.77372980
-2.88221955
-3.07749152
-2.95233345
-2.53987241
-2.34081721
-2.08536649
-2.08150673
-2.36089587
-2.39691234
-2.40457273
-2.41084647
-2.39443898
-2.28413010
-2.23717928
-3.23583198
-3.18157792
-3.17799640
-3.22696710
-3.27159691
-3.30641818
-3.29990673
-3.26432228
-3.18847656
-3.07950950
-3.07292581
-3.09153843
-3.09160829
-3.09803104
-3.20810890
-3.41954899
-3.59852719
-3.47205615
-3.20251155
-3.01884103
-2.92327857
-3.00742960
-3.04419994
-3.03336549
-2.97235203
-2.99717736
-3.03708982
-3.00926042
-2.96868563
-2.97202420
-3.00997019
-3.13611555
-3.39445972
-3.64274883
-3.78391290
-3.69473386
-3.36272430
-3.05830884
-2.96292448
-2.97517180
-2.83998799
-2.67659402
-2.56761909
-2.47767472
-2.62079668
-2.75325513
-2.60241747
-2.30739856
-2.16365838
-1.98823977
-2.00923562
-2.20037556
-2.19356513
-2.16987562
-2.17631149
-2.16846633
-2.08943033
-2.06593704
-2.96669006
-2.90433979
-2.90199542
-2.95163774
-2.99644494
-3.02164364
-3.01657057
-2.96511364
-2.86577511
-2.74928045
-2.74410319
-2.74660349
-2.74988961
-2.85115695
-3.11622405
-3.49412417
-3.59689498
-3.25536108
-2.94620442
-2.73292136
-2.78272009
-2.88769603
-3.01069570
-3.00984955
-3.09626508
-3.20787072
-3.25616431
-3.12844396
-3.01172066
-2.96853542
-2.98235369
-3.17151952
-3.55920005
-3.82025790
-3.83103585
-3.54379940
-3.04984474
-2.69171882
-2.57460475
-2.58240175
-2.45579433
-2.36174917
-2.27476001
-2.23286438
-2.39259553
-2.43721557
-2.26838183
-2.07994676
-1.99146903
-1.87878835
-1.89522886
-1.99068356
-1.97057116
-1.95182097
-1.94569528
-1.94050384
-1.91478550
-1.90299809
-2.63383651
-2.58537292
-2.58753800
-2.63417315
-2.65374756
-2.65379238
-2.64363980
-2.58271599
-2.49688244
-2.44002771
-2.47542381
-2.50699139
-2.54848170
-2.79587436
-3.19577932
-3.51961589
-3.27577138
-2.82192421
-2.50715232
-2.38179469
-2.43286800
-2.77148366
-3.06191921
-3.28006768
-3.42745948
-3.44743896
-3.24977708
-2.98153567
-2.77957487
-2.75048351
-2.85295057
-3.22931027
-3.69143820
-3.78991461
-3.62136889
-3.17065263
-2.66152334
-2.33371997
-2.22486997
-2.26584601
-2.19625187
-2.17463446
-2.09145808
-2.05956674
-2.15569544
-2.10477471
-1.97370613
-1.90532649
-1.85003245
-1.76210904
-1.74966562
-1.76737010
-1.73994124
-1.74678564
-1.72672701
-1.73858893
-1.74948084
-1.72833157
-2.36608386
-2.35860205
-2.38606358
-2.43239117
-2.40635657
-2.37495780
-2.33818960
-2.28000546
-2.23286295
-2.24078679
-2.29114819
-2.32801867
-2.45267034
-2.81660128
-3.27711606
-3.30946136
-2.79303885
-2.24831700
-2.03839684
-1.95014632
-2.26287127
-2.81131196
-3.11473107
-3.30630136
-3.37249017
-3.23133445
-2.87202334
-2.49030209
-2.42356944
-2.57740998
-2.84607720
-3.26467609
-3.49677014
-3.47052526
-3.17144132
-2.72852206
-2.31526160
-2.05135012
-2.01035905
-2.08070230
-2.11077976
-2.13304210
-2.06899786
-2.02468514
-2.04874444
-1.94939017
-1.86651385
-1.85168695
-1.81432927
-1.72867012
-1.71339619
-1.70833969
-1.72296858
-1.73502016
-1.68773174
-1.67148864
-1.68956637
-1.71539819
-2.13119555
-2.16156554
-2.19567251
-2.19308996
-2.13606906
-2.07084370
-2.01594543
-1.98109460
-1.97683537
-2.03853869
-2.10103631
-2.15346813
-2.37985063
-2.90046859
-3.32206964
-3.06469178
-2.33792329
-1.81841278
-1.72976363
-1.78310978
-2.26398492
-2.76628399
-3.10045338
-3.37322378
-3.44837999
-3.31866503
-3.01030922
-2.74362707
-2.33083487
-2.48534703
-2.84378171
-3.21137714
-3.24374294
-3.05113554
-2.74623084
-2.39492035
-2.06948042
-1.93862486
-1.97234654
-2.07448149
-2.15418196
-2.21925998
-2.19331527
-2.15788269
-2.12783861
-2.03412962
-1.96592283
-1.98388457
-1.96065831
-1.91081738
-1.92045212
-1.95114732
-1.98826671
-1.96346128
-1.87404323
-1.87538123
-1.88250530
-1.90707815
-2.07413197
-2.13308144
-2.16352749
-2.14446139
-2.07011461
-1.99094689
-1.94988596
-1.95811844
-1.98602235
-2.04473472
-2.09988689
-2.16287613
-2.49977970
-3.06922460
-3.15533400
-2.59984565
-1.91017532
-1.58877456
-1.47330999
-1.79853094
-2.43379331
-2.78157878
-3.14851284
-3.40391994
-3.57819986
-3.42949915
-2.91785622
-2.44485736
-2.29433513
-2.44752765
-2.66911960
-2.85553646
-2.85148835
-2.60545945
-2.42212439
-2.20796990
-2.02385545
-1.99835181
-2.04008842
-2.10419345
-2.22975588
-2.32523799
-2.33798289
-2.30773163
-2.26922584
-2.19943857
-2.18701196
-2.22674727
-2.21868992
-2.18440342
-2.21027803
-2.26343060
-2.31114554
-2.29800701
-2.21167207
-2.16045499
-2.10843325
-2.13278747
-2.21280885
-2.29855299
-2.33392787
-2.32983661
-2.24046183
-2.12998509
-2.08131385
-2.07395911
-2.06730008
-2.09984040
-2.12488747
-2.20470881
-2.67807841
-3.15715027
-2.95378852
-2.20288205
-1.63573289
-1.41422224
-1.48469138
-2.16338563
-2.65884566
-2.89302564
-3.18726468
-3.34710026
-3.31150627
-2.85867524
-2.35775232
-2.17584777
-2.27652240
-2.46608567
-2.47721267
-2.60571599
-2.47756553
-2.28352165
-2.24854994
-2.22558594
-2.18035269
-2.21264267
-2.23032284
-2.26845050
-2.37771559
-2.48591518
-2.51130533
-2.48955655
-2.44570899
-2.39886379
-2.41790223
-2.45875311
-2.47408509
-2.46172357
-2.49206042
-2.58232641
-2.64503646
-2.63353920
-2.51575470
-2.43195534
-2.37415147
-2.40864873
-2.42323041
-2.50052547
-2.52978992
-2.50661945
-2.39226389
-2.26105332
-2.19540071
-2.16501331
-2.14610934
-2.15353990
-2.11873317
-2.23475957
-2.82173109
-3.17566013
-2.77302766
-1.99783552
-1.53544736
-1.32975292
-1.71909201
-2.49179268
-2.90005350
-3.11884236
-3.07725811
-3.00588703
-3.02696800
-2.76975560
-2.37721252
-2.32305002
-2.37428117
-2.38200259
-2.34243870
-2.35306025
-2.23795676
-2.21764207
-2.28481674
-2.38525319
-2.44421721
-2.48657036
-2.49204326
-2.47713733
-2.53331780
-2.61115074
-2.65588999
-2.66416621
-2.61951113
-2.59587955
-2.64144731
-2.69133306
-2.72931170
-2.72444463
-2.78520155
-2.85504556
-2.88752890
-2.87547541
-2.78224373
-2.68433475
-2.62089109
-2.64058852
-2.63736415
-2.68360996
-2.69333696
-2.65147924
-2.55134368
-2.43184996
-2.36793780
-2.32709336
-2.27175641
-2.24835563
-2.15929031
-2.32685256
-2.93904042
-3.13186646
-2.49326468
-1.81757259
-1.36323082
-1.28568482
-2.07100654
-2.73762655
-3.05842519
-3.06333709
-2.86687398
-2.85522199
-3.02114058
-2.70975494
-2.28408837
-2.06579638
-1.99636424
-2.11722612
-2.20309687
-2.20222926
-2.10098815
-2.16550088
-2.36387706
-2.49209619
-2.60268044
-2.68346190
-2.69429946
-2.65446019
-2.66797161
-2.71155620
-2.76685357
-2.78546619
-2.75563359
-2.74505901
-2.79654121
-2.84380293
-2.87544036
-2.86510158
-2.92157006
-2.95853066
-2.96977305
-2.94400454
-2.86663342
-2.78993130
-2.77634239
-2.78345346
-2.80841208
-2.81729317
-2.80549169
-2.74956870
-2.67339969
-2.58200812
-2.54206371
-2.51846838
-2.44708323
-2.40777516
-2.32390952
-2.56701541
-3.14670944
-3.15784287
-2.45522404
-1.78842795
-1.31243217
-1.37572455
-2.32767320
-2.86476111
-3.15535426
-3.14265919
-2.92304039
-2.99766660
-2.74690366
-2.12253141
-1.70687938
-1.97015476
-2.10684228
-2.28364849
-2.27151275
-2.10638022
-1.98975456
-2.16408348
-2.43532372
-2.56350660
-2.72297835
-2.84756398
-2.88117266
-2.84598279
-2.83359814
-2.80835509
-2.84697747
-2.85787725
-2.83983874
-2.82841063
-2.87689281
-2.91440225
-2.91460085
-2.89904404
-2.94001842
-2.95040894
-2.92875528
-2.93992066
-2.90651321
-2.85748172
-2.85464263
-2.85628200
-2.91778421
-2.89433074
-2.86320400
-2.82236123
-2.77539039
-2.70137858
-2.67812228
-2.65792704
-2.57746243
-2.55354023
-2.49709678
-2.84078336
-3.33463359
-3.22787476
-2.48465323
-1.75653708
-1.30806196
-1.50282955
-2.43926692
-3.00514531
-3.32430959
-3.23110485
-2.77235937
-2.36648488
-2.12827373
-1.72275293
-1.76652610
-1.89068377
-1.91111314
-1.94465423
-2.10458231
-1.95890260
-2.09758115
-2.23241520
-2.46157765
-2.65046740
-2.84918451
-2.95133471
-2.96669292
-2.91897202
-2.88394165
-2.83732486
-2.87344980
-2.90031123
-2.88812470
-2.87434888
-2.89967918
-2.92686152
-2.91582274
-2.87901402
-2.88626289
-2.89271092
-2.89899921
-2.91919613
-2.87979150
-2.83693433
-2.85323668
-2.86448669
-2.96710277
-2.92840838
-2.88026810
-2.85537171
-2.83046269
-2.77956152
-2.77924752
-2.76616669
-2.70618987
-2.69116187
-2.66611576
-3.05968094
-3.47399402
-3.27728748
-2.53334928
-1.74777794
-1.34803510
-1.62213397
-2.53807354
-3.15061212
-3.34844732
-3.07098007
-2.35172725
-2.21423602
-2.05243301
-1.90294945
-1.86402297
-1.78005373
-1.74719012
-2.04643989
-2.33978748
-2.20019293
-2.22106266
-2.37118101
-2.49492764
-2.79077506
-2.90858197
-2.93313670
-2.93357396
-2.90297842
-2.88820624
-2.85216761
-2.89451694
-2.92958641
-2.92818236
-2.91028309
-2.90695190
-2.90585232
-2.86299109
-2.84829235
-2.88106966
-2.90698647
-2.90017366
-2.88147593
-2.83647013
-2.81625247
-2.87126923
-2.89969254
-2.96095395
-2.90398598
-2.85271549
-2.86040711
-2.86857367
-2.86428189
-2.87620616
-2.83823705
-2.78392935
-2.78709316
-2.83446622
-3.26882243
-3.65208769
-3.36857080
-2.59013605
-1.75909603
-1.39313233
-1.71356022
-2.49155951
-3.02069235
-3.38895035
-3.20923829
-2.62937570
-2.49815059
-1.85115826
-1.66492581
-1.99122202
-1.97474563
-2.08649802
-2.40959215
-2.54046202
-2.25938749
-2.44015431
-2.47260165
-2.56440544
-2.83503604
-2.91424489
-2.92830849
-2.92752838
-2.92198300
-2.90898919
-2.88771176
-2.94235516
-2.98349357
-2.99720407
-2.98058748
-2.95968628
-2.92991662
-2.86405349
-2.86993742
-2.90444064
-2.92098236
-2.91854405
-2.90679693
-2.87280869
-2.87275243
-2.91430616
-2.90658736
-2.93352842
-2.88134384
-2.85179472
-2.88974690
-2.92394900
-2.93993688
-2.93017483
-2.86664009
-2.81733584
-2.85319591
-2.93426991
-3.39470148
-3.74352574
-3.39905357
-2.61322832
-1.80252147
-1.45317280
-1.80198145
-2.55171824
-3.12278843
-3.46991253
-3.11659980
-2.43995190
-1.99343753
-1.50175595
-1.78849018
-2.23623991
-2.17707324
-2.22563887
-2.47857380
-2.60216522
-2.54169679
-2.67057180
-2.55390525
-2.59411669
-2.84384775
-2.90423203
-2.91939545
-2.92279720
-2.91484642
-2.93483758
-2.96462131
-3.02287030
-3.06143999
-3.07379198
-3.06717277
-3.02020073
-2.95157886
-2.86961055
-2.85609889
-2.87282991
-2.88931108
-2.89699173
-2.89144135
-2.86250877
-2.85987568
-2.88484049
-2.88753414
-2.91653633
-2.90077305
-2.88915944
-2.93501163
-2.96561646
-2.96150136
-2.95327401
-2.90042853
-2.85832477
-2.89873791
-2.99645352
-3.46969795
-3.76136780
-3.35803890
-2.59732342
-1.88846433
-1.57101393
-1.95324147
-2.63252950
-3.09280181
-3.26718998
-2.92216921
-2.52038860
-2.21011043
-1.90202260
-1.93181801
-1.93841040
-2.07959914
-2.37644482
-2.73212337
-2.74632812
-2.67578030
-2.69050121
-2.48592591
-2.61087275
-2.88244629
-2.89390516
-2.87894940
-2.87888575
-2.90692878
-2.97397041
-3.04588294
-3.08985353
-3.10731316
-3.09940267
-3.07368422
-2.99707961
-2.90324306
-2.82086301
-2.82159448
-2.85475349
-2.87399721
-2.85186362
-2.83506966
-2.84003901
-2.90612245
-2.95294070
-2.94543672
-2.92840672
-2.91767311
-2.90804911
-2.96884036
-2.99802566
-2.99529529
-2.98106980
-2.93999672
-2.91600060
-2.94670463
-3.06251240
-3.48547578
-3.72235107
-3.27661371
-2.63255477
-2.01366973
-1.70621109
-2.04922628
-2.68772459
-3.13638401
-3.41396141
-3.31771159
-3.06744790
-2.53787684
-2.06551075
-1.83755767
-1.75883508
-1.99605751
-2.44202900
-2.62567544
-2.56366158
-2.61877275
-2.63601208
-2.49606371
-2.65355778
-2.89941621
-2.84453988
-2.82799864
-2.86339760
-2.90092516
-2.98114157
-3.04728103
-3.07299256
-3.05744505
-3.03437567
-3.01157689
-2.93104196
-2.85456753
-2.79358053
-2.80718970
-2.84799862
-2.84448004
-2.79689550
-2.80697083
-2.87045217
-2.96936607
-2.98990989
-2.92916608
-2.92364502
-2.91664982
-2.93819475
-3.00636315
-3.02824163
-3.01356101
-2.99212146
-2.97216368
-2.94772553
-2.97607112
-3.06605434
-3.40483451
-3.54953623
-3.11995697
-2.61348653
-2.06648564
-1.81994116
-2.15334845
-2.71187758
-3.10576200
-3.34438920
-3.30640888
-3.05141139
-2.54994822
-2.09121203
-1.78101933
-1.67842054
-1.96758795
-2.34454489
-2.57938123
-2.60844231
-2.68304777
-2.60476589
-2.42486930
-2.71890497
-2.83610845
-2.77091408
-2.79343700
-2.85873461
-2.91902828
-2.94797134
-2.99483800
-2.99068618
-2.97277617
-2.95670247
-2.91446447
-2.83176327
-2.79824996
-2.74938226
-2.75746465
-2.80169916
-2.78693247
-2.78469515
-2.81276488
-2.88742042
-2.94711971
-2.94946551
-2.86509252
-2.91757393
-2.92897582
-2.93157864
-2.96089315
-2.95422506
-2.93541431
-2.91599321
-2.89879227
-2.91073823
-2.94011688
-2.99828053
-3.27473450
-3.33495283
-2.97152758
-2.63013983
-2.14503717
-1.96747065
-2.30848694
-2.64066410
-2.93076253
-3.22610760
-3.29744244
-3.15735006
-2.65831327
-2.00650358
-1.63753855
-1.61623490
-1.87059605
-2.24918771
-2.51364899
-2.49687529
-2.56986499
-2.42970967
-2.45244145
-2.70755267
-2.71961093
-2.72320366
-2.78189373
-2.83696294
-2.83720326
-2.91441989
-2.98854637
-2.99853730
-2.95641398
-2.89618564
-2.83161783
-2.77788210
-2.77320290
-2.75811720
-2.79756045
-2.84632444
-2.86328650
-2.85389686
-2.86458850
-2.93340158
-3.01320553
-3.00311518
-2.92826986
-2.82794166
-2.86858749
-2.89143682
-2.91582966
-2.95332241
-2.98255658
-2.94688249
-2.87735939
-2.91013408
-2.93008256
-2.97249818
-3.19441938
-3.15385056
-2.85888433
-2.58887935
-2.16242933
-2.09490919
-2.37893581
-2.51557517
-2.86230445
-3.19886494
-3.28955078
-3.20813560
-2.71579123
-2.07939243
-1.67511714
-1.56584489
-1.84033084
-2.18744993
-2.42412686
-2.46029401
-2.56080198
-2.40508151
-2.47759032
-2.65832043
-2.61879253
-2.63827968
-2.68759418
-2.73103976
-2.77695298
-2.86811805
-2.92566061
-2.91960955
-2.92457795
-2.90470433
-2.83137631
-2.78107810
-2.77660990
-2.80432177
-2.85230684
-2.90967107
-2.89527726
-2.87569904
-2.87387013
-2.92928505
-2.97339869
-2.94933629
-2.87935090
-2.72641659
-2.80602288
-2.85907578
-2.91313624
-2.97378612
-2.99415421
-2.91744971
-2.83145642
-2.80845761
-2.79501987
-2.83232665
-3.00159025
-2.92034459
-2.77368188
-2.58453774
-2.24702311
-2.24877977
-2.38217568
-2.40557027
-2.71947408
-3.02162981
-3.20044732
-3.20460510
-2.72184920
-2.04417014
-1.67111385
-1.71789265
-2.03535032
-2.37407207
-2.57954121
-2.62199497
-2.54414511
-2.40788865
-2.47267318
-2.49292159
-2.43891048
-2.50225830
-2.61904907
-2.63305807
-2.68859553
-2.76809716
-2.82313204
-2.87186217
-2.95565391
-2.94199991
-2.85434079
-2.79970622
-2.76862311
-2.78822279
-2.81629968
-2.85278916
-2.84067082
-2.82363510
-2.78928566
-2.79291153
-2.78547931
-2.74359870
-2.71921444
-2.59005976
-2.63243484
-2.70317936
-2.73246455
-2.78345585
-2.78175402
-2.67444515
-2.56472445
-2.50230575
-2.46280313
-2.51304293
-2.71914959
-2.75704789
-2.79353023
-2.64001322
-2.39766431
-2.34519982
-2.31698179
-2.23094940
-2.46771836
-2.74427533
-2.87909222
-2.94145632
-2.66305757
-2.07160258
-1.75817144
-1.82537127
-2.14917159
-2.54353595
-2.65816808
-2.65053582
-2.55046892
-2.33234763
-2.22337627
-2.25598073
-2.31138802
-2.43575668
-2.49780846
-2.49787188
-2.55320215
-2.66798997
-2.75515771
-2.84866238
-2.94282269
-2.89862084
-2.78011608
-2.75447249
-2.74655271
-2.75602484
-2.75900221
-2.74368691
-2.68760848
-2.64911771
-2.61997867
-2.63636637
-2.65189791
-2.65396214
-2.66760802
-2.35094452
-2.36969376
-2.47571754
-2.53908157
-2.56622100
-2.52360702
-2.41510725
-2.29266381
-2.21258855
-2.15308166
-2.27129626
-2.56706357
-2.66798878
-2.76812935
-2.64384508
-2.44571233
-2.27073765
-2.18413353
-2.06347203
-2.26309061
-2.48507023
-2.67459416
-2.96344471
-2.80679226
-2.16539240
-1.84698725
-1.74959886
-2.01804757
-2.47698498
-2.64072371
-2.63913107
-2.46200705
-2.23132038
-2.19357920
-2.22966242
-2.24045086
-2.34340549
-2.34864974
-2.33951259
-2.42700744
-2.56401753
-2.63102221
-2.67987847
-2.75948858
-2.68899441
-2.66077995
-2.69561529
-2.69697261
-2.64721107
-2.62896204
-2.57212806
-2.45871401
-2.38151813
-2.36940193
-2.41069317
-2.44188309
-2.43910217
-2.46284699
-2.13851309
-2.12999606
-2.25693703
-2.30892515
-2.31155968
-2.22151804
-2.09762383
-1.99765217
-1.95156646
-1.87737191
-2.06975460
-2.41844964
-2.59054708
-2.72723126
-2.67982340
-2.46444821
-2.28081250
-2.14101744
-1.97043741
-2.20106363
-2.47619176
-2.83822870
-3.19115806
-2.89446735
-2.27753496
-2.05334902
-1.84958756
-2.10588837
-2.70384741
-2.78939390
-2.72750711
-2.44296479
-2.19030142
-2.10932517
-2.07870269
-2.16166449
-2.28874445
-2.32608151
-2.31379294
-2.36140037
-2.40933394
-2.43492866
-2.47855282
-2.52946353
-2.52407718
-2.53553677
-2.57162690
-2.53038406
-2.52481389
-2.47031260
-2.42003965
-2.35709095
-2.34330392
-2.38100863
-2.32081580
-2.26361704
-2.25876546
-2.29838610
-1.96103525
-1.93657172
-1.97607875
-2.00623608
-2.00926852
-1.92509413
-1.80022848
-1.70386744
-1.66403627
-1.63491607
-1.90062726
-2.35004783
-2.59189200
-2.74820971
-2.71854734
-2.49035931
-2.24172974
-2.03565502
-1.94417715
-2.14529085
-2.37485266
-2.77046704
-3.17023849
-2.84488845
-2.29321289
-2.18880987
-2.04296637
-2.40883660
-2.93951488
-2.98396111
-2.67314863
-2.26505661
-1.98711443
-1.94487798
-1.97718167
-2.11833620
-2.21872139
-2.24758673
-2.23138833
-2.26501656
-2.27522779
-2.31899595
-2.35366488
-2.34610939
-2.31241965
-2.35876918
-2.42578697
-2.41974378
-2.43491244
-2.39853549
-2.38560510
-2.40116000
-2.39089394
-2.42503285
-2.35336733
-2.31294155
-2.32854772
-2.37799549
-1.86712158
-1.80327368
-1.80477846
-1.84399486
-1.85970247
-1.74199307
-1.62128854
-1.57194066
-1.62405252
-1.67842770
-2.00350642
-2.41207695
-2.63659215
-2.79192567
-2.64604568
-2.33155394
-2.05850053
-1.98191214
-1.96705711
-2.10569358
-2.23826361
-2.66119051
-3.19579577
-2.96674895
-2.60086823
-2.32721519
-2.07340646
-2.27520370
-2.64462709
-2.57982874
-2.23047423
-2.01977515
-1.93248582
-1.82543623
-1.95912206
-2.04202819
-2.09509897
-2.16890216
-2.21552444
-2.21207452
-2.21880531
-2.27410173
-2.30990362
-2.28648210
-2.34719348
-2.47943139
-2.45329261
-2.41971636
-2.39405441
-2.29584908
-2.30776978
-2.36985326
-2.42988420
-2.50744009
-2.43906045
-2.40353847
-2.38570476
-2.41764712
-1.84318709
-1.86240864
-1.92241836
-1.95409501
-1.91642976
-1.88225174
-1.80364621
-1.79039741
-1.80860174
-1.79241574
-2.15736365
-2.47956872
-2.67040229
-2.84391570
-2.65410233
-2.39658904
-2.22746587
-2.21608043
-2.19178534
-2.31843400
-2.49995422
-2.76385427
-3.15802836
-3.18829370
-2.98642588
-2.41968656
-2.07542801
-2.17098713
-2.25830102
-2.15157342
-1.90985513
-1.84680462
-1.66680086
-1.71366620
-1.97314823
-2.04541516
-2.08436179
-2.14817429
-2.18765044
-2.14540982
-2.08986831
-2.16255641
-2.25679946
-2.33108282
-2.43319011
-2.48386621
-2.40565419
-2.36509323
-2.30402207
-2.23921728
-2.38863778
-2.53843927
-2.63438272
-2.66954708
-2.52045226
-2.44999719
-2.46713161
-2.56591105
-1.97743845
-2.04099154
-2.11656737
-2.09261799
-2.08638549
-2.12376904
-1.99295628
-1.93296707
-1.92159581
-1.91366363
-2.34796453
-2.58462238
-2.73165846
-2.89712977
-2.65839982
-2.45569372
-2.34220004
-2.32876158
-2.21591258
-2.32238746
-2.49420404
-2.56497455
-2.83724451
-2.90643406
-2.86588454
-2.52721477
-2.23275971
-2.24300241
-2.30581284
-2.05694818
-1.80367362
-1.65067005
-1.52940881
-1.72121513
-1.95249081
-2.03325963
-2.03301120
-2.06023192
-2.03998590
-1.95186627
-1.90914202
-2.03215218
-2.11765146
-2.23257804
-2.35685825
-2.37489438
-2.32717180
-2.36145329
-2.26572251
-2.27371335
-2.49056816
-2.61479568
-2.68926215
-2.70306778
-2.56992960
-2.61810160
-2.72966766
-2.81504297
-2.04526305
-2.11244822
-2.15628529
-2.12167549
-2.12788963
-2.13076115
-2.01018429
-1.98219180
-1.95448232
-1.99905419
-2.46502376
-2.65222621
-2.84837413
-2.94786954
-2.56589103
-2.39259124
-2.33794928
-2.30117583
-2.19065881
-2.28829598
-2.49720764
-2.47768807
-2.69621921
-2.80402303
-2.64089179
-2.42794347
-2.15460324
-2.02858639
-1.97343671
-1.81820297
-1.73781478
-1.61973357
-1.55953979
-1.72712266
-1.83153403
-1.89190853
-1.88143957
-1.89790821
-1.88242626
-1.82833517
-1.87689674
-1.98042023
-2.06870770
-2.19812751
-2.31719971
-2.35358548
-2.38538480
-2.39645076
-2.30570483
-2.35241032
-2.54023623
-2.63343477
-2.64737105
-2.73391438
-2.73092079
-2.85793948
-2.91536498
-2.98765635
-1.98931277
-2.02190113
-2.03802562
-2.09333992
-2.13009048
-2.11261368
-1.99487841
-1.89591813
-1.86140990
-1.99569142
-2.47380209
-2.65940666
-2.85949993
-2.88012981
-2.46393538
-2.40167618
-2.36093855
-2.31406474
-2.27468801
-2.46282411
-2.58478212
-2.59106159
-2.84780264
-2.78505588
-2.48798227
-2.24156189
-1.97262371
-1.86690629
-2.04270053
-2.12810445
-1.99386883
-1.83326495
-1.76990366
-1.81465399
-1.87687242
-1.87028277
-1.80489802
-1.75437629
-1.69129026
-1.70958090
-1.85617328
-1.92966712
-1.98458576
-2.12905145
-2.20758176
-2.22825980
-2.28206897
-2.30368042
-2.27778387
-2.36711955
-2.58067799
-2.62228966
-2.65646482
-2.74033713
-2.80028057
-2.88774276
-3.01959562
-3.07966852
-1.88333750
-1.87062204
-1.89491582
-1.97574055
-1.96372283
-1.89223683
-1.86857021
-1.85065949
-1.84572411
-2.02916074
-2.48148227
-2.63082123
-2.84792042
-2.79765582
-2.38302398
-2.37110090
-2.32833838
-2.29070830
-2.19908714
-2.25661993
-2.34094596
-2.41216588
-2.76991582
-2.65387702
-2.45119548
-2.20921350
-2.06203914
-2.13734460
-2.47531056
-2.49676228
-2.32014751
-2.16948247
-1.99543822
-1.91536701
-1.95429635
-1.91011894
-1.84073746
-1.86614060
-1.86795628
-1.81507659
-1.83960950
-1.89366734
-1.92314780
-2.00782061
-2.06249881
-2.12029624
-2.22463465
-2.28941512
-2.26642489
-2.35805392
-2.51922107
-2.59539080
-2.64028645
-2.67565536
-2.70125198
-2.78688645
-2.87194228
-2.86648417
-1.77217400
-1.67906785
-1.70353818
-1.76935315
-1.73549747
-1.72795630
-1.68701994
-1.69835222
-1.77006876
-2.01618147
-2.47548699
-2.64632511
-2.81552362
-2.69288754
-2.36915922
-2.41071463
-2.28261209
-2.20171046
-2.14939952
-2.10869646
-2.23323703
-2.54615188
-3.05563998
-3.00574517
-2.55941057
-2.28124857
-2.05893135
-2.22353029
-2.59207845
-2.65230131
-2.46704078
-2.33653498
-2.08249235
-2.03005385
-2.04806495
-2.04077196
-2.00405788
-2.00121808
-1.97013271
-1.97803676
-2.00818992
-1.98056293
-1.97241712
-2.01088142
-2.06164479
-2.12211990
-2.24856520
-2.33094168
-2.31277704
-2.48135400
-2.59924889
-2.57129145
-2.55111742
-2.57246733
-2.58050990
-2.64625955
-2.64900446
-2.53367257
-1.60733867
-1.57984269
-1.67146277
-1.73511100
-1.65763223
-1.66472650
-1.60435677
-1.61057007
-1.73762810
-1.97235692
-2.38050652
-2.57235050
-2.73637915
-2.66312432
-2.43149686
-2.49906325
-2.32921863
-2.15826368
-2.00721717
-1.99364889
-2.29831982
-2.74320722
-3.03362846
-2.64828086
-2.18864322
-1.92312706
-1.89447749
-2.21040273
-2.67371798
-2.77154779
-2.58687663
-2.45329499
-2.30155110
-2.29391193
-2.21942592
-2.13902569
-2.06104898
-2.07111502
-2.10754633
-2.18513322
-2.18189979
-2.15472698
-2.12711430
-2.08275175
-2.07375240
-2.12502337
-2.19988918
-2.28272390
-2.36031461
-2.45756841
-2.44477224
-2.40681219
-2.49620390
-2.52273679
-2.51315689
-2.49308276
-2.46261287
-2.40157604
-1.59234643
-1.64773107
-1.71650863
-1.66181254
-1.70117986
-1.78683376
-1.69895101
-1.67317474
-1.79375982
-1.93410134
-2.38129520
-2.67730689
-2.81156349
-2.71793389
-2.56522226
-2.53919268
-2.19486308
-1.89016235
-1.80335665
-2.01907778
-2.40493441
-2.98712301
-3.19768596
-2.77765417
-2.32730007
-2.16212678
-2.02510953
-2.34480667
-2.70534587
-2.67027330
-2.48638272
-2.37221479
-2.29653931
-2.31433177
-2.24498057
-2.23886180
-2.28252506
-2.27315474
-2.35067511
-2.39429903
-2.33161974
-2.23134589
-2.16977406
-2.10093188
-2.05845618
-2.08465099
-2.15289783
-2.20904946
-2.28277254
-2.33117867
-2.37845922
-2.44397330
-2.49749327
-2.40077639
-2.32625341
-2.30095315
-2.24989319
-2.22485280
-1.54316604
-1.66725969
-1.77857745
-1.80966270
-1.82626069
-1.83163357
-1.69967091
-1.63001883
-1.64742148
-1.83146203
-2.38633418
-2.71004891
-2.79431129
-2.74965763
-2.53158760
-2.32819271
-1.98010659
-1.71474838
-1.63980281
-1.88446605
-2.70528984
-3.32642937
-3.25951457
-2.85916424
-2.47134995
-2.13131380
-2.13198137
-2.49295783
-2.73102784
-2.63737416
-2.44785047
-2.37521815
-2.28966618
-2.20970130
-2.26466465
-2.27377939
-2.27202654
-2.31807733
-2.43678045
-2.42444134
-2.37194443
-2.28016257
-2.15912962
-2.02542615
-1.99125123
-2.04808617
-2.11526704
-2.13317680
-2.21609116
-2.34341598
-2.35089803
-2.34012532
-2.28422737
-2.25815201
-2.25692534
-2.21188211
-2.21998000
-2.28220701
-1.78406191
-1.85088801
-1.92300463
-1.90206552
-1.88005221
-1.88011706
-1.75882185
-1.68109512
-1.57254887
-1.74821091
-2.29042315
-2.63936234
-2.73147774
-2.67556834
-2.34124327
-2.05830956
-1.72228885
-1.41882300
-1.35578823
-1.76632392
-2.61389136
-2.89809728
-2.65395880
-2.27819991
-2.10481095
-1.95956111
-2.22589493
-2.71375155
-2.75319886
-2.63592172
-2.38172388
-2.26688290
-1.99749219
-2.01643038
-2.00727463
-2.07304454
-2.15146327
-2.27969956
-2.41752887
-2.38876629
-2.29395795
-2.15326071
-1.97248447
-1.87519991
-1.84546185
-1.89946008
-1.99518824
-2.04394746
-2.13041735
-2.18076849
-2.11750650
-2.12580657
-2.13219738
-2.16814446
-2.26155686
-2.28996754
-2.34678078
-2.33300877
-1.87104201
-1.85504282
-1.91563869
-1.90316916
-1.89851928
-1.92194617
-1.84377098
-1.73951221
-1.60596347
-1.75181937
-2.39618802
-2.74639940
-2.79452205
-2.69221473
-2.23612332
-1.91799748
-1.58863115
-1.24911153
-1.18901420
-1.65559459
-2.37892866
-2.59251714
-2.61787796
-2.35244012
-1.88226962
-1.86824751
-2.28540373
-2.69871545
-2.65263271
-2.40980554
-2.22908330
-1.92538881
-1.58528757
-1.63636863
-1.82248819
-2.04450464
-2.21124649
-2.24775696
-2.33206201
-2.22299671
-2.02565956
-1.92932320
-1.81595743
-1.71555018
-1.67537880
-1.77154171
-1.92214859
-1.96150970
-1.95452642
-1.96430779
-1.97987187
-2.00795150
-2.00259876
-2.11301827
-2.22971129
-2.21821046
-2.27808547
-2.27749848
-1.93131578
-1.96281052
-2.01013637
-1.97785378
-1.93461537
-1.87463403
-1.79263413
-1.75428522
-1.72165596
-1.86686122
-2.39393401
-2.69920897
-2.74513912
-2.67731452
-2.25061345
-1.96974087
-1.57584703
-1.20001960
-1.24524105
-1.76099658
-2.38603759
-2.80976605
-2.94652367
-2.60610628
-2.11268973
-2.08994246
-2.37056589
-2.55225515
-2.34373856
-2.12355328
-1.86855495
-1.56494534
-1.65946674
-1.88831496
-1.95331287
-1.97253275
-2.17107725
-2.09248233
-2.14251637
-2.08513951
-1.98516679
-1.90538347
-1.75052106
-1.55911517
-1.57605660
-1.63035548
-1.74249041
-1.80487800
-1.86827648
-1.86309493
-1.87728381
-1.89012349
-1.87407410
-1.92829216
-2.00142765
-2.11127377
-2.24957657
-2.23303032
-2.00001359
-1.99367428
-1.98189449
-1.85269749
-1.85596418
-1.92993665
-1.91836369
-1.96525943
-1.89241743
-1.96242523
-2.29935980
-2.65988898
-2.75273156
-2.80193734
-2.41438913
-2.05878448
-1.73268294
-1.31054413
-1.42879128
-1.67176378
-1.98538244
-2.50610876
-2.81074953
-2.63008142
-2.32106328
-2.22132254
-2.27753520
-2.17355323
-1.81656873
-1.62738550
-1.43737257
-1.53758585
-1.86347067
-1.93036854
-1.88429284
-2.02293420
-2.11531687
-2.02526784
-2.01793814
-1.94310415
-1.76823950
-1.70431316
-1.62462103
-1.56094980
-1.59612429
-1.60171556
-1.75438523
-1.88513231
-1.93918681
-1.85892987
-1.84785891
-1.85676622
-1.87414300
-1.92912388
-2.05204415
-2.16560173
-2.18985081
-2.07242608
-1.89077246
-1.90418696
-1.89557099
-1.87552118
-1.96483672
-2.03475380
-1.99366248
-2.05434442
-2.05896211
-2.09137058
-2.42099476
-2.83829188
-2.94572639
-2.91285276
-2.51117253
-2.03212690
-1.68761599
-1.25700867
-1.16666901
-1.33248758
-1.87827003
-2.70793962
-3.04528046
-3.10488701
-2.93590498
-2.59026933
-2.36487913
-2.01235294
-1.61621809
-1.38817942
-1.14359772
-1.27984190
-1.74470365
-2.05041623
-2.11514616
-2.21386194
-2.22451210
-2.02094221
-1.90050936
-1.78623688
-1.69092989
-1.72763157
-1.73636174
-1.70383835
-1.68751061
-1.72826946
-1.87365866
-1.96816397
-1.96215713
-1.99996412
-1.99942315
-2.04883909
-2.02754736
-2.01865172
-2.03991890
-2.04293466
-2.03285670
-2.08293891
-1.79642892
-1.86520171
-1.94904745
-1.94988787
-1.99694824
-2.02760386
-2.07613540
-2.09447122
-2.08633351
-2.05972862
-2.29743552
-2.60437965
-2.72482252
-2.77098966
-2.29097223
-1.78509760
-1.51412642
-1.01659310
-1.12211561
-1.75100052
-2.50650096
-3.31180668
-3.47888732
-3.47283578
-3.27372169
-2.88921547
-2.47874904
-1.84552264
-1.38363278
-0.96852964
-0.95843226
-1.36610305
-1.98063397
-2.21272755
-2.29967928
-2.23260188
-2.15022492
-2.04899359
-2.03899193
-1.94899905
-1.85474205
-1.86284935
-1.88856852
-1.77506053
-1.84367442
-1.84859836
-1.97555470
-1.98226583
-2.03804851
-2.13295388
-2.14027929
-2.13040018
-2.09688020
-1.98169732
-1.98336303
-1.97561097
-1.98653269
-1.97415590
-1.58694041
-1.68323410
-1.73905230
-1.77724528
-1.89004874
-1.97644424
-1.96643996
-1.94933629
-1.92417514
-1.78459144
-1.95468903
-2.20120001
-2.26555252
-2.35272646
-1.93279803
-1.47781456
-1.19225931
-0.77314025
-0.93516892
-1.45072079
-1.86230218
-2.44351840
-2.58118439
-2.82416344
-2.87808132
-2.49020076
-2.05615377
-1.35542357
-1.01602507
-0.76999950
-1.04507148
-1.51175296
-1.92507005
-2.15141082
-2.26331353
-2.23285127
-2.17778087
-2.23475432
-2.21437979
-2.10741949
-1.98338950
-2.01111579
-1.98440921
-1.88134682
-1.95953679
-2.01198769
-2.07139492
-1.96846664
-2.00723672
-2.05612826
-2.06056046
-2.03717351
-2.03164315
-1.96244204
-1.95481586
-1.90620708
-1.88870025
-1.92516649
-1.40027118
-1.48883080
-1.61268437
-1.78311694
-1.81441498
-1.82630742
-1.77165055
-1.78118777
-1.72939909
-1.51316059
-1.64859140
-1.75470316
-1.86087871
-1.86279833
-1.47954822
-1.23467588
-1.06322002
-0.72554636
-0.78928566
-1.16628730
-1.58694756
-2.28650045
-2.57442594
-2.91749692
-2.87352657
-2.39633393
-2.16901445
-1.45393336
-1.04042578
-0.90961730
-1.14001679
-1.53431499
-1.81144285
-1.97336400
-2.17425656
-2.24703789
-2.31788206
-2.35201216
-2.32588983
-2.19819546
-2.07776928
-2.04858041
-1.99081099
-1.87935674
-1.90826106
-1.99547720
-1.94364822
-1.84487092
-1.86356306
-1.90678406
-1.83519816
-1.88977695
-1.87740052
-1.77407086
-1.76692760
-1.80343509
-1.86486959
-1.92924035
-1.36021161
-1.51375735
-1.61127126
-1.67992032
-1.64240265
-1.61125898
-1.51783097
-1.48584151
-1.39784789
-1.28247476
-1.45777190
-1.52861536
-1.57600224
-1.56951869
-1.42769551
-1.22285831
-1.07077181
-0.80551249
-1.01432490
-1.36837459
-1.70490801
-2.19698191
-2.28639054
-2.56041193
-2.54258943
-2.32271409
-2.19002700
-1.49837935
-1.02693295
-1.02965450
-1.21913421
-1.47555363
-1.56335676
-1.75613570
-1.97164369
-2.10739899
-2.27937579
-2.33215570
-2.25487876
-2.15768147
-1.98881555
-1.88976622
-1.88680339
-1.83013618
-1.87221932
-1.84816837
-1.70566595
-1.61698794
-1.61544549
-1.56878173
-1.56481516
-1.64363015
-1.59707069
-1.55242181
-1.64897549
-1.70818591
-1.77769399
-1.79942489
-1.35746777
-1.43837142
-1.49427915
-1.53620768
-1.51824343
-1.46563303
-1.40590489
-1.29500413
-1.25657248
-1.28881145
-1.37408412
-1.26767290
-1.33481598
-1.54067123
-1.48291004
-1.38697207
-1.27666676
-1.12750924
-1.07230079
-1.12104154
-1.27035558
-1.62464547
-1.88734829
-2.20840502
-2.26515555
-2.15183449
-2.05086231
-1.34047830
-1.02488077
-1.01732528
-1.15384710
-1.27572203
-1.38505733
-1.54664707
-1.76981604
-1.95425403
-2.13893175
-2.13728428
-2.08814478
-2.01520658
-1.91173995
-1.82859945
-1.72262526
-1.63589096
-1.64616811
-1.56242704
-1.41890943
-1.35332978
-1.31954515
-1.27167976
-1.41512334
-1.54888475
-1.52452993
-1.46844447
-1.51265264
-1.59388208
-1.70141125
-1.78539526
-1.33450449
-1.47029698
-1.50466990
-1.54474962
-1.54151022
-1.42271161
-1.33103049
-1.33516872
-1.33076644
-1.34907448
-1.33649337
-1.36090934
-1.57658172
-1.84388101
-1.80072463
-1.74605322
-1.61047137
-1.47360742
-1.36564243
-1.37475002
-1.54503500
-1.88684833
-2.26938748
-2.52360392
-2.78743029
-2.71250916
-2.22818184
-1.69761169
-1.28094912
-1.12265253
-1.18060863
-1.35579729
-1.39884007
-1.61576939
-1.87581682
-1.93804753
-1.95293260
-1.90626585
-1.91020930
-1.87240374
-1.71233141
-1.58887291
-1.44869602
-1.46432161
-1.51493967
-1.53599083
-1.44718885
-1.40876782
-1.41037619
-1.50088084
-1.67125463
-1.62986398
-1.52063775
-1.43802893
-1.45401382
-1.52338195
-1.60494769
-1.71541476
-1.42589355
-1.57694817
-1.46789598
-1.46260679
-1.47696710
-1.40776670
-1.37738037
-1.28955150
-1.22805536
-1.30614173
-1.40349972
-1.61078107
-1.89680183
-2.11337399
-2.08770490
-2.04812646
-1.82636833
-1.63042521
-1.40628934
-1.38090014
-1.39326775
-1.72157335
-2.06693912
-2.43290973
-2.80208421
-2.72862339
-2.27151561
-1.69262397
-1.34862137
-1.21996665
-1.37881064
-1.47475517
-1.48040617
-1.59394014
-1.72916245
-1.72994614
-1.77840996
-1.65101159
-1.52401090
-1.46284056
-1.47010124
-1.46246707
-1.43594885
-1.42268145
-1.50815392
-1.62979746
-1.56602788
-1.49585915
-1.60029757
-1.72051573
-1.78900766
-1.72026849
-1.64317715
-1.49459112
-1.48484504
-1.52481818
-1.66724455
-1.74759936
-1.37275767
-1.48097324
-1.34857225
-1.58691156
-1.76836002
-1.70575237
-1.55600619
-1.41427755
-1.47375989
-1.46821523
-1.60105002
-1.78813481
-1.96443343
-2.06756830
-2.10364723
-1.91791403
-1.73631608
-1.48516262
-1.37827539
-1.48131728
-1.51148915
-1.71678114
-1.95515752
-2.30357337
-2.56821418
-2.45852327
-2.10661197
-1.72532964
-1.48846185
-1.49177480
-1.66013801
-1.73802567
-1.75058758
-1.80957735
-1.80484676
-1.80924165
-1.69050086
-1.45755887
-1.46118510
-1.64179671
-1.70332348
-1.60013545
-1.48404002
-1.53458619
-1.61101544
-1.77465093
-1.68745637
-1.59416890
-1.67209709
-1.87911201
-2.02385187
-2.08283639
-1.91927814
-1.67985046
-1.64268899
-1.62563348
-1.70338619
-1.73152280
-1.48522031
-1.54938173
-1.47185445
-1.74618733
-1.81574368
-1.64098942
-1.72270906
-1.53939795
-1.46900165
-1.41782713
-1.55497789
-1.76192701
-1.86986196
-1.93340194
-1.93658578
-1.83685529
-1.62625396
-1.46697724
-1.44037735
-1.46534061
-1.40794230
-1.49920821
-1.81705177
-2.21168733
-2.37968922
-2.35368490
-2.20262718
-1.92799461
-1.66415155
-1.85884356
-2.03674603
-2.07227063
-2.13202405
-2.09072375
-2.02904463
-2.06056762
-1.92148948
-1.80437124
-1.80258703
-1.92479491
-1.83430541
-1.68510926
-1.67989397
-1.73123062
-1.85085440
-2.00219440
-1.85367143
-1.78456020
-1.89722323
-2.06766438
-2.25927854
-2.23821211
-1.98909664
-1.76302910
-1.68314338
-1.60963142
-1.66728067
-1.71954179
-1.49714494
-1.42341137
-1.39268529
-1.74011290
-1.80938423
-1.62914920
-1.65367901
-1.39872658
-1.22455108
-1.26775205
-1.46290696
-1.62366796
-1.65960419
-1.78059101
-1.72663045
-1.60484719
-1.49262655
-1.35785353
-1.39231598
-1.39472985
-1.45295727
-1.64726210
-1.90924382
-2.06385970
-2.16271710
-2.11061430
-1.99707794
-1.79158831
-1.69691050
-1.95828295
-2.03310585
-2.11649632
-2.20496655
-2.15011764
-2.15772057
-2.17503953
-2.11795998
-2.05793810
-1.96955848
-2.02336526
-1.96483839
-1.76330054
-1.69284177
-1.75913262
-1.84284806
-1.93885207
-1.83545983
-1.85632038
-1.89444280
-1.95628273
-2.11107469
-2.18789434
-1.92483234
-1.77752995
-1.66997612
-1.60368168
-1.66579103
-1.71899354
-1.38339901
-1.39230859
-1.55038297
-1.91001391
-1.75319409
-1.54899514
-1.63464415
-1.41340733
-1.29332340
-1.38597298
-1.46383464
-1.45547283
-1.47159600
-1.49939024
-1.31349766
-1.22554290
-1.19689393
-1.23666739
-1.49313164
-1.66769779
-1.80505860
-1.89736903
-1.97294021
-1.99730313
-1.97256732
-1.85729945
-1.79439640
-1.69241750
-1.75885856
-2.00328755
-2.07379746
-2.12743020
-2.19361162
-2.18084025
-2.23606777
-2.22091556
-2.20363116
-2.24544120
-2.25972414
-2.17220736
-2.03032064
-1.89446533
-1.87094295
-1.83887613
-2.02111030
-1.96834767
-1.75104773
-1.70901132
-1.76662850
-1.95154834
-2.11144495
-2.05536175
-1.82513976
-1.69360328
-1.56194103
-1.55256236
-1.69698071
-1.71871996
-2.18364429
-2.21602654
-2.20254159
-2.21243739
-2.30127048
-2.43655157
-2.53577352
-2.47809267
-2.32067204
-2.18848825
-2.19245791
-2.30817819
-2.39921474
-2.29419374
-2.16655469
-2.21842337
-2.47875142
-2.55223393
-1.88336945
-1.16568172
-0.80659658
-1.00102794
-0.85957420
-0.92803752
-1.16723549
-1.24770117
-1.09273946
-1.39405501
-2.05322433
-2.56352162
-2.48955846
-2.16095138
-1.95490432
-2.07394242
-2.25841212
-2.41025019
-2.54429746
-2.66577888
-2.57171273
-2.35517788
-2.24718237
-2.41929674
-2.48427415
-2.32554936
-1.97529185
-1.73952878
-2.10318065
-2.53926706
-2.20690989
-1.62913322
-1.46535599
-1.97708762
-1.98685837
-1.75482452
-1.61298120
-1.59052920
-1.61311829
-1.73796833
-2.30870509
-2.33350492
-2.29908681
-2.32148838
-2.41576862
-2.55695724
-2.60614562
-2.49021673
-2.25687385
-2.09966087
-2.11729264
-2.26492739
-2.32889366
-2.23291612
-2.13290453
-2.18617845
-2.44061995
-2.47016597
-1.77299416
-1.07460821
-0.81937122
-1.07270539
-0.96448553
-1.05779541
-1.32940233
-1.43957055
-1.26655138
-1.48548734
-2.09345102
-2.58713078
-2.54458261
-2.17597699
-1.88982868
-1.96374071
-2.13832283
-2.31511021
-2.45913720
-2.63390493
-2.53609204
-2.28303027
-2.20878768
-2.38167214
-2.45141625
-2.26488519
-1.88896108
-1.66217995
-2.03938890
-2.50738883
-2.24288058
-1.62814713
-1.42127335
-1.92322659
-1.97229397
-1.68279397
-1.48229945
-1.45775473
-1.55111003
-1.69627166
-2.43658924
-2.44563222
-2.41815448
-2.44123578
-2.54423642
-2.66323638
-2.66899490
-2.48999023
-2.21000814
-2.03921747
-2.06912637
-2.21830797
-2.27947545
-2.23007727
-2.09706903
-2.09634614
-2.28052855
-2.33397627
-1.72034383
-1.10568500
-0.98894221
-1.24262333
-1.17175996
-1.21218073
-1.41101563
-1.50718904
-1.33678961
-1.53026080
-2.09465504
-2.54517484
-2.51703262
-2.17840147
-1.86795211
-1.88415420
-2.02478147
-2.21818709
-2.39824367
-2.56374073
-2.43801713
-2.20458603
-2.21346688
-2.39660358
-2.40489459
-2.15194249
-1.78231633
-1.65361583
-2.04145074
-2.51478648
-2.23739982
-1.59123373
-1.34980273
-1.86060297
-1.92730439
-1.63168192
-1.43263340
-1.42327762
-1.51884496
-1.62145996
-2.53732181
-2.53163123
-2.51598334
-2.53440428
-2.63701606
-2.71834683
-2.68675280
-2.45852637
-2.18751597
-2.03354692
-2.05705571
-2.17564750
-2.24193120
-2.23694539
-2.05117488
-2.00494194
-2.13820314
-2.21571946
-1.75025165
-1.24432254
-1.19711196
-1.43712223
-1.44325256
-1.37631881
-1.46225107
-1.51869953
-1.46283412
-1.61133778
-2.05740261
-2.42595100
-2.41949153
-2.17145061
-1.89033520
-1.83818054
-1.93835640
-2.12403560
-2.32672310
-2.44893074
-2.30145216
-2.15618491
-2.25343513
-2.43283606
-2.32273936
-2.02909827
-1.70969427
-1.77085185
-2.10619378
-2.53711247
-2.15337372
-1.51503944
-1.26350904
-1.82275116
-1.88005257
-1.60791397
-1.43029177
-1.42427158
-1.53577912
-1.53179288
-2.57268167
-2.55257535
-2.54564404
-2.56602597
-2.65876031
-2.69344544
-2.64145303
-2.40567279
-2.17198658
-2.05062485
-2.06066012
-2.10732627
-2.15973353
-2.20632148
-1.99893296
-1.88693476
-1.94847131
-2.07260013
-1.79007769
-1.39644825
-1.34591126
-1.55437982
-1.69161391
-1.53147089
-1.49881184
-1.49921954
-1.56252849
-1.67066872
-1.97882581
-2.25682616
-2.30052471
-2.17340469
-1.92901003
-1.84213996
-1.92227137
-2.14089656
-2.31035423
-2.32584596
-2.16098857
-2.15381169
-2.33211827
-2.47280622
-2.22700238
-1.92923272
-1.72535968
-1.92740345
-2.18436551
-2.52802038
-2.02067304
-1.43945086
-1.22006917
-1.79823172
-1.81501973
-1.60101843
-1.46355760
-1.46271431
-1.53125131
-1.43473744
-2.55462098
-2.52341223
-2.51882839
-2.54433966
-2.60951138
-2.61580014
-2.55233121
-2.34861445
-2.16956472
-2.07599497
-2.06980348
-2.07138515
-2.11554956
-2.15137911
-1.96101010
-1.82163858
-1.85349023
-1.99567056
-1.83651853
-1.52971876
-1.44149148
-1.61275899
-1.80038691
-1.60514450
-1.49038589
-1.46344483
-1.64743674
-1.74137700
-1.89609563
-2.10384297
-2.20829630
-2.20657039
-1.98250687
-1.88767374
-2.00445461
-2.25976372
-2.33887792
-2.20305276
-2.07077312
-2.17637753
-2.41634488
-2.43870640
-2.10897446
-1.83741748
-1.80539215
-2.06836939
-2.25052047
-2.46273518
-1.89204466
-1.35251248
-1.22912407
-1.79405570
-1.78111160
-1.62749171
-1.51483822
-1.52584124
-1.55039537
-1.37734461
-2.50290751
-2.45889783
-2.44760680
-2.47834873
-2.51586747
-2.52092528
-2.47497892
-2.33702064
-2.21444106
-2.14132023
-2.10007644
-2.08583331
-2.12889504
-2.16364908
-2.02523851
-1.86488783
-1.90599680
-2.03931499
-1.96291471
-1.65300703
-1.51270032
-1.66543365
-1.89015424
-1.74345899
-1.58797753
-1.57533514
-1.76332688
-1.82454395
-1.85584807
-2.00642896
-2.18293166
-2.26708889
-2.02935576
-1.99219823
-2.15968418
-2.47064304
-2.37415433
-2.13227630
-2.03517413
-2.21374583
-2.44501686
-2.32235765
-1.98448038
-1.78492320
-1.93644226
-2.15453506
-2.25822258
-2.32099104
-1.77240002
-1.30723929
-1.29453838
-1.77967036
-1.78023481
-1.65232372
-1.59535396
-1.63437879
-1.63880229
-1.42727995
-2.42531729
-2.36995077
-2.34277058
-2.37049460
-2.39844751
-2.42015028
-2.40811658
-2.32769203
-2.26236844
-2.19559503
-2.12237310
-2.10372448
-2.15225911
-2.20772433
-2.08929038
-2.00060749
-2.11875629
-2.25890112
-2.11596727
-1.72789431
-1.59039438
-1.80706692
-2.04451704
-1.93578887
-1.77147233
-1.78367245
-1.91600215
-1.96297359
-1.90032911
-2.00443554
-2.15736794
-2.24926686
-2.05332685
-2.14323568
-2.40533543
-2.64618659
-2.37777972
-2.08079815
-2.00417495
-2.23123813
-2.39691257
-2.17952585
-1.91610956
-1.78341746
-2.04680681
-2.14309692
-2.18693185
-2.15382814
-1.70080495
-1.31378055
-1.40600276
-1.74596846
-1.77925277
-1.68612933
-1.65550447
-1.71483696
-1.71799827
-1.52917504
-2.32370520
-2.24606180
-2.20571351
-2.23062277
-2.27306199
-2.32316303
-2.32950854
-2.29772258
-2.25276160
-2.17617917
-2.08557773
-2.08115458
-2.14760804
-2.19294810
-2.09543943
-2.13526440
-2.35129046
-2.45124173
-2.06499028
-1.68451786
-1.61348677
-2.06607866
-2.17292166
-2.11089492
-1.96100616
-1.99506557
-2.07373857
-2.08277249
-1.97558975
-1.99209154
-2.10430050
-2.18378758
-2.20480967
-2.35018659
-2.64314079
-2.69970751
-2.32561135
-2.00835395
-1.96375155
-2.17774558
-2.28416324
-2.04443312
-1.87108076
-1.82122529
-2.04236460
-2.06565380
-2.08138871
-2.00015235
-1.66727936
-1.35931504
-1.46350241
-1.67897797
-1.72016716
-1.66580772
-1.66620374
-1.71558261
-1.71353698
-1.58531773
-2.20462418
-2.12352943
-2.07329178
-2.09783649
-2.14339876
-2.19470000
-2.20123076
-2.18952799
-2.17069840
-2.10449028
-2.01483035
-2.02425528
-2.10031343
-2.09945726
-2.10057354
-2.27105331
-2.62625980
-2.42873693
-1.86569369
-1.53021789
-1.75253379
-2.21248198
-2.17305493
-2.13430953
-2.10001135
-2.18289661
-2.19080782
-2.14417338
-1.95396018
-1.88784444
-1.99108243
-2.09811592
-2.27387881
-2.53781366
-2.77236319
-2.61464834
-2.17569780
-1.88271916
-1.89188433
-2.06414676
-2.12258601
-1.92541552
-1.79974973
-1.80835593
-1.94804847
-1.93644547
-1.93183291
-1.83518231
-1.61668730
-1.39980471
-1.45793653
-1.55157256
-1.55532801
-1.54973018
-1.57893109
-1.60339105
-1.60487163
-1.54212856
-2.09555173
-2.02605915
-1.98391616
-2.00074697
-2.03442025
-2.06157851
-2.04798102
-2.03527164
-2.02654076
-1.97242737
-1.89562047
-1.92594492
-1.98351943
-1.97784483
-2.13771176
-2.45578694
-2.62585306
-2.10928822
-1.46204138
-1.41104996
-1.89599144
-2.15174174
-2.03980422
-2.23577213
-2.31182766
-2.40362382
-2.13410068
-1.93729675
-1.64945555
-1.61939943
-1.80294311
-2.08178878
-2.38687110
-2.64626503
-2.71886373
-2.41372800
-1.98352456
-1.77087009
-1.79936635
-1.90106416
-1.93007553
-1.82199895
-1.72139370
-1.74385631
-1.77408540
-1.74904335
-1.74469507
-1.67680907
-1.54968774
-1.46317232
-1.46541083
-1.45571339
-1.42447269
-1.45345581
-1.49513018
-1.47639060
-1.46622002
-1.44331443
-1.94289410
-1.90917182
-1.89658248
-1.91295552
-1.91686523
-1.89460850
-1.84817278
-1.84344184
-1.84262753
-1.80690396
-1.74470067
-1.77503121
-1.77823305
-1.86133146
-2.13587976
-2.55457187
-2.39214849
-1.55067229
-1.01941943
-1.34091961
-1.97447538
-1.99260461
-1.92351425
-2.28462458
-2.54337764
-2.41803789
-2.00658846
-1.68367183
-1.47059917
-1.57642651
-1.79703248
-2.19558764
-2.43552971
-2.54260755
-2.53616691
-2.21950150
-1.87226796
-1.70281053
-1.69616187
-1.73008764
-1.75654912
-1.75082338
-1.72377801
-1.70603621
-1.65994668
-1.62476313
-1.62716579
-1.58354414
-1.53633726
-1.52165556
-1.49354279
-1.41941583
-1.42400646
-1.49928308
-1.53834283
-1.41840124
-1.37089419
-1.39593756
-1.76080012
-1.78714371
-1.81632757
-1.81216776
-1.77891815
-1.70265806
-1.64818573
-1.64425218
-1.65186286
-1.63567197
-1.60596716
-1.64262569
-1.63260007
-1.82144129
-2.20670509
-2.52797151
-1.98948097
-0.99836916
-0.73256201
-1.43098581
-1.98119080
-1.75954771
-1.85750413
-2.35511374
-2.62679124
-2.39897513
-1.88868046
-1.79139936
-1.49905741
-1.62733984
-1.83153343
-2.22050858
-2.37610626
-2.36075139
-2.29943109
-2.10004139
-1.80241263
-1.66991055
-1.61187601
-1.61032081
-1.65108907
-1.74157548
-1.78170192
-1.73043668
-1.64144766
-1.59891236
-1.61039174
-1.58338940
-1.58266938
-1.60989261
-1.54187787
-1.46929228
-1.52783620
-1.65740597
-1.63170314
-1.43946767
-1.39063156
-1.46959364
-1.65827382
-1.73085189
-1.79906416
-1.78561115
-1.72442305
-1.60921061
-1.54119051
-1.54166698
-1.59130609
-1.57856572
-1.56944680
-1.58011496
-1.63592494
-1.94450355
-2.35810637
-2.38609910
-1.45568526
-0.63140631
-0.64534283
-1.69197857
-1.91033983
-1.74138129
-1.77403629
-2.28979301
-2.53679872
-2.37071919
-1.83854938
-1.56921613
-1.35694373
-1.53756011
-1.86259282
-2.05775714
-2.10147142
-2.07034945
-2.07065463
-1.94705188
-1.79037535
-1.69349146
-1.60859966
-1.58607197
-1.65381408
-1.79268396
-1.88568926
-1.82089210
-1.70412707
-1.65031731
-1.67560589
-1.65437555
-1.66666603
-1.69580984
-1.59338892
-1.55717361
-1.65683687
-1.82212961
-1.74617445
-1.52126050
-1.47173381
-1.58732033
-1.67280698
-1.75778139
-1.84149110
-1.84310329
-1.76166153
-1.64463711
-1.54936683
-1.54670453
-1.60771382
-1.59377956
-1.58316779
-1.54607582
-1.71240389
-2.10076261
-2.49224186
-2.22986674
-1.04399729
-0.38049540
-0.91251159
-1.90666604
-1.95241761
-1.81709647
-1.77037096
-2.17136526
-2.44534135
-2.14375782
-1.68771398
-1.39644492
-1.28480196
-1.47981167
-1.73722553
-1.82131803
-1.82231748
-1.82476342
-1.93609476
-1.84042048
-1.82585156
-1.72758317
-1.71025717
-1.68291545
-1.73480451
-1.84535182
-1.97738934
-1.92383313
-1.80702198
-1.74588001
-1.77292490
-1.75520205
-1.78154016
-1.80678880
-1.70936334
-1.70901561
-1.84076023
-1.98654127
-1.86575449
-1.65050161
-1.62575138
-1.75148249
-1.77051365
-1.83667505
-1.92219985
-1.91734850
-1.84029198
-1.74179757
-1.63059843
-1.61945605
-1.67661703
-1.66571569
-1.63183939
-1.50407088
-1.77449203
-2.18908715
-2.57319498
-1.93416500
-0.68105137
-0.25790679
-1.24423242
-2.13461971
-2.03856158
-1.91180098
-1.77897155
-2.12451267
-2.11564493
-2.04700327
-1.56935787
-1.54594839
-1.39445734
-1.52614272
-1.67702687
-1.58052123
-1.56874168
-1.69231594
-1.90311742
-1.86666131
-1.83149350
-1.81179821
-1.84742117
-1.83018184
-1.82138669
-1.86909413
-2.01264262
-2.03274632
-1.91858411
-1.86560345
-1.88500285
-1.90350652
-1.93909776
-1.97462487
-1.89755213
-1.91861737
-2.03759289
-2.15264463
-2.01590753
-1.84839308
-1.83210409
-1.92483807
-1.89660931
-1.93417346
-1.99684477
-2.00374079
-1.93486547
-1.86105096
-1.75187385
-1.73386860
-1.76654136
-1.76031327
-1.69170606
-1.52686703
-1.85117018
-2.33491039
-2.56699061
-1.64295316
-0.32237864
-0.27059153
-1.48859608
-2.39259553
-2.27937603
-1.98496056
-1.76832652
-1.92932892
-2.00296783
-1.86943948
-1.70624208
-1.33469403
-1.31287289
-1.57103229
-1.68048644
-1.55209553
-1.43547177
-1.67779279
-1.85946417
-1.97519159
-1.88759494
-1.89522326
-1.99049497
-1.98666465
-1.91086745
-1.89382958
-2.04175830
-2.12667012
-2.03474927
-1.97149777
-1.99079621
-2.04775429
-2.09754825
-2.12495661
-2.06705189
-2.08869433
-2.20141149
-2.26279306
-2.13983870
-2.01550746
-2.02434587
-2.07319713
-2.03665447
-2.05382276
-2.08972526
-2.10803723
-2.03887224
-1.97758818
-1.88548934
-1.87476885
-1.89208615
-1.87880480
-1.76481164
-1.63089490
-2.00279307
-2.51164079
-2.57762218
-1.45552444
-0.12142792
-0.43625686
-1.64739954
-2.60056639
-2.37416887
-2.08278060
-1.82572269
-1.82314873
-1.88728309
-1.66656315
-1.49725223
-1.05817640
-1.16508758
-1.74043989
-1.73288965
-1.57899582
-1.23629606
-1.59904301
-1.75336063
-2.11580038
-1.95421648
-1.99379671
-2.13774514
-2.15336990
-2.02639675
-1.95494354
-2.09361219
-2.19223690
-2.11518550
-2.05297422
-2.06413341
-2.13947225
-2.17720604
-2.17829442
-2.13974047
-2.15644360
-2.23494768
-2.25357294
-2.16999912
-2.11330509
-2.12283182
-2.14136910
-2.15826511
-2.14713812
-2.15242696
-2.16608500
-2.11064649
-2.06579781
-1.99919796
-1.98583913
-1.98652101
-1.95698237
-1.82651722
-1.76093328
-2.16992640
-2.67568469
-2.56270981
-1.30297601
-0.09594287
-0.61600041
-1.78148735
-2.70245409
-2.42109942
-2.28368306
-1.96173024
-1.69115460
-1.43471146
-1.32326078
-1.45641589
-1.08525133
-1.14328992
-1.40986562
-1.54351056
-1.56469953
-1.33642197
-1.61699641
-1.71229720
-2.20172000
-2.04356813
-2.10484505
-2.24508238
-2.24362063
-2.12062430
-2.04227734
-2.14642382
-2.22885728
-2.16350746
-2.12184572
-2.12526369
-2.17722940
-2.19196939
-2.15935898
-2.13280034
-2.15557718
-2.22545624
-2.21504188
-2.15720963
-2.13133430
-2.14416027
-2.14832711
-2.22193837
-2.19296813
-2.16652083
-2.15963864
-2.11765480
-2.10693336
-2.07241797
-2.06383991
-2.04196596
-2.01327968
-1.88853586
-1.89229369
-2.29427195
-2.80107236
-2.50701523
-1.17915380
-0.12483294
-0.74129307
-1.87018561
-2.62433529
-2.47242212
-2.29876518
-1.96134484
-1.63299167
-1.09865355
-1.11408758
-1.56116593
-1.34158659
-1.28373253
-1.34289098
-1.44944811
-1.75690508
-1.45824134
-1.55850494
-1.69159305
-2.23572278
-2.11868501
-2.15628076
-2.24956608
-2.24096322
-2.16244698
-2.12139940
-2.17161727
-2.21679091
-2.18052745
-2.17010450
-2.18188429
-2.19581032
-2.16586518
-2.11474991
-2.10928917
-2.15429521
-2.22763681
-2.18072701
-2.14653921
-2.11046720
-2.14848804
-2.15503860
-2.23069882
-2.19183254
-2.14864874
-2.13279557
-2.12424278
-2.15298581
-2.16278887
-2.12960649
-2.08118367
-2.04234743
-1.97907138
-2.03761029
-2.44591713
-2.90870023
-2.50801134
-1.06854987
-0.15095615
-0.81452739
-1.91704285
-2.50935054
-2.41547751
-2.41099215
-2.03754544
-1.68042648
-0.89775306
-0.99291188
-1.34762275
-1.58859980
-1.40091860
-1.37330556
-1.59724903
-1.97742403
-1.63665175
-1.49573219
-1.74700475
-2.23949742
-2.13193369
-2.14941192
-2.19637156
-2.18878579
-2.15216064
-2.14406395
-2.17211556
-2.20176697
-2.18798852
-2.20050001
-2.21650958
-2.20582891
-2.14565587
-2.08694434
-2.10360169
-2.16284084
-2.21342492
-2.16039705
-2.13852215
-2.11117172
-2.16558528
-2.16970134
-2.21787572
-2.17973924
-2.14646554
-2.13342929
-2.15027738
-2.20782018
-2.23115492
-2.16396117
-2.10614514
-2.08121204
-2.06011152
-2.15770650
-2.55338931
-2.98110986
-2.50092483
-1.03898346
-0.19703332
-0.91155893
-1.96946979
-2.48474598
-2.45677924
-2.42413735
-2.04775906
-1.36966777
-0.75458318
-0.96761191
-1.36282122
-1.62807202
-1.38464653
-1.27042019
-1.80691266
-2.05577040
-1.76480258
-1.48229849
-1.84227777
-2.22275901
-2.12678695
-2.12706709
-2.15271783
-2.12306976
-2.11684012
-2.14828873
-2.17898679
-2.21078467
-2.19025016
-2.21753359
-2.23370767
-2.20064473
-2.11695600
-2.05533671
-2.10259032
-2.17167878
-2.19830298
-2.13368392
-2.12353992
-2.12443829
-2.18062067
-2.17803478
-2.18713689
-2.17699862
-2.16586185
-2.15906000
-2.18547702
-2.25052881
-2.25214148
-2.17500710
-2.11250019
-2.11157012
-2.09590602
-2.22247124
-2.60895896
-2.99050736
-2.42916918
-1.05330420
-0.28919172
-1.07359111
-1.98328424
-2.39333582
-2.42014813
-2.41131139
-2.09544444
-1.52554691
-0.96236032
-1.06659508
-1.22546744
-1.38354135
-1.31458879
-1.56429720
-2.06055427
-2.04869127
-1.66750455
-1.47951496
-1.98079491
-2.20033264
-2.14319468
-2.12932944
-2.11925268
-2.09125495
-2.11074209
-2.16886306
-2.20529509
-2.22469711
-2.19318771
-2.21482563
-2.24220514
-2.20079398
-2.09129858
-2.03717709
-2.12095404
-2.18604493
-2.18384194
-2.09174180
-2.08437252
-2.14448357
-2.23095393
-2.18448257
-2.15663195
-2.17499065
-2.15693712
-2.16487479
-2.18575644
-2.25567532
-2.23200655
-2.16155148
-2.11256266
-2.14142179
-2.12348270
-2.22697210
-2.59305215
-2.89980650
-2.29645824
-1.12020028
-0.46384531
-1.21438146
-1.89307129
-2.22875381
-2.34394550
-2.46521878
-2.24832535
-1.75232387
-1.23130095
-1.09161723
-1.13558364
-1.28951812
-1.46652162
-1.83661973
-2.18975997
-1.94661164
-1.71306920
-1.65719092
-2.13202524
-2.12682891
-2.15973902
-2.11895919
-2.10369706
-2.08632207
-2.15621924
-2.21058869
-2.25538874
-2.24046373
-2.20616341
-2.20991254
-2.25387073
-2.20318794
-2.09615731
-2.04637432
-2.14935541
-2.20444727
-2.16410637
-2.06391692
-2.06750035
-2.19008064
-2.28003216
-2.19470048
-2.11379266
-2.16189241
-2.13720560
-2.16992831
-2.17280006
-2.23505640
-2.18072557
-2.14417410
-2.09953165
-2.17437506
-2.12451077
-2.21247005
-2.48963356
-2.69940162
-2.14686871
-1.17449403
-0.68808591
-1.30046642
-1.75866735
-2.05282211
-2.21954703
-2.38991284
-2.29846811
-1.87573349
-1.33317256
-1.02107239
-0.93883818
-1.21197164
-1.55556822
-1.98302627
-2.13413429
-1.90511429
-1.78731191
-1.80601227
-2.10886359
-2.04011345
-2.11539602
-2.07763386
-2.06520748
-2.10986376
-2.19932938
-2.23067403
-2.27168393
-2.24753857
-2.23203087
-2.20754075
-2.25271535
-2.17942905
-2.10777569
-2.06055999
-2.16462541
-2.17814946
-2.14272761
-2.05136156
-2.07763863
-2.20366979
-2.30783081
-2.22311997
-2.08122110
-2.15429926
-2.12608051
-2.17120504
-2.15215182
-2.21052504
-2.14881134
-2.12858462
-2.07571888
-2.16240120
-2.11598921
-2.19196415
-2.36887026
-2.49004459
-2.04265833
-1.24807167
-0.94717461
-1.34650886
-1.69445801
-1.87952995
-2.13104534
-2.41034174
-2.51513362
-2.01599574
-1.33476901
-0.90714353
-0.78534585
-1.14348030
-1.57541740
-1.93354988
-1.94826913
-1.74605572
-1.75020623
-1.94000399
-2.04125142
-1.95207262
-2.02507973
-2.03445649
-2.03841782
-2.09411573
-2.15623021
-2.18258786
-2.25655103
-2.25947332
-2.21712494
-2.15920210
-2.19869804
-2.11191797
-2.08172154
-2.07650805
-2.14668131
-2.13861632
-2.11484694
-2.05091596
-2.06011009
-2.17216706
-2.28702259
-2.22475863
-2.05239129
-2.09823918
-2.09501076
-2.14204454
-2.11351228
-2.20163751
-2.16071200
-2.10474467
-2.01349902
-2.10303402
-2.10040951
-2.16056085
-2.24790812
-2.31568789
-1.94883573
-1.28968358
-1.15378571
-1.34877408
-1.66680932
-1.72888112
-2.02651286
-2.37744904
-2.62992787
-2.11174583
-1.53794765
-0.92892081
-0.85992402
-1.03589702
-1.61162472
-1.78461564
-1.78086174
-1.68261313
-1.71953666
-1.91191876
-1.90879238
-1.86223316
-1.96552837
-1.98030555
-2.01316643
-2.06415009
-2.07728291
-2.10967946
-2.19174194
-2.21113038
-2.16811252
-2.12645698
-2.11696959
-2.03500628
-2.03346920
-2.07421088
-2.11141205
-2.08004332
-2.07630229
-2.06721640
-2.05297971
-2.12195253
-2.21992826
-2.16218019
-1.99811041
-2.01103449
-2.04688787
-2.11182642
-2.08786035
-2.15309238
-2.09877825
-2.04151320
-1.88520288
-1.96307397
-1.96980417
-2.05772638
-2.07378888
-2.13836813
-1.87395358
-1.38604569
-1.33521855
-1.38647890
-1.60130739
-1.48016548
-1.79179490
-2.19706631
-2.56556797
-2.12857556
-1.59890783
-0.88581252
-0.87648946
-1.01992774
-1.73777390
-1.84887946
-1.80416763
-1.70375443
-1.73610902
-1.84371173
-1.83361602
-1.78884435
-1.90203762
-1.98124564
-1.97076464
-1.98992479
-1.97352350
-2.05286527
-2.14357543
-2.15548229
-2.12918091
-2.11243534
-2.05191231
-1.97305262
-1.99659693
-2.09561467
-2.07354832
-2.04581666
-2.04507184
-2.05590177
-2.03227186
-2.04854631
-2.13437581
-2.06579018
-1.87662160
-1.87077320
-1.93257463
-2.01532197
-2.01674318
-2.03672814
-1.96657133
-1.91916907
-1.75029385
-1.80545747
-1.78437793
-1.89533150
-1.93114746
-2.04371428
-1.84620214
-1.53392637
-1.43443978
-1.41421020
-1.46691751
-1.28584421
-1.61199391
-2.04228044
-2.39652777
-2.04800797
-1.63127160
-0.93641317
-0.83232301
-0.99008769
-1.86390376
-1.91440344
-1.83798003
-1.71484125
-1.69205534
-1.75908601
-1.66863871
-1.73198187
-1.88375711
-1.96656716
-1.91529512
-1.87474906
-1.90580511
-2.03384542
-2.13580728
-2.09989023
-2.10381794
-2.08839393
-2.01706386
-1.92770731
-1.99268711
-2.13421798
-2.04633927
-2.02990937
-1.98788035
-2.02106428
-1.96586549
-1.97945476
-2.05811763
-2.02908444
-1.72996008
-1.69911063
-1.79838419
-1.93025875
-1.97165310
-1.92092502
-1.83527792
-1.81201255
-1.65087509
-1.67671239
-1.59386826
-1.77818882
-1.86782587
-2.06387925
-1.83991992
-1.61974144
-1.45215702
-1.37706459
-1.35049236
-1.24138951
-1.55414176
-1.98467660
-2.38215590
-2.18163705
-1.78454578
-1.14322293
-0.77204543
-1.10040295
-1.82977414
-1.98396635
-1.86477661
-1.66432095
-1.55332232
-1.59274113
-1.62125635
-1.68133616
-1.80113864
-1.90643859
-1.82668662
-1.77368259
-1.84876418
-2.02561116
-2.09291959
-2.01328015
-2.01685262
-2.04241228
-2.00780416
-1.93922830
-2.00416684
-2.08994913
-2.01508617
-1.98409271
-1.93722951
-1.96935976
-1.90667486
-1.91621006
-1.97377598
-1.96061027
-1.60678518
-1.55696702
-1.68539679
-1.82700348
-1.90945387
-1.81467152
-1.71985936
-1.68166423
-1.57102048
-1.54433775
-1.42242360
-1.65631068
-1.86064577
-2.10727334
-1.85679722
-1.60929000
-1.50612640
-1.36463213
-1.28237402
-1.22263193
-1.56059110
-1.96355355
-2.39567041
-2.35193753
-1.94333768
-1.28436565
-0.74152440
-1.18824291
-1.81000900
-2.08358479
-1.95073795
-1.56390631
-1.44371653
-1.41826427
-1.57638454
-1.55713952
-1.64499438
-1.83424830
-1.79550529
-1.72561431
-1.78169501
-1.98454392
-1.98363185
-1.91827548
-1.91067159
-1.99651027
-1.98659110
-1.92262125
-1.97981334
-1.98604774
-1.91349399
-1.87984836
-1.86648691
-1.94107580
-1.90232444
-1.83051765
-1.87928176
-1.84785903
-1.51879418
-1.51073599
-1.56559741
-1.65434539
-1.73480082
-1.65066445
-1.58952153
-1.48052096
-1.43874633
-1.37479460
-1.27772999
-1.55452454
-1.83156729
-2.09718084
-1.84356236
-1.63384509
-1.58366442
-1.30906498
-1.26071572
-1.19632661
-1.50252831
-1.75405097
-2.23826551
-2.49203086
-2.06239390
-1.36899102
-0.72838134
-1.28740811
-1.76187801
-2.11396146
-1.91520905
-1.37670732
-1.24741662
-1.35592854
-1.62946999
-1.49421668
-1.54361951
-1.74176562
-1.74556434
-1.69795156
-1.69930661
-1.88284016
-1.86773479
-1.83251822
-1.79923832
-1.90507817
-1.92814517
-1.91272306
-1.90723836
-1.89075017
-1.82174039
-1.81091630
-1.82635331
-1.91162634
-1.88401508
-1.74596894
-1.79359317
-1.79717839
-1.47713912
-1.50388372
-1.48122978
-1.50812602
-1.61979949
-1.53996670
-1.46183085
-1.29733312
-1.33792520
-1.30622602
-1.29173136
-1.55222869
-1.78809845
-2.05264473
-1.80881107
-1.62924433
-1.53437281
-1.23023057
-1.27187836
-1.26261246
-1.47183740
-1.57732713
-2.04124904
-2.45294118
-2.28725505
-1.54711366
-0.93393970
-1.25391591
-1.73935425
-1.96383512
-1.67095876
-1.20724642
-1.15354145
-1.47104275
-1.64173901
-1.45252204
-1.50267327
-1.67487919
-1.72608149
-1.67716289
-1.62597322
-1.72543526
-1.72817135
-1.72488129
-1.71976602
-1.87629199
-1.90410137
-1.87808132
-1.82725227
-1.81236470
-1.76045704
-1.76124525
-1.85737646
-1.97183967
-1.90133572
-1.73959303
-1.76050317
-1.78938174
-1.46364212
-1.49459493
-1.48051989
-1.46564484
-1.55896437
-1.50392747
-1.42650020
-1.31602764
-1.36823416
-1.29273069
-1.35011780
-1.59403384
-1.81801808
-1.99290121
-1.81848252
-1.61643600
-1.50176561
-1.25910842
-1.39956951
-1.38257051
-1.54171896
-1.59514749
-1.93675423
-2.32394695
-2.41249466
-1.85002172
-1.26960242
-1.30884135
-1.73080349
-1.87886131
-1.58650959
-1.23272991
-1.16368890
-1.48730838
-1.57421899
-1.45313084
-1.53552568
-1.63744676
-1.66978681
-1.62436533
-1.56302488
-1.57620537
-1.59778106
-1.66358232
-1.72787786
-1.82503951
-1.88512897
-1.78889930
-1.76850462
-1.76202881
-1.77345872
-1.81965733
-1.99132133
-2.07665396
-1.93453360
-1.73466146
-1.78970826
-1.84257185
-1.46061039
-1.50221968
-1.49885678
-1.51598346
-1.53620934
-1.49050581
-1.45654202
-1.37428129
-1.37415993
-1.31041801
-1.41652429
-1.68028176
-1.91720390
-1.98213100
-1.76124811
-1.57557583
-1.46094275
-1.29236555
-1.53521478
-1.43392980
-1.53206015
-1.61709821
-1.85400248
-2.15873504
-2.24374557
-2.01282573
-1.35924864
-1.27041507
-1.67638624
-1.84684944
-1.57506490
-1.23139477
-1.20002019
-1.42952776
-1.47868574
-1.43300343
-1.53257990
-1.58463943
-1.57658041
-1.55350530
-1.51552737
-1.50632513
-1.54266763
-1.66681170
-1.73961496
-1.81246591
-1.87182045
-1.78251410
-1.76562798
-1.75033486
-1.79421234
-1.87807071
-2.12576914
-2.08391118
-1.93909132
-1.79388392
-1.94708216
-2.01231480
-1.46375728
-1.46807730
-1.51445770
-1.56916320
-1.55360079
-1.47636151
-1.51678991
-1.46881831
-1.41036391
-1.30066752
-1.46191037
-1.77511132
-2.02863932
-2.00766253
-1.71068203
-1.59722054
-1.43388033
-1.34030759
-1.61907613
-1.44830477
-1.49722302
-1.62263715
-1.87825489
-2.04144645
-2.14683962
-1.96277666
-1.36804640
-1.13265586
-1.42598927
-1.65625262
-1.49480581
-1.18653309
-1.20917416
-1.34078205
-1.48675692
-1.43374074
-1.53728712
-1.52666306
-1.52402186
-1.48181617
-1.51088595
-1.49757946
-1.60227275
-1.70211995
-1.74275756
-1.81729472
-1.87947059
-1.78205633
-1.77920437
-1.73116148
-1.79671907
-1.92417073
-2.13445830
-1.99577546
-1.85169375
-1.90104389
-2.06118274
-2.12034965
-1.48661363
-1.46757507
-1.51361632
-1.59012115
-1.58907628
-1.56296062
-1.59033620
-1.50280154
-1.42336071
-1.31211698
-1.51713610
-1.89168859
-2.06501365
-1.98893929
-1.68339062
-1.60647917
-1.44537926
-1.40840244
-1.65176129
-1.45842707
-1.45911932
-1.72276390
-1.91860545
-1.90102899
-1.88867927
-1.78202546
-1.31840456
-1.15163994
-1.40951920
-1.64770949
-1.52224457
-1.25459099
-1.17113996
-1.32676995
-1.56771159
-1.49655473
-1.58185434
-1.52716804
-1.51092899
-1.45490170
-1.53214121
-1.53130531
-1.60310900
-1.64326739
-1.69021881
-1.76182628
-1.84293664
-1.75935924
-1.79113293
-1.70019197
-1.81150401
-1.92507970
-2.09468412
-1.91244686
-1.82057834
-1.95756733
-2.11598539
-2.11974478
-1.48521173
-1.47864687
-1.48786044
-1.55852056
-1.60351038
-1.56124139
-1.52517104
-1.43101704
-1.41107798
-1.35150909
-1.57355011
-1.92475772
-2.04584932
-1.95178580
-1.67229605
-1.59229195
-1.38438594
-1.46368015
-1.60222733
-1.36933601
-1.35470331
-1.62776613
-1.90966594
-1.77431822
-1.74919093
-1.51955581
-1.27550125
-1.31404090
-1.72660613
-1.83941603
-1.68322825
-1.35647726
-1.25934505
-1.40589118
-1.61097789
-1.50159264
-1.52365673
-1.48783791
-1.54596663
-1.51654899
-1.52919054
-1.54900515
-1.55311823
-1.54765499
-1.56926715
-1.64864254
-1.76184249
-1.76157308
-1.82205975
-1.72993243
-1.81658447
-1.92304349
-2.07711077
-1.92038214
-1.85578179
-2.03679466
-2.12624526
-2.09869051
-1.44108236
-1.40533531
-1.38597989
-1.42420948
-1.51994050
-1.49968219
-1.39492643
-1.27477419
-1.31783056
-1.32239652
-1.55605924
-1.89984655
-2.00736141
-1.88904536
-1.64219284
-1.55773306
-1.39571178
-1.42833066
-1.44974113
-1.28252447
-1.31474829
-1.64100075
-2.00636697
-2.07070327
-1.70429111
-1.22964227
-1.00477958
-1.34170926
-1.83161485
-2.00084209
-1.86723530
-1.45666194
-1.32839012
-1.46174765
-1.68293214
-1.47780180
-1.49353957
-1.45959365
-1.54254305
-1.50826681
-1.54133832
-1.55852628
-1.54582393
-1.49899566
-1.54372716
-1.60124207
-1.70453298
-1.71160293
-1.78036082
-1.75615120
-1.85364842
-1.97697723
-2.00147295
-1.92034030
-1.86083519
-2.06841040
-2.12267375
-2.04497695
-1.32745922
-1.31797194
-1.27954054
-1.36009967
-1.40219939
-1.37378716
-1.25669134
-1.20591378
-1.25522792
-1.30500758
-1.51437676
-1.84882212
-1.95272267
-1.87455773
-1.61474741
-1.55797565
-1.53033841
-1.43169868
-1.25755942
-1.14425659
-1.31677103
-1.83188581
-2.26320910
-2.26185179
-1.68436050
-1.03830898
-0.94099861
-1.44485855
-1.86419773
-2.03281617
-1.92652607
-1.43692470
-1.39531732
-1.54224563
-1.82380664
-1.45405471
-1.43766403
-1.46783698
-1.64522326
-1.56824708
-1.60386324
-1.63808584
-1.57036853
-1.50489223
-1.54705679
-1.60759366
-1.67036152
-1.66191542
-1.76670969
-1.81297469
-1.84828663
-1.87705898
-1.91218352
-1.85370302
-1.90244746
-1.96983182
-1.99870515
-1.93298352
-1.28916752
-1.28216052
-1.24404788
-1.31834161
-1.31461263
-1.30238080
-1.25792301
-1.22949898
-1.21375000
-1.20267999
-1.46466339
-1.84500003
-2.04217458
-1.91324782
-1.61215520
-1.54073286
-1.56195736
-1.32126498
-1.02162457
-0.89362890
-1.39315462
-2.06978846
-2.43303609
-2.24506068
-1.52044463
-1.15005803
-1.23720312
-1.61268568
-1.85590327
-1.98136163
-1.87748730
-1.45031297
-1.43996513
-1.62812507
-1.89347005
-1.49870801
-1.54303741
-1.59246624
-1.75189412
-1.68394315
-1.69279242
-1.69768250
-1.56598175
-1.47917342
-1.54013956
-1.56465697
-1.60823762
-1.59544861
-1.69984472
-1.77003706
-1.79549253
-1.80337548
-1.84341228
-1.80988920
-1.81542861
-1.86122298
-1.80808997
-1.76800489
-1.26546705
-1.25279438
-1.24931192
-1.41283453
-1.35135150
-1.33554673
-1.32604706
-1.27967370
-1.18704247
-1.09623659
-1.43470955
-1.90776300
-2.16538119
-1.98756528
-1.57521951
-1.42387676
-1.53102744
-1.15961790
-0.88203585
-0.77348095
-1.44460595
-2.28777838
-2.36128116
-1.96621513
-1.17958117
-1.13557708
-1.41453123
-1.67513204
-1.84933281
-1.90115809
-1.78861833
-1.47636044
-1.58802521
-1.68697047
-1.80905151
-1.53467071
-1.61217380
-1.71326375
-1.79577351
-1.76198900
-1.78254747
-1.75442207
-1.55352724
-1.39395285
-1.48223948
-1.50044310
-1.57386982
-1.57658577
-1.64798117
-1.73196483
-1.74179292
-1.76643527
-1.69900978
-1.72877324
-1.76468575
-1.76627076
-1.71623361
-1.69822693
-1.32143569
-1.34836006
-1.32501066
-1.49832988
-1.38553321
-1.37567639
-1.37108648
-1.39809740
-1.19320416
-1.02177358
-1.35101426
-1.92330325
-2.28218865
-2.02577138
-1.53910255
-1.31223941
-1.43821037
-1.05132067
-0.74745452
-0.79320943
-1.55388165
-2.36071897
-2.34308386
-1.60761333
-1.09110904
-1.15760887
-1.42605102
-1.65389895
-1.83947206
-1.80755329
-1.66691780
-1.40730655
-1.57532465
-1.63208807
-1.55517507
-1.44480944
-1.59852052
-1.77967346
-1.76341701
-1.78676426
-1.76468432
-1.76438177
-1.50135350
-1.34062052
-1.41562915
-1.42003310
-1.48377693
-1.54572034
-1.59841228
-1.64191067
-1.66016412
-1.69402063
-1.64633536
-1.63675833
-1.71764171
-1.72839713
-1.75376225
-1.76294506
-1.33036304
-1.38361704
-1.36285138
-1.53885078
-1.42342293
-1.42737627
-1.43514848
-1.50598550
-1.24933076
-0.99867487
-1.27921641
-1.89703453
-2.35500503
-2.00440907
-1.54058552
-1.24620378
-1.35454309
-1.01823342
-0.69817549
-0.78864104
-1.51495802
-2.33246231
-2.50499129
-1.97237909
-1.37817168
-1.25930846
-1.31193495
-1.61077070
-1.91968298
-1.71994042
-1.44439232
-1.25308704
-1.46336424
-1.44335878
-1.36485767
-1.45989382
-1.68286812
-1.82010567
-1.73696864
-1.70937479
-1.63969934
-1.68404031
-1.49890971
-1.36005926
-1.37604105
-1.37065697
-1.41183078
-1.53299761
-1.57042658
-1.51685047
-1.54331267
-1.58816469
-1.60463405
-1.58269548
-1.66110873
-1.72599947
-1.73256755
-1.75408590
-1.37253022
-1.48971570
-1.45646060
-1.53402567
-1.45081568
-1.43140113
-1.41948819
-1.52751124
-1.28717983
-1.09382117
-1.24399424
-1.79507899
-2.21411467
-1.93910789
-1.54196703
-1.25555646
-1.23964429
-0.85906684
-0.51246160
-0.63152325
-1.28508449
-2.15530705
-2.43112946
-2.09196067
-1.87533903
-1.42284334
-1.47696173
-1.72782803
-2.02868772
-1.61839151
-1.11251843
-0.91772240
-1.29206824
-1.47806776
-1.51063466
-1.50726140
-1.59493315
-1.77923191
-1.65937185
-1.56918073
-1.54722667
-1.64075601
-1.48703778
-1.33426964
-1.31283391
-1.32370079
-1.31268370
-1.48372054
-1.54833043
-1.52024233
-1.45505941
-1.49325383
-1.56265712
-1.54312718
-1.57185853
-1.65828156
-1.72241509
-1.74178588
-1.47346056
-1.54768896
-1.52878714
-1.45461440
-1.40902042
-1.41521573
-1.46831751
-1.58149993
-1.36257505
-1.20936608
-1.18960941
-1.70835686
-2.09789419
-2.00842357
-1.64030814
-1.26442897
-1.13290179
-0.76477611
-0.41049141
-0.51244450
-1.01776302
-1.68582392
-2.08388519
-1.84339035
-1.87553668
-1.37709832
-1.46333873
-1.57140768
-1.78013206
-1.35719001
-0.78988439
-0.85727924
-1.28091657
-1.69154716
-1.53734779
-1.52774441
-1.44712579
-1.80767393
-1.62877047
-1.49639940
-1.43197024
-1.51957250
-1.36884761
-1.26780450
-1.29156327
-1.30687034
-1.25638735
-1.44637668
-1.56907475
-1.51158297
-1.37212980
-1.38127136
-1.55129004
-1.48803246
-1.50425231
-1.61869144
-1.70831823
-1.66521275
-1.42736888
-1.52076578
-1.47990882
-1.45310271
-1.45800555
-1.42077959
-1.51601398
-1.52305448
-1.46984053
-1.30597115
-1.20070899
-1.67615879
-2.09130764
-2.18402553
-1.71624565
-1.25734353
-1.02595448
-0.78576118
-0.37207645
-0.39060384
-0.83241892
-1.60481739
-2.06063652
-2.03671002
-2.02685499
-1.61548758
-1.44427812
-1.26318097
-1.29782879
-1.06466293
-0.63240236
-0.85645813
-1.24642932
-1.84941018
-1.67817426
-1.52539504
-1.43030703
-1.79351842
-1.61283541
-1.40653527
-1.38432348
-1.49417853
-1.34878361
-1.26296604
-1.29458654
-1.30548799
-1.24825215
-1.42956269
-1.51636624
-1.45785499
-1.34671724
-1.43463767
-1.56041574
-1.45110404
-1.42090917
-1.52174020
-1.60723901
-1.55912709
-1.31797278
-1.42052269
-1.40029109
-1.44119406
-1.49205053
-1.40066469
-1.49679291
-1.49656749
-1.51297128
-1.34553039
-1.21213460
-1.53812921
-1.99264908
-2.21124530
-1.68609810
-1.28625286
-1.08635879
-0.89047760
-0.42969504
-0.49232131
-0.99033415
-1.94022071
-2.28723073
-2.05208635
-2.16224504
-1.86356688
-1.58220613
-1.02455831
-0.64731336
-0.70868254
-0.45262638
-0.87094855
-1.43924677
-1.93234861
-1.81015646
-1.50044918
-1.51905477
-1.76651525
-1.63875914
-1.39926004
-1.38222015
-1.46646893
-1.37470329
-1.28383398
-1.34138882
-1.35090697
-1.31999707
-1.43329549
-1.45804048
-1.42439222
-1.38659835
-1.50314379
-1.53067100
-1.36076105
-1.36773801
-1.48737836
-1.57496989
-1.51389956
-1.19666421
-1.31488621
-1.30053866
-1.40293372
-1.47986054
-1.43111253
-1.43874884
-1.42850113
-1.47529662
-1.35918319
-1.20710242
-1.42513359
-1.80676162
-2.04636240
-1.63528323
-1.24211311
-1.13344753
-0.92946756
-0.58065480
-0.55017519
-1.10944009
-1.91759145
-2.13879132
-1.94359243
-2.19682145
-2.19148016
-1.82555532
-1.01895690
-0.40485519
-0.54139477
-0.42092723
-0.91113454
-1.44447052
-1.84465301
-1.73806441
-1.60059559
-1.66761625
-1.85019231
-1.64803362
-1.43855619
-1.40391779
-1.46477056
-1.40381050
-1.33823442
-1.36507607
-1.42026436
-1.43787897
-1.43947637
-1.40813220
-1.36453938
-1.47847831
-1.54406154
-1.46967149
-1.36070383
-1.38970280
-1.45884025
-1.51042104
-1.49465108
-1.11468518
-1.21745026
-1.23596966
-1.43491292
-1.45404840
-1.40078223
-1.35088336
-1.34387660
-1.45328450
-1.32000864
-1.14624834
-1.21330643
-1.64669323
-1.84682155
-1.51336300
-1.17903399
-1.12577522
-0.92684203
-0.59961498
-0.53296047
-1.20718193
-1.77668607
-1.90551269
-1.92119193
-2.33390880
-2.33562469
-1.93130958
-1.26819193
-0.60302764
-0.54739749
-0.50447184
-0.92985386
-1.42734587
-1.59282017
-1.53208303
-1.53111064
-1.81449914
-1.82924640
-1.63143992
-1.50191391
-1.47563875
-1.47556031
-1.35017180
-1.32399738
-1.37294555
-1.47935390
-1.48781824
-1.41854405
-1.35553515
-1.40553081
-1.49142992
-1.53126228
-1.42096519
-1.41538239
-1.36712766
-1.43236339
-1.47017181
-1.54064059
-1.04299021
-1.15091741
-1.20320547
-1.37057078
-1.39845192
-1.29501963
-1.22263110
-1.25436544
-1.27395272
-1.18024039
-0.96898347
-1.06957209
-1.41570723
-1.57084632
-1.38077879
-1.12369812
-1.11082554
-0.86871892
-0.65067667
-0.53219324
-1.14602983
-1.41079557
-1.55855370
-1.61539185
-2.11705160
-2.19947314
-1.83124506
-1.29268682
-0.84377599
-0.51229781
-0.65048915
-1.04721475
-1.37929535
-1.31238925
-1.35806620
-1.46234822
-1.78013086
-1.80325043
-1.59665251
-1.56508005
-1.52203918
-1.44471884
-1.27151585
-1.26528633
-1.46195340
-1.47272646
-1.44475210
-1.30878663
-1.29664373
-1.32212996
-1.41714573
-1.39918864
-1.32757962
-1.39060235
-1.31183732
-1.36045277
-1.40507591
-1.50576437
-0.95061326
-1.08072889
-1.12179685
-1.25090969
-1.29594719
-1.15185106
-1.12494636
-1.18325138
-1.06463158
-1.07410932
-0.92890650
-1.01771986
-1.10352492
-1.28006077
-1.26434624
-1.26751101
-1.11904311
-0.99168009
-0.72550261
-0.53569227
-0.82036000
-1.00481236
-1.29779494
-1.50243652
-2.01384377
-2.07877111
-1.78262126
-1.19050908
-0.90107930
-0.51985222
-0.79581302
-1.10851550
-1.30182385
-1.15010273
-1.24664390
-1.46887577
-1.72494495
-1.68122470
-1.52697241
-1.55413675
-1.58979154
-1.46733987
-1.29208779
-1.23658335
-1.47092545
-1.39782465
-1.36409163
-1.16794968
-1.23190689
-1.18602002
-1.29591012
-1.26742887
-1.30608320
-1.32157791
-1.17093062
-1.22691894
-1.33059287
-1.48369932
-0.95787120
-1.04619849
-1.10997868
-1.16220498
-1.23249781
-1.06781328
-1.04712343
-1.04620051
-0.96933174
-1.03336477
-0.95271307
-1.02205563
-0.98409641
-1.17293131
-1.35020471
-1.37715220
-1.15505338
-1.12637651
-0.93579775
-0.77344859
-0.87403178
-1.06646633
-1.22051919
-1.41680241
-1.94451356
-2.20590258
-1.88772953
-1.29645991
-0.89367533
-0.67745841
-0.91572285
-1.23123682
-1.26447809
-1.08792806
-1.24349499
-1.58073270
-1.70524764
-1.47153366
-1.37826514
-1.47023964
-1.53024578
-1.33196199
-1.16320968
-1.19132340
-1.40658045
-1.34457552
-1.31614184
-1.11444151
-1.15580416
-1.15629494
-1.32248616
-1.34998250
-1.28672183
-1.15647280
-1.03724921
-1.13305473
-1.27658463
-1.44580245
-1.05234468
-1.05915225
-1.17783868
-1.05846703
-1.19015515
-1.10125768
-1.16337407
-0.97232121
-0.87625182
-1.08616090
-1.04148817
-1.07129419
-1.10184801
-1.33308423
-1.51791716
-1.43261755
-1.27799022
-1.21739340
-1.06756663
-0.91495848
-0.93252444
-1.19701123
-1.23308766
-1.48326254
-1.95676875
-2.33634233
-2.02904177
-1.45435989
-0.87533420
-0.85426962
-1.09458375
-1.35950017
-1.25872552
-1.10113382
-1.19715476
-1.58917022
-1.61538351
-1.30041516
-1.22884548
-1.28642297
-1.41285050
-1.24252474
-1.13924599
-1.14639628
-1.30542576
-1.34348381
-1.31720388
-1.08257818
-1.08682442
-1.14022350
-1.41524065
-1.46518898
-1.31699407
-1.09177518
-0.98567462
-1.05912328
-1.27967632
-1.43904769
-1.10060155
-1.01500607
-1.15953457
-1.00703514
-1.20923650
-1.34055829
-1.29774177
-0.92345351
-0.86589938
-1.09100664
-1.05819237
-1.12877500
-1.27880836
-1.45059991
-1.53874445
-1.38606429
-1.31490016
-1.25677097
-1.10886633
-1.03919005
-1.06868649
-1.27561831
-1.22269130
-1.43375075
-1.84133840
-2.19416356
-1.90587902
-1.41036463
-0.92361385
-0.99470514
-1.18116951
-1.42593968
-1.35995996
-1.21923411
-1.34761369
-1.65557587
-1.62506843
-1.21589077
-1.14844692
-1.21698749
-1.51784480
-1.31212807
-1.07495010
-1.01746535
-1.23894119
-1.40708411
-1.36813807
-1.17180610
-1.05633664
-1.19677031
-1.53636765
-1.62067986
-1.43673074
-1.13906121
-0.98627979
-1.05108464
-1.27904725
-1.35320652
-1.08076632
-1.02925372
-1.21125627
-1.08474624
-1.20228934
-1.43802059
-1.33133662
-0.91726625
-0.87600827
-1.06153560
-1.00998867
-1.14210415
-1.40151989
-1.46497595
-1.46425152
-1.33732641
-1.39184833
-1.23120224
-1.22819638
-1.13736939
-1.18988252
-1.26233017
-1.20135021
-1.45707822
-1.82811975
-2.12642527
-1.74214375
-1.50431800
-1.09568250
-1.15614748
-1.26300776
-1.55729699
-1.47945595
-1.32156944
-1.38939357
-1.66097128
-1.59308505
-1.32442391
-1.17780662
-1.33631790
-1.60555875
-1.29485071
-1.10466838
-1.03301358
-1.35077894
-1.51007998
-1.42843246
-1.23443294
-1.13489747
-1.32184088
-1.65669894
-1.71405494
-1.50069332
-1.21347427
-1.00463820
-1.05689228
-1.25946212
-1.29693973
-1.04220891
-0.99950075
-1.19266868
-1.08021903
-1.22792828
-1.57795727
-1.31064129
-0.91847253
-0.88020545
-1.07616341
-1.02220452
-1.16162574
-1.39434826
-1.40805459
-1.36536431
-1.30303681
-1.37248063
-1.18840277
-1.18115139
-1.15498543
-1.23559701
-1.29285443
-1.28636932
-1.46066010
-1.71279621
-1.83990216
-1.59112453
-1.49664187
-1.31854331
-1.33873904
-1.41243756
-1.61379898
-1.54444826
-1.42856324
-1.47985244
-1.72715795
-1.50204086
-1.45196331
-1.30701447
-1.50043035
-1.61166203
-1.27395236
-1.11806679
-1.13944316
-1.49290073
-1.55416048
-1.46638095
-1.26284099
-1.23443758
-1.43589270
-1.66421235
-1.69091284
-1.52550602
-1.29709423
-1.10016954
-1.11405265
-1.24562359
-1.28914094
-1.00348246
-1.12107813
-1.33526552
-1.24587905
-1.22589731
-1.51463258
-1.21057737
-1.02086961
-1.07048655
-1.15696526
-1.04457307
-1.11910701
-1.32078993
-1.25368452
-1.22956586
-1.15736115
-1.20053601
-1.06540930
-1.08698523
-1.18097246
-1.40423930
-1.37424254
-1.33800733
-1.45425642
-1.51297867
-1.57583976
-1.44193828
-1.48536658
-1.41581535
-1.46309054
-1.55862713
-1.62715816
-1.56443596
-1.50439489
-1.61316812
-1.76422083
-1.43151772
-1.49889112
-1.55392444
-1.75888717
-1.56188977
-1.24632835
-1.27571404
-1.32747757
-1.68702281
-1.59861636
-1.43652272
-1.16626835
-1.21656621
-1.48276639
-1.62713623
-1.56203830
-1.46977937
-1.29670250
-1.14952004
-1.12014079
-1.27380335
-1.36513686
-1.47384107
-1.49488711
-1.50007021
-1.51083910
-1.53153789
-1.55752528
-1.57330549
-1.59847915
-1.59389138
-1.56187284
-1.50404966
-1.47477746
-1.47419345
-1.49722898
-1.52720714
-1.59011483
-1.63480532
-1.64308071
-1.46524429
-1.34060395
-1.14002621
-0.68855572
-0.60384035
-0.68556654
-0.66134602
-0.60586065
-0.78015196
-0.90668881
-0.97651821
-1.24062479
-1.58751166
-1.72824419
-1.70553851
-1.57647681
-1.51941407
-1.58644509
-1.73475158
-1.78063691
-1.72094107
-1.72359490
-1.71593165
-1.63323236
-1.65805078
-1.58564818
-1.51112676
-1.51261985
-1.47331536
-1.50198650
-1.45701659
-1.48806632
-1.46782804
-1.04982591
-1.22586954
-1.32396114
-1.21269417
-1.07859564
-1.09756351
-1.11889386
-1.54061437
-1.55305111
-1.56741834
-1.58400929
-1.59855711
-1.60003567
-1.60986984
-1.62753904
-1.57863426
-1.54108644
-1.47132146
-1.41505003
-1.44742966
-1.49340498
-1.49736369
-1.53135026
-1.54231834
-1.51725698
-1.37766790
-1.31466377
-1.08346021
-0.65672207
-0.65686113
-0.72944218
-0.74229598
-0.70939344
-0.90800631
-1.02446187
-1.07642877
-1.27696669
-1.55032992
-1.65402865
-1.65391946
-1.54206133
-1.42993474
-1.50461245
-1.65838635
-1.66402221
-1.61845028
-1.63980412
-1.66447520
-1.59425080
-1.59573722
-1.48691773
-1.44959331
-1.46546316
-1.44434357
-1.49580085
-1.40625882
-1.43810499
-1.45150363
-1.03690326
-1.18530321
-1.28592765
-1.19570482
-1.07119668
-1.03982985
-1.03699100
-1.63599336
-1.65947425
-1.67916870
-1.68822062
-1.68175757
-1.67004859
-1.67938673
-1.63840377
-1.56741238
-1.51766825
-1.38993680
-1.33218074
-1.39722300
-1.44166839
-1.42634261
-1.42786837
-1.41159141
-1.35643005
-1.32962453
-1.27044857
-1.04281306
-0.66255188
-0.71748525
-0.80656236
-0.77770263
-0.74919242
-0.94220209
-1.05527699
-1.09618998
-1.24582422
-1.46537602
-1.56537640
-1.58177173
-1.48851740
-1.41001570
-1.49989367
-1.60691965
-1.57510805
-1.51796317
-1.59941220
-1.62487316
-1.56139994
-1.52646339
-1.41194952
-1.42117643
-1.42190802
-1.41093135
-1.47299564
-1.33039129
-1.37633479
-1.42412949
-0.98505294
-1.09535360
-1.23778462
-1.16863954
-1.05006504
-1.01947844
-0.94122130
-1.73707461
-1.75425434
-1.76247489
-1.77162194
-1.75634325
-1.73008943
-1.72095394
-1.65994132
-1.60421622
-1.52810073
-1.37805212
-1.34021258
-1.39385521
-1.43113708
-1.42524803
-1.43175817
-1.39264286
-1.33242774
-1.35711884
-1.27897251
-1.00877035
-0.68058813
-0.80334693
-0.88988250
-0.84673005
-0.86660653
-0.99636441
-1.11322153
-1.11111248
-1.19065297
-1.37466133
-1.49613166
-1.47993600
-1.38394070
-1.36724114
-1.46714461
-1.55246949
-1.48217142
-1.44907844
-1.59572983
-1.59568608
-1.55219436
-1.42923439
-1.35534024
-1.41188002
-1.37387490
-1.43315315
-1.49594462
-1.29797399
-1.34233594
-1.38489532
-0.87528557
-1.01485848
-1.17229164
-1.14358962
-1.08311141
-1.01791072
-0.91975105
-1.79667592
-1.79630959
-1.80186319
-1.80553246
-1.78386128
-1.74434233
-1.70985389
-1.66919136
-1.61243784
-1.53014958
-1.39834356
-1.35018218
-1.38303769
-1.37882233
-1.37618315
-1.40327621
-1.35336149
-1.31267750
-1.35007310
-1.25427938
-0.99938893
-0.81165069
-0.89970297
-0.98617935
-1.01181817
-1.00893509
-1.12445998
-1.20143116
-1.13990021
-1.18939686
-1.35456133
-1.46736765
-1.42107654
-1.31214678
-1.31618536
-1.39541650
-1.47717106
-1.40591156
-1.47955024
-1.62098885
-1.61321521
-1.52899051
-1.40094554
-1.40970647
-1.43275249
-1.36651194
-1.46517003
-1.50867784
-1.31627476
-1.34993851
-1.32918024
-0.82326078
-0.97646052
-1.12666917
-1.11732256
-1.06326079
-1.02293479
-0.97215706
-1.81543016
-1.81092203
-1.80781960
-1.79584515
-1.76626945
-1.73051488
-1.70720887
-1.67666137
-1.60770547
-1.52815819
-1.37614024
-1.34395540
-1.38070238
-1.32992852
-1.32760501
-1.31811714
-1.24297261
-1.18983936
-1.24186897
-1.18887186
-1.07030118
-0.94476700
-0.98209643
-1.07926035
-1.08620417
-1.06384206
-1.12199962
-1.16539705
-1.15741265
-1.22427845
-1.37904632
-1.46801281
-1.40652955
-1.36346054
-1.40750730
-1.44680476
-1.46443844
-1.44825029
-1.57781780
-1.67079365
-1.64510417
-1.50732756
-1.42375636
-1.49584937
-1.45590186
-1.35868752
-1.47092497
-1.48849750
-1.36128378
-1.42004657
-1.30961168
-0.82724839
-0.96863973
-1.13225782
-1.10309899
-1.03143489
-1.01078570
-0.97287679
-1.80319238
-1.80373120
-1.77991140
-1.75476098
-1.71509016
-1.70127797
-1.70498693
-1.68614173
-1.63528359
-1.54710865
-1.43005598
-1.42333448
-1.43310106
-1.37745571
-1.39947426
-1.40555310
-1.36323941
-1.29665816
-1.25859547
-1.23265743
-1.20080292
-1.08761382
-1.05075538
-1.09705257
-1.12135196
-1.14326644
-1.08033085
-1.16165328
-1.19846225
-1.27363944
-1.38203061
-1.41105521
-1.37334752
-1.46857691
-1.55775917
-1.53245258
-1.52847552
-1.53071177
-1.64859962
-1.68885458
-1.63206732
-1.49514675
-1.45054817
-1.52877271
-1.42821169
-1.33489656
-1.47326028
-1.45729005
-1.38554251
-1.45285285
-1.30256498
-0.85264927
-1.01086903
-1.13761842
-1.11208832
-1.09127462
-1.04962325
-1.01330829
-1.75485027
-1.75180614
-1.73321784
-1.69510424
-1.67139423
-1.67238665
-1.66867959
-1.67278361
-1.62902129
-1.55695629
-1.48605895
-1.49099350
-1.50095093
-1.44470632
-1.49280679
-1.57453573
-1.62797558
-1.55095947
-1.40080643
-1.31253350
-1.32526934
-1.23494136
-1.16983783
-1.24393201
-1.31042922
-1.28010106
-1.20559537
-1.26876402
-1.28617930
-1.32235408
-1.34503043
-1.29592788
-1.42116380
-1.60506022
-1.69515157
-1.64563894
-1.62957215
-1.61809099
-1.67154372
-1.63654017
-1.57542002
-1.47180617
-1.49844801
-1.53713763
-1.34253335
-1.30256963
-1.42390895
-1.36042619
-1.34407222
-1.38596272
-1.20975542
-0.87409842
-1.05056465
-1.14933920
-1.15627086
-1.12244451
-1.07947922
-1.07340395
-1.65151644
-1.65113866
-1.63560700
-1.60634792
-1.61900151
-1.61136019
-1.60925364
-1.61552382
-1.58926511
-1.53671503
-1.49572635
-1.50194156
-1.49564195
-1.45319164
-1.55068457
-1.73280835
-1.85601044
-1.67993939
-1.39293718
-1.31805074
-1.39793229
-1.22126472
-1.29701114
-1.37416875
-1.45720363
-1.40382159
-1.36176014
-1.36599624
-1.36532164
-1.37725186
-1.34508169
-1.33288753
-1.55491436
-1.77555633
-1.83766723
-1.75172842
-1.69316363
-1.67282462
-1.63420022
-1.52400768
-1.45617366
-1.43682551
-1.50152659
-1.48143935
-1.26488280
-1.27157104
-1.35089314
-1.27963257
-1.28145671
-1.28879201
-1.11893034
-0.91692960
-1.04923797
-1.15066433
-1.17105508
-1.10868585
-1.06524205
-1.08340561
-1.48762476
-1.50151813
-1.48471475
-1.47538590
-1.49548650
-1.46816146
-1.46533978
-1.47680998
-1.47003210
-1.44225192
-1.42633533
-1.43305743
-1.40383494
-1.38368344
-1.58961427
-1.88596153
-1.92772186
-1.66966534
-1.34140718
-1.50192189
-1.32040489
-1.18047094
-1.29798746
-1.47730970
-1.62330604
-1.67071307
-1.63647270
-1.54315484
-1.47834098
-1.43300080
-1.42116725
-1.47741425
-1.67807591
-1.87469029
-1.84153950
-1.70354092
-1.69720376
-1.64589751
-1.52227831
-1.37269616
-1.32237124
-1.36889386
-1.42848551
-1.39299953
-1.18820500
-1.25068486
-1.30524611
-1.22528613
-1.21273458
-1.19738531
-1.02773619
-0.91505700
-0.98562008
-1.07481968
-1.09865332
-1.03779149
-1.01310360
-1.05533540
-1.34428084
-1.37463021
-1.37469733
-1.37843311
-1.38737285
-1.35993052
-1.33834994
-1.35772538
-1.34455919
-1.32701349
-1.34432626
-1.35827112
-1.33299935
-1.40377724
-1.71974361
-2.02334952
-1.91906786
-1.51971591
-1.46865702
-1.56772983
-1.23448515
-1.13651443
-1.32150531
-1.58392906
-1.83219409
-1.86655319
-1.82457328
-1.55350494
-1.41692650
-1.26770234
-1.31495953
-1.45555484
-1.64680016
-1.78644872
-1.67607892
-1.60336781
-1.66155815
-1.53561687
-1.37636149
-1.20896184
-1.18831897
-1.24550748
-1.29639614
-1.22803271
-1.09120953
-1.17608440
-1.16913486
-1.09561872
-1.11025977
-1.06440473
-0.91224974
-0.84471899
-0.87958527
-0.92219383
-0.95440441
-0.90157580
-0.89880866
-0.93908226
-1.23856902
-1.26813567
-1.30242240
-1.30934453
-1.32555532
-1.29372621
-1.27193928
-1.27575827
-1.23788083
-1.20726562
-1.23537552
-1.23911965
-1.24890041
-1.44923961
-1.85854399
-2.01040292
-1.73805285
-1.30534935
-1.54164135
-1.42283022
-1.18595803
-1.07821977
-1.40238559
-1.67975461
-1.81305063
-1.68751979
-1.54640114
-1.44472241
-1.17283607
-1.10465550
-1.21461344
-1.34099042
-1.53352225
-1.62838507
-1.54053032
-1.57149065
-1.55909574
-1.42459989
-1.21033037
-1.04582179
-1.04702473
-1.11264706
-1.13459909
-1.06036019
-1.00157261
-1.05266476
-1.00590706
-0.96657377
-0.99262440
-0.95960850
-0.84728813
-0.80872703
-0.84366882
-0.86890042
-0.88098359
-0.83416378
-0.82496768
-0.82888073
-1.09234059
-1.13033247
-1.16249788
-1.17026114
-1.19198596
-1.16602945
-1.12961221
-1.11713398
-1.08052623
-1.06014323
-1.08250749
-1.06314325
-1.12764740
-1.40326452
-1.81519210
-1.75426435
-1.36859155
-1.29472780
-1.39490604
-1.19175780
-0.95061672
-1.09829485
-1.47193885
-1.61850917
-1.53624737
-1.61452842
-1.77017081
-1.59287381
-1.52432764
-1.46172369
-1.39714086
-1.31357694
-1.46068239
-1.59649646
-1.55750191
-1.56765115
-1.49281335
-1.30886710
-1.06329668
-0.94718456
-0.95051974
-1.00357044
-1.02368259
-0.99872530
-0.99543834
-1.00286198
-0.95739245
-0.93858504
-0.95739990
-0.94535500
-0.86806101
-0.88549203
-0.94394124
-0.93841827
-0.94660413
-0.91791230
-0.90100914
-0.85991883
-0.96170002
-1.01737297
-1.03355432
-1.05536413
-1.06790447
-1.05097115
-1.02279937
-1.01041877
-0.99095386
-0.97865570
-1.00620806
-0.99880815
-1.11031485
-1.47868490
-1.79583907
-1.53343391
-1.09268773
-1.24132574
-1.15690100
-0.90831554
-0.80994618
-1.18285251
-1.52043605
-1.56339014
-1.63290167
-1.83817232
-2.04294610
-1.69503951
-1.63758659
-1.53459251
-1.33984458
-1.16849196
-1.22191465
-1.44207084
-1.42971838
-1.46407449
-1.37979293
-1.12517440
-1.00072610
-0.96024317
-0.93187511
-0.97734666
-1.00833702
-1.01517880
-1.04527903
-1.03906906
-0.98413748
-0.97688586
-0.99205136
-0.98372543
-0.94978285
-0.98981112
-1.01585710
-0.96756339
-0.98985434
-1.02739608
-1.01337290
-0.95194846
-0.96768850
-1.00339377
-1.03204024
-1.05882454
-1.09154391
-1.08907831
-1.05030227
-1.01898313
-1.00225484
-0.98316640
-1.02730966
-1.02312291
-1.19373119
-1.61176693
-1.81730008
-1.46452248
-1.18462217
-1.19322693
-0.93032485
-0.63067466
-0.94599003
-1.45174229
-1.70475662
-1.66920626
-1.72706866
-1.95218122
-1.72329581
-1.42112780
-1.18376899
-1.19269717
-1.22218621
-1.07183623
-1.07476819
-1.25351465
-1.19057059
-1.25776148
-1.14584231
-1.03754473
-1.04857755
-1.04361546
-1.02355623
-1.05794632
-1.08123815
-1.11015952
-1.15848160
-1.12957859
-1.04234409
-1.04627907
-1.05797899
-1.05598009
-1.06015921
-1.08068037
-1.06683671
-0.99366605
-1.04108715
-1.11512244
-1.08756173
-1.01920474
-1.05225575
-1.06685781
-1.08358407
-1.10731733
-1.14852512
-1.14614427
-1.07696271
-1.03331399
-1.00390160
-0.97191304
-1.02652144
-1.03193235
-1.26457751
-1.69777656
-1.74086332
-1.43335140
-1.22822642
-1.20220065
-0.79481721
-0.57612193
-1.19468129
-1.58423185
-1.81024766
-1.65942800
-1.49699676
-1.67849684
-1.71604705
-1.24440825
-1.13707864
-1.16807437
-1.07813418
-0.99088091
-1.05888152
-1.12834048
-1.08472550
-1.08063221
-1.06719971
-1.07180035
-1.12656367
-1.14986062
-1.13999557
-1.15399134
-1.14888358
-1.18593073
-1.25557232
-1.22435176
-1.14657295
-1.14933312
-1.16296279
-1.17117190
-1.19401026
-1.22420001
-1.20934486
-1.12508345
-1.19357872
-1.24226069
-1.19120836
-1.10320258
-1.12301517
-1.15219772
-1.16679251
-1.16900504
-1.19298744
-1.16857862
-1.09623587
-1.07360375
-1.06437469
-1.02360511
-1.05451834
-1.08348584
-1.32368660
-1.70126772
-1.60102451
-1.31317377
-1.15075040
-1.02426589
-0.58379894
-0.72845930
-1.43700492
-1.56506348
-1.76474905
-1.42559123
-1.38861609
-1.72748625
-1.48550916
-1.40769649
-1.42200387
-1.23690534
-0.96238655
-1.06708288
-1.02861726
-0.94530249
-1.03396702
-1.03224790
-1.14487684
-1.14381266
-1.16644037
-1.19433939
-1.18057263
-1.21770239
-1.19447148
-1.20367479
-1.27443862
-1.27701366
-1.24691594
-1.25688720
-1.27290380
-1.27157092
-1.29745877
-1.35195148
-1.34301054
-1.29089403
-1.34370863
-1.35641015
-1.26479220
-1.20157635
-1.20596313
-1.24753666
-1.25185001
-1.23123443
-1.24654114
-1.22298896
-1.16682160
-1.15548015
-1.15311301
-1.10440731
-1.12945151
-1.19278884
-1.42747819
-1.75508869
-1.56484854
-1.32034838
-1.15615797
-0.83739197
-0.44247785
-0.82290751
-1.46293855
-1.67316556
-1.94550252
-1.42625451
-1.57846487
-1.70410621
-1.19878006
-1.30935657
-1.39202952
-1.06053185
-1.08062983
-1.25960386
-1.07255900
-0.92019957
-0.99861306
-1.02115881
-1.23736084
-1.24283910
-1.22531855
-1.20521450
-1.22904003
-1.30844831
-1.26824594
-1.25000465
-1.30025959
-1.32513285
-1.31123137
-1.31533945
-1.34222662
-1.33043528
-1.34357643
-1.38348234
-1.37853110
-1.36764598
-1.42319465
-1.40863180
-1.31717038
-1.28049195
-1.28931010
-1.33113921
-1.33370662
-1.29166901
-1.30784357
-1.30159342
-1.26089537
-1.24105179
-1.21884489
-1.13940310
-1.17499375
-1.27024388
-1.49838912
-1.80249906
-1.60891569
-1.43440092
-1.21696401
-0.77823466
-0.41193506
-0.88850266
-1.62228703
-1.92064345
-2.04043269
-1.53461623
-1.39135897
-1.26808774
-1.06899500
-1.16954219
-1.17559612
-0.90573329
-0.93965155
-1.04973459
-0.85874188
-0.89190346
-0.99693286
-1.02079320
-1.30746567
-1.33519244
-1.30017495
-1.27751088
-1.31596982
-1.36938310
-1.32642925
-1.29229045
-1.34820080
-1.37554181
-1.35577464
-1.33849883
-1.35414886
-1.35014808
-1.36083448
-1.35958278
-1.33547354
-1.34656096
-1.42284632
-1.40002275
-1.32331538
-1.31171799
-1.33897340
-1.36729360
-1.36904716
-1.32627714
-1.34536862
-1.34928846
-1.31454623
-1.29911280
-1.25533700
-1.17494929
-1.22420597
-1.33568323
-1.56244469
-1.79400706
-1.64035487
-1.48302925
-1.26209521
-0.70519078
-0.41466850
-0.90747178
-1.67886472
-2.00144362
-1.93142748
-1.34281278
-1.20071578
-1.16533494
-0.91263467
-1.22782481
-1.03893089
-0.86936808
-0.93466252
-1.02353036
-0.94366229
-0.96148866
-1.10870969
-0.96220762
-1.34419024
-1.37292302
-1.33296740
-1.34255445
-1.36610615
-1.38251472
-1.33947837
-1.31275439
-1.38264775
-1.40157151
-1.38304961
-1.34956491
-1.34355235
-1.34064031
-1.35388494
-1.35789168
-1.32701468
-1.33422899
-1.37595856
-1.35399556
-1.30910933
-1.33379352
-1.36274493
-1.37661695
-1.37157869
-1.32051134
-1.32926512
-1.33453834
-1.31912434
-1.32118464
-1.29660869
-1.26048756
-1.28607976
-1.42090380
-1.63963616
-1.83290625
-1.68728817
-1.49997437
-1.25487339
-0.67044336
-0.42653823
-0.95453596
-1.62503648
-1.88609087
-1.88802099
-1.37746358
-1.42437470
-1.13227582
-0.95090050
-1.14497888
-0.92827767
-0.88492340
-1.18889499
-1.23172820
-1.07312429
-1.10109842
-1.12480402
-0.91375029
-1.33470249
-1.35247576
-1.33716440
-1.36522913
-1.38903141
-1.39518988
-1.34511280
-1.33929133
-1.37585664
-1.39542592
-1.40926588
-1.37598932
-1.36949897
-1.36290324
-1.35453272
-1.35660958
-1.33263540
-1.33869171
-1.36462915
-1.34998429
-1.34093320
-1.37935984
-1.35580397
-1.37499928
-1.36853886
-1.32107806
-1.34075010
-1.34007275
-1.31819320
-1.33797812
-1.36018622
-1.32927871
-1.35110581
-1.49629104
-1.70042419
-1.87320554
-1.68929100
-1.45903349
-1.25068629
-0.65264761
-0.43616948
-0.99424404
-1.63546979
-1.77576745
-1.74333417
-1.42930436
-1.32707715
-0.97598076
-0.75589114
-0.84315407
-0.97028619
-1.20862126
-1.31248236
-1.16256201
-1.00039315
-1.26251018
-1.11227906
-0.99271888
-1.32492602
-1.34236360
-1.32357919
-1.35686886
-1.37258220
-1.37402153
-1.36618507
-1.37470400
-1.37916672
-1.38188863
-1.40338326
-1.38961470
-1.40565825
-1.40314305
-1.35952306
-1.33565748
-1.30694044
-1.31334221
-1.33168113
-1.34902215
-1.36546719
-1.37287307
-1.34739888
-1.36894536
-1.36897826
-1.35187292
-1.38052547
-1.36631286
-1.32555461
-1.36719763
-1.39913392
-1.37482941
-1.41777003
-1.53579402
-1.74722958
-1.87750816
-1.63700724
-1.49111795
-1.33423090
-0.66065496
-0.53681242
-1.06505513
-1.59100962
-1.69268131
-1.63594711
-1.48126280
-1.52377856
-1.09364700
-0.73958403
-0.66557455
-0.96667749
-1.26638556
-1.27899837
-0.90252578
-1.02789187
-1.33788800
-1.08703399
-1.09803760
-1.36685085
-1.36577725
-1.33055556
-1.34668767
-1.33276117
-1.34215200
-1.39319706
-1.40765643
-1.40678895
-1.39814615
-1.38828778
-1.36356616
-1.37680411
-1.36724997
-1.32892787
-1.32501352
-1.31546891
-1.32301354
-1.30862951
-1.32923019
-1.35229421
-1.37305200
-1.36859882
-1.36604548
-1.37737203
-1.36927664
-1.39839780
-1.38033533
-1.35388529
-1.38641834
-1.39525533
-1.38798463
-1.42713463
-1.56699431
-1.79425001
-1.83324754
-1.60436904
-1.60123646
-1.40992343
-0.73423773
-0.61961162
-1.04546690
-1.51106286
-1.70945847
-1.76684189
-1.76038837
-1.67481756
-1.16187477
-0.92523885
-0.75345731
-0.98796785
-1.22987485
-1.07597840
-0.91808164
-1.23662090
-1.32293391
-1.09294128
-1.16912699
-1.39656687
-1.36727965
-1.34483552
-1.36302853
-1.32560682
-1.37019980
-1.40609741
-1.40990245
-1.41171861
-1.40655005
-1.37383437
-1.35300779
-1.35118914
-1.34303927
-1.30362165
-1.31350195
-1.33622837
-1.36360168
-1.34530938
-1.32449079
-1.33896101
-1.38905370
-1.38842583
-1.36917615
-1.36477435
-1.34695637
-1.37854409
-1.38090539
-1.39282107
-1.40294898
-1.39078248
-1.37048185
-1.40219808
-1.56236053
-1.77835751
-1.73515570
-1.60450673
-1.65351272
-1.38283491
-0.79473996
-0.71157265
-1.04693604
-1.49852395
-1.69573975
-1.77064455
-1.70865989
-1.37921751
-0.98883581
-0.85320836
-0.81381226
-1.07506895
-1.18745160
-1.10920477
-1.21433544
-1.42917728
-1.41126227
-1.14075601
-1.23020625
-1.31664991
-1.29390657
-1.34503233
-1.37708437
-1.37083340
-1.38547885
-1.40279567
-1.40156603
-1.41176057
-1.40904152
-1.36498702
-1.33933210
-1.35848022
-1.36344695
-1.28829062
-1.30226386
-1.32910848
-1.38309729
-1.35867059
-1.33098698
-1.34166026
-1.36399627
-1.34595525
-1.33891857
-1.35946405
-1.35423791
-1.35994148
-1.35811400
-1.39634144
-1.38302493
-1.35993135
-1.33418369
-1.38875258
-1.54431736
-1.72156811
-1.66610992
-1.57738841
-1.61134362
-1.35015428
-0.89047980
-0.88132173
-1.10023820
-1.39229131
-1.60789633
-1.60648465
-1.54835999
-1.36366236
-0.95939314
-0.75757551
-0.86626130
-1.00101018
-1.09970057
-1.14474225
-1.32809103
-1.43755889
-1.33042061
-1.02598929
-1.24571228
-1.24422443
-1.24489701
-1.31709099
-1.35151756
-1.32822132
-1.35829222
-1.39901531
-1.38041365
-1.42937315
-1.44483209
-1.35893083
-1.33291531
-1.37365329
-1.34836864
-1.29433990
-1.31502378
-1.34355509
-1.38587451
-1.35806239
-1.34492278
-1.36156249
-1.36456525
-1.26792049
-1.28619623
-1.32662797
-1.34873259
-1.39424074
-1.39216697
-1.43850124
-1.42100012
-1.41272414
-1.35939455
-1.40152168
-1.51315713
-1.67812717
-1.60958135
-1.52591980
-1.55184090
-1.31812966
-1.01549792
-1.04709470
-1.11574292
-1.32409716
-1.59661353
-1.57997298
-1.70358539
-1.64845145
-1.17913902
-0.92920375
-0.89073759
-0.76602745
-0.98695487
-1.09781671
-1.22176576
-1.31979537
-1.04421782
-1.00944245
-1.24866366
-1.20834935
-1.27534688
-1.30878007
-1.26764119
-1.21486926
-1.31192636
-1.34313357
-1.33879995
-1.39668262
-1.41216230
-1.32610893
-1.34148610
-1.36128271
-1.31950819
-1.29082584
-1.32540345
-1.36504924
-1.36032319
-1.32482064
-1.31356919
-1.32685864
-1.33504367
-1.29385674
-1.28191853
-1.31719542
-1.37259543
-1.42611372
-1.42706740
-1.46632147
-1.43314457
-1.43552136
-1.36380434
-1.35482645
-1.39463389
-1.54505551
-1.47248673
-1.48106706
-1.55772924
-1.35752702
-1.15934694
-1.11582351
-1.08003092
-1.30497026
-1.56001067
-1.59528232
-1.86677253
-1.79696786
-1.29063761
-0.94983685
-0.77960628
-0.72254694
-1.04069257
-1.15593767
-1.21379447
-1.21123660
-1.01811182
-1.11167562
-1.25152874
-1.18610036
-1.23029602
-1.26552868
-1.19993901
-1.23256087
-1.29443312
-1.29664660
-1.30976379
-1.35069907
-1.36541295
-1.28678012
-1.34205735
-1.33664215
-1.29420853
-1.27367938
-1.30798590
-1.32696438
-1.30591643
-1.30388010
-1.28604829
-1.27439511
-1.28079164
-1.30285037
-1.26229918
-1.27369821
-1.33640802
-1.35060096
-1.31846321
-1.31728268
-1.25893259
-1.28820407
-1.25143993
-1.18189144
-1.22695494
-1.37665951
-1.38322210
-1.45688057
-1.55449510
-1.39470100
-1.22827661
-1.10451663
-1.06169772
-1.21415782
-1.39643478
-1.37209129
-1.67349446
-1.62793851
-1.11704302
-0.81250018
-0.80814469
-0.75359243
-1.14437008
-1.23983264
-1.26073754
-1.17636025
-1.07570076
-1.13341057
-1.16411483
-1.12589359
-1.16074121
-1.19304812
-1.17413735
-1.25745940
-1.30107176
-1.32243681
-1.31313956
-1.35759401
-1.32133305
-1.22163069
-1.32719302
-1.31533122
-1.29094744
-1.29701912
-1.31198931
-1.28985214
-1.25042784
-1.27153516
-1.26539421
-1.29266834
-1.28874254
-1.19333792
-1.17832291
-1.17579889
-1.21060550
-1.24028099
-1.26628196
-1.23684323
-1.17059433
-1.20683217
-1.17884648
-1.11027527
-1.18606067
-1.38320804
-1.34627092
-1.43816841
-1.45662081
-1.28453445
-1.13073456
-1.02691305
-1.06199634
-1.14458013
-1.21755767
-1.18256962
-1.64534068
-1.55633855
-1.14129913
-1.03633380
-0.88347793
-0.77005869
-1.12259400
-1.27325821
-1.21847785
-1.12002301
-1.11539006
-1.10388243
-1.10662818
-1.03999925
-1.09552920
-1.15035415
-1.16920102
-1.24217343
-1.26023591
-1.25313532
-1.28850186
-1.34381247
-1.24461782
-1.22889948
-1.28154838
-1.26936996
-1.27506185
-1.29277802
-1.28196633
-1.24970806
-1.20446360
-1.20721483
-1.21045089
-1.22495329
-1.21212387
-1.13925576
-1.12070572
-1.09428322
-1.12842560
-1.16907215
-1.21194744
-1.23175836
-1.16766095
-1.11698151
-1.12965477
-1.07941592
-1.17285609
-1.38737869
-1.26116335
-1.38812554
-1.41902757
-1.30378938
-1.14015532
-1.11208737
-1.12707901
-1.11247170
-1.15519369
-1.25964940
-1.80236673
-1.63042367
-1.35209703
-1.25886214
-1.06500733
-0.93145418
-1.29235721
-1.40196979
-1.20324171
-1.10316777
-1.06675696
-0.97175020
-1.03147590
-0.98719990
-1.03296769
-1.08224452
-1.16763604
-1.23088515
-1.16739357
-1.14032650
-1.22873878
-1.25903749
-1.20230961
-1.28251791
-1.25617731
-1.20146930
-1.18536115
-1.15279460
-1.19128978
-1.23707223
-1.18541205
-1.25346756
-1.18469870
-1.10343301
-1.11469960
-1.09503126
-1.05905044
-1.02339792
-1.05483067
-1.07637572
-1.07374191
-1.14795053
-1.03760242
-0.94511145
-1.00417829
-0.94659770
-1.09054589
-1.26009095
-1.15461969
-1.37418115
-1.45998824
-1.31450045
-1.16327524
-1.16499579
-1.14365733
-1.03408873
-1.03479004
-1.23434186
-1.68548071
-1.65692699
-1.46649194
-1.45778692
-1.18947875
-1.11398125
-1.45439720
-1.45151854
-1.16753542
-1.15288329
-0.95593351
-0.85186523
-0.91693348
-0.95778710
-0.97558272
-1.02898157
-1.10553491
-1.11967993
-1.04541945
-1.09774196
-1.17264438
-1.18764031
-1.21080899
-1.22607791
-1.19316483
-1.14664125
-1.11917555
-1.05765498
-1.12273097
-1.16471267
-1.11801827
-1.21943140
-1.14034879
-1.11152339
-1.12556267
-1.02861917
-0.94531494
-0.94542778
-0.97681195
-0.93445790
-0.95946252
-0.97237414
-0.88956332
-0.83660066
-0.87998605
-0.89503497
-1.06885874
-1.18475890
-1.12450016
-1.47805369
-1.48162246
-1.22154939
-1.13424385
-1.06818187
-1.05562794
-1.01557291
-1.05931902
-1.08081901
-1.40592194
-1.55434728
-1.57662034
-1.51086342
-1.17779100
-1.03798091
-1.12709546
-1.04918289
-0.99497515
-1.04314387
-0.90470421
-0.86566734
-0.98240751
-1.01439750
-0.94175035
-0.96623760
-1.03625453
-1.02782941
-1.00911212
-1.06199872
-1.10359442
-1.16495061
-1.16847980
-1.18577683
-1.16876495
-1.15371478
-1.12672651
-1.07690549
-1.13180387
-1.10512090
-1.02549732
-1.07416070
-1.05059159
-1.09339392
-1.12373161
-1.00196528
-0.87849790
-0.87680340
-0.93428975
-0.90617341
-0.91786730
-0.93247515
-0.88960445
-0.83483416
-0.91092747
-0.96037883
-1.10893714
-1.23216569
-1.16049743
-1.50480258
-1.39161074
-1.20101523
-1.24219728
-1.09887385
-1.08855402
-1.10164845
-1.32858396
-1.22870266
-1.35622609
-1.56266570
-1.63689542
-1.62993395
-1.25568652
-1.07669997
-1.04026031
-1.04028261
-1.06058931
-1.00908816
-0.90125185
-0.80132544
-1.05136645
-1.05351055
-0.96773237
-0.95580691
-1.04276991
-1.02560878
-1.01461172
-1.02506006
-1.01435530
-1.04757583
-1.04354918
-1.10257041
-1.13294530
-1.16331422
-1.11802137
-1.04852796
-1.15693414
-1.16215611
-1.08983350
-1.14599001
-1.14233625
-1.11188352
-1.13398707
-0.99597389
-0.88105798
-0.89938468
-0.93404478
-0.92782551
-0.92966312
-0.98349011
-0.93595576
-0.88075536
-0.94057214
-0.95570648
-1.15688527
-1.28860509
-1.23890865
-1.52967882
-1.31562197
-1.15566194
-1.29384792
-1.17338777
-1.05173302
-1.05684352
-1.29731393
-1.24846685
-1.36721754
-1.41882646
-1.32846284
-1.42427170
-1.29624259
-1.22747970
-1.30852056
-1.42956793
-1.28778768
-1.15432680
-0.79612708
-0.71530527
-0.98776150
-0.99022555
-0.91629612
-0.95130932
-1.05688834
-0.99298143
-0.95539784
-1.01402557
-0.94933003
-0.94317210
-0.97323668
-0.99072313
-1.00957417
-1.13335085
-1.08426547
-1.06570721
-1.22090423
-1.18412578
-1.13631082
-1.25013316
-1.28119767
-1.19902229
-1.23688841
-0.97451466
-0.95167994
-0.97151840
-0.94355065
-0.91126227
-0.93721563
-0.94748515
-0.90332717
-0.84796029
-0.89904815
-0.98041451
-1.20006382
-1.27279174
-1.32118499
-1.59441316
-1.30732334
-1.16642904
-1.26419377
-1.07666433
-0.99221832
-1.00914884
-1.29852307
-1.28035057
-1.41875386
-1.47965813
-1.30005956
-1.23508525
-1.17826891
-1.07726085
-1.20873356
-1.28132224
-1.16175008
-0.99022919
-0.70304149
-0.74621475
-0.89698827
-0.87513757
-0.82690668
-0.89800936
-0.94535452
-0.90740025
-1.00471544
-0.99999833
-0.94545799
-1.01342297
-1.05881286
-1.02871048
-1.08400929
-1.16242993
-1.08466041
-1.10144401
-1.25808072
-1.15474355
-1.15001404
-1.32920587
-1.32430518
-1.29211652
-1.32005274
-0.96116114
-0.98435640
-0.94813693
-0.94362950
-0.98231590
-0.97236365
-0.97364831
-0.94366068
-0.85553682
-0.93201196
-1.06688583
-1.19766927
-1.27088976
-1.34653676
-1.58717334
-1.31090593
-1.24345183
-1.32149029
-1.06471550
-1.07097530
-1.18665290
-1.35060477
-1.26596498
-1.48123682
-1.58817220
-1.27922606
-1.30313790
-1.11409378
-0.82865882
-0.90579116
-0.99424952
-0.87272525
-0.84258050
-0.76634514
-0.82509434
-0.95292062
-0.88071561
-0.83344531
-0.87505347
-0.87355578
-0.83074170
-0.96543944
-0.97370195
-0.98514950
-1.07339466
-1.07570541
-1.05938482
-1.12808383
-1.12201083
-1.07118165
-1.09479988
-1.20391691
-1.12919366
-1.24650049
-1.37801206
-1.34354448
-1.26307142
-1.29616439
-1.00603712
-0.97677660
-0.93827909
-0.95606858
-0.99057895
-0.97170472
-0.96409458
-0.94244832
-0.93162286
-1.04672301
-1.12123895
-1.20675194
-1.27572286
-1.39734876
-1.56954372
-1.34427667
-1.36183190
-1.30617571
-1.09668362
-1.14780402
-1.25856423
-1.20144379
-1.14268601
-1.48331511
-1.40657318
-1.13546300
-1.27413940
-1.14703298
-0.88689852
-0.98470217
-1.05752909
-0.97011566
-0.93362600
-0.88901442
-0.84976679
-0.95457441
-0.93484735
-0.95033687
-0.92018932
-0.96847802
-0.90588939
-0.92869228
-0.92109185
-0.90613347
-1.01221681
-1.01019466
-1.02907670
-1.06321573
-1.05149579
-1.04351079
-1.07079196
-1.15407860
-1.13979447
-1.33413374
-1.38800228
-1.30575347
-1.18574333
-1.21620059
-0.95220125
-0.92625540
-0.90716970
-0.94278634
-0.95533890
-0.90370917
-0.88357013
-0.86612201
-0.89725471
-0.99632323
-1.06106162
-1.20092547
-1.29051828
-1.42430735
-1.55394280
-1.38100958
-1.41568506
-1.23098826
-1.00152314
-1.13264394
-1.13729680
-1.17330396
-1.34815061
-1.45632339
-1.31418228
-1.08312845
-1.23625541
-1.08208752
-0.98092234
-1.14162195
-1.23930979
-1.09398019
-1.04536068
-0.96901715
-0.83851737
-0.90386540
-0.88738716
-0.92059064
-0.86471510
-0.99735057
-0.96753281
-0.99635696
-0.93476069
-0.88793087
-0.93669856
-0.95334315
-0.95250559
-1.02840412
-1.08438015
-1.13044417
-1.17059243
-1.21104515
-1.14329851
-1.29805231
-1.39012146
-1.27886653
-1.25285268
-1.27566242
-0.83777034
-0.81931204
-0.80871248
-0.83285534
-0.86242551
-0.85871482
-0.92067736
-0.84932250
-0.80817151
-0.85378879
-0.92229760
-1.11018229
-1.29722965
-1.38212371
-1.54347146
-1.41620624
-1.39864457
-1.16644132
-0.87140572
-0.99856836
-1.05965126
-1.32119048
-1.56841934
-1.50603390
-1.13074625
-0.96918136
-0.98969907
-0.95831108
-1.07409859
-1.25885260
-1.28469169
-1.15601826
-1.09774423
-0.99518567
-0.87428671
-1.00504875
-1.01605630
-0.92328334
-0.74498403
-0.87303865
-0.91187173
-0.98020911
-1.00115609
-0.98850751
-1.00332963
-0.97215462
-0.93146938
-1.00978386
-1.05286109
-1.11958206
-1.20479500
-1.16668630
-1.11760330
-1.21997559
-1.21815276
-1.24588549
-1.28352606
-1.31145489
-0.77919811
-0.74648976
-0.77479959
-0.77812290
-0.74898154
-0.82223088
-0.94851524
-0.88051844
-0.83609176
-0.86576229
-0.90950692
-1.15863621
-1.37168002
-1.42367244
-1.56400979
-1.47170925
-1.38837779
-1.10938025
-0.82357299
-0.92886055
-1.13341129
-1.47222567
-1.59776485
-1.61555600
-1.43050790
-1.27049816
-1.12695277
-1.06756771
-1.17716837
-1.33227789
-1.22306132
-1.16314197
-1.16175663
-0.94077331
-0.89304423
-1.04886639
-1.04747915
-1.04878008
-0.92064947
-1.03121996
-1.04178762
-1.02274084
-1.03190756
-1.00931001
-1.01072705
-0.97626221
-0.98484552
-1.05747664
-1.01703429
-1.03546202
-1.07852006
-1.08519745
-1.07586312
-1.13583899
-1.14344871
-1.17307329
-1.13904679
-1.16089427
-0.77009398
-0.75685972
-0.78980190
-0.78315562
-0.79432356
-0.80947667
-0.89432985
-0.81946546
-0.79270095
-0.83122140
-0.92703974
-1.20070338
-1.39916658
-1.42953789
-1.57995689
-1.45543122
-1.25368702
-1.09957194
-0.93366081
-1.00491059
-1.09093988
-1.39972389
-1.55938935
-1.47308159
-1.73888576
-1.48696113
-1.30825651
-1.14166701
-1.29507685
-1.33431721
-1.25991750
-1.36052287
-1.17687833
-1.02699900
-0.92930156
-1.12192500
-1.05971301
-1.08081353
-1.02328074
-1.20892584
-1.21503174
-1.06989694
-1.05833220
-1.02850807
-0.94091117
-0.91858429
-0.96605253
-1.03049541
-0.99758154
-1.03300583
-1.07232797
-1.09203088
-1.10192549
-1.09201097
-1.06205964
-1.02519381
-1.01325428
-1.07398903
-0.81196004
-0.83337110
-0.88082087
-0.88050014
-0.85258830
-0.84628910
-0.93871075
-0.78267026
-0.84682614
-0.87985075
-0.92427146
-1.13373649
-1.29081166
-1.35852230
-1.53112769
-1.40778530
-1.15544736
-1.15314043
-0.98212755
-0.98997647
-1.03040755
-1.05722344
-1.20761013
-1.48213172
-1.53803313
-1.24614823
-0.84634125
-0.81842166
-1.28268397
-1.30509031
-1.30656838
-1.47554052
-1.20920432
-1.00923288
-0.87866873
-1.10073555
-1.06516230
-1.04088128
-1.01081014
-1.18731415
-1.20516288
-1.02572310
-1.06040812
-1.01444638
-0.90713298
-0.88134873
-0.87209260
-0.96437526
-0.99027795
-1.00239611
-1.06602573
-1.05149901
-1.04999197
-1.03840315
-0.96539855
-1.01187468
-1.04563344
-1.10533392
-0.82417530
-0.92088795
-0.94137919
-0.86819655
-0.84073365
-0.83834684
-0.90877777
-0.82392401
-0.94394302
-0.95835543
-0.98261511
-1.14249599
-1.30282557
-1.42446601
-1.61574197
-1.51633310
-1.14182937
-1.13118219
-0.96357065
-0.89678890
-0.79893881
-0.91805983
-1.18816137
-1.67532790
-1.76196146
-1.29551220
-0.88398361
-1.06912851
-1.29096246
-1.25211608
-1.20608401
-1.21885192
-0.98136806
-0.78887522
-0.89404553
-1.00019646
-1.02131879
-1.05787551
-1.03041625
-1.10436928
-1.12635553
-0.97820246
-1.02304387
-1.01051486
-0.89565051
-0.84392250
-0.83311337
-0.89802527
-0.94618219
-0.96026313
-0.99966812
-0.98607779
-0.96511745
-0.99048960
-0.98937416
-1.04878151
-1.06070101
-1.07476962
-0.79093444
-0.83492696
-0.89667135
-0.91587293
-0.90134746
-0.87167615
-0.91195160
-0.86815393
-0.92240542
-0.98752028
-0.98233104
-1.06358314
-1.25979054
-1.46378696
-1.66182625
-1.51108551
-1.09424174
-1.03169262
-0.85590756
-0.83882558
-0.89428246
-0.93105102
-1.44035137
-1.93836617
-2.00175500
-1.64009380
-1.45625448
-1.61054206
-1.36152470
-1.16210461
-0.99348068
-0.89941067
-0.66636556
-0.84533024
-1.04757178
-1.06551611
-1.04523015
-1.04007256
-0.97348148
-0.99850339
-1.08828342
-0.94568861
-1.01826453
-1.00918126
-0.88129669
-0.87493366
-0.84075093
-0.81579602
-0.87442899
-0.86653554
-0.91949576
-0.89131200
-0.94674969
-1.01052916
-0.99373794
-0.97708994
-0.98066491
-1.02907550
-0.87497830
-0.80437875
-0.87918311
-0.92966765
-0.90115231
-0.91031265
-0.96130913
-0.89941061
-1.01044166
-1.07888055
-0.96184093
-1.03630817
-1.28645504
-1.45380974
-1.66455102
-1.45404363
-0.96414989
-0.94446707
-0.79866904
-0.73379070
-0.86441410
-0.75977182
-1.11158717
-1.55157244
-1.48067296
-1.63612604
-1.61251593
-1.59599102
-1.25514424
-0.97140807
-0.85041904
-0.74090993
-0.62137622
-0.94730228
-1.04998171
-1.00752652
-1.02349234
-0.98630422
-0.93546474
-0.99348199
-1.07174087
-0.85217524
-0.91323853
-0.89470083
-0.79601437
-0.83081442
-0.80682468
-0.85324854
-0.87432325
-0.83485371
-0.90218186
-0.90995157
-0.90962660
-0.97273761
-0.97633767
-1.00025105
-0.97921085
-1.02273321
-0.89997458
-0.83389789
-0.91426480
-0.90663713
-0.94032133
-0.92194909
-0.98349518
-0.98099291
-1.06859529
-1.10880351
-1.03381550
-1.12492692
-1.36121130
-1.49798071
-1.65856409
-1.40548337
-1.02018511
-0.96926081
-0.75314230
-0.66128463
-0.69454843
-0.65690094
-1.00845897
-1.22971535
-1.22028828
-1.61056936
-1.48844516
-1.41408849
-1.14144492
-0.96494669
-1.01063359
-0.80466580
-0.69780761
-0.73585105
-0.81901485
-0.85395890
-0.98489022
-0.98723108
-1.04537451
-1.09060633
-1.00190961
-0.76580721
-0.78335130
-0.78957897
-0.76793951
-0.78723300
-0.88739777
-0.89575648
-0.85149139
-0.87656915
-1.00683022
-0.93891114
-0.86395746
-0.94448179
-0.97431058
-0.99002934
-0.96477568
-0.98556966
-0.77426386
-0.74115896
-0.89299744
-0.98336208
-0.99959046
-0.96888638
-0.99150079
-1.02537537
-1.04475367
-1.11626077
-1.08265924
-1.22230935
-1.30315554
-1.30564475
-1.46961892
-1.38487005
-1.10824728
-1.00606024
-0.69087565
-0.72108370
-1.00090313
-1.08197153
-1.38869536
-1.60475230
-1.52747905
-1.76282144
-1.32225382
-1.24928427
-1.09432757
-0.92406464
-0.90961772
-0.68367732
-0.68424731
-0.59963453
-0.74063194
-0.98896676
-1.07543731
-1.00545037
-1.04241300
-1.06946516
-1.03208625
-0.86007363
-0.86012691
-0.89728981
-0.80540872
-0.80869305
-0.95117205
-0.88579071
-0.85825795
-0.89079130
-1.05576992
-0.92215103
-0.85182661
-0.91773087
-0.91249579
-0.89435291
-0.89120227
-0.95860738
-0.71756101
-0.67995089
-0.84914809
-0.91901499
-0.88521707
-0.89798188
-0.91159862
-0.97681820
-1.01857591
-1.07732391
-0.97969711
-1.06417584
-1.17622113
-1.02624297
-1.25613964
-1.32305372
-1.14589942
-1.09234774
-0.79891944
-0.81675684
-1.01945865
-0.96350950
-1.04134965
-1.26971483
-1.39360273
-1.51166809
-1.21634567
-1.20510256
-0.96490347
-0.64820981
-0.56163967
-0.41764826
-0.53607583
-0.65051258
-0.95320255
-1.16969812
-1.15141618
-0.96377051
-0.99343532
-1.05424666
-1.07556581
-0.89832515
-0.96007842
-1.00276959
-0.86503267
-0.89241284
-0.97958183
-0.90675867
-0.89349633
-1.01376081
-1.00873268
-0.85746819
-0.82836932
-0.87728286
-0.87565839
-0.87978566
-0.86480808
-0.93270689
-0.71963859
-0.69137365
-0.81615555
-0.82680488
-0.86046952
-0.88037443
-0.90908498
-0.95448363
-1.01560879
-1.00868762
-0.91878861
-1.06532168
-1.03116572
-0.95709169
-1.25562572
-1.14974749
-1.05445433
-0.90133989
-0.79392958
-0.90950370
-0.94753826
-0.77668083
-1.02723038
-1.51876056
-1.62247598
-1.71159124
-1.55696321
-1.55690157
-1.09219635
-0.62624043
-0.53806126
-0.38215965
-0.53437656
-0.71064323
-1.01914167
-1.22603405
-1.11021054
-0.98125124
-1.07329440
-1.16474998
-1.09009826
-0.90690011
-0.91826165
-0.92939466
-0.91089320
-0.92225820
-0.95766354
-0.88800424
-0.91970837
-1.04169202
-0.98273158
-0.90335709
-0.90099561
-0.90960556
-0.85903782
-0.81951153
-0.85855150
-0.91528136
-0.73972088
-0.64452136
-0.78720415
-0.83076024
-0.86133647
-0.90376639
-0.92519522
-0.91126758
-0.83348173
-0.78189516
-0.83532947
-0.90097666
-0.89192128
-0.91096985
-1.10446262
-1.04226780
-0.83478153
-0.64989001
-0.68436652
-0.78823853
-0.78298944
-0.73355293
-1.15107417
-1.69725657
-1.62998724
-1.66548204
-1.57999456
-1.58621860
-1.07711589
-0.66436869
-0.65210760
-0.48332638
-0.64231491
-0.71652555
-0.95267022
-1.06256568
-0.91321814
-0.95526916
-1.12174571
-1.15306091
-1.08066392
-0.88941169
-0.81468827
-0.89175498
-0.90645993
-0.92995286
-0.93636912
-0.85515481
-0.86971503
-0.92960703
-0.86913747
-0.86046028
-0.94620031
-0.94376141
-0.81129295
-0.78166384
-0.81866121
-0.84161115
-0.69233388
-0.61295658
-0.76224732
-0.72468942
-0.73768872
-0.87346452
-0.82536054
-0.78553379
-0.70363390
-0.74608219
-0.78569639
-0.70694262
-0.65006793
-0.66972452
-0.84684944
-0.83620483
-0.66093558
-0.66266620
-0.66631860
-0.69585454
-0.69674009
-0.66546214
-0.91529602
-1.11822033
-1.10768533
-1.13332486
-1.22101212
-1.17298448
-0.82513803
-0.56472164
-0.53346676
-0.56194264
-0.59777910
-0.66390699
-0.89812315
-0.92509127
-0.85062730
-0.94299567
-1.05412412
-1.12757587
-1.10031283
-0.91944540
-0.89102566
-0.90440875
-0.85010147
-0.84983599
-0.84189266
-0.83508182
-0.74385428
-0.78731942
-0.70538247
-0.79764622
-0.92396623
-0.84527373
-0.74262792
-0.78868932
-0.76438570
-0.75144106
-0.59384507
-0.59147525
-0.69658381
-0.64770359
-0.64670289
-0.81128079
-0.68290669
-0.67763865
-0.67588007
-0.73492235
-0.73174798
-0.59015727
-0.55760634
-0.62327129
-0.75074536
-0.73808521
-0.76299620
-0.79277265
-0.66218495
-0.70816141
-0.71795017
-0.71657717
-0.76644880
-0.92604786
-0.93252814
-1.14633477
-1.37379086
-1.27385616
-0.93852860
-0.63862967
-0.59611380
-0.59048498
-0.54436654
-0.73993689
-0.94954503
-0.96932411
-0.94042748
-0.99207067
-1.09005582
-1.05349004
-0.93664277
-0.92572623
-0.96129662
-0.80715197
-0.72929209
-0.70776391
-0.81470591
-0.82605720
-0.69166750
-0.74568838
-0.74924690
-0.86115611
-0.89724565
-0.77282590
-0.73125607
-0.73439604
-0.72445041
-0.71854508
-0.68056542
-0.68530917
-0.71448302
-0.60843635
-0.63657820
-0.84755808
-0.59570563
-0.65687430
-0.72383833
-0.63501930
-0.63793290
-0.58072370
-0.74728435
-0.78303152
-0.86503494
-0.88881040
-0.89276785
-0.89452630
-0.78765625
-0.81356144
-0.81842303
-0.69218379
-0.69353330
-0.91771877
-0.96054804
-1.23603404
-1.39973831
-1.27223682
-1.04689360
-0.79133970
-0.64802933
-0.52543831
-0.63185686
-0.85386550
-0.90567976
-0.89029974
-0.83920598
-0.95423669
-1.04403615
-0.82927293
-0.74738067
-0.83427113
-0.74346495
-0.72845292
-0.66387737
-0.67255586
-0.82817400
-0.81661147
-0.67832041
-0.77816015
-0.74073678
-0.80408043
-0.84066904
-0.75129694
-0.67794675
-0.74433762
-0.72298431
-0.72318268
-0.66430247
-0.72946805
-0.67139184
-0.62689954
-0.78939372
-0.93385607
-0.69863647
-0.79455131
-0.82740092
-0.62177801
-0.72484398
-0.82469988
-0.99691343
-0.86746705
-0.83036083
-0.82193798
-0.84088057
-0.82709908
-0.66531664
-0.70033729
-0.83960372
-0.80994397
-0.90445542
-0.99560213
-1.04831088
-1.17354453
-1.09491813
-1.09369969
-0.96772760
-0.73602182
-0.63031834
-0.64453626
-0.74784017
-0.88532352
-0.88695133
-0.76581550
-0.81346464
-0.91391772
-0.83652169
-0.80380476
-0.79835522
-0.77901649
-0.72774285
-0.79858202
-0.68229228
-0.79131579
-0.82500094
-0.79538947
-0.67267722
-0.71474189
-0.66298437
-0.81141555
-0.93250108
-0.88880569
-0.82005066
-0.81706595
-0.72328776
-0.72693807
-0.58250207
-0.80387229
-0.64655638
-0.74524266
-0.94338894
-0.90783477
-0.66802001
-0.84647256
-0.80500841
-0.56323087
-0.76762444
-0.92939967
-0.98465651
-0.87539971
-0.77509326
-0.81369376
-0.88971519
-0.85546315
-0.68888682
-0.71937835
-0.72127408
-0.81705368
-0.96386069
-1.06845725
-1.11980164
-0.96194309
-1.07905781
-1.19272542
-1.06264210
-0.77653205
-0.82188892
-0.79876298
-0.77109164
-0.93611777
-0.93949938
-0.81778365
-0.89550918
-0.95322299
-1.02493358
-0.95981890
-0.88166380
-0.85495174
-0.83095801
-0.80489498
-0.73308748
-0.88153458
-0.86430562
-0.84753984
-0.84687418
-0.89350951
-0.80561560
-0.92390400
-1.04254758
-1.02319527
-0.91068840
-0.80116427
-0.64046532
-0.67783105
-0.57091379
-0.83528227
-0.65339714
-0.85691434
-0.92073226
-0.78833252
-0.61136520
-0.83774835
-0.74057704
-0.48486078
-0.65477049
-0.77625233
-0.80876631
-0.77624243
-0.87278742
-0.93159044
-0.87041736
-0.81715095
-0.74218386
-0.73369098
-0.70519394
-0.75004441
-0.94438040
-1.08015788
-0.94390076
-0.88602197
-1.10160208
-1.15412617
-1.09060538
-0.87051624
-0.91238683
-0.79714376
-0.75734818
-0.92478830
-0.89178246
-0.87668413
-0.95599240
-1.00046849
-1.17634749
-0.95880395
-0.84486777
-0.84807497
-0.83729768
-0.77976948
-0.75102657
-0.80852443
-0.80046350
-0.83641124
-0.93397629
-1.03768671
-0.97476375
-1.00926101
-1.05882394
-0.98187035
-0.83414906
-0.73037994
-0.63782370
-0.74151427
-0.58296537
-0.76016408
-0.60194802
-0.83611399
-0.98020458
-0.72864634
-0.71611828
-0.98255002
-0.83100641
-0.57601792
-0.76016104
-0.77473480
-0.73639470
-0.80964130
-0.93411195
-0.88538009
-0.68121350
-0.66788942
-0.63542223
-0.71882123
-0.67255050
-0.76273799
-0.97410744
-1.04529631
-0.90794522
-0.93005592
-1.03410375
-1.04901063
-1.00281537
-0.90610731
-0.98208827
-0.85825521
-0.87230927
-1.09322524
-1.02910399
-0.97618932
-0.99207884
-1.00544775
-1.06259716
-0.84126157
-0.82420439
-0.90068823
-0.90980750
-0.97493726
-0.88034880
-0.92565012
-0.85323000
-0.96069872
-0.96039444
-0.90181005
-0.96868235
-1.04793096
-1.02158785
-0.95923847
-0.84589911
-0.73365778
-0.70333672
-0.85689008
-1.11091077
-1.10283136
-1.09044015
-1.09992254
-1.16217113
-1.22388232
-1.20707393
-1.13929725
-1.08047330
-1.06977117
-1.15334368
-1.22159398
-1.20394349
-1.12642050
-1.13794684
-1.28250325
-1.33875597
-1.14399278
-0.78856677
-0.52788717
-0.47632945
-0.46189019
-0.35373157
-0.46589655
-0.54828954
-0.55817240
-0.64405870
-0.90160406
-1.18590426
-1.31538153
-1.25198483
-1.12368560
-1.08956110
-1.20128024
-1.38966465
-1.53501916
-1.58457291
-1.52474511
-1.41026449
-1.29675484
-1.25817704
-1.28779829
-1.25474072
-1.12257159
-1.01526594
-1.08553338
-1.29903483
-1.26723647
-1.03634787
-0.97071415
-0.89500958
-1.02493727
-1.02356398
-0.92263746
-0.88873798
-0.88634968
-0.94038022
-1.01886809
-1.18463194
-1.18522036
-1.16736221
-1.19251704
-1.26821017
-1.30529928
-1.25591922
-1.14272475
-1.04786575
-1.01629162
-1.10238385
-1.17689788
-1.16136456
-1.10228837
-1.14086306
-1.27224600
-1.31790388
-1.14500725
-0.80074674
-0.56196642
-0.50770825
-0.43921265
-0.41062033
-0.56072372
-0.62264568
-0.70176160
-0.77537352
-0.98845196
-1.26363587
-1.35829866
-1.26540816
-1.13587284
-1.04446137
-1.11164153
-1.28467643
-1.43671906
-1.51484597
-1.48767829
-1.36027467
-1.25640452
-1.20587826
-1.22209418
-1.17391789
-1.05049133
-0.94803613
-1.02280223
-1.22749805
-1.19204509
-0.99515325
-0.93264145
-0.85629183
-1.00913680
-0.97980255
-0.85896033
-0.79147387
-0.81173337
-0.92114890
-0.99154907
-1.28934860
-1.28895736
-1.29571736
-1.32190740
-1.37407863
-1.38208473
-1.29885411
-1.16543889
-1.05497932
-1.01227510
-1.07802784
-1.13559484
-1.13599515
-1.09671259
-1.09510839
-1.18823695
-1.26203096
-1.15615284
-0.79753435
-0.63393122
-0.60180390
-0.57335567
-0.54858446
-0.62128252
-0.70622772
-0.80669856
-0.87785864
-1.06346059
-1.27864623
-1.34354305
-1.27501535
-1.12394834
-0.99258864
-1.00298464
-1.11706030
-1.25641453
-1.37721419
-1.35222554
-1.27033770
-1.21208036
-1.21105981
-1.19579601
-1.09111583
-0.96630627
-0.89401138
-1.00595832
-1.19081497
-1.13404858
-0.95007938
-0.88054651
-0.81189728
-0.95978898
-0.92314899
-0.79974741
-0.71810991
-0.74498999
-0.82063246
-0.89502883
-1.37354434
-1.37742615
-1.39583027
-1.41959476
-1.45155358
-1.42043924
-1.31137061
-1.18326378
-1.05618119
-1.01578045
-1.03145194
-1.05130816
-1.06771326
-1.02675879
-0.98140275
-1.02258337
-1.09569967
-1.02637887
-0.73000383
-0.65360248
-0.66330123
-0.68219155
-0.67759460
-0.66654027
-0.72018933
-0.77350587
-0.90716505
-1.00766826
-1.16390073
-1.26868010
-1.25953901
-1.10756040
-0.97264552
-0.92822677
-0.94933707
-1.09090078
-1.19464064
-1.19281602
-1.17646289
-1.18573403
-1.24920118
-1.18048847
-1.04663336
-0.91280681
-0.88124496
-1.05898738
-1.18730664
-1.09360850
-0.88131756
-0.82642674
-0.77615720
-0.94346637
-0.85368198
-0.73213261
-0.65482843
-0.64999157
-0.69421709
-0.73066056
-1.41831696
-1.42305732
-1.44205701
-1.47155035
-1.48358166
-1.43395102
-1.34619439
-1.19383144
-1.07308948
-1.02319443
-0.99752241
-0.99658853
-1.01371932
-0.98919690
-0.92281109
-0.88215125
-0.88455892
-0.83191365
-0.68712801
-0.63844568
-0.63669991
-0.68173766
-0.74015349
-0.68216789
-0.59490913
-0.62460560
-0.78320223
-0.86931056
-0.99988842
-1.13857484
-1.17846227
-1.08809364
-0.97885692
-0.92712355
-0.92966974
-1.06652331
-1.11476839
-1.09191203
-1.08848023
-1.19971681
-1.27176929
-1.19410062
-1.04238951
-0.89589262
-0.94067478
-1.10242963
-1.17625570
-1.06321144
-0.81849813
-0.77962834
-0.80884331
-0.92633832
-0.79978955
-0.70315647
-0.64256209
-0.63255858
-0.60221875
-0.58252692
-1.41915751
-1.41857457
-1.43676150
-1.46940827
-1.46455026
-1.43303537
-1.35567987
-1.20419562
-1.11773109
-1.06488025
-1.01561618
-1.01265645
-1.04745865
-1.03713214
-0.94207758
-0.86567199
-0.83014810
-0.80185270
-0.73358160
-0.67178845
-0.63492310
-0.68150336
-0.74801487
-0.68216324
-0.53299749
-0.55133539
-0.72480875
-0.82127076
-0.88011932
-1.00762451
-1.08614635
-1.06914723
-1.01278877
-0.98190784
-1.07145083
-1.19109392
-1.13518953
-1.04054868
-1.07420325
-1.26656580
-1.31129551
-1.21674883
-1.03791630
-0.94521797
-1.04162657
-1.16373205
-1.19459975
-1.06689930
-0.78390378
-0.75441778
-0.84784979
-0.90212494
-0.83705682
-0.79001713
-0.76864952
-0.73860800
-0.66641480
-0.57546407
-1.38375556
-1.36470246
-1.38827717
-1.41460788
-1.42060971
-1.39922881
-1.32818985
-1.23954701
-1.18822348
-1.12950528
-1.08808208
-1.10707319
-1.11201465
-1.09377778
-1.02302837
-1.01072693
-1.00879478
-0.95747119
-0.89851892
-0.77418411
-0.69121081
-0.75199050
-0.83794922
-0.77267992
-0.70032912
-0.72758299
-0.86108381
-0.89749718
-0.89984924
-0.99176848
-1.09951198
-1.12608445
-1.07735026
-1.10514617
-1.25288391
-1.31249475
-1.16820967
-1.05916321
-1.13939750
-1.33120227
-1.33690202
-1.21273804
-1.06678116
-1.06545007
-1.19735396
-1.25024498
-1.22744954
-1.07546842
-0.77827132
-0.77138335
-0.87678653
-0.91837823
-0.94733930
-0.91069782
-0.91554862
-0.90814787
-0.83407706
-0.71781528
-1.32419634
-1.29162431
-1.30091548
-1.33375239
-1.35727274
-1.35184968
-1.33348489
-1.28732431
-1.24929261
-1.19418573
-1.15492046
-1.18691230
-1.19824803
-1.19504046
-1.14543271
-1.21849668
-1.26231050
-1.19333565
-1.05755830
-0.90429294
-0.87595582
-0.99496120
-1.00754333
-0.95931357
-0.96416122
-0.98120439
-1.02515757
-1.04498684
-1.01857197
-1.08679807
-1.15911818
-1.22709441
-1.19700253
-1.28909624
-1.40200818
-1.34859896
-1.17385864
-1.10969532
-1.21205831
-1.34651840
-1.32046390
-1.18285000
-1.12434340
-1.19074833
-1.27994668
-1.26523316
-1.23407221
-1.07868242
-0.84197170
-0.85446495
-0.88200110
-0.90975922
-0.98121756
-0.98759508
-0.99801904
-0.99549365
-0.95541489
-0.86985725
-1.28051186
-1.23461068
-1.21959889
-1.26266694
-1.28540778
-1.31153321
-1.32303143
-1.29326761
-1.26103759
-1.21191931
-1.18158221
-1.22463036
-1.25395918
-1.24183977
-1.28065920
-1.43354571
-1.47091186
-1.35447812
-1.12864256
-1.08703434
-1.13242292
-1.30426991
-1.13459647
-1.09682262
-1.08282411
-1.14665186
-1.15006459
-1.13216376
-1.10423994
-1.10396743
-1.18443716
-1.24824142
-1.30264306
-1.42713451
-1.45283628
-1.31252837
-1.14593720
-1.12191403
-1.23227119
-1.31660473
-1.25431037
-1.13106990
-1.11496997
-1.17592704
-1.20162058
-1.19341815
-1.17745650
-1.05464017
-0.87790847
-0.88660276
-0.85181779
-0.82328856
-0.90237975
-0.94425374
-0.94486123
-0.96434861
-0.94474268
-0.87975866
-1.26419663
-1.20573974
-1.18518817
-1.21998549
-1.23722041
-1.27305973
-1.27925694
-1.26014090
-1.24015749
-1.19750953
-1.17685640
-1.21000409
-1.23088896
-1.24561465
-1.39032400
-1.51744699
-1.54894900
-1.31059766
-1.19762278
-1.09240520
-1.38120019
-1.35409474
-1.20689797
-1.16152751
-1.20921147
-1.20134866
-1.12780285
-1.09284937
-1.05671823
-1.08272231
-1.13518512
-1.20287251
-1.36718595
-1.51234162
-1.47202063
-1.25328076
-1.10111415
-1.10033369
-1.19357610
-1.21190667
-1.13731337
-1.01073432
-1.01423645
-1.02260184
-1.00966215
-1.03144872
-1.02787328
-0.93131441
-0.83543813
-0.83863187
-0.79243916
-0.73011309
-0.78167045
-0.82897043
-0.82982582
-0.82844919
-0.82038176
-0.80285293
-1.21021700
-1.16282701
-1.13920403
-1.13116610
-1.14397991
-1.15379381
-1.16763413
-1.17327142
-1.16484857
-1.11441886
-1.07203639
-1.08338773
-1.07873201
-1.17462265
-1.39352429
-1.50142491
-1.38483942
-1.16850817
-1.04658949
-1.17122328
-1.39245617
-1.22843945
-1.21141982
-1.34142196
-1.34446836
-1.24944842
-1.03112054
-1.01409042
-0.97868931
-1.16515458
-1.20260811
-1.23870134
-1.47769332
-1.55998909
-1.46418691
-1.23647714
-1.06752300
-1.06999731
-1.06570768
-1.02665305
-0.96573555
-0.89270711
-0.90000796
-0.85008693
-0.79526621
-0.83644092
-0.83925223
-0.78802055
-0.76246631
-0.76397258
-0.71008927
-0.66602761
-0.70036250
-0.73480105
-0.71950084
-0.67675918
-0.66284359
-0.70762491
-1.06214714
-1.05386627
-1.01033533
-0.99540442
-0.98086125
-0.96242338
-0.98928201
-1.01149499
-0.99557710
-0.95483756
-0.92947197
-0.93795365
-0.93316811
-1.09373641
-1.32607543
-1.41455495
-1.19418943
-0.95275229
-0.75501651
-1.19014359
-1.20870733
-1.06658888
-1.27278185
-1.45561695
-1.47548354
-1.24446309
-1.10439575
-1.00761545
-1.05520391
-1.16554880
-1.23391843
-1.38219750
-1.51193011
-1.46630692
-1.39500093
-1.24644113
-1.07121062
-0.97181445
-0.87568313
-0.82351017
-0.82013071
-0.82749069
-0.82289177
-0.73049641
-0.67193711
-0.70675510
-0.72078073
-0.68367040
-0.69906014
-0.69047308
-0.65010494
-0.63795090
-0.65902007
-0.67536640
-0.63283616
-0.55288285
-0.57250994
-0.65969622
-0.89188170
-0.91466630
-0.89305961
-0.86356729
-0.81891918
-0.78453577
-0.81681597
-0.83633387
-0.82501829
-0.81674349
-0.83261961
-0.84893835
-0.93687558
-1.16441023
-1.35341585
-1.34540427
-0.98408788
-0.61298740
-0.72824579
-1.24245560
-0.95134127
-0.88272750
-1.19048595
-1.43918729
-1.48626888
-1.33942461
-1.05450451
-1.04340351
-0.93789113
-1.00852263
-1.20780122
-1.35910201
-1.36571980
-1.28333712
-1.24032342
-1.12539458
-0.98080707
-0.84343302
-0.72966182
-0.72394264
-0.77802962
-0.84104729
-0.83327174
-0.74367452
-0.67024356
-0.69153482
-0.67667413
-0.63910407
-0.66338038
-0.64865458
-0.59744489
-0.59485608
-0.60864073
-0.63620752
-0.55615646
-0.48163828
-0.54835379
-0.64464110
-0.76785499
-0.80802745
-0.82720751
-0.79507124
-0.73334074
-0.68051106
-0.68291318
-0.70646369
-0.71848029
-0.72819132
-0.76877284
-0.82244438
-1.00210190
-1.29455590
-1.39964950
-1.22459686
-0.77658468
-0.42169628
-0.95770562
-1.12857378
-0.82977110
-0.88306743
-1.10588813
-1.40744209
-1.62084675
-1.43740070
-1.07382548
-0.90929747
-0.79920131
-0.87032646
-1.08041036
-1.23561144
-1.30167067
-1.14334309
-1.05870163
-0.94349402
-0.88455492
-0.77300280
-0.71861696
-0.70690960
-0.79559135
-0.87593967
-0.90248245
-0.81728697
-0.73235768
-0.72127074
-0.70268011
-0.67826170
-0.70893204
-0.67399919
-0.61108136
-0.61201036
-0.65951759
-0.68393832
-0.60249722
-0.51612347
-0.58131754
-0.64201128
-0.71738005
-0.77200830
-0.81176692
-0.78915465
-0.72760564
-0.66253680
-0.63152593
-0.66485727
-0.68612862
-0.70666379
-0.72227812
-0.78533483
-1.04227519
-1.32170534
-1.31171262
-0.94719708
-0.50338453
-0.55300361
-1.09071827
-1.00371814
-0.81087124
-0.93789631
-1.15993202
-1.38779497
-1.49329400
-1.30244184
-1.06660020
-0.99073005
-0.98742837
-1.08511031
-1.00541961
-0.95842397
-1.12443936
-1.02842963
-0.98003352
-0.86606735
-0.82899821
-0.79727495
-0.75282896
-0.73179305
-0.77202100
-0.86104101
-0.91512918
-0.86756438
-0.80225271
-0.78459483
-0.78478086
-0.79226643
-0.80105329
-0.77617109
-0.73475236
-0.77091092
-0.84773397
-0.87580490
-0.77549386
-0.67554963
-0.70422471
-0.74636197
-0.74899906
-0.80925918
-0.83547866
-0.81004280
-0.77279025
-0.71348095
-0.68179512
-0.69654495
-0.71781409
-0.72978061
-0.71801853
-0.75993270
-1.07767892
-1.32176614
-1.21930599
-0.67691994
-0.26488465
-0.63394308
-1.14942062
-1.11660504
-0.86761391
-1.01338387
-1.15946651
-1.29342294
-1.12595260
-1.16165328
-1.19516933
-1.16368878
-1.13837206
-1.11660826
-1.07325900
-0.87007809
-0.93265170
-1.05067325
-0.99606025
-0.91738290
-0.83988565
-0.84215981
-0.81942064
-0.77316463
-0.75535482
-0.81814414
-0.89829648
-0.91346931
-0.87871325
-0.86146551
-0.88387364
-0.92194277
-0.93365961
-0.92227417
-0.90762597
-0.98293775
-1.04290390
-1.02994156
-0.94605029
-0.90703255
-0.91059750
-0.90007293
-0.84760463
-0.87507731
-0.88960439
-0.89618224
-0.86672032
-0.81939512
-0.79223233
-0.79420066
-0.78534240
-0.77305108
-0.74369508
-0.80121273
-1.13106966
-1.37201965
-1.09660172
-0.50087953
-0.23559354
-0.67126870
-1.14405441
-1.24814272
-1.02117395
-1.07965302
-1.04396677
-1.07710254
-1.30095446
-1.17367601
-1.01854169
-0.83216596
-1.04670668
-1.21228957
-1.09689319
-0.75738865
-0.75941169
-0.97985280
-0.97272813
-1.04043865
-0.89942926
-0.90381813
-0.92438424
-0.88583636
-0.83524925
-0.85235578
-0.93859714
-0.99015278
-0.96626246
-0.93890482
-0.96235502
-1.01787210
-1.03153121
-1.02853382
-1.03170609
-1.08363855
-1.11210632
-1.07308841
-1.05041897
-1.04844689
-1.04129839
-1.00293756
-0.96633917
-0.95822448
-0.97103471
-0.99598569
-0.96871269
-0.93256265
-0.90486276
-0.87607068
-0.83035976
-0.78749537
-0.77869916
-0.85052407
-1.19529307
-1.33750892
-0.96441674
-0.40250754
-0.29434341
-0.72356707
-1.18011069
-1.28825891
-1.08986890
-1.14622414
-0.96284473
-1.22231281
-1.17273962
-1.02309859
-0.86007470
-0.68420082
-0.79254109
-1.05111408
-0.92538309
-0.76502752
-0.72440195
-0.85555184
-0.94022828
-1.11368573
-0.94038653
-0.98180830
-1.06339622
-1.03740871
-0.97142321
-0.95834917
-1.00571311
-1.04741490
-1.04684770
-1.01237214
-1.00702560
-1.04701090
-1.05816662
-1.05958462
-1.06419933
-1.09830403
-1.09476447
-1.05022609
-1.04921305
-1.07207513
-1.06376100
-1.03618968
-1.04661489
-1.03082347
-1.02422547
-1.03057647
-1.01162589
-0.98009264
-0.93910438
-0.92232132
-0.88198787
-0.84774339
-0.83762240
-0.93399799
-1.26918435
-1.31297469
-0.88213265
-0.36218065
-0.31047145
-0.78711730
-1.16370451
-1.22914982
-1.26147330
-1.25513101
-1.08344173
-0.94140732
-0.80654240
-0.92093116
-1.10880327
-0.90247250
-0.81077230
-0.75296295
-0.76900667
-0.84162980
-0.88075393
-0.83388579
-0.92847770
-1.08138335
-0.99434036
-1.04457176
-1.11006391
-1.10443914
-1.06490803
-1.05514050
-1.04212749
-1.05816042
-1.06880426
-1.05141664
-1.03804541
-1.04478717
-1.04605007
-1.04818451
-1.06161237
-1.09760869
-1.08542597
-1.04141092
-1.03078842
-1.03977740
-1.04605281
-1.04328370
-1.07603145
-1.06461632
-1.03143573
-1.01528323
-1.01695466
-0.99717784
-0.95785135
-0.95303267
-0.95005691
-0.93437761
-0.92141640
-1.07145870
-1.39366102
-1.34091568
-0.84479588
-0.32102373
-0.31659874
-0.81057370
-1.18443072
-1.28108180
-1.26488972
-1.20257115
-0.98874432
-0.70795989
-0.67802685
-1.00448501
-1.00858557
-0.71909428
-0.68682867
-0.77472180
-0.89662790
-1.00931847
-0.77292013
-0.75859493
-0.87870216
-1.07645392
-1.02659142
-1.04968679
-1.07822895
-1.07235765
-1.08760059
-1.09839129
-1.05942190
-1.04294479
-1.04686654
-1.06286502
-1.05548096
-1.04689193
-1.03972971
-1.02980030
-1.06006193
-1.09692371
-1.08588016
-1.03919566
-1.03249645
-1.03834760
-1.05146635
-1.05298924
-1.07739925
-1.07188654
-1.03567505
-1.01773405
-1.03828204
-1.03618622
-1.02036345
-1.00525033
-0.99446255
-0.97447449
-1.02556896
-1.19643044
-1.49347425
-1.37895644
-0.85593581
-0.34534180
-0.31008145
-0.82469785
-1.18460810
-1.27731383
-1.18415010
-1.19540119
-0.99356598
-0.71151817
-0.62068623
-0.64757168
-0.63544261
-0.94704407
-0.88493651
-0.70829779
-0.89301658
-0.91885775
-0.72942859
-0.77440518
-0.94971752
-1.06110215
-1.03690255
-1.05518830
-1.05280113
-1.02991760
-1.06283343
-1.08425510
-1.06278920
-1.03770804
-1.04483187
-1.07049537
-1.05488622
-1.03483987
-1.02409399
-1.02090490
-1.06503582
-1.07295001
-1.04263663
-1.04224551
-1.06305540
-1.06113553
-1.04639399
-1.03756702
-1.06743062
-1.07218206
-1.06016755
-1.05688143
-1.07132447
-1.08811986
-1.07747185
-1.04865336
-0.99813390
-1.00429857
-1.08089864
-1.26894414
-1.53917694
-1.39950442
-0.90809304
-0.42801824
-0.34730771
-0.83640301
-1.14081013
-1.21235752
-1.29311633
-1.35581887
-1.01611269
-0.66550940
-0.57459438
-0.54155713
-0.81709480
-1.08872676
-0.87587535
-0.76188689
-0.92626047
-0.92042893
-0.76207274
-0.80825472
-1.03833711
-1.04471731
-1.07714570
-1.07365489
-1.05296874
-1.02356052
-1.04780400
-1.07982802
-1.07184923
-1.05880785
-1.07869697
-1.09736621
-1.06808424
-1.03311503
-1.00079310
-1.00225484
-1.06085742
-1.07247686
-1.05139792
-1.05544281
-1.08066571
-1.06842542
-1.04641163
-1.03480792
-1.06812704
-1.07971716
-1.07313061
-1.06411421
-1.07850957
-1.08848059
-1.07767475
-1.05555987
-1.01057839
-1.02133834
-1.07001352
-1.28154945
-1.54008591
-1.38258636
-0.95925337
-0.51683134
-0.40890118
-0.85912299
-1.06523657
-1.20894861
-1.26989055
-1.27263427
-0.91595930
-0.65171480
-0.63266641
-0.72529322
-0.79199743
-0.89250988
-0.88249463
-1.15825284
-1.15902841
-1.03047359
-0.84108967
-0.90942889
-1.13675213
-1.05412412
-1.09825051
-1.06711674
-1.04388833
-1.06211233
-1.09806299
-1.11846852
-1.10041964
-1.09079647
-1.10850966
-1.12284207
-1.11269760
-1.06426215
-1.00872505
-1.01236379
-1.07158124
-1.09045649
-1.06550550
-1.03941977
-1.07532108
-1.08381021
-1.08941758
-1.05585384
-1.05680215
-1.07288742
-1.05187523
-1.05308008
-1.07257700
-1.08231008
-1.06020927
-1.04299283
-1.04184496
-1.04396522
-1.05709648
-1.26750660
-1.49884725
-1.35536003
-0.98216480
-0.56210130
-0.52106982
-0.84738725
-0.98976088
-1.21119463
-1.29569077
-1.22286391
-1.04794776
-0.76553637
-0.52986836
-0.51704270
-0.59327322
-0.80553442
-1.10603666
-1.33031821
-1.25509894
-1.02015245
-0.95057178
-1.15756762
-1.08901656
-0.98598468
-1.06727326
-1.04244769
-1.06234443
-1.09390426
-1.14900827
-1.14012945
-1.14068305
-1.12946713
-1.11878824
-1.12690687
-1.15305340
-1.09621215
-1.05332863
-1.05607069
-1.08251011
-1.07083535
-1.02463412
-1.00644839
-1.06542420
-1.13102186
-1.12275910
-1.04569590
-1.04304850
-1.06936073
-1.05856812
-1.06768453
-1.08960128
-1.09346080
-1.03940129
-1.05172825
-1.08715105
-1.09765315
-1.10402989
-1.26968408
-1.41347015
-1.30371463
-0.96247452
-0.65369672
-0.68371338
-0.82844257
-0.97114509
-1.26185036
-1.42956161
-1.36854649
-1.22689617
-0.84143597
-0.57687187
-0.57350963
-0.54075533
-0.77988482
-1.02786207
-1.17741919
-1.12227619
-0.93486935
-1.03348768
-1.12806356
-0.98348451
-0.94431931
-1.05115604
-1.06846201
-1.04515040
-1.08496916
-1.10935676
-1.12972760
-1.15182006
-1.14800179
-1.11882091
-1.10838628
-1.11568630
-1.07639623
-1.06990516
-1.05302179
-1.06515050
-1.03160834
-1.00926173
-0.99527574
-1.04672909
-1.10602212
-1.12407148
-1.05360091
-1.08008373
-1.09929633
-1.08507144
-1.09943652
-1.11973667
-1.11624396
-1.06861794
-1.08130074
-1.10305464
-1.13798547
-1.17542470
-1.26765239
-1.34577453
-1.21624398
-0.91802710
-0.76569289
-0.80557150
-0.84126157
-0.97326791
-1.18868995
-1.41433775
-1.45797956
-1.36683154
-1.05618107
-0.82091612
-0.60483503
-0.57488632
-0.66792786
-0.94558376
-1.02667832
-0.94069403
-0.81726879
-0.99377388
-0.99565434
-0.95960253
-0.98847914
-1.09227908
-1.06863141
-1.04405653
-1.04867435
-1.06569481
-1.10385478
-1.12391007
-1.11643553
-1.06087148
-1.03893995
-1.02885437
-1.01192451
-1.01800978
-1.02204800
-1.01122010
-1.01845145
-1.01314878
-0.99166644
-1.00058973
-1.06683016
-1.09852445
-1.07943666
-1.13371575
-1.11553943
-1.11231089
-1.11177027
-1.10993326
-1.12010252
-1.08512437
-1.05967784
-1.03056300
-1.11575472
-1.15650463
-1.25222516
-1.26521122
-1.10171664
-0.91008919
-0.87196916
-0.85930449
-0.85644406
-0.93560535
-1.05774271
-1.35606074
-1.44752085
-1.44858849
-1.14446986
-0.74351507
-0.50630146
-0.57750392
-0.70410711
-1.00622261
-0.89102763
-0.77806354
-0.86260223
-1.01210546
-1.01920462
-0.95929366
-1.02579796
-1.06295025
-1.02074075
-1.04104352
-1.07288146
-1.08976638
-1.10177004
-1.11314631
-1.07414031
-1.03252923
-1.00123382
-0.96842861
-0.95332313
-0.99781990
-1.02714813
-1.01325965
-1.01103079
-1.01479936
-1.03813899
-1.05034959
-1.07567084
-1.08113170
-1.06518424
-1.05349565
-1.08990729
-1.13317227
-1.11930358
-1.09811270
-1.09458518
-1.06215906
-1.03253746
-0.97584891
-1.05578876
-1.09643912
-1.22630823
-1.19790649
-1.06260872
-0.94345969
-0.89861256
-0.83929473
-0.85587901
-0.88650781
-0.98315847
-1.24700916
-1.37516868
-1.44161212
-1.11651719
-0.63175607
-0.44546518
-0.54657221
-0.75173521
-1.05699527
-0.86901909
-0.84987622
-0.95766795
-0.94243598
-0.96853274
-0.95791310
-1.00610983
-0.99427885
-0.99112946
-1.03425646
-1.07066000
-1.08119965
-1.11411655
-1.11154449
-1.08929706
-1.09008849
-1.02938020
-0.98232222
-0.95087844
-1.02253497
-1.07150483
-1.03509569
-1.02901483
-1.05021358
-1.10798776
-1.09059680
-1.10077512
-1.11056948
-1.07458603
-0.94739741
-1.02664316
-1.13375401
-1.14173687
-1.13461936
-1.09899843
-1.07166743
-1.05744612
-1.00411117
-0.99733210
-1.06956196
-1.21325576
-1.20584333
-1.12555766
-1.02338338
-0.89327615
-0.81500334
-0.84135598
-0.82445371
-0.95978040
-1.21874893
-1.33786070
-1.38353193
-1.08870566
-0.73616081
-0.56999606
-0.58319694
-0.80175334
-1.11108994
-0.99594259
-0.93216658
-0.89130175
-0.91570705
-0.87541574
-0.87342376
-0.95825970
-0.99103963
-1.00237548
-0.96885949
-0.96375430
-1.01609290
-1.12556052
-1.12015653
-1.09236324
-1.10416842
-1.08156300
-1.04940689
-1.00354373
-1.07504153
-1.06576693
-1.04394114
-1.05608022
-1.05997038
-1.07365668
-1.04367805
-1.08405411
-1.08173871
-1.05951703
-0.84687757
-0.93289536
-1.04128838
-1.10969090
-1.14093924
-1.07880962
-1.03367972
-1.02335155
-0.99493551
-0.95203376
-0.98422468
-1.16804779
-1.21850145
-1.15987790
-1.02127445
-0.90059930
-0.86284494
-0.81070065
-0.79048049
-0.89324969
-1.20341420
-1.30709529
-1.31161070
-1.15805089
-0.93974108
-0.61021292
-0.52058393
-0.88241601
-1.08392787
-1.18435621
-0.96619493
-0.88381416
-0.87692744
-0.74062324
-0.83735532
-0.87205827
-0.91891074
-0.96178108
-0.91779619
-0.88857841
-0.96771508
-1.07646239
-1.04214501
-1.04608881
-1.09114385
-1.15074277
-1.07564712
-1.05847955
-1.05134201
-0.99907839
-0.99139911
-1.01097965
-1.01482880
-0.99359840
-0.97397119
-0.98744255
-0.98810017
-0.97717118
-0.80893087
-0.84307939
-0.93145084
-1.01794267
-1.03007579
-0.96976298
-0.91203266
-0.88926357
-0.91708273
-0.83718556
-0.83144593
-1.02945304
-1.11338234
-1.10647619
-0.99554056
-0.94103593
-0.88932008
-0.81557184
-0.73866057
-0.76525861
-1.06226659
-1.25607622
-1.38980198
-1.18732226
-0.84179807
-0.49810132
-0.54166049
-0.80918437
-1.05882192
-1.19744754
-0.97198230
-0.85030955
-0.80112898
-0.74776429
-0.86303729
-0.76675904
-0.84438610
-0.93406606
-0.89191890
-0.82830638
-0.90327257
-0.98163903
-0.98237836
-0.98596478
-1.04724061
-1.09019029
-1.01094913
-1.04166019
-0.99754024
-0.93793315
-0.92806488
-0.92268759
-0.88703620
-0.89115304
-0.84612477
-0.81773806
-0.86540043
-0.88621980
-0.78735751
-0.79507673
-0.81357980
-0.84550083
-0.86224645
-0.86182445
-0.74315280
-0.70469511
-0.75123787
-0.70609182
-0.73318774
-0.89988917
-1.01014459
-1.10108066
-1.02127326
-0.95065761
-0.87908083
-0.77517599
-0.73839575
-0.76527846
-0.95751303
-1.09739244
-1.31097138
-1.37559128
-0.89299506
-0.46603593
-0.53090775
-0.86920857
-1.09441471
-1.08557701
-0.90531182
-0.87159890
-0.71160084
-0.87800509
-0.90753108
-0.78924209
-0.81169403
-0.90083915
-0.87710667
-0.83037627
-0.85676241
-0.91610992
-0.93913311
-0.94453877
-0.95983315
-0.90520084
-0.91496485
-0.97521752
-0.94745165
-0.92284995
-0.91012901
-0.87399900
-0.83999890
-0.82222706
-0.72530705
-0.73134959
-0.79607958
-0.83756250
-0.73945695
-0.72019398
-0.70071840
-0.66073579
-0.71955717
-0.72237486
-0.63174468
-0.57995123
-0.60426909
-0.63398480
-0.70009118
-0.86700010
-0.99029237
-1.07132244
-1.01200485
-0.91362131
-0.82439017
-0.70734847
-0.77384603
-0.82533401
-0.91443610
-0.92593002
-1.28152585
-1.48237729
-1.09743989
-0.69548059
-0.69996303
-0.84381610
-1.16006744
-1.17453742
-1.05059838
-0.83239019
-0.81926632
-0.98826116
-0.87325948
-0.78703427
-0.78613514
-0.84048647
-0.85782099
-0.85793179
-0.88497788
-0.85756141
-0.82404131
-0.86289442
-0.83166891
-0.81493038
-0.87800348
-0.85080111
-0.84064776
-0.87126344
-0.88751829
-0.89835352
-0.91786897
-0.89738929
-0.83123279
-0.80105525
-0.78622282
-0.78261220
-0.66952521
-0.68598628
-0.65590602
-0.61732984
-0.61450410
-0.59126431
-0.58808231
-0.55500281
-0.53909039
-0.59945983
-0.71181858
-0.92478168
-0.99648792
-1.03085876
-0.91348821
-0.86244154
-0.82507002
-0.69744116
-0.81386060
-0.78992385
-0.91302592
-0.88801491
-1.23195887
-1.44393814
-1.19080007
-0.99842161
-0.65453792
-0.82776767
-1.08016324
-1.15335000
-1.04256463
-0.82721871
-0.90799445
-0.81684572
-0.75318193
-0.73731488
-0.78057867
-0.79354507
-0.81741935
-0.85239810
-0.84306669
-0.78500950
-0.80439818
-0.89289707
-0.87167674
-0.86274499
-0.87329113
-0.79810101
-0.80979478
-0.84239036
-0.85893053
-0.93242419
-1.01327181
-0.97885931
-0.94379133
-0.86534703
-0.88261998
-0.87389982
-0.69132471
-0.71307927
-0.69527262
-0.70947683
-0.65193892
-0.61528563
-0.64827663
-0.57698905
-0.55512768
-0.62006366
-0.78308374
-1.01507854
-1.01773357
-1.01489007
-0.93878001
-0.96198666
-0.83484745
-0.76811790
-0.91488135
-0.89813191
-0.92626369
-0.99357492
-1.16673875
-1.29000711
-1.25160015
-1.25263202
-0.85798764
-0.69956797
-0.94826376
-0.93809402
-0.65716898
-0.59411728
-0.73144919
-0.71347398
-0.70549822
-0.73934489
-0.78574950
-0.73594654
-0.73620129
-0.78067052
-0.79397070
-0.78289783
-0.85495269
-0.96030766
-0.96262670
-1.00326896
-0.95046031
-0.87939960
-0.86285597
-0.85218692
-0.89379346
-0.97996843
-1.00175929
-0.93703580
-0.92907274
-0.90306461
-1.04066300
-1.02482319
-0.73667371
-0.68752217
-0.77506638
-0.85692900
-0.79926163
-0.74986768
-0.76113582
-0.68044406
-0.70975542
-0.74216092
-0.91340852
-1.09965599
-1.06215811
-1.04403162
-0.95795566
-0.94214284
-0.88441831
-0.89300072
-0.97650182
-0.88081235
-0.94850606
-1.05589628
-1.11597991
-1.01913023
-1.12396145
-1.24061656
-1.01326168
-0.76648432
-0.75232714
-0.64946204
-0.42401457
-0.54111642
-0.55511457
-0.63001132
-0.75252688
-0.76685452
-0.80502719
-0.75741285
-0.73901874
-0.73760134
-0.76671016
-0.77577204
-0.82511783
-0.85187119
-0.95203727
-1.01269662
-0.98726577
-0.91382623
-0.87443656
-0.82757360
-0.88618666
-0.97521591
-0.96816212
-0.92413211
-0.91962183
-1.01408851
-1.06344223
-1.02339101
-0.77455026
-0.73596853
-0.84472930
-0.90984821
-0.84980053
-0.84159946
-0.85517848
-0.80166948
-0.81497592
-0.83101505
-0.97932321
-1.13163376
-1.11244941
-1.12706101
-0.93515813
-0.85009897
-0.91020823
-0.98133284
-0.96362847
-0.84250379
-0.97922987
-1.07698345
-1.08785021
-1.00269210
-0.80925196
-0.87793559
-0.91517401
-0.90282255
-0.86281395
-0.70768666
-0.63026643
-0.58199161
-0.49527615
-0.59272933
-0.70866853
-0.72055399
-0.74198973
-0.73005718
-0.74524885
-0.73779207
-0.73415244
-0.72398090
-0.73503983
-0.75550449
-0.82956898
-0.88455343
-0.88792259
-0.88116807
-0.90238214
-0.83657318
-0.90634751
-1.00078893
-1.02971172
-0.92853898
-1.00238883
-1.05976248
-1.08218193
-1.05506968
-0.76019698
-0.79244602
-0.82523167
-0.81758463
-0.83355910
-0.82881016
-0.78363752
-0.75578117
-0.80179971
-0.79241681
-0.97561675
-1.09355974
-1.08365715
-1.10865724
-0.95006108
-0.86692917
-0.88153636
-0.94377673
-0.91073507
-0.86186695
-0.97543633
-1.09490478
-1.15069008
-1.07828903
-0.81163234
-0.54955554
-0.68082196
-0.92179447
-1.07421291
-0.97456127
-0.80945021
-0.63662440
-0.63364160
-0.62503111
-0.62832439
-0.60234332
-0.60851866
-0.59203559
-0.67262572
-0.64914757
-0.60439306
-0.65531301
-0.66894883
-0.69030786
-0.71177131
-0.78005493
-0.81746978
-0.88192976
-0.92070013
-0.87546736
-0.95010525
-1.04008257
-1.02269542
-0.93583757
-1.02540028
-1.14612913
-1.17042494
-1.16704702
-0.71193844
-0.72743595
-0.66787338
-0.66983706
-0.75351006
-0.73559755
-0.65929794
-0.65673262
-0.69537646
-0.74193531
-0.95377982
-1.06516683
-1.02610552
-1.05137873
-0.97333598
-0.90749413
-0.86916012
-0.83936161
-0.81916863
-0.80055583
-0.93628055
-1.23572528
-1.28540683
-1.29044378
-0.85943162
-0.58520347
-0.57324362
-0.92888927
-1.06780314
-1.07740271
-0.87272823
-0.71590757
-0.76360041
-0.70825773
-0.69575328
-0.58691573
-0.58465731
-0.56488264
-0.65935421
-0.54474097
-0.57451791
-0.67097622
-0.67796826
-0.66224235
-0.72446924
-0.77505523
-0.80539221
-0.85669339
-0.91239536
-0.88960052
-0.95442748
-0.97223258
-0.91099393
-0.92609495
-1.03859878
-1.09958506
-1.10968435
-1.12449324
-0.67069262
-0.64398676
-0.56466126
-0.60820729
-0.63184017
-0.60561150
-0.55160165
-0.58095759
-0.61927050
-0.75021303
-0.98434693
-1.08252144
-0.99147391
-1.06428611
-0.97266114
-0.94019210
-0.91574830
-0.78583086
-0.73749161
-0.73057383
-1.12439299
-1.32646179
-1.30963957
-1.19947124
-0.99027508
-0.74705440
-0.85129333
-0.96145773
-1.02234304
-1.11263025
-0.94784230
-0.78108412
-0.82465357
-0.82171661
-0.84647691
-0.67483377
-0.66132569
-0.70600826
-0.76789576
-0.70563000
-0.71965373
-0.69956434
-0.62864494
-0.70658249
-0.79009742
-0.77544242
-0.80188781
-0.82872963
-0.88657916
-0.89517593
-0.90651041
-0.88375163
-0.88608718
-0.98278749
-1.04077744
-0.92872244
-0.89898062
-0.97269720
-0.64315873
-0.58894694
-0.59950989
-0.65752953
-0.57560545
-0.52431464
-0.55968434
-0.51668465
-0.57716578
-0.74059975
-1.01648355
-1.12905920
-1.08625972
-1.09408379
-0.89087510
-0.90120852
-0.98379397
-0.78547651
-0.68772727
-0.80696791
-1.25868893
-1.25034344
-1.08368647
-1.00324690
-0.75935698
-0.75318319
-0.98844117
-0.97969258
-0.95314884
-0.98085010
-0.97734034
-0.92935038
-0.90734673
-0.99888647
-0.93825954
-0.75870341
-0.80226910
-0.86484331
-0.89204627
-0.87972379
-0.85333699
-0.77506143
-0.66030502
-0.67389250
-0.75279880
-0.77185881
-0.81651956
-0.82476687
-0.90177464
-0.90988165
-0.91064900
-0.92754203
-0.91605181
-0.97182202
-0.92391944
-0.83557653
-0.82068437
-0.82951146
-0.59039444
-0.58675212
-0.64257759
-0.69931161
-0.61027914
-0.62859386
-0.60934025
-0.53711861
-0.55011111
-0.66280073
-0.99141771
-1.24758494
-1.17370772
-1.07981896
-0.87513113
-0.89091229
-0.97576219
-0.71561807
-0.66609359
-0.94127142
-1.27146780
-1.40956306
-1.24778640
-0.89570975
-0.58835900
-0.83774453
-0.95323622
-0.93169641
-0.88682336
-0.89769018
-0.98730057
-0.84961534
-0.99086666
-0.97089845
-0.92898858
-0.85638487
-0.94659573
-0.87823921
-0.86496347
-0.92505199
-0.87355131
-0.86697161
-0.75020045
-0.67995799
-0.74763894
-0.79030401
-0.80761158
-0.79588073
-0.83607966
-0.93739295
-1.00244260
-0.95029885
-0.83957863
-0.86501342
-0.90363890
-0.88748932
-0.85706544
-0.78066647
-0.57593715
-0.59563601
-0.65227783
-0.67124188
-0.61387098
-0.67293495
-0.67679256
-0.68743759
-0.55716586
-0.55718321
-0.90744120
-1.22631514
-1.22695494
-1.06809115
-0.87557262
-0.85695928
-0.89497221
-0.62043631
-0.63901371
-0.87472719
-1.26757479
-1.73439825
-1.59355533
-0.94207883
-0.71963710
-0.95749146
-1.03492832
-1.15509725
-1.03335643
-0.97627097
-0.85748178
-0.79077393
-0.99246693
-0.86061084
-0.82260674
-0.86395699
-1.03044116
-0.93912840
-0.85400039
-0.91899812
-0.83934855
-0.88598782
-0.76811242
-0.72400033
-0.79082400
-0.78708673
-0.81524575
-0.84194577
-0.83445823
-0.84718907
-0.87207377
-0.83466566
-0.86928666
-0.89028168
-0.91656882
-0.92548376
-0.86482465
-0.84012032
-0.60462022
-0.63868541
-0.62618697
-0.66817343
-0.69486237
-0.73417217
-0.71144021
-0.66731077
-0.55816621
-0.49225432
-0.77548850
-1.16721141
-1.16620803
-1.03814960
-0.88234580
-0.72016889
-0.68860817
-0.40455511
-0.50434250
-0.74641120
-1.17241776
-1.61058509
-1.49850690
-1.09727418
-0.97806334
-0.87088138
-1.05006301
-1.25299072
-1.36337852
-1.05867898
-0.74480128
-0.77086872
-0.91836268
-0.80148023
-0.75533509
-0.87939423
-0.93608063
-0.89572877
-0.86355996
-0.90414041
-0.83038652
-0.83675784
-0.78136724
-0.73769712
-0.71707880
-0.69190633
-0.77160585
-0.87382013
-0.78965700
-0.71244687
-0.73189491
-0.83677149
-0.88396889
-0.84108251
-0.86674452
-0.90161264
-0.84496701
-0.86758822
-0.71546930
-0.73688245
-0.68254864
-0.66211402
-0.71752954
-0.72556567
-0.70934445
-0.64144593
-0.57566643
-0.53638631
-0.76460195
-1.10310054
-1.08068228
-1.04804289
-0.93027383
-0.64818269
-0.54399055
-0.35654476
-0.31038362
-0.64661443
-1.03242278
-1.28655565
-1.15953231
-0.99679089
-0.81276780
-0.52751499
-0.80465221
-1.07725060
-1.30413079
-0.93236202
-0.77116680
-0.92754227
-0.92686152
-0.81455356
-0.69568920
-0.68459874
-0.73832774
-0.82060057
-0.79709166
-0.86612099
-0.80000341
-0.76915598
-0.69831997
-0.64333963
-0.59309918
-0.60207134
-0.68724316
-0.79581064
-0.73864388
-0.73632038
-0.68527687
-0.74836820
-0.76514590
-0.73376989
-0.78336185
-0.83907992
-0.89168608
-0.93763721
-0.82399470
-0.85503560
-0.76418531
-0.69483674
-0.63051248
-0.67143917
-0.73677468
-0.67144787
-0.65645826
-0.62082464
-0.77836394
-1.06597650
-1.14106810
-1.17285132
-0.92036974
-0.64639705
-0.59594804
-0.39879513
-0.36918390
-0.67986882
-0.86305606
-1.03173268
-1.10447133
-1.15885115
-0.93359154
-0.50664622
-0.57625228
-0.75640208
-0.94493032
-0.82960641
-0.85774273
-0.91755617
-0.93477088
-0.85393476
-0.60870010
-0.53372991
-0.64441001
-0.84693855
-0.76610869
-0.76916468
-0.70465863
-0.67525387
-0.59553128
-0.54787970
-0.58026791
-0.55794954
-0.56359756
-0.65080160
-0.75845355
-0.72704214
-0.62165761
-0.60910946
-0.67882884
-0.66257215
-0.70277023
-0.78662336
-0.86936909
-0.84475958
-0.71768928
-0.80990493
-0.78176177
-0.76037341
-0.67143673
-0.71216011
-0.73234248
-0.69574320
-0.73788542
-0.70643550
-0.86452162
-1.11732447
-1.22859204
-1.23734236
-0.94198096
-0.79393423
-0.70652568
-0.53932238
-0.46444777
-0.67628968
-0.77909052
-1.15318084
-1.36732769
-1.33603203
-1.24142528
-0.80234033
-0.60932469
-0.46467558
-0.45017642
-0.65134096
-0.70861727
-0.81107765
-0.79179794
-0.87545508
-0.82216799
-0.67572260
-0.72115207
-0.77896798
-0.64125484
-0.59460187
-0.62879968
-0.65068901
-0.63235950
-0.61278754
-0.56606930
-0.57905912
-0.55542594
-0.62255603
-0.67947441
-0.66937494
-0.63539159
-0.65445811
-0.65976620
-0.62696916
-0.65019828
-0.71475393
-0.75107759
-0.76289880
-0.72659367
-0.74335897
-0.76430064
-0.80564433
-0.74097759
-0.73308098
-0.75015962
-0.76905501
-0.83394396
-0.80575460
-0.91123152
-1.11052394
-1.25840831
-1.26092041
-1.09536445
-0.82488078
-0.70175660
-0.56674504
-0.51107508
-0.69094068
-1.07169473
-1.40851235
-1.45686150
-1.34611917
-1.47545826
-1.20005393
-1.05596554
-0.55672693
-0.19008377
-0.38844025
-0.41732472
-0.59573156
-0.81692469
-1.12313938
-1.00917411
-0.81488353
-0.79843670
-0.74815232
-0.58905959
-0.56946242
-0.60658342
-0.62741464
-0.64111686
-0.60857916
-0.62665588
-0.69376028
-0.64198554
-0.67539662
-0.67688859
-0.72473764
-0.76833844
-0.78539318
-0.72835708
-0.65686136
-0.68927467
-0.72626805
-0.74714041
-0.75153786
-0.72422516
-0.73597014
-0.73355687
-0.78556353
-0.78337693
-0.79887289
-0.84050471
-0.83987588
-0.84251070
-0.80793208
-0.83692336
-1.02058303
-1.19735825
-1.25626266
-1.12646186
-0.78610796
-0.62315661
-0.50849557
-0.53156036
-0.75827473
-1.12826335
-1.35311913
-1.45827448
-1.54921162
-1.67308676
-1.53986239
-1.19775474
-0.67617941
-0.26026842
-0.30649993
-0.39587012
-0.72826314
-0.87160325
-0.95277768
-0.86755055
-0.93705755
-0.95980048
-0.83025712
-0.68111181
-0.69303364
-0.60583889
-0.57863170
-0.59912050
-0.62174433
-0.69456875
-0.73437709
-0.73855728
-0.77870363
-0.75604343
-0.75297284
-0.87370098
-0.89922577
-0.80356890
-0.78352261
-0.79608268
-0.81112629
-0.77998883
-0.72444588
-0.57233930
-0.63880658
-0.71862489
-0.77429998
-0.80289716
-0.74584317
-0.75392902
-0.78601891
-0.73633277
-0.67300808
-0.71160293
-0.89578849
-1.03058767
-1.04485822
-0.86263812
-0.68014377
-0.56153190
-0.39404422
-0.19852741
-0.42780429
-0.82205355
-1.09244239
-1.31395733
-1.33437526
-1.44235861
-1.25249553
-0.90009570
-0.56664824
-0.37810645
-0.30609447
-0.44679689
-0.68912345
-0.84239304
-0.71425474
-0.79677486
-0.97148889
-1.09052312
-0.90327704
-0.77594626
-0.82336903
-0.73299754
-0.66110265
-0.66634881
-0.70807445
-0.74086595
-0.75573575
-0.78399611
-0.77693385
-0.70779520
-0.77787465
-0.89502662
-0.85798937
-0.81127453
-0.84062213
-0.79418623
-0.76401854
-0.73156822
-0.77706492
-0.44269258
-0.56535989
-0.65214908
-0.68153745
-0.64835465
-0.61733305
-0.67755073
-0.68261290
-0.63559520
-0.64932007
-0.55985135
-0.71850461
-0.69614905
-0.63942224
-0.63300818
-0.60459763
-0.49153298
-0.26804468
-0.07590523
-0.36664531
-0.65110928
-0.79636443
-1.04636383
-1.08811951
-1.29200161
-1.02050519
-0.66283232
-0.51736915
-0.35599467
-0.25987798
-0.40510181
-0.64632332
-0.68892729
-0.66121483
-0.77464896
-0.95565367
-1.01390970
-0.97821122
-0.88591528
-0.91902751
-0.85573918
-0.76438743
-0.75053394
-0.77229780
-0.78749073
-0.73845488
-0.74916005
-0.67213053
-0.70916557
-0.77175099
-0.77587879
-0.68713725
-0.73103869
-0.72957534
-0.70618552
-0.72242951
-0.73116082
-0.78329468
-0.41287661
-0.53677166
-0.56057435
-0.58852977
-0.58339578
-0.47909081
-0.56019670
-0.53153241
-0.55949879
-0.55735981
-0.48503625
-0.54674387
-0.46598634
-0.49443564
-0.58676374
-0.52320999
-0.38300619
-0.31882495
-0.30931169
-0.45815486
-0.46523872
-0.56699228
-0.71374089
-0.99147993
-1.31496739
-1.06992161
-0.65541065
-0.54564208
-0.32826558
-0.29977861
-0.48773035
-0.51623261
-0.53861099
-0.62623513
-0.80141968
-0.91851395
-0.92282569
-0.87679273
-0.86175954
-0.89913750
-0.85628968
-0.73659229
-0.68893898
-0.71898192
-0.75963980
-0.72037733
-0.64836633
-0.52657968
-0.68774801
-0.70168662
-0.61452919
-0.53531325
-0.55742401
-0.53869373
-0.55738777
-0.62783456
-0.71499109
-0.75357288
-0.52631706
-0.51837969
-0.54995084
-0.60107046
-0.64462602
-0.46077386
-0.47342584
-0.44346452
-0.52302885
-0.47249547
-0.42363083
-0.52297878
-0.50324786
-0.59485042
-0.69095105
-0.54194719
-0.44341651
-0.38017452
-0.45416695
-0.40947309
-0.39514247
-0.43911871
-0.75346619
-1.11209249
-1.16317666
-1.09696651
-0.83656836
-0.56909001
-0.28247157
-0.37904292
-0.48399389
-0.51014680
-0.49499577
-0.48335856
-0.68912196
-0.83428448
-0.69965363
-0.67658842
-0.75731432
-0.86842674
-0.76951641
-0.62162155
-0.59002972
-0.66591346
-0.69176704
-0.68815279
-0.50590533
-0.41527471
-0.55007106
-0.54386389
-0.49718776
-0.49449146
-0.40221047
-0.36367339
-0.42747167
-0.58914453
-0.69518036
-0.71915579
-0.58485931
-0.54483819
-0.57894582
-0.57413280
-0.61633527
-0.53842705
-0.55389529
-0.41707084
-0.36554620
-0.46053767
-0.60441732
-0.70970595
-0.64771014
-0.71675318
-0.72141939
-0.67958629
-0.56152356
-0.43102998
-0.48075625
-0.52304888
-0.55364901
-0.61838490
-0.84675390
-1.04915881
-1.17980790
-1.20014524
-1.01233184
-0.50311625
-0.24171939
-0.45259386
-0.54715431
-0.57006818
-0.48489028
-0.44199449
-0.64674300
-0.69216025
-0.58562398
-0.54065961
-0.64824659
-0.75264394
-0.71434474
-0.51964754
-0.57848066
-0.57323891
-0.63683385
-0.61943233
-0.49890828
-0.42491803
-0.42158920
-0.47993869
-0.61278045
-0.54501778
-0.42063731
-0.38715300
-0.44845551
-0.54351348
-0.64102066
-0.65052962
-0.55584258
-0.50986624
-0.61364657
-0.59320110
-0.62006271
-0.66879427
-0.54703212
-0.30143252
-0.29994345
-0.60721928
-0.62698382
-0.66868293
-0.76488811
-0.80795789
-0.79850769
-0.77538252
-0.72222054
-0.60745698
-0.58605003
-0.52741140
-0.62777746
-0.67381006
-0.78154278
-0.93531895
-1.14030302
-1.23908210
-1.01489401
-0.61965466
-0.47332162
-0.53508514
-0.50863725
-0.56038427
-0.49839389
-0.46241185
-0.58748078
-0.67515993
-0.61002368
-0.51235634
-0.49645561
-0.59234631
-0.66715443
-0.52882171
-0.45072907
-0.44339493
-0.59552526
-0.54626149
-0.58065683
-0.51868814
-0.46621874
-0.59327585
-0.80280828
-0.80165905
-0.61832160
-0.44040677
-0.38581264
-0.49540022
-0.58317798
-0.58992809
-0.54579151
-0.50308877
-0.63849533
-0.55612355
-0.67688322
-0.72779769
-0.56783992
-0.40979564
-0.44430152
-0.61291373
-0.51047868
-0.58367866
-0.79377526
-0.86075491
-0.78847939
-0.75672328
-0.80642015
-0.73041999
-0.64375871
-0.57611227
-0.63167268
-0.56740093
-0.55732316
-0.84695858
-1.02325940
-1.06022668
-0.90714210
-0.83268160
-0.70245296
-0.57583344
-0.61013693
-0.64046526
-0.58565456
-0.59980655
-0.65094435
-0.70307600
-0.59407765
-0.59786719
-0.53765839
-0.52686369
-0.49422759
-0.42165551
-0.42472902
-0.52028948
-0.63102674
-0.55150390
-0.64879763
-0.56500649
-0.61573547
-0.82058454
-0.95845038
-0.89590818
-0.73323864
-0.54039258
-0.47343579
-0.54198641
-0.57595104
-0.63438922
-0.57196766
-0.58224815
-0.63238120
-0.54220915
-0.68648028
-0.76708901
-0.62810487
-0.58188713
-0.58279240
-0.56150395
-0.47679144
-0.68869394
-0.85314536
-0.75945532
-0.73595583
-0.78473437
-0.72413880
-0.64706701
-0.54919958
-0.61387366
-0.61650139
-0.50565195
-0.56322002
-0.71077645
-0.85943407
-0.85635436
-0.81786656
-0.88761216
-0.74136174
-0.74160898
-0.79338098
-0.77495915
-0.81967133
-0.84994239
-0.83752394
-0.71929359
-0.64610523
-0.73197329
-0.61230201
-0.56624299
-0.49882987
-0.53081757
-0.54023516
-0.71921980
-0.76377380
-0.72378832
-0.70441198
-0.62914032
-0.75925934
-0.88219535
-0.84297717
-0.82451087
-0.84020633
-0.69609571
-0.59528250
-0.64494759
-0.69216961
-0.68277889
-0.57251024
-0.66278112
-0.56675267
-0.56437463
-0.71646833
-0.74910605
-0.60669082
-0.66574109
-0.61693448
-0.47251374
-0.53471291
-0.69557524
-0.67277122
-0.57929909
-0.63699621
-0.64046216
-0.63328797
-0.52030820
-0.53238785
-0.64753294
-0.68159723
-0.61047846
-0.58940589
-0.57147592
-0.68996251
-0.70884794
-0.69778395
-0.77822500
-0.75408286
-0.83524132
-0.83564866
-0.81786805
-0.94841641
-0.96375388
-0.98286217
-0.80252403
-0.73696423
-0.85307235
-0.78379679
-0.85036904
-0.74698412
-0.55565876
-0.68335885
-0.74747539
-0.75578409
-0.72742963
-0.67865348
-0.58692408
-0.76773244
-0.80400693
-0.71287847
-0.75183171
-0.83428568
-0.74350876
-0.72682399
-0.71997219
-0.70444340
-0.68501866
-1.05874145
-1.07972872
-1.10853958
-1.14186001
-1.14984405
-1.16912925
-1.19566047
-1.26979911
-1.32343221
-1.30304074
-1.24091518
-1.22390437
-1.23132694
-1.27191389
-1.30001676
-1.30024087
-1.15570259
-1.10428834
-1.26174545
-1.25876677
-0.81701916
-0.44954777
-0.38685349
-0.31715843
-0.19402856
-0.29222855
-0.51340640
-0.60565555
-0.71288168
-0.95478183
-1.31698346
-1.54667556
-1.52974343
-1.41373336
-1.45780766
-1.60293257
-1.63216197
-1.54992473
-1.62698281
-1.63312185
-1.49555421
-1.37034547
-1.29779267
-1.32282841
-1.38590503
-1.36742306
-1.19853973
-1.01941168
-1.30236363
-1.47552431
-1.14887738
-0.85096711
-1.12849975
-1.21676636
-1.14248252
-1.06784225
-1.02372193
-0.97149962
-1.15319932
-1.18719316
-1.22930884
-1.25023210
-1.24697113
-1.25113821
-1.28552532
-1.34345710
-1.35759556
-1.29435718
-1.19829643
-1.19641829
-1.21181893
-1.27820146
-1.33802092
-1.35984194
-1.21835816
-1.14320457
-1.31020153
-1.15568447
-0.71286428
-0.31795302
-0.38409895
-0.43676415
-0.37191692
-0.52957642
-0.79032940
-0.83326668
-0.88247037
-1.03721261
-1.28585660
-1.47736585
-1.43515670
-1.30128062
-1.30990946
-1.47358453
-1.51724756
-1.46231890
-1.52441049
-1.53219163
-1.41314054
-1.26122832
-1.20218313
-1.22720587
-1.27846622
-1.27810073
-1.10818470
-0.92979181
-1.20350468
-1.44182265
-1.12938631
-0.82296002
-1.04496348
-1.13670588
-1.09484541
-1.00815713
-0.97897959
-0.95285189
-1.30191815
-1.33973587
-1.38699698
-1.38639605
-1.37210381
-1.36812007
-1.39385414
-1.39696360
-1.36738586
-1.25816011
-1.14634264
-1.12145996
-1.14447212
-1.24332988
-1.30478060
-1.31814086
-1.18756425
-1.15776014
-1.28393912
-1.05565870
-0.63934255
-0.31357917
-0.47581449
-0.58807772
-0.56713796
-0.70886815
-0.95241207
-0.97835845
-0.95650256
-1.06945455
-1.24065769
-1.37769210
-1.28480601
-1.12266171
-1.10540605
-1.26324117
-1.30558658
-1.30264485
-1.40386987
-1.45037556
-1.33159447
-1.17564595
-1.13292837
-1.19388998
-1.17140651
-1.16703486
-1.01308322
-0.87048405
-1.16356790
-1.43652344
-1.09547043
-0.73809975
-0.86905062
-0.99373889
-0.98164743
-0.88553089
-0.86293674
-0.88758498
-1.47329319
-1.50802708
-1.55341089
-1.52731574
-1.50300670
-1.47861016
-1.45889807
-1.44127977
-1.34836471
-1.18030548
-1.05286181
-1.02801442
-1.03081870
-1.07208705
-1.13517821
-1.17090821
-1.04715466
-1.02427852
-1.08866119
-0.92257082
-0.58625174
-0.33542398
-0.54695666
-0.61311418
-0.63793218
-0.68390059
-0.92070591
-0.93458956
-0.90888739
-1.03815234
-1.21583533
-1.28749752
-1.15332031
-0.98794711
-0.96806538
-1.08436155
-1.13945937
-1.18168020
-1.35256445
-1.39539361
-1.26148212
-1.11863852
-1.11390793
-1.21099770
-1.10137272
-1.08867037
-0.95277435
-0.86010849
-1.14728367
-1.41095555
-1.01868188
-0.65739471
-0.73088175
-0.82797903
-0.76929480
-0.68361974
-0.67891699
-0.74469584
-1.59492636
-1.61943579
-1.63968635
-1.61414075
-1.57700300
-1.54457343
-1.52366960
-1.49069786
-1.35442340
-1.17222619
-1.04987168
-1.01675725
-1.00419009
-1.01669180
-1.08703375
-1.08508956
-0.92400187
-0.83946425
-0.87334043
-0.76974684
-0.54260921
-0.34783062
-0.51393044
-0.57083702
-0.62905854
-0.58418882
-0.70779282
-0.78796995
-0.82451499
-0.97880828
-1.14961493
-1.17933106
-1.05492318
-0.93864244
-0.91664523
-1.00897074
-1.07214093
-1.18400455
-1.35360360
-1.35941064
-1.21944034
-1.12391412
-1.22370839
-1.25448680
-1.08435225
-1.02990997
-0.95660073
-0.91691083
-1.21938360
-1.40460682
-0.97819048
-0.62140346
-0.67325515
-0.73953259
-0.68259794
-0.60750294
-0.59673524
-0.67782819
-1.62966776
-1.66028905
-1.65242529
-1.63754678
-1.59176886
-1.57391238
-1.55012155
-1.47807431
-1.34346104
-1.18110168
-1.08523965
-1.07747102
-1.05084956
-1.00744450
-1.04349875
-1.01017594
-0.89581066
-0.78476000
-0.80387038
-0.76024824
-0.64854610
-0.47469983
-0.51686317
-0.61401069
-0.60451412
-0.55881631
-0.59992754
-0.74959689
-0.84653866
-0.99490100
-1.09419465
-1.13197422
-1.06999564
-1.04762363
-0.98613596
-1.03238428
-1.10805261
-1.29567933
-1.41102564
-1.38585567
-1.24107134
-1.22300470
-1.42343426
-1.32081890
-1.13944328
-1.04203153
-1.04155838
-1.02158833
-1.33380115
-1.35663724
-0.99842036
-0.64231449
-0.78276968
-0.85453564
-0.75729537
-0.67177212
-0.65150285
-0.74377096
-1.61053181
-1.62164211
-1.59900403
-1.59297955
-1.57349503
-1.57829249
-1.55616772
-1.48722625
-1.36995125
-1.25012958
-1.19790184
-1.20854628
-1.16724229
-1.12381339
-1.14486694
-1.09505463
-0.99221742
-0.84176600
-0.88674301
-0.92902285
-0.82488936
-0.67352200
-0.62636250
-0.75255954
-0.75620782
-0.71108508
-0.67624909
-0.82012516
-0.95829326
-1.08315289
-1.10836971
-1.12378085
-1.19365275
-1.21378517
-1.13529086
-1.13984549
-1.25542748
-1.47113717
-1.50844800
-1.41056418
-1.30776811
-1.37620091
-1.59356427
-1.41251922
-1.23142719
-1.14988220
-1.17402685
-1.12789500
-1.39084244
-1.29302597
-1.01288259
-0.70041662
-0.90964156
-1.00336552
-0.94650292
-0.84875947
-0.79029405
-0.85911125
-1.54989278
-1.54369926
-1.52765965
-1.51805985
-1.52111685
-1.52600420
-1.52461505
-1.48668039
-1.40901148
-1.35142863
-1.33953643
-1.34821606
-1.29236853
-1.27422690
-1.32125533
-1.34983468
-1.27635860
-1.15497184
-1.18875623
-1.25696135
-1.08539844
-0.93651390
-0.86914539
-0.97334969
-1.00953436
-0.95212537
-0.91792971
-1.02270663
-1.13862383
-1.20334375
-1.16484344
-1.14513195
-1.30695426
-1.32732344
-1.24101412
-1.23313057
-1.45387232
-1.61728168
-1.56306100
-1.40777767
-1.34724545
-1.48330724
-1.64004397
-1.42931950
-1.26481092
-1.25482738
-1.28506958
-1.20929050
-1.37401652
-1.22108650
-0.98184288
-0.77404737
-0.99874318
-1.10853434
-1.08249664
-0.99978405
-0.94809455
-1.00248635
-1.49367940
-1.48054087
-1.45529258
-1.46208191
-1.46894574
-1.47091436
-1.49271977
-1.47894526
-1.43261182
-1.41454268
-1.42861283
-1.41637409
-1.35679877
-1.36938190
-1.47789705
-1.56796551
-1.46621037
-1.44347918
-1.55494857
-1.61421156
-1.31426072
-1.13465297
-1.06703687
-1.21299446
-1.23105562
-1.19797492
-1.13658738
-1.18461823
-1.26879334
-1.23913813
-1.15923917
-1.22174382
-1.39910293
-1.33751523
-1.30039346
-1.37042427
-1.63757706
-1.70544946
-1.55307269
-1.34029746
-1.30039918
-1.48108864
-1.53857958
-1.33602691
-1.19863093
-1.25676084
-1.27214944
-1.21430779
-1.23842847
-1.07921028
-0.88121957
-0.79053152
-0.96012950
-1.07400596
-1.05232656
-0.99402332
-0.97211766
-1.00355518
-1.44219255
-1.42624176
-1.39841747
-1.41544616
-1.40568364
-1.41859806
-1.45772707
-1.45613921
-1.41338813
-1.40735114
-1.41772044
-1.35948753
-1.31212604
-1.35807025
-1.57276678
-1.59945357
-1.54096985
-1.58663416
-1.90579784
-1.78875077
-1.38453984
-1.18257964
-1.17363954
-1.28721750
-1.28814423
-1.29918861
-1.26570237
-1.30818403
-1.36813557
-1.35175765
-1.28542626
-1.26426077
-1.38331854
-1.34836698
-1.38596737
-1.55129337
-1.73955572
-1.66072166
-1.41683364
-1.18191922
-1.13202631
-1.28281760
-1.25713503
-1.12212741
-1.02741241
-1.13173306
-1.14244676
-1.09829819
-1.05434203
-0.92963630
-0.78806978
-0.74466634
-0.83671659
-0.92703706
-0.90618879
-0.85916692
-0.85491347
-0.85156345
-1.33117771
-1.30775917
-1.28308988
-1.27011824
-1.26709735
-1.28717196
-1.32950366
-1.32773364
-1.27601147
-1.25607407
-1.23466396
-1.14831865
-1.11434042
-1.24620271
-1.49323821
-1.44676268
-1.46717477
-1.66999626
-2.07060385
-1.65966785
-1.28405297
-1.03405213
-1.25742841
-1.32079124
-1.37524903
-1.44026625
-1.43520403
-1.56410110
-1.47645140
-1.45200646
-1.33922052
-1.30034947
-1.41204107
-1.43462610
-1.48339355
-1.67087078
-1.72464406
-1.49489546
-1.19251347
-0.97287887
-0.91662014
-0.99398124
-0.95848334
-0.87412190
-0.83409137
-0.92783439
-0.92800206
-0.90132827
-0.86669970
-0.76373380
-0.66929674
-0.66173035
-0.70830458
-0.73538911
-0.71984994
-0.69934696
-0.71783608
-0.67475873
-1.10620046
-1.10342646
-1.08251417
-1.06516230
-1.07202971
-1.08841300
-1.13989079
-1.13807452
-1.08137560
-1.05946553
-1.03603256
-0.97191668
-0.99842131
-1.21734118
-1.30123472
-1.28411913
-1.32679355
-1.88303101
-1.81350112
-1.32930684
-1.01216197
-1.06676340
-1.35511601
-1.31152797
-1.30482078
-1.47904694
-1.55873585
-1.57829666
-1.49478126
-1.42174172
-1.27088177
-1.24074292
-1.36545038
-1.43041050
-1.50131476
-1.67477417
-1.56301451
-1.25537908
-0.94683176
-0.78685498
-0.75517148
-0.78192610
-0.73351711
-0.68503851
-0.69768822
-0.73635310
-0.72034609
-0.69570422
-0.65767884
-0.58668280
-0.52954686
-0.54478925
-0.53177512
-0.52163547
-0.52383685
-0.53850448
-0.54495472
-0.50821441
-0.88756204
-0.89683032
-0.87676245
-0.87176937
-0.89656597
-0.92052215
-0.95619446
-0.93818438
-0.89085442
-0.88676518
-0.87503070
-0.83539850
-0.96327579
-1.21801841
-1.15354216
-1.21523023
-1.38744998
-1.79931653
-1.35104096
-0.92346305
-0.66620964
-1.07109511
-1.35511267
-1.21074235
-1.23901820
-1.47724426
-1.62402833
-1.54031610
-1.41817653
-1.24761724
-1.05437684
-1.16938591
-1.34074295
-1.43060493
-1.46659946
-1.46969509
-1.27815211
-0.99822497
-0.77708429
-0.71277928
-0.70931768
-0.69476748
-0.66388118
-0.65400583
-0.66196561
-0.61954945
-0.57719797
-0.53567374
-0.50664437
-0.46612665
-0.44243842
-0.46073586
-0.40612158
-0.36936152
-0.38841727
-0.46497262
-0.46140289
-0.43575886
-0.70485747
-0.69208360
-0.68193096
-0.69113743
-0.72769737
-0.74704260
-0.74257898
-0.71655983
-0.69931954
-0.73124921
-0.76931375
-0.75741798
-0.98082447
-1.17243314
-1.04198158
-1.15075171
-1.57786596
-1.58232057
-1.01154971
-0.50442415
-0.49756074
-1.13849747
-1.37509942
-1.17448664
-1.35392487
-1.81738770
-1.64771652
-1.43224204
-1.41170549
-1.25060499
-1.04382956
-1.12124109
-1.34736454
-1.37735581
-1.31186080
-1.17163110
-0.99940884
-0.77338409
-0.69463980
-0.68753487
-0.70661002
-0.68242913
-0.68311822
-0.72715968
-0.71397048
-0.64383268
-0.59012944
-0.55890614
-0.53029197
-0.50498366
-0.50855249
-0.51934987
-0.43385813
-0.41306332
-0.48466223
-0.56703812
-0.50893849
-0.46409160
-0.60296345
-0.59696609
-0.62364060
-0.65591460
-0.66667861
-0.67106092
-0.64902729
-0.62261844
-0.60944486
-0.65976578
-0.73239690
-0.74260277
-0.99450701
-1.08663058
-0.98763680
-1.19111764
-1.67776442
-1.22758198
-0.70222682
-0.31979978
-0.63476998
-1.15842819
-1.26061022
-1.32254469
-1.53950369
-1.79305017
-1.64410532
-1.44241858
-1.38408327
-1.14941120
-1.00297368
-1.10038030
-1.27947176
-1.13015425
-1.08239639
-0.94564480
-0.76984853
-0.65834880
-0.66603005
-0.66819626
-0.69760954
-0.68796635
-0.70469713
-0.77100730
-0.78738058
-0.71258640
-0.67243415
-0.67541736
-0.65998757
-0.65135747
-0.68506593
-0.68811679
-0.62528539
-0.62125462
-0.70193136
-0.72120905
-0.64119279
-0.59961247
-0.62152791
-0.65202612
-0.68283212
-0.72928810
-0.72757840
-0.70859164
-0.66719186
-0.64611202
-0.61616498
-0.68215489
-0.73842525
-0.77289581
-1.01624990
-0.96541297
-0.94208497
-1.32411551
-1.63206017
-1.03061366
-0.43324038
-0.23953611
-0.80493122
-1.30351901
-1.36955202
-1.32179511
-1.50689054
-1.60932732
-1.65805948
-1.49845207
-1.25105488
-1.08786964
-1.09968007
-1.19763350
-1.17378628
-1.02354014
-0.81157953
-0.80951393
-0.71564722
-0.70272088
-0.68392169
-0.69236100
-0.73115635
-0.74728239
-0.77047789
-0.84269673
-0.88563716
-0.83317792
-0.79380494
-0.82807630
-0.82710558
-0.83196867
-0.88518530
-0.90126187
-0.86587328
-0.87120134
-0.94092256
-0.92013055
-0.80606842
-0.75719976
-0.74325126
-0.78212976
-0.79188943
-0.82361835
-0.83092874
-0.78212774
-0.73724711
-0.70983887
-0.64599526
-0.67299324
-0.68687743
-0.77491552
-0.99938798
-0.88468248
-0.90145880
-1.38231730
-1.47984862
-0.88986182
-0.29082286
-0.41199586
-0.95623070
-1.38079536
-1.35895634
-1.25921154
-1.54900217
-1.53361619
-1.56717515
-1.38272786
-1.17361403
-0.80699289
-0.96399713
-1.13811886
-1.01776028
-0.99385345
-0.68688220
-0.86430788
-0.82754517
-0.80145913
-0.75358838
-0.77532953
-0.84600455
-0.85793871
-0.85196036
-0.91214830
-0.96739835
-0.96322817
-0.92772931
-0.95230228
-0.96163970
-0.96722978
-1.03545105
-1.05245340
-1.04985356
-1.05789399
-1.09548557
-1.05573475
-0.95970553
-0.91227013
-0.88533998
-0.92855769
-0.92817008
-0.94131178
-0.94180381
-0.87897170
-0.83264524
-0.79663372
-0.72362429
-0.71097535
-0.71391720
-0.82989722
-0.95351529
-0.85463393
-0.88070208
-1.41306782
-1.33346367
-0.66849089
-0.21904586
-0.47402447
-1.06935859
-1.39980388
-1.28602469
-1.33305323
-1.57593799
-1.18258703
-1.23258018
-1.39168894
-1.19518375
-0.92513663
-0.84165299
-1.07081819
-0.86802691
-0.88026828
-0.65811658
-0.86306560
-0.93835360
-0.91244519
-0.88567269
-0.90289295
-0.99529231
-0.99587762
-0.94831419
-0.95318210
-1.02351463
-1.03754449
-1.01125026
-1.01860845
-1.03335702
-1.04459202
-1.10052133
-1.08776391
-1.08882761
-1.09921420
-1.13853729
-1.08678603
-1.03043926
-0.99576312
-0.99997944
-1.02668178
-1.00796115
-1.00215387
-1.00096059
-0.95352161
-0.91434449
-0.87159842
-0.79936582
-0.78317899
-0.80719048
-0.92851442
-0.97432214
-0.89404011
-1.01680362
-1.46750939
-1.25217569
-0.56022656
-0.23409857
-0.48707888
-1.21948242
-1.53174794
-1.33052742
-1.47364283
-1.42353725
-1.09936786
-1.11364651
-1.20764780
-0.81468952
-0.65472931
-0.79402673
-0.99560863
-1.01697147
-0.85276783
-0.71834177
-0.78371614
-1.01133597
-1.02015209
-1.00398910
-1.02551615
-1.10011518
-1.08205009
-1.02015090
-0.99956274
-1.06385994
-1.06652415
-1.03769875
-1.04005587
-1.07188249
-1.09049284
-1.10606122
-1.06999063
-1.06986952
-1.11351562
-1.13379419
-1.07482457
-1.05554485
-1.04288554
-1.06929100
-1.08837914
-1.07018781
-1.03929806
-1.03082848
-0.98578882
-0.96284944
-0.93813217
-0.90098494
-0.89419055
-0.90580428
-1.02528131
-1.02222538
-0.92905062
-1.14007533
-1.53009892
-1.21959853
-0.49831039
-0.31305256
-0.65916318
-1.34506559
-1.37705338
-1.17475128
-1.26912212
-1.21431947
-1.12492013
-0.76268846
-0.76036537
-0.63913888
-0.60948151
-0.81145835
-0.73873997
-0.88848424
-0.75656641
-0.74130529
-0.76800722
-1.02521539
-1.04554617
-1.06547463
-1.10110152
-1.13001120
-1.09869015
-1.03242135
-1.02801478
-1.06835186
-1.06491554
-1.04593027
-1.05613840
-1.09076071
-1.10366297
-1.09688973
-1.06851029
-1.04648864
-1.06983852
-1.09002030
-1.05325365
-1.07157481
-1.06474793
-1.09498763
-1.10410106
-1.08860731
-1.05899966
-1.05133343
-1.01335526
-1.01872575
-1.01650167
-1.00460172
-0.99632740
-0.99995685
-1.14502168
-1.13304639
-1.00819385
-1.22020268
-1.55619037
-1.16007805
-0.45978126
-0.37274316
-0.72826803
-1.31093597
-1.26756620
-1.24561965
-1.45649755
-1.23412037
-0.97573191
-0.51381147
-0.59349293
-0.76855731
-0.85444766
-0.77230418
-0.66137159
-0.86781883
-0.86911434
-0.80936497
-0.80470496
-1.04438996
-1.05865002
-1.09236944
-1.11871433
-1.09814179
-1.06097972
-1.03530610
-1.04600680
-1.06686103
-1.05875516
-1.04837847
-1.06661737
-1.08882725
-1.09881198
-1.08401811
-1.07247460
-1.05147660
-1.06633532
-1.06770205
-1.05191422
-1.07025802
-1.05153012
-1.10494828
-1.11224616
-1.09868360
-1.07767725
-1.05835032
-1.02565408
-1.03569138
-1.05767214
-1.06998730
-1.05364442
-1.07631218
-1.23390925
-1.25191820
-1.10202491
-1.30135012
-1.60976255
-1.11210072
-0.45281011
-0.40295437
-0.84477878
-1.31030416
-1.25639904
-1.21840763
-1.29112864
-1.22269976
-0.96595216
-0.67883450
-0.75807571
-0.88383907
-0.86738950
-0.75147623
-0.69344813
-1.11365438
-0.95891875
-0.86729366
-0.81397843
-1.09811854
-1.10559630
-1.10524869
-1.10414934
-1.08621991
-1.06866550
-1.07843614
-1.08471930
-1.09603524
-1.10458219
-1.08789039
-1.10686302
-1.11799514
-1.09150958
-1.05913472
-1.06605363
-1.08025217
-1.11586761
-1.09520483
-1.06563318
-1.05730104
-1.05619240
-1.10692072
-1.11045933
-1.07799590
-1.07930481
-1.06821311
-1.04619253
-1.05205512
-1.10295963
-1.07811725
-1.05883253
-1.08566654
-1.28703833
-1.31295705
-1.16367257
-1.36170042
-1.66046536
-1.07287586
-0.47517809
-0.43006051
-0.88578987
-1.21470237
-1.10542405
-1.13088048
-1.17119575
-1.22692513
-0.86261165
-0.58529973
-0.74400693
-1.08270621
-1.09084189
-0.83306468
-0.83329684
-1.27922904
-1.01404071
-0.97053397
-0.87709045
-1.12639308
-1.11324060
-1.09565461
-1.10485363
-1.11107433
-1.11468506
-1.12581360
-1.13975763
-1.16029596
-1.16052496
-1.12484741
-1.13966739
-1.14280677
-1.10298014
-1.05073905
-1.05701578
-1.09640276
-1.10982013
-1.07895076
-1.04862738
-1.04862583
-1.08589423
-1.09924269
-1.10301471
-1.05826068
-1.07534444
-1.07136023
-1.07683396
-1.08022189
-1.11621940
-1.07565784
-1.07252562
-1.11237919
-1.33320487
-1.33910036
-1.17859221
-1.43935657
-1.68730330
-1.07813299
-0.54416937
-0.52601016
-0.96333116
-1.28891671
-1.19026923
-1.24952435
-1.19389689
-1.06752157
-0.85151964
-0.71617597
-0.92080796
-1.03533733
-1.00477231
-0.79397708
-1.06550372
-1.33470500
-1.14221418
-0.93507320
-0.94858664
-1.10143673
-1.09557855
-1.10871303
-1.10611129
-1.11922824
-1.12737036
-1.15602529
-1.18532562
-1.22011590
-1.18957722
-1.15630662
-1.13692284
-1.12909305
-1.07786107
-1.03309250
-1.04355097
-1.08686411
-1.10423613
-1.07684863
-1.04677010
-1.04459620
-1.11853671
-1.08899844
-1.08922780
-1.08094513
-1.10829914
-1.10624886
-1.12986982
-1.14421320
-1.14449811
-1.11176980
-1.09674180
-1.16166413
-1.38834441
-1.35409915
-1.22075260
-1.51305580
-1.56993747
-1.12710738
-0.63661110
-0.72639138
-1.11887026
-1.39299488
-1.24471271
-1.31855845
-1.27554798
-1.15177476
-1.09090865
-0.88540381
-0.82089382
-0.80803782
-0.75853682
-0.89362621
-1.29080224
-1.20589817
-1.03425097
-0.85219699
-1.00787008
-1.06163740
-1.08927214
-1.11236811
-1.09660220
-1.08648419
-1.10531950
-1.12228203
-1.16780090
-1.21289515
-1.16082489
-1.12962484
-1.11882293
-1.11315882
-1.03954101
-1.00221276
-0.99542981
-1.05336678
-1.09672534
-1.06197059
-1.02662122
-1.03990841
-1.13021016
-1.14186358
-1.11463225
-1.12191355
-1.14193201
-1.13976371
-1.16622317
-1.20304954
-1.21799421
-1.17162502
-1.13907921
-1.19931459
-1.39666641
-1.31329572
-1.23178279
-1.51158571
-1.42974460
-1.16421509
-0.74654526
-0.91224033
-1.19618618
-1.44397223
-1.28654826
-1.35932946
-1.33736980
-1.22368085
-0.95868623
-0.81324655
-0.62835759
-0.73206240
-0.75394207
-0.93534166
-1.21438944
-1.11555600
-0.99459147
-0.96603703
-1.07294989
-1.05951643
-1.11098337
-1.08921337
-1.07133400
-1.05555785
-1.10565996
-1.09699333
-1.12187386
-1.12856877
-1.09326839
-1.05835593
-1.06381953
-1.06222486
-1.00845206
-0.98308772
-1.00744164
-1.04166853
-1.06325340
-1.04773939
-1.03895009
-1.05195248
-1.09358215
-1.17393386
-1.14099514
-1.15010047
-1.14519012
-1.15124595
-1.15059876
-1.16254246
-1.20128858
-1.19468880
-1.16738224
-1.19100773
-1.36171651
-1.30053997
-1.21904242
-1.40257967
-1.33203804
-1.16369033
-0.84011519
-0.98968548
-1.20243621
-1.42819464
-1.26690400
-1.30654442
-1.40286541
-1.40604413
-0.98582554
-0.84895444
-0.44859648
-0.61918575
-0.71576989
-0.92377669
-1.13222218
-1.02680218
-0.94461161
-1.00372386
-1.10653758
-1.08361185
-1.07575560
-1.06719935
-1.05332816
-1.10268986
-1.14935362
-1.09669352
-1.08849204
-1.09903252
-1.08487654
-1.05335033
-1.07663810
-1.03265989
-1.03565955
-1.03802526
-1.08841646
-1.07407856
-1.09373260
-1.11375630
-1.12359953
-1.13214493
-1.14530492
-1.12483156
-1.14848447
-1.18677008
-1.19109929
-1.22373021
-1.21394467
-1.20538652
-1.26639891
-1.27197301
-1.22614682
-1.19704330
-1.33700609
-1.24993885
-1.19063091
-1.28073919
-1.28732383
-1.08108437
-0.88758940
-0.97152328
-1.22394562
-1.35771310
-1.20958328
-1.34630942
-1.50487578
-1.38616836
-1.03969634
-0.92109764
-0.48846442
-0.59010994
-0.80075407
-0.94955409
-1.08819377
-0.93412018
-0.97322667
-1.09476340
-1.07241797
-1.02645779
-1.05076516
-1.06038380
-1.07220852
-1.10465109
-1.12190902
-1.09811854
-1.13093364
-1.13156748
-1.08742893
-1.08295226
-1.11471581
-1.04656684
-1.07131124
-1.11660469
-1.18110287
-1.13754547
-1.14465499
-1.16511452
-1.14971817
-1.14607441
-1.16286504
-1.12099993
-1.14668083
-1.19857001
-1.18471050
-1.24493670
-1.25945067
-1.23838127
-1.30312562
-1.31242383
-1.23279285
-1.18512583
-1.28804219
-1.19623709
-1.19408917
-1.25101948
-1.24415898
-1.04457140
-0.97167641
-0.92902130
-1.22928953
-1.28611159
-1.13647246
-1.24629104
-1.46545982
-1.23666036
-1.18102419
-0.91932470
-0.68054658
-0.64851862
-0.88696229
-1.01899648
-1.10787439
-1.03668690
-0.99627942
-1.00506985
-1.01230621
-0.90962332
-0.98210216
-1.00964200
-1.08025515
-1.09671712
-1.08683157
-1.12207150
-1.16097057
-1.19187975
-1.10907352
-1.15284276
-1.12782276
-1.09144628
-1.06967103
-1.12515962
-1.17719710
-1.13927174
-1.14440870
-1.15944541
-1.12843466
-1.11347580
-1.12504911
-1.09300101
-1.11986148
-1.15666628
-1.10668361
-1.20661902
-1.23376811
-1.19535136
-1.17185938
-1.20399833
-1.11033165
-1.09569073
-1.17180169
-1.09650886
-1.11026597
-1.17077684
-1.19336915
-1.05585277
-1.02131152
-0.96645933
-1.15809751
-1.10436285
-0.96931595
-1.10749042
-1.32148910
-1.11698902
-1.22095144
-0.93596625
-0.83311027
-0.64102006
-1.02563965
-1.16090274
-1.08747566
-1.08382487
-0.93846798
-0.94401777
-0.88835996
-0.80502266
-0.88158506
-0.95606309
-1.02062917
-1.01950324
-1.03024566
-1.11613476
-1.20195675
-1.17682767
-1.14566052
-1.17212605
-1.13767135
-1.06937659
-1.02994180
-1.08077979
-1.08799231
-1.05760312
-1.04291463
-1.07317352
-1.08197212
-1.05174983
-1.04521227
-0.98145372
-1.01579869
-1.02919483
-0.98992896
-1.07551754
-1.14071548
-1.13714778
-1.01637745
-1.03654659
-0.94956523
-0.97752637
-1.05593133
-0.97783428
-1.03663874
-1.16850340
-1.15823150
-1.05881584
-0.99842829
-1.00382352
-1.01545620
-0.93123299
-0.90086120
-1.06710804
-1.17291367
-1.00532603
-1.25840330
-0.92427719
-0.82448375
-0.63629133
-0.98042989
-1.16539574
-1.16627300
-1.20104706
-0.87968892
-0.90913838
-0.82068199
-0.80027413
-0.82498473
-0.90818775
-0.95081073
-0.92393363
-0.89707053
-1.00339031
-1.16639340
-1.09786677
-1.14280164
-1.06490064
-1.05868363
-1.00413251
-0.95767242
-0.98962897
-0.93521821
-0.88121653
-0.84566951
-0.87228978
-0.86453706
-0.86052710
-0.85766089
-0.88495207
-0.87240440
-0.84506214
-0.81508523
-0.83272034
-0.94095314
-0.97043288
-0.81886119
-0.81723177
-0.73516017
-0.82018298
-0.86288947
-0.81679338
-0.94252479
-1.22708869
-1.20028937
-1.07416701
-0.99536127
-0.97819364
-0.93805784
-0.85814184
-0.93926561
-1.04998577
-1.08248627
-1.14256096
-1.31148422
-1.12185156
-0.90387833
-0.93193680
-1.06417120
-1.24624681
-1.38172221
-1.15300739
-0.85685927
-0.82468867
-0.90475529
-0.87861085
-0.81087559
-0.84226251
-0.91495466
-0.87223327
-0.84954351
-0.91973972
-1.02465665
-0.94929135
-0.94150144
-0.94699264
-0.97355133
-0.96484351
-0.89376813
-0.90575087
-0.89035046
-0.78299958
-0.76216847
-0.76998943
-0.73314673
-0.78380966
-0.72236580
-0.76292777
-0.66786253
-0.64528072
-0.65805763
-0.64725631
-0.70297444
-0.70463741
-0.59234542
-0.59168679
-0.55921346
-0.67324102
-0.70625085
-0.74922448
-0.94139516
-1.22877157
-1.14665020
-1.00224316
-0.96828228
-0.90358967
-0.84343439
-0.83762985
-0.95141530
-1.03658164
-1.08825815
-1.13034213
-1.33851731
-1.25196195
-0.86450505
-1.06359088
-1.17912591
-1.33732367
-1.53966665
-1.13908672
-0.85891545
-0.67578030
-0.84223789
-0.81458098
-0.77822936
-0.81644732
-0.88440025
-0.86539292
-0.84252298
-0.84684467
-0.82714182
-0.83657527
-0.77085930
-0.81658161
-0.87556481
-0.89460832
-0.86787301
-0.85997397
-0.84361637
-0.72806859
-0.73997855
-0.80406350
-0.82433295
-0.81082481
-0.73487657
-0.61977804
-0.51834989
-0.56249076
-0.56777740
-0.52655542
-0.52020663
-0.52555585
-0.55432308
-0.49055800
-0.49366137
-0.64125311
-0.66226196
-0.79461342
-1.06088686
-1.18653417
-1.10362029
-1.06709945
-0.95680898
-0.77953154
-0.76464593
-0.94784266
-1.09275758
-1.11105943
-1.09532833
-1.19727206
-1.33548760
-1.29002619
-0.86310947
-0.85636258
-1.02402592
-1.26187456
-1.34024012
-0.96552467
-0.69119263
-0.67531031
-0.81257683
-0.77397782
-0.74240369
-0.81987607
-0.85716611
-0.89135593
-0.85611933
-0.84335148
-0.82035428
-0.85929483
-0.77538818
-0.82887435
-0.87504280
-0.87336510
-0.83648872
-0.86863220
-0.85813868
-0.81717414
-0.81090742
-0.86911207
-0.86299390
-0.78981733
-0.78703409
-0.64884144
-0.61049771
-0.61823517
-0.62459004
-0.62280619
-0.64898598
-0.59376657
-0.59517509
-0.54626453
-0.57487470
-0.72395313
-0.74220616
-0.87088490
-1.12880540
-1.15611446
-1.15484464
-1.17688239
-1.01904666
-0.83874780
-0.90189970
-1.03595650
-1.16719151
-1.36911297
-1.36518490
-1.21768212
-1.34341812
-1.32860339
-0.94257885
-0.71535665
-0.83863562
-1.05519104
-0.96523374
-0.77893907
-0.51779377
-0.68181062
-0.75954312
-0.74124765
-0.73926592
-0.82774961
-0.85633439
-0.85518360
-0.87025517
-0.85562551
-0.85426450
-0.87305182
-0.85074234
-0.88817203
-0.94479740
-0.90473688
-0.81099945
-0.87568712
-0.84695303
-0.87810385
-0.92716187
-1.02425313
-0.94750345
-0.88416952
-0.87423623
-0.77786022
-0.75889492
-0.73826474
-0.75177699
-0.77894819
-0.79297763
-0.73853517
-0.71213800
-0.73473924
-0.74093843
-0.83523172
-0.78460854
-0.92052847
-1.23439050
-1.21775615
-1.20479095
-1.16644192
-1.06466925
-0.88973427
-0.95807314
-0.93430328
-0.96374828
-1.20436215
-1.30258620
-1.15227282
-1.20973313
-1.25127566
-0.92505151
-0.72303200
-0.68598855
-0.79538846
-0.85222477
-0.69958085
-0.48248088
-0.65776920
-0.73687351
-0.71140230
-0.75050873
-0.79771000
-0.76977992
-0.71938103
-0.76363552
-0.77622557
-0.78257471
-0.86727810
-0.89990753
-0.86110866
-0.88928342
-0.84397465
-0.79089862
-0.86280859
-0.85141194
-0.87799323
-1.01809883
-1.11153960
-1.02235460
-0.92329127
-1.00026417
-0.87961960
-0.86311114
-0.84305292
-0.85588104
-0.87186044
-0.86687165
-0.82887346
-0.77228576
-0.80250359
-0.83911127
-0.90362215
-0.83540207
-0.96842724
-1.27125514
-1.25944936
-1.27205873
-1.17192233
-1.04389000
-0.88017601
-1.04899669
-1.08273566
-0.89263433
-1.10255122
-1.26555014
-1.24752223
-1.17029905
-1.12994576
-0.74533480
-0.55537146
-0.59764963
-0.62707025
-0.69527149
-0.56554878
-0.49786481
-0.56000477
-0.64603573
-0.62936074
-0.67403054
-0.66399199
-0.64866048
-0.66208827
-0.66145468
-0.68058419
-0.72609317
-0.85424292
-0.88541162
-0.88430667
-0.89937758
-0.88984120
-0.85778350
-0.89250112
-0.88868439
-0.89947850
-1.14376378
-1.12905872
-1.05320787
-0.99911821
-1.18841159
-0.85383677
-0.81569695
-0.82589108
-0.87407446
-0.85954165
-0.85025841
-0.85779768
-0.79981756
-0.80135632
-0.82308334
-0.83142030
-0.78857857
-0.99841821
-1.26280856
-1.23969638
-1.21953034
-1.16712463
-1.08332169
-0.91649246
-1.15055645
-1.16102266
-0.97294420
-0.98357606
-1.13841176
-1.22881043
-1.20177102
-1.20548165
-0.90322351
-0.67490548
-0.64820194
-0.69821000
-0.74176335
-0.64838088
-0.51687950
-0.51182538
-0.57197690
-0.51971996
-0.52424514
-0.52583468
-0.50130099
-0.49395043
-0.54355079
-0.60846812
-0.72468162
-0.75429440
-0.74826974
-0.80896604
-0.82693040
-0.87695736
-0.88574219
-0.89169598
-0.91407013
-0.99151707
-1.14570642
-1.14159560
-1.05925238
-1.12948346
-1.31662107
-0.76572591
-0.73438942
-0.71917921
-0.70053691
-0.72164422
-0.78200781
-0.79746026
-0.79909623
-0.76364970
-0.75159848
-0.80810410
-0.81466937
-1.04217148
-1.21939266
-1.24517453
-1.22365999
-1.11436963
-1.02650797
-0.94410515
-1.16951728
-1.08077884
-1.03799510
-1.10399842
-1.15477455
-1.18388569
-1.26153278
-1.09088624
-0.88186347
-0.77485400
-0.84648126
-1.01820755
-0.93727100
-0.81938654
-0.52836859
-0.53964144
-0.63394314
-0.65839958
-0.55421001
-0.54451728
-0.54073590
-0.47957093
-0.55883592
-0.57893306
-0.65956122
-0.71233553
-0.71964586
-0.78897721
-0.79516321
-0.78674793
-0.85597557
-0.88569963
-0.92331165
-0.94903582
-1.07009721
-1.06519771
-1.03885770
-1.11347234
-1.21003616
-0.63887781
-0.58183175
-0.58433402
-0.59642047
-0.56478691
-0.63359427
-0.60894519
-0.64045101
-0.63157624
-0.66044009
-0.82279503
-0.86656773
-1.02132201
-1.23219168
-1.28321695
-1.18405163
-1.09953415
-1.03444684
-1.08702803
-1.02158737
-0.98264730
-1.16971064
-1.08731270
-1.15770435
-1.30750716
-1.39395571
-1.14241993
-0.96299404
-0.86770356
-0.99060345
-1.09988594
-1.11959291
-1.00755990
-0.66188669
-0.63776267
-0.74430341
-0.69384766
-0.55773526
-0.57271755
-0.68315870
-0.68191886
-0.70011753
-0.70128286
-0.66778558
-0.71179157
-0.69315690
-0.76155412
-0.82925147
-0.85154319
-0.95147634
-0.90731192
-0.92434376
-0.88524830
-1.00421059
-1.02290022
-0.94589871
-1.02275825
-1.08899820
-0.57174021
-0.58207262
-0.51292682
-0.52348030
-0.51120472
-0.60197300
-0.60394019
-0.60507548
-0.61007470
-0.63247991
-0.78329992
-0.86291230
-0.95415592
-1.26010752
-1.34420681
-1.19008052
-1.15741038
-1.03827298
-1.12400174
-1.01594591
-0.98201352
-0.86360663
-0.90999150
-1.15588868
-1.46540773
-1.22513020
-0.88139367
-0.75633895
-0.87035877
-1.01182628
-1.15581560
-1.31775653
-1.07648218
-0.85758203
-0.80517697
-0.96340919
-0.86773890
-0.74623781
-0.68023789
-0.77293640
-0.73418301
-0.77111185
-0.82485265
-0.78118229
-0.78385943
-0.74730581
-0.79248625
-0.84207374
-0.81795251
-0.85778069
-0.87159085
-0.98356730
-0.97795719
-0.91314942
-0.89797765
-0.83180338
-0.88716650
-0.95410025
-0.50281900
-0.55280548
-0.52324235
-0.52292538
-0.56882882
-0.56517535
-0.55042690
-0.58193719
-0.71847826
-0.72819823
-0.87389916
-0.89333576
-0.96377963
-1.27977586
-1.43685675
-1.19101763
-1.13467848
-1.15588987
-1.21793413
-1.08258951
-0.90391093
-0.82384586
-1.12054455
-1.63097179
-1.66216648
-1.30781221
-0.89603174
-0.77856445
-0.93372756
-0.96291870
-1.20461023
-1.31927085
-1.04205906
-0.93112522
-0.96291959
-1.02650106
-0.89651912
-0.86189425
-0.84981209
-1.00047493
-0.83797139
-0.84891498
-0.94082117
-0.85922021
-0.77953064
-0.79745871
-0.85064465
-0.87803537
-0.85604429
-0.88505632
-0.92796075
-0.99049598
-0.92109972
-0.89107060
-0.87404341
-0.83005130
-0.78790331
-0.81599724
-0.48977306
-0.55996299
-0.57117695
-0.56817895
-0.61567688
-0.61460644
-0.52887404
-0.56610942
-0.67771196
-0.72385514
-0.77824664
-0.76284444
-0.89546883
-1.28318238
-1.45006621
-1.15282857
-1.06573319
-1.07320964
-1.12200570
-1.12108040
-0.76053292
-0.77189666
-1.25304735
-1.71826005
-1.71244597
-1.33794868
-1.03647947
-1.05959392
-1.06624210
-1.13900089
-1.35498381
-1.20596111
-1.05115235
-0.98332685
-1.04402554
-1.00573695
-0.87215000
-0.86824560
-0.87464762
-1.06029916
-0.94269544
-0.93316650
-1.02220118
-0.92135471
-0.81893438
-0.79981148
-0.78150457
-0.80347133
-0.86193961
-0.92625374
-0.90566522
-0.91549391
-0.93208188
-0.93166745
-0.83651423
-0.81294161
-0.85516453
-0.77611268
-0.57147449
-0.56944364
-0.62151676
-0.58609825
-0.65485519
-0.74392003
-0.60676068
-0.60490173
-0.61103082
-0.70861906
-0.67567539
-0.68189782
-0.80043733
-1.18381250
-1.37987757
-1.08108521
-0.88815355
-0.93447322
-0.97315788
-0.93190229
-0.63373995
-0.71408111
-1.33306789
-1.51836669
-1.46495306
-1.06135988
-1.00413084
-1.09850585
-1.12706816
-1.27384520
-1.37095547
-1.18807006
-0.92262363
-0.89835578
-0.87359208
-0.98746622
-0.80255866
-0.82418877
-0.89062184
-1.01039207
-0.89087611
-0.88295084
-0.93932515
-0.87296301
-0.74289215
-0.74473697
-0.72112429
-0.77631307
-0.79886413
-0.82280403
-0.82566684
-0.80339301
-0.87386692
-0.87841356
-0.85555691
-0.85976058
-0.88086438
-0.84186602
-0.61147559
-0.62648445
-0.67959672
-0.62501216
-0.67406344
-0.64928228
-0.58092248
-0.52237076
-0.61460531
-0.70757592
-0.71929240
-0.73678499
-0.84884709
-1.22673905
-1.38930714
-1.04785919
-0.75695354
-0.78970218
-0.74561816
-0.66316158
-0.55812848
-0.62416190
-1.06016207
-1.17678034
-1.14127207
-0.99934930
-1.23702598
-1.12478507
-1.21597445
-1.41878378
-1.35481274
-1.04213262
-0.60728258
-0.78592372
-0.71021324
-0.71478438
-0.65597653
-0.73030007
-0.87419963
-0.94786191
-0.86244535
-0.79734254
-0.79479831
-0.68906903
-0.59173816
-0.64550537
-0.61939752
-0.63384742
-0.64644456
-0.74029952
-0.74800867
-0.70209712
-0.74956113
-0.81972182
-0.79147857
-0.82050520
-0.88952363
-0.93634224
-0.67139095
-0.62024122
-0.71949947
-0.67727989
-0.72391236
-0.62620288
-0.65177786
-0.56617433
-0.64584243
-0.71970338
-0.74785399
-0.80025232
-0.85726255
-1.32228923
-1.32416427
-1.08033717
-0.85892856
-0.87295413
-0.81504172
-0.84927428
-0.63143826
-0.77051729
-0.94420356
-1.07300782
-1.05737925
-0.99270779
-1.25641143
-1.05479109
-1.05876660
-1.35813272
-1.26714432
-1.02531981
-0.59175050
-0.57635587
-0.55614132
-0.63801068
-0.65708184
-0.71896368
-0.86305928
-0.91670591
-0.77761990
-0.63145798
-0.67616343
-0.53548539
-0.52578634
-0.51747328
-0.55221587
-0.52298099
-0.56691974
-0.63107562
-0.64426911
-0.59342617
-0.61590797
-0.65875214
-0.70756948
-0.73148841
-0.81522197
-0.83601254
-0.70329010
-0.67583251
-0.72701168
-0.70494330
-0.71856111
-0.69886202
-0.71204865
-0.68382090
-0.79444945
-0.82233334
-0.93167108
-1.03874218
-0.97844166
-1.34629107
-1.37070167
-1.23591614
-1.06662667
-0.95180041
-0.83508569
-0.78360713
-0.53902972
-0.81443417
-1.06389427
-1.10267758
-1.10429823
-1.01773775
-1.08701611
-1.07188642
-0.86859107
-1.17042172
-1.09782672
-0.76432949
-0.35303643
-0.35275772
-0.60202551
-0.79195428
-0.67543131
-0.61785477
-0.70521855
-0.76823753
-0.66037959
-0.52687281
-0.65059900
-0.55654466
-0.46085703
-0.47558954
-0.59185964
-0.52248520
-0.56114042
-0.64090347
-0.69849026
-0.58805823
-0.59365052
-0.67257094
-0.73911077
-0.70434541
-0.73859453
-0.81226712
-0.71752095
-0.78779119
-0.77210534
-0.78677833
-0.69835669
-0.74583894
-0.83113724
-0.84061754
-0.91832668
-0.95574552
-1.16411233
-1.13058448
-1.01518857
-1.27350128
-1.46954930
-1.37767851
-1.15794349
-0.89036316
-0.84674162
-0.92313147
-0.81597078
-0.99730581
-1.33744979
-1.56168282
-1.56891608
-1.22858608
-1.14408958
-1.29635978
-0.86219418
-0.90897346
-0.75759387
-0.56197387
-0.38372093
-0.42355585
-0.78907233
-0.84893298
-0.77962840
-0.53224796
-0.69710529
-0.70529312
-0.64220846
-0.48899791
-0.61655986
-0.58374691
-0.50846899
-0.57020718
-0.64819866
-0.61668169
-0.69435406
-0.84315449
-0.78408545
-0.71016532
-0.71162832
-0.75619495
-0.73856831
-0.70605332
-0.72099668
-0.82122982
-0.68385708
-0.76309103
-0.78653228
-0.78082621
-0.78784329
-0.87153870
-0.93025643
-0.89702082
-0.89814621
-0.93043679
-1.13588548
-1.06580544
-1.01989496
-1.11257493
-1.40892315
-1.20439470
-0.96468198
-0.62999225
-0.79225159
-0.81978172
-0.84883791
-0.99691242
-1.45790648
-1.89546442
-1.86933434
-1.55306351
-1.28240049
-1.33330321
-0.92084044
-0.62313437
-0.54335940
-0.38889554
-0.47902504
-0.58804369
-0.98457575
-0.93107182
-0.84119087
-0.66103786
-0.71697652
-0.75322413
-0.70623344
-0.60923982
-0.71822828
-0.68380272
-0.67130095
-0.68906111
-0.70957273
-0.71179795
-0.86243790
-0.89907396
-0.84169060
-0.82823145
-0.89184827
-0.89434654
-0.79192930
-0.70348597
-0.68406695
-0.72355455
-0.58479083
-0.62349987
-0.69611019
-0.64995539
-0.74619490
-0.81040007
-0.83272570
-0.87029606
-0.79562932
-0.79458290
-0.92594391
-0.86399966
-0.80404651
-0.88389772
-1.06440496
-0.87760621
-0.63676673
-0.44866616
-0.55243939
-0.44219178
-0.37138537
-0.53403556
-1.17101252
-1.57590747
-1.31411064
-1.21186256
-1.27668822
-1.07632446
-0.87719327
-0.34812406
-0.34192491
-0.27753469
-0.56964511
-0.77625769
-1.05933642
-1.01410460
-0.81202132
-0.81328338
-0.88039291
-0.93846852
-0.77268147
-0.74813342
-0.83675200
-0.76277936
-0.76988363
-0.78903097
-0.75728709
-0.80091256
-0.97458261
-0.85276997
-0.81377226
-0.86875182
-0.90281057
-0.89455265
-0.75511336
-0.72236145
-0.68126506
-0.73866326
-0.49019742
-0.51151556
-0.58618575
-0.58311689
-0.65261823
-0.75806147
-0.72702640
-0.75064230
-0.61532801
-0.62781149
-0.68703109
-0.68746763
-0.55530852
-0.61045063
-0.70062566
-0.63965487
-0.27571732
-0.19118820
-0.33870566
-0.46246505
-0.41061378
-0.59589833
-1.08083045
-1.24986386
-1.01250601
-1.14204419
-1.32471597
-1.03795695
-0.80042273
-0.37921056
-0.40863535
-0.33256280
-0.54044604
-0.77169025
-1.04756987
-0.97208977
-0.88499159
-0.99299556
-1.12159407
-1.06299520
-0.86856413
-0.80673575
-0.89796042
-0.78842556
-0.77317220
-0.73976606
-0.77525693
-0.78580242
-0.86656159
-0.77335143
-0.75316036
-0.81774187
-0.81567109
-0.75698495
-0.69579864
-0.68351060
-0.62170649
-0.65317607
-0.44318360
-0.46463898
-0.47985229
-0.46616304
-0.57570738
-0.65763223
-0.61432022
-0.51561338
-0.41171390
-0.54621589
-0.47752714
-0.44686708
-0.37143004
-0.48670170
-0.56343645
-0.52567148
-0.26589960
-0.21336751
-0.25818914
-0.30163780
-0.15749077
-0.42440748
-0.77051938
-0.92056340
-0.83040011
-0.97362828
-1.10302842
-0.89990246
-0.70814550
-0.46653497
-0.36364093
-0.29329661
-0.45627663
-0.74806380
-0.80623865
-0.78177112
-0.82087767
-1.01536357
-1.07485187
-0.93009973
-0.89427865
-0.84266692
-0.89752322
-0.74868280
-0.67670822
-0.63122660
-0.72144955
-0.65357691
-0.65420663
-0.52008677
-0.50209117
-0.56846744
-0.65016818
-0.59337503
-0.62007844
-0.62909174
-0.62641084
-0.63266581
-0.47347799
-0.48760271
-0.49997172
-0.45690158
-0.57558072
-0.52099931
-0.55176276
-0.46931362
-0.48834512
-0.47945264
-0.36732307
-0.33941630
-0.41801530
-0.41115603
-0.44598079
-0.41739124
-0.42150345
-0.36153671
-0.29921806
-0.44676980
-0.36994624
-0.57662123
-0.59562653
-0.73880005
-0.66457319
-0.81179917
-0.85020638
-0.86872083
-0.54707342
-0.28209239
-0.15722993
-0.18036895
-0.32051063
-0.58095586
-0.58778507
-0.59414250
-0.70981240
-0.89210171
-0.98585647
-0.85692114
-0.83007288
-0.78546357
-0.75416869
-0.63788271
-0.45515528
-0.51949710
-0.55347759
-0.47853050
-0.38562179
-0.32299745
-0.32730001
-0.40034181
-0.44236556
-0.46500868
-0.60376698
-0.56935847
-0.58208555
-0.60901976
-0.51020008
-0.46770409
-0.52063668
-0.49593467
-0.58453858
-0.42296305
-0.51920140
-0.49380100
-0.47800881
-0.40422383
-0.42746267
-0.56804293
-0.65745133
-0.55984175
-0.54475749
-0.64009154
-0.70475900
-0.53049159
-0.47496462
-0.53055257
-0.41968051
-0.54864872
-0.73864818
-1.03459740
-0.96328664
-1.04586363
-1.05972326
-1.12438810
-0.62217230
-0.43617085
-0.16455792
-0.18957645
-0.32038131
-0.50337148
-0.44733250
-0.40257815
-0.61251193
-0.89175302
-0.86619252
-0.58293366
-0.55927640
-0.68386734
-0.66411519
-0.55280012
-0.35506299
-0.48299184
-0.44916332
-0.46869916
-0.37568372
-0.32372656
-0.30177307
-0.37033752
-0.44994548
-0.54056591
-0.57584095
-0.46518216
-0.48947564
-0.53843641
-0.56499565
-0.51151025
-0.48700723
-0.58333260
-0.55727100
-0.46085668
-0.45426378
-0.57720518
-0.43430069
-0.36691365
-0.53461909
-0.64348620
-0.67929786
-0.64745784
-0.79583198
-0.88173658
-0.88161469
-0.65290898
-0.59951705
-0.57138377
-0.47152326
-0.51038343
-0.72922057
-0.85395128
-0.90449035
-0.96861768
-1.04124427
-1.04196370
-0.74628794
-0.48757416
-0.21357670
-0.16808836
-0.36107671
-0.44080761
-0.34983009
-0.29802141
-0.51889426
-0.70358860
-0.60485363
-0.41734102
-0.49918377
-0.45842868
-0.44854996
-0.39915991
-0.36302286
-0.43432820
-0.41305131
-0.54015410
-0.52464861
-0.45261607
-0.39267662
-0.54578477
-0.61646533
-0.60973746
-0.56559843
-0.47563937
-0.47224888
-0.52317721
-0.51366138
-0.47334445
-0.45085722
-0.75770193
-0.52931571
-0.48990291
-0.59541214
-0.79210526
-0.53722769
-0.46028346
-0.65159208
-0.64644927
-0.64117032
-0.71562064
-0.91075236
-0.87469757
-0.81570214
-0.67097515
-0.56381404
-0.46423897
-0.46047524
-0.48732433
-0.70642853
-0.85618329
-0.88615066
-0.90668035
-1.08794951
-1.03702962
-0.74892133
-0.51139587
-0.43494016
-0.40464175
-0.53633493
-0.60675251
-0.48621097
-0.43959981
-0.46106967
-0.56920642
-0.52406251
-0.42851552
-0.34201026
-0.44622499
-0.59563404
-0.49489400
-0.49392480
-0.49645603
-0.54771757
-0.65713698
-0.63298702
-0.66020948
-0.63968068
-0.75553411
-0.79835421
-0.80053240
-0.65978563
-0.48962507
-0.46292177
-0.55206108
-0.56201667
-0.45882654
-0.39983177
-0.67439848
-0.50340414
-0.50011528
-0.77625358
-0.81100667
-0.55671328
-0.48333573
-0.64582759
-0.57249701
-0.64536548
-0.81128895
-0.90661687
-0.90944934
-0.77503216
-0.68729222
-0.54517555
-0.35350385
-0.30588022
-0.40607989
-0.56602079
-0.66123313
-0.68920982
-0.91387874
-1.06413507
-0.99445361
-0.79061341
-0.67581773
-0.68437213
-0.60807806
-0.76758724
-0.85676724
-0.75120521
-0.70819330
-0.66746563
-0.78273833
-0.49598414
-0.50121337
-0.45763606
-0.65007234
-0.71627504
-0.59765923
-0.55109930
-0.60216457
-0.76286501
-0.82786268
-0.82151550
-0.80455101
-0.78226668
-0.81842202
-0.91237628
-0.92812890
-0.77572805
-0.59997827
-0.54959434
-0.61135817
-0.47465640
-0.44185504
-0.47480363
-0.75933963
-0.62571669
-0.57277918
-0.75660622
-0.74131417
-0.53082788
-0.39347965
-0.46789202
-0.43660152
-0.50962734
-0.68909359
-0.77351642
-0.74851221
-0.57816046
-0.54683113
-0.50805849
-0.45311308
-0.37718332
-0.38765919
-0.54735798
-0.50283861
-0.65562540
-0.81563342
-0.91573024
-0.82819891
-0.74139917
-0.70867378
-0.75664783
-0.72933531
-0.91106325
-0.90419716
-0.85227841
-0.75686771
-0.77757615
-0.88748336
-0.61272430
-0.62863469
-0.71475106
-0.76978260
-0.67667216
-0.58057058
-0.51517892
-0.65300614
-0.79876488
-0.78825665
-0.73338479
-0.76962429
-0.79900980
-0.91542321
-0.93775177
-0.87128025
-0.72783571
-0.63383925
-0.62343806
-0.59805828
-2.16537023
-2.20047307
-2.24195027
-2.28974342
-2.32580042
-2.33763051
-2.29943347
-2.17341328
-2.03504181
-1.95302582
-1.91064823
-1.91805065
-1.90745699
-1.89482307
-2.01636648
-2.19954371
-2.16459823
-1.65483725
-1.25706553
-0.98367047
-0.64203119
-0.54555291
-0.89300185
-1.13075304
-1.26496804
-1.50010026
-1.85782397
-2.20729303
-2.37955594
-2.25530839
-2.03146935
-1.92765546
-1.94966030
-1.95309985
-1.97314775
-2.14809108
-2.25107503
-2.09927082
-2.00317097
-1.97543049
-1.95088506
-1.96334088
-1.77791142
-1.60343599
-1.60221124
-1.79251182
-1.98109198
-1.59040654
-1.43748879
-1.63997614
-1.70483005
-1.63076353
-1.49340665
-1.43148720
-1.36465394
-1.39156115
-1.44547319
-1.53232634
-2.38707256
-2.41791773
-2.44967389
-2.50409937
-2.53856134
-2.53241897
-2.40215707
-2.17759991
-2.00257635
-1.89751947
-1.83935881
-1.86940920
-1.86705208
-1.83518016
-1.96651578
-2.12126970
-2.01217127
-1.48803926
-1.12441635
-0.94011909
-0.79158926
-0.88368058
-1.23027098
-1.49529111
-1.51413345
-1.55751491
-1.81371450
-2.10514259
-2.23438168
-2.14518690
-1.93077302
-1.78349519
-1.76264548
-1.71555114
-1.69778335
-1.87580872
-1.98064709
-1.88424110
-1.87655270
-1.87943256
-1.90524590
-1.91092753
-1.73678863
-1.60712290
-1.54775321
-1.70768380
-1.96528733
-1.61406946
-1.45552862
-1.61177564
-1.61403406
-1.46899629
-1.30480182
-1.20585120
-1.16899145
-1.23004055
-1.29892790
-1.45758581
-2.58590889
-2.57443547
-2.58799267
-2.63835645
-2.64235139
-2.58954859
-2.39384341
-2.13282847
-1.94440651
-1.82186723
-1.77748430
-1.82981348
-1.79824710
-1.70933783
-1.78144896
-1.85415423
-1.69764924
-1.21982908
-0.96239454
-0.91805816
-0.99027783
-1.20061040
-1.40900540
-1.53711057
-1.44637954
-1.38678122
-1.56597006
-1.82822108
-2.00937891
-1.99137759
-1.79311872
-1.60672951
-1.56511879
-1.55236578
-1.63803339
-1.81250906
-1.85369205
-1.80657434
-1.84882617
-1.87908995
-1.94176435
-1.91944885
-1.78186381
-1.67328918
-1.55643666
-1.73426366
-2.02607083
-1.68480599
-1.50927234
-1.58747876
-1.49952221
-1.32869840
-1.17945933
-1.08204627
-1.07152474
-1.11139739
-1.14279425
-1.29001284
-2.60974693
-2.57700515
-2.58905768
-2.61435580
-2.59701300
-2.51294732
-2.28518987
-2.04052043
-1.89565551
-1.79142702
-1.79407835
-1.85624516
-1.79203641
-1.63881707
-1.63539922
-1.66810179
-1.51767480
-1.13033879
-0.93457800
-0.96457905
-1.17203426
-1.34909523
-1.32206941
-1.34856892
-1.26865041
-1.23354042
-1.32029665
-1.60612965
-1.83150136
-1.86686099
-1.69868684
-1.52017248
-1.50139451
-1.58695495
-1.75768471
-1.89332283
-1.88317609
-1.86643755
-1.90509057
-1.94568837
-2.01912713
-1.97072113
-1.86686897
-1.77286685
-1.64363384
-1.84794140
-2.17278218
-1.76993096
-1.54562438
-1.54868054
-1.40426087
-1.29055858
-1.25318658
-1.15092576
-1.13893390
-1.16560841
-1.13292611
-1.22329211
-2.50713325
-2.46944594
-2.47212052
-2.48488045
-2.47038841
-2.37916327
-2.16040444
-1.95693398
-1.86069024
-1.80813837
-1.86670542
-1.95294440
-1.86746597
-1.68467414
-1.62104523
-1.63438141
-1.54374862
-1.27119327
-1.12053394
-1.20570660
-1.41520536
-1.47381866
-1.32107735
-1.29842389
-1.30751657
-1.27749109
-1.31428695
-1.58275342
-1.84281111
-1.88505411
-1.74845421
-1.61279535
-1.67229271
-1.85528433
-2.03980851
-2.07491350
-2.04976463
-2.06351948
-2.07245159
-2.07484865
-2.11521411
-2.06691861
-2.02094889
-1.92005777
-1.77035296
-2.01037288
-2.26049852
-1.78295755
-1.51658559
-1.47523415
-1.34417391
-1.39769316
-1.46305811
-1.37154055
-1.35330617
-1.36765099
-1.30140984
-1.30033791
-2.31310058
-2.27040601
-2.26614189
-2.28359151
-2.29257655
-2.23715281
-2.08723426
-1.97658455
-1.94925773
-1.96340191
-2.06790090
-2.13338614
-2.06287408
-1.94020712
-1.88412011
-1.87056291
-1.82354629
-1.68476367
-1.54075468
-1.56888247
-1.71487856
-1.70176327
-1.52699149
-1.50226724
-1.58443356
-1.61267912
-1.61860836
-1.81699681
-2.02390599
-2.02470994
-1.88702011
-1.79156709
-1.91966832
-2.17845988
-2.29808021
-2.25666595
-2.24281096
-2.23663306
-2.22800875
-2.23687315
-2.22515368
-2.15248680
-2.12887168
-2.00627637
-1.89853251
-2.16022587
-2.29277945
-1.77477062
-1.49251246
-1.43623292
-1.36540771
-1.55203152
-1.65262723
-1.63734949
-1.68460906
-1.67071354
-1.51772904
-1.50192714
-2.10947490
-2.07645512
-2.06732249
-2.09530759
-2.12627888
-2.10982108
-2.03609300
-2.01863575
-2.06175041
-2.11288452
-2.19708467
-2.23494387
-2.17337489
-2.08359289
-2.07890439
-2.16171074
-2.22299051
-2.16049099
-2.02182555
-2.04863048
-2.10417390
-2.03530717
-1.89421797
-1.91467142
-2.00003028
-2.04973888
-2.09376693
-2.09861183
-2.18536186
-2.19486380
-2.06469798
-1.96297753
-2.12163210
-2.34565043
-2.40779138
-2.35235286
-2.35064745
-2.33736753
-2.31840777
-2.30135059
-2.23229527
-2.12401223
-2.09945369
-1.97074795
-1.96030569
-2.26229835
-2.22260380
-1.71761906
-1.44081771
-1.36970484
-1.39935291
-1.68518925
-1.73022950
-1.76765573
-1.81072998
-1.77855933
-1.64853537
-1.64726543
-1.99276364
-1.97206807
-1.96495581
-2.00630260
-2.04270172
-2.04459953
-2.04510331
-2.09516358
-2.13039303
-2.12386966
-2.16845417
-2.18394756
-2.12926650
-2.08486485
-2.18439364
-2.38172460
-2.51925588
-2.43947816
-2.37638974
-2.45233846
-2.38844132
-2.21445966
-2.15139675
-2.17704797
-2.20849943
-2.23985648
-2.24490690
-2.15996742
-2.16794324
-2.17345333
-2.07391906
-1.99527311
-2.18162060
-2.40263796
-2.45157123
-2.44595242
-2.40651464
-2.31297088
-2.20863008
-2.13602829
-1.99499393
-1.87361550
-1.83165717
-1.72850144
-1.82674921
-2.07913613
-1.92236459
-1.49263525
-1.27486026
-1.23901057
-1.33295310
-1.57896805
-1.53801095
-1.54794228
-1.57830417
-1.54752374
-1.45140636
-1.46941018
-1.94094372
-1.91771138
-1.91608608
-1.95813644
-1.98499751
-1.99787438
-2.04181552
-2.07302856
-2.03557062
-1.95378768
-1.97692382
-1.96884632
-1.91288948
-1.95078373
-2.18536472
-2.49403167
-2.60409951
-2.42079878
-2.44522023
-2.46759057
-2.26288748
-2.06733489
-2.14694858
-2.10306454
-2.06128812
-2.05120206
-2.05209827
-1.97578681
-1.97733569
-1.97980762
-1.90422118
-1.97275949
-2.23249102
-2.44240975
-2.52911353
-2.49308634
-2.29778337
-2.04113865
-1.82252860
-1.73887861
-1.56947970
-1.42527378
-1.36320174
-1.31665099
-1.50057352
-1.65803742
-1.46592486
-1.19052756
-1.08637178
-1.08195674
-1.20825756
-1.35171306
-1.25569129
-1.21150553
-1.21572506
-1.20237291
-1.16228163
-1.16987216
-1.75454700
-1.73299789
-1.73314667
-1.76793289
-1.77820778
-1.77865410
-1.81032372
-1.77659082
-1.66537845
-1.57122445
-1.58550024
-1.58059907
-1.55337811
-1.72346139
-2.05997944
-2.34584522
-2.22893596
-2.13107133
-2.18649364
-1.99810195
-1.60757113
-1.75917935
-2.02564812
-2.00821233
-1.98326302
-2.04925299
-2.10854006
-2.04379940
-2.03742290
-2.00092340
-1.93051076
-2.06034040
-2.37731385
-2.54516387
-2.58492422
-2.43234777
-1.99209189
-1.57413399
-1.37281775
-1.36436689
-1.23032045
-1.09898043
-1.03976417
-1.07434320
-1.26237392
-1.28821528
-1.10876834
-0.96512729
-0.93356669
-0.96851802
-1.10556841
-1.18842673
-1.07789838
-0.99955308
-0.97594160
-0.99668759
-1.00677848
-0.97677988
-1.42843723
-1.43029332
-1.44752741
-1.47212672
-1.45756269
-1.45076668
-1.44894433
-1.37538791
-1.28852689
-1.25283921
-1.28171682
-1.30000591
-1.34956741
-1.67992842
-2.03571534
-2.07664227
-1.79864061
-1.69550920
-1.61512554
-1.18857265
-1.02295041
-1.60855150
-2.01763129
-2.07108259
-2.20035028
-2.33124876
-2.38170385
-2.15882993
-2.00083470
-1.92451060
-2.02319884
-2.21525288
-2.46291733
-2.58887553
-2.45762801
-2.05160213
-1.49291229
-1.11149001
-1.07319963
-1.19414973
-1.13227534
-1.04726553
-1.03596711
-1.11024201
-1.22627294
-1.12991023
-0.98371238
-0.93784726
-0.95111704
-0.97429138
-1.07792318
-1.10113263
-1.02196765
-0.97001910
-0.92354310
-0.95507699
-0.99483496
-0.95670456
-1.19075680
-1.20000756
-1.22750282
-1.25060344
-1.23674107
-1.20589232
-1.16228485
-1.10053837
-1.06884789
-1.09055877
-1.15997696
-1.22873652
-1.41565907
-1.81472015
-2.09298563
-1.85806787
-1.52267027
-1.42007685
-1.08380198
-0.50893158
-0.90376747
-1.79548120
-2.19761920
-2.29349089
-2.30136609
-2.40570331
-2.31619358
-1.86793733
-1.53893685
-1.62374246
-1.89383364
-2.16044641
-2.36126757
-2.31174922
-1.91347170
-1.41479445
-1.01701403
-0.87761158
-1.04816282
-1.22417390
-1.25733340
-1.25381708
-1.26833045
-1.31691039
-1.33669853
-1.20424604
-1.09460771
-1.10392201
-1.09733295
-1.07012582
-1.11119235
-1.14231896
-1.11576509
-1.07815611
-1.03351736
-1.09016192
-1.13123310
-1.09210002
-1.14477503
-1.17646348
-1.19632769
-1.22105145
-1.19252086
-1.12805939
-1.06333351
-1.04217756
-1.05199802
-1.13750076
-1.25549459
-1.34298646
-1.68409348
-2.12647271
-2.20154953
-1.71105194
-1.45386159
-1.19397759
-0.79917687
-0.60698432
-1.34371161
-1.96493638
-2.22434139
-2.23429370
-2.21181822
-2.15514112
-1.86214650
-1.39303029
-1.28145599
-1.51610851
-1.72011650
-1.94423437
-2.11576605
-1.83442461
-1.40678537
-0.99595875
-0.81876343
-0.96336901
-1.20419526
-1.37112355
-1.44709051
-1.47733104
-1.47309339
-1.48881447
-1.48551965
-1.37467325
-1.31353509
-1.34088457
-1.31554091
-1.26064634
-1.30799961
-1.36110675
-1.37039220
-1.32912910
-1.31578207
-1.35953534
-1.35179830
-1.32454002
-1.30303514
-1.35921896
-1.38839149
-1.38689744
-1.33237731
-1.24273920
-1.21191382
-1.22191143
-1.22435606
-1.30708802
-1.39343989
-1.44785798
-1.85274267
-2.24332237
-2.02601433
-1.48411584
-1.24587643
-0.88899767
-0.62604266
-1.10135603
-1.74168646
-1.87401414
-2.10177279
-2.09774590
-2.10681653
-1.99375105
-1.51078320
-1.23357594
-1.36191285
-1.59236717
-1.57721913
-1.69316328
-1.76365042
-1.46561587
-1.09779620
-0.93940169
-1.00090182
-1.24970376
-1.40868533
-1.48304152
-1.55882299
-1.60508096
-1.58079362
-1.59389412
-1.59175515
-1.53176248
-1.52739716
-1.58851111
-1.59074092
-1.56060326
-1.60738778
-1.69914865
-1.72656953
-1.69129300
-1.65921700
-1.66000688
-1.60557187
-1.58999300
-1.53329313
-1.58288491
-1.59240210
-1.58524764
-1.50204456
-1.40782201
-1.40190995
-1.40789104
-1.37132108
-1.38838398
-1.41874254
-1.47607207
-1.86306739
-2.16173744
-1.64587188
-1.11525667
-0.99137318
-0.79574841
-0.72749734
-1.52658439
-1.86275518
-1.93987513
-2.13899279
-2.16665149
-2.24134612
-1.95053780
-1.48287201
-1.45354652
-1.72390914
-1.81348360
-1.77309835
-1.85759819
-1.66652787
-1.32071221
-1.17724180
-1.26602209
-1.39127934
-1.55230272
-1.57225525
-1.56899428
-1.66105556
-1.73138034
-1.69598746
-1.70628548
-1.72411025
-1.72256887
-1.76651418
-1.83273649
-1.86871457
-1.86147702
-1.92676389
-2.04166484
-2.05971169
-2.02438569
-1.97466528
-1.90692067
-1.83732617
-1.84850657
-1.75395381
-1.80385506
-1.79043484
-1.75254965
-1.65977252
-1.58104837
-1.58184719
-1.57070410
-1.49541390
-1.45021105
-1.41290748
-1.55838394
-1.97313964
-2.12085891
-1.41513443
-0.93700063
-0.87685281
-0.78524661
-1.12725806
-1.87088716
-1.99201930
-2.12729597
-2.22060275
-2.16132879
-2.12082362
-1.60549855
-1.37144649
-1.68446839
-1.70662022
-1.56698227
-1.47614706
-1.54301727
-1.41422784
-1.28242326
-1.41798019
-1.58635747
-1.69244897
-1.73900378
-1.73538840
-1.71774673
-1.80943406
-1.87975323
-1.81019878
-1.78797019
-1.83069348
-1.87366056
-1.92151618
-1.95962119
-1.99548936
-1.99411690
-2.06991076
-2.15870190
-2.14659286
-2.07915950
-2.00434995
-1.95352209
-1.94432092
-1.98168159
-1.95187163
-1.98967493
-1.94345760
-1.87519765
-1.81148612
-1.73653793
-1.71645498
-1.70357883
-1.62381256
-1.55667293
-1.49812055
-1.74206948
-2.20883679
-2.12674117
-1.40202665
-0.92487776
-0.89370298
-0.97945434
-1.62130344
-2.05697608
-2.11486793
-2.25702167
-2.05650711
-1.91579151
-1.75943220
-1.35285282
-0.96970350
-1.23707294
-1.14991462
-1.18197298
-1.31303704
-1.28079236
-1.26984704
-1.39977694
-1.61326361
-1.65024781
-1.83325517
-1.91254032
-1.89470351
-1.89163148
-1.99385560
-2.02965355
-1.93110096
-1.87696278
-1.88989127
-1.92631614
-1.95712137
-1.96327710
-1.96832466
-1.95356464
-2.00599432
-2.04399824
-1.99668539
-1.93760049
-1.87511802
-1.86604786
-1.90616262
-1.94748986
-2.03029704
-2.03237486
-1.95962524
-1.88307953
-1.84056437
-1.76407921
-1.74854279
-1.75488126
-1.67901921
-1.63840771
-1.61351013
-1.93372452
-2.35572052
-2.12724090
-1.35703218
-0.91150844
-0.96382153
-1.18526685
-1.94293690
-2.08041549
-2.12895322
-2.09591603
-1.75724447
-1.71178675
-1.80008447
-1.12349665
-0.73131263
-0.88468254
-0.93603426
-1.00885189
-1.26343668
-1.19418395
-1.34566367
-1.52727270
-1.68421328
-1.65476012
-1.92198324
-2.01167417
-2.00136209
-2.00009632
-2.05114627
-2.04729438
-1.96362472
-1.90474784
-1.89340806
-1.90660429
-1.92481744
-1.92373669
-1.91584563
-1.89368093
-1.91526639
-1.90450156
-1.86616218
-1.85577762
-1.82164586
-1.81308258
-1.86869240
-1.91153944
-1.98718297
-1.97288656
-1.90871477
-1.85894823
-1.82640576
-1.76508713
-1.78349066
-1.81412780
-1.76039088
-1.75519037
-1.77540874
-2.09827995
-2.43916631
-2.06754303
-1.28960049
-0.86699378
-0.95287871
-1.26039064
-1.94478500
-2.05666661
-2.07554007
-2.04574609
-1.52577293
-1.48194289
-1.45106280
-0.78068525
-0.72256690
-1.13792551
-1.27533901
-1.37748051
-1.33281398
-1.05798197
-1.25986278
-1.66886270
-1.72776377
-1.72677958
-1.93472230
-1.99668658
-1.98440170
-1.94313312
-1.93298149
-1.91628397
-1.90194690
-1.88741601
-1.88014126
-1.88421607
-1.89255452
-1.90518475
-1.89021993
-1.86784065
-1.87761605
-1.85598493
-1.82461929
-1.84718215
-1.82266319
-1.81341422
-1.85452676
-1.88829148
-1.92780340
-1.90491104
-1.86228013
-1.84827411
-1.84493494
-1.82391572
-1.86280131
-1.89533746
-1.86167443
-1.87560689
-1.91242003
-2.26331234
-2.57900953
-2.10731053
-1.28029644
-0.88755679
-1.01486373
-1.33821368
-1.91598928
-2.08191109
-2.06603694
-1.92019069
-1.31684124
-1.19214785
-1.21606159
-0.99509835
-1.12835515
-1.02324677
-1.20063472
-1.59217942
-1.74255776
-1.18899858
-1.48395622
-1.84600592
-1.78250730
-1.84847498
-1.93726575
-1.94455564
-1.91174221
-1.85370278
-1.82175386
-1.82701921
-1.88060331
-1.90869379
-1.90186369
-1.89823341
-1.90175605
-1.90107429
-1.86299407
-1.83923090
-1.85652399
-1.86822975
-1.87058890
-1.88973808
-1.85065711
-1.83937407
-1.87800741
-1.88985968
-1.91397345
-1.89534295
-1.86912751
-1.87844884
-1.89942241
-1.90311170
-1.92082381
-1.93246806
-1.89960539
-1.89487410
-1.93837976
-2.35952878
-2.69337082
-2.14293313
-1.29871130
-0.99553645
-1.18445528
-1.45683146
-1.96369827
-2.16712141
-2.10941458
-1.76856911
-1.27741313
-1.24968433
-1.07730794
-1.09512460
-1.19308591
-0.85787404
-1.34461653
-1.93428457
-1.58334160
-1.26334119
-1.64579797
-1.97625172
-1.81419885
-1.95239890
-1.94400978
-1.91110492
-1.88160086
-1.84822452
-1.83450663
-1.86235380
-1.93220007
-1.95866084
-1.95894253
-1.95934904
-1.95139027
-1.91654491
-1.86226380
-1.84841239
-1.85927343
-1.87211514
-1.88508010
-1.89524174
-1.87984574
-1.87358570
-1.89336407
-1.87021971
-1.90286338
-1.87949848
-1.86329210
-1.89707756
-1.93847156
-1.93518507
-1.93530762
-1.91901076
-1.87728524
-1.86342144
-1.94139218
-2.39598536
-2.70027804
-2.09143233
-1.29313695
-1.07704782
-1.25648010
-1.48711622
-1.94831288
-2.12374330
-2.09215260
-1.85647941
-1.47213793
-1.23656595
-0.92636317
-1.00944090
-1.26082122
-1.39774370
-1.82773340
-1.97536576
-1.62374306
-1.58711696
-2.11135387
-2.13907599
-1.84189522
-1.95491481
-1.91865599
-1.88852859
-1.87079573
-1.87767112
-1.90704703
-1.94998133
-2.00695252
-2.01768136
-2.02547693
-2.02887154
-1.97625279
-1.89651108
-1.86832118
-1.86910093
-1.86672401
-1.86283624
-1.85829103
-1.86870015
-1.86243558
-1.86924148
-1.87654424
-1.86274147
-1.88227320
-1.86139488
-1.85458505
-1.91004920
-1.94793725
-1.91552317
-1.90253079
-1.88447595
-1.86884153
-1.88102794
-1.99047959
-2.41351986
-2.62244773
-1.96252000
-1.24948859
-1.09781122
-1.26863563
-1.51013923
-1.99535561
-2.14561486
-2.11757255
-1.85013306
-1.46002328
-1.16913378
-1.15856934
-1.42876422
-1.60034776
-1.58889318
-1.77059555
-1.83532226
-1.84421837
-2.07148695
-2.15425467
-1.87006724
-1.69072962
-1.95455527
-1.87247777
-1.85821748
-1.87168658
-1.89145827
-1.95957744
-2.01825738
-2.04397798
-2.04104614
-2.05045295
-2.05229855
-1.95933878
-1.86786187
-1.85587096
-1.85775852
-1.85628486
-1.85318506
-1.83539307
-1.84700918
-1.86152661
-1.88860631
-1.89467430
-1.92863953
-1.88049924
-1.85077870
-1.86961412
-1.93697715
-1.97460449
-1.93257141
-1.93035603
-1.91518021
-1.90353286
-1.93375015
-2.04451895
-2.37533665
-2.49573112
-1.83633900
-1.23026800
-1.10840476
-1.22654450
-1.61138844
-2.07554984
-2.17449760
-2.15776706
-1.93953967
-1.64435875
-1.47296417
-1.39996469
-1.42899597
-1.34957123
-1.38767731
-1.56651378
-1.70854700
-1.82727373
-1.87974465
-1.74807739
-1.45047998
-1.70799291
-1.97411692
-1.78660882
-1.80991375
-1.85967791
-1.89323711
-1.92301583
-1.98547506
-1.99187100
-1.98201644
-1.97546744
-1.94861150
-1.85677457
-1.82001686
-1.81050026
-1.82191050
-1.82068944
-1.80020797
-1.77259481
-1.79219365
-1.85284686
-1.90420282
-1.90446389
-1.91096771
-1.89890683
-1.88114285
-1.92745817
-1.98182416
-1.99130833
-1.95599937
-1.96063995
-1.93659961
-1.94752038
-1.97362602
-2.05184245
-2.27091956
-2.31511736
-1.72316515
-1.25484061
-1.11561024
-1.24950302
-1.75446618
-2.08002496
-2.21639538
-2.34839439
-2.31667972
-2.08434463
-1.74574900
-1.41180849
-1.27449024
-1.23206198
-1.20050406
-1.26566207
-1.41112137
-1.52291083
-1.56764960
-1.41889572
-1.39977574
-1.81898034
-1.92691112
-1.73712707
-1.77209496
-1.84995115
-1.83716452
-1.87734401
-1.93879151
-1.91552210
-1.87521970
-1.85826123
-1.81611776
-1.73147440
-1.73214555
-1.72389579
-1.76557398
-1.78767383
-1.77803946
-1.75974560
-1.80208731
-1.88954270
-1.95102751
-1.89776349
-1.84284317
-1.88209486
-1.91054642
-1.94455552
-1.94755864
-1.94591475
-1.89919829
-1.86556411
-1.84478056
-1.90161705
-1.90428627
-1.94271851
-2.13748646
-2.11819434
-1.65294170
-1.30304110
-1.14285254
-1.31493807
-1.82540691
-1.88545358
-2.10172105
-2.34167123
-2.27078104
-2.02876234
-1.78182590
-1.39019108
-1.26041651
-1.06894982
-1.07723486
-1.22746098
-1.47959781
-1.49475026
-1.47676933
-1.35839510
-1.48127556
-1.91557395
-1.82990241
-1.71708345
-1.76331592
-1.79128838
-1.78173363
-1.86331558
-1.92885745
-1.86012638
-1.80293202
-1.80356860
-1.76259387
-1.70551777
-1.72591662
-1.73010170
-1.78331995
-1.84436250
-1.85907114
-1.85699522
-1.86260796
-1.93478310
-1.98920894
-1.92898011
-1.84085798
-1.77318478
-1.85404646
-1.85099554
-1.85338151
-1.90282834
-1.88933909
-1.83205557
-1.80626047
-1.90170014
-1.84808338
-1.84471226
-2.02105451
-1.98327696
-1.60870850
-1.30397379
-1.15081418
-1.34965301
-1.70201278
-1.60211647
-1.86628914
-2.10067225
-1.98421311
-1.72355807
-1.49680173
-1.02951324
-0.96087009
-1.04216003
-1.34743464
-1.56829202
-1.76315343
-1.62553787
-1.58617294
-1.57973027
-1.75370908
-1.85610771
-1.67740691
-1.63766384
-1.69558990
-1.72818065
-1.76473260
-1.87007380
-1.88481593
-1.81413519
-1.81800830
-1.84005904
-1.79282749
-1.77901745
-1.80825734
-1.80842495
-1.83098412
-1.90716934
-1.94047070
-1.90256381
-1.87191665
-1.92860866
-1.96751738
-1.84584379
-1.77088678
-1.66582894
-1.74848306
-1.79115927
-1.80447567
-1.86847746
-1.90075839
-1.84168494
-1.77223539
-1.84545577
-1.76061308
-1.73991430
-1.86357117
-1.82211721
-1.54802001
-1.32714272
-1.24001205
-1.44368446
-1.63233423
-1.51809049
-1.75201380
-1.94742239
-1.81545389
-1.64975488
-1.48857772
-0.95200562
-0.93336779
-1.34577608
-1.70478952
-1.72493005
-1.77155972
-1.72185862
-1.75454807
-1.68547320
-1.59688032
-1.58585787
-1.50453293
-1.52461886
-1.58153403
-1.64201796
-1.74157846
-1.81334996
-1.79724073
-1.79428899
-1.89916825
-1.93628132
-1.85534883
-1.87183857
-1.91333163
-1.87471843
-1.82524979
-1.88449895
-1.87088549
-1.82893586
-1.80087113
-1.85067105
-1.84367073
-1.73090005
-1.70096242
-1.56282783
-1.63293827
-1.73137927
-1.77634776
-1.81891716
-1.84562910
-1.74635398
-1.64159465
-1.63280821
-1.53738058
-1.52934146
-1.66585720
-1.64386845
-1.52425444
-1.48780906
-1.43868065
-1.53027117
-1.60920584
-1.52457845
-1.69427586
-1.88633072
-1.79081368
-1.81802678
-1.69237721
-1.09092009
-1.11509824
-1.58410180
-1.69480371
-1.71268320
-1.74849880
-1.70846701
-1.71267176
-1.53965938
-1.40522063
-1.38006902
-1.35553622
-1.47214675
-1.53312349
-1.54786074
-1.60080075
-1.65569711
-1.66790962
-1.76301277
-1.93745768
-1.88273537
-1.77777278
-1.80686557
-1.84981251
-1.79443753
-1.75692666
-1.74586427
-1.68975186
-1.62166882
-1.56982338
-1.60381949
-1.61493397
-1.58717060
-1.60738647
-1.46084917
-1.46763921
-1.55122399
-1.53072739
-1.54011738
-1.57351911
-1.44907129
-1.29735446
-1.23081458
-1.18777680
-1.30525792
-1.50583148
-1.55014110
-1.58748055
-1.65770268
-1.56982946
-1.52995872
-1.48102987
-1.28760290
-1.42977476
-1.69902694
-1.80504358
-1.91298842
-1.61444211
-1.19281554
-1.29283774
-1.50332046
-1.41815472
-1.69385242
-1.67429876
-1.66343462
-1.58721924
-1.48487484
-1.44264650
-1.32108152
-1.40397072
-1.51712966
-1.45584118
-1.43901598
-1.51426136
-1.58149338
-1.56902707
-1.66333580
-1.75537503
-1.67415953
-1.58976853
-1.66638279
-1.65105820
-1.63584888
-1.61341250
-1.55223942
-1.46727526
-1.39829290
-1.34765685
-1.33433592
-1.36417866
-1.39188075
-1.43894732
-1.30684149
-1.24375343
-1.25936902
-1.20798314
-1.15679026
-1.13111460
-1.01099765
-0.90629613
-0.87677258
-0.89983362
-1.11413956
-1.42098486
-1.48638952
-1.55610478
-1.67777193
-1.57969773
-1.39781666
-1.30326760
-1.17471886
-1.23991454
-1.43643570
-1.79073405
-2.08915877
-1.61898422
-1.11509109
-1.18654585
-1.38796461
-1.46236324
-1.83465624
-1.81415403
-1.71563900
-1.69238150
-1.58272803
-1.42970145
-1.27124739
-1.44136322
-1.52535582
-1.41979289
-1.40318441
-1.51033282
-1.56771123
-1.51205945
-1.51307368
-1.51273787
-1.44123900
-1.42863083
-1.48581898
-1.49065912
-1.53485966
-1.50049531
-1.43395352
-1.40411031
-1.38879359
-1.38815761
-1.37679791
-1.41797495
-1.39570332
-1.39235294
-1.16016352
-1.04019547
-1.09163749
-1.10759687
-1.00133157
-0.90124249
-0.83381754
-0.79873592
-0.83756721
-0.86858761
-1.14279318
-1.49915028
-1.53230143
-1.61494851
-1.72448647
-1.46907330
-1.18955803
-1.17295539
-1.18221867
-1.25358939
-1.43705463
-1.89238250
-2.17380071
-1.63083839
-1.27655220
-1.38917732
-1.41440010
-1.76786149
-2.24428678
-1.99661422
-1.72235334
-1.71818769
-1.64518857
-1.23375058
-1.17754209
-1.43092680
-1.47546721
-1.38288188
-1.39331675
-1.47315454
-1.50524068
-1.43525577
-1.38919377
-1.35698342
-1.36056507
-1.39568245
-1.39267063
-1.41743124
-1.55415630
-1.47556746
-1.45695627
-1.50159323
-1.49676609
-1.52940249
-1.51285303
-1.53645074
-1.54334104
-1.49782073
-1.08803797
-1.03053498
-1.11707330
-1.18632495
-1.04300451
-0.95659345
-0.94098693
-0.93786561
-1.01098669
-1.05599213
-1.34436262
-1.66278458
-1.66215718
-1.73918903
-1.68083203
-1.40682983
-1.21076429
-1.24700952
-1.25677192
-1.41700673
-1.68755567
-2.00626373
-2.17159271
-1.91241693
-1.61870897
-1.66245985
-1.70821512
-1.98233461
-2.08850956
-1.80161893
-1.44899035
-1.35268044
-1.17221844
-0.98777324
-1.21810532
-1.36631966
-1.37775910
-1.35679841
-1.39037895
-1.41523588
-1.43857801
-1.44168675
-1.38403440
-1.35241485
-1.46994281
-1.57913971
-1.52557385
-1.57046270
-1.57251787
-1.44055331
-1.52576697
-1.68235338
-1.68595827
-1.73504114
-1.70084572
-1.68784773
-1.69072056
-1.64076948
-1.15668786
-1.19447839
-1.32989168
-1.35341489
-1.26452553
-1.24387109
-1.19967306
-1.18920982
-1.27367353
-1.27929652
-1.57892489
-1.77755570
-1.75327647
-1.88054347
-1.60532856
-1.34601593
-1.43071938
-1.53184116
-1.35991943
-1.58129179
-1.87577665
-2.03691053
-2.24610734
-2.17202306
-1.78965306
-1.50396669
-1.68669856
-1.76794100
-1.52247858
-1.18789768
-0.88389784
-0.85820186
-0.74665689
-0.89885223
-1.22944736
-1.26898289
-1.27825415
-1.36626387
-1.42039704
-1.32616699
-1.31634998
-1.39580786
-1.41762674
-1.47150600
-1.63707352
-1.70127964
-1.60226274
-1.62460899
-1.52538216
-1.43399942
-1.60626101
-1.74637485
-1.76687169
-1.84775817
-1.79612076
-1.80239248
-1.78025436
-1.78758347
-1.32325363
-1.48147750
-1.52982354
-1.45283341
-1.46912074
-1.51052630
-1.37375724
-1.39139354
-1.43258357
-1.43287611
-1.77386367
-1.84038532
-1.83541822
-1.98308027
-1.66974521
-1.49919713
-1.67142999
-1.58912587
-1.38649869
-1.68543279
-1.89248085
-1.69676268
-1.89611030
-2.03641200
-1.55366194
-1.12642670
-1.27927327
-1.36851406
-1.05016553
-0.74786943
-0.53115863
-0.55380493
-0.71702617
-1.09365296
-1.29656816
-1.31083238
-1.28160822
-1.33389199
-1.33158684
-1.21112251
-1.20505559
-1.32557452
-1.37528956
-1.50848222
-1.66241598
-1.63610923
-1.56795049
-1.57397580
-1.47334790
-1.49403834
-1.68060184
-1.74555051
-1.69818175
-1.76386881
-1.72907686
-1.77522445
-1.81635177
-1.94775331
-1.49028826
-1.59640193
-1.51772797
-1.49948823
-1.59147525
-1.60748005
-1.45059347
-1.42025840
-1.43662965
-1.51362908
-1.84960020
-1.83593071
-1.82322848
-1.97197223
-1.68285966
-1.53796399
-1.64830792
-1.49696779
-1.41726494
-1.66996658
-1.77630520
-1.55454206
-1.70290506
-1.91073167
-1.44050288
-1.20185411
-1.25448108
-1.26075625
-1.18843663
-0.89533454
-0.66591841
-0.80341184
-1.12973702
-1.28906071
-1.21418357
-1.27290010
-1.21775687
-1.21656668
-1.18208718
-1.11916721
-1.15636992
-1.26349103
-1.28129065
-1.37956953
-1.45608723
-1.47841263
-1.46200693
-1.51969683
-1.48143506
-1.59196424
-1.77182984
-1.76082706
-1.68067098
-1.75847054
-1.81356108
-1.82779133
-1.94719839
-2.11396241
-1.40699971
-1.38479400
-1.31887293
-1.38222849
-1.41220832
-1.36295533
-1.33724225
-1.32119381
-1.27877831
-1.36805427
-1.69240367
-1.70261753
-1.76306474
-1.86367273
-1.50072157
-1.34252965
-1.43432772
-1.41417158
-1.37079978
-1.50541890
-1.69260764
-1.52214932
-1.60180449
-1.66178644
-1.34101892
-1.15500259
-1.18362808
-1.36680186
-1.59451413
-1.53695202
-1.36294627
-1.44368136
-1.49856603
-1.30892527
-1.20881784
-1.21266544
-1.15224433
-1.11837637
-1.05992663
-1.00262427
-1.08712924
-1.15223360
-1.19620478
-1.27857375
-1.31204164
-1.31507909
-1.33818543
-1.41415524
-1.44124317
-1.60522509
-1.78219974
-1.76797211
-1.70984781
-1.82556105
-1.87446225
-1.91018879
-2.04224205
-2.16251516
-1.17096210
-1.08003843
-1.12498164
-1.19377327
-1.04133785
-1.01996529
-1.08571792
-1.07052577
-1.07640135
-1.27988648
-1.59685695
-1.68004072
-1.73038268
-1.70433199
-1.35988629
-1.30580711
-1.38474405
-1.37979245
-1.38505077
-1.44543064
-1.63276494
-1.69050300
-1.82214642
-1.71681392
-1.48347628
-1.39770973
-1.33218348
-1.44614875
-1.72994673
-1.78785610
-1.63540375
-1.63525331
-1.48297131
-1.31584358
-1.25166392
-1.21298909
-1.17230868
-1.17937338
-1.16730309
-1.18214238
-1.28620112
-1.23443699
-1.22926044
-1.34527874
-1.34188187
-1.34095252
-1.42555845
-1.50901616
-1.49622142
-1.60846162
-1.72206295
-1.68881643
-1.69409478
-1.76397562
-1.82935166
-1.84540057
-1.92314291
-1.89333975
-0.93936777
-0.89608985
-1.00175285
-1.01844227
-0.87792259
-0.88777113
-0.93303740
-0.89257002
-0.98659688
-1.24905658
-1.60448289
-1.71308649
-1.69625676
-1.57932937
-1.41091502
-1.48646653
-1.45795190
-1.40518272
-1.48226345
-1.46775782
-1.64429259
-1.83684409
-2.12078547
-1.90905654
-1.78288960
-1.78125846
-1.60845613
-1.50064373
-1.71115541
-1.70534062
-1.53966427
-1.61590874
-1.60377991
-1.55448174
-1.43363798
-1.46641850
-1.40691698
-1.33821893
-1.34172690
-1.44679868
-1.47589064
-1.43182766
-1.41590607
-1.43649089
-1.37433457
-1.39553010
-1.47575104
-1.53188396
-1.51413155
-1.64237976
-1.67813873
-1.61639810
-1.65323555
-1.60162318
-1.59792018
-1.66360724
-1.58339882
-1.46822381
-0.92757267
-0.95090652
-1.06605983
-1.00268054
-0.98573774
-1.07129669
-0.99625087
-0.97841448
-1.15291786
-1.34293568
-1.67588913
-1.78321230
-1.65872705
-1.57300842
-1.62276161
-1.72885561
-1.45948112
-1.37319744
-1.47847295
-1.34172761
-1.44695187
-1.92837858
-2.02654886
-1.66788852
-1.57393479
-1.55802548
-1.28886628
-1.39307582
-1.77761614
-1.80620241
-1.62833548
-1.74862206
-1.78856981
-1.74237192
-1.57427478
-1.72521174
-1.72923350
-1.57160342
-1.58089006
-1.67173278
-1.61777747
-1.53345191
-1.47997069
-1.44108021
-1.42494130
-1.44503522
-1.44889820
-1.48106205
-1.48453176
-1.54930699
-1.59878027
-1.58772564
-1.57986307
-1.47700393
-1.46054530
-1.47925127
-1.30628932
-1.19162357
-0.98288363
-1.11445487
-1.16947138
-1.11380363
-1.16408920
-1.17681158
-1.03841579
-1.09761226
-1.28076184
-1.38795543
-1.74399853
-1.82090199
-1.66321695
-1.76774299
-1.84519219
-1.75511873
-1.37216449
-1.25653780
-1.25173259
-1.32494700
-1.62389576
-2.00510406
-1.91083419
-1.69748330
-1.66477144
-1.37857306
-1.15178239
-1.63727427
-2.00297713
-1.77572870
-1.53740394
-1.66112232
-1.72478342
-1.62885714
-1.58430648
-1.65829360
-1.63021684
-1.58288002
-1.72377908
-1.78047490
-1.64712989
-1.53363383
-1.48556781
-1.43858540
-1.37664557
-1.38398039
-1.42517722
-1.48809242
-1.53685439
-1.58082509
-1.58190084
-1.55468869
-1.58840871
-1.47959328
-1.47798872
-1.40973306
-1.30823362
-1.32498467
-1.06809497
-1.17434597
-1.22658443
-1.21296465
-1.31389177
-1.34851551
-1.17286193
-1.10314381
-1.15150344
-1.26085472
-1.63078415
-1.76229203
-1.68127227
-1.79782176
-1.75884688
-1.55660486
-1.15874445
-0.91958249
-0.89578170
-1.38953197
-2.03357673
-2.15269160
-2.05059409
-2.01770329
-1.58734322
-1.06794095
-1.30104852
-1.93589747
-2.01994634
-1.67727578
-1.53244901
-1.58646321
-1.39399958
-1.46617806
-1.56235600
-1.50833833
-1.44776189
-1.45328367
-1.62914073
-1.65224421
-1.56394362
-1.47819066
-1.49309051
-1.43910253
-1.32730913
-1.31749368
-1.36654651
-1.36837828
-1.41729593
-1.46162450
-1.47028339
-1.46385729
-1.46990824
-1.40504086
-1.45758903
-1.48031354
-1.47210097
-1.56029928
-1.22041726
-1.25638318
-1.31959760
-1.27791941
-1.29941797
-1.36251616
-1.22414517
-1.08046103
-1.07868004
-1.21825290
-1.62272036
-1.75364339
-1.59895289
-1.63776338
-1.43212473
-1.16698766
-0.87079883
-0.56145221
-0.69325554
-1.42753661
-2.05049920
-2.15154195
-2.20729518
-1.94328678
-1.25859487
-1.12349641
-1.79826689
-2.22871923
-1.86465502
-1.59895790
-1.58935225
-1.41230750
-1.08525777
-1.26725817
-1.35456693
-1.24107087
-1.29626167
-1.42977297
-1.59731209
-1.59622741
-1.47647178
-1.32583368
-1.28143120
-1.20318568
-1.12181509
-1.18739736
-1.26987588
-1.24164546
-1.27863228
-1.37022567
-1.29338002
-1.25574040
-1.26227105
-1.37471390
-1.49774265
-1.47231030
-1.54903638
-1.58317685
-1.33009434
-1.31437731
-1.38069105
-1.28730178
-1.21779633
-1.27752686
-1.17821157
-1.00524592
-0.98020226
-1.19329488
-1.63959110
-1.77601337
-1.57883620
-1.50108659
-1.26367080
-1.03872025
-0.68476713
-0.39782113
-0.58606964
-1.16529047
-1.54760063
-1.56269753
-1.51337135
-1.12528145
-0.84157705
-1.28849185
-1.90635920
-2.04333568
-1.67022109
-1.65813732
-1.64828837
-1.24574399
-0.98981023
-1.10213065
-1.06551707
-1.06559718
-1.35388088
-1.41251898
-1.51137269
-1.48958528
-1.30879295
-1.11234415
-1.01588225
-0.95564497
-0.98205739
-1.06316674
-1.14025235
-1.13989556
-1.17935300
-1.22480261
-1.17975283
-1.15313971
-1.20058000
-1.30436742
-1.36304879
-1.35539258
-1.48706591
-1.49705482
-1.35675824
-1.34417915
-1.40489852
-1.33715332
-1.25534141
-1.30036330
-1.20548666
-1.08552051
-1.10356748
-1.26949120
-1.71561575
-1.90519094
-1.65427244
-1.46380019
-1.28791857
-1.12461638
-0.88232040
-0.66857308
-0.75865036
-1.11096227
-1.43425608
-1.53770375
-1.34899378
-0.92904055
-0.75106096
-1.32952952
-1.54049182
-1.53472424
-1.31412065
-1.36099792
-1.33198857
-1.05711627
-1.07205856
-0.97956824
-1.00712597
-1.24116158
-1.51344800
-1.30219424
-1.29203665
-1.27925694
-1.12419450
-0.95901245
-0.89441973
-0.88530833
-0.92607725
-0.95837700
-1.08129561
-1.13946223
-1.09570456
-1.08909786
-1.18639874
-1.16842270
-1.11038911
-1.16534054
-1.25901830
-1.31956232
-1.36946297
-1.36639106
-1.34526312
-1.34957361
-1.33795822
-1.24250376
-1.19783390
-1.24285161
-1.25026453
-1.33016872
-1.32362187
-1.42593265
-1.82202470
-2.05615854
-1.87161863
-1.74847090
-1.67395055
-1.45992124
-1.32667267
-1.00775683
-0.96488488
-1.24353278
-1.59793031
-1.78369725
-1.65432489
-1.53984582
-1.51338005
-1.56323993
-1.43879092
-1.28007817
-0.89277691
-0.76375729
-0.65160084
-0.72901809
-1.03142416
-1.02600038
-1.25894582
-1.49814785
-1.58490360
-1.18915021
-1.13810205
-1.15037882
-0.99167889
-0.91940433
-0.93573844
-0.99686503
-1.01670027
-1.05607390
-1.17405021
-1.22416389
-1.13839674
-1.19591892
-1.26280487
-1.22271216
-1.13892448
-1.24507344
-1.35781503
-1.37189853
-1.32578647
-1.32065690
-1.22550666
-1.22754526
-1.27518594
-1.23498297
-1.25674474
-1.36999726
-1.42823601
-1.48991144
-1.42864144
-1.47752154
-1.81009459
-2.13820672
-2.00658989
-1.85464501
-1.78157330
-1.55603874
-1.40168178
-0.88091487
-0.93650419
-1.45767868
-1.87859118
-2.17427754
-2.36621881
-2.65512633
-2.63205814
-2.14881325
-1.75102592
-1.49129200
-0.85124451
-0.28216919
-0.24086922
-0.70044816
-1.25912130
-1.33945072
-1.55982685
-1.84374344
-1.64631474
-1.23176754
-1.12609804
-1.16674793
-1.04115963
-1.04262078
-1.14163315
-1.21153545
-1.17851603
-1.20551324
-1.34011853
-1.34918356
-1.26861310
-1.37800038
-1.42034924
-1.37165499
-1.36988127
-1.42398322
-1.42805862
-1.32854211
-1.25241470
-1.26970613
-1.07958984
-1.17198694
-1.23804808
-1.23470700
-1.33612800
-1.48173594
-1.52076542
-1.47608960
-1.37679553
-1.34734726
-1.70176673
-2.03840947
-1.79012394
-1.58949876
-1.44331825
-1.17203796
-0.85981584
-0.31900406
-0.53651202
-1.32314086
-1.77333987
-2.24965334
-2.53952289
-2.86750817
-2.84542727
-2.18139505
-1.75069177
-1.49176812
-0.87155223
-0.07142345
-0.22995554
-0.87101150
-1.42835772
-1.63968158
-1.74238193
-1.68046188
-1.47743297
-1.29488885
-1.28449345
-1.32242954
-1.25938606
-1.27961826
-1.29049969
-1.28671992
-1.30458713
-1.39798939
-1.50387108
-1.45888591
-1.47584856
-1.58802044
-1.51853132
-1.51194048
-1.57264030
-1.53950799
-1.43544316
-1.31295168
-1.25353205
-1.31122506
-0.97581381
-1.08209205
-1.12732446
-1.14629292
-1.20693076
-1.30375850
-1.35273707
-1.29600906
-1.14735770
-1.02597511
-1.27299631
-1.49394190
-1.23387337
-1.08770883
-0.76408625
-0.53561044
-0.21950895
0.08028920
-0.27061573
-1.10377693
-1.32842851
-1.62787735
-1.74007559
-1.86858571
-1.91768968
-1.33853114
-1.23703229
-0.97506887
-0.55181050
-0.22844017
-0.61661959
-1.16213036
-1.48187089
-1.52584219
-1.47039092
-1.37029541
-1.39500415
-1.53069103
-1.58017218
-1.51968408
-1.43688285
-1.39169288
-1.34911036
-1.30818355
-1.39658487
-1.47890818
-1.45625710
-1.39104545
-1.53648913
-1.54604983
-1.33883262
-1.37539434
-1.46791172
-1.31566596
-1.26807284
-1.27790511
-1.28892112
-1.27532780
-0.78822041
-0.89947599
-0.99217540
-1.07324207
-1.09082806
-1.10725725
-1.01872993
-0.96848100
-0.85171711
-0.65220952
-0.81104243
-0.96609181
-0.80305016
-0.65028507
-0.36384684
-0.17098598
-0.11076884
-0.06413435
-0.37266964
-0.80921054
-0.86054301
-1.19411910
-1.40505457
-1.43758285
-1.20647299
-0.96978796
-0.99868131
-0.56986600
-0.39733803
-0.69389212
-0.95565051
-1.24033999
-1.20552349
-1.27621520
-1.30532205
-1.37385166
-1.50656402
-1.73486948
-1.74360442
-1.61418951
-1.47884250
-1.46579540
-1.47880697
-1.39205527
-1.32012928
-1.30804813
-1.19685268
-1.18998468
-1.25380087
-1.09928107
-1.02776444
-1.14164960
-1.10200071
-0.95475870
-1.05931318
-1.13637209
-1.16104078
-1.14730906
-0.81873739
-0.88314492
-0.94099969
-0.96654624
-0.90014416
-0.84239680
-0.77843934
-0.70400405
-0.65627319
-0.48113379
-0.64768541
-0.65930134
-0.67131746
-0.59849131
-0.44959638
-0.48155713
-0.59227866
-0.51875317
-0.52945167
-0.68959874
-0.70579511
-0.89734209
-0.97601855
-1.00363362
-0.87778085
-0.93149334
-0.93904227
-0.39894927
-0.38770375
-0.82139683
-0.89023930
-1.00188386
-1.00845897
-1.14495575
-1.23737550
-1.30772591
-1.44205689
-1.51929080
-1.55740321
-1.47599912
-1.29341209
-1.25590801
-1.30453479
-1.24629343
-1.12155211
-1.09728432
-0.99100339
-0.95762527
-0.83111590
-0.72941101
-0.73394871
-0.85233879
-0.71242648
-0.68185866
-0.92275703
-1.07859325
-1.11516023
-1.13522363
-0.89998877
-0.98383439
-1.05109251
-0.96326393
-0.88143229
-0.86253047
-0.79909068
-0.74241036
-0.73773664
-0.72748893
-0.81939161
-0.82331276
-1.00998533
-0.99721670
-0.84568131
-0.86048049
-1.03825700
-0.84457809
-0.86402863
-1.05959702
-1.23840189
-1.19188428
-1.25314808
-1.43250906
-1.64594305
-1.69657695
-1.32032216
-0.73401147
-0.65009588
-0.87085772
-0.81080258
-0.88219446
-0.89209133
-1.00878215
-1.15319848
-1.14197075
-1.22182512
-1.30670989
-1.24338758
-1.11847997
-1.00253236
-1.01631391
-0.99343669
-0.97436678
-0.89683300
-0.87559283
-0.82323897
-0.72240448
-0.58693248
-0.68457937
-0.78730822
-0.77266771
-0.69886547
-0.79563320
-0.97786319
-1.04702675
-1.05095446
-1.10974348
-0.94647211
-1.08403277
-1.08384800
-1.06951332
-1.06447911
-0.92351937
-0.80491239
-0.82911623
-0.86800706
-0.92793626
-0.88661069
-1.02225018
-1.40941978
-1.46262097
-1.24566865
-1.34056604
-1.33753788
-1.19553411
-1.02980411
-1.09159195
-1.23535883
-1.25719535
-1.51402462
-1.90736997
-2.19014668
-1.76203513
-1.35249507
-1.09940088
-1.03092873
-0.88967937
-0.91862720
-0.91483593
-0.95116723
-1.05995452
-1.08356380
-1.00197434
-1.11399186
-1.14139497
-0.95847887
-0.83775145
-0.82247829
-0.81516349
-0.76834673
-0.80387473
-0.83805442
-0.87283427
-0.83654910
-0.73696601
-0.84786558
-1.03136539
-1.05765164
-0.97760147
-1.01648080
-1.03417110
-1.01091909
-1.00520217
-0.98127067
-1.07402217
-0.95082927
-1.13076591
-0.97450387
-1.06452143
-1.11086667
-0.87773377
-0.80091608
-0.99650878
-0.98749793
-0.90108949
-0.93862176
-1.27028739
-1.49284577
-1.47094703
-1.51214373
-1.59631133
-1.47890127
-1.19505167
-1.05668342
-1.18361461
-1.21662617
-1.12541008
-1.35546529
-1.69524598
-1.82880199
-1.41495311
-1.12673211
-1.05459678
-0.93496639
-0.82577723
-1.02805388
-1.05253553
-1.01688564
-1.13545656
-1.17938745
-1.08660102
-1.04442537
-0.94822603
-0.86571717
-0.86089182
-0.75996798
-0.74674648
-0.77417278
-0.93528241
-0.97818685
-0.98027641
-0.93732285
-0.93802071
-1.22329855
-1.38620269
-1.34963179
-1.35510087
-1.26060915
-1.07129312
-1.07545102
-1.06490982
-1.03683019
-1.11225605
-0.91099197
-1.01166272
-0.80232340
-1.09549725
-1.26160312
-0.92471814
-1.07077634
-1.26741385
-1.05929351
-0.91785723
-1.19417012
-1.40696263
-1.33107471
-1.45553839
-1.58733344
-1.59679425
-1.28791285
-1.01219583
-0.93474138
-1.08436620
-0.95744014
-1.03038144
-1.32923114
-1.58433080
-1.65212011
-1.46915579
-1.39070308
-1.07726014
-0.95154268
-1.13459575
-1.40055835
-1.28434455
-1.32653928
-1.46781647
-1.43404675
-1.36409760
-1.14439261
-0.96283376
-0.94479620
-0.97609222
-0.88982421
-0.94186467
-1.07016671
-1.19355118
-1.19297647
-1.26411152
-1.22228992
-1.27130210
-1.54725254
-1.56954896
-1.55016577
-1.57710719
-1.46890795
-1.20135391
-1.19717097
-1.13424480
-1.13141751
-1.18700862
-1.09407830
-0.99074346
-0.81360704
-1.27317905
-1.37565911
-1.03980613
-1.24490535
-1.28846955
-1.02235734
-0.94495398
-1.19238174
-1.23321450
-1.13414836
-1.34288037
-1.44275928
-1.14940429
-0.92316067
-0.90262234
-0.93210024
-0.91866231
-0.85054457
-0.94808567
-1.16308177
-1.26641643
-1.35452819
-1.38370478
-1.31039321
-1.05067289
-1.05977511
-1.49232984
-1.61472285
-1.51767373
-1.63094330
-1.63672388
-1.61672008
-1.52743721
-1.26543331
-1.12235296
-1.25428712
-1.31391609
-1.21444142
-1.16867220
-1.25911880
-1.37683845
-1.33460689
-1.42779827
-1.37239814
-1.42277062
-1.51456809
-1.51551700
-1.58675575
-1.56920779
-1.33287477
-1.20702541
-1.29980361
-1.23735988
-1.22481942
-1.24261034
-1.09862733
-0.92941171
-0.94144428
-1.42060030
-1.38405085
-1.03750896
-1.33040142
-1.15771210
-0.88318127
-0.92357934
-1.04669070
-0.97397417
-0.93855274
-1.09597611
-0.84535116
-0.61057228
-0.62159151
-0.68917620
-0.83278364
-0.88437426
-0.96516001
-1.16419673
-1.27048886
-1.34032428
-1.32887292
-1.25302815
-1.08068407
-0.89909190
-1.04981685
-1.48988974
-1.65039659
-1.63236284
-1.65676785
-1.66122556
-1.61160231
-1.49152470
-1.40852618
-1.49501419
-1.61932802
-1.61184537
-1.52686524
-1.43272495
-1.44318795
-1.37561560
-1.37108314
-1.36847544
-1.21872926
-1.22829068
-1.21689403
-1.29762733
-1.47534227
-1.40909410
-1.17130852
-1.17757094
-1.25827861
-1.18382704
-1.20265567
-1.21021461
-1.04993594
-0.84474087
-0.99272054
-1.26297498
-1.14216256
-0.98331153
-1.02077925
-0.73265511
-0.66256094
-0.93917066
-0.95982969
-0.90753949
-0.88739359
-0.75457275
-0.48063606
-0.50883478
-0.63070750
-0.71501321
-0.92942590
-1.10099125
-1.28018415
-1.44075847
-1.47434413
-1.39825881
-1.28243876
-1.16341090
-0.96495831
-0.88314748
-1.08247197
-1.45540750
-1.43467426
-1.41043878
-1.53871763
-1.56521213
-1.55110002
-1.55666733
-1.70322061
-1.88111281
-1.79596412
-1.64410019
-1.71570265
-1.54586709
-1.24170280
-1.29214096
-1.38276565
-1.25823534
-1.12944043
-1.12340343
-1.08652675
-1.17704427
-1.28783941
-1.21908545
-1.07729006
-1.00630760
-0.92808670
-1.01942682
-1.12815952
-1.02954090
-2.83738446
-2.87186599
-2.89819336
-2.92304754
-2.95522904
-2.99532390
-2.97307444
-2.91843510
-2.81097388
-2.73367143
-2.68133020
-2.64151812
-2.58787775
-2.63566589
-2.76573539
-2.84016466
-2.70087957
-2.31039906
-2.11772847
-1.78424728
-1.25797296
-0.91448182
-1.22802067
-1.37449086
-1.40754914
-1.78054619
-2.34835386
-2.53113842
-2.53765225
-2.57925820
-2.75599146
-2.80042744
-2.73030853
-2.58432078
-2.64034414
-2.83014083
-2.90102911
-2.82770157
-2.85308862
-2.83443666
-2.76965237
-2.67277837
-2.55275941
-2.44171357
-2.45645237
-2.56637383
-2.44297147
-1.98751283
-2.31233788
-2.53562164
-2.29996514
-1.95244133
-2.12070465
-2.17793918
-2.02069545
-1.90921915
-1.97509503
-2.09141850
-3.02523232
-3.06918168
-3.10965371
-3.14173508
-3.16717935
-3.16319180
-3.08232522
-2.94192886
-2.79735041
-2.67326260
-2.58021045
-2.54542303
-2.50851154
-2.56456780
-2.69708657
-2.74347544
-2.53084755
-2.08688474
-1.95265126
-1.76560593
-1.41054904
-1.15210879
-1.57331467
-1.73740661
-1.66791177
-1.88857067
-2.33679008
-2.49073505
-2.48544884
-2.50963783
-2.65541673
-2.69627905
-2.59343147
-2.39926839
-2.40518284
-2.56847882
-2.67910147
-2.64367890
-2.70196939
-2.72625661
-2.70735335
-2.63446450
-2.51119804
-2.37694764
-2.37076163
-2.50367022
-2.43603015
-1.99800622
-2.23117113
-2.45951080
-2.21266747
-1.82749856
-1.93116856
-1.97910452
-1.83232272
-1.77922511
-1.87214375
-1.97352970
-3.22646427
-3.24834442
-3.27672005
-3.30782294
-3.30193090
-3.23851037
-3.09957933
-2.91655087
-2.75865340
-2.61178041
-2.52053714
-2.46522784
-2.40331125
-2.42470145
-2.55565667
-2.53343439
-2.25635958
-1.80252230
-1.80746615
-1.79249513
-1.57147491
-1.40925002
-1.76326191
-1.89404249
-1.71922302
-1.74817324
-2.14679551
-2.35170650
-2.37384987
-2.39872766
-2.49738789
-2.53786612
-2.48109651
-2.31372428
-2.29416108
-2.45143867
-2.55518460
-2.51278090
-2.58756089
-2.67779493
-2.73556089
-2.67265821
-2.49978232
-2.34332538
-2.29621506
-2.49092102
-2.50279593
-2.07102752
-2.22336388
-2.40055132
-2.11651707
-1.71545279
-1.74873412
-1.78575706
-1.72511148
-1.69094682
-1.71395850
-1.80973220
-3.29598689
-3.28717422
-3.30331588
-3.32032990
-3.29727197
-3.22049451
-3.04669142
-2.86472225
-2.75097370
-2.63642478
-2.56228280
-2.50605774
-2.44119000
-2.39214253
-2.48001361
-2.43248510
-2.13214850
-1.71194649
-1.73799050
-1.84810305
-1.70198929
-1.55574608
-1.75156713
-1.90186167
-1.70878041
-1.66141760
-2.03990602
-2.28595734
-2.28515124
-2.28337288
-2.33904552
-2.40769243
-2.46447372
-2.36809421
-2.34222579
-2.46827078
-2.52977014
-2.46550131
-2.56519508
-2.70116973
-2.79371071
-2.69694877
-2.52586675
-2.36621356
-2.32996941
-2.57347202
-2.64985371
-2.18489480
-2.27189350
-2.33828211
-2.04736853
-1.68099165
-1.73455071
-1.82079279
-1.78846610
-1.73884737
-1.67922091
-1.76875257
-3.26438212
-3.23505020
-3.24479294
-3.25354886
-3.21640468
-3.13931704
-2.94748878
-2.80837154
-2.73374557
-2.65876079
-2.60441756
-2.58476257
-2.49692273
-2.37545109
-2.43182135
-2.38610697
-2.11471963
-1.73550272
-1.79002607
-1.98505116
-1.93111265
-1.76610732
-1.86727023
-1.97507739
-1.84418738
-1.76050556
-1.99937940
-2.23176479
-2.29948258
-2.27318645
-2.31324148
-2.39445424
-2.55452681
-2.55932236
-2.59325838
-2.67675996
-2.67018723
-2.59412885
-2.68728471
-2.78919077
-2.85914063
-2.72943234
-2.60927963
-2.50016308
-2.49552774
-2.68679309
-2.73880887
-2.20539927
-2.23296618
-2.29505777
-2.05042219
-1.76161158
-1.88807297
-1.98698020
-1.98374116
-1.90804160
-1.78903377
-1.83796740
-3.14709640
-3.10885024
-3.10638309
-3.11276007
-3.07493687
-3.01430655
-2.87190342
-2.80565572
-2.80747056
-2.75161695
-2.73207927
-2.74015498
-2.63785625
-2.52746463
-2.58777785
-2.56472325
-2.36127114
-2.06831980
-2.10947251
-2.24870181
-2.23664927
-2.05015469
-2.01270628
-2.13747668
-2.08162594
-2.06751108
-2.14038897
-2.36432791
-2.45667434
-2.40876603
-2.37686324
-2.46608496
-2.66109324
-2.77263975
-2.84902954
-2.90674019
-2.85864091
-2.77618432
-2.79014587
-2.89855647
-2.89464664
-2.75011492
-2.67755461
-2.56105065
-2.60419297
-2.74934268
-2.78009558
-2.20684409
-2.22006011
-2.27809381
-2.09053183
-1.82563460
-2.02158689
-2.15384078
-2.20066977
-2.15211320
-1.97801614
-1.99464464
-2.97516942
-2.94170666
-2.92782092
-2.93041587
-2.91263151
-2.87636185
-2.78631449
-2.80572653
-2.84446788
-2.82182407
-2.84110284
-2.84599972
-2.75278258
-2.62967014
-2.70615625
-2.82743311
-2.77840185
-2.60498095
-2.57476068
-2.61116743
-2.54741406
-2.37980127
-2.26499915
-2.42568660
-2.49399400
-2.51581287
-2.54669762
-2.64498043
-2.67609811
-2.59602189
-2.52647400
-2.55983877
-2.78171659
-2.89598823
-2.99067140
-2.98959470
-2.95826197
-2.88722372
-2.87351036
-2.91358185
-2.81657672
-2.69483566
-2.64040375
-2.56167579
-2.62020826
-2.76108670
-2.73525810
-2.17489433
-2.15316129
-2.18596363
-2.05710220
-1.88978505
-2.11260796
-2.23027825
-2.27488971
-2.22299504
-2.08964205
-2.16190219
-2.83395100
-2.79861283
-2.78115559
-2.77898598
-2.77447271
-2.76521850
-2.74356914
-2.79849267
-2.83040690
-2.81519246
-2.82354617
-2.79638958
-2.73521447
-2.65561485
-2.78056812
-2.93649125
-2.99769616
-2.89769387
-2.81029463
-2.78367472
-2.68879890
-2.59601116
-2.52249956
-2.68853831
-2.79308319
-2.78978348
-2.73069024
-2.70456243
-2.74016881
-2.66353822
-2.58178186
-2.56883001
-2.80986452
-3.00063372
-3.13193798
-3.03502798
-3.00506067
-2.91337299
-2.83563900
-2.75594306
-2.58862209
-2.48459649
-2.48966694
-2.45963788
-2.47659159
-2.58919716
-2.48347259
-1.99551952
-2.00665212
-2.06120539
-1.96265471
-1.83632827
-1.97956789
-2.09704661
-2.12564802
-2.05915117
-1.94918466
-2.03622651
-2.70559359
-2.68170643
-2.66005635
-2.64449954
-2.64475417
-2.65912175
-2.67841148
-2.70149922
-2.70850039
-2.66189384
-2.64541364
-2.62283850
-2.56950688
-2.57040858
-2.73953128
-2.93008089
-3.02958488
-2.91801190
-2.86479998
-2.67648888
-2.61228251
-2.58538055
-2.59989858
-2.64023733
-2.72046471
-2.71579695
-2.62542725
-2.59598660
-2.65069938
-2.63365197
-2.53059077
-2.58475780
-2.89201903
-3.13791919
-3.17263389
-3.00420046
-2.92274570
-2.72758293
-2.57340026
-2.41764379
-2.21415925
-2.15754938
-2.17479396
-2.14762306
-2.14245486
-2.26410031
-2.13322210
-1.81586027
-1.87167537
-1.94615960
-1.84865403
-1.73851359
-1.78850186
-1.84678686
-1.83662128
-1.80037832
-1.71886587
-1.79179573
-2.47747135
-2.47430038
-2.45660567
-2.43994236
-2.42640424
-2.43712473
-2.43972683
-2.42413235
-2.37871146
-2.31746912
-2.31987190
-2.29543662
-2.25105000
-2.37786245
-2.58777976
-2.84639597
-2.80097842
-2.76663446
-2.56656885
-2.44116354
-2.37342143
-2.41177750
-2.47466850
-2.59132433
-2.74777102
-2.82138538
-2.80591464
-2.67510962
-2.60534859
-2.51458383
-2.46089673
-2.59204626
-2.95906687
-3.14426780
-3.08566570
-2.92313457
-2.66257477
-2.40740871
-2.22112870
-2.05887198
-1.87421775
-1.88752592
-1.91218305
-1.88973916
-1.88210785
-1.96147478
-1.80155003
-1.62013710
-1.67455864
-1.76896644
-1.71426857
-1.62754285
-1.59445643
-1.59165180
-1.57921457
-1.57877791
-1.51914239
-1.56227672
-2.17152071
-2.19424963
-2.19815207
-2.19695950
-2.18332624
-2.17323971
-2.16548538
-2.11388516
-2.05520892
-2.03060389
-2.06519818
-2.04926586
-2.06739879
-2.28220987
-2.54269171
-2.68019605
-2.59381652
-2.30748367
-2.06526494
-1.89112186
-2.00142336
-2.15470266
-2.50493765
-2.62929726
-2.90560198
-2.89659548
-2.84483600
-2.52215552
-2.38064361
-2.28695679
-2.27047944
-2.56040621
-2.94236588
-3.04626298
-2.93658614
-2.64009404
-2.33383918
-2.10156059
-1.92999279
-1.81458569
-1.68058062
-1.74567199
-1.81988955
-1.80131733
-1.77345324
-1.73061073
-1.57096434
-1.47875428
-1.55804980
-1.63824761
-1.62260413
-1.54067683
-1.48782361
-1.49762774
-1.48733008
-1.48373306
-1.43845105
-1.44346404
-1.90003908
-1.93050575
-1.95260715
-1.98305559
-1.96547198
-1.91462231
-1.89174283
-1.82469320
-1.78152955
-1.80929315
-1.88186121
-1.89436018
-2.01462460
-2.24409723
-2.52978992
-2.47787118
-2.20126343
-1.87085319
-1.58940887
-1.39589179
-1.60352278
-2.17235303
-2.58304286
-2.64280915
-2.72737169
-2.81781244
-2.57076788
-2.21854639
-2.21264529
-2.25686049
-2.27561426
-2.56719160
-2.85841465
-2.83762956
-2.53772283
-2.25352931
-2.03559852
-1.88381958
-1.79327679
-1.75559449
-1.70486534
-1.81468320
-1.90613294
-1.89493537
-1.82575178
-1.72469485
-1.60575497
-1.58461726
-1.61795735
-1.61877203
-1.60550141
-1.59331632
-1.56167793
-1.58897626
-1.58855700
-1.60162663
-1.56974566
-1.53831100
-1.70273042
-1.77430165
-1.82635701
-1.86402524
-1.80245125
-1.72793519
-1.68725669
-1.62290823
-1.60229373
-1.71094310
-1.83671105
-1.88131428
-2.09794140
-2.39580774
-2.57972908
-2.33193731
-1.89034522
-1.54782856
-1.41890717
-1.37768793
-1.59734225
-2.31728029
-2.54801536
-2.53552341
-2.79328060
-2.69967198
-2.64821482
-2.34385014
-2.25425339
-2.22519732
-2.32379627
-2.45297527
-2.56220675
-2.44275045
-2.16473532
-1.92814922
-1.81825662
-1.77508092
-1.80880642
-1.84618545
-1.86208427
-1.94274783
-2.01259136
-2.02633810
-2.00103664
-1.91036665
-1.82630026
-1.83308661
-1.83348131
-1.77691638
-1.80706322
-1.83178890
-1.82396436
-1.82773685
-1.80891240
-1.84207499
-1.81570649
-1.78746367
-1.79335296
-1.86008930
-1.93276370
-1.94792902
-1.89367974
-1.82652783
-1.78354573
-1.74387586
-1.71331656
-1.81859243
-1.90417910
-1.92444026
-2.20460081
-2.53003240
-2.54606700
-2.16021323
-1.63503182
-1.36648500
-1.37349629
-1.36911070
-1.91407430
-2.41046071
-2.61824155
-2.54426813
-2.65570283
-2.74976182
-2.53370667
-2.05284381
-1.69795179
-1.81784999
-2.09317946
-2.17107892
-2.13627076
-2.01559901
-1.81031466
-1.70394766
-1.74853194
-1.85797083
-1.92629683
-1.95946932
-2.03586507
-2.06326008
-2.08167744
-2.14994121
-2.16947460
-2.09494567
-2.02856970
-2.08317709
-2.09152937
-2.03367639
-2.10305667
-2.17667675
-2.15800166
-2.11711454
-2.08760166
-2.13953805
-2.09238577
-2.02744818
-2.03757143
-2.07363439
-2.09137297
-2.10905576
-2.07945132
-2.01073503
-1.97722709
-1.92963767
-1.85887027
-1.90848577
-1.94595873
-1.98905528
-2.25604558
-2.50885630
-2.32195807
-1.74707854
-1.51266468
-1.44670141
-1.41118598
-1.60522580
-2.20595431
-2.62169385
-2.80548525
-2.60395479
-2.43951559
-2.33201814
-2.11803794
-1.81895149
-1.85540462
-2.09013772
-2.14283347
-2.17226362
-2.02989864
-1.80223405
-1.77833593
-1.86135411
-1.95652509
-2.07372832
-2.08693385
-2.13399959
-2.22194910
-2.21103787
-2.16991949
-2.26838660
-2.33384633
-2.29299569
-2.26889420
-2.33216286
-2.34133649
-2.30518913
-2.40566039
-2.51708913
-2.50531363
-2.43702793
-2.43764734
-2.45924044
-2.37094212
-2.28549480
-2.27303696
-2.30776215
-2.27489543
-2.27757263
-2.22505236
-2.15004492
-2.13967347
-2.07992268
-1.96839058
-1.98116219
-1.96701372
-2.10034919
-2.35009265
-2.48382187
-2.05206203
-1.51961803
-1.44240332
-1.37995148
-1.47102213
-1.92207348
-2.46794748
-2.69528770
-2.79271770
-2.39588404
-2.21380234
-1.87768435
-1.94038546
-2.12652707
-2.28195190
-2.14826727
-1.86745012
-1.84717500
-1.82340860
-1.75178313
-1.92081225
-2.17291331
-2.25883150
-2.27986479
-2.26985359
-2.32032228
-2.39288163
-2.37054396
-2.26941514
-2.33577466
-2.44054818
-2.43856311
-2.43640757
-2.49263239
-2.51602292
-2.49161553
-2.60733771
-2.71459103
-2.68099689
-2.57403040
-2.58692503
-2.62246227
-2.56087518
-2.49637723
-2.47971773
-2.50198436
-2.44117141
-2.42631221
-2.37802434
-2.30358124
-2.30774951
-2.24123645
-2.12424088
-2.12496901
-2.09585357
-2.27213335
-2.55479789
-2.51044679
-1.93086481
-1.52808607
-1.53494501
-1.39424741
-1.53784657
-2.07135153
-2.60204458
-2.83374596
-2.58894181
-2.28772736
-2.09389353
-1.96309662
-1.92351067
-1.79921579
-1.63789821
-1.63240635
-1.84819627
-1.86539507
-1.85530913
-1.81053936
-1.89501095
-2.23504615
-2.40110636
-2.46046090
-2.43727565
-2.47336578
-2.57002854
-2.56183791
-2.42587519
-2.44872522
-2.53862929
-2.53879690
-2.52184248
-2.55961299
-2.57994986
-2.56745076
-2.65775824
-2.69386077
-2.61040568
-2.52013493
-2.54970980
-2.60430408
-2.58119035
-2.54511905
-2.62268114
-2.60932803
-2.53053260
-2.47922587
-2.45240855
-2.39868784
-2.41703033
-2.36959529
-2.24282289
-2.21934533
-2.20336127
-2.47719646
-2.72980642
-2.53734684
-1.86076033
-1.68234038
-1.78669667
-1.55192375
-1.77598429
-2.06960106
-2.71596932
-2.80274272
-2.58731341
-2.45718408
-2.22134352
-1.71198249
-1.52638006
-1.36953521
-1.38933790
-1.49809623
-1.74904585
-1.69754219
-1.94068086
-1.89159870
-1.96619117
-2.20988274
-2.48424172
-2.58071613
-2.56585503
-2.59016895
-2.68888783
-2.68076277
-2.53523183
-2.50852370
-2.58915687
-2.59290671
-2.57622862
-2.57411647
-2.56362557
-2.54978848
-2.63098192
-2.62291503
-2.53170061
-2.46993232
-2.51986241
-2.55958247
-2.55594754
-2.53717804
-2.64670515
-2.63665414
-2.56204200
-2.50872064
-2.49133348
-2.42878175
-2.46393013
-2.45896697
-2.35925722
-2.33135390
-2.35274005
-2.68722510
-2.87562323
-2.48222494
-1.82891822
-1.76151788
-1.86649501
-1.62866199
-1.88577151
-2.12633324
-2.72521830
-2.86313438
-2.49311423
-2.15518069
-1.68691266
-1.10363567
-1.05673683
-1.78717983
-1.86012495
-1.63943219
-1.35268557
-1.43665445
-1.91780126
-1.99745083
-2.11679125
-2.16452932
-2.54863906
-2.61821055
-2.57791877
-2.56821728
-2.65459991
-2.66561294
-2.54642272
-2.49728155
-2.56746578
-2.59796667
-2.60559750
-2.58360529
-2.54531431
-2.52346778
-2.58023190
-2.57618117
-2.49791431
-2.48835564
-2.51207423
-2.52240920
-2.51448178
-2.50364685
-2.61732173
-2.62247324
-2.55400229
-2.50667572
-2.50928640
-2.46198082
-2.50732303
-2.52904582
-2.46408868
-2.44548082
-2.50956511
-2.89845872
-3.03876686
-2.51707149
-1.88842189
-1.80995703
-1.89201629
-1.63334727
-1.93255889
-2.20463753
-2.66049528
-2.64845443
-2.31957579
-1.85105050
-1.65775204
-1.42465413
-1.38684916
-1.79786420
-1.81245279
-1.57070887
-1.80833423
-1.83323991
-2.31948662
-2.24868536
-2.21201229
-2.21647143
-2.60829830
-2.61458397
-2.51911712
-2.47680259
-2.55995035
-2.61923575
-2.56013942
-2.52372575
-2.56764698
-2.59693527
-2.59941983
-2.57294345
-2.54125977
-2.51503372
-2.54195857
-2.55263996
-2.51986027
-2.55877709
-2.53886652
-2.51581717
-2.51263499
-2.53420210
-2.59578466
-2.60386848
-2.55184627
-2.53301120
-2.55197430
-2.51769757
-2.55578208
-2.58036685
-2.51528096
-2.50278020
-2.62258720
-3.01500845
-3.12407136
-2.55599856
-1.99293768
-1.94590402
-1.97548401
-1.68527305
-1.98895884
-2.30803394
-2.66364193
-2.52614713
-2.15793085
-2.10900283
-2.01545453
-1.45344734
-1.26933742
-1.51502955
-1.89072919
-2.15134549
-2.05900025
-1.84587085
-2.21806169
-2.33341527
-2.25675130
-2.33814359
-2.62992573
-2.59353971
-2.50207472
-2.48808122
-2.54731393
-2.59682894
-2.60023522
-2.59390664
-2.63584375
-2.64081216
-2.61266279
-2.60054970
-2.56504917
-2.54788494
-2.55803251
-2.54125094
-2.51574779
-2.55852532
-2.54899693
-2.54764485
-2.56928420
-2.56591272
-2.56556392
-2.54779172
-2.53745890
-2.56875253
-2.60552788
-2.58761930
-2.60879016
-2.59494257
-2.52745605
-2.52881408
-2.67006183
-3.04101801
-3.12274122
-2.51579666
-2.03376436
-2.03876448
-2.03753757
-1.73124886
-1.96942818
-2.30434465
-2.71718955
-2.58890653
-2.18065190
-1.99860322
-1.69294405
-1.31552756
-1.41056371
-1.67843521
-2.15686059
-2.35612631
-2.13045573
-1.87377799
-2.34389448
-2.53980422
-2.39465880
-2.38929296
-2.59574604
-2.58780384
-2.54390717
-2.54043627
-2.56440544
-2.59567094
-2.65128756
-2.67325044
-2.71998715
-2.69641232
-2.63598037
-2.59805417
-2.55972338
-2.54673553
-2.54204559
-2.51870060
-2.49071050
-2.54155970
-2.53012061
-2.53177905
-2.54479337
-2.57432890
-2.54722142
-2.54495764
-2.55881929
-2.59650874
-2.61869049
-2.59075499
-2.59517837
-2.58021426
-2.55899668
-2.57813907
-2.69943309
-3.04186082
-3.07028627
-2.43176055
-2.05231190
-2.09612012
-2.12971091
-1.86148751
-2.00970221
-2.40081310
-2.70932484
-2.47370005
-2.15275502
-1.87561715
-1.95977366
-1.96409833
-1.94734406
-1.66419137
-1.84686494
-2.23310304
-2.26355290
-2.30719447
-2.51252651
-2.44810510
-2.32436705
-2.35884476
-2.56341839
-2.56946540
-2.54922342
-2.55266190
-2.60844994
-2.66061115
-2.69178128
-2.71223187
-2.73433208
-2.69873762
-2.62702918
-2.57019830
-2.54543805
-2.53257656
-2.49568820
-2.48359704
-2.49428582
-2.55928183
-2.54237771
-2.53730464
-2.55498123
-2.62788296
-2.56645036
-2.56148052
-2.57824659
-2.61206174
-2.63167095
-2.59877467
-2.60375071
-2.61233163
-2.61341572
-2.62597942
-2.73861647
-3.03213954
-2.98469496
-2.36789775
-2.03080297
-2.10779381
-2.16819596
-1.95912158
-2.10671782
-2.45734286
-2.65294695
-2.47708750
-2.42275763
-2.35727644
-2.23548484
-1.87184155
-1.48598897
-1.43324459
-1.89444458
-2.27945614
-2.26527333
-2.21484113
-2.36055636
-2.39733148
-2.32210183
-2.42976904
-2.46708941
-2.49582362
-2.48309469
-2.53540897
-2.61439276
-2.65624857
-2.65978241
-2.66340423
-2.65427732
-2.61771393
-2.53751802
-2.50630617
-2.53817916
-2.55431128
-2.48308420
-2.44721413
-2.44686437
-2.49330378
-2.53045321
-2.56584620
-2.57962656
-2.60460234
-2.57646918
-2.55946875
-2.58980036
-2.64408207
-2.66290021
-2.59518218
-2.60829425
-2.63545656
-2.64936543
-2.62194943
-2.76916027
-2.96481347
-2.85144138
-2.25528455
-1.95712495
-2.07177711
-2.17213774
-1.96686316
-2.19337583
-2.53642797
-2.70606589
-2.61141706
-2.54971242
-2.30463076
-2.08590889
-1.62052488
-1.34261799
-1.52591538
-1.84611773
-2.02931476
-1.97349048
-2.15712237
-2.28150773
-2.36297369
-2.25958920
-2.45853806
-2.40078473
-2.42314506
-2.46565628
-2.51488209
-2.56810427
-2.59860873
-2.57126594
-2.56743002
-2.58534122
-2.54829001
-2.43357587
-2.42288661
-2.45975614
-2.50637245
-2.46439505
-2.43318915
-2.43102980
-2.51131821
-2.56184959
-2.57138157
-2.51511693
-2.54060149
-2.54223537
-2.51997042
-2.56770539
-2.61369109
-2.63797784
-2.53132629
-2.53857565
-2.57489657
-2.59338093
-2.53278446
-2.66419291
-2.86792254
-2.73289824
-2.18131685
-1.97208297
-2.10784125
-2.12507701
-2.00591063
-2.18679929
-2.47185922
-2.58314776
-2.47144866
-2.43649268
-2.47742081
-2.20667148
-1.92477274
-1.59171462
-1.48451245
-1.71144617
-1.86935461
-1.90300548
-2.06620789
-2.09785748
-2.08079100
-2.25155258
-2.40235019
-2.32943892
-2.42823505
-2.48191142
-2.48160481
-2.49903512
-2.54371476
-2.51730275
-2.53991604
-2.54195786
-2.49625397
-2.40662956
-2.42743778
-2.44705296
-2.49869013
-2.49112582
-2.48405266
-2.51941037
-2.58747315
-2.62839723
-2.58477974
-2.50154901
-2.55802679
-2.47073793
-2.45395708
-2.50955081
-2.53492594
-2.59199262
-2.53579688
-2.57031345
-2.56232262
-2.60187101
-2.48263073
-2.56973696
-2.72322536
-2.58031607
-2.10943866
-2.00626898
-2.07192111
-2.04612637
-2.03071189
-2.02604961
-2.29440737
-2.39528012
-2.34019375
-2.43981814
-2.41993618
-2.02179742
-1.83284199
-1.59606647
-1.59646249
-1.87682843
-1.98330319
-1.94483280
-2.13737893
-2.12305188
-2.16941500
-2.32196808
-2.30908346
-2.25829720
-2.33682609
-2.42214203
-2.42738748
-2.45828152
-2.50825047
-2.48887229
-2.51974797
-2.52769446
-2.48615456
-2.43022704
-2.47041392
-2.47076750
-2.52114272
-2.52291203
-2.53742528
-2.52395225
-2.57785416
-2.61069798
-2.56526232
-2.44299388
-2.47269535
-2.35871696
-2.38885474
-2.42931366
-2.45887494
-2.56027579
-2.50147295
-2.47694492
-2.41672897
-2.47167706
-2.33644605
-2.38455915
-2.49273658
-2.36827493
-2.05052495
-2.01915979
-2.07931924
-2.09295821
-2.05853343
-1.92091739
-2.24025631
-2.29177070
-2.20284295
-2.21448851
-2.19217396
-1.78407478
-1.72368765
-1.63839591
-1.78569996
-1.91897821
-2.08229280
-2.20775390
-2.32393312
-2.20732427
-2.14565563
-2.17485976
-2.15395904
-2.12066007
-2.19981050
-2.29243946
-2.32721806
-2.40177941
-2.46253777
-2.47266293
-2.53322244
-2.57181716
-2.54459977
-2.49186635
-2.49944115
-2.48707795
-2.47858334
-2.51035714
-2.50442433
-2.46009207
-2.45610690
-2.48076248
-2.47473383
-2.35427260
-2.34969378
-2.16728330
-2.24528027
-2.25598001
-2.28295326
-2.42668962
-2.37016559
-2.26363063
-2.19348431
-2.22902846
-2.08345246
-2.14204264
-2.26433969
-2.19212914
-2.07997584
-2.12267542
-2.14157176
-2.08781743
-2.00145435
-1.81810403
-2.16263199
-2.19879580
-2.08946824
-2.06086636
-2.03855944
-1.73406887
-1.88093948
-1.87246382
-1.88670075
-1.86446857
-2.21122026
-2.23558784
-2.27245235
-2.08880568
-1.91978371
-1.94911122
-1.98095584
-2.01349115
-2.12280250
-2.19082618
-2.21709108
-2.24779797
-2.32043242
-2.40106654
-2.52833200
-2.51413894
-2.45367432
-2.44062543
-2.45813417
-2.43380380
-2.37676668
-2.40316868
-2.36743641
-2.31613588
-2.26279950
-2.29750299
-2.28595877
-2.18712401
-2.25593758
-2.02973175
-2.03757429
-2.03354645
-2.02169371
-2.14922404
-2.16576934
-2.08521795
-1.97202241
-1.98728192
-1.84509718
-1.98721278
-2.08527660
-2.12033772
-2.12748814
-2.17835546
-2.12813139
-2.01929593
-1.90251005
-1.66841018
-1.94401717
-2.08386302
-2.08081794
-2.07217407
-2.20999646
-2.00551915
-2.06399798
-2.05457473
-1.86730254
-1.76482904
-2.07543635
-2.22429419
-2.24260116
-1.96489418
-1.80137587
-1.92383111
-2.00987768
-1.98382056
-1.98322344
-2.06267834
-2.14180398
-2.19951224
-2.18973851
-2.26346636
-2.33590245
-2.28558183
-2.23565984
-2.34593201
-2.40756702
-2.33701563
-2.19522405
-2.19860053
-2.14446568
-2.08680511
-2.02525258
-2.08476496
-2.09453487
-2.01278591
-2.06704950
-1.91337335
-1.84152710
-1.85971248
-1.81888092
-1.83445692
-1.86117101
-1.74197352
-1.61071599
-1.66370559
-1.55023837
-1.76907814
-1.90955460
-1.92148602
-2.01892185
-2.18595147
-2.12829041
-2.02360654
-1.94542396
-1.71476817
-1.86044466
-1.96322453
-2.03405285
-2.24266410
-2.35246444
-2.10285711
-2.05625677
-1.97914684
-1.90507400
-1.92082250
-2.20065761
-2.28832245
-2.28861642
-1.95374572
-1.75262272
-1.86714232
-1.95630741
-1.95025086
-1.89493668
-2.00464416
-2.11938763
-2.15569997
-2.07154322
-2.09346151
-2.15310693
-2.09334183
-2.08661532
-2.14892244
-2.28863740
-2.19680738
-2.07726240
-2.12180376
-2.04888439
-2.01598883
-2.03623676
-2.05129671
-2.09178329
-1.98725963
-1.96551108
-1.71972907
-1.67985916
-1.72897053
-1.62817621
-1.53804588
-1.57938099
-1.46897078
-1.38328147
-1.43523419
-1.37798274
-1.70796621
-1.87786198
-1.91799188
-2.03223228
-2.23712778
-2.13391161
-1.92037737
-1.78525949
-1.55619919
-1.79154992
-2.01859498
-2.13991356
-2.16503763
-2.06353569
-2.06142807
-2.22099853
-2.18323398
-2.01864433
-2.17162681
-2.10925031
-2.17173648
-2.04195809
-1.80941701
-1.72232461
-1.75455880
-1.90488875
-1.93920469
-1.85726619
-1.95651019
-2.05066037
-2.08399200
-1.94494843
-1.94377553
-2.05457807
-2.03096294
-1.94027472
-2.01955032
-2.10993266
-2.10264635
-2.05532098
-2.12865996
-2.10385561
-2.09603524
-2.11186934
-2.06764126
-2.09748292
-2.06023693
-2.06579924
-1.66647160
-1.65699542
-1.64513719
-1.58797872
-1.48321021
-1.51594770
-1.47003114
-1.42778945
-1.45681000
-1.52206516
-1.88191617
-2.06698155
-2.12561297
-2.10328078
-2.22125101
-2.06190276
-1.79348207
-1.70810783
-1.59052527
-1.91777015
-2.03846359
-2.29270411
-2.35463762
-2.15053940
-2.05346799
-2.48437953
-2.55796003
-2.09672976
-1.97966158
-1.87533140
-1.79227316
-1.71737170
-1.58084762
-1.60166717
-1.66615832
-1.93594182
-1.91237402
-1.83875835
-1.87291193
-2.01334858
-2.07072115
-1.95513380
-1.95199108
-2.02007461
-2.03647113
-2.03372192
-2.11913657
-2.14701629
-2.10274744
-2.01140666
-2.10352612
-2.20574045
-2.24006438
-2.27051139
-2.25608325
-2.27043056
-2.19118547
-2.18223834
-1.75472963
-1.72032189
-1.78064120
-1.81633234
-1.73487008
-1.70719373
-1.68651783
-1.68983150
-1.69552934
-1.74913192
-2.05492449
-2.18297887
-2.20523882
-2.20540047
-2.17319202
-2.01234317
-1.81879520
-1.97255480
-1.95070076
-2.09148479
-2.09301019
-2.39963365
-2.68079066
-2.37508178
-2.16626549
-2.29745173
-2.40130138
-2.06576443
-1.83393013
-1.70062375
-1.61412466
-1.76586580
-1.60344660
-1.39044821
-1.54394948
-1.82430053
-1.81572723
-1.79442561
-1.86340082
-1.90983677
-1.96379435
-1.89363503
-1.92385566
-2.00301290
-2.12677860
-2.15907192
-2.11340094
-2.11471152
-2.07671070
-2.01341391
-2.12429619
-2.26013541
-2.29875731
-2.37067008
-2.39750624
-2.43897891
-2.35807109
-2.38572168
-1.85928273
-1.84878981
-1.94674873
-1.99161422
-1.87155831
-1.89026392
-1.84506810
-1.88483906
-1.85150194
-1.86972475
-2.15321779
-2.22111654
-2.24080372
-2.30694389
-2.25718975
-2.12910223
-1.97642565
-2.02278876
-1.88691509
-2.05176497
-2.07356739
-2.12054396
-2.32861257
-2.14726686
-2.01624799
-2.04647112
-2.04613280
-1.91487205
-1.67648232
-1.46597874
-1.33438718
-1.50172174
-1.45260823
-1.35283089
-1.63062072
-1.81902933
-1.79309416
-1.76350379
-1.77047658
-1.70210314
-1.76233220
-1.80032003
-1.82739794
-1.94223154
-2.16781020
-2.14163899
-2.04780936
-2.13562489
-2.06715083
-2.05855942
-2.24009156
-2.34070730
-2.28531384
-2.33959413
-2.28194928
-2.37257195
-2.47192740
-2.55649495
-1.94459021
-1.93786538
-1.99050832
-1.99395204
-1.93174779
-1.98932064
-1.88176131
-1.88008535
-1.87326157
-1.96519208
-2.25610328
-2.24036503
-2.27959156
-2.38305449
-2.25219178
-2.11702061
-2.03885198
-2.02048349
-1.78682792
-2.06198478
-2.14888024
-2.13186002
-2.26009297
-2.31707478
-1.96730947
-1.99113417
-2.16346288
-1.92499614
-1.57585645
-1.18285477
-1.17268956
-1.37229693
-1.39425588
-1.47154331
-1.63036156
-1.77446842
-1.68706727
-1.67494953
-1.67467761
-1.63737404
-1.64419413
-1.76261830
-1.81305349
-1.90399992
-1.98280442
-2.01837206
-2.05853009
-2.21664143
-2.13670516
-2.16930509
-2.31726551
-2.31723118
-2.28310752
-2.35993361
-2.39470840
-2.48873925
-2.57514620
-2.62416816
-1.86908054
-1.83261716
-1.84394622
-1.82005572
-1.83714700
-1.92865264
-1.81839883
-1.78319371
-1.83242416
-1.95394266
-2.18477726
-2.15504956
-2.26346421
-2.35872030
-2.11567640
-1.98187971
-1.99190664
-1.94759130
-1.82532823
-2.15515184
-2.17205095
-1.99853086
-2.24324322
-2.24115396
-1.75806808
-1.63147199
-1.94534755
-1.94803691
-1.81443429
-1.71007800
-1.82795155
-1.93284750
-1.80077195
-1.65044880
-1.62783682
-1.73889816
-1.60777330
-1.60948515
-1.58914220
-1.59877133
-1.65684402
-1.72260416
-1.75451887
-1.79255247
-1.83474660
-1.85139751
-1.86259925
-2.00182056
-2.02348542
-2.17258573
-2.30590129
-2.32019734
-2.20327544
-2.41621709
-2.53088951
-2.59631634
-2.57624435
-2.62857342
-1.70380938
-1.71396506
-1.67748153
-1.63442755
-1.63641381
-1.68021965
-1.60341620
-1.59424210
-1.63692796
-1.87606823
-2.12630820
-2.10528708
-2.17546320
-2.29422045
-2.09496713
-1.94717455
-1.98214090
-1.87740874
-1.71046102
-1.95142162
-2.04460120
-2.00266480
-2.17438912
-2.25667906
-1.91409266
-1.66767824
-1.70369089
-1.83662462
-2.02621770
-2.21682072
-2.18875432
-2.23831105
-2.01763725
-1.74275136
-1.67809010
-1.80576539
-1.63008738
-1.63734484
-1.71313632
-1.71735275
-1.78421474
-1.82325351
-1.76621830
-1.80258369
-1.82099688
-1.82842875
-1.84812379
-1.98296940
-2.03075433
-2.20056534
-2.31080031
-2.28263426
-2.17466283
-2.36045051
-2.49240971
-2.41983843
-2.41586137
-2.51390457
-1.52988791
-1.52447081
-1.49563396
-1.45065701
-1.42079186
-1.46178734
-1.46816552
-1.46294737
-1.47527349
-1.78009629
-2.07067800
-1.99797642
-2.13569093
-2.21547818
-2.04759622
-1.98076963
-2.00901914
-1.88791955
-1.61279631
-1.71686780
-2.05580330
-2.04090762
-2.30642462
-2.54733300
-2.38989353
-1.98829305
-1.88214755
-1.92486048
-2.06026387
-2.12411308
-2.07816267
-2.23888183
-2.08278060
-1.88219929
-1.85625637
-2.01830006
-1.81089652
-1.76018655
-1.79766059
-1.80428100
-1.85328734
-1.93573022
-1.89073467
-1.93454516
-1.90190339
-1.87955010
-1.92709947
-2.05531263
-2.01993728
-2.21370292
-2.32186508
-2.26111913
-2.17678237
-2.22984743
-2.25792408
-2.21894288
-2.24833870
-2.28771544
-1.48253083
-1.43255842
-1.48753989
-1.48780715
-1.42377365
-1.46603858
-1.46917057
-1.52534401
-1.57880807
-1.81587648
-2.06874800
-1.98198819
-2.12005615
-2.18819523
-2.09742188
-2.06812906
-1.97143757
-1.87578964
-1.65638304
-1.64205754
-1.87810159
-2.08469915
-2.22794271
-2.37893939
-2.06372237
-1.79867160
-1.75340879
-1.92395568
-2.04686117
-2.13985920
-2.12428069
-2.29200077
-2.12082720
-2.01659155
-1.98339438
-2.19093037
-2.09279585
-2.04416513
-2.04861188
-2.08425498
-2.04661608
-2.01594210
-1.96160233
-1.96443737
-1.93996632
-1.94709182
-1.99568510
-2.03431153
-1.96313906
-2.11769891
-2.19519734
-2.13551450
-2.05464840
-2.16649175
-2.21614432
-2.07652426
-1.97124898
-1.94413221
-1.46881425
-1.49026060
-1.59870720
-1.58719623
-1.52934158
-1.54403961
-1.47942448
-1.54585361
-1.67125034
-1.85011160
-2.06310225
-2.04087877
-2.19994593
-2.35007763
-2.22380638
-2.08127308
-1.88301122
-1.73498166
-1.62823832
-1.72453880
-1.92100751
-2.14922857
-2.35084534
-2.18315172
-2.09287810
-2.10023642
-2.09058166
-2.13905787
-2.18563223
-2.10632062
-2.06073642
-2.12551022
-2.06944942
-2.08686066
-1.90834749
-2.15375972
-2.07635593
-2.05116963
-2.15265608
-2.33833981
-2.24161839
-2.12614012
-2.02475071
-1.93747318
-1.84871542
-1.88119566
-1.91465867
-1.99818480
-2.03939533
-2.13357949
-2.11125040
-2.07308936
-2.12699699
-2.15429187
-2.14849925
-1.98719609
-1.90728009
-1.88453281
-1.45415521
-1.56427419
-1.67919767
-1.60370994
-1.68628216
-1.77182066
-1.61024308
-1.55428231
-1.63311744
-1.71600032
-1.89983189
-1.98152530
-2.15510488
-2.31671619
-2.20106387
-1.97653723
-1.56123781
-1.43062997
-1.51415694
-1.70074248
-2.01776004
-2.30161977
-2.49213672
-2.25218105
-2.01856494
-1.76552474
-1.81165659
-2.00895476
-2.21220398
-2.17861462
-1.96781194
-2.12916446
-2.05844283
-1.99831688
-1.80235207
-2.12403917
-2.11564755
-1.98150837
-2.04821658
-2.18198967
-2.10521269
-2.06311274
-2.02036667
-1.95891964
-1.84841824
-1.80713701
-1.79106438
-1.87209034
-1.92684174
-1.95627630
-2.03097129
-2.07948375
-2.07774687
-1.97459555
-1.94346893
-1.99794757
-2.00598431
-2.06145000
-1.57527721
-1.71405816
-1.79858887
-1.63939095
-1.76291096
-1.76816404
-1.61837924
-1.58709753
-1.68858886
-1.78878891
-1.91811395
-1.93116271
-1.96136618
-2.20603418
-2.14077878
-1.78108895
-1.32077873
-1.18253005
-1.30976975
-1.59479785
-1.83857810
-2.24335551
-2.29312706
-2.19079447
-2.03646493
-1.76418161
-1.77078283
-2.10489106
-2.18006659
-2.14576960
-1.93636930
-1.89358640
-1.74670815
-1.68210149
-1.62901282
-1.82207501
-1.89190555
-1.92277479
-2.07164359
-2.08489060
-1.95285058
-1.86212838
-1.83646381
-1.77568579
-1.66665494
-1.69376481
-1.73580933
-1.77474034
-1.81151307
-1.90051079
-1.83137357
-1.78850472
-1.81709409
-1.87780857
-1.96815503
-2.01186895
-2.09076500
-2.14919186
-1.69630611
-1.72489369
-1.81821740
-1.63270175
-1.68396175
-1.72391963
-1.58892095
-1.54682136
-1.62585247
-1.81661522
-1.99713111
-1.95598495
-1.93854547
-2.27809238
-2.10028887
-1.72811806
-1.19365668
-0.97531295
-1.04186666
-1.43372834
-1.61698985
-1.64260995
-1.82871008
-1.96052897
-2.13416553
-2.08027363
-2.16157508
-2.32325983
-2.20969558
-2.11092234
-1.81300187
-1.57106054
-1.36874843
-1.43193626
-1.54826808
-1.73101854
-1.83528841
-1.87971318
-2.03793931
-1.97725439
-1.78114772
-1.64993811
-1.67090976
-1.61948180
-1.54752314
-1.56833184
-1.63119304
-1.63792932
-1.67839432
-1.74914944
-1.65657818
-1.62607920
-1.74316263
-1.86363637
-1.93611145
-1.89525735
-2.00618124
-2.08713245
-1.75465989
-1.75764906
-1.86256492
-1.72639263
-1.76293063
-1.79927695
-1.67614341
-1.51320732
-1.69014859
-1.93432748
-2.14143324
-2.04308009
-1.87152958
-2.10768199
-1.97599459
-1.67819774
-1.25138736
-1.07135820
-1.23309004
-1.58867955
-1.73256731
-1.60330915
-1.72762108
-1.92317200
-1.81261504
-2.05030465
-2.09702158
-1.99249983
-1.80917966
-1.70089877
-1.63705492
-1.44442749
-1.20440698
-1.50644231
-1.75934672
-1.90222049
-1.84644926
-1.71156871
-1.88417006
-1.86587203
-1.63643694
-1.51585209
-1.56821704
-1.48073232
-1.38172495
-1.45061040
-1.57310379
-1.54534221
-1.55462682
-1.65518558
-1.68213189
-1.61519313
-1.62715256
-1.74292684
-1.79056811
-1.76621401
-1.86679947
-1.93798649
-1.77277148
-1.83177793
-1.86056113
-1.68690050
-1.68617761
-1.73124290
-1.70605457
-1.65242076
-1.89047098
-2.07229733
-2.34162998
-2.12828636
-1.93511665
-2.26692986
-2.22395110
-1.94720173
-1.50585186
-1.21560705
-1.39155638
-1.61801422
-1.57369161
-1.50524795
-1.64699483
-1.93554914
-1.86013436
-2.04118419
-1.89933538
-1.60095918
-1.14431882
-1.22394431
-1.32226777
-1.26934004
-1.31458485
-1.50153112
-1.84235549
-1.83761871
-1.80606484
-1.58650863
-1.84174538
-1.82423437
-1.54596829
-1.43518794
-1.47624373
-1.44460964
-1.42890716
-1.51573431
-1.62397230
-1.55953670
-1.58154404
-1.76219118
-1.77231061
-1.66671216
-1.61569989
-1.78788602
-1.80504274
-1.79891300
-1.89093745
-1.90950954
-1.62567747
-1.62555206
-1.72652149
-1.69224441
-1.75902438
-1.89358902
-1.85309756
-1.83183801
-1.90954900
-2.04416728
-2.26990628
-2.21062493
-2.08718109
-2.22524691
-2.27372622
-1.99196458
-1.56438661
-1.23551297
-1.43604767
-1.57290506
-1.60397518
-2.02093029
-2.40375924
-2.87409425
-2.74343228
-2.56879568
-2.33326554
-1.79192412
-1.05871022
-0.92716527
-1.02750397
-1.13826478
-1.37029278
-1.55462313
-1.92618001
-2.15249443
-2.11948991
-1.71387804
-1.75163436
-1.76571655
-1.57394326
-1.43829548
-1.60424984
-1.65998399
-1.62644327
-1.65842748
-1.79331684
-1.71112216
-1.70272923
-1.75673831
-1.86678386
-1.86572671
-1.80889094
-1.88326895
-1.88912070
-1.77552271
-1.74232078
-1.74315131
-1.44649649
-1.49976599
-1.62707901
-1.73649001
-1.82518995
-1.92871213
-1.85123765
-1.82328796
-1.83430123
-1.89856935
-2.14341712
-2.14226389
-1.90035367
-1.89717078
-1.90619159
-1.66089809
-1.33209181
-1.01706684
-1.16481233
-1.42419541
-1.77622032
-2.35461545
-2.68686128
-2.98356819
-2.73294330
-2.65544987
-2.54777336
-1.94042635
-1.10203969
-0.60847062
-0.69489497
-0.93290430
-1.37950051
-1.74319863
-2.16839051
-2.29061913
-2.19050503
-1.73734105
-1.76208830
-1.85741162
-1.72977090
-1.64137650
-1.79971218
-1.80205548
-1.73991179
-1.77194047
-1.89423347
-1.86958182
-1.79535675
-1.83568835
-1.96262670
-1.99042928
-1.89017212
-1.91031694
-1.88026512
-1.74735856
-1.66428733
-1.78657544
-1.38136387
-1.43017459
-1.52104020
-1.57328761
-1.62539625
-1.73003483
-1.69118667
-1.67837811
-1.63638222
-1.59573555
-1.79676330
-1.75363028
-1.49606895
-1.56358683
-1.57669985
-1.25865507
-0.92515701
-0.64485389
-0.95927745
-1.43057811
-1.45978415
-1.55581796
-1.73499203
-1.88371348
-1.94949484
-2.09465456
-2.13202620
-1.70022321
-1.03748715
-0.56628174
-0.91916960
-1.24063504
-1.57751119
-1.65829957
-1.93253744
-2.04258204
-2.07105494
-1.90520906
-2.10837483
-2.10861325
-1.90940428
-1.75874591
-1.77204287
-1.74165094
-1.77286148
-1.82162023
-1.91778016
-1.87195814
-1.77492094
-1.84019148
-1.90357554
-1.82902753
-1.74165738
-1.77278793
-1.81737590
-1.73977363
-1.69662046
-1.78643239
-1.21542490
-1.27383006
-1.40317667
-1.44904602
-1.57335699
-1.67638469
-1.59621632
-1.48321402
-1.31832385
-1.27037120
-1.48671675
-1.44828212
-1.24796450
-1.18148470
-1.19844937
-1.00718224
-0.76022154
-0.54530489
-0.92404586
-1.27031779
-1.13728738
-1.36081278
-1.79672444
-2.21676731
-2.17105031
-2.03562784
-1.80915010
-1.54218757
-1.29300475
-1.00213873
-1.27172518
-1.47821343
-1.54608727
-1.49918890
-1.67069197
-1.87938559
-1.99328494
-2.06451750
-2.17931008
-2.17313290
-2.01229215
-1.88677299
-1.80099547
-1.73620749
-1.68400836
-1.73956585
-1.78386903
-1.64855957
-1.63708079
-1.61783016
-1.61225986
-1.58199966
-1.62457609
-1.63018703
-1.64900482
-1.56880450
-1.55827749
-1.68123507
-1.15244341
-1.26118004
-1.38287449
-1.35505521
-1.36078799
-1.37730527
-1.29812920
-1.19351470
-1.14531732
-1.00997496
-1.19034255
-1.26005948
-1.06761944
-0.90086055
-0.92352265
-1.11883819
-1.04301178
-0.87835926
-0.93243277
-1.27279925
-1.06297410
-1.22712767
-1.43786776
-1.68312466
-1.56626761
-1.33336532
-1.36831617
-1.24809527
-1.17190993
-0.98526025
-1.16117191
-1.30220962
-1.31286812
-1.43289840
-1.63364184
-1.75085700
-1.82980061
-1.83514953
-1.91088009
-1.99267149
-1.87809038
-1.75766182
-1.74424958
-1.65229654
-1.55427444
-1.63125718
-1.53363109
-1.42556190
-1.39515162
-1.36142838
-1.23339522
-1.27540350
-1.29715645
-1.26718903
-1.43368733
-1.49399650
-1.54894733
-1.65712726
-1.22631896
-1.32376897
-1.38849711
-1.33606672
-1.22819936
-1.25027740
-1.23140311
-1.18008316
-1.14960206
-1.08285856
-1.30025971
-1.34673035
-1.15581477
-0.98536587
-1.12936413
-1.27655733
-1.33754730
-1.15983367
-1.36596155
-1.67729568
-1.40887833
-1.26559079
-1.32636905
-1.66057515
-1.57404077
-1.68398535
-1.81141961
-1.44348240
-1.06588185
-1.18375087
-1.15727198
-1.10743201
-1.12089455
-1.39592159
-1.51890516
-1.61076629
-1.67730939
-1.80125201
-1.80892479
-1.67420340
-1.60929811
-1.64174569
-1.64481926
-1.48345006
-1.35368907
-1.37645745
-1.25362527
-1.19195271
-1.20525825
-1.22258615
-1.16449320
-1.25430989
-1.25902021
-1.24640989
-1.40767193
-1.39358127
-1.46746039
-1.53429437
-1.34005165
-1.37554538
-1.36515415
-1.37847126
-1.33679116
-1.31326914
-1.29748499
-1.17774546
-1.12732160
-1.14858937
-1.36196709
-1.41245258
-1.43985307
-1.56847346
-1.67778969
-1.71237946
-1.56740499
-1.44488370
-1.55410516
-1.64372015
-1.37649786
-1.41345716
-1.86064756
-2.17556763
-2.15416288
-2.21247125
-2.19857287
-1.81401527
-1.51384497
-1.49148691
-1.28059995
-1.17848539
-1.30937290
-1.53209150
-1.51586938
-1.54646933
-1.58875334
-1.67955375
-1.57655346
-1.41147888
-1.36356890
-1.31264400
-1.31303990
-1.31766963
-1.23832631
-1.32906950
-1.27088249
-1.33842683
-1.35990798
-1.30946207
-1.36279345
-1.54102445
-1.49984586
-1.34980643
-1.36755288
-1.35197961
-1.37749636
-1.44757438
-1.36655807
-1.41410816
-1.37147343
-1.42581236
-1.32631576
-1.26234376
-1.37150168
-1.34122992
-1.19330442
-1.16420507
-1.37229991
-1.46074665
-1.76642692
-1.87094152
-1.82741427
-1.80375290
-1.77835846
-1.55354083
-1.50441301
-1.58332515
-1.50184715
-1.52787971
-1.76926434
-2.00045800
-1.93396199
-1.94660020
-1.86728585
-1.65415204
-1.46997905
-1.40528834
-1.27919257
-1.31344724
-1.40946484
-1.57220972
-1.62970209
-1.44523418
-1.39717448
-1.44980514
-1.37333286
-1.33250928
-1.13421428
-1.17640018
-1.30130994
-1.33182573
-1.24504673
-1.41544855
-1.39130497
-1.51921403
-1.51323056
-1.56951165
-1.57647407
-1.69126499
-1.62549365
-1.48405814
-1.51127899
-1.43830943
-1.41457200
-1.47222233
-1.23041749
-1.25467730
-1.26603091
-1.45287478
-1.42753351
-1.42698729
-1.54446363
-1.52341390
-1.39868152
-1.31579328
-1.45905423
-1.62486982
-1.80678368
-1.85440934
-1.64171457
-1.69309831
-1.67896950
-1.47755361
-1.32929206
-1.41395831
-1.38439441
-1.49503255
-1.82971716
-1.99369287
-1.97541606
-1.83274066
-1.87060988
-1.65794480
-1.59083962
-1.63097501
-1.63656318
-1.57545781
-1.66835880
-1.89613318
-1.83501589
-1.59459186
-1.51730072
-1.63079917
-1.51831377
-1.35443127
-1.27380252
-1.58081460
-1.62452209
-1.50852609
-1.42584896
-1.58038568
-1.61368716
-1.65813708
-1.76812053
-1.85678506
-1.78086674
-1.84756517
-1.93549871
-1.82948172
-1.70990002
-1.52960491
-1.43654132
-1.47563708
-1.29852986
-1.29867482
-1.25552928
-1.62036872
-1.55441105
-1.46084404
-1.45284736
-1.51531875
-1.42847013
-1.28608394
-1.34187686
-1.42204583
-1.56622708
-1.61280358
-1.65955448
-1.62728012
-1.48307073
-1.42481530
-1.44800615
-1.50820899
-1.45478165
-1.31072152
-1.56598544
-1.71924448
-1.73845851
-1.62138164
-1.73381722
-1.71189392
-1.87459743
-1.96422923
-1.93828464
-1.73885548
-1.96096539
-2.08454823
-2.03068876
-1.80589747
-1.74662209
-1.80512583
-1.80733216
-1.74882722
-1.53448260
-1.62517262
-1.61476457
-1.67337942
-1.62726581
-1.72123003
-1.74562824
-1.77374339
-1.88492668
-1.98885369
-1.96462321
-1.99873948
-1.88044679
-1.71957743
-1.71545994
-1.57802212
-1.49388659
-1.51995432
-1.33191001
-1.28540921
-1.25160766
-1.66095650
-1.63528955
-1.31538761
-1.53510809
-1.61715293
-1.36596262
-1.18031251
-1.31813085
-1.38906550
-1.32417881
-1.45115530
-1.40890467
-1.31428552
-1.18694878
-1.19455898
-1.26428521
-1.38990009
-1.39432418
-1.49159396
-1.76461470
-1.83309186
-1.70972133
-1.51368558
-1.56370294
-1.53759301
-1.70377576
-1.90791667
-1.93908298
-1.83860207
-2.02253222
-2.12211275
-2.06447673
-1.86816216
-1.85432398
-1.92497206
-1.99599683
-1.97432446
-1.73044395
-1.65389180
-1.70037258
-1.85768628
-1.73433554
-1.72393000
-1.64927971
-1.67899263
-1.77979970
-1.76288927
-1.77681994
-1.80893171
-1.67498779
-1.61184227
-1.69002724
-1.60894871
-1.48012257
-1.53544426
-1.32778406
-1.25691080
-1.25896132
-1.68538547
-1.58643579
-1.24326563
-1.48495507
-1.41766381
-1.24587917
-1.26403594
-1.47029459
-1.40596509
-1.26563489
-1.25269890
-1.06457746
-1.01997781
-1.00141501
-1.09548879
-1.24973965
-1.45367002
-1.58526206
-1.82556295
-1.95809984
-1.84017408
-1.70282388
-1.49505734
-1.49292004
-1.44257164
-1.60243869
-1.84925866
-1.87455642
-1.85731447
-1.99053693
-2.02537322
-2.13748240
-2.03876376
-2.10787535
-2.07703209
-2.16768789
-2.15937018
-1.89339280
-1.88384879
-1.86498678
-1.89002657
-1.74203610
-1.81101942
-1.70419276
-1.67973793
-1.68855441
-1.63903081
-1.56699634
-1.59104526
-1.53632152
-1.54187012
-1.54771876
-1.47838724
-1.44254112
-1.46869373
-1.50617862
-1.53642261
-1.56838095
-1.58555007
-1.59788811
-1.59597206
-1.59395206
-1.58263958
-1.53965926
-1.46759927
-1.40419674
-1.39603889
-1.44078064
-1.46253431
-1.46242416
-1.52989924
-1.59414041
-1.57875443
-1.43935287
-1.30079162
-0.96608633
-0.57927930
-0.54201216
-0.54703814
-0.52551949
-0.58975363
-0.76308268
-0.96619409
-1.23039377
-1.48042047
-1.63487518
-1.66142726
-1.64767182
-1.60669935
-1.68173695
-1.83184338
-1.96632600
-1.94505787
-1.86336172
-1.81470001
-1.70062864
-1.61687315
-1.58263230
-1.48765635
-1.43222404
-1.44982040
-1.49317145
-1.48710227
-1.48583615
-1.44229126
-1.34188354
-1.12325060
-1.24299359
-1.29825664
-1.21878493
-1.12660456
-1.12023067
-1.08780694
-1.62567532
-1.65299869
-1.67063367
-1.69471669
-1.69373596
-1.69092357
-1.68935835
-1.63899910
-1.53684545
-1.43445206
-1.34316814
-1.33239508
-1.38553560
-1.41079676
-1.41576290
-1.50373542
-1.53613174
-1.50629056
-1.40207314
-1.22413182
-0.85108125
-0.54199469
-0.58366573
-0.65536970
-0.70499647
-0.76993257
-0.93075818
-1.10298419
-1.28359103
-1.46148610
-1.57739580
-1.54815567
-1.49657810
-1.41147292
-1.45545137
-1.64980865
-1.82829559
-1.81217003
-1.75621128
-1.71351421
-1.59805036
-1.53362918
-1.49233294
-1.40293872
-1.37628245
-1.36224091
-1.41640306
-1.42358983
-1.42271531
-1.41123211
-1.32147574
-1.06175470
-1.13822520
-1.17569542
-1.10818565
-1.05589223
-1.02588236
-1.02287066
-1.74549222
-1.77611887
-1.79161799
-1.81395710
-1.80709517
-1.79095566
-1.75336885
-1.65264511
-1.49644661
-1.36858261
-1.24466968
-1.22690523
-1.27991807
-1.28188491
-1.28067768
-1.33554733
-1.37457442
-1.33987403
-1.29289949
-1.06892657
-0.73538172
-0.54518980
-0.61812925
-0.72827911
-0.76563340
-0.78777039
-0.96360946
-1.12375951
-1.25968075
-1.42334235
-1.55189157
-1.50404036
-1.41827023
-1.29213226
-1.30234122
-1.51595950
-1.67194438
-1.65618193
-1.66677153
-1.63746750
-1.55546319
-1.47282231
-1.43001044
-1.37101674
-1.32575893
-1.28064609
-1.35246181
-1.38869822
-1.38933909
-1.39179194
-1.27630782
-0.95558792
-1.01364911
-1.03893590
-0.96749824
-0.89512658
-0.86582929
-0.90577698
-1.87533772
-1.89243996
-1.89720058
-1.91345978
-1.90163398
-1.87038362
-1.81268489
-1.68802118
-1.52911079
-1.36746442
-1.23038316
-1.23836851
-1.27629435
-1.24821615
-1.25522733
-1.28522825
-1.27802789
-1.18103850
-1.12360525
-0.91380233
-0.66879725
-0.57452065
-0.63973266
-0.72245389
-0.75024945
-0.80276722
-0.90611720
-1.04523122
-1.17542922
-1.36006510
-1.50658488
-1.47620952
-1.37050927
-1.23905969
-1.24327016
-1.41722298
-1.51701260
-1.54329276
-1.60468650
-1.59548819
-1.53589046
-1.45819271
-1.40916181
-1.38773644
-1.30179870
-1.23692393
-1.34880269
-1.41250408
-1.40780306
-1.39792705
-1.23723185
-0.89212304
-0.97202867
-0.97986948
-0.89199615
-0.83762985
-0.81224275
-0.85584170
-1.93167675
-1.93481886
-1.94833732
-1.95452023
-1.93663716
-1.91151869
-1.85198343
-1.73523760
-1.58095443
-1.40213287
-1.29800367
-1.31814361
-1.35040474
-1.32456040
-1.31000102
-1.31344795
-1.23494375
-1.12602937
-1.05640435
-0.89733958
-0.76483130
-0.76388901
-0.80811924
-0.81728727
-0.87780708
-0.86795503
-0.86668444
-1.01884365
-1.16237903
-1.33495939
-1.47159576
-1.44155371
-1.33487368
-1.23857820
-1.27047229
-1.37934124
-1.46904409
-1.51105666
-1.61350632
-1.60839725
-1.55285692
-1.51294208
-1.47661030
-1.49251235
-1.33278322
-1.26637518
-1.40537333
-1.44822764
-1.43169796
-1.41300082
-1.19881546
-0.89860183
-1.03484392
-1.03950429
-0.95715088
-0.90772933
-0.89044154
-0.92515856
-1.91638029
-1.91654706
-1.92677116
-1.92063129
-1.90956843
-1.90252459
-1.85048485
-1.74054801
-1.59646821
-1.45055723
-1.37089789
-1.39027452
-1.41871750
-1.41771853
-1.39290249
-1.35312045
-1.24653423
-1.16035068
-1.12955892
-1.02498949
-0.99967331
-0.97553277
-1.02373612
-1.01164985
-1.01858699
-0.98965728
-0.96367955
-1.06968307
-1.23506582
-1.35463214
-1.44436491
-1.40792859
-1.32708836
-1.30566990
-1.39706886
-1.46183670
-1.54241049
-1.60188150
-1.67492878
-1.66430581
-1.62569928
-1.61392879
-1.61593640
-1.60386086
-1.38169014
-1.35271978
-1.48529029
-1.49889255
-1.46195114
-1.42446375
-1.16728985
-0.93539155
-1.08471572
-1.11367810
-1.06984675
-1.04111803
-1.03235364
-0.99222022
-1.84796107
-1.84367728
-1.83212864
-1.83199227
-1.83913147
-1.83324683
-1.78671968
-1.69292569
-1.57867980
-1.48833108
-1.44870210
-1.46990097
-1.47004879
-1.43926060
-1.43083978
-1.41190565
-1.40861130
-1.39618421
-1.37064230
-1.26136816
-1.21069825
-1.14308929
-1.14968514
-1.14172614
-1.10833728
-1.11865044
-1.10986090
-1.21792352
-1.33458948
-1.41346240
-1.43690717
-1.40537512
-1.37935078
-1.46276867
-1.55880046
-1.59654832
-1.65809667
-1.72419572
-1.73905301
-1.70309949
-1.67871356
-1.67115235
-1.70293152
-1.63026142
-1.40881371
-1.43536413
-1.57922518
-1.52600551
-1.44798291
-1.32960427
-1.09480286
-0.94129872
-1.09279776
-1.15892744
-1.13930631
-1.11189508
-1.07712340
-1.03686774
-1.76679623
-1.75303626
-1.73205078
-1.73433542
-1.75816023
-1.75856924
-1.72113311
-1.67820513
-1.60702479
-1.56278288
-1.54359710
-1.56622756
-1.55812120
-1.50916398
-1.56608331
-1.63991189
-1.71623409
-1.67791641
-1.57265782
-1.48385561
-1.40088975
-1.26668203
-1.20927274
-1.29057717
-1.29655933
-1.29204524
-1.30044329
-1.34832215
-1.38428426
-1.41015172
-1.39380383
-1.38418806
-1.46270418
-1.63626122
-1.69349813
-1.70933712
-1.78169072
-1.80366278
-1.74514186
-1.64792013
-1.63286579
-1.61357367
-1.66563261
-1.54279149
-1.35700190
-1.45023286
-1.55196941
-1.43022668
-1.35803163
-1.17527032
-0.97697544
-0.92599016
-1.06636477
-1.13250875
-1.12965024
-1.09333348
-1.05944562
-1.05107462
-1.67697275
-1.65704763
-1.63989103
-1.64619386
-1.67370915
-1.67071211
-1.65244889
-1.64601612
-1.59212995
-1.54452562
-1.53209496
-1.54100716
-1.51716554
-1.49785507
-1.65055454
-1.80566609
-1.90951788
-1.82561052
-1.71947563
-1.70061243
-1.60192537
-1.33664286
-1.31546533
-1.38368356
-1.40558505
-1.38282955
-1.38864434
-1.40322721
-1.40623832
-1.42223847
-1.42369723
-1.48339927
-1.62546992
-1.74404764
-1.79751110
-1.84502363
-1.87310648
-1.78947616
-1.64486122
-1.50419772
-1.48920691
-1.49144566
-1.48667598
-1.32736266
-1.22980678
-1.34900379
-1.40118170
-1.28584492
-1.21846974
-1.04182744
-0.91439617
-0.92864734
-1.02719426
-1.04671168
-1.04535556
-1.01514137
-0.99204493
-0.99697018
-1.50965190
-1.49439204
-1.47536719
-1.48080826
-1.50637960
-1.50507677
-1.51497996
-1.51935744
-1.46771252
-1.40771008
-1.38887131
-1.36358118
-1.33522654
-1.41572714
-1.64607680
-1.89449441
-1.92253530
-1.83118415
-1.82704675
-1.88949656
-1.55125082
-1.25527978
-1.38133669
-1.49674940
-1.59047103
-1.66080153
-1.70608783
-1.65535581
-1.57660758
-1.55767775
-1.53098786
-1.57391417
-1.74001431
-1.83588505
-1.90490377
-1.92735445
-1.88637972
-1.69271743
-1.45325685
-1.32028461
-1.30458236
-1.30329621
-1.26127172
-1.14373243
-1.10355914
-1.21990788
-1.21813893
-1.12169838
-1.05475259
-0.94342673
-0.86288112
-0.88640136
-0.93201947
-0.93723112
-0.93355542
-0.90079719
-0.88983077
-0.90039337
-1.30098426
-1.29422224
-1.26798391
-1.28026843
-1.30324328
-1.31887913
-1.35089540
-1.36022949
-1.31321990
-1.25413907
-1.24210501
-1.21586192
-1.22990584
-1.39204395
-1.68060100
-1.90405691
-1.87005484
-1.84813619
-1.90311551
-1.82777703
-1.24204683
-1.27569926
-1.52676070
-1.71288836
-1.82251656
-1.83355510
-1.85905886
-1.77581191
-1.70865643
-1.55764234
-1.54602945
-1.55620801
-1.70847559
-1.83986402
-1.89787614
-1.93480098
-1.82946217
-1.50818324
-1.23650360
-1.13661551
-1.10144830
-1.10563707
-1.07065189
-1.00451660
-0.98663509
-1.05945289
-0.99874794
-0.91993839
-0.88719666
-0.80317658
-0.74396759
-0.76726913
-0.77454042
-0.79131782
-0.80110109
-0.77379280
-0.77518952
-0.76722115
-1.13735819
-1.12666678
-1.12132764
-1.14073610
-1.16021037
-1.18297803
-1.20775676
-1.20264125
-1.16784918
-1.12142324
-1.12776351
-1.11953461
-1.20014429
-1.42090523
-1.77091217
-1.88172591
-1.87632215
-1.82299244
-1.85842538
-1.34471500
-1.11327755
-1.35271537
-1.65942621
-1.75352669
-1.73395729
-1.69623303
-1.73514414
-1.64585102
-1.57676351
-1.37908721
-1.35486889
-1.41380799
-1.57354128
-1.80758727
-1.85454607
-1.82633221
-1.62669432
-1.27476442
-1.05920029
-0.96974629
-0.95409065
-0.96741652
-0.92934138
-0.89727205
-0.88331562
-0.87580109
-0.80912954
-0.75551331
-0.73240918
-0.67199868
-0.64374202
-0.66073734
-0.65882015
-0.66258961
-0.67914408
-0.65469712
-0.67579031
-0.66629457
-0.97904301
-0.98864764
-1.00084436
-1.00305820
-1.03435385
-1.03962958
-1.02368212
-0.99733365
-0.96815944
-0.96279210
-0.99123150
-1.01305246
-1.14415622
-1.43041337
-1.77278364
-1.82227767
-1.78638566
-1.75383282
-1.56729698
-0.93841952
-0.95166391
-1.32879651
-1.60216117
-1.63854802
-1.59183824
-1.84805143
-2.03542018
-1.79808092
-1.54598653
-1.44929457
-1.43982828
-1.45269990
-1.61741221
-1.80686688
-1.74816775
-1.57729530
-1.31109679
-1.04944634
-0.89025140
-0.86261410
-0.86448187
-0.87974656
-0.86193848
-0.86966223
-0.87915093
-0.83942693
-0.78077263
-0.76136810
-0.74304789
-0.72930324
-0.71882260
-0.73881412
-0.73449016
-0.68900639
-0.70227855
-0.71187943
-0.71822870
-0.68892682
-0.84628922
-0.86453515
-0.88581914
-0.89913887
-0.91483140
-0.89762419
-0.85933781
-0.83860183
-0.81240469
-0.81318903
-0.84706402
-0.87828815
-1.02758849
-1.43033075
-1.70928133
-1.75388515
-1.66403699
-1.58364332
-1.07277119
-0.69081968
-0.97491163
-1.24982536
-1.52303684
-1.69659972
-2.03637767
-2.36197090
-2.34401536
-1.81152034
-1.61425245
-1.51651919
-1.40464807
-1.39326632
-1.58536685
-1.66502059
-1.48942649
-1.27419996
-1.04815984
-0.85587788
-0.79828709
-0.81831050
-0.83740288
-0.86702168
-0.89851499
-0.93095052
-0.95871156
-0.90895575
-0.86398625
-0.86732703
-0.86646801
-0.88473886
-0.89416301
-0.90713793
-0.89607918
-0.84957325
-0.86850071
-0.88197446
-0.83360696
-0.78036612
-0.83133757
-0.85430706
-0.89518368
-0.92298263
-0.93461686
-0.89881009
-0.84908831
-0.82307196
-0.81110066
-0.81577134
-0.87416250
-0.90760726
-1.08940387
-1.52250993
-1.73560929
-1.61301398
-1.62747681
-1.37674677
-0.65589809
-0.69210553
-1.11521447
-1.40087175
-1.77476037
-1.93675578
-2.15006113
-2.23130608
-1.92809653
-1.62610102
-1.50256228
-1.48967993
-1.38992631
-1.46444941
-1.52873373
-1.37187791
-1.15065801
-1.05312705
-0.90160114
-0.84790963
-0.86093533
-0.86428815
-0.88079691
-0.94145894
-0.98080814
-1.01633871
-1.03858411
-0.99502182
-0.96123832
-0.98150665
-0.98955554
-1.01394022
-1.00623643
-1.01868725
-1.02898061
-1.03577471
-1.05971241
-1.04578495
-0.93915719
-0.88954890
-0.93414003
-0.97374773
-1.01162970
-1.04351318
-1.02083659
-0.96545613
-0.90572083
-0.86675256
-0.86208916
-0.84590930
-0.89102459
-0.93239951
-1.21006453
-1.60462356
-1.75463986
-1.52302647
-1.50328159
-1.11758733
-0.53118265
-0.84950310
-1.30106187
-1.63853073
-1.80043876
-1.78649485
-1.74116921
-1.79303169
-1.71183872
-1.50388730
-1.45812440
-1.33942592
-1.26296210
-1.33990192
-1.37391233
-1.15029609
-0.96807337
-0.98860705
-0.99725419
-0.99239755
-1.00961673
-0.98437387
-0.99492860
-1.05249357
-1.07006407
-1.08101916
-1.09771717
-1.06646132
-1.04086995
-1.06551099
-1.07231736
-1.07632291
-1.07724035
-1.10244632
-1.14323306
-1.16585243
-1.19178796
-1.14630210
-1.04358387
-1.01530898
-1.02192807
-1.07885790
-1.09303117
-1.10288525
-1.07037032
-1.01195705
-0.94384485
-0.90801716
-0.91455036
-0.89652562
-0.90342414
-0.94421864
-1.30347574
-1.64090443
-1.64177394
-1.51764297
-1.35077119
-0.88557506
-0.53724760
-0.98192376
-1.40949976
-1.64593947
-1.72967935
-1.55632770
-1.79541826
-1.94036615
-1.63976920
-1.49987245
-1.40201283
-1.39156127
-1.30710459
-1.30857015
-1.20901883
-0.99039191
-0.94182032
-1.00250745
-1.09996438
-1.10846043
-1.10188425
-1.08947515
-1.08811533
-1.13419402
-1.13407302
-1.13416386
-1.14768183
-1.14447570
-1.13014436
-1.15523422
-1.16856492
-1.17799544
-1.19353676
-1.21541691
-1.23984790
-1.24574864
-1.25533235
-1.22467172
-1.15525496
-1.13986933
-1.11138833
-1.15243363
-1.14226353
-1.12363112
-1.11729503
-1.09367371
-1.04749382
-1.02617180
-1.00305867
-0.96177948
-0.95915830
-0.99347937
-1.35443187
-1.63547909
-1.53439724
-1.51199532
-1.23397756
-0.69102454
-0.55539393
-0.99080974
-1.39103532
-1.67423820
-1.88761723
-1.78608918
-1.97593808
-1.84927309
-1.36121392
-1.44628918
-1.43637669
-1.19890416
-1.19815207
-1.29298985
-1.06092799
-1.00267267
-0.97668314
-0.95925915
-1.12009859
-1.15391195
-1.15743911
-1.16805899
-1.17706347
-1.19693971
-1.15996981
-1.17732918
-1.19802868
-1.22161698
-1.21015120
-1.21559119
-1.23858774
-1.25121891
-1.27447999
-1.27657521
-1.26628566
-1.28572059
-1.29334295
-1.26475406
-1.21623790
-1.21214807
-1.19623148
-1.22299540
-1.21650207
-1.19238091
-1.18898511
-1.16950083
-1.13542449
-1.11725557
-1.08523679
-1.04535496
-1.06323683
-1.13129735
-1.42456055
-1.68699133
-1.55787122
-1.55215168
-1.18456340
-0.63388330
-0.59533191
-1.07767677
-1.62379372
-1.91246986
-1.93262410
-1.56830573
-1.72566783
-1.31373656
-1.18136036
-1.43316400
-1.20446253
-1.03572810
-1.13222897
-1.25306571
-1.02675653
-0.99611270
-1.00056410
-0.93613011
-1.15042353
-1.18532109
-1.21256673
-1.25224423
-1.25746489
-1.24502301
-1.19127584
-1.21144092
-1.23602462
-1.25497437
-1.24355042
-1.24394059
-1.27452433
-1.27032971
-1.28835690
-1.27257538
-1.26100862
-1.27757847
-1.28430665
-1.24277592
-1.21987581
-1.23715234
-1.26720142
-1.28200030
-1.26886559
-1.23850811
-1.22867799
-1.19969451
-1.16713774
-1.16296196
-1.15183020
-1.11717916
-1.13122845
-1.26334858
-1.54008949
-1.76978207
-1.63918650
-1.53912604
-1.15875602
-0.59042650
-0.69631940
-1.20719671
-1.66338825
-1.88275898
-1.70479488
-1.32436717
-1.50825894
-1.40839648
-1.03353882
-1.03655934
-0.84491390
-0.92268986
-1.13926482
-1.19569254
-1.01320350
-1.04006088
-1.07237518
-1.00725400
-1.21553040
-1.22870040
-1.24618590
-1.28928983
-1.28238761
-1.25092804
-1.22108793
-1.24031186
-1.26230860
-1.25295103
-1.24062669
-1.24286461
-1.27407134
-1.25753665
-1.25922775
-1.26445949
-1.25422764
-1.25910497
-1.24254405
-1.21098685
-1.21818233
-1.25388789
-1.29192376
-1.28952098
-1.27499652
-1.24272227
-1.22573256
-1.19906509
-1.17863679
-1.18231142
-1.18797600
-1.18591499
-1.18372154
-1.35257888
-1.66444266
-1.82429540
-1.68015409
-1.49403453
-1.13161898
-0.60641044
-0.75821209
-1.23488450
-1.62032163
-1.72484386
-1.64418423
-1.59763539
-1.51329625
-1.18967104
-1.03746879
-0.94076091
-0.96339273
-1.18341184
-1.32132089
-1.07745266
-1.09216821
-1.15349853
-1.11344934
-1.06014585
-1.26668525
-1.26975286
-1.27745259
-1.30663407
-1.27771318
-1.26451230
-1.26284218
-1.28588212
-1.29148507
-1.27143502
-1.27898490
-1.27755475
-1.28279626
-1.26938343
-1.25685155
-1.26175177
-1.25805795
-1.25362325
-1.25009692
-1.23829699
-1.24731946
-1.26085496
-1.26989532
-1.25024331
-1.24098754
-1.21986437
-1.22607279
-1.22870874
-1.22579968
-1.22398531
-1.22663558
-1.22377396
-1.21559155
-1.44175363
-1.74759758
-1.85528874
-1.69567358
-1.46905994
-1.14180899
-0.60558325
-0.72679561
-1.13711727
-1.58937144
-1.64783835
-1.58714151
-1.64261806
-1.33169746
-1.01201177
-1.07504213
-1.02670515
-1.28120399
-1.48482573
-1.29057157
-1.14617372
-1.16399193
-1.31176496
-1.09692919
-1.10086036
-1.28752840
-1.31509197
-1.30537891
-1.30224693
-1.28147352
-1.28263319
-1.30605459
-1.33344030
-1.34094763
-1.33003712
-1.34114957
-1.31316352
-1.28999102
-1.27422309
-1.24240100
-1.23958266
-1.26197362
-1.26889563
-1.26942182
-1.24389637
-1.24134171
-1.25884473
-1.27280283
-1.26505494
-1.25294876
-1.23643506
-1.25700283
-1.26079476
-1.27481723
-1.27291620
-1.26414907
-1.23377824
-1.25944042
-1.49482322
-1.77235913
-1.83946121
-1.70622051
-1.52413654
-1.21322334
-0.67401224
-0.78324836
-1.19781256
-1.54813468
-1.61529803
-1.49566114
-1.35898089
-1.25551617
-0.99305290
-0.96291655
-1.06722987
-1.25227368
-1.31186581
-1.18166411
-1.18356323
-1.36801279
-1.34945905
-1.08935690
-1.15554857
-1.29559374
-1.29352450
-1.26667202
-1.27311814
-1.28825665
-1.30795503
-1.34503245
-1.36929381
-1.37558711
-1.37529099
-1.36283672
-1.30232143
-1.27393532
-1.22867846
-1.19436038
-1.21955454
-1.26028097
-1.27580583
-1.25221086
-1.23770332
-1.23856294
-1.28880560
-1.29967463
-1.28776371
-1.27093399
-1.26645076
-1.29600513
-1.30450487
-1.32185352
-1.32394087
-1.29253972
-1.25415564
-1.29164398
-1.53398824
-1.80209804
-1.83883440
-1.72617960
-1.61483109
-1.24565101
-0.77900338
-0.94569278
-1.28918934
-1.58638835
-1.68939698
-1.73001993
-1.56451392
-1.36949766
-1.01773155
-0.97533059
-0.91876644
-1.10696006
-1.10843468
-1.18033803
-1.29329300
-1.52981305
-1.27886856
-1.05458498
-1.22706866
-1.25150943
-1.22409976
-1.22614801
-1.25207508
-1.27592432
-1.30663979
-1.33012784
-1.34452188
-1.34097075
-1.33948278
-1.30694127
-1.26221764
-1.24320686
-1.20878530
-1.19067955
-1.20373201
-1.23258591
-1.23712170
-1.22562027
-1.25226510
-1.25145853
-1.29781675
-1.31075954
-1.28423321
-1.28968370
-1.29550600
-1.32575977
-1.33016109
-1.34914088
-1.34707129
-1.30063713
-1.28513408
-1.33242118
-1.55189979
-1.79561162
-1.79129839
-1.68617439
-1.62550867
-1.18764675
-0.88925576
-1.12047911
-1.41492057
-1.72531581
-1.83639038
-1.84937143
-1.65719247
-1.34715128
-1.07182097
-0.95356166
-0.91051567
-1.02014196
-1.12193048
-1.28829789
-1.43018579
-1.47133172
-1.17505908
-1.11824965
-1.26836681
-1.21405935
-1.20543706
-1.25716639
-1.27744949
-1.25441360
-1.27745593
-1.29553056
-1.31102645
-1.32107115
-1.29770195
-1.26186168
-1.24245119
-1.22278881
-1.20791590
-1.19294596
-1.20270610
-1.22618663
-1.24565387
-1.22334766
-1.24455297
-1.26077390
-1.25672090
-1.27885425
-1.25626159
-1.27760434
-1.29177797
-1.30669546
-1.29609358
-1.32011414
-1.30455077
-1.28584945
-1.28568971
-1.33292568
-1.53165460
-1.73603511
-1.68698311
-1.61846387
-1.51363480
-1.15530193
-1.03896677
-1.22626710
-1.38621604
-1.58368492
-1.64434075
-1.55774474
-1.57770813
-1.44466949
-1.27452946
-1.02361298
-0.86504501
-1.01316845
-1.20807886
-1.35345149
-1.46725214
-1.30232286
-1.13604176
-1.08706009
-1.24900031
-1.22237694
-1.24703491
-1.27851129
-1.24326694
-1.24625182
-1.29921806
-1.33977711
-1.30812573
-1.31219530
-1.29220200
-1.25983000
-1.25103951
-1.23539329
-1.21068609
-1.21147883
-1.25022507
-1.25655353
-1.27314389
-1.23908210
-1.27150011
-1.30715120
-1.30778778
-1.24343371
-1.26674175
-1.29377472
-1.29643154
-1.33076763
-1.34432304
-1.35293663
-1.31947458
-1.35546064
-1.35152912
-1.35623384
-1.49560416
-1.65037727
-1.54418242
-1.52071059
-1.42149103
-1.23002183
-1.19609082
-1.23201537
-1.33388782
-1.52010059
-1.66625142
-1.65559447
-1.82871187
-1.69295204
-1.27171326
-0.91347146
-0.83061063
-0.89049017
-1.19190085
-1.22220385
-1.26019430
-1.15535474
-1.05466008
-1.16328013
-1.23656881
-1.19060767
-1.21514654
-1.21510708
-1.21267569
-1.23485565
-1.32212651
-1.34595442
-1.31610858
-1.33433163
-1.30052984
-1.24447954
-1.24292064
-1.23663247
-1.23154569
-1.25127184
-1.29772210
-1.28768027
-1.26960957
-1.26068330
-1.30381560
-1.34489560
-1.34030521
-1.24254620
-1.28037250
-1.32421422
-1.36237788
-1.39525497
-1.40685499
-1.40985692
-1.35604680
-1.40144515
-1.36339295
-1.34461749
-1.42104149
-1.56264973
-1.44719005
-1.50403166
-1.45160353
-1.31902480
-1.26750457
-1.26414454
-1.38736320
-1.64127660
-1.82266641
-1.86604142
-1.94531763
-1.69827580
-1.15602112
-0.94268078
-0.88047832
-0.88558203
-1.13413143
-1.18448615
-1.17718375
-1.15879571
-1.12352216
-1.17384756
-1.16057718
-1.08979523
-1.10703886
-1.12863576
-1.16915607
-1.23948789
-1.28700817
-1.29106653
-1.31784678
-1.35512185
-1.31603301
-1.23206031
-1.23549151
-1.20679843
-1.21475959
-1.23936284
-1.28359520
-1.25132334
-1.22186983
-1.23810315
-1.26134980
-1.26314747
-1.26256895
-1.22123027
-1.24108183
-1.28503466
-1.33350253
-1.34727442
-1.35449874
-1.35929143
-1.28134143
-1.28067553
-1.21237493
-1.21128285
-1.29442835
-1.44483566
-1.45882654
-1.50928736
-1.45749390
-1.33712065
-1.28390586
-1.29834092
-1.40916133
-1.57512987
-1.65593207
-1.66221285
-1.70301962
-1.55236471
-1.07294595
-0.97538006
-1.02900016
-0.95801842
-1.25939047
-1.29007673
-1.31188202
-1.23213625
-1.07034945
-1.09945989
-1.03166151
-0.98687822
-1.04071188
-1.09360468
-1.13850677
-1.16775322
-1.19931185
-1.24414468
-1.30747581
-1.32506299
-1.27842391
-1.19368482
-1.23215258
-1.18065596
-1.16447484
-1.17904568
-1.19964743
-1.18689406
-1.17040658
-1.18508220
-1.17222154
-1.17301404
-1.17579627
-1.10861528
-1.11357677
-1.14038956
-1.15391195
-1.16671419
-1.22339380
-1.21950173
-1.13885713
-1.10921359
-1.04760885
-1.07019997
-1.21878111
-1.38555765
-1.41236174
-1.44716537
-1.42863989
-1.28122270
-1.26240408
-1.21759081
-1.26454139
-1.31837618
-1.30461276
-1.39461625
-1.64502823
-1.43637419
-1.14518535
-1.11820376
-0.97598654
-0.96578854
-1.30856645
-1.42149615
-1.36177361
-1.21016145
-1.15495539
-1.04298866
-0.96792287
-0.93808287
-1.00620663
-1.05446243
-1.08680737
-1.12297690
-1.11458182
-1.15858686
-1.21479249
-1.25276518
-1.21855795
-1.23229158
-1.23568213
-1.14950240
-1.13602746
-1.12108052
-1.09345376
-1.06469953
-1.03979695
-1.08759654
-1.08978248
-1.06751144
-1.06149256
-1.00605202
-0.96498507
-1.01797676
-1.03170526
-1.07678318
-1.13299000
-1.10918033
-1.03693914
-0.99078381
-0.94681948
-0.97315198
-1.12880290
-1.25341582
-1.26290965
-1.38562298
-1.45959592
-1.37744796
-1.31741810
-1.23397005
-1.20807850
-1.18457639
-1.28724599
-1.49579179
-1.73865569
-1.51179159
-1.32359660
-1.18387353
-1.04333365
-1.18367219
-1.42475641
-1.53511131
-1.40083051
-1.23671138
-1.13769364
-0.93535227
-0.97951305
-0.99510849
-1.01221871
-1.01680911
-1.00993001
-1.04095709
-0.99490219
-1.04512501
-1.12050748
-1.14632344
-1.12255549
-1.18366468
-1.15633714
-1.11146069
-1.10742545
-1.08128202
-1.03768504
-1.03632724
-1.00557804
-0.99926692
-0.98306763
-0.93232960
-0.93862575
-0.95487899
-0.88789111
-0.88766432
-0.93437535
-0.98247993
-0.98862469
-0.98253155
-0.87193710
-0.81053084
-0.82311499
-0.81422496
-1.00963926
-1.14342892
-1.20970333
-1.49509835
-1.55547965
-1.38759291
-1.21830606
-1.19780338
-1.21069419
-1.20814741
-1.34348416
-1.59487033
-1.73355079
-1.51873016
-1.53463960
-1.36917233
-1.27807486
-1.45795357
-1.59418523
-1.58661401
-1.38761175
-1.32331336
-1.05263805
-0.82709253
-0.91929519
-1.00187182
-0.97053170
-0.97566682
-0.95370716
-0.98034126
-0.95627850
-1.00006473
-1.09785783
-1.03044319
-1.03347468
-1.05784845
-1.02799940
-1.07558203
-1.09413803
-1.06403065
-1.05557895
-1.03221011
-0.97845894
-0.96485007
-0.92503524
-0.95721793
-0.97274220
-0.90658063
-0.78149903
-0.75389147
-0.82226896
-0.82460052
-0.78173804
-0.78197265
-0.68896508
-0.68104225
-0.71318990
-0.72104442
-0.96015781
-1.17165208
-1.30811489
-1.61818528
-1.50021279
-1.28066385
-1.16100156
-1.11805761
-1.12316692
-1.13791633
-1.36304295
-1.56400871
-1.56191850
-1.47168136
-1.58330131
-1.41446495
-1.16853356
-1.32798231
-1.44163978
-1.44881487
-1.34317410
-1.24282503
-0.86988175
-0.80843556
-0.91015226
-0.94539940
-0.90025336
-0.93034202
-0.95948422
-0.99209160
-1.03913140
-1.05254674
-1.05456901
-1.00416207
-1.02066123
-1.02964604
-1.00122690
-1.06826103
-1.02732062
-0.99397862
-1.04577363
-1.01243365
-0.99831527
-1.05724895
-0.99156505
-1.04384494
-1.01508129
-0.82851696
-0.76396823
-0.76183820
-0.83265620
-0.81580365
-0.75991547
-0.79205626
-0.72229934
-0.68097347
-0.70736581
-0.79610646
-1.03169191
-1.27963650
-1.42451680
-1.58676720
-1.37003911
-1.29227996
-1.30428505
-1.13213289
-1.12423241
-1.14288187
-1.45061183
-1.56742191
-1.70242989
-1.64272463
-1.41928518
-1.33162534
-1.04509282
-1.05040181
-1.26594853
-1.34617913
-1.38361764
-1.02103961
-0.83177876
-0.85180873
-0.92190248
-0.86973077
-0.85854506
-0.93277425
-0.98413515
-0.97217125
-1.00283170
-1.01804996
-0.98020977
-1.01822197
-1.01175117
-1.02474093
-1.03465307
-1.03213072
-0.97276849
-0.91406029
-0.97982508
-1.00062490
-1.01522779
-1.12090468
-1.08827019
-1.03759623
-1.05270422
-0.84642971
-0.83274567
-0.89507306
-0.86414653
-0.86388355
-0.89104736
-0.87202871
-0.82499713
-0.78466535
-0.77302581
-0.90940177
-1.11467457
-1.27794373
-1.43595886
-1.61972332
-1.41833365
-1.37899983
-1.39933789
-1.15970945
-1.19194651
-1.26782084
-1.35807526
-1.40461385
-1.66742635
-1.70723188
-1.32100749
-1.34210205
-1.31790054
-1.25983298
-1.35418260
-1.30483532
-1.20620477
-0.91187084
-0.74872547
-0.82220262
-0.90764034
-0.87287670
-0.86195189
-0.91844440
-0.90924305
-0.84784168
-0.81694674
-0.88368487
-0.88043106
-0.98665512
-1.01283407
-1.00854445
-1.02561378
-0.96613103
-0.93435472
-0.95797265
-1.03508580
-1.08409178
-1.11399353
-1.15023875
-1.14428461
-1.06574070
-1.12140214
-0.88083899
-0.93813860
-0.95008558
-0.88394618
-0.91420197
-0.98131913
-0.86072904
-0.82960713
-0.81433481
-0.82360482
-1.00780475
-1.19314027
-1.27576387
-1.46122599
-1.65756619
-1.40782440
-1.38641334
-1.32721364
-1.11390734
-1.18993080
-1.31282663
-1.35855126
-1.33583903
-1.56029570
-1.61281407
-1.53372848
-1.45998430
-1.41841877
-1.27254462
-1.20815074
-1.10707211
-0.87704885
-0.75898582
-0.67721176
-0.71065325
-0.77993208
-0.79395384
-0.78735381
-0.82285017
-0.77366406
-0.69558221
-0.74718809
-0.79033744
-0.79282564
-0.90981597
-1.01383805
-1.04191267
-1.06214118
-1.03045344
-0.97119069
-1.01289332
-1.06452942
-1.12132776
-1.20445371
-1.28325522
-1.26999784
-1.18462884
-1.24429202
-0.85712594
-0.86530316
-0.82737589
-0.85010368
-0.90829211
-0.90254009
-0.80790341
-0.79800558
-0.81627178
-0.84351045
-1.02204311
-1.17439330
-1.31741738
-1.51222420
-1.61536384
-1.36661422
-1.32976186
-1.33187807
-1.21922076
-1.30434144
-1.37937868
-1.47830963
-1.37790668
-1.49410164
-1.47474766
-1.41788530
-1.34396923
-1.14694047
-0.98709798
-0.98857963
-0.96504623
-0.77830976
-0.80606699
-0.71500903
-0.68645823
-0.74259305
-0.70037574
-0.68683404
-0.67707902
-0.69110066
-0.70170355
-0.74292934
-0.78191942
-0.87331569
-0.94128287
-0.99632090
-0.97491080
-1.00383627
-1.00781739
-0.96382946
-1.01882255
-1.06123614
-1.10613906
-1.25906849
-1.35739088
-1.28441155
-1.25562191
-1.35634828
-0.84371293
-0.80038095
-0.76626205
-0.86005163
-0.86828262
-0.82032347
-0.87643868
-0.87437540
-0.81673044
-0.85146755
-0.99419957
-1.13852727
-1.36359131
-1.57520294
-1.55612874
-1.39888155
-1.45699871
-1.37792075
-1.25961900
-1.34884810
-1.44634223
-1.43157279
-1.53472841
-1.70377052
-1.57574081
-1.31502330
-1.19082749
-0.97366273
-0.89376020
-1.02910233
-1.09305835
-1.05615091
-0.94402522
-0.79289240
-0.75324643
-0.79513568
-0.75457716
-0.77868187
-0.74855155
-0.70365953
-0.73970616
-0.75023764
-0.77885526
-0.85445720
-0.88216746
-0.88504285
-0.90329671
-0.91164500
-0.93517560
-0.94848055
-0.98722231
-1.09430850
-1.10372591
-1.21580720
-1.18341875
-1.17107666
-1.20401597
-1.34436870
-0.81311899
-0.73572224
-0.71310622
-0.77537185
-0.77469587
-0.76808840
-0.83454168
-0.81034100
-0.74275035
-0.81115282
-0.96295077
-1.18391824
-1.40985060
-1.54003620
-1.53539777
-1.47941136
-1.49127233
-1.29376495
-1.21048212
-1.22229445
-1.19019949
-1.31015182
-1.62796617
-1.69657624
-1.51332748
-1.36241949
-1.29365718
-1.09789848
-1.08337724
-1.26492488
-1.31664443
-1.24249113
-1.06629753
-0.94417584
-0.87406701
-0.92677230
-0.87640333
-0.82561582
-0.77348024
-0.73739254
-0.75722152
-0.78772348
-0.77271891
-0.80985028
-0.80814761
-0.80202210
-0.88446188
-0.93014896
-0.94713134
-1.02989352
-1.07670248
-1.11825871
-1.06328511
-1.07138407
-1.05831766
-1.12650490
-1.21240413
-1.24986959
-0.74739772
-0.69641519
-0.69295853
-0.70032877
-0.69922239
-0.70839036
-0.75946087
-0.73686701
-0.66947371
-0.74298131
-0.96830779
-1.18350863
-1.39810991
-1.49373591
-1.56117630
-1.54395127
-1.40983832
-1.23501992
-1.17308939
-1.13643575
-1.08654773
-1.34556472
-1.63349783
-1.47500443
-1.42375839
-1.38018715
-1.20865548
-1.00060976
-1.18626046
-1.35800624
-1.38010859
-1.28260064
-1.16697192
-1.03268373
-0.89173484
-0.95197046
-0.98571330
-0.87443453
-0.77651197
-0.86966747
-0.83553040
-0.86907452
-0.84696591
-0.83418119
-0.85696757
-0.87681460
-0.93146580
-0.99459022
-0.97768158
-1.04854262
-1.05735350
-1.03701496
-1.07417297
-1.13836467
-1.08780885
-1.11895251
-1.17070472
-1.12604177
-0.65292794
-0.63609725
-0.68298936
-0.68420964
-0.69407123
-0.74987966
-0.71177906
-0.63690418
-0.70317501
-0.78247744
-0.98296386
-1.25050080
-1.44831491
-1.49950337
-1.60771632
-1.56040406
-1.41324043
-1.29250789
-1.26999509
-1.34042788
-1.29205239
-1.48280299
-1.60317767
-1.64398170
-1.66822445
-1.61352098
-1.08527493
-0.97508711
-1.23880315
-1.33140421
-1.31468666
-1.28690612
-1.24968493
-1.08721423
-0.96682000
-0.98294467
-0.94928741
-0.86711287
-0.86200887
-1.03072548
-1.01658547
-0.96072054
-0.95347637
-0.89388067
-0.88335359
-0.87713856
-0.87572408
-0.99627090
-0.98213869
-1.00178123
-1.01373827
-1.05701673
-1.11460590
-1.10397625
-1.10185957
-1.08568871
-1.05991936
-1.02795446
-0.57782614
-0.67966014
-0.70232975
-0.71109909
-0.75035477
-0.77784419
-0.69407636
-0.65240800
-0.72659087
-0.78116012
-0.97054958
-1.25090635
-1.40135407
-1.50544631
-1.67721820
-1.52461231
-1.39606559
-1.32419610
-1.26509702
-1.31293094
-1.35807192
-1.57489634
-1.81616950
-2.05046678
-2.15094352
-1.63118076
-1.19158626
-1.16699684
-1.36208975
-1.36284077
-1.36959052
-1.45374441
-1.21183205
-1.03449976
-1.07354701
-1.11389041
-0.97688699
-0.97967696
-0.99835038
-1.12168014
-1.09555674
-0.98664844
-1.02392983
-0.98426288
-0.88196117
-0.86719185
-0.85741591
-0.89888626
-0.87848723
-0.95677209
-1.04650640
-1.06060588
-1.10183036
-0.99459630
-0.99200654
-0.98601258
-0.92376208
-0.96990371
-0.65504551
-0.69644034
-0.73472941
-0.73621345
-0.75547022
-0.73817015
-0.77135962
-0.67841148
-0.72578490
-0.77281612
-0.90679961
-1.13117099
-1.30800688
-1.46214604
-1.64515424
-1.45105338
-1.29719877
-1.25834262
-1.04454625
-1.01259267
-1.19032824
-1.37336195
-1.69264352
-2.12916613
-1.91174376
-1.29450202
-1.16008198
-1.31831539
-1.54006183
-1.49098456
-1.46078396
-1.50657177
-1.09780979
-1.03144383
-1.03692174
-1.06516564
-0.93302894
-1.02492821
-1.02400398
-1.07000554
-1.05175614
-0.93862063
-0.96365851
-0.90771353
-0.79393852
-0.82101423
-0.82374501
-0.84548402
-0.92120951
-0.99034810
-0.99178189
-0.91944075
-0.95477086
-0.92799658
-0.93517351
-1.00199223
-0.94588190
-0.98365939
-0.74230778
-0.73945457
-0.79576945
-0.77004659
-0.74536222
-0.77513492
-0.80940580
-0.71321237
-0.73639816
-0.73293084
-0.90829676
-1.13168967
-1.37434566
-1.56413853
-1.69349861
-1.50688267
-1.17672408
-1.02966046
-0.72715974
-0.74199498
-0.82138765
-1.15913618
-1.44575644
-1.60508847
-1.32541108
-1.06766915
-1.26744306
-1.60412598
-1.67557406
-1.53504574
-1.50828302
-1.28643870
-0.93137074
-0.82844454
-0.94591331
-0.95731366
-0.85432726
-0.97852576
-0.98030978
-0.98931766
-0.99757361
-0.89137739
-0.88317847
-0.81472194
-0.71447361
-0.72186279
-0.77815121
-0.81605309
-0.83151066
-0.86134732
-0.83783931
-0.81704617
-0.83755404
-0.92047858
-0.95763284
-0.95057917
-0.97513300
-0.98815519
-0.78423607
-0.75239664
-0.77527827
-0.82502830
-0.80549246
-0.82838851
-0.80241609
-0.78846037
-0.78831947
-0.80146557
-0.99492097
-1.17698085
-1.44825804
-1.64794075
-1.73168314
-1.50228453
-1.08225095
-1.02647829
-0.83292180
-1.01310372
-1.24119520
-1.44834220
-1.75698400
-1.66574085
-1.39646256
-1.33724415
-1.47721314
-1.60803318
-1.46629632
-1.36870074
-1.36467779
-1.10350263
-0.84058541
-0.92987174
-0.87212121
-0.82859212
-0.84458077
-0.89766413
-0.98046970
-0.98703671
-0.98826349
-0.86710435
-0.80301481
-0.69686300
-0.60856509
-0.64915347
-0.70290929
-0.73597294
-0.75494367
-0.75213444
-0.79662043
-0.78658092
-0.79733670
-0.81705558
-0.84949881
-0.83766538
-0.91110456
-0.97212118
-0.81391335
-0.78681785
-0.80095285
-0.85869396
-0.83245480
-0.81331211
-0.79836679
-0.81072330
-0.85181886
-0.86864507
-1.01942182
-1.20275986
-1.53032017
-1.70304835
-1.70810604
-1.48844123
-1.15527880
-1.14427340
-1.07677555
-1.04177427
-1.28234673
-1.31536281
-1.61857641
-1.70227885
-1.48209655
-1.50239241
-1.43428409
-1.40512145
-1.20608819
-1.28425407
-1.25035310
-1.08594501
-0.90098506
-0.90162516
-0.82173055
-0.80029863
-0.88903415
-0.85630327
-0.93907821
-0.97647756
-0.92187738
-0.78677815
-0.74723893
-0.71179944
-0.61789948
-0.64698672
-0.63228762
-0.73498750
-0.78524774
-0.77441269
-0.83458161
-0.81685197
-0.76129347
-0.76231241
-0.78318369
-0.85431039
-0.90388680
-0.92796069
-0.83179921
-0.82697099
-0.88668710
-0.83917856
-0.87534505
-0.84675646
-0.87000149
-0.92521679
-0.93724173
-0.95404428
-1.09799850
-1.33149731
-1.53934968
-1.59656441
-1.62500215
-1.50225151
-1.28359902
-1.14838195
-0.96285039
-0.88397771
-1.02510417
-1.30437899
-1.65369868
-1.79201066
-1.78755844
-1.66858709
-1.39833784
-1.44710755
-1.23282146
-1.26590633
-1.08542299
-0.86679536
-0.75216365
-0.72213203
-0.80492985
-0.90532297
-1.01346111
-0.85927415
-0.87432277
-0.90153241
-0.78731942
-0.66392493
-0.69563115
-0.71787679
-0.65496761
-0.68069685
-0.72331536
-0.82358634
-0.83195454
-0.89456797
-0.95094299
-0.89254475
-0.79761803
-0.84373289
-0.86833858
-0.88268775
-0.87475395
-0.91514945
-0.77441221
-0.78757095
-0.90485156
-0.87075782
-0.87967539
-0.86628097
-0.94248545
-0.97031754
-0.96835023
-1.03834975
-1.15399659
-1.43511295
-1.43621004
-1.47310829
-1.56630218
-1.46496248
-1.22750521
-0.89033258
-0.62923598
-0.81795210
-1.17634916
-1.44257247
-1.80420923
-1.99931097
-1.97568262
-1.96229577
-1.51173759
-1.62113154
-1.40780485
-1.08443153
-0.76226860
-0.51905191
-0.58101100
-0.71534193
-0.96757954
-1.13185346
-1.05854130
-0.90913504
-0.85399300
-0.81227303
-0.77833647
-0.73121947
-0.77829528
-0.81217217
-0.74735713
-0.76599914
-0.85245508
-0.82519138
-0.87447530
-0.98075175
-1.02495050
-0.91283607
-0.90903270
-0.96444988
-0.88923550
-0.81686389
-0.80544156
-0.85340434
-0.69504923
-0.76161557
-0.81467104
-0.80092990
-0.80555278
-0.82077485
-0.88265759
-0.92429286
-0.93175894
-0.97265577
-0.94514245
-1.09120941
-1.15536821
-1.32530570
-1.42437291
-1.27387345
-0.95296544
-0.77789235
-0.64037955
-0.92358524
-1.05464411
-1.18394148
-1.50169194
-1.73276353
-1.85037756
-1.83773530
-1.38061297
-1.45775867
-1.11712062
-0.62506604
-0.46653804
-0.45219100
-0.65825129
-0.92037410
-1.17292392
-1.11336732
-0.99892461
-0.92629981
-0.99082482
-0.93217081
-0.93951976
-0.86660516
-0.80905670
-0.83230454
-0.78474599
-0.85089272
-0.86696273
-0.81542760
-0.88080168
-1.00995910
-0.92923039
-0.83378679
-0.93041766
-0.92970103
-0.81614780
-0.79121405
-0.77029783
-0.79522246
-0.60712016
-0.62162381
-0.62685925
-0.67831355
-0.76878375
-0.82692415
-0.85112786
-0.86440939
-0.85539371
-0.79648560
-0.80723083
-0.93239903
-1.03290784
-1.16625786
-1.26164043
-1.00355756
-0.75847346
-0.60469639
-0.52775747
-0.64361078
-0.69820446
-0.96148819
-1.44809210
-1.84587276
-1.74803662
-1.70049572
-1.50932157
-1.33173215
-0.80868697
-0.40506175
-0.45777929
-0.59338439
-0.81266236
-0.90786517
-1.09798825
-1.08057868
-0.97507399
-0.96935439
-1.14427221
-1.10817182
-0.99508470
-0.89931554
-0.85561180
-0.84532744
-0.82137632
-0.88385797
-0.86272061
-0.83631545
-0.87991786
-0.86814243
-0.77870303
-0.84986889
-0.94489288
-0.87509346
-0.79950500
-0.77559042
-0.77960998
-0.77106220
-0.58725429
-0.56556422
-0.64912671
-0.66601676
-0.72836506
-0.81104165
-0.76617795
-0.76284468
-0.72930801
-0.64451396
-0.80548579
-0.88432068
-0.86828798
-0.87070018
-0.93648660
-0.82219201
-0.65740371
-0.42755565
-0.41617793
-0.52263606
-0.70070982
-1.06838727
-1.51453543
-1.89026737
-1.61417806
-1.59560180
-1.61974549
-1.25102651
-0.74411011
-0.50343060
-0.54254144
-0.55414397
-0.69075358
-0.83730644
-0.92119402
-0.98447603
-0.89684904
-0.98911130
-1.13554680
-1.07505953
-0.90809590
-0.84933358
-0.86813015
-0.87450433
-0.77466744
-0.80079830
-0.82802176
-0.77645820
-0.78944689
-0.72543412
-0.67929292
-0.77952570
-0.79268658
-0.75625533
-0.71252704
-0.72423065
-0.75284064
-0.74846786
-0.62068886
-0.57703775
-0.69164264
-0.69725382
-0.65461248
-0.76276559
-0.68688673
-0.63183957
-0.64483446
-0.70785874
-0.80240470
-0.68524599
-0.66893768
-0.70030516
-0.70291102
-0.62873554
-0.54607171
-0.46449813
-0.49957338
-0.63026416
-0.91003048
-1.14094579
-1.22098017
-1.35184610
-1.26050961
-1.27596581
-1.36500061
-0.97717476
-0.67792708
-0.55339622
-0.45691648
-0.38458833
-0.54429597
-0.66565746
-0.72636735
-0.80368185
-0.89508253
-1.01882362
-1.01488197
-0.96622092
-0.93165553
-0.88029087
-0.84313756
-0.77012962
-0.68184620
-0.65920472
-0.69015270
-0.65947288
-0.59161949
-0.61365730
-0.57686961
-0.71001929
-0.68231434
-0.64302993
-0.62665212
-0.68222672
-0.69316095
-0.69765776
-0.59701860
-0.57067001
-0.64197576
-0.64769983
-0.64712161
-0.70226830
-0.58259857
-0.58150691
-0.57390940
-0.65592718
-0.57182056
-0.47603020
-0.62064320
-0.80982989
-0.71329373
-0.60969251
-0.67851669
-0.62819523
-0.54525238
-0.46477696
-0.57133311
-0.62494463
-0.78249586
-0.98242915
-1.25790823
-1.29667604
-1.25073981
-1.07807577
-0.76544803
-0.50964105
-0.36986759
-0.42953277
-0.48558018
-0.65573084
-0.75938565
-0.75679415
-0.85569870
-0.99895394
-1.00867188
-0.89248329
-0.82270688
-0.79984742
-0.78009260
-0.66604125
-0.63046002
-0.61420965
-0.69368333
-0.65276128
-0.53027743
-0.56020290
-0.61004323
-0.63952947
-0.59482378
-0.62628168
-0.60574347
-0.59785289
-0.58849686
-0.65618062
-0.57956606
-0.63733733
-0.63355696
-0.58828944
-0.65626305
-0.65810895
-0.55949742
-0.62937725
-0.52430755
-0.47230819
-0.49362841
-0.58233011
-0.89935768
-0.87653071
-0.82515115
-0.91339302
-0.86915654
-0.75351059
-0.59296000
-0.58817416
-0.59833086
-0.67437869
-0.89055991
-1.22707582
-1.39836264
-1.42930329
-1.34460104
-1.14500332
-0.85836655
-0.48560095
-0.45436925
-0.49392161
-0.54429883
-0.69096828
-0.74859399
-0.69256669
-0.77961081
-0.88055593
-0.88336545
-0.71162659
-0.66275275
-0.73147511
-0.63030708
-0.53749025
-0.59539747
-0.63509220
-0.71136910
-0.66575515
-0.61168885
-0.67017919
-0.61818266
-0.60894853
-0.70369494
-0.67339146
-0.61531818
-0.60116911
-0.59224689
-0.66250807
-0.56362844
-0.61044908
-0.64718449
-0.61480612
-0.83126587
-0.77783138
-0.57236588
-0.70943260
-0.62857056
-0.48010817
-0.64854354
-0.87932783
-0.95319933
-0.82520783
-0.95104104
-1.01580048
-0.91098362
-0.73755914
-0.50761837
-0.54005760
-0.51369351
-0.59865707
-0.86026353
-1.11137605
-1.27156019
-1.33266318
-1.23062432
-1.12389660
-0.87227142
-0.62682956
-0.60569400
-0.67008173
-0.68117005
-0.71150255
-0.66282654
-0.62864143
-0.71519303
-0.71778101
-0.62304348
-0.61141258
-0.65736645
-0.71102166
-0.60191435
-0.67860615
-0.66198885
-0.70695120
-0.70357388
-0.65953070
-0.64933312
-0.70344788
-0.67151070
-0.81200075
-0.94868958
-0.82809126
-0.73491770
-0.69072956
-0.61469150
-0.68448174
-0.58026409
-0.70202845
-0.63545138
-0.73104489
-0.90060681
-0.80517435
-0.66897762
-0.87822497
-0.75933450
-0.57124186
-0.74736774
-0.77383101
-0.74725032
-0.81388295
-0.98050749
-0.99027210
-0.83661318
-0.73900354
-0.58252114
-0.58200300
-0.52618128
-0.58453596
-0.78888500
-0.96036130
-1.03127944
-1.07329452
-1.18569112
-1.11805546
-0.86754602
-0.71513897
-0.82428950
-0.77897865
-0.77727997
-0.81583512
-0.81773537
-0.82206756
-0.88454217
-0.77685010
-0.78469026
-0.79577273
-0.68871778
-0.74182498
-0.74845648
-0.72536743
-0.63954216
-0.70811504
-0.69876796
-0.70019329
-0.72249752
-0.83581781
-0.93482071
-1.03526461
-1.03616548
-0.89956027
-0.84180248
-0.70837837
-0.62513274
-0.71874142
-0.62531829
-0.71433669
-0.55985284
-0.85838509
-0.81884998
-0.73986930
-0.75928313
-0.84419894
-0.66161191
-0.48487446
-0.57483810
-0.59369278
-0.65868336
-0.84941417
-1.00239253
-0.90951324
-0.77013111
-0.68782115
-0.61607248
-0.53841287
-0.56049132
-0.61487031
-0.76209962
-0.83914232
-0.90591496
-1.02022982
-1.18088305
-1.01142240
-0.83080423
-0.74228525
-0.84519053
-0.82709205
-0.90743852
-1.03703022
-1.00638342
-0.99206668
-1.01880491
-0.92108154
-0.93895465
-0.78003591
-0.74757326
-0.77157396
-0.76740909
-0.73281842
-0.64682698
-0.73494214
-0.79292750
-0.84140795
-0.80985415
-0.86596566
-0.94079971
-1.04856288
-0.98198146
-0.86038119
-0.77839702
-0.65945542
-0.63114154
-0.73274082
-0.58934551
-0.64868712
-0.47422647
-0.74126005
-0.75013340
-0.69905066
-0.85794109
-0.81051725
-0.60286045
-0.44549030
-0.59185731
-0.61983359
-0.71488094
-0.82770342
-0.79762083
-0.75445372
-0.62088716
-0.56600744
-0.62811279
-0.62575322
-0.61895788
-0.70762950
-0.74245971
-0.87196928
-0.92341506
-1.01055419
-0.96296710
-0.77778000
-0.71400028
-0.69909376
-0.83453691
-0.87723804
-0.90907270
-1.08343697
-1.01847327
-0.99842441
-0.99293733
-1.03562760
-0.91345352
-0.75516105
-0.88946527
-0.92355436
-0.81082135
-0.68540424
-0.72388107
-0.87647110
-0.82298040
-0.87164867
-0.86686587
-0.77623141
-0.83435398
-0.93520576
-0.92556942
-0.85895926
-0.75060165
-0.68285829
-0.72206396
-0.75697124
-1.20822787
-1.24918795
-1.23310292
-1.24094975
-1.29830956
-1.38366282
-1.48502529
-1.44431269
-1.30373192
-1.21634579
-1.21015894
-1.23790205
-1.26243198
-1.18201816
-1.10384130
-1.27718592
-1.50485420
-1.49152505
-0.86269999
-0.42926246
-0.40915200
-0.34233710
-0.29500362
-0.47425541
-0.71314013
-0.71893764
-0.79387540
-1.10124671
-1.37791348
-1.46072996
-1.40753341
-1.27222347
-1.22427440
-1.32923210
-1.34391189
-1.31819808
-1.43766415
-1.45844007
-1.30191088
-1.21605611
-1.18216240
-1.30483341
-1.36502647
-1.21067417
-1.05227554
-0.98429471
-1.15120912
-1.36266136
-0.96248555
-0.82378304
-1.09058225
-1.18442714
-1.06472397
-1.01095068
-0.92976224
-0.85056561
-0.88146883
-0.96695131
-1.32838595
-1.34613109
-1.31502450
-1.33217835
-1.41312826
-1.47765815
-1.51722085
-1.43324578
-1.24535942
-1.17872453
-1.18586540
-1.20626283
-1.24952209
-1.19801116
-1.18416774
-1.36477494
-1.51341343
-1.27403319
-0.63335097
-0.32169631
-0.39286742
-0.51602978
-0.51865566
-0.72752649
-0.97579265
-0.87172025
-0.84610236
-1.10454869
-1.35601890
-1.46844769
-1.39373994
-1.21143603
-1.14560044
-1.23422325
-1.17571366
-1.17660928
-1.33127308
-1.34422266
-1.21258461
-1.09777546
-1.13914442
-1.33780324
-1.34041774
-1.13852394
-0.93648219
-0.87276918
-1.14075887
-1.44321251
-1.06370890
-0.82213324
-1.04345131
-1.12989128
-1.01254106
-0.87576723
-0.77622324
-0.80450708
-0.88844192
-0.99592203
-1.44267368
-1.42531538
-1.39346862
-1.43247378
-1.51246381
-1.56536806
-1.55024374
-1.37305629
-1.16901696
-1.14819705
-1.15720117
-1.19703543
-1.26698923
-1.24814796
-1.21396422
-1.30219984
-1.32291150
-0.98294288
-0.51603889
-0.35246098
-0.49792999
-0.72044402
-0.77214468
-0.91410589
-1.01401615
-0.83768135
-0.76060331
-1.03577280
-1.32571018
-1.40856194
-1.26165617
-1.06771052
-1.03896451
-1.09639037
-1.05752158
-1.14594233
-1.32321596
-1.30708909
-1.14229620
-1.01072550
-1.14128435
-1.39055347
-1.31996226
-1.05936921
-0.87046045
-0.85138506
-1.20096278
-1.52607560
-1.09305120
-0.76949346
-0.98501498
-1.04662967
-0.93966460
-0.78750300
-0.71543729
-0.79176408
-0.92051232
-0.95216143
-1.52399909
-1.47998393
-1.44885302
-1.49343228
-1.54869962
-1.58694482
-1.50442135
-1.26085997
-1.09263003
-1.12185156
-1.11732876
-1.17722487
-1.24027765
-1.24607563
-1.16237080
-1.14993036
-1.12172079
-0.86464542
-0.58630717
-0.49691716
-0.67228341
-0.82266784
-0.90325832
-0.88823128
-0.82429272
-0.74482882
-0.69100618
-0.99199170
-1.27728558
-1.28832257
-1.07862484
-0.92698562
-0.91806561
-0.96337378
-1.05786633
-1.24375999
-1.36533701
-1.30265248
-1.07716155
-1.02878177
-1.22108305
-1.47213864
-1.25645804
-0.98141825
-0.86152118
-0.90814978
-1.32899880
-1.59216642
-1.03337908
-0.70707965
-0.92879385
-0.91545457
-0.84756321
-0.75040907
-0.72881067
-0.83323818
-0.95610285
-0.85297304
-1.52390158
-1.47119713
-1.45982897
-1.50034428
-1.54261088
-1.51038527
-1.35984170
-1.13958824
-1.04990363
-1.07736599
-1.11815405
-1.17907369
-1.19166183
-1.14700878
-1.02410376
-1.02681971
-1.04457510
-0.93975753
-0.76112795
-0.67269117
-0.74860245
-0.84003353
-0.87666082
-0.77239859
-0.69184959
-0.75912648
-0.80055797
-1.06446636
-1.22369528
-1.19445419
-1.03414905
-0.95755517
-0.92529202
-0.95989388
-1.14697337
-1.33029485
-1.41880071
-1.28364027
-1.06257212
-1.10731828
-1.36931360
-1.49046457
-1.15641546
-0.93757463
-0.90824270
-1.07978141
-1.48699307
-1.57491076
-0.91280371
-0.58993870
-0.83117986
-0.84103477
-0.84805548
-0.77267587
-0.75665742
-0.86469650
-0.93689144
-0.79676092
-1.45986688
-1.42343688
-1.42471099
-1.45530868
-1.47742760
-1.39160037
-1.25814140
-1.13011444
-1.08374381
-1.15452337
-1.18713248
-1.20165610
-1.19674790
-1.11182797
-1.02754319
-1.01923895
-1.05392385
-1.01829362
-0.90670526
-0.77143252
-0.79154754
-0.88406420
-0.85990083
-0.78304362
-0.79443210
-0.86669177
-1.00375843
-1.14594436
-1.19224155
-1.17517745
-1.13820302
-1.10534084
-1.01073861
-1.01041198
-1.20654333
-1.40951955
-1.43172097
-1.25934339
-1.12238955
-1.21900070
-1.51918614
-1.43370366
-1.08591402
-1.00396001
-1.00415301
-1.26699328
-1.56104684
-1.45295036
-0.82240236
-0.57185060
-0.78373533
-0.94698131
-0.92358577
-0.84217751
-0.85642862
-0.90648597
-0.96375495
-0.83391166
-1.37829661
-1.36577690
-1.36871088
-1.38131201
-1.37247300
-1.30172694
-1.23781085
-1.15758538
-1.18229151
-1.24924290
-1.22536635
-1.22842443
-1.24845052
-1.15680337
-1.06724095
-0.97969079
-1.04494274
-1.19263351
-1.10237348
-0.95576274
-0.95171636
-1.02794242
-1.01309752
-0.95615232
-0.91121608
-1.00890446
-1.13494396
-1.22404742
-1.20292234
-1.23590314
-1.28973925
-1.25118113
-1.03187275
-1.06682527
-1.31644034
-1.50782454
-1.44317615
-1.25382531
-1.22844887
-1.39222789
-1.60494459
-1.32609630
-1.03332353
-1.04213583
-1.10991478
-1.35960948
-1.53002870
-1.29305804
-0.79555142
-0.64421630
-0.86185235
-1.06590641
-1.00065124
-0.94623804
-0.93422127
-0.99511272
-0.98725641
-0.85737944
-1.32805824
-1.32705641
-1.32636452
-1.30679429
-1.30545151
-1.30308926
-1.26057613
-1.25029290
-1.29314828
-1.31023145
-1.24448919
-1.25334394
-1.28929412
-1.23543990
-1.08679032
-0.97475737
-1.17574871
-1.48704481
-1.34093308
-1.12868559
-1.10275483
-1.15894461
-1.16334915
-1.07197773
-1.10181093
-1.15862024
-1.24102914
-1.26441443
-1.23406625
-1.29820490
-1.35387611
-1.14852738
-0.95817906
-1.15889931
-1.47780156
-1.63075292
-1.46451533
-1.24992192
-1.33144033
-1.48522425
-1.52942264
-1.15418112
-0.95110500
-1.07823896
-1.16855252
-1.35540438
-1.38234389
-1.08669949
-0.73830462
-0.73954141
-0.92217541
-1.10573184
-1.01273108
-0.93694073
-0.96848804
-1.01383674
-0.93270749
-0.84529018
-1.28562391
-1.28427958
-1.27386010
-1.25668573
-1.29682100
-1.31991994
-1.29936922
-1.33035171
-1.34951711
-1.27824628
-1.19642460
-1.21765733
-1.26888502
-1.19050694
-1.00278091
-1.11758316
-1.56095791
-1.78739917
-1.31016779
-1.06939340
-1.18524325
-1.20805895
-1.25978684
-1.18180251
-1.15281308
-1.15771222
-1.27564573
-1.26113832
-1.19796407
-1.23594844
-1.21219671
-0.94834137
-0.96891451
-1.37530589
-1.70498168
-1.76427829
-1.42966354
-1.23741472
-1.28035724
-1.38070941
-1.27959001
-0.96556848
-0.90862870
-1.04614663
-1.13773274
-1.21338308
-1.14323604
-0.86987305
-0.67384285
-0.76234978
-0.91491520
-1.06294644
-0.95877367
-0.89427239
-0.95575988
-0.93835473
-0.83994180
-0.80083388
-1.20845747
-1.20128608
-1.17395508
-1.19930601
-1.27538669
-1.28506112
-1.28279436
-1.28782332
-1.25136173
-1.14368451
-1.10529780
-1.15844011
-1.18323386
-0.96859461
-0.93147451
-1.39344442
-2.03034425
-1.71609008
-0.93742913
-0.89563280
-1.09154618
-1.15141797
-1.19093156
-1.04036760
-1.02560222
-1.17078960
-1.34985089
-1.35020018
-1.26358914
-1.14324653
-1.00753403
-0.96157724
-1.21988320
-1.69348395
-1.92708385
-1.70392394
-1.28557515
-1.08526134
-1.08175182
-1.12790549
-0.99118608
-0.83756697
-0.84119880
-0.96584743
-1.04223561
-1.02402794
-0.94706810
-0.74142718
-0.62948006
-0.74250829
-0.84586412
-0.93424821
-0.84385538
-0.80746835
-0.87560159
-0.81538081
-0.74756193
-0.76099885
-1.07512176
-1.05777371
-1.06991470
-1.13030875
-1.17441177
-1.16777015
-1.12631702
-1.09827662
-1.02603805
-0.94444740
-0.96425653
-1.02886903
-1.01650620
-0.79104668
-1.06590652
-1.82137811
-2.01653171
-1.17125595
-0.61171913
-0.84918368
-0.81341416
-0.99092454
-0.86533266
-0.98047787
-1.15510166
-1.50849354
-1.55783129
-1.36397660
-1.19534647
-0.99819839
-1.04117501
-1.18935621
-1.50522006
-1.90420175
-1.82391310
-1.35782433
-0.99558306
-0.83069366
-0.85812712
-0.91296506
-0.81316537
-0.75785100
-0.81020659
-0.90179825
-0.95626307
-0.91896611
-0.83870614
-0.70513576
-0.66353649
-0.75116235
-0.79843301
-0.77706116
-0.70857465
-0.70171231
-0.78009778
-0.72289085
-0.70376474
-0.71857995
-0.91507053
-0.89847171
-0.96783161
-1.02030325
-1.04332435
-1.00918365
-0.92605317
-0.88465899
-0.84151196
-0.79041159
-0.83760798
-0.92292601
-0.77130306
-0.82692319
-1.39998746
-2.12823749
-1.66633153
-0.48410147
-0.46942139
-0.56878096
-0.84663904
-0.86363614
-0.87101823
-1.24938965
-1.81030190
-1.78007758
-1.44687855
-1.13338900
-0.78623587
-0.71499938
-1.07825315
-1.42558241
-1.68241203
-1.73714840
-1.36012900
-0.92379701
-0.69159496
-0.65573007
-0.78630602
-0.82686305
-0.79101551
-0.78815031
-0.88804758
-0.90523928
-0.91373861
-0.86925936
-0.77956623
-0.71987432
-0.74132091
-0.78935862
-0.74165559
-0.64567262
-0.65257573
-0.71266747
-0.76244932
-0.68952119
-0.67517608
-0.68927717
-0.81162518
-0.81265634
-0.91110104
-0.93685061
-0.94633651
-0.89694458
-0.79634255
-0.78854352
-0.80010134
-0.77002949
-0.83590895
-0.91205561
-0.70687485
-1.01663113
-1.74211264
-1.98455346
-0.98823130
-0.29007158
-0.28397688
-0.56361699
-0.96695906
-1.00214076
-1.20088804
-1.75505900
-1.63157403
-1.40802860
-1.12366164
-0.91624099
-0.55820823
-0.72932714
-1.28598261
-1.55498970
-1.56974053
-1.33641636
-0.95306885
-0.69584405
-0.57534504
-0.70689774
-0.81319213
-0.83720487
-0.82331091
-0.87611949
-0.93736565
-0.88790435
-0.86772752
-0.83830595
-0.76763356
-0.77132964
-0.78001946
-0.79387450
-0.68002754
-0.62116075
-0.74036318
-0.85041833
-0.82511908
-0.71738636
-0.69371867
-0.72065645
-0.80476421
-0.86972988
-0.91104120
-0.92494142
-0.89697313
-0.83898568
-0.76701790
-0.79320133
-0.86358279
-0.83832151
-0.88251394
-0.88881737
-0.76656342
-1.20783758
-1.97232330
-1.52154398
-0.39957821
-0.13331459
-0.27262625
-0.78404099
-1.17718458
-1.05340743
-1.30930161
-1.51579380
-1.19401157
-0.88212401
-1.10227585
-0.83712763
-0.88302481
-1.05403888
-1.28799629
-1.34189224
-1.20743930
-0.99789321
-0.80072176
-0.70456278
-0.73989713
-0.78686374
-0.86023879
-0.87111884
-0.85874796
-0.93220490
-0.94907427
-0.85779101
-0.84206057
-0.83180028
-0.81534666
-0.81636423
-0.82773501
-0.82207239
-0.72549099
-0.75269103
-0.95656013
-1.00573766
-0.90482789
-0.80660951
-0.82274473
-0.87385899
-0.85476667
-0.92657012
-0.94073081
-0.92045623
-0.88591260
-0.82938570
-0.80302274
-0.83902162
-0.92188203
-0.89327610
-0.91600442
-0.83043617
-0.87028432
-1.43460953
-1.96244407
-1.09277534
-0.08948373
-0.01739880
-0.40226600
-1.00019491
-1.13273251
-1.02144694
-1.28748012
-1.38670325
-1.32898390
-1.39727902
-0.82836097
-0.61247450
-0.88681018
-1.20545959
-1.30302095
-1.11076391
-0.90099400
-0.85450476
-0.74606949
-0.82326609
-0.85456991
-0.85365731
-0.87915862
-0.91878116
-0.90267926
-0.98773402
-1.00190330
-0.92271543
-0.89203131
-0.91775024
-0.91417038
-0.93626899
-0.96259379
-0.96687061
-0.90847498
-0.97326148
-1.12252963
-1.11609542
-0.98198342
-0.93341595
-0.96989614
-1.01904750
-0.94985950
-1.00996101
-1.02614498
-0.99541867
-0.94651324
-0.92654890
-0.91041327
-0.91547883
-0.94957799
-0.89209390
-0.91433102
-0.70717078
-0.91184139
-1.57281947
-1.72475672
-0.85701621
0.03458657
-0.04262603
-0.54198676
-1.11810768
-1.13717782
-1.09800136
-1.37147582
-1.59309661
-1.57775068
-1.24851501
-0.90035141
-0.62498075
-0.86016035
-1.04575539
-1.04738343
-0.92620379
-0.78461659
-0.79217923
-0.83147627
-0.88107526
-0.89655840
-0.87264663
-0.96653396
-1.00481379
-1.00371647
-1.06713533
-1.09291613
-1.03558052
-1.02159774
-1.03466570
-1.02897966
-1.04443824
-1.09411049
-1.10671043
-1.07452118
-1.12170851
-1.21163952
-1.15846336
-1.03227198
-0.98748988
-1.05338895
-1.09832609
-1.05814743
-1.09905744
-1.13521016
-1.07620680
-1.02974463
-1.00756276
-0.94359732
-0.94656384
-0.96283680
-0.91338390
-0.89833879
-0.70083457
-1.02470458
-1.69280899
-1.52085268
-0.68572313
0.10057385
-0.25219378
-0.72006845
-1.22900951
-1.35183191
-1.29091179
-1.66770554
-1.29099298
-1.10408127
-1.11731195
-0.86256635
-0.74924147
-0.71812063
-0.92250395
-0.72316718
-0.84256965
-0.69728589
-0.75675553
-0.99250889
-0.85842431
-0.92428434
-0.97134370
-1.08194542
-1.13027918
-1.09898162
-1.12971199
-1.15786457
-1.13095987
-1.10381222
-1.09989095
-1.10997474
-1.12696791
-1.18042290
-1.16561985
-1.14989781
-1.22495317
-1.24382758
-1.17090535
-1.05503929
-1.04173207
-1.09425414
-1.12559056
-1.14920998
-1.17612374
-1.19067836
-1.10857284
-1.05490053
-1.00686407
-0.93199700
-0.96768045
-1.02090001
-0.94763440
-0.88021505
-0.80252641
-1.23950863
-1.79095268
-1.42448199
-0.42167345
0.06448131
-0.41430724
-1.04858899
-1.53648818
-1.22860086
-1.17578804
-1.47245443
-0.95254016
-0.96141583
-1.26056921
-0.49143201
-0.49929205
-0.60177243
-0.82196945
-0.71605593
-0.96023095
-0.70266283
-0.77808124
-1.09764838
-0.90983588
-1.03671777
-1.09858096
-1.19231522
-1.18674040
-1.12398529
-1.15160882
-1.18453777
-1.16320360
-1.10001957
-1.10645163
-1.15066969
-1.17696321
-1.21667278
-1.15619183
-1.13356423
-1.22870839
-1.22829628
-1.15877318
-1.09286404
-1.09690142
-1.11723447
-1.13777161
-1.18174279
-1.19133902
-1.18625712
-1.10944557
-1.05243671
-1.01790071
-0.97409320
-1.03126192
-1.07738876
-0.98749489
-0.90433180
-0.94731182
-1.37433505
-1.84471929
-1.30987632
-0.28625122
0.01181896
-0.58462983
-1.23575509
-1.46897149
-1.10813272
-1.07084405
-1.44994330
-1.07391763
-1.13407683
-0.64500636
-0.15842009
-0.50063866
-0.91613191
-0.91857767
-0.85501242
-0.86037719
-0.61941719
-0.84682184
-1.10706854
-1.02178705
-1.13195026
-1.21330070
-1.23551822
-1.16805172
-1.10458255
-1.13952017
-1.18948376
-1.15943718
-1.09405434
-1.10944247
-1.17040586
-1.20314908
-1.21629667
-1.14908028
-1.12191463
-1.17697251
-1.18318987
-1.13073671
-1.14627016
-1.14561987
-1.13079166
-1.14986277
-1.17468107
-1.16360104
-1.15356553
-1.10075200
-1.07064581
-1.09081340
-1.09552717
-1.12785208
-1.11289656
-1.02146339
-0.97579789
-1.02116418
-1.45521557
-1.80857706
-1.28250265
-0.24354535
-0.08201458
-0.71765423
-1.19419169
-1.31812108
-1.22613144
-1.46144021
-1.26247656
-1.14446437
-0.64636689
-0.24844719
-0.47409752
-0.91393375
-0.81869668
-0.72479427
-0.74562854
-0.75744009
-0.60570526
-0.94396222
-1.12925577
-1.11345100
-1.20291805
-1.27443969
-1.22371495
-1.13459325
-1.08112860
-1.10812128
-1.16546237
-1.15888977
-1.14532542
-1.15854859
-1.19919801
-1.21074772
-1.17378747
-1.12563932
-1.11037540
-1.16013920
-1.18663990
-1.16657174
-1.17003894
-1.14273512
-1.11949158
-1.16945112
-1.18479848
-1.15641427
-1.14890790
-1.11495376
-1.11436427
-1.16953635
-1.18481195
-1.17243958
-1.10297298
-1.05723834
-1.01277387
-1.09157050
-1.49046147
-1.78577852
-1.23669791
-0.27313459
-0.18847808
-0.79813176
-1.13657928
-1.25008738
-1.35718226
-1.39198756
-1.04832625
-0.65518141
-0.48384407
-0.52774984
-0.97633046
-0.85080880
-0.62935609
-0.55484188
-1.03819036
-0.96148521
-0.82311141
-0.99735236
-1.16509724
-1.16043377
-1.20502079
-1.23328447
-1.17888844
-1.12184060
-1.09523487
-1.12717068
-1.15731549
-1.18314946
-1.18981349
-1.19924033
-1.24409366
-1.21681964
-1.13015580
-1.09142208
-1.11886621
-1.18956065
-1.21941257
-1.16227722
-1.14174294
-1.11185670
-1.12009788
-1.20944405
-1.19041598
-1.15749395
-1.13674581
-1.10916603
-1.14379776
-1.20947182
-1.21403265
-1.15857267
-1.10551143
-1.08301878
-1.05248153
-1.19343936
-1.58310461
-1.83298075
-1.16707814
-0.24208349
-0.26914549
-0.86208397
-1.16935408
-1.33252776
-1.34727359
-1.34735370
-1.03513873
-0.67254734
-0.45700356
-0.68107635
-0.96620411
-0.73264015
-0.44644496
-0.84024245
-1.26225460
-1.25221646
-0.87996733
-1.11473083
-1.13086903
-1.18328750
-1.14489901
-1.14967895
-1.15135992
-1.13085222
-1.13578606
-1.16468561
-1.18441153
-1.22194302
-1.19902599
-1.20731211
-1.25779450
-1.19966018
-1.12346315
-1.12729192
-1.16883695
-1.20752263
-1.18867755
-1.11535549
-1.09946024
-1.13064396
-1.18498111
-1.18497980
-1.15275967
-1.14627361
-1.13307393
-1.12543988
-1.18316376
-1.22392523
-1.17201352
-1.12783217
-1.11993599
-1.11875999
-1.16439354
-1.29970789
-1.65791762
-1.81987178
-0.95211285
-0.17967875
-0.35928035
-0.87321669
-1.26674426
-1.36430812
-1.37654603
-1.27768970
-1.01378620
-0.59567988
-0.45080203
-0.85428321
-0.92084599
-0.69708729
-0.70177954
-0.94583571
-1.48079348
-1.12970066
-0.94549179
-1.12088561
-1.03268218
-1.19607568
-1.14065242
-1.14785647
-1.13387787
-1.12703478
-1.14456534
-1.18659580
-1.24082232
-1.25026453
-1.22328651
-1.23962307
-1.25171673
-1.18092048
-1.13284075
-1.13920283
-1.18496418
-1.19525242
-1.14640164
-1.09040582
-1.06947553
-1.15891623
-1.23087776
-1.15711725
-1.12581170
-1.13566124
-1.13362622
-1.16680753
-1.22952461
-1.21980762
-1.14540672
-1.13884687
-1.13070238
-1.17522526
-1.23959470
-1.36115885
-1.69256127
-1.69019508
-0.74574327
-0.21806765
-0.49631929
-0.91998893
-1.34799719
-1.26350999
-1.20657825
-1.14538717
-0.89549953
-0.87114507
-1.11031210
-1.11835778
-0.92209262
-0.61968869
-0.81051499
-1.28725922
-1.30955184
-0.90122163
-0.80459487
-0.92187965
-0.98533738
-1.22743201
-1.22218311
-1.14831853
-1.11946738
-1.12518859
-1.13899732
-1.21980870
-1.27964914
-1.24306643
-1.21997714
-1.23776853
-1.20726955
-1.14015985
-1.08543491
-1.08704114
-1.16345799
-1.18207026
-1.11542857
-1.06280565
-1.05645347
-1.15653598
-1.24679470
-1.19505644
-1.15948021
-1.16321206
-1.16786230
-1.18609846
-1.23427486
-1.21887183
-1.18242443
-1.16363955
-1.16884649
-1.23670137
-1.23292112
-1.37589753
-1.66039169
-1.43671048
-0.71045774
-0.42040020
-0.60343164
-1.01518214
-1.26697350
-1.09502828
-1.13899434
-1.27511382
-1.19722140
-1.35560143
-1.11382353
-0.83911806
-0.63721335
-0.60518157
-0.96148682
-1.27599251
-1.01165712
-0.67085803
-0.79932570
-0.93334883
-1.15641928
-1.26243651
-1.17462957
-1.08289266
-1.10656488
-1.17830575
-1.19644392
-1.23643625
-1.27142179
-1.20738471
-1.18166018
-1.19431388
-1.15419960
-1.07594323
-1.03838885
-1.07842863
-1.14517128
-1.15373266
-1.08184338
-1.08782971
-1.14419258
-1.21271443
-1.27852690
-1.21927166
-1.15881515
-1.19129729
-1.20307064
-1.21041715
-1.20140076
-1.21302056
-1.21223366
-1.16329825
-1.17026889
-1.22419703
-1.20096028
-1.30964136
-1.54008508
-1.26003873
-0.83358902
-0.53158641
-0.67028105
-1.07417440
-1.24765909
-1.14991927
-1.23864996
-1.50460494
-1.44976044
-1.11362934
-0.78903663
-0.40516433
-0.50490063
-0.66133732
-0.90808195
-1.06733441
-0.89061713
-0.88742059
-0.93600750
-1.14012146
-1.20622540
-1.16345119
-1.06434131
-1.00376773
-1.11770737
-1.19723368
-1.20558703
-1.19247305
-1.22469902
-1.15409684
-1.14586425
-1.16917968
-1.11132860
-1.03581882
-1.06105614
-1.12193549
-1.14626813
-1.12349129
-1.08869326
-1.15377009
-1.20048857
-1.25038874
-1.28199232
-1.16820168
-1.11536479
-1.16645086
-1.17707813
-1.17936683
-1.14992261
-1.19625711
-1.21780598
-1.17329395
-1.11998963
-1.19177449
-1.18543136
-1.28457236
-1.43404436
-1.22326958
-0.86880219
-0.55238622
-0.70478803
-1.06965315
-1.22544360
-1.18412375
-1.25580585
-1.51808906
-1.22592306
-0.81743634
-0.71460009
-0.36129007
-0.39362708
-0.83075917
-0.85499644
-1.12252235
-1.04154706
-0.91095436
-1.14892697
-1.12658477
-1.10154080
-1.02785170
-0.98960298
-1.07773495
-1.13811564
-1.16301978
-1.09996164
-1.12146652
-1.16667271
-1.11858141
-1.14360082
-1.19266796
-1.09553194
-1.04308712
-1.10600019
-1.15358436
-1.16636336
-1.15456259
-1.18904591
-1.16530192
-1.19095838
-1.21575999
-1.23387802
-1.07880962
-1.07795942
-1.08611965
-1.06110644
-1.10172105
-1.12875473
-1.21786010
-1.24041784
-1.17366576
-1.12755883
-1.18037689
-1.18088818
-1.22069955
-1.33049798
-1.11922920
-0.77393579
-0.64334255
-0.81659663
-1.06837666
-1.13951159
-0.93045557
-1.10287130
-1.34313524
-1.03057134
-0.77304280
-0.94049400
-0.46805829
-0.55668503
-0.92083699
-0.93653977
-1.20846236
-1.03918195
-1.02820015
-1.17117953
-1.02186298
-0.94233072
-0.96784097
-1.02095187
-1.10696507
-1.13448334
-1.05621982
-1.05780280
-1.11958766
-1.11470318
-1.09046125
-1.17336476
-1.23131907
-1.13726425
-1.12373519
-1.14502347
-1.19219482
-1.18238688
-1.19184577
-1.21790254
-1.17201018
-1.17425525
-1.18641829
-1.14362228
-1.05253041
-1.11230266
-1.03654408
-1.05371535
-1.18621862
-1.18700528
-1.24576366
-1.24909985
-1.14873374
-1.11170256
-1.13976634
-1.03072989
-1.02106619
-1.07970285
-0.94500047
-0.77543956
-0.85968488
-1.00160158
-1.11015689
-1.03589642
-0.74357134
-0.95481712
-1.27251124
-1.12025809
-1.09425199
-0.92153531
-0.50428391
-0.52772319
-0.91819662
-1.02483964
-1.11782241
-1.12573576
-1.12543130
-1.06570745
-0.91437668
-0.88333130
-0.91656667
-1.02013063
-1.10443509
-1.05913925
-0.95120782
-1.03327191
-1.10355115
-1.14584184
-1.15493405
-1.22143376
-1.17598617
-1.08343327
-1.14686072
-1.17744541
-1.20253146
-1.16322720
-1.13174081
-1.13354039
-1.08234584
-1.09820092
-1.08366692
-1.07857251
-1.04161894
-1.09765148
-1.00538456
-1.07313192
-1.18665254
-1.14551198
-1.12551737
-1.06905925
-0.98455298
-0.94614673
-0.97311711
-0.77879333
-0.79312450
-0.95554113
-1.00721121
-1.03227675
-1.06319773
-1.05925882
-0.97861677
-0.84496963
-0.75275427
-1.01566410
-1.16476417
-1.07158840
-1.16647458
-0.90994310
-0.55044323
-0.56523967
-0.84727263
-1.07949114
-0.97243810
-1.09120619
-1.04176784
-0.91636646
-0.93407387
-0.86762214
-0.92876577
-1.02126205
-1.04014814
-0.96296358
-0.90755236
-1.03065813
-1.19234955
-1.18565702
-1.17059863
-1.18008256
-1.02883363
-0.98331922
-1.08931744
-1.13959658
-1.18828201
-1.11991191
-1.05106008
-0.98244065
-0.95906931
-0.94207096
-0.96136701
-1.05785346
-1.03649330
-0.96664476
-0.93220508
-0.95174515
-1.03306162
-1.03631997
-0.91706258
-0.86300069
-0.80273724
-0.71367037
-0.78545868
-0.61130375
-0.78326941
-1.12964439
-1.13006938
-1.07174063
-1.00619566
-0.98998779
-0.77754384
-0.64810395
-0.75723791
-1.02256441
-1.08047891
-1.03424633
-1.23796153
-0.79556787
-0.63194335
-0.70813018
-0.70132160
-1.06921482
-1.11810863
-1.30197906
-0.87768126
-0.78797573
-0.95466721
-0.85966170
-0.92781836
-0.96849871
-0.97728240
-0.91008067
-0.93581188
-1.10285652
-1.22318232
-1.09969699
-1.05116522
-0.99260068
-0.87940788
-1.01274216
-1.00109875
-1.07504082
-1.09056783
-0.94386935
-0.92224151
-0.91940850
-0.92281687
-1.01459670
-0.99453795
-0.98212802
-0.97282773
-0.80018079
-0.86324650
-0.80363941
-0.85632789
-0.91845268
-0.72327566
-0.75194597
-0.70532942
-0.56170356
-0.70268685
-0.58183479
-0.92079353
-1.28598881
-1.12106383
-0.96092522
-0.90818191
-0.88220417
-0.66442758
-0.61344308
-0.80227548
-0.88389307
-1.00931454
-1.22284818
-1.22489023
-0.80277264
-0.44898066
-0.62352479
-0.84752053
-1.20695841
-1.58722627
-1.34611416
-0.87395191
-0.84470254
-0.86494249
-0.78071880
-0.81265837
-0.87285542
-0.93012387
-0.91838944
-1.03327823
-1.06758118
-1.04924560
-0.95496964
-0.91511846
-0.87073487
-0.96097988
-1.04140902
-0.94723833
-0.99464762
-0.98622155
-0.76287299
-0.80509126
-0.94129223
-0.96355307
-1.11878228
-0.97716719
-0.87714571
-0.94502848
-0.73813695
-0.77013689
-0.75739866
-0.79198116
-0.82949734
-0.68390703
-0.70444942
-0.63855952
-0.59718019
-0.67349482
-0.64497977
-1.02988625
-1.19896424
-1.00372827
-1.06834745
-1.00595248
-0.75145346
-0.60920030
-0.74840134
-0.83031070
-0.88307452
-1.08314896
-1.27640450
-1.24477160
-1.03649461
-0.64456707
-0.78353751
-1.15757084
-1.53335810
-1.54335856
-0.96075779
-0.58480692
-0.72836608
-0.67676997
-0.74074250
-0.78341645
-0.91154188
-0.91623580
-0.91435736
-0.96518254
-0.89995325
-0.85083389
-0.89597517
-0.82894462
-0.91266775
-1.08872974
-1.07603514
-0.97103029
-0.99697673
-0.92076164
-0.78318703
-0.90773523
-1.03856015
-1.04723179
-1.05339813
-0.87345123
-0.89925200
-0.99270833
-0.73269731
-0.70535851
-0.77042300
-0.84481448
-0.80351132
-0.77055573
-0.70901477
-0.65891337
-0.72927314
-0.71405244
-0.73534673
-1.11234808
-1.11458158
-1.02001154
-1.21157169
-0.94347084
-0.66162425
-0.71693474
-0.88311058
-0.87519389
-0.97046590
-1.23352456
-1.10943985
-1.18034267
-1.33167934
-1.06260633
-0.98373103
-1.34795296
-1.28075922
-0.95601404
-0.36938220
-0.33859423
-0.51968759
-0.69140053
-0.76346338
-0.80024052
-0.93771368
-0.92770499
-0.88426924
-0.87126493
-0.78535759
-0.82051075
-0.85623819
-0.82468164
-0.97730213
-1.12900269
-1.06015813
-1.01632535
-0.98932558
-0.91928542
-0.86153287
-0.98970795
-1.12709415
-1.10613871
-0.94251716
-0.88746881
-0.94749886
-1.00962973
-0.75860918
-0.72423774
-0.84955138
-0.86239189
-0.81161654
-0.76922697
-0.79352570
-0.80662590
-0.88406068
-0.79591405
-0.79594624
-1.13549685
-1.16135311
-1.11982286
-1.16436577
-0.81985790
-0.70941389
-0.92179185
-0.95571935
-0.91321927
-1.08513975
-1.29098284
-1.15991592
-1.16650081
-1.31017959
-0.91520661
-0.85988045
-1.01990891
-0.85889935
-0.57356542
-0.53782928
-0.31720048
-0.59098405
-0.80070430
-0.76782769
-0.80573601
-0.96140164
-0.93500209
-0.88990551
-0.89778650
-0.83007228
-0.81228048
-0.89140302
-0.94754487
-1.00076354
-1.05823362
-1.00038886
-0.90452617
-0.95958817
-0.85646600
-0.87815154
-1.08958948
-1.22412479
-1.11172163
-0.92429471
-0.93974012
-0.98054278
-1.06427979
-0.82325017
-0.90070403
-0.94907111
-0.90686291
-0.89019501
-0.90062422
-0.91122538
-0.87725943
-0.86418164
-0.74503762
-0.79896760
-1.21864784
-1.25126863
-1.15966964
-1.12850761
-0.84474242
-0.87842584
-0.95378703
-0.99960089
-0.89321393
-0.92898744
-1.15583146
-1.14963543
-1.26628745
-1.08993411
-0.61969650
-0.46624431
-0.62749749
-0.62586516
-0.75599062
-0.77829504
-0.59896672
-0.75812590
-0.87036753
-0.77518064
-0.82105953
-0.88049495
-0.83428472
-0.81112868
-0.82459491
-0.76541090
-0.84056133
-0.92528296
-0.93401343
-0.90112954
-0.89914578
-0.87497592
-0.83467102
-0.96639240
-0.88615608
-0.95798236
-1.21740377
-1.17930281
-0.96359438
-0.89699948
-1.05002427
-1.17651248
-1.25016642
-0.88631243
-0.97106320
-0.85905528
-0.83050793
-0.96937817
-0.91512775
-0.90523994
-0.85856080
-0.69560909
-0.65189058
-0.89911807
-1.23089790
-1.20627081
-1.12762308
-1.11822915
-0.87200207
-0.78085768
-0.90543449
-0.95776653
-0.72237706
-0.71160018
-1.05382502
-1.15963411
-1.23859835
-1.16768992
-0.65928578
-0.41500646
-0.61813825
-0.81137687
-0.96398807
-0.86731267
-0.74162799
-0.86223263
-0.86197960
-0.81997538
-0.88105512
-0.83158088
-0.70118076
-0.69657141
-0.64379919
-0.65053397
-0.87346715
-0.87137079
-0.87200671
-0.90054816
-0.88764697
-0.84791601
-0.88018125
-0.93483663
-0.94090843
-1.05321097
-1.21726418
-1.05805838
-0.88150305
-0.96729749
-1.17912233
-1.33566284
-1.33472812
-0.87382066
-0.86265612
-0.77108139
-0.81597704
-0.89347064
-0.81075287
-0.80978203
-0.74863589
-0.60188991
-0.69662887
-1.00503123
-1.18536544
-1.16067994
-1.05568433
-0.94570512
-0.77297258
-0.81475461
-0.97096556
-0.91843891
-0.70483470
-0.88123000
-0.89907426
-0.99336612
-1.23364758
-1.30538869
-0.91485959
-0.55821300
-0.67959768
-0.89578879
-1.02471197
-0.90570670
-0.74523169
-0.75132072
-0.80485690
-0.83103728
-0.78599459
-0.78661007
-0.74118054
-0.69386214
-0.71465397
-0.77061045
-0.84515089
-0.84840107
-0.82946962
-0.96155763
-0.92036545
-0.94970202
-0.97927243
-0.94529110
-0.92460918
-1.02956831
-1.13612294
-1.04015875
-1.10534596
-1.12404943
-1.25663733
-1.30025518
-1.18642974
-0.77345210
-0.70053238
-0.71895188
-0.85398555
-0.78002083
-0.67906213
-0.66071558
-0.58397198
-0.61326718
-0.79600739
-0.99479055
-1.13710070
-1.16603553
-1.04131365
-0.79019058
-0.75074226
-0.98022687
-1.08980215
-0.95541048
-0.90350026
-0.75661302
-0.67835331
-0.93116397
-1.32273638
-1.16966248
-0.89293778
-0.76815563
-0.83930171
-1.03229773
-1.03616798
-0.99225044
-0.73252636
-0.72472924
-0.89405769
-0.93939137
-0.71270669
-0.71493405
-0.80096114
-0.76069123
-0.91508877
-0.90978688
-0.88118052
-0.89684546
-0.84513521
-0.87689435
-0.90616888
-0.93726116
-0.94936556
-0.93551672
-0.91509998
-1.05849242
-1.12317872
-1.14348066
-1.13456929
-1.20230269
-1.19303429
-1.21130025
-1.00494885
-0.63922495
-0.62278336
-0.70675915
-0.78461421
-0.70138943
-0.67663491
-0.70366681
-0.60428846
-0.75383645
-0.83634752
-0.89959747
-1.10699368
-1.16971684
-0.93598747
-0.83963245
-0.92055488
-1.16707003
-1.06329799
-0.83809507
-0.81085271
-0.59116817
-0.85345590
-1.62355185
-1.39637029
-0.85004699
-0.59167099
-0.67206120
-0.69037485
-1.04285073
-1.13890910
-1.11213660
-0.74700749
-0.79838115
-1.02040076
-0.96943069
-0.79389757
-0.85604453
-0.94074649
-0.81729853
-0.95247161
-0.97345412
-0.92592728
-0.94973874
-0.85639566
-0.85895151
-0.95138127
-0.87538129
-0.89073724
-0.90137333
-0.98407471
-1.14016461
-1.11041105
-1.05489874
-1.03297579
-1.03090870
-1.10561883
-1.03340900
-0.84674060
-0.60678989
-0.61713523
-0.69118756
-0.73951614
-0.66936201
-0.66845644
-0.79758066
-0.74827498
-0.81244510
-0.81857228
-0.76069510
-1.05686104
-1.17565084
-0.97477841
-1.08696592
-1.13636231
-1.14524031
-0.90346104
-0.59447598
-0.28587741
-0.46436319
-1.52687860
-1.91176891
-1.33666146
-0.52885264
-0.46800599
-0.59853655
-0.88328701
-1.23722458
-1.39424920
-0.94103473
-0.74034154
-0.97980303
-1.03390825
-0.97472811
-0.83955604
-0.90177882
-0.95645809
-0.84328055
-0.86172700
-1.02237964
-0.96608287
-0.92792851
-0.88336843
-0.90317965
-0.91122097
-0.85421735
-0.92154163
-0.99121153
-1.05561912
-1.08425999
-0.94616264
-0.93442529
-0.94301671
-0.91954708
-1.03417742
-0.89095515
-0.81612843
-0.64370179
-0.64649093
-0.69823974
-0.76196003
-0.74375701
-0.72561044
-0.86630517
-0.82493150
-0.75425696
-0.68308067
-0.72027391
-1.07976520
-1.26039875
-1.10767078
-1.23679197
-1.16913438
-0.88694674
-0.64593250
-0.18811451
-0.12891153
-0.86552823
-1.76101363
-1.57804799
-0.82066196
-0.69457841
-0.58198416
-0.86480743
-1.16523790
-1.51978624
-1.30335963
-0.81275779
-0.79518098
-1.03679621
-0.98881835
-0.91677350
-0.82947820
-0.81820387
-0.99809533
-0.92716885
-0.92143071
-1.08648181
-0.98691523
-0.88943523
-0.91028047
-0.89944708
-0.85495734
-0.90142733
-0.98292631
-0.94585997
-0.93079048
-0.93058449
-0.90822226
-0.97209531
-0.92145389
-0.93989235
-0.94276685
-0.80237627
-0.92895544
-0.73142993
-0.66954756
-0.71244776
-0.89205897
-0.84780782
-0.73954183
-0.85584962
-0.75543505
-0.65181226
-0.60489988
-0.87579453
-1.19360673
-1.36086071
-1.09570789
-1.01543403
-0.90412813
-0.61928457
-0.58087188
-0.18041565
-0.51415706
-1.46897316
-1.57492924
-1.08333421
-0.79908150
-0.61349773
-0.72673339
-0.89005756
-1.12411177
-1.43300807
-1.05381310
-0.81610638
-1.03229237
-0.95054513
-0.93377924
-0.80520815
-0.70599651
-0.78027642
-0.99528015
-1.03858542
-1.03463233
-1.13430691
-0.91935652
-0.82853323
-0.81882185
-0.77419323
-0.77473056
-0.85146981
-0.88765907
-0.91884398
-0.89247030
-0.95978427
-0.94520670
-0.87232715
-0.85659534
-0.89347011
-0.87257105
-0.85097015
-1.03791130
-0.79873025
-0.84211409
-0.86341381
-0.96599108
-0.77214766
-0.71008176
-0.75050575
-0.66411489
-0.60348827
-0.63421500
-0.92607367
-1.19699514
-1.36548376
-0.95458442
-0.72306406
-0.80150908
-0.69495749
-0.59391230
-0.44846606
-0.84568858
-1.43642080
-1.20074558
-0.81845582
-0.77733779
-0.59051353
-0.59881246
-0.70391840
-0.99187422
-1.20346177
-1.06881583
-1.11398017
-1.00583291
-0.76229346
-0.68894678
-0.61722094
-0.63735288
-0.84169900
-1.06092381
-1.08877730
-1.06194186
-1.01695693
-0.82510537
-0.70269650
-0.71259713
-0.71382803
-0.72564757
-0.71492600
-0.78357124
-0.91241747
-0.89268643
-0.88839084
-0.85220248
-0.76540017
-0.78124398
-0.85120374
-0.90349728
-0.97936416
-1.02944613
-0.81111956
-0.88886803
-0.88684124
-0.86617482
-0.71939492
-0.71975315
-0.70356143
-0.70644343
-0.59971237
-0.66659558
-1.01691723
-1.19365036
-1.22444725
-0.77567524
-0.64680475
-0.95742983
-0.76092219
-0.53462929
-0.46973628
-0.58071119
-0.95822901
-0.90677762
-1.02812803
-0.85943139
-0.88401204
-0.72468567
-0.79090047
-1.25289083
-1.20096719
-1.11304271
-0.76321435
-0.59243667
-0.42769036
-0.50330174
-0.64141726
-0.80311406
-1.06658924
-1.10027897
-0.93561947
-0.83656096
-0.83131140
-0.73151708
-0.62545145
-0.68583083
-0.68314576
-0.68931943
-0.68673849
-0.76372784
-0.88477415
-0.76399666
-0.77874202
-0.78341925
-0.79910642
-0.82527423
-0.86534959
-0.94399005
-0.94273418
-0.92176408
-0.81837797
-0.83058083
-0.82727104
-0.78037161
-0.71433389
-0.72514552
-0.75871897
-0.75297189
-0.69222742
-0.87476432
-0.95298743
-1.10371888
-1.13715053
-0.84346449
-0.92174608
-1.02063966
-0.71243745
-0.50449193
-0.33120573
-0.33458334
-0.77437693
-0.94460815
-0.97422731
-0.87965888
-0.90999132
-1.07675231
-1.24519229
-1.52966619
-1.17988443
-0.64837790
-0.15619998
0.04422179
-0.31698406
-0.82045460
-0.96173179
-0.98212349
-1.10623431
-0.99020058
-0.70817065
-0.59015113
-0.77767473
-0.71682531
-0.63815230
-0.67699009
-0.70233393
-0.71717966
-0.68277293
-0.78692633
-0.84701359
-0.69098622
-0.70470697
-0.80629247
-0.86102515
-0.84798771
-0.85711753
-0.91872424
-0.92920887
-0.84955227
-0.90775120
-0.80057222
-0.78300256
-0.70370615
-0.71338922
-0.78124589
-0.86272115
-0.89743918
-0.87021428
-0.94680274
-0.82464993
-1.04144955
-1.30030107
-1.25160563
-1.16862214
-0.87983090
-0.58661503
-0.62361062
-0.38404131
-0.49487758
-0.91349095
-0.95638245
-1.15538311
-0.93667895
-0.98132241
-1.47065902
-1.41073275
-1.39684403
-0.86407715
-0.17444450
0.13258348
-0.04685268
-0.76925373
-1.03782558
-0.97126943
-0.86465311
-0.97317147
-0.90144247
-0.74448818
-0.71368265
-0.78918475
-0.70452958
-0.57917571
-0.63507622
-0.73005491
-0.64655131
-0.69494724
-0.90574539
-0.82297087
-0.67559630
-0.73008209
-0.87283677
-0.91723555
-0.85209113
-0.86705106
-0.97252667
-0.91460097
-0.77840978
-0.78256822
-0.68576747
-0.67300403
-0.68867671
-0.88469172
-0.90912557
-0.96635330
-0.95747840
-0.87349689
-0.88431549
-0.80116785
-1.18455267
-1.49381924
-1.39078200
-1.07229888
-0.66077775
-0.61298537
-0.47975087
-0.13041545
-0.18115352
-0.77466977
-1.13125670
-1.50867856
-1.29595864
-1.07002854
-1.54177988
-1.09112990
-0.91688114
-0.58802849
-0.10320263
-0.20051239
-0.54259717
-1.04949224
-1.01352882
-0.76609707
-0.76562816
-0.80254769
-0.91689354
-0.84896326
-0.80876142
-0.75079548
-0.76521009
-0.67633224
-0.74302250
-0.72613913
-0.69442761
-0.89279127
-0.97992098
-0.76734006
-0.71148199
-0.91021085
-0.95530993
-0.95972061
-0.91567057
-0.89227462
-0.89999956
-0.83755612
-0.75621194
-0.68929535
-0.65039712
-0.74341953
-0.83027953
-0.88175344
-0.91756213
-0.95224166
-0.87536520
-0.87433958
-0.88061678
-0.91846162
-1.12439549
-1.26882839
-0.94023180
-0.62002879
-0.53166008
-0.48466882
-0.28729433
-0.02161752
-0.41360998
-1.21306825
-1.55466235
-1.34497857
-1.22627878
-1.10749435
-1.07667196
-0.59156561
-0.46260703
-0.34245992
-0.14483513
-0.29655460
-0.72996718
-1.15088356
-0.95246303
-0.73579884
-0.72555184
-0.82581663
-0.94532734
-0.85058957
-0.81806391
-0.88827932
-0.89557695
-0.80732459
-0.84805852
-0.74230611
-0.83801258
-1.02888298
-0.93573016
-0.77851075
-0.96597838
-0.95620102
-0.90111011
-0.86822873
-0.80593467
-0.76127332
-0.81339717
-0.80957007
-0.83329821
-0.65488756
-0.63127899
-0.75771391
-0.82754189
-0.80176938
-0.79390389
-0.77347934
-0.74091744
-0.86325216
-0.81354427
-0.69103223
-0.89843702
-0.88384444
-0.58535677
-0.37990165
-0.30006683
-0.36623400
-0.27082995
-0.26363868
-0.65325207
-1.28483927
-1.31087756
-0.63001108
-0.77622771
-1.16803253
-0.75917047
-0.61802483
-0.43492684
-0.30502176
-0.22714354
-0.41164058
-0.77995682
-0.95652795
-0.86013007
-0.65090895
-0.82672411
-1.01457572
-1.04601812
-0.81642628
-0.82468474
-1.03260148
-0.96500516
-0.89549994
-0.81020629
-0.84655207
-0.91935027
-0.97684801
-0.83051306
-0.81567049
-0.97312677
-0.85368997
-0.76538199
-0.71425283
-0.68805021
-0.69649464
-0.74264330
-0.79391670
-0.76472634
-0.62743717
-0.58978242
-0.66449308
-0.84182602
-0.78475726
-0.67954671
-0.62733239
-0.73056102
-0.67129844
-0.46891356
-0.44621176
-0.64001232
-0.63850909
-0.57202470
-0.35799789
-0.29040784
-0.41179967
-0.38371953
-0.43378660
-0.57450700
-0.82814366
-0.66562784
-0.36075965
-0.87773192
-1.01011884
-0.82575357
-0.84832388
-0.62672257
-0.32325909
-0.36353227
-0.49729162
-0.76053536
-0.84291649
-0.76485747
-0.67431945
-0.98978078
-1.05209613
-1.03111374
-0.92975152
-0.92248893
-0.94602162
-0.86353666
-0.75845796
-0.74173558
-0.89626169
-0.89068371
-0.79337692
-0.70667362
-0.74886668
-0.74248850
-0.67323387
-0.65345907
-0.61179179
-0.63700151
-0.61638415
-0.66055846
-0.74989343
-0.77304900
-0.62357485
-0.56292981
-0.73026633
-0.80262470
-0.67368644
-0.65829223
-0.60590154
-0.68559492
-0.40973142
-0.21780035
-0.52991849
-0.63174099
-0.59130996
-0.62773150
-0.53302050
-0.59894681
-0.54041439
-0.43886146
-0.44393328
-0.49777240
-0.62763876
-0.73514628
-0.80023366
-0.84994715
-1.02322817
-1.01460993
-0.96603769
-0.54220718
-0.29296079
-0.37471607
-0.52858686
-0.82242644
-0.79336071
-0.58594441
-0.73348981
-0.96081221
-0.96723962
-0.84406066
-0.89089870
-0.87891114
-0.85987753
-0.70983815
-0.58419508
-0.69009620
-0.86074591
-0.75576299
-0.62428939
-0.65536791
-0.46816412
-0.49481559
-0.55445027
-0.60897022
-0.65194124
-0.70076591
-0.60886747
-0.70299345
-0.75745589
-0.75729108
-0.57570660
-0.59592807
-0.79811525
-0.63344043
-0.55119002
-0.71895963
-0.58941758
-0.54632384
-0.36336568
-0.51728088
-0.69106674
-0.56465948
-0.62059700
-0.66319662
-0.79857028
-0.74723864
-0.68094349
-0.61488318
-0.52463984
-0.45782346
-0.61051208
-0.81081969
-0.87027889
-0.90549898
-1.16964829
-1.26772106
-0.89098877
-0.57558674
-0.40815401
-0.36603135
-0.53735578
-0.82149893
-0.59855539
-0.46398044
-0.72889251
-0.91984189
-0.97560394
-0.74906433
-0.72722077
-0.81781071
-0.71525431
-0.64839160
-0.59433901
-0.62401539
-0.69785118
-0.55681044
-0.57543099
-0.53261161
-0.36058778
-0.45044628
-0.59876388
-0.68964410
-0.84682268
-0.80186075
-0.62297320
-0.67525423
-0.71741521
-0.73517370
-0.52818984
-0.68678266
-0.82962638
-0.52602983
-0.52117318
-0.76239204
-0.50418127
-0.52239430
-0.69638389
-0.69659007
-0.49870971
-0.37077215
-0.58710277
-0.85891652
-0.89047575
-0.80580866
-0.77206945
-0.86056918
-0.59547138
-0.65106505
-0.80953407
-0.85273159
-0.77684790
-0.85263216
-1.11336601
-1.11551785
-0.82779074
-0.62107867
-0.52331126
-0.31573555
-0.66773772
-0.68408930
-0.49858260
-0.53221834
-0.81900465
-0.96666646
-0.96223450
-0.68396187
-0.66828555
-0.67455566
-0.62466413
-0.62623245
-0.49091679
-0.53641754
-0.52682912
-0.44301113
-0.62818432
-0.47384447
-0.45899713
-0.75312656
-0.90770781
-0.85418421
-0.86544800
-0.71812361
-0.53884101
-0.68135816
-0.70111388
-0.76585025
-0.55451155
-0.76613146
-0.61279356
-0.35416752
-0.51926994
-0.83144218
-0.57981956
-0.63812846
-0.82738411
-0.64501756
-0.40387112
-0.56827372
-0.94531429
-0.97508001
-1.06488442
-0.92187428
-0.82070738
-0.72949499
-0.58180237
-0.63387734
-0.78651708
-0.60413605
-0.63724828
-0.92365092
-1.16135526
-1.16541064
-0.76314497
-0.59675211
-0.37010145
-0.42685679
-0.74444044
-0.72273046
-0.68903172
-0.82236499
-0.92929554
-0.92159957
-0.86218429
-0.60297066
-0.49267283
-0.54480505
-0.63269556
-0.61215395
-0.49409568
-0.63761616
-0.64315808
-0.73121732
-0.80748785
-0.66706270
-0.69726950
-0.86040360
-0.90190488
-0.85565174
-0.80646372
-0.63193643
-0.54335159
-0.74770504
-0.80564427
-0.77293789
-0.47760487
-0.79988408
-0.40131724
-0.35445678
-0.82828772
-0.90408403
-0.66965216
-0.65918082
-0.72929239
-0.51898485
-0.61268812
-0.94931585
-0.98992503
-0.95724726
-0.91299975
-0.80736947
-0.62376165
-0.53783196
-0.40751961
-0.61813802
-0.62959647
-0.62850529
-0.71888059
-0.95793891
-1.27710259
-1.05557394
-0.67642963
-0.38178727
-0.40789106
-0.52590638
-0.80129719
-0.91765279
-0.81383532
-0.91575086
-0.95330155
-0.89860129
-0.75366658
-0.45810291
-0.46094579
-0.74678141
-1.00670588
-0.64044827
-0.55064368
-0.67480677
-0.78331375
-1.01285529
-0.90922266
-0.74962837
-0.78679854
-0.75890166
-0.83920324
-0.90460795
-0.83375794
-0.63355088
-0.70237631
-0.85927194
-0.80713034
-0.70836091
-0.43614596
-0.74359781
-0.46053553
-0.74477863
-1.10867238
-0.90927619
-0.61799383
-0.58661431
-0.61304247
-0.55490083
-0.77926010
-0.89174557
-0.86907226
-0.75736237
-0.66297328
-0.52108926
-0.55643117
-0.46975693
-0.44745037
-0.54123265
-0.61147380
-0.68736464
-0.79423505
-1.13811004
-1.14722586
-0.86633629
-0.63124120
-0.52220017
-0.62419510
-0.74678010
-1.04027855
-1.04047263
-0.80457050
-0.81798643
-0.80852419
-0.94129550
-0.62498558
-0.43572399
-0.96303076
-1.16903996
-1.06643867
-0.73275727
-0.71439034
-0.72711354
-0.94194120
-1.04777384
-0.79717499
-0.65390468
-0.68646336
-0.86241657
-0.98401088
-0.98558819
-0.80280882
-0.69705731
-0.75872338
-0.72209579
-0.67464852
-0.67602849
-0.50968945
-0.67903948
-0.66123444
-0.85773414
-1.05739653
-0.73650336
-0.49520949
-0.47689271
-0.56265163
-0.60337627
-0.69404387
-0.73832196
-0.68294257
-0.64672279
-0.51532763
-0.47973374
-0.52350348
-0.46388179
-0.39901629
-0.47930771
-0.66761094
-0.81515944
-0.95831895
-1.14748263
-0.92709130
-0.81216538
-0.73572159
-0.66054749
-0.72802019
-0.91299486
-1.08421755
-0.91302109
-0.61504000
-0.81050950
-0.81818861
-0.99640709
-0.70698184
-0.87990457
-1.27804828
-1.10541415
-0.92165810
-0.69766295
-0.69578540
-0.76724923
-1.03308475
-0.94804335
-0.59838921
-0.58297682
-0.75933206
-0.94358408
-1.09508729
-0.96770912
-0.75104207
-0.67539734
-0.65871006
-0.53130418
-0.55498093
-0.79965383
