000001
000002
000003
000004
000005
000006
000007
000008
000009
00000A
00000B
00000C
00000D
00000E
00000F
000010
000011
000012
000013
000014
000015
000016
000017
000018
000019
00001A
00001B
00001C
00001D
00001E
00001F
000020
000021
000022
000023
000024
000025
000026
000027
000028
000029
00002A
00002B
00002C
00002D
00002E
00002F
000030
000031
000032
000033
000034
000035
000036
000037
000038
000039
00003A
00003B
00003C
00003D
00003E
00003F
000040
000041
000042
000043
000044
000045
000046
000047
000048
000049
00004A
00004B
00004C
00004D
00004E
00004F
000050
000051
000052
000053
000054
000055
000056
000057
000058
000059
00005A
00005B
00005C
00005D
00005E
00005F
000060
000061
000062
000063
000064
000065
000066
000067
000068
000069
00006A
00006B
00006C
00006D
00006E
00006F
000070
000071
000072
000073
000074
000075
000076
000077
000078
000079
00007A
00007B
00007C
00007D
00007E
00007F
000080
000081
000082
000083
000084
000085
000086
000087
000088
000089
00008A
00008B
00008C
00008D
00008E
00008F
000090
000091
000092
000093
000094
000095
000096
000097
000098
000099
00009A
00009B
00009C
00009D
00009E
00009F
0000A0
0000A1
0000A2
0000A3
0000A4
0000A5
0000A6
0000A7
0000A8
0000A9
0000AA
0000AB
0000AC
0000AD
0000AE
0000AF
0000B0
0000B1
0000B2
0000B3
0000B4
0000B5
0000B6
0000B7
0000B8
0000B9
0000BA
0000BB
0000BC
0000BD
0000BE
0000BF
0000C0
0000C1
0000C2
0000C3
0000C4
0000C5
0000C6
0000C7
0000C8
0000C9
0000CA
0000CB
0000CC
0000CD
0000CE
0000CF
0000D0
0000D1
0000D2
0000D3
0000D4
0000D5
0000D6
0000D7
0000D8
0000D9
0000DA
0000DB
0000DC
0000DD
0000DE
0000DF
0000E0
0000E1
0000E2
0000E3
0000E4
0000E5
0000E6
0000E7
0000E8
0000E9
0000EA
0000EB
0000EC
0000ED
0000EE
0000EF
0000F0
0000F1
0000F2
0000F3
0000F4
0000F5
0000F6
0000F7
0000F8
0000F9
0000FA
0000FB
0000FC
0000FD
0000FE
0000FF
000100
000101
000102
000103
000104
000105
000106
000107
000108
000109
00010A
00010B
00010C
00010D
00010E
00010F
000110
000111
000112
000113
000114
000115
000116
000117
000118
000119
00011A
00011B
00011C
00011D
00011E
00011F
000120
000121
000122
000123
000124
000125
000126
000127
000128
000129
00012A
00012B
00012C
00012D
00012E
00012F
000130
000131
000132
000133
000134
000135
000136
000137
000138
000139
00013A
00013B
00013C
00013D
00013E
00013F
000140
000141
000142
000143
000144
000145
000146
000147
000148
000149
00014A
00014B
00014C
00014D
00014E
00014F
000150
000151
000152
000153
000154
000155
000156
000157
000158
000159
00015A
00015B
00015C
00015D
00015E
00015F
000160
000161
000162
000163
000164
000165
000166
000167
000168
000169
00016A
00016B
00016C
00016D
00016E
00016F
000170
000171
000172
000173
000174
000175
000176
000177
000178
000179
00017A
00017B
00017C
00017D
00017E
00017F
000180
000181
000182
000183
000184
000185
000186
000187
000188
000189
00018A
00018B
00018C
00018D
00018E
00018F
000190
000191
000192
000193
000194
000195
000196
000197
000198
000199
00019A
00019B
00019C
00019D
00019E
00019F
0001A0
0001A1
0001A2
0001A3
0001A4
0001A5
0001A6
0001A7
0001A8
0001A9
0001AA
0001AB
0001AC
0001AD
0001AE
0001AF
0001B0
0001B1
0001B2
0001B3
0001B4
0001B5
0001B6
0001B7
0001B8
0001B9
0001BA
0001BB
0001BC
0001BD
0001BE
0001BF
0001C0
0001C1
0001C2
0001C3
0001C4
0001C5
0001C6
0001C7
0001C8
0001C9
0001CA
0001CB
0001CC
0001CD
0001CE
0001CF
0001D0
0001D1
0001D2
0001D3
0001D4
0001D5
0001D6
0001D7
0001D8
0001D9
0001DA
0001DB
0001DC
0001DD
0001DE
0001DF
0001E0
0001E1
0001E2
0001E3
0001E4
0001E5
0001E6
0001E7
0001E8
0001E9
0001EA
0001EB
0001EC
0001ED
0001EE
0001EF
0001F0
0001F1
0001F2
0001F3
0001F4
0001F5
0001F6
0001F7
0001F8
0001F9
0001FA
0001FB
0001FC
0001FD
0001FE
0001FF
000200
000201
000202
000203
000204
000205
000206
000207
000208
000209
00020A
00020B
00020C
00020D
00020E
00020F
000210
000211
000212
000213
000214
000215
000216
000217
000218
000219
00021A
00021B
00021C
00021D
00021E
00021F
000220
000221
000222
000223
000224
000225
000226
000227
000228
000229
00022A
00022B
00022C
00022D
00022E
00022F
000230
000231
000232
000233
000234
000235
000236
000237
000238
000239
00023A
00023B
00023C
00023D
00023E
00023F
000240
000241
000242
000243
000244
000245
000246
000247
000248
000249
00024A
00024B
00024C
00024D
00024E
00024F
000250
000251
000252
000253
000254
000255
000256
000257
000258
000259
00025A
00025B
00025C
00025D
00025E
00025F
000260
000261
000262
000263
000264
000265
000266
000267
000268
000269
00026A
00026B
00026C
00026D
00026E
00026F
000270
000271
000272
000273
000274
000275
000276
000277
000278
000279
00027A
00027B
00027C
00027D
00027E
00027F
000280
000281
000282
000283
000284
000285
000286
000287
000288
000289
00028A
00028B
00028C
00028D
00028E
00028F
000290
000291
000292
000293
000294
000295
000296
000297
000298
000299
00029A
00029B
00029C
00029D
00029E
00029F
0002A0
0002A1
0002A2
0002A3
0002A4
0002A5
0002A6
0002A7
0002A8
0002A9
0002AA
0002AB
0002AC
0002AD
0002AE
0002AF
0002B0
0002B1
0002B2
0002B3
0002B4
0002B5
0002B6
0002B7
0002B8
0002B9
0002BA
0002BB
0002BC
0002BD
0002BE
0002BF
0002C0
0002C1
0002C2
0002C3
0002C4
0002C5
0002C6
0002C7
0002C8
0002C9
0002CA
0002CB
0002CC
0002CD
0002CE
0002CF
0002D0
0002D1
0002D2
0002D3
0002D4
0002D5
0002D6
0002D7
0002D8
0002D9
0002DA
0002DB
0002DC
0002DD
0002DE
0002DF
0002E0
0002E1
0002E2
0002E3
0002E4
0002E5
0002E6
0002E7
0002E8
0002E9
0002EA
0002EB
0002EC
0002ED
0002EE
0002EF
0002F0
0002F1
0002F2
0002F3
0002F4
0002F5
0002F6
0002F7
0002F8
0002F9
0002FA
0002FB
0002FC
0002FD
0002FE
0002FF
000300
000301
000302
000303
000304
000305
000306
000307
000308
000309
00030A
00030B
00030C
00030D
00030E
00030F
000310
000311
000312
000313
000314
000315
000316
000317
000318
000319
00031A
00031B
00031C
00031D
00031E
00031F
000320
000321
000322
000323
000324
000325
000326
000327
000328
000329
00032A
00032B
00032C
00032D
00032E
00032F
000330
000331
000332
000333
000334
000335
000336
000337
000338
000339
00033A
00033B
00033C
00033D
00033E
00033F
000340
000341
000342
000343
000344
000345
000346
000347
000348
000349
00034A
00034B
00034C
00034D
00034E
00034F
000350
000351
000352
000353
000354
000355
000356
000357
000358
000359
00035A
00035B
00035C
00035D
00035E
00035F
000360
000361
000362
000363
000364
000365
000366
000367
000368
000369
00036A
00036B
00036C
00036D
00036E
00036F
000370
000371
000372
000373
000374
000375
000376
000377
000378
000379
00037A
00037B
00037C
00037D
00037E
00037F
000380
000381
000382
000383
000384
000385
000386
000387
000388
000389
00038A
00038B
00038C
00038D
00038E
00038F
000390
000391
000392
000393
000394
000395
000396
000397
000398
000399
00039A
00039B
00039C
00039D
00039E
00039F
0003A0
0003A1
0003A2
0003A3
0003A4
0003A5
0003A6
0003A7
0003A8
0003A9
0003AA
0003AB
0003AC
0003AD
0003AE
0003AF
0003B0
0003B1
0003B2
0003B3
0003B4
0003B5
0003B6
0003B7
0003B8
0003B9
0003BA
0003BB
0003BC
0003BD
0003BE
0003BF
0003C0
0003C1
0003C2
0003C3
0003C4
0003C5
0003C6
0003C7
0003C8
0003C9
0003CA
0003CB
0003CC
0003CD
0003CE
0003CF
0003D0
0003D1
0003D2
0003D3
0003D4
0003D5
0003D6
0003D7
0003D8
0003D9
0003DA
0003DB
0003DC
0003DD
0003DE
0003DF
0003E0
0003E1
0003E2
0003E3
0003E4
0003E5
0003E6
0003E7
0003E8
0003E9
0003EA
0003EB
0003EC
0003ED
0003EE
0003EF
0003F0
0003F1
0003F2
0003F3
0003F4
0003F5
0003F6
0003F7
0003F8
0003F9
0003FA
0003FB
0003FC
0003FD
0003FE
0003FF
000400
000401
000402
000403
000404
000405
000406
000407
000408
000409
00040A
00040B
00040C
00040D
00040E
00040F
000410
000411
000412
000413
000414
000415
000416
000417
000418
000419
00041A
00041B
00041C
00041D
00041E
00041F
000420
000421
000422
000423
000424
000425
000426
000427
000428
000429
00042A
00042B
00042C
00042D
00042E
00042F
000430
000431
000432
000433
000434
000435
000436
000437
000438
000439
00043A
00043B
00043C
00043D
00043E
00043F
000440
000441
000442
000443
000444
000445
000446
000447
000448
000449
00044A
00044B
00044C
00044D
00044E
00044F
000450
000451
000452
000453
000454
000455
000456
000457
000458
000459
00045A
00045B
00045C
00045D
00045E
00045F
000460
000461
000462
000463
000464
000465
000466
000467
000468
000469
00046A
00046B
00046C
00046D
00046E
00046F
000470
000471
000472
000473
000474
000475
000476
000477
000478
000479
00047A
00047B
00047C
00047D
00047E
00047F
000480
000481
000482
000483
000484
000485
000486
000487
000488
000489
00048A
00048B
00048C
00048D
00048E
00048F
000490
000491
000492
000493
000494
000495
000496
000497
000498
000499
00049A
00049B
00049C
00049D
00049E
00049F
0004A0
0004A1
0004A2
0004A3
0004A4
0004A5
0004A6
0004A7
0004A8
0004A9
0004AA
0004AB
0004AC
0004AD
0004AE
0004AF
0004B0
0004B1
0004B2
0004B3
0004B4
0004B5
0004B6
0004B7
0004B8
0004B9
0004BA
0004BB
0004BC
0004BD
0004BE
0004BF
0004C0
0004C1
0004C2
0004C3
0004C4
0004C5
0004C6
0004C7
0004C8
0004C9
0004CA
0004CB
0004CC
0004CD
0004CE
0004CF
0004D0
0004D1
0004D2
0004D3
0004D4
0004D5
0004D6
0004D7
0004D8
0004D9
0004DA
0004DB
0004DC
0004DD
0004DE
0004DF
0004E0
0004E1
0004E2
0004E3
0004E4
0004E5
0004E6
0004E7
0004E8
0004E9
0004EA
0004EB
0004EC
0004ED
0004EE
0004EF
0004F0
0004F1
0004F2
0004F3
0004F4
0004F5
0004F6
0004F7
0004F8
0004F9
0004FA
0004FB
0004FC
0004FD
0004FE
0004FF
000500
000501
000502
000503
000504
000505
000506
000507
000508
000509
00050A
00050B
00050C
00050D
00050E
00050F
000510
000511
000512
000513
000514
000515
000516
000517
000518
000519
00051A
00051B
00051C
00051D
00051E
00051F
000520
000521
000522
000523
000524
000525
000526
000527
000528
000529
00052A
00052B
00052C
00052D
00052E
00052F
000530
000531
000532
000533
000534
000535
000536
000537
000538
000539
00053A
00053B
00053C
00053D
00053E
00053F
000540
000541
000542
000543
000544
000545
000546
000547
000548
000549
00054A
00054B
00054C
00054D
00054E
00054F
000550
000551
000552
000553
000554
000555
000556
000557
000558
000559
00055A
00055B
00055C
00055D
00055E
00055F
000560
000561
000562
000563
000564
000565
000566
000567
000568
000569
00056A
00056B
00056C
00056D
00056E
00056F
000570
000571
000572
000573
000574
000575
000576
000577
000578
000579
00057A
00057B
00057C
00057D
00057E
00057F
000580
000581
000582
000583
000584
000585
000586
000587
000588
000589
00058A
00058B
00058C
00058D
00058E
00058F
000590
000591
000592
000593
000594
000595
000596
000597
000598
000599
00059A
00059B
00059C
00059D
00059E
00059F
0005A0
0005A1
0005A2
0005A3
0005A4
0005A5
0005A6
0005A7
0005A8
0005A9
0005AA
0005AB
0005AC
0005AD
0005AE
0005AF
0005B0
0005B1
0005B2
0005B3
0005B4
0005B5
0005B6
0005B7
0005B8
0005B9
0005BA
0005BB
0005BC
0005BD
0005BE
0005BF
0005C0
0005C1
0005C2
0005C3
0005C4
0005C5
0005C6
0005C7
0005C8
0005C9
0005CA
0005CB
0005CC
0005CD
0005CE
0005CF
0005D0
0005D1
0005D2
0005D3
0005D4
0005D5
0005D6
0005D7
0005D8
0005D9
0005DA
0005DB
0005DC
0005DD
0005DE
0005DF
0005E0
0005E1
0005E2
0005E3
0005E4
0005E5
0005E6
0005E7
0005E8
0005E9
0005EA
0005EB
0005EC
0005ED
0005EE
0005EF
0005F0
0005F1
0005F2
0005F3
0005F4
0005F5
0005F6
0005F7
0005F8
0005F9
0005FA
0005FB
0005FC
0005FD
0005FE
0005FF
000600
000601
000602
000603
000604
000605
000606
000607
000608
000609
00060A
00060B
00060C
00060D
00060E
00060F
000610
000611
000612
000613
000614
000615
000616
000617
000618
000619
00061A
00061B
00061C
00061D
00061E
00061F
000620
000621
000622
000623
000624
000625
000626
000627
000628
000629
00062A
00062B
00062C
00062D
00062E
00062F
000630
000631
000632
000633
000634
000635
000636
000637
000638
000639
00063A
00063B
00063C
00063D
00063E
00063F
000640
000641
000642
000643
000644
000645
000646
000647
000648
000649
00064A
00064B
00064C
00064D
00064E
00064F
000650
000651
000652
000653
000654
000655
000656
000657
000658
000659
00065A
00065B
00065C
00065D
00065E
00065F
000660
000661
000662
000663
000664
000665
000666
000667
000668
000669
00066A
00066B
00066C
00066D
00066E
00066F
000670
000671
000672
000673
000674
000675
000676
000677
000678
000679
00067A
00067B
00067C
00067D
00067E
00067F
000680
000681
000682
000683
000684
000685
000686
000687
000688
000689
00068A
00068B
00068C
00068D
00068E
00068F
000690
000691
000692
000693
000694
000695
000696
000697
000698
000699
00069A
00069B
00069C
00069D
00069E
00069F
0006A0
0006A1
0006A2
0006A3
0006A4
0006A5
0006A6
0006A7
0006A8
0006A9
0006AA
0006AB
0006AC
0006AD
0006AE
0006AF
0006B0
0006B1
0006B2
0006B3
0006B4
0006B5
0006B6
0006B7
0006B8
0006B9
0006BA
0006BB
0006BC
0006BD
0006BE
0006BF
0006C0
0006C1
0006C2
0006C3
0006C4
0006C5
0006C6
0006C7
0006C8
0006C9
0006CA
0006CB
0006CC
0006CD
0006CE
0006CF
0006D0
0006D1
0006D2
0006D3
0006D4
0006D5
0006D6
0006D7
0006D8
0006D9
0006DA
0006DB
0006DC
0006DD
0006DE
0006DF
0006E0
0006E1
0006E2
0006E3
0006E4
0006E5
0006E6
0006E7
0006E8
0006E9
0006EA
0006EB
0006EC
0006ED
0006EE
0006EF
0006F0
0006F1
0006F2
0006F3
0006F4
0006F5
0006F6
0006F7
0006F8
0006F9
0006FA
0006FB
0006FC
0006FD
0006FE
0006FF
000700
000701
000702
000703
000704
000705
000706
000707
000708
000709
00070A
00070B
00070C
00070D
00070E
00070F
000710
000711
000712
000713
000714
000715
000716
000717
000718
000719
00071A
00071B
00071C
00071D
00071E
00071F
000720
000721
000722
000723
000724
000725
000726
000727
000728
000729
00072A
00072B
00072C
00072D
00072E
00072F
000730
000731
000732
000733
000734
000735
000736
000737
000738
000739
00073A
00073B
00073C
00073D
00073E
00073F
000740
000741
000742
000743
000744
000745
000746
000747
000748
000749
00074A
00074B
00074C
00074D
00074E
00074F
000750
000751
000752
000753
000754
000755
000756
000757
000758
000759
00075A
00075B
00075C
00075D
00075E
00075F
000760
000761
000762
000763
000764
000765
000766
000767
000768
000769
00076A
00076B
00076C
00076D
00076E
00076F
000770
000771
000772
000773
000774
000775
000776
000777
000778
000779
00077A
00077B
00077C
00077D
00077E
00077F
000780
000781
000782
000783
000784
000785
000786
000787
000788
000789
00078A
00078B
00078C
00078D
00078E
00078F
000790
000791
000792
000793
000794
000795
000796
000797
000798
000799
00079A
00079B
00079C
00079D
00079E
00079F
0007A0
0007A1
0007A2
0007A3
0007A4
0007A5
0007A6
0007A7
0007A8
0007A9
0007AA
0007AB
0007AC
0007AD
0007AE
0007AF
0007B0
0007B1
0007B2
0007B3
0007B4
0007B5
0007B6
0007B7
0007B8
0007B9
0007BA
0007BB
0007BC
0007BD
0007BE
0007BF
0007C0
0007C1
0007C2
0007C3
0007C4
0007C5
0007C6
0007C7
0007C8
0007C9
0007CA
0007CB
0007CC
0007CD
0007CE
0007CF
0007D0
0007D1
0007D2
0007D3
0007D4
0007D5
0007D6
0007D7
0007D8
0007D9
0007DA
0007DB
0007DC
0007DD
0007DE
0007DF
0007E0
0007E1
0007E2
0007E3
0007E4
0007E5
0007E6
0007E7
0007E8
0007E9
0007EA
0007EB
0007EC
0007ED
0007EE
0007EF
0007F0
0007F1
0007F2
0007F3
0007F4
0007F5
0007F6
0007F7
0007F8
0007F9
0007FA
0007FB
0007FC
0007FD
0007FE
0007FF
000800
000801
000802
000803
000804
000805
000806
000807
000808
000809
00080A
00080B
00080C
00080D
00080E
00080F
000810
000811
000812
000813
000814
000815
000816
000817
000818
000819
00081A
00081B
00081C
00081D
00081E
00081F
000820
000821
000822
000823
000824
000825
000826
000827
000828
000829
00082A
00082B
00082C
00082D
00082E
00082F
000830
000831
000832
000833
000834
000835
000836
000837
000838
000839
00083A
00083B
00083C
00083D
00083E
00083F
000840
000841
000842
000843
000844
000845
000846
000847
000848
000849
00084A
00084B
00084C
00084D
00084E
00084F
000850
000851
000852
000853
000854
000855
000856
000857
000858
000859
00085A
00085B
00085C
00085D
00085E
00085F
000860
000861
000862
000863
000864
000865
000866
000867
000868
000869
00086A
00086B
00086C
00086D
00086E
00086F
000870
000871
000872
000873
000874
000875
000876
000877
000878
000879
00087A
00087B
00087C
00087D
00087E
00087F
000880
000881
000882
000883
000884
000885
000886
000887
000888
000889
00088A
00088B
00088C
00088D
00088E
00088F
000890
000891
000892
000893
000894
000895
000896
000897
000898
000899
00089A
00089B
00089C
00089D
00089E
00089F
0008A0
0008A1
0008A2
0008A3
0008A4
0008A5
0008A6
0008A7
0008A8
0008A9
0008AA
0008AB
0008AC
0008AD
0008AE
0008AF
0008B0
0008B1
0008B2
0008B3
0008B4
0008B5
0008B6
0008B7
0008B8
0008B9
0008BA
0008BB
0008BC
0008BD
0008BE
0008BF
0008C0
0008C1
0008C2
0008C3
0008C4
0008C5
0008C6
0008C7
0008C8
0008C9
0008CA
0008CB
0008CC
0008CD
0008CE
0008CF
0008D0
0008D1
0008D2
0008D3
0008D4
0008D5
0008D6
0008D7
0008D8
0008D9
0008DA
0008DB
0008DC
0008DD
0008DE
0008DF
0008E0
0008E1
0008E2
0008E3
0008E4
0008E5
0008E6
0008E7
0008E8
0008E9
0008EA
0008EB
0008EC
0008ED
0008EE
0008EF
0008F0
0008F1
0008F2
0008F3
0008F4
0008F5
0008F6
0008F7
0008F8
0008F9
0008FA
0008FB
0008FC
0008FD
0008FE
0008FF
000900
000901
000902
000903
000904
000905
000906
000907
000908
000909
00090A
00090B
00090C
00090D
00090E
00090F
000910
000911
000912
000913
000914
000915
000916
000917
000918
000919
00091A
00091B
00091C
00091D
00091E
00091F
000920
000921
000922
000923
000924
000925
000926
000927
000928
000929
00092A
00092B
00092C
00092D
00092E
00092F
000930
000931
000932
000933
000934
000935
000936
000937
000938
000939
00093A
00093B
00093C
00093D
00093E
00093F
000940
000941
000942
000943
000944
000945
000946
000947
000948
000949
00094A
00094B
00094C
00094D
00094E
00094F
000950
000951
000952
000953
000954
000955
000956
000957
000958
000959
00095A
00095B
00095C
00095D
00095E
00095F
000960
000961
000962
000963
000964
000965
000966
000967
000968
000969
00096A
00096B
00096C
00096D
00096E
00096F
000970
000971
000972
000973
000974
000975
000976
000977
000978
000979
00097A
00097B
00097C
00097D
00097E
00097F
000980
000981
000982
000983
000984
000985
000986
000987
000988
000989
00098A
00098B
00098C
00098D
00098E
00098F
000990
000991
000992
000993
000994
000995
000996
000997
000998
000999
00099A
00099B
00099C
00099D
00099E
00099F
0009A0
0009A1
0009A2
0009A3
0009A4
0009A5
0009A6
0009A7
0009A8
0009A9
0009AA
0009AB
0009AC
0009AD
0009AE
0009AF
0009B0
0009B1
0009B2
0009B3
0009B4
0009B5
0009B6
0009B7
0009B8
0009B9
0009BA
0009BB
0009BC
0009BD
0009BE
0009BF
0009C0
0009C1
0009C2
0009C3
0009C4
0009C5
0009C6
0009C7
0009C8
0009C9
0009CA
0009CB
0009CC
0009CD
0009CE
0009CF
0009D0
0009D1
0009D2
0009D3
0009D4
0009D5
0009D6
0009D7
0009D8
0009D9
0009DA
0009DB
0009DC
0009DD
0009DE
0009DF
0009E0
0009E1
0009E2
0009E3
0009E4
0009E5
0009E6
0009E7
0009E8
0009E9
0009EA
0009EB
0009EC
0009ED
0009EE
0009EF
0009F0
0009F1
0009F2
0009F3
0009F4
0009F5
0009F6
0009F7
0009F8
0009F9
0009FA
0009FB
0009FC
0009FD
0009FE
0009FF
000A00
000A01
000A02
000A03
000A04
000A05
000A06
000A07
000A08
000A09
000A0A
000A0B
000A0C
000A0D
000A0E
000A0F
000A10
000A11
000A12
000A13
000A14
000A15
000A16
000A17
000A18
000A19
000A1A
000A1B
000A1C
000A1D
000A1E
000A1F
000A20
000A21
000A22
000A23
000A24
000A25
000A26
000A27
000A28
000A29
000A2A
000A2B
000A2C
000A2D
000A2E
000A2F
000A30
000A31
000A32
000A33
000A34
000A35
000A36
000A37
000A38
000A39
000A3A
000A3B
000A3C
000A3D
000A3E
000A3F
000A40
000A41
000A42
000A43
000A44
000A45
000A46
000A47
000A48
000A49
000A4A
000A4B
000A4C
000A4D
000A4E
000A4F
000A50
000A51
000A52
000A53
000A54
000A55
000A56
000A57
000A58
000A59
000A5A
000A5B
000A5C
000A5D
000A5E
000A5F
000A60
000A61
000A62
000A63
000A64
000A65
000A66
000A67
000A68
000A69
000A6A
000A6B
000A6C
000A6D
000A6E
000A6F
000A70
000A71
000A72
000A73
000A74
000A75
000A76
000A77
000A78
000A79
000A7A
000A7B
000A7C
000A7D
000A7E
000A7F
000A80
000A81
000A82
000A83
000A84
000A85
000A86
000A87
000A88
000A89
000A8A
000A8B
000A8C
000A8D
000A8E
000A8F
000A90
000A91
000A92
000A93
000A94
000A95
000A96
000A97
000A98
000A99
000A9A
000A9B
000A9C
000A9D
000A9E
000A9F
000AA0
000AA1
000AA2
000AA3
000AA4
000AA5
000AA6
000AA7
000AA8
000AA9
000AAA
000AAB
000AAC
000AAD
000AAE
000AAF
000AB0
000AB1
000AB2
000AB3
000AB4
000AB5
000AB6
000AB7
000AB8
000AB9
000ABA
000ABB
000ABC
000ABD
000ABE
000ABF
000AC0
000AC1
000AC2
000AC3
000AC4
000AC5
000AC6
000AC7
000AC8
000AC9
000ACA
000ACB
000ACC
000ACD
000ACE
000ACF
000AD0
000AD1
000AD2
000AD3
000AD4
000AD5
000AD6
000AD7
000AD8
000AD9
000ADA
000ADB
000ADC
000ADD
000ADE
000ADF
000AE0
000AE1
000AE2
000AE3
000AE4
000AE5
000AE6
000AE7
000AE8
000AE9
000AEA
000AEB
000AEC
000AED
000AEE
000AEF
000AF0
000AF1
000AF2
000AF3
000AF4
000AF5
000AF6
000AF7
000AF8
000AF9
000AFA
000AFB
000AFC
000AFD
000AFE
000AFF
000B00
000B01
000B02
000B03
000B04
000B05
000B06
000B07
000B08
000B09
000B0A
000B0B
000B0C
000B0D
000B0E
000B0F
000B10
000B11
000B12
000B13
000B14
000B15
000B16
000B17
000B18
000B19
000B1A
000B1B
000B1C
000B1D
000B1E
000B1F
000B20
000B21
000B22
000B23
000B24
000B25
000B26
000B27
000B28
000B29
000B2A
000B2B
000B2C
000B2D
000B2E
000B2F
000B30
000B31
000B32
000B33
000B34
000B35
000B36
000B37
000B38
000B39
000B3A
000B3B
000B3C
000B3D
000B3E
000B3F
000B40
000B41
000B42
000B43
000B44
000B45
000B46
000B47
000B48
000B49
000B4A
000B4B
000B4C
000B4D
000B4E
000B4F
000B50
000B51
000B52
000B53
000B54
000B55
000B56
000B57
000B58
000B59
000B5A
000B5B
000B5C
000B5D
000B5E
000B5F
000B60
000B61
000B62
000B63
000B64
000B65
000B66
000B67
000B68
000B69
000B6A
000B6B
000B6C
000B6D
000B6E
000B6F
000B70
000B71
000B72
000B73
000B74
000B75
000B76
000B77
000B78
000B79
000B7A
000B7B
000B7C
000B7D
000B7E
000B7F
000B80
000B81
000B82
000B83
000B84
000B85
000B86
000B87
000B88
000B89
000B8A
000B8B
000B8C
000B8D
000B8E
000B8F
000B90
000B91
000B92
000B93
000B94
000B95
000B96
000B97
000B98
000B99
000B9A
000B9B
000B9C
000B9D
000B9E
000B9F
000BA0
000BA1
000BA2
000BA3
000BA4
000BA5
000BA6
000BA7
000BA8
000BA9
000BAA
000BAB
000BAC
000BAD
000BAE
000BAF
000BB0
000BB1
000BB2
000BB3
000BB4
000BB5
000BB6
000BB7
000BB8
000BB9
000BBA
000BBB
000BBC
000BBD
000BBE
000BBF
000BC0
000BC1
000BC2
000BC3
000BC4
000BC5
000BC6
000BC7
000BC8
000BC9
000BCA
000BCB
000BCC
000BCD
000BCE
000BCF
000BD0
000BD1
000BD2
000BD3
000BD4
000BD5
000BD6
000BD7
000BD8
000BD9
000BDA
000BDB
000BDC
000BDD
000BDE
000BDF
000BE0
000BE1
000BE2
000BE3
000BE4
000BE5
000BE6
000BE7
000BE8
000BE9
000BEA
000BEB
000BEC
000BED
000BEE
000BEF
000BF0
000BF1
000BF2
000BF3
000BF4
000BF5
000BF6
000BF7
000BF8
000BF9
000BFA
000BFB
000BFC
000BFD
000BFE
000BFF
000C00
000C01
000C02
000C03
000C04
000C05
000C06
000C07
000C08
000C09
000C0A
000C0B
000C0C
000C0D
000C0E
000C0F
000C10
000C11
000C12
000C13
000C14
000C15
000C16
000C17
000C18
000C19
000C1A
000C1B
000C1C
000C1D
000C1E
000C1F
000C20
000C21
000C22
000C23
000C24
000C25
000C26
000C27
000C28
000C29
000C2A
000C2B
000C2C
000C2D
000C2E
000C2F
000C30
000C31
000C32
000C33
000C34
000C35
000C36
000C37
000C38
000C39
000C3A
000C3B
000C3C
000C3D
000C3E
000C3F
000C40
000C41
000C42
000C43
000C44
000C45
000C46
000C47
000C48
000C49
000C4A
000C4B
000C4C
000C4D
000C4E
000C4F
000C50
000C51
000C52
000C53
000C54
000C55
000C56
000C57
000C58
000C59
000C5A
000C5B
000C5C
000C5D
000C5E
000C5F
000C60
000C61
000C62
000C63
000C64
000C65
000C66
000C67
000C68
000C69
000C6A
000C6B
000C6C
000C6D
000C6E
000C6F
000C70
000C71
000C72
000C73
000C74
000C75
000C76
000C77
000C78
000C79
000C7A
000C7B
000C7C
000C7D
000C7E
000C7F
000C80
000C81
000C82
000C83
000C84
000C85
000C86
000C87
000C88
000C89
000C8A
000C8B
000C8C
000C8D
000C8E
000C8F
000C90
000C91
000C92
000C93
000C94
000C95
000C96
000C97
000C98
000C99
000C9A
000C9B
000C9C
000C9D
000C9E
000C9F
000CA0
000CA1
000CA2
000CA3
000CA4
000CA5
000CA6
000CA7
000CA8
000CA9
000CAA
000CAB
000CAC
000CAD
000CAE
000CAF
000CB0
000CB1
000CB2
000CB3
000CB4
000CB5
000CB6
000CB7
000CB8
000CB9
000CBA
000CBB
000CBC
000CBD
000CBE
000CBF
000CC0
000CC1
000CC2
000CC3
000CC4
000CC5
000CC6
000CC7
000CC8
000CC9
000CCA
000CCB
000CCC
000CCD
000CCE
000CCF
000CD0
000CD1
000CD2
000CD3
000CD4
000CD5
000CD6
000CD7
000CD8
000CD9
000CDA
000CDB
000CDC
000CDD
000CDE
000CDF
000CE0
000CE1
000CE2
000CE3
000CE4
000CE5
000CE6
000CE7
000CE8
000CE9
000CEA
000CEB
000CEC
000CED
000CEE
000CEF
000CF0
000CF1
000CF2
000CF3
000CF4
000CF5
000CF6
000CF7
000CF8
000CF9
000CFA
000CFB
000CFC
000CFD
000CFE
000CFF
000D00
000D01
000D02
000D03
000D04
000D05
000D06
000D07
000D08
000D09
000D0A
000D0B
000D0C
000D0D
000D0E
000D0F
000D10
000D11
000D12
000D13
000D14
000D15
000D16
000D17
000D18
000D19
000D1A
000D1B
000D1C
000D1D
000D1E
000D1F
000D20
000D21
000D22
000D23
000D24
000D25
000D26
000D27
000D28
000D29
000D2A
000D2B
000D2C
000D2D
000D2E
000D2F
000D30
000D31
000D32
000D33
000D34
000D35
000D36
000D37
000D38
000D39
000D3A
000D3B
000D3C
000D3D
000D3E
000D3F
000D40
000D41
000D42
000D43
000D44
000D45
000D46
000D47
000D48
000D49
000D4A
000D4B
000D4C
000D4D
000D4E
000D4F
000D50
000D51
000D52
000D53
000D54
000D55
000D56
000D57
000D58
000D59
000D5A
000D5B
000D5C
000D5D
000D5E
000D5F
000D60
000D61
000D62
000D63
000D64
000D65
000D66
000D67
000D68
000D69
000D6A
000D6B
000D6C
000D6D
000D6E
000D6F
000D70
000D71
000D72
000D73
000D74
000D75
000D76
000D77
000D78
000D79
000D7A
000D7B
000D7C
000D7D
000D7E
000D7F
000D80
000D81
000D82
000D83
000D84
000D85
000D86
000D87
000D88
000D89
000D8A
000D8B
000D8C
000D8D
000D8E
000D8F
000D90
000D91
000D92
000D93
000D94
000D95
000D96
000D97
000D98
000D99
000D9A
000D9B
000D9C
000D9D
000D9E
000D9F
000DA0
000DA1
000DA2
000DA3
000DA4
000DA5
000DA6
000DA7
000DA8
000DA9
000DAA
000DAB
000DAC
000DAD
000DAE
000DAF
000DB0
000DB1
000DB2
000DB3
000DB4
000DB5
000DB6
000DB7
000DB8
000DB9
000DBA
000DBB
000DBC
000DBD
000DBE
000DBF
000DC0
000DC1
000DC2
000DC3
000DC4
000DC5
000DC6
000DC7
000DC8
000DC9
000DCA
000DCB
000DCC
000DCD
000DCE
000DCF
000DD0
000DD1
000DD2
000DD3
000DD4
000DD5
000DD6
000DD7
000DD8
000DD9
000DDA
000DDB
000DDC
000DDD
000DDE
000DDF
000DE0
000DE1
000DE2
000DE3
000DE4
000DE5
000DE6
000DE7
000DE8
000DE9
000DEA
000DEB
000DEC
000DED
000DEE
000DEF
000DF0
000DF1
000DF2
000DF3
000DF4
000DF5
000DF6
000DF7
000DF8
000DF9
000DFA
000DFB
000DFC
000DFD
000DFE
000DFF
000E00
000E01
000E02
000E03
000E04
000E05
000E06
000E07
000E08
000E09
000E0A
000E0B
000E0C
000E0D
000E0E
000E0F
000E10
000E11
000E12
000E13
000E14
000E15
000E16
000E17
000E18
000E19
000E1A
000E1B
000E1C
000E1D
000E1E
000E1F
000E20
000E21
000E22
000E23
000E24
000E25
000E26
000E27
000E28
000E29
000E2A
000E2B
000E2C
000E2D
000E2E
000E2F
000E30
000E31
000E32
000E33
000E34
000E35
000E36
000E37
000E38
000E39
000E3A
000E3B
000E3C
000E3D
000E3E
000E3F
000E40
000E41
000E42
000E43
000E44
000E45
000E46
000E47
000E48
000E49
000E4A
000E4B
000E4C
000E4D
000E4E
000E4F
000E50
000E51
000E52
000E53
000E54
000E55
000E56
000E57
000E58
000E59
000E5A
000E5B
000E5C
000E5D
000E5E
000E5F
000E60
000E61
000E62
000E63
000E64
000E65
000E66
000E67
000E68
000E69
000E6A
000E6B
000E6C
000E6D
000E6E
000E6F
000E70
000E71
000E72
000E73
000E74
000E75
000E76
000E77
000E78
000E79
000E7A
000E7B
000E7C
000E7D
000E7E
000E7F
000E80
000E81
000E82
000E83
000E84
000E85
000E86
000E87
000E88
000E89
000E8A
000E8B
000E8C
000E8D
000E8E
000E8F
000E90
000E91
000E92
000E93
000E94
000E95
000E96
000E97
000E98
000E99
000E9A
000E9B
000E9C
000E9D
000E9E
000E9F
000EA0
000EA1
000EA2
000EA3
000EA4
000EA5
000EA6
000EA7
000EA8
000EA9
000EAA
000EAB
000EAC
000EAD
000EAE
000EAF
000EB0
000EB1
000EB2
000EB3
000EB4
000EB5
000EB6
000EB7
000EB8
000EB9
000EBA
000EBB
000EBC
000EBD
000EBE
000EBF
000EC0
000EC1
000EC2
000EC3
000EC4
000EC5
000EC6
000EC7
000EC8
000EC9
000ECA
000ECB
000ECC
000ECD
000ECE
000ECF
000ED0
000ED1
000ED2
000ED3
000ED4
000ED5
000ED6
000ED7
000ED8
000ED9
000EDA
000EDB
000EDC
000EDD
000EDE
000EDF
000EE0
000EE1
000EE2
000EE3
000EE4
000EE5
000EE6
000EE7
000EE8
000EE9
000EEA
000EEB
000EEC
000EED
000EEE
000EEF
000EF0
000EF1
000EF2
000EF3
000EF4
000EF5
000EF6
000EF7
000EF8
000EF9
000EFA
000EFB
000EFC
000EFD
000EFE
000EFF
000F00
000F01
000F02
000F03
000F04
000F05
000F06
000F07
000F08
000F09
000F0A
000F0B
000F0C
000F0D
000F0E
000F0F
000F10
000F11
000F12
000F13
000F14
000F15
000F16
000F17
000F18
000F19
000F1A
000F1B
000F1C
000F1D
000F1E
000F1F
000F20
000F21
000F22
000F23
000F24
000F25
000F26
000F27
000F28
000F29
000F2A
000F2B
000F2C
000F2D
000F2E
000F2F
000F30
000F31
000F32
000F33
000F34
000F35
000F36
000F37
000F38
000F39
000F3A
000F3B
000F3C
000F3D
000F3E
000F3F
000F40
000F41
000F42
000F43
000F44
000F45
000F46
000F47
000F48
000F49
000F4A
000F4B
000F4C
000F4D
000F4E
000F4F
000F50
000F51
000F52
000F53
000F54
000F55
000F56
000F57
000F58
000F59
000F5A
000F5B
000F5C
000F5D
000F5E
000F5F
000F60
000F61
000F62
000F63
000F64
000F65
000F66
000F67
000F68
000F69
000F6A
000F6B
000F6C
000F6D
000F6E
000F6F
000F70
000F71
000F72
000F73
000F74
000F75
000F76
000F77
000F78
000F79
000F7A
000F7B
000F7C
000F7D
000F7E
000F7F
000F80
000F81
000F82
000F83
000F84
000F85
000F86
000F87
000F88
000F89
000F8A
000F8B
000F8C
000F8D
000F8E
000F8F
000F90
000F91
000F92
000F93
000F94
000F95
000F96
000F97
000F98
000F99
000F9A
000F9B
000F9C
000F9D
000F9E
000F9F
000FA0
000FA1
000FA2
000FA3
000FA4
000FA5
000FA6
000FA7
000FA8
000FA9
000FAA
000FAB
000FAC
000FAD
000FAE
000FAF
000FB0
000FB1
000FB2
000FB3
000FB4
000FB5
000FB6
000FB7
000FB8
000FB9
000FBA
000FBB
000FBC
000FBD
000FBE
000FBF
000FC0
000FC1
000FC2
000FC3
000FC4
000FC5
000FC6
000FC7
000FC8
000FC9
000FCA
000FCB
000FCC
000FCD
000FCE
000FCF
000FD0
000FD1
000FD2
000FD3
000FD4
000FD5
000FD6
000FD7
000FD8
000FD9
000FDA
000FDB
000FDC
000FDD
000FDE
000FDF
000FE0
000FE1
000FE2
000FE3
000FE4
000FE5
000FE6
000FE7
000FE8
000FE9
000FEA
000FEB
000FEC
000FED
000FEE
000FEF
000FF0
000FF1
000FF2
000FF3
000FF4
000FF5
000FF6
000FF7
000FF8
000FF9
000FFA
000FFB
000FFC
000FFD
000FFE
000FFF
001000
001001
001002
001003
001004
001005
001006
001007
001008
001009
00100A
00100B
00100C
00100D
00100E
00100F
001010
001011
001012
001013
001014
001015
001016
001017
001018
001019
00101A
00101B
00101C
00101D
00101E
00101F
001020
001021
001022
001023
001024
001025
001026
001027
001028
001029
00102A
00102B
00102C
00102D
00102E
00102F
001030
001031
001032
001033
001034
001035
001036
001037
001038
001039
00103A
00103B
00103C
00103D
00103E
00103F
001040
001041
001042
001043
001044
001045
001046
001047
001048
001049
00104A
00104B
00104C
00104D
00104E
00104F
001050
001051
001052
001053
001054
001055
001056
001057
001058
001059
00105A
00105B
00105C
00105D
00105E
00105F
001060
001061
001062
001063
001064
001065
001066
001067
001068
001069
00106A
00106B
00106C
00106D
00106E
00106F
001070
001071
001072
001073
001074
001075
001076
001077
001078
001079
00107A
00107B
00107C
00107D
00107E
00107F
001080
001081
001082
001083
001084
001085
001086
001087
001088
001089
00108A
00108B
00108C
00108D
00108E
00108F
001090
001091
001092
001093
001094
001095
001096
001097
001098
001099
00109A
00109B
00109C
00109D
00109E
00109F
0010A0
0010A1
0010A2
0010A3
0010A4
0010A5
0010A6
0010A7
0010A8
0010A9
0010AA
0010AB
0010AC
0010AD
0010AE
0010AF
0010B0
0010B1
0010B2
0010B3
0010B4
0010B5
0010B6
0010B7
0010B8
0010B9
0010BA
0010BB
0010BC
0010BD
0010BE
0010BF
0010C0
0010C1
0010C2
0010C3
0010C4
0010C5
0010C6
0010C7
0010C8
0010C9
0010CA
0010CB
0010CC
0010CD
0010CE
0010CF
0010D0
0010D1
0010D2
0010D3
0010D4
0010D5
0010D6
0010D7
0010D8
0010D9
0010DA
0010DB
0010DC
0010DD
0010DE
0010DF
0010E0
0010E1
0010E2
0010E3
0010E4
0010E5
0010E6
0010E7
0010E8
0010E9
0010EA
0010EB
0010EC
0010ED
0010EE
0010EF
0010F0
0010F1
0010F2
0010F3
0010F4
0010F5
0010F6
0010F7
0010F8
0010F9
0010FA
0010FB
0010FC
0010FD
0010FE
0010FF
001100
001101
001102
001103
001104
001105
001106
001107
001108
001109
00110A
00110B
00110C
00110D
00110E
00110F
001110
001111
001112
001113
001114
001115
001116
001117
001118
001119
00111A
00111B
00111C
00111D
00111E
00111F
001120
001121
001122
001123
001124
001125
001126
001127
001128
001129
00112A
00112B
00112C
00112D
00112E
00112F
001130
001131
001132
001133
001134
001135
001136
001137
001138
001139
00113A
00113B
00113C
00113D
00113E
00113F
001140
001141
001142
001143
001144
001145
001146
001147
001148
001149
00114A
00114B
00114C
00114D
00114E
00114F
001150
001151
001152
001153
001154
001155
001156
001157
001158
001159
00115A
00115B
00115C
00115D
00115E
00115F
001160
001161
001162
001163
001164
001165
001166
001167
001168
001169
00116A
00116B
00116C
00116D
00116E
00116F
001170
001171
001172
001173
001174
001175
001176
001177
001178
001179
00117A
00117B
00117C
00117D
00117E
00117F
001180
001181
001182
001183
001184
001185
001186
001187
001188
001189
00118A
00118B
00118C
00118D
00118E
00118F
001190
001191
001192
001193
001194
001195
001196
001197
001198
001199
00119A
00119B
00119C
00119D
00119E
00119F
0011A0
0011A1
0011A2
0011A3
0011A4
0011A5
0011A6
0011A7
0011A8
0011A9
0011AA
0011AB
0011AC
0011AD
0011AE
0011AF
0011B0
0011B1
0011B2
0011B3
0011B4
0011B5
0011B6
0011B7
0011B8
0011B9
0011BA
0011BB
0011BC
0011BD
0011BE
0011BF
0011C0
0011C1
0011C2
0011C3
0011C4
0011C5
0011C6
0011C7
0011C8
0011C9
0011CA
0011CB
0011CC
0011CD
0011CE
0011CF
0011D0
0011D1
0011D2
0011D3
0011D4
0011D5
0011D6
0011D7
0011D8
0011D9
0011DA
0011DB
0011DC
0011DD
0011DE
0011DF
0011E0
0011E1
0011E2
0011E3
0011E4
0011E5
0011E6
0011E7
0011E8
0011E9
0011EA
0011EB
0011EC
0011ED
0011EE
0011EF
0011F0
0011F1
0011F2
0011F3
0011F4
0011F5
0011F6
0011F7
0011F8
0011F9
0011FA
0011FB
0011FC
0011FD
0011FE
0011FF
001200
001201
001202
001203
001204
001205
001206
001207
001208
001209
00120A
00120B
00120C
00120D
00120E
00120F
001210
001211
001212
001213
001214
001215
001216
001217
001218
001219
00121A
00121B
00121C
00121D
00121E
00121F
001220
001221
001222
001223
001224
001225
001226
001227
001228
001229
00122A
00122B
00122C
00122D
00122E
00122F
001230
001231
001232
001233
001234
001235
001236
001237
001238
001239
00123A
00123B
00123C
00123D
00123E
00123F
001240
001241
001242
001243
001244
001245
001246
001247
001248
001249
00124A
00124B
00124C
00124D
00124E
00124F
001250
001251
001252
001253
001254
001255
001256
001257
001258
001259
00125A
00125B
00125C
00125D
00125E
00125F
001260
001261
001262
001263
001264
001265
001266
001267
001268
001269
00126A
00126B
00126C
00126D
00126E
00126F
001270
001271
001272
001273
001274
001275
001276
001277
001278
001279
00127A
00127B
00127C
00127D
00127E
00127F
001280
001281
001282
001283
001284
001285
001286
001287
001288
001289
00128A
00128B
00128C
00128D
00128E
00128F
001290
001291
001292
001293
001294
001295
001296
001297
001298
001299
00129A
00129B
00129C
00129D
00129E
00129F
0012A0
0012A1
0012A2
0012A3
0012A4
0012A5
0012A6
0012A7
0012A8
0012A9
0012AA
0012AB
0012AC
0012AD
0012AE
0012AF
0012B0
0012B1
0012B2
0012B3
0012B4
0012B5
0012B6
0012B7
0012B8
0012B9
0012BA
0012BB
0012BC
0012BD
0012BE
0012BF
0012C0
0012C1
0012C2
0012C3
0012C4
0012C5
0012C6
0012C7
0012C8
0012C9
0012CA
0012CB
0012CC
0012CD
0012CE
0012CF
0012D0
0012D1
0012D2
0012D3
0012D4
0012D5
0012D6
0012D7
0012D8
0012D9
0012DA
0012DB
0012DC
0012DD
0012DE
0012DF
0012E0
0012E1
0012E2
0012E3
0012E4
0012E5
0012E6
0012E7
0012E8
0012E9
0012EA
0012EB
0012EC
0012ED
0012EE
0012EF
0012F0
0012F1
0012F2
0012F3
0012F4
0012F5
0012F6
0012F7
0012F8
0012F9
0012FA
0012FB
0012FC
0012FD
0012FE
0012FF
001300
001301
001302
001303
001304
001305
001306
001307
001308
001309
00130A
00130B
00130C
00130D
00130E
00130F
001310
001311
001312
001313
001314
001315
001316
001317
001318
001319
00131A
00131B
00131C
00131D
00131E
00131F
001320
001321
001322
001323
001324
001325
001326
001327
001328
001329
00132A
00132B
00132C
00132D
00132E
00132F
001330
001331
001332
001333
001334
001335
001336
001337
001338
001339
00133A
00133B
00133C
00133D
00133E
00133F
001340
001341
001342
001343
001344
001345
001346
001347
001348
001349
00134A
00134B
00134C
00134D
00134E
00134F
001350
001351
001352
001353
001354
001355
001356
001357
001358
001359
00135A
00135B
00135C
00135D
00135E
00135F
001360
001361
001362
001363
001364
001365
001366
001367
001368
001369
00136A
00136B
00136C
00136D
00136E
00136F
001370
001371
001372
001373
001374
001375
001376
001377
001378
001379
00137A
00137B
00137C
00137D
00137E
00137F
001380
001381
001382
001383
001384
001385
001386
001387
001388
001389
00138A
00138B
00138C
00138D
00138E
00138F
001390
001391
001392
001393
001394
001395
001396
001397
001398
001399
00139A
00139B
00139C
00139D
00139E
00139F
0013A0
0013A1
0013A2
0013A3
0013A4
0013A5
0013A6
0013A7
0013A8
0013A9
0013AA
0013AB
0013AC
0013AD
0013AE
0013AF
0013B0
0013B1
0013B2
0013B3
0013B4
0013B5
0013B6
0013B7
0013B8
0013B9
0013BA
0013BB
0013BC
0013BD
0013BE
0013BF
0013C0
0013C1
0013C2
0013C3
0013C4
0013C5
0013C6
0013C7
0013C8
0013C9
0013CA
0013CB
0013CC
0013CD
0013CE
0013CF
0013D0
0013D1
0013D2
0013D3
0013D4
0013D5
0013D6
0013D7
0013D8
0013D9
0013DA
0013DB
0013DC
0013DD
0013DE
0013DF
0013E0
0013E1
0013E2
0013E3
0013E4
0013E5
0013E6
0013E7
0013E8
0013E9
0013EA
0013EB
0013EC
0013ED
0013EE
0013EF
0013F0
0013F1
0013F2
0013F3
0013F4
0013F5
0013F6
0013F7
0013F8
0013F9
0013FA
0013FB
0013FC
0013FD
0013FE
0013FF
001400
001401
001402
001403
001404
001405
001406
001407
001408
001409
00140A
00140B
00140C
00140D
00140E
00140F
001410
001411
001412
001413
001414
001415
001416
001417
001418
001419
00141A
00141B
00141C
00141D
00141E
00141F
001420
001421
001422
001423
001424
001425
001426
001427
001428
001429
00142A
00142B
00142C
00142D
00142E
00142F
001430
001431
001432
001433
001434
001435
001436
001437
001438
001439
00143A
00143B
00143C
00143D
00143E
00143F
001440
001441
001442
001443
001444
001445
001446
001447
001448
001449
00144A
00144B
00144C
00144D
00144E
00144F
001450
001451
001452
001453
001454
001455
001456
001457
001458
001459
00145A
00145B
00145C
00145D
00145E
00145F
001460
001461
001462
001463
001464
001465
001466
001467
001468
001469
00146A
00146B
00146C
00146D
00146E
00146F
001470
001471
001472
001473
001474
001475
001476
001477
001478
001479
00147A
00147B
00147C
00147D
00147E
00147F
001480
001481
001482
001483
001484
001485
001486
001487
001488
001489
00148A
00148B
00148C
00148D
00148E
00148F
001490
001491
001492
001493
001494
001495
001496
001497
001498
001499
00149A
00149B
00149C
00149D
00149E
00149F
0014A0
0014A1
0014A2
0014A3
0014A4
0014A5
0014A6
0014A7
0014A8
0014A9
0014AA
0014AB
0014AC
0014AD
0014AE
0014AF
0014B0
0014B1
0014B2
0014B3
0014B4
0014B5
0014B6
0014B7
0014B8
0014B9
0014BA
0014BB
0014BC
0014BD
0014BE
0014BF
0014C0
0014C1
0014C2
0014C3
0014C4
0014C5
0014C6
0014C7
0014C8
0014C9
0014CA
0014CB
0014CC
0014CD
0014CE
0014CF
0014D0
0014D1
0014D2
0014D3
0014D4
0014D5
0014D6
0014D7
0014D8
0014D9
0014DA
0014DB
0014DC
0014DD
0014DE
0014DF
0014E0
0014E1
0014E2
0014E3
0014E4
0014E5
0014E6
0014E7
0014E8
0014E9
0014EA
0014EB
0014EC
0014ED
0014EE
0014EF
0014F0
0014F1
0014F2
0014F3
0014F4
0014F5
0014F6
0014F7
0014F8
0014F9
0014FA
0014FB
0014FC
0014FD
0014FE
0014FF
001500
001501
001502
001503
001504
001505
001506
001507
001508
001509
00150A
00150B
00150C
00150D
00150E
00150F
001510
001511
001512
001513
001514
001515
001516
001517
001518
001519
00151A
00151B
00151C
00151D
00151E
00151F
001520
001521
001522
001523
001524
001525
001526
001527
001528
001529
00152A
00152B
00152C
00152D
00152E
00152F
001530
001531
001532
001533
001534
001535
001536
001537
001538
001539
00153A
00153B
00153C
00153D
00153E
00153F
001540
001541
001542
001543
001544
001545
001546
001547
001548
001549
00154A
00154B
00154C
00154D
00154E
00154F
001550
001551
001552
001553
001554
001555
001556
001557
001558
001559
00155A
00155B
00155C
00155D
00155E
00155F
001560
001561
001562
001563
001564
001565
001566
001567
001568
001569
00156A
00156B
00156C
00156D
00156E
00156F
001570
001571
001572
001573
001574
001575
001576
001577
001578
001579
00157A
00157B
00157C
00157D
00157E
00157F
001580
001581
001582
001583
001584
001585
001586
001587
001588
001589
00158A
00158B
00158C
00158D
00158E
00158F
001590
001591
001592
001593
001594
001595
001596
001597
001598
001599
00159A
00159B
00159C
00159D
00159E
00159F
0015A0
0015A1
0015A2
0015A3
0015A4
0015A5
0015A6
0015A7
0015A8
0015A9
0015AA
0015AB
0015AC
0015AD
0015AE
0015AF
0015B0
0015B1
0015B2
0015B3
0015B4
0015B5
0015B6
0015B7
0015B8
0015B9
0015BA
0015BB
0015BC
0015BD
0015BE
0015BF
0015C0
0015C1
0015C2
0015C3
0015C4
0015C5
0015C6
0015C7
0015C8
0015C9
0015CA
0015CB
0015CC
0015CD
0015CE
0015CF
0015D0
0015D1
0015D2
0015D3
0015D4
0015D5
0015D6
0015D7
0015D8
0015D9
0015DA
0015DB
0015DC
0015DD
0015DE
0015DF
0015E0
0015E1
0015E2
0015E3
0015E4
0015E5
0015E6
0015E7
0015E8
0015E9
0015EA
0015EB
0015EC
0015ED
0015EE
0015EF
0015F0
0015F1
0015F2
0015F3
0015F4
0015F5
0015F6
0015F7
0015F8
0015F9
0015FA
0015FB
0015FC
0015FD
0015FE
0015FF
001600
001601
001602
001603
001604
001605
001606
001607
001608
001609
00160A
00160B
00160C
00160D
00160E
00160F
001610
001611
001612
001613
001614
001615
001616
001617
001618
001619
00161A
00161B
00161C
00161D
00161E
00161F
001620
001621
001622
001623
001624
001625
001626
001627
001628
001629
00162A
00162B
00162C
00162D
00162E
00162F
001630
001631
001632
001633
001634
001635
001636
001637
001638
001639
00163A
00163B
00163C
00163D
00163E
00163F
001640
001641
001642
001643
001644
001645
001646
001647
001648
001649
00164A
00164B
00164C
00164D
00164E
00164F
001650
001651
001652
001653
001654
001655
001656
001657
001658
001659
00165A
00165B
00165C
00165D
00165E
00165F
001660
001661
001662
001663
001664
001665
001666
001667
001668
001669
00166A
00166B
00166C
00166D
00166E
00166F
001670
001671
001672
001673
001674
001675
001676
001677
001678
001679
00167A
00167B
00167C
00167D
00167E
00167F
001680
001681
001682
001683
001684
001685
001686
001687
001688
001689
00168A
00168B
00168C
00168D
00168E
00168F
001690
001691
001692
001693
001694
001695
001696
001697
001698
001699
00169A
00169B
00169C
00169D
00169E
00169F
0016A0
0016A1
0016A2
0016A3
0016A4
0016A5
0016A6
0016A7
0016A8
0016A9
0016AA
0016AB
0016AC
0016AD
0016AE
0016AF
0016B0
0016B1
0016B2
0016B3
0016B4
0016B5
0016B6
0016B7
0016B8
0016B9
0016BA
0016BB
0016BC
0016BD
0016BE
0016BF
0016C0
0016C1
0016C2
0016C3
0016C4
0016C5
0016C6
0016C7
0016C8
0016C9
0016CA
0016CB
0016CC
0016CD
0016CE
0016CF
0016D0
0016D1
0016D2
0016D3
0016D4
0016D5
0016D6
0016D7
0016D8
0016D9
0016DA
0016DB
0016DC
0016DD
0016DE
0016DF
0016E0
0016E1
0016E2
0016E3
0016E4
0016E5
0016E6
0016E7
0016E8
0016E9
0016EA
0016EB
0016EC
0016ED
0016EE
0016EF
0016F0
0016F1
0016F2
0016F3
0016F4
0016F5
0016F6
0016F7
0016F8
0016F9
0016FA
0016FB
0016FC
0016FD
0016FE
0016FF
001700
001701
001702
001703
001704
001705
001706
001707
001708
001709
00170A
00170B
00170C
00170D
00170E
00170F
001710
001711
001712
001713
001714
001715
001716
001717
001718
001719
00171A
00171B
00171C
00171D
00171E
00171F
001720
001721
001722
001723
001724
001725
001726
001727
001728
001729
00172A
00172B
00172C
00172D
00172E
00172F
001730
001731
001732
001733
001734
001735
001736
001737
001738
001739
00173A
00173B
00173C
00173D
00173E
00173F
001740
001741
001742
001743
001744
001745
001746
001747
001748
001749
00174A
00174B
00174C
00174D
00174E
00174F
001750
001751
001752
001753
001754
001755
001756
001757
001758
001759
00175A
00175B
00175C
00175D
00175E
00175F
001760
001761
001762
001763
001764
001765
001766
001767
001768
001769
00176A
00176B
00176C
00176D
00176E
00176F
001770
001771
001772
001773
001774
001775
001776
001777
001778
001779
00177A
00177B
00177C
00177D
00177E
00177F
001780
001781
001782
001783
001784
001785
001786
001787
001788
001789
00178A
00178B
00178C
00178D
00178E
00178F
001790
001791
001792
001793
001794
001795
001796
001797
001798
001799
00179A
00179B
00179C
00179D
00179E
00179F
0017A0
0017A1
0017A2
0017A3
0017A4
0017A5
0017A6
0017A7
0017A8
0017A9
0017AA
0017AB
0017AC
0017AD
0017AE
0017AF
0017B0
0017B1
0017B2
0017B3
0017B4
0017B5
0017B6
0017B7
0017B8
0017B9
0017BA
0017BB
0017BC
0017BD
0017BE
0017BF
0017C0
0017C1
0017C2
0017C3
0017C4
0017C5
0017C6
0017C7
0017C8
0017C9
0017CA
0017CB
0017CC
0017CD
0017CE
0017CF
0017D0
0017D1
0017D2
0017D3
0017D4
0017D5
0017D6
0017D7
0017D8
0017D9
0017DA
0017DB
0017DC
0017DD
0017DE
0017DF
0017E0
0017E1
0017E2
0017E3
0017E4
0017E5
0017E6
0017E7
0017E8
0017E9
0017EA
0017EB
0017EC
0017ED
0017EE
0017EF
0017F0
0017F1
0017F2
0017F3
0017F4
0017F5
0017F6
0017F7
0017F8
0017F9
0017FA
0017FB
0017FC
0017FD
0017FE
0017FF
001800
001801
001802
001803
001804
001805
001806
001807
001808
001809
00180A
00180B
00180C
00180D
00180E
00180F
001810
001811
001812
001813
001814
001815
001816
001817
001818
001819
00181A
00181B
00181C
00181D
00181E
00181F
001820
001821
001822
001823
001824
001825
001826
001827
001828
001829
00182A
00182B
00182C
00182D
00182E
00182F
001830
001831
001832
001833
001834
001835
001836
001837
001838
001839
00183A
00183B
00183C
00183D
00183E
00183F
001840
001841
001842
001843
001844
001845
001846
001847
001848
001849
00184A
00184B
00184C
00184D
00184E
00184F
001850
001851
001852
001853
001854
001855
001856
001857
001858
001859
00185A
00185B
00185C
00185D
00185E
00185F
001860
001861
001862
001863
001864
001865
001866
001867
001868
001869
00186A
00186B
00186C
00186D
00186E
00186F
001870
001871
001872
001873
001874
001875
001876
001877
001878
001879
00187A
00187B
00187C
00187D
00187E
00187F
001880
001881
001882
001883
001884
001885
001886
001887
001888
001889
00188A
00188B
00188C
00188D
00188E
00188F
001890
001891
001892
001893
001894
001895
001896
001897
001898
001899
00189A
00189B
00189C
00189D
00189E
00189F
0018A0
0018A1
0018A2
0018A3
0018A4
0018A5
0018A6
0018A7
0018A8
0018A9
0018AA
0018AB
0018AC
0018AD
0018AE
0018AF
0018B0
0018B1
0018B2
0018B3
0018B4
0018B5
0018B6
0018B7
0018B8
0018B9
0018BA
0018BB
0018BC
0018BD
0018BE
0018BF
0018C0
0018C1
0018C2
0018C3
0018C4
0018C5
0018C6
0018C7
0018C8
0018C9
0018CA
0018CB
0018CC
0018CD
0018CE
0018CF
0018D0
0018D1
0018D2
0018D3
0018D4
0018D5
0018D6
0018D7
0018D8
0018D9
0018DA
0018DB
0018DC
0018DD
0018DE
0018DF
0018E0
0018E1
0018E2
0018E3
0018E4
0018E5
0018E6
0018E7
0018E8
0018E9
0018EA
0018EB
0018EC
0018ED
0018EE
0018EF
0018F0
0018F1
0018F2
0018F3
0018F4
0018F5
0018F6
0018F7
0018F8
0018F9
0018FA
0018FB
0018FC
0018FD
0018FE
0018FF
001900
001901
001902
001903
001904
001905
001906
001907
001908
001909
00190A
00190B
00190C
00190D
00190E
00190F
001910
001911
001912
001913
001914
001915
001916
001917
001918
001919
00191A
00191B
00191C
00191D
00191E
00191F
001920
001921
001922
001923
001924
001925
001926
001927
001928
001929
00192A
00192B
00192C
00192D
00192E
00192F
001930
001931
001932
001933
001934
001935
001936
001937
001938
001939
00193A
00193B
00193C
00193D
00193E
00193F
001940
001941
001942
001943
001944
001945
001946
001947
001948
001949
00194A
00194B
00194C
00194D
00194E
00194F
001950
001951
001952
001953
001954
001955
001956
001957
001958
001959
00195A
00195B
00195C
00195D
00195E
00195F
001960
001961
001962
001963
001964
001965
001966
001967
001968
001969
00196A
00196B
00196C
00196D
00196E
00196F
001970
001971
001972
001973
001974
001975
001976
001977
001978
001979
00197A
00197B
00197C
00197D
00197E
00197F
001980
001981
001982
001983
001984
001985
001986
001987
001988
001989
00198A
00198B
00198C
00198D
00198E
00198F
001990
001991
001992
001993
001994
001995
001996
001997
001998
001999
00199A
00199B
00199C
00199D
00199E
00199F
0019A0
0019A1
0019A2
0019A3
0019A4
0019A5
0019A6
0019A7
0019A8
0019A9
0019AA
0019AB
0019AC
0019AD
0019AE
0019AF
0019B0
0019B1
0019B2
0019B3
0019B4
0019B5
0019B6
0019B7
0019B8
0019B9
0019BA
0019BB
0019BC
0019BD
0019BE
0019BF
0019C0
0019C1
0019C2
0019C3
0019C4
0019C5
0019C6
0019C7
0019C8
0019C9
0019CA
0019CB
0019CC
0019CD
0019CE
0019CF
0019D0
0019D1
0019D2
0019D3
0019D4
0019D5
0019D6
0019D7
0019D8
0019D9
0019DA
0019DB
0019DC
0019DD
0019DE
0019DF
0019E0
0019E1
0019E2
0019E3
0019E4
0019E5
0019E6
0019E7
0019E8
0019E9
0019EA
0019EB
0019EC
0019ED
0019EE
0019EF
0019F0
0019F1
0019F2
0019F3
0019F4
0019F5
0019F6
0019F7
0019F8
0019F9
0019FA
0019FB
0019FC
0019FD
0019FE
0019FF
001A00
001A01
001A02
001A03
001A04
001A05
001A06
001A07
001A08
001A09
001A0A
001A0B
001A0C
001A0D
001A0E
001A0F
001A10
001A11
001A12
001A13
001A14
001A15
001A16
001A17
001A18
001A19
001A1A
001A1B
001A1C
001A1D
001A1E
001A1F
001A20
001A21
001A22
001A23
001A24
001A25
001A26
001A27
001A28
001A29
001A2A
001A2B
001A2C
001A2D
001A2E
001A2F
001A30
001A31
001A32
001A33
001A34
001A35
001A36
001A37
001A38
001A39
001A3A
001A3B
001A3C
001A3D
001A3E
001A3F
001A40
001A41
001A42
001A43
001A44
001A45
001A46
001A47
001A48
001A49
001A4A
001A4B
001A4C
001A4D
001A4E
001A4F
001A50
001A51
001A52
001A53
001A54
001A55
001A56
001A57
001A58
001A59
001A5A
001A5B
001A5C
001A5D
001A5E
001A5F
001A60
001A61
001A62
001A63
001A64
001A65
001A66
001A67
001A68
001A69
001A6A
001A6B
001A6C
001A6D
001A6E
001A6F
001A70
001A71
001A72
001A73
001A74
001A75
001A76
001A77
001A78
001A79
001A7A
001A7B
001A7C
001A7D
001A7E
001A7F
001A80
001A81
001A82
001A83
001A84
001A85
001A86
001A87
001A88
001A89
001A8A
001A8B
001A8C
001A8D
001A8E
001A8F
001A90
001A91
001A92
001A93
001A94
001A95
001A96
001A97
001A98
001A99
001A9A
001A9B
001A9C
001A9D
001A9E
001A9F
001AA0
001AA1
001AA2
001AA3
001AA4
001AA5
001AA6
001AA7
001AA8
001AA9
001AAA
001AAB
001AAC
001AAD
001AAE
001AAF
001AB0
001AB1
001AB2
001AB3
001AB4
001AB5
001AB6
001AB7
001AB8
001AB9
001ABA
001ABB
001ABC
001ABD
001ABE
001ABF
001AC0
001AC1
001AC2
001AC3
001AC4
001AC5
001AC6
001AC7
001AC8
001AC9
001ACA
001ACB
001ACC
001ACD
001ACE
001ACF
001AD0
001AD1
001AD2
001AD3
001AD4
001AD5
001AD6
001AD7
001AD8
001AD9
001ADA
001ADB
001ADC
001ADD
001ADE
001ADF
001AE0
001AE1
001AE2
001AE3
001AE4
001AE5
001AE6
001AE7
001AE8
001AE9
001AEA
001AEB
001AEC
001AED
001AEE
001AEF
001AF0
001AF1
001AF2
001AF3
001AF4
001AF5
001AF6
001AF7
001AF8
001AF9
001AFA
001AFB
001AFC
001AFD
001AFE
001AFF
001B00
001B01
001B02
001B03
001B04
001B05
001B06
001B07
001B08
001B09
001B0A
001B0B
001B0C
001B0D
001B0E
001B0F
001B10
001B11
001B12
001B13
001B14
001B15
001B16
001B17
001B18
001B19
001B1A
001B1B
001B1C
001B1D
001B1E
001B1F
001B20
001B21
001B22
001B23
001B24
001B25
001B26
001B27
001B28
001B29
001B2A
001B2B
001B2C
001B2D
001B2E
001B2F
001B30
001B31
001B32
001B33
001B34
001B35
001B36
001B37
001B38
001B39
001B3A
001B3B
001B3C
001B3D
001B3E
001B3F
001B40
001B41
001B42
001B43
001B44
001B45
001B46
001B47
001B48
001B49
001B4A
001B4B
001B4C
001B4D
001B4E
001B4F
001B50
001B51
001B52
001B53
001B54
001B55
001B56
001B57
001B58
001B59
001B5A
001B5B
001B5C
001B5D
001B5E
001B5F
001B60
001B61
001B62
001B63
001B64
001B65
001B66
001B67
001B68
001B69
001B6A
001B6B
001B6C
001B6D
001B6E
001B6F
001B70
001B71
001B72
001B73
001B74
001B75
001B76
001B77
001B78
001B79
001B7A
001B7B
001B7C
001B7D
001B7E
001B7F
001B80
001B81
001B82
001B83
001B84
001B85
001B86
001B87
001B88
001B89
001B8A
001B8B
001B8C
001B8D
001B8E
001B8F
001B90
001B91
001B92
001B93
001B94
001B95
001B96
001B97
001B98
001B99
001B9A
001B9B
001B9C
001B9D
001B9E
001B9F
001BA0
001BA1
001BA2
001BA3
001BA4
001BA5
001BA6
001BA7
001BA8
001BA9
001BAA
001BAB
001BAC
001BAD
001BAE
001BAF
001BB0
001BB1
001BB2
001BB3
001BB4
001BB5
001BB6
001BB7
001BB8
001BB9
001BBA
001BBB
001BBC
001BBD
001BBE
001BBF
001BC0
001BC1
001BC2
001BC3
001BC4
001BC5
001BC6
001BC7
001BC8
001BC9
001BCA
001BCB
001BCC
001BCD
001BCE
001BCF
001BD0
001BD1
001BD2
001BD3
001BD4
001BD5
001BD6
001BD7
001BD8
001BD9
001BDA
001BDB
001BDC
001BDD
001BDE
001BDF
001BE0
001BE1
001BE2
001BE3
001BE4
001BE5
001BE6
001BE7
001BE8
001BE9
001BEA
001BEB
001BEC
001BED
001BEE
001BEF
001BF0
001BF1
001BF2
001BF3
001BF4
001BF5
001BF6
001BF7
001BF8
001BF9
001BFA
001BFB
001BFC
001BFD
001BFE
001BFF
001C00
001C01
001C02
001C03
001C04
001C05
001C06
001C07
001C08
001C09
001C0A
001C0B
001C0C
001C0D
001C0E
001C0F
001C10
001C11
001C12
001C13
001C14
001C15
001C16
001C17
001C18
001C19
001C1A
001C1B
001C1C
001C1D
001C1E
001C1F
001C20
001C21
001C22
001C23
001C24
001C25
001C26
001C27
001C28
001C29
001C2A
001C2B
001C2C
001C2D
001C2E
001C2F
001C30
001C31
001C32
001C33
001C34
001C35
001C36
001C37
001C38
001C39
001C3A
001C3B
001C3C
001C3D
001C3E
001C3F
001C40
001C41
001C42
001C43
001C44
001C45
001C46
001C47
001C48
001C49
001C4A
001C4B
001C4C
001C4D
001C4E
001C4F
001C50
001C51
001C52
001C53
001C54
001C55
001C56
001C57
001C58
001C59
001C5A
001C5B
001C5C
001C5D
001C5E
001C5F
001C60
001C61
001C62
001C63
001C64
001C65
001C66
001C67
001C68
001C69
001C6A
001C6B
001C6C
001C6D
001C6E
001C6F
001C70
001C71
001C72
001C73
001C74
001C75
001C76
001C77
001C78
001C79
001C7A
001C7B
001C7C
001C7D
001C7E
001C7F
001C80
001C81
001C82
001C83
001C84
001C85
001C86
001C87
001C88
001C89
001C8A
001C8B
001C8C
001C8D
001C8E
001C8F
001C90
001C91
001C92
001C93
001C94
001C95
001C96
001C97
001C98
001C99
001C9A
001C9B
001C9C
001C9D
001C9E
001C9F
001CA0
001CA1
001CA2
001CA3
001CA4
001CA5
001CA6
001CA7
001CA8
001CA9
001CAA
001CAB
001CAC
001CAD
001CAE
001CAF
001CB0
001CB1
001CB2
001CB3
001CB4
001CB5
001CB6
001CB7
001CB8
001CB9
001CBA
001CBB
001CBC
001CBD
001CBE
001CBF
001CC0
001CC1
001CC2
001CC3
001CC4
001CC5
001CC6
001CC7
001CC8
001CC9
001CCA
001CCB
001CCC
001CCD
001CCE
001CCF
001CD0
001CD1
001CD2
001CD3
001CD4
001CD5
001CD6
001CD7
001CD8
001CD9
001CDA
001CDB
001CDC
001CDD
001CDE
001CDF
001CE0
001CE1
001CE2
001CE3
001CE4
001CE5
001CE6
001CE7
001CE8
001CE9
001CEA
001CEB
001CEC
001CED
001CEE
001CEF
001CF0
001CF1
001CF2
001CF3
001CF4
001CF5
001CF6
001CF7
001CF8
001CF9
001CFA
001CFB
001CFC
001CFD
001CFE
001CFF
001D00
001D01
001D02
001D03
001D04
001D05
001D06
001D07
001D08
001D09
001D0A
001D0B
001D0C
001D0D
001D0E
001D0F
001D10
001D11
001D12
001D13
001D14
001D15
001D16
001D17
001D18
001D19
001D1A
001D1B
001D1C
001D1D
001D1E
001D1F
001D20
001D21
001D22
001D23
001D24
001D25
001D26
001D27
001D28
001D29
001D2A
001D2B
001D2C
001D2D
001D2E
001D2F
001D30
001D31
001D32
001D33
001D34
001D35
001D36
001D37
001D38
001D39
001D3A
001D3B
001D3C
001D3D
001D3E
001D3F
001D40
001D41
001D42
001D43
001D44
001D45
001D46
001D47
001D48
001D49
001D4A
001D4B
001D4C
001D4D
001D4E
001D4F
001D50
001D51
001D52
001D53
001D54
001D55
001D56
001D57
001D58
001D59
001D5A
001D5B
001D5C
001D5D
001D5E
001D5F
001D60
001D61
001D62
001D63
001D64
001D65
001D66
001D67
001D68
001D69
001D6A
001D6B
001D6C
001D6D
001D6E
001D6F
001D70
001D71
001D72
001D73
001D74
001D75
001D76
001D77
001D78
001D79
001D7A
001D7B
001D7C
001D7D
001D7E
001D7F
001D80
001D81
001D82
001D83
001D84
001D85
001D86
001D87
001D88
001D89
001D8A
001D8B
001D8C
001D8D
001D8E
001D8F
001D90
001D91
001D92
001D93
001D94
001D95
001D96
001D97
001D98
001D99
001D9A
001D9B
001D9C
001D9D
001D9E
001D9F
001DA0
001DA1
001DA2
001DA3
001DA4
001DA5
001DA6
001DA7
001DA8
001DA9
001DAA
001DAB
001DAC
001DAD
001DAE
001DAF
001DB0
001DB1
001DB2
001DB3
001DB4
001DB5
001DB6
001DB7
001DB8
001DB9
001DBA
001DBB
001DBC
001DBD
001DBE
001DBF
001DC0
001DC1
001DC2
001DC3
001DC4
001DC5
001DC6
001DC7
001DC8
001DC9
001DCA
001DCB
001DCC
001DCD
001DCE
001DCF
001DD0
001DD1
001DD2
001DD3
001DD4
001DD5
001DD6
001DD7
001DD8
001DD9
001DDA
001DDB
001DDC
001DDD
001DDE
001DDF
001DE0
001DE1
001DE2
001DE3
001DE4
001DE5
001DE6
001DE7
001DE8
001DE9
001DEA
001DEB
001DEC
001DED
001DEE
001DEF
001DF0
001DF1
001DF2
001DF3
001DF4
001DF5
001DF6
001DF7
001DF8
001DF9
001DFA
001DFB
001DFC
001DFD
001DFE
001DFF
001E00
001E01
001E02
001E03
001E04
001E05
001E06
001E07
001E08
001E09
001E0A
001E0B
001E0C
001E0D
001E0E
001E0F
001E10
001E11
001E12
001E13
001E14
001E15
001E16
001E17
001E18
001E19
001E1A
001E1B
001E1C
001E1D
001E1E
001E1F
001E20
001E21
001E22
001E23
001E24
001E25
001E26
001E27
001E28
001E29
001E2A
001E2B
001E2C
001E2D
001E2E
001E2F
001E30
001E31
001E32
001E33
001E34
001E35
001E36
001E37
001E38
001E39
001E3A
001E3B
001E3C
001E3D
001E3E
001E3F
001E40
001E41
001E42
001E43
001E44
001E45
001E46
001E47
001E48
001E49
001E4A
001E4B
001E4C
001E4D
001E4E
001E4F
001E50
001E51
001E52
001E53
001E54
001E55
001E56
001E57
001E58
001E59
001E5A
001E5B
001E5C
001E5D
001E5E
001E5F
001E60
001E61
001E62
001E63
001E64
001E65
001E66
001E67
001E68
001E69
001E6A
001E6B
001E6C
001E6D
001E6E
001E6F
001E70
001E71
001E72
001E73
001E74
001E75
001E76
001E77
001E78
001E79
001E7A
001E7B
001E7C
001E7D
001E7E
001E7F
001E80
001E81
001E82
001E83
001E84
001E85
001E86
001E87
001E88
001E89
001E8A
001E8B
001E8C
001E8D
001E8E
001E8F
001E90
001E91
001E92
001E93
001E94
001E95
001E96
001E97
001E98
001E99
001E9A
001E9B
001E9C
001E9D
001E9E
001E9F
001EA0
001EA1
001EA2
001EA3
001EA4
001EA5
001EA6
001EA7
001EA8
001EA9
001EAA
001EAB
001EAC
001EAD
001EAE
001EAF
001EB0
001EB1
001EB2
001EB3
001EB4
001EB5
001EB6
001EB7
001EB8
001EB9
001EBA
001EBB
001EBC
001EBD
001EBE
001EBF
001EC0
001EC1
001EC2
001EC3
001EC4
001EC5
001EC6
001EC7
001EC8
001EC9
001ECA
001ECB
001ECC
001ECD
001ECE
001ECF
001ED0
001ED1
001ED2
001ED3
001ED4
001ED5
001ED6
001ED7
001ED8
001ED9
001EDA
001EDB
001EDC
001EDD
001EDE
001EDF
001EE0
001EE1
001EE2
001EE3
001EE4
001EE5
001EE6
001EE7
001EE8
001EE9
001EEA
001EEB
001EEC
001EED
001EEE
001EEF
001EF0
001EF1
001EF2
001EF3
001EF4
001EF5
001EF6
001EF7
001EF8
001EF9
001EFA
001EFB
001EFC
001EFD
001EFE
001EFF
001F00
001F01
001F02
001F03
001F04
001F05
001F06
001F07
001F08
001F09
001F0A
001F0B
001F0C
001F0D
001F0E
001F0F
001F10
001F11
001F12
001F13
001F14
001F15
001F16
001F17
001F18
001F19
001F1A
001F1B
001F1C
001F1D
001F1E
001F1F
001F20
001F21
001F22
001F23
001F24
001F25
001F26
001F27
001F28
001F29
001F2A
001F2B
001F2C
001F2D
001F2E
001F2F
001F30
001F31
001F32
001F33
001F34
001F35
001F36
001F37
001F38
001F39
001F3A
001F3B
001F3C
001F3D
001F3E
001F3F
001F40
001F41
001F42
001F43
001F44
001F45
001F46
001F47
001F48
001F49
001F4A
001F4B
001F4C
001F4D
001F4E
001F4F
001F50
001F51
001F52
001F53
001F54
001F55
001F56
001F57
001F58
001F59
001F5A
001F5B
001F5C
001F5D
001F5E
001F5F
001F60
001F61
001F62
001F63
001F64
001F65
001F66
001F67
001F68
001F69
001F6A
001F6B
001F6C
001F6D
001F6E
001F6F
001F70
001F71
001F72
001F73
001F74
001F75
001F76
001F77
001F78
001F79
001F7A
001F7B
001F7C
001F7D
001F7E
001F7F
001F80
001F81
001F82
001F83
001F84
001F85
001F86
001F87
001F88
001F89
001F8A
001F8B
001F8C
001F8D
001F8E
001F8F
001F90
001F91
001F92
001F93
001F94
001F95
001F96
001F97
001F98
001F99
001F9A
001F9B
001F9C
001F9D
001F9E
001F9F
001FA0
001FA1
001FA2
001FA3
001FA4
001FA5
001FA6
001FA7
001FA8
001FA9
001FAA
001FAB
001FAC
001FAD
001FAE
001FAF
001FB0
001FB1
001FB2
001FB3
001FB4
001FB5
001FB6
001FB7
001FB8
001FB9
001FBA
001FBB
001FBC
001FBD
001FBE
001FBF
001FC0
001FC1
001FC2
001FC3
001FC4
001FC5
001FC6
001FC7
001FC8
001FC9
001FCA
001FCB
001FCC
001FCD
001FCE
001FCF
001FD0
001FD1
001FD2
001FD3
001FD4
001FD5
001FD6
001FD7
001FD8
001FD9
001FDA
001FDB
001FDC
001FDD
001FDE
001FDF
001FE0
001FE1
001FE2
001FE3
001FE4
001FE5
001FE6
001FE7
001FE8
001FE9
001FEA
001FEB
001FEC
001FED
001FEE
001FEF
001FF0
001FF1
001FF2
001FF3
001FF4
001FF5
001FF6
001FF7
001FF8
001FF9
001FFA
001FFB
001FFC
001FFD
001FFE
001FFF
002000
002001
002002
002003
002004
002005
002006
002007
002008
002009
00200A
00200B
00200C
00200D
00200E
00200F
002010
002011
002012
002013
002014
002015
002016
002017
002018
002019
00201A
00201B
00201C
00201D
00201E
00201F
002020
002021
002022
002023
002024
002025
002026
002027
002028
002029
00202A
00202B
00202C
00202D
00202E
00202F
002030
002031
002032
002033
002034
002035
002036
002037
002038
002039
00203A
00203B
00203C
00203D
00203E
00203F
002040
002041
002042
002043
002044
002045
002046
002047
002048
002049
00204A
00204B
00204C
00204D
00204E
00204F
002050
002051
002052
002053
002054
002055
002056
002057
002058
002059
00205A
00205B
00205C
00205D
00205E
00205F
002060
002061
002062
002063
002064
002065
002066
002067
002068
002069
00206A
00206B
00206C
00206D
00206E
00206F
002070
002071
002072
002073
002074
002075
002076
002077
002078
002079
00207A
00207B
00207C
00207D
00207E
00207F
002080
002081
002082
002083
002084
002085
002086
002087
002088
002089
00208A
00208B
00208C
00208D
00208E
00208F
002090
002091
002092
002093
002094
002095
002096
002097
002098
002099
00209A
00209B
00209C
00209D
00209E
00209F
0020A0
0020A1
0020A2
0020A3
0020A4
0020A5
0020A6
0020A7
0020A8
0020A9
0020AA
0020AB
0020AC
0020AD
0020AE
0020AF
0020B0
0020B1
0020B2
0020B3
0020B4
0020B5
0020B6
0020B7
0020B8
0020B9
0020BA
0020BB
0020BC
0020BD
0020BE
0020BF
0020C0
0020C1
0020C2
0020C3
0020C4
0020C5
0020C6
0020C7
0020C8
0020C9
0020CA
0020CB
0020CC
0020CD
0020CE
0020CF
0020D0
0020D1
0020D2
0020D3
0020D4
0020D5
0020D6
0020D7
0020D8
0020D9
0020DA
0020DB
0020DC
0020DD
0020DE
0020DF
0020E0
0020E1
0020E2
0020E3
0020E4
0020E5
0020E6
0020E7
0020E8
0020E9
0020EA
0020EB
0020EC
0020ED
0020EE
0020EF
0020F0
0020F1
0020F2
0020F3
0020F4
0020F5
0020F6
0020F7
0020F8
0020F9
0020FA
0020FB
0020FC
0020FD
0020FE
0020FF
002100
002101
002102
002103
002104
002105
002106
002107
002108
002109
00210A
00210B
00210C
00210D
00210E
00210F
002110
002111
002112
002113
002114
002115
002116
002117
002118
002119
00211A
00211B
00211C
00211D
00211E
00211F
002120
002121
002122
002123
002124
002125
002126
002127
002128
002129
00212A
00212B
00212C
00212D
00212E
00212F
002130
002131
002132
002133
002134
002135
002136
002137
002138
002139
00213A
00213B
00213C
00213D
00213E
00213F
002140
002141
002142
002143
002144
002145
002146
002147
002148
002149
00214A
00214B
00214C
00214D
00214E
00214F
002150
002151
002152
002153
002154
002155
002156
002157
002158
002159
00215A
00215B
00215C
00215D
00215E
00215F
002160
002161
002162
002163
002164
002165
002166
002167
002168
002169
00216A
00216B
00216C
00216D
00216E
00216F
002170
002171
002172
002173
002174
002175
002176
002177
002178
002179
00217A
00217B
00217C
00217D
00217E
00217F
002180
002181
002182
002183
002184
002185
002186
002187
002188
002189
00218A
00218B
00218C
00218D
00218E
00218F
002190
002191
002192
002193
002194
002195
002196
002197
002198
002199
00219A
00219B
00219C
00219D
00219E
00219F
0021A0
0021A1
0021A2
0021A3
0021A4
0021A5
0021A6
0021A7
0021A8
0021A9
0021AA
0021AB
0021AC
0021AD
0021AE
0021AF
0021B0
0021B1
0021B2
0021B3
0021B4
0021B5
0021B6
0021B7
0021B8
0021B9
0021BA
0021BB
0021BC
0021BD
0021BE
0021BF
0021C0
0021C1
0021C2
0021C3
0021C4
0021C5
0021C6
0021C7
0021C8
0021C9
0021CA
0021CB
0021CC
0021CD
0021CE
0021CF
0021D0
0021D1
0021D2
0021D3
0021D4
0021D5
0021D6
0021D7
0021D8
0021D9
0021DA
0021DB
0021DC
0021DD
0021DE
0021DF
0021E0
0021E1
0021E2
0021E3
0021E4
0021E5
0021E6
0021E7
0021E8
0021E9
0021EA
0021EB
0021EC
0021ED
0021EE
0021EF
0021F0
0021F1
0021F2
0021F3
0021F4
0021F5
0021F6
0021F7
0021F8
0021F9
0021FA
0021FB
0021FC
0021FD
0021FE
0021FF
002200
002201
002202
002203
002204
002205
002206
002207
002208
002209
00220A
00220B
00220C
00220D
00220E
00220F
002210
002211
002212
002213
002214
002215
002216
002217
002218
002219
00221A
00221B
00221C
00221D
00221E
00221F
002220
002221
002222
002223
002224
002225
002226
002227
002228
002229
00222A
00222B
00222C
00222D
00222E
00222F
002230
002231
002232
002233
002234
002235
002236
002237
002238
002239
00223A
00223B
00223C
00223D
00223E
00223F
002240
002241
002242
002243
002244
002245
002246
002247
002248
002249
00224A
00224B
00224C
00224D
00224E
00224F
002250
002251
002252
002253
002254
002255
002256
002257
002258
002259
00225A
00225B
00225C
00225D
00225E
00225F
002260
002261
002262
002263
002264
002265
002266
002267
002268
002269
00226A
00226B
00226C
00226D
00226E
00226F
002270
002271
002272
002273
002274
002275
002276
002277
002278
002279
00227A
00227B
00227C
00227D
00227E
00227F
002280
002281
002282
002283
002284
002285
002286
002287
002288
002289
00228A
00228B
00228C
00228D
00228E
00228F
002290
002291
002292
002293
002294
002295
002296
002297
002298
002299
00229A
00229B
00229C
00229D
00229E
00229F
0022A0
0022A1
0022A2
0022A3
0022A4
0022A5
0022A6
0022A7
0022A8
0022A9
0022AA
0022AB
0022AC
0022AD
0022AE
0022AF
0022B0
0022B1
0022B2
0022B3
0022B4
0022B5
0022B6
0022B7
0022B8
0022B9
0022BA
0022BB
0022BC
0022BD
0022BE
0022BF
0022C0
0022C1
0022C2
0022C3
0022C4
0022C5
0022C6
0022C7
0022C8
0022C9
0022CA
0022CB
0022CC
0022CD
0022CE
0022CF
0022D0
0022D1
0022D2
0022D3
0022D4
0022D5
0022D6
0022D7
0022D8
0022D9
0022DA
0022DB
0022DC
0022DD
0022DE
0022DF
0022E0
0022E1
0022E2
0022E3
0022E4
0022E5
0022E6
0022E7
0022E8
0022E9
0022EA
0022EB
0022EC
0022ED
0022EE
0022EF
0022F0
0022F1
0022F2
0022F3
0022F4
0022F5
0022F6
0022F7
0022F8
0022F9
0022FA
0022FB
0022FC
0022FD
0022FE
0022FF
002300
002301
002302
002303
002304
002305
002306
002307
002308
002309
00230A
00230B
00230C
00230D
00230E
00230F
002310
002311
002312
002313
002314
002315
002316
002317
002318
002319
00231A
00231B
00231C
00231D
00231E
00231F
002320
002321
002322
002323
002324
002325
002326
002327
002328
002329
00232A
00232B
00232C
00232D
00232E
00232F
002330
002331
002332
002333
002334
002335
002336
002337
002338
002339
00233A
00233B
00233C
00233D
00233E
00233F
002340
002341
002342
002343
002344
002345
002346
002347
002348
002349
00234A
00234B
00234C
00234D
00234E
00234F
002350
002351
002352
002353
002354
002355
002356
002357
002358
002359
00235A
00235B
00235C
00235D
00235E
00235F
002360
002361
002362
002363
002364
002365
002366
002367
002368
002369
00236A
00236B
00236C
00236D
00236E
00236F
002370
002371
002372
002373
002374
002375
002376
002377
002378
002379
00237A
00237B
00237C
00237D
00237E
00237F
002380
002381
002382
002383
002384
002385
002386
002387
002388
002389
00238A
00238B
00238C
00238D
00238E
00238F
002390
002391
002392
002393
002394
002395
002396
002397
002398
002399
00239A
00239B
00239C
00239D
00239E
00239F
0023A0
0023A1
0023A2
0023A3
0023A4
0023A5
0023A6
0023A7
0023A8
0023A9
0023AA
0023AB
0023AC
0023AD
0023AE
0023AF
0023B0
0023B1
0023B2
0023B3
0023B4
0023B5
0023B6
0023B7
0023B8
0023B9
0023BA
0023BB
0023BC
0023BD
0023BE
0023BF
0023C0
0023C1
0023C2
0023C3
0023C4
0023C5
0023C6
0023C7
0023C8
0023C9
0023CA
0023CB
0023CC
0023CD
0023CE
0023CF
0023D0
0023D1
0023D2
0023D3
0023D4
0023D5
0023D6
0023D7
0023D8
0023D9
0023DA
0023DB
0023DC
0023DD
0023DE
0023DF
0023E0
0023E1
0023E2
0023E3
0023E4
0023E5
0023E6
0023E7
0023E8
0023E9
0023EA
0023EB
0023EC
0023ED
0023EE
0023EF
0023F0
0023F1
0023F2
0023F3
0023F4
0023F5
0023F6
0023F7
0023F8
0023F9
0023FA
0023FB
0023FC
0023FD
0023FE
0023FF
002400
002401
002402
002403
002404
002405
002406
002407
002408
002409
00240A
00240B
00240C
00240D
00240E
00240F
002410
002411
002412
002413
002414
002415
002416
002417
002418
002419
00241A
00241B
00241C
00241D
00241E
00241F
002420
002421
002422
002423
002424
002425
002426
002427
002428
002429
00242A
00242B
00242C
00242D
00242E
00242F
002430
002431
002432
002433
002434
002435
002436
002437
002438
002439
00243A
00243B
00243C
00243D
00243E
00243F
002440
002441
002442
002443
002444
002445
002446
002447
002448
002449
00244A
00244B
00244C
00244D
00244E
00244F
002450
002451
002452
002453
002454
002455
002456
002457
002458
002459
00245A
00245B
00245C
00245D
00245E
00245F
002460
002461
002462
002463
002464
002465
002466
002467
002468
002469
00246A
00246B
00246C
00246D
00246E
00246F
002470
002471
002472
002473
002474
002475
002476
002477
002478
002479
00247A
00247B
00247C
00247D
00247E
00247F
002480
002481
002482
002483
002484
002485
002486
002487
002488
002489
00248A
00248B
00248C
00248D
00248E
00248F
002490
002491
002492
002493
002494
002495
002496
002497
002498
002499
00249A
00249B
00249C
00249D
00249E
00249F
0024A0
0024A1
0024A2
0024A3
0024A4
0024A5
0024A6
0024A7
0024A8
0024A9
0024AA
0024AB
0024AC
0024AD
0024AE
0024AF
0024B0
0024B1
0024B2
0024B3
0024B4
0024B5
0024B6
0024B7
0024B8
0024B9
0024BA
0024BB
0024BC
0024BD
0024BE
0024BF
0024C0
0024C1
0024C2
0024C3
0024C4
0024C5
0024C6
0024C7
0024C8
0024C9
0024CA
0024CB
0024CC
0024CD
0024CE
0024CF
0024D0
0024D1
0024D2
0024D3
0024D4
0024D5
0024D6
0024D7
0024D8
0024D9
0024DA
0024DB
0024DC
0024DD
0024DE
0024DF
0024E0
0024E1
0024E2
0024E3
0024E4
0024E5
0024E6
0024E7
0024E8
0024E9
0024EA
0024EB
0024EC
0024ED
0024EE
0024EF
0024F0
0024F1
0024F2
0024F3
0024F4
0024F5
0024F6
0024F7
0024F8
0024F9
0024FA
0024FB
0024FC
0024FD
0024FE
0024FF
002500
002501
002502
002503
002504
002505
002506
002507
002508
002509
00250A
00250B
00250C
00250D
00250E
00250F
002510
002511
002512
002513
002514
002515
002516
002517
002518
002519
00251A
00251B
00251C
00251D
00251E
00251F
002520
002521
002522
002523
002524
002525
002526
002527
002528
002529
00252A
00252B
00252C
00252D
00252E
00252F
002530
002531
002532
002533
002534
002535
002536
002537
002538
002539
00253A
00253B
00253C
00253D
00253E
00253F
002540
002541
002542
002543
002544
002545
002546
002547
002548
002549
00254A
00254B
00254C
00254D
00254E
00254F
002550
002551
002552
002553
002554
002555
002556
002557
002558
002559
00255A
00255B
00255C
00255D
00255E
00255F
002560
002561
002562
002563
002564
002565
002566
002567
002568
002569
00256A
00256B
00256C
00256D
00256E
00256F
002570
002571
002572
002573
002574
002575
002576
002577
002578
002579
00257A
00257B
00257C
00257D
00257E
00257F
002580
002581
002582
002583
002584
002585
002586
002587
002588
002589
00258A
00258B
00258C
00258D
00258E
00258F
002590
002591
002592
002593
002594
002595
002596
002597
002598
002599
00259A
00259B
00259C
00259D
00259E
00259F
0025A0
0025A1
0025A2
0025A3
0025A4
0025A5
0025A6
0025A7
0025A8
0025A9
0025AA
0025AB
0025AC
0025AD
0025AE
0025AF
0025B0
0025B1
0025B2
0025B3
0025B4
0025B5
0025B6
0025B7
0025B8
0025B9
0025BA
0025BB
0025BC
0025BD
0025BE
0025BF
0025C0
0025C1
0025C2
0025C3
0025C4
0025C5
0025C6
0025C7
0025C8
0025C9
0025CA
0025CB
0025CC
0025CD
0025CE
0025CF
0025D0
0025D1
0025D2
0025D3
0025D4
0025D5
0025D6
0025D7
0025D8
0025D9
0025DA
0025DB
0025DC
0025DD
0025DE
0025DF
0025E0
0025E1
0025E2
0025E3
0025E4
0025E5
0025E6
0025E7
0025E8
0025E9
0025EA
0025EB
0025EC
0025ED
0025EE
0025EF
0025F0
0025F1
0025F2
0025F3
0025F4
0025F5
0025F6
0025F7
0025F8
0025F9
0025FA
0025FB
0025FC
0025FD
0025FE
0025FF
002600
002601
002602
002603
002604
002605
002606
002607
002608
002609
00260A
00260B
00260C
00260D
00260E
00260F
002610
002611
002612
002613
002614
002615
002616
002617
002618
002619
00261A
00261B
00261C
00261D
00261E
00261F
002620
002621
002622
002623
002624
002625
002626
002627
002628
002629
00262A
00262B
00262C
00262D
00262E
00262F
002630
002631
002632
002633
002634
002635
002636
002637
002638
002639
00263A
00263B
00263C
00263D
00263E
00263F
002640
002641
002642
002643
002644
002645
002646
002647
002648
002649
00264A
00264B
00264C
00264D
00264E
00264F
002650
002651
002652
002653
002654
002655
002656
002657
002658
002659
00265A
00265B
00265C
00265D
00265E
00265F
002660
002661
002662
002663
002664
002665
002666
002667
002668
002669
00266A
00266B
00266C
00266D
00266E
00266F
002670
002671
002672
002673
002674
002675
002676
002677
002678
002679
00267A
00267B
00267C
00267D
00267E
00267F
002680
002681
002682
002683
002684
002685
002686
002687
002688
002689
00268A
00268B
00268C
00268D
00268E
00268F
002690
002691
002692
002693
002694
002695
002696
002697
002698
002699
00269A
00269B
00269C
00269D
00269E
00269F
0026A0
0026A1
0026A2
0026A3
0026A4
0026A5
0026A6
0026A7
0026A8
0026A9
0026AA
0026AB
0026AC
0026AD
0026AE
0026AF
0026B0
0026B1
0026B2
0026B3
0026B4
0026B5
0026B6
0026B7
0026B8
0026B9
0026BA
0026BB
0026BC
0026BD
0026BE
0026BF
0026C0
0026C1
0026C2
0026C3
0026C4
0026C5
0026C6
0026C7
0026C8
0026C9
0026CA
0026CB
0026CC
0026CD
0026CE
0026CF
0026D0
0026D1
0026D2
0026D3
0026D4
0026D5
0026D6
0026D7
0026D8
0026D9
0026DA
0026DB
0026DC
0026DD
0026DE
0026DF
0026E0
0026E1
0026E2
0026E3
0026E4
0026E5
0026E6
0026E7
0026E8
0026E9
0026EA
0026EB
0026EC
0026ED
0026EE
0026EF
0026F0
0026F1
0026F2
0026F3
0026F4
0026F5
0026F6
0026F7
0026F8
0026F9
0026FA
0026FB
0026FC
0026FD
0026FE
0026FF
002700
002701
002702
002703
002704
002705
002706
002707
002708
002709
00270A
00270B
00270C
00270D
00270E
00270F
002710
002711
002712
002713
002714
002715
002716
002717
002718
002719
00271A
00271B
00271C
00271D
00271E
00271F
002720
002721
002722
002723
002724
002725
002726
002727
002728
002729
00272A
00272B
00272C
00272D
00272E
00272F
002730
002731
002732
002733
002734
002735
002736
002737
002738
002739
00273A
00273B
00273C
00273D
00273E
00273F
002740
002741
002742
002743
002744
002745
002746
002747
002748
002749
00274A
00274B
00274C
00274D
00274E
00274F
002750
002751
002752
002753
002754
002755
002756
002757
002758
002759
00275A
00275B
00275C
00275D
00275E
00275F
002760
002761
002762
002763
002764
002765
002766
002767
002768
002769
00276A
00276B
00276C
00276D
00276E
00276F
002770
002771
002772
002773
002774
002775
002776
002777
002778
002779
00277A
00277B
00277C
00277D
00277E
00277F
002780
002781
002782
002783
002784
002785
002786
002787
002788
002789
00278A
00278B
00278C
00278D
00278E
00278F
002790
002791
002792
002793
002794
002795
002796
002797
002798
002799
00279A
00279B
00279C
00279D
00279E
00279F
0027A0
0027A1
0027A2
0027A3
0027A4
0027A5
0027A6
0027A7
0027A8
0027A9
0027AA
0027AB
0027AC
0027AD
0027AE
0027AF
0027B0
0027B1
0027B2
0027B3
0027B4
0027B5
0027B6
0027B7
0027B8
0027B9
0027BA
0027BB
0027BC
0027BD
0027BE
0027BF
0027C0
0027C1
0027C2
0027C3
0027C4
0027C5
0027C6
0027C7
0027C8
0027C9
0027CA
0027CB
0027CC
0027CD
0027CE
0027CF
0027D0
0027D1
0027D2
0027D3
0027D4
0027D5
0027D6
0027D7
0027D8
0027D9
0027DA
0027DB
0027DC
0027DD
0027DE
0027DF
0027E0
0027E1
0027E2
0027E3
0027E4
0027E5
0027E6
0027E7
0027E8
0027E9
0027EA
0027EB
0027EC
0027ED
0027EE
0027EF
0027F0
0027F1
0027F2
0027F3
0027F4
0027F5
0027F6
0027F7
0027F8
0027F9
0027FA
0027FB
0027FC
0027FD
0027FE
0027FF
002800
002801
002802
002803
002804
002805
002806
002807
002808
002809
00280A
00280B
00280C
00280D
00280E
00280F
002810
002811
002812
002813
002814
002815
002816
002817
002818
002819
00281A
00281B
00281C
00281D
00281E
00281F
002820
002821
002822
002823
002824
002825
002826
002827
002828
002829
00282A
00282B
00282C
00282D
00282E
00282F
002830
002831
002832
002833
002834
002835
002836
002837
002838
002839
00283A
00283B
00283C
00283D
00283E
00283F
002840
002841
002842
002843
002844
002845
002846
002847
002848
002849
00284A
00284B
00284C
00284D
00284E
00284F
002850
002851
002852
002853
002854
002855
002856
002857
002858
002859
00285A
00285B
00285C
00285D
00285E
00285F
002860
002861
002862
002863
002864
002865
002866
002867
002868
002869
00286A
00286B
00286C
00286D
00286E
00286F
002870
002871
002872
002873
002874
002875
002876
002877
002878
002879
00287A
00287B
00287C
00287D
00287E
00287F
002880
002881
002882
002883
002884
002885
002886
002887
002888
002889
00288A
00288B
00288C
00288D
00288E
00288F
002890
002891
002892
002893
002894
002895
002896
002897
002898
002899
00289A
00289B
00289C
00289D
00289E
00289F
0028A0
0028A1
0028A2
0028A3
0028A4
0028A5
0028A6
0028A7
0028A8
0028A9
0028AA
0028AB
0028AC
0028AD
0028AE
0028AF
0028B0
0028B1
0028B2
0028B3
0028B4
0028B5
0028B6
0028B7
0028B8
0028B9
0028BA
0028BB
0028BC
0028BD
0028BE
0028BF
0028C0
0028C1
0028C2
0028C3
0028C4
0028C5
0028C6
0028C7
0028C8
0028C9
0028CA
0028CB
0028CC
0028CD
0028CE
0028CF
0028D0
0028D1
0028D2
0028D3
0028D4
0028D5
0028D6
0028D7
0028D8
0028D9
0028DA
0028DB
0028DC
0028DD
0028DE
0028DF
0028E0
0028E1
0028E2
0028E3
0028E4
0028E5
0028E6
0028E7
0028E8
0028E9
0028EA
0028EB
0028EC
0028ED
0028EE
0028EF
0028F0
0028F1
0028F2
0028F3
0028F4
0028F5
0028F6
0028F7
0028F8
0028F9
0028FA
0028FB
0028FC
0028FD
0028FE
0028FF
002900
002901
002902
002903
002904
002905
002906
002907
002908
002909
00290A
00290B
00290C
00290D
00290E
00290F
002910
002911
002912
002913
002914
002915
002916
002917
002918
002919
00291A
00291B
00291C
00291D
00291E
00291F
002920
002921
002922
002923
002924
002925
002926
002927
002928
002929
00292A
00292B
00292C
00292D
00292E
00292F
002930
002931
002932
002933
002934
002935
002936
002937
002938
002939
00293A
00293B
00293C
00293D
00293E
00293F
002940
002941
002942
002943
002944
002945
002946
002947
002948
002949
00294A
00294B
00294C
00294D
00294E
00294F
002950
002951
002952
002953
002954
002955
002956
002957
002958
002959
00295A
00295B
00295C
00295D
00295E
00295F
002960
002961
002962
002963
002964
002965
002966
002967
002968
002969
00296A
00296B
00296C
00296D
00296E
00296F
002970
002971
002972
002973
002974
002975
002976
002977
002978
002979
00297A
00297B
00297C
00297D
00297E
00297F
002980
002981
002982
002983
002984
002985
002986
002987
002988
002989
00298A
00298B
00298C
00298D
00298E
00298F
002990
002991
002992
002993
002994
002995
002996
002997
002998
002999
00299A
00299B
00299C
00299D
00299E
00299F
0029A0
0029A1
0029A2
0029A3
0029A4
0029A5
0029A6
0029A7
0029A8
0029A9
0029AA
0029AB
0029AC
0029AD
0029AE
0029AF
0029B0
0029B1
0029B2
0029B3
0029B4
0029B5
0029B6
0029B7
0029B8
0029B9
0029BA
0029BB
0029BC
0029BD
0029BE
0029BF
0029C0
0029C1
0029C2
0029C3
0029C4
0029C5
0029C6
0029C7
0029C8
0029C9
0029CA
0029CB
0029CC
0029CD
0029CE
0029CF
0029D0
0029D1
0029D2
0029D3
0029D4
0029D5
0029D6
0029D7
0029D8
0029D9
0029DA
0029DB
0029DC
0029DD
0029DE
0029DF
0029E0
0029E1
0029E2
0029E3
0029E4
0029E5
0029E6
0029E7
0029E8
0029E9
0029EA
0029EB
0029EC
0029ED
0029EE
0029EF
0029F0
0029F1
0029F2
0029F3
0029F4
0029F5
0029F6
0029F7
0029F8
0029F9
0029FA
0029FB
0029FC
0029FD
0029FE
0029FF
002A00
002A01
002A02
002A03
002A04
002A05
002A06
002A07
002A08
002A09
002A0A
002A0B
002A0C
002A0D
002A0E
002A0F
002A10
002A11
002A12
002A13
002A14
002A15
002A16
002A17
002A18
002A19
002A1A
002A1B
002A1C
002A1D
002A1E
002A1F
002A20
002A21
002A22
002A23
002A24
002A25
002A26
002A27
002A28
002A29
002A2A
002A2B
002A2C
002A2D
002A2E
002A2F
002A30
002A31
002A32
002A33
002A34
002A35
002A36
002A37
002A38
002A39
002A3A
002A3B
002A3C
002A3D
002A3E
002A3F
002A40
002A41
002A42
002A43
002A44
002A45
002A46
002A47
002A48
002A49
002A4A
002A4B
002A4C
002A4D
002A4E
002A4F
002A50
002A51
002A52
002A53
002A54
002A55
002A56
002A57
002A58
002A59
002A5A
002A5B
002A5C
002A5D
002A5E
002A5F
002A60
002A61
002A62
002A63
002A64
002A65
002A66
002A67
002A68
002A69
002A6A
002A6B
002A6C
002A6D
002A6E
002A6F
002A70
002A71
002A72
002A73
002A74
002A75
002A76
002A77
002A78
002A79
002A7A
002A7B
002A7C
002A7D
002A7E
002A7F
002A80
002A81
002A82
002A83
002A84
002A85
002A86
002A87
002A88
002A89
002A8A
002A8B
002A8C
002A8D
002A8E
002A8F
002A90
002A91
002A92
002A93
002A94
002A95
002A96
002A97
002A98
002A99
002A9A
002A9B
002A9C
002A9D
002A9E
002A9F
002AA0
002AA1
002AA2
002AA3
002AA4
002AA5
002AA6
002AA7
002AA8
002AA9
002AAA
002AAB
002AAC
002AAD
002AAE
002AAF
002AB0
002AB1
002AB2
002AB3
002AB4
002AB5
002AB6
002AB7
002AB8
002AB9
002ABA
002ABB
002ABC
002ABD
002ABE
002ABF
002AC0
002AC1
002AC2
002AC3
002AC4
002AC5
002AC6
002AC7
002AC8
002AC9
002ACA
002ACB
002ACC
002ACD
002ACE
002ACF
002AD0
002AD1
002AD2
002AD3
002AD4
002AD5
002AD6
002AD7
002AD8
002AD9
002ADA
002ADB
002ADC
002ADD
002ADE
002ADF
002AE0
002AE1
002AE2
002AE3
002AE4
002AE5
002AE6
002AE7
002AE8
002AE9
002AEA
002AEB
002AEC
002AED
002AEE
002AEF
002AF0
002AF1
002AF2
002AF3
002AF4
002AF5
002AF6
002AF7
002AF8
002AF9
002AFA
002AFB
002AFC
002AFD
002AFE
002AFF
002B00
002B01
002B02
002B03
002B04
002B05
002B06
002B07
002B08
002B09
002B0A
002B0B
002B0C
002B0D
002B0E
002B0F
002B10
002B11
002B12
002B13
002B14
002B15
002B16
002B17
002B18
002B19
002B1A
002B1B
002B1C
002B1D
002B1E
002B1F
002B20
002B21
002B22
002B23
002B24
002B25
002B26
002B27
002B28
002B29
002B2A
002B2B
002B2C
002B2D
002B2E
002B2F
002B30
002B31
002B32
002B33
002B34
002B35
002B36
002B37
002B38
002B39
002B3A
002B3B
002B3C
002B3D
002B3E
002B3F
002B40
002B41
002B42
002B43
002B44
002B45
002B46
002B47
002B48
002B49
002B4A
002B4B
002B4C
002B4D
002B4E
002B4F
002B50
002B51
002B52
002B53
002B54
002B55
002B56
002B57
002B58
002B59
002B5A
002B5B
002B5C
002B5D
002B5E
002B5F
002B60
002B61
002B62
002B63
002B64
002B65
002B66
002B67
002B68
002B69
002B6A
002B6B
002B6C
002B6D
002B6E
002B6F
002B70
002B71
002B72
002B73
002B74
002B75
002B76
002B77
002B78
002B79
002B7A
002B7B
002B7C
002B7D
002B7E
002B7F
002B80
002B81
002B82
002B83
002B84
002B85
002B86
002B87
002B88
002B89
002B8A
002B8B
002B8C
002B8D
002B8E
002B8F
002B90
002B91
002B92
002B93
002B94
002B95
002B96
002B97
002B98
002B99
002B9A
002B9B
002B9C
002B9D
002B9E
002B9F
002BA0
002BA1
002BA2
002BA3
002BA4
002BA5
002BA6
002BA7
002BA8
002BA9
002BAA
002BAB
002BAC
002BAD
002BAE
002BAF
002BB0
002BB1
002BB2
002BB3
002BB4
002BB5
002BB6
002BB7
002BB8
002BB9
002BBA
002BBB
002BBC
002BBD
002BBE
002BBF
002BC0
002BC1
002BC2
002BC3
002BC4
002BC5
002BC6
002BC7
002BC8
002BC9
002BCA
002BCB
002BCC
002BCD
002BCE
002BCF
002BD0
002BD1
002BD2
002BD3
002BD4
002BD5
002BD6
002BD7
002BD8
002BD9
002BDA
002BDB
002BDC
002BDD
002BDE
002BDF
002BE0
002BE1
002BE2
002BE3
002BE4
002BE5
002BE6
002BE7
002BE8
002BE9
002BEA
002BEB
002BEC
002BED
002BEE
002BEF
002BF0
002BF1
002BF2
002BF3
002BF4
002BF5
002BF6
002BF7
002BF8
002BF9
002BFA
002BFB
002BFC
002BFD
002BFE
002BFF
002C00
002C01
002C02
002C03
002C04
002C05
002C06
002C07
002C08
002C09
002C0A
002C0B
002C0C
002C0D
002C0E
002C0F
002C10
002C11
002C12
002C13
002C14
002C15
002C16
002C17
002C18
002C19
002C1A
002C1B
002C1C
002C1D
002C1E
002C1F
002C20
002C21
002C22
002C23
002C24
002C25
002C26
002C27
002C28
002C29
002C2A
002C2B
002C2C
002C2D
002C2E
002C2F
002C30
002C31
002C32
002C33
002C34
002C35
002C36
002C37
002C38
002C39
002C3A
002C3B
002C3C
002C3D
002C3E
002C3F
002C40
002C41
002C42
002C43
002C44
002C45
002C46
002C47
002C48
002C49
002C4A
002C4B
002C4C
002C4D
002C4E
002C4F
002C50
002C51
002C52
002C53
002C54
002C55
002C56
002C57
002C58
002C59
002C5A
002C5B
002C5C
002C5D
002C5E
002C5F
002C60
002C61
002C62
002C63
002C64
002C65
002C66
002C67
002C68
002C69
002C6A
002C6B
002C6C
002C6D
002C6E
002C6F
002C70
002C71
002C72
002C73
002C74
002C75
002C76
002C77
002C78
002C79
002C7A
002C7B
002C7C
002C7D
002C7E
002C7F
002C80
002C81
002C82
002C83
002C84
002C85
002C86
002C87
002C88
002C89
002C8A
002C8B
002C8C
002C8D
002C8E
002C8F
002C90
002C91
002C92
002C93
002C94
002C95
002C96
002C97
002C98
002C99
002C9A
002C9B
002C9C
002C9D
002C9E
002C9F
002CA0
002CA1
002CA2
002CA3
002CA4
002CA5
002CA6
002CA7
002CA8
002CA9
002CAA
002CAB
002CAC
002CAD
002CAE
002CAF
002CB0
002CB1
002CB2
002CB3
002CB4
002CB5
002CB6
002CB7
002CB8
002CB9
002CBA
002CBB
002CBC
002CBD
002CBE
002CBF
002CC0
002CC1
002CC2
002CC3
002CC4
002CC5
002CC6
002CC7
002CC8
002CC9
002CCA
002CCB
002CCC
002CCD
002CCE
002CCF
002CD0
002CD1
002CD2
002CD3
002CD4
002CD5
002CD6
002CD7
002CD8
002CD9
002CDA
002CDB
002CDC
002CDD
002CDE
002CDF
002CE0
002CE1
002CE2
002CE3
002CE4
002CE5
002CE6
002CE7
002CE8
002CE9
002CEA
002CEB
002CEC
002CED
002CEE
002CEF
002CF0
002CF1
002CF2
002CF3
002CF4
002CF5
002CF6
002CF7
002CF8
002CF9
002CFA
002CFB
002CFC
002CFD
002CFE
002CFF
002D00
002D01
002D02
002D03
002D04
002D05
002D06
002D07
002D08
002D09
002D0A
002D0B
002D0C
002D0D
002D0E
002D0F
002D10
002D11
002D12
002D13
002D14
002D15
002D16
002D17
002D18
002D19
002D1A
002D1B
002D1C
002D1D
002D1E
002D1F
002D20
002D21
002D22
002D23
002D24
002D25
002D26
002D27
002D28
002D29
002D2A
002D2B
002D2C
002D2D
002D2E
002D2F
002D30
002D31
002D32
002D33
002D34
002D35
002D36
002D37
002D38
002D39
002D3A
002D3B
002D3C
002D3D
002D3E
002D3F
002D40
002D41
002D42
002D43
002D44
002D45
002D46
002D47
002D48
002D49
002D4A
002D4B
002D4C
002D4D
002D4E
002D4F
002D50
002D51
002D52
002D53
002D54
002D55
002D56
002D57
002D58
002D59
002D5A
002D5B
002D5C
002D5D
002D5E
002D5F
002D60
002D61
002D62
002D63
002D64
002D65
002D66
002D67
002D68
002D69
002D6A
002D6B
002D6C
002D6D
002D6E
002D6F
002D70
002D71
002D72
002D73
002D74
002D75
002D76
002D77
002D78
002D79
002D7A
002D7B
002D7C
002D7D
002D7E
002D7F
002D80
002D81
002D82
002D83
002D84
002D85
002D86
002D87
002D88
002D89
002D8A
002D8B
002D8C
002D8D
002D8E
002D8F
002D90
002D91
002D92
002D93
002D94
002D95
002D96
002D97
002D98
002D99
002D9A
002D9B
002D9C
002D9D
002D9E
002D9F
002DA0
002DA1
002DA2
002DA3
002DA4
002DA5
002DA6
002DA7
002DA8
002DA9
002DAA
002DAB
002DAC
002DAD
002DAE
002DAF
002DB0
002DB1
002DB2
002DB3
002DB4
002DB5
002DB6
002DB7
002DB8
002DB9
002DBA
002DBB
002DBC
002DBD
002DBE
002DBF
002DC0
002DC1
002DC2
002DC3
002DC4
002DC5
002DC6
002DC7
002DC8
002DC9
002DCA
002DCB
002DCC
002DCD
002DCE
002DCF
002DD0
002DD1
002DD2
002DD3
002DD4
002DD5
002DD6
002DD7
002DD8
002DD9
002DDA
002DDB
002DDC
002DDD
002DDE
002DDF
002DE0
002DE1
002DE2
002DE3
002DE4
002DE5
002DE6
002DE7
002DE8
002DE9
002DEA
002DEB
002DEC
002DED
002DEE
002DEF
002DF0
002DF1
002DF2
002DF3
002DF4
002DF5
002DF6
002DF7
002DF8
002DF9
002DFA
002DFB
002DFC
002DFD
002DFE
002DFF
002E00
002E01
002E02
002E03
002E04
002E05
002E06
002E07
002E08
002E09
002E0A
002E0B
002E0C
002E0D
002E0E
002E0F
002E10
002E11
002E12
002E13
002E14
002E15
002E16
002E17
002E18
002E19
002E1A
002E1B
002E1C
002E1D
002E1E
002E1F
002E20
002E21
002E22
002E23
002E24
002E25
002E26
002E27
002E28
002E29
002E2A
002E2B
002E2C
002E2D
002E2E
002E2F
002E30
002E31
002E32
002E33
002E34
002E35
002E36
002E37
002E38
002E39
002E3A
002E3B
002E3C
002E3D
002E3E
002E3F
002E40
002E41
002E42
002E43
002E44
002E45
002E46
002E47
002E48
002E49
002E4A
002E4B
002E4C
002E4D
002E4E
002E4F
002E50
002E51
002E52
002E53
002E54
002E55
002E56
002E57
002E58
002E59
002E5A
002E5B
002E5C
002E5D
002E5E
002E5F
002E60
002E61
002E62
002E63
002E64
002E65
002E66
002E67
002E68
002E69
002E6A
002E6B
002E6C
002E6D
002E6E
002E6F
002E70
002E71
002E72
002E73
002E74
002E75
002E76
002E77
002E78
002E79
002E7A
002E7B
002E7C
002E7D
002E7E
002E7F
002E80
002E81
002E82
002E83
002E84
002E85
002E86
002E87
002E88
002E89
002E8A
002E8B
002E8C
002E8D
002E8E
002E8F
002E90
002E91
002E92
002E93
002E94
002E95
002E96
002E97
002E98
002E99
002E9A
002E9B
002E9C
002E9D
002E9E
002E9F
002EA0
002EA1
002EA2
002EA3
002EA4
002EA5
002EA6
002EA7
002EA8
002EA9
002EAA
002EAB
002EAC
002EAD
002EAE
002EAF
002EB0
002EB1
002EB2
002EB3
002EB4
002EB5
002EB6
002EB7
002EB8
002EB9
002EBA
002EBB
002EBC
002EBD
002EBE
002EBF
002EC0
002EC1
002EC2
002EC3
002EC4
002EC5
002EC6
002EC7
002EC8
002EC9
002ECA
002ECB
002ECC
002ECD
002ECE
002ECF
002ED0
002ED1
002ED2
002ED3
002ED4
002ED5
002ED6
002ED7
002ED8
002ED9
002EDA
002EDB
002EDC
002EDD
002EDE
002EDF
002EE0
002EE1
002EE2
002EE3
002EE4
002EE5
002EE6
002EE7
002EE8
002EE9
002EEA
002EEB
002EEC
002EED
002EEE
002EEF
002EF0
002EF1
002EF2
002EF3
002EF4
002EF5
002EF6
002EF7
002EF8
002EF9
002EFA
002EFB
002EFC
002EFD
002EFE
002EFF
002F00
002F01
002F02
002F03
002F04
002F05
002F06
002F07
002F08
002F09
002F0A
002F0B
002F0C
002F0D
002F0E
002F0F
002F10
002F11
002F12
002F13
002F14
002F15
002F16
002F17
002F18
002F19
002F1A
002F1B
002F1C
002F1D
002F1E
002F1F
002F20
002F21
002F22
002F23
002F24
002F25
002F26
002F27
002F28
002F29
002F2A
002F2B
002F2C
002F2D
002F2E
002F2F
002F30
002F31
002F32
002F33
002F34
002F35
002F36
002F37
002F38
002F39
002F3A
002F3B
002F3C
002F3D
002F3E
002F3F
002F40
002F41
002F42
002F43
002F44
002F45
002F46
002F47
002F48
002F49
002F4A
002F4B
002F4C
002F4D
002F4E
002F4F
002F50
002F51
002F52
002F53
002F54
002F55
002F56
002F57
002F58
002F59
002F5A
002F5B
002F5C
002F5D
002F5E
002F5F
002F60
002F61
002F62
002F63
002F64
002F65
002F66
002F67
002F68
002F69
002F6A
002F6B
002F6C
002F6D
002F6E
002F6F
002F70
002F71
002F72
002F73
002F74
002F75
002F76
002F77
002F78
002F79
002F7A
002F7B
002F7C
002F7D
002F7E
002F7F
002F80
002F81
002F82
002F83
002F84
002F85
002F86
002F87
002F88
002F89
002F8A
002F8B
002F8C
002F8D
002F8E
002F8F
002F90
002F91
002F92
002F93
002F94
002F95
002F96
002F97
002F98
002F99
002F9A
002F9B
002F9C
002F9D
002F9E
002F9F
002FA0
002FA1
002FA2
002FA3
002FA4
002FA5
002FA6
002FA7
002FA8
002FA9
002FAA
002FAB
002FAC
002FAD
002FAE
002FAF
002FB0
002FB1
002FB2
002FB3
002FB4
002FB5
002FB6
002FB7
002FB8
002FB9
002FBA
002FBB
002FBC
002FBD
002FBE
002FBF
002FC0
002FC1
002FC2
002FC3
002FC4
002FC5
002FC6
002FC7
002FC8
002FC9
002FCA
002FCB
002FCC
002FCD
002FCE
002FCF
002FD0
002FD1
002FD2
002FD3
002FD4
002FD5
002FD6
002FD7
002FD8
002FD9
002FDA
002FDB
002FDC
002FDD
002FDE
002FDF
002FE0
002FE1
002FE2
002FE3
002FE4
002FE5
002FE6
002FE7
002FE8
002FE9
002FEA
002FEB
002FEC
002FED
002FEE
002FEF
002FF0
002FF1
002FF2
002FF3
002FF4
002FF5
002FF6
002FF7
002FF8
002FF9
002FFA
002FFB
002FFC
002FFD
002FFE
002FFF
003000
003001
003002
003003
003004
003005
003006
003007
003008
003009
00300A
00300B
00300C
00300D
00300E
00300F
003010
003011
003012
003013
003014
003015
003016
003017
003018
003019
00301A
00301B
00301C
00301D
00301E
00301F
003020
003021
003022
003023
003024
003025
003026
003027
003028
003029
00302A
00302B
00302C
00302D
00302E
00302F
003030
003031
003032
003033
003034
003035
003036
003037
003038
003039
00303A
00303B
00303C
00303D
00303E
00303F
003040
003041
003042
003043
003044
003045
003046
003047
003048
003049
00304A
00304B
00304C
00304D
00304E
00304F
003050
003051
003052
003053
003054
003055
003056
003057
003058
003059
00305A
00305B
00305C
00305D
00305E
00305F
003060
003061
003062
003063
003064
003065
003066
003067
003068
003069
00306A
00306B
00306C
00306D
00306E
00306F
003070
003071
003072
003073
003074
003075
003076
003077
003078
003079
00307A
00307B
00307C
00307D
00307E
00307F
003080
003081
003082
003083
003084
003085
003086
003087
003088
003089
00308A
00308B
00308C
00308D
00308E
00308F
003090
003091
003092
003093
003094
003095
003096
003097
003098
003099
00309A
00309B
00309C
00309D
00309E
00309F
0030A0
0030A1
0030A2
0030A3
0030A4
0030A5
0030A6
0030A7
0030A8
0030A9
0030AA
0030AB
0030AC
0030AD
0030AE
0030AF
0030B0
0030B1
0030B2
0030B3
0030B4
0030B5
0030B6
0030B7
0030B8
0030B9
0030BA
0030BB
0030BC
0030BD
0030BE
0030BF
0030C0
0030C1
0030C2
0030C3
0030C4
0030C5
0030C6
0030C7
0030C8
0030C9
0030CA
0030CB
0030CC
0030CD
0030CE
0030CF
0030D0
0030D1
0030D2
0030D3
0030D4
0030D5
0030D6
0030D7
0030D8
0030D9
0030DA
0030DB
0030DC
0030DD
0030DE
0030DF
0030E0
0030E1
0030E2
0030E3
0030E4
0030E5
0030E6
0030E7
0030E8
0030E9
0030EA
0030EB
0030EC
0030ED
0030EE
0030EF
0030F0
0030F1
0030F2
0030F3
0030F4
0030F5
0030F6
0030F7
0030F8
0030F9
0030FA
0030FB
0030FC
0030FD
0030FE
0030FF
003100
003101
003102
003103
003104
003105
003106
003107
003108
003109
00310A
00310B
00310C
00310D
00310E
00310F
003110
003111
003112
003113
003114
003115
003116
003117
003118
003119
00311A
00311B
00311C
00311D
00311E
00311F
003120
003121
003122
003123
003124
003125
003126
003127
003128
003129
00312A
00312B
00312C
00312D
00312E
00312F
003130
003131
003132
003133
003134
003135
003136
003137
003138
003139
00313A
00313B
00313C
00313D
00313E
00313F
003140
003141
003142
003143
003144
003145
003146
003147
003148
003149
00314A
00314B
00314C
00314D
00314E
00314F
003150
003151
003152
003153
003154
003155
003156
003157
003158
003159
00315A
00315B
00315C
00315D
00315E
00315F
003160
003161
003162
003163
003164
003165
003166
003167
003168
003169
00316A
00316B
00316C
00316D
00316E
00316F
003170
003171
003172
003173
003174
003175
003176
003177
003178
003179
00317A
00317B
00317C
00317D
00317E
00317F
003180
003181
003182
003183
003184
003185
003186
003187
003188
003189
00318A
00318B
00318C
00318D
00318E
00318F
003190
003191
003192
003193
003194
003195
003196
003197
003198
003199
00319A
00319B
00319C
00319D
00319E
00319F
0031A0
0031A1
0031A2
0031A3
0031A4
0031A5
0031A6
0031A7
0031A8
0031A9
0031AA
0031AB
0031AC
0031AD
0031AE
0031AF
0031B0
0031B1
0031B2
0031B3
0031B4
0031B5
0031B6
0031B7
0031B8
0031B9
0031BA
0031BB
0031BC
0031BD
0031BE
0031BF
0031C0
0031C1
0031C2
0031C3
0031C4
0031C5
0031C6
0031C7
0031C8
0031C9
0031CA
0031CB
0031CC
0031CD
0031CE
0031CF
0031D0
0031D1
0031D2
0031D3
0031D4
0031D5
0031D6
0031D7
0031D8
0031D9
0031DA
0031DB
0031DC
0031DD
0031DE
0031DF
0031E0
0031E1
0031E2
0031E3
0031E4
0031E5
0031E6
0031E7
0031E8
0031E9
0031EA
0031EB
0031EC
0031ED
0031EE
0031EF
0031F0
0031F1
0031F2
0031F3
0031F4
0031F5
0031F6
0031F7
0031F8
0031F9
0031FA
0031FB
0031FC
0031FD
0031FE
0031FF
003200
003201
003202
003203
003204
003205
003206
003207
003208
003209
00320A
00320B
00320C
00320D
00320E
00320F
003210
003211
003212
003213
003214
003215
003216
003217
003218
003219
00321A
00321B
00321C
00321D
00321E
00321F
003220
003221
003222
003223
003224
003225
003226
003227
003228
003229
00322A
00322B
00322C
00322D
00322E
00322F
003230
003231
003232
003233
003234
003235
003236
003237
003238
003239
00323A
00323B
00323C
00323D
00323E
00323F
003240
003241
003242
003243
003244
003245
003246
003247
003248
003249
00324A
00324B
00324C
00324D
00324E
00324F
003250
003251
003252
003253
003254
003255
003256
003257
003258
003259
00325A
00325B
00325C
00325D
00325E
00325F
003260
003261
003262
003263
003264
003265
003266
003267
003268
003269
00326A
00326B
00326C
00326D
00326E
00326F
003270
003271
003272
003273
003274
003275
003276
003277
003278
003279
00327A
00327B
00327C
00327D
00327E
00327F
003280
003281
003282
003283
003284
003285
003286
003287
003288
003289
00328A
00328B
00328C
00328D
00328E
00328F
003290
003291
003292
003293
003294
003295
003296
003297
003298
003299
00329A
00329B
00329C
00329D
00329E
00329F
0032A0
0032A1
0032A2
0032A3
0032A4
0032A5
0032A6
0032A7
0032A8
0032A9
0032AA
0032AB
0032AC
0032AD
0032AE
0032AF
0032B0
0032B1
0032B2
0032B3
0032B4
0032B5
0032B6
0032B7
0032B8
0032B9
0032BA
0032BB
0032BC
0032BD
0032BE
0032BF
0032C0
0032C1
0032C2
0032C3
0032C4
0032C5
0032C6
0032C7
0032C8
0032C9
0032CA
0032CB
0032CC
0032CD
0032CE
0032CF
0032D0
0032D1
0032D2
0032D3
0032D4
0032D5
0032D6
0032D7
0032D8
0032D9
0032DA
0032DB
0032DC
0032DD
0032DE
0032DF
0032E0
0032E1
0032E2
0032E3
0032E4
0032E5
0032E6
0032E7
0032E8
0032E9
0032EA
0032EB
0032EC
0032ED
0032EE
0032EF
0032F0
0032F1
0032F2
0032F3
0032F4
0032F5
0032F6
0032F7
0032F8
0032F9
0032FA
0032FB
0032FC
0032FD
0032FE
0032FF
003300
003301
003302
003303
003304
003305
003306
003307
003308
003309
00330A
00330B
00330C
00330D
00330E
00330F
003310
003311
003312
003313
003314
003315
003316
003317
003318
003319
00331A
00331B
00331C
00331D
00331E
00331F
003320
003321
003322
003323
003324
003325
003326
003327
003328
003329
00332A
00332B
00332C
00332D
00332E
00332F
003330
003331
003332
003333
003334
003335
003336
003337
003338
003339
00333A
00333B
00333C
00333D
00333E
00333F
003340
003341
003342
003343
003344
003345
003346
003347
003348
003349
00334A
00334B
00334C
00334D
00334E
00334F
003350
003351
003352
003353
003354
003355
003356
003357
003358
003359
00335A
00335B
00335C
00335D
00335E
00335F
003360
003361
003362
003363
003364
003365
003366
003367
003368
003369
00336A
00336B
00336C
00336D
00336E
00336F
003370
003371
003372
003373
003374
003375
003376
003377
003378
003379
00337A
00337B
00337C
00337D
00337E
00337F
003380
003381
003382
003383
003384
003385
003386
003387
003388
003389
00338A
00338B
00338C
00338D
00338E
00338F
003390
003391
003392
003393
003394
003395
003396
003397
003398
003399
00339A
00339B
00339C
00339D
00339E
00339F
0033A0
0033A1
0033A2
0033A3
0033A4
0033A5
0033A6
0033A7
0033A8
0033A9
0033AA
0033AB
0033AC
0033AD
0033AE
0033AF
0033B0
0033B1
0033B2
0033B3
0033B4
0033B5
0033B6
0033B7
0033B8
0033B9
0033BA
0033BB
0033BC
0033BD
0033BE
0033BF
0033C0
0033C1
0033C2
0033C3
0033C4
0033C5
0033C6
0033C7
0033C8
0033C9
0033CA
0033CB
0033CC
0033CD
0033CE
0033CF
0033D0
0033D1
0033D2
0033D3
0033D4
0033D5
0033D6
0033D7
0033D8
0033D9
0033DA
0033DB
0033DC
0033DD
0033DE
0033DF
0033E0
0033E1
0033E2
0033E3
0033E4
0033E5
0033E6
0033E7
0033E8
0033E9
0033EA
0033EB
0033EC
0033ED
0033EE
0033EF
0033F0
0033F1
0033F2
0033F3
0033F4
0033F5
0033F6
0033F7
0033F8
0033F9
0033FA
0033FB
0033FC
0033FD
0033FE
0033FF
003400
003401
003402
003403
003404
003405
003406
003407
003408
003409
00340A
00340B
00340C
00340D
00340E
00340F
003410
003411
003412
003413
003414
003415
003416
003417
003418
003419
00341A
00341B
00341C
00341D
00341E
00341F
003420
003421
003422
003423
003424
003425
003426
003427
003428
003429
00342A
00342B
00342C
00342D
00342E
00342F
003430
003431
003432
003433
003434
003435
003436
003437
003438
003439
00343A
00343B
00343C
00343D
00343E
00343F
003440
003441
003442
003443
003444
003445
003446
003447
003448
003449
00344A
00344B
00344C
00344D
00344E
00344F
003450
003451
003452
003453
003454
003455
003456
003457
003458
003459
00345A
00345B
00345C
00345D
00345E
00345F
003460
003461
003462
003463
003464
003465
003466
003467
003468
003469
00346A
00346B
00346C
00346D
00346E
00346F
003470
003471
003472
003473
003474
003475
003476
003477
003478
003479
00347A
00347B
00347C
00347D
00347E
00347F
003480
003481
003482
003483
003484
003485
003486
003487
003488
003489
00348A
00348B
00348C
00348D
00348E
00348F
003490
003491
003492
003493
003494
003495
003496
003497
003498
003499
00349A
00349B
00349C
00349D
00349E
00349F
0034A0
0034A1
0034A2
0034A3
0034A4
0034A5
0034A6
0034A7
0034A8
0034A9
0034AA
0034AB
0034AC
0034AD
0034AE
0034AF
0034B0
0034B1
0034B2
0034B3
0034B4
0034B5
0034B6
0034B7
0034B8
0034B9
0034BA
0034BB
0034BC
0034BD
0034BE
0034BF
0034C0
0034C1
0034C2
0034C3
0034C4
0034C5
0034C6
0034C7
0034C8
0034C9
0034CA
0034CB
0034CC
0034CD
0034CE
0034CF
0034D0
0034D1
0034D2
0034D3
0034D4
0034D5
0034D6
0034D7
0034D8
0034D9
0034DA
0034DB
0034DC
0034DD
0034DE
0034DF
0034E0
0034E1
0034E2
0034E3
0034E4
0034E5
0034E6
0034E7
0034E8
0034E9
0034EA
0034EB
0034EC
0034ED
0034EE
0034EF
0034F0
0034F1
0034F2
0034F3
0034F4
0034F5
0034F6
0034F7
0034F8
0034F9
0034FA
0034FB
0034FC
0034FD
0034FE
0034FF
003500
003501
003502
003503
003504
003505
003506
003507
003508
003509
00350A
00350B
00350C
00350D
00350E
00350F
003510
003511
003512
003513
003514
003515
003516
003517
003518
003519
00351A
00351B
00351C
00351D
00351E
00351F
003520
003521
003522
003523
003524
003525
003526
003527
003528
003529
00352A
00352B
00352C
00352D
00352E
00352F
003530
003531
003532
003533
003534
003535
003536
003537
003538
003539
00353A
00353B
00353C
00353D
00353E
00353F
003540
003541
003542
003543
003544
003545
003546
003547
003548
003549
00354A
00354B
00354C
00354D
00354E
00354F
003550
003551
003552
003553
003554
003555
003556
003557
003558
003559
00355A
00355B
00355C
00355D
00355E
00355F
003560
003561
003562
003563
003564
003565
003566
003567
003568
003569
00356A
00356B
00356C
00356D
00356E
00356F
003570
003571
003572
003573
003574
003575
003576
003577
003578
003579
00357A
00357B
00357C
00357D
00357E
00357F
003580
003581
003582
003583
003584
003585
003586
003587
003588
003589
00358A
00358B
00358C
00358D
00358E
00358F
003590
003591
003592
003593
003594
003595
003596
003597
003598
003599
00359A
00359B
00359C
00359D
00359E
00359F
0035A0
0035A1
0035A2
0035A3
0035A4
0035A5
0035A6
0035A7
0035A8
0035A9
0035AA
0035AB
0035AC
0035AD
0035AE
0035AF
0035B0
0035B1
0035B2
0035B3
0035B4
0035B5
0035B6
0035B7
0035B8
0035B9
0035BA
0035BB
0035BC
0035BD
0035BE
0035BF
0035C0
0035C1
0035C2
0035C3
0035C4
0035C5
0035C6
0035C7
0035C8
0035C9
0035CA
0035CB
0035CC
0035CD
0035CE
0035CF
0035D0
0035D1
0035D2
0035D3
0035D4
0035D5
0035D6
0035D7
0035D8
0035D9
0035DA
0035DB
0035DC
0035DD
0035DE
0035DF
0035E0
0035E1
0035E2
0035E3
0035E4
0035E5
0035E6
0035E7
0035E8
0035E9
0035EA
0035EB
0035EC
0035ED
0035EE
0035EF
0035F0
0035F1
0035F2
0035F3
0035F4
0035F5
0035F6
0035F7
0035F8
0035F9
0035FA
0035FB
0035FC
0035FD
0035FE
0035FF
003600
003601
003602
003603
003604
003605
003606
003607
003608
003609
00360A
00360B
00360C
00360D
00360E
00360F
003610
003611
003612
003613
003614
003615
003616
003617
003618
003619
00361A
00361B
00361C
00361D
00361E
00361F
003620
003621
003622
003623
003624
003625
003626
003627
003628
003629
00362A
00362B
00362C
00362D
00362E
00362F
003630
003631
003632
003633
003634
003635
003636
003637
003638
003639
00363A
00363B
00363C
00363D
00363E
00363F
003640
003641
003642
003643
003644
003645
003646
003647
003648
003649
00364A
00364B
00364C
00364D
00364E
00364F
003650
003651
003652
003653
003654
003655
003656
003657
003658
003659
00365A
00365B
00365C
00365D
00365E
00365F
003660
003661
003662
003663
003664
003665
003666
003667
003668
003669
00366A
00366B
00366C
00366D
00366E
00366F
003670
003671
003672
003673
003674
003675
003676
003677
003678
003679
00367A
00367B
00367C
00367D
00367E
00367F
003680
003681
003682
003683
003684
003685
003686
003687
003688
003689
00368A
00368B
00368C
00368D
00368E
00368F
003690
003691
003692
003693
003694
003695
003696
003697
003698
003699
00369A
00369B
00369C
00369D
00369E
00369F
0036A0
0036A1
0036A2
0036A3
0036A4
0036A5
0036A6
0036A7
0036A8
0036A9
0036AA
0036AB
0036AC
0036AD
0036AE
0036AF
0036B0
0036B1
0036B2
0036B3
0036B4
0036B5
0036B6
0036B7
0036B8
0036B9
0036BA
0036BB
0036BC
0036BD
0036BE
0036BF
0036C0
0036C1
0036C2
0036C3
0036C4
0036C5
0036C6
0036C7
0036C8
0036C9
0036CA
0036CB
0036CC
0036CD
0036CE
0036CF
0036D0
0036D1
0036D2
0036D3
0036D4
0036D5
0036D6
0036D7
0036D8
0036D9
0036DA
0036DB
0036DC
0036DD
0036DE
0036DF
0036E0
0036E1
0036E2
0036E3
0036E4
0036E5
0036E6
0036E7
0036E8
0036E9
0036EA
0036EB
0036EC
0036ED
0036EE
0036EF
0036F0
0036F1
0036F2
0036F3
0036F4
0036F5
0036F6
0036F7
0036F8
0036F9
0036FA
0036FB
0036FC
0036FD
0036FE
0036FF
003700
003701
003702
003703
003704
003705
003706
003707
003708
003709
00370A
00370B
00370C
00370D
00370E
00370F
003710
003711
003712
003713
003714
003715
003716
003717
003718
003719
00371A
00371B
00371C
00371D
00371E
00371F
003720
003721
003722
003723
003724
003725
003726
003727
003728
003729
00372A
00372B
00372C
00372D
00372E
00372F
003730
003731
003732
003733
003734
003735
003736
003737
003738
003739
00373A
00373B
00373C
00373D
00373E
00373F
003740
003741
003742
003743
003744
003745
003746
003747
003748
003749
00374A
00374B
00374C
00374D
00374E
00374F
003750
003751
003752
003753
003754
003755
003756
003757
003758
003759
00375A
00375B
00375C
00375D
00375E
00375F
003760
003761
003762
003763
003764
003765
003766
003767
003768
003769
00376A
00376B
00376C
00376D
00376E
00376F
003770
003771
003772
003773
003774
003775
003776
003777
003778
003779
00377A
00377B
00377C
00377D
00377E
00377F
003780
003781
003782
003783
003784
003785
003786
003787
003788
003789
00378A
00378B
00378C
00378D
00378E
00378F
003790
003791
003792
003793
003794
003795
003796
003797
003798
003799
00379A
00379B
00379C
00379D
00379E
00379F
0037A0
0037A1
0037A2
0037A3
0037A4
0037A5
0037A6
0037A7
0037A8
0037A9
0037AA
0037AB
0037AC
0037AD
0037AE
0037AF
0037B0
0037B1
0037B2
0037B3
0037B4
0037B5
0037B6
0037B7
0037B8
0037B9
0037BA
0037BB
0037BC
0037BD
0037BE
0037BF
0037C0
0037C1
0037C2
0037C3
0037C4
0037C5
0037C6
0037C7
0037C8
0037C9
0037CA
0037CB
0037CC
0037CD
0037CE
0037CF
0037D0
0037D1
0037D2
0037D3
0037D4
0037D5
0037D6
0037D7
0037D8
0037D9
0037DA
0037DB
0037DC
0037DD
0037DE
0037DF
0037E0
0037E1
0037E2
0037E3
0037E4
0037E5
0037E6
0037E7
0037E8
0037E9
0037EA
0037EB
0037EC
0037ED
0037EE
0037EF
0037F0
0037F1
0037F2
0037F3
0037F4
0037F5
0037F6
0037F7
0037F8
0037F9
0037FA
0037FB
0037FC
0037FD
0037FE
0037FF
003800
003801
003802
003803
003804
003805
003806
003807
003808
003809
00380A
00380B
00380C
00380D
00380E
00380F
003810
003811
003812
003813
003814
003815
003816
003817
003818
003819
00381A
00381B
00381C
00381D
00381E
00381F
003820
003821
003822
003823
003824
003825
003826
003827
003828
003829
00382A
00382B
00382C
00382D
00382E
00382F
003830
003831
003832
003833
003834
003835
003836
003837
003838
003839
00383A
00383B
00383C
00383D
00383E
00383F
003840
003841
003842
003843
003844
003845
003846
003847
003848
003849
00384A
00384B
00384C
00384D
00384E
00384F
003850
003851
003852
003853
003854
003855
003856
003857
003858
003859
00385A
00385B
00385C
00385D
00385E
00385F
003860
003861
003862
003863
003864
003865
003866
003867
003868
003869
00386A
00386B
00386C
00386D
00386E
00386F
003870
003871
003872
003873
003874
003875
003876
003877
003878
003879
00387A
00387B
00387C
00387D
00387E
00387F
003880
003881
003882
003883
003884
003885
003886
003887
003888
003889
00388A
00388B
00388C
00388D
00388E
00388F
003890
003891
003892
003893
003894
003895
003896
003897
003898
003899
00389A
00389B
00389C
00389D
00389E
00389F
0038A0
0038A1
0038A2
0038A3
0038A4
0038A5
0038A6
0038A7
0038A8
0038A9
0038AA
0038AB
0038AC
0038AD
0038AE
0038AF
0038B0
0038B1
0038B2
0038B3
0038B4
0038B5
0038B6
0038B7
0038B8
0038B9
0038BA
0038BB
0038BC
0038BD
0038BE
0038BF
0038C0
0038C1
0038C2
0038C3
0038C4
0038C5
0038C6
0038C7
0038C8
0038C9
0038CA
0038CB
0038CC
0038CD
0038CE
0038CF
0038D0
0038D1
0038D2
0038D3
0038D4
0038D5
0038D6
0038D7
0038D8
0038D9
0038DA
0038DB
0038DC
0038DD
0038DE
0038DF
0038E0
0038E1
0038E2
0038E3
0038E4
0038E5
0038E6
0038E7
0038E8
0038E9
0038EA
0038EB
0038EC
0038ED
0038EE
0038EF
0038F0
0038F1
0038F2
0038F3
0038F4
0038F5
0038F6
0038F7
0038F8
0038F9
0038FA
0038FB
0038FC
0038FD
0038FE
0038FF
003900
003901
003902
003903
003904
003905
003906
003907
003908
003909
00390A
00390B
00390C
00390D
00390E
00390F
003910
003911
003912
003913
003914
003915
003916
003917
003918
003919
00391A
00391B
00391C
00391D
00391E
00391F
003920
003921
003922
003923
003924
003925
003926
003927
003928
003929
00392A
00392B
00392C
00392D
00392E
00392F
003930
003931
003932
003933
003934
003935
003936
003937
003938
003939
00393A
00393B
00393C
00393D
00393E
00393F
003940
003941
003942
003943
003944
003945
003946
003947
003948
003949
00394A
00394B
00394C
00394D
00394E
00394F
003950
003951
003952
003953
003954
003955
003956
003957
003958
003959
00395A
00395B
00395C
00395D
00395E
00395F
003960
003961
003962
003963
003964
003965
003966
003967
003968
003969
00396A
00396B
00396C
00396D
00396E
00396F
003970
003971
003972
003973
003974
003975
003976
003977
003978
003979
00397A
00397B
00397C
00397D
00397E
00397F
003980
003981
003982
003983
003984
003985
003986
003987
003988
003989
00398A
00398B
00398C
00398D
00398E
00398F
003990
003991
003992
003993
003994
003995
003996
003997
003998
003999
00399A
00399B
00399C
00399D
00399E
00399F
0039A0
0039A1
0039A2
0039A3
0039A4
0039A5
0039A6
0039A7
0039A8
0039A9
0039AA
0039AB
0039AC
0039AD
0039AE
0039AF
0039B0
0039B1
0039B2
0039B3
0039B4
0039B5
0039B6
0039B7
0039B8
0039B9
0039BA
0039BB
0039BC
0039BD
0039BE
0039BF
0039C0
0039C1
0039C2
0039C3
0039C4
0039C5
0039C6
0039C7
0039C8
0039C9
0039CA
0039CB
0039CC
0039CD
0039CE
0039CF
0039D0
0039D1
0039D2
0039D3
0039D4
0039D5
0039D6
0039D7
0039D8
0039D9
0039DA
0039DB
0039DC
0039DD
0039DE
0039DF
0039E0
0039E1
0039E2
0039E3
0039E4
0039E5
0039E6
0039E7
0039E8
0039E9
0039EA
0039EB
0039EC
0039ED
0039EE
0039EF
0039F0
0039F1
0039F2
0039F3
0039F4
0039F5
0039F6
0039F7
0039F8
0039F9
0039FA
0039FB
0039FC
0039FD
0039FE
0039FF
003A00
003A01
003A02
003A03
003A04
003A05
003A06
003A07
003A08
003A09
003A0A
003A0B
003A0C
003A0D
003A0E
003A0F
003A10
003A11
003A12
003A13
003A14
003A15
003A16
003A17
003A18
003A19
003A1A
003A1B
003A1C
003A1D
003A1E
003A1F
003A20
003A21
003A22
003A23
003A24
003A25
003A26
003A27
003A28
003A29
003A2A
003A2B
003A2C
003A2D
003A2E
003A2F
003A30
003A31
003A32
003A33
003A34
003A35
003A36
003A37
003A38
003A39
003A3A
003A3B
003A3C
003A3D
003A3E
003A3F
003A40
003A41
003A42
003A43
003A44
003A45
003A46
003A47
003A48
003A49
003A4A
003A4B
003A4C
003A4D
003A4E
003A4F
003A50
003A51
003A52
003A53
003A54
003A55
003A56
003A57
003A58
003A59
003A5A
003A5B
003A5C
003A5D
003A5E
003A5F
003A60
003A61
003A62
003A63
003A64
003A65
003A66
003A67
003A68
003A69
003A6A
003A6B
003A6C
003A6D
003A6E
003A6F
003A70
003A71
003A72
003A73
003A74
003A75
003A76
003A77
003A78
003A79
003A7A
003A7B
003A7C
003A7D
003A7E
003A7F
003A80
003A81
003A82
003A83
003A84
003A85
003A86
003A87
003A88
003A89
003A8A
003A8B
003A8C
003A8D
003A8E
003A8F
003A90
003A91
003A92
003A93
003A94
003A95
003A96
003A97
003A98
003A99
003A9A
003A9B
003A9C
003A9D
003A9E
003A9F
003AA0
003AA1
003AA2
003AA3
003AA4
003AA5
003AA6
003AA7
003AA8
003AA9
003AAA
003AAB
003AAC
003AAD
003AAE
003AAF
003AB0
003AB1
003AB2
003AB3
003AB4
003AB5
003AB6
003AB7
003AB8
003AB9
003ABA
003ABB
003ABC
003ABD
003ABE
003ABF
003AC0
003AC1
003AC2
003AC3
003AC4
003AC5
003AC6
003AC7
003AC8
003AC9
003ACA
003ACB
003ACC
003ACD
003ACE
003ACF
003AD0
003AD1
003AD2
003AD3
003AD4
003AD5
003AD6
003AD7
003AD8
003AD9
003ADA
003ADB
003ADC
003ADD
003ADE
003ADF
003AE0
003AE1
003AE2
003AE3
003AE4
003AE5
003AE6
003AE7
003AE8
003AE9
003AEA
003AEB
003AEC
003AED
003AEE
003AEF
003AF0
003AF1
003AF2
003AF3
003AF4
003AF5
003AF6
003AF7
003AF8
003AF9
003AFA
003AFB
003AFC
003AFD
003AFE
003AFF
003B00
003B01
003B02
003B03
003B04
003B05
003B06
003B07
003B08
003B09
003B0A
003B0B
003B0C
003B0D
003B0E
003B0F
003B10
003B11
003B12
003B13
003B14
003B15
003B16
003B17
003B18
003B19
003B1A
003B1B
003B1C
003B1D
003B1E
003B1F
003B20
003B21
003B22
003B23
003B24
003B25
003B26
003B27
003B28
003B29
003B2A
003B2B
003B2C
003B2D
003B2E
003B2F
003B30
003B31
003B32
003B33
003B34
003B35
003B36
003B37
003B38
003B39
003B3A
003B3B
003B3C
003B3D
003B3E
003B3F
003B40
003B41
003B42
003B43
003B44
003B45
003B46
003B47
003B48
003B49
003B4A
003B4B
003B4C
003B4D
003B4E
003B4F
003B50
003B51
003B52
003B53
003B54
003B55
003B56
003B57
003B58
003B59
003B5A
003B5B
003B5C
003B5D
003B5E
003B5F
003B60
003B61
003B62
003B63
003B64
003B65
003B66
003B67
003B68
003B69
003B6A
003B6B
003B6C
003B6D
003B6E
003B6F
003B70
003B71
003B72
003B73
003B74
003B75
003B76
003B77
003B78
003B79
003B7A
003B7B
003B7C
003B7D
003B7E
003B7F
003B80
003B81
003B82
003B83
003B84
003B85
003B86
003B87
003B88
003B89
003B8A
003B8B
003B8C
003B8D
003B8E
003B8F
003B90
003B91
003B92
003B93
003B94
003B95
003B96
003B97
003B98
003B99
003B9A
003B9B
003B9C
003B9D
003B9E
003B9F
003BA0
003BA1
003BA2
003BA3
003BA4
003BA5
003BA6
003BA7
003BA8
003BA9
003BAA
003BAB
003BAC
003BAD
003BAE
003BAF
003BB0
003BB1
003BB2
003BB3
003BB4
003BB5
003BB6
003BB7
003BB8
003BB9
003BBA
003BBB
003BBC
003BBD
003BBE
003BBF
003BC0
003BC1
003BC2
003BC3
003BC4
003BC5
003BC6
003BC7
003BC8
003BC9
003BCA
003BCB
003BCC
003BCD
003BCE
003BCF
003BD0
003BD1
003BD2
003BD3
003BD4
003BD5
003BD6
003BD7
003BD8
003BD9
003BDA
003BDB
003BDC
003BDD
003BDE
003BDF
003BE0
003BE1
003BE2
003BE3
003BE4
003BE5
003BE6
003BE7
003BE8
003BE9
003BEA
003BEB
003BEC
003BED
003BEE
003BEF
003BF0
003BF1
003BF2
003BF3
003BF4
003BF5
003BF6
003BF7
003BF8
003BF9
003BFA
003BFB
003BFC
003BFD
003BFE
003BFF
003C00
003C01
003C02
003C03
003C04
003C05
003C06
003C07
003C08
003C09
003C0A
003C0B
003C0C
003C0D
003C0E
003C0F
003C10
003C11
003C12
003C13
003C14
003C15
003C16
003C17
003C18
003C19
003C1A
003C1B
003C1C
003C1D
003C1E
003C1F
003C20
003C21
003C22
003C23
003C24
003C25
003C26
003C27
003C28
003C29
003C2A
003C2B
003C2C
003C2D
003C2E
003C2F
003C30
003C31
003C32
003C33
003C34
003C35
003C36
003C37
003C38
003C39
003C3A
003C3B
003C3C
003C3D
003C3E
003C3F
003C40
003C41
003C42
003C43
003C44
003C45
003C46
003C47
003C48
003C49
003C4A
003C4B
003C4C
003C4D
003C4E
003C4F
003C50
003C51
003C52
003C53
003C54
003C55
003C56
003C57
003C58
003C59
003C5A
003C5B
003C5C
003C5D
003C5E
003C5F
003C60
003C61
003C62
003C63
003C64
003C65
003C66
003C67
003C68
003C69
003C6A
003C6B
003C6C
003C6D
003C6E
003C6F
003C70
003C71
003C72
003C73
003C74
003C75
003C76
003C77
003C78
003C79
003C7A
003C7B
003C7C
003C7D
003C7E
003C7F
003C80
003C81
003C82
003C83
003C84
003C85
003C86
003C87
003C88
003C89
003C8A
003C8B
003C8C
003C8D
003C8E
003C8F
003C90
003C91
003C92
003C93
003C94
003C95
003C96
003C97
003C98
003C99
003C9A
003C9B
003C9C
003C9D
003C9E
003C9F
003CA0
003CA1
003CA2
003CA3
003CA4
003CA5
003CA6
003CA7
003CA8
003CA9
003CAA
003CAB
003CAC
003CAD
003CAE
003CAF
003CB0
003CB1
003CB2
003CB3
003CB4
003CB5
003CB6
003CB7
003CB8
003CB9
003CBA
003CBB
003CBC
003CBD
003CBE
003CBF
003CC0
003CC1
003CC2
003CC3
003CC4
003CC5
003CC6
003CC7
003CC8
003CC9
003CCA
003CCB
003CCC
003CCD
003CCE
003CCF
003CD0
003CD1
003CD2
003CD3
003CD4
003CD5
003CD6
003CD7
003CD8
003CD9
003CDA
003CDB
003CDC
003CDD
003CDE
003CDF
003CE0
003CE1
003CE2
003CE3
003CE4
003CE5
003CE6
003CE7
003CE8
003CE9
003CEA
003CEB
003CEC
003CED
003CEE
003CEF
003CF0
003CF1
003CF2
003CF3
003CF4
003CF5
003CF6
003CF7
003CF8
003CF9
003CFA
003CFB
003CFC
003CFD
003CFE
003CFF
003D00
003D01
003D02
003D03
003D04
003D05
003D06
003D07
003D08
003D09
003D0A
003D0B
003D0C
003D0D
003D0E
003D0F
003D10
003D11
003D12
003D13
003D14
003D15
003D16
003D17
003D18
003D19
003D1A
003D1B
003D1C
003D1D
003D1E
003D1F
003D20
003D21
003D22
003D23
003D24
003D25
003D26
003D27
003D28
003D29
003D2A
003D2B
003D2C
003D2D
003D2E
003D2F
003D30
003D31
003D32
003D33
003D34
003D35
003D36
003D37
003D38
003D39
003D3A
003D3B
003D3C
003D3D
003D3E
003D3F
003D40
003D41
003D42
003D43
003D44
003D45
003D46
003D47
003D48
003D49
003D4A
003D4B
003D4C
003D4D
003D4E
003D4F
003D50
003D51
003D52
003D53
003D54
003D55
003D56
003D57
003D58
003D59
003D5A
003D5B
003D5C
003D5D
003D5E
003D5F
003D60
003D61
003D62
003D63
003D64
003D65
003D66
003D67
003D68
003D69
003D6A
003D6B
003D6C
003D6D
003D6E
003D6F
003D70
003D71
003D72
003D73
003D74
003D75
003D76
003D77
003D78
003D79
003D7A
003D7B
003D7C
003D7D
003D7E
003D7F
003D80
003D81
003D82
003D83
003D84
003D85
003D86
003D87
003D88
003D89
003D8A
003D8B
003D8C
003D8D
003D8E
003D8F
003D90
003D91
003D92
003D93
003D94
003D95
003D96
003D97
003D98
003D99
003D9A
003D9B
003D9C
003D9D
003D9E
003D9F
003DA0
003DA1
003DA2
003DA3
003DA4
003DA5
003DA6
003DA7
003DA8
003DA9
003DAA
003DAB
003DAC
003DAD
003DAE
003DAF
003DB0
003DB1
003DB2
003DB3
003DB4
003DB5
003DB6
003DB7
003DB8
003DB9
003DBA
003DBB
003DBC
003DBD
003DBE
003DBF
003DC0
003DC1
003DC2
003DC3
003DC4
003DC5
003DC6
003DC7
003DC8
003DC9
003DCA
003DCB
003DCC
003DCD
003DCE
003DCF
003DD0
003DD1
003DD2
003DD3
003DD4
003DD5
003DD6
003DD7
003DD8
003DD9
003DDA
003DDB
003DDC
003DDD
003DDE
003DDF
003DE0
003DE1
003DE2
003DE3
003DE4
003DE5
003DE6
003DE7
003DE8
003DE9
003DEA
003DEB
003DEC
003DED
003DEE
003DEF
003DF0
003DF1
003DF2
003DF3
003DF4
003DF5
003DF6
003DF7
003DF8
003DF9
003DFA
003DFB
003DFC
003DFD
003DFE
003DFF
003E00
003E01
003E02
003E03
003E04
003E05
003E06
003E07
003E08
003E09
003E0A
003E0B
003E0C
003E0D
003E0E
003E0F
003E10
003E11
003E12
003E13
003E14
003E15
003E16
003E17
003E18
003E19
003E1A
003E1B
003E1C
003E1D
003E1E
003E1F
003E20
003E21
003E22
003E23
003E24
003E25
003E26
003E27
003E28
003E29
003E2A
003E2B
003E2C
003E2D
003E2E
003E2F
003E30
003E31
003E32
003E33
003E34
003E35
003E36
003E37
003E38
003E39
003E3A
003E3B
003E3C
003E3D
003E3E
003E3F
003E40
003E41
003E42
003E43
003E44
003E45
003E46
003E47
003E48
003E49
003E4A
003E4B
003E4C
003E4D
003E4E
003E4F
003E50
003E51
003E52
003E53
003E54
003E55
003E56
003E57
003E58
003E59
003E5A
003E5B
003E5C
003E5D
003E5E
003E5F
003E60
003E61
003E62
003E63
003E64
003E65
003E66
003E67
003E68
003E69
003E6A
003E6B
003E6C
003E6D
003E6E
003E6F
003E70
003E71
003E72
003E73
003E74
003E75
003E76
003E77
003E78
003E79
003E7A
003E7B
003E7C
003E7D
003E7E
003E7F
003E80
003E81
003E82
003E83
003E84
003E85
003E86
003E87
003E88
003E89
003E8A
003E8B
003E8C
003E8D
003E8E
003E8F
003E90
003E91
003E92
003E93
003E94
003E95
003E96
003E97
003E98
003E99
003E9A
003E9B
003E9C
003E9D
003E9E
003E9F
003EA0
003EA1
003EA2
003EA3
003EA4
003EA5
003EA6
003EA7
003EA8
003EA9
003EAA
003EAB
003EAC
003EAD
003EAE
003EAF
003EB0
003EB1
003EB2
003EB3
003EB4
003EB5
003EB6
003EB7
003EB8
003EB9
003EBA
003EBB
003EBC
003EBD
003EBE
003EBF
003EC0
003EC1
003EC2
003EC3
003EC4
003EC5
003EC6
003EC7
003EC8
003EC9
003ECA
003ECB
003ECC
003ECD
003ECE
003ECF
003ED0
003ED1
003ED2
003ED3
003ED4
003ED5
003ED6
003ED7
003ED8
003ED9
003EDA
003EDB
003EDC
003EDD
003EDE
003EDF
003EE0
003EE1
003EE2
003EE3
003EE4
003EE5
003EE6
003EE7
003EE8
003EE9
003EEA
003EEB
003EEC
003EED
003EEE
003EEF
003EF0
003EF1
003EF2
003EF3
003EF4
003EF5
003EF6
003EF7
003EF8
003EF9
003EFA
003EFB
003EFC
003EFD
003EFE
003EFF
003F00
003F01
003F02
003F03
003F04
003F05
003F06
003F07
003F08
003F09
003F0A
003F0B
003F0C
003F0D
003F0E
003F0F
003F10
003F11
003F12
003F13
003F14
003F15
003F16
003F17
003F18
003F19
003F1A
003F1B
003F1C
003F1D
003F1E
003F1F
003F20
003F21
003F22
003F23
003F24
003F25
003F26
003F27
003F28
003F29
003F2A
003F2B
003F2C
003F2D
003F2E
003F2F
003F30
003F31
003F32
003F33
003F34
003F35
003F36
003F37
003F38
003F39
003F3A
003F3B
003F3C
003F3D
003F3E
003F3F
003F40
003F41
003F42
003F43
003F44
003F45
003F46
003F47
003F48
003F49
003F4A
003F4B
003F4C
003F4D
003F4E
003F4F
003F50
003F51
003F52
003F53
003F54
003F55
003F56
003F57
003F58
003F59
003F5A
003F5B
003F5C
003F5D
003F5E
003F5F
003F60
003F61
003F62
003F63
003F64
003F65
003F66
003F67
003F68
003F69
003F6A
003F6B
003F6C
003F6D
003F6E
003F6F
003F70
003F71
003F72
003F73
003F74
003F75
003F76
003F77
003F78
003F79
003F7A
003F7B
003F7C
003F7D
003F7E
003F7F
003F80
003F81
003F82
003F83
003F84
003F85
003F86
003F87
003F88
003F89
003F8A
003F8B
003F8C
003F8D
003F8E
003F8F
003F90
003F91
003F92
003F93
003F94
003F95
003F96
003F97
003F98
003F99
003F9A
003F9B
003F9C
003F9D
003F9E
003F9F
003FA0
003FA1
003FA2
003FA3
003FA4
003FA5
003FA6
003FA7
003FA8
003FA9
003FAA
003FAB
003FAC
003FAD
003FAE
003FAF
003FB0
003FB1
003FB2
003FB3
003FB4
003FB5
003FB6
003FB7
003FB8
003FB9
003FBA
003FBB
003FBC
003FBD
003FBE
003FBF
003FC0
003FC1
003FC2
003FC3
003FC4
003FC5
003FC6
003FC7
003FC8
003FC9
003FCA
003FCB
003FCC
003FCD
003FCE
003FCF
003FD0
003FD1
003FD2
003FD3
003FD4
003FD5
003FD6
003FD7
003FD8
003FD9
003FDA
003FDB
003FDC
003FDD
003FDE
003FDF
003FE0
003FE1
003FE2
003FE3
003FE4
003FE5
003FE6
003FE7
003FE8
003FE9
003FEA
003FEB
003FEC
003FED
003FEE
003FEF
003FF0
003FF1
003FF2
003FF3
003FF4
003FF5
003FF6
003FF7
003FF8
003FF9
003FFA
003FFB
003FFC
003FFD
003FFE
003FFF
004000
