0.00000000 0.00000000 0.00000000 0.00000000 0.00000000 0.00000000 0.00000000 0.00000000 0.00000000 0.00000000 0.00000000 0.00000000 0.00000000 0.00000000 0.00000000 0.00000000 0.00000000 0.00000000 0.00000000 0.00000000 0.00000000 0.00000000 0.00000000 0.00000000 0.00000000 0.00000000 0.00000000 0.00000000 0.00000000 0.00000000 0.00000000 0.00000000 0.00000000 0.00000000 0.00000000 0.00000000 0.00000000 0.00000000 0.00000000 0.00000000 0.00000000 0.00000000 0.00000000 0.00000000 0.00000000 0.00000000 0.00000000 0.00000000 0.00000000 0.00000000 0.00000000 0.00000000 0.00000000 0.00000000 0.00000000 0.00000000 0.00000000 0.00000000 0.00000000 0.00000000 0.00000000 0.00000000 0.00000000 0.00000000 0.00000000 0.00000000 0.00000000 0.00000000 0.00000000 0.00000000 0.00000000 0.00000000 0.00000000 0.00000000 0.00000000 0.00000000 0.00000000 0.00000000 0.00000000 0.00000000 0.00000000 0.00000000 0.00000000 0.00000000 0.00000000 0.00000000 0.00000000 0.00000000 0.00000000 0.00000000 0.00000000 0.00000000 0.69244975 0.76797432 0.29712695 0.00000000 0.00000000 0.00000000 0.00000000 0.00000000 0.00000000 0.00000000 0.00000000 0.00000000 0.00000000 0.00000000 0.00000000 0.00000000 0.00000000 0.00000000 0.00000000 0.00000000 0.00000000 0.00000000 0.00000000 0.00000000 0.00000000 0.00000000 0.00000000 0.00000000 0.00000000 0.00000000 0.00000000 0.00000000
0.00000000 0.00000000 0.00000000 0.00000000 0.00000000 0.00000000 0.00000000 0.00000000 0.00000000 0.00000000 0.00000000 0.00000000 0.00000000 0.00000000 0.00000000 0.00000000 0.00000000 0.00000000 0.00000000 0.00000000 0.00000000 0.00000000 0.00000000 0.00000000 0.00000000 0.00000000 0.00000000 0.00000000 0.00000000 0.00000000 0.00000000 0.00000000 0.00000000 0.00000000 0.00000000 0.00000000 0.00000000 0.00000000 0.00000000 0.00000000 0.00000000 0.00000000 0.00000000 0.00000000 0.00000000 0.00000000 0.00000000 0.00000000 0.00000000 0.00000000 0.00000000 0.00000000 0.00000000 0.00000000 0.00000000 0.00000000 0.00000000 0.00000000 0.00000000 0.00000000 0.00000000 0.00000000 0.00000000 0.00000000 0.00000000 0.00000000 0.00000000 0.00000000 0.00000000 0.00000000 0.00000000 0.00000000 0.00000000 0.00000000 0.00000000 0.00000000 0.00000000 0.00000000 0.00000000 0.00000000 0.00000000 0.00000000 0.00000000 0.00000000 0.00000000 0.00000000 0.00000000 0.00000000 0.00000000 0.00000000 0.00000000 0.80569398 1.28234315 1.39385223 1.04467058 0.45577025 0.00000000 0.00000000 0.00000000 0.00000000 0.00000000 0.00000000 0.00000000 0.00000000 0.00000000 0.00000000 0.00000000 0.00000000 0.00000000 0.00000000 0.00000000 0.00000000 0.00000000 0.00000000 0.00000000 0.00000000 0.00000000 0.00000000 0.00000000 0.25232708 0.00000000 0.00000000 0.00000000 0.00000000
0.00000000 0.00000000 0.00000000 0.00000000 0.00000000 0.00000000 0.00000000 0.00000000 0.00000000 0.00000000 0.00000000 0.00000000 0.00000000 0.00000000 0.00000000 0.00000000 0.00000000 0.00000000 0.00000000 0.00000000 0.00000000 0.00000000 0.00000000 0.00000000 0.00000000 0.00000000 0.00000000 0.00000000 0.00000000 0.00000000 0.00000000 0.00000000 0.00000000 0.00000000 0.00000000 0.00000000 0.00000000 0.00000000 0.00000000 0.00000000 0.00000000 0.00000000 0.00000000 0.00000000 0.00000000 0.00000000 0.00000000 0.00000000 0.00000000 0.00000000 0.00000000 0.00000000 0.00000000 0.00000000 0.00000000 0.00000000 0.00000000 0.00000000 0.00000000 0.00000000 0.00000000 0.00000000 0.00000000 0.00000000 0.00000000 0.00000000 0.00000000 0.00000000 0.00000000 0.00000000 0.00000000 0.00000000 0.00000000 0.00000000 0.00000000 0.00000000 0.00000000 0.00000000 0.00000000 0.00000000 0.00000000 0.00000000 0.00000000 0.00000000 0.00000000 0.00000000 0.00000000 0.00000000 0.00000000 0.00000000 0.41995150 1.16511440 1.61677265 1.50614643 1.43521595 1.08457541 0.48993921 0.00000000 0.00000000 0.00000000 0.00000000 0.00000000 0.00000000 0.00000000 0.00000000 0.00000000 0.00000000 0.00000000 0.00000000 0.00000000 0.00000000 0.00000000 0.00000000 0.00000000 0.00000000 0.00000000 0.00000000 0.24101029 0.63283712 0.53269297 0.00000000 0.00000000 0.00000000 0.00000000
0.00000000 0.00000000 0.00000000 0.00000000 0.00000000 0.00000000 0.00000000 0.00000000 0.00000000 0.00000000 0.00000000 0.00000000 0.00000000 0.00000000 0.00000000 0.00000000 0.00000000 0.00000000 0.00000000 0.00000000 0.00000000 0.00000000 0.00000000 0.00000000 0.00000000 0.00000000 0.00000000 0.00000000 0.00000000 0.00000000 0.00000000 0.00000000 0.00000000 0.00000000 0.00000000 0.00000000 0.00000000 0.00000000 0.00000000 0.00000000 0.00000000 0.00000000 0.00000000 0.00000000 0.00000000 0.00000000 0.00000000 0.00000000 0.00000000 0.00000000 0.00000000 0.00000000 0.00000000 0.00000000 0.00000000 0.00000000 0.00000000 0.00000000 0.00000000 0.00000000 0.00000000 0.00000000 0.00000000 0.00000000 0.00000000 0.00000000 0.00000000 0.00000000 0.00000000 0.00000000 0.00000000 0.00000000 0.00000000 0.00000000 0.00000000 0.00000000 0.00000000 0.00000000 0.00000000 0.00000000 0.00000000 0.00000000 0.00000000 0.00000000 0.00000000 0.00000000 0.00000000 0.00000000 0.00000000 0.00527766 0.70774609 1.07856989 1.22948587 1.37998104 1.38524175 1.36605978 1.00304973 0.34678811 0.00000000 0.00000000 0.00000000 0.00000000 0.00000000 0.00000000 0.00000000 0.00000000 0.00000000 0.00000000 0.00000000 0.00000000 0.00000000 0.00000000 0.00000000 0.00000000 0.00000000 0.00000000 0.49460953 0.84259534 0.91426206 0.61786199 0.07694940 0.00000000 0.00000000 0.00000000
0.00000000 0.00000000 0.00000000 0.00000000 0.00000000 0.00000000 0.00000000 0.00000000 0.00000000 0.00000000 0.00000000 0.00000000 0.00000000 0.00000000 0.00000000 0.00000000 0.00000000 0.00000000 0.00000000 0.00000000 0.00000000 0.00000000 0.00000000 0.00000000 0.00000000 0.00000000 0.00000000 0.00000000 0.00000000 0.00000000 0.00000000 0.00000000 0.00000000 0.00000000 0.00000000 0.00000000 0.00000000 0.00000000 0.00000000 0.00000000 0.00000000 0.00000000 0.00000000 0.00000000 0.00000000 0.00000000 0.00000000 0.00000000 0.00000000 0.00000000 0.00000000 0.00000000 0.00000000 0.00000000 0.00000000 0.00000000 0.00000000 0.00000000 0.00000000 0.00000000 0.00000000 0.00000000 0.00000000 0.00000000 0.00000000 0.00000000 0.00000000 0.00000000 0.00000000 0.00000000 0.00000000 0.00000000 0.00000000 0.00000000 0.00000000 0.00000000 0.00000000 0.00000000 0.00000000 0.00000000 0.00000000 0.00000000 0.00000000 0.00000000 0.00000000 0.00000000 0.00000000 0.00000000 0.00000000 0.34436321 0.92463458 0.95571685 0.80476850 1.01613235 1.32772553 1.43859684 1.25564063 0.83710355 0.13000523 0.00000000 0.00000000 0.00000000 0.00000000 0.00000000 0.00000000 0.00000000 0.00000000 0.00000000 0.00000000 0.00000000 0.00000000 0.00000000 0.00000000 0.00000000 0.09679721 0.65614229 0.98915613 1.03133571 0.98914373 0.71879363 0.19024538 0.00000000 0.00000000 0.00000000
0.00000000 0.00000000 0.00000000 0.00000000 0.00000000 0.00000000 0.00000000 0.00000000 0.00000000 0.00000000 0.00000000 0.00000000 0.00000000 0.00000000 0.00000000 0.00000000 0.00000000 0.00000000 0.00000000 0.00000000 0.00000000 0.00000000 0.00000000 0.00000000 0.00000000 0.00000000 0.00000000 0.00000000 0.00000000 0.00000000 0.00000000 0.00000000 0.00000000 0.00000000 0.00000000 0.00000000 0.00000000 0.00000000 0.00000000 0.00000000 0.00000000 0.00000000 0.00000000 0.00000000 0.00000000 0.00000000 0.00000000 0.00000000 0.00000000 0.00000000 0.00000000 0.00000000 0.00000000 0.00000000 0.00000000 0.00000000 0.00000000 0.00000000 0.00000000 0.00000000 0.00000000 0.00000000 0.00000000 0.00000000 0.00000000 0.00000000 0.00000000 0.00000000 0.00000000 0.00000000 0.00000000 0.00000000 0.00000000 0.00000000 0.00000000 0.00000000 0.00000000 0.00000000 0.00000000 0.00000000 0.00000000 0.00000000 0.00000000 0.00000000 0.00000000 0.00000000 0.00000000 0.00000000 0.00000000 0.67380559 1.00050485 0.78933716 0.76712859 0.89230883 1.15916395 1.44458330 1.44164062 1.13502181 0.63037008 0.00000000 0.00000000 0.00000000 0.00000000 0.00000000 0.00000000 0.00000000 0.00000000 0.00000000 0.00000000 0.00000000 0.00000000 0.00000000 0.00000000 0.32965523 0.79720598 1.09126675 1.15631664 1.16304970 1.07385349 0.78961402 0.36779982 0.09885980 0.00000000 0.00000000
0.00000000 0.00000000 0.00000000 0.00000000 0.00000000 0.00000000 0.00000000 0.00000000 0.00000000 0.00000000 0.00000000 0.00000000 0.00000000 0.00000000 0.00000000 0.00000000 0.00000000 0.00000000 0.00000000 0.00000000 0.00000000 0.00000000 0.00000000 0.00000000 0.00000000 0.00000000 0.00000000 0.00000000 0.00000000 0.00000000 0.00000000 0.00000000 0.00000000 0.00000000 0.00000000 0.00000000 0.00000000 0.00000000 0.00000000 0.00000000 0.00000000 0.00000000 0.00000000 0.00000000 0.00000000 0.00000000 0.00000000 0.00000000 0.00000000 0.00000000 0.00000000 0.00000000 0.00000000 0.00000000 0.00000000 0.00000000 0.00000000 0.00000000 0.00000000 0.00000000 0.00000000 0.00000000 0.00000000 0.00000000 0.00000000 0.00000000 0.00000000 0.00000000 0.00000000 0.00000000 0.00000000 0.00000000 0.00000000 0.00000000 0.00000000 0.00000000 0.00000000 0.00000000 0.00000000 0.00000000 0.00000000 0.00000000 0.00000000 0.00000000 0.00000000 0.00000000 0.00000000 0.00000000 0.12144588 0.89069211 0.81183738 0.53237319 0.58800083 0.75188804 0.94472218 1.24016631 1.43865645 1.23968661 0.85487092 0.32556349 0.00000000 0.00000000 0.00000000 0.00000000 0.00000000 0.00000000 0.00000000 0.00000000 0.00000000 0.00000000 0.00000000 0.26148337 0.56563973 0.89317882 1.14779735 1.20567477 1.18334317 1.14766717 1.06070769 0.80733812 0.49314296 0.11915000 0.00000000 0.00000000
0.00000000 0.00000000 0.00000000 0.00000000 0.00000000 0.00000000 0.00000000 0.00000000 0.00000000 0.00000000 0.11364488 0.33021009 0.00000000 0.00000000 0.15419640 0.00000000 0.00000000 0.00000000 0.00000000 0.00000000 0.00000000 0.00000000 0.00000000 0.00000000 0.00000000 0.00000000 0.00000000 0.00000000 0.00000000 0.00000000 0.00000000 0.00000000 0.00000000 0.00000000 0.00000000 0.00000000 0.00000000 0.00000000 0.00000000 0.00000000 0.00000000 0.00000000 0.00000000 0.00000000 0.00000000 0.00000000 0.00000000 0.00000000 0.00000000 0.00000000 0.00000000 0.00000000 0.00000000 0.00000000 0.00000000 0.00000000 0.00000000 0.00000000 0.00000000 0.00000000 0.00000000 0.00000000 0.00000000 0.00000000 0.00000000 0.00000000 0.00000000 0.00000000 0.00000000 0.00000000 0.00000000 0.00000000 0.00000000 0.00000000 0.00000000 0.00000000 0.00000000 0.00000000 0.00000000 0.00000000 0.00000000 0.00000000 0.00000000 0.00000000 0.00000000 0.00000000 0.00000000 0.00000000 0.33668774 0.87489188 0.52571493 0.29065740 0.36689931 0.60482150 0.82059532 1.05928147 1.26925564 1.31925035 1.10915363 0.85457265 0.57610744 0.39307714 0.26722747 0.25285476 0.27757919 0.32415372 0.33056271 0.39164472 0.52346510 0.76519406 0.92024803 0.97277749 1.07021701 1.17787290 1.22297251 1.08621514 1.01016986 1.03119707 0.98186314 0.74338919 0.37350875 0.00000000 0.00000000 0.00000000
0.00000000 0.00000000 0.00000000 0.00000000 0.00000000 0.00000000 0.00000000 0.00000000 0.00000000 0.00000000 0.24552985 0.08878374 0.00000000 0.00000000 0.02911347 0.00000000 0.00000000 0.00000000 0.00000000 0.06299837 0.00000000 0.00000000 0.00000000 0.00000000 0.00000000 0.00000000 0.00000000 0.00000000 0.00000000 0.00000000 0.00000000 0.00000000 0.00000000 0.00000000 0.00000000 0.00000000 0.00000000 0.00000000 0.00000000 0.00000000 0.00000000 0.00000000 0.00000000 0.00000000 0.00000000 0.00000000 0.00000000 0.00000000 0.00000000 0.00000000 0.00000000 0.00000000 0.00000000 0.00000000 0.00000000 0.00000000 0.00000000 0.00000000 0.00000000 0.00000000 0.00000000 0.00000000 0.00000000 0.00000000 0.00000000 0.00000000 0.00000000 0.00000000 0.00000000 0.00000000 0.00000000 0.00000000 0.00000000 0.00000000 0.00000000 0.00000000 0.00000000 0.00000000 0.00000000 0.00000000 0.00000000 0.00000000 0.00000000 0.00000000 0.00000000 0.00000000 0.00000000 0.00000000 0.54715270 0.89386821 0.39773887 0.11342914 0.09220894 0.38087672 0.71981716 0.96207857 1.17730916 1.35694921 1.42989314 1.41739500 1.40590382 1.42824888 1.42175925 1.39215648 1.39534307 1.38684380 1.42567456 1.39868045 1.44121397 1.47762048 1.43495643 1.31731021 1.23788667 1.20685053 1.05558121 0.93401217 0.92792737 0.96398687 0.87868965 0.64377010 0.14841114 0.00000000 0.00000000 0.00000000
0.00000000 0.00000000 0.00000000 0.00000000 0.00000000 0.00000000 0.00000000 0.00000000 0.00000000 0.00000000 0.00000000 0.00000000 0.00000000 0.00000000 0.00000000 0.00000000 0.00000000 0.00000000 0.50537157 0.22564666 0.15621640 0.00000000 0.00000000 0.00000000 0.00000000 0.00000000 0.00000000 0.00000000 0.00816624 0.11602260 0.00000000 0.00000000 0.00000000 0.00000000 0.00000000 0.00000000 0.00000000 0.00000000 0.00000000 0.00000000 0.00000000 0.00000000 0.00000000 0.00000000 0.00000000 0.00000000 0.00000000 0.00000000 0.00000000 0.00000000 0.00000000 0.00000000 0.00000000 0.00000000 0.00000000 0.00000000 0.00000000 0.00000000 0.00000000 0.00000000 0.00000000 0.00000000 0.00000000 0.00000000 0.00000000 0.00000000 0.00000000 0.00000000 0.00000000 0.00000000 0.00000000 0.00000000 0.00000000 0.00000000 0.00000000 0.00000000 0.00000000 0.00000000 0.00000000 0.00000000 0.00000000 0.00000000 0.00000000 0.00000000 0.00000000 0.00000000 0.00000000 0.06351484 0.87699533 0.91293371 0.42742652 0.16299058 0.23403199 0.49082607 0.77532911 0.91979635 1.02956188 1.16207409 1.31437600 1.43480659 1.53824830 1.61544228 1.65806806 1.64425230 1.61677921 1.62267613 1.54112053 1.43879712 1.37972665 1.36124074 1.22191417 1.09242725 1.07847834 1.01764977 0.95566535 0.93933141 0.90916538 0.92460120 0.86616838 0.54651195 0.00000000 0.00000000 0.00000000 0.00000000
0.00000000 0.00000000 0.00000000 0.00000000 0.00000000 0.00000000 0.00000000 0.00000000 0.00000000 0.00000000 0.00000000 0.00000000 0.00000000 0.00000000 0.00000000 0.00000000 0.00000000 0.00000000 0.61908746 0.00000000 0.00000000 0.13997768 0.00000000 0.00220782 0.00000000 0.00000000 0.27261561 0.43290585 0.06953155 0.15636472 0.22607927 0.11351885 0.00000000 0.00000000 0.00000000 0.00000000 0.57577276 0.56072801 0.05757184 0.00000000 0.00000000 0.00000000 0.00000000 0.00000000 0.00000000 0.00000000 0.00000000 0.00000000 0.00000000 0.00000000 0.00000000 0.00000000 0.00000000 0.00000000 0.00000000 0.00000000 0.00000000 0.00000000 0.00000000 0.00000000 0.00000000 0.00000000 0.00000000 0.00000000 0.00000000 0.00000000 0.00000000 0.00000000 0.00000000 0.00000000 0.00000000 0.00000000 0.00000000 0.00000000 0.00000000 0.00000000 0.00000000 0.00000000 0.00000000 0.00000000 0.00000000 0.00000000 0.00000000 0.00000000 0.00000000 0.00000000 0.00000000 0.58470321 1.02966702 0.94647062 0.66368800 0.40490508 0.36634678 0.51740360 0.80556417 0.91851306 0.92401516 0.92900515 0.95651567 1.01684463 1.06679738 1.11008263 1.13332987 1.11154735 1.08240545 1.06597996 1.02825558 0.95584548 0.90250266 0.91804874 0.89999306 0.89836657 0.91196001 0.91914666 0.93539011 0.90276980 0.87955904 0.90969527 0.82185125 0.45064896 0.00000000 0.00000000 0.00000000 0.00000000
0.00000000 0.00000000 0.00000000 0.00000000 0.00000000 0.00000000 0.00000000 0.00000000 0.00000000 0.02692010 0.14037623 0.00000000 0.00000000 0.00000000 0.00000000 0.00000000 0.00000000 0.00000000 0.11049874 0.00000000 0.00000000 0.00000000 0.00000000 0.24827801 0.00000000 0.00000000 0.00000000 0.06061420 0.00000000 0.00000000 0.00000000 0.00000000 0.00000000 0.00000000 0.00000000 0.10265343 0.45853090 0.49458718 0.00000000 0.00000000 0.00000000 0.00000000 0.00000000 0.00000000 0.00000000 0.00000000 0.00000000 0.00000000 0.00000000 0.00000000 0.00000000 0.00000000 0.00000000 0.00000000 0.00000000 0.00000000 0.00000000 0.00000000 0.00000000 0.00000000 0.00000000 0.00000000 0.00000000 0.00000000 0.00000000 0.00000000 0.00000000 0.00000000 0.00000000 0.00000000 0.00000000 0.00000000 0.00000000 0.00000000 0.00000000 0.00000000 0.00000000 0.00000000 0.00000000 0.00000000 0.00000000 0.00000000 0.00000000 0.00000000 0.00000000 0.00000000 0.39406502 0.91564989 1.11032915 1.00502133 0.78181142 0.50263089 0.49582887 0.70978403 0.87166893 0.86976635 0.84191394 0.83404529 0.84343767 0.86302269 0.86693764 0.89059973 0.88928616 0.88145268 0.86693394 0.85124040 0.83838356 0.82603937 0.81863075 0.80972141 0.83559018 0.86157227 0.87517679 0.88621473 0.89963198 0.86858571 0.83926636 0.86461055 0.76376188 0.36307174 0.00000000 0.00000000 0.00000000 0.00000000
0.00000000 0.00000000 0.00000000 0.00000000 0.00000000 0.00000000 0.00000000 0.00000000 0.00000000 0.06015131 0.12057690 0.00000000 0.00000000 0.00000000 0.00000000 0.00000000 0.00000000 0.00000000 0.00000000 0.00000000 0.00000000 0.00000000 0.00000000 0.00000000 0.00000000 0.00000000 0.00000000 0.00000000 0.00000000 0.00000000 0.00000000 0.00000000 0.00000000 0.00000000 0.00000000 0.00000000 0.00000000 0.42081177 0.00000000 0.00000000 0.00000000 0.00000000 0.00000000 0.00000000 0.00000000 0.00000000 0.00000000 0.00000000 0.00000000 0.00000000 0.00000000 0.00000000 0.00000000 0.00000000 0.00000000 0.00000000 0.00000000 0.00000000 0.00000000 0.00000000 0.00000000 0.00000000 0.00000000 0.00000000 0.00000000 0.00000000 0.00000000 0.00000000 0.00000000 0.00000000 0.00000000 0.00000000 0.00000000 0.00000000 0.00000000 0.00000000 0.00000000 0.00000000 0.00000000 0.00000000 0.00000000 0.00000000 0.00000000 0.00000000 0.00000000 0.11819251 0.79046583 1.09163165 1.00899971 0.91248441 0.86326170 0.65037870 0.57615662 0.73010236 0.82073838 0.79922408 0.80217046 0.82665175 0.85288918 0.87327218 0.88565147 0.89441299 0.89688122 0.88692164 0.86763251 0.84942424 0.83017761 0.81541479 0.79363263 0.79110062 0.81672716 0.84887743 0.86116326 0.88995278 0.94688296 0.88887334 0.81065089 0.75972259 0.61256295 0.22071175 0.00000000 0.00000000 0.00000000 0.00000000
0.00000000 0.00000000 0.00000000 0.00000000 0.00000000 0.00000000 0.00000000 0.00000000 0.00000000 0.00000000 0.00000000 0.00000000 0.00000000 0.00000000 0.20345454 0.00000000 0.00000000 0.00000000 0.16508730 0.00000000 0.00000000 0.00000000 0.00000000 0.00000000 0.00000000 0.00000000 0.00000000 0.14106564 0.00000000 0.00000000 0.00000000 0.00000000 0.00000000 0.00000000 0.00000000 0.00000000 0.36494416 0.85868800 0.04752058 0.00000000 0.00000000 0.00000000 0.00000000 0.00000000 0.00000000 0.00000000 0.00000000 0.00000000 0.00000000 0.00000000 0.00000000 0.00000000 0.00000000 0.00000000 0.00000000 0.00000000 0.00000000 0.00000000 0.00000000 0.00000000 0.00000000 0.00000000 0.00000000 0.00000000 0.00000000 0.00000000 0.00000000 0.00000000 0.00000000 0.00000000 0.00000000 0.00000000 0.00000000 0.00000000 0.00000000 0.00000000 0.00000000 0.00000000 0.00000000 0.00000000 0.00000000 0.00000000 0.00000000 0.00000000 0.00000000 0.50040483 1.02964437 0.99832690 0.87631881 0.92175353 0.86785102 0.70215470 0.66364133 0.78605258 0.85344958 0.86655200 0.86011016 0.88313127 0.91455352 0.93913329 0.94264185 0.95173645 0.94571960 0.92704237 0.89734340 0.87122905 0.86912942 0.84217739 0.81258625 0.81810111 0.85209858 0.89519382 0.91720867 0.95312631 1.03244495 0.94760287 0.77550769 0.58109874 0.32593673 0.00000000 0.00000000 0.00000000 0.00000000 0.00000000
0.00000000 0.00000000 0.00000000 0.00000000 0.00000000 0.00000000 0.00000000 0.00000000 0.00000000 0.00000000 0.00000000 0.00000000 0.13100754 0.29011691 0.30947185 0.00000000 0.00000000 0.00000000 0.00000000 0.00000000 0.00000000 0.00000000 0.00000000 0.00000000 0.00000000 0.00000000 0.00000000 0.00000000 0.00000000 0.00000000 0.00000000 0.00000000 0.00000000 0.00000000 0.00000000 0.00000000 0.00000000 0.15140186 0.00000000 0.00000000 0.00000000 0.00000000 0.00000000 0.00000000 0.00000000 0.00000000 0.00000000 0.00000000 0.00000000 0.00000000 0.00000000 0.00000000 0.00000000 0.00000000 0.00000000 0.00000000 0.00000000 0.00000000 0.00000000 0.00000000 0.00000000 0.00000000 0.00000000 0.00000000 0.00000000 0.00000000 0.00000000 0.00000000 0.00000000 0.00000000 0.00000000 0.00000000 0.00000000 0.00000000 0.00000000 0.00000000 0.00000000 0.00000000 0.00000000 0.00000000 0.00000000 0.00000000 0.00000000 0.00000000 0.13208474 0.89993620 1.14931548 0.95301092 0.90585005 1.00672090 0.99024451 0.83066517 0.81335765 0.95177412 0.96442246 0.95035207 0.95386684 0.98540473 1.00931478 1.01212633 1.00675178 1.01907241 1.00811958 0.96985173 0.93842065 0.91474044 0.89993751 0.87410939 0.86028433 0.88486636 0.93038106 0.95812237 0.97748458 1.02366412 1.10464466 0.98373628 0.75329107 0.37959093 0.00000000 0.00000000 0.00000000 0.00000000 0.00000000 0.00000000
0.00000000 0.00000000 0.00000000 0.00000000 0.00000000 0.00000000 0.00000000 0.00000000 0.00000000 0.00000000 0.00000000 0.00000000 0.00000000 0.00000000 0.00000000 0.00000000 0.00000000 0.00000000 0.00000000 0.00000000 0.00000000 0.00000000 0.00000000 0.00000000 0.00000000 0.00000000 0.00000000 0.00000000 0.00000000 0.00000000 0.00000000 0.00000000 0.00000000 0.00000000 0.00000000 0.00000000 0.00000000 0.00000000 0.00000000 0.00000000 0.00000000 0.00000000 0.00000000 0.00000000 0.00000000 0.00000000 0.00000000 0.00000000 0.00000000 0.00000000 0.00000000 0.00000000 0.00000000 0.00000000 0.00000000 0.00000000 0.00000000 0.00000000 0.00000000 0.00000000 0.00000000 0.00000000 0.00000000 0.00000000 0.00000000 0.00000000 0.00000000 0.00000000 0.00000000 0.00000000 0.00000000 0.00000000 0.00000000 0.00000000 0.00000000 0.00000000 0.00000000 0.00000000 0.00000000 0.00000000 0.00000000 0.00000000 0.00000000 0.00000000 0.65637910 1.11310172 1.09764588 0.97457886 1.01314163 1.06839871 1.02194941 0.95906281 0.99495447 1.01585639 1.01535606 1.01858509 1.01621377 1.01328337 1.02513278 1.00919724 1.01156545 1.01306188 1.00792921 0.96002710 0.91630542 0.89439631 0.88699818 0.88761985 0.85953069 0.87488663 0.91763783 0.94384038 0.94971073 1.00132859 1.06356633 1.00182068 0.78230870 0.33031869 0.00000000 0.00000000 0.00000000 0.00000000 0.00000000 0.00000000
0.00000000 0.00000000 0.00000000 0.00000000 0.00000000 0.00000000 0.00000000 0.00000000 0.00000000 0.00000000 0.00000000 0.00000000 0.00000000 0.00000000 0.00000000 0.00000000 0.00000000 0.00000000 0.00000000 0.00000000 0.00000000 0.00000000 0.00000000 0.00000000 0.00000000 0.00000000 0.00000000 0.00000000 0.00000000 0.00000000 0.00000000 0.00000000 0.00000000 0.00000000 0.00000000 0.00000000 0.00000000 0.00000000 0.00000000 0.00000000 0.00000000 0.00000000 0.00000000 0.00000000 0.00000000 0.00000000 0.00000000 0.00000000 0.00000000 0.00000000 0.00000000 0.00000000 0.00000000 0.00000000 0.00000000 0.00000000 0.00000000 0.00000000 0.00000000 0.00000000 0.00000000 0.00000000 0.00000000 0.00000000 0.00000000 0.00000000 0.00000000 0.00000000 0.00000000 0.00000000 0.00000000 0.00000000 0.00000000 0.00000000 0.00000000 0.00000000 0.00000000 0.00000000 0.00000000 0.00000000 0.00000000 0.00000000 0.00000000 0.45816541 1.00419533 1.12589800 0.99564540 0.96234357 0.98003209 1.05390501 1.04218757 0.98102403 1.00895357 1.04743242 1.02774501 0.99920785 0.99567091 0.99201906 0.99406528 0.98787725 0.98819780 0.97711420 0.96505475 0.92735302 0.90232539 0.90179527 0.89897704 0.87355042 0.84022677 0.84322906 0.86714816 0.88127995 0.88596797 0.92755830 0.99411690 1.09119487 1.01577246 0.49280941 0.00000000 0.00000000 0.00000000 0.00000000 0.00000000 0.00000000
0.00000000 0.00000000 0.00000000 0.00000000 0.00000000 0.00000000 0.00000000 0.00000000 0.00000000 0.00000000 0.00000000 0.00000000 0.00000000 0.00000000 0.00000000 0.00000000 0.00000000 0.00000000 0.00000000 0.00000000 0.00000000 0.00000000 0.00000000 0.00000000 0.00000000 0.00000000 0.00000000 0.00000000 0.00000000 0.00000000 0.00000000 0.00000000 0.00000000 0.00000000 0.00000000 0.00000000 0.00000000 0.00000000 0.00000000 0.00000000 0.00000000 0.00000000 0.00000000 0.00000000 0.00000000 0.00000000 0.00000000 0.00000000 0.00000000 0.00000000 0.00000000 0.00000000 0.00000000 0.00000000 0.00000000 0.00000000 0.00000000 0.00000000 0.00000000 0.00000000 0.00000000 0.00000000 0.00000000 0.00000000 0.00000000 0.00000000 0.00000000 0.00000000 0.00000000 0.00000000 0.00000000 0.00000000 0.00000000 0.00000000 0.00000000 0.00000000 0.00000000 0.00000000 0.00000000 0.00000000 0.00000000 0.00000000 0.28765720 0.86974418 1.12885582 1.01130426 0.92131925 0.94088781 0.94285226 0.95507193 0.97361195 0.96210861 0.95421004 0.97405195 0.98123896 0.95975590 0.96032083 0.97591507 0.97209442 0.96778286 0.97415197 0.97119558 0.96241426 0.94857144 0.93911326 0.94662249 0.93165946 0.89230096 0.85055816 0.82405597 0.82336920 0.81594670 0.82757080 0.89311314 1.03351128 1.21910644 1.26763594 0.78626055 0.00000000 0.00000000 0.00000000 0.00000000 0.00000000 0.00000000
0.00000000 0.00000000 0.00000000 0.00000000 0.00000000 0.00000000 0.00000000 0.00000000 0.00000000 0.00000000 0.00000000 0.00000000 0.00000000 0.00000000 0.00000000 0.00000000 0.00000000 0.00000000 0.00000000 0.00000000 0.00000000 0.00000000 0.00000000 0.00000000 0.00000000 0.00000000 0.00000000 0.00000000 0.00000000 0.00000000 0.00000000 0.00000000 0.00000000 0.00000000 0.00000000 0.00000000 0.00000000 0.00000000 0.00000000 0.00000000 0.00000000 0.00000000 0.00000000 0.00000000 0.00000000 0.00000000 0.00000000 0.00000000 0.00000000 0.00000000 0.00000000 0.00000000 0.00000000 0.00000000 0.00000000 0.00000000 0.00000000 0.00000000 0.00000000 0.00000000 0.00000000 0.00000000 0.00000000 0.00000000 0.00000000 0.00000000 0.00000000 0.00000000 0.00000000 0.00000000 0.00000000 0.00000000 0.00000000 0.00000000 0.00000000 0.00000000 0.00000000 0.00000000 0.00000000 0.00000000 0.00000000 0.11814605 0.73374927 1.08280087 1.04461706 0.90917695 0.90896559 0.92314136 0.94469976 0.95603669 0.95281792 0.95043588 0.95608854 0.95235014 0.94691288 0.94878995 0.95882881 0.96603882 0.96521604 0.96601534 0.97263575 0.97955430 0.98458409 0.98495495 0.97667253 0.99528563 0.98102713 0.92556548 0.86350596 0.81935608 0.79197288 0.80269301 0.81655282 0.87052476 1.02081180 1.25753450 1.32251751 0.97711062 0.23373385 0.00000000 0.00000000 0.00000000 0.00000000 0.00000000
0.00000000 0.00000000 0.00000000 0.00000000 0.00000000 0.00000000 0.00000000 0.00000000 0.00000000 0.00000000 0.00000000 0.00000000 0.00000000 0.00000000 0.00000000 0.00000000 0.00000000 0.00000000 0.00000000 0.00000000 0.00000000 0.00000000 0.00000000 0.00000000 0.00000000 0.00000000 0.00000000 0.00000000 0.00000000 0.00000000 0.00000000 0.00000000 0.00000000 0.00000000 0.00000000 0.00000000 0.00000000 0.00000000 0.00000000 0.00000000 0.00000000 0.00000000 0.00000000 0.00000000 0.00000000 0.00000000 0.00000000 0.00000000 0.00000000 0.00000000 0.00000000 0.00000000 0.00000000 0.00000000 0.00000000 0.00000000 0.00000000 0.00000000 0.00000000 0.00000000 0.00000000 0.00000000 0.00000000 0.00000000 0.00000000 0.00000000 0.00000000 0.00000000 0.00000000 0.00000000 0.00000000 0.00000000 0.00000000 0.00000000 0.00000000 0.00000000 0.00000000 0.00000000 0.00000000 0.00000000 0.00656831 0.59292263 0.98742807 1.04458463 0.91827106 0.89820874 0.91449630 0.93854833 0.96081161 0.98518240 0.97647548 0.96936798 0.97013080 0.96894908 0.94862616 0.94564795 0.96251678 0.96637833 0.96440172 0.95703804 0.96786666 0.97010970 0.97838116 0.98534262 0.99113369 0.98639977 0.99464583 0.94292510 0.88773608 0.82323658 0.80057108 0.81410158 0.83429205 0.86222506 0.91553044 1.13460541 1.29000056 1.08612299 0.45255738 0.00000000 0.00000000 0.00000000 0.00000000 0.00000000
0.00000000 0.00000000 0.00000000 0.00000000 0.00000000 0.00000000 0.00000000 0.00000000 0.00000000 0.00000000 0.00000000 0.00000000 0.00000000 0.00000000 0.00000000 0.00000000 0.00000000 0.00000000 0.00000000 0.00000000 0.00000000 0.00000000 0.00000000 0.00000000 0.00000000 0.00000000 0.00000000 0.00000000 0.00000000 0.00000000 0.00000000 0.00000000 0.00000000 0.00000000 0.00000000 0.00000000 0.00000000 0.00000000 0.00000000 0.00000000 0.00000000 0.00000000 0.00000000 0.00000000 0.00000000 0.00000000 0.00000000 0.00000000 0.00000000 0.00000000 0.00000000 0.00000000 0.00000000 0.00000000 0.00000000 0.00000000 0.00000000 0.00000000 0.00000000 0.00000000 0.00000000 0.00000000 0.00000000 0.00000000 0.00000000 0.00000000 0.00000000 0.00000000 0.00000000 0.00000000 0.00000000 0.00000000 0.00000000 0.00000000 0.00000000 0.00000000 0.00000000 0.00000000 0.00000000 0.13005270 0.56681240 0.94927132 1.07701552 0.92338979 0.86918986 0.87434018 0.89104068 0.91674781 0.95975864 0.96652603 0.96631360 0.95357370 0.96471548 0.96844661 0.94932115 0.94054723 0.95271134 0.95968783 0.94501340 0.93201351 0.93526459 0.94061530 0.94484043 0.95232546 0.95963871 0.96278453 0.95852816 0.94871366 0.89856422 0.84807777 0.80272609 0.81779158 0.86853504 0.87870705 0.88516688 1.04122531 1.25657153 1.16382551 0.60338938 0.00000000 0.00000000 0.00000000 0.00000000 0.00000000
0.00000000 0.00000000 0.00000000 0.00000000 0.00000000 0.00000000 0.00000000 0.00000000 0.00000000 0.00000000 0.00000000 0.00000000 0.00000000 0.00000000 0.00000000 0.00000000 0.00000000 0.00000000 0.00000000 0.00000000 0.00000000 0.00000000 0.00000000 0.00000000 0.00000000 0.00000000 0.00000000 0.00000000 0.00000000 0.00000000 0.00000000 0.00000000 0.00000000 0.00000000 0.00000000 0.00000000 0.00000000 0.00000000 0.00000000 0.00000000 0.00000000 0.00000000 0.00000000 0.00000000 0.00000000 0.00000000 0.00000000 0.00000000 0.00000000 0.00000000 0.00000000 0.00000000 0.00000000 0.00000000 0.00000000 0.00000000 0.00000000 0.00000000 0.00000000 0.00000000 0.00000000 0.00000000 0.00000000 0.00000000 0.00000000 0.00000000 0.00000000 0.00000000 0.00000000 0.00000000 0.00000000 0.00000000 0.00000000 0.00000000 0.00000000 0.00000000 0.00000000 0.17046918 0.44855988 0.70967501 0.96610832 1.09289372 0.97212815 0.87423623 0.86175931 0.85380042 0.87907386 0.91532373 0.94254220 0.94145381 0.93601358 0.93776572 0.94892907 0.95279384 0.94941545 0.95587707 0.96610677 0.95712960 0.96548903 0.97811925 0.91594100 0.81081313 0.75212598 0.79707861 0.87500751 0.92651629 0.95665073 0.96693504 0.91565013 0.85280263 0.80889636 0.82887161 0.87336314 0.90879405 0.89144182 1.02392888 1.16823304 1.11024022 0.69226676 0.05711679 0.00000000 0.00000000 0.00000000 0.00000000
0.00000000 0.00000000 0.00000000 0.00000000 0.00000000 0.00000000 0.00000000 0.00000000 0.00000000 0.00000000 0.00000000 0.00000000 0.00000000 0.00000000 0.00000000 0.00000000 0.00000000 0.00000000 0.00000000 0.00000000 0.00000000 0.00000000 0.00000000 0.00000000 0.00000000 0.00000000 0.00000000 0.00000000 0.00000000 0.00000000 0.00000000 0.00000000 0.00000000 0.00000000 0.00000000 0.00000000 0.00000000 0.00000000 0.00000000 0.00000000 0.00000000 0.00000000 0.00000000 0.00000000 0.00000000 0.00000000 0.00000000 0.00000000 0.00000000 0.00000000 0.00000000 0.00000000 0.00000000 0.00000000 0.00000000 0.00000000 0.00000000 0.00000000 0.00000000 0.00000000 0.00000000 0.00000000 0.00000000 0.00000000 0.00000000 0.00000000 0.00000000 0.00000000 0.00000000 0.00000000 0.00000000 0.00000000 0.00000000 0.00000000 0.00000000 0.33671314 0.70662194 0.84722233 0.94851136 1.06542718 1.12139297 1.00125420 0.90835392 0.90370989 0.89097226 0.88055623 0.90706944 0.94231641 0.95368552 0.96060073 0.95217454 0.95425022 0.95485437 0.96895552 0.96828079 0.97040784 0.99038589 1.12468421 1.20152080 1.02626503 0.61496657 0.13335116 0.00000000 0.17536463 0.52828306 0.82808173 0.96750736 0.99443793 0.94277954 0.85566890 0.80769962 0.84232628 0.92097843 0.91265440 0.87004864 0.97865963 1.11544752 1.04985344 0.71876341 0.08647817 0.00000000 0.00000000 0.00000000 0.00000000
0.00000000 0.00000000 0.00000000 0.00000000 0.00000000 0.00000000 0.00000000 0.00000000 0.00000000 0.00000000 0.00000000 0.00000000 0.00000000 0.00000000 0.00000000 0.00000000 0.00000000 0.00000000 0.00000000 0.00000000 0.00000000 0.00000000 0.00000000 0.00000000 0.00000000 0.00000000 0.00000000 0.00000000 0.00000000 0.00000000 0.00000000 0.00000000 0.00000000 0.00000000 0.00000000 0.00000000 0.00000000 0.00000000 0.00000000 0.00000000 0.00000000 0.00000000 0.00000000 0.00000000 0.00000000 0.00000000 0.00000000 0.00000000 0.00000000 0.00000000 0.00000000 0.00000000 0.00000000 0.00000000 0.00000000 0.00000000 0.00000000 0.00000000 0.00000000 0.00000000 0.00000000 0.00000000 0.00000000 0.00000000 0.00000000 0.00000000 0.00000000 0.00000000 0.00000000 0.00000000 0.00000000 0.00000000 0.00000000 0.00000000 0.68193054 1.07914734 1.22754943 1.21657705 1.15046501 1.11308384 1.01690423 0.94238150 0.94939756 0.94970143 0.92935801 0.92267251 0.94680321 0.97195697 0.98810554 0.99035764 0.99293005 0.98076165 0.98279572 0.98308778 0.98630393 0.98559523 1.00705707 1.31837821 1.22321093 0.58961546 0.00000000 0.00000000 0.00000000 0.00000000 0.08565749 0.67647213 0.96667469 1.01422596 0.96741414 0.86669266 0.83904266 0.98025239 1.06824410 0.75638944 0.48935384 0.57977498 0.95672214 1.08048248 0.84156275 0.22003220 0.00000000 0.00000000 0.00000000 0.00000000
0.00000000 0.00000000 0.00000000 0.00000000 0.00000000 0.00000000 0.00000000 0.00000000 0.00000000 0.00000000 0.00000000 0.00000000 0.00000000 0.00000000 0.00000000 0.00000000 0.00000000 0.00000000 0.00000000 0.00000000 0.00000000 0.00000000 0.00000000 0.00000000 0.00000000 0.00000000 0.00000000 0.00000000 0.00000000 0.00000000 0.00000000 0.00000000 0.00000000 0.00000000 0.00000000 0.00000000 0.00000000 0.00000000 0.00000000 0.00000000 0.00000000 0.00000000 0.00000000 0.00000000 0.00000000 0.00000000 0.00000000 0.00000000 0.00000000 0.00000000 0.00000000 0.00000000 0.00000000 0.00000000 0.00000000 0.00000000 0.00000000 0.00000000 0.00000000 0.00000000 0.00000000 0.00000000 0.00000000 0.00000000 0.00000000 0.00000000 0.00000000 0.00000000 0.00000000 0.00000000 0.00000000 0.00000000 0.00000000 0.63929611 1.09759688 1.24899244 1.20071256 1.06562781 0.97950256 0.92183280 0.92062736 0.92745006 0.95633948 0.95921266 0.93762863 0.92315578 0.94754934 0.97582829 0.98705316 0.98792183 0.98367500 0.97792947 0.97080958 0.96599078 0.96551883 0.97566283 0.97940624 1.17317796 1.02174318 0.22979821 0.00000000 0.00000000 0.00000000 0.00000000 0.00000000 0.50934970 0.93093753 0.99361420 0.94595933 0.87508857 0.97416186 0.98585522 0.81980956 0.09342380 0.00000000 0.10565357 0.77101952 1.10187161 0.93882751 0.32618278 0.00000000 0.00000000 0.00000000 0.00000000
0.00000000 0.00000000 0.00000000 0.00000000 0.00000000 0.00000000 0.00000000 0.00000000 0.00000000 0.00000000 0.00000000 0.00000000 0.00000000 0.00000000 0.00000000 0.00000000 0.00000000 0.00000000 0.00000000 0.00000000 0.00000000 0.00000000 0.00000000 0.00000000 0.00000000 0.00000000 0.00000000 0.00000000 0.00000000 0.00000000 0.00000000 0.00000000 0.00000000 0.00000000 0.00000000 0.00000000 0.00000000 0.00000000 0.00000000 0.00000000 0.00000000 0.00000000 0.00000000 0.00000000 0.00000000 0.00000000 0.00000000 0.00000000 0.00000000 0.00000000 0.00000000 0.00000000 0.00000000 0.00000000 0.00000000 0.00000000 0.00000000 0.00000000 0.00000000 0.00000000 0.00000000 0.00000000 0.00000000 0.00000000 0.00000000 0.00000000 0.00000000 0.00000000 0.00000000 0.00000000 0.00000000 0.00000000 0.43480206 0.94763219 1.15263307 1.06870210 0.92023122 0.85441422 0.84442937 0.85188961 0.88406014 0.90291536 0.92274749 0.93108678 0.91920567 0.91394269 0.93406379 0.95430875 0.96263123 0.96357441 0.96800065 0.95711851 0.94755030 0.93781388 0.93688130 0.94233966 0.94365847 1.03466976 1.13695943 0.53921688 0.00000000 0.00000000 0.00000000 0.00000000 0.00000000 0.53367227 0.87142920 0.93459809 0.90014267 0.88464892 1.05514514 0.73468077 0.25904095 0.00000000 0.00000000 0.00000000 0.61030829 1.07050955 0.92296910 0.35562849 0.00000000 0.00000000 0.00000000 0.00000000
0.00000000 0.00000000 0.00000000 0.00000000 0.00000000 0.00000000 0.00000000 0.00000000 0.00000000 0.00000000 0.00000000 0.00000000 0.00000000 0.00000000 0.00000000 0.00000000 0.00000000 0.00000000 0.00000000 0.00000000 0.00000000 0.00000000 0.00000000 0.00000000 0.00000000 0.00000000 0.00000000 0.00000000 0.00000000 0.00000000 0.00000000 0.00000000 0.00000000 0.00000000 0.00000000 0.00000000 0.00000000 0.00000000 0.00000000 0.00000000 0.00000000 0.00000000 0.00000000 0.00000000 0.00000000 0.00000000 0.00000000 0.00000000 0.00000000 0.00000000 0.00000000 0.00000000 0.00000000 0.00000000 0.00000000 0.00000000 0.00000000 0.00000000 0.00000000 0.00000000 0.00000000 0.00000000 0.00000000 0.00000000 0.00000000 0.00000000 0.00000000 0.00000000 0.00000000 0.00000000 0.00000000 0.19831739 0.78710157 1.04364002 1.02243221 0.88388240 0.82213199 0.82914603 0.85777545 0.86504030 0.87552333 0.88476384 0.89586949 0.91910338 0.91291904 0.90737188 0.92257595 0.93543899 0.94553363 0.95056486 0.95608091 0.95062697 0.94291675 0.93497658 0.92885971 0.92783618 0.93567646 1.12374878 1.34968710 1.01979387 0.23629178 0.00000000 0.00000000 0.00000000 0.39665753 0.79787326 0.85329127 0.89659524 0.87172246 0.83309573 0.93069446 0.71093345 0.00000000 0.00000000 0.00000000 0.00000000 0.80380398 1.01134467 0.86226857 0.37709743 0.00000000 0.00000000 0.00000000 0.00000000
0.00000000 0.00000000 0.00000000 0.00000000 0.00000000 0.00000000 0.00000000 0.00000000 0.00000000 0.00000000 0.00000000 0.00000000 0.00000000 0.00000000 0.00000000 0.00000000 0.00000000 0.00000000 0.00000000 0.00000000 0.00000000 0.00000000 0.00000000 0.00000000 0.00000000 0.00000000 0.00000000 0.00000000 0.00000000 0.00000000 0.00000000 0.00000000 0.00000000 0.00000000 0.00000000 0.00000000 0.00000000 0.00000000 0.00000000 0.00000000 0.00000000 0.00000000 0.00000000 0.00000000 0.00000000 0.00000000 0.00000000 0.00000000 0.00000000 0.00000000 0.00000000 0.00000000 0.00000000 0.00000000 0.00000000 0.00000000 0.00000000 0.00000000 0.00000000 0.00000000 0.00000000 0.00000000 0.00000000 0.00000000 0.00000000 0.00000000 0.00000000 0.00000000 0.00000000 0.00000000 0.00000000 0.58842415 0.99054480 0.98953354 0.83206046 0.80903226 0.82537681 0.84689736 0.87147748 0.85923958 0.86123478 0.85924661 0.87034535 0.89286065 0.89733243 0.88598466 0.89480913 0.90125990 0.90390384 0.91235900 0.92703831 0.93202257 0.92442596 0.93234468 0.92895699 0.91284811 0.88987768 1.14780354 1.40836608 1.27007568 0.89280093 0.77275234 0.46791410 0.41661817 0.80950522 0.99808002 0.84704185 0.86225557 0.85673952 0.78474009 0.87787926 0.72345370 0.23776044 0.00000000 0.00000000 0.45807600 1.05676806 0.98369598 0.78814638 0.33815765 0.00000000 0.00000000 0.00000000 0.00000000
0.00000000 0.00000000 0.00000000 0.00000000 0.00000000 0.00000000 0.00000000 0.00000000 0.00000000 0.00000000 0.00000000 0.00000000 0.00000000 0.00000000 0.00000000 0.00000000 0.00000000 0.00000000 0.00000000 0.00000000 0.00000000 0.00000000 0.00000000 0.00000000 0.00000000 0.00000000 0.00000000 0.00000000 0.00000000 0.00000000 0.00000000 0.00000000 0.00000000 0.00000000 0.00000000 0.00000000 0.00000000 0.00000000 0.00000000 0.00000000 0.00000000 0.00000000 0.00000000 0.00000000 0.00000000 0.00000000 0.00000000 0.00000000 0.00000000 0.00000000 0.00000000 0.00000000 0.00000000 0.00000000 0.00000000 0.00000000 0.00000000 0.00000000 0.00000000 0.00000000 0.00000000 0.00000000 0.00000000 0.00000000 0.00000000 0.00000000 0.00000000 0.00000000 0.00000000 0.00000000 0.31268692 0.86962152 1.00320208 0.83514196 0.77281696 0.79987240 0.82069778 0.84105921 0.86068833 0.86007893 0.83753282 0.83207047 0.85087717 0.87005961 0.87503433 0.86164808 0.87391710 0.87802351 0.88280213 0.89396071 0.90404391 0.90557134 0.89665544 0.90296698 0.91276121 0.88592279 0.85168469 0.92962515 1.30477870 1.45434642 1.35560787 1.23334193 1.11111009 1.03031325 1.10229540 1.00446713 0.82550788 0.83718866 0.81369501 0.82823277 1.00769448 1.05334532 0.83391088 0.47631520 0.49201852 0.86414206 1.19247949 0.90629303 0.68661743 0.28900957 0.00000000 0.00000000 0.00000000 0.00000000
0.00000000 0.00000000 0.00000000 0.00000000 0.00000000 0.00000000 0.00000000 0.00000000 0.00000000 0.00000000 0.00000000 0.00000000 0.00000000 0.00000000 0.00000000 0.00000000 0.00000000 0.00000000 0.00000000 0.00000000 0.00000000 0.00000000 0.00000000 0.00000000 0.00000000 0.00000000 0.00000000 0.00000000 0.00000000 0.00000000 0.00000000 0.00000000 0.00000000 0.00000000 0.00000000 0.00000000 0.00000000 0.00000000 0.00000000 0.00000000 0.00000000 0.00000000 0.00000000 0.00000000 0.00000000 0.00000000 0.00000000 0.00000000 0.00000000 0.00000000 0.00000000 0.00000000 0.00000000 0.00000000 0.00000000 0.00000000 0.00000000 0.00000000 0.00000000 0.00000000 0.00000000 0.00000000 0.00000000 0.00000000 0.00000000 0.00000000 0.00000000 0.00000000 0.00000000 0.00000000 0.64765066 0.99099386 0.84875727 0.75614733 0.77772188 0.80577075 0.83121109 0.85574043 0.87084961 0.86621451 0.85371244 0.85567856 0.85620749 0.87033224 0.88436639 0.88689280 0.88727045 0.89119494 0.89665353 0.90412152 0.91147900 0.90428483 0.90306449 0.90804029 0.90118492 0.88486266 0.84717762 0.82318485 0.93753541 1.21903813 1.28635919 1.14886940 1.08995092 1.12229466 1.09219563 0.91235423 0.82734811 0.83917433 0.81318921 0.80972409 1.10418189 1.28461766 1.05984151 0.86535954 0.99053729 1.17876077 1.10466635 0.75220352 0.56499672 0.22916521 0.00000000 0.00000000 0.00000000 0.00000000
0.00000000 0.00000000 0.00000000 0.00000000 0.00000000 0.00000000 0.00000000 0.00000000 0.00000000 0.00000000 0.00000000 0.00000000 0.00000000 0.00000000 0.00000000 0.00000000 0.00000000 0.00000000 0.00000000 0.00000000 0.00000000 0.00000000 0.00000000 0.00000000 0.00000000 0.00000000 0.00000000 0.00000000 0.00000000 0.00000000 0.00000000 0.00000000 0.00000000 0.00000000 0.00000000 0.00000000 0.00000000 0.00000000 0.00000000 0.00000000 0.00000000 0.00000000 0.00000000 0.00000000 0.00000000 0.00000000 0.00000000 0.00000000 0.00000000 0.00000000 0.00000000 0.00000000 0.00000000 0.00000000 0.00000000 0.00000000 0.00000000 0.00000000 0.00000000 0.00000000 0.00000000 0.00000000 0.00000000 0.00000000 0.00000000 0.00000000 0.00000000 0.00000000 0.00000000 0.28761613 0.92799771 0.95632875 0.79838437 0.79528594 0.82794911 0.85868955 0.89179242 0.91181493 0.92991757 0.92936397 0.92137933 0.91250575 0.92231166 0.92725730 0.95016456 0.94886959 0.95007873 0.94362032 0.94178510 0.94887161 0.96174705 0.95868421 0.95082664 0.95181727 0.95370889 0.93774366 0.90129662 0.87343419 0.87971342 0.92638969 0.98308837 0.95859754 0.93069363 0.98675621 0.98084021 0.92856872 0.90683758 0.90196085 0.87000084 0.83318627 0.94540966 1.11829519 1.01738703 0.87202573 1.05502796 1.12312424 0.90552580 0.63978744 0.45751595 0.14158927 0.00000000 0.00000000 0.00000000 0.00000000
0.00000000 0.00000000 0.00000000 0.00000000 0.00000000 0.00000000 0.00000000 0.00000000 0.00000000 0.00000000 0.00000000 0.00000000 0.00000000 0.00000000 0.00000000 0.00000000 0.00000000 0.00000000 0.00000000 0.00000000 0.00000000 0.00000000 0.00000000 0.00000000 0.00000000 0.00000000 0.00000000 0.00000000 0.00000000 0.00000000 0.00000000 0.00000000 0.00000000 0.00000000 0.00000000 0.00000000 0.00000000 0.00000000 0.00000000 0.00000000 0.00000000 0.00000000 0.00000000 0.00000000 0.00000000 0.00000000 0.00000000 0.00000000 0.00000000 0.00000000 0.00000000 0.00000000 0.00000000 0.00000000 0.00000000 0.00000000 0.00000000 0.00000000 0.00000000 0.00000000 0.00000000 0.00000000 0.00000000 0.00000000 0.00000000 0.00000000 0.00000000 0.00000000 0.00000000 0.68583149 1.04159296 0.89246237 0.82992256 0.86227357 0.89774716 0.93394232 0.95773768 0.97883642 0.98760128 0.98747742 0.97807741 0.98221135 0.98871851 0.99500716 1.01299357 1.01814568 1.01620948 0.99493468 0.99328089 1.01122952 1.01232147 1.01090050 1.00371528 1.01233065 1.02162910 1.00639117 0.97718239 0.96794307 0.97298634 0.96285152 0.95994282 0.96469200 0.97204745 0.98429739 0.99882507 0.98701394 0.98089945 0.97363162 0.93934536 0.91434157 0.92401338 0.93538117 0.90183270 0.92174494 1.02763474 0.98134494 0.76259041 0.54402298 0.36300230 0.02746810 0.00000000 0.00000000 0.00000000 0.00000000
0.00000000 0.00000000 0.00000000 0.00000000 0.00000000 0.00000000 0.00000000 0.00000000 0.00000000 0.00000000 0.00000000 0.00000000 0.00000000 0.00000000 0.00000000 0.00000000 0.00000000 0.00000000 0.00000000 0.00000000 0.00000000 0.00000000 0.00000000 0.00000000 0.00000000 0.00000000 0.00000000 0.00000000 0.00000000 0.00000000 0.00000000 0.00000000 0.00000000 0.00000000 0.00000000 0.00000000 0.00000000 0.00000000 0.00000000 0.00000000 0.00000000 0.00000000 0.00000000 0.00000000 0.00000000 0.00000000 0.00000000 0.00000000 0.00000000 0.00000000 0.00000000 0.00000000 0.00000000 0.00000000 0.00000000 0.00000000 0.00000000 0.00000000 0.00000000 0.00000000 0.00000000 0.00000000 0.00000000 0.00000000 0.00000000 0.00000000 0.00000000 0.00000000 0.26932716 0.96301425 1.01074588 0.85258794 0.85139704 0.88107634 0.92444837 0.95249391 0.97243762 0.98628616 0.98972178 0.99191296 0.98988128 0.99237168 0.99808848 1.00886810 1.01585805 1.02681136 1.01565659 0.99808156 1.00295401 1.01793110 1.01988804 1.01712549 1.02046990 1.01461375 1.00828421 1.01227617 1.01145864 0.99676228 0.99630463 1.00165629 0.98603952 0.96555114 0.95007670 0.96576893 0.98292410 0.98088026 0.97203219 0.97095132 0.95842028 0.94134033 0.93310344 0.91767955 0.91202009 1.00159740 1.01128864 0.88908911 0.62909806 0.42422336 0.20861150 0.00000000 0.00000000 0.00000000 0.00000000 0.00000000
0.00000000 0.00000000 0.00000000 0.00000000 0.00000000 0.00000000 0.00000000 0.00000000 0.00000000 0.00000000 0.00000000 0.00000000 0.00000000 0.00000000 0.00000000 0.00000000 0.00000000 0.00000000 0.00000000 0.00000000 0.00000000 0.00000000 0.00000000 0.00000000 0.00000000 0.00000000 0.00000000 0.00000000 0.00000000 0.00000000 0.00000000 0.00000000 0.00000000 0.00000000 0.00000000 0.00000000 0.00000000 0.00000000 0.00000000 0.00000000 0.00000000 0.00000000 0.00000000 0.00000000 0.00000000 0.00000000 0.00000000 0.00000000 0.00000000 0.00000000 0.00000000 0.00000000 0.00000000 0.00000000 0.00000000 0.00000000 0.00000000 0.00000000 0.00000000 0.00000000 0.00000000 0.00000000 0.00000000 0.00000000 0.00000000 0.00000000 0.00000000 0.00000000 0.67671615 1.07164073 0.90931535 0.83111233 0.83774614 0.86900032 0.90830052 0.93896234 0.95821667 0.96202958 0.97007215 0.96981537 0.97025824 0.97568357 0.99038315 0.99107873 0.99493313 0.99801230 0.99494874 0.97751439 0.97886574 0.99094737 0.99920380 0.99522984 0.99018061 0.98659444 0.98546875 0.97903240 0.97965264 0.97481561 0.97403216 0.97028267 0.94571936 0.92975044 0.92754304 0.93389177 0.94117725 0.94442093 0.93915176 0.95048976 0.93954659 0.91391695 0.87314570 0.86001968 0.88573456 0.98642635 0.95932436 0.77340114 0.53150612 0.29634362 0.04557396 0.00000000 0.00000000 0.00000000 0.00000000 0.00000000
0.00000000 0.00000000 0.00000000 0.00000000 0.00000000 0.00000000 0.00000000 0.00000000 0.00000000 0.00000000 0.00000000 0.00000000 0.00000000 0.00000000 0.00000000 0.00000000 0.00000000 0.00000000 0.00000000 0.00000000 0.00000000 0.00000000 0.00000000 0.00000000 0.00000000 0.00000000 0.00000000 0.00000000 0.00000000 0.00000000 0.00000000 0.00000000 0.00000000 0.00000000 0.00000000 0.00000000 0.00000000 0.00000000 0.00000000 0.00000000 0.00000000 0.00000000 0.00000000 0.00000000 0.00000000 0.00000000 0.00000000 0.00000000 0.00000000 0.00000000 0.00000000 0.00000000 0.00000000 0.00000000 0.00000000 0.00000000 0.00000000 0.00000000 0.00000000 0.00000000 0.00000000 0.00000000 0.00000000 0.00000000 0.00000000 0.00000000 0.00000000 0.28850007 0.95989418 1.00825739 0.83486938 0.81663507 0.83355260 0.87000489 0.90812457 0.92866969 0.94404006 0.95798206 0.96200669 0.95875120 0.96485472 0.97087669 0.97350633 0.96898830 0.97861433 0.98512399 0.97549629 0.97180593 0.97061741 0.97343361 0.98221564 0.98576164 0.98346043 0.98311782 0.97130227 0.95657253 0.95576215 0.94355333 0.92668593 0.91247225 0.91288900 0.92567980 0.92491639 0.92021716 0.92643261 0.93747151 0.92687869 0.92948186 0.92020953 0.89298785 0.85016727 0.84033304 0.88825727 0.97533226 0.91882718 0.71100342 0.45495814 0.17074625 0.00000000 0.00000000 0.00000000 0.00000000 0.00000000 0.00000000
0.00000000 0.00000000 0.00000000 0.00000000 0.00000000 0.00000000 0.00000000 0.00000000 0.00000000 0.00000000 0.00000000 0.00000000 0.00000000 0.00000000 0.00000000 0.00000000 0.00000000 0.00000000 0.00000000 0.00000000 0.00000000 0.00000000 0.00000000 0.00000000 0.00000000 0.00000000 0.00000000 0.00000000 0.00000000 0.00000000 0.00000000 0.00000000 0.00000000 0.00000000 0.00000000 0.00000000 0.00000000 0.00000000 0.00000000 0.00000000 0.00000000 0.00000000 0.00000000 0.00000000 0.00000000 0.00000000 0.00000000 0.00000000 0.00000000 0.00000000 0.00000000 0.00000000 0.00000000 0.00000000 0.00000000 0.00000000 0.00000000 0.00000000 0.00000000 0.00000000 0.00000000 0.00000000 0.00000000 0.00000000 0.00000000 0.00000000 0.00000000 0.67677629 1.06864107 0.90646422 0.81986421 0.81606400 0.82968175 0.87262416 0.90589857 0.92602503 0.94876707 0.96006346 0.96067369 0.95781708 0.95156920 0.95786154 0.96218121 0.96757507 0.96857011 0.97746396 0.97787106 0.96331716 0.96573246 0.97040641 0.98155236 0.98703504 0.99133945 0.98492801 0.97612846 0.96361303 0.95126653 0.91804767 0.88653898 0.88888633 0.90881538 0.91826427 0.92518055 0.92852247 0.93628895 0.93534195 0.92515206 0.92475951 0.92373812 0.88630867 0.84780192 0.83766019 0.92582023 0.99056065 0.88955355 0.67303497 0.40017354 0.11597611 0.00000000 0.00000000 0.00000000 0.00000000 0.00000000 0.00000000
0.00000000 0.00000000 0.00000000 0.00000000 0.00000000 0.00000000 0.00000000 0.00000000 0.00000000 0.00000000 0.00000000 0.00000000 0.00000000 0.00000000 0.00000000 0.00000000 0.00000000 0.00000000 0.00000000 0.00000000 0.00000000 0.00000000 0.00000000 0.00000000 0.00000000 0.00000000 0.00000000 0.00000000 0.00000000 0.00000000 0.00000000 0.00000000 0.00000000 0.00000000 0.00000000 0.00000000 0.00000000 0.00000000 0.00000000 0.00000000 0.00000000 0.00000000 0.00000000 0.00000000 0.00000000 0.00000000 0.00000000 0.00000000 0.00000000 0.00000000 0.00000000 0.00000000 0.00000000 0.00000000 0.00000000 0.00000000 0.00000000 0.00000000 0.00000000 0.00000000 0.00000000 0.00000000 0.00000000 0.00000000 0.00000000 0.00000000 0.30567038 0.98972178 1.02619147 0.84754848 0.82808477 0.82188135 0.85542965 0.91047299 0.93604577 0.95354879 0.96453500 0.96229553 0.95497561 0.94926655 0.95674241 0.95458543 0.96429515 0.97109091 0.97663021 0.98283494 0.98176253 0.96770251 0.96356261 0.97349405 0.97841275 0.99393034 1.00161064 1.00255823 0.99139953 0.98011839 0.96165097 0.92563605 0.89455986 0.88544786 0.89439416 0.91270125 0.92504096 0.93473148 0.94205546 0.94848561 0.94698000 0.94304252 0.92485321 0.89058065 0.86206245 0.85893106 0.94829631 1.01220632 0.88048220 0.64180207 0.36792088 0.02972294 0.00000000 0.00000000 0.00000000 0.00000000 0.00000000 0.00000000
0.00000000 0.00000000 0.00000000 0.00000000 0.00000000 0.00000000 0.00000000 0.00000000 0.00000000 0.00000000 0.00000000 0.00000000 0.00000000 0.00000000 0.00000000 0.00000000 0.00000000 0.00000000 0.00000000 0.00000000 0.00000000 0.00000000 0.00000000 0.00000000 0.00000000 0.00000000 0.00000000 0.00000000 0.00000000 0.00000000 0.00000000 0.00000000 0.00000000 0.00000000 0.00000000 0.00000000 0.00000000 0.00000000 0.00000000 0.00000000 0.00000000 0.00000000 0.00000000 0.00000000 0.00000000 0.00000000 0.00000000 0.00000000 0.00000000 0.00000000 0.00000000 0.00000000 0.00000000 0.00000000 0.00000000 0.00000000 0.00000000 0.00000000 0.00000000 0.00000000 0.00000000 0.00000000 0.00000000 0.00000000 0.00000000 0.01736660 0.75997090 1.08731008 0.93148649 0.85063946 0.85488546 0.87213159 0.91180098 0.95546198 0.98100722 0.98038697 0.98636365 0.98589599 0.98338866 0.97304630 0.97303748 0.97876298 0.98550582 0.99344110 0.99912143 1.00455928 1.00087261 0.98937011 0.98778391 0.99192345 1.00135863 1.00817037 1.01153767 1.00864792 1.00866663 1.00198209 0.99914980 0.97856331 0.94693983 0.91668737 0.91789210 0.92825532 0.93317580 0.94677079 0.96273792 0.97689676 0.96787870 0.96036065 0.95038927 0.90993059 0.88777304 0.92796016 1.01544440 1.00630176 0.83794945 0.59921950 0.33072007 0.00000000 0.00000000 0.00000000 0.00000000 0.00000000 0.00000000 0.00000000
0.00000000 0.00000000 0.00000000 0.00000000 0.00000000 0.00000000 0.00000000 0.00000000 0.00000000 0.00000000 0.00000000 0.00000000 0.00000000 0.00000000 0.00000000 0.00000000 0.00000000 0.00000000 0.00000000 0.00000000 0.00000000 0.00000000 0.00000000 0.00000000 0.00000000 0.00000000 0.00000000 0.00000000 0.00000000 0.00000000 0.00000000 0.00000000 0.00000000 0.00000000 0.00000000 0.00000000 0.00000000 0.00000000 0.00000000 0.00000000 0.00000000 0.00000000 0.00000000 0.00000000 0.00000000 0.00000000 0.00000000 0.00000000 0.00000000 0.00000000 0.00000000 0.00000000 0.00000000 0.00000000 0.00000000 0.00000000 0.00000000 0.00000000 0.00000000 0.00000000 0.00000000 0.00000000 0.00000000 0.00000000 0.00650410 0.61517590 1.04736376 1.05246592 0.89527297 0.88381708 0.87924349 0.90285265 0.94568121 0.97882795 0.99551117 0.99280012 0.99938047 0.99297559 0.98642385 0.98541284 0.99420273 1.00647116 1.00822973 1.02269399 1.02127230 1.01164544 1.01026058 0.99920523 0.99820137 1.00320435 1.00909698 1.01035154 1.01068151 1.00042295 1.00733483 1.02595186 1.03110111 1.01444042 0.98909605 0.96684134 0.94984043 0.93678379 0.93552732 0.95990574 0.97845817 0.97219658 0.96362460 0.96329761 0.94795072 0.92759240 0.92169321 0.96930194 0.98836923 0.87191606 0.65899593 0.53296506 0.32370794 0.00000000 0.00000000 0.00000000 0.00000000 0.00000000 0.00000000 0.00000000
0.00000000 0.00000000 0.00000000 0.00000000 0.00000000 0.00000000 0.00000000 0.00000000 0.00000000 0.00000000 0.00000000 0.00000000 0.00000000 0.00000000 0.00000000 0.00000000 0.00000000 0.00000000 0.00000000 0.00000000 0.00000000 0.00000000 0.00000000 0.00000000 0.00000000 0.00000000 0.00000000 0.00000000 0.00000000 0.00000000 0.00000000 0.00000000 0.00000000 0.00000000 0.00000000 0.00000000 0.00000000 0.00000000 0.00000000 0.00000000 0.00000000 0.00000000 0.00000000 0.00000000 0.00000000 0.00000000 0.00000000 0.00000000 0.00000000 0.00000000 0.00000000 0.00000000 0.00000000 0.00000000 0.00000000 0.00000000 0.00000000 0.00000000 0.00000000 0.00000000 0.00000000 0.00000000 0.00000000 0.17935787 0.68244922 1.03004849 1.16685426 0.97159958 0.90234840 0.89409292 0.88446665 0.90512645 0.94242609 0.97655857 0.98836017 0.98998499 0.98359382 0.97653091 0.96744633 0.96978652 0.98855722 0.99995613 1.00476563 1.01168454 1.01492286 1.01203144 1.00708687 0.99821997 0.99441206 1.00283480 1.00376868 0.99590456 0.99126661 0.99502051 0.99791121 1.01720011 1.02720511 1.01764190 0.99839151 0.97759974 0.95472670 0.93052864 0.92797136 0.93398356 0.94565701 0.95144594 0.96731114 0.98553157 0.96450281 0.91466713 0.84952629 0.76304507 0.67716336 0.59618777 0.48753858 0.46057761 0.24982475 0.00000000 0.00000000 0.00000000 0.00000000 0.00000000 0.00000000 0.00000000
0.00000000 0.00000000 0.00000000 0.00000000 0.00000000 0.00000000 0.00000000 0.00000000 0.00000000 0.00000000 0.00000000 0.00000000 0.00000000 0.00000000 0.00000000 0.00000000 0.00000000 0.00000000 0.00000000 0.00000000 0.00000000 0.00000000 0.00000000 0.00000000 0.00000000 0.00000000 0.00000000 0.00000000 0.00000000 0.00000000 0.00000000 0.00000000 0.00000000 0.00000000 0.00000000 0.00000000 0.00000000 0.00000000 0.00000000 0.00000000 0.00000000 0.00000000 0.00000000 0.00000000 0.00000000 0.00000000 0.00000000 0.00000000 0.00000000 0.00000000 0.00000000 0.00000000 0.00000000 0.00000000 0.00000000 0.00000000 0.00000000 0.00000000 0.00000000 0.00000000 0.00000000 0.00000000 0.24182118 0.78829092 1.08187497 1.20155728 1.02638519 0.90858138 0.91521406 0.89630008 0.88209760 0.89142227 0.92081821 0.95626175 0.97247958 0.98021281 0.97322464 0.96025825 0.94954848 0.96173108 0.98074532 0.98931241 0.99342418 0.99628448 1.00506842 1.00671113 1.00015473 0.98989916 0.98595786 0.99383044 0.99124885 0.98508465 0.98664784 0.99617290 0.99559140 1.01020801 1.01810694 1.01111174 0.99812627 0.97840893 0.95114040 0.92485118 0.91360366 0.91658998 0.92779326 0.94036651 0.95590568 0.94683838 0.85329223 0.68498898 0.49888587 0.39341164 0.37217569 0.38114619 0.42317289 0.32498920 0.00000000 0.00000000 0.00000000 0.00000000 0.00000000 0.00000000 0.00000000 0.00000000
0.00000000 0.00000000 0.00000000 0.00000000 0.00000000 0.00000000 0.00000000 0.00000000 0.00000000 0.00000000 0.00000000 0.00000000 0.00000000 0.00000000 0.00000000 0.00000000 0.00000000 0.00000000 0.00000000 0.00000000 0.00000000 0.00000000 0.00000000 0.00000000 0.00000000 0.00000000 0.00000000 0.00000000 0.00000000 0.00000000 0.00000000 0.00000000 0.00000000 0.00000000 0.00000000 0.00000000 0.00000000 0.00000000 0.00000000 0.00000000 0.00000000 0.00000000 0.00000000 0.00000000 0.00000000 0.00000000 0.00000000 0.00000000 0.00000000 0.00000000 0.00000000 0.00000000 0.00000000 0.00000000 0.00000000 0.00000000 0.00000000 0.00000000 0.00000000 0.00000000 0.00000000 0.22350274 0.77701414 1.07447553 1.18719041 1.01915276 0.89623141 0.90085661 0.91396248 0.89371622 0.86512101 0.86970127 0.89721549 0.93928504 0.96546483 0.96992683 0.96683550 0.95253360 0.95262671 0.96028852 0.97167885 0.97844326 0.98766804 0.99733174 1.00382710 1.00196254 0.99261451 0.97532761 0.97537160 0.97821105 0.98665845 0.98689318 0.99452472 0.99768782 0.99745023 1.00244737 1.00517774 0.99601257 0.99734533 0.98944044 0.96182752 0.93142486 0.94026053 0.97453320 0.95884275 0.88268864 0.78129143 0.65698457 0.48541474 0.29513252 0.18940349 0.15567090 0.16780464 0.10968103 0.00000000 0.00000000 0.00000000 0.00000000 0.00000000 0.00000000 0.00000000 0.00000000 0.00000000 0.00000000
0.00000000 0.00000000 0.00000000 0.00000000 0.00000000 0.00000000 0.00000000 0.00000000 0.00000000 0.00000000 0.00000000 0.00000000 0.00000000 0.00000000 0.00000000 0.00000000 0.00000000 0.00000000 0.00000000 0.00000000 0.00000000 0.00000000 0.00000000 0.00000000 0.00000000 0.00000000 0.00000000 0.00000000 0.00000000 0.00000000 0.00000000 0.00000000 0.00000000 0.00000000 0.00000000 0.00000000 0.00000000 0.00000000 0.00000000 0.00000000 0.00000000 0.00000000 0.00000000 0.00000000 0.00000000 0.00000000 0.00000000 0.00000000 0.00000000 0.00000000 0.00000000 0.00000000 0.00000000 0.00000000 0.00000000 0.00000000 0.00000000 0.00000000 0.00000000 0.00000000 0.20760746 0.73817861 1.05118847 1.17004871 0.98642290 0.88301897 0.89102685 0.90516472 0.91479671 0.89410806 0.86883748 0.86600423 0.88970935 0.92731011 0.95605993 0.97432899 0.98061788 0.95860088 0.94766045 0.96301496 0.97936940 0.97841525 0.97862136 0.98930383 0.99765491 1.00447381 0.99394596 0.98211598 0.97130072 0.97831142 0.98354340 0.98952246 0.99624383 0.99544394 0.99401975 0.99001658 0.98814821 0.98854673 0.99574959 0.99818683 0.97246897 0.94527948 0.96705103 1.01685667 0.91795719 0.72264767 0.47520250 0.29382151 0.17306675 0.10397576 0.06823185 0.00000000 0.00000000 0.00000000 0.00000000 0.00000000 0.00000000 0.00000000 0.00000000 0.00000000 0.00000000 0.00000000 0.00000000 0.00000000
0.00000000 0.00000000 0.00000000 0.00000000 0.00000000 0.00000000 0.00000000 0.00000000 0.00000000 0.00000000 0.00000000 0.00000000 0.00000000 0.00000000 0.00000000 0.00000000 0.00000000 0.00000000 0.00000000 0.00000000 0.00000000 0.00000000 0.00000000 0.00000000 0.00000000 0.00000000 0.00000000 0.00000000 0.00000000 0.00000000 0.00000000 0.00000000 0.00000000 0.00000000 0.00000000 0.00000000 0.00000000 0.00000000 0.00000000 0.00000000 0.00000000 0.00000000 0.00000000 0.00000000 0.00000000 0.00000000 0.00000000 0.00000000 0.00000000 0.00000000 0.00000000 0.00000000 0.00000000 0.00000000 0.00000000 0.00000000 0.00000000 0.00000000 0.00000000 0.21252058 0.74602342 1.04644334 1.15193403 0.99014211 0.88196814 0.88912153 0.89231968 0.91785812 0.92349958 0.91313958 0.89201498 0.88121879 0.89247870 0.92621970 0.96631539 0.97644365 0.96758008 0.95346463 0.95955670 0.98606074 0.98782825 0.97569847 0.97567773 0.98341155 0.99545097 1.00107181 1.00275326 0.98017013 0.97524357 0.98465192 0.99255955 0.99458814 0.99629235 0.99466968 0.98719704 0.98355460 0.98839712 0.99812734 0.99574566 0.98834157 0.96626341 0.95081484 0.97261775 1.00764430 0.88417029 0.64307386 0.29437745 0.03070882 0.00000000 0.00000000 0.00000000 0.00000000 0.00000000 0.00000000 0.00000000 0.00000000 0.00000000 0.00000000 0.00000000 0.00000000 0.00000000 0.00000000 0.00000000 0.00000000
0.00000000 0.00000000 0.00000000 0.00000000 0.00000000 0.00000000 0.00000000 0.00000000 0.00000000 0.00000000 0.00000000 0.00000000 0.00000000 0.00000000 0.00000000 0.00000000 0.00000000 0.00000000 0.00000000 0.00000000 0.00000000 0.00000000 0.00000000 0.00000000 0.00000000 0.00000000 0.00000000 0.00000000 0.00000000 0.00000000 0.00000000 0.00000000 0.00000000 0.00000000 0.00000000 0.00000000 0.00000000 0.00000000 0.00000000 0.00000000 0.00000000 0.00000000 0.00000000 0.00000000 0.00000000 0.00000000 0.00000000 0.00000000 0.00000000 0.00000000 0.00000000 0.00000000 0.00000000 0.00000000 0.00000000 0.00000000 0.00000000 0.00000000 0.24606560 0.71529430 0.99592280 1.09261584 0.94908524 0.86373746 0.89032304 0.89510632 0.90298188 0.91780019 0.92952096 0.91703010 0.89254141 0.88237202 0.90301466 0.93896687 0.96743023 0.96847701 0.96093273 0.95341516 0.95845735 0.97620678 0.97639763 0.97441876 0.97724986 0.98563504 0.99416864 1.00137293 0.99963367 0.98241866 0.98000133 0.98925829 0.99192417 0.99639368 0.99466896 0.98939574 0.98066843 0.98452604 0.99053121 0.98898113 0.98266816 0.97423792 0.95170546 0.95117033 0.98638189 1.02625048 0.94342864 0.69344401 0.21147461 0.00000000 0.00000000 0.00000000 0.00000000 0.00000000 0.00000000 0.00000000 0.00000000 0.00000000 0.00000000 0.00000000 0.00000000 0.00000000 0.00000000 0.00000000 0.00000000 0.00000000
0.00000000 0.00000000 0.00000000 0.00000000 0.00000000 0.00000000 0.00000000 0.00000000 0.00000000 0.00000000 0.00000000 0.00000000 0.00000000 0.00000000 0.00000000 0.00000000 0.00000000 0.00000000 0.00000000 0.00000000 0.00000000 0.00000000 0.00000000 0.00000000 0.00000000 0.00000000 0.00000000 0.00000000 0.00000000 0.00000000 0.00000000 0.00000000 0.00000000 0.00000000 0.00000000 0.00000000 0.00000000 0.00000000 0.00000000 0.00000000 0.00000000 0.00000000 0.00000000 0.00000000 0.00000000 0.00000000 0.00000000 0.00000000 0.00000000 0.00000000 0.00000000 0.00000000 0.00000000 0.00000000 0.00000000 0.00000000 0.00000000 0.40424931 0.74198455 0.99019623 1.05769420 0.87923265 0.80512285 0.85457528 0.89733887 0.90282202 0.90512657 0.91981757 0.92755401 0.90377343 0.87404454 0.86568618 0.90472972 0.94223666 0.96137154 0.96564353 0.95193315 0.94358194 0.95320058 0.97405505 0.98189294 0.97362947 0.97971642 0.98239052 0.99036121 0.99615407 0.98953259 0.98118520 0.98627281 0.99220395 0.99530792 0.99663091 0.99215662 0.98215687 0.97818089 0.97946429 0.98410881 0.97960138 0.97098839 0.96256769 0.95625162 0.94637823 0.98159003 1.07329965 1.02754426 0.72301644 0.09966116 0.00000000 0.00000000 0.00000000 0.00000000 0.00000000 0.00000000 0.00000000 0.00000000 0.00000000 0.00000000 0.00000000 0.00000000 0.00000000 0.00000000 0.00000000 0.00000000 0.00000000
0.00000000 0.00000000 0.00000000 0.00000000 0.00000000 0.00000000 0.00000000 0.00000000 0.00000000 0.00000000 0.00000000 0.00000000 0.00000000 0.00000000 0.00000000 0.00000000 0.00000000 0.00000000 0.00000000 0.00000000 0.00000000 0.00000000 0.00000000 0.00000000 0.00000000 0.00000000 0.00000000 0.00000000 0.00000000 0.00000000 0.00000000 0.00000000 0.00000000 0.00000000 0.00000000 0.00000000 0.00000000 0.00000000 0.00000000 0.00000000 0.00000000 0.00000000 0.00000000 0.00000000 0.00000000 0.00000000 0.00000000 0.00000000 0.00000000 0.00000000 0.00000000 0.00000000 0.00000000 0.00000000 0.00000000 0.29519802 0.63099426 0.85540676 1.02809978 1.06921315 0.86562049 0.75153553 0.79807794 0.87333584 0.90966940 0.92043447 0.90954292 0.92443848 0.91785693 0.88341558 0.83552140 0.85132873 0.89607322 0.94021893 0.95714080 0.95182991 0.93458927 0.93310273 0.95028937 0.97780156 0.98227966 0.97399032 0.97843516 0.98779285 0.98992622 0.99171734 0.99192786 0.98750758 0.98951447 0.99655330 0.99730504 0.99213862 0.99047863 0.98845458 0.98772883 0.98233581 0.97039723 0.96577501 0.96581256 0.95894396 0.95621288 0.94990957 0.97962177 1.09712434 1.07993758 0.78515625 0.09137766 0.00000000 0.00000000 0.00000000 0.00000000 0.00000000 0.00000000 0.00000000 0.00000000 0.00000000 0.00000000 0.00000000 0.00000000 0.00000000 0.00000000 0.00000000 0.00000000 0.00000000
0.00000000 0.00000000 0.00000000 0.00000000 0.00000000 0.00000000 0.00000000 0.00000000 0.00000000 0.00000000 0.00000000 0.00000000 0.00000000 0.00000000 0.00000000 0.00000000 0.00000000 0.00000000 0.00000000 0.00000000 0.00000000 0.00000000 0.00000000 0.00000000 0.00000000 0.00000000 0.00000000 0.00000000 0.00000000 0.00000000 0.00000000 0.00000000 0.00000000 0.00000000 0.00000000 0.00000000 0.00000000 0.00000000 0.00000000 0.00000000 0.00000000 0.00000000 0.00000000 0.00000000 0.00000000 0.00000000 0.00000000 0.00000000 0.00000000 0.00000000 0.00000000 0.00000000 0.00000000 0.08011018 0.57889718 0.85256100 1.01569796 1.09461308 1.07258630 0.88518453 0.76705080 0.76961696 0.84339643 0.89432490 0.92361426 0.92783082 0.93856895 0.93111193 0.91843688 0.87245286 0.82688046 0.82258618 0.87919939 0.92782509 0.95410872 0.94762838 0.92886674 0.92620718 0.95668530 0.97731984 0.98284209 0.97582912 0.98438382 0.99451196 1.00401747 0.99906397 0.99415362 0.99034047 0.98755276 0.99059594 0.98870790 0.98589003 0.98841071 0.99943173 0.99357808 0.97723222 0.96403301 0.94587457 0.94942260 0.95511353 0.96572649 0.95454693 0.96708763 1.08232594 1.11664939 0.90393019 0.24104546 0.00000000 0.00000000 0.00000000 0.00000000 0.00000000 0.00000000 0.00000000 0.00000000 0.00000000 0.00000000 0.00000000 0.00000000 0.00000000 0.00000000 0.00000000 0.00000000 0.00000000
0.00000000 0.00000000 0.00000000 0.00000000 0.00000000 0.00000000 0.00000000 0.00000000 0.00000000 0.00000000 0.00000000 0.00000000 0.00000000 0.00000000 0.00000000 0.00000000 0.00000000 0.00000000 0.00000000 0.00000000 0.00000000 0.00000000 0.00000000 0.00000000 0.00000000 0.00000000 0.00000000 0.00000000 0.00000000 0.00000000 0.00000000 0.00000000 0.00000000 0.00000000 0.00000000 0.00000000 0.00000000 0.00000000 0.00000000 0.00000000 0.00000000 0.00000000 0.00000000 0.00000000 0.00000000 0.00000000 0.00000000 0.00000000 0.00000000 0.00000000 0.00000000 0.00000000 0.30007714 0.72966290 0.98549354 1.07760739 1.06484103 1.01089919 0.89188695 0.82305694 0.80753565 0.82859194 0.89196587 0.92778707 0.93465531 0.93470502 0.94034159 0.94583488 0.93333244 0.87358582 0.80875134 0.80682945 0.85846508 0.91587925 0.95426893 0.94090617 0.92081666 0.92668140 0.95430386 0.97473919 0.97649980 0.98123646 0.98407793 0.99453187 0.99147511 0.99730992 0.98585248 0.98093581 0.98131609 0.97886586 0.97191751 0.96859527 0.98704946 0.99766529 0.97814941 0.95303774 0.92483175 0.91692638 0.92281866 0.94603968 0.96020722 0.94620347 0.95415139 1.05524790 1.10644460 0.97556365 0.34056664 0.00000000 0.00000000 0.00000000 0.00000000 0.00000000 0.00000000 0.00000000 0.00000000 0.00000000 0.00000000 0.00000000 0.00000000 0.00000000 0.00000000 0.00000000 0.00000000 0.00000000
0.00000000 0.00000000 0.00000000 0.00000000 0.00000000 0.00000000 0.00000000 0.00000000 0.00000000 0.00000000 0.00000000 0.00000000 0.00000000 0.00000000 0.00000000 0.00000000 0.00000000 0.00000000 0.00000000 0.00000000 0.00000000 0.00000000 0.00000000 0.00000000 0.00000000 0.00000000 0.00000000 0.00000000 0.00000000 0.00000000 0.00000000 0.00000000 0.00000000 0.00000000 0.00000000 0.00000000 0.00000000 0.00000000 0.00000000 0.00000000 0.00000000 0.00000000 0.00000000 0.00000000 0.00000000 0.00000000 0.00000000 0.00000000 0.00000000 0.00000000 0.00000000 0.41675305 0.83724999 1.04180789 1.08259785 1.00753295 0.89814687 0.86109388 0.84379792 0.85360837 0.85805297 0.88045382 0.91261625 0.93158400 0.92716157 0.93749702 0.94196820 0.94848812 0.93847620 0.87256765 0.80835855 0.81112319 0.86501694 0.92964399 0.94802487 0.93626869 0.92105234 0.91926110 0.94349122 0.97281909 0.98075986 0.97917867 0.97972929 0.98104477 0.97810185 0.97590208 0.97270358 0.98051238 0.97539258 0.96651018 0.95970356 0.96316719 0.97326803 0.97648501 0.94465625 0.91749823 0.88266492 0.88060117 0.90269446 0.93270147 0.94842887 0.93344319 0.92532670 1.02476013 1.10372925 0.96768153 0.35524547 0.00000000 0.00000000 0.00000000 0.00000000 0.00000000 0.00000000 0.00000000 0.00000000 0.00000000 0.00000000 0.00000000 0.00000000 0.00000000 0.00000000 0.00000000 0.00000000 0.00000000
0.00000000 0.00000000 0.00000000 0.00000000 0.00000000 0.00000000 0.00000000 0.00000000 0.00000000 0.00000000 0.00000000 0.00000000 0.00000000 0.00000000 0.00000000 0.00000000 0.00000000 0.00000000 0.00000000 0.00000000 0.00000000 0.00000000 0.00000000 0.00000000 0.00000000 0.00000000 0.00000000 0.00000000 0.00000000 0.00000000 0.00000000 0.00000000 0.00000000 0.00000000 0.00000000 0.00000000 0.00000000 0.00000000 0.00000000 0.00000000 0.00000000 0.00000000 0.00000000 0.00000000 0.00000000 0.00000000 0.00000000 0.00000000 0.00000000 0.00000000 0.35050035 0.84661317 1.05203772 1.06472075 0.97773027 0.87186027 0.86020315 0.89050817 0.89089489 0.87367344 0.89185834 0.90873909 0.92455792 0.92108417 0.93204927 0.94456410 0.95068705 0.95084631 0.93905938 0.88947833 0.83249629 0.82405549 0.87127328 0.93951881 0.96383405 0.94679332 0.93013632 0.93012261 0.96141517 0.98925197 0.98775589 0.97492564 0.97263062 0.97904193 0.98078775 0.97563779 0.97734284 0.97754872 0.97575498 0.97469604 0.97932768 0.97309566 0.94547403 0.94249046 0.91270947 0.89631999 0.88267922 0.86474776 0.89356959 0.91369617 0.93427587 0.91479862 0.92544997 1.01652074 1.09452784 0.97173536 0.34664404 0.00000000 0.00000000 0.00000000 0.00000000 0.00000000 0.00000000 0.00000000 0.00000000 0.00000000 0.00000000 0.00000000 0.00000000 0.00000000 0.00000000 0.00000000 0.00000000 0.00000000
0.00000000 0.00000000 0.00000000 0.00000000 0.00000000 0.00000000 0.00000000 0.00000000 0.00000000 0.00000000 0.00000000 0.00000000 0.00000000 0.00000000 0.00000000 0.00000000 0.00000000 0.00000000 0.00000000 0.00000000 0.00000000 0.00000000 0.00000000 0.00000000 0.00000000 0.00000000 0.00000000 0.00000000 0.00000000 0.00000000 0.00000000 0.00000000 0.00000000 0.00000000 0.00000000 0.00000000 0.00000000 0.00000000 0.00000000 0.00000000 0.00000000 0.00000000 0.00000000 0.00000000 0.00000000 0.00000000 0.00000000 0.00000000 0.00000000 0.16210978 0.72522336 0.98238826 1.02502930 0.92127740 0.85945952 0.86279476 0.91369402 0.91716492 0.88727701 0.87436187 0.90398276 0.93414712 0.92935431 0.92040205 0.93189168 0.94632399 0.96044028 0.95988810 0.95315647 0.90536439 0.85083699 0.83978862 0.87997758 0.93750417 0.96044576 0.93860912 0.92913103 0.94088233 0.98463178 0.99663949 0.98343050 0.97673774 0.98032832 0.98864949 0.98642814 0.98802125 0.98814321 0.99058020 0.99312103 0.99695253 0.99266100 0.97491181 0.94354045 0.92119777 0.90229642 0.88821793 0.90675175 0.89996207 0.90045261 0.90555978 0.91748214 0.91535103 0.94374156 1.01557434 1.07714212 0.94513202 0.33135647 0.00000000 0.00000000 0.00000000 0.00000000 0.00000000 0.00000000 0.00000000 0.00000000 0.00000000 0.00000000 0.00000000 0.00000000 0.00000000 0.00000000 0.00000000 0.00000000 0.00000000
0.00000000 0.00000000 0.00000000 0.00000000 0.00000000 0.00000000 0.00000000 0.00000000 0.00000000 0.00000000 0.00000000 0.00000000 0.00000000 0.00000000 0.00000000 0.00000000 0.00000000 0.00000000 0.00000000 0.00000000 0.00000000 0.00000000 0.00000000 0.00000000 0.00000000 0.00000000 0.00000000 0.00000000 0.00000000 0.00000000 0.00000000 0.00000000 0.00000000 0.00000000 0.00000000 0.00000000 0.00000000 0.00000000 0.00000000 0.00000000 0.00000000 0.00000000 0.00000000 0.00000000 0.00000000 0.00000000 0.00000000 0.00000000 0.00000000 0.57799280 0.95081222 1.02223432 0.90296948 0.86390817 0.87873673 0.91129255 0.92000639 0.90199959 0.86310017 0.87313128 0.91995621 0.95386553 0.93242395 0.92344880 0.93505132 0.95505571 0.97423327 0.97560227 0.96292424 0.92384839 0.87185740 0.85524690 0.87967384 0.92441165 0.95587528 0.94059503 0.92698956 0.95009816 0.98489273 0.98919737 0.98357224 0.97583830 0.98212135 0.98846924 0.99193323 0.99170005 0.99386179 0.99385619 0.99683964 1.00111425 0.99726045 0.98590028 0.96301413 0.94080400 0.92626464 0.92012286 0.93479252 0.94089746 0.92094016 0.92788577 0.92870927 0.93309128 0.97818744 1.00432265 1.05369294 0.86933720 0.26242918 0.00000000 0.00000000 0.00000000 0.00000000 0.00000000 0.00000000 0.00000000 0.00000000 0.00000000 0.00000000 0.00000000 0.00000000 0.00000000 0.00000000 0.00000000 0.00000000 0.00000000
0.00000000 0.00000000 0.00000000 0.00000000 0.00000000 0.00000000 0.00000000 0.00000000 0.00000000 0.00000000 0.00000000 0.00000000 0.00000000 0.00000000 0.00000000 0.00000000 0.00000000 0.00000000 0.00000000 0.00000000 0.00000000 0.00000000 0.00000000 0.00000000 0.00000000 0.00000000 0.00000000 0.00000000 0.00000000 0.00000000 0.00000000 0.00000000 0.00000000 0.00000000 0.00000000 0.00000000 0.00000000 0.00000000 0.00000000 0.00000000 0.00000000 0.00000000 0.00000000 0.00000000 0.00000000 0.00000000 0.00000000 0.00000000 0.35560358 0.87666309 1.04836583 0.93705010 0.87030768 0.87884104 0.89521980 0.91637075 0.91118622 0.87190139 0.85117805 0.87827611 0.93706286 0.95628798 0.93885612 0.92553258 0.93900871 0.95838857 0.96604133 0.97121179 0.95727241 0.91612244 0.86400819 0.84447980 0.86394000 0.91709244 0.94273567 0.94076753 0.92818940 0.95852029 0.98666346 0.98477244 0.97461021 0.96963692 0.97331190 0.98453939 0.99160922 0.99116087 0.98870814 0.98661172 0.98889840 1.00130308 1.00454962 0.99842215 0.96926606 0.96362782 0.95762420 0.95205212 0.95663476 0.96810174 0.95240498 0.95188844 0.93813062 0.94230759 0.98281264 0.97231579 0.97574365 0.75266653 0.14739735 0.00000000 0.00000000 0.00000000 0.00000000 0.00000000 0.00000000 0.00000000 0.00000000 0.00000000 0.00000000 0.00000000 0.00000000 0.00000000 0.00000000 0.00000000 0.00000000 0.00000000
0.00000000 0.00000000 0.00000000 0.00000000 0.00000000 0.00000000 0.00000000 0.00000000 0.00000000 0.00000000 0.00000000 0.00000000 0.00000000 0.00000000 0.00000000 0.00000000 0.00000000 0.00000000 0.00000000 0.00000000 0.00000000 0.00000000 0.00000000 0.00000000 0.00000000 0.00000000 0.00000000 0.00000000 0.00000000 0.00000000 0.00000000 0.00000000 0.00000000 0.00000000 0.00000000 0.00000000 0.00000000 0.00000000 0.00000000 0.00000000 0.00000000 0.00000000 0.00000000 0.00000000 0.00000000 0.00000000 0.00000000 0.00000000 0.67816567 1.00355220 0.93773699 0.86352086 0.86319101 0.87502253 0.88978875 0.90897965 0.90135944 0.85701942 0.84411967 0.88994408 0.94854271 0.95446694 0.93451953 0.93112195 0.93460977 0.94480538 0.95974493 0.96361089 0.94355500 0.89631152 0.84865630 0.82190418 0.83615267 0.88168168 0.92757225 0.93479908 0.93402922 0.95776665 0.98067307 0.97630799 0.97182775 0.97146022 0.97665071 0.97840452 0.98442841 0.99158537 0.98744607 0.97558916 0.97864020 0.98952949 1.00028217 0.99809480 0.98568296 0.96951509 0.97523224 0.96419537 0.97229981 0.97548223 0.96225202 0.94815433 0.93062890 0.95738053 0.96134257 0.91992271 0.87810111 0.58100915 0.00000000 0.00000000 0.00000000 0.00000000 0.00000000 0.00000000 0.00000000 0.00000000 0.00000000 0.00000000 0.00000000 0.00000000 0.00000000 0.00000000 0.00000000 0.00000000 0.00000000 0.00000000
0.00000000 0.00000000 0.00000000 0.00000000 0.00000000 0.00000000 0.00000000 0.00000000 0.00000000 0.00000000 0.00000000 0.00000000 0.00000000 0.00000000 0.00000000 0.00000000 0.00000000 0.00000000 0.00000000 0.00000000 0.00000000 0.00000000 0.00000000 0.00000000 0.00000000 0.00000000 0.00000000 0.00000000 0.00000000 0.00000000 0.00000000 0.00000000 0.00000000 0.00000000 0.00000000 0.00000000 0.00000000 0.00000000 0.00000000 0.00000000 0.00000000 0.00000000 0.00000000 0.00000000 0.00000000 0.00000000 0.00000000 0.31433892 0.88913608 0.95996070 0.84311306 0.84367335 0.86123109 0.86323106 0.88240778 0.90748656 0.89289570 0.85345960 0.83858770 0.88729370 0.93589222 0.93343043 0.91998005 0.91156995 0.92331743 0.93876910 0.94871449 0.94975042 0.93205762 0.89888465 0.83720332 0.80019337 0.81121290 0.87135124 0.91754198 0.92673874 0.93067217 0.94855189 0.97658181 0.97227967 0.96973360 0.97021556 0.97664356 0.97506523 0.97774684 0.98609781 0.97820616 0.96545815 0.96586764 0.97433627 0.97741330 0.98549461 0.98670566 0.98757660 0.97022593 0.96118152 0.95325112 0.96496439 0.94538128 0.92019773 0.93078947 0.96731436 0.92541778 0.87487519 0.72320074 0.35167772 0.00000000 0.00000000 0.00000000 0.00000000 0.00000000 0.00000000 0.00000000 0.00000000 0.00000000 0.00000000 0.00000000 0.00000000 0.00000000 0.00000000 0.00000000 0.00000000 0.00000000 0.00000000
0.00000000 0.00000000 0.00000000 0.00000000 0.00000000 0.00000000 0.00000000 0.00000000 0.00000000 0.00000000 0.00000000 0.00000000 0.00000000 0.00000000 0.00000000 0.00000000 0.00000000 0.00000000 0.00000000 0.00000000 0.00000000 0.00000000 0.00000000 0.00000000 0.00000000 0.00000000 0.00000000 0.00000000 0.00000000 0.00000000 0.00000000 0.00000000 0.00000000 0.00000000 0.00000000 0.00000000 0.00000000 0.00000000 0.00000000 0.00000000 0.00000000 0.00000000 0.00000000 0.00000000 0.00000000 0.00000000 0.00000000 0.62837309 0.96203339 0.87652516 0.82483125 0.83820677 0.84989548 0.85102701 0.87387669 0.89511347 0.87273192 0.82440466 0.82227755 0.86121261 0.89403164 0.90121770 0.90216255 0.89893484 0.90990973 0.93333030 0.93925738 0.93686926 0.92267203 0.88452792 0.82446110 0.78660756 0.80030358 0.87049317 0.91826940 0.92706704 0.93742645 0.96031976 0.96599555 0.96408165 0.95665419 0.95802677 0.96167088 0.96106482 0.97277069 0.97582757 0.97758090 0.95739973 0.95292401 0.95311725 0.95676160 0.95855117 0.96497393 0.97264445 0.96767592 0.93992412 0.92577004 0.91323733 0.90381742 0.88011181 0.92685437 0.94485760 0.91112399 0.82123917 0.50517738 0.03773288 0.00000000 0.00000000 0.00000000 0.00000000 0.00000000 0.00000000 0.00000000 0.00000000 0.00000000 0.00000000 0.00000000 0.00000000 0.00000000 0.00000000 0.00000000 0.00000000 0.00000000 0.00000000
0.00000000 0.00000000 0.00000000 0.00000000 0.00000000 0.00000000 0.00000000 0.00000000 0.00000000 0.00000000 0.00000000 0.00000000 0.00000000 0.00000000 0.00000000 0.00000000 0.00000000 0.00000000 0.00000000 0.00000000 0.00000000 0.00000000 0.00000000 0.00000000 0.00000000 0.00000000 0.00000000 0.00000000 0.00000000 0.00000000 0.00000000 0.00000000 0.00000000 0.00000000 0.00000000 0.00000000 0.00000000 0.00000000 0.00000000 0.00000000 0.00000000 0.00000000 0.00000000 0.00000000 0.00000000 0.00000000 0.18052684 0.83621305 0.92584836 0.83247149 0.82401592 0.83197725 0.84791970 0.85557973 0.88168311 0.89704132 0.86948121 0.82122469 0.80473685 0.83614665 0.86983585 0.89327669 0.90169275 0.91394722 0.92113090 0.93442738 0.93634522 0.93348932 0.92799795 0.89430714 0.83527613 0.80781406 0.82782012 0.89670217 0.94398642 0.94426942 0.95139599 0.96033871 0.95833135 0.95363450 0.95050645 0.96084917 0.95281613 0.95824897 0.97298265 0.98383582 0.97711468 0.95740306 0.95658386 0.95678890 0.95638430 0.96445322 0.97582662 0.97574437 0.95792174 0.92715847 0.90780103 0.89367664 0.88814569 0.86639845 0.90752947 0.94151342 0.95682883 0.71625757 0.26008809 0.00000000 0.00000000 0.00000000 0.00000000 0.00000000 0.00000000 0.00000000 0.00000000 0.00000000 0.00000000 0.00000000 0.00000000 0.00000000 0.00000000 0.00000000 0.00000000 0.00000000 0.00000000 0.00000000
0.00000000 0.00000000 0.00000000 0.00000000 0.00000000 0.00000000 0.00000000 0.00000000 0.00000000 0.00000000 0.00000000 0.00000000 0.00000000 0.00000000 0.00000000 0.00000000 0.00000000 0.00000000 0.00000000 0.00000000 0.00000000 0.00000000 0.00000000 0.00000000 0.00000000 0.00000000 0.00000000 0.00000000 0.00000000 0.00000000 0.00000000 0.00000000 0.00000000 0.00000000 0.00000000 0.00000000 0.00000000 0.00000000 0.00000000 0.00000000 0.00000000 0.00000000 0.00000000 0.00000000 0.00000000 0.00000000 0.55142176 0.95048571 0.90378654 0.85531628 0.84965408 0.85849380 0.87859643 0.90635061 0.92044580 0.93265212 0.89053690 0.83480716 0.81141502 0.83782721 0.88236654 0.90363610 0.92223990 0.93295014 0.95278502 0.94458199 0.94565988 0.94805861 0.95237064 0.92828810 0.88150167 0.86010242 0.89047575 0.94430125 0.97415221 0.96686924 0.97066879 0.96826041 0.96897864 0.97193074 0.97535515 0.96899009 0.97270417 0.97703671 0.98955500 0.99819183 0.99782383 0.98621774 0.97786140 0.97599363 0.97911239 0.98694205 0.99650800 1.00046551 0.96091235 0.92205310 0.90567970 0.91026878 0.89786088 0.89265835 0.95093668 0.99471807 0.97230387 0.61033154 0.05557540 0.00000000 0.00000000 0.00000000 0.00000000 0.00000000 0.00000000 0.00000000 0.00000000 0.00000000 0.00000000 0.00000000 0.00000000 0.00000000 0.00000000 0.00000000 0.00000000 0.00000000 0.00000000 0.00000000
0.00000000 0.00000000 0.00000000 0.00000000 0.00000000 0.00000000 0.00000000 0.00000000 0.00000000 0.00000000 0.00000000 0.00000000 0.00000000 0.00000000 0.00000000 0.00000000 0.00000000 0.00000000 0.00000000 0.00000000 0.00000000 0.00000000 0.00000000 0.00000000 0.00000000 0.00000000 0.00000000 0.00000000 0.00000000 0.00000000 0.00000000 0.00000000 0.00000000 0.00000000 0.00000000 0.00000000 0.00000000 0.00000000 0.00000000 0.00000000 0.00000000 0.00000000 0.00000000 0.00000000 0.00000000 0.09879412 0.80819035 0.98143530 0.88176930 0.86808980 0.87669599 0.89680815 0.92792201 0.94130933 0.95425081 0.94631016 0.91360247 0.86368549 0.84168112 0.84221780 0.85050988 0.89094472 0.92693186 0.94925261 0.95333219 0.96700859 0.96300173 0.96350574 0.96858537 0.95690954 0.91464555 0.89424539 0.93167102 0.97292030 0.97924614 0.97025752 0.97769213 0.98676240 0.98709917 0.98391604 0.97973549 0.98862934 0.99418306 0.99934268 1.00854468 1.00859749 1.00551641 0.99484062 0.98494911 0.97940028 0.98714125 1.00032341 0.99925041 0.98969197 0.96029603 0.91930521 0.91643083 0.91529429 0.90975749 0.95731974 1.01965189 1.02861786 0.90712810 0.52699453 0.00000000 0.00000000 0.00000000 0.00000000 0.00000000 0.00000000 0.00000000 0.00000000 0.00000000 0.00000000 0.00000000 0.00000000 0.00000000 0.00000000 0.00000000 0.00000000 0.00000000 0.00000000 0.00000000 0.00000000
0.00000000 0.00000000 0.00000000 0.00000000 0.00000000 0.00000000 0.00000000 0.00000000 0.00000000 0.00000000 0.00000000 0.00000000 0.00000000 0.00000000 0.00000000 0.00000000 0.00000000 0.00000000 0.00000000 0.00000000 0.00000000 0.00000000 0.00000000 0.00000000 0.00000000 0.00000000 0.00000000 0.00000000 0.00000000 0.00000000 0.00000000 0.00000000 0.00000000 0.00000000 0.00000000 0.00000000 0.00000000 0.00000000 0.00000000 0.00000000 0.00000000 0.00000000 0.00000000 0.00000000 0.00000000 0.43341136 0.95964074 0.92826736 0.85082281 0.87409711 0.88922000 0.91179538 0.92872202 0.95597446 0.96146894 0.94707298 0.92711794 0.88145113 0.83825260 0.80391037 0.81579018 0.86724341 0.91854155 0.94078696 0.95247424 0.95882690 0.95797551 0.96838081 0.98065674 0.95215046 0.90345240 0.88897157 0.93988669 0.97306931 0.96068347 0.96036232 0.97186744 0.98233855 0.97879863 0.98066401 0.98668802 0.99741375 0.99972999 0.99823868 1.00146222 0.99864089 0.99093282 0.98271537 0.98096442 0.97731566 0.98480320 0.98155773 0.99321640 0.98090720 0.95319045 0.92308497 0.91260397 0.92103863 0.92248130 0.98040414 1.01117635 1.02375007 0.84505868 0.38293231 0.00000000 0.00000000 0.00000000 0.00000000 0.00000000 0.00000000 0.00000000 0.00000000 0.00000000 0.00000000 0.00000000 0.00000000 0.00000000 0.00000000 0.00000000 0.00000000 0.00000000 0.00000000 0.00000000 0.00000000
0.00000000 0.00000000 0.00000000 0.00000000 0.00000000 0.00000000 0.00000000 0.00000000 0.00000000 0.00000000 0.00000000 0.00000000 0.00000000 0.00000000 0.00000000 0.00000000 0.00000000 0.00000000 0.00000000 0.00000000 0.00000000 0.00000000 0.00000000 0.00000000 0.00000000 0.00000000 0.00000000 0.00000000 0.00000000 0.00000000 0.00000000 0.00000000 0.00000000 0.00000000 0.00000000 0.00000000 0.00000000 0.00000000 0.00000000 0.00000000 0.00000000 0.00000000 0.00000000 0.00000000 0.00000000 0.67005587 0.94007730 0.85443139 0.84049183 0.86783803 0.88916039 0.90555179 0.92832386 0.93892324 0.94882464 0.94228017 0.93603134 0.88967574 0.85079396 0.81309652 0.81032652 0.85209417 0.90188849 0.93557525 0.95047724 0.95259929 0.95224369 0.96400714 0.95459914 0.92728126 0.89687371 0.91041839 0.95937788 0.97325957 0.95503283 0.95507956 0.97277665 0.97345209 0.97830474 0.97731102 0.97616851 0.97829258 0.98979688 0.99577332 0.99195826 0.99033499 0.98884428 0.98241401 0.96987963 0.97411215 0.97715604 0.98185682 0.98513687 0.98484385 0.95968699 0.93167877 0.92056322 0.93679607 0.92815065 0.99378884 1.00581169 0.98987556 0.70984358 0.15774809 0.00000000 0.00000000 0.00000000 0.00000000 0.00000000 0.00000000 0.00000000 0.00000000 0.00000000 0.00000000 0.00000000 0.00000000 0.00000000 0.00000000 0.00000000 0.00000000 0.00000000 0.00000000 0.00000000 0.00000000
0.00000000 0.00000000 0.00000000 0.00000000 0.00000000 0.00000000 0.00000000 0.00000000 0.00000000 0.00000000 0.00000000 0.00000000 0.00000000 0.00000000 0.00000000 0.00000000 0.00000000 0.00000000 0.00000000 0.00000000 0.00000000 0.00000000 0.00000000 0.00000000 0.00000000 0.00000000 0.00000000 0.00000000 0.00000000 0.00000000 0.00000000 0.00000000 0.00000000 0.00000000 0.00000000 0.00000000 0.00000000 0.00000000 0.00000000 0.00000000 0.00000000 0.00000000 0.00000000 0.00000000 0.15992881 0.81419379 0.86995804 0.80547976 0.82878214 0.85364199 0.87735832 0.89815390 0.91932786 0.93571186 0.94527268 0.94360685 0.93586636 0.92020524 0.88118637 0.83800054 0.80183864 0.82866478 0.87916732 0.92414415 0.95439875 0.95628619 0.95817161 0.95848453 0.93323624 0.89658570 0.88179171 0.91718531 0.95941222 0.95979536 0.94151402 0.94680965 0.97889650 0.98409355 0.97499812 0.97499537 0.97537363 0.97777152 0.97965932 0.98763525 0.99317515 0.98592198 0.98619807 0.97417343 0.97324896 0.97582328 0.97589505 0.97724068 0.98670137 0.98487031 0.96689320 0.93692887 0.92919481 0.92781973 0.93792152 1.00638163 1.03736103 0.94159663 0.53260082 0.00000000 0.00000000 0.00000000 0.00000000 0.00000000 0.00000000 0.00000000 0.00000000 0.00000000 0.00000000 0.00000000 0.00000000 0.00000000 0.00000000 0.00000000 0.00000000 0.00000000 0.00000000 0.00000000 0.00000000 0.00000000
0.00000000 0.00000000 0.00000000 0.00000000 0.00000000 0.00000000 0.00000000 0.00000000 0.00000000 0.00000000 0.00000000 0.00000000 0.00000000 0.00000000 0.00000000 0.00000000 0.00000000 0.00000000 0.00000000 0.00000000 0.00000000 0.00000000 0.00000000 0.00000000 0.00000000 0.00000000 0.00000000 0.00000000 0.00000000 0.00000000 0.00000000 0.00000000 0.00000000 0.00000000 0.00000000 0.00000000 0.00000000 0.00000000 0.00000000 0.00000000 0.00000000 0.00000000 0.00000000 0.00000000 0.43506467 0.90140963 0.83535492 0.79335350 0.81613386 0.83561522 0.86868513 0.88968837 0.90866256 0.92951035 0.94322217 0.93718410 0.93546271 0.94767845 0.92322457 0.87179172 0.81262761 0.82290292 0.87886572 0.92095625 0.94529605 0.95215321 0.95750308 0.95161176 0.92402220 0.87803352 0.85887825 0.90683329 0.95132732 0.94640744 0.92573571 0.93288326 0.96532214 0.97362721 0.98030066 0.98066354 0.97799158 0.97201705 0.97594166 0.97793829 0.98018074 0.98073637 0.98321497 0.97234035 0.97356153 0.97176778 0.97738588 0.97023678 0.97726262 0.97134686 0.94888997 0.93162549 0.93460703 0.92705572 0.93380785 1.02690840 1.04674387 0.92779052 0.44001383 0.00000000 0.00000000 0.00000000 0.00000000 0.00000000 0.00000000 0.00000000 0.00000000 0.00000000 0.00000000 0.00000000 0.00000000 0.00000000 0.00000000 0.00000000 0.00000000 0.00000000 0.00000000 0.00000000 0.00000000 0.00000000
0.00000000 0.00000000 0.00000000 0.00000000 0.00000000 0.00000000 0.00000000 0.00000000 0.00000000 0.00000000 0.00000000 0.00000000 0.00000000 0.00000000 0.00000000 0.00000000 0.00000000 0.00000000 0.00000000 0.00000000 0.00000000 0.00000000 0.00000000 0.00000000 0.00000000 0.00000000 0.00000000 0.00000000 0.00000000 0.00000000 0.00000000 0.00000000 0.00000000 0.00000000 0.00000000 0.00000000 0.00000000 0.00000000 0.00000000 0.00000000 0.00000000 0.00000000 0.00000000 0.00000000 0.63452291 0.92889905 0.82640994 0.81278479 0.81771952 0.85294092 0.88847160 0.90320134 0.92217350 0.93523991 0.94732964 0.95001757 0.96663916 0.97140718 0.95600772 0.91597342 0.87342703 0.85323095 0.88820338 0.91838121 0.94121611 0.95759392 0.95986354 0.95142543 0.91205454 0.87541902 0.86369681 0.92473590 0.96148098 0.95565331 0.93601859 0.93872607 0.97267818 0.98839211 0.99204063 0.99245322 0.98347604 0.97524691 0.97615767 0.97287834 0.97874808 0.98254001 0.99255443 0.98826671 0.98151958 0.97930610 0.97607636 0.98084021 0.97413659 0.97146642 0.95570612 0.95188105 0.94807446 0.94575787 0.94509757 1.03504288 1.10201252 0.96666563 0.40371096 0.00000000 0.00000000 0.00000000 0.00000000 0.00000000 0.00000000 0.00000000 0.00000000 0.00000000 0.00000000 0.00000000 0.00000000 0.00000000 0.00000000 0.00000000 0.00000000 0.00000000 0.00000000 0.00000000 0.00000000 0.00000000
0.00000000 0.00000000 0.00000000 0.00000000 0.00000000 0.00000000 0.00000000 0.00000000 0.00000000 0.00000000 0.00000000 0.00000000 0.00000000 0.00000000 0.00000000 0.00000000 0.00000000 0.00000000 0.00000000 0.00000000 0.00000000 0.00000000 0.00000000 0.00000000 0.00000000 0.00000000 0.00000000 0.00000000 0.00000000 0.00000000 0.00000000 0.00000000 0.00000000 0.00000000 0.00000000 0.00000000 0.00000000 0.00000000 0.00000000 0.00000000 0.00000000 0.00000000 0.00000000 0.05465759 0.80890274 0.91132689 0.84933937 0.84965467 0.86226308 0.89707232 0.91754794 0.92767262 0.93803704 0.96123934 0.96615064 0.97136414 0.98354793 0.99242413 0.98739028 0.98340440 0.93556178 0.89266312 0.89771473 0.91751409 0.95371151 0.97914481 0.97862756 0.95425248 0.92257857 0.88753200 0.90061831 0.96377659 0.98353291 0.96405685 0.95290768 0.96561658 0.99268639 1.00316548 1.00672901 1.00402451 0.99587774 0.99427664 0.99276507 0.98839462 0.98660421 0.99598026 1.00569367 1.00518405 0.99380422 0.98767412 0.99083543 0.99212897 0.99703681 0.98914111 0.97596622 0.97630322 0.97831047 0.95484638 0.97597504 1.05899203 1.12360632 0.98315263 0.38145322 0.00000000 0.00000000 0.00000000 0.00000000 0.00000000 0.00000000 0.00000000 0.00000000 0.00000000 0.00000000 0.00000000 0.00000000 0.00000000 0.00000000 0.00000000 0.00000000 0.00000000 0.00000000 0.00000000 0.00000000 0.00000000
0.00000000 0.00000000 0.00000000 0.00000000 0.00000000 0.00000000 0.00000000 0.00000000 0.00000000 0.00000000 0.00000000 0.00000000 0.00000000 0.00000000 0.00000000 0.00000000 0.00000000 0.00000000 0.00000000 0.00000000 0.00000000 0.00000000 0.00000000 0.00000000 0.00000000 0.00000000 0.00000000 0.00000000 0.00000000 0.00000000 0.00000000 0.00000000 0.00000000 0.00000000 0.00000000 0.00000000 0.00000000 0.00000000 0.00000000 0.00000000 0.00000000 0.00000000 0.00000000 0.41119105 0.90555513 0.87057710 0.85737729 0.85771179 0.87378502 0.89772785 0.91803503 0.92183673 0.93856645 0.95940948 0.96928811 0.97265470 0.97241569 0.99082506 1.00191689 0.99845684 0.96305943 0.90263629 0.89019036 0.91202271 0.94773293 0.97935247 0.98338497 0.95904040 0.93005550 0.90699208 0.93442261 0.98075020 0.98382246 0.95877957 0.95091105 0.96528494 0.98963797 0.99763978 0.99244583 0.99258876 1.00138927 0.99971128 0.99494040 0.98293054 0.98748446 0.99695981 1.00439870 1.00423300 0.98807681 0.97977400 0.98835397 0.99085379 0.99084270 0.98905945 0.98041260 0.98450482 0.98428476 0.94967258 0.97591841 1.05081105 1.12289059 0.96019828 0.33445215 0.00000000 0.00000000 0.00000000 0.00000000 0.00000000 0.00000000 0.00000000 0.00000000 0.00000000 0.00000000 0.00000000 0.00000000 0.00000000 0.00000000 0.00000000 0.00000000 0.00000000 0.00000000 0.00000000 0.00000000 0.00000000
0.00000000 0.00000000 0.00000000 0.00000000 0.00000000 0.00000000 0.00000000 0.00000000 0.00000000 0.00000000 0.00000000 0.00000000 0.00000000 0.00000000 0.00000000 0.00000000 0.00000000 0.00000000 0.00000000 0.00000000 0.00000000 0.00000000 0.00000000 0.00000000 0.00000000 0.00000000 0.00000000 0.00000000 0.00000000 0.00000000 0.00000000 0.00000000 0.00000000 0.00000000 0.00000000 0.00000000 0.00000000 0.00000000 0.00000000 0.00000000 0.00000000 0.00000000 0.00000000 0.64793360 0.94778109 0.83760804 0.83814609 0.84355021 0.85630047 0.87558818 0.89258635 0.90207148 0.91757405 0.94442761 0.95787990 0.95189917 0.95945728 0.96766281 0.98652363 0.97910547 0.95404661 0.89425862 0.88625109 0.90452528 0.93932676 0.97807372 0.97520971 0.94356883 0.91745257 0.91094220 0.93907940 0.97009480 0.97004879 0.95464063 0.94245362 0.95115268 0.97534466 0.98946035 0.98874438 0.98661351 0.99373686 0.99072540 0.98683667 0.98167098 0.97897327 0.98079336 0.98785651 0.98262870 0.97796214 0.96970952 0.97230041 0.97427273 0.98145521 0.98076606 0.97125590 0.97030556 0.96427166 0.92970669 0.95149112 1.04046047 1.15708029 0.89741480 0.20060964 0.00000000 0.00000000 0.00000000 0.00000000 0.00000000 0.00000000 0.00000000 0.00000000 0.00000000 0.00000000 0.00000000 0.00000000 0.00000000 0.00000000 0.00000000 0.00000000 0.00000000 0.00000000 0.00000000 0.00000000 0.00000000
0.00000000 0.00000000 0.00000000 0.00000000 0.00000000 0.00000000 0.00000000 0.00000000 0.00000000 0.00000000 0.00000000 0.00000000 0.00000000 0.00000000 0.00000000 0.00000000 0.00000000 0.00000000 0.00000000 0.00000000 0.00000000 0.00000000 0.00000000 0.00000000 0.00000000 0.00000000 0.00000000 0.00000000 0.00000000 0.00000000 0.00000000 0.00000000 0.00000000 0.00000000 0.00000000 0.00000000 0.00000000 0.00000000 0.00000000 0.00000000 0.00000000 0.00000000 0.05969705 0.82740563 0.93074703 0.79485095 0.81031442 0.82651484 0.84297621 0.85777354 0.87363398 0.88908029 0.89997923 0.92290735 0.93592763 0.93988240 0.94892287 0.95735240 0.96000016 0.96637130 0.96272826 0.90997863 0.86648762 0.89744151 0.93165839 0.96801150 0.95980346 0.91259730 0.88747072 0.90020442 0.93982124 0.96001613 0.95116699 0.93348622 0.92686963 0.94640255 0.96693110 0.98148310 0.98054314 0.97929454 0.97540379 0.97543228 0.97869885 0.97462785 0.96317947 0.96849179 0.97439229 0.97675455 0.96987426 0.96147227 0.95821607 0.96279097 0.97219718 0.96339524 0.95417917 0.95541263 0.95996475 0.91840208 0.94069850 1.05318213 1.12078214 0.77673775 0.03179443 0.00000000 0.00000000 0.00000000 0.00000000 0.00000000 0.00000000 0.00000000 0.00000000 0.00000000 0.00000000 0.00000000 0.00000000 0.00000000 0.00000000 0.00000000 0.00000000 0.00000000 0.00000000 0.00000000 0.00000000 0.00000000
0.00000000 0.00000000 0.00000000 0.00000000 0.00000000 0.00000000 0.00000000 0.00000000 0.00000000 0.00000000 0.00000000 0.00000000 0.00000000 0.00000000 0.00000000 0.00000000 0.00000000 0.00000000 0.00000000 0.00000000 0.00000000 0.00000000 0.00000000 0.00000000 0.00000000 0.00000000 0.00000000 0.00000000 0.00000000 0.00000000 0.00000000 0.00000000 0.00000000 0.00000000 0.00000000 0.00000000 0.00000000 0.00000000 0.00000000 0.00000000 0.00000000 0.00000000 0.38822418 0.89798808 0.84486735 0.79485357 0.80738050 0.82036817 0.83610886 0.86835468 0.88569009 0.88934219 0.90368938 0.92456532 0.93276227 0.94085336 0.94701827 0.95572329 0.96570396 0.96879172 0.97284210 0.92174757 0.88434649 0.89209926 0.92924964 0.96003377 0.95738196 0.91043174 0.88683462 0.90899932 0.94871247 0.96015704 0.95083427 0.94282758 0.94701290 0.96089447 0.97199392 0.98370099 0.97616756 0.97431099 0.96906018 0.97132182 0.97653818 0.97230887 0.97142005 0.97560978 0.98163915 0.97075105 0.97112250 0.96419334 0.96331859 0.96281934 0.95904517 0.96550071 0.96543396 0.96535230 0.96083307 0.91497982 0.94369137 1.06408310 1.11150599 0.69001752 0.00000000 0.00000000 0.00000000 0.00000000 0.00000000 0.00000000 0.00000000 0.00000000 0.00000000 0.00000000 0.00000000 0.00000000 0.00000000 0.00000000 0.00000000 0.00000000 0.00000000 0.00000000 0.00000000 0.00000000 0.00000000 0.00000000
0.00000000 0.00000000 0.00000000 0.00000000 0.00000000 0.00000000 0.00000000 0.00000000 0.00000000 0.00000000 0.00000000 0.00000000 0.00000000 0.00000000 0.00000000 0.00000000 0.00000000 0.00000000 0.00000000 0.00000000 0.00000000 0.00000000 0.00000000 0.00000000 0.00000000 0.00000000 0.00000000 0.00000000 0.00000000 0.00000000 0.00000000 0.00000000 0.00000000 0.00000000 0.00000000 0.00000000 0.00000000 0.00000000 0.00000000 0.00000000 0.00000000 0.00000000 0.70160824 0.94678724 0.84230602 0.83266699 0.83673185 0.84188569 0.85509694 0.88997161 0.90891099 0.91460991 0.92624462 0.94071579 0.94608855 0.95141542 0.95989788 0.96437788 0.97238278 0.98100996 0.98656058 0.94742692 0.90336716 0.90322399 0.92834556 0.97135580 0.96893454 0.91463387 0.89353776 0.92437053 0.96485353 0.98398316 0.98090971 0.97582150 0.97793996 0.97802162 0.98759294 0.98932207 0.98778331 0.97937238 0.98226857 0.98220539 0.98660874 0.99190760 0.98755300 0.98488700 0.98643339 0.98576832 0.98689592 0.97079790 0.96371663 0.97213376 0.97770429 0.98719025 0.97976041 0.98245132 0.96720278 0.92050588 0.93809068 1.10766888 1.17214143 0.71733552 0.00000000 0.00000000 0.00000000 0.00000000 0.00000000 0.00000000 0.00000000 0.00000000 0.00000000 0.00000000 0.00000000 0.00000000 0.00000000 0.00000000 0.00000000 0.00000000 0.00000000 0.00000000 0.00000000 0.00000000 0.00000000 0.00000000
0.00000000 0.00000000 0.00000000 0.00000000 0.00000000 0.00000000 0.00000000 0.00000000 0.00000000 0.00000000 0.00000000 0.00000000 0.00000000 0.00000000 0.00000000 0.00000000 0.00000000 0.00000000 0.00000000 0.00000000 0.00000000 0.00000000 0.00000000 0.00000000 0.00000000 0.00000000 0.00000000 0.00000000 0.00000000 0.00000000 0.00000000 0.00000000 0.00000000 0.00000000 0.00000000 0.00000000 0.00000000 0.00000000 0.00000000 0.00000000 0.00000000 0.42296028 0.97355020 1.00556588 0.87106454 0.85074365 0.84874392 0.85563254 0.88552904 0.90753496 0.93445408 0.94616091 0.94758773 0.94587958 0.95586193 0.96136749 0.96312511 0.97040248 0.97963774 0.98337328 1.00028539 0.95639002 0.90837634 0.89416420 0.91689253 0.95652544 0.95093215 0.90929234 0.89286888 0.93510771 0.97562957 0.99284458 0.98448598 0.98129439 0.98829651 0.99099278 0.99482858 0.99516833 0.99049246 0.98235321 0.98470080 0.98776293 0.99461555 0.99166167 0.98708713 0.98780012 0.99361539 0.99165487 0.98340333 0.97746098 0.97652125 0.97948682 0.99491274 0.99172950 0.98448837 0.98248231 0.98710871 0.93965745 0.93687618 1.12056065 1.28374863 0.84246564 0.00000000 0.00000000 0.00000000 0.00000000 0.00000000 0.00000000 0.00000000 0.00000000 0.00000000 0.00000000 0.00000000 0.00000000 0.00000000 0.00000000 0.00000000 0.00000000 0.00000000 0.00000000 0.00000000 0.00000000 0.00000000 0.00000000
0.00000000 0.00000000 0.00000000 0.00000000 0.00000000 0.00000000 0.00000000 0.00000000 0.00000000 0.00000000 0.00000000 0.00000000 0.00000000 0.00000000 0.00000000 0.00000000 0.00000000 0.00000000 0.00000000 0.00000000 0.00000000 0.00000000 0.00000000 0.00000000 0.00000000 0.00000000 0.00000000 0.00000000 0.00000000 0.00000000 0.00000000 0.00000000 0.00000000 0.00000000 0.00000000 0.00000000 0.00000000 0.00000000 0.00000000 0.00000000 0.22336452 0.80152315 1.03011119 0.91343570 0.83265543 0.82818139 0.82986671 0.84962833 0.87449527 0.91034567 0.92942381 0.92976594 0.92711747 0.93400764 0.94363189 0.94421458 0.94503522 0.95288992 0.96694088 0.98361087 0.98961210 0.95325232 0.89034545 0.86177337 0.88372970 0.91385388 0.92228115 0.88583195 0.88420510 0.92607915 0.96299446 0.96696341 0.95602584 0.95463312 0.96614671 0.96649075 0.96932173 0.97394979 0.96930611 0.96675074 0.96719217 0.97176468 0.97021782 0.97703457 0.97560227 0.97012985 0.97717798 0.96726549 0.97122073 0.97024536 0.96754444 0.96853518 0.97440934 0.98032117 0.97263026 0.97565460 0.97492981 0.94491339 0.93552518 1.08127570 1.32558024 1.01992893 0.18183334 0.00000000 0.00000000 0.00000000 0.00000000 0.00000000 0.00000000 0.00000000 0.00000000 0.00000000 0.00000000 0.00000000 0.00000000 0.00000000 0.00000000 0.00000000 0.00000000 0.00000000 0.00000000 0.00000000 0.00000000 0.00000000
0.00000000 0.00000000 0.00000000 0.00000000 0.00000000 0.00000000 0.00000000 0.00000000 0.00000000 0.00000000 0.00000000 0.00000000 0.00000000 0.00000000 0.00000000 0.00000000 0.00000000 0.00000000 0.00000000 0.00000000 0.00000000 0.00000000 0.00000000 0.00000000 0.00000000 0.00000000 0.00000000 0.00000000 0.00000000 0.00000000 0.00000000 0.00000000 0.00000000 0.00000000 0.00000000 0.00000000 0.00000000 0.00000000 0.00000000 0.04469983 0.66276050 1.00708687 0.94734180 0.80949026 0.80697310 0.80704021 0.81824493 0.84598446 0.87226963 0.90077257 0.90580893 0.90355587 0.90518975 0.91445160 0.91797614 0.91385651 0.92673671 0.93177056 0.93721306 0.95817339 0.95540953 0.91952944 0.85943902 0.83237600 0.84602129 0.87206638 0.87656844 0.86478984 0.86569297 0.91715682 0.93952465 0.93175447 0.92454493 0.92511547 0.93871188 0.94110990 0.93809569 0.94264948 0.94678092 0.94371760 0.94800103 0.94763637 0.94850695 0.94863641 0.95146394 0.94575369 0.94981015 0.94643450 0.94817460 0.94148874 0.94179666 0.94774055 0.94897234 0.94545090 0.94864130 0.96136451 0.94919348 0.90993953 0.90661025 1.05107117 1.31499481 1.18976665 0.45312971 0.00000000 0.00000000 0.00000000 0.00000000 0.00000000 0.00000000 0.00000000 0.00000000 0.00000000 0.00000000 0.00000000 0.00000000 0.00000000 0.00000000 0.00000000 0.00000000 0.00000000 0.00000000 0.00000000 0.00000000 0.00000000
0.00000000 0.00000000 0.00000000 0.00000000 0.00000000 0.00000000 0.00000000 0.00000000 0.00000000 0.00000000 0.00000000 0.00000000 0.00000000 0.00000000 0.00000000 0.00000000 0.00000000 0.00000000 0.00000000 0.00000000 0.00000000 0.00000000 0.00000000 0.00000000 0.00000000 0.00000000 0.00000000 0.00000000 0.00000000 0.00000000 0.00000000 0.00000000 0.00000000 0.00000000 0.00000000 0.00000000 0.00000000 0.00000000 0.00000000 0.46033973 0.95421374 1.00430715 0.84097981 0.79636019 0.80209827 0.81223530 0.83050084 0.84992874 0.87883866 0.89822590 0.90527451 0.90149391 0.89678037 0.90228641 0.91054535 0.91398275 0.91735601 0.92273903 0.92551184 0.94323599 0.93758881 0.89878595 0.85037470 0.82581180 0.84253359 0.85165322 0.85579932 0.85128450 0.87555265 0.92798054 0.93255270 0.92197347 0.91628969 0.91917562 0.92334545 0.92884552 0.92971814 0.93947983 0.94599998 0.94882989 0.94287968 0.93678379 0.94013786 0.94297993 0.94190550 0.93775690 0.93799043 0.94066083 0.93957019 0.94138086 0.93946791 0.93725014 0.93736613 0.93733716 0.93615282 0.94595170 0.93766499 0.89528143 0.86522520 0.98961258 1.28067029 1.31103230 0.70920503 0.00000000 0.00000000 0.00000000 0.00000000 0.00000000 0.00000000 0.00000000 0.00000000 0.00000000 0.00000000 0.00000000 0.00000000 0.00000000 0.00000000 0.00000000 0.00000000 0.00000000 0.00000000 0.00000000 0.00000000 0.00000000
0.00000000 0.00000000 0.00000000 0.00000000 0.00000000 0.00000000 0.00000000 0.00000000 0.00000000 0.00000000 0.00000000 0.00000000 0.00000000 0.00000000 0.00000000 0.00000000 0.00000000 0.00000000 0.00000000 0.00000000 0.00000000 0.00000000 0.00000000 0.00000000 0.00000000 0.00000000 0.00000000 0.00000000 0.00000000 0.00000000 0.00000000 0.00000000 0.00000000 0.00000000 0.00000000 0.00000000 0.00000000 0.00000000 0.01830868 0.74368167 1.00316989 0.87974596 0.81693721 0.82069886 0.82031900 0.82598627 0.85329747 0.87920737 0.89883137 0.91286266 0.92183220 0.91548276 0.91720092 0.91907036 0.92463768 0.92688692 0.93840551 0.93975282 0.94613695 0.95660853 0.95870614 0.92195761 0.87407792 0.85564673 0.85649109 0.84629846 0.84346807 0.85864913 0.89751685 0.94182253 0.95265400 0.94005060 0.93235505 0.94269621 0.94664466 0.94797790 0.95292342 0.96565151 0.96909010 0.95943475 0.95421696 0.94971895 0.94930232 0.95314646 0.95844853 0.95447314 0.95547032 0.95049071 0.95134437 0.94219673 0.94666231 0.95161378 0.94746220 0.94816101 0.95470607 0.96149290 0.93682909 0.89557219 0.86752152 0.92892563 1.19391143 1.38059807 0.95496869 0.14721926 0.00000000 0.00000000 0.00000000 0.00000000 0.00000000 0.00000000 0.00000000 0.00000000 0.00000000 0.00000000 0.00000000 0.00000000 0.00000000 0.00000000 0.00000000 0.00000000 0.00000000 0.00000000 0.00000000 0.00000000
0.00000000 0.00000000 0.00000000 0.00000000 0.00000000 0.00000000 0.00000000 0.00000000 0.00000000 0.00000000 0.00000000 0.00000000 0.00000000 0.00000000 0.00000000 0.00000000 0.00000000 0.00000000 0.00000000 0.00000000 0.00000000 0.00000000 0.00000000 0.00000000 0.00000000 0.00000000 0.00000000 0.00000000 0.00000000 0.00000000 0.00000000 0.00000000 0.00000000 0.00000000 0.00000000 0.00000000 0.00000000 0.00000000 0.35151714 0.91454089 0.92358661 0.85139918 0.85006630 0.83003378 0.84135389 0.85821998 0.88049257 0.90748441 0.92994511 0.94463956 0.94067025 0.94298017 0.94075453 0.94807291 0.94636798 0.95016181 0.95409524 0.96682048 0.97291470 0.98331130 0.98138070 0.95663285 0.91795087 0.88337851 0.86562324 0.84413731 0.84393764 0.85637188 0.90765882 0.95323122 0.96921909 0.96271384 0.95875049 0.96998298 0.97829151 0.97513056 0.97465765 0.98023069 0.98583996 0.97370207 0.96841645 0.96638727 0.97372532 0.97714293 0.98142302 0.97867656 0.97801411 0.96747172 0.96263790 0.96178854 0.96481848 0.96865606 0.97041047 0.97470033 0.97970831 0.98046339 0.94993043 0.92111850 0.91068292 0.94147396 1.10908222 1.35428035 1.15566266 0.40187299 0.00000000 0.00000000 0.00000000 0.00000000 0.00000000 0.00000000 0.00000000 0.00000000 0.00000000 0.00000000 0.00000000 0.00000000 0.00000000 0.00000000 0.00000000 0.00000000 0.00000000 0.00000000 0.00000000 0.00000000
0.00000000 0.00000000 0.00000000 0.00000000 0.00000000 0.00000000 0.00000000 0.00000000 0.00000000 0.00000000 0.00000000 0.00000000 0.00000000 0.00000000 0.00000000 0.00000000 0.00000000 0.00000000 0.00000000 0.00000000 0.00000000 0.00000000 0.00000000 0.00000000 0.00000000 0.00000000 0.00000000 0.00000000 0.00000000 0.00000000 0.00000000 0.00000000 0.00000000 0.00000000 0.00000000 0.00000000 0.00000000 0.00000000 0.61397266 1.00610411 0.90041780 0.86046529 0.84596610 0.83436185 0.83706546 0.86268544 0.89515412 0.92955208 0.94057918 0.95180285 0.94792092 0.94487286 0.95921099 0.95931411 0.96483910 0.96240437 0.97092831 0.98058927 0.98859131 0.99857044 1.00461781 0.97914648 0.93286145 0.90275300 0.87386262 0.84953892 0.84123623 0.86499143 0.92752779 0.97420609 0.97577059 0.96445930 0.96267593 0.98763931 0.99198329 0.98708546 0.98943162 0.98533714 0.98481321 0.97608447 0.97942400 0.98193133 0.98186910 0.98108351 0.98689866 0.99022114 0.99307716 0.98147917 0.97473109 0.96956253 0.97728848 0.99601519 0.99965060 0.99279225 1.00058520 0.99363220 0.96364546 0.93368030 0.93548000 0.95476866 1.05149007 1.29554439 1.29118049 0.66292721 0.00000000 0.00000000 0.00000000 0.00000000 0.00000000 0.00000000 0.00000000 0.00000000 0.00000000 0.00000000 0.00000000 0.00000000 0.00000000 0.00000000 0.00000000 0.00000000 0.00000000 0.00000000 0.00000000 0.00000000
0.00000000 0.00000000 0.00000000 0.00000000 0.00000000 0.00000000 0.00000000 0.00000000 0.00000000 0.00000000 0.00000000 0.00000000 0.00000000 0.00000000 0.00000000 0.00000000 0.00000000 0.00000000 0.00000000 0.00000000 0.00000000 0.00000000 0.00000000 0.00000000 0.00000000 0.00000000 0.00000000 0.00000000 0.00000000 0.00000000 0.00000000 0.00000000 0.00000000 0.00000000 0.00000000 0.00000000 0.00000000 0.00000000 0.77507508 0.99767959 0.88283825 0.86488020 0.84847546 0.82140893 0.83391351 0.86458361 0.90626895 0.93111229 0.93594503 0.94319129 0.94386160 0.94160986 0.95005810 0.95893168 0.96236372 0.96304643 0.96547484 0.97122586 0.98362362 0.99878550 1.00131261 0.98685908 0.94951594 0.91201913 0.87917197 0.85215807 0.85683799 0.88493323 0.94293725 0.96467364 0.96900284 0.95653021 0.96973932 0.98946738 0.99295974 0.99137628 0.98725808 0.98693669 0.98399925 0.97936678 0.98038089 0.98502755 0.97664273 0.97614241 0.98201728 0.98683131 0.98621225 0.97224033 0.96656430 0.97115111 0.98266494 0.99745560 0.99532843 0.99353433 1.00059569 0.98015654 0.95259929 0.93683338 0.93388975 0.94231987 1.00476468 1.23022914 1.33703375 0.85549891 0.04859701 0.00000000 0.00000000 0.00000000 0.00000000 0.00000000 0.00000000 0.00000000 0.00000000 0.00000000 0.00000000 0.00000000 0.00000000 0.00000000 0.00000000 0.00000000 0.00000000 0.00000000 0.00000000 0.00000000
0.00000000 0.00000000 0.00000000 0.00000000 0.00000000 0.00000000 0.00000000 0.00000000 0.00000000 0.00000000 0.00000000 0.00000000 0.00000000 0.00000000 0.00000000 0.00000000 0.00000000 0.00000000 0.00000000 0.00000000 0.00000000 0.00000000 0.00000000 0.00000000 0.00000000 0.00000000 0.00000000 0.00000000 0.00000000 0.00000000 0.00000000 0.00000000 0.00000000 0.00000000 0.00000000 0.00000000 0.00000000 0.17008014 0.82996875 0.89352441 0.86439228 0.85328400 0.82831860 0.80884236 0.82866645 0.86242294 0.89634514 0.91360664 0.92453504 0.93068111 0.92610085 0.91978967 0.93512619 0.94028461 0.94207072 0.94686627 0.94861007 0.95105541 0.95931447 0.97387123 0.98592055 0.98183370 0.94900894 0.90228522 0.88230550 0.86982322 0.86316335 0.88706839 0.93641806 0.95025706 0.94463634 0.94061744 0.94876254 0.96828926 0.97760129 0.97794545 0.98397923 0.98636365 0.98081899 0.97156203 0.97041416 0.99197912 0.97281778 0.95885909 0.96361887 0.97062528 0.97527659 0.96292293 0.96255302 0.96404612 0.96744037 0.97333658 0.97411132 0.97371304 0.97574437 0.95827079 0.91975200 0.90744495 0.90335703 0.89645135 0.91957366 1.14167058 1.32420933 0.94125628 0.12901242 0.00000000 0.00000000 0.00000000 0.00000000 0.00000000 0.00000000 0.00000000 0.00000000 0.00000000 0.00000000 0.00000000 0.00000000 0.00000000 0.00000000 0.00000000 0.00000000 0.00000000 0.00000000 0.00000000
0.00000000 0.00000000 0.00000000 0.00000000 0.00000000 0.00000000 0.00000000 0.00000000 0.00000000 0.00000000 0.00000000 0.00000000 0.00000000 0.00000000 0.00000000 0.00000000 0.00000000 0.00000000 0.00000000 0.00000000 0.00000000 0.00000000 0.00000000 0.00000000 0.00000000 0.00000000 0.00000000 0.00000000 0.00000000 0.00000000 0.00000000 0.00000000 0.00000000 0.00000000 0.00000000 0.00000000 0.00000000 0.36786640 0.85317492 0.84111381 0.85534489 0.83828878 0.82621646 0.82221067 0.83105260 0.85420620 0.87662041 0.89896214 0.90974772 0.92283487 0.91380835 0.90954912 0.91945410 0.94028819 0.94441319 0.94488502 0.94522870 0.94661391 0.95159495 0.95953059 0.97028697 0.98156703 0.94791687 0.91213918 0.88982034 0.87475681 0.87694275 0.89595175 0.93312538 0.93560731 0.92210507 0.92004251 0.93832731 0.97263944 0.97947860 0.97973108 0.98549664 0.98452556 0.97583461 0.96200848 0.96868360 0.97692263 0.96766281 0.95812142 0.96114171 0.96281421 0.97020650 0.96011782 0.95295238 0.94869912 0.95141780 0.95749831 0.96274555 0.96842623 0.96082366 0.93161297 0.89515793 0.88997734 0.89145815 0.88038814 0.87313020 1.02432632 1.24651432 0.94866359 0.15890585 0.00000000 0.00000000 0.00000000 0.00000000 0.00000000 0.00000000 0.00000000 0.00000000 0.00000000 0.00000000 0.00000000 0.00000000 0.00000000 0.00000000 0.00000000 0.00000000 0.00000000 0.00000000 0.00000000
0.00000000 0.00000000 0.00000000 0.00000000 0.00000000 0.00000000 0.00000000 0.00000000 0.00000000 0.00000000 0.00000000 0.00000000 0.00000000 0.00000000 0.00000000 0.00000000 0.00000000 0.00000000 0.00000000 0.00000000 0.00000000 0.00000000 0.00000000 0.00000000 0.00000000 0.00000000 0.00000000 0.00000000 0.00000000 0.00000000 0.00000000 0.00000000 0.00000000 0.00000000 0.00000000 0.00000000 0.00000000 0.52103078 0.92804945 0.85227966 0.86676133 0.85860085 0.86340761 0.84845781 0.84791255 0.85640645 0.88736033 0.90092874 0.91249025 0.93119860 0.92770779 0.92494273 0.93231261 0.94994462 0.95835519 0.96137619 0.96001351 0.96286273 0.96687150 0.96384752 0.98525620 0.99258888 0.97177637 0.92779112 0.89115644 0.89272523 0.90171719 0.91500020 0.94128084 0.92572260 0.91788256 0.92990732 0.96065223 0.98085403 0.98541379 0.98077214 0.99128020 0.99316013 0.98194849 0.97274041 0.97342765 0.97402501 0.97541034 0.96638632 0.97295666 0.97178674 0.97445345 0.96459115 0.96234930 0.95723176 0.96318555 0.97300446 0.98502433 0.98585272 0.97215593 0.93551683 0.90135443 0.89972460 0.91859949 0.89148343 0.88011169 0.97252619 1.16629577 0.94157302 0.18749182 0.00000000 0.00000000 0.00000000 0.00000000 0.00000000 0.00000000 0.00000000 0.00000000 0.00000000 0.00000000 0.00000000 0.00000000 0.00000000 0.00000000 0.00000000 0.00000000 0.00000000 0.00000000 0.00000000
0.00000000 0.00000000 0.00000000 0.00000000 0.00000000 0.00000000 0.00000000 0.00000000 0.00000000 0.00000000 0.00000000 0.00000000 0.00000000 0.00000000 0.00000000 0.00000000 0.00000000 0.00000000 0.00000000 0.00000000 0.00000000 0.00000000 0.00000000 0.00000000 0.00000000 0.00000000 0.00000000 0.00000000 0.00000000 0.00000000 0.00000000 0.00000000 0.00000000 0.00000000 0.00000000 0.00000000 0.00000000 0.59986913 0.88809371 0.84816802 0.87870753 0.88517368 0.87433743 0.85705352 0.84656644 0.86448169 0.88134766 0.90000808 0.91010070 0.92608964 0.93014157 0.93700719 0.94430232 0.96687722 0.97360015 0.96655679 0.97048163 0.96382046 0.95978653 0.97588193 0.99686742 0.99568129 0.97274041 0.93712878 0.90479791 0.90104008 0.90246046 0.91943705 0.93418384 0.92985201 0.92202771 0.94271338 0.96601415 0.97431660 0.97609389 0.97659945 0.98742533 0.98557603 0.98446774 0.97527325 0.97691488 0.98184597 0.97422373 0.97153676 0.98713636 0.98577416 0.96492362 0.95233965 0.96087062 0.96951830 0.97429633 0.97735739 0.99134254 0.99632120 0.96567273 0.92950487 0.90320969 0.91276515 0.92903507 0.89518440 0.88441646 0.98670685 1.13740885 0.92439198 0.21261261 0.00000000 0.00000000 0.00000000 0.00000000 0.00000000 0.00000000 0.00000000 0.00000000 0.00000000 0.00000000 0.00000000 0.00000000 0.00000000 0.00000000 0.00000000 0.00000000 0.00000000 0.00000000 0.00000000
0.00000000 0.00000000 0.00000000 0.00000000 0.00000000 0.00000000 0.00000000 0.00000000 0.00000000 0.00000000 0.00000000 0.00000000 0.00000000 0.00000000 0.00000000 0.00000000 0.00000000 0.00000000 0.00000000 0.00000000 0.00000000 0.00000000 0.00000000 0.00000000 0.00000000 0.00000000 0.00000000 0.00000000 0.00000000 0.00000000 0.00000000 0.00000000 0.00000000 0.00000000 0.00000000 0.00000000 0.00000000 0.56730986 0.81550241 0.84603596 0.87346900 0.87540150 0.86512876 0.85181105 0.84694469 0.84157693 0.86238277 0.87660146 0.89448392 0.91474068 0.92788160 0.92714882 0.93791628 0.95824611 0.96179903 0.95347345 0.95425248 0.95639706 0.95815790 0.96678102 0.98324525 0.98539615 0.96240008 0.91949105 0.88938057 0.88184881 0.89644873 0.90166700 0.92080212 0.91498351 0.90873230 0.92804718 0.95574081 0.96355724 0.96321535 0.96243966 0.97416735 0.97780776 0.97597659 0.96687937 0.96418190 0.96537173 0.97287822 0.97016180 0.97441733 0.97049761 0.94818103 0.94193566 0.94745529 0.95627224 0.95705223 0.96509361 0.97364223 0.97178841 0.94137871 0.90796506 0.88767934 0.90477455 0.90266395 0.87490773 0.88140595 1.00101948 1.11750543 0.82647491 0.09957199 0.00000000 0.00000000 0.00000000 0.00000000 0.00000000 0.00000000 0.00000000 0.00000000 0.00000000 0.00000000 0.00000000 0.00000000 0.00000000 0.00000000 0.00000000 0.00000000 0.00000000 0.00000000 0.00000000
0.00000000 0.00000000 0.00000000 0.00000000 0.00000000 0.00000000 0.00000000 0.00000000 0.00000000 0.00000000 0.00000000 0.00000000 0.00000000 0.00000000 0.00000000 0.00000000 0.00000000 0.00000000 0.00000000 0.00000000 0.00000000 0.00000000 0.00000000 0.00000000 0.00000000 0.00000000 0.00000000 0.00000000 0.00000000 0.00000000 0.00000000 0.00000000 0.00000000 0.00000000 0.00000000 0.00000000 0.00000000 0.57683206 0.80367863 0.83144414 0.85577643 0.87140048 0.86638665 0.84955287 0.84451306 0.83894026 0.85506773 0.87800992 0.89056528 0.91767740 0.92514825 0.92539096 0.93624830 0.95414817 0.95139718 0.94526041 0.94571161 0.94682181 0.94725406 0.95830095 0.97477233 0.97257578 0.94575453 0.90523303 0.89031100 0.88392079 0.88699698 0.90402246 0.89984739 0.90627789 0.90788281 0.93343925 0.95438528 0.95328641 0.95159984 0.95552170 0.97125626 0.97561383 0.97823572 0.97437847 0.95781946 0.95825338 0.96577561 0.96737027 0.96745026 0.96182203 0.95003879 0.93956780 0.94061661 0.94860375 0.96058893 0.96049678 0.96808577 0.95632935 0.92562985 0.88533354 0.88552308 0.90162683 0.89296305 0.86557984 0.91306984 1.03033626 1.01562870 0.60804063 0.00000000 0.00000000 0.00000000 0.00000000 0.00000000 0.00000000 0.00000000 0.00000000 0.00000000 0.00000000 0.00000000 0.00000000 0.00000000 0.00000000 0.00000000 0.00000000 0.00000000 0.00000000 0.00000000 0.00000000
0.00000000 0.00000000 0.00000000 0.00000000 0.00000000 0.00000000 0.00000000 0.00000000 0.00000000 0.00000000 0.00000000 0.00000000 0.00000000 0.00000000 0.00000000 0.00000000 0.00000000 0.00000000 0.00000000 0.00000000 0.00000000 0.00000000 0.00000000 0.00000000 0.00000000 0.00000000 0.00000000 0.00000000 0.00000000 0.00000000 0.00000000 0.00000000 0.00000000 0.00000000 0.00000000 0.00000000 0.00000000 0.59415191 0.81039858 0.82476449 0.84789026 0.87605441 0.87237453 0.84645486 0.83146727 0.83072424 0.86182261 0.88031554 0.90119243 0.91650641 0.92897379 0.93279910 0.94268882 0.95256460 0.95309401 0.95180118 0.95268011 0.94524586 0.94579768 0.95438814 0.96743417 0.95351970 0.92783129 0.90802121 0.89584684 0.89092636 0.88984430 0.91449440 0.90939772 0.90725780 0.90973604 0.94339180 0.95776033 0.95765615 0.96358085 0.95874310 0.97332001 0.97469914 0.96511245 0.96023250 0.95739794 0.96047246 0.96625984 0.96731448 0.97298074 0.96075010 0.94851422 0.95191729 0.96070457 0.96079528 0.96652889 0.97515666 0.98081481 0.95684719 0.92131925 0.89050996 0.89950454 0.92639220 0.89634693 0.89019406 0.93189919 1.04237175 0.89603293 0.36844915 0.00000000 0.00000000 0.00000000 0.00000000 0.00000000 0.00000000 0.00000000 0.00000000 0.00000000 0.00000000 0.00000000 0.00000000 0.00000000 0.00000000 0.00000000 0.00000000 0.00000000 0.00000000 0.00000000 0.00000000
0.00000000 0.00000000 0.00000000 0.00000000 0.00000000 0.00000000 0.00000000 0.00000000 0.00000000 0.00000000 0.00000000 0.00000000 0.00000000 0.00000000 0.00000000 0.00000000 0.00000000 0.00000000 0.00000000 0.00000000 0.00000000 0.00000000 0.00000000 0.00000000 0.00000000 0.00000000 0.00000000 0.00000000 0.00000000 0.00000000 0.00000000 0.00000000 0.00000000 0.00000000 0.00000000 0.00000000 0.00000000 0.63100940 0.82122141 0.82867217 0.85449326 0.88123453 0.87635803 0.85360765 0.83403140 0.83510172 0.85536003 0.88737690 0.91135871 0.92737651 0.93279326 0.94544387 0.95636892 0.96582425 0.95950902 0.96515739 0.96045947 0.95960283 0.95266759 0.95722842 0.95906174 0.95423460 0.92827153 0.91935205 0.91530252 0.91549301 0.92160308 0.92585492 0.92163742 0.91374195 0.93195224 0.95179379 0.97010195 0.97128975 0.97531128 0.96768820 0.97273135 0.96697307 0.95708287 0.95951331 0.95951152 0.95953143 0.96259463 0.96551609 0.97425973 0.97621787 0.96894014 0.96338820 0.97003448 0.97755837 0.98698914 0.99811542 0.98659897 0.95927608 0.93238318 0.90828872 0.92080200 0.93305802 0.89631534 0.89402211 0.98366010 1.07032311 0.82582366 0.15637760 0.00000000 0.00000000 0.00000000 0.00000000 0.00000000 0.00000000 0.00000000 0.00000000 0.00000000 0.00000000 0.00000000 0.00000000 0.00000000 0.00000000 0.00000000 0.00000000 0.00000000 0.00000000 0.00000000 0.00000000
0.00000000 0.00000000 0.00000000 0.00000000 0.00000000 0.00000000 0.00000000 0.00000000 0.00000000 0.00000000 0.00000000 0.00000000 0.00000000 0.00000000 0.00000000 0.00000000 0.00000000 0.00000000 0.00000000 0.00000000 0.00000000 0.00000000 0.00000000 0.00000000 0.00000000 0.00000000 0.00000000 0.00000000 0.00000000 0.00000000 0.00000000 0.00000000 0.00000000 0.00000000 0.00000000 0.00000000 0.00000000 0.70006382 0.81880009 0.82900715 0.86060405 0.87105918 0.86918116 0.85417902 0.83915395 0.83737552 0.86409998 0.88879240 0.90713501 0.92404485 0.93927932 0.94721603 0.95408309 0.95699453 0.95071721 0.95917535 0.97063863 0.96366644 0.95703888 0.95663393 0.97382581 0.96576750 0.94678581 0.93107796 0.93234885 0.92487478 0.91750562 0.92839622 0.92897689 0.92443740 0.93647552 0.95931900 0.96554768 0.97256613 0.96915066 0.96211946 0.96458209 0.96381068 0.95597899 0.95324874 0.96036863 0.96105516 0.96034098 0.96809363 0.96807885 0.97199142 0.97110653 0.97331595 0.98009551 0.99029124 0.99380791 1.00431323 0.99155807 0.95102823 0.92148697 0.92267025 0.93166757 0.91492701 0.86709082 0.87227345 1.03937459 1.13727987 0.79141343 0.01371211 0.00000000 0.00000000 0.00000000 0.00000000 0.00000000 0.00000000 0.00000000 0.00000000 0.00000000 0.00000000 0.00000000 0.00000000 0.00000000 0.00000000 0.00000000 0.00000000 0.00000000 0.00000000 0.00000000 0.00000000
0.00000000 0.00000000 0.00000000 0.00000000 0.00000000 0.00000000 0.00000000 0.00000000 0.00000000 0.00000000 0.00000000 0.00000000 0.00000000 0.00000000 0.00000000 0.00000000 0.00000000 0.00000000 0.00000000 0.00000000 0.00000000 0.00000000 0.00000000 0.00000000 0.00000000 0.00000000 0.00000000 0.00000000 0.00000000 0.00000000 0.00000000 0.00000000 0.00000000 0.00000000 0.00000000 0.00000000 0.10233022 0.75627160 0.82323951 0.83447802 0.86005294 0.87291467 0.86297429 0.85504794 0.83431447 0.84910059 0.86924887 0.89371586 0.90763581 0.92521751 0.93561244 0.94049978 0.94725025 0.95090079 0.95105445 0.95797431 0.96495843 0.95660067 0.95743167 0.96574640 0.97910929 0.97775042 0.95889866 0.95083749 0.93529570 0.91772354 0.91391742 0.93266058 0.94221938 0.92136800 0.92542756 0.94181335 0.95059979 0.96010756 0.96172190 0.94712317 0.94797719 0.95173895 0.94537437 0.95296669 0.96288848 0.96074426 0.96012104 0.95130730 0.95935273 0.96607757 0.97971880 0.97676468 0.97844315 0.98545301 0.99888659 1.00520873 0.98329556 0.94028878 0.91922247 0.92770338 0.94510663 0.90976667 0.85248649 0.85904121 1.04962099 1.15777075 0.74773324 0.00000000 0.00000000 0.00000000 0.00000000 0.00000000 0.00000000 0.00000000 0.00000000 0.00000000 0.00000000 0.00000000 0.00000000 0.00000000 0.00000000 0.00000000 0.00000000 0.00000000 0.00000000 0.00000000 0.00000000 0.00000000
0.00000000 0.00000000 0.00000000 0.00000000 0.00000000 0.00000000 0.00000000 0.00000000 0.00000000 0.00000000 0.00000000 0.00000000 0.00000000 0.00000000 0.00000000 0.00000000 0.00000000 0.00000000 0.00000000 0.00000000 0.00000000 0.00000000 0.00000000 0.00000000 0.00000000 0.00000000 0.00000000 0.00000000 0.00000000 0.00000000 0.00000000 0.00000000 0.00000000 0.00000000 0.00000000 0.00000000 0.24374385 0.83037364 0.83504689 0.84727693 0.88059485 0.87754524 0.88529134 0.87270725 0.86241090 0.86741364 0.88704729 0.90526175 0.91481459 0.93274450 0.94032526 0.94391036 0.95773029 0.95317733 0.94557357 0.95180464 0.96217000 0.96900165 0.97410202 0.97997057 0.98271596 0.98656225 0.97118711 0.95767617 0.93848026 0.91277683 0.91540253 0.92767465 0.93446779 0.90676141 0.90352595 0.92275596 0.93896270 0.95367885 0.95522118 0.93445039 0.93573642 0.94493568 0.95094335 0.95470798 0.96757782 0.95169330 0.94909513 0.94712007 0.95874023 0.97320640 0.98662353 0.98091078 0.97750759 0.98026705 0.99006867 1.00403368 0.96002829 0.91750336 0.90943205 0.93917608 0.94171381 0.89885926 0.86844456 0.87599730 1.07321310 1.21310329 0.75113028 0.00000000 0.00000000 0.00000000 0.00000000 0.00000000 0.00000000 0.00000000 0.00000000 0.00000000 0.00000000 0.00000000 0.00000000 0.00000000 0.00000000 0.00000000 0.00000000 0.00000000 0.00000000 0.00000000 0.00000000 0.00000000
0.00000000 0.00000000 0.00000000 0.00000000 0.00000000 0.00000000 0.00000000 0.00000000 0.00000000 0.00000000 0.00000000 0.00000000 0.00000000 0.00000000 0.00000000 0.00000000 0.00000000 0.00000000 0.00000000 0.00000000 0.00000000 0.00000000 0.00000000 0.00000000 0.00000000 0.00000000 0.00000000 0.00000000 0.00000000 0.00000000 0.00000000 0.00000000 0.00000000 0.00000000 0.00000000 0.00000000 0.37824273 0.83756828 0.83607358 0.86104739 0.89050794 0.89326966 0.89847863 0.89267230 0.87999690 0.87229657 0.88815010 0.90859175 0.91781139 0.92889798 0.94300365 0.94239283 0.94541430 0.94091654 0.94233215 0.95446777 0.96098709 0.96903861 0.97334373 0.97582710 0.98367357 0.98604524 0.98034716 0.95670140 0.94013000 0.90953720 0.90133584 0.90340507 0.89374459 0.87577009 0.88085401 0.90586936 0.92766428 0.94597197 0.93014395 0.92659247 0.92024577 0.93381667 0.94355106 0.95681393 0.96324182 0.95788312 0.94366121 0.93966639 0.95274544 0.97450507 0.97745633 0.97140813 0.97396302 0.97128844 0.98427761 0.97024298 0.93772256 0.89289939 0.88901496 0.92148602 0.91121721 0.86751187 0.85483253 0.91518044 1.13665664 1.30765522 0.80149269 0.00000000 0.00000000 0.00000000 0.00000000 0.00000000 0.00000000 0.00000000 0.00000000 0.00000000 0.00000000 0.00000000 0.00000000 0.00000000 0.00000000 0.00000000 0.00000000 0.00000000 0.00000000 0.00000000 0.00000000 0.00000000
0.00000000 0.00000000 0.00000000 0.00000000 0.00000000 0.00000000 0.00000000 0.00000000 0.00000000 0.00000000 0.00000000 0.00000000 0.00000000 0.00000000 0.00000000 0.00000000 0.00000000 0.00000000 0.00000000 0.00000000 0.00000000 0.00000000 0.00000000 0.00000000 0.00000000 0.00000000 0.00000000 0.00000000 0.00000000 0.00000000 0.00000000 0.00000000 0.00000000 0.00000000 0.00000000 0.00000000 0.46321124 0.83018827 0.83128154 0.85607505 0.88908613 0.89463890 0.88904262 0.88889742 0.87927210 0.87568951 0.88034117 0.89151525 0.90464163 0.91808605 0.92015266 0.91870677 0.91638827 0.92783213 0.93255365 0.94176292 0.94904149 0.95924962 0.96525753 0.96633887 0.97392666 0.97306132 0.96514845 0.95370567 0.93473363 0.91070247 0.88617206 0.87967181 0.86697161 0.86260617 0.87512767 0.89530540 0.91825211 0.93827724 0.93395615 0.91326308 0.91118491 0.92424202 0.93607569 0.95063901 0.95773387 0.94685125 0.93463862 0.93082881 0.94650328 0.96405721 0.96874166 0.96420646 0.96036458 0.96694052 0.96702933 0.95763826 0.91845536 0.88451087 0.87325573 0.87744784 0.86784351 0.85391796 0.86428738 0.92086828 1.19924486 1.35122955 0.81643313 0.00000000 0.00000000 0.00000000 0.00000000 0.00000000 0.00000000 0.00000000 0.00000000 0.00000000 0.00000000 0.00000000 0.00000000 0.00000000 0.00000000 0.00000000 0.00000000 0.00000000 0.00000000 0.00000000 0.00000000 0.00000000
0.00000000 0.00000000 0.00000000 0.00000000 0.00000000 0.00000000 0.00000000 0.00000000 0.00000000 0.00000000 0.00000000 0.00000000 0.00000000 0.00000000 0.00000000 0.00000000 0.00000000 0.00000000 0.00000000 0.00000000 0.00000000 0.00000000 0.00000000 0.00000000 0.00000000 0.00000000 0.00000000 0.00000000 0.00000000 0.00000000 0.00000000 0.00000000 0.00000000 0.00000000 0.00000000 0.00000000 0.52408469 0.85009372 0.83743131 0.85285759 0.88360333 0.88719177 0.88868618 0.89415503 0.88012445 0.86153591 0.86417162 0.88249600 0.89379203 0.90844464 0.90488672 0.90154314 0.90307748 0.91320097 0.92600584 0.93595660 0.94093394 0.94812036 0.95646048 0.95248735 0.95373511 0.95875955 0.95995152 0.94825983 0.92641091 0.90918791 0.89051318 0.87170601 0.87128615 0.86174953 0.86942363 0.89453375 0.92353976 0.94663131 0.93496001 0.91472614 0.90538859 0.92204547 0.93787503 0.94759846 0.94953752 0.93771160 0.92867780 0.93077040 0.94457269 0.95957649 0.96556365 0.95767260 0.95623672 0.95412815 0.96466744 0.94661951 0.91784799 0.87323701 0.87047756 0.87239373 0.85169196 0.85807204 0.86728334 0.90188682 1.19107521 1.31361330 0.75972742 0.00000000 0.00000000 0.00000000 0.00000000 0.00000000 0.00000000 0.00000000 0.00000000 0.00000000 0.00000000 0.00000000 0.00000000 0.00000000 0.00000000 0.00000000 0.00000000 0.00000000 0.00000000 0.00000000 0.00000000 0.00000000
0.00000000 0.00000000 0.00000000 0.00000000 0.00000000 0.00000000 0.00000000 0.00000000 0.00000000 0.00000000 0.00000000 0.00000000 0.00000000 0.00000000 0.00000000 0.00000000 0.00000000 0.00000000 0.00000000 0.00000000 0.00000000 0.00000000 0.00000000 0.00000000 0.00000000 0.00000000 0.00000000 0.00000000 0.00000000 0.00000000 0.00000000 0.00000000 0.00000000 0.00000000 0.00000000 0.00000000 0.52923506 0.82276112 0.84387279 0.86538494 0.88188338 0.89998603 0.90425396 0.90451193 0.88775337 0.86950707 0.87558138 0.88259351 0.89296961 0.90562034 0.91099548 0.90364301 0.90558875 0.91148007 0.92279375 0.92788160 0.93604922 0.93927312 0.94570398 0.94984853 0.94463789 0.95373631 0.95744300 0.94285977 0.92622149 0.92717457 0.91365337 0.89650929 0.88111281 0.87346935 0.87804592 0.89856386 0.93501770 0.95554078 0.94662237 0.92516744 0.92757511 0.93044603 0.93994677 0.94845319 0.94871867 0.93501496 0.93744004 0.93964660 0.95529056 0.96595848 0.97840440 0.97121215 0.96591246 0.96187949 0.97134829 0.94443810 0.91475272 0.88690555 0.89289868 0.87996566 0.85616624 0.87470937 0.88612914 0.90696466 1.10976362 1.28956139 0.73114198 0.00000000 0.00000000 0.00000000 0.00000000 0.00000000 0.00000000 0.00000000 0.00000000 0.00000000 0.00000000 0.00000000 0.00000000 0.00000000 0.00000000 0.00000000 0.00000000 0.00000000 0.00000000 0.00000000 0.00000000 0.00000000
0.00000000 0.00000000 0.00000000 0.00000000 0.00000000 0.00000000 0.00000000 0.00000000 0.00000000 0.00000000 0.00000000 0.00000000 0.00000000 0.00000000 0.00000000 0.00000000 0.00000000 0.00000000 0.00000000 0.00000000 0.00000000 0.00000000 0.00000000 0.00000000 0.00000000 0.00000000 0.00000000 0.00000000 0.00000000 0.00000000 0.00000000 0.00000000 0.00000000 0.00000000 0.00000000 0.00000000 0.44606978 0.77774739 0.86031044 0.86971807 0.89420772 0.91335344 0.92590082 0.92389858 0.89997339 0.88825786 0.89341390 0.90449750 0.91606796 0.92058480 0.92273927 0.91330183 0.91515613 0.91010427 0.91679966 0.93148851 0.93960178 0.93629432 0.93653834 0.94289911 0.94482481 0.95160413 0.95450163 0.94899797 0.94695413 0.94788921 0.94291174 0.91925383 0.89120376 0.88453352 0.89098704 0.92122293 0.95014691 0.97169185 0.96403515 0.93297195 0.93300414 0.94587541 0.94354177 0.94849980 0.93683302 0.94238222 0.94658470 0.96121573 0.97114992 0.98340046 0.97695613 0.96969688 0.96997428 0.97663486 0.97531867 0.95226514 0.91515899 0.91081631 0.91516936 0.89229465 0.87978828 0.90744591 0.92164326 0.93522406 1.14503372 1.30839562 0.79166114 0.00000000 0.00000000 0.00000000 0.00000000 0.00000000 0.00000000 0.00000000 0.00000000 0.00000000 0.00000000 0.00000000 0.00000000 0.00000000 0.00000000 0.00000000 0.00000000 0.00000000 0.00000000 0.00000000 0.00000000 0.00000000
0.00000000 0.00000000 0.00000000 0.00000000 0.00000000 0.00000000 0.00000000 0.00000000 0.00000000 0.00000000 0.00000000 0.00000000 0.00000000 0.00000000 0.00000000 0.00000000 0.00000000 0.00000000 0.00000000 0.00000000 0.00000000 0.00000000 0.00000000 0.00000000 0.00000000 0.00000000 0.00000000 0.00000000 0.00000000 0.00000000 0.00000000 0.00000000 0.00000000 0.00000000 0.00000000 0.00000000 0.30339235 0.73463565 0.86682713 0.87669313 0.90336430 0.93217254 0.93892324 0.92284513 0.92115688 0.90724087 0.90916824 0.91622567 0.91704524 0.91589653 0.91781461 0.91740251 0.91295993 0.91296566 0.91961980 0.92867458 0.93299663 0.92668152 0.92710137 0.93182755 0.93438458 0.94180691 0.94182849 0.94612122 0.95530343 0.95415175 0.93820703 0.91693699 0.89274371 0.90096700 0.90704381 0.93172443 0.95365310 0.96847403 0.95713282 0.94116151 0.94737780 0.95824826 0.95196509 0.94802201 0.94182026 0.94535100 0.95524204 0.96829569 0.98129034 0.98010671 0.97931719 0.97243011 0.98432755 0.99295413 0.97155046 0.92420316 0.89359748 0.91845453 0.92985106 0.90564108 0.89615369 0.91912091 0.92618573 0.93910480 1.18578219 1.37973166 0.84948230 0.00000000 0.00000000 0.00000000 0.00000000 0.00000000 0.00000000 0.00000000 0.00000000 0.00000000 0.00000000 0.00000000 0.00000000 0.00000000 0.00000000 0.00000000 0.00000000 0.00000000 0.00000000 0.00000000 0.00000000 0.00000000
0.00000000 0.00000000 0.00000000 0.00000000 0.00000000 0.00000000 0.00000000 0.00000000 0.00000000 0.00000000 0.00000000 0.00000000 0.00000000 0.00000000 0.00000000 0.00000000 0.00000000 0.00000000 0.00000000 0.00000000 0.00000000 0.00000000 0.00000000 0.00000000 0.00000000 0.00000000 0.00000000 0.00000000 0.00000000 0.00000000 0.00000000 0.00000000 0.00000000 0.00000000 0.00000000 0.00000000 0.14196749 0.65494972 0.85749865 0.88227606 0.90118527 0.92084610 0.92640698 0.92615318 0.91600370 0.90567875 0.90581846 0.90133250 0.89325845 0.89349222 0.90523756 0.91095924 0.90522408 0.91456652 0.91713071 0.91984701 0.91774023 0.91367602 0.91319740 0.91076255 0.90883541 0.91677821 0.91868222 0.93032813 0.94230855 0.92664170 0.90450358 0.87866652 0.87081003 0.88385618 0.90088415 0.90953922 0.92709184 0.93476105 0.93592787 0.93243229 0.93872941 0.95099533 0.94623041 0.94254220 0.93703234 0.94133413 0.95049572 0.95476925 0.95919442 0.97368610 0.97810924 0.97914946 0.97764647 0.97807801 0.94605482 0.89602447 0.87389171 0.90633404 0.92174017 0.89782906 0.88639784 0.89390790 0.89925241 0.92076778 1.16742015 1.36081898 0.84641838 0.00000000 0.00000000 0.00000000 0.00000000 0.00000000 0.00000000 0.00000000 0.00000000 0.00000000 0.00000000 0.00000000 0.00000000 0.00000000 0.00000000 0.00000000 0.00000000 0.00000000 0.00000000 0.00000000 0.00000000 0.00000000
0.00000000 0.00000000 0.00000000 0.00000000 0.00000000 0.00000000 0.00000000 0.00000000 0.00000000 0.00000000 0.00000000 0.00000000 0.00000000 0.00000000 0.00000000 0.00000000 0.00000000 0.00000000 0.00000000 0.00000000 0.00000000 0.00000000 0.00000000 0.00000000 0.00000000 0.00000000 0.00000000 0.00000000 0.00000000 0.00000000 0.00000000 0.00000000 0.00000000 0.00000000 0.00000000 0.00000000 0.00000000 0.54836202 0.82505351 0.86567664 0.88223159 0.89255667 0.90206146 0.90432370 0.90083885 0.90395033 0.89266264 0.88506496 0.87278736 0.88675070 0.89634955 0.89888155 0.90800357 0.90970910 0.91721153 0.91039860 0.90781975 0.90510523 0.90047681 0.89980078 0.89318025 0.89874423 0.90260911 0.90614080 0.89721179 0.88752973 0.85266435 0.83720171 0.83879852 0.85298884 0.87573659 0.89576161 0.89970767 0.90642297 0.90955138 0.90798831 0.92792630 0.93866491 0.93733549 0.93096566 0.92804241 0.91872084 0.91467035 0.92024124 0.93925488 0.94999850 0.95946085 0.96115279 0.95150185 0.95023429 0.92086530 0.86676884 0.85408294 0.88863039 0.90252542 0.87217927 0.86147892 0.85987723 0.87418592 0.89864051 1.14757609 1.25366402 0.73248243 0.00000000 0.00000000 0.00000000 0.00000000 0.00000000 0.00000000 0.00000000 0.00000000 0.00000000 0.00000000 0.00000000 0.00000000 0.00000000 0.00000000 0.00000000 0.00000000 0.00000000 0.00000000 0.00000000 0.00000000 0.00000000
0.00000000 0.00000000 0.00000000 0.00000000 0.00000000 0.00000000 0.00000000 0.00000000 0.00000000 0.00000000 0.00000000 0.00000000 0.00000000 0.00000000 0.00000000 0.00000000 0.00000000 0.00000000 0.00000000 0.00000000 0.00000000 0.00000000 0.00000000 0.00000000 0.00000000 0.00000000 0.00000000 0.00000000 0.00000000 0.00000000 0.00000000 0.00000000 0.00000000 0.00000000 0.00000000 0.00000000 0.00000000 0.37630206 0.73659730 0.83270782 0.84909666 0.85877585 0.86856294 0.87385225 0.87682414 0.87850273 0.87181222 0.86559570 0.85613275 0.87288070 0.88148820 0.88839650 0.89537084 0.89793015 0.89690399 0.89410269 0.89691579 0.89792883 0.90056026 0.89587879 0.88947654 0.88415968 0.88431907 0.87212420 0.86704040 0.86453915 0.83668149 0.81497008 0.80569851 0.82027328 0.84435344 0.86859262 0.87489653 0.88829494 0.88726795 0.88157260 0.89613390 0.90445507 0.90775847 0.90886235 0.90470886 0.88360870 0.87834299 0.89426994 0.92094529 0.93247318 0.93070316 0.93105662 0.93200743 0.93116784 0.90508020 0.85264301 0.85273516 0.88126600 0.88170469 0.85367751 0.83200133 0.83533585 0.84397101 0.91004825 1.11073744 1.16067004 0.55398011 0.00000000 0.00000000 0.00000000 0.00000000 0.00000000 0.00000000 0.00000000 0.00000000 0.00000000 0.00000000 0.00000000 0.00000000 0.00000000 0.00000000 0.00000000 0.00000000 0.00000000 0.00000000 0.00000000 0.00000000 0.00000000
0.00000000 0.00000000 0.00000000 0.00000000 0.00000000 0.00000000 0.00000000 0.00000000 0.00000000 0.00000000 0.00000000 0.00000000 0.00000000 0.00000000 0.00000000 0.00000000 0.00000000 0.00000000 0.00000000 0.00000000 0.00000000 0.00000000 0.00000000 0.00000000 0.00000000 0.00000000 0.00000000 0.00000000 0.00000000 0.00000000 0.00000000 0.00000000 0.00000000 0.00000000 0.00000000 0.00000000 0.00000000 0.13038559 0.59856248 0.79886156 0.82922876 0.84296405 0.84213138 0.85197175 0.85084462 0.85722029 0.86536527 0.85518205 0.85599053 0.86943078 0.88521981 0.87849653 0.87412357 0.88405573 0.88815284 0.88891065 0.88782394 0.89173532 0.89222360 0.89569819 0.89111936 0.88219249 0.87536860 0.86059952 0.87113142 0.86335409 0.84065247 0.82660258 0.81828898 0.81812453 0.83658183 0.86274409 0.86814260 0.86918449 0.86955416 0.86133480 0.86812949 0.86787581 0.87597823 0.88911712 0.88570249 0.86747551 0.86711526 0.88143194 0.90503514 0.91491663 0.90908980 0.89676774 0.91154790 0.92898881 0.89877152 0.85134459 0.85642242 0.89320385 0.87548566 0.83379996 0.80509055 0.80313480 0.81243926 0.92641854 1.14746308 0.99236774 0.30118626 0.00000000 0.00000000 0.00000000 0.00000000 0.00000000 0.00000000 0.00000000 0.00000000 0.00000000 0.00000000 0.00000000 0.00000000 0.00000000 0.00000000 0.00000000 0.00000000 0.00000000 0.00000000 0.00000000 0.00000000 0.00000000
0.00000000 0.00000000 0.00000000 0.00000000 0.00000000 0.00000000 0.00000000 0.00000000 0.00000000 0.00000000 0.00000000 0.00000000 0.00000000 0.00000000 0.00000000 0.00000000 0.00000000 0.00000000 0.00000000 0.00000000 0.00000000 0.00000000 0.00000000 0.00000000 0.00000000 0.00000000 0.00000000 0.00000000 0.00000000 0.00000000 0.00000000 0.00000000 0.00000000 0.00000000 0.00000000 0.00000000 0.00000000 0.00000000 0.45235372 0.78753549 0.85282409 0.85415637 0.86731601 0.86827850 0.86992788 0.87890613 0.89062071 0.89193225 0.89304399 0.91347778 0.90811324 0.89626944 0.89750361 0.90650165 0.90548790 0.90699768 0.90717149 0.91132569 0.91613567 0.91655147 0.90712047 0.91025937 0.91067564 0.90309310 0.89698112 0.89959323 0.88795888 0.88031304 0.87498748 0.86136448 0.86998737 0.88939381 0.88801098 0.88074613 0.89234757 0.89157927 0.88412082 0.87973058 0.88102281 0.90265083 0.91408682 0.89980638 0.88838840 0.89994442 0.92412841 0.93745482 0.91855395 0.91080463 0.92372954 0.93968821 0.91324615 0.89233339 0.88825238 0.90651524 0.89127219 0.85935688 0.82928032 0.81061161 0.84619069 1.01748705 1.12681460 0.83355862 0.00000000 0.00000000 0.00000000 0.00000000 0.00000000 0.00000000 0.00000000 0.00000000 0.00000000 0.00000000 0.00000000 0.00000000 0.00000000 0.00000000 0.00000000 0.00000000 0.00000000 0.00000000 0.00000000 0.00000000 0.00000000 0.00000000
0.00000000 0.00000000 0.00000000 0.00000000 0.00000000 0.00000000 0.00000000 0.00000000 0.00000000 0.00000000 0.00000000 0.00000000 0.00000000 0.00000000 0.00000000 0.00000000 0.00000000 0.00000000 0.00000000 0.00000000 0.00000000 0.00000000 0.00000000 0.00000000 0.00000000 0.00000000 0.00000000 0.00000000 0.00000000 0.00000000 0.00000000 0.00000000 0.00000000 0.00000000 0.00000000 0.00000000 0.00000000 0.00000000 0.28542399 0.75092733 0.88876712 0.89196599 0.90177572 0.90954745 0.91655397 0.92266822 0.92951965 0.93731475 0.94397664 0.95757186 0.95007443 0.93318284 0.92972028 0.94327915 0.93815029 0.94103932 0.94026208 0.94054139 0.94246006 0.94188607 0.94436061 0.94845545 0.95205605 0.94024515 0.92228663 0.92431509 0.92922938 0.92211604 0.91460645 0.90821803 0.90313137 0.91418242 0.91831338 0.92053056 0.93242228 0.93503726 0.92177999 0.91047275 0.91998816 0.93462884 0.95350015 0.92688465 0.92157114 0.93444455 0.96239996 0.95771420 0.95062077 0.93947673 0.96685910 0.96064746 0.94369972 0.92656863 0.93509114 0.94711697 0.93795848 0.90440536 0.86595464 0.84550631 0.89900100 1.10380054 1.09158552 0.61401457 0.00000000 0.00000000 0.00000000 0.00000000 0.00000000 0.00000000 0.00000000 0.00000000 0.00000000 0.00000000 0.00000000 0.00000000 0.00000000 0.00000000 0.00000000 0.00000000 0.00000000 0.00000000 0.00000000 0.00000000 0.00000000 0.00000000
0.00000000 0.00000000 0.00000000 0.00000000 0.00000000 0.00000000 0.00000000 0.00000000 0.00000000 0.00000000 0.00000000 0.00000000 0.00000000 0.00000000 0.00000000 0.00000000 0.00000000 0.00000000 0.00000000 0.00000000 0.00000000 0.00000000 0.00000000 0.00000000 0.00000000 0.00000000 0.00000000 0.00000000 0.00000000 0.00000000 0.00000000 0.00000000 0.00000000 0.00000000 0.00000000 0.00000000 0.00000000 0.00000000 0.05731948 0.60649854 0.87878716 0.91282105 0.91999900 0.92504990 0.92391193 0.93255866 0.94697070 0.95401371 0.95245934 0.95824635 0.95692039 0.94134927 0.94350755 0.94402683 0.94572902 0.93782783 0.94212067 0.93700469 0.93857479 0.93746459 0.94087172 0.95096958 0.95053589 0.93886673 0.91845131 0.91513574 0.92994404 0.93633628 0.92455888 0.90794516 0.90143764 0.90956473 0.91143274 0.92222059 0.94372177 0.95536184 0.94328845 0.92882419 0.92382717 0.94397962 0.95692682 0.94074237 0.93035734 0.94609392 0.96358538 0.97486675 0.96580231 0.95441556 0.96310639 0.95360160 0.93656480 0.92918468 0.94530594 0.95783496 0.94344270 0.91029286 0.86999595 0.85765719 0.93862998 1.11157334 1.02708602 0.38155937 0.00000000 0.00000000 0.00000000 0.00000000 0.00000000 0.00000000 0.00000000 0.00000000 0.00000000 0.00000000 0.00000000 0.00000000 0.00000000 0.00000000 0.00000000 0.00000000 0.00000000 0.00000000 0.00000000 0.00000000 0.00000000 0.00000000
0.00000000 0.00000000 0.00000000 0.00000000 0.00000000 0.00000000 0.00000000 0.00000000 0.00000000 0.00000000 0.00000000 0.00000000 0.00000000 0.00000000 0.00000000 0.00000000 0.00000000 0.00000000 0.00000000 0.00000000 0.00000000 0.00000000 0.00000000 0.00000000 0.00000000 0.00000000 0.00000000 0.00000000 0.00000000 0.00000000 0.00000000 0.00000000 0.00000000 0.00000000 0.00000000 0.00000000 0.00000000 0.00000000 0.00000000 0.34674358 0.77042508 0.90942454 0.91958249 0.91984105 0.92218888 0.92297459 0.93652606 0.93595850 0.93726981 0.94690990 0.94889021 0.93774271 0.93368268 0.93678617 0.93785560 0.93660891 0.93411386 0.93368399 0.92050374 0.92893040 0.93360829 0.94657969 0.94233537 0.93427467 0.91404116 0.90959573 0.92181766 0.93479645 0.92609167 0.89397001 0.88455212 0.89081848 0.90064442 0.91252637 0.93828595 0.95313692 0.93189740 0.91758621 0.92097199 0.94114804 0.95023179 0.93572700 0.92472303 0.93763983 0.96936560 0.97995520 0.96736479 0.95876276 0.95587862 0.93657696 0.91336358 0.91483009 0.94347394 0.95256543 0.92558551 0.90408969 0.86468780 0.86593902 1.01139724 1.12751400 0.85610056 0.08746755 0.00000000 0.00000000 0.00000000 0.00000000 0.00000000 0.00000000 0.00000000 0.00000000 0.00000000 0.00000000 0.00000000 0.00000000 0.00000000 0.00000000 0.00000000 0.00000000 0.00000000 0.00000000 0.00000000 0.00000000 0.00000000 0.00000000
0.00000000 0.00000000 0.00000000 0.00000000 0.00000000 0.00000000 0.00000000 0.00000000 0.00000000 0.00000000 0.00000000 0.00000000 0.00000000 0.00000000 0.00000000 0.00000000 0.00000000 0.00000000 0.00000000 0.00000000 0.00000000 0.00000000 0.00000000 0.00000000 0.00000000 0.00000000 0.00000000 0.00000000 0.00000000 0.00000000 0.00000000 0.00000000 0.00000000 0.00000000 0.00000000 0.00000000 0.00000000 0.00000000 0.00000000 0.00000000 0.56754285 0.86254168 0.90595806 0.91093540 0.91240931 0.91374028 0.92434752 0.93744600 0.93888605 0.94443417 0.94540179 0.94775748 0.94241095 0.94726706 0.94669425 0.94209862 0.93751729 0.93589818 0.93661177 0.94394541 0.93714619 0.94465852 0.94810903 0.93469143 0.93098223 0.92317486 0.93166947 0.93582058 0.91953731 0.88051283 0.86457431 0.87564111 0.88798070 0.90884674 0.92856896 0.94399214 0.93138981 0.91631949 0.92356980 0.93953812 0.94424212 0.92895198 0.93181944 0.94113600 0.96051836 0.96997416 0.97164905 0.95545328 0.94032705 0.91596258 0.90519404 0.92213726 0.94083440 0.95026779 0.92788160 0.91321969 0.87345397 0.88431954 1.05998647 1.08342683 0.65331894 0.00000000 0.00000000 0.00000000 0.00000000 0.00000000 0.00000000 0.00000000 0.00000000 0.00000000 0.00000000 0.00000000 0.00000000 0.00000000 0.00000000 0.00000000 0.00000000 0.00000000 0.00000000 0.00000000 0.00000000 0.00000000 0.00000000 0.00000000
0.00000000 0.00000000 0.00000000 0.00000000 0.00000000 0.00000000 0.00000000 0.00000000 0.07259291 0.00000000 0.00000000 0.00000000 0.00000000 0.00000000 0.00000000 0.00000000 0.00000000 0.00000000 0.00000000 0.00000000 0.00000000 0.00000000 0.00000000 0.00000000 0.00000000 0.00000000 0.00000000 0.13567813 0.20078306 0.13791291 0.00000000 0.00000000 0.03364411 0.06120700 0.00000000 0.00000000 0.00000000 0.00000000 0.00000000 0.00000000 0.25550371 0.72898233 0.87366533 0.88654482 0.89769280 0.90415037 0.92046201 0.92937338 0.92897904 0.93303812 0.93855262 0.93823469 0.93826914 0.93880117 0.93945336 0.93110156 0.93044722 0.93225300 0.93684924 0.93822777 0.93973470 0.93857181 0.94930017 0.93611407 0.93412709 0.93052959 0.93269062 0.93797624 0.90933108 0.86301553 0.85079134 0.85805655 0.87262130 0.88351977 0.90656722 0.91481197 0.91903007 0.91095948 0.91869056 0.93229485 0.93507767 0.91911411 0.91781449 0.93376708 0.95150638 0.95236123 0.96114051 0.94395423 0.91558802 0.89049423 0.87886500 0.90531874 0.93548667 0.93912590 0.93698490 0.91584420 0.88585317 0.92870581 1.08124316 0.99061513 0.39548749 0.00000000 0.00000000 0.00000000 0.00000000 0.00000000 0.00000000 0.00000000 0.00000000 0.00000000 0.00000000 0.00000000 0.00000000 0.00000000 0.00000000 0.00000000 0.00000000 0.00000000 0.00000000 0.00000000 0.00000000 0.00000000 0.00000000 0.00000000
0.00000000 0.00000000 0.00000000 0.00000000 0.00000000 0.02299860 0.43553632 0.74307853 0.86387324 0.54496497 0.03385286 0.00000000 0.00000000 0.00000000 0.00000000 0.00000000 0.00000000 0.00000000 0.00000000 0.00000000 0.00000000 0.00000000 0.14618738 0.42783111 0.65025645 0.81198120 0.92753983 1.02294278 1.07617831 1.05607069 0.99398327 0.90571010 0.88315320 0.87565577 0.77022320 0.46827418 0.00000000 0.00000000 0.00000000 0.00000000 0.00000000 0.48467112 0.80688745 0.87075591 0.87326801 0.88274860 0.90068603 0.90674365 0.90625226 0.91704917 0.91869450 0.91450512 0.90756929 0.90474641 0.91318130 0.91615498 0.91428006 0.91441905 0.91846621 0.92039561 0.91509593 0.92400467 0.92050743 0.92063522 0.92007053 0.92137146 0.91932559 0.92606127 0.89341390 0.84036767 0.82536632 0.83094066 0.85028791 0.86458516 0.88684881 0.89608586 0.89270973 0.89005280 0.90313816 0.91831088 0.90817261 0.90250635 0.90885544 0.91978848 0.92802203 0.93901813 0.95145237 0.92185009 0.88494265 0.85824764 0.86149144 0.90093029 0.93290544 0.93216085 0.92155874 0.89884365 0.88969684 0.94831610 1.12102354 0.90540421 0.17811708 0.00000000 0.00000000 0.00000000 0.00000000 0.00000000 0.00000000 0.00000000 0.00000000 0.00000000 0.00000000 0.00000000 0.00000000 0.00000000 0.00000000 0.00000000 0.00000000 0.00000000 0.00000000 0.00000000 0.00000000 0.00000000 0.00000000 0.00000000
0.00000000 0.00000000 0.00000000 0.00000000 0.28378052 0.84997106 1.21775150 1.39898431 1.40844905 1.12986231 0.69559544 0.25106728 0.00000000 0.00000000 0.00000000 0.00000000 0.00000000 0.00000000 0.00000000 0.31564540 0.58251423 0.83798653 1.01749802 1.18644655 1.28662336 1.37106466 1.41292691 1.46964824 1.51342189 1.49978936 1.42891037 1.44551229 1.51986527 1.51149869 1.34274745 1.18992341 0.89472663 0.30721915 0.00000000 0.00000000 0.00000000 0.26061702 0.71397924 0.85422480 0.85606623 0.86900878 0.88277149 0.88755274 0.89693522 0.90186250 0.90398610 0.89752519 0.89060998 0.89439058 0.90526390 0.90016699 0.90119660 0.89817572 0.90332758 0.90655160 0.90491211 0.90590775 0.91003585 0.90233660 0.91218269 0.91046286 0.91066658 0.91192591 0.86857450 0.82327199 0.80744082 0.82533944 0.84416068 0.85486341 0.87733412 0.88421655 0.87803411 0.87353599 0.88249755 0.90964031 0.90060449 0.89249122 0.89197636 0.90641880 0.92178464 0.92988896 0.93503749 0.90600336 0.86078036 0.83193529 0.85422814 0.89883411 0.92949915 0.93004751 0.91545272 0.88981164 0.89471400 0.98501837 1.11881971 0.85522652 0.02839804 0.00000000 0.00000000 0.00000000 0.00000000 0.00000000 0.00000000 0.00000000 0.00000000 0.00000000 0.00000000 0.00000000 0.00000000 0.00000000 0.00000000 0.00000000 0.00000000 0.00000000 0.00000000 0.00000000 0.00000000 0.00000000 0.00000000 0.00000000
0.00000000 0.00000000 0.00000000 0.05639474 0.78721905 1.14256835 1.26983654 1.41728795 1.45467675 1.31239486 1.08593154 0.84598184 0.44987875 0.04312290 0.00000000 0.00065053 0.32165307 0.63370991 0.87827623 1.08667064 1.23460269 1.24847686 1.28502274 1.29315019 1.23495734 1.13871551 1.10729873 1.09208143 1.12088215 1.13518405 1.11430395 1.11849117 1.21693468 1.36091876 1.45338488 1.41327465 1.28682470 1.00354314 0.43265200 0.02534170 0.11934499 0.41954386 0.71610004 0.84647262 0.84884524 0.86588514 0.87540543 0.88447034 0.88557959 0.89922762 0.89615142 0.88996589 0.88764584 0.89261007 0.89908099 0.90397561 0.89579868 0.90094888 0.90324271 0.90272737 0.89985168 0.89943635 0.89742792 0.90321374 0.91097498 0.90669739 0.91470218 0.90186167 0.85672069 0.81068581 0.80800545 0.84084117 0.85180151 0.86262596 0.88564622 0.88940871 0.87636626 0.86913073 0.88254154 0.91253817 0.90763557 0.88059866 0.89106464 0.90471578 0.92270827 0.91839266 0.93070805 0.91083634 0.85914850 0.83336937 0.85095108 0.89713967 0.91782308 0.91884851 0.91382217 0.90324748 0.90710366 1.03472853 1.14224374 0.77889335 0.00000000 0.00000000 0.00000000 0.00000000 0.00000000 0.00000000 0.00000000 0.00000000 0.00000000 0.00000000 0.00000000 0.00000000 0.00000000 0.00000000 0.00000000 0.00000000 0.00000000 0.00000000 0.00000000 0.00000000 0.00000000 0.00000000 0.00000000 0.00000000
0.00000000 0.00000000 0.00000000 0.34123874 0.89948583 1.04467010 0.93678391 0.93012142 1.15494275 1.27872062 1.23853540 1.19648528 1.12815666 0.94376600 0.86683750 0.91588867 1.06089759 1.18807447 1.26726544 1.26663244 1.21981919 1.11553156 0.98829448 0.93263388 0.89166760 0.83352274 0.81511623 0.80736214 0.80488110 0.81188613 0.80443990 0.81271863 0.82878071 0.87689281 1.02030408 1.24767518 1.35441494 1.20466757 0.92854548 0.64827061 0.62684971 0.71520722 0.78761536 0.85902178 0.86868942 0.87744284 0.88389552 0.88469172 0.89334428 0.90422142 0.90321112 0.89170706 0.88910794 0.89549327 0.90962017 0.91342878 0.90374839 0.90564811 0.91171801 0.90967560 0.91278219 0.90454650 0.90067267 0.90278053 0.92172468 0.92421603 0.91672683 0.89920485 0.85377836 0.81683344 0.84252572 0.87351978 0.87554920 0.87287891 0.90539742 0.90037906 0.88475955 0.87864602 0.90429878 0.92693889 0.91476083 0.88518488 0.88627088 0.91302860 0.92486882 0.92188263 0.94016981 0.92902315 0.86981940 0.83307111 0.84947205 0.88789999 0.91872716 0.91506326 0.91240847 0.92594230 0.94572616 1.03628135 1.07465959 0.62507832 0.00000000 0.00000000 0.00000000 0.00000000 0.00000000 0.00000000 0.00000000 0.00000000 0.00000000 0.00000000 0.00000000 0.00000000 0.00000000 0.00000000 0.00000000 0.00000000 0.00000000 0.00000000 0.00000000 0.00000000 0.00000000 0.00000000 0.00000000 0.00000000
0.00000000 0.00000000 0.00000000 0.52069616 0.97302485 0.89387715 0.80553240 0.81261444 0.88432097 1.05605435 1.18267667 1.28477573 1.34819269 1.30318522 1.25725305 1.26792228 1.25986910 1.19265711 1.07618988 0.98261607 0.89523494 0.84493077 0.82306617 0.79724401 0.80326408 0.81551498 0.82287437 0.82361168 0.82093012 0.82211590 0.81971085 0.82876098 0.83267826 0.82262945 0.82199913 0.88615668 1.09272039 1.27092028 1.13133311 0.91352403 0.93244803 1.03164017 0.95618701 0.87712836 0.88252842 0.88798463 0.90421295 0.90007246 0.89490116 0.90559053 0.90001714 0.89991891 0.89678931 0.90420616 0.91774821 0.92089212 0.91225326 0.91276348 0.92215884 0.92553222 0.91637290 0.91014516 0.90364456 0.91216040 0.92176950 0.93539715 0.92180037 0.89455712 0.86610866 0.83833200 0.86910093 0.89395618 0.88853610 0.89612806 0.91977060 0.91150379 0.89493835 0.89517164 0.91350579 0.92898309 0.91746819 0.89906895 0.89931989 0.92031455 0.93316507 0.93678844 0.93926370 0.92564571 0.88945317 0.85005343 0.85199249 0.87932324 0.91763580 0.91994667 0.90587938 0.95062721 1.00189221 0.99622595 0.83567864 0.30485618 0.00000000 0.00000000 0.00000000 0.00000000 0.00000000 0.00000000 0.00000000 0.00000000 0.00000000 0.00000000 0.00000000 0.00000000 0.00000000 0.00000000 0.00000000 0.00000000 0.00000000 0.00000000 0.00000000 0.00000000 0.00000000 0.00000000 0.00000000 0.00000000
0.00000000 0.00000000 0.00000000 0.69512552 0.91681635 0.80119616 0.80429912 0.82044035 0.81068957 0.83657312 0.91778040 1.02507329 1.08888280 1.06928325 1.03556633 1.02351975 0.98851705 0.91548622 0.85236979 0.81617445 0.81185591 0.80836850 0.80547863 0.79666668 0.80546623 0.81597334 0.82228094 0.82748657 0.82158029 0.81903028 0.82702851 0.83134449 0.83638012 0.83435953 0.83801240 0.82114780 0.83570522 0.97181010 1.08484495 0.95556331 0.91299546 1.02306163 0.98874855 0.86873531 0.87699044 0.88929689 0.89178884 0.89283156 0.87953889 0.88943315 0.88692701 0.88089263 0.88859630 0.89036024 0.90251803 0.90730894 0.90597069 0.90648711 0.90816069 0.90783429 0.90366626 0.88856530 0.88548744 0.89934587 0.91534901 0.92591429 0.91362381 0.89285040 0.84967577 0.82832843 0.87271154 0.90034163 0.88457835 0.90158522 0.92530680 0.91838455 0.88605595 0.88689256 0.90778029 0.93077004 0.92316711 0.90122521 0.90075767 0.91766131 0.92153442 0.91479003 0.92569673 0.93465066 0.90613735 0.84778023 0.83837682 0.85649478 0.90250647 0.91573405 0.89929736 0.91341400 0.94799721 0.80681676 0.48247999 0.00000000 0.00000000 0.00000000 0.00000000 0.00000000 0.00000000 0.00000000 0.00000000 0.00000000 0.00000000 0.00000000 0.00000000 0.00000000 0.00000000 0.00000000 0.00000000 0.00000000 0.00000000 0.00000000 0.00000000 0.00000000 0.00000000 0.00000000 0.00000000 0.00000000
0.00000000 0.00000000 0.00000000 0.72700167 0.82582879 0.77442515 0.79481596 0.80623722 0.79730105 0.79267657 0.80830556 0.82306981 0.81991124 0.80516082 0.80621934 0.81602848 0.80960685 0.80204338 0.80001825 0.80626798 0.80775946 0.80585188 0.80294949 0.80152941 0.80822998 0.81605536 0.81578696 0.82722348 0.81519765 0.81893647 0.82022476 0.82858938 0.83668023 0.83408034 0.82595634 0.82484829 0.81186211 0.81876785 0.85623038 0.87746060 0.85904872 0.89044774 0.88772357 0.85460544 0.85785663 0.87174594 0.87348676 0.86804497 0.86226666 0.87292540 0.88231814 0.87709475 0.87727129 0.87365115 0.87617040 0.88679457 0.89023077 0.88863456 0.89486217 0.88694179 0.87143779 0.86435473 0.87237728 0.87444901 0.89461756 0.90679812 0.89401412 0.86567700 0.83714408 0.82978773 0.88259947 0.89922261 0.88883293 0.89552450 0.91667283 0.90451872 0.88297093 0.88152397 0.90730286 0.91798401 0.91741180 0.89077747 0.89025497 0.90319717 0.91725695 0.91430020 0.92321491 0.92341816 0.90092468 0.84911335 0.84491599 0.86927271 0.91794586 0.90796793 0.84230328 0.74027491 0.63011056 0.41612625 0.03302853 0.00000000 0.00000000 0.00000000 0.00000000 0.00000000 0.00000000 0.00000000 0.00000000 0.00000000 0.00000000 0.00000000 0.00000000 0.00000000 0.00000000 0.00000000 0.00000000 0.00000000 0.00000000 0.00000000 0.00000000 0.00000000 0.00000000 0.00000000 0.00000000 0.00000000
0.00000000 0.00000000 0.00000000 0.66403425 0.77937627 0.76963186 0.77450639 0.79386866 0.78452271 0.78328502 0.79220980 0.78659141 0.78012419 0.78318763 0.78902239 0.79034883 0.79064006 0.79645461 0.80030662 0.80489391 0.80523401 0.80074799 0.80068624 0.80331576 0.81636357 0.82169867 0.82341170 0.82500279 0.82038736 0.81453228 0.82012653 0.82619393 0.83452356 0.83403641 0.82135952 0.82357955 0.83191359 0.83185834 0.83626479 0.84134936 0.85057282 0.85219121 0.84209287 0.84254551 0.84867799 0.85658503 0.86107421 0.85816681 0.85984766 0.86342096 0.87071621 0.87168455 0.86512113 0.86499214 0.86731708 0.87619448 0.88162148 0.88173795 0.89607549 0.88686728 0.84520531 0.81988275 0.82632434 0.84891772 0.86637831 0.88201964 0.87783587 0.86022675 0.84457314 0.85272551 0.88575363 0.88899767 0.88203657 0.88665211 0.90386307 0.89292264 0.87525415 0.87819946 0.89541852 0.90610445 0.90246654 0.88518178 0.88259673 0.90587234 0.91505682 0.90560853 0.90473831 0.90960550 0.90036428 0.86871767 0.85395908 0.90941107 0.97970569 0.92423475 0.66596407 0.34664237 0.10139097 0.00000000 0.00000000 0.00000000 0.00000000 0.00000000 0.00000000 0.00000000 0.00000000 0.00000000 0.00000000 0.00000000 0.00000000 0.00000000 0.00000000 0.00000000 0.00000000 0.00000000 0.00000000 0.00000000 0.00000000 0.00000000 0.00000000 0.00000000 0.00000000 0.00000000 0.00000000 0.00000000
0.00000000 0.00000000 0.00000000 0.49597430 0.72296017 0.77333343 0.78127277 0.79127705 0.78443962 0.78039879 0.78918362 0.78629559 0.78098655 0.78360045 0.78137034 0.77803332 0.78988510 0.79639924 0.79676861 0.79774755 0.79651594 0.79588884 0.79861766 0.81596869 0.82146776 0.82362688 0.82828677 0.82783037 0.82440102 0.82027388 0.82216036 0.82589960 0.83042365 0.83491325 0.83353275 0.83520001 0.83679312 0.84311962 0.84699678 0.84275806 0.84734714 0.84974527 0.84701836 0.84434903 0.85351932 0.85281706 0.85556066 0.86386812 0.86116707 0.85889530 0.86027610 0.86202955 0.86112237 0.86260009 0.85663068 0.86194420 0.87618482 0.88444746 0.90424716 0.89631152 0.83490998 0.77606809 0.76085031 0.79720402 0.83431208 0.86357689 0.88350546 0.87229311 0.85889471 0.86584163 0.87672663 0.87246203 0.86630487 0.87494278 0.88466072 0.87352824 0.86545098 0.86781609 0.87891734 0.88542593 0.88645649 0.86972511 0.88113618 0.89072680 0.89707422 0.89396369 0.89176679 0.89439380 0.89739740 0.87860167 0.86375010 0.90115702 0.97871721 0.88450503 0.47362554 0.00000000 0.00000000 0.00000000 0.00000000 0.00000000 0.00000000 0.00000000 0.00000000 0.00000000 0.00000000 0.00000000 0.00000000 0.00000000 0.00000000 0.00000000 0.00000000 0.00000000 0.00000000 0.00000000 0.00000000 0.00000000 0.00000000 0.00000000 0.00000000 0.00000000 0.00000000 0.00000000 0.00000000 0.00000000
0.00000000 0.00000000 0.00000000 0.35694617 0.65104383 0.75827652 0.77398974 0.78206438 0.78764910 0.78265268 0.78562146 0.78599024 0.78030467 0.77079195 0.76649624 0.77094454 0.77504802 0.78825265 0.78814495 0.79274088 0.79345685 0.79567969 0.80239338 0.80879527 0.81190461 0.81357521 0.81068867 0.81465203 0.81397229 0.80641735 0.80369723 0.81756997 0.81829494 0.82466871 0.82521474 0.83214420 0.83426052 0.82897776 0.83903682 0.84247136 0.84388471 0.84733188 0.84995902 0.83781308 0.84822357 0.85559475 0.85837400 0.85671091 0.84430873 0.83927584 0.83680397 0.84510684 0.85196221 0.85617745 0.85977614 0.86026490 0.86855090 0.86944711 0.88040030 0.88419354 0.82230610 0.74945170 0.72848594 0.75771695 0.80984277 0.85238039 0.87405503 0.86910546 0.85769022 0.85755432 0.86279798 0.85060465 0.84472978 0.84734845 0.86186612 0.85912347 0.85664117 0.85901368 0.86854196 0.88388467 0.87616563 0.86421776 0.85913551 0.87286103 0.88930309 0.88165653 0.86000693 0.86566162 0.87268674 0.86354649 0.86161172 0.83765179 0.88905191 0.82310879 0.51022649 0.00000000 0.00000000 0.00000000 0.00000000 0.00000000 0.00000000 0.00000000 0.00000000 0.00000000 0.00000000 0.00000000 0.00000000 0.00000000 0.00000000 0.00000000 0.00000000 0.00000000 0.00000000 0.00000000 0.00000000 0.00000000 0.00000000 0.00000000 0.00000000 0.00000000 0.00000000 0.00000000 0.00000000 0.00000000
0.00000000 0.00000000 0.00000000 0.14511020 0.43972129 0.67845672 0.75350714 0.77339333 0.77247816 0.77234495 0.77128416 0.78190184 0.77517015 0.77037126 0.76528609 0.76669359 0.76506513 0.77141827 0.78575927 0.78984195 0.78620404 0.76976764 0.76977044 0.77731663 0.78297776 0.78465265 0.79020256 0.79087162 0.79704529 0.78979880 0.78509814 0.79779541 0.80475348 0.79978377 0.80106407 0.79740703 0.81064814 0.81644237 0.82411182 0.82815284 0.83309895 0.83368272 0.82981879 0.82466799 0.83437186 0.83605260 0.83009470 0.83040005 0.81640035 0.82169914 0.81905013 0.81995773 0.82897443 0.83990604 0.83599222 0.82655358 0.82933581 0.83913791 0.85496140 0.85697699 0.81905055 0.75754029 0.73927575 0.75401324 0.79234225 0.82797283 0.84961891 0.85761631 0.84990275 0.83991772 0.83269888 0.82927752 0.82544112 0.84056234 0.85424209 0.85674989 0.84958696 0.85166824 0.87160027 0.88036609 0.85856795 0.84096730 0.83953494 0.86957121 0.87347817 0.84793973 0.80251145 0.79676205 0.83378643 0.81798828 0.78932911 0.77753061 0.85116696 0.95038676 0.82248503 0.33305645 0.00000000 0.00000000 0.00000000 0.00000000 0.00000000 0.00000000 0.00000000 0.00000000 0.00000000 0.00000000 0.00000000 0.00000000 0.00000000 0.00000000 0.00000000 0.00000000 0.00000000 0.00000000 0.00000000 0.00000000 0.00000000 0.00000000 0.00000000 0.00000000 0.00000000 0.00000000 0.00000000 0.00000000
0.00000000 0.00000000 0.00000000 0.00000000 0.00000000 0.45294458 0.69510555 0.76409358 0.76430649 0.77454400 0.78131604 0.78703785 0.78665483 0.78501201 0.77813447 0.76837194 0.77401823 0.78491008 0.79566664 0.78934830 0.77492124 0.78186560 0.81267005 0.82849252 0.78467965 0.69867158 0.62876064 0.59977883 0.58412528 0.59198129 0.60976374 0.63730353 0.63780540 0.63750196 0.64439625 0.66543871 0.68926710 0.70849174 0.72027057 0.73444778 0.74826509 0.75573629 0.76698369 0.77263731 0.77982378 0.78719324 0.78936708 0.80215031 0.80420732 0.82778984 0.82075757 0.78677469 0.79889083 0.77847713 0.77112401 0.76614356 0.78451073 0.82297027 0.85985529 0.87440932 0.84847319 0.81586409 0.80538744 0.80160731 0.80152971 0.81578958 0.83388287 0.84666324 0.83465284 0.82295948 0.82750618 0.83659822 0.84093952 0.85273850 0.86440563 0.85722768 0.85488844 0.85603321 0.87294781 0.87173843 0.85788500 0.83243221 0.83126104 0.85977983 0.86161661 0.82112592 0.79323697 0.78213531 0.83848882 0.78304303 0.68269789 0.68200409 0.88356113 1.09661663 1.21591604 0.88830602 0.22681932 0.00000000 0.00000000 0.00000000 0.00000000 0.00000000 0.00000000 0.00000000 0.00000000 0.00000000 0.00000000 0.00000000 0.00000000 0.00000000 0.00000000 0.00000000 0.00000000 0.00000000 0.00000000 0.00000000 0.00000000 0.00000000 0.00000000 0.00000000 0.00000000 0.00000000 0.00000000 0.00000000
0.00000000 0.00000000 0.00000000 0.00000000 0.00000000 0.00000000 0.42320967 0.66810888 0.76297194 0.79604965 0.81352872 0.82266194 0.82510728 0.81826168 0.81355184 0.80443782 0.80836260 0.81760919 0.82466793 0.85565269 0.91502309 0.95002317 0.85801148 0.62303865 0.33458185 0.13310806 0.04031970 0.00637287 0.00651552 0.02445361 0.03811923 0.06202644 0.05911015 0.07889403 0.12947385 0.16231956 0.18113177 0.19501273 0.21798323 0.26324779 0.31059927 0.34151101 0.36871457 0.40453279 0.41469401 0.42566407 0.46392393 0.53410786 0.57366121 0.61750501 0.61367077 0.58204234 0.59882665 0.59349740 0.61285216 0.63329047 0.67393547 0.70981699 0.74019849 0.78750980 0.80349612 0.78447336 0.79147607 0.80948120 0.80624193 0.80683041 0.82708341 0.84416211 0.83287627 0.82536036 0.83307719 0.85299087 0.86343420 0.87876308 0.89165771 0.88054907 0.87630653 0.87994027 0.89041770 0.89214373 0.87822497 0.85642445 0.85609543 0.87120295 0.89668894 0.87132108 0.85011899 0.84989595 0.85091150 0.78841591 0.71872002 0.70834279 0.86861682 1.15825653 1.36567760 1.22715962 0.54874742 0.00000000 0.00000000 0.00000000 0.00000000 0.00000000 0.00000000 0.00000000 0.00000000 0.00000000 0.00000000 0.00000000 0.00000000 0.00000000 0.00000000 0.00000000 0.00000000 0.00000000 0.00000000 0.00000000 0.00000000 0.00000000 0.00000000 0.00000000 0.00000000 0.00000000 0.00000000 0.00000000
0.00000000 0.00000000 0.00000000 0.00000000 0.00000000 0.00000000 0.00000000 0.23057030 0.49985772 0.69561559 0.79494554 0.83024329 0.84233904 0.83727235 0.83482760 0.84640741 0.86905110 0.88725924 0.94023371 0.96261752 0.86728179 0.53963709 0.08784644 0.00000000 0.00000000 0.00000000 0.00000000 0.00000000 0.00000000 0.00000000 0.00000000 0.00000000 0.00000000 0.00000000 0.00000000 0.00000000 0.00000000 0.00000000 0.00000000 0.00000000 0.00000000 0.00000000 0.00000000 0.00000000 0.00000000 0.00000000 0.00000000 0.00000000 0.00000000 0.00397468 0.02030027 0.02023837 0.00627297 0.02866292 0.04062590 0.05930896 0.09291600 0.15165593 0.19305287 0.22379385 0.27010304 0.30528665 0.33755970 0.34184986 0.36268151 0.39840591 0.46770072 0.52779400 0.56368941 0.63246530 0.75345564 0.86710346 0.89216542 0.84211516 0.78259945 0.74767143 0.73419619 0.73212987 0.74130434 0.75152510 0.73789012 0.73095047 0.75818223 0.80825502 0.83770669 0.85929811 0.86553705 0.90134692 0.90971470 0.88132477 0.82100999 0.81207055 0.87476659 1.02777302 1.26803780 1.18403566 0.58213073 0.00000000 0.00000000 0.00000000 0.00000000 0.00000000 0.00000000 0.00000000 0.00000000 0.00000000 0.00000000 0.00000000 0.00000000 0.00000000 0.00000000 0.00000000 0.00000000 0.00000000 0.00000000 0.00000000 0.00000000 0.00000000 0.00000000 0.00000000 0.00000000 0.00000000 0.00000000 0.00000000
0.00000000 0.00000000 0.00000000 0.00000000 0.00000000 0.00000000 0.00000000 0.00000000 0.00000000 0.23794971 0.41665995 0.52475721 0.57581663 0.62744725 0.71040994 0.82626349 0.85184371 0.73713678 0.54741436 0.27267218 0.00000000 0.00000000 0.00000000 0.00000000 0.00000000 0.00000000 0.00000000 0.00000000 0.00000000 0.00000000 0.00000000 0.00000000 0.00000000 0.00000000 0.00000000 0.00000000 0.00000000 0.00000000 0.00000000 0.00000000 0.00000000 0.00000000 0.00000000 0.00000000 0.00000000 0.00000000 0.00000000 0.00000000 0.00000000 0.00000000 0.00000000 0.00000000 0.00000000 0.00000000 0.00000000 0.00000000 0.00000000 0.00000000 0.00000000 0.00000000 0.00000000 0.00000000 0.00000000 0.00000000 0.00000000 0.00000000 0.00000000 0.00000000 0.00000000 0.03045373 0.30912739 0.48116958 0.47253013 0.31675768 0.19519861 0.15175255 0.13957344 0.12129848 0.12357916 0.13130073 0.16847141 0.19163527 0.22834615 0.23693989 0.28407121 0.41191190 0.53060043 0.59326309 0.63002998 0.60332870 0.55314505 0.54662228 0.61189961 0.63850272 0.73428077 0.77478695 0.46455079 0.01301134 0.00000000 0.00000000 0.00000000 0.00000000 0.00000000 0.00000000 0.00000000 0.00000000 0.00000000 0.00000000 0.00000000 0.00000000 0.00000000 0.00000000 0.00000000 0.00000000 0.00000000 0.00000000 0.00000000 0.00000000 0.00000000 0.00000000 0.00000000 0.00000000 0.00000000 0.00000000
0.00000000 0.00000000 0.00000000 0.00000000 0.00000000 0.00000000 0.00000000 0.00000000 0.00000000 0.00000000 0.00000000 0.00000000 0.00000000 0.08376737 0.21694951 0.25988656 0.09475948 0.00000000 0.00000000 0.00000000 0.00000000 0.00000000 0.00000000 0.00000000 0.00000000 0.00000000 0.00000000 0.00000000 0.00000000 0.00000000 0.00000000 0.00000000 0.00000000 0.00000000 0.00000000 0.00000000 0.00000000 0.00000000 0.00000000 0.00000000 0.00000000 0.00000000 0.00000000 0.00000000 0.00000000 0.00000000 0.00000000 0.00000000 0.00000000 0.00000000 0.00000000 0.00000000 0.00000000 0.00000000 0.00000000 0.00000000 0.00000000 0.00000000 0.00000000 0.00000000 0.00000000 0.00000000 0.00000000 0.00000000 0.00000000 0.00000000 0.00000000 0.00000000 0.00000000 0.00000000 0.00000000 0.00000000 0.00000000 0.00000000 0.00000000 0.00000000 0.00000000 0.00000000 0.00000000 0.00000000 0.00000000 0.00000000 0.00000000 0.00000000 0.00000000 0.00000000 0.00000000 0.00000000 0.00000000 0.00000000 0.00000000 0.00000000 0.00000000 0.00000000 0.00000000 0.16450875 0.13585819 0.00000000 0.00000000 0.00000000 0.00000000 0.00000000 0.00000000 0.00000000 0.00000000 0.00000000 0.00000000 0.00000000 0.00000000 0.00000000 0.00000000 0.00000000 0.00000000 0.00000000 0.00000000 0.00000000 0.00000000 0.00000000 0.00000000 0.00000000 0.00000000 0.00000000 0.00000000 0.00000000
0.00000000 0.00000000 0.00000000 0.00000000 0.00000000 0.00000000 0.00000000 0.00000000 0.00000000 0.00000000 0.00000000 0.00000000 0.00000000 0.00000000 0.00000000 0.00000000 0.00000000 0.00000000 0.00000000 0.00000000 0.00000000 0.00000000 0.00000000 0.00000000 0.00000000 0.00000000 0.00000000 0.00000000 0.00000000 0.00000000 0.00000000 0.00000000 0.00000000 0.00000000 0.00000000 0.00000000 0.00000000 0.00000000 0.00000000 0.00000000 0.00000000 0.00000000 0.00000000 0.00000000 0.00000000 0.00000000 0.00000000 0.00000000 0.00000000 0.00000000 0.00000000 0.00000000 0.00000000 0.00000000 0.00000000 0.00000000 0.00000000 0.00000000 0.00000000 0.00000000 0.00000000 0.00000000 0.00000000 0.00000000 0.00000000 0.00000000 0.00000000 0.00000000 0.00000000 0.00000000 0.00000000 0.00000000 0.00000000 0.00000000 0.00000000 0.00000000 0.00000000 0.00000000 0.00000000 0.00000000 0.00000000 0.00000000 0.00000000 0.00000000 0.00000000 0.00000000 0.00000000 0.00000000 0.00000000 0.00000000 0.00000000 0.00000000 0.00000000 0.00000000 0.00000000 0.00000000 0.00000000 0.00000000 0.00000000 0.00000000 0.00000000 0.00000000 0.00000000 0.00000000 0.00000000 0.00000000 0.00000000 0.00000000 0.00000000 0.00000000 0.00000000 0.00000000 0.00000000 0.00000000 0.14858620 0.23657928 0.21954830 0.17942689 0.13413183 0.06693898 0.00267656 0.00000000 0.05793275 0.09916319
0.00000000 0.00000000 0.00000000 0.00000000 0.00000000 0.00000000 0.00000000 0.00000000 0.00000000 0.00000000 0.00000000 0.00000000 0.00000000 0.00000000 0.00000000 0.00000000 0.00000000 0.00000000 0.00000000 0.00000000 0.00000000 0.00000000 0.00000000 0.00000000 0.00000000 0.00000000 0.00000000 0.00000000 0.00000000 0.00000000 0.00000000 0.00000000 0.00000000 0.00000000 0.00000000 0.00000000 0.00000000 0.00000000 0.00000000 0.00000000 0.00000000 0.00000000 0.00000000 0.00000000 0.00000000 0.00000000 0.00000000 0.00000000 0.00000000 0.00000000 0.00000000 0.00000000 0.00000000 0.00000000 0.00000000 0.00000000 0.00000000 0.00000000 0.00000000 0.00000000 0.00000000 0.00000000 0.00000000 0.00000000 0.00000000 0.00000000 0.00000000 0.00000000 0.00000000 0.00000000 0.00000000 0.00000000 0.00000000 0.00000000 0.00000000 0.00000000 0.00000000 0.00000000 0.00000000 0.00000000 0.00000000 0.00000000 0.00000000 0.00000000 0.00000000 0.00000000 0.00000000 0.00000000 0.00000000 0.00000000 0.00000000 0.00000000 0.00000000 0.00000000 0.00000000 0.00000000 0.00000000 0.00000000 0.00000000 0.00000000 0.00000000 0.00000000 0.00000000 0.00000000 0.00000000 0.00000000 0.00000000 0.00000000 0.00000000 0.00000000 0.00000000 0.00000000 0.00000000 0.00000000 0.14324690 0.39411503 0.43344992 0.33272094 0.21017112 0.13018377 0.03717402 0.04966632 0.09847756 0.19302936
