0.54866278 0.55351883 0.55405778 0.55904216 0.56059277 0.56153190 0.55510962 0.56000024 0.56376970 0.56086457 0.56416517 0.56320429 0.56138605 0.55888736 0.56896544 0.56850237 0.56414062 0.57034165 0.57976252 0.57824969 0.57796293 0.58170068 0.57595968 0.57917279 0.58047068 0.58300877 0.58562642 0.59172535 0.58606136 0.58434170 0.59305233 0.60088211 0.59407419 0.58653295 0.59508991 0.59795272 0.60147923 0.59834820 0.59448594 0.60262209 0.59794068 0.59912741 0.60355818 0.60100126 0.60446918 0.60541523 0.61060679 0.60850346 0.61453021 0.61451709 0.61800951 0.62409925 0.62170076 0.62085307 0.61287022 0.61947012 0.61662841 0.61003667 0.61580878 0.61101866 0.60673398 0.61599189 0.61067343 0.61753654 0.60837090 0.60825413 0.61238492 0.61599547 0.61327267 0.60992026 0.60441560 0.60805321 0.60111976 0.59787577 0.59520978 0.58987135 0.59506583 0.60025120 0.59302729 0.60318041 0.59817749 0.58581239 0.59224659 0.58780211 0.58023798 0.57312202 0.57704705 0.59618920 0.61201143 0.42355263 0.43089235 0.36071056 0.21219195 0.13015167 0.33532727 0.28083420 0.30896008 0.50988096 0.57514983 0.59313339 0.59297007 0.59830785 0.60006911 0.59957713 0.60948914 0.60553658 0.60575074 0.60907209 0.60580355 0.61176372 0.61275250 0.61311018 0.61880046 0.61721319 0.61356020 0.62812483 0.67081499 0.57750398 0.44109917 0.64593756 0.41645044 0.28774291 0.50015390 0.64257926
0.54932356 0.55436647 0.54792684 0.55069900 0.55520791 0.55029142 0.55492228 0.55529952 0.55518800 0.55646044 0.55651003 0.55458611 0.56415766 0.56154865 0.55558431 0.56464148 0.56397444 0.56693602 0.56455809 0.56845552 0.56765515 0.57639849 0.57962918 0.57416230 0.57571113 0.58357644 0.58039719 0.57377434 0.58535361 0.58637983 0.58051634 0.57791078 0.59111911 0.59218460 0.58882332 0.59097481 0.58552825 0.59131795 0.58430511 0.59281021 0.60409462 0.59227562 0.59421891 0.60150272 0.59741187 0.59397614 0.59130412 0.59879792 0.59537530 0.59902328 0.60125864 0.59905076 0.60019004 0.60471427 0.61128235 0.59904331 0.59959471 0.60402006 0.59386981 0.60125732 0.60339636 0.59660745 0.59245688 0.59633237 0.59967607 0.60386223 0.59803289 0.59562707 0.59417903 0.60294956 0.60044402 0.60069931 0.59703016 0.58715236 0.59460026 0.59155923 0.58653349 0.58751422 0.58425015 0.58003694 0.58858341 0.58435500 0.57875019 0.57620263 0.57485217 0.57677120 0.57815087 0.62535059 0.44368666 0.38766241 0.23103507 0.00003380 -0.02777354 -0.03871521 -0.03318433 0.31677371 0.33923018 0.33762711 0.51472175 0.57722867 0.59097284 0.59141141 0.58624989 0.58315653 0.59041280 0.59123206 0.59626383 0.59361464 0.60815102 0.60222578 0.60736829 0.61101878 0.60292846 0.60430431 0.64494163 0.64466405 0.56633472 0.44714475 0.51939988 0.28652501 0.32880449 0.36061257 0.55804831 0.62176257
0.55278552 0.55268782 0.55332679 0.55689502 0.55734229 0.55668569 0.55572164 0.55726981 0.55606765 0.55717003 0.56688595 0.56386197 0.55336875 0.56843436 0.56347907 0.56468344 0.56962514 0.57061321 0.57659864 0.57577246 0.58103859 0.57404786 0.57496053 0.58628750 0.58781731 0.58185631 0.58457381 0.59259832 0.58663154 0.57893032 0.59659392 0.59494400 0.59099364 0.59540105 0.59255064 0.59342742 0.59901464 0.59488344 0.60249352 0.59613091 0.59516376 0.61167145 0.60881412 0.60283923 0.60269779 0.60389507 0.60925174 0.60543543 0.61550748 0.61282945 0.61683619 0.61870527 0.61812371 0.61054593 0.61175466 0.61286843 0.61478168 0.61333108 0.61690086 0.61163849 0.60824198 0.61201519 0.61352825 0.61622608 0.61164129 0.60436684 0.60671544 0.61702842 0.61242205 0.60808158 0.60792387 0.60169208 0.60101265 0.59559417 0.59488922 0.59557950 0.59871554 0.59584653 0.59983128 0.60641003 0.59329212 0.59179318 0.59199685 0.58907461 0.58685195 0.57762790 0.63048732 0.49662846 0.34619737 0.27831674 0.02570803 -0.33560997 -0.56559104 -0.31084585 -0.11106087 -0.08579094 0.19508164 0.30708611 0.38031507 0.53369182 0.58765435 0.59306002 0.60097247 0.59761214 0.59969515 0.59677923 0.60304815 0.60089958 0.60972440 0.61514640 0.61159587 0.61195642 0.62892181 0.66551363 0.59996146 0.54687560 0.38302457 0.23854055 0.23482005 0.17281245 0.12745230 0.27635121 0.53455323 0.52256536
0.54737794 0.54945648 0.54807800 0.55089080 0.54808980 0.55160469 0.54916644 0.54374713 0.55440205 0.55700541 0.54961842 0.55443299 0.56090117 0.55696344 0.55790436 0.56434023 0.56830102 0.56842661 0.56964284 0.56965250 0.56464225 0.58116579 0.57716548 0.56830490 0.57826191 0.58342069 0.57661557 0.57426548 0.57961196 0.58216172 0.57788074 0.58632207 0.59018952 0.58648586 0.59060413 0.58893442 0.58698416 0.58539569 0.58740664 0.59570408 0.59833223 0.59177482 0.59261656 0.59884870 0.59707326 0.59804761 0.59557724 0.59810847 0.60091764 0.60003817 0.59865946 0.60580838 0.60773188 0.60562819 0.60349554 0.60342628 0.60370231 0.59726053 0.59695709 0.61036295 0.60646856 0.59984511 0.59674269 0.59378308 0.59862608 0.60325229 0.61083150 0.59977591 0.60652632 0.60381114 0.60032862 0.59472495 0.59365016 0.58924776 0.59523135 0.59069431 0.58406448 0.59133232 0.58368343 0.57589734 0.58758479 0.57380533 0.57268500 0.57793736 0.57377213 0.57874364 0.60787386 0.34913814 0.37573630 0.10013063 -0.40116382 -0.58573812 -0.57344228 -0.69344515 -0.37195796 -0.09418370 -0.00310951 0.17224206 0.30528748 0.40747309 0.52749759 0.58362216 0.58674347 0.58231026 0.59256333 0.59144652 0.59027141 0.60249984 0.59634668 0.60342914 0.60430151 0.65287632 0.63313937 0.54810840 0.49947745 0.26562876 0.18275727 0.18796341 -0.14811860 -0.15209173 0.09384154 0.29422170 0.42110580 0.46583748
0.54456222 0.55669618 0.55756474 0.55127466 0.55121565 0.54763979 0.55579913 0.55895507 0.55571157 0.55256534 0.56140554 0.55969626 0.56217366 0.57642251 0.57423693 0.57315654 0.57379407 0.56531829 0.56059641 0.58305854 0.58505601 0.56681675 0.58161962 0.59499753 0.57263231 0.58911431 0.59354234 0.58238959 0.58247775 0.58606172 0.58965951 0.58788252 0.59002978 0.58951491 0.59374815 0.59548408 0.59021789 0.59836775 0.59896082 0.59400779 0.59879053 0.60488433 0.59958684 0.59690201 0.59699267 0.59600914 0.60250491 0.60528117 0.60719115 0.60760343 0.61555469 0.60832494 0.60633731 0.60542262 0.60614228 0.61059994 0.60437942 0.61622220 0.61053771 0.60203081 0.60779136 0.60425740 0.60733014 0.60897058 0.60646266 0.59766495 0.59954298 0.61145151 0.60106295 0.60103440 0.59880972 0.59468991 0.59828186 0.59381157 0.59471059 0.59892529 0.59838849 0.59786832 0.59892833 0.59255648 0.59031427 0.59582430 0.59016728 0.57961589 0.57084620 0.61177391 0.45628303 0.38060707 0.11214252 -0.26275602 -0.64960402 -0.83615392 -0.82514203 -0.70247644 -0.71520555 -0.43676221 -0.09437814 0.03712223 0.20321436 0.35613972 0.44432813 0.55234045 0.58839315 0.58458197 0.58873355 0.59250218 0.59098083 0.60107297 0.60966915 0.60346383 0.66654778 0.60898429 0.52241063 0.41156477 0.24682711 0.17922126 -0.04231912 -0.45816189 -0.32907712 -0.16000789 0.05558932 0.25086713 0.36288476 0.44844383
0.55278540 0.54736984 0.55392402 0.55106503 0.55118430 0.55262882 0.55064362 0.54582393 0.56889415 0.59710753 0.53251684 0.56278282 0.48645675 0.39437050 0.36041343 0.40059179 0.46939647 0.56418508 0.59896994 0.45561773 0.49151891 0.61153787 0.58273590 0.51327199 0.63300371 0.50606602 0.45039123 0.58268487 0.59295249 0.58573157 0.58720642 0.58885360 0.58667308 0.59247714 0.59037852 0.59003520 0.59087479 0.58889538 0.59614360 0.60006565 0.59365875 0.59680438 0.60090911 0.60246885 0.60019809 0.59866101 0.60552359 0.59858286 0.60160172 0.60381877 0.60435939 0.60947728 0.60817575 0.61576378 0.61150062 0.60829496 0.61290938 0.60316533 0.60992903 0.61125749 0.60477519 0.60401601 0.60983551 0.61090964 0.60819709 0.61593199 0.61352402 0.61308944 0.60673732 0.60176522 0.60552812 0.60115832 0.59543663 0.60136032 0.59458864 0.59478110 0.59422392 0.58814013 0.58534276 0.59096360 0.58442670 0.57826519 0.57242519 0.58083773 0.57750165 0.60624731 0.43039453 0.20904912 -0.10716566 -0.39611959 -0.79220968 -0.90712309 -0.89527106 -0.84867352 -0.75779253 -0.68053323 -0.42480022 -0.08065552 0.04065067 0.23728342 0.38182479 0.47588867 0.56427568 0.58824492 0.58767301 0.58080822 0.59306490 0.58913320 0.57402927 0.62427008 0.53354621 0.34369230 0.22999497 0.20445822 0.05699982 -0.37612355 -0.62477249 -0.58478284 -0.39537713 -0.26880878 -0.09182008 0.08539690 0.25927389 0.42532265
0.55077171 0.55330515 0.55064303 0.55263972 0.55235380 0.55219460 0.55329806 0.58154052 0.62558335 0.44203347 0.56794357 0.50279659 0.35539550 0.34991002 0.63080096 0.56391323 0.16337626 0.39429629 0.68025392 0.42401797 0.40248650 0.62137097 0.58937246 0.48992366 0.63350636 0.58754820 0.43736053 0.58443701 0.58890498 0.58529395 0.59156990 0.60264111 0.59489381 0.58647287 0.58697748 0.58952004 0.59230709 0.60305679 0.59289044 0.58691823 0.59161067 0.59138232 0.59119534 0.58811766 0.59904218 0.59872615 0.59348530 0.60003912 0.60320646 0.60738933 0.60461473 0.60890412 0.60052353 0.60205823 0.60263324 0.60254997 0.60511231 0.60720754 0.59813321 0.60052538 0.60593092 0.60438597 0.60143226 0.60316503 0.59971178 0.59970206 0.60378343 0.59703290 0.59881318 0.60025376 0.59383959 0.59490436 0.59422761 0.59342861 0.59232295 0.59430081 0.58758694 0.59206223 0.58804810 0.58007288 0.58115792 0.58618677 0.57750362 0.57035518 0.57057238 0.54586464 0.31923950 0.03322792 -0.21193613 -0.52659923 -0.87049550 -0.89550400 -0.82993132 -0.86017942 -0.78544921 -0.72449279 -0.61104792 -0.30590245 -0.03697692 0.10438038 0.21899946 0.27484798 0.31769073 0.32615858 0.34651977 0.34358674 0.36280990 0.32714844 0.30552900 0.30117136 0.18843402 0.14608227 0.16655065 -0.12951146 -0.58254486 -0.68566495 -0.71501094 -0.65125674 -0.48156720 -0.32679707 -0.19587396 0.03825551 0.28426558 0.46127278
0.55171204 0.54785424 0.55647033 0.55572170 0.55373698 0.55487448 0.55911011 0.64409000 0.36863172 0.41132092 0.37509030 0.18188454 0.36344349 0.35976332 0.15356521 0.66192895 0.36609143 0.24265479 0.58880460 0.36404580 0.40919191 0.47800684 0.40127796 0.59145117 0.49526411 0.56231320 0.54666114 0.57760513 0.53974277 0.60258240 0.52858633 0.51536149 0.61145413 0.58678442 0.57554567 0.60360855 0.54885113 0.50509882 0.57391435 0.60834670 0.59717882 0.59621567 0.59674883 0.59692484 0.59600639 0.59556347 0.60642195 0.60595411 0.59781796 0.60359114 0.60240287 0.60917759 0.61305028 0.60843742 0.60629779 0.61465198 0.60334957 0.60622996 0.61655933 0.60227090 0.60527515 0.60783136 0.61463708 0.60891819 0.60715896 0.61051649 0.60573542 0.61113799 0.60325277 0.60111636 0.60511887 0.60192770 0.59876192 0.60267156 0.60043222 0.59780276 0.59216779 0.59228450 0.58994353 0.58916140 0.58718675 0.57731164 0.57271606 0.57577068 0.57982159 0.52345496 0.19051896 -0.03889829 -0.25741571 -0.70963186 -0.84943831 -0.92082232 -0.89473456 -0.91901487 -0.92112893 -0.84176290 -0.72016740 -0.54231650 -0.25273216 0.00486377 0.17607899 0.29294610 0.34591156 0.34308648 0.32669592 0.35561979 0.30601650 0.29447401 0.24916704 0.15510149 0.14806838 0.01332809 -0.41040844 -0.69315773 -0.72430623 -0.80534476 -0.80405551 -0.69778562 -0.60581195 -0.47591627 -0.20843923 0.05461106 0.26309043 0.46709055
0.55587697 0.55870825 0.55237061 0.55265659 0.55185419 0.55246699 0.58494818 0.52457243 0.21613882 0.53970861 0.43396950 -0.04727712 -0.24261510 0.11808316 0.28417206 0.08679803 0.28483993 0.34175843 0.46436083 0.21687831 0.10587822 0.48321754 0.23412730 0.09833606 0.62609911 0.24155281 0.16615964 0.63342178 0.35190237 0.27668667 0.45407194 0.36521137 0.32694322 0.58114910 0.58803064 0.28344148 0.36162853 0.39231271 0.25774086 0.46358949 0.59579158 0.59045905 0.59729713 0.59676212 0.60189074 0.60419726 0.60170919 0.60187221 0.60014892 0.61024243 0.60811824 0.60786939 0.59178752 0.60075915 0.60481691 0.59991986 0.60110372 0.60343796 0.60322183 0.61029088 0.61293298 0.60842371 0.60224986 0.60743070 0.60240859 0.60586405 0.60266840 0.59768015 0.60026371 0.59527928 0.59587711 0.59778917 0.59215844 0.59164131 0.58422559 0.58001471 0.58959955 0.58491528 0.58061963 0.58296204 0.57722318 0.57822156 0.57164508 0.56937325 0.60442847 0.41189563 0.12595235 -0.12294617 -0.36304486 -0.78453314 -0.75663292 -0.78334063 -0.78075439 -0.74033362 -0.84548616 -0.89430904 -0.87459844 -0.75908530 -0.61489642 -0.43916559 -0.31939304 -0.28370461 -0.25248870 -0.23244697 -0.23122433 -0.23662767 -0.26880544 -0.27054602 -0.29108787 -0.28982943 -0.44902712 -0.71887064 -0.75567150 -0.76642907 -0.88251895 -0.90653157 -0.83948547 -0.80310124 -0.64312899 -0.42716876 -0.20302230 0.07009856 0.32411116 0.50336170
0.55347562 0.54758608 0.55109072 0.55710655 0.55778837 0.55436945 0.56960618 0.41320914 0.48688400 0.39758569 0.11262988 -0.03197820 0.39884043 0.20721619 0.37301385 0.51352978 0.14388333 -0.13222179 0.40372175 0.38451117 0.12670283 0.78995174 0.74911261 0.09146573 0.48972279 0.66969645 0.18657319 0.64830667 0.54667449 0.24927245 0.80576020 0.73372835 0.13549860 0.49816620 0.57315969 0.49679774 0.50202775 0.89482105 0.58899271 0.35320735 0.59962124 0.59147704 0.59580070 0.59409755 0.59158790 0.60031945 0.59885651 0.60382628 0.59865189 0.60245889 0.59860647 0.60262179 0.60878831 0.60459709 0.60323727 0.59993476 0.59943527 0.59798861 0.60148400 0.60023707 0.59685385 0.60227829 0.59987670 0.60227555 0.59546769 0.59338963 0.60158002 0.59692597 0.59443164 0.60129762 0.59771979 0.59386933 0.58723277 0.59216559 0.59201342 0.59294158 0.58450258 0.58537006 0.57567155 0.57654935 0.57192284 0.57022625 0.56172109 0.59373266 0.54667455 0.27333373 0.09832303 -0.27440810 -0.59808666 -0.79343665 -0.80442768 -0.80658066 -0.89435536 -0.94819742 -0.96258867 -0.93609279 -0.87287080 -0.77118099 -0.65604395 -0.55474597 -0.43340683 -0.36868131 -0.36015508 -0.36821604 -0.37552780 -0.38472480 -0.34025151 -0.36542779 -0.44620126 -0.57238203 -0.68956620 -0.71441972 -0.81937802 -0.93294436 -0.95928150 -0.92174697 -0.89620990 -0.80101550 -0.62473178 -0.42388046 -0.16707358 0.13416596 0.37895006 0.52411157
0.55157793 0.55812448 0.55774945 0.55237710 0.55133092 0.56312031 0.54112750 0.49763864 0.13792600 0.01865530 0.14208435 -0.22646940 0.14144520 0.39876878 0.09185137 0.06061140 0.22563724 0.12892278 0.06077226 -0.10727522 -0.16770813 -0.12863076 -0.09822275 0.07470532 0.21884902 -0.11929936 -0.12984163 0.25289911 -0.04962897 -0.13775824 -0.00272715 0.13127749 0.12522735 0.23261566 0.24766819 -0.03825012 -0.19300632 -0.08923727 0.13971473 0.29407477 0.59543782 0.59965557 0.59556878 0.59767550 0.60364151 0.60540116 0.59648252 0.60661608 0.60643375 0.59956819 0.60079533 0.59693414 0.59750998 0.59521991 0.59470081 0.59867185 0.60508829 0.59784228 0.60675681 0.60393888 0.60370600 0.60002667 0.60015643 0.59178507 0.59848481 0.59901333 0.58973485 0.59679639 0.59462833 0.58892208 0.58750844 0.59191120 0.58333778 0.58655059 0.58106160 0.58070886 0.57617718 0.58193386 0.58343935 0.57889813 0.57227266 0.56445676 0.59115887 0.57864302 0.38646919 0.23518367 -0.03703567 -0.39999062 -0.63765860 -0.73114938 -0.65454870 -0.71093005 -0.72520065 -0.66710687 -0.86074495 -0.98610145 -0.97227991 -0.94635034 -0.87862986 -0.83300871 -0.79264188 -0.74955261 -0.73362905 -0.72439289 -0.72696549 -0.70723754 -0.79132473 -0.83687818 -0.83287889 -0.88551259 -0.94436795 -0.96556145 -0.97113109 -0.96575946 -0.94427532 -0.91617912 -0.86832231 -0.76381165 -0.55705762 -0.34372529 -0.09511681 0.20779519 0.40737444 0.52415681
0.55178428 0.55145860 0.55331075 0.55857235 0.55629289 0.55279028 0.54370344 0.34319413 0.05732898 0.25517809 0.36624521 -0.01794325 0.32377267 0.41136789 0.43504018 0.25561666 0.02328630 0.11829700 0.28864765 -0.10699155 -0.05379891 0.58975804 0.55492258 -0.16071609 0.32310951 0.34365249 0.01932165 0.51451701 -0.01897855 -0.01022764 0.58683217 0.64783251 0.09447549 0.34250468 0.16956164 -0.08113544 0.28778636 0.62928540 0.39621025 0.17635711 0.60213476 0.59143960 0.59460860 0.60074335 0.59734416 0.59820658 0.60517401 0.59774208 0.59659666 0.60346621 0.60183847 0.60228825 0.59910828 0.59639180 0.60004181 0.59801358 0.59125340 0.59121233 0.59451324 0.59907371 0.59052104 0.59183097 0.59504414 0.59518766 0.58549643 0.59343797 0.59666812 0.58987248 0.58856761 0.59171832 0.58475298 0.58433837 0.58012408 0.58122689 0.57780170 0.57251823 0.57812256 0.56831354 0.56349969 0.56299019 0.56695312 0.55492961 0.58062774 0.43788773 0.33869463 0.10570787 -0.21134028 -0.61626250 -0.82047099 -0.85273141 -0.79208577 -0.71953809 -0.86850274 -0.94864184 -0.96517503 -0.96091700 -0.98767734 -0.98290682 -0.98068547 -1.00053203 -1.00515485 -1.00427377 -0.99791121 -0.99035740 -0.98591256 -0.97556269 -0.96346754 -0.95684260 -0.96922201 -0.96532923 -0.96372080 -0.97125721 -0.98149830 -0.98402119 -0.95004523 -0.92326689 -0.88425016 -0.72677416 -0.52437919 -0.28730553 -0.02584797 0.24122395 0.43533945 0.55648714
0.55992144 0.56138474 0.55716890 0.55584276 0.56140685 0.57057041 0.50088388 0.25166708 0.33112603 0.04807697 0.44781131 0.15456416 0.36333823 0.46199632 0.51838386 0.42766583 0.11997361 -0.27810168 -0.01522784 -0.01745106 -0.19968642 -0.06503433 0.16089635 -0.12399950 0.01934065 0.04685256 -0.46749097 0.03474259 0.02487317 -0.18797037 0.14025255 0.33257830 -0.43760896 -0.03051691 0.18965919 -0.01444067 -0.14010483 0.00560744 0.26369506 0.18661080 0.59138566 0.59488177 0.60002643 0.59851193 0.60227394 0.60112607 0.60114819 0.60117316 0.60417265 0.59509468 0.60125715 0.59438014 0.59570593 0.60175967 0.59521902 0.58846784 0.59835774 0.59763002 0.59074503 0.59043372 0.59047031 0.59303808 0.58481377 0.58401364 0.59111130 0.58139110 0.58817291 0.59001225 0.58124596 0.58295000 0.58218735 0.57860374 0.57930404 0.57390690 0.57320243 0.57556540 0.57230425 0.57328755 0.57401848 0.56981480 0.55572158 0.58241183 0.52064145 0.34822494 0.27854973 -0.16480544 -0.53367567 -0.75251240 -0.83812869 -0.68448430 -0.76103818 -0.83198357 -0.74414623 -0.73239583 -0.89942521 -0.97172552 -0.96686119 -0.98832560 -0.97666341 -0.97742051 -0.98380041 -0.97326648 -0.97367251 -0.96426225 -0.94854784 -0.94837403 -0.93977582 -0.93187714 -0.94555986 -0.95796937 -0.96072632 -0.96666920 -0.97411609 -0.96983832 -0.96111071 -0.89784330 -0.83417398 -0.69918436 -0.44265789 -0.20145546 0.04523332 0.27795863 0.43633974 0.54260671
0.54424018 0.54851931 0.55700487 0.55293059 0.54853743 0.55605638 0.49860275 0.18624879 0.45076889 0.10070093 0.23509111 0.50977451 0.21473278 -0.00118302 0.39445019 0.06136355 -0.13320002 0.04394881 0.26641935 -0.17198639 -0.01741968 0.11919467 0.02810596 -0.18578905 -0.02402575 -0.12380865 -0.20574012 0.27890629 -0.18564191 0.00825927 0.08868708 -0.05988681 -0.13853405 0.23975106 -0.13030685 -0.72070420 -0.30065495 -0.12695660 0.06728481 0.15854828 0.58850795 0.59872127 0.59556669 0.59835160 0.59825844 0.60291314 0.59850323 0.59800941 0.60124165 0.59813726 0.59841317 0.59923524 0.59784484 0.60051888 0.59563869 0.59214699 0.59862131 0.59080768 0.59019578 0.59103757 0.58393967 0.58401507 0.58995020 0.58006960 0.58280182 0.59627247 0.58504874 0.58470690 0.57985485 0.58273447 0.57695764 0.57191384 0.57658732 0.58122033 0.56855303 0.57165384 0.56874460 0.56522685 0.55786067 0.55922908 0.55983019 0.57862967 0.44163978 0.32126611 -0.01726323 -0.35726038 -0.66240323 -0.81268728 -0.88486236 -0.92557186 -0.84839058 -0.81724912 -0.92381626 -0.96319282 -0.94056201 -0.99556941 -0.98597616 -0.96952194 -0.98051614 -1.00215256 -0.99724686 -1.00336838 -0.99526387 -0.98171782 -0.98727727 -0.95941305 -0.96010935 -0.95001853 -0.95282149 -0.95624262 -0.95256060 -0.96943015 -0.98711026 -0.96382207 -0.93755150 -0.89386672 -0.81520504 -0.62653589 -0.39591324 -0.14710525 0.13922553 0.34405136 0.46867239 0.56190044
0.56379145 0.56111133 0.55360854 0.55425674 0.56599176 0.56060410 0.52145678 0.31776571 0.19246660 0.25955439 0.20875196 0.21020170 0.44004691 0.60907215 0.38353914 0.17146550 0.14410807 0.07745390 0.27969879 0.05417252 0.27850384 0.08242156 0.06775829 0.13932745 -0.12093484 0.18980478 0.05097087 0.29677236 0.04250000 0.29973662 0.11862223 0.36662251 0.30327392 0.03903399 0.13603522 0.22184281 0.37104934 0.28654182 0.46228153 0.36627650 0.59582996 0.60015851 0.60153788 0.59797281 0.60792214 0.60551846 0.60659957 0.60403466 0.60633594 0.60814875 0.60913819 0.59924901 0.59837234 0.59609437 0.59671420 0.59106123 0.59096885 0.59632707 0.59536779 0.59721708 0.59471303 0.58960980 0.58799839 0.59264511 0.58681858 0.58136034 0.57864016 0.58031088 0.58325100 0.58298641 0.57372814 0.57985032 0.57337552 0.56876445 0.57002121 0.56980628 0.56663615 0.56897485 0.56845802 0.55372298 0.58865398 0.49303299 0.31900245 0.12296431 -0.25695261 -0.61979675 -0.85479736 -0.94309503 -0.92839283 -0.85102475 -0.88192117 -0.88564873 -0.83005297 -0.90296364 -0.96625954 -0.95684409 -0.98049355 -1.01402330 -1.00490415 -1.00579941 -1.01222169 -1.00289178 -0.99892080 -0.98068917 -0.98204702 -0.96692276 -0.94942725 -0.95663875 -0.95949847 -0.97278732 -0.98472571 -0.98411155 -0.98984492 -0.98431700 -0.92285401 -0.85099697 -0.76664019 -0.56279677 -0.30022186 -0.08104491 0.21097563 0.40404940 0.50410885 0.57459879
0.54676843 0.55506432 0.55032939 0.55633116 0.54999012 0.56287235 0.50317681 0.40123963 0.41124648 -0.03674383 0.08169849 0.10937826 -0.06815261 0.07398249 0.04182678 -0.23427670 0.08754767 0.29091889 0.21635373 -0.01663586 0.28238547 0.14351572 -0.05264932 0.13250394 -0.09663189 0.05484128 0.10847960 0.22494696 -0.01561831 0.30057770 0.26771313 -0.12980932 -0.33917022 -0.08970514 -0.17392121 -0.40669119 -0.11839804 -0.24356349 0.08122005 0.37867427 0.60087383 0.60199428 0.60428321 0.60555816 0.60118288 0.59899014 0.60339034 0.60677868 0.60248917 0.60010499 0.60101932 0.60406077 0.59940314 0.60495555 0.60158962 0.59985143 0.59900993 0.59243238 0.58826798 0.58518994 0.58510089 0.59036911 0.58961225 0.58738226 0.58633256 0.59015709 0.58960247 0.58345699 0.57612914 0.57563084 0.57569927 0.56920141 0.57799208 0.57455361 0.56903791 0.56927216 0.56994987 0.56525254 0.55981714 0.58339781 0.55647218 0.39343840 0.26371288 -0.11210276 -0.45087504 -0.72001559 -0.92323506 -0.95874107 -0.97472638 -0.94004440 -0.91398430 -0.96923441 -0.98357362 -0.94399673 -0.96024048 -1.01907039 -1.00631666 -0.99319786 -1.01571715 -1.01797998 -1.01607668 -1.00732124 -1.00915170 -0.99282056 -0.97789037 -0.96664149 -0.94787902 -0.95952243 -0.95501363 -0.94840091 -0.95946944 -0.97861290 -0.97571379 -0.96287626 -0.90311891 -0.84312952 -0.64774257 -0.47133106 -0.28001213 -0.00577006 0.29168826 0.42471474 0.52517498 0.58288324
0.55946976 0.55461287 0.55008572 0.55352950 0.55727351 0.55991215 0.55687672 0.34666866 0.57760966 0.53969294 0.10361733 0.42413318 0.48664433 -0.03843634 0.24521379 0.38333029 0.31654078 0.31640893 0.37179571 0.37388843 0.41340709 0.27766407 0.28339350 0.32517034 0.22297923 0.34967244 0.29849076 0.38564318 0.38222390 0.42719048 0.24956517 0.36298597 0.35579890 0.32793307 0.45418876 0.17915727 0.21195225 0.40714872 0.54497147 0.53745103 0.60121125 0.60621250 0.60318506 0.60345668 0.61623353 0.61422318 0.60926151 0.61728078 0.61311430 0.61374801 0.61061734 0.60543895 0.60295188 0.59893847 0.60704291 0.60299724 0.59600770 0.60320818 0.60330319 0.60504842 0.60138482 0.59678769 0.58858365 0.59366709 0.59236145 0.59166574 0.58154875 0.58518523 0.58746946 0.58074516 0.58230329 0.57889783 0.56673068 0.57649887 0.57442725 0.57025981 0.56992632 0.56695026 0.57729268 0.59745181 0.40625602 0.33957481 0.08355795 -0.34649646 -0.69398719 -0.89398122 -0.98336416 -1.00409031 -0.93870342 -0.97460550 -1.00256801 -0.94158423 -0.94416344 -1.02285147 -1.01798129 -1.01124430 -1.02923608 -1.03309524 -1.03785646 -1.04407799 -1.03705502 -1.02100325 -1.01264191 -1.00062978 -0.98663318 -0.98206866 -0.98025143 -0.97019023 -0.97510672 -0.98786837 -0.99638683 -1.00129199 -1.00502694 -0.97260553 -0.88887751 -0.81871295 -0.61338645 -0.31384325 -0.14756210 0.04665440 0.38295615 0.51857948 0.57499778 0.61488569
0.55551356 0.56183845 0.56254435 0.55744398 0.55738997 0.56188184 0.57443732 0.51442277 0.26929897 0.40245998 0.41255647 0.02491266 -0.08026066 0.38580054 0.50937718 0.19220810 0.30885500 0.49624103 0.39804804 0.24782746 0.51302940 0.37942678 0.19109626 0.50094557 0.23545979 0.30977851 0.49780732 0.40569323 0.26226348 0.52705753 0.37018508 0.17710648 0.51918286 0.24817590 -0.04729022 0.28621775 0.50089639 0.27543145 0.41074586 0.58434206 0.60272831 0.60886931 0.60306174 0.60927498 0.60114390 0.60818517 0.61313927 0.60823220 0.60406524 0.60296655 0.61540192 0.60957003 0.60752654 0.60213733 0.60561788 0.60831529 0.60016304 0.59639919 0.60077697 0.59786922 0.59271348 0.60213494 0.60297090 0.59661496 0.59208399 0.59041607 0.58865333 0.58106118 0.58147621 0.58497339 0.57178622 0.57733792 0.58015805 0.57415289 0.57268548 0.57447183 0.57041121 0.56233138 0.59604424 0.45884323 0.37838066 0.20673536 -0.23131296 -0.58367395 -0.81992620 -0.96194828 -0.98713017 -1.00974286 -1.01945865 -0.99211627 -1.00161755 -1.03509450 -1.01818228 -1.00272429 -1.02935326 -1.04318988 -1.03549373 -1.04351187 -1.04529798 -1.03974462 -1.03964663 -1.03946877 -1.02425599 -1.01516414 -0.99760842 -0.98813903 -0.95551759 -0.97929621 -0.98395222 -0.96695286 -0.97264045 -0.98583168 -0.98827690 -0.97525710 -0.93412882 -0.78976625 -0.55375201 -0.34640482 -0.07038657 0.15819643 0.38868064 0.51398104 0.58030128 0.61061680
0.55347908 0.55176014 0.54989982 0.55399048 0.55588382 0.56141591 0.56366545 0.57392412 0.54694295 0.42085379 0.37069935 0.37768292 0.39965534 0.36036354 0.39519840 0.43452603 0.51785201 0.59620708 0.50692582 0.41029364 0.55631047 0.52803004 0.40651846 0.55876428 0.44830471 0.45474100 0.58167171 0.51719660 0.41981661 0.57949513 0.58536935 0.40733063 0.36901134 0.48348480 0.47649252 0.30702043 0.46629745 0.52992749 0.50273645 0.57595181 0.60995257 0.60724849 0.60492951 0.60937047 0.61287796 0.61447048 0.61398935 0.61509961 0.62120348 0.61757463 0.60597414 0.60238630 0.60597342 0.60221493 0.59869015 0.59139663 0.59749562 0.60081840 0.59594595 0.59714878 0.60132283 0.59537977 0.59299254 0.59525752 0.59443521 0.59275472 0.58848786 0.58855677 0.58243430 0.57427973 0.57669914 0.57132232 0.56708771 0.56962872 0.57247782 0.56625533 0.56170613 0.61405063 0.51824576 0.38150710 0.29105508 -0.15547845 -0.52291656 -0.76485652 -0.93234676 -0.99128908 -1.00883031 -1.01746953 -1.01351714 -1.03410733 -1.02298248 -1.02992976 -1.03724766 -1.03664136 -1.04959381 -1.04989254 -1.04188871 -1.04121017 -1.05243409 -1.04577196 -1.03582752 -1.02972269 -1.02166724 -1.01371276 -0.99199051 -1.00330257 -1.00509429 -0.97315854 -0.97994983 -0.98184639 -0.97874802 -0.98117852 -0.98275369 -0.97471094 -0.90735430 -0.82801282 -0.55854666 -0.32364988 -0.09303556 0.20350961 0.40507174 0.48935866 0.58132619 0.62881136
0.56088656 0.56082737 0.56260556 0.56495112 0.56850034 0.56510514 0.57167572 0.56067073 0.57496780 0.58449882 0.58241659 0.58956426 0.59203362 0.60083139 0.58837402 0.58790553 0.58911949 0.57542181 0.58788061 0.59223807 0.58837599 0.59165597 0.59684032 0.59160101 0.60570085 0.61084253 0.59080160 0.59716141 0.60800737 0.59051299 0.59892648 0.62000567 0.61821300 0.61204469 0.61645627 0.62736088 0.60799813 0.61553735 0.61397731 0.59981334 0.60857552 0.60141748 0.59881550 0.60652351 0.60462457 0.60882759 0.61643296 0.61554420 0.61348110 0.60584086 0.61457354 0.61778027 0.61364907 0.60971498 0.61232042 0.61196005 0.59943730 0.59916687 0.60155928 0.59584093 0.59234971 0.59876579 0.59175527 0.59378839 0.59197682 0.58562714 0.58540869 0.58377647 0.57952046 0.58359200 0.58083427 0.57980400 0.57284981 0.57363075 0.56451106 0.57213491 0.60478479 0.52894729 0.40458506 0.32896709 -0.04569156 -0.41506630 -0.66363728 -0.87805933 -0.96723557 -1.00333333 -1.01159084 -1.02335978 -1.03310394 -1.03595567 -1.03615665 -1.03484404 -1.04274392 -1.04003990 -1.03302646 -1.03963602 -1.04523182 -1.04021275 -1.04402936 -1.04570770 -1.03939283 -1.03210104 -1.01984143 -1.02018607 -1.01594758 -0.99035037 -0.98655301 -0.98186994 -0.96305031 -0.95825714 -0.95483172 -0.96067274 -0.96188575 -0.94329810 -0.92137223 -0.82054168 -0.62147188 -0.34601080 -0.03757055 0.23445539 0.42180890 0.53576535 0.59884179 0.61602628
0.55194998 0.55170053 0.56566274 0.55724907 0.55958331 0.56045896 0.57145458 0.57438976 0.56622589 0.57104129 0.58505154 0.57748002 0.57061964 0.57648766 0.58376521 0.58065695 0.57797396 0.58362317 0.58134282 0.58014262 0.58141005 0.58702540 0.58926046 0.59531271 0.59035230 0.59352988 0.59945238 0.59056920 0.59654319 0.59738857 0.59638458 0.59617740 0.60180646 0.59966350 0.59146136 0.59818709 0.60199916 0.58828855 0.60342878 0.60712832 0.60025334 0.60849828 0.60215276 0.60387921 0.60814881 0.60165113 0.61095059 0.60626334 0.60812175 0.60981661 0.60183942 0.59846562 0.59670871 0.59698761 0.59079432 0.59036207 0.59965223 0.60102171 0.59431255 0.60283172 0.59741920 0.59743565 0.59529150 0.59192008 0.58888763 0.58642697 0.57859850 0.57782274 0.57358569 0.56888109 0.56921548 0.56513768 0.56725502 0.57413292 0.58299148 0.56539840 0.50608587 0.35599965 0.22048827 -0.05038637 -0.37642205 -0.66801721 -0.86779571 -0.95164746 -0.98439372 -0.99903542 -1.00451279 -1.00514722 -1.02558517 -1.02480161 -1.03861940 -1.04014385 -1.03128755 -1.03796864 -1.04376650 -1.04143357 -1.03387260 -1.04291844 -1.04006886 -1.03551698 -1.03219581 -1.03342116 -1.02419341 -1.03178453 -1.02123880 -1.02187538 -0.99626118 -0.98466951 -0.97107399 -0.96938378 -0.95861381 -0.94968075 -0.97382492 -0.98277909 -0.97708195 -0.88625973 -0.68493605 -0.47026443 -0.16592054 0.13388373 0.29867244 0.46649796 0.59858942 0.62761927
0.56484252 0.56240672 0.56190610 0.56720501 0.56576812 0.57126546 0.56410128 0.56015944 0.57739055 0.56904328 0.56663358 0.57221675 0.57529873 0.58289856 0.57407230 0.57900804 0.57679433 0.57933396 0.57679462 0.57888675 0.57612258 0.58772999 0.58060807 0.58530807 0.59477603 0.58687723 0.58821148 0.59198064 0.58968431 0.59269255 0.59767836 0.60034597 0.60154462 0.60620284 0.60440081 0.59242606 0.60015547 0.60665655 0.59634691 0.59766060 0.60674423 0.60102034 0.60218239 0.61089450 0.61221361 0.61236042 0.61289507 0.61551887 0.61798328 0.61692041 0.61850375 0.61468041 0.61421692 0.61293656 0.60772431 0.60349780 0.59640479 0.59236193 0.59133989 0.58668679 0.58837724 0.58975595 0.58639807 0.58878320 0.58866888 0.58206677 0.57911837 0.58179891 0.58205384 0.57697159 0.57214612 0.59016562 0.58640635 0.56197774 0.51726526 0.42543989 0.21912996 0.14989813 0.02844237 -0.35608774 -0.61790603 -0.77883047 -0.91299331 -0.97037387 -0.98530799 -1.00262654 -1.01602709 -1.02599669 -1.02398074 -1.04108310 -1.03157711 -1.04012203 -1.03235865 -1.02873027 -1.03657877 -1.04217494 -1.04481709 -1.03443015 -1.05245113 -1.04369223 -1.00682771 -1.02294528 -0.99551809 -0.94499201 -0.97061628 -1.00049305 -1.01758075 -0.98868668 -0.95961046 -0.96171731 -0.95822001 -0.95251614 -0.94768208 -0.96423388 -0.96640617 -0.86846280 -0.66284585 -0.44863605 -0.24079794 0.08319877 0.30358821 0.47490937 0.58821112 0.62104738
0.55956227 0.56388873 0.55968893 0.55791056 0.56262147 0.56354660 0.57018077 0.56989056 0.56546807 0.57546979 0.56933796 0.57412118 0.57196718 0.57757908 0.58356327 0.58159262 0.59106994 0.58363199 0.57502544 0.58661032 0.58756578 0.58884984 0.59340507 0.58841980 0.58814609 0.59734279 0.59473890 0.59070611 0.59536302 0.59257281 0.59647059 0.59866464 0.59713787 0.58835775 0.59419829 0.59648484 0.58916759 0.59473276 0.60304493 0.59808129 0.59775704 0.60465264 0.60184425 0.60133648 0.60480666 0.60119176 0.60940111 0.59999931 0.59682369 0.60264933 0.59556699 0.59562433 0.59620959 0.60214907 0.59803897 0.59908724 0.60246408 0.60269201 0.59177738 0.59739453 0.59145319 0.58976793 0.58454406 0.58062458 0.57476205 0.57144469 0.57424217 0.57296950 0.56662244 0.56523198 0.58263063 0.59198201 0.51082021 0.45036447 0.35395187 0.16404088 0.13455297 -0.05764941 -0.46434563 -0.68387270 -0.77964503 -0.90213525 -0.95931393 -0.97481138 -0.99154305 -1.00115204 -1.00231171 -1.01538312 -1.02973306 -1.03903854 -1.03991222 -1.03519213 -1.03597355 -1.03807771 -1.03676283 -1.02687526 -1.03550041 -1.09824276 -1.00758326 -0.99910098 -1.02124870 -0.78201288 -0.76626623 -0.81187683 -0.75080633 -0.88537914 -0.99160326 -0.98930520 -0.97268522 -0.95655733 -0.96368909 -0.95367116 -0.96671635 -0.95208549 -0.96736729 -0.87269294 -0.72252172 -0.52209651 -0.29182869 0.04388852 0.26427829 0.45593345 0.59765112 0.62484819
0.56477290 0.56243545 0.56520778 0.56963170 0.57147998 0.56828499 0.56858337 0.57271826 0.57636589 0.57067305 0.57436907 0.58095181 0.57879633 0.57440972 0.57992107 0.58452260 0.57534111 0.58272517 0.58704180 0.58186704 0.58085757 0.58694619 0.58805752 0.59174049 0.59911960 0.58613610 0.59351718 0.59318262 0.59538031 0.59676898 0.59542310 0.60158712 0.60275638 0.60825688 0.60335499 0.59588367 0.60182595 0.60001695 0.59854555 0.60431367 0.60605079 0.59789413 0.61051136 0.60396373 0.61497122 0.61273003 0.60623646 0.61506665 0.61002362 0.60847187 0.61159045 0.61177826 0.60242701 0.59623617 0.60054666 0.60068274 0.59447116 0.58687252 0.58613676 0.59560305 0.58693105 0.58604711 0.58597642 0.58629495 0.58355725 0.57785171 0.57563120 0.57243496 0.57218736 0.59513360 0.59422857 0.43843180 0.38892698 0.22522654 0.04961994 -0.06654293 -0.37022525 -0.66803968 -0.72603112 -0.78109145 -0.89492512 -0.95734113 -0.98330361 -0.99115771 -0.99583942 -1.01339281 -1.02229667 -1.02916670 -1.04369402 -1.04242218 -1.04145825 -1.04814434 -1.04591787 -1.04705203 -1.04520881 -1.04713380 -1.04268551 -1.09376705 -0.93890810 -0.88245547 -0.99819666 -0.84880948 -0.68284369 -0.90313262 -0.84421581 -0.80129522 -0.98851562 -1.00212598 -0.98130620 -0.97679722 -0.98137105 -0.98975241 -0.95379245 -0.89664662 -0.97628552 -0.74034232 -0.58994061 -0.52888650 -0.33983403 -0.04205768 0.22817810 0.39723665 0.58539075 0.63890791
0.56505519 0.56113797 0.55817860 0.55928373 0.55894613 0.56484514 0.57028103 0.56335610 0.56583363 0.57615119 0.57156253 0.57047009 0.57997537 0.58502907 0.57712674 0.58762282 0.59265852 0.58540350 0.57975829 0.58910370 0.58722180 0.58815008 0.59231716 0.58555686 0.59130818 0.59841692 0.59117323 0.59538782 0.59258187 0.59910131 0.60007662 0.59678131 0.59254825 0.59196824 0.59767938 0.58968836 0.59648728 0.59447384 0.59148467 0.59058225 0.59649903 0.60049123 0.59453213 0.60407919 0.59873092 0.60018110 0.59958088 0.59709471 0.59769130 0.59965485 0.59509051 0.59132087 0.59800851 0.60629684 0.60051388 0.59224069 0.59391516 0.59361339 0.58964348 0.58178544 0.58480090 0.58098841 0.57983053 0.56555051 0.57187957 0.57001102 0.56383139 0.56400377 0.57599854 0.59408033 0.45358515 0.38308090 0.29978615 0.10052864 -0.21599224 -0.53366303 -0.67934602 -0.72497368 -0.79965085 -0.90686119 -0.96787316 -0.97538102 -0.98540384 -0.99569219 -0.99646801 -1.01007700 -1.01073349 -1.02427733 -1.02898991 -1.03866303 -1.03135085 -1.03395426 -1.03751361 -1.03844881 -1.03974485 -1.04043198 -1.03078485 -0.91387403 -0.83791381 -0.67468125 -0.63375300 -0.38469207 -0.29353857 -0.43598688 -0.57973617 -0.76696354 -0.98762393 -0.99326581 -0.97374082 -0.97698933 -1.00931525 -0.85940957 -0.96612865 -0.83119500 -0.81820643 -0.84489959 -0.59506500 -0.53861612 -0.33656669 -0.02852440 0.24989493 0.41807020 0.59077287 0.63159400
0.56256384 0.57090896 0.56612068 0.57058001 0.56883752 0.57433319 0.57261640 0.58380646 0.57521057 0.57609636 0.57478637 0.58213103 0.57585841 0.57708496 0.58489066 0.58330363 0.57973278 0.58608520 0.58660108 0.58688271 0.58489877 0.58509314 0.58782738 0.59499168 0.59192872 0.58647519 0.58946466 0.59511042 0.59124202 0.58854610 0.59553635 0.59283137 0.60038674 0.59864962 0.60364187 0.59940749 0.59990728 0.59469324 0.59379131 0.60574424 0.59729415 0.59716934 0.60615510 0.59827989 0.60374004 0.60077840 0.60676128 0.60731250 0.59680420 0.59849197 0.60281467 0.60159296 0.59736866 0.59305513 0.59665447 0.59795779 0.58663636 0.58498973 0.59274173 0.59562677 0.58770484 0.58033019 0.58174163 0.58344018 0.57113487 0.57027829 0.57639092 0.57217532 0.60381621 0.45815992 0.33885282 0.28923196 -0.02507474 -0.48535049 -0.73039734 -0.79636341 -0.84800881 -0.92776829 -0.96095252 -0.96381485 -0.96722502 -0.99287629 -0.99460942 -0.99985367 -1.00610685 -1.02672565 -1.02975893 -1.03123808 -1.03851342 -1.04369354 -1.04328167 -1.04082453 -1.04091859 -1.03979731 -1.04430819 -1.04298615 -1.04058957 -0.94747823 -0.93072683 -0.63594574 -0.44744831 -0.36447316 -0.38271698 -0.49613559 -0.59654266 -0.77744895 -0.99962014 -0.98400497 -0.96736467 -0.98673540 -0.95425004 -0.78583527 -0.74633259 -0.84770143 -0.59653383 -0.53310633 -0.48640424 -0.57844299 -0.39638680 -0.08354616 0.22626905 0.36977607 0.57925093 0.63470131
0.56251675 0.56575537 0.56624764 0.56730753 0.56782836 0.56637907 0.57092017 0.56828368 0.57403201 0.57958162 0.57561594 0.57611221 0.58945912 0.58230615 0.57777923 0.58764309 0.58566946 0.58448845 0.58577204 0.58186001 0.59091598 0.59189820 0.58852786 0.58972478 0.59472811 0.60053062 0.59719557 0.59710747 0.60286361 0.59745067 0.59243470 0.59694558 0.59694743 0.59541035 0.59285367 0.59400672 0.59282768 0.59575731 0.59393626 0.58895218 0.59936625 0.59213543 0.59818888 0.60020608 0.59634501 0.59823596 0.59124684 0.59448791 0.59855890 0.59285730 0.59283346 0.59585637 0.60138923 0.59711647 0.59228855 0.58779693 0.59340823 0.59537941 0.58198696 0.57966775 0.58185309 0.58084047 0.57014352 0.56872368 0.57095522 0.56964177 0.56118160 0.59509093 0.53465807 0.37865305 0.37060130 -0.00006013 -0.45749605 -0.66547102 -0.80394214 -0.89715600 -0.93858045 -0.93748754 -0.94830436 -0.97656024 -0.99987346 -0.99909180 -0.99272990 -1.01975322 -1.01244462 -1.01637650 -1.02722859 -1.03356159 -1.04146755 -1.04875207 -1.03982902 -1.03999257 -1.04115164 -1.04243803 -1.03031492 -1.04236042 -1.04251277 -0.94324476 -0.62624067 -0.41514081 -0.16750596 -0.19042994 -0.26684564 -0.43542910 -0.71463019 -0.86783594 -0.98099387 -0.98841506 -0.96015716 -0.91781598 -0.86053199 -0.83323151 -0.64142239 -0.70323378 -0.51663566 -0.66035533 -0.62178463 -0.59912902 -0.40237504 -0.11234284 0.21218218 0.37487525 0.57303596 0.63478899
0.55993855 0.57050920 0.56496960 0.56852168 0.57544631 0.57509631 0.57518154 0.57715940 0.57189739 0.56900710 0.57800823 0.57322723 0.57808173 0.58497947 0.58650148 0.58247495 0.58445191 0.58082050 0.57994413 0.58727139 0.58241999 0.57959181 0.58419776 0.59245199 0.58029914 0.58773333 0.59154439 0.58531189 0.58430487 0.58761412 0.59271842 0.58787638 0.59176427 0.58967859 0.59008968 0.58734947 0.58869284 0.58513540 0.58801699 0.58555478 0.58922213 0.59202856 0.59238738 0.59043032 0.59062749 0.58922899 0.59178096 0.59203237 0.58586222 0.58785164 0.59507906 0.58763283 0.58711159 0.58644569 0.58355713 0.58816457 0.58681583 0.57855982 0.59175456 0.58129603 0.57406271 0.57440835 0.57984567 0.57016152 0.56222922 0.56252789 0.57193077 0.57877988 0.36274761 0.33912039 0.03948329 -0.40142143 -0.68730378 -0.84263551 -0.91440219 -0.94346756 -0.93516570 -0.94593781 -0.96738911 -0.96762663 -0.97135401 -0.99625498 -0.99594790 -0.99299604 -1.00237572 -1.01390791 -1.01633990 -1.01955724 -1.02074409 -1.02303505 -1.02566016 -1.03114080 -1.01921439 -1.03055382 -1.03094590 -1.01800263 -1.01992285 -0.88111413 -0.73451251 -0.43654561 -0.27566490 -0.23363104 -0.18412767 -0.31988025 -0.62721539 -0.90741366 -0.98297507 -0.94851208 -0.96082938 -0.93023759 -0.81131589 -0.62589997 -0.47527075 -0.52559912 -0.44035292 -0.58278549 -0.63097227 -0.65670586 -0.41116506 -0.08052550 0.20001398 0.35692567 0.58172804 0.63947076
0.56979030 0.56710076 0.57257819 0.57165867 0.57238775 0.57596737 0.57295537 0.57296091 0.58106154 0.58141476 0.57948124 0.58247364 0.58232272 0.58025879 0.58603072 0.58344603 0.58539915 0.58975482 0.58518189 0.58272201 0.59331262 0.59524816 0.58970433 0.59745020 0.60471153 0.59772545 0.60127980 0.60464156 0.60070968 0.59778011 0.60379010 0.59980172 0.59922183 0.59834337 0.59960854 0.59337056 0.59873396 0.59859681 0.59452093 0.59425533 0.59814620 0.59489703 0.59510201 0.59572554 0.59891790 0.59525543 0.58933979 0.59552717 0.59657544 0.59266853 0.59102780 0.59512782 0.58953255 0.58987588 0.58858114 0.58827245 0.58447373 0.57857507 0.57867098 0.57825774 0.57881927 0.57064301 0.56025517 0.56915641 0.56529069 0.55670440 0.59774053 0.46698594 0.37247467 0.16392277 -0.23380387 -0.58160937 -0.80006993 -0.90982288 -0.91775781 -0.92321360 -0.94613367 -0.95567364 -0.96018690 -0.98518890 -0.98451263 -0.99240971 -0.99172944 -1.00424123 -1.00848854 -1.00824594 -1.01540995 -1.02760148 -1.03004122 -1.02873266 -1.02403224 -1.02824175 -1.02468908 -1.01361835 -1.01917374 -1.01971769 -1.02248073 -0.84757370 -0.83600897 -0.81474757 -0.44811010 -0.37818718 -0.66021657 -0.76712781 -0.84487081 -0.94327784 -0.97678220 -0.95334357 -0.94275582 -0.95720387 -0.80231375 -0.63188219 -0.49175835 -0.50265336 -0.45700520 -0.63243055 -0.71835923 -0.66332501 -0.41526264 -0.08132175 0.17943691 0.34298182 0.57057476 0.64369524
0.56612647 0.57021427 0.56590116 0.57220095 0.57602608 0.57775390 0.57222921 0.57329279 0.58093905 0.57071537 0.58039171 0.58044147 0.58473593 0.58468914 0.58436215 0.58516490 0.58213812 0.58373207 0.58577687 0.58536750 0.58016622 0.58442229 0.58531320 0.58082485 0.58640850 0.59199810 0.59318072 0.58032215 0.58931649 0.59556609 0.58564568 0.58719742 0.59049481 0.58387035 0.58647811 0.59057349 0.58194029 0.57931864 0.58997345 0.58586818 0.59133095 0.58772713 0.58888060 0.58736497 0.57795066 0.58285689 0.58884519 0.57863319 0.58032912 0.58642423 0.58669186 0.59073722 0.58824724 0.58792102 0.58541864 0.58019847 0.58005685 0.58385915 0.57390219 0.56935370 0.56537640 0.56611264 0.56674129 0.56426871 0.55477232 0.56100851 0.56286174 0.36982566 0.25170839 -0.07468192 -0.46364301 -0.74842852 -0.88110930 -0.90586412 -0.92397791 -0.93668878 -0.94893658 -0.95891029 -0.96731776 -0.96472740 -0.97081554 -0.98785371 -0.98286146 -0.98435003 -1.00038612 -1.00332201 -1.00074887 -1.00816023 -1.01220226 -1.01172400 -1.01614237 -1.01716518 -1.01913047 -1.01507759 -0.99989891 -1.00408256 -0.99931049 -0.97226101 -0.78739339 -0.73999858 -0.68300480 -0.61884475 -0.67397159 -0.74197793 -0.85594571 -0.93508130 -0.94262087 -0.94319743 -0.95284778 -0.87653208 -0.79296005 -0.75991696 -0.47781587 -0.65564132 -0.81727761 -0.74460804 -0.72382885 -0.63673115 -0.36188611 -0.05530579 0.18468161 0.37825912 0.58729333 0.62500316
0.56822288 0.56713188 0.57050204 0.57734996 0.57494622 0.57245970 0.57912880 0.57572037 0.57767916 0.58598053 0.57681292 0.58605075 0.58594710 0.58297175 0.58387393 0.58316565 0.58511287 0.59085023 0.58453810 0.58854043 0.59236044 0.58911991 0.59597802 0.60281521 0.59801447 0.59681523 0.59875554 0.60500270 0.59881836 0.59334445 0.59800392 0.59493095 0.60349911 0.59697348 0.59308207 0.59349567 0.59302181 0.59201115 0.59313101 0.58667409 0.59172422 0.59471834 0.59103370 0.59732312 0.59637922 0.58789980 0.58762372 0.59811115 0.58510762 0.58697402 0.58663768 0.58294576 0.58076411 0.57903779 0.57599223 0.57975829 0.57681590 0.56878746 0.57033974 0.57114649 0.56487519 0.55803710 0.55658084 0.55691874 0.54675972 0.58426017 0.46845555 0.31904531 0.04279643 -0.28821307 -0.63883412 -0.85555863 -0.91024017 -0.91991067 -0.92539001 -0.94441658 -0.96077520 -0.97080261 -0.97860736 -0.98679763 -0.98770261 -0.98462588 -0.99307996 -1.00015080 -1.00733268 -0.99993795 -1.01144421 -1.01655352 -1.01196432 -1.01881278 -1.01276612 -1.02211964 -1.01328111 -1.01123643 -1.01279485 -0.99142653 -0.99722546 -0.99912441 -0.97868997 -0.90883309 -0.93551457 -0.97761226 -0.91851366 -0.91497731 -0.95547938 -0.96483248 -0.97010255 -0.94858366 -0.94204938 -0.92020696 -0.73961586 -0.72834539 -0.80535728 -0.73315156 -0.72949684 -0.72882259 -0.74634707 -0.65079290 -0.29945993 -0.01926747 0.18240680 0.39646947 0.60343724 0.64508063
0.57271117 0.57555938 0.57748795 0.57651943 0.57848275 0.57905966 0.58252925 0.58338922 0.57912922 0.57655698 0.58683890 0.59162641 0.58326721 0.58341724 0.59046584 0.59454387 0.59087795 0.58630103 0.58777380 0.59292531 0.58618158 0.58927244 0.59132749 0.59104574 0.59767324 0.59445333 0.59402484 0.59936273 0.59685618 0.59293026 0.60428846 0.59437543 0.59527761 0.59280580 0.59773391 0.59417194 0.59509891 0.58749008 0.59246475 0.60128909 0.58781469 0.59290755 0.59182858 0.58127028 0.58267576 0.59179729 0.58371937 0.58694786 0.59440106 0.59286082 0.58523041 0.59124637 0.58969605 0.58415937 0.58395582 0.57661521 0.57199514 0.56971204 0.56409675 0.56338990 0.56263387 0.56553632 0.55678481 0.55179858 0.56141901 0.58171248 0.37609988 0.17913871 -0.09830110 -0.44899696 -0.78323835 -0.90661085 -0.91986728 -0.93634361 -0.95026648 -0.96694821 -0.98139048 -0.98949707 -0.98774552 -0.99603063 -0.99383819 -1.00230420 -1.00773525 -1.01020050 -1.01459837 -1.02140081 -1.01662850 -1.02752817 -1.02578676 -1.02800214 -1.02506685 -1.02905440 -1.02920270 -1.02086234 -1.01874828 -1.00994933 -0.99447137 -0.99261022 -1.00469363 -1.00560379 -1.00009871 -1.00144696 -0.99733526 -0.98507512 -0.98539275 -0.97351366 -0.97225273 -0.96423775 -0.95767349 -0.95752549 -0.93891782 -0.92376626 -0.93925816 -0.94244081 -0.89139342 -0.83045805 -0.74061495 -0.57235181 -0.23304909 -0.01158386 0.19795750 0.45277482 0.60804445 0.64170313
0.57057375 0.57423753 0.57556045 0.58170336 0.58075970 0.58386862 0.57870489 0.57080609 0.59073859 0.58603883 0.58031625 0.58459651 0.58551276 0.58889633 0.58829701 0.58670479 0.58600676 0.59169585 0.59363455 0.58873093 0.59217924 0.59342563 0.59776622 0.59435505 0.59955341 0.59985542 0.60238743 0.59695697 0.59841871 0.59336644 0.59382659 0.59590769 0.60505432 0.60121155 0.59295607 0.59301507 0.59417582 0.59190613 0.59251714 0.58852559 0.59674948 0.58682889 0.59117264 0.60283357 0.59006381 0.58317906 0.59229743 0.58679801 0.58034754 0.58665395 0.58132029 0.58538187 0.58287120 0.57595485 0.57714820 0.57837182 0.56937844 0.57221276 0.57187706 0.56224716 0.56059909 0.55450922 0.55292428 0.54876053 0.58750737 0.46865386 0.28309977 0.06089477 -0.28193808 -0.66515762 -0.87194419 -0.92751026 -0.93237013 -0.93519169 -0.95907241 -0.97579741 -0.98882341 -0.99810117 -1.00971937 -1.00881279 -1.01010680 -1.01303923 -1.01276517 -1.02030575 -1.02508366 -1.02913892 -1.02719641 -1.02970529 -1.03577685 -1.03043568 -1.03118181 -1.03563643 -1.03466141 -1.02457976 -1.01222038 -1.01470435 -1.01062298 -0.99195349 -0.99563205 -1.00791943 -1.00181687 -1.00332105 -0.99902666 -0.99584758 -1.00128508 -0.99058139 -0.97814894 -0.97024924 -0.96186578 -0.95503277 -0.94636613 -0.94642681 -0.94353729 -0.94278908 -0.86439365 -0.80449885 -0.72080100 -0.46120858 -0.14509515 0.03044668 0.26309687 0.52703762 0.63234639 0.65245461
0.57538182 0.57925469 0.57996815 0.58287555 0.57958835 0.58002603 0.58612841 0.58794689 0.57643920 0.59161770 0.58841860 0.58711582 0.59172773 0.58911556 0.59475988 0.59125459 0.59503645 0.59107637 0.59271377 0.59359848 0.59176344 0.59827960 0.59825611 0.59993196 0.60016471 0.60062134 0.60401607 0.60159189 0.60112202 0.59888959 0.60747564 0.59999967 0.59063226 0.60211074 0.60487390 0.60250223 0.59640568 0.59442335 0.59624797 0.59254986 0.58856088 0.60342968 0.59124619 0.58678108 0.59427637 0.58955318 0.58586949 0.59873408 0.58950311 0.58589631 0.59044296 0.58183968 0.57492369 0.57910597 0.57336050 0.57086152 0.57173008 0.56172013 0.56297261 0.56247902 0.55833155 0.56044471 0.55594307 0.55728126 0.58147228 0.37252313 0.20593260 -0.08538888 -0.46023959 -0.80094808 -0.91979587 -0.93209350 -0.95426381 -0.95880908 -0.97763515 -1.00282955 -1.01113451 -1.01530933 -1.02114689 -1.02456415 -1.02888167 -1.02533233 -1.03928423 -1.04530287 -1.04510927 -1.04160440 -1.04532301 -1.05147207 -1.03126788 -1.04681683 -1.04941964 -1.04524076 -1.04016066 -1.04060364 -1.04303622 -1.03058100 -1.02295017 -1.02084005 -1.01865172 -1.01143754 -1.01139545 -1.01395607 -1.01284707 -1.01809025 -1.01342452 -1.00385618 -0.99745071 -0.99390686 -0.97779483 -0.97644335 -0.95899028 -0.95202637 -0.95787793 -0.93597001 -0.86849475 -0.77033985 -0.67059720 -0.36731470 -0.11965099 0.08383928 0.33868140 0.56344801 0.63889998 0.65059346
0.58307815 0.58494276 0.58347505 0.58433872 0.59406620 0.58538002 0.57927579 0.58838713 0.58593220 0.58218724 0.58480477 0.59046310 0.59485722 0.59649116 0.59357750 0.59233415 0.59380674 0.59889334 0.58601272 0.59870440 0.59578168 0.60207272 0.60482937 0.60478562 0.60676694 0.60911173 0.59833193 0.60347539 0.60900122 0.59930563 0.59775305 0.60647869 0.61058289 0.60173529 0.59753108 0.59706765 0.59721392 0.59671503 0.59041220 0.60369855 0.59785938 0.59028703 0.60128319 0.59465921 0.59094715 0.60056603 0.59484130 0.58591002 0.59230882 0.59258103 0.58228678 0.58858621 0.59195691 0.57890278 0.58262980 0.58030885 0.56497723 0.56493163 0.56702560 0.56318837 0.55711842 0.55559582 0.55116028 0.59824556 0.46130270 0.31033921 0.06824391 -0.29736325 -0.67480218 -0.88262868 -0.94704783 -0.95074075 -0.95690835 -0.98839456 -0.99955159 -1.01171207 -1.02893865 -1.03546643 -1.03564775 -1.03724575 -1.03979897 -1.04921401 -1.03866422 -1.04396033 -1.05179524 -1.05874527 -1.04654872 -1.05181921 -1.06312430 -1.05434978 -1.05354619 -1.05415726 -1.05335629 -1.05211210 -1.04158223 -1.03069651 -1.04141855 -1.03569078 -1.01802897 -1.02152109 -1.01701200 -1.01590765 -1.01899600 -1.01372707 -1.01430631 -1.01722789 -1.01077318 -0.99685878 -0.99377137 -0.98309410 -0.98771274 -0.97740650 -0.97113472 -0.91966170 -0.83326173 -0.73492336 -0.55024993 -0.25411642 -0.04035607 0.19187723 0.44832432 0.61379981 0.65900767 0.66928089
0.57509369 0.57321286 0.57714713 0.57704401 0.57374740 0.58231372 0.58983612 0.57634187 0.58566493 0.58760053 0.59161830 0.59209538 0.58692694 0.59220338 0.59597105 0.59576601 0.58834332 0.59525192 0.59415823 0.59143370 0.59824055 0.59979206 0.59919584 0.60271931 0.59955186 0.59631282 0.60756350 0.59837544 0.58674794 0.59613484 0.60405803 0.59311283 0.59238690 0.60511357 0.60198247 0.59621948 0.59742582 0.59210682 0.59112537 0.58780038 0.59649479 0.59529334 0.59237576 0.59372699 0.58896047 0.58479029 0.58972400 0.58953083 0.57568574 0.57875562 0.58444172 0.57847917 0.57575631 0.57803082 0.56840646 0.57123482 0.57331491 0.56261504 0.56568038 0.55850607 0.55752027 0.55242026 0.55600613 0.57658565 0.37893200 0.20455636 -0.08494612 -0.44706476 -0.79791719 -0.94182491 -0.93560463 -0.95682138 -0.96787220 -0.97673130 -0.99685842 -1.01871181 -1.03172040 -1.02955413 -1.03705323 -1.04995143 -1.04020393 -1.04037809 -1.05908906 -1.06155729 -1.04816914 -1.05304515 -1.05997980 -1.04776025 -1.05146503 -1.05728257 -1.05307078 -1.06250870 -1.05298030 -1.04342639 -1.04878879 -1.04879487 -1.03203130 -1.03070402 -1.03170669 -1.03099239 -1.01621199 -1.01076210 -1.02038288 -1.02575016 -1.01882541 -1.01059651 -1.01434827 -1.00093663 -0.99414515 -0.98150760 -0.96422654 -0.95806897 -0.98146355 -0.89533472 -0.79056764 -0.71302718 -0.47199059 -0.18575346 0.00496753 0.26359868 0.52637953 0.63097692 0.64402932 0.65350580
0.57963312 0.58917713 0.57982343 0.58364701 0.58781064 0.57996851 0.58186835 0.58868498 0.58096159 0.58875614 0.58915854 0.58667028 0.59573287 0.59656078 0.59101570 0.60101545 0.59186333 0.59441417 0.59739763 0.60187793 0.59385747 0.60433555 0.60963970 0.60690928 0.61584347 0.61055118 0.60418940 0.59964561 0.61320525 0.60045046 0.59808838 0.60913140 0.60023862 0.59209180 0.59703654 0.59387439 0.59216082 0.59452802 0.59994680 0.59882957 0.59313631 0.59930182 0.59479296 0.58957464 0.59600097 0.59564716 0.58682185 0.59317130 0.59127051 0.58416289 0.58110791 0.58079022 0.57225382 0.57209170 0.57878864 0.56059408 0.56349123 0.55782664 0.55775350 0.55917072 0.55806082 0.55339348 0.60820067 0.44611746 0.32179075 0.05929124 -0.33152857 -0.70365953 -0.89162248 -0.93823886 -0.95403892 -0.95260733 -0.97459120 -0.99688303 -1.01423836 -1.02646160 -1.03069043 -1.03302026 -1.03378177 -1.03044248 -1.04405105 -1.04322636 -1.04204476 -1.04702997 -1.04853475 -1.05437934 -1.04534245 -1.05401504 -1.05303907 -1.04988146 -1.04919887 -1.05016661 -1.05267501 -1.05265796 -1.04142094 -1.02903950 -1.02659428 -1.02142131 -1.01452649 -1.00485802 -0.99982369 -1.01017261 -1.01126385 -1.01086235 -1.00994086 -1.01449740 -1.01173782 -1.00213969 -0.98911917 -0.96966672 -0.97581208 -0.96339947 -0.93468726 -0.85472262 -0.76618564 -0.61772233 -0.37132192 -0.07441049 0.13879539 0.37866288 0.58535606 0.63960391 0.66092139 0.67291373
0.57476413 0.57111639 0.58287734 0.57820767 0.57690799 0.58828807 0.57893753 0.58939463 0.59286582 0.58804828 0.59157676 0.59495050 0.59249181 0.59927481 0.59182698 0.59200984 0.59605050 0.59734279 0.59003323 0.59377927 0.60529160 0.59886938 0.60141605 0.60537213 0.59439659 0.59882295 0.60841733 0.59404421 0.59128183 0.60845089 0.60133243 0.59328836 0.60487306 0.60533762 0.59441507 0.59488755 0.59041041 0.59289300 0.58871883 0.59309644 0.59376717 0.58803123 0.59104311 0.59242564 0.58353168 0.58743781 0.58553147 0.58092421 0.58178532 0.58142579 0.58139312 0.58035964 0.58325738 0.57400084 0.56900263 0.56954634 0.56745631 0.56436068 0.56250221 0.55822587 0.55184966 0.59699893 0.51808870 0.38881695 0.21507557 -0.22989061 -0.52806586 -0.78382027 -0.94050813 -0.94099462 -0.96747202 -0.97834367 -0.98039705 -1.00076950 -1.02212429 -1.03120208 -1.04169583 -1.04362643 -1.05113101 -1.05426800 -1.04073894 -1.05246603 -1.05116689 -1.05758727 -1.05553842 -1.05566752 -1.06192732 -1.05621731 -1.05935407 -1.06006706 -1.06474924 -1.06369483 -1.05682564 -1.04936242 -1.05438876 -1.04479027 -1.03038049 -1.03130758 -1.02138186 -1.01520646 -1.02023089 -1.02270520 -1.01416278 -1.01845360 -1.02017152 -1.02070606 -1.01752090 -0.99991924 -1.00276399 -0.98448247 -0.97388726 -0.99301940 -0.93653429 -0.82425451 -0.77844107 -0.57467294 -0.24376495 -0.04482330 0.17847963 0.46829659 0.60580456 0.64065564 0.64829797 0.65010679
0.57649714 0.58087325 0.57651842 0.57723379 0.58316380 0.57683784 0.58247209 0.57350785 0.58268130 0.58961642 0.58157003 0.58871216 0.59210402 0.59393448 0.59680742 0.59897691 0.59052593 0.59471297 0.59580910 0.59771818 0.59889174 0.60250467 0.60020000 0.59990686 0.60701215 0.60101676 0.59675682 0.60334384 0.60033751 0.58781999 0.59438103 0.59615725 0.59023565 0.59304208 0.59187317 0.59186983 0.59101343 0.59140372 0.59353387 0.59175235 0.58679414 0.58632100 0.58866853 0.58379924 0.58857381 0.58500332 0.58621722 0.58605009 0.58443666 0.57698858 0.57914644 0.57532293 0.56362975 0.56430620 0.56359577 0.55747908 0.55779731 0.55767363 0.55289650 0.55232728 0.61733258 0.52427834 0.38580823 0.31681830 -0.11926318 -0.42799821 -0.70670366 -0.92333269 -0.94887692 -0.96649456 -0.96717256 -0.97439444 -0.99577481 -1.01601839 -1.03120792 -1.04003501 -1.04312837 -1.03975272 -1.03950632 -1.04377890 -1.04425371 -1.05536103 -1.05562294 -1.05887568 -1.05904365 -1.05409765 -1.05639303 -1.05104089 -1.05004418 -1.05654168 -1.05462444 -1.06309426 -1.06331372 -1.05515862 -1.04971504 -1.04902542 -1.02882099 -1.01860762 -1.01918900 -1.01993167 -1.01307940 -1.01683629 -1.02310085 -1.01798725 -1.02311504 -1.01377285 -1.01264513 -1.00425971 -0.98296857 -0.98542553 -0.98227930 -0.95489824 -0.90032327 -0.80634040 -0.66227388 -0.50821710 -0.18939902 0.05613635 0.22570466 0.50129282 0.62535846 0.63231397 0.66005260 0.66478282
0.57414019 0.57262295 0.58607358 0.58052665 0.57868093 0.58283597 0.58071780 0.59405577 0.58436096 0.58356935 0.59010458 0.59257799 0.59218282 0.59774637 0.58690637 0.59250480 0.59636074 0.59646332 0.59047300 0.59410250 0.60003299 0.59887004 0.60632509 0.59644598 0.60119444 0.61071682 0.60945880 0.59592628 0.60590285 0.61011153 0.60145950 0.60353392 0.60394067 0.59742266 0.58682907 0.59036875 0.58807075 0.59117019 0.58972555 0.58779085 0.59445965 0.59000081 0.58803916 0.58522856 0.58609253 0.58360082 0.57563031 0.58582729 0.58394748 0.58208865 0.57552832 0.57766098 0.57196075 0.56588429 0.57165390 0.56429392 0.55655575 0.55651945 0.55315232 0.60763979 0.51185286 0.36571449 0.34559768 0.04070187 -0.36189145 -0.66933316 -0.87163997 -0.94680470 -0.96072090 -0.96911073 -0.98144048 -0.98829991 -1.00999665 -1.02428329 -1.03688180 -1.05233002 -1.04182541 -1.04611146 -1.05056751 -1.04678464 -1.04344344 -1.04983139 -1.05720294 -1.05836058 -1.06344426 -1.06862223 -1.06040883 -1.06757438 -1.06630826 -1.06198871 -1.06149054 -1.06430078 -1.05810535 -1.06089377 -1.05549037 -1.04735565 -1.04008007 -1.03693807 -1.02878296 -1.01759946 -1.01740003 -1.02515173 -1.02266777 -1.01883233 -1.02375948 -1.02869332 -1.02427161 -1.01312339 -0.99890530 -0.98300159 -0.95749199 -0.89376473 -0.79914445 -0.75184053 -0.63714594 -0.33049488 -0.12860073 0.07992853 0.37709880 0.56214374 0.60797262 0.63695586 0.64108831 0.66318911
0.58478034 0.58074701 0.57196593 0.57933283 0.57833254 0.58770329 0.58095407 0.57859838 0.58814031 0.58940059 0.58363414 0.59004241 0.59112710 0.58970422 0.59754652 0.58967239 0.59348762 0.58879739 0.59771091 0.59130228 0.59452218 0.58843786 0.59063858 0.59885615 0.60036552 0.58951586 0.59641206 0.59622258 0.59116018 0.59507138 0.59367841 0.59203863 0.58962315 0.59480232 0.59020180 0.59950900 0.59155303 0.58008301 0.59042007 0.58395833 0.58115470 0.58293623 0.58369124 0.57783258 0.57881737 0.58051199 0.58425707 0.58129925 0.58234489 0.57349014 0.57105953 0.56671745 0.56411767 0.56033796 0.54945713 0.55483091 0.55748701 0.55693519 0.59897757 0.52033049 0.34083462 0.35433161 0.10969596 -0.40155464 -0.68273348 -0.81135970 -0.92998099 -0.96660906 -0.97735119 -0.98555231 -0.99301624 -1.01030743 -1.02008557 -1.03262889 -1.04133201 -1.04403400 -1.05161440 -1.05412185 -1.05101597 -1.05354083 -1.05782449 -1.06853437 -1.06584430 -1.06287825 -1.06873584 -1.06144452 -1.05928469 -1.05918646 -1.06276798 -1.05952501 -1.06620848 -1.06660116 -1.06614351 -1.06591177 -1.05915105 -1.06099153 -1.05622876 -1.04603577 -1.03628111 -1.02338970 -1.02270877 -1.02286899 -1.01520777 -1.02240336 -1.02724016 -1.01804376 -1.01008415 -0.98159790 -0.95568818 -0.92844254 -0.88394177 -0.85337943 -0.78861946 -0.68536961 -0.55755973 -0.30201000 -0.04572339 0.16652952 0.37526321 0.57380861 0.62733275 0.63018596 0.65814358 0.65422022
0.57042563 0.57004452 0.57972139 0.57885164 0.58096445 0.57013243 0.57755369 0.58195305 0.56914610 0.58192486 0.58696502 0.58411974 0.58985579 0.58630377 0.58804542 0.58707666 0.58998835 0.58913672 0.58940738 0.58571666 0.59377313 0.59747094 0.60253239 0.59982491 0.59942728 0.60265577 0.59747005 0.59875411 0.60184473 0.59987199 0.59173995 0.59988177 0.59104854 0.59538251 0.59124172 0.57940453 0.59175348 0.58838886 0.58152050 0.58819127 0.59230334 0.58263761 0.58310062 0.57945389 0.58134419 0.57939261 0.57826179 0.57510555 0.57406688 0.57641101 0.57281750 0.56759679 0.56126088 0.56393009 0.55944282 0.55882663 0.55278343 0.60213947 0.50943279 0.36117548 0.37755007 0.09705527 -0.41112611 -0.64790362 -0.79114228 -0.91887569 -0.96575040 -0.97692060 -0.98409837 -0.98583752 -0.99337268 -1.01247466 -1.02001882 -1.03008664 -1.04380620 -1.05069566 -1.04746747 -1.04016411 -1.05189228 -1.05126715 -1.04697824 -1.06205547 -1.06565571 -1.07008874 -1.07025278 -1.06556070 -1.06805444 -1.06963754 -1.06174099 -1.06069064 -1.06290793 -1.06631124 -1.06229103 -1.06139970 -1.06953204 -1.06057596 -1.05556977 -1.05368233 -1.04693520 -1.03619623 -1.02716410 -1.02572453 -1.03567719 -1.03497386 -1.01048958 -1.01092994 -0.97239655 -0.90142643 -0.84544522 -0.82322991 -0.80129397 -0.70191067 -0.62716913 -0.50918519 -0.28110570 -0.11547779 0.06621493 0.31103981 0.49520528 0.56757492 0.61032552 0.63540518 0.63841563 0.66851020
0.58115548 0.57703096 0.57257360 0.57398820 0.57614225 0.58405536 0.57395393 0.58416289 0.59128422 0.57369149 0.58048362 0.58699703 0.58706880 0.58928835 0.59116274 0.59514391 0.59084165 0.59341609 0.58933026 0.59660387 0.59124625 0.59170449 0.59520394 0.59259689 0.59903377 0.60043681 0.59264207 0.59697926 0.59347343 0.59218436 0.59254611 0.59116942 0.59452063 0.58968657 0.58908391 0.59487677 0.58904350 0.58458483 0.58924717 0.58490181 0.57991743 0.57845235 0.58008569 0.57536620 0.57408500 0.57772774 0.56900597 0.57846415 0.57213461 0.56706667 0.56153017 0.55650556 0.55738020 0.55494553 0.54909718 0.54871076 0.59516895 0.51289380 0.35832441 0.35703367 0.08565284 -0.39091694 -0.65987176 -0.82244718 -0.92866462 -0.97663403 -0.98663503 -0.99100524 -0.98080170 -0.99267119 -1.00531828 -1.00792718 -1.02049160 -1.03185081 -1.03762650 -1.04474366 -1.04772747 -1.05198801 -1.04693222 -1.04642177 -1.06044996 -1.06585169 -1.06391716 -1.05977464 -1.06381285 -1.06623411 -1.05976546 -1.06433475 -1.06524909 -1.06114280 -1.05849397 -1.05737877 -1.06039011 -1.06488276 -1.06417251 -1.05865371 -1.06080878 -1.05291033 -1.03538334 -1.03541827 -1.02993000 -1.01316619 -1.01107478 -1.00631690 -0.96236020 -0.96346325 -0.91784978 -0.83500075 -0.79088140 -0.72111505 -0.63390195 -0.53351486 -0.43367440 -0.33498657 -0.20323338 0.00682980 0.18650366 0.37570816 0.54198372 0.60169780 0.59738421 0.63027269 0.65204912 0.65378320
0.56945384 0.57496405 0.57095069 0.57441109 0.57538766 0.56950539 0.57849407 0.57072431 0.57172489 0.58720160 0.58510166 0.58040166 0.58429527 0.58035916 0.58154762 0.58632046 0.58813816 0.58421433 0.59218466 0.58830649 0.59063560 0.59500098 0.58830243 0.59140241 0.59435982 0.58653200 0.58872801 0.59200156 0.59324533 0.59156990 0.59186214 0.59440774 0.58839464 0.59349012 0.58892190 0.58384055 0.58897305 0.58394146 0.57988387 0.58428121 0.58568728 0.57436818 0.57597578 0.57900411 0.57197011 0.57333177 0.57421416 0.56528753 0.56444824 0.56487775 0.56424731 0.55832434 0.55813646 0.55673444 0.55185437 0.59406394 0.50638103 0.36431551 0.33951718 0.06884141 -0.40560561 -0.67401600 -0.80877888 -0.92922646 -0.97770941 -0.98317522 -0.98062867 -0.98863137 -0.99228573 -0.99369437 -0.99564731 -1.01005197 -1.01394355 -1.02728581 -1.04885662 -1.03811002 -1.03777850 -1.04460895 -1.04479134 -1.05600595 -1.05424285 -1.05941534 -1.06497884 -1.06352258 -1.06477821 -1.06239641 -1.06428885 -1.05367386 -1.05728889 -1.06275058 -1.06161034 -1.06739938 -1.06527245 -1.06668556 -1.06295681 -1.06207907 -1.06056082 -1.05675995 -1.05089223 -1.03634810 -1.02938437 -1.03012431 -1.00557148 -0.96930420 -0.94593954 -0.90215462 -0.80758965 -0.69726020 -0.57351553 -0.40885776 -0.31056225 -0.25091422 -0.18427372 -0.11432052 0.03155179 0.23582743 0.39181668 0.48803526 0.54384142 0.58764839 0.61170030 0.63044691 0.64529288 0.67401809
0.56976658 0.56642318 0.56966615 0.56922591 0.57141197 0.57180011 0.56693196 0.58145845 0.57292742 0.56933093 0.58073336 0.58081383 0.58624983 0.59335959 0.59275264 0.59159279 0.59187794 0.58797109 0.58806622 0.58645850 0.58812916 0.59098554 0.60111624 0.59579110 0.59695417 0.59474176 0.59365356 0.59039468 0.58546680 0.58876669 0.58290631 0.59174132 0.59425062 0.58767426 0.59525192 0.58958089 0.58452177 0.58511257 0.58868670 0.57729930 0.57702792 0.58069605 0.57898581 0.57005244 0.57030958 0.56870294 0.56652999 0.56312627 0.56211144 0.55687374 0.55084842 0.55725968 0.54766124 0.56611747 0.57483703 0.49323988 0.38039333 0.29822576 0.04148278 -0.37844235 -0.63119155 -0.78763062 -0.90997922 -0.95560962 -0.97616392 -0.98915863 -0.99297082 -0.98915142 -0.99387336 -0.99555141 -0.99420315 -0.99669039 -1.01686466 -1.02974832 -1.03491127 -1.04021037 -1.04795647 -1.05322146 -1.04087031 -1.03576326 -1.04996049 -1.06123328 -1.05978608 -1.06365788 -1.06848562 -1.06070876 -1.05894554 -1.06645596 -1.05686462 -1.05449533 -1.05766368 -1.06308174 -1.06299555 -1.06140065 -1.06313837 -1.05912757 -1.05475950 -1.04356074 -1.04491961 -1.04418099 -1.02331066 -1.01336420 -1.01109934 -0.96394289 -0.89688855 -0.80076367 -0.67600697 -0.53474766 -0.40532357 -0.22279069 -0.15685858 -0.07375429 0.01835227 0.16252623 0.37565231 0.39851129 0.44285470 0.53849697 0.57896268 0.60358220 0.60095865 0.63009077 0.64218330 0.64607424
0.56880158 0.56861943 0.56946063 0.57632577 0.56665725 0.57740748 0.58345419 0.57152814 0.58585715 0.58181989 0.57733262 0.58913583 0.58535880 0.58536291 0.58375013 0.59214962 0.59376097 0.59133935 0.58933312 0.58901417 0.59458208 0.59021282 0.58847857 0.58551347 0.59175515 0.59382731 0.58460540 0.59010160 0.59337652 0.59063286 0.59642076 0.58741766 0.59164536 0.59045124 0.58588612 0.58785629 0.58496243 0.58190334 0.57877886 0.58083051 0.58256280 0.57056266 0.57271135 0.57568753 0.56631631 0.56948996 0.56094408 0.55869222 0.55658507 0.55595624 0.54976630 0.55686545 0.58890396 0.52784336 0.47893244 0.33783519 0.18109469 -0.00842775 -0.38404030 -0.66665918 -0.79591018 -0.93058240 -0.95823181 -0.95576108 -0.97598761 -0.99406421 -0.98940700 -1.00823736 -0.99333036 -0.99134678 -1.00907457 -1.00436532 -1.00093102 -1.02221179 -1.03637028 -1.04319429 -1.04137337 -1.04220080 -1.04568803 -1.05926335 -1.06202495 -1.05582881 -1.05813754 -1.06039405 -1.05965769 -1.06538785 -1.05910027 -1.05565071 -1.06149364 -1.06159592 -1.06321847 -1.06600952 -1.06252265 -1.05821562 -1.06183386 -1.05600643 -1.05219066 -1.06028974 -1.04497385 -1.03456271 -1.03782558 -1.01787579 -0.99219477 -0.93330944 -0.81029475 -0.64399302 -0.47102523 -0.28878167 -0.17113197 0.00270551 0.11271836 0.21520863 0.34193093 0.40286934 0.43368226 0.49943250 0.53508252 0.57492250 0.58204246 0.61452401 0.62339556 0.63124657 0.65553766 0.66352272
0.56815857 0.57369739 0.56993121 0.56444681 0.57156271 0.56927723 0.56969976 0.57726008 0.57201493 0.57825816 0.58411896 0.58421993 0.58627629 0.58868074 0.58974743 0.58322519 0.58239418 0.58280808 0.58734232 0.58590728 0.58217502 0.59064293 0.59462994 0.59420645 0.59189469 0.58821392 0.58847427 0.58926857 0.59254295 0.58403087 0.59191471 0.59780210 0.58992594 0.59160995 0.59080565 0.58845156 0.58091778 0.58094722 0.58705145 0.57148021 0.57046151 0.57999843 0.57050782 0.56935513 0.56714630 0.56042767 0.55903333 0.55850601 0.55524343 0.55526352 0.57249784 0.57093340 0.49933702 0.44336116 0.25669861 0.17037915 0.01597436 -0.41211098 -0.66014367 -0.76953048 -0.88970923 -0.93482739 -0.94631648 -0.97120959 -0.98622489 -0.99522191 -0.99711025 -0.99285424 -0.99542898 -0.99250388 -0.99126589 -1.00125611 -1.01220512 -1.01652813 -1.03666890 -1.03912878 -1.02936709 -1.03808165 -1.04085767 -1.04014349 -1.04846311 -1.05350280 -1.06020141 -1.05939567 -1.06040907 -1.05868244 -1.06643033 -1.06330240 -1.05058277 -1.06327581 -1.06035602 -1.05995619 -1.06014514 -1.06008148 -1.05510473 -1.05586207 -1.05254567 -1.04041827 -1.04325831 -1.02832830 -1.01971769 -1.01886284 -0.98433256 -0.90338993 -0.77016336 -0.57371432 -0.38262585 -0.16576657 0.01777644 0.25311965 0.38486427 0.43108112 0.48573047 0.55207443 0.57560629 0.58631551 0.58545852 0.60672277 0.59908247 0.60583586 0.63792658 0.63990295 0.65213507 0.65219694
0.57002228 0.56653178 0.57085103 0.57557601 0.57110000 0.57922292 0.57745874 0.57875067 0.58763885 0.58177966 0.58300239 0.58955014 0.58886504 0.59069681 0.59120017 0.59101206 0.59201384 0.58928788 0.58556300 0.58481467 0.59171128 0.59057546 0.58883208 0.58952641 0.59400952 0.58820617 0.59349543 0.58139002 0.58477890 0.59634715 0.59173167 0.58337814 0.58526862 0.58472198 0.58542448 0.58218092 0.58433443 0.57644242 0.57941252 0.57342458 0.56738430 0.56985945 0.57034636 0.56701696 0.56210572 0.56145978 0.55865735 0.54869634 0.55759466 0.58299804 0.52727616 0.46146560 0.31389898 0.13652100 0.10287879 -0.15247418 -0.59421939 -0.73141438 -0.77967501 -0.87941313 -0.93066490 -0.93869251 -0.95962268 -0.97173226 -0.98903763 -0.99929786 -1.00893307 -1.00029802 -0.99390292 -0.99577862 -0.99888301 -0.99389726 -1.00271797 -1.01839948 -1.03385782 -1.03765595 -1.04677236 -1.04696953 -1.04280150 -1.04807055 -1.05755889 -1.05914724 -1.05822062 -1.06182492 -1.06267691 -1.06638944 -1.05423403 -1.06204069 -1.06570029 -1.05902088 -1.06093466 -1.06344604 -1.05846918 -1.05717635 -1.05469525 -1.05484581 -1.05679715 -1.04147410 -1.03504992 -1.03082252 -1.02323651 -1.01763558 -0.97604609 -0.87926704 -0.75206047 -0.52172041 -0.24980512 -0.00338542 0.22358756 0.44740468 0.48811412 0.53590697 0.56976187 0.58403099 0.59645897 0.60023147 0.60522610 0.60382754 0.62398666 0.61436391 0.65124816 0.64335299 0.66314024 0.67355806
0.57348889 0.57493937 0.57035506 0.57507664 0.57883883 0.56856954 0.57735199 0.58231348 0.57784873 0.58578199 0.58189440 0.58858734 0.58818072 0.58524179 0.58785510 0.58607316 0.58342314 0.58274651 0.58511102 0.58572286 0.58640027 0.58621180 0.59502739 0.59251046 0.59255987 0.58673960 0.58711547 0.59584212 0.59548843 0.58812112 0.59181857 0.59541303 0.59067482 0.58981884 0.59201413 0.58233291 0.58211613 0.57779258 0.57506800 0.57348114 0.57182354 0.57358605 0.57017183 0.56428397 0.56403363 0.56445312 0.55533963 0.56846517 0.59150183 0.50354534 0.43078965 0.28961265 0.19449581 0.07318379 -0.31915069 -0.64896566 -0.69351542 -0.76681954 -0.86860627 -0.93764853 -0.93035460 -0.93831384 -0.97039127 -0.99175030 -1.00162113 -1.00665510 -0.99387330 -1.00106728 -0.99322176 -0.97560126 -0.98398435 -0.99352789 -0.99409842 -1.01037145 -1.02183425 -1.03049159 -1.03028607 -1.03175175 -1.03871047 -1.04676569 -1.05048311 -1.06023300 -1.05827379 -1.05888438 -1.05566514 -1.06372428 -1.05944431 -1.05733347 -1.05894351 -1.05880785 -1.06080413 -1.05575216 -1.05562794 -1.04977965 -1.04708076 -1.04720581 -1.02815747 -1.03133357 -1.02244937 -1.02200556 -1.01975822 -1.00241709 -0.96975023 -0.88538897 -0.69699889 -0.43544161 -0.17512970 0.14081402 0.35753775 0.54430735 0.59453952 0.58448881 0.61801004 0.61421949 0.61659092 0.62563336 0.62078571 0.63299060 0.64442581 0.63526243 0.64380819 0.66014594 0.67161751 0.66686904
0.56916189 0.57546932 0.57994193 0.57500988 0.57583731 0.58351129 0.57760519 0.58012640 0.58260345 0.58002841 0.58847451 0.58428341 0.58234620 0.59040803 0.58840275 0.58499748 0.58671820 0.58460015 0.58233595 0.58269751 0.59315175 0.58909500 0.58974445 0.59458542 0.58929855 0.59036839 0.59402668 0.58451492 0.59018362 0.58956856 0.58526480 0.58496785 0.58447063 0.58111823 0.57823646 0.58119130 0.57834274 0.57769096 0.57149196 0.56559688 0.56629175 0.56394672 0.56449002 0.56147242 0.56088120 0.55653059 0.56681317 0.57688498 0.47341055 0.35143799 0.28245187 0.16786398 -0.16633880 -0.56678307 -0.71365738 -0.75058901 -0.84657115 -0.91602772 -0.92942578 -0.92524451 -0.94420636 -0.95253283 -0.97231960 -0.99613732 -1.00051427 -1.00320518 -1.01199687 -1.00146902 -0.98636824 -0.98149604 -0.98226798 -0.98896176 -0.99996221 -1.01918602 -1.01551938 -1.02443862 -1.04076910 -1.03257334 -1.03152943 -1.05131507 -1.05444622 -1.05275571 -1.06342208 -1.05834651 -1.05921936 -1.05747473 -1.05729246 -1.05983591 -1.05701995 -1.05563378 -1.05818772 -1.05386138 -1.05299675 -1.05496860 -1.03875768 -1.04060555 -1.03320956 -1.01826203 -1.03092110 -1.01089287 -1.01098168 -1.00728226 -0.96201897 -0.86604005 -0.70414191 -0.40579224 -0.13896631 0.13372891 0.37106586 0.55845666 0.59092307 0.60956341 0.60354382 0.61626184 0.60767084 0.63211304 0.64707178 0.63290942 0.63785702 0.65403491 0.65392411 0.65179127 0.66442668 0.68000382
0.57440495 0.56816590 0.57297671 0.58347940 0.57772583 0.57911873 0.58447421 0.57981217 0.57951790 0.59137225 0.58785629 0.58572954 0.58595949 0.57912487 0.58704287 0.58264554 0.58736271 0.58373922 0.58425343 0.58001792 0.58736628 0.58821720 0.59013957 0.59180045 0.59446567 0.58499330 0.59414822 0.58976251 0.58646387 0.59358603 0.59090543 0.58772832 0.58441150 0.59030879 0.59060848 0.57697177 0.58087271 0.57671070 0.57349861 0.57781988 0.56755382 0.57183570 0.56766272 0.55907434 0.56002170 0.56763875 0.58423066 0.48843646 0.35887885 0.33486575 0.11700334 -0.31446576 -0.62724310 -0.69190621 -0.78846282 -0.89819717 -0.92703843 -0.92955375 -0.94844550 -0.95018506 -0.96170515 -0.97380561 -0.99580759 -1.00762260 -1.01126003 -1.01554537 -1.00783885 -0.99689406 -0.98699296 -0.98254043 -0.98035413 -0.98233557 -0.99199176 -1.01384437 -1.02716041 -1.03223097 -1.03704703 -1.03763509 -1.04480326 -1.05067945 -1.05146706 -1.05897701 -1.05184484 -1.05871654 -1.06271434 -1.05935633 -1.05988896 -1.05173039 -1.05329823 -1.05408382 -1.05717993 -1.04999435 -1.04399288 -1.04653752 -1.02978325 -1.01048827 -1.02957070 -1.00290346 -1.02050483 -1.01521850 -0.99691755 -0.99107200 -0.96611232 -0.86484832 -0.68186164 -0.42781836 -0.12635475 0.16417702 0.36889416 0.57802868 0.60872811 0.61487341 0.61677170 0.64476407 0.65477252 0.64559561 0.65954214 0.65289819 0.66126984 0.65781373 0.65545785 0.68060112 0.67347109 0.68203604
0.57611704 0.57903403 0.58046937 0.57491815 0.58252543 0.57593995 0.57687968 0.58570868 0.58252996 0.58115631 0.58089787 0.58503175 0.58506948 0.59101200 0.58847272 0.58958918 0.58820885 0.58680677 0.58418733 0.59361279 0.59143406 0.59812415 0.59319019 0.59532887 0.59492946 0.59328783 0.59231955 0.59248477 0.58914793 0.59115088 0.57958245 0.58411229 0.58638853 0.57310003 0.58327740 0.57761902 0.57273149 0.57779795 0.56766540 0.56566495 0.56722301 0.56119370 0.56452388 0.56452203 0.55783099 0.58114934 0.51956707 0.36362296 0.35553211 0.06572512 -0.39031339 -0.62527049 -0.74284166 -0.85333467 -0.91147232 -0.92489088 -0.93024158 -0.94589460 -0.94948256 -0.96308309 -0.96364439 -0.98535782 -1.00190043 -1.00798786 -1.00477004 -1.00875831 -1.01398313 -1.00153577 -0.98882574 -0.97587579 -0.97097588 -0.98370206 -0.98953080 -1.00734878 -1.01851547 -1.01284277 -1.03071451 -1.03539491 -1.03224552 -1.05203152 -1.05794561 -1.06097996 -1.05885828 -1.05242443 -1.05635262 -1.05715501 -1.05396175 -1.05590355 -1.06076968 -1.04717314 -1.04646802 -1.04233158 -1.04529786 -1.02530158 -1.02503753 -1.00376749 -1.00301886 -1.00727510 -1.00759423 -1.01799285 -0.99192476 -0.97772324 -0.94952995 -0.83206969 -0.68646562 -0.40274787 -0.12468481 0.15968962 0.39407843 0.57609922 0.60856682 0.61258960 0.63669789 0.63620877 0.62617826 0.64256358 0.65580547 0.65748239 0.65885007 0.67313927 0.66597581 0.65809947 0.68186861 0.67419487
0.57821292 0.57183987 0.58145934 0.57954061 0.57722706 0.58653104 0.58543092 0.58478558 0.58321857 0.58565539 0.58800870 0.58171040 0.58618844 0.58322620 0.58250767 0.58550823 0.57906741 0.58380169 0.58483720 0.58335072 0.58935678 0.59277785 0.59097522 0.59745431 0.59129721 0.58613843 0.58448404 0.59258968 0.58321708 0.58495754 0.58519751 0.57216132 0.57854927 0.58390033 0.57469016 0.57879066 0.57386857 0.57313538 0.57797831 0.56632829 0.56439954 0.56874400 0.56106329 0.55547750 0.57173270 0.54893577 0.39557731 0.34840822 0.08500157 -0.32977515 -0.62068826 -0.78447390 -0.88121951 -0.92127144 -0.93805307 -0.95336223 -0.95383471 -0.97012836 -0.98322213 -0.97820789 -0.98763156 -1.00387418 -1.01203096 -1.01815617 -1.02611649 -1.02029490 -1.01420975 -1.01916850 -0.99349946 -0.98877293 -0.98605746 -0.98983371 -1.00198472 -1.01355541 -1.01620913 -1.04052734 -1.03818655 -1.03456223 -1.04189599 -1.05027628 -1.05772781 -1.05809510 -1.05071795 -1.05398059 -1.05890429 -1.05272973 -1.05634797 -1.05740571 -1.05039167 -1.04909682 -1.05104315 -1.05012977 -1.04015183 -1.02915895 -1.01427114 -1.01151001 -1.01001191 -1.00455511 -1.00380862 -1.01300263 -1.00491560 -0.98642147 -0.95429301 -0.83403057 -0.68643135 -0.40033913 -0.09526370 0.16349377 0.39854228 0.58585483 0.61401665 0.63653940 0.63764691 0.64690495 0.65252608 0.65745294 0.66134650 0.65937990 0.65934163 0.67080224 0.67409772 0.67354673 0.67747062 0.68115008
0.57343423 0.57546443 0.57557338 0.58281338 0.57583535 0.57588488 0.57459205 0.58403182 0.58494359 0.58201426 0.58590096 0.58816701 0.58793008 0.58843380 0.59466058 0.59061140 0.59183282 0.59130967 0.59202433 0.59454405 0.59727883 0.59760618 0.59266782 0.58857429 0.59290755 0.58900213 0.59408385 0.58640975 0.58764076 0.58363414 0.58023298 0.57996660 0.57933980 0.57990068 0.58135593 0.57028246 0.57635713 0.57325536 0.56648934 0.57115966 0.57120532 0.55973178 0.55727726 0.56076670 0.56406784 0.44903404 0.33504832 0.15813814 -0.24713714 -0.58241767 -0.78792876 -0.89481115 -0.92315251 -0.94020069 -0.95834988 -0.96115971 -0.96756870 -0.97204924 -0.98665309 -0.97829628 -0.98576504 -1.00413370 -1.00973797 -1.01420903 -1.01288593 -1.02142251 -1.01281607 -1.00029564 -0.99464661 -0.98854423 -0.98178899 -0.97959578 -0.99583256 -1.01262772 -1.01297891 -1.02491093 -1.03561306 -1.03807735 -1.04869235 -1.05961871 -1.05246055 -1.05330288 -1.05145848 -1.05781531 -1.06295621 -1.05582035 -1.06001651 -1.06026804 -1.05516374 -1.05517995 -1.04953957 -1.03485632 -1.02253878 -1.01423740 -1.02319527 -1.00057840 -1.01035559 -1.00790238 -1.01170206 -1.00362885 -0.97827888 -0.98152101 -0.91955620 -0.82837206 -0.66185230 -0.35711804 -0.08415672 0.17654510 0.44429344 0.59022409 0.61579376 0.62674814 0.63198608 0.64980066 0.65748209 0.65658700 0.66099840 0.67533165 0.68243212 0.67582768 0.67114550 0.68303055 0.68471754 0.68679273
0.57494140 0.57819939 0.57783419 0.57674903 0.58109081 0.57988274 0.57784152 0.57392240 0.57970744 0.58448017 0.57682717 0.58399165 0.58601421 0.58165467 0.58041590 0.57959622 0.58034438 0.58844578 0.58831960 0.59753007 0.59013563 0.59088999 0.59263736 0.58331358 0.58709091 0.58165699 0.57756764 0.58138680 0.57129776 0.57197690 0.56607497 0.56303930 0.58105445 0.56279784 0.56825542 0.57312906 0.56612170 0.56598306 0.56606740 0.56036574 0.55074531 0.55936974 0.55494368 0.56060582 0.52635992 0.37414926 0.23773254 -0.11632901 -0.46869040 -0.71506530 -0.86643517 -0.91359150 -0.93421227 -0.95287365 -0.96913695 -0.97299540 -0.97469217 -0.98362237 -0.97769928 -0.99002868 -1.00133145 -1.01393890 -1.02324808 -1.02162385 -1.01972568 -1.01758921 -1.02814364 -1.01650500 -0.99613315 -0.99092257 -0.98001951 -0.98698580 -0.99519902 -0.99090785 -1.01207387 -1.02803767 -1.03694832 -1.03898275 -1.04666555 -1.04500973 -1.05298555 -1.05822241 -1.05272925 -1.05563533 -1.05377424 -1.05525517 -1.05317998 -1.05792117 -1.05929351 -1.04994929 -1.04535377 -1.04487705 -1.03841019 -1.01330209 -1.01890039 -1.02731323 -1.01337373 -1.01605535 -0.99837440 -1.00223207 -0.99760568 -0.98322213 -0.89945251 -0.81419849 -0.63867426 -0.30727339 -0.03314748 0.20529996 0.47306651 0.59708768 0.61839139 0.63077915 0.63987082 0.64024842 0.63559967 0.65868145 0.66010034 0.65699637 0.66462088 0.66717374 0.67912650 0.66286612 0.67904598 0.67723531
0.57132453 0.57175523 0.57715636 0.57388151 0.57018667 0.57658076 0.58024073 0.58660984 0.57547253 0.57978004 0.58649665 0.58177942 0.58181745 0.59122455 0.58765304 0.59657395 0.58798790 0.58511293 0.59016973 0.58808392 0.59027326 0.59089512 0.58716023 0.58935690 0.58890176 0.59703135 0.57871193 0.57818568 0.57962155 0.57011211 0.58213151 0.56812131 0.56963956 0.57873678 0.57615453 0.57418162 0.57205135 0.57153845 0.56299901 0.56241423 0.55801535 0.54860628 0.54935598 0.54905748 0.44386178 0.28335786 0.01668642 -0.29982737 -0.65066826 -0.86217237 -0.92906910 -0.94497210 -0.96191943 -0.97208101 -0.97616607 -0.97893000 -0.97081405 -0.98431861 -0.99409652 -0.98162186 -1.00374174 -1.01310265 -1.01431096 -1.01181269 -1.02239680 -1.02524006 -1.01199222 -1.01115119 -0.99719399 -0.99202967 -0.98162484 -0.97656965 -0.99409717 -1.00341702 -1.00986147 -1.02788699 -1.03662837 -1.03585839 -1.05131412 -1.05578840 -1.04879165 -1.04917550 -1.05439734 -1.05658817 -1.05779457 -1.05770993 -1.05999982 -1.05709720 -1.05500603 -1.05941296 -1.04798770 -1.03947365 -1.04110980 -1.04141307 -1.02217722 -1.02840233 -1.02683616 -1.02394986 -1.01318669 -0.99161732 -0.99891412 -0.95062900 -0.88294393 -0.80351293 -0.52433467 -0.26346296 0.00077981 0.29273742 0.51454324 0.60384333 0.62049389 0.62784517 0.64171427 0.65262091 0.66263860 0.66366541 0.67207932 0.66837895 0.67520493 0.67597961 0.67727375 0.67985815 0.67214102 0.68880165
0.57292825 0.57181185 0.56369948 0.57041842 0.57021427 0.56937140 0.56466025 0.56681430 0.57288712 0.57870871 0.57391512 0.57119292 0.57620120 0.57524502 0.57359332 0.57147354 0.58383763 0.59034592 0.58465290 0.58872008 0.58596396 0.58179271 0.57763690 0.57628912 0.57503444 0.56755465 0.57876307 0.57091922 0.56420326 0.55982000 0.55941099 0.56456047 0.56208622 0.56138903 0.56285113 0.56022155 0.55199122 0.55570531 0.55868798 0.54657012 0.54746842 0.54621166 0.53667051 0.52178317 0.36137545 0.14055817 -0.14916880 -0.47822660 -0.78677702 -0.91146582 -0.93618095 -0.95072532 -0.96097291 -0.96538937 -0.98354006 -0.97085083 -0.97278416 -0.97847623 -0.98167986 -0.99096066 -0.99796116 -1.01550472 -1.01253545 -1.01967657 -1.01584947 -1.02489114 -1.01809287 -1.00729632 -0.99959850 -0.96794051 -0.96962976 -0.97881866 -0.97726244 -0.98866135 -1.01607871 -1.03115833 -1.04360342 -1.04541028 -1.04400980 -1.04896402 -1.05173182 -1.05237496 -1.04319060 -1.05766630 -1.05598116 -1.04568481 -1.05941236 -1.05554318 -1.04722905 -1.04751432 -1.04525971 -1.04239583 -1.03317738 -1.02630067 -1.03713083 -1.02262414 -1.01924098 -1.00912094 -1.00930893 -0.99738514 -0.98126924 -0.92579770 -0.86422324 -0.73849499 -0.46693254 -0.17968768 0.08034451 0.36176765 0.55119264 0.59168655 0.60225791 0.62151206 0.62543660 0.63099736 0.64803058 0.65442854 0.65600240 0.65942204 0.67288160 0.67177367 0.66354030 0.68462372 0.67887026 0.68000311
0.56074935 0.56803238 0.56970739 0.56942731 0.56538683 0.56636715 0.57481807 0.57556468 0.57160980 0.57364589 0.57688379 0.57721430 0.58034641 0.57102734 0.57807750 0.57800788 0.57074493 0.57154471 0.58199441 0.57948118 0.58093590 0.57819152 0.58430862 0.58285600 0.58042151 0.57898754 0.57091331 0.56715482 0.56750816 0.56995344 0.56722760 0.56397462 0.56503302 0.56815308 0.55840647 0.56231529 0.56336963 0.55860907 0.55033559 0.55151111 0.54542536 0.54025239 0.55272806 0.47455883 0.25539488 0.02235262 -0.27269435 -0.63521546 -0.86407417 -0.92782950 -0.94027859 -0.94712132 -0.96356201 -0.97413909 -0.96818459 -0.97614843 -0.97450721 -0.98270345 -0.97625238 -0.97992647 -0.99575931 -0.99324757 -1.00996923 -1.01712823 -1.01242721 -1.00669444 -1.01960313 -1.00539255 -0.98822290 -0.97886765 -0.97057348 -0.97681504 -0.97937894 -0.97995609 -1.01894522 -1.02523422 -1.03160203 -1.03251946 -1.04231155 -1.04569340 -1.04220307 -1.04952788 -1.05144155 -1.04898596 -1.04997635 -1.05501652 -1.04647017 -1.04495740 -1.05215812 -1.05201352 -1.04144323 -1.04843235 -1.05171514 -1.03902638 -1.02553344 -1.03512251 -1.01529217 -1.00603950 -0.99888510 -0.98341304 -0.96075082 -0.89933056 -0.81694949 -0.61250699 -0.38288835 -0.10839648 0.20725231 0.45357859 0.56740689 0.59495342 0.61478692 0.63238639 0.63334084 0.63790596 0.64185196 0.65545332 0.66106039 0.65927768 0.65955585 0.66874993 0.66523618 0.66361469 0.67425478 0.67953497
0.56698930 0.56559116 0.56240475 0.55956012 0.56502044 0.56667441 0.56178296 0.56596917 0.56716585 0.56492984 0.56961614 0.56500095 0.56459934 0.57829642 0.56899440 0.57164520 0.58827496 0.57911021 0.57740772 0.57919377 0.57949001 0.57675529 0.57336074 0.57518083 0.57858425 0.57075649 0.57980400 0.56917244 0.56464255 0.56391746 0.56020987 0.56015134 0.56069225 0.55364215 0.55383384 0.55662888 0.54511297 0.54299933 0.55287635 0.54324788 0.54015821 0.53894758 0.54187715 0.34627348 0.15702967 -0.13003001 -0.47855335 -0.77745551 -0.91824871 -0.94244534 -0.95764989 -0.96018732 -0.96917945 -0.97625709 -0.98110974 -0.98080093 -0.97044688 -0.97086328 -0.98102814 -0.98447561 -0.99562448 -1.00473082 -1.00557792 -1.01330817 -1.02091897 -1.02111018 -1.00759244 -1.00596249 -0.99133205 -0.97534132 -0.97098458 -0.97662312 -0.99364787 -0.99894053 -1.02900648 -1.03682518 -1.03882778 -1.04304135 -1.04827881 -1.04855371 -1.04648530 -1.04526949 -1.05111277 -1.05454004 -1.05066001 -1.05375922 -1.05822098 -1.05421150 -1.04316008 -1.04642355 -1.04725194 -1.04527509 -1.03220010 -1.04394448 -1.03332770 -1.01641142 -1.01386929 -0.99168110 -0.98562819 -0.99143505 -0.95033544 -0.87783933 -0.75926548 -0.55246186 -0.23864959 0.00083870 0.27642119 0.50849354 0.57867765 0.59988374 0.61183751 0.61595362 0.63043183 0.63478923 0.65206516 0.64733863 0.64169109 0.66834170 0.65607947 0.67002851 0.67478150 0.69028008 0.67796797 0.67634475
0.56716132 0.56511950 0.55601388 0.56513053 0.56328201 0.56040037 0.56234860 0.57013577 0.56936103 0.56671733 0.56771898 0.57606965 0.56416070 0.56276006 0.56957024 0.56646848 0.56324255 0.57148349 0.57234883 0.57126665 0.56910270 0.57328546 0.57789344 0.57190090 0.56729251 0.57519555 0.56637383 0.57154286 0.56965417 0.56272882 0.56490701 0.56223398 0.55585808 0.55059373 0.54824662 0.54650372 0.55571121 0.54644454 0.54966885 0.53918725 0.53986138 0.55325663 0.48695743 0.28366655 0.05930090 -0.19090916 -0.59117573 -0.86506832 -0.92300862 -0.94625270 -0.95503080 -0.97040945 -0.98211670 -0.98517001 -0.98231083 -0.97886598 -0.98242831 -0.97417384 -0.96766490 -0.98034942 -0.98022729 -0.99062222 -1.00233889 -1.01453197 -1.01806188 -1.02399921 -1.02062237 -1.01062477 -0.99694222 -0.97866732 -0.98601484 -0.98575282 -0.99059451 -1.00945199 -1.03149903 -1.04296279 -1.03806305 -1.04686046 -1.04482365 -1.04878581 -1.04145777 -1.05188930 -1.05190551 -1.05245876 -1.06141412 -1.05146074 -1.05095661 -1.04994690 -1.04648995 -1.04639280 -1.04317880 -1.05201268 -1.04960012 -1.02422523 -1.03413320 -1.02230930 -1.00467265 -0.99271804 -0.98284751 -0.99378055 -0.93101907 -0.84428000 -0.68789107 -0.45559090 -0.13961543 0.12770794 0.39451551 0.53844571 0.57957387 0.59380656 0.60285318 0.62840325 0.63445985 0.63459897 0.63688242 0.65296590 0.64924443 0.65807128 0.65881026 0.66071302 0.65758747 0.66296625 0.67594016 0.67386514
0.56600940 0.56479925 0.56172580 0.56226981 0.56402820 0.56576377 0.56521136 0.57081568 0.56224167 0.56407171 0.56737334 0.55882138 0.57231903 0.56369740 0.56769562 0.57163924 0.57564926 0.57198250 0.57277572 0.57202274 0.57651383 0.57011634 0.56334990 0.57642835 0.56653583 0.56921357 0.57175577 0.56160450 0.56012261 0.56225026 0.55542016 0.55914217 0.55369663 0.54829907 0.55330175 0.54243356 0.53620261 0.53861141 0.53896075 0.53459859 0.52909124 0.52306104 0.38519889 0.19490872 -0.07241552 -0.42292595 -0.75771224 -0.91757327 -0.94187760 -0.96061480 -0.96768433 -0.97144204 -0.97910309 -0.99311924 -0.99467337 -0.97902077 -0.97906315 -0.96343327 -0.96234483 -0.96452481 -0.98445946 -0.99672270 -1.00067496 -1.01031804 -1.02510118 -1.01868331 -1.00855362 -1.01235592 -1.00368881 -0.98858500 -0.98804826 -0.99151123 -0.99753547 -1.01665032 -1.03331733 -1.04169679 -1.03799450 -1.04197824 -1.04688215 -1.04521596 -1.05238640 -1.05562174 -1.05141854 -1.05250120 -1.05489099 -1.06113565 -1.04913008 -1.04862654 -1.05246711 -1.05173481 -1.04643583 -1.04224515 -1.04255569 -1.03729010 -1.01561618 -1.01140618 -0.99208814 -0.99100906 -0.98355460 -0.97300076 -0.88648021 -0.83897167 -0.64474505 -0.30412042 -0.03503835 0.21986409 0.47870362 0.56085461 0.58812886 0.61175829 0.61243671 0.61424953 0.62041253 0.63413125 0.63798016 0.64270139 0.65429354 0.65236247 0.65702569 0.67282158 0.67805743 0.68285775 0.67104423 0.67427939
0.56192905 0.55819768 0.56441796 0.56349349 0.55369842 0.55689645 0.56586677 0.56421959 0.56439269 0.55863661 0.56015635 0.56212044 0.55837488 0.56251580 0.56655169 0.56178808 0.56689191 0.56707788 0.56946403 0.56780076 0.56565183 0.57354331 0.57443196 0.56379098 0.56974751 0.56783533 0.56510401 0.56939501 0.56037498 0.55839133 0.55748576 0.54638958 0.54716575 0.54990345 0.54216391 0.54552370 0.54738498 0.53902704 0.53889698 0.53083771 0.53640497 0.53048241 0.35836589 0.06872703 -0.18341091 -0.50727171 -0.83083439 -0.92746973 -0.95546180 -0.95867544 -0.96817988 -0.98783880 -1.00359762 -0.99236184 -0.99567485 -0.99709523 -0.97895133 -0.96886903 -0.97471803 -0.98762310 -0.98228681 -0.99133772 -0.99935567 -1.01913011 -1.02532458 -1.02253079 -1.02892506 -1.02190971 -0.99702728 -1.00693202 -1.01864529 -1.01127207 -1.02046680 -1.03807676 -1.04527795 -1.04039061 -1.04068685 -1.04480708 -1.04820871 -1.05796039 -1.04387689 -1.04698002 -1.05799854 -1.06278026 -1.05968416 -1.05847538 -1.05979919 -1.05520594 -1.04671514 -1.04974306 -1.04767668 -1.05907452 -1.04151428 -1.03117776 -1.02679527 -1.00769997 -1.00706840 -1.00428593 -0.98317391 -0.96828181 -0.90591735 -0.76867658 -0.52599776 -0.23979835 0.04819693 0.32567894 0.50385839 0.57422578 0.58348954 0.58974123 0.61503094 0.62064117 0.62813658 0.63871002 0.64079195 0.64786798 0.63777339 0.65574640 0.64963430 0.65794343 0.65845543 0.65670484 0.66979671 0.67185265
0.56758559 0.56511283 0.55791157 0.56704533 0.56355369 0.56235629 0.56310290 0.56693107 0.56125355 0.56290525 0.55789971 0.56308150 0.56376165 0.56368989 0.56544530 0.56511790 0.55765921 0.56997991 0.56120485 0.56062710 0.56435657 0.55636072 0.55834895 0.56739438 0.55722588 0.56128246 0.55760086 0.55361462 0.56292784 0.55175316 0.55050117 0.55477798 0.54687595 0.54375446 0.54503882 0.53703755 0.53599423 0.53289443 0.52714127 0.52372319 0.53572536 0.46390903 0.19474436 -0.01512469 -0.30862480 -0.68375659 -0.90010130 -0.94915754 -0.96073049 -0.96981341 -0.98653966 -1.00217509 -1.00734949 -1.01389980 -1.00920773 -0.99281460 -0.98170793 -0.98342097 -0.95890284 -0.96532667 -0.97051179 -0.99781996 -1.00323677 -1.00321221 -1.03281760 -1.03157914 -1.02563715 -1.02114999 -1.01363897 -1.00344980 -1.00650096 -0.99933797 -1.00733507 -1.03890562 -1.04504204 -1.04340506 -1.04654121 -1.06057346 -1.05683398 -1.05331945 -1.06212258 -1.06870520 -1.06065238 -1.05633271 -1.06292093 -1.05887842 -1.05462420 -1.05276787 -1.05747557 -1.05404496 -1.05275714 -1.04722762 -1.04976356 -1.03065121 -1.02185524 -1.01860738 -1.00159979 -0.98608184 -1.00449848 -0.96296442 -0.86564988 -0.72175908 -0.43589914 -0.15528885 0.08931525 0.42242354 0.55136710 0.56802106 0.58858466 0.60882187 0.60343683 0.61273539 0.62199867 0.63114506 0.62837279 0.64357877 0.64251626 0.65185380 0.66276747 0.66599578 0.66906232 0.66929287 0.66497391 0.66688198
0.56034172 0.56712234 0.56286162 0.56213629 0.55932903 0.55750006 0.55705112 0.55947328 0.55462384 0.55315369 0.56053275 0.55313963 0.56026304 0.55507654 0.55585694 0.56643289 0.55759549 0.55788392 0.56695461 0.56569469 0.55891883 0.56743085 0.56005317 0.56059748 0.56144714 0.55859476 0.56138521 0.55531788 0.55041021 0.55565953 0.54300964 0.54585087 0.54431170 0.54070306 0.54449046 0.53804219 0.53016835 0.53029364 0.52729326 0.52156073 0.52194774 0.38025731 0.12056522 -0.10034149 -0.38299441 -0.78632033 -0.91353291 -0.93739307 -0.96153402 -0.96702164 -0.98313475 -0.98912334 -1.00508630 -1.00175714 -1.00448692 -1.00122523 -0.99170846 -0.98208338 -0.96901417 -0.97470170 -0.98357195 -0.99204749 -1.00804412 -1.01224649 -1.01798058 -1.02852988 -1.02445555 -1.01887107 -1.01201415 -1.01568186 -1.01226449 -1.01418960 -1.02157247 -1.03412127 -1.03673398 -1.03635180 -1.04049313 -1.03434396 -1.04591990 -1.05695009 -1.04945540 -1.05196047 -1.06093109 -1.05957437 -1.05452740 -1.05317152 -1.05408990 -1.05352962 -1.04786777 -1.04893672 -1.04794848 -1.04688990 -1.03151274 -1.03445935 -1.01877046 -1.01301956 -1.00484288 -1.00186718 -0.98501098 -0.93865311 -0.82501680 -0.62653005 -0.37964392 -0.05404016 0.19974218 0.46193129 0.54938465 0.57937926 0.58593023 0.59615695 0.61034864 0.61594594 0.62359256 0.63112837 0.63682115 0.64167732 0.64426559 0.64596623 0.65135974 0.64840114 0.65106666 0.66241068 0.66736603 0.66987139
0.56502104 0.55454350 0.55912483 0.56581950 0.56610793 0.57042640 0.56597179 0.55288756 0.55401748 0.55437368 0.55470657 0.55935705 0.55470747 0.56362998 0.56163669 0.55308276 0.56623256 0.55939341 0.55014044 0.55453700 0.55836308 0.55449653 0.55873638 0.55615032 0.55679494 0.55885237 0.55281985 0.55638212 0.55281895 0.55066615 0.55378771 0.54511058 0.54792899 0.54456705 0.54216170 0.53612208 0.53592604 0.52542955 0.51797295 0.51752490 0.50498003 0.31549114 0.05270934 -0.19009151 -0.51124370 -0.85633022 -0.93260550 -0.94486076 -0.95636940 -0.97498137 -0.98896182 -1.00301135 -1.01334929 -1.01444411 -1.00786531 -1.01344419 -1.00104821 -0.97916037 -0.97424746 -0.97686160 -0.97272789 -0.99137211 -1.00564456 -1.00495946 -1.02399969 -1.02950788 -1.02247846 -1.01708829 -1.00129461 -1.00254047 -1.00922573 -1.01477540 -1.02640903 -1.03713965 -1.04864240 -1.03986156 -1.04959321 -1.06271362 -1.05482018 -1.05455720 -1.05331004 -1.06043208 -1.05571747 -1.05189645 -1.05813563 -1.05834484 -1.05215192 -1.05517852 -1.05147123 -1.05551732 -1.04500604 -1.05139744 -1.03859031 -1.03052616 -1.03302860 -1.02010930 -1.00324321 -1.00296807 -0.99697226 -0.90756971 -0.82496369 -0.57277566 -0.27928257 -0.00565436 0.24922533 0.51215482 0.56303120 0.58026206 0.59355348 0.60027522 0.60974473 0.61826092 0.62170172 0.63669378 0.62694365 0.63650018 0.64196008 0.65175849 0.64987594 0.65730619 0.66640091 0.66378009 0.66292703 0.66548860
0.56420743 0.55958205 0.56169450 0.56127298 0.56205368 0.55452031 0.54961061 0.54711384 0.54958540 0.55244333 0.54635572 0.55413944 0.55375916 0.55018944 0.55313230 0.56049299 0.55184191 0.55315715 0.56375116 0.55662423 0.55511034 0.55722892 0.55882859 0.55608499 0.55641699 0.55624628 0.55375278 0.54554778 0.55239099 0.54888362 0.54373914 0.54503924 0.54409993 0.54205632 0.53492510 0.52770889 0.52114451 0.52794987 0.51909822 0.52381021 0.47996408 0.21329223 -0.02337274 -0.29835767 -0.65423805 -0.90134370 -0.93695748 -0.95281208 -0.97730994 -0.98115772 -0.98722219 -1.00928807 -1.00864267 -1.01554585 -1.02109969 -1.02105832 -1.00652564 -1.01426125 -0.99512058 -1.00104237 -0.99412423 -0.98429787 -1.01703501 -1.02129233 -1.02214575 -1.03048325 -1.03029263 -1.01283622 -1.01540160 -1.01255095 -1.01250565 -1.02020490 -1.02774262 -1.03057766 -1.04510963 -1.04438245 -1.04734564 -1.05120802 -1.05789292 -1.06606388 -1.05821741 -1.05804563 -1.06150138 -1.06406534 -1.06181395 -1.05636203 -1.05131161 -1.05968511 -1.05280757 -1.05477977 -1.05406213 -1.04489195 -1.04607856 -1.04332471 -1.02519000 -1.02204835 -1.01952422 -0.99643183 -0.99898815 -0.90259707 -0.75391179 -0.50791913 -0.21932742 0.06351502 0.29763466 0.52833647 0.56691670 0.57766908 0.58542031 0.59980828 0.60865945 0.61607277 0.62095815 0.62782758 0.63436007 0.64612538 0.64286846 0.64120293 0.65418684 0.65926260 0.65667307 0.65961301 0.66494286 0.67376012
0.55745333 0.56888151 0.56260687 0.54789770 0.55477005 0.55890006 0.55028653 0.55389941 0.55019963 0.54787529 0.55633569 0.55644447 0.55760509 0.55610359 0.55668461 0.55239904 0.55832100 0.55532777 0.55009669 0.55469722 0.55455482 0.55481654 0.55897880 0.55493557 0.55265892 0.55517167 0.55739069 0.55169249 0.54500222 0.55012459 0.55086416 0.54502982 0.54413664 0.54172039 0.53775138 0.53567427 0.53180587 0.52418476 0.51519877 0.54236138 0.40365922 0.12622167 -0.07095309 -0.40694869 -0.76412719 -0.91371083 -0.93186235 -0.94350475 -0.96521133 -0.97277093 -0.99301887 -1.00708091 -1.01566386 -1.01856101 -1.01354206 -1.02184331 -1.01682055 -1.01019323 -1.00967908 -0.98187369 -0.99442762 -0.99728465 -1.01128256 -1.00920761 -1.01362228 -1.02676904 -1.01405311 -1.01718903 -1.00807548 -1.00019062 -1.01090050 -1.01928449 -1.03278089 -1.03586733 -1.03708422 -1.03726888 -1.04735219 -1.05263174 -1.05144691 -1.05376554 -1.05432189 -1.04967475 -1.05162752 -1.05151689 -1.05459309 -1.05832171 -1.05243719 -1.05610979 -1.05391300 -1.04954493 -1.04685807 -1.04518402 -1.03469706 -1.03861201 -1.02779555 -1.02163327 -1.01564717 -1.00439835 -0.98377591 -0.88439536 -0.75328326 -0.45380777 -0.18781053 0.09966411 0.37389350 0.55064785 0.56998831 0.58417404 0.60678464 0.60651785 0.60892081 0.62295163 0.62724364 0.62575692 0.63186276 0.63867033 0.64267796 0.64639044 0.65886909 0.65593237 0.65808380 0.66561151 0.66445136 0.66446972
0.55463558 0.54838002 0.55889577 0.55835289 0.54747868 0.54477268 0.54686493 0.53932637 0.54696214 0.54674858 0.54285407 0.54950625 0.54820597 0.55021948 0.55428684 0.54736555 0.55022573 0.55429465 0.55314970 0.55333722 0.55388427 0.55301130 0.55365586 0.55321246 0.55698001 0.55213952 0.54416400 0.54663938 0.54649729 0.54412204 0.54352486 0.54263765 0.54236555 0.53234714 0.53607839 0.52324414 0.52023917 0.51958603 0.51609701 0.49338913 0.31577080 0.05491810 -0.15352571 -0.47806096 -0.85355014 -0.94443733 -0.95302093 -0.96528363 -0.97051030 -0.98761249 -1.00119174 -1.00913942 -1.00978422 -1.02660036 -1.03124082 -1.02875113 -1.03717673 -1.02117789 -1.01848185 -1.02163482 -1.00714290 -1.00268948 -1.01591706 -1.02789891 -1.01651347 -1.04043102 -1.02891612 -1.01454449 -1.02406514 -1.01408696 -1.01391268 -1.02991259 -1.04296613 -1.04717302 -1.04558074 -1.04596972 -1.05448115 -1.06293249 -1.06723499 -1.06771302 -1.05978322 -1.06269169 -1.05933106 -1.06305468 -1.05777335 -1.05921483 -1.05696261 -1.05803931 -1.05400348 -1.05591929 -1.05216670 -1.05133057 -1.04724276 -1.03826141 -1.04096842 -1.03020322 -1.01201355 -1.00161743 -0.97378480 -0.88326550 -0.72496861 -0.42980921 -0.14911397 0.13994108 0.40408111 0.54296964 0.57856411 0.58379596 0.58821177 0.60372251 0.60958809 0.61480474 0.61576247 0.63078952 0.63026625 0.63758987 0.64340019 0.64629668 0.65096492 0.65680188 0.65896779 0.65133488 0.65888381 0.66476512
0.54910779 0.55008817 0.55473703 0.54732674 0.54857254 0.54321516 0.54200917 0.55154580 0.54505223 0.54989851 0.55299592 0.55298984 0.55109131 0.54998314 0.54988861 0.55411386 0.55054533 0.54996383 0.56003910 0.55336469 0.55062705 0.55840141 0.55682260 0.55570728 0.54984659 0.55505633 0.55366766 0.54695767 0.54960710 0.54313809 0.54386604 0.53856784 0.53531337 0.53590667 0.53015977 0.52741081 0.52235532 0.51604646 0.51990378 0.45862752 0.23789160 -0.00066127 -0.29058683 -0.66615123 -0.91460854 -0.93229532 -0.94482130 -0.96215725 -0.97640383 -0.98788959 -0.99541837 -1.01401877 -1.01681364 -1.02028549 -1.02591360 -1.03226388 -1.03074193 -1.03300905 -1.02276778 -1.01441145 -1.02105987 -1.00666356 -0.99585199 -1.01397955 -1.01801586 -1.01866794 -1.01733851 -1.01452088 -1.01086938 -1.01185310 -1.01856554 -1.02908623 -1.03378963 -1.03296697 -1.03575385 -1.04744029 -1.04961503 -1.05633199 -1.05060399 -1.05766153 -1.05246150 -1.05522752 -1.05672026 -1.04911685 -1.05494273 -1.06141126 -1.05388415 -1.05636609 -1.05381358 -1.04716825 -1.04685235 -1.04523194 -1.04649818 -1.03702605 -1.03123665 -1.02914357 -1.02067196 -0.99503374 -0.96699876 -0.88132542 -0.65206242 -0.38916188 -0.14506218 0.16174988 0.45844948 0.55341566 0.57061034 0.58968085 0.60373664 0.60467345 0.60886359 0.62614775 0.62535012 0.61988682 0.63283145 0.62981886 0.65345216 0.65168840 0.64542222 0.65387112 0.65942526 0.65668267 0.66714847 0.66158634
0.54528528 0.54714209 0.54984909 0.54477739 0.54267222 0.54918724 0.54217410 0.54167062 0.54466641 0.54423457 0.55039448 0.54809511 0.55035508 0.54953378 0.54842848 0.54744649 0.54666317 0.54603672 0.54828018 0.54829472 0.55375141 0.55330986 0.54476327 0.55147642 0.55203164 0.54338157 0.54618657 0.54669726 0.54867578 0.53955519 0.53891659 0.54117352 0.53155637 0.52702343 0.52498364 0.52125591 0.51849383 0.51718146 0.53850991 0.43539381 0.15566410 -0.10469852 -0.40885121 -0.73312533 -0.91270268 -0.95141292 -0.95350903 -0.95743585 -0.96860540 -0.99121279 -0.99508530 -1.00543594 -1.02207327 -1.02781582 -1.02832723 -1.03538096 -1.03381956 -1.02926159 -1.04312277 -1.02461910 -1.01039326 -1.01410210 -1.01707888 -1.02631211 -1.02113414 -1.03055370 -1.02031875 -1.02215493 -1.03016174 -1.02032065 -1.02359009 -1.03618777 -1.03786111 -1.04747379 -1.04743886 -1.04858243 -1.05772710 -1.05961633 -1.05759978 -1.06256568 -1.06452167 -1.05672073 -1.05555725 -1.05798781 -1.05651224 -1.05762887 -1.05863571 -1.04884553 -1.05216932 -1.05129182 -1.05358911 -1.05242336 -1.03474653 -1.04928684 -1.04198861 -1.02693295 -1.00726676 -0.99796116 -0.95583212 -0.84406734 -0.62940943 -0.38139963 -0.08721955 0.19892852 0.47804826 0.56105161 0.57786041 0.58215213 0.58867794 0.60652095 0.61085415 0.60958982 0.62496674 0.62062556 0.63770270 0.64081562 0.63619685 0.64270639 0.64982641 0.64511013 0.65294290 0.64496672 0.65583420 0.65309268
0.53683168 0.54409951 0.53864306 0.54367548 0.54426789 0.53945321 0.54219741 0.54131669 0.54564905 0.55076617 0.54637843 0.55059481 0.54885495 0.54783934 0.55026662 0.54930788 0.54638374 0.55395746 0.54957467 0.55289727 0.54737538 0.55622315 0.55733889 0.54484934 0.54834968 0.54738879 0.54081023 0.54440051 0.54041249 0.54259503 0.53533041 0.52556193 0.52643520 0.51986790 0.52061784 0.51628423 0.51456183 0.52599341 0.50795746 0.26634151 0.06457123 -0.17572577 -0.55669379 -0.84862226 -0.93658513 -0.93708009 -0.95123100 -0.96835768 -0.97265142 -0.97606361 -0.99459559 -1.00717747 -1.01342380 -1.02018857 -1.02674890 -1.02781308 -1.03636324 -1.03392041 -1.02681005 -1.02425647 -1.01631534 -1.01579618 -1.00926030 -1.01814771 -1.01055646 -1.02413666 -1.01354039 -1.01282418 -1.01482666 -1.01244164 -1.01970112 -1.03882349 -1.03875983 -1.03801179 -1.03925622 -1.04256463 -1.05060172 -1.05139828 -1.05656958 -1.05211639 -1.05376971 -1.05323577 -1.05140007 -1.05561876 -1.05513513 -1.05075800 -1.04865038 -1.05329096 -1.05106473 -1.04513359 -1.03591216 -1.04240978 -1.04677188 -1.03330553 -1.03335285 -1.02415764 -1.00196004 -0.98679388 -0.93691355 -0.85507143 -0.58945560 -0.31182730 -0.08578456 0.21113779 0.49665022 0.55961919 0.57853919 0.58859217 0.60018569 0.59991390 0.60676169 0.61919141 0.62240988 0.63004738 0.63636279 0.63047755 0.63636738 0.64849687 0.64924055 0.64223081 0.65155667 0.66062212 0.66091365 0.65612894
0.54014528 0.53766066 0.54404032 0.53907496 0.54129195 0.54383683 0.54374677 0.54240614 0.54224151 0.54360396 0.54807955 0.54387069 0.54574943 0.54404497 0.54008102 0.54564720 0.54460329 0.54050803 0.54910344 0.55270356 0.54532331 0.55148578 0.54744482 0.54718477 0.54256606 0.54260314 0.54285413 0.54145187 0.54083794 0.53147823 0.53303760 0.52815592 0.52068859 0.51898509 0.51477170 0.51048619 0.51947904 0.53921866 0.36424112 0.22139134 -0.04036838 -0.42383668 -0.74956286 -0.91739661 -0.93903106 -0.95005369 -0.95042098 -0.96354604 -0.98078424 -0.99196559 -1.00325203 -1.01589727 -1.02237940 -1.02322042 -1.03036582 -1.03472936 -1.03115666 -1.03645146 -1.03732300 -1.02431893 -1.01848638 -1.01427412 -1.00785089 -1.01979434 -1.01293766 -1.00856495 -1.01451659 -1.01637161 -1.02290297 -1.02097094 -1.02584720 -1.04093695 -1.03948438 -1.04095817 -1.04826772 -1.05498016 -1.05736816 -1.05883944 -1.05709016 -1.05845296 -1.05008280 -1.05159712 -1.05883110 -1.05233967 -1.04943097 -1.05438960 -1.05662870 -1.04868829 -1.04726934 -1.05182052 -1.04941392 -1.04705036 -1.04640412 -1.03889608 -1.03239417 -1.02377808 -1.01187742 -0.99487752 -0.92919326 -0.82622045 -0.59947258 -0.27496719 -0.03897387 0.18523495 0.48331231 0.56300831 0.57453716 0.58859301 0.59510261 0.60357344 0.61521941 0.61757684 0.62353116 0.62585819 0.62919080 0.63116640 0.64501250 0.64128548 0.64126754 0.65177518 0.65291291 0.64492667 0.65948975 0.65696889
0.53697181 0.54061472 0.53376514 0.53603441 0.54116917 0.53855407 0.53938609 0.54356837 0.54271328 0.54094303 0.54345888 0.54288977 0.54569697 0.54532945 0.54545927 0.54645383 0.54477525 0.54539704 0.54448301 0.54428869 0.54503620 0.54897004 0.54297197 0.53362954 0.53869843 0.54277587 0.53867877 0.53501987 0.53494388 0.53435487 0.52896386 0.52156579 0.51881826 0.51382846 0.51136738 0.51823604 0.55440706 0.43732923 0.34943968 0.15166329 -0.25791278 -0.54667330 -0.77287489 -0.92017132 -0.92698377 -0.93959379 -0.95392251 -0.96245831 -0.96381670 -0.99096638 -0.99849796 -1.00112450 -1.01734221 -1.01759136 -1.02398384 -1.03203952 -1.03546035 -1.03007329 -1.03507578 -1.04074359 -1.01701915 -1.02558231 -1.01139522 -1.00901186 -1.00807202 -1.00539792 -1.00995159 -1.01121247 -1.01114750 -1.02350020 -1.02848566 -1.03343248 -1.04526007 -1.04153049 -1.04261732 -1.03906095 -1.04534996 -1.05010557 -1.04645705 -1.04974091 -1.05416632 -1.05052042 -1.04622185 -1.05447543 -1.05841136 -1.04582095 -1.04951942 -1.04504240 -1.04570806 -1.04562688 -1.03967452 -1.04632568 -1.03190851 -1.04700577 -1.04154348 -1.01756918 -0.99748230 -0.99324197 -0.94365799 -0.79666847 -0.58222097 -0.32504982 0.00223757 0.18656446 0.41603231 0.55313003 0.57333767 0.58479214 0.59349865 0.59915501 0.60689467 0.61217821 0.62400377 0.63000196 0.63230020 0.63443792 0.63401908 0.63721216 0.64792126 0.64482975 0.65410930 0.66202223 0.65152216 0.65919203
0.52733207 0.53884906 0.54134530 0.54210436 0.53833991 0.53353381 0.54048383 0.54212779 0.53386486 0.54437506 0.54651481 0.53553677 0.54162669 0.54258394 0.54321742 0.54005343 0.54079103 0.54592443 0.53897059 0.54275519 0.54566592 0.54075807 0.54214400 0.53686875 0.53826112 0.53356081 0.53561902 0.53408724 0.52776778 0.52370161 0.52542281 0.51315206 0.51249582 0.50779837 0.50222582 0.52133560 0.47981495 0.30711514 0.22355138 -0.08041188 -0.47102314 -0.77008855 -0.91675907 -0.93901336 -0.95655996 -0.95744371 -0.95397824 -0.97535330 -0.99599880 -0.99920362 -1.00777912 -1.02280760 -1.02141404 -1.02278042 -1.02657998 -1.02599430 -1.03296971 -1.03771937 -1.02684629 -1.02740109 -1.01026773 -1.01066089 -1.00593543 -0.99654442 -1.00007093 -1.00104642 -0.99758786 -1.00733602 -1.01011622 -1.01603341 -1.03118479 -1.04538059 -1.04719341 -1.03946948 -1.05011547 -1.05497956 -1.04922080 -1.04861045 -1.05195951 -1.04631889 -1.04554284 -1.05208349 -1.05372441 -1.04621804 -1.04378223 -1.05049431 -1.04538262 -1.05093992 -1.04014933 -1.04088557 -1.03834665 -1.04331160 -1.04404628 -1.03458750 -1.02966964 -1.02486181 -1.00395811 -0.98650998 -0.95062661 -0.84688479 -0.61081094 -0.35767943 -0.04957792 0.16324152 0.38175344 0.53445733 0.57756442 0.58279878 0.59076536 0.60401344 0.61098182 0.62351364 0.62521654 0.62277997 0.62799853 0.63832510 0.63718706 0.63784754 0.64185131 0.65193808 0.64421135 0.65710199 0.65600705 0.64846861
0.53722870 0.53275084 0.53591442 0.52888680 0.53949338 0.53708076 0.53238755 0.52968186 0.54210025 0.53350741 0.53543156 0.53860486 0.53574085 0.53884691 0.53391075 0.53780586 0.54572850 0.53900111 0.54095405 0.53858584 0.53809261 0.53676796 0.53471386 0.53447330 0.53594863 0.53882462 0.53811961 0.52933943 0.52819926 0.52155757 0.51932484 0.51597053 0.51170748 0.51361036 0.50555724 0.51167470 0.39098746 0.30638528 0.06189312 -0.31727457 -0.66401953 -0.83123511 -0.90951282 -0.93781245 -0.92880797 -0.94562012 -0.96214461 -0.95915651 -0.97975457 -0.99513429 -1.00646067 -1.01037788 -1.01306987 -1.01025093 -1.02333903 -1.02736521 -1.02235556 -1.02918339 -1.03327167 -1.02859390 -1.01700616 -1.00229168 -0.99791682 -0.99243480 -0.98497349 -0.98951453 -0.99919695 -0.99940032 -1.00577188 -1.01701498 -1.02613437 -1.03048301 -1.03402960 -1.03085196 -1.02807570 -1.03429401 -1.04283333 -1.03974915 -1.03890479 -1.04773855 -1.04594803 -1.04189813 -1.04077232 -1.04602301 -1.04625678 -1.04562461 -1.04309034 -1.04194856 -1.03648782 -1.04679322 -1.04716074 -1.03839207 -1.03274584 -1.04132032 -1.02893662 -1.00971198 -1.00138819 -0.99242020 -0.94370139 -0.83631736 -0.67484987 -0.43052599 -0.09288476 0.10871033 0.29243463 0.50406176 0.56127781 0.57653254 0.59113687 0.59622306 0.60310781 0.60814643 0.61685908 0.62186360 0.62425953 0.62695307 0.63626480 0.63973230 0.64050555 0.64584070 0.65864354 0.64988613 0.64815718 0.66014594
0.53052032 0.53306848 0.53804117 0.54044688 0.53535825 0.53185171 0.54097492 0.53483862 0.52900118 0.53644538 0.53683615 0.53020316 0.53692281 0.54045087 0.53580636 0.53925842 0.53407758 0.53985167 0.53976095 0.53729218 0.53169131 0.53510076 0.53535432 0.52937239 0.52852362 0.52956730 0.53074884 0.52434677 0.51920003 0.52264696 0.51862752 0.50819510 0.50514382 0.49965537 0.51442271 0.48359656 0.32857710 0.14961000 -0.22714922 -0.54446054 -0.78629732 -0.90979153 -0.93061107 -0.93708378 -0.95398730 -0.94506121 -0.96021128 -0.98848408 -0.99465269 -1.00060344 -1.00887799 -1.01093400 -1.01479268 -1.02450776 -1.01995695 -1.02022290 -1.02729726 -1.03326452 -1.02936077 -1.02321148 -1.01136780 -1.00908959 -0.98920590 -0.97841340 -0.98614240 -0.97558463 -0.99075067 -0.99902618 -1.00395143 -1.01502955 -1.03700042 -1.03411400 -1.03429568 -1.03829443 -1.04596245 -1.04335403 -1.04239392 -1.04517424 -1.04126298 -1.03643167 -1.04488504 -1.04196262 -1.03794086 -1.03819060 -1.03873789 -1.03862047 -1.03855979 -1.03734612 -1.03629768 -1.03449035 -1.02368522 -1.04074633 -1.03563261 -1.03102326 -1.02778661 -1.01703143 -1.00330353 -0.98875654 -0.96405780 -0.86606252 -0.70638430 -0.52499622 -0.20201869 0.08092193 0.23667158 0.45199549 0.56223857 0.57593459 0.58858871 0.60105240 0.60867006 0.60453141 0.61720747 0.62237710 0.62339205 0.62459075 0.63540655 0.63540286 0.63238394 0.64444786 0.63856876 0.65588140 0.64934897 0.63584220
0.52893430 0.53326845 0.52749068 0.52904272 0.53681302 0.52950740 0.52417433 0.53496176 0.53172141 0.52238333 0.53765231 0.53936929 0.52945876 0.53063285 0.53586054 0.53596514 0.53434253 0.53556210 0.53436214 0.53108048 0.53377682 0.53258258 0.53244281 0.53461611 0.53493434 0.52797288 0.52628225 0.52144098 0.51948953 0.51433176 0.50772923 0.51277971 0.51118076 0.50737113 0.52596599 0.44601303 0.21040846 -0.03902200 -0.31318790 -0.67671794 -0.88487285 -0.92496169 -0.93551731 -0.93518591 -0.94398528 -0.96405756 -0.96608806 -0.98197514 -0.99655986 -1.00444114 -1.00542641 -1.01541519 -1.01433158 -1.00597322 -1.02378893 -1.02411103 -1.01849508 -1.02730191 -1.02370119 -1.02192950 -1.00878656 -0.99043489 -0.99250168 -0.97995234 -0.97146106 -0.97438043 -0.98362911 -0.99378234 -0.99807507 -1.01119328 -1.02131963 -1.02892935 -1.02980852 -1.02472448 -1.02761519 -1.03447449 -1.03934133 -1.03107357 -1.04140830 -1.04449511 -1.03978908 -1.03730810 -1.04131508 -1.04448009 -1.04008222 -1.03981316 -1.03521073 -1.03903556 -1.03495502 -1.04177952 -1.03724384 -1.03243625 -1.02953970 -1.03373134 -1.02947497 -1.00907230 -0.99756193 -0.98705953 -0.97110903 -0.90936816 -0.75952321 -0.58110678 -0.31332380 0.00870149 0.17517702 0.37178642 0.53806806 0.57292956 0.58222014 0.58672941 0.59615290 0.60991091 0.61205518 0.61288887 0.62207687 0.62647259 0.62215668 0.63316470 0.63772076 0.63707614 0.64815211 0.63807869 0.64635795 0.65477777
0.53120571 0.52642471 0.53609794 0.53142726 0.52764320 0.53069764 0.53306973 0.51802564 0.52539986 0.53294718 0.52143401 0.53031933 0.52871406 0.53901410 0.53609973 0.52679557 0.53541803 0.53303808 0.53330225 0.52740175 0.52881169 0.53583837 0.52628464 0.52527624 0.52522689 0.52983057 0.52031642 0.51548076 0.51391226 0.51450443 0.51269144 0.50507736 0.50174147 0.50307465 0.48007226 0.32444054 0.08229281 -0.12946685 -0.44820237 -0.82740259 -0.92329174 -0.92861402 -0.93426228 -0.94370723 -0.94482851 -0.95278686 -0.97079861 -0.99035203 -0.99842769 -1.00419915 -1.01299405 -1.00810444 -1.01666296 -1.02102661 -1.02161551 -1.02564144 -1.03330863 -1.03171563 -1.02687669 -1.01949096 -1.01492560 -1.00263882 -0.97852540 -0.98102647 -0.97442412 -0.96915746 -0.98144877 -0.99281657 -1.01210666 -1.02252579 -1.02801669 -1.03176332 -1.03324509 -1.03531098 -1.03663492 -1.04129243 -1.04608727 -1.04181981 -1.04125154 -1.04022384 -1.03567803 -1.03729057 -1.03872478 -1.04007113 -1.03421783 -1.04182458 -1.03981268 -1.03897774 -1.03670692 -1.03546357 -1.02914882 -1.03974426 -1.03910577 -1.03206789 -1.02660882 -1.00974643 -1.00789082 -0.97784007 -0.95598698 -0.93548703 -0.82030845 -0.63193172 -0.41145688 -0.07762958 0.14728309 0.32274717 0.50345838 0.56237960 0.57912081 0.59143060 0.59754187 0.59802198 0.60622966 0.60813558 0.61868966 0.62043005 0.62606061 0.62940979 0.64107037 0.63656092 0.64192474 0.64484978 0.64804751 0.64845389
0.52315062 0.53186721 0.52218693 0.53032470 0.53124160 0.52829379 0.52958256 0.53258967 0.52577257 0.52148396 0.52833360 0.52950954 0.53166652 0.52824599 0.53179133 0.52948564 0.52990097 0.53030467 0.52746069 0.53727508 0.53265667 0.52499545 0.53091902 0.52903426 0.52411819 0.52314615 0.51544505 0.51250166 0.51438624 0.51241153 0.51120913 0.51054305 0.50470483 0.50200373 0.47223806 0.28593636 -0.01132484 -0.27390167 -0.58384007 -0.89141840 -0.92897379 -0.94754887 -0.95892102 -0.94616026 -0.96557772 -0.97510368 -0.98525518 -1.00201631 -1.00979209 -1.01877677 -1.02093840 -1.02285266 -1.02191913 -1.02026474 -1.02783489 -1.03665090 -1.03001428 -1.03474486 -1.04170406 -1.03138733 -1.01879120 -1.00852263 -1.00380576 -0.98488921 -0.97640020 -0.97228843 -0.98267692 -1.00502360 -1.01107442 -1.01559269 -1.03922248 -1.04470718 -1.03353238 -1.04319632 -1.04491091 -1.04696167 -1.04964328 -1.04654670 -1.04822636 -1.05201650 -1.04146802 -1.04784405 -1.04064023 -1.05254221 -1.04799521 -1.03738856 -1.04144585 -1.04416561 -1.03709304 -1.04112196 -1.04231381 -1.04342115 -1.03493774 -1.04050052 -1.04229224 -1.01436877 -1.00757444 -1.00558019 -0.97245210 -0.95070761 -0.88607502 -0.70310134 -0.46918064 -0.18035387 0.08510576 0.28481710 0.48387462 0.56500220 0.57972044 0.58483183 0.60364735 0.60694855 0.60982049 0.61072469 0.62036985 0.61822188 0.61872089 0.62563527 0.61865020 0.63852680 0.63342726 0.63829285 0.64289552 0.63289475
0.52025920 0.52224660 0.53256720 0.52742952 0.52632660 0.52573991 0.52318364 0.52312762 0.52390158 0.52580458 0.52498293 0.52990937 0.53638929 0.53204316 0.53188342 0.53428376 0.53341627 0.52994710 0.52979517 0.52828461 0.52866471 0.52344495 0.52223480 0.52377552 0.51892024 0.51583058 0.51482528 0.51079071 0.51246798 0.50879449 0.50224185 0.50264430 0.50692338 0.50773537 0.47147834 0.15113862 -0.07551170 -0.34040999 -0.70199227 -0.91752273 -0.94651908 -0.94629061 -0.94136810 -0.95029324 -0.95818299 -0.97818208 -0.98510712 -1.00665331 -1.01116765 -1.01513767 -1.01927948 -1.01775074 -1.03036535 -1.02662742 -1.02280521 -1.03786385 -1.03779185 -1.03564405 -1.03699934 -1.03329122 -1.02260005 -1.01527691 -0.99345165 -0.98239487 -0.97931743 -0.97938514 -0.98665255 -1.00215244 -1.01211786 -1.03313982 -1.03150344 -1.04305434 -1.03359485 -1.03949726 -1.04738057 -1.04960155 -1.05058682 -1.04878175 -1.04961848 -1.04700398 -1.04375875 -1.05282879 -1.04480934 -1.04946291 -1.05032873 -1.04275393 -1.04633927 -1.04733658 -1.04600918 -1.04906690 -1.04180026 -1.04747009 -1.05156517 -1.04142416 -1.02604651 -1.02060962 -1.00881100 -0.98714018 -0.96820587 -0.95600247 -0.89303857 -0.75329399 -0.55254018 -0.25023949 0.01328345 0.23671423 0.46490109 0.55245948 0.57256037 0.58140957 0.58173209 0.59785491 0.60642248 0.61331069 0.61331260 0.61664915 0.62093449 0.63391626 0.63427830 0.63077360 0.64167970 0.65332282 0.64680934 0.65421200
0.52187324 0.52847070 0.52417135 0.52019399 0.52886498 0.52620107 0.52549452 0.52172899 0.51781213 0.52374345 0.52180070 0.52543938 0.52291405 0.52604878 0.53151435 0.52567446 0.53126967 0.52776462 0.52419025 0.52677679 0.52431673 0.52480674 0.52642334 0.52359927 0.51857489 0.51398790 0.50958478 0.50546771 0.50682366 0.50575060 0.50545102 0.50733984 0.49940270 0.50511849 0.35628676 0.07975681 -0.12307474 -0.40452605 -0.78965276 -0.93226451 -0.94597113 -0.94240344 -0.95781159 -0.95900011 -0.95654190 -0.97683072 -0.99362844 -0.99813461 -1.00772190 -1.01733422 -1.01219857 -1.02335978 -1.02684379 -1.02615249 -1.03399205 -1.03819215 -1.03558803 -1.04382873 -1.04036868 -1.03428650 -1.03224099 -1.01666510 -1.00143564 -0.99359047 -0.98227149 -0.97635937 -0.98782545 -1.00494504 -1.02160847 -1.02615094 -1.03317404 -1.03975165 -1.03480089 -1.05623627 -1.05396903 -1.05229962 -1.05396783 -1.04664266 -1.04491925 -1.05110276 -1.04783320 -1.04147589 -1.04577279 -1.04420519 -1.04991150 -1.04641092 -1.04035914 -1.03986514 -1.03399324 -1.03624761 -1.04286742 -1.04537272 -1.03805959 -1.03903604 -1.03421557 -1.01143682 -1.01026452 -0.99954778 -0.97634155 -0.96268499 -0.92099595 -0.76706356 -0.58855242 -0.31516331 -0.02760319 0.19149689 0.44061524 0.54865497 0.56804186 0.58359730 0.59848416 0.59618461 0.59998405 0.61297315 0.60811603 0.61762071 0.61548871 0.61619848 0.61539412 0.63321269 0.62793750 0.61965096 0.63751161 0.64205658
0.51912808 0.51779515 0.52408385 0.52950501 0.52383941 0.52208912 0.52376419 0.52631843 0.52526754 0.52597761 0.53197402 0.53016466 0.53455502 0.52762944 0.53338003 0.53838831 0.53012395 0.52858430 0.52612323 0.52196562 0.52438480 0.52275187 0.51939487 0.51291752 0.51325685 0.51441306 0.51152092 0.51133275 0.51146662 0.51090676 0.50897259 0.50327843 0.49874049 0.47128659 0.31414771 0.02426229 -0.18714108 -0.48424596 -0.87765473 -0.94788194 -0.95800072 -0.95158178 -0.95205241 -0.96329659 -0.97164130 -0.99059057 -0.99350333 -1.01116526 -1.01007998 -1.01904953 -1.01947439 -1.02077687 -1.02878201 -1.02674484 -1.02858865 -1.03767145 -1.03850889 -1.03607571 -1.04758024 -1.04189992 -1.03022075 -1.01941335 -1.01607907 -0.99627131 -0.97918624 -0.99660021 -0.99942398 -1.00910008 -1.01478899 -1.02818072 -1.03327823 -1.03873587 -1.03533614 -1.04513574 -1.05277455 -1.05333769 -1.05175185 -1.05531561 -1.05717099 -1.05501127 -1.04753518 -1.04933238 -1.04834116 -1.04676294 -1.04822838 -1.04255009 -1.05053544 -1.05071998 -1.04602230 -1.05195129 -1.05065715 -1.04814708 -1.05086553 -1.04283333 -1.02258313 -1.02183819 -1.00818610 -0.97563297 -0.97495002 -0.95699483 -0.92705089 -0.80728894 -0.59047049 -0.36151811 -0.06277353 0.19290970 0.41445357 0.53448743 0.56823254 0.57770985 0.57883567 0.59857255 0.60202819 0.60926926 0.61451578 0.60711163 0.61887711 0.63014567 0.63272506 0.62491465 0.64449096 0.64395082 0.64689964 0.64912593
0.52150780 0.52000940 0.52610397 0.52392918 0.52635348 0.52677602 0.52285641 0.52037048 0.52059311 0.52492666 0.52088171 0.51994449 0.53519338 0.52670938 0.52494198 0.53086859 0.53043514 0.52293646 0.53269541 0.53076470 0.52437735 0.52352452 0.52294534 0.52252746 0.51277483 0.51267236 0.50601578 0.50230700 0.50978500 0.50131989 0.49827325 0.49697578 0.49640632 0.47223699 0.29904574 -0.02138659 -0.27987096 -0.51135063 -0.86622506 -0.94087267 -0.94884121 -0.95321822 -0.94798630 -0.96415639 -0.96117145 -0.97808498 -0.98751283 -0.99452645 -1.00880575 -1.00944996 -1.01396787 -1.02140355 -1.02557063 -1.02991247 -1.04028320 -1.03583777 -1.03859723 -1.03466666 -1.02955461 -1.03851330 -1.03639805 -1.01965928 -1.00753391 -1.00336027 -1.00033438 -0.99210519 -0.99397147 -1.00718474 -1.01622093 -1.02266693 -1.02837574 -1.03966606 -1.03510845 -1.04697251 -1.05322945 -1.05005467 -1.05493164 -1.04622149 -1.04512882 -1.04907668 -1.04975045 -1.05278039 -1.04510176 -1.04402828 -1.04953349 -1.04267800 -1.03716660 -1.04343498 -1.03145730 -1.03864992 -1.03919506 -1.04201376 -1.03634977 -1.03499138 -1.01658463 -1.01578248 -1.00147724 -0.98015684 -0.96843517 -0.95860606 -0.91895473 -0.83528399 -0.61950725 -0.34967023 -0.09182981 0.16118856 0.42087322 0.53364289 0.56017751 0.58734339 0.59151131 0.58956122 0.60039181 0.61318016 0.60757923 0.61514336 0.62672323 0.61622053 0.62824965 0.62777746 0.62253243 0.64896858 0.64847344 0.64632422
0.51637721 0.51851022 0.51797324 0.52082628 0.52371848 0.52631718 0.52117038 0.52928752 0.52019572 0.52060753 0.53182864 0.52622944 0.52356875 0.53132147 0.52764022 0.53258157 0.52642393 0.53050268 0.51974535 0.51867896 0.51770753 0.51955259 0.51294893 0.50868487 0.51437205 0.51330465 0.51117229 0.51181525 0.50367469 0.50558019 0.50839895 0.49987411 0.49386990 0.46104300 0.21093740 -0.06617790 -0.28317460 -0.54479653 -0.90439451 -0.95382363 -0.95185673 -0.95249128 -0.95852524 -0.97220397 -0.96837789 -0.97031701 -0.98349172 -0.99884015 -0.99701864 -1.01286995 -1.01334691 -1.01826477 -1.02826691 -1.01960194 -1.03060937 -1.03707814 -1.03424084 -1.04228091 -1.04656470 -1.03278995 -1.02921188 -1.02363801 -1.01066518 -1.00028753 -0.99004960 -0.98336786 -1.00930011 -1.00350308 -1.00551021 -1.02863097 -1.01310825 -1.02184904 -1.04244256 -1.04755306 -1.05054426 -1.05293334 -1.04936373 -1.04993594 -1.05163777 -1.04596496 -1.03667152 -1.04108608 -1.04852498 -1.04311109 -1.03413224 -1.04620063 -1.04339862 -1.04242909 -1.03847468 -1.04168284 -1.03816879 -1.04140508 -1.04194009 -1.02812040 -1.01442111 -1.00476027 -0.99186313 -0.96671623 -0.96165478 -0.94928795 -0.91766429 -0.80754858 -0.61604184 -0.37159356 -0.06757965 0.21606664 0.42509359 0.52841836 0.56366152 0.57064956 0.58307248 0.59593517 0.59121042 0.59688926 0.61212230 0.60369205 0.60804421 0.61867416 0.60771877 0.62211668 0.63942713 0.62172866 0.62809741 0.63742805
0.52270013 0.51600420 0.52370334 0.52817792 0.51899630 0.52247429 0.52046096 0.51918131 0.52734834 0.52558476 0.52116871 0.53082466 0.52591717 0.52945477 0.52931339 0.53378123 0.52764064 0.52334917 0.53818560 0.53117442 0.52097052 0.52567422 0.51901704 0.51182258 0.51466131 0.50860095 0.50400931 0.50454104 0.50477409 0.50159502 0.50260860 0.49378586 0.48860872 0.40583199 0.18977560 -0.06859666 -0.35339653 -0.60298228 -0.90669888 -0.94595003 -0.95813191 -0.96802408 -0.96750641 -0.96680284 -0.96788979 -0.98770416 -0.98633558 -0.99684346 -1.01010108 -1.01171315 -1.01811445 -1.02644634 -1.03565347 -1.03432071 -1.04521036 -1.03682351 -1.03715420 -1.03764617 -1.03789318 -1.04055274 -1.04441476 -1.02908480 -1.02119160 -1.00849271 -0.99838436 -1.00806487 -0.99873811 -1.01780057 -1.00205982 -1.01873446 -1.03620934 -1.03610361 -1.03920925 -1.04663277 -1.04831684 -1.04713106 -1.05855405 -1.04805231 -1.05018795 -1.06400681 -1.04644406 -1.04903066 -1.05053878 -1.04598188 -1.04346800 -1.04466176 -1.04039419 -1.04027152 -1.03178036 -1.03970611 -1.04854870 -1.04517341 -1.03938842 -1.02439010 -1.01682854 -1.00728500 -0.98977160 -0.97358221 -0.97099698 -0.95383793 -0.90905172 -0.81967878 -0.57249683 -0.37620068 -0.09247770 0.24463604 0.45794588 0.53791636 0.56665581 0.58641446 0.58467048 0.59087050 0.61175835 0.60838962 0.60870284 0.61840218 0.62476826 0.62655592 0.64367837 0.63402277 0.64788699 0.65800923 0.65820742 0.66126657
0.51312554 0.52243292 0.51950443 0.52429456 0.52452475 0.52436012 0.52045846 0.52179956 0.51893657 0.52204740 0.52258730 0.51874864 0.52780086 0.52473021 0.52252120 0.52217668 0.52739334 0.52135015 0.51985121 0.51915729 0.51606494 0.51711059 0.50822687 0.51342636 0.51203394 0.50988495 0.50905788 0.50802469 0.50423735 0.50076056 0.49838406 0.49878281 0.49119699 0.43633282 0.17306979 -0.08517235 -0.32537475 -0.58638114 -0.91866523 -0.95100313 -0.95172244 -0.96203864 -0.95188278 -0.95788950 -0.96251673 -0.96523929 -0.97226417 -0.98707378 -1.00099242 -1.00150514 -1.01567042 -1.02607846 -1.01782513 -1.02278757 -1.03730536 -1.03403270 -1.03230715 -1.03805518 -1.03615880 -1.03618848 -1.02199626 -1.01700318 -1.00859380 -1.00281966 -0.98427707 -0.98906684 -0.99926621 -0.99879825 -1.00951290 -1.01474059 -1.01936293 -1.01664662 -1.03703523 -1.04350471 -1.04858530 -1.04385912 -1.04720402 -1.04611611 -1.03657293 -1.04248619 -1.03539264 -1.04229379 -1.04316175 -1.04147005 -1.04754281 -1.03922474 -1.02548754 -1.03788662 -1.04289246 -1.04266775 -1.03475630 -1.03781688 -1.03667223 -1.02398098 -1.00802290 -0.99656266 -0.98514378 -0.97776753 -0.95338625 -0.94507051 -0.88841748 -0.76673853 -0.54207718 -0.31435594 -0.04978360 0.28410274 0.48714560 0.53794754 0.55878842 0.57042557 0.58475631 0.58619410 0.58820361 0.59570974 0.61012471 0.60119420 0.60632044 0.61162376 0.60667604 0.63181192 0.61739475 0.61974514 0.63374960 0.63682997
0.51011455 0.51390165 0.51838750 0.51463360 0.51165354 0.52067435 0.51996458 0.51628721 0.52197605 0.51845121 0.52276564 0.52702904 0.51641417 0.52714705 0.52977389 0.52461821 0.52211583 0.53010267 0.52496094 0.51447922 0.51582730 0.52164441 0.51193589 0.50277162 0.50839263 0.50113523 0.49493343 0.50083667 0.50342923 0.50028449 0.49682808 0.48932964 0.48490155 0.42008138 0.14673273 -0.08993430 -0.35583419 -0.63665169 -0.92512780 -0.95873970 -0.96137685 -0.95849693 -0.97250301 -0.96627766 -0.97073954 -0.98125684 -0.97780281 -0.98962492 -1.00628102 -1.02049839 -1.02198017 -1.03006661 -1.04092944 -1.03777850 -1.03691363 -1.03804111 -1.03126037 -1.03838933 -1.04297078 -1.03756285 -1.03262138 -1.02854908 -1.01996660 -1.00659156 -1.00468707 -1.00405955 -1.01290143 -1.00741470 -1.00863409 -1.02770090 -1.03262699 -1.02813244 -1.04437613 -1.04471231 -1.04381299 -1.04943788 -1.04978704 -1.04936838 -1.04899800 -1.05339479 -1.04386723 -1.04126036 -1.04435718 -1.04598618 -1.03308535 -1.04669595 -1.04554129 -1.03689396 -1.03571951 -1.04112804 -1.04416049 -1.04972517 -1.02329814 -1.01607513 -1.02842724 -0.99711078 -0.97702426 -0.98857653 -0.97211534 -0.93407142 -0.90760869 -0.74178892 -0.50446141 -0.24680567 0.03511056 0.34579152 0.49938685 0.54592890 0.57323396 0.57788926 0.58395672 0.58635980 0.60116267 0.59979844 0.60635227 0.61231518 0.62024784 0.62978131 0.62808114 0.62027001 0.64489871 0.64181131 0.64684600 0.64599389
0.51008010 0.51704484 0.51114649 0.51669967 0.51591277 0.51123655 0.51252848 0.51489764 0.51385748 0.51476955 0.51452589 0.52098471 0.51678419 0.51611841 0.52055341 0.51573658 0.51588398 0.51362145 0.51227272 0.51293945 0.51339012 0.50440383 0.50196409 0.50222683 0.50991851 0.50197476 0.50409269 0.50378525 0.49594897 0.48942071 0.48972833 0.49203658 0.49472773 0.42041570 0.12703557 -0.08079688 -0.35002893 -0.67350990 -0.93247676 -0.94923258 -0.95382553 -0.96056116 -0.95776457 -0.96263123 -0.95595610 -0.96581638 -0.97952497 -0.99147195 -1.00046659 -1.00584722 -1.01754475 -1.01881826 -1.02369928 -1.02932096 -1.03351068 -1.02995002 -1.03782129 -1.03403139 -1.03529525 -1.03197646 -1.02862084 -1.01440549 -1.00984693 -1.00548422 -0.99041456 -0.99765569 -0.99276924 -0.99965340 -1.00741351 -1.01185846 -1.02427125 -1.02499795 -1.03819370 -1.03954995 -1.03982460 -1.04409695 -1.04037845 -1.04090345 -1.03938103 -1.03931320 -1.03308105 -1.04737937 -1.04186475 -1.03866446 -1.04628527 -1.03089380 -1.03212893 -1.04277873 -1.04758823 -1.04542649 -1.04282105 -1.03396404 -1.03406703 -1.01360619 -0.99802917 -0.99488121 -0.97734094 -0.96810073 -0.95783681 -0.93785352 -0.88330179 -0.69285417 -0.44607985 -0.20141678 0.10774691 0.40131003 0.51390481 0.54835206 0.56178582 0.57173878 0.58067924 0.58498323 0.58922750 0.60236317 0.59799212 0.59871495 0.60930103 0.60542089 0.60937798 0.61833453 0.62630230 0.62766176 0.62788588 0.64545166
0.50098753 0.50308716 0.50679851 0.50824928 0.51096094 0.51365912 0.50798249 0.51091808 0.51016754 0.51349765 0.51579547 0.51358420 0.51934808 0.51804370 0.51899618 0.51688671 0.51340777 0.51894212 0.51334298 0.50452274 0.50615466 0.50486028 0.49474704 0.50658107 0.50334269 0.49196142 0.49097198 0.49359083 0.49693859 0.49962896 0.49005848 0.48576105 0.48953992 0.38455635 0.11929433 -0.11091655 -0.36576876 -0.70546299 -0.93546039 -0.95134068 -0.95429194 -0.96405560 -0.96694708 -0.95912850 -0.95923829 -0.97546583 -0.97852516 -0.98959625 -1.01347065 -1.02077889 -1.02219713 -1.03248644 -1.03503907 -1.03335428 -1.04032588 -1.03610539 -1.03413200 -1.03021538 -1.03335774 -1.03916872 -1.02358437 -1.02452290 -1.01699913 -1.02138865 -1.01172459 -1.00765109 -1.01905870 -1.00770569 -1.02133691 -1.01507223 -1.03053141 -1.02941632 -1.03049469 -1.04060638 -1.04430079 -1.03832471 -1.04563236 -1.03926146 -1.02884161 -1.04535127 -1.04083443 -1.03482580 -1.05092192 -1.03477323 -1.04018688 -1.04487753 -1.04533672 -1.04565537 -1.04048109 -1.04620862 -1.05264151 -1.05006945 -1.02086997 -1.02895951 -1.01963282 -0.98260182 -0.98933554 -0.98700833 -0.95829314 -0.92018318 -0.84765273 -0.62987071 -0.38061166 -0.14150438 0.17831187 0.42931920 0.52084851 0.55364835 0.56261957 0.57304233 0.58020085 0.57980728 0.59063756 0.59544319 0.59561199 0.59931391 0.60648847 0.62374872 0.60176885 0.60861135 0.62351060 0.62166029 0.63063341 0.63328278
0.50135416 0.50736982 0.51105881 0.50577301 0.50954652 0.50765723 0.51235527 0.51366436 0.51078677 0.50940406 0.51517200 0.51675588 0.51690680 0.51530516 0.51622140 0.51323372 0.51731384 0.51217246 0.50969440 0.51038748 0.50672317 0.50830066 0.50632989 0.49486715 0.49428499 0.50029349 0.50240338 0.49661863 0.49242169 0.49259013 0.48636389 0.48953992 0.47996908 0.37449074 0.08283482 -0.13876206 -0.40975237 -0.78401148 -0.94365543 -0.94768822 -0.96644914 -0.96044737 -0.97078419 -0.96686858 -0.96588665 -0.98047441 -0.98755771 -0.99818754 -1.00373602 -1.01164854 -1.02617204 -1.02362883 -1.03540671 -1.03101218 -1.03135538 -1.03477323 -1.03750598 -1.04638088 -1.04128778 -1.03363633 -1.03553164 -1.02978396 -1.01592970 -1.00461245 -1.01624858 -1.00703013 -1.00992525 -1.00409377 -1.01180422 -1.01995182 -1.02234173 -1.03641474 -1.03388405 -1.03712201 -1.03964245 -1.04918313 -1.02701306 -1.03630412 -1.04488087 -1.03270161 -1.03707373 -1.04145944 -1.03279984 -1.04586124 -1.04237044 -1.04330385 -1.04373050 -1.05132699 -1.05642736 -1.04696822 -1.04667556 -1.03641498 -1.02541029 -1.01821995 -1.00834584 -0.99318767 -0.98156136 -0.97486091 -0.96960634 -0.93375766 -0.82703662 -0.61629754 -0.33399177 -0.11184629 0.20784391 0.49004215 0.53744966 0.55164367 0.57033527 0.58053082 0.57625151 0.59335411 0.59472889 0.60083139 0.59625882 0.60562831 0.60654074 0.59925270 0.61592531 0.62591249 0.62224060 0.63514000 0.62487870 0.63945085
0.50177097 0.49856877 0.50139570 0.50992024 0.51016539 0.50734514 0.50760597 0.51074827 0.51130259 0.50875473 0.51449233 0.51549941 0.51124591 0.51191026 0.51545644 0.51477325 0.51222098 0.51125747 0.51003146 0.50851786 0.50936651 0.49843246 0.49753803 0.50395662 0.49896914 0.49810600 0.49847257 0.49831760 0.49170220 0.49054271 0.49527717 0.48716724 0.48968202 0.36465222 0.03560486 -0.17986609 -0.42857587 -0.80851114 -0.94650000 -0.96039045 -0.95833409 -0.97219861 -0.96501225 -0.96945047 -0.96994907 -0.97517174 -0.98275447 -0.99779403 -1.01427567 -1.01522279 -1.02740335 -1.02925932 -1.02633190 -1.03270376 -1.03476894 -1.03819788 -1.03725398 -1.03279412 -1.03445125 -1.03620231 -1.03789186 -1.03341532 -1.03061318 -1.02114999 -1.01546681 -1.01232994 -0.99977404 -1.00914049 -1.00583494 -1.01210034 -1.01336193 -1.01580322 -1.02700138 -1.03084159 -1.02075064 -1.03631485 -1.03069830 -1.02422833 -1.03323388 -1.03769183 -1.03412366 -1.04372931 -1.03978252 -1.03711700 -1.04031301 -1.03980660 -1.04242682 -1.05089438 -1.04816186 -1.05380487 -1.04921019 -1.02910006 -1.02558124 -1.02449572 -0.99306893 -0.98741519 -0.99198115 -0.95981115 -0.94217569 -0.93368292 -0.82341164 -0.59003794 -0.29622972 -0.05643933 0.19991346 0.47556663 0.54030442 0.56432492 0.56723684 0.57562798 0.58836466 0.59313369 0.59285396 0.60230798 0.60491294 0.60647118 0.60436738 0.61191505 0.60613489 0.61499912 0.61784846 0.62949044 0.63080776 0.62899035
0.49999386 0.50796545 0.50998032 0.50386089 0.50819302 0.51408601 0.50823778 0.50990427 0.51015419 0.51062208 0.51028925 0.51094216 0.51856548 0.51918912 0.51184791 0.51808774 0.51130730 0.51854330 0.51861900 0.51047581 0.51132339 0.51683897 0.50468934 0.49865460 0.50421154 0.49814337 0.49674261 0.49838370 0.49791706 0.49549699 0.48749930 0.49045891 0.48460656 0.28091562 0.02456333 -0.21404520 -0.47597998 -0.85233504 -0.94439393 -0.95360392 -0.97207689 -0.96598035 -0.96557385 -0.97959828 -0.97107959 -0.99013013 -0.99389577 -0.99417228 -1.00470936 -1.01443934 -1.01498032 -1.02121139 -1.02191353 -1.02584374 -1.03178537 -1.02925694 -1.03399134 -1.04341400 -1.04296565 -1.03949499 -1.03864014 -1.03215015 -1.01948106 -1.01729238 -1.00974357 -1.00918734 -1.00629556 -1.00209701 -1.00955880 -1.00639546 -1.01004398 -1.02277315 -1.01715684 -1.03049290 -1.03443825 -1.02573681 -1.02620459 -1.03145444 -1.02608407 -1.03198421 -1.03586030 -1.03115761 -1.03330147 -1.03698909 -1.04035664 -1.04682052 -1.04676902 -1.05753326 -1.04270673 -1.04800212 -1.04005599 -1.02812696 -1.01942086 -1.00758803 -0.99440777 -0.97838050 -0.98132080 -0.96989906 -0.95756882 -0.93711197 -0.83212799 -0.55219966 -0.31723440 -0.03497815 0.29165363 0.49554205 0.53885084 0.55785483 0.57695603 0.58458793 0.58047837 0.59397775 0.60591567 0.60467833 0.60843331 0.60782504 0.60360819 0.61466449 0.61392802 0.62886798 0.63568753 0.62919497 0.63798791 0.65529299
0.50780171 0.50100178 0.50412279 0.51079786 0.51258957 0.50651789 0.51329780 0.51135558 0.50624681 0.50863552 0.51401216 0.51240027 0.51148719 0.51240695 0.51855248 0.51322091 0.52104568 0.51048189 0.51060021 0.52244407 0.50963420 0.50561905 0.51658458 0.51310802 0.50347632 0.50244075 0.50230289 0.49859965 0.49333256 0.49137294 0.49383795 0.49595630 0.45654517 0.25371540 -0.00214660 -0.27273250 -0.52518940 -0.87803113 -0.95798820 -0.96564156 -0.97143471 -0.98089504 -0.97311985 -0.98375183 -0.98135620 -0.97788692 -0.98875213 -1.00466442 -1.00815499 -1.01585937 -1.02265346 -1.02332771 -1.03182232 -1.02379012 -1.02439570 -1.03421497 -1.03805625 -1.03934026 -1.04123211 -1.03929377 -1.03645837 -1.04232776 -1.03437984 -1.01898825 -1.01160860 -1.00583839 -0.99639463 -1.00008023 -0.99774867 -0.99522328 -0.99222440 -1.01464295 -1.02182031 -1.02001774 -1.01613235 -1.02683496 -1.02645385 -1.01837647 -1.03783846 -1.03142095 -1.03173113 -1.03409040 -1.03439748 -1.03303909 -1.03583360 -1.03999639 -1.04483402 -1.04046166 -1.04367924 -1.04146087 -1.03422213 -1.01384020 -1.01734161 -1.00195277 -0.98175788 -0.99439925 -0.97802430 -0.96205086 -0.94960779 -0.93335444 -0.82259327 -0.59206098 -0.28167665 -0.07012205 0.24167068 0.51500416 0.55655992 0.57232559 0.57207018 0.58548194 0.59779948 0.60264134 0.60873866 0.61178702 0.61089331 0.61012763 0.61900961 0.61710989 0.61244184 0.63114285 0.63355231 0.64397669 0.64704001 0.64179307
0.50267953 0.50466639 0.51206434 0.51080614 0.51171768 0.51055366 0.50771660 0.50890607 0.51315385 0.50819141 0.50826973 0.50868207 0.51324457 0.51744002 0.51230770 0.51560074 0.51567924 0.52070951 0.51487970 0.51353383 0.51539803 0.51449001 0.51079649 0.50801510 0.50503254 0.50366729 0.49978006 0.49696159 0.49815863 0.49515241 0.49326730 0.48952496 0.43999368 0.24383582 -0.03725964 -0.29819888 -0.52818906 -0.86802781 -0.94870341 -0.97336042 -0.96739572 -0.98263043 -0.98567861 -0.97992051 -0.97812039 -0.99301922 -0.99071234 -0.98699623 -0.99938452 -1.00190163 -1.00978851 -1.00920928 -1.01275158 -1.01983511 -1.02447617 -1.02624357 -1.02854955 -1.03443432 -1.03741896 -1.03848040 -1.03127158 -1.02577567 -1.02147794 -1.01459455 -1.00674057 -1.00429499 -0.99373090 -0.99336612 -0.98861957 -0.99862808 -1.00598621 -1.00475121 -1.01394522 -1.01923525 -1.02215683 -1.02054071 -1.02850318 -1.02279961 -1.02452087 -1.03077054 -1.02913201 -1.02966511 -1.02960396 -1.03650618 -1.04073548 -1.04899633 -1.04685962 -1.05151987 -1.04551184 -1.04412138 -1.02857304 -1.01213849 -1.00336158 -0.99692041 -0.97401452 -0.97629404 -0.96817154 -0.96167606 -0.96402431 -0.94669932 -0.77720058 -0.57914883 -0.29413503 0.00748101 0.26666313 0.50679904 0.55233854 0.56832194 0.58439761 0.58589822 0.59200424 0.59950787 0.61006838 0.61098880 0.60606581 0.62208402 0.61468899 0.61345285 0.62394369 0.62820905 0.63999534 0.62890804 0.64912558 0.64834899
0.50340396 0.50129628 0.50625914 0.50731605 0.50389653 0.50670230 0.51069576 0.50649142 0.50077665 0.50731862 0.50951326 0.51217818 0.50853813 0.51335382 0.51058453 0.52020925 0.50992376 0.50972128 0.52024704 0.51625657 0.51582783 0.51279235 0.51474047 0.50603503 0.51185513 0.50496620 0.49744183 0.49870586 0.50131148 0.49534154 0.48788702 0.48776978 0.42812312 0.19955362 -0.03815471 -0.35917276 -0.54620242 -0.84928077 -0.96721327 -0.96560276 -0.98300016 -0.98335469 -0.97423071 -0.99145138 -0.99055743 -0.98289686 -0.99166846 -1.00034332 -1.01134920 -1.01232409 -1.00943029 -1.01228428 -1.01544106 -1.01523197 -1.02071738 -1.02794886 -1.03111207 -1.02926910 -1.03074622 -1.03508317 -1.03240311 -1.02953017 -1.02296650 -1.02114928 -1.01221812 -0.99798501 -0.99264342 -0.98947912 -0.98453784 -0.99378723 -0.99657774 -1.01200795 -1.01337457 -1.01596212 -1.02503145 -1.01517713 -1.01480138 -1.01743567 -1.02561390 -1.03322625 -1.02533627 -1.02500987 -1.02889085 -1.03239703 -1.03479815 -1.03770685 -1.04251730 -1.03294146 -1.03506792 -1.03685534 -1.01186800 -1.01861155 -1.01138031 -0.98689187 -0.96804428 -0.97912925 -0.97352302 -0.96914250 -0.96835214 -0.94727439 -0.84942645 -0.55160528 -0.27633172 -0.05379306 0.26882720 0.52424240 0.55593967 0.57094789 0.58040440 0.59091401 0.60343194 0.60304177 0.60839701 0.61631119 0.62245041 0.61652732 0.62253606 0.63083524 0.63166547 0.62705731 0.64421320 0.65300256 0.64222533 0.65616381
0.49910128 0.49955499 0.49925381 0.50173080 0.50716037 0.50160694 0.49989420 0.50026411 0.50272965 0.50355923 0.49829769 0.50091773 0.50590998 0.50108129 0.51021677 0.50013930 0.50721234 0.50804979 0.50602949 0.50410408 0.50698578 0.50991231 0.50308329 0.50247717 0.50055027 0.49654865 0.49601060 0.49195987 0.48618001 0.49245065 0.49052626 0.47306234 0.41196567 0.19687892 -0.03541246 -0.34041250 -0.53697920 -0.81931007 -0.96328205 -0.98206460 -0.98125041 -0.99366963 -0.99980289 -0.98835975 -0.99203408 -0.99299031 -0.99357980 -0.99270087 -0.99708855 -1.00044250 -1.00220370 -1.00667810 -1.00917721 -1.02034628 -1.01842690 -1.02145493 -1.02564549 -1.03122497 -1.03176510 -1.02871168 -1.02596962 -1.02676141 -1.01993430 -1.01943099 -1.01299679 -0.99979430 -1.00584888 -0.99461806 -0.99244153 -1.00111115 -1.00532079 -1.00861311 -1.02995586 -1.02394199 -1.02563441 -1.02908266 -1.03237748 -1.02998722 -1.03163850 -1.02982211 -1.03259659 -1.03209770 -1.03614700 -1.03529787 -1.04659867 -1.04759264 -1.04577482 -1.05396295 -1.04758906 -1.03427172 -1.01870728 -1.01480949 -0.99763304 -0.97865623 -0.97702545 -0.99445593 -0.97770810 -0.97335815 -0.97251046 -0.94425029 -0.81121480 -0.58804244 -0.26306820 -0.00652556 0.21715094 0.49870336 0.56353635 0.57224214 0.58385092 0.58158374 0.59170973 0.60270935 0.60337496 0.60482305 0.60802662 0.61127084 0.61304903 0.61923593 0.61097831 0.63037831 0.62886363 0.63206625 0.63476956 0.64441365
0.49946702 0.50184566 0.49772364 0.50415295 0.49974108 0.49755055 0.50269419 0.50340968 0.50128078 0.50323403 0.50668836 0.51049078 0.50203353 0.50418299 0.50509679 0.50592190 0.50196356 0.50878304 0.50650400 0.50925595 0.51300329 0.50598586 0.50874996 0.50866807 0.50060308 0.49980849 0.50166720 0.49880195 0.49198109 0.48498577 0.48004818 0.47074246 0.40487099 0.20442085 -0.00308146 -0.36590773 -0.53339428 -0.75240356 -0.95632923 -0.98089743 -0.98224282 -0.98405778 -0.99009728 -0.99135923 -0.98689467 -0.98827809 -0.98877221 -0.99325502 -1.00325954 -1.00170767 -1.00102496 -1.00265658 -1.00431395 -1.00944030 -1.01215172 -1.01489329 -1.01658380 -1.01934791 -1.01562738 -1.02130556 -1.01886213 -1.01984847 -1.01370335 -1.00982356 -1.01372612 -0.99583489 -0.99293500 -0.99252063 -0.97579962 -0.97606009 -1.00354111 -0.99864650 -1.01015782 -1.01434994 -1.01735508 -1.01170373 -1.01151216 -1.01294696 -1.02339530 -1.02528965 -1.02033508 -1.02462840 -1.03445089 -1.03386128 -1.03502858 -1.04078054 -1.04088724 -1.03724205 -1.03514683 -1.02968299 -1.01164484 -1.01725340 -1.00617945 -0.98169410 -0.97741675 -0.98013955 -0.97996467 -0.96591038 -0.97052532 -0.94301564 -0.80552447 -0.53584868 -0.30939287 0.00690056 0.32216078 0.51669616 0.55773020 0.57771933 0.58246177 0.59357232 0.60279548 0.60422719 0.60804087 0.61878127 0.61589730 0.62504220 0.62945122 0.62235779 0.63177687 0.62625444 0.63311458 0.63947904 0.64305711 0.64648503
0.48530895 0.49101502 0.49057329 0.48871970 0.49846798 0.49327588 0.49064332 0.49220359 0.49083340 0.49504405 0.49060696 0.49424142 0.49726635 0.49508935 0.49300158 0.49504018 0.49420762 0.49475902 0.49748290 0.49862766 0.50087523 0.50007093 0.49466103 0.49372226 0.48987639 0.49291652 0.48732793 0.47862357 0.48455215 0.48756427 0.47785640 0.47093761 0.41221625 0.21081986 0.03857039 -0.28946978 -0.51691258 -0.70344710 -0.94393033 -0.97389746 -0.98874146 -0.99846399 -1.00316644 -0.98830867 -0.99239033 -1.00284338 -0.99168640 -0.99855638 -0.99585968 -0.99654984 -0.99732101 -1.00613713 -1.01095772 -0.99701768 -1.01092947 -1.01936567 -1.01103234 -1.01420426 -1.01169574 -1.01048744 -1.01478910 -1.01464832 -1.01182878 -1.00440991 -1.00208163 -1.00329649 -0.99017739 -0.99112606 -0.99413449 -0.98800474 -1.00309753 -1.01872706 -1.02177966 -1.02178645 -1.02428663 -1.01820695 -1.03198504 -1.02633476 -1.01978862 -1.02578914 -1.02697444 -1.02423811 -1.02879310 -1.02995539 -1.04251635 -1.03856969 -1.03719103 -1.04271567 -1.02729726 -1.01785004 -1.01204979 -0.99615604 -0.98227417 -0.97393751 -0.98927617 -0.98181635 -0.97818404 -0.97290879 -0.96974599 -0.94093108 -0.81773549 -0.57873136 -0.27741218 -0.03593594 0.26037210 0.51591748 0.56146854 0.57146829 0.58357143 0.58029485 0.58977973 0.59572124 0.59488809 0.60868043 0.60977471 0.60203975 0.61379367 0.61634290 0.62397766 0.62537217 0.62690639 0.63548261 0.63602805 0.62935597
0.49163377 0.49074578 0.49172568 0.48869020 0.48546743 0.48610705 0.49206680 0.49796093 0.49216151 0.49651426 0.49601847 0.49117970 0.49738473 0.48722970 0.49355477 0.49337149 0.49595076 0.49449843 0.49792498 0.49931198 0.49568552 0.50261050 0.50122124 0.49665415 0.49241632 0.48917949 0.48236346 0.48248917 0.47230315 0.47480965 0.47076142 0.45075208 0.41365689 0.26586205 0.06684209 -0.22916466 -0.51873690 -0.64543748 -0.88443923 -0.97636026 -0.98249602 -0.98776388 -0.98812544 -0.99424982 -0.99094063 -0.98335689 -0.98911691 -0.99072456 -0.99703985 -0.98909342 -0.99384636 -1.00172031 -1.00309646 -1.01092350 -1.00459290 -1.00753009 -1.01064587 -1.00732374 -1.01354349 -1.01349068 -1.01050746 -1.00596118 -1.01019895 -1.00289261 -1.00487566 -0.98443484 -0.98317760 -0.97769344 -0.97349983 -0.98182285 -0.98770517 -0.99117726 -1.00558889 -1.00945306 -1.01138639 -1.01396549 -1.01436710 -1.01106060 -1.01927912 -1.01624238 -1.01561296 -1.02533567 -1.03333902 -1.02991593 -1.02963281 -1.03718054 -1.03865886 -1.03697717 -1.03968120 -1.01824331 -1.00384200 -1.00351059 -1.00150847 -0.98456693 -0.98000056 -0.98976201 -0.98073065 -0.97247201 -0.95734692 -0.95332623 -0.78530556 -0.51787746 -0.31520236 0.04415460 0.38975942 0.52559739 0.55910522 0.56921577 0.57574487 0.59433383 0.58383924 0.59948134 0.60780090 0.60458261 0.60709077 0.61837858 0.61585391 0.61280233 0.60246187 0.62350541 0.62414491 0.62593782 0.63634431 0.64827311
0.47650909 0.48051512 0.48256564 0.48231077 0.48352820 0.48195541 0.47974491 0.48353970 0.48026156 0.48089379 0.49280345 0.48270029 0.48649889 0.48520589 0.48578638 0.48803174 0.48377091 0.48727459 0.48890275 0.49250048 0.49232411 0.48592210 0.48716813 0.48764139 0.48223770 0.47999591 0.47970474 0.47634476 0.47618085 0.46750873 0.46684253 0.46170121 0.43752247 0.28408945 0.09847035 -0.09468612 -0.46302414 -0.59875953 -0.78689378 -0.95330137 -0.97499895 -0.97836518 -0.98377389 -0.98157102 -0.98360062 -0.98585451 -0.98398906 -0.97618729 -0.98863786 -0.99018598 -0.99171501 -0.99870205 -0.99761629 -0.99170053 -1.00381064 -1.00473988 -0.99724281 -0.99749732 -0.99381477 -0.99367225 -0.99489617 -0.99649787 -0.99189216 -0.98798108 -0.98613584 -0.96976119 -0.96473598 -0.96897560 -0.97729546 -0.98024386 -0.99296343 -0.98961896 -0.99348271 -1.00009477 -1.00608730 -1.00298715 -1.00623298 -1.01131940 -1.00433969 -1.01097560 -1.00295973 -1.00982141 -1.01245666 -1.01301074 -1.01587546 -1.02682579 -1.02269769 -1.02415240 -1.00485468 -0.99849147 -0.99203718 -0.98331380 -0.96914917 -0.97545242 -0.97913814 -0.96133977 -0.95590180 -0.94621330 -0.94107121 -0.91959399 -0.79239029 -0.49537265 -0.24182692 0.00989480 0.36932296 0.54172903 0.56381643 0.57855445 0.57613444 0.58441919 0.59121579 0.58871216 0.59394020 0.60305113 0.60471308 0.60575640 0.61351651 0.61764014 0.61864072 0.62404311 0.62265688 0.62258506 0.62565798 0.62481916
0.48117566 0.47672683 0.47940171 0.47439373 0.47566515 0.47999573 0.47744745 0.47995597 0.48785132 0.47306573 0.47716105 0.47839165 0.47703236 0.48199624 0.48037428 0.48542202 0.48550022 0.48784953 0.48206925 0.48972929 0.48803562 0.49101335 0.49191153 0.48459584 0.47638690 0.47650754 0.47069007 0.46138954 0.46359068 0.47088557 0.45432490 0.45166987 0.43281347 0.33549827 0.14311765 -0.04269233 -0.38347077 -0.59161156 -0.70921558 -0.91235089 -0.97291845 -0.96994734 -0.98521185 -0.98243856 -0.98197055 -0.98422867 -0.97800738 -0.98729235 -0.98742861 -0.98886025 -0.99027675 -0.99012303 -1.00673211 -0.99727845 -0.98878878 -1.00044537 -0.99709743 -1.00203848 -1.00454938 -0.99621087 -0.99603015 -0.99173987 -0.99933940 -0.99443573 -0.97553581 -0.98034412 -0.97070378 -0.96016985 -0.97226959 -0.96970344 -0.97995812 -0.98881274 -0.98901480 -0.99342608 -0.99875951 -0.99767095 -0.99877495 -1.01078606 -1.00270629 -0.99965751 -1.00943899 -1.01073813 -1.01191711 -1.01666021 -1.01893055 -1.02422965 -1.02710307 -1.02862275 -1.01122010 -0.98982781 -0.99852955 -0.99626118 -0.97921866 -0.96666771 -0.97317362 -0.96992594 -0.96057129 -0.95297772 -0.94842190 -0.91687238 -0.65689832 -0.47324163 -0.19420649 0.18947275 0.44774270 0.54203993 0.55045193 0.55864906 0.57389206 0.57443231 0.58506930 0.59025979 0.60357332 0.59271920 0.59466422 0.60174656 0.60619903 0.59839195 0.61141342 0.61370814 0.61938190 0.62184292 0.63282484 0.62990272
0.47028273 0.46480495 0.47254390 0.47532922 0.46704143 0.46857458 0.47759026 0.47426385 0.47086626 0.47884798 0.47788560 0.47625846 0.47326744 0.47689801 0.47863024 0.47647643 0.47577524 0.47902822 0.48504847 0.48298538 0.47929931 0.48170996 0.47858554 0.48267627 0.47934395 0.47859669 0.47446048 0.47609133 0.46651143 0.45574099 0.46162009 0.45516223 0.44762069 0.37035352 0.21512051 0.02213989 -0.24314021 -0.53528619 -0.65192902 -0.85011899 -0.96570873 -0.97532159 -0.97904974 -0.98739719 -0.98294610 -0.98837024 -0.98980802 -0.98862761 -0.99510890 -0.99687308 -1.00634956 -1.00388455 -1.00181246 -1.00336039 -1.00954175 -1.00555301 -1.00977147 -1.00128889 -1.00711560 -1.00052750 -1.00745046 -1.00115478 -0.98622096 -0.98423344 -0.98513943 -0.97755748 -0.97544032 -0.96756560 -0.96780449 -0.99090427 -0.98423660 -0.98241866 -0.99928713 -1.00412917 -0.99559915 -0.99734885 -1.00118399 -1.00098729 -1.00685894 -1.00671232 -0.99363899 -1.00045693 -1.01010036 -1.01756012 -1.01133633 -1.01915932 -1.02013648 -1.01497591 -1.01663649 -1.00354791 -1.00172949 -0.99614501 -0.98009479 -0.98860353 -0.98351258 -0.95927072 -0.94748771 -0.94680488 -0.93436927 -0.87218446 -0.65653056 -0.38807106 -0.16104402 0.21604846 0.48987287 0.55097413 0.56915951 0.57962668 0.58018911 0.58813542 0.59387428 0.59181935 0.59354097 0.60277086 0.60945600 0.60179526 0.60681355 0.61027348 0.61526942 0.62281549 0.62430340 0.61727899 0.62863857 0.62750405
0.47161341 0.46901417 0.46795660 0.46736252 0.46437508 0.46613151 0.46623844 0.47249627 0.47206837 0.46274149 0.47378957 0.46943057 0.46812004 0.47257197 0.47348934 0.47360826 0.47492927 0.47523421 0.47348166 0.47609407 0.47551537 0.47920203 0.47813267 0.46848190 0.47071868 0.46472180 0.46039307 0.45461923 0.46668351 0.45697069 0.45255065 0.44801432 0.43891525 0.39630538 0.25814664 0.09090568 -0.12506641 -0.46287680 -0.60400087 -0.75979596 -0.93027222 -0.97762227 -0.98094159 -0.98194259 -0.98193181 -0.98901105 -0.99673694 -0.99353564 -1.00013614 -1.00101566 -0.99910957 -0.99949169 -1.00365365 -0.99826044 -1.00296748 -0.99874872 -1.00267804 -1.00305486 -0.99787921 -1.00477421 -0.99782962 -0.99423850 -0.99511349 -0.99510443 -0.98772454 -0.98116022 -0.98086870 -0.98036951 -0.97265357 -0.97634637 -0.98503304 -0.98094738 -0.98681182 -0.98546362 -0.99306756 -0.99940902 -0.99652213 -1.01095963 -0.99457628 -1.00167847 -1.00706375 -1.01267648 -1.00746453 -1.01783311 -1.01291132 -1.01898110 -1.01802218 -1.02004457 -1.00140870 -0.99991208 -0.99299932 -0.99381703 -0.98415607 -0.97278476 -0.97242010 -0.96227789 -0.94896197 -0.94768643 -0.92922509 -0.79588330 -0.57548898 -0.31078511 0.00274086 0.32753873 0.50764692 0.54521602 0.55650294 0.56490362 0.57489091 0.57529151 0.58046973 0.58799833 0.59659588 0.59166807 0.59099382 0.59817970 0.61107081 0.60535514 0.61443281 0.61381602 0.61480796 0.61786723 0.62774569 0.62754935
0.46831656 0.47067213 0.46617281 0.46490610 0.46532673 0.47053123 0.47164160 0.46182740 0.47265244 0.47278696 0.46710896 0.47291410 0.46694213 0.46821672 0.47033471 0.47146881 0.46839559 0.47510666 0.47277600 0.47694010 0.48072529 0.47356892 0.48003900 0.47845715 0.47059810 0.47226018 0.46890414 0.45839524 0.44861376 0.45321339 0.45159203 0.44677669 0.44540697 0.42736161 0.30213773 0.14966710 -0.04362701 -0.33834255 -0.61828041 -0.70144081 -0.85414922 -0.97646481 -0.98940140 -0.99744028 -0.99659795 -1.00244677 -1.00029385 -1.00663161 -1.00599563 -1.01085496 -1.00905430 -1.01093912 -1.00516987 -1.01025999 -1.01284206 -1.01249814 -1.00745952 -1.01621473 -1.01081276 -1.00674164 -1.01219594 -1.01183927 -0.99995637 -1.00292075 -0.99963713 -0.98652762 -0.99522471 -0.98907101 -0.99711299 -0.99388337 -0.99321091 -0.99627966 -0.99568892 -1.00605285 -0.99969810 -1.00464165 -0.99750561 -1.00123942 -1.01249361 -1.00347352 -1.00992060 -1.01687741 -1.01532686 -1.01328111 -1.02728093 -1.03100884 -1.01689327 -1.02531970 -1.02255476 -1.01486957 -1.00863791 -1.00120103 -0.99232095 -0.99893039 -0.97490340 -0.97143883 -0.95343250 -0.94018233 -0.94841242 -0.75420719 -0.49399000 -0.25369734 0.08528580 0.41886258 0.52825308 0.56019974 0.57318926 0.57456231 0.59134507 0.58573842 0.59874302 0.58957255 0.59476763 0.60567731 0.60680240 0.61126292 0.61299229 0.60704535 0.62202996 0.62358069 0.62774926 0.63184452 0.63480139 0.62497699
0.46211243 0.46043116 0.46293849 0.47022367 0.47795379 0.47816312 0.41926515 0.44414604 0.40493381 0.32408345 0.37764138 0.45082062 0.46677005 0.46421415 0.46006322 0.46111614 0.46440327 0.46559364 0.46702111 0.46976346 0.48024440 0.46765214 0.45692599 0.47438085 0.42627078 0.38904458 0.37688655 0.32457513 0.30099839 0.27062279 0.26604611 0.27967018 0.31407648 0.33842421 0.23719345 0.07672329 -0.03455785 -0.20096602 -0.51374871 -0.66836739 -0.77136075 -0.93195134 -0.98960608 -1.00595546 -1.00002885 -1.00415826 -1.01053655 -1.02419984 -1.02318108 -1.01613617 -1.02067566 -1.02000880 -1.01933837 -1.02008855 -1.01922894 -1.01649785 -1.01813197 -1.01287723 -1.01625955 -1.01941049 -1.01538932 -1.00961447 -1.01802123 -0.99766994 -1.00738251 -1.00405157 -0.99643683 -0.99742353 -0.98775184 -0.99136603 -0.98892820 -0.98645890 -0.99560279 -1.00560963 -1.01031911 -1.01117837 -1.02054107 -1.01090431 -1.01429629 -1.01731110 -1.01487660 -1.01831889 -1.02794397 -1.03085244 -1.02131557 -1.02786195 -1.03572631 -1.01994503 -1.01226091 -1.01715958 -1.00763559 -1.00971234 -0.99776304 -0.99971205 -0.99056894 -0.96863455 -0.96629685 -0.94769794 -0.87901127 -0.67061722 -0.42963845 -0.14686300 0.19444977 0.45303845 0.54098320 0.55451870 0.56598943 0.57851648 0.57514626 0.58570278 0.58267266 0.59555733 0.59617072 0.59559870 0.60754764 0.60338342 0.61468905 0.61437362 0.61753792 0.62615919 0.61803454 0.62425500 0.63630229 0.63442874
0.46257544 0.47543609 0.49259454 0.48197269 0.44244695 0.42417955 0.36480254 0.19400416 0.24431415 0.28999370 0.19312470 0.31565571 0.45580709 0.46391374 0.46766716 0.46322650 0.46519083 0.47759372 0.47643119 0.47117347 0.44906992 0.45093346 0.34835798 0.31601024 0.29948664 0.19480978 0.18985201 0.21036629 0.23529939 0.26077449 0.23506118 0.22699095 0.18878706 0.18442284 0.16957955 0.04895794 -0.12381057 -0.33115545 -0.43471068 -0.62236458 -0.70648980 -0.85273814 -0.97913283 -0.99696958 -1.00292289 -1.00495148 -1.01119995 -1.01083851 -1.01152396 -1.01902378 -1.01373148 -1.01698327 -1.01774359 -1.00989115 -1.01568997 -1.01458967 -1.01112521 -1.02106631 -1.00990105 -1.00972629 -1.02094865 -1.01507056 -1.01135480 -1.01523435 -1.00009084 -1.00133967 -1.00660849 -1.00233305 -0.99499190 -0.99072146 -0.99556202 -0.98342103 -0.99173009 -1.00091946 -0.99999624 -1.00030196 -1.00642371 -1.01116538 -1.00804555 -1.00910389 -1.01652753 -1.02246392 -1.01674533 -1.01291931 -1.03077412 -1.03969479 -1.02439380 -1.01664591 -1.01457691 -1.01256418 -0.99364936 -0.99541819 -1.00269067 -0.99485177 -0.99038357 -0.96823931 -0.96057200 -0.95320439 -0.84100688 -0.57100368 -0.35835534 -0.05980546 0.33696455 0.50525880 0.54315716 0.56074935 0.57079393 0.57674551 0.58635247 0.59066045 0.59749597 0.59227443 0.59740287 0.60184264 0.61091912 0.61195701 0.61581272 0.61454856 0.62034726 0.62714076 0.63471627 0.63618392 0.63707393 0.63563830
0.46549082 0.50990057 0.45393264 0.39383769 0.37844306 0.18089221 0.13772281 0.21350984 0.11673860 0.18938644 0.26042706 0.21031849 0.30013305 0.36647373 0.42695373 0.46007437 0.47362828 0.44813323 0.40086406 0.35111833 0.24989249 0.14662950 0.16997550 0.07657789 0.05044192 0.03379589 -0.02564538 -0.07286162 -0.10312077 -0.11825339 -0.10937451 -0.03116341 0.07143499 0.08016019 0.05424339 0.03054482 0.01181389 -0.16021761 -0.51516783 -0.67467302 -0.67929816 -0.75545764 -0.91604000 -0.99601543 -0.99966592 -1.00275445 -0.99902314 -1.00874937 -1.01703143 -1.01147270 -1.01330435 -1.01431048 -1.01147234 -1.01194489 -1.01079249 -1.00894523 -1.01661611 -1.00849938 -1.00768340 -1.01904702 -1.00918353 -1.00553942 -1.00640130 -0.99933630 -1.01125956 -1.00180089 -0.99370426 -0.99624902 -0.97787482 -0.98240787 -0.97552276 -0.97018248 -0.98596954 -1.00276804 -1.00498629 -1.00711453 -1.00613105 -1.00690103 -1.00927937 -1.01400983 -1.00648057 -1.01885962 -1.02285886 -1.02533400 -1.02090800 -1.02394664 -1.02428019 -1.01694453 -1.00632286 -1.00420606 -1.00208378 -1.00142086 -1.00526941 -0.99652320 -0.98027998 -0.96604854 -0.96047509 -0.91044980 -0.80090886 -0.51977432 -0.23807755 -0.00155641 0.35384953 0.53435361 0.55082417 0.56095141 0.57625216 0.57120991 0.58441538 0.58782953 0.58785999 0.59256768 0.59780139 0.60734528 0.60178542 0.61320364 0.61671555 0.61111456 0.62439525 0.62115008 0.63449389 0.63284051 0.63854325 0.63431841
0.49367076 0.46502447 0.31446505 0.26989836 0.14536549 0.00724325 -0.24144532 -0.35239172 -0.18201520 -0.16652653 -0.01789287 0.16172792 0.26637012 0.27342445 0.30217445 0.34748203 0.33187336 0.24394281 0.15134652 0.08943172 0.09774144 0.00419086 -0.11804271 -0.17144233 -0.27637863 -0.39507923 -0.42264593 -0.45133710 -0.45165390 -0.40180659 -0.37191340 -0.43161297 -0.50993615 -0.43131775 -0.26908439 -0.23729517 -0.31311458 -0.23848115 -0.21226606 -0.58944875 -0.84608418 -0.77083236 -0.84471506 -0.99223644 -0.99246651 -1.00208569 -1.00825131 -1.00618291 -1.01304400 -1.01325977 -1.01037383 -1.01755273 -1.01540768 -1.01457429 -1.01645696 -1.00894499 -1.01171017 -1.01404762 -1.01174462 -1.01635289 -1.01845443 -1.01347673 -1.01941419 -1.00898838 -1.00311530 -1.00978553 -1.00517440 -0.99121737 -0.98052943 -0.98441541 -0.97122914 -0.97247887 -0.98271531 -0.99305743 -0.98485100 -0.99335754 -1.00801110 -1.00637639 -0.99736345 -1.01006985 -1.01066399 -1.01480234 -1.01609623 -1.00823152 -1.03019392 -1.02671337 -1.00834310 -1.00733185 -0.99726427 -0.99690998 -0.98828918 -0.99436170 -0.99631381 -1.00154018 -0.99673659 -0.97117805 -0.95543671 -0.91098249 -0.68404102 -0.44632739 -0.16945076 0.14350162 0.43318677 0.52869946 0.55607545 0.56936270 0.57473671 0.58869541 0.57972544 0.58498871 0.59301186 0.59255135 0.60170329 0.60110259 0.61736834 0.60232264 0.61098653 0.61195874 0.62183785 0.62529033 0.62813032 0.63862658 0.63384926 0.63876402
0.49592918 0.29461813 0.28143024 0.22576742 -0.06155226 -0.40845603 -0.44982880 -0.47987616 -0.46466750 -0.22286990 -0.10434052 -0.04319641 0.10054184 0.17093508 0.15375744 0.12359123 0.07048391 0.03530197 -0.01588234 -0.12858295 -0.30270058 -0.35591522 -0.42360115 -0.54058707 -0.51431233 -0.52304322 -0.57098854 -0.56779230 -0.56013346 -0.55593097 -0.56228584 -0.50164294 -0.44907773 -0.50782949 -0.56323922 -0.39902800 -0.23411633 -0.41577154 -0.49852413 -0.47795910 -0.67270434 -0.86727649 -0.92028123 -0.97901642 -0.98394322 -0.98717862 -0.98817039 -1.00686836 -1.00097823 -0.99942666 -1.00458515 -0.99781102 -1.00807178 -0.99727547 -0.99549139 -1.01007581 -1.00410604 -1.00922418 -1.00556159 -1.00038731 -1.00738215 -0.99674737 -0.99849451 -1.01233506 -1.00162446 -0.99151343 -0.99685699 -0.98137987 -0.96125865 -0.97037017 -0.96025091 -0.95262051 -0.97767174 -0.99454141 -0.99047148 -0.99096268 -0.99900389 -1.00238657 -0.99780053 -1.00133646 -1.00280404 -1.00539458 -1.01920474 -1.01404381 -1.00578439 -1.01328516 -1.01491976 -1.00163770 -0.98321241 -1.00161934 -0.98690569 -0.98837793 -0.99733144 -0.98626351 -0.98782289 -0.96941006 -0.94625026 -0.89044547 -0.65980524 -0.37421122 -0.11406858 0.18097882 0.46936309 0.54190761 0.56098610 0.56867486 0.57497138 0.56905431 0.58635682 0.59093398 0.58886153 0.59567386 0.60292137 0.60122877 0.60358548 0.60966772 0.60319644 0.60924757 0.62024236 0.62017679 0.63057816 0.63372004 0.63526541 0.63230324
0.41180652 0.28943539 0.21656401 -0.08390680 -0.49790746 -0.68766379 -0.76375216 -0.69894922 -0.69045490 -0.64037102 -0.39054418 -0.23929137 -0.19819136 -0.15074417 -0.07966796 -0.04287809 -0.10141184 -0.25026211 -0.41406792 -0.50544363 -0.53305203 -0.65216380 -0.67611688 -0.73173189 -0.83697772 -0.87647134 -0.88752174 -0.89325392 -0.90001440 -0.90859669 -0.89701402 -0.90086591 -0.87619418 -0.79078203 -0.68390250 -0.70471150 -0.66238850 -0.41748160 -0.43162334 -0.65701932 -0.72013766 -0.75804609 -0.87387067 -0.98277330 -0.98374283 -0.98865438 -0.99427181 -0.98633200 -1.00151753 -1.00302649 -0.99826705 -1.00305319 -0.99486929 -0.99837816 -1.00499153 -0.99705726 -0.99940258 -1.00398946 -1.00472593 -1.00130141 -1.00748336 -1.01361048 -1.00134432 -0.99541062 -1.00290263 -1.00770402 -0.98389226 -0.98133022 -0.97501171 -0.95644611 -0.96230841 -0.96134800 -0.97696471 -0.98050469 -0.97671640 -0.98953915 -0.99447262 -0.99532568 -0.99477941 -0.99963218 -0.99978060 -1.00737739 -0.99905902 -1.00416708 -1.01319134 -1.01131535 -0.99501216 -0.99038529 -0.98132068 -0.97820675 -0.98375499 -0.98624200 -0.99373156 -0.99457568 -0.98110199 -0.97146726 -0.93001384 -0.82874405 -0.58749521 -0.31608453 -0.01668218 0.25606591 0.47254801 0.55110121 0.56417292 0.57177138 0.58287507 0.57855368 0.57736492 0.58565170 0.59047931 0.59278494 0.59853643 0.60815573 0.60163707 0.60692620 0.61216128 0.61217016 0.61603796 0.61770475 0.62128091 0.62851626 0.62970436 0.63758665
0.33310944 0.21348263 -0.09713279 -0.40950185 -0.71557522 -0.84638733 -0.88634127 -0.88099313 -0.75414217 -0.73029590 -0.67523885 -0.53322399 -0.41687673 -0.32765800 -0.34795606 -0.44610262 -0.54582065 -0.61778951 -0.66345036 -0.73829997 -0.81408638 -0.85296249 -0.89687181 -0.90105331 -0.90005279 -0.90265512 -0.90753824 -0.91057354 -0.90747237 -0.90712029 -0.91541249 -0.91196257 -0.91903263 -0.92970043 -0.90916300 -0.79703110 -0.74449897 -0.81832236 -0.70522588 -0.57307357 -0.79259813 -0.97221321 -0.95667303 -0.97532570 -0.97600418 -0.97842991 -0.99853569 -1.00238347 -0.98830563 -0.99783015 -0.99353737 -0.99645895 -1.00274801 -0.99668694 -1.00494814 -1.00294411 -1.00444269 -1.00330901 -1.00086200 -1.00582516 -0.99271816 -0.99731541 -1.00699198 -1.00158632 -0.99095637 -0.99653375 -0.98738509 -0.97127634 -0.96613979 -0.96433967 -0.95090204 -0.96429622 -0.98288143 -0.99584138 -0.98426145 -0.99146032 -0.99472517 -0.99964714 -0.99039412 -0.99875134 -1.00398290 -1.00883210 -1.01109731 -1.00406623 -1.01140392 -1.01681316 -0.99840802 -0.98984236 -0.98043132 -0.99082452 -0.99627215 -0.98641908 -0.98953432 -0.99125624 -0.97243100 -0.97995692 -0.93656003 -0.76745063 -0.54208887 -0.27092430 0.06834535 0.34743071 0.50197053 0.54631001 0.56229442 0.57042193 0.56979859 0.57948631 0.58811253 0.59348661 0.59080303 0.59653342 0.59369195 0.59607005 0.60740173 0.60069978 0.60224587 0.60997111 0.61239690 0.62432116 0.62905365 0.62598526 0.63088775 0.63054061
0.30982423 0.00278595 -0.20030291 -0.47089404 -0.81657159 -0.88770539 -0.89748317 -0.89242381 -0.88980818 -0.84308016 -0.77385449 -0.68160492 -0.61614305 -0.58584470 -0.61199713 -0.65852016 -0.73752904 -0.80834520 -0.86235797 -0.89310950 -0.89705414 -0.89972448 -0.89769131 -0.90200102 -0.90208685 -0.91148883 -0.91182172 -0.91297525 -0.91296244 -0.91813588 -0.91798818 -0.91533399 -0.92155963 -0.92247367 -0.93803889 -0.93632638 -0.85915858 -0.76747429 -0.83668005 -0.84647018 -0.76055771 -0.85851574 -0.95722169 -0.97574729 -0.97648758 -0.97988290 -0.97514206 -0.98697120 -0.98960626 -0.98703367 -0.99168557 -0.97757560 -0.99481040 -0.98690939 -0.98512721 -0.99967957 -0.99208182 -0.99799919 -1.00097501 -0.98793966 -1.00348246 -0.99503285 -0.98730952 -0.99480444 -0.99941349 -0.99204779 -0.97792852 -0.97257590 -0.96498060 -0.95305133 -0.95847875 -0.97223538 -0.97726810 -0.98239934 -0.98337698 -0.99325550 -0.99025667 -0.98748654 -0.99659461 -0.99564934 -0.99890643 -0.99318874 -1.00019431 -1.00069559 -1.00087464 -0.99377459 -0.98667061 -0.99289066 -0.97414595 -0.96485770 -0.97921687 -0.97539675 -0.98019892 -0.98514295 -0.97026616 -0.93290609 -0.87167770 -0.69004792 -0.44487578 -0.18263485 0.14639528 0.38389903 0.52065235 0.55194211 0.56781650 0.56758589 0.57441223 0.58352667 0.57741344 0.58618134 0.58675778 0.59680939 0.60998774 0.60240030 0.60471225 0.60605890 0.61349297 0.60924649 0.61820257 0.61324197 0.60820049 0.61609560 0.63007003 0.63519990
0.18645133 -0.09248354 -0.29310405 -0.58022267 -0.87401086 -0.89491987 -0.90180296 -0.90950847 -0.90618432 -0.90611976 -0.89735019 -0.87118191 -0.87533420 -0.87883872 -0.87374681 -0.87748909 -0.88822031 -0.90777737 -0.90456611 -0.90537560 -0.90519625 -0.90939683 -0.91653758 -0.91331536 -0.91981626 -0.91973740 -0.91650343 -0.92937952 -0.92300141 -0.92153955 -0.93020427 -0.92604041 -0.93279356 -0.92922574 -0.92590624 -0.93894589 -0.94278610 -0.91818774 -0.90820515 -0.96291333 -0.93665332 -0.93080378 -0.95925301 -0.97697705 -0.98062849 -0.97868150 -0.98631191 -0.98393846 -0.99047792 -0.98633468 -0.99094492 -0.99415201 -0.99337339 -0.99738163 -0.99711359 -0.99328887 -0.99646026 -0.99631900 -1.00087619 -0.99868906 -0.98977894 -0.99715960 -0.99857080 -0.98852617 -0.99121511 -0.99451548 -0.97340947 -0.96305776 -0.97253495 -0.96560240 -0.97328764 -0.98015070 -0.99103189 -0.99354124 -0.98561102 -0.99169952 -0.99452794 -0.99883616 -0.99971706 -0.99367446 -0.99965280 -1.00453961 -0.99623424 -1.00767136 -1.00986826 -1.00977862 -1.00713837 -0.98548341 -0.97654819 -0.98544478 -0.98146355 -0.99099469 -0.98280436 -0.96638799 -0.95487553 -0.89253968 -0.73682415 -0.55364490 -0.29129478 -0.03869459 0.25313491 0.44441301 0.51254994 0.55683678 0.56325489 0.57112080 0.57418662 0.58106464 0.58495909 0.58726799 0.58901244 0.58920711 0.59377426 0.59726262 0.60802162 0.61020494 0.60706097 0.61148810 0.61421150 0.61856246 0.62479895 0.62865216 0.62387085 0.63887691
0.15182735 -0.14484923 -0.34914809 -0.61396211 -0.87686521 -0.90680718 -0.90232509 -0.90441996 -0.90777612 -0.90125340 -0.90472054 -0.89505404 -0.90875727 -0.90883178 -0.89676911 -0.90835524 -0.91299331 -0.90540075 -0.91636276 -0.91294086 -0.90957350 -0.91440773 -0.91353691 -0.91446227 -0.91480631 -0.92616463 -0.92851353 -0.92165899 -0.93176663 -0.92497021 -0.93156672 -0.93215394 -0.93492723 -0.93810177 -0.93883121 -0.93480593 -0.94358075 -0.94979519 -0.95098549 -0.96201319 -0.96977818 -0.96592075 -0.96653289 -0.97413790 -0.97365510 -0.97344774 -0.98497099 -0.98193532 -0.97931749 -0.98042613 -0.97827464 -0.97957146 -0.98500019 -0.98546338 -0.99196541 -0.99272943 -0.99322402 -0.99076688 -0.98995334 -0.99026126 -0.98448884 -0.98188102 -0.96810544 -0.97942549 -0.98502368 -0.98137367 -0.97385699 -0.96867532 -0.97231811 -0.96646369 -0.96301925 -0.98150867 -0.98523796 -0.99068958 -0.98392171 -0.99691015 -0.99389362 -0.99212706 -0.99532551 -0.99637973 -0.99979919 -1.00171232 -1.00221539 -0.99720556 -0.99715489 -0.99948740 -0.98513341 -0.98420054 -0.98270571 -0.97269750 -0.96214044 -0.98965365 -0.97094560 -0.94504213 -0.88249362 -0.82158554 -0.62509447 -0.33376649 -0.08928019 0.10546739 0.32035094 0.48727185 0.53512573 0.54803008 0.56079447 0.57117879 0.57300436 0.57986546 0.58002907 0.58986562 0.59110737 0.59434539 0.59724534 0.60716105 0.60878217 0.60384154 0.60770941 0.61874664 0.60626817 0.61069942 0.61805004 0.62038243 0.63064718 0.64221412
0.04452153 -0.21610937 -0.44334131 -0.58484578 -0.84182578 -0.89906955 -0.90902311 -0.91029227 -0.91313529 -0.90499115 -0.90676939 -0.90679789 -0.90470380 -0.89979744 -0.90194070 -0.90483892 -0.90513724 -0.90912598 -0.90305638 -0.91255015 -0.91292286 -0.91401166 -0.91183108 -0.92006999 -0.92474687 -0.92366618 -0.92400259 -0.93027174 -0.92566395 -0.93011081 -0.93682927 -0.92765641 -0.92996669 -0.93873113 -0.93191612 -0.93642467 -0.93253648 -0.93892395 -0.95172065 -0.95050251 -0.95751560 -0.96674651 -0.96828514 -0.96223253 -0.97255456 -0.97330660 -0.96776497 -0.97520733 -0.97861373 -0.97414082 -0.98089099 -0.97789681 -0.97944826 -0.97842538 -0.97860271 -0.98065066 -0.98353237 -0.98704880 -0.98558134 -0.98090738 -0.97235775 -0.98586613 -0.97131938 -0.95170593 -0.96411377 -0.97011042 -0.97242105 -0.96694446 -0.96305859 -0.97380936 -0.97622508 -0.98008412 -0.98726457 -0.98764277 -0.98142314 -0.98243499 -0.98381042 -0.98437351 -0.98589224 -0.99200505 -0.98804134 -0.98672026 -0.99524903 -0.99525517 -0.98854148 -0.99671787 -0.99318826 -0.98552704 -0.96931869 -0.97021145 -0.95726478 -0.94031137 -0.93788946 -0.85400027 -0.78856897 -0.68634278 -0.48540092 -0.18915212 0.09497394 0.26470870 0.40586734 0.49370909 0.53581876 0.55731750 0.57045418 0.57729036 0.56850702 0.58157754 0.58742470 0.58385986 0.59100896 0.59088504 0.60580248 0.60090852 0.61469406 0.62207317 0.61726892 0.61113131 0.61076081 0.61066020 0.62098861 0.63241148 0.62162071 0.64432627
-0.01552428 -0.17327663 -0.52499676 -0.65637439 -0.79551947 -0.88595504 -0.89440304 -0.89474022 -0.90422541 -0.90359008 -0.90113497 -0.90215182 -0.89678782 -0.90133053 -0.90508479 -0.90688229 -0.89882779 -0.91260129 -0.91618156 -0.91160083 -0.91591394 -0.91613102 -0.92468816 -0.91619682 -0.91929954 -0.93083745 -0.92446464 -0.92093688 -0.92961210 -0.92058885 -0.92600417 -0.93447703 -0.93078011 -0.93309069 -0.93748337 -0.93099236 -0.94769466 -0.94224137 -0.94492799 -0.95899987 -0.95195544 -0.95025271 -0.95876259 -0.95605403 -0.95607561 -0.96337593 -0.96847034 -0.96187687 -0.95738053 -0.96815848 -0.96456504 -0.96340305 -0.96813560 -0.97364146 -0.97946978 -0.98404956 -0.98239547 -0.97401696 -0.96414578 -0.96431804 -0.95300585 -0.95203096 -0.97083205 -0.95987064 -0.95878953 -0.96447128 -0.95858628 -0.96421063 -0.96206480 -0.96348101 -0.97328281 -0.97602999 -0.97417551 -0.97830570 -0.97249627 -0.98548138 -0.98116457 -0.98662454 -0.98727781 -0.98988682 -0.98971951 -1.00012946 -0.97968751 -0.98534560 -0.99583411 -0.99454826 -0.97677428 -0.97943330 -0.96126074 -0.96601629 -0.97276926 -0.91377914 -0.85586262 -0.79257745 -0.62382841 -0.47537416 -0.26679730 -0.04068467 0.21211396 0.38005352 0.44891655 0.51424289 0.54425520 0.55694211 0.56384325 0.56669581 0.58477479 0.58036727 0.58050352 0.58612651 0.58656228 0.58918309 0.60068482 0.60626030 0.60660869 0.60827017 0.61147702 0.61178434 0.61464852 0.61865103 0.61461902 0.62595713 0.63319886 0.63399851
0.00515994 -0.16735388 -0.42522046 -0.63039446 -0.71927673 -0.82169056 -0.90269727 -0.90814388 -0.90313929 -0.90911871 -0.90412164 -0.90512043 -0.91047198 -0.90709001 -0.90864152 -0.91330218 -0.90958077 -0.90406382 -0.91703743 -0.91095346 -0.91603535 -0.91448754 -0.90731084 -0.92396152 -0.92751348 -0.91747153 -0.93745303 -0.93448395 -0.92841381 -0.94125468 -0.93914270 -0.93237835 -0.93775237 -0.93761337 -0.93788534 -0.94011062 -0.94204777 -0.94945413 -0.95443141 -0.95443350 -0.95885551 -0.96133244 -0.96059251 -0.96281815 -0.96312678 -0.96208894 -0.95691597 -0.96707475 -0.96769279 -0.96536326 -0.96607721 -0.96936256 -0.96436864 -0.95365345 -0.96412361 -0.96532249 -0.96257794 -0.97341824 -0.96859092 -0.94589740 -0.94155538 -0.94348544 -0.92711520 -0.93998587 -0.96023297 -0.95551187 -0.96222174 -0.97119105 -0.96729213 -0.97316319 -0.96596348 -0.96906847 -0.97159356 -0.97882670 -0.97564662 -0.97856611 -0.97909850 -0.97739911 -0.98244917 -0.97711855 -0.97457886 -0.98085797 -0.98654062 -0.99414426 -0.97045332 -0.98181659 -0.98717946 -0.96122843 -0.97262818 -0.94517887 -0.95057958 -0.97886747 -0.83694857 -0.72011954 -0.59478033 -0.30299282 -0.11509292 0.02789009 0.28141958 0.44174260 0.50392449 0.52532291 0.54706484 0.55664778 0.56749201 0.57487673 0.57881862 0.57996655 0.57864743 0.58572114 0.59641016 0.60175574 0.60089660 0.60470611 0.60956591 0.61565095 0.60730386 0.61278480 0.60095823 0.60907829 0.61308104 0.61799902 0.62959576 0.64247805
-0.05017500 -0.17792937 -0.35455608 -0.55180907 -0.62839848 -0.68852079 -0.82206237 -0.89096385 -0.89962137 -0.89862847 -0.90358949 -0.89441681 -0.89892584 -0.89871126 -0.89400810 -0.89529479 -0.90893078 -0.91258717 -0.90620482 -0.90723670 -0.90910077 -0.92710072 -0.92232877 -0.91263479 -0.91422355 -0.89267087 -0.84428453 -0.81557256 -0.80974960 -0.81379420 -0.81688666 -0.83179295 -0.84047139 -0.85045511 -0.85566074 -0.85644507 -0.87827975 -0.88469350 -0.88223332 -0.89946562 -0.90335995 -0.90534413 -0.92473054 -0.93014604 -0.92125940 -0.94103247 -0.94321197 -0.94108731 -0.94024181 -0.95826590 -0.94038033 -0.93905699 -0.98667973 -0.92604393 -0.93824565 -0.97028798 -0.94475478 -0.95392126 -0.96520090 -0.96005136 -0.92963856 -0.92985368 -0.94265211 -0.93658620 -0.94188672 -0.95672584 -0.96139020 -0.95339006 -0.95050853 -0.96128094 -0.95847136 -0.95660728 -0.96580374 -0.96553820 -0.96167970 -0.96541029 -0.97479343 -0.97439367 -0.96851230 -0.97193861 -0.97988349 -0.97288549 -0.96289980 -0.95850915 -0.97006691 -0.95554119 -0.96421432 -0.95716387 -0.94833398 -0.93542731 -0.91965550 -0.89857799 -0.83994538 -0.68112510 -0.48664910 -0.30550721 -0.03384994 0.08828188 0.30264688 0.47077078 0.51905888 0.54198182 0.55236381 0.56650633 0.57020777 0.57306808 0.57489383 0.57714421 0.58667791 0.58883774 0.58984083 0.59109968 0.60593230 0.60669976 0.60800588 0.61320782 0.60879743 0.61492860 0.60753888 0.59902817 0.60503113 0.62587267 0.61799943 0.63689822
-0.03742889 -0.11690342 -0.30409440 -0.47479028 -0.62114328 -0.65922093 -0.68585473 -0.79468900 -0.87657744 -0.89670032 -0.90654182 -0.91004246 -0.90977454 -0.90251172 -0.91367948 -0.90719771 -0.90240103 -0.91007334 -0.91178530 -0.92090333 -0.94192684 -0.90731353 -0.89679366 -0.85551560 -0.75824213 -0.70915157 -0.71311665 -0.70524246 -0.71428698 -0.71083540 -0.70206332 -0.69599420 -0.69081914 -0.69760603 -0.71103328 -0.69952887 -0.70554554 -0.71488470 -0.71702874 -0.71770191 -0.72587514 -0.74447101 -0.74031836 -0.75097239 -0.75377911 -0.76884913 -0.77531183 -0.78391552 -0.79893422 -0.81636465 -0.84047276 -0.83283865 -0.83928370 -0.87295061 -0.86845183 -0.87843990 -0.88670206 -0.89456654 -0.87499171 -0.88846415 -0.89805603 -0.87220460 -0.88200676 -0.91825724 -0.92987436 -0.93531650 -0.94730896 -0.95529032 -0.95431095 -0.95618498 -0.95088440 -0.95339847 -0.95746803 -0.96533245 -0.97366816 -0.97285599 -0.97566080 -0.97703278 -0.97400200 -0.97948933 -0.97019529 -0.98017257 -0.97934824 -0.96048337 -0.96836168 -0.96622688 -0.95017970 -0.95288765 -0.91010255 -0.93089724 -0.94857359 -0.90317500 -0.79876590 -0.77089846 -0.57047236 -0.28761429 -0.02289650 0.09859185 0.28850913 0.48703521 0.52166468 0.53413761 0.55244815 0.55945820 0.57312250 0.57453376 0.58439159 0.59046543 0.58711469 0.59220904 0.59761924 0.59548926 0.59536171 0.60190147 0.60636127 0.61007935 0.60650891 0.60656065 0.60368443 0.60598153 0.60336643 0.60824901 0.62654769 0.62595034
0.12002973 0.04250692 -0.05903313 -0.26006210 -0.39415795 -0.55513442 -0.70419347 -0.70972741 -0.72230184 -0.80692351 -0.88251817 -0.90719599 -0.91620272 -0.91351128 -0.91668600 -0.92585319 -0.92974794 -0.92648464 -0.94976163 -0.90994823 -0.85267299 -0.79366994 -0.67231262 -0.61114103 -0.61677623 -0.59646708 -0.55823946 -0.55229616 -0.53596127 -0.55609530 -0.57900959 -0.59956622 -0.62394971 -0.62719077 -0.64378965 -0.65671998 -0.68160301 -0.68773276 -0.69561148 -0.71734726 -0.71340942 -0.72227967 -0.73890436 -0.74245679 -0.74080145 -0.74079144 -0.75240827 -0.72621185 -0.73781240 -0.72545528 -0.71654904 -0.71817195 -0.70360112 -0.68134815 -0.68082029 -0.69708478 -0.68610632 -0.70285362 -0.72320849 -0.71067196 -0.72054070 -0.71836847 -0.70954764 -0.70982820 -0.74129200 -0.73585767 -0.75216669 -0.79288012 -0.81649548 -0.85841072 -0.89388508 -0.91017783 -0.96016717 -0.95702904 -0.91944766 -0.90348923 -0.88487953 -0.88738137 -0.90076679 -0.88614058 -0.88996667 -0.89939159 -0.90828574 -0.92962229 -0.92704916 -0.93254608 -0.93298066 -0.93970639 -0.95017952 -0.92433113 -0.89262253 -0.90926915 -0.85275370 -0.75487530 -0.64735115 -0.41865093 -0.10093877 0.11342840 0.24579440 0.35007745 0.38571137 0.40287179 0.42266667 0.44650501 0.46520686 0.48031461 0.49097013 0.50084913 0.52157944 0.53658110 0.53771073 0.55007988 0.55375433 0.55918008 0.56472778 0.57228607 0.57614976 0.57520616 0.57241529 0.58558774 0.58656502 0.60939860 0.61447304 0.63071424
0.13166685 0.08887602 0.08483355 -0.08318476 -0.32267851 -0.38778123 -0.49931973 -0.68284416 -0.71994734 -0.71507299 -0.71227998 -0.74127126 -0.79351693 -0.81874555 -0.83174026 -0.85249615 -0.85470885 -0.85569280 -0.78280014 -0.67648703 -0.55411273 -0.52368516 -0.51132703 -0.40279073 -0.24875851 -0.13237734 -0.10420990 -0.10669949 -0.09000265 -0.09365457 -0.10578189 -0.08361007 -0.10537107 -0.09745292 -0.12034433 -0.13159008 -0.13478956 -0.16618666 -0.17210716 -0.19072233 -0.24074855 -0.27113414 -0.28579068 -0.30651891 -0.33303064 -0.37927410 -0.41063142 -0.44793344 -0.50026619 -0.53638381 -0.55488551 -0.53277665 -0.58425522 -0.61057609 -0.60197973 -0.63939077 -0.65899032 -0.66609681 -0.67957813 -0.68944287 -0.70705789 -0.72327912 -0.72114778 -0.75694668 -0.74686843 -0.77320629 -0.75925428 -0.74800241 -0.71882790 -0.72424692 -0.72589320 -0.70265222 -0.77309942 -0.78869259 -0.76393443 -0.75723368 -0.75406480 -0.73959005 -0.74377000 -0.73725891 -0.73156774 -0.73244995 -0.74347657 -0.71600682 -0.72946960 -0.75236261 -0.73622394 -0.75969899 -0.80747718 -0.76369363 -0.71604812 -0.76616818 -0.77191204 -0.70629299 -0.53552473 -0.36067128 -0.10829847 0.15399580 0.32864368 0.44525909 0.46796751 0.48116964 0.48656118 0.48786008 0.48971373 0.48478353 0.48948312 0.49078310 0.48207408 0.47982919 0.47860467 0.48307782 0.49072039 0.49786282 0.49153113 0.49492770 0.48221660 0.48983526 0.48873574 0.50182480 0.49433154 0.50441235 0.49692088 0.49990886
0.30322975 0.22828968 0.12947087 0.14025955 0.03651075 -0.24668729 -0.34841385 -0.40382230 -0.52667296 -0.66201174 -0.74017799 -0.73138529 -0.73274487 -0.72908741 -0.70866334 -0.68489027 -0.66868472 -0.61900759 -0.56074107 -0.54743803 -0.51822948 -0.39131081 -0.19088008 -0.04832344 -0.04283163 -0.08012917 -0.06432361 -0.05152653 -0.06882323 -0.08485150 -0.09564710 -0.10874863 -0.10984564 -0.12504631 -0.13008228 -0.13141879 -0.12619540 -0.11725444 -0.13346669 -0.13433844 -0.11637355 -0.13450779 -0.13501140 -0.12809771 -0.11882007 -0.10931274 -0.12419036 -0.12999457 -0.11496117 -0.11437091 -0.10397044 -0.11179833 -0.06518572 -0.06551155 -0.08806858 -0.09955609 -0.08851314 -0.11779417 -0.13781147 -0.18085070 -0.16595571 -0.17971063 -0.21623605 -0.26171356 -0.29361689 -0.35314572 -0.42269820 -0.51907122 -0.60507435 -0.66003370 -0.67589754 -0.68758816 -0.66250181 -0.66143185 -0.64517933 -0.64457434 -0.62557036 -0.64803743 -0.64360797 -0.67033553 -0.67837143 -0.70547730 -0.69666052 -0.74857539 -0.77670932 -0.75139141 -0.77382177 -0.75539714 -0.69691539 -0.74632645 -0.75893450 -0.71456927 -0.71718931 -0.66728133 -0.55914962 -0.44293159 -0.21313569 0.01136389 0.11812936 0.19075911 0.23155142 0.24971731 0.30800188 0.34619021 0.36658484 0.40044630 0.41308951 0.43997961 0.43400306 0.44570255 0.46103561 0.44397938 0.44557607 0.43239903 0.42522466 0.42418790 0.41430372 0.43793440 0.45595771 0.48254603 0.48551309 0.50443357 0.51844370 0.53472584
0.32263041 0.32818156 0.27865553 0.14404719 0.09080692 0.05825138 -0.10754620 -0.24623728 -0.30527994 -0.33537468 -0.38860011 -0.48741442 -0.57511610 -0.58581656 -0.58101118 -0.56636310 -0.52867097 -0.47491819 -0.39056680 -0.25306451 -0.06174496 0.07679118 0.10111351 0.15823756 0.23588388 0.29115123 0.31479597 0.30784506 0.32494211 0.31638032 0.30357671 0.32057750 0.27778959 0.28757888 0.27958781 0.26298505 0.26440597 0.22991271 0.21575136 0.19494854 0.14072974 0.12481768 0.12373056 0.09875964 0.06126675 0.04922709 0.00459249 -0.02829464 -0.04408042 -0.04872184 -0.06169803 -0.06232888 -0.05825360 -0.09817036 -0.09077797 -0.09934814 -0.12614073 -0.13510935 -0.13234459 -0.13993089 -0.15204550 -0.15523976 -0.16458638 -0.14691904 -0.14094532 -0.13542145 -0.12208857 -0.13235891 -0.15404810 -0.17005773 -0.22774687 -0.27569741 -0.29970866 -0.24691023 -0.18273918 -0.16824542 -0.15633276 -0.13531324 -0.15220878 -0.14649479 -0.14682181 -0.18777974 -0.22005153 -0.22866328 -0.26861393 -0.30903351 -0.33259943 -0.40652913 -0.42117983 -0.38618958 -0.38159886 -0.41485634 -0.41020387 -0.41744465 -0.27003294 -0.15848093 -0.06161142 0.03508085 0.14400463 0.18822740 0.17676605 0.19385214 0.20627727 0.21387638 0.21547927 0.20604955 0.22363339 0.20215516 0.22861193 0.21289332 0.20844968 0.22629140 0.26444471 0.26131827 0.24431081 0.22575976 0.16559680 0.14504762 0.18722133 0.21949835 0.22909252 0.22691126 0.24648176 0.23055656
0.31851000 0.30740654 0.30900621 0.30800289 0.26188248 0.16259854 0.08745064 0.00652902 -0.06577972 -0.14666773 -0.17158645 -0.16378084 -0.16199329 -0.16137595 -0.17182463 -0.22657159 -0.17049769 -0.06655364 0.00399773 0.07931961 0.13084267 0.20538671 0.26489204 0.33172327 0.34562057 0.33140361 0.36238253 0.35456753 0.34015936 0.36719620 0.32698160 0.34585428 0.34476268 0.35295159 0.36808896 0.35803008 0.36399889 0.38441539 0.37093729 0.35723954 0.36144137 0.35750705 0.36621577 0.36164647 0.37180829 0.34910262 0.34077120 0.33829010 0.32435930 0.33515227 0.32683045 0.32048351 0.33549005 0.33616734 0.32645547 0.32072800 0.30178791 0.29695952 0.27128685 0.25014627 0.24134167 0.21659781 0.20303644 0.13816206 0.09321572 0.03414768 -0.00273921 -0.02460925 -0.05195534 -0.10188438 -0.16729312 -0.12757258 -0.08262592 -0.08829904 -0.10896132 -0.12569682 -0.13000581 -0.11061957 -0.12445769 -0.12871934 -0.15525714 -0.14106154 -0.13357913 -0.13535200 -0.13112512 -0.19919081 -0.18679458 -0.10757693 -0.16143137 -0.15707611 -0.15857446 -0.20350274 -0.11840352 -0.10349520 -0.03122054 0.03219455 0.08246754 0.15881015 0.20794852 0.26724637 0.30385864 0.32469201 0.34148693 0.34936094 0.34242666 0.35321319 0.33999705 0.32845885 0.28333956 0.27920204 0.25179225 0.23109992 0.14697807 0.13962807 0.12880744 0.10694958 0.07589032 0.08905555 0.10388358 0.13096987 0.16556536 0.15145676 0.18672039 0.19382106
