0.00000000 0.00000000 0.00000000 0.00000000 0.00000000 0.00000000 0.00000000 0.00000000 0.00000000 0.00000000 0.00000000 0.00000000 0.00000000 0.00000000 0.00000000 0.00000000 0.00000000 0.00000000 0.00000000 0.00000000 0.00000000 0.00000000 0.00000000 0.00000000 0.00000000 0.00000000 0.00000000 0.00000000 0.00000000 0.00000000 0.00000000 0.00000000 0.00000000 0.00000000 0.00000000 0.00000000 0.00000000 0.00000000 0.00000000 0.00000000 0.00000000 0.00000000 0.00000000 0.00000000 0.00000000 0.00000000 0.00000000 0.00000000 0.00000000 0.00000000 0.00000000 0.00000000 0.00000000 0.00000000 0.00000000 0.00000000 0.00000000 0.00000000 0.00000000 0.00000000 0.00000000 0.00000000 0.00000000 0.00000000 0.00000000 0.00000000 0.00000000 0.00000000 0.00000000 0.00000000 0.00000000 0.00000000 0.00000000 0.00000000 0.00000000 0.00000000 0.00000000 0.00000000 0.00000000 0.00000000 0.00000000 0.00000000 0.00000000 0.00000000 0.00000000 0.00000000 0.00000000 0.00000000 0.00000000 0.00000000 0.00000000 0.00000000 0.00000000 0.00000000 0.00000000 0.00000000 0.00000000 0.00000000 0.00000000 0.00000000 0.00000000 0.00000000 0.00000000 0.00000000 0.00000000 0.00000000 0.00000000 0.00000000 0.00000000 0.00000000 0.00000000 0.00000000 0.00000000 0.00000000 0.00000000 0.00000000 0.00000000 0.00000000 0.00000000 0.00000000 0.00000000 0.00000000 0.00000000 0.00000000
0.00000000 0.00000000 0.00000000 0.00000000 0.00000000 0.00000000 0.00000000 0.00000000 0.00000000 0.00000000 0.00000000 0.00000000 0.00000000 0.00000000 0.00000000 0.00000000 0.00000000 0.00000000 0.00000000 0.00000000 0.00000000 0.00000000 0.00000000 0.00000000 0.00000000 0.00000000 0.00000000 0.00000000 0.00000000 0.00000000 0.00000000 0.00000000 0.00000000 0.00000000 0.00000000 0.00000000 0.00000000 0.00000000 0.00000000 0.00000000 0.00000000 0.00000000 0.00000000 0.00000000 0.00000000 0.00000000 0.00000000 0.00000000 0.00000000 0.00000000 0.00000000 0.00000000 0.00000000 0.00000000 0.00000000 0.00000000 0.00000000 0.00000000 0.00000000 0.00000000 0.00000000 0.00000000 0.00000000 0.00000000 0.00000000 0.00000000 0.00000000 0.00000000 0.00000000 0.00000000 0.00000000 0.00000000 0.00000000 0.00000000 0.00000000 0.00000000 0.00000000 0.00000000 0.00000000 0.00000000 0.00000000 0.00000000 0.00000000 0.00000000 0.00000000 0.00000000 0.00000000 0.00000000 0.00000000 0.00000000 0.00000000 0.00000000 0.00000000 0.00000000 0.00000000 0.00000000 0.00000000 0.00000000 0.00000000 0.00000000 0.00000000 0.00000000 0.00000000 0.00000000 0.00000000 0.00000000 0.00000000 0.00000000 0.00000000 0.00000000 0.00000000 0.00000000 0.00000000 0.00000000 0.00000000 0.00000000 0.00000000 0.00000000 0.00000000 0.00000000 0.00000000 0.00000000 0.00000000 0.00000000
0.00000000 0.00000000 0.00000000 0.00000000 0.00000000 0.00000000 0.00000000 0.00000000 0.00000000 0.00000000 0.00000000 0.00000000 0.00000000 0.00000000 0.00000000 0.00000000 0.00000000 0.00000000 0.00000000 0.00000000 0.00000000 0.00000000 0.00000000 0.00000000 0.00000000 0.00000000 0.00000000 0.00000000 0.00000000 0.00000000 0.00000000 0.00000000 0.00000000 0.00000000 0.00000000 0.00000000 0.00000000 0.00000000 0.00000000 0.00000000 0.00000000 0.00000000 0.00000000 0.00000000 0.00000000 0.00000000 0.00000000 0.00000000 0.00000000 0.00000000 0.00000000 0.00000000 0.00000000 0.00000000 0.00000000 0.00000000 0.00000000 0.00000000 0.00000000 0.00000000 0.00000000 0.00000000 0.00000000 0.00000000 0.00000000 0.00000000 0.00000000 0.00000000 0.00000000 0.00000000 0.00000000 0.00000000 0.00000000 0.00000000 0.00000000 0.00000000 0.00000000 0.00000000 0.00000000 0.00000000 0.00000000 0.00000000 0.00000000 0.00000000 0.00000000 0.00000000 0.00000000 0.00000000 0.00000000 0.00000000 0.00000000 0.55370605 0.87418675 0.87405604 0.14814001 0.00000000 0.00000000 0.00000000 0.00000000 0.00000000 0.00000000 0.00000000 0.00000000 0.00000000 0.00000000 0.00000000 0.00000000 0.00000000 0.00000000 0.00000000 0.00000000 0.00000000 0.00000000 0.00000000 0.00000000 0.00000000 0.00000000 0.00000000 0.00000000 0.00000000 0.00000000 0.00000000 0.00000000 0.00000000
0.00000000 0.00000000 0.00000000 0.00000000 0.00000000 0.00000000 0.00000000 0.00000000 0.00000000 0.00000000 0.00000000 0.00000000 0.00000000 0.00000000 0.00000000 0.00000000 0.00000000 0.00000000 0.00000000 0.00000000 0.00000000 0.00000000 0.00000000 0.00000000 0.00000000 0.00000000 0.00000000 0.00000000 0.00000000 0.00000000 0.00000000 0.00000000 0.00000000 0.00000000 0.00000000 0.00000000 0.00000000 0.00000000 0.00000000 0.00000000 0.00000000 0.00000000 0.00000000 0.00000000 0.00000000 0.00000000 0.00000000 0.00000000 0.00000000 0.00000000 0.00000000 0.00000000 0.00000000 0.00000000 0.00000000 0.00000000 0.00000000 0.00000000 0.00000000 0.00000000 0.00000000 0.00000000 0.00000000 0.00000000 0.00000000 0.00000000 0.00000000 0.00000000 0.00000000 0.00000000 0.00000000 0.00000000 0.00000000 0.00000000 0.00000000 0.00000000 0.00000000 0.00000000 0.00000000 0.00000000 0.00000000 0.00000000 0.00000000 0.00000000 0.00000000 0.00000000 0.00000000 0.00000000 0.00000000 0.00000000 0.80786300 1.48474908 1.92829716 1.94200611 1.43714583 0.33460808 0.00000000 0.00000000 0.00000000 0.00000000 0.00000000 0.00000000 0.00000000 0.00000000 0.00000000 0.00000000 0.00000000 0.00000000 0.00000000 0.00000000 0.00000000 0.00000000 0.00000000 0.00000000 0.00000000 0.00000000 0.00000000 0.00000000 0.00000000 0.00000000 0.00000000 0.00000000 0.00000000 0.00000000
0.00000000 0.00000000 0.00000000 0.00000000 0.00000000 0.00000000 0.00000000 0.00000000 0.00000000 0.00000000 0.00000000 0.00000000 0.00000000 0.00000000 0.00000000 0.00000000 0.00000000 0.00000000 0.00000000 0.00000000 0.00000000 0.00000000 0.00000000 0.00000000 0.00000000 0.00000000 0.00000000 0.00000000 0.00000000 0.00000000 0.00000000 0.00000000 0.00000000 0.00000000 0.00000000 0.00000000 0.00000000 0.00000000 0.00000000 0.00000000 0.00000000 0.00000000 0.00000000 0.00000000 0.00000000 0.00000000 0.00000000 0.00000000 0.00000000 0.00000000 0.00000000 0.00000000 0.00000000 0.00000000 0.00000000 0.00000000 0.00000000 0.00000000 0.00000000 0.00000000 0.00000000 0.00000000 0.00000000 0.00000000 0.00000000 0.00000000 0.00000000 0.00000000 0.00000000 0.00000000 0.00000000 0.00000000 0.00000000 0.00000000 0.00000000 0.00000000 0.00000000 0.00000000 0.00000000 0.00000000 0.00000000 0.00000000 0.00000000 0.00000000 0.00000000 0.00000000 0.00000000 0.00000000 0.00000000 0.54701811 1.40190065 2.15893602 2.72603178 2.62010455 2.17941499 1.48577523 0.45409811 0.00000000 0.00000000 0.00000000 0.00000000 0.00000000 0.00000000 0.00000000 0.00000000 0.00000000 0.00000000 0.00000000 0.00000000 0.00000000 0.00000000 0.00000000 0.00000000 0.00000000 0.00000000 0.00000000 0.00000000 0.54426533 0.39649552 0.00000000 0.00000000 0.00000000 0.00000000 0.00000000
0.00000000 0.00000000 0.00000000 0.00000000 0.00000000 0.00000000 0.00000000 0.00000000 0.00000000 0.00000000 0.00000000 0.00000000 0.00000000 0.00000000 0.00000000 0.00000000 0.00000000 0.00000000 0.00000000 0.00000000 0.00000000 0.00000000 0.00000000 0.00000000 0.00000000 0.00000000 0.00000000 0.00000000 0.00000000 0.00000000 0.00000000 0.00000000 0.00000000 0.00000000 0.00000000 0.00000000 0.00000000 0.00000000 0.00000000 0.00000000 0.00000000 0.00000000 0.00000000 0.00000000 0.00000000 0.00000000 0.00000000 0.00000000 0.00000000 0.00000000 0.00000000 0.00000000 0.00000000 0.00000000 0.00000000 0.00000000 0.00000000 0.00000000 0.00000000 0.00000000 0.00000000 0.00000000 0.00000000 0.00000000 0.00000000 0.00000000 0.00000000 0.00000000 0.00000000 0.00000000 0.00000000 0.00000000 0.00000000 0.00000000 0.00000000 0.00000000 0.00000000 0.00000000 0.00000000 0.00000000 0.00000000 0.00000000 0.00000000 0.00000000 0.00000000 0.00000000 0.00000000 0.00000000 0.00000000 1.01892221 1.85949445 2.56599212 2.78881097 2.80981040 2.56958699 2.05559111 1.30771863 0.35139799 0.00000000 0.00000000 0.00000000 0.00000000 0.00000000 0.00000000 0.00000000 0.00000000 0.00000000 0.00000000 0.00000000 0.00000000 0.00000000 0.00000000 0.00000000 0.00000000 0.00000000 0.57598025 1.08981180 1.16224504 1.02431393 0.59043080 0.02416486 0.00000000 0.00000000 0.00000000
0.00000000 0.00000000 0.00000000 0.00000000 0.00000000 0.00000000 0.00000000 0.00000000 0.00000000 0.00000000 0.00000000 0.00000000 0.00000000 0.00000000 0.00000000 0.00000000 0.00000000 0.00000000 0.00000000 0.00000000 0.00000000 0.00000000 0.00000000 0.00000000 0.00000000 0.00000000 0.00000000 0.00000000 0.00000000 0.00000000 0.00000000 0.00000000 0.00000000 0.00000000 0.00000000 0.00000000 0.00000000 0.00000000 0.00000000 0.00000000 0.00000000 0.00000000 0.00000000 0.00000000 0.00000000 0.00000000 0.00000000 0.00000000 0.00000000 0.00000000 0.00000000 0.00000000 0.00000000 0.00000000 0.00000000 0.00000000 0.00000000 0.00000000 0.00000000 0.00000000 0.00000000 0.00000000 0.00000000 0.00000000 0.00000000 0.00000000 0.00000000 0.00000000 0.00000000 0.00000000 0.00000000 0.00000000 0.00000000 0.00000000 0.00000000 0.00000000 0.00000000 0.00000000 0.00000000 0.00000000 0.00000000 0.00000000 0.00000000 0.00000000 0.00000000 0.00000000 0.00000000 0.00000000 0.34180820 1.35708225 2.28602028 2.55542660 2.65352607 2.80196905 2.84058118 2.51185822 1.90736294 1.13221872 0.12500761 0.00000000 0.00000000 0.00000000 0.00000000 0.00000000 0.00000000 0.00000000 0.00000000 0.00000000 0.00000000 0.00000000 0.00000000 0.00000000 0.00000000 0.08854385 0.99605137 1.46822357 1.76086962 1.83338892 1.46915483 0.98455000 0.15796669 0.00000000 0.00000000 0.00000000
0.00000000 0.00000000 0.00000000 0.00000000 0.00000000 0.00000000 0.00000000 0.00000000 0.00000000 0.00000000 0.00000000 0.00000000 0.00000000 0.00000000 0.00000000 0.00000000 0.00000000 0.00000000 0.00000000 0.00000000 0.00000000 0.00000000 0.00000000 0.00000000 0.00000000 0.00000000 0.00000000 0.00000000 0.00000000 0.00000000 0.00000000 0.00000000 0.00000000 0.00000000 0.00000000 0.00000000 0.00000000 0.00000000 0.00000000 0.00000000 0.00000000 0.00000000 0.00000000 0.00000000 0.00000000 0.00000000 0.00000000 0.00000000 0.00000000 0.00000000 0.00000000 0.00000000 0.00000000 0.00000000 0.00000000 0.00000000 0.00000000 0.00000000 0.00000000 0.00000000 0.00000000 0.00000000 0.00000000 0.00000000 0.00000000 0.00000000 0.00000000 0.00000000 0.00000000 0.00000000 0.00000000 0.00000000 0.00000000 0.00000000 0.00000000 0.00000000 0.00000000 0.00000000 0.00000000 0.00000000 0.00000000 0.00000000 0.00000000 0.00000000 0.00000000 0.00000000 0.00000000 0.00000000 0.56226861 1.61342788 2.53656769 2.49555182 2.53400683 2.76010871 2.90584588 2.82372594 2.44132113 1.84048879 1.12924123 0.17757301 0.00000000 0.00000000 0.00000000 0.00000000 0.00000000 0.00000000 0.00000000 0.00000000 0.00000000 0.00000000 0.00000000 0.00000000 0.65787494 1.30712068 1.72829962 2.25939441 2.46274447 2.17314196 1.77636302 1.16675997 0.21826169 0.00000000 0.00000000 0.00000000
0.00000000 0.00000000 0.00000000 0.00000000 0.00000000 0.00000000 0.00000000 0.00000000 0.00000000 0.00000000 0.00000000 0.00000000 0.00000000 0.00000000 0.00000000 0.00000000 0.00000000 0.00000000 0.00000000 0.00000000 0.00000000 0.00000000 0.00000000 0.00000000 0.00000000 0.00000000 0.00000000 0.00000000 0.00000000 0.00000000 0.00000000 0.00000000 0.00000000 0.00000000 0.00000000 0.00000000 0.00000000 0.00000000 0.00000000 0.00000000 0.00000000 0.00000000 0.00000000 0.00000000 0.00000000 0.00000000 0.00000000 0.00000000 0.00000000 0.00000000 0.00000000 0.00000000 0.00000000 0.00000000 0.00000000 0.00000000 0.00000000 0.00000000 0.00000000 0.00000000 0.00000000 0.00000000 0.00000000 0.00000000 0.00000000 0.00000000 0.00000000 0.00000000 0.00000000 0.00000000 0.00000000 0.00000000 0.00000000 0.00000000 0.00000000 0.00000000 0.00000000 0.00000000 0.00000000 0.00000000 0.00000000 0.00000000 0.00000000 0.00000000 0.00000000 0.00000000 0.00000000 0.00000000 0.84796011 1.85832274 2.50235987 2.31067371 2.32963705 2.68687439 2.94633746 2.97382855 2.72362328 2.30192089 1.70435429 1.05117881 0.39322671 0.00000000 0.00000000 0.00000000 0.00000000 0.00000000 0.00000000 0.00000000 0.00000000 0.22518983 0.63785636 1.21796131 1.62862647 1.97987437 2.55565929 2.77445579 2.62955618 2.32737207 1.90284121 1.13153183 0.23641554 0.00000000 0.00000000 0.00000000
0.00000000 0.00000000 0.00000000 0.00000000 0.00000000 0.00000000 0.00000000 0.00000000 0.00000000 0.00000000 0.00000000 0.00000000 0.00000000 0.00000000 0.00000000 0.00000000 0.00000000 0.00000000 0.00000000 0.00000000 0.00000000 0.00000000 0.00000000 0.00000000 0.00000000 0.00000000 0.00000000 0.00000000 0.00000000 0.00000000 0.00000000 0.00000000 0.00000000 0.00000000 0.00000000 0.00000000 0.00000000 0.00000000 0.00000000 0.00000000 0.00000000 0.00000000 0.00000000 0.00000000 0.00000000 0.00000000 0.00000000 0.00000000 0.00000000 0.00000000 0.00000000 0.00000000 0.00000000 0.00000000 0.00000000 0.00000000 0.00000000 0.00000000 0.00000000 0.00000000 0.00000000 0.00000000 0.00000000 0.00000000 0.00000000 0.00000000 0.00000000 0.00000000 0.00000000 0.00000000 0.00000000 0.00000000 0.00000000 0.00000000 0.00000000 0.00000000 0.00000000 0.00000000 0.00000000 0.00000000 0.00000000 0.00000000 0.00000000 0.00000000 0.00000000 0.00000000 0.00000000 0.22304928 1.08101571 1.94277704 2.22477055 2.27748227 2.16584921 2.43416905 2.79228354 3.01606274 2.96073842 2.73776078 2.42241549 2.02743149 1.58957195 1.22226882 1.01233160 0.97782940 0.99928039 0.99129367 1.08245993 1.19500995 1.42414296 1.58752620 1.96386611 2.30070162 2.48206234 2.77117586 2.89648318 2.80161858 2.63318324 2.33525300 1.78813279 1.01968229 0.07372044 0.00000000 0.00000000 0.00000000
0.00000000 0.00000000 0.00000000 0.00000000 0.00000000 0.00000000 0.00000000 0.00000000 0.00000000 0.00000000 0.00000000 0.00000000 0.00000000 0.00000000 0.00000000 0.00000000 0.00000000 0.00000000 0.00000000 0.05893078 0.00000000 0.00000000 0.00000000 0.00000000 0.00000000 0.00000000 0.00000000 0.00000000 0.00000000 0.00000000 0.00000000 0.00000000 0.00000000 0.00000000 0.00000000 0.00000000 0.00000000 0.00000000 0.00000000 0.00000000 0.00000000 0.00000000 0.00000000 0.00000000 0.00000000 0.00000000 0.00000000 0.00000000 0.00000000 0.00000000 0.00000000 0.00000000 0.00000000 0.00000000 0.00000000 0.00000000 0.00000000 0.00000000 0.00000000 0.00000000 0.00000000 0.00000000 0.00000000 0.00000000 0.00000000 0.00000000 0.00000000 0.00000000 0.00000000 0.00000000 0.00000000 0.00000000 0.00000000 0.00000000 0.00000000 0.00000000 0.00000000 0.00000000 0.00000000 0.00000000 0.00000000 0.00000000 0.00000000 0.00000000 0.00000000 0.00000000 0.00000000 0.65742111 1.45076132 2.19377756 2.25104022 2.06974769 1.97553217 2.35849166 2.75476575 2.98993158 3.04264474 3.00113058 2.94862747 2.84751558 2.76740193 2.65413570 2.54733109 2.49451280 2.46143079 2.46768665 2.50415730 2.60215020 2.63488698 2.70603538 2.87192941 2.96121120 2.99395704 2.98345137 2.90602922 2.80967069 2.63476062 2.24524283 1.61806798 0.82786345 0.00000000 0.00000000 0.00000000 0.00000000
0.00000000 0.00000000 0.00000000 0.00000000 0.00000000 0.00000000 0.00000000 0.00000000 0.00000000 0.00000000 0.00000000 0.00000000 0.00000000 0.00000000 0.00000000 0.00000000 0.00000000 0.00000000 0.00000000 0.49430525 0.00000000 0.00000000 0.00000000 0.00000000 0.00000000 0.00000000 0.00000000 0.00000000 0.00000000 0.00000000 0.00000000 0.00000000 0.00000000 0.00000000 0.00000000 0.00000000 0.00000000 0.00000000 0.00000000 0.00000000 0.00000000 0.00000000 0.00000000 0.00000000 0.00000000 0.00000000 0.00000000 0.00000000 0.00000000 0.00000000 0.00000000 0.00000000 0.00000000 0.00000000 0.00000000 0.00000000 0.00000000 0.00000000 0.00000000 0.00000000 0.00000000 0.00000000 0.00000000 0.00000000 0.00000000 0.00000000 0.00000000 0.00000000 0.00000000 0.00000000 0.00000000 0.00000000 0.00000000 0.00000000 0.00000000 0.00000000 0.00000000 0.00000000 0.00000000 0.00000000 0.00000000 0.00000000 0.00000000 0.00000000 0.00000000 0.00000000 0.41566837 1.28359807 1.84351194 2.23215055 2.18718672 2.18219900 2.22976017 2.34212089 2.68705702 2.95683908 3.02883983 3.02360487 3.02974486 3.02560067 3.03801513 3.03734064 3.02817440 2.99978662 2.95399618 2.91218352 2.89776134 2.88991833 2.88772774 2.92887759 2.93965578 2.96912003 2.98506641 2.96989822 2.90922952 2.79351139 2.57893276 2.11457157 1.46962476 0.66279447 0.00000000 0.00000000 0.00000000 0.00000000
0.00000000 0.00000000 0.00000000 0.00000000 0.00000000 0.00000000 0.00000000 0.00000000 0.00000000 0.00000000 0.00000000 0.00000000 0.00000000 0.00000000 0.00000000 0.00000000 0.00000000 0.00000000 0.00000000 0.35062015 0.00000000 0.00000000 0.30274671 0.00000000 0.00000000 0.24979675 0.00000000 0.00000000 0.23011762 0.00000000 0.00000000 0.08370911 0.00000000 0.00000000 0.00000000 0.26285902 0.00000000 0.00000000 0.00000000 0.00000000 0.00000000 0.00000000 0.00000000 0.00000000 0.00000000 0.00000000 0.00000000 0.00000000 0.00000000 0.00000000 0.00000000 0.00000000 0.00000000 0.00000000 0.00000000 0.00000000 0.00000000 0.00000000 0.00000000 0.00000000 0.00000000 0.00000000 0.00000000 0.00000000 0.00000000 0.00000000 0.00000000 0.00000000 0.00000000 0.00000000 0.00000000 0.00000000 0.00000000 0.00000000 0.00000000 0.00000000 0.00000000 0.00000000 0.00000000 0.00000000 0.00000000 0.00000000 0.00000000 0.00000000 0.00000000 0.00936012 1.08603537 1.74948227 2.34040713 2.46851587 2.35507774 2.33732891 2.25860119 2.35111284 2.73235250 2.97460914 3.04832196 3.02386022 3.02317071 3.04767871 3.04241610 3.03654981 3.02558804 3.01240540 2.96042299 2.92159200 2.90404892 2.89691663 2.91095853 2.91899276 2.96717834 2.99726295 3.01028442 2.97740984 2.87010884 2.75313687 2.45966458 1.91589797 1.24075556 0.47463930 0.00000000 0.00000000 0.00000000 0.00000000
0.00000000 0.00000000 0.00000000 0.00000000 0.00000000 0.00000000 0.00000000 0.00000000 0.00000000 0.00000000 0.00000000 0.00000000 0.00000000 0.00000000 0.00000000 0.00000000 0.00000000 0.00000000 0.00000000 0.05367779 0.00000000 0.00000000 0.09880093 0.00000000 0.00000000 0.26984215 0.00000000 0.00000000 0.06626601 0.00000000 0.00000000 0.00000000 0.00000000 0.00000000 0.05977366 0.31045085 0.00000000 0.00000000 0.00000000 0.00000000 0.00000000 0.00000000 0.00000000 0.00000000 0.00000000 0.00000000 0.00000000 0.00000000 0.00000000 0.00000000 0.00000000 0.00000000 0.00000000 0.00000000 0.00000000 0.00000000 0.00000000 0.00000000 0.00000000 0.00000000 0.00000000 0.00000000 0.00000000 0.00000000 0.00000000 0.00000000 0.00000000 0.00000000 0.00000000 0.00000000 0.00000000 0.00000000 0.00000000 0.00000000 0.00000000 0.00000000 0.00000000 0.00000000 0.00000000 0.00000000 0.00000000 0.00000000 0.00000000 0.00000000 0.00000000 0.78318590 1.58236718 2.41424680 2.71689463 2.60684490 2.57524848 2.54081225 2.50412750 2.59201384 2.84683871 2.94605184 2.99422884 3.02209687 3.04326820 3.05906653 3.06679249 3.05284762 3.04318261 3.00966477 2.97558522 2.95632052 2.91533613 2.90567088 2.91390491 2.92934942 2.96940231 3.00147653 3.01784396 2.97153854 2.81113601 2.64033246 2.31037378 1.66831934 0.94681811 0.20456223 0.00000000 0.00000000 0.00000000 0.00000000
0.00000000 0.00000000 0.00000000 0.00000000 0.00000000 0.00000000 0.00000000 0.00000000 0.00000000 0.00000000 0.00000000 0.00000000 0.00000000 0.00000000 0.00000000 0.00000000 0.00000000 0.00000000 0.00000000 0.00000000 0.00000000 0.00000000 0.00000000 0.00000000 0.00000000 0.09550995 0.00000000 0.00000000 0.00000000 0.00000000 0.00000000 0.00000000 0.05467468 0.00000000 0.00000000 0.41288906 0.00000000 0.00000000 0.00000000 0.00000000 0.00000000 0.00000000 0.00000000 0.00000000 0.00000000 0.00000000 0.00000000 0.00000000 0.00000000 0.00000000 0.00000000 0.00000000 0.00000000 0.00000000 0.00000000 0.00000000 0.00000000 0.00000000 0.00000000 0.00000000 0.00000000 0.00000000 0.00000000 0.00000000 0.00000000 0.00000000 0.00000000 0.00000000 0.00000000 0.00000000 0.00000000 0.00000000 0.00000000 0.00000000 0.00000000 0.00000000 0.00000000 0.00000000 0.00000000 0.00000000 0.00000000 0.00000000 0.00000000 0.00000000 0.31835067 1.29386139 2.14856291 2.80249214 2.89950395 2.70357847 2.63876057 2.78077745 2.72151041 2.63990664 2.85445642 2.98514748 3.01892662 3.03879714 3.04528332 3.07564783 3.08702183 3.06853676 3.04437757 3.01538396 2.96428084 2.92486596 2.89739227 2.88249755 2.91257954 2.91905212 2.93763804 3.00123858 3.00555110 2.94798613 2.78216028 2.52748799 2.06454444 1.38262749 0.58594191 0.00000000 0.00000000 0.00000000 0.00000000 0.00000000
0.00000000 0.00000000 0.00000000 0.00000000 0.00000000 0.00000000 0.00000000 0.00000000 0.00000000 0.00000000 0.00000000 0.00000000 0.00000000 0.00000000 0.00000000 0.00000000 0.00000000 0.00000000 0.00000000 0.00000000 0.00000000 0.00000000 0.00000000 0.00000000 0.00000000 0.00000000 0.00000000 0.00000000 0.00000000 0.00000000 0.00000000 0.00000000 0.00000000 0.00000000 0.00000000 0.05722557 0.00000000 0.00000000 0.00000000 0.00000000 0.00000000 0.00000000 0.00000000 0.00000000 0.00000000 0.00000000 0.00000000 0.00000000 0.00000000 0.00000000 0.00000000 0.00000000 0.00000000 0.00000000 0.00000000 0.00000000 0.00000000 0.00000000 0.00000000 0.00000000 0.00000000 0.00000000 0.00000000 0.00000000 0.00000000 0.00000000 0.00000000 0.00000000 0.00000000 0.00000000 0.00000000 0.00000000 0.00000000 0.00000000 0.00000000 0.00000000 0.00000000 0.00000000 0.00000000 0.00000000 0.00000000 0.00000000 0.00000000 0.00000000 0.91760135 1.79804325 2.60863018 2.95295429 2.94571877 2.83971143 2.83409715 2.88594794 2.81374192 2.86499739 2.99261212 3.07342911 3.07935643 3.10083842 3.11670876 3.15648317 3.15351057 3.13795710 3.09316564 3.06882405 3.01012778 2.95342112 2.95580411 2.92335343 2.93015385 2.95332241 2.98709512 3.03921580 3.07073283 2.99071646 2.76963329 2.44763184 1.94346333 1.10535038 0.18454817 0.00000000 0.00000000 0.00000000 0.00000000 0.00000000
0.00000000 0.00000000 0.00000000 0.00000000 0.00000000 0.00000000 0.00000000 0.00000000 0.00000000 0.00000000 0.00000000 0.00000000 0.00000000 0.00000000 0.00000000 0.00000000 0.00000000 0.00000000 0.00000000 0.00000000 0.00000000 0.00000000 0.00000000 0.00000000 0.00000000 0.00000000 0.00000000 0.00000000 0.00000000 0.00000000 0.00000000 0.00000000 0.00000000 0.00000000 0.00000000 0.00000000 0.00000000 0.00000000 0.00000000 0.00000000 0.00000000 0.00000000 0.00000000 0.00000000 0.00000000 0.00000000 0.00000000 0.00000000 0.00000000 0.00000000 0.00000000 0.00000000 0.00000000 0.00000000 0.00000000 0.00000000 0.00000000 0.00000000 0.00000000 0.00000000 0.00000000 0.00000000 0.00000000 0.00000000 0.00000000 0.00000000 0.00000000 0.00000000 0.00000000 0.00000000 0.00000000 0.00000000 0.00000000 0.00000000 0.00000000 0.00000000 0.00000000 0.00000000 0.00000000 0.00000000 0.00000000 0.00000000 0.00000000 0.55774140 1.51331341 2.35018325 2.93807578 3.04981565 3.05534124 2.99972367 3.00765777 2.99465418 2.95127535 3.01413488 3.08869410 3.12705564 3.17593002 3.20351887 3.21708083 3.22286105 3.20981741 3.19139647 3.14906335 3.10738802 3.08182549 3.01216698 2.96452117 2.95811081 2.97070789 3.00124478 3.01675200 3.06112146 3.11029720 3.05463791 2.83698726 2.40990186 1.77990985 0.95393735 0.00000000 0.00000000 0.00000000 0.00000000 0.00000000 0.00000000
0.00000000 0.00000000 0.00000000 0.00000000 0.00000000 0.00000000 0.00000000 0.00000000 0.00000000 0.00000000 0.00000000 0.00000000 0.00000000 0.00000000 0.00000000 0.00000000 0.00000000 0.00000000 0.00000000 0.00000000 0.00000000 0.00000000 0.00000000 0.00000000 0.00000000 0.00000000 0.00000000 0.00000000 0.00000000 0.00000000 0.00000000 0.00000000 0.00000000 0.00000000 0.00000000 0.00000000 0.00000000 0.00000000 0.00000000 0.00000000 0.00000000 0.00000000 0.00000000 0.00000000 0.00000000 0.00000000 0.00000000 0.00000000 0.00000000 0.00000000 0.00000000 0.00000000 0.00000000 0.00000000 0.00000000 0.00000000 0.00000000 0.00000000 0.00000000 0.00000000 0.00000000 0.00000000 0.00000000 0.00000000 0.00000000 0.00000000 0.00000000 0.00000000 0.00000000 0.00000000 0.00000000 0.00000000 0.00000000 0.00000000 0.00000000 0.00000000 0.00000000 0.00000000 0.00000000 0.00000000 0.00000000 0.00000000 0.20703542 1.26937914 2.01681590 2.78733444 3.08584785 3.11439681 3.15951037 3.14487100 3.14053917 3.17553282 3.16941118 3.14835930 3.18309522 3.23750067 3.23748183 3.23014569 3.24892545 3.25159836 3.23651052 3.21614838 3.17580748 3.12517333 3.08703470 3.02972984 2.99743652 2.98939514 2.96399713 2.96659327 2.99759316 3.04143047 3.06692553 3.05040765 2.85417199 2.40568757 1.64489090 0.76704496 0.00000000 0.00000000 0.00000000 0.00000000 0.00000000 0.00000000
0.00000000 0.00000000 0.00000000 0.00000000 0.00000000 0.00000000 0.00000000 0.00000000 0.00000000 0.00000000 0.00000000 0.00000000 0.00000000 0.00000000 0.00000000 0.00000000 0.00000000 0.00000000 0.00000000 0.00000000 0.00000000 0.00000000 0.00000000 0.00000000 0.00000000 0.00000000 0.00000000 0.00000000 0.00000000 0.00000000 0.00000000 0.00000000 0.00000000 0.00000000 0.00000000 0.00000000 0.00000000 0.00000000 0.00000000 0.00000000 0.00000000 0.00000000 0.00000000 0.00000000 0.00000000 0.00000000 0.00000000 0.00000000 0.00000000 0.00000000 0.00000000 0.00000000 0.00000000 0.00000000 0.00000000 0.00000000 0.00000000 0.00000000 0.00000000 0.00000000 0.00000000 0.00000000 0.00000000 0.00000000 0.00000000 0.00000000 0.00000000 0.00000000 0.00000000 0.00000000 0.00000000 0.00000000 0.00000000 0.00000000 0.00000000 0.00000000 0.00000000 0.00000000 0.00000000 0.00000000 0.00000000 0.00000000 0.96366835 1.80347753 2.57783890 3.03200531 3.12301731 3.16839480 3.18071294 3.19729114 3.21061134 3.20980978 3.21671247 3.23550057 3.23938775 3.24041390 3.24592805 3.25006390 3.24688578 3.25001431 3.23935509 3.21117234 3.18173313 3.14284182 3.10565686 3.05158734 3.01403666 2.99761748 2.95971227 2.92903042 2.96769285 2.99900031 3.02819729 3.00337124 2.86577058 2.49255371 1.78591037 0.77791661 0.00000000 0.00000000 0.00000000 0.00000000 0.00000000 0.00000000
0.00000000 0.00000000 0.00000000 0.00000000 0.00000000 0.00000000 0.00000000 0.00000000 0.00000000 0.00000000 0.00000000 0.00000000 0.00000000 0.00000000 0.00000000 0.00000000 0.00000000 0.00000000 0.00000000 0.00000000 0.00000000 0.00000000 0.00000000 0.00000000 0.00000000 0.00000000 0.00000000 0.00000000 0.00000000 0.00000000 0.00000000 0.00000000 0.00000000 0.00000000 0.00000000 0.00000000 0.00000000 0.00000000 0.00000000 0.00000000 0.00000000 0.00000000 0.00000000 0.00000000 0.00000000 0.00000000 0.00000000 0.00000000 0.00000000 0.00000000 0.00000000 0.00000000 0.00000000 0.00000000 0.00000000 0.00000000 0.00000000 0.00000000 0.00000000 0.00000000 0.00000000 0.00000000 0.00000000 0.00000000 0.00000000 0.00000000 0.00000000 0.00000000 0.00000000 0.00000000 0.00000000 0.00000000 0.00000000 0.00000000 0.00000000 0.00000000 0.00000000 0.00000000 0.00000000 0.00000000 0.00000000 0.72014356 1.59614742 2.37085795 2.92166233 3.06819749 3.11148906 3.14224863 3.17598891 3.17705441 3.19436789 3.20236468 3.19899011 3.20286608 3.22790122 3.22329879 3.22020936 3.24032998 3.23473835 3.22065711 3.21093488 3.21127844 3.18864870 3.16995835 3.14477849 3.11020803 3.03383374 3.01972103 2.96832514 2.92297482 2.90297627 2.93856525 2.97939801 2.99909306 2.95184231 2.64279914 2.02247000 1.07310402 0.00000000 0.00000000 0.00000000 0.00000000 0.00000000 0.00000000
0.00000000 0.00000000 0.00000000 0.00000000 0.00000000 0.00000000 0.00000000 0.00000000 0.00000000 0.00000000 0.00000000 0.00000000 0.00000000 0.00000000 0.00000000 0.00000000 0.00000000 0.00000000 0.00000000 0.00000000 0.00000000 0.00000000 0.00000000 0.00000000 0.00000000 0.00000000 0.00000000 0.00000000 0.00000000 0.00000000 0.00000000 0.00000000 0.00000000 0.00000000 0.00000000 0.00000000 0.00000000 0.00000000 0.00000000 0.00000000 0.00000000 0.00000000 0.00000000 0.00000000 0.00000000 0.00000000 0.00000000 0.00000000 0.00000000 0.00000000 0.00000000 0.00000000 0.00000000 0.00000000 0.00000000 0.00000000 0.00000000 0.00000000 0.00000000 0.00000000 0.00000000 0.00000000 0.00000000 0.00000000 0.00000000 0.00000000 0.00000000 0.00000000 0.00000000 0.00000000 0.00000000 0.00000000 0.00000000 0.00000000 0.00000000 0.00000000 0.00000000 0.00000000 0.00000000 0.00000000 0.50282031 1.39797139 2.08873320 2.79118323 3.00801706 3.05135965 3.10110641 3.15549850 3.16775227 3.18937564 3.18917489 3.20871568 3.19041824 3.19088721 3.20998502 3.21103835 3.20429158 3.21322060 3.22699451 3.20852470 3.19761062 3.19657159 3.19838142 3.18375564 3.16499567 3.13831663 3.09731078 3.02375054 2.97821975 2.90320849 2.88528514 2.89926124 2.93648267 2.97887111 2.95297503 2.70194936 2.07669210 1.26821303 0.25577942 0.00000000 0.00000000 0.00000000 0.00000000 0.00000000
0.00000000 0.00000000 0.00000000 0.00000000 0.00000000 0.00000000 0.00000000 0.00000000 0.00000000 0.00000000 0.00000000 0.00000000 0.00000000 0.00000000 0.00000000 0.00000000 0.00000000 0.00000000 0.00000000 0.00000000 0.00000000 0.00000000 0.00000000 0.00000000 0.00000000 0.00000000 0.00000000 0.00000000 0.00000000 0.00000000 0.00000000 0.00000000 0.00000000 0.00000000 0.00000000 0.00000000 0.00000000 0.00000000 0.00000000 0.00000000 0.00000000 0.00000000 0.00000000 0.00000000 0.00000000 0.00000000 0.00000000 0.00000000 0.00000000 0.00000000 0.00000000 0.00000000 0.00000000 0.00000000 0.00000000 0.00000000 0.00000000 0.00000000 0.00000000 0.00000000 0.00000000 0.00000000 0.00000000 0.00000000 0.00000000 0.00000000 0.00000000 0.00000000 0.00000000 0.00000000 0.00000000 0.00000000 0.00000000 0.00000000 0.00000000 0.00000000 0.00000000 0.00000000 0.00000000 0.50745082 1.31868899 1.89254451 2.60640883 2.94395089 3.01764512 3.07528973 3.11831641 3.15913272 3.19827580 3.21926665 3.23374510 3.22349000 3.22047853 3.21829009 3.22446918 3.22200894 3.20233512 3.20761347 3.20665717 3.18553472 3.14215684 3.07467937 3.09533191 3.17531300 3.20469022 3.16937757 3.11390233 3.05268359 2.98913670 2.92529130 2.88716817 2.90817833 2.93923020 2.96891284 2.97249603 2.68850541 2.18317580 1.47924364 0.51182550 0.00000000 0.00000000 0.00000000 0.00000000 0.00000000
0.00000000 0.00000000 0.00000000 0.00000000 0.00000000 0.00000000 0.00000000 0.00000000 0.00000000 0.00000000 0.00000000 0.00000000 0.00000000 0.00000000 0.00000000 0.00000000 0.00000000 0.00000000 0.00000000 0.00000000 0.00000000 0.00000000 0.00000000 0.00000000 0.00000000 0.00000000 0.00000000 0.00000000 0.00000000 0.00000000 0.00000000 0.00000000 0.00000000 0.00000000 0.00000000 0.00000000 0.00000000 0.00000000 0.00000000 0.00000000 0.00000000 0.00000000 0.00000000 0.00000000 0.00000000 0.00000000 0.00000000 0.00000000 0.00000000 0.00000000 0.00000000 0.00000000 0.00000000 0.00000000 0.00000000 0.00000000 0.00000000 0.00000000 0.00000000 0.00000000 0.00000000 0.00000000 0.00000000 0.00000000 0.00000000 0.00000000 0.00000000 0.00000000 0.00000000 0.00000000 0.00000000 0.00000000 0.00000000 0.00000000 0.00000000 0.00000000 0.00000000 0.00000000 0.79338431 1.40027523 1.88800752 2.58032537 2.92654395 2.98603177 3.04055595 3.08724713 3.11359739 3.15344787 3.20456386 3.21372628 3.22758865 3.22410750 3.22469687 3.22619963 3.23639131 3.22923446 3.21388125 3.18302226 3.11428046 2.83857322 2.57967186 2.63891125 2.65826607 2.79978585 3.13566017 3.23207450 3.13301229 3.07040906 3.01913500 2.96372938 2.91048145 2.92167473 2.95883560 2.99149275 2.93646884 2.73475552 2.31279850 1.67352998 0.66963655 0.00000000 0.00000000 0.00000000 0.00000000 0.00000000
0.00000000 0.00000000 0.00000000 0.00000000 0.00000000 0.00000000 0.00000000 0.00000000 0.00000000 0.00000000 0.00000000 0.00000000 0.00000000 0.00000000 0.00000000 0.00000000 0.00000000 0.00000000 0.00000000 0.00000000 0.00000000 0.00000000 0.00000000 0.00000000 0.00000000 0.00000000 0.00000000 0.00000000 0.00000000 0.00000000 0.00000000 0.00000000 0.00000000 0.00000000 0.00000000 0.00000000 0.00000000 0.00000000 0.00000000 0.00000000 0.00000000 0.00000000 0.00000000 0.00000000 0.00000000 0.00000000 0.00000000 0.00000000 0.00000000 0.00000000 0.00000000 0.00000000 0.00000000 0.00000000 0.00000000 0.00000000 0.00000000 0.00000000 0.00000000 0.00000000 0.00000000 0.00000000 0.00000000 0.00000000 0.00000000 0.00000000 0.00000000 0.00000000 0.00000000 0.00000000 0.00000000 0.00000000 0.00000000 0.00000000 0.00000000 0.00000000 0.56117111 1.13748145 1.59640157 2.03428292 2.58128762 2.90140295 2.96968961 3.00811100 3.04933453 3.07460117 3.11105728 3.15519357 3.18995547 3.20448971 3.19662118 3.21420288 3.19695830 3.20887303 3.21388984 3.22951198 3.21444321 2.96005654 2.78249478 2.46567321 1.94679010 1.90401518 2.03931165 2.06081223 2.55473876 3.09672403 3.13990450 3.06240249 3.02041411 2.96126890 2.90499425 2.88089490 2.85322070 2.77483296 2.61544585 2.58292699 2.38915658 1.77019835 0.74406934 0.00000000 0.00000000 0.00000000 0.00000000 0.00000000
0.00000000 0.00000000 0.00000000 0.00000000 0.00000000 0.00000000 0.00000000 0.00000000 0.00000000 0.00000000 0.00000000 0.00000000 0.00000000 0.00000000 0.00000000 0.00000000 0.00000000 0.00000000 0.00000000 0.00000000 0.00000000 0.00000000 0.00000000 0.00000000 0.00000000 0.00000000 0.00000000 0.00000000 0.00000000 0.00000000 0.00000000 0.00000000 0.00000000 0.00000000 0.00000000 0.00000000 0.00000000 0.00000000 0.00000000 0.00000000 0.00000000 0.00000000 0.00000000 0.00000000 0.00000000 0.00000000 0.00000000 0.00000000 0.00000000 0.00000000 0.00000000 0.00000000 0.00000000 0.00000000 0.00000000 0.00000000 0.00000000 0.00000000 0.00000000 0.00000000 0.00000000 0.00000000 0.00000000 0.00000000 0.00000000 0.00000000 0.00000000 0.00000000 0.00000000 0.00000000 0.00000000 0.00000000 0.00000000 0.00000000 0.46660542 1.18519664 1.64613259 2.04608226 2.42441750 2.76210237 2.90503764 2.99322319 3.03404522 3.05501342 3.08267212 3.10996222 3.13377810 3.17997575 3.21726489 3.21869087 3.22793531 3.22850776 3.22208500 3.21636009 3.23613667 3.23497033 3.22360253 2.92907238 2.61439037 2.38749743 1.47820926 0.84887952 1.29848826 1.61068308 2.12768841 2.84034109 3.10462046 3.08068609 3.02000570 2.96430898 2.84827638 2.66775727 2.38741207 2.52433372 2.47131753 2.20805931 2.21583200 1.84325504 0.86621302 0.00000000 0.00000000 0.00000000 0.00000000 0.00000000
0.00000000 0.00000000 0.00000000 0.00000000 0.00000000 0.00000000 0.00000000 0.00000000 0.00000000 0.00000000 0.00000000 0.00000000 0.00000000 0.00000000 0.00000000 0.00000000 0.00000000 0.00000000 0.00000000 0.00000000 0.00000000 0.00000000 0.00000000 0.00000000 0.00000000 0.00000000 0.00000000 0.00000000 0.00000000 0.00000000 0.00000000 0.00000000 0.00000000 0.00000000 0.00000000 0.00000000 0.00000000 0.00000000 0.00000000 0.00000000 0.00000000 0.00000000 0.00000000 0.00000000 0.00000000 0.00000000 0.00000000 0.00000000 0.00000000 0.00000000 0.00000000 0.00000000 0.00000000 0.00000000 0.00000000 0.00000000 0.00000000 0.00000000 0.00000000 0.00000000 0.00000000 0.00000000 0.00000000 0.00000000 0.00000000 0.00000000 0.00000000 0.00000000 0.00000000 0.00000000 0.00000000 0.00000000 0.00000000 0.82673001 1.54636395 2.08442688 2.54713845 2.78653884 2.89411354 2.95407867 3.00782990 3.05394721 3.08804727 3.10598135 3.14373040 3.15351653 3.15738368 3.20323086 3.24092197 3.24698591 3.24246812 3.24236965 3.23730135 3.24164128 3.23889446 3.24394345 3.25314450 2.95920253 2.23540521 1.79195738 0.91234410 0.02058513 0.23680246 1.08983886 1.69728625 2.58015037 3.08763075 3.07742858 3.03413844 2.94496012 2.65980339 2.56844115 2.15169787 1.95155573 2.03430414 1.94198382 2.07577610 1.85636055 1.00805426 0.00000000 0.00000000 0.00000000 0.00000000 0.00000000
0.00000000 0.00000000 0.00000000 0.00000000 0.00000000 0.00000000 0.00000000 0.00000000 0.00000000 0.00000000 0.00000000 0.00000000 0.00000000 0.00000000 0.00000000 0.00000000 0.00000000 0.00000000 0.00000000 0.00000000 0.00000000 0.00000000 0.00000000 0.00000000 0.00000000 0.00000000 0.00000000 0.00000000 0.00000000 0.00000000 0.00000000 0.00000000 0.00000000 0.00000000 0.00000000 0.00000000 0.00000000 0.00000000 0.00000000 0.00000000 0.00000000 0.00000000 0.00000000 0.00000000 0.00000000 0.00000000 0.00000000 0.00000000 0.00000000 0.00000000 0.00000000 0.00000000 0.00000000 0.00000000 0.00000000 0.00000000 0.00000000 0.00000000 0.00000000 0.00000000 0.00000000 0.00000000 0.00000000 0.00000000 0.00000000 0.00000000 0.00000000 0.00000000 0.00000000 0.00000000 0.00000000 0.00000000 0.84609163 1.60498965 2.20934820 2.69334459 2.88015652 2.89731860 2.90774131 2.97828102 3.01746368 3.05947924 3.10986495 3.10972238 3.13393259 3.15887308 3.15577269 3.19041538 3.22529221 3.22655654 3.21838379 3.22148395 3.21396899 3.20644474 3.21405077 3.21643472 3.21529484 2.92835498 2.07869124 1.25058234 0.75414324 0.00000000 0.00000000 0.36002025 1.24976647 2.34258938 3.02372718 3.03189349 3.00840092 2.90036941 2.54518080 2.25232196 1.91102028 1.28107095 1.54441857 1.66586363 1.75533903 1.92019510 1.09325826 0.00000000 0.00000000 0.00000000 0.00000000 0.00000000
0.00000000 0.00000000 0.00000000 0.00000000 0.00000000 0.00000000 0.00000000 0.00000000 0.00000000 0.00000000 0.00000000 0.00000000 0.00000000 0.00000000 0.00000000 0.00000000 0.00000000 0.00000000 0.00000000 0.00000000 0.00000000 0.00000000 0.00000000 0.00000000 0.00000000 0.00000000 0.00000000 0.00000000 0.00000000 0.00000000 0.00000000 0.00000000 0.00000000 0.00000000 0.00000000 0.00000000 0.00000000 0.00000000 0.00000000 0.00000000 0.00000000 0.00000000 0.00000000 0.00000000 0.00000000 0.00000000 0.00000000 0.00000000 0.00000000 0.00000000 0.00000000 0.00000000 0.00000000 0.00000000 0.00000000 0.00000000 0.00000000 0.00000000 0.00000000 0.00000000 0.00000000 0.00000000 0.00000000 0.00000000 0.00000000 0.00000000 0.00000000 0.00000000 0.00000000 0.00000000 0.00000000 0.64489794 1.49795580 2.21084785 2.73498774 2.84537959 2.87036610 2.89933515 2.92850637 2.96982551 2.99778652 3.03599405 3.06789660 3.09132624 3.10460687 3.13800502 3.13883018 3.15867209 3.19659686 3.20238400 3.19659376 3.19578767 3.18769026 3.16717792 3.16587472 3.16227341 3.15371656 2.86486101 2.31483626 1.70942414 1.05152619 0.20829952 0.16671279 0.82705021 1.47708333 2.26112199 2.94102049 2.97184801 2.92447209 2.89912868 2.45973206 1.94263852 1.63917160 1.30894661 1.05615640 1.24504006 1.60784912 1.88483882 1.11732829 0.01075521 0.00000000 0.00000000 0.00000000 0.00000000
0.00000000 0.00000000 0.00000000 0.00000000 0.00000000 0.00000000 0.00000000 0.00000000 0.00000000 0.00000000 0.00000000 0.00000000 0.00000000 0.00000000 0.00000000 0.00000000 0.00000000 0.00000000 0.00000000 0.00000000 0.00000000 0.00000000 0.00000000 0.00000000 0.00000000 0.00000000 0.00000000 0.00000000 0.00000000 0.00000000 0.00000000 0.00000000 0.00000000 0.00000000 0.00000000 0.00000000 0.00000000 0.00000000 0.00000000 0.00000000 0.00000000 0.00000000 0.00000000 0.00000000 0.00000000 0.00000000 0.00000000 0.00000000 0.00000000 0.00000000 0.00000000 0.00000000 0.00000000 0.00000000 0.00000000 0.00000000 0.00000000 0.00000000 0.00000000 0.00000000 0.00000000 0.00000000 0.00000000 0.00000000 0.00000000 0.00000000 0.00000000 0.00000000 0.00000000 0.00000000 0.31932092 1.26590657 1.98768198 2.62062812 2.81156945 2.83086562 2.86783981 2.90711594 2.92918444 2.95954728 3.00109124 3.00928974 3.03999019 3.06554294 3.07121706 3.11035943 3.11043262 3.11927557 3.15257382 3.17050815 3.16134977 3.15388918 3.15840292 3.14527607 3.11334825 3.12509465 3.10638595 2.98191690 2.52891445 2.15883660 1.54363561 1.02125525 1.01611209 1.46042585 1.81920815 2.45871425 2.90390301 2.89664650 2.89020324 2.81822014 2.42896509 1.85697901 1.48760962 1.24076962 1.14834976 1.53663182 1.64400923 1.81144691 1.04346907 0.00096995 0.00000000 0.00000000 0.00000000 0.00000000
0.00000000 0.00000000 0.00000000 0.00000000 0.00000000 0.00000000 0.00000000 0.00000000 0.00000000 0.00000000 0.00000000 0.00000000 0.00000000 0.00000000 0.00000000 0.00000000 0.00000000 0.00000000 0.00000000 0.00000000 0.00000000 0.00000000 0.00000000 0.00000000 0.00000000 0.00000000 0.00000000 0.00000000 0.00000000 0.00000000 0.00000000 0.00000000 0.00000000 0.00000000 0.00000000 0.00000000 0.00000000 0.00000000 0.00000000 0.00000000 0.00000000 0.00000000 0.00000000 0.00000000 0.00000000 0.00000000 0.00000000 0.00000000 0.00000000 0.00000000 0.00000000 0.00000000 0.00000000 0.00000000 0.00000000 0.00000000 0.00000000 0.00000000 0.00000000 0.00000000 0.00000000 0.00000000 0.00000000 0.00000000 0.00000000 0.00000000 0.00000000 0.00000000 0.00000000 0.00000000 1.00216436 1.76840210 2.51881933 2.78125453 2.81944847 2.87100196 2.91357112 2.93718219 2.96622610 2.98915839 3.00624037 3.01870656 3.03191996 3.05791306 3.08800340 3.09618640 3.10385847 3.10896921 3.12505102 3.13569140 3.14517856 3.14985728 3.13948298 3.13228679 3.11328340 3.09374595 3.09309316 3.05325246 2.91440535 2.61049652 2.46524572 2.24484491 2.09430289 2.06918550 2.34036422 2.81445885 2.91996789 2.88045907 2.88348937 2.82991099 2.43326879 2.01882029 1.84603834 1.69239807 1.64653492 1.66094768 1.87279558 1.81037331 0.97630107 0.00000000 0.00000000 0.00000000 0.00000000 0.00000000
0.00000000 0.00000000 0.00000000 0.00000000 0.00000000 0.00000000 0.00000000 0.00000000 0.00000000 0.00000000 0.00000000 0.00000000 0.00000000 0.00000000 0.00000000 0.00000000 0.00000000 0.00000000 0.00000000 0.00000000 0.00000000 0.00000000 0.00000000 0.00000000 0.00000000 0.00000000 0.00000000 0.00000000 0.00000000 0.00000000 0.00000000 0.00000000 0.00000000 0.00000000 0.00000000 0.00000000 0.00000000 0.00000000 0.00000000 0.00000000 0.00000000 0.00000000 0.00000000 0.00000000 0.00000000 0.00000000 0.00000000 0.00000000 0.00000000 0.00000000 0.00000000 0.00000000 0.00000000 0.00000000 0.00000000 0.00000000 0.00000000 0.00000000 0.00000000 0.00000000 0.00000000 0.00000000 0.00000000 0.00000000 0.00000000 0.00000000 0.00000000 0.00000000 0.00000000 0.55426049 1.41659534 2.30009055 2.74487519 2.80374622 2.83652711 2.89740562 2.93861270 2.97764516 2.99954462 3.01033473 3.01959610 3.02930450 3.03852582 3.07685089 3.07941461 3.10271764 3.11095333 3.11846733 3.12673092 3.13856816 3.15347791 3.15022278 3.13708353 3.12506270 3.11058354 3.08542991 3.06001449 3.05323815 3.03341842 2.99692726 2.95354700 2.99164701 2.93206906 2.82520366 2.89729190 2.96678567 2.94433022 2.87899494 2.87226772 2.87923646 2.72071052 2.47443414 2.53905535 2.45120788 2.14507461 2.14600611 2.11220694 1.68381178 0.84900886 0.00000000 0.00000000 0.00000000 0.00000000 0.00000000
0.00000000 0.00000000 0.00000000 0.00000000 0.00000000 0.00000000 0.00000000 0.00000000 0.00000000 0.00000000 0.00000000 0.00000000 0.00000000 0.00000000 0.00000000 0.00000000 0.00000000 0.00000000 0.00000000 0.00000000 0.00000000 0.00000000 0.00000000 0.00000000 0.00000000 0.00000000 0.00000000 0.00000000 0.00000000 0.00000000 0.00000000 0.00000000 0.00000000 0.00000000 0.00000000 0.00000000 0.00000000 0.00000000 0.00000000 0.00000000 0.00000000 0.00000000 0.00000000 0.00000000 0.00000000 0.00000000 0.00000000 0.00000000 0.00000000 0.00000000 0.00000000 0.00000000 0.00000000 0.00000000 0.00000000 0.00000000 0.00000000 0.00000000 0.00000000 0.00000000 0.00000000 0.00000000 0.00000000 0.00000000 0.00000000 0.00000000 0.00000000 0.00000000 0.00959246 1.00322711 1.92853940 2.63544726 2.78490877 2.81598282 2.88009071 2.92242002 2.97441888 3.00879836 3.03142309 3.03588986 3.04984283 3.05534530 3.07129645 3.08131957 3.10415816 3.12734365 3.12695074 3.12708831 3.14334202 3.14471698 3.15249205 3.15592861 3.15751982 3.13717294 3.10363436 3.07542610 3.06218147 3.04189920 3.01809907 3.03469276 3.06101823 3.04870272 3.04249263 3.03454161 3.00481606 2.99976563 2.95400596 2.89930630 2.89252973 2.88268542 2.83168817 2.78661919 2.81959581 2.79671526 2.63817143 2.41888714 2.06766558 1.47914588 0.62365502 0.00000000 0.00000000 0.00000000 0.00000000 0.00000000
0.00000000 0.00000000 0.00000000 0.00000000 0.00000000 0.00000000 0.00000000 0.00000000 0.00000000 0.00000000 0.00000000 0.00000000 0.00000000 0.00000000 0.00000000 0.00000000 0.00000000 0.00000000 0.00000000 0.00000000 0.00000000 0.00000000 0.00000000 0.00000000 0.00000000 0.00000000 0.00000000 0.00000000 0.00000000 0.00000000 0.00000000 0.00000000 0.00000000 0.00000000 0.00000000 0.00000000 0.00000000 0.00000000 0.00000000 0.00000000 0.00000000 0.00000000 0.00000000 0.00000000 0.00000000 0.00000000 0.00000000 0.00000000 0.00000000 0.00000000 0.00000000 0.00000000 0.00000000 0.00000000 0.00000000 0.00000000 0.00000000 0.00000000 0.00000000 0.00000000 0.00000000 0.00000000 0.00000000 0.00000000 0.00000000 0.00000000 0.00000000 0.00000000 0.51470059 1.46430206 2.39614081 2.79614425 2.84094000 2.89630222 2.93804169 3.01178169 3.05760002 3.08589578 3.10740376 3.12237906 3.13143039 3.13133192 3.14247108 3.17045903 3.18024492 3.17576528 3.19987631 3.20228910 3.19441533 3.19360113 3.21181798 3.21716404 3.19067311 3.18505454 3.16365123 3.14288068 3.11992240 3.09158373 3.08438826 3.08227849 3.08890605 3.08676267 3.09324980 3.08952880 3.08526635 3.06573462 3.03585267 2.99166989 2.96577668 2.93980145 2.89513755 2.87402320 2.87604594 2.81018281 2.67126441 2.33542323 1.89572704 1.27137721 0.37156677 0.00000000 0.00000000 0.00000000 0.00000000 0.00000000
0.00000000 0.00000000 0.00000000 0.00000000 0.00000000 0.00000000 0.00000000 0.00000000 0.00000000 0.00000000 0.00000000 0.00000000 0.00000000 0.00000000 0.00000000 0.00000000 0.00000000 0.00000000 0.00000000 0.00000000 0.00000000 0.00000000 0.00000000 0.00000000 0.00000000 0.00000000 0.00000000 0.00000000 0.00000000 0.00000000 0.00000000 0.00000000 0.00000000 0.00000000 0.00000000 0.00000000 0.00000000 0.00000000 0.00000000 0.00000000 0.00000000 0.00000000 0.00000000 0.00000000 0.00000000 0.00000000 0.00000000 0.00000000 0.00000000 0.00000000 0.00000000 0.00000000 0.00000000 0.00000000 0.00000000 0.00000000 0.00000000 0.00000000 0.00000000 0.00000000 0.00000000 0.00000000 0.00000000 0.00000000 0.00000000 0.00000000 0.00000000 0.00000000 1.01627386 1.91517043 2.70729876 2.88206291 2.90482140 2.95758724 3.03371239 3.09169674 3.13378310 3.17028904 3.18339491 3.18770313 3.19871664 3.21879339 3.22336817 3.23852682 3.24826026 3.25656843 3.25502062 3.26210880 3.25332880 3.26168036 3.26896405 3.26733708 3.25528598 3.24772501 3.23286724 3.20486569 3.17427063 3.17858529 3.16782188 3.12971687 3.14427447 3.16549754 3.15281844 3.14752579 3.13882828 3.13329291 3.12091303 3.07529640 3.03230619 3.00063539 2.97834849 2.95846772 2.94005203 2.83707404 2.64194536 2.26247454 1.66835487 1.01461792 0.03060691 0.00000000 0.00000000 0.00000000 0.00000000 0.00000000
0.00000000 0.00000000 0.00000000 0.00000000 0.00000000 0.00000000 0.00000000 0.00000000 0.00000000 0.00000000 0.00000000 0.00000000 0.00000000 0.00000000 0.00000000 0.00000000 0.00000000 0.00000000 0.00000000 0.00000000 0.00000000 0.00000000 0.00000000 0.00000000 0.00000000 0.00000000 0.00000000 0.00000000 0.00000000 0.00000000 0.00000000 0.00000000 0.00000000 0.00000000 0.00000000 0.00000000 0.00000000 0.00000000 0.00000000 0.00000000 0.00000000 0.00000000 0.00000000 0.00000000 0.00000000 0.00000000 0.00000000 0.00000000 0.00000000 0.00000000 0.00000000 0.00000000 0.00000000 0.00000000 0.00000000 0.00000000 0.00000000 0.00000000 0.00000000 0.00000000 0.00000000 0.00000000 0.00000000 0.00000000 0.00000000 0.00000000 0.00000000 0.52780378 1.46053052 2.38040233 2.84837914 2.91483998 2.93957925 2.99191523 3.05916905 3.11780643 3.15847683 3.18796825 3.20610952 3.21129918 3.22310472 3.22790837 3.23829675 3.26605129 3.27246284 3.26123023 3.27358794 3.27348995 3.26638079 3.26623702 3.27766967 3.28750348 3.27732658 3.24890614 3.23602104 3.22693729 3.20568466 3.18365312 3.16754317 3.16153646 3.16545272 3.15528893 3.14513397 3.15524960 3.15436363 3.13372803 3.12126470 3.08448291 3.04933739 3.02723145 2.98373008 2.95705652 2.93576860 2.79866052 2.50325561 2.07355905 1.46035016 0.64935315 0.00000000 0.00000000 0.00000000 0.00000000 0.00000000 0.00000000
0.00000000 0.00000000 0.00000000 0.00000000 0.00000000 0.00000000 0.00000000 0.00000000 0.00000000 0.00000000 0.00000000 0.00000000 0.00000000 0.00000000 0.00000000 0.00000000 0.00000000 0.00000000 0.00000000 0.00000000 0.00000000 0.00000000 0.00000000 0.00000000 0.00000000 0.00000000 0.00000000 0.00000000 0.00000000 0.00000000 0.00000000 0.00000000 0.00000000 0.00000000 0.00000000 0.00000000 0.00000000 0.00000000 0.00000000 0.00000000 0.00000000 0.00000000 0.00000000 0.00000000 0.00000000 0.00000000 0.00000000 0.00000000 0.00000000 0.00000000 0.00000000 0.00000000 0.00000000 0.00000000 0.00000000 0.00000000 0.00000000 0.00000000 0.00000000 0.00000000 0.00000000 0.00000000 0.00000000 0.00000000 0.00000000 0.00000000 0.00000000 1.05558765 1.93243384 2.72249937 2.88870549 2.91271377 2.97335434 3.01365471 3.08768487 3.15199685 3.17543674 3.19552946 3.20799136 3.21287370 3.22361851 3.23030972 3.24925184 3.25950623 3.26918721 3.26118970 3.26682329 3.27359509 3.26079869 3.27188849 3.27482247 3.27656555 3.26728654 3.25689316 3.23084950 3.22138810 3.19387937 3.16673326 3.16401625 3.14646721 3.12842321 3.13047218 3.13383436 3.13865662 3.12633276 3.12200952 3.12080097 3.09452152 3.04179931 3.01689029 2.98213625 2.95371389 2.88222599 2.71436977 2.35317731 1.85036671 1.21791065 0.26667091 0.00000000 0.00000000 0.00000000 0.00000000 0.00000000 0.00000000
0.00000000 0.00000000 0.00000000 0.00000000 0.00000000 0.00000000 0.00000000 0.00000000 0.00000000 0.00000000 0.00000000 0.00000000 0.00000000 0.00000000 0.00000000 0.00000000 0.00000000 0.00000000 0.00000000 0.00000000 0.00000000 0.00000000 0.00000000 0.00000000 0.00000000 0.00000000 0.00000000 0.00000000 0.00000000 0.00000000 0.00000000 0.00000000 0.00000000 0.00000000 0.00000000 0.00000000 0.00000000 0.00000000 0.00000000 0.00000000 0.00000000 0.00000000 0.00000000 0.00000000 0.00000000 0.00000000 0.00000000 0.00000000 0.00000000 0.00000000 0.00000000 0.00000000 0.00000000 0.00000000 0.00000000 0.00000000 0.00000000 0.00000000 0.00000000 0.00000000 0.00000000 0.00000000 0.00000000 0.00000000 0.00000000 0.00000000 0.55106366 1.47306550 2.41521907 2.86359787 2.89881611 2.94721603 2.99648118 3.04936194 3.11554408 3.17100263 3.19037867 3.20634127 3.23351884 3.23587465 3.23381233 3.25949979 3.25557351 3.26294804 3.27395511 3.27663207 3.26511550 3.27092791 3.27762747 3.26764727 3.29021406 3.29032016 3.28039289 3.26719666 3.24566174 3.21078539 3.18933749 3.17195058 3.14609194 3.11948609 3.12317061 3.14612556 3.15057564 3.13754940 3.14000821 3.14140058 3.13178539 3.08484960 3.04362869 3.01738691 2.98747158 2.95424008 2.87013483 2.62463713 2.27598405 1.70326698 0.89871323 0.00000000 0.00000000 0.00000000 0.00000000 0.00000000 0.00000000 0.00000000
0.00000000 0.00000000 0.00000000 0.00000000 0.00000000 0.00000000 0.00000000 0.00000000 0.00000000 0.00000000 0.00000000 0.00000000 0.00000000 0.00000000 0.00000000 0.00000000 0.00000000 0.00000000 0.00000000 0.00000000 0.00000000 0.00000000 0.00000000 0.00000000 0.00000000 0.00000000 0.00000000 0.00000000 0.00000000 0.00000000 0.00000000 0.00000000 0.00000000 0.00000000 0.00000000 0.00000000 0.00000000 0.00000000 0.00000000 0.00000000 0.00000000 0.00000000 0.00000000 0.00000000 0.00000000 0.00000000 0.00000000 0.00000000 0.00000000 0.00000000 0.00000000 0.00000000 0.00000000 0.00000000 0.00000000 0.00000000 0.00000000 0.00000000 0.00000000 0.00000000 0.00000000 0.00000000 0.00000000 0.00000000 0.00000000 0.05366322 1.02602601 1.96545672 2.76054120 2.91712928 2.92154241 2.96576929 3.01501608 3.07658243 3.12976074 3.18127489 3.20368338 3.22155952 3.22529268 3.22933054 3.23815012 3.24604177 3.26762724 3.27194715 3.27666855 3.27619243 3.26973510 3.27428007 3.27219033 3.27018118 3.28489470 3.29234648 3.27959609 3.28032017 3.25064421 3.22341657 3.19166136 3.15098429 3.12007856 3.11819053 3.11655593 3.12542248 3.14598584 3.16624784 3.15977836 3.14257383 3.12793350 3.09333563 3.04881573 3.01248693 2.96914816 2.93623900 2.82667851 2.51831603 2.10780096 1.54682362 0.63697046 0.00000000 0.00000000 0.00000000 0.00000000 0.00000000 0.00000000 0.00000000
0.00000000 0.00000000 0.00000000 0.00000000 0.00000000 0.00000000 0.00000000 0.00000000 0.00000000 0.00000000 0.00000000 0.00000000 0.00000000 0.00000000 0.00000000 0.00000000 0.00000000 0.00000000 0.00000000 0.00000000 0.00000000 0.00000000 0.00000000 0.00000000 0.00000000 0.00000000 0.00000000 0.00000000 0.00000000 0.00000000 0.00000000 0.00000000 0.00000000 0.00000000 0.00000000 0.00000000 0.00000000 0.00000000 0.00000000 0.00000000 0.00000000 0.00000000 0.00000000 0.00000000 0.00000000 0.00000000 0.00000000 0.00000000 0.00000000 0.00000000 0.00000000 0.00000000 0.00000000 0.00000000 0.00000000 0.00000000 0.00000000 0.00000000 0.00000000 0.00000000 0.00000000 0.00000000 0.00000000 0.00000000 0.00000000 0.72946936 1.61639273 2.46284652 2.91777968 2.94150758 2.95877576 2.99972486 3.06422687 3.12954021 3.17614841 3.21193957 3.22574830 3.22597337 3.23176408 3.24219608 3.24932146 3.24930239 3.27008438 3.27509642 3.28086543 3.28853154 3.27673340 3.27968597 3.28221083 3.28625631 3.29018664 3.29354572 3.29514122 3.29229999 3.27746105 3.24540472 3.20827770 3.16700244 3.13968682 3.11266303 3.10124326 3.10833454 3.14106512 3.16041756 3.15330124 3.15390587 3.13952589 3.10895443 3.06559777 3.02114868 2.99416780 2.89734221 2.69941044 2.41107106 2.00647068 1.31137311 0.37826830 0.00000000 0.00000000 0.00000000 0.00000000 0.00000000 0.00000000 0.00000000
0.00000000 0.00000000 0.00000000 0.00000000 0.00000000 0.00000000 0.00000000 0.00000000 0.00000000 0.00000000 0.00000000 0.00000000 0.00000000 0.00000000 0.00000000 0.00000000 0.00000000 0.00000000 0.00000000 0.00000000 0.00000000 0.00000000 0.00000000 0.00000000 0.00000000 0.00000000 0.00000000 0.00000000 0.00000000 0.00000000 0.00000000 0.00000000 0.00000000 0.00000000 0.00000000 0.00000000 0.00000000 0.00000000 0.00000000 0.00000000 0.00000000 0.00000000 0.00000000 0.00000000 0.00000000 0.00000000 0.00000000 0.00000000 0.00000000 0.00000000 0.00000000 0.00000000 0.00000000 0.00000000 0.00000000 0.00000000 0.00000000 0.00000000 0.00000000 0.00000000 0.00000000 0.00000000 0.00000000 0.00000000 0.57384443 1.46462154 2.05809951 2.79341173 2.96262836 2.97719288 3.01723266 3.04965138 3.11856008 3.17832184 3.22294068 3.24310565 3.24845505 3.25105453 3.26302719 3.25826955 3.27060866 3.29190063 3.29132962 3.30452561 3.30464029 3.31124544 3.30167389 3.28974295 3.30122471 3.30192757 3.30980635 3.31785989 3.31019521 3.30842090 3.30798841 3.27335286 3.25336933 3.23345971 3.18522549 3.14545083 3.13571978 3.14271879 3.13831496 3.15432978 3.16746688 3.17732334 3.15269232 3.09612989 3.04304385 2.95950484 2.84923148 2.75828338 2.56937313 2.26704788 1.87242711 1.11048651 0.08009058 0.00000000 0.00000000 0.00000000 0.00000000 0.00000000 0.00000000 0.00000000
0.00000000 0.00000000 0.00000000 0.00000000 0.00000000 0.00000000 0.00000000 0.00000000 0.00000000 0.00000000 0.00000000 0.00000000 0.00000000 0.00000000 0.00000000 0.00000000 0.00000000 0.00000000 0.00000000 0.00000000 0.00000000 0.00000000 0.00000000 0.00000000 0.00000000 0.00000000 0.00000000 0.00000000 0.00000000 0.00000000 0.00000000 0.00000000 0.00000000 0.00000000 0.00000000 0.00000000 0.00000000 0.00000000 0.00000000 0.00000000 0.00000000 0.00000000 0.00000000 0.00000000 0.00000000 0.00000000 0.00000000 0.00000000 0.00000000 0.00000000 0.00000000 0.00000000 0.00000000 0.00000000 0.00000000 0.00000000 0.00000000 0.00000000 0.00000000 0.00000000 0.00000000 0.00000000 0.00000000 0.48654747 1.47676253 1.91920197 2.65055799 2.96050000 2.98478222 3.02285552 3.03844118 3.07626295 3.14221549 3.20005202 3.24817061 3.26531196 3.25502253 3.25311804 3.26088047 3.26650882 3.28087926 3.30162978 3.31766033 3.32697368 3.32492709 3.32025313 3.31474733 3.31011558 3.30360126 3.29850316 3.31283474 3.31711721 3.31075573 3.30990887 3.31123543 3.30142403 3.27928281 3.25771904 3.22662592 3.18713498 3.15944457 3.15008235 3.14934874 3.15807676 3.16272640 3.12972975 3.07750130 2.98971796 2.87550020 2.74057221 2.62881446 2.51400805 2.30754471 1.97593272 1.47684360 0.74777526 0.00000000 0.00000000 0.00000000 0.00000000 0.00000000 0.00000000 0.00000000 0.00000000
0.00000000 0.00000000 0.00000000 0.00000000 0.00000000 0.00000000 0.00000000 0.00000000 0.00000000 0.00000000 0.00000000 0.00000000 0.00000000 0.00000000 0.00000000 0.00000000 0.00000000 0.00000000 0.00000000 0.00000000 0.00000000 0.00000000 0.00000000 0.00000000 0.00000000 0.00000000 0.00000000 0.00000000 0.00000000 0.00000000 0.00000000 0.00000000 0.00000000 0.00000000 0.00000000 0.00000000 0.00000000 0.00000000 0.00000000 0.00000000 0.00000000 0.00000000 0.00000000 0.00000000 0.00000000 0.00000000 0.00000000 0.00000000 0.00000000 0.00000000 0.00000000 0.00000000 0.00000000 0.00000000 0.00000000 0.00000000 0.00000000 0.00000000 0.00000000 0.00000000 0.00000000 0.00000000 0.52826154 1.46968758 1.96576750 2.67272949 2.98235250 3.00432515 3.01314259 3.03723907 3.06613517 3.08925366 3.14801764 3.20651197 3.24340868 3.25918460 3.25327659 3.25938725 3.25784540 3.26441169 3.27804446 3.30577040 3.31709552 3.31889534 3.32445455 3.31934714 3.30920053 3.31064177 3.30229115 3.30651140 3.30923223 3.31458378 3.30353189 3.30587816 3.31059384 3.30873823 3.28548884 3.27642751 3.24479842 3.19969034 3.17238498 3.14821815 3.12240791 3.11315346 3.07176089 2.97357440 2.86142445 2.76271224 2.64687467 2.51608562 2.33499455 2.09150338 1.75600326 1.42203557 0.98945367 0.24064186 0.00000000 0.00000000 0.00000000 0.00000000 0.00000000 0.00000000 0.00000000 0.00000000
0.00000000 0.00000000 0.00000000 0.00000000 0.00000000 0.00000000 0.00000000 0.00000000 0.00000000 0.00000000 0.00000000 0.00000000 0.00000000 0.00000000 0.00000000 0.00000000 0.00000000 0.00000000 0.00000000 0.00000000 0.00000000 0.00000000 0.00000000 0.00000000 0.00000000 0.00000000 0.00000000 0.00000000 0.00000000 0.00000000 0.00000000 0.00000000 0.00000000 0.00000000 0.00000000 0.00000000 0.00000000 0.00000000 0.00000000 0.00000000 0.00000000 0.00000000 0.00000000 0.00000000 0.00000000 0.00000000 0.00000000 0.00000000 0.00000000 0.00000000 0.00000000 0.00000000 0.00000000 0.00000000 0.00000000 0.00000000 0.00000000 0.00000000 0.00000000 0.00000000 0.00000000 0.55668724 1.48341680 1.99740493 2.72997069 3.00414944 3.02072787 3.02273273 3.03644466 3.05845809 3.07404351 3.09743977 3.13654590 3.19481325 3.23819089 3.25775671 3.24502397 3.23619485 3.24940753 3.25908542 3.28591204 3.29890656 3.30421448 3.31882143 3.32178307 3.31561399 3.31413507 3.29789925 3.29575205 3.28858352 3.31027913 3.31097698 3.30837512 3.31289005 3.31288290 3.30402374 3.29781103 3.28870082 3.25849152 3.20875669 3.18577886 3.15446711 3.09094930 3.00902438 2.95066667 2.79807544 2.59587264 2.41058326 2.24082661 2.02168536 1.68654239 1.33628774 1.01477027 0.72249377 0.33868662 0.00000000 0.00000000 0.00000000 0.00000000 0.00000000 0.00000000 0.00000000 0.00000000 0.00000000
0.00000000 0.00000000 0.00000000 0.00000000 0.00000000 0.00000000 0.00000000 0.00000000 0.00000000 0.00000000 0.00000000 0.00000000 0.00000000 0.00000000 0.00000000 0.00000000 0.00000000 0.00000000 0.00000000 0.00000000 0.00000000 0.00000000 0.00000000 0.00000000 0.00000000 0.00000000 0.00000000 0.00000000 0.00000000 0.00000000 0.00000000 0.00000000 0.00000000 0.00000000 0.00000000 0.00000000 0.00000000 0.00000000 0.00000000 0.00000000 0.00000000 0.00000000 0.00000000 0.00000000 0.00000000 0.00000000 0.00000000 0.00000000 0.00000000 0.00000000 0.00000000 0.00000000 0.00000000 0.00000000 0.00000000 0.00000000 0.00000000 0.00000000 0.00000000 0.00000000 0.51414764 1.46285796 1.97125649 2.69048023 2.99160218 3.01043296 3.03830481 3.03944445 3.04683614 3.06133223 3.06624508 3.08137965 3.12958455 3.18334794 3.22025180 3.24292040 3.23312974 3.24227619 3.25767255 3.24173427 3.26684022 3.29201269 3.29840231 3.31520605 3.31683350 3.31509614 3.30153656 3.30683208 3.28972316 3.28488660 3.29536676 3.30499101 3.30258012 3.30517316 3.30537677 3.30116773 3.29833555 3.27427053 3.25186753 3.22286558 3.18943763 3.15172052 3.08666086 2.95793080 2.81341314 2.57168698 2.19448137 1.80477607 1.47181284 1.20014405 0.86292958 0.56767243 0.32829547 0.00000000 0.00000000 0.00000000 0.00000000 0.00000000 0.00000000 0.00000000 0.00000000 0.00000000 0.00000000 0.00000000
0.00000000 0.00000000 0.00000000 0.00000000 0.00000000 0.00000000 0.00000000 0.00000000 0.00000000 0.00000000 0.00000000 0.00000000 0.00000000 0.00000000 0.00000000 0.00000000 0.00000000 0.00000000 0.00000000 0.00000000 0.00000000 0.00000000 0.00000000 0.00000000 0.00000000 0.00000000 0.00000000 0.00000000 0.00000000 0.00000000 0.00000000 0.00000000 0.00000000 0.00000000 0.00000000 0.00000000 0.00000000 0.00000000 0.00000000 0.00000000 0.00000000 0.00000000 0.00000000 0.00000000 0.00000000 0.00000000 0.00000000 0.00000000 0.00000000 0.00000000 0.00000000 0.00000000 0.00000000 0.00000000 0.00000000 0.00000000 0.00000000 0.00000000 0.00000000 0.50735766 1.42814839 1.95830095 2.66647577 2.97928381 2.99580526 3.02199531 3.04886127 3.05646682 3.04798651 3.05638528 3.06031942 3.08825421 3.12531114 3.16632819 3.20937991 3.23656869 3.24656558 3.23801446 3.23595858 3.25020695 3.27827168 3.29519653 3.29189229 3.29314756 3.31032252 3.30460691 3.29562306 3.29336047 3.29103541 3.28209949 3.29698634 3.30364323 3.30357313 3.29919171 3.29700732 3.29026437 3.28030682 3.27228451 3.24833727 3.21601224 3.20062900 3.15887785 3.06494355 2.87305641 2.58230424 2.16236329 1.62572098 1.04435635 0.60553694 0.36205137 0.09180600 0.00000000 0.00000000 0.00000000 0.00000000 0.00000000 0.00000000 0.00000000 0.00000000 0.00000000 0.00000000 0.00000000 0.00000000 0.00000000
0.00000000 0.00000000 0.00000000 0.00000000 0.00000000 0.00000000 0.00000000 0.00000000 0.00000000 0.00000000 0.00000000 0.00000000 0.00000000 0.00000000 0.00000000 0.00000000 0.00000000 0.00000000 0.00000000 0.00000000 0.00000000 0.00000000 0.00000000 0.00000000 0.00000000 0.00000000 0.00000000 0.00000000 0.00000000 0.00000000 0.00000000 0.00000000 0.00000000 0.00000000 0.00000000 0.00000000 0.00000000 0.00000000 0.00000000 0.00000000 0.00000000 0.00000000 0.00000000 0.00000000 0.00000000 0.00000000 0.00000000 0.00000000 0.00000000 0.00000000 0.00000000 0.00000000 0.00000000 0.00000000 0.00000000 0.00000000 0.00000000 0.00000000 0.55204338 1.39401436 1.92239141 2.62087488 2.91701174 2.98291183 3.02200150 3.04338336 3.05051017 3.05971599 3.06840420 3.06008744 3.05623317 3.08784032 3.12284851 3.17465425 3.20843935 3.23061657 3.23865819 3.23072433 3.24671030 3.26176310 3.26655579 3.28761601 3.28596687 3.30271983 3.30616570 3.29940295 3.30105495 3.29821920 3.28686833 3.29105330 3.30651093 3.30603886 3.30121326 3.30358315 3.28914928 3.28331399 3.27455378 3.27022171 3.25080276 3.21762443 3.18730474 3.15614605 3.04976702 2.79326224 2.38654089 1.80697906 1.14017415 0.45063937 0.00000000 0.00000000 0.00000000 0.00000000 0.00000000 0.00000000 0.00000000 0.00000000 0.00000000 0.00000000 0.00000000 0.00000000 0.00000000 0.00000000 0.00000000 0.00000000
0.00000000 0.00000000 0.00000000 0.00000000 0.00000000 0.00000000 0.00000000 0.00000000 0.00000000 0.00000000 0.00000000 0.00000000 0.00000000 0.00000000 0.00000000 0.00000000 0.00000000 0.00000000 0.00000000 0.00000000 0.00000000 0.00000000 0.00000000 0.00000000 0.00000000 0.00000000 0.00000000 0.00000000 0.00000000 0.00000000 0.00000000 0.00000000 0.00000000 0.00000000 0.00000000 0.00000000 0.00000000 0.00000000 0.00000000 0.00000000 0.00000000 0.00000000 0.00000000 0.00000000 0.00000000 0.00000000 0.00000000 0.00000000 0.00000000 0.00000000 0.00000000 0.00000000 0.00000000 0.00000000 0.00000000 0.00000000 0.00000000 0.74184376 1.42488194 1.87149811 2.54716825 2.86927485 2.91827011 2.97610712 3.04238701 3.05354667 3.07713223 3.06899405 3.05825138 3.06200695 3.07452798 3.06140828 3.11682749 3.17553663 3.20370317 3.20756340 3.22687960 3.24667335 3.24270725 3.25281525 3.27858973 3.28242373 3.28870821 3.29737473 3.31112790 3.30953026 3.30387998 3.30178046 3.29942775 3.29467177 3.29789209 3.30202556 3.29856157 3.29755831 3.28730202 3.27290964 3.26634002 3.24987698 3.23430467 3.21526647 3.17794228 3.14066672 3.04047990 2.72162223 2.27020669 1.58764660 0.70801008 0.00000000 0.00000000 0.00000000 0.00000000 0.00000000 0.00000000 0.00000000 0.00000000 0.00000000 0.00000000 0.00000000 0.00000000 0.00000000 0.00000000 0.00000000 0.00000000 0.00000000
0.00000000 0.00000000 0.00000000 0.00000000 0.00000000 0.00000000 0.00000000 0.00000000 0.00000000 0.00000000 0.00000000 0.00000000 0.00000000 0.00000000 0.00000000 0.00000000 0.00000000 0.00000000 0.00000000 0.00000000 0.00000000 0.00000000 0.00000000 0.00000000 0.00000000 0.00000000 0.00000000 0.00000000 0.00000000 0.00000000 0.00000000 0.00000000 0.00000000 0.00000000 0.00000000 0.00000000 0.00000000 0.00000000 0.00000000 0.00000000 0.00000000 0.00000000 0.00000000 0.00000000 0.00000000 0.00000000 0.00000000 0.00000000 0.00000000 0.00000000 0.00000000 0.00000000 0.00000000 0.00000000 0.00000000 0.09724721 0.98322737 1.49483490 1.95647180 2.54074383 2.80557060 2.89049673 2.91181159 2.99089694 3.04640722 3.08007693 3.07575917 3.07225823 3.04138827 3.05040073 3.04281712 3.05382586 3.09189105 3.16775274 3.19430661 3.19771791 3.20498586 3.21465135 3.22684693 3.25809836 3.27433801 3.28920937 3.28457379 3.28974485 3.29758573 3.30306149 3.29384398 3.29287338 3.29534316 3.29387498 3.29694581 3.29880762 3.28936458 3.27999043 3.27827978 3.25980306 3.24086308 3.23255372 3.20703316 3.19987702 3.17163563 3.12278843 3.01858878 2.70321560 2.17764211 1.37425649 0.33579966 0.00000000 0.00000000 0.00000000 0.00000000 0.00000000 0.00000000 0.00000000 0.00000000 0.00000000 0.00000000 0.00000000 0.00000000 0.00000000 0.00000000 0.00000000 0.00000000 0.00000000
0.00000000 0.00000000 0.00000000 0.00000000 0.00000000 0.00000000 0.00000000 0.00000000 0.00000000 0.00000000 0.00000000 0.00000000 0.00000000 0.00000000 0.00000000 0.00000000 0.00000000 0.00000000 0.00000000 0.00000000 0.00000000 0.00000000 0.00000000 0.00000000 0.00000000 0.00000000 0.00000000 0.00000000 0.00000000 0.00000000 0.00000000 0.00000000 0.00000000 0.00000000 0.00000000 0.00000000 0.00000000 0.00000000 0.00000000 0.00000000 0.00000000 0.00000000 0.00000000 0.00000000 0.00000000 0.00000000 0.00000000 0.00000000 0.00000000 0.00000000 0.00000000 0.00000000 0.00000000 0.00000000 0.60188186 1.25951397 1.70140815 2.17389774 2.63107109 2.78227830 2.82369399 2.87176681 2.93412971 3.00345993 3.07291913 3.09156203 3.08651090 3.06984615 3.04159093 3.00998259 3.01298642 3.03051662 3.08543992 3.15314603 3.19884562 3.19881105 3.19691181 3.20967054 3.22193933 3.24015403 3.27799416 3.28008008 3.28310442 3.28844070 3.29808831 3.28605556 3.29684877 3.29151630 3.28663945 3.28998280 3.28492403 3.29320073 3.28221679 3.27155018 3.25685644 3.23601580 3.21457958 3.20170069 3.20336270 3.17370677 3.14882779 3.11262488 2.99801779 2.68706036 2.12910438 1.24394584 0.17796101 0.00000000 0.00000000 0.00000000 0.00000000 0.00000000 0.00000000 0.00000000 0.00000000 0.00000000 0.00000000 0.00000000 0.00000000 0.00000000 0.00000000 0.00000000 0.00000000 0.00000000
0.00000000 0.00000000 0.00000000 0.00000000 0.00000000 0.00000000 0.00000000 0.00000000 0.00000000 0.00000000 0.00000000 0.00000000 0.00000000 0.00000000 0.00000000 0.00000000 0.00000000 0.00000000 0.00000000 0.00000000 0.00000000 0.00000000 0.00000000 0.00000000 0.00000000 0.00000000 0.00000000 0.00000000 0.00000000 0.00000000 0.00000000 0.00000000 0.00000000 0.00000000 0.00000000 0.00000000 0.00000000 0.00000000 0.00000000 0.00000000 0.00000000 0.00000000 0.00000000 0.00000000 0.00000000 0.00000000 0.00000000 0.00000000 0.00000000 0.00000000 0.00000000 0.00000000 0.12669645 0.98254758 1.49930012 1.99013615 2.49604917 2.74890876 2.83108425 2.84342551 2.86149406 2.92185378 2.97221565 3.02390838 3.10274673 3.11382937 3.10823798 3.07754326 3.02438593 3.00935793 3.00360894 3.00291300 3.05163503 3.12377191 3.18155003 3.19431806 3.19690704 3.20269060 3.22991228 3.26026392 3.27781439 3.28509307 3.28527021 3.29276443 3.29821539 3.29869413 3.28895235 3.29321265 3.28415751 3.27456427 3.28116941 3.27616477 3.25867844 3.24306035 3.23940420 3.20165634 3.17309523 3.17291689 3.16440463 3.16048932 3.13609266 3.08292556 2.96870327 2.65829301 2.08862662 1.20110643 0.12741065 0.00000000 0.00000000 0.00000000 0.00000000 0.00000000 0.00000000 0.00000000 0.00000000 0.00000000 0.00000000 0.00000000 0.00000000 0.00000000 0.00000000 0.00000000 0.00000000 0.00000000
0.00000000 0.00000000 0.00000000 0.00000000 0.00000000 0.00000000 0.00000000 0.00000000 0.00000000 0.00000000 0.00000000 0.00000000 0.00000000 0.00000000 0.00000000 0.00000000 0.00000000 0.00000000 0.00000000 0.00000000 0.00000000 0.00000000 0.00000000 0.00000000 0.00000000 0.00000000 0.00000000 0.00000000 0.00000000 0.00000000 0.00000000 0.00000000 0.00000000 0.00000000 0.00000000 0.00000000 0.00000000 0.00000000 0.00000000 0.00000000 0.00000000 0.00000000 0.00000000 0.00000000 0.00000000 0.00000000 0.00000000 0.00000000 0.00000000 0.00000000 0.00000000 0.43744546 1.23169804 1.71046948 2.21052432 2.65445995 2.79884648 2.82081127 2.85507226 2.89927816 2.92513013 2.98312831 3.02315784 3.07966566 3.11294389 3.12752414 3.12205720 3.09112573 3.03860116 3.00998807 2.98950291 2.98869896 3.04615450 3.10981202 3.16205478 3.19146824 3.17160940 3.19281697 3.23414612 3.25156784 3.26788712 3.28730631 3.29054284 3.28659105 3.29503560 3.29583955 3.28218699 3.28085399 3.27474976 3.27661061 3.26490808 3.25026894 3.24225926 3.20897508 3.20304775 3.17714381 3.13373375 3.13578939 3.11355782 3.12727642 3.11640501 3.06696057 2.94294190 2.63900113 2.04744673 1.15706110 0.12945600 0.00000000 0.00000000 0.00000000 0.00000000 0.00000000 0.00000000 0.00000000 0.00000000 0.00000000 0.00000000 0.00000000 0.00000000 0.00000000 0.00000000 0.00000000 0.00000000 0.00000000
0.00000000 0.00000000 0.00000000 0.00000000 0.00000000 0.00000000 0.00000000 0.00000000 0.00000000 0.00000000 0.00000000 0.00000000 0.00000000 0.00000000 0.00000000 0.00000000 0.00000000 0.00000000 0.00000000 0.00000000 0.00000000 0.00000000 0.00000000 0.00000000 0.00000000 0.00000000 0.00000000 0.00000000 0.00000000 0.00000000 0.00000000 0.00000000 0.00000000 0.00000000 0.00000000 0.00000000 0.00000000 0.00000000 0.00000000 0.00000000 0.00000000 0.00000000 0.00000000 0.00000000 0.00000000 0.00000000 0.00000000 0.00000000 0.00000000 0.00000000 0.56519789 1.39237142 1.95862043 2.48268723 2.76034570 2.83622098 2.84820652 2.88486910 2.91523075 2.95492125 2.99719357 3.02169967 3.07550192 3.10169697 3.12036586 3.13851833 3.13231325 3.10724401 3.05239558 3.01050878 2.99956107 3.01004171 3.05394292 3.11999393 3.16541314 3.19442391 3.19374657 3.20014548 3.22077942 3.25566196 3.27300572 3.27802825 3.28224325 3.27744794 3.28328991 3.28581595 3.28662181 3.27384591 3.27573299 3.26022339 3.24486732 3.23739982 3.23090363 3.18375325 3.13835573 3.14893842 3.11303616 3.11310554 3.11206698 3.07262397 3.08917475 3.04831815 2.91439247 2.60732722 2.02664328 1.13092005 0.09176960 0.00000000 0.00000000 0.00000000 0.00000000 0.00000000 0.00000000 0.00000000 0.00000000 0.00000000 0.00000000 0.00000000 0.00000000 0.00000000 0.00000000 0.00000000 0.00000000 0.00000000
0.00000000 0.00000000 0.00000000 0.00000000 0.00000000 0.00000000 0.00000000 0.00000000 0.00000000 0.00000000 0.00000000 0.00000000 0.00000000 0.00000000 0.00000000 0.00000000 0.00000000 0.00000000 0.00000000 0.00000000 0.00000000 0.00000000 0.00000000 0.00000000 0.00000000 0.00000000 0.00000000 0.00000000 0.00000000 0.00000000 0.00000000 0.00000000 0.00000000 0.00000000 0.00000000 0.00000000 0.00000000 0.00000000 0.00000000 0.00000000 0.00000000 0.00000000 0.00000000 0.00000000 0.00000000 0.00000000 0.00000000 0.00000000 0.00000000 0.52523011 1.37200677 1.99967277 2.58728862 2.78388190 2.84983063 2.88476729 2.91707778 2.92816854 2.97613239 3.00649476 3.02510786 3.06418395 3.11185837 3.11640787 3.12950325 3.14906359 3.14247918 3.10663104 3.05694962 3.01970196 3.01075363 3.00134850 3.03648996 3.12267947 3.16751432 3.19408441 3.20795226 3.20020962 3.23211384 3.27592540 3.27866745 3.27267528 3.27063394 3.27954745 3.28136349 3.28490067 3.27808499 3.27719450 3.27151346 3.26544356 3.25745225 3.22334337 3.19410753 3.16421080 3.12635756 3.10547543 3.08590007 3.08201313 3.12031484 3.07263494 3.04408884 3.00372028 2.86293077 2.57500410 1.96061420 1.07134938 0.04771198 0.00000000 0.00000000 0.00000000 0.00000000 0.00000000 0.00000000 0.00000000 0.00000000 0.00000000 0.00000000 0.00000000 0.00000000 0.00000000 0.00000000 0.00000000 0.00000000 0.00000000
0.00000000 0.00000000 0.00000000 0.00000000 0.00000000 0.00000000 0.00000000 0.00000000 0.00000000 0.00000000 0.00000000 0.00000000 0.00000000 0.00000000 0.00000000 0.00000000 0.00000000 0.00000000 0.00000000 0.00000000 0.00000000 0.00000000 0.00000000 0.00000000 0.00000000 0.00000000 0.00000000 0.00000000 0.00000000 0.00000000 0.00000000 0.00000000 0.00000000 0.00000000 0.00000000 0.00000000 0.00000000 0.00000000 0.00000000 0.00000000 0.00000000 0.00000000 0.00000000 0.00000000 0.00000000 0.00000000 0.00000000 0.00000000 0.28781214 1.25078595 1.92770743 2.54144096 2.79682899 2.85274529 2.90379715 2.94849968 2.96452284 2.99691105 3.01093006 3.03802347 3.06074905 3.10654473 3.13233113 3.14829636 3.14278436 3.14867187 3.16077423 3.13439178 3.07975769 3.02929068 3.01068521 3.02135372 3.05416274 3.10210371 3.15919781 3.18925214 3.21359086 3.21494484 3.24187541 3.27162218 3.27757883 3.28191209 3.28071856 3.28057504 3.28794909 3.28477740 3.28737855 3.28764057 3.28645778 3.28445864 3.26991487 3.22467852 3.20464516 3.16354084 3.13474154 3.12115908 3.11419439 3.09059262 3.11304665 3.09142637 3.03597903 2.98930740 2.82825971 2.49946070 1.88407123 0.98660266 0.00000000 0.00000000 0.00000000 0.00000000 0.00000000 0.00000000 0.00000000 0.00000000 0.00000000 0.00000000 0.00000000 0.00000000 0.00000000 0.00000000 0.00000000 0.00000000 0.00000000 0.00000000
0.00000000 0.00000000 0.00000000 0.00000000 0.00000000 0.00000000 0.00000000 0.00000000 0.00000000 0.00000000 0.00000000 0.00000000 0.00000000 0.00000000 0.00000000 0.00000000 0.00000000 0.00000000 0.00000000 0.00000000 0.00000000 0.00000000 0.00000000 0.00000000 0.00000000 0.00000000 0.00000000 0.00000000 0.00000000 0.00000000 0.00000000 0.00000000 0.00000000 0.00000000 0.00000000 0.00000000 0.00000000 0.00000000 0.00000000 0.00000000 0.00000000 0.00000000 0.00000000 0.00000000 0.00000000 0.00000000 0.00000000 0.00000000 1.01191366 1.78969717 2.50134778 2.79706621 2.87762499 2.93407917 2.97058392 2.98313427 3.00263619 3.01979399 3.02936411 3.05469155 3.08907485 3.12606239 3.14453864 3.14232731 3.15654087 3.16195202 3.16140008 3.14237761 3.08864522 3.05093789 3.01878905 3.01730919 3.04899359 3.10585952 3.15445280 3.20959163 3.21349311 3.22095251 3.24500132 3.27373910 3.27950311 3.27752137 3.27548432 3.28802586 3.29183149 3.29570746 3.29557157 3.28968096 3.28168511 3.28533030 3.26796055 3.24285984 3.21141100 3.18902683 3.14789724 3.15652752 3.14014339 3.12666416 3.11478066 3.08758855 3.03983712 2.96297789 2.79056072 2.41855693 1.74543321 0.84298801 0.00000000 0.00000000 0.00000000 0.00000000 0.00000000 0.00000000 0.00000000 0.00000000 0.00000000 0.00000000 0.00000000 0.00000000 0.00000000 0.00000000 0.00000000 0.00000000 0.00000000 0.00000000
0.00000000 0.00000000 0.00000000 0.00000000 0.00000000 0.00000000 0.00000000 0.00000000 0.00000000 0.00000000 0.00000000 0.00000000 0.00000000 0.00000000 0.00000000 0.00000000 0.00000000 0.00000000 0.00000000 0.00000000 0.00000000 0.00000000 0.00000000 0.00000000 0.00000000 0.00000000 0.00000000 0.00000000 0.00000000 0.00000000 0.00000000 0.00000000 0.00000000 0.00000000 0.00000000 0.00000000 0.00000000 0.00000000 0.00000000 0.00000000 0.00000000 0.00000000 0.00000000 0.00000000 0.00000000 0.00000000 0.00000000 0.62484241 1.50343716 2.32336354 2.78425694 2.87079167 2.90921116 2.96193719 2.98191333 2.99025989 2.99780011 2.99790311 3.01803899 3.03582525 3.08171368 3.13285089 3.14098501 3.13439035 3.14293885 3.15943003 3.14927244 3.11667824 3.08445573 3.02986836 2.99140477 2.98430157 3.02706480 3.07597804 3.12864685 3.18353915 3.20930386 3.21912861 3.24097610 3.26366043 3.26626253 3.26431680 3.26056552 3.27657795 3.28388309 3.27331758 3.27962637 3.28586459 3.27116489 3.25712633 3.26590323 3.24736619 3.21341777 3.18411136 3.18002367 3.15342879 3.15089393 3.12957454 3.12433171 3.08005214 3.01258326 2.88462090 2.66103530 2.25212240 1.55030644 0.56585336 0.00000000 0.00000000 0.00000000 0.00000000 0.00000000 0.00000000 0.00000000 0.00000000 0.00000000 0.00000000 0.00000000 0.00000000 0.00000000 0.00000000 0.00000000 0.00000000 0.00000000 0.00000000
0.00000000 0.00000000 0.00000000 0.00000000 0.00000000 0.00000000 0.00000000 0.00000000 0.00000000 0.00000000 0.00000000 0.00000000 0.00000000 0.00000000 0.00000000 0.00000000 0.00000000 0.00000000 0.00000000 0.00000000 0.00000000 0.00000000 0.00000000 0.00000000 0.00000000 0.00000000 0.00000000 0.00000000 0.00000000 0.00000000 0.00000000 0.00000000 0.00000000 0.00000000 0.00000000 0.00000000 0.00000000 0.00000000 0.00000000 0.00000000 0.00000000 0.00000000 0.00000000 0.00000000 0.00000000 0.00000000 0.09054824 1.09810042 1.97081327 2.64368105 2.84192324 2.88357162 2.92533135 2.96743441 2.99124241 2.97563648 2.98505735 3.00825477 3.00309515 3.02992702 3.08812380 3.13457823 3.14314795 3.14566708 3.14559674 3.14069796 3.14868999 3.11660099 3.05960917 3.01212621 2.97363591 2.96935582 3.00340486 3.05857611 3.12118149 3.18801689 3.20868802 3.20847154 3.23890996 3.24341822 3.25674939 3.25390315 3.25664282 3.26839399 3.26800871 3.27612138 3.26561522 3.27000737 3.26025891 3.26047540 3.25622249 3.25138426 3.24037290 3.21572137 3.18740988 3.18391871 3.14595437 3.12931585 3.10173035 3.07533813 2.97473621 2.82211018 2.52543807 1.99574625 1.24048316 0.24390234 0.00000000 0.00000000 0.00000000 0.00000000 0.00000000 0.00000000 0.00000000 0.00000000 0.00000000 0.00000000 0.00000000 0.00000000 0.00000000 0.00000000 0.00000000 0.00000000 0.00000000 0.00000000
0.00000000 0.00000000 0.00000000 0.00000000 0.00000000 0.00000000 0.00000000 0.00000000 0.00000000 0.00000000 0.00000000 0.00000000 0.00000000 0.00000000 0.00000000 0.00000000 0.00000000 0.00000000 0.00000000 0.00000000 0.00000000 0.00000000 0.00000000 0.00000000 0.00000000 0.00000000 0.00000000 0.00000000 0.00000000 0.00000000 0.00000000 0.00000000 0.00000000 0.00000000 0.00000000 0.00000000 0.00000000 0.00000000 0.00000000 0.00000000 0.00000000 0.00000000 0.00000000 0.00000000 0.00000000 0.00000000 0.57649219 1.52678943 2.40344572 2.80209422 2.88348293 2.92259264 2.95140839 2.99397874 3.00394654 2.98883915 2.99306297 3.00108099 2.99582958 3.01939201 3.08999419 3.12530899 3.13508224 3.13629627 3.15023303 3.14480329 3.13734627 3.11010361 3.06009507 3.01487613 2.98023272 2.95862985 3.00678444 3.07243419 3.13549185 3.19802117 3.21077967 3.21859050 3.24121523 3.25292802 3.25951672 3.25060797 3.26161098 3.27440357 3.27461863 3.26924992 3.27658439 3.26278520 3.25401402 3.25153375 3.25479484 3.25212979 3.24085426 3.22066402 3.19685006 3.17180800 3.14527678 3.12075400 3.08915710 3.03954792 2.93189192 2.74516249 2.37276101 1.75271821 0.87227738 0.00000000 0.00000000 0.00000000 0.00000000 0.00000000 0.00000000 0.00000000 0.00000000 0.00000000 0.00000000 0.00000000 0.00000000 0.00000000 0.00000000 0.00000000 0.00000000 0.00000000 0.00000000 0.00000000
0.00000000 0.00000000 0.00000000 0.00000000 0.00000000 0.00000000 0.00000000 0.00000000 0.00000000 0.00000000 0.00000000 0.00000000 0.00000000 0.00000000 0.00000000 0.00000000 0.00000000 0.00000000 0.00000000 0.00000000 0.00000000 0.00000000 0.00000000 0.00000000 0.00000000 0.00000000 0.00000000 0.00000000 0.00000000 0.00000000 0.00000000 0.00000000 0.00000000 0.00000000 0.00000000 0.00000000 0.00000000 0.00000000 0.00000000 0.00000000 0.00000000 0.00000000 0.00000000 0.00000000 0.00000000 0.00433637 0.97945881 1.96274054 2.67279625 2.84970379 2.89150786 2.93256736 2.97171140 2.99234605 3.00609660 2.97820020 2.97818446 2.96968198 2.96755934 2.99392343 3.03981066 3.09517932 3.11566377 3.13041234 3.12296796 3.14764953 3.13203120 3.11168051 3.06125259 3.01031423 2.98856211 2.97507644 2.99459481 3.06461406 3.13442969 3.18864369 3.21222997 3.22248793 3.23827362 3.24310517 3.24861240 3.25137091 3.25096869 3.27409792 3.26152968 3.26455569 3.26803374 3.25685954 3.24123716 3.23065233 3.23719192 3.24162841 3.22851229 3.20412850 3.18041039 3.13915372 3.10661149 3.07305908 3.04432225 3.00289965 2.89230514 2.61326909 2.11512327 1.47781599 0.53648478 0.00000000 0.00000000 0.00000000 0.00000000 0.00000000 0.00000000 0.00000000 0.00000000 0.00000000 0.00000000 0.00000000 0.00000000 0.00000000 0.00000000 0.00000000 0.00000000 0.00000000 0.00000000 0.00000000
0.00000000 0.00000000 0.00000000 0.00000000 0.00000000 0.00000000 0.00000000 0.00000000 0.00000000 0.00000000 0.00000000 0.00000000 0.00000000 0.00000000 0.00000000 0.00000000 0.00000000 0.00000000 0.00000000 0.00000000 0.00000000 0.00000000 0.00000000 0.00000000 0.00000000 0.00000000 0.00000000 0.00000000 0.00000000 0.00000000 0.00000000 0.00000000 0.00000000 0.00000000 0.00000000 0.00000000 0.00000000 0.00000000 0.00000000 0.00000000 0.00000000 0.00000000 0.00000000 0.00000000 0.00000000 0.46184903 1.44624174 2.30586648 2.80055046 2.88915467 2.92308283 2.95478225 2.97252989 3.00453997 3.01158857 2.99509525 2.96043491 2.97439814 2.94945049 2.94938493 3.01127362 3.07426310 3.12697124 3.12732983 3.13980722 3.13907099 3.14114356 3.10280180 3.07313704 3.03392005 3.00853300 3.01589584 3.03707242 3.09171677 3.16314483 3.19429755 3.21643877 3.22802186 3.23481536 3.22494888 3.24229789 3.25454783 3.25963569 3.25956392 3.26974082 3.27113509 3.26013637 3.24953246 3.24387932 3.24457169 3.24056673 3.23402309 3.22991109 3.20508671 3.16741490 3.13563991 3.07542872 3.04642606 3.02819753 2.97068334 2.80983377 2.47521400 1.92395008 1.11781633 0.08844975 0.00000000 0.00000000 0.00000000 0.00000000 0.00000000 0.00000000 0.00000000 0.00000000 0.00000000 0.00000000 0.00000000 0.00000000 0.00000000 0.00000000 0.00000000 0.00000000 0.00000000 0.00000000 0.00000000
0.00000000 0.00000000 0.00000000 0.00000000 0.00000000 0.00000000 0.00000000 0.00000000 0.00000000 0.00000000 0.00000000 0.00000000 0.00000000 0.00000000 0.00000000 0.00000000 0.00000000 0.00000000 0.00000000 0.00000000 0.00000000 0.00000000 0.00000000 0.00000000 0.00000000 0.00000000 0.00000000 0.00000000 0.00000000 0.00000000 0.00000000 0.00000000 0.00000000 0.00000000 0.00000000 0.00000000 0.00000000 0.00000000 0.00000000 0.00000000 0.00000000 0.00000000 0.00000000 0.00000000 0.00000000 0.91833615 1.82399189 2.60437465 2.89220691 2.94413686 2.97328043 3.00122690 3.04409981 3.05534267 3.06414962 3.03213263 2.99410582 2.96185184 2.94086599 2.96875286 3.02166820 3.06974792 3.12430239 3.17260838 3.16539812 3.16043949 3.16143966 3.14852595 3.09536242 3.06547260 3.05519414 3.07972217 3.10102320 3.15499496 3.22292113 3.23364592 3.24005675 3.24684453 3.25795889 3.26244211 3.26550293 3.26036334 3.27003264 3.29182577 3.28488278 3.28093266 3.28939080 3.27655101 3.26297402 3.25938606 3.25438643 3.26634884 3.23773527 3.21830416 3.18112230 3.13565421 3.09114456 3.05463409 3.04349589 2.94591594 2.76806068 2.39458251 1.71313310 0.75801110 0.00000000 0.00000000 0.00000000 0.00000000 0.00000000 0.00000000 0.00000000 0.00000000 0.00000000 0.00000000 0.00000000 0.00000000 0.00000000 0.00000000 0.00000000 0.00000000 0.00000000 0.00000000 0.00000000 0.00000000
0.00000000 0.00000000 0.00000000 0.00000000 0.00000000 0.00000000 0.00000000 0.00000000 0.00000000 0.00000000 0.00000000 0.00000000 0.00000000 0.00000000 0.00000000 0.00000000 0.00000000 0.00000000 0.00000000 0.00000000 0.00000000 0.00000000 0.00000000 0.00000000 0.00000000 0.00000000 0.00000000 0.00000000 0.00000000 0.00000000 0.00000000 0.00000000 0.00000000 0.00000000 0.00000000 0.00000000 0.00000000 0.00000000 0.00000000 0.00000000 0.00000000 0.00000000 0.00000000 0.00000000 0.28775269 1.24410295 2.23412371 2.80595946 2.92080736 2.97005773 3.00420260 3.05063128 3.07421756 3.09983778 3.08586311 3.06911588 3.01948714 2.97650528 2.95549750 2.95662975 2.98228741 3.03682733 3.12035561 3.17024565 3.17882347 3.17278695 3.17563820 3.15667439 3.12271380 3.10345531 3.11244011 3.11036754 3.12210655 3.17269421 3.22506595 3.24424911 3.23973513 3.26599765 3.26989603 3.26490021 3.26842117 3.28789282 3.29292607 3.30100536 3.29908681 3.29497290 3.28764701 3.27232504 3.27526379 3.26289463 3.26845551 3.26600909 3.24390173 3.20088625 3.17532563 3.13456678 3.09337020 3.05262494 3.04710340 2.93233514 2.70238709 2.22464371 1.43778360 0.42980665 0.00000000 0.00000000 0.00000000 0.00000000 0.00000000 0.00000000 0.00000000 0.00000000 0.00000000 0.00000000 0.00000000 0.00000000 0.00000000 0.00000000 0.00000000 0.00000000 0.00000000 0.00000000 0.00000000 0.00000000
0.00000000 0.00000000 0.00000000 0.00000000 0.00000000 0.00000000 0.00000000 0.00000000 0.00000000 0.00000000 0.00000000 0.00000000 0.00000000 0.00000000 0.00000000 0.00000000 0.00000000 0.00000000 0.00000000 0.00000000 0.00000000 0.00000000 0.00000000 0.00000000 0.00000000 0.00000000 0.00000000 0.00000000 0.00000000 0.00000000 0.00000000 0.00000000 0.00000000 0.00000000 0.00000000 0.00000000 0.00000000 0.00000000 0.00000000 0.00000000 0.00000000 0.00000000 0.00000000 0.00000000 0.66098350 1.67717659 2.55723596 2.86733794 2.91093063 2.97380233 3.02052593 3.05668950 3.08187461 3.10152864 3.11110353 3.07621694 3.03461242 2.99023032 2.95966816 2.92903495 2.96424747 3.01061106 3.08503985 3.16081190 3.17617226 3.17476797 3.16950512 3.14998841 3.12916899 3.11241102 3.10901713 3.12658453 3.15069270 3.18320107 3.20686126 3.22732830 3.23611641 3.25196004 3.26056027 3.25749469 3.27821565 3.28228188 3.28216147 3.29363966 3.29746914 3.28970098 3.26886702 3.27202868 3.26435375 3.25566983 3.25565743 3.25213814 3.22576618 3.20088267 3.15901113 3.12066460 3.08191514 3.05664706 3.02715635 2.90315843 2.56665993 2.00940442 1.17696679 0.11158141 0.00000000 0.00000000 0.00000000 0.00000000 0.00000000 0.00000000 0.00000000 0.00000000 0.00000000 0.00000000 0.00000000 0.00000000 0.00000000 0.00000000 0.00000000 0.00000000 0.00000000 0.00000000 0.00000000 0.00000000
0.00000000 0.00000000 0.00000000 0.00000000 0.00000000 0.00000000 0.00000000 0.00000000 0.00000000 0.00000000 0.00000000 0.00000000 0.00000000 0.00000000 0.00000000 0.00000000 0.00000000 0.00000000 0.00000000 0.00000000 0.00000000 0.00000000 0.00000000 0.00000000 0.00000000 0.00000000 0.00000000 0.00000000 0.00000000 0.00000000 0.00000000 0.00000000 0.00000000 0.00000000 0.00000000 0.00000000 0.00000000 0.00000000 0.00000000 0.00000000 0.00000000 0.00000000 0.00000000 0.00000000 1.00257075 1.99790919 2.71390963 2.87888885 2.92421007 2.97938132 3.03811693 3.08678651 3.10462713 3.11820793 3.12257600 3.09853864 3.06888795 3.01419091 2.97414589 2.96693230 2.97245312 3.00448823 3.06325197 3.15256476 3.18676281 3.17849112 3.17296648 3.15062022 3.11823535 3.10139799 3.11052418 3.13077235 3.17358637 3.21937299 3.22551632 3.22643042 3.24107218 3.27199769 3.28222656 3.27275181 3.26949453 3.28547835 3.28261352 3.29055786 3.29134321 3.28922272 3.28171873 3.26966906 3.26572871 3.25762773 3.25567579 3.25984502 3.22904110 3.20252776 3.17827463 3.14415908 3.10351562 3.08023715 3.03507614 2.83000827 2.48614717 1.82629204 0.87534589 0.00000000 0.00000000 0.00000000 0.00000000 0.00000000 0.00000000 0.00000000 0.00000000 0.00000000 0.00000000 0.00000000 0.00000000 0.00000000 0.00000000 0.00000000 0.00000000 0.00000000 0.00000000 0.00000000 0.00000000 0.00000000
0.00000000 0.00000000 0.00000000 0.00000000 0.00000000 0.00000000 0.00000000 0.00000000 0.00000000 0.00000000 0.00000000 0.00000000 0.00000000 0.00000000 0.00000000 0.00000000 0.00000000 0.00000000 0.00000000 0.00000000 0.00000000 0.00000000 0.00000000 0.00000000 0.00000000 0.00000000 0.00000000 0.00000000 0.00000000 0.00000000 0.00000000 0.00000000 0.00000000 0.00000000 0.00000000 0.00000000 0.00000000 0.00000000 0.00000000 0.00000000 0.00000000 0.00000000 0.00000000 0.24175042 1.33560634 2.28442883 2.79534912 2.88321328 2.94168520 2.98865771 3.04359436 3.09311390 3.11865330 3.13052058 3.14072490 3.13651919 3.09602714 3.05050111 3.01423502 3.00225759 2.99417591 3.01970410 3.03933454 3.13717318 3.19895315 3.18349457 3.17380071 3.14090753 3.11387372 3.11196780 3.12427783 3.11409783 3.16713810 3.21481204 3.22445202 3.23528409 3.24358749 3.27079368 3.28456783 3.27273750 3.28161407 3.28547716 3.28091741 3.28783369 3.28958178 3.29010820 3.28055286 3.27667952 3.27350307 3.25861144 3.26179481 3.24908614 3.24397802 3.21116519 3.19000435 3.15203643 3.11833835 3.08620143 3.02625036 2.79261041 2.36395144 1.64155030 0.58759940 0.00000000 0.00000000 0.00000000 0.00000000 0.00000000 0.00000000 0.00000000 0.00000000 0.00000000 0.00000000 0.00000000 0.00000000 0.00000000 0.00000000 0.00000000 0.00000000 0.00000000 0.00000000 0.00000000 0.00000000 0.00000000
0.00000000 0.00000000 0.00000000 0.00000000 0.00000000 0.00000000 0.00000000 0.00000000 0.00000000 0.00000000 0.00000000 0.00000000 0.00000000 0.00000000 0.00000000 0.00000000 0.00000000 0.00000000 0.00000000 0.00000000 0.00000000 0.00000000 0.00000000 0.00000000 0.00000000 0.00000000 0.00000000 0.00000000 0.00000000 0.00000000 0.00000000 0.00000000 0.00000000 0.00000000 0.00000000 0.00000000 0.00000000 0.00000000 0.00000000 0.00000000 0.00000000 0.00000000 0.00000000 0.58593017 1.61481357 2.55878997 2.83103967 2.89357209 2.93655777 2.98106861 3.03165054 3.08501863 3.12292314 3.12812495 3.15259957 3.14458013 3.12645221 3.10333419 3.07555676 3.01716638 3.01420593 3.03441596 3.04699683 3.11333656 3.18683624 3.18709922 3.16245818 3.14244628 3.10406351 3.11696839 3.12711692 3.13137269 3.17100835 3.21177816 3.21490216 3.22355580 3.24594069 3.26542425 3.27847672 3.27484679 3.27440667 3.27940416 3.27662754 3.27942586 3.28261232 3.27905393 3.28400373 3.27333117 3.26984715 3.26185322 3.25046468 3.25470948 3.22646737 3.20998192 3.18161345 3.15311718 3.12156343 3.09557247 2.99815655 2.76548839 2.24885297 1.44122159 0.42861837 0.00000000 0.00000000 0.00000000 0.00000000 0.00000000 0.00000000 0.00000000 0.00000000 0.00000000 0.00000000 0.00000000 0.00000000 0.00000000 0.00000000 0.00000000 0.00000000 0.00000000 0.00000000 0.00000000 0.00000000 0.00000000
0.00000000 0.00000000 0.00000000 0.00000000 0.00000000 0.00000000 0.00000000 0.00000000 0.00000000 0.00000000 0.00000000 0.00000000 0.00000000 0.00000000 0.00000000 0.00000000 0.00000000 0.00000000 0.00000000 0.00000000 0.00000000 0.00000000 0.00000000 0.00000000 0.00000000 0.00000000 0.00000000 0.00000000 0.00000000 0.00000000 0.00000000 0.00000000 0.00000000 0.00000000 0.00000000 0.00000000 0.00000000 0.00000000 0.00000000 0.00000000 0.00000000 0.00000000 0.00000000 0.89836371 1.95351517 2.74238563 2.87579679 2.92296124 2.95474339 2.99869561 3.06090355 3.11215568 3.12515187 3.15688205 3.17189169 3.17500496 3.17304230 3.14703488 3.12159109 3.08541703 3.05241847 3.06702256 3.06601024 3.10482764 3.18079448 3.19185829 3.18202209 3.14196205 3.10368800 3.11576223 3.12847495 3.14045215 3.18528175 3.22675061 3.22674561 3.22693419 3.26214838 3.28949571 3.30485415 3.29450512 3.28562570 3.29059982 3.27703071 3.28337646 3.28418112 3.28563762 3.28748250 3.28183103 3.27595711 3.26620555 3.25715709 3.25939131 3.24019551 3.21585655 3.20412517 3.17156887 3.12672448 3.09555030 2.99117541 2.72378945 2.19688177 1.33290792 0.26370496 0.00000000 0.00000000 0.00000000 0.00000000 0.00000000 0.00000000 0.00000000 0.00000000 0.00000000 0.00000000 0.00000000 0.00000000 0.00000000 0.00000000 0.00000000 0.00000000 0.00000000 0.00000000 0.00000000 0.00000000 0.00000000
0.00000000 0.00000000 0.00000000 0.00000000 0.00000000 0.00000000 0.00000000 0.00000000 0.00000000 0.00000000 0.00000000 0.00000000 0.00000000 0.00000000 0.00000000 0.00000000 0.00000000 0.00000000 0.00000000 0.00000000 0.00000000 0.00000000 0.00000000 0.00000000 0.00000000 0.00000000 0.00000000 0.00000000 0.00000000 0.00000000 0.00000000 0.00000000 0.00000000 0.00000000 0.00000000 0.00000000 0.00000000 0.00000000 0.00000000 0.00000000 0.00000000 0.00000000 0.18390925 1.29068279 2.25386238 2.81333542 2.88076162 2.94394279 2.99681640 3.01910591 3.07317114 3.12368655 3.15150976 3.16307497 3.18415070 3.20056534 3.19072533 3.19060826 3.16220355 3.14555120 3.10795379 3.10610175 3.09282136 3.10527134 3.17416191 3.19548965 3.17580247 3.14699554 3.12036109 3.12433648 3.14495182 3.16773057 3.20110583 3.22007799 3.22958708 3.23771024 3.26511502 3.28572607 3.30460978 3.30124331 3.28594208 3.29020500 3.29021239 3.28462553 3.28509116 3.28358650 3.28714347 3.29358625 3.27964830 3.27453208 3.25756097 3.25604844 3.25719261 3.23881698 3.20657468 3.18053818 3.14102912 3.09936643 2.97645903 2.69311881 2.11397433 1.19234455 0.09241757 0.00000000 0.00000000 0.00000000 0.00000000 0.00000000 0.00000000 0.00000000 0.00000000 0.00000000 0.00000000 0.00000000 0.00000000 0.00000000 0.00000000 0.00000000 0.00000000 0.00000000 0.00000000 0.00000000 0.00000000 0.00000000
0.00000000 0.00000000 0.00000000 0.00000000 0.00000000 0.00000000 0.00000000 0.00000000 0.00000000 0.00000000 0.00000000 0.00000000 0.00000000 0.00000000 0.00000000 0.00000000 0.00000000 0.00000000 0.00000000 0.00000000 0.00000000 0.00000000 0.00000000 0.00000000 0.00000000 0.00000000 0.00000000 0.00000000 0.00000000 0.00000000 0.00000000 0.00000000 0.00000000 0.00000000 0.00000000 0.00000000 0.00000000 0.00000000 0.00000000 0.00000000 0.00000000 0.00000000 0.55645776 1.55919063 2.47011948 2.85499525 2.89210701 2.94647717 2.99110055 3.02592659 3.06979513 3.11236501 3.14861465 3.16471982 3.19044971 3.20879197 3.20110846 3.19150662 3.19763780 3.16800499 3.12776637 3.11183619 3.11609745 3.10137105 3.17271757 3.18690944 3.17115426 3.16394258 3.13376975 3.14108729 3.17181182 3.19454813 3.20383954 3.21980762 3.23882651 3.24723363 3.26187325 3.27680230 3.29836988 3.29135942 3.28674960 3.28920817 3.28229618 3.27918601 3.28433990 3.28333402 3.28699684 3.28162360 3.27523398 3.26272416 3.26322603 3.24971843 3.23651123 3.23646855 3.21862674 3.18134236 3.12758970 3.08979678 2.94552422 2.59941196 1.99943423 1.09148932 0.00000000 0.00000000 0.00000000 0.00000000 0.00000000 0.00000000 0.00000000 0.00000000 0.00000000 0.00000000 0.00000000 0.00000000 0.00000000 0.00000000 0.00000000 0.00000000 0.00000000 0.00000000 0.00000000 0.00000000 0.00000000 0.00000000
0.00000000 0.00000000 0.00000000 0.00000000 0.00000000 0.00000000 0.00000000 0.00000000 0.00000000 0.00000000 0.00000000 0.00000000 0.00000000 0.00000000 0.00000000 0.00000000 0.00000000 0.00000000 0.00000000 0.00000000 0.00000000 0.00000000 0.00000000 0.00000000 0.00000000 0.00000000 0.00000000 0.00000000 0.00000000 0.00000000 0.00000000 0.00000000 0.00000000 0.00000000 0.00000000 0.00000000 0.00000000 0.00000000 0.00000000 0.00000000 0.00000000 0.00000000 0.89135903 1.89808071 2.73522305 2.87139010 2.90377903 2.94651508 2.99551606 3.03121829 3.06755137 3.10834002 3.13436532 3.16522646 3.18562055 3.20191717 3.21175194 3.20497060 3.19633484 3.17467761 3.12386274 3.12214947 3.11649442 3.10965633 3.13278770 3.18839025 3.17876387 3.16259694 3.14007306 3.13851666 3.17454481 3.20561218 3.21752286 3.22801852 3.23177552 3.24516535 3.26407051 3.27824306 3.29715133 3.28964710 3.28563499 3.28792310 3.27735877 3.28595567 3.28799486 3.27567840 3.26267219 3.27679205 3.26416349 3.26033211 3.25037098 3.23949218 3.24157572 3.23405933 3.21721077 3.17275667 3.10973167 3.06526375 2.91397238 2.53750277 1.88912308 0.98822904 0.00000000 0.00000000 0.00000000 0.00000000 0.00000000 0.00000000 0.00000000 0.00000000 0.00000000 0.00000000 0.00000000 0.00000000 0.00000000 0.00000000 0.00000000 0.00000000 0.00000000 0.00000000 0.00000000 0.00000000 0.00000000 0.00000000
0.00000000 0.00000000 0.00000000 0.00000000 0.00000000 0.00000000 0.00000000 0.00000000 0.00000000 0.00000000 0.00000000 0.00000000 0.00000000 0.00000000 0.00000000 0.00000000 0.00000000 0.00000000 0.00000000 0.00000000 0.00000000 0.00000000 0.00000000 0.00000000 0.00000000 0.00000000 0.00000000 0.00000000 0.00000000 0.00000000 0.00000000 0.00000000 0.00000000 0.00000000 0.00000000 0.00000000 0.00000000 0.00000000 0.00000000 0.00000000 0.00000000 0.29201424 1.28311741 2.29631090 2.83515429 2.87007713 2.88526869 2.93350768 2.99109030 3.02246189 3.06722426 3.11426520 3.13262892 3.15210319 3.17952061 3.19815230 3.20338464 3.20910072 3.20319033 3.18271518 3.14981604 3.13012290 3.11955047 3.10079479 3.14232445 3.15955210 3.15355778 3.15406084 3.13423109 3.13680220 3.18166184 3.21598816 3.22009301 3.22167063 3.22019458 3.24829364 3.26675439 3.27351665 3.28303695 3.29274940 3.27071953 3.27786016 3.28100371 3.27469230 3.27450919 3.26660013 3.27104473 3.27027750 3.25653648 3.24653029 3.24702477 3.24316549 3.24753094 3.22703552 3.20157123 3.16847491 3.11781645 3.05794287 2.89922309 2.47817874 1.81243825 0.85903448 0.00000000 0.00000000 0.00000000 0.00000000 0.00000000 0.00000000 0.00000000 0.00000000 0.00000000 0.00000000 0.00000000 0.00000000 0.00000000 0.00000000 0.00000000 0.00000000 0.00000000 0.00000000 0.00000000 0.00000000 0.00000000 0.00000000
0.00000000 0.00000000 0.00000000 0.00000000 0.00000000 0.00000000 0.00000000 0.00000000 0.00000000 0.00000000 0.00000000 0.00000000 0.00000000 0.00000000 0.00000000 0.00000000 0.00000000 0.00000000 0.00000000 0.00000000 0.00000000 0.00000000 0.00000000 0.00000000 0.00000000 0.00000000 0.00000000 0.00000000 0.00000000 0.00000000 0.00000000 0.00000000 0.00000000 0.00000000 0.00000000 0.00000000 0.00000000 0.00000000 0.00000000 0.00000000 0.00000000 0.66511393 1.62220597 2.46012735 2.84547043 2.86745501 2.89437389 2.94317985 2.97698951 3.02849603 3.07364011 3.10821581 3.12481928 3.15412188 3.17545128 3.19358826 3.20287609 3.20673704 3.20854211 3.19648600 3.15690732 3.14115191 3.12041998 3.10715842 3.12445593 3.14310384 3.14264417 3.15208244 3.13767171 3.13382602 3.19188333 3.21413851 3.22135949 3.23733211 3.23392510 3.24943185 3.26350069 3.26549506 3.27449656 3.27166772 3.27237320 3.27327204 3.26923752 3.26720166 3.27281618 3.27561498 3.26065373 3.25764275 3.25491714 3.24496269 3.24833846 3.23656702 3.22227836 3.23003483 3.20926428 3.17233467 3.09779716 3.06257391 2.91805816 2.46153927 1.71673560 0.86850619 0.00000000 0.00000000 0.00000000 0.00000000 0.00000000 0.00000000 0.00000000 0.00000000 0.00000000 0.00000000 0.00000000 0.00000000 0.00000000 0.00000000 0.00000000 0.00000000 0.00000000 0.00000000 0.00000000 0.00000000 0.00000000 0.00000000
0.00000000 0.00000000 0.00000000 0.00000000 0.00000000 0.00000000 0.00000000 0.00000000 0.00000000 0.00000000 0.00000000 0.00000000 0.00000000 0.00000000 0.00000000 0.00000000 0.00000000 0.00000000 0.00000000 0.00000000 0.00000000 0.00000000 0.00000000 0.00000000 0.00000000 0.00000000 0.00000000 0.00000000 0.00000000 0.00000000 0.00000000 0.00000000 0.00000000 0.00000000 0.00000000 0.00000000 0.00000000 0.00000000 0.00000000 0.00000000 0.25396112 1.21343005 2.02901816 2.69650888 2.88077331 2.89821815 2.91875434 2.95144176 3.01495075 3.05037069 3.08759904 3.11182189 3.14342713 3.16327691 3.17201686 3.18535519 3.20150089 3.20842838 3.20770860 3.18918109 3.15979195 3.12253284 3.11305070 3.08437347 3.09181809 3.13208270 3.12410736 3.14758539 3.13745284 3.13431597 3.18416357 3.23099017 3.23161864 3.23768449 3.23923516 3.25400281 3.26352143 3.26381803 3.26832199 3.26352787 3.26101446 3.25979304 3.27247715 3.26610136 3.27066851 3.26645279 3.25275230 3.26097584 3.25721407 3.24385738 3.23239350 3.23632741 3.23820567 3.21926308 3.21342874 3.16953921 3.10558558 3.04151344 2.94102454 2.54047942 1.72333026 0.89203507 0.00000000 0.00000000 0.00000000 0.00000000 0.00000000 0.00000000 0.00000000 0.00000000 0.00000000 0.00000000 0.00000000 0.00000000 0.00000000 0.00000000 0.00000000 0.00000000 0.00000000 0.00000000 0.00000000 0.00000000 0.00000000 0.00000000
0.00000000 0.00000000 0.00000000 0.00000000 0.00000000 0.00000000 0.00000000 0.00000000 0.00000000 0.00000000 0.00000000 0.00000000 0.00000000 0.00000000 0.00000000 0.00000000 0.00000000 0.00000000 0.00000000 0.00000000 0.00000000 0.00000000 0.00000000 0.00000000 0.00000000 0.00000000 0.00000000 0.00000000 0.00000000 0.00000000 0.00000000 0.00000000 0.00000000 0.00000000 0.00000000 0.00000000 0.00000000 0.00000000 0.00000000 0.00000000 0.97103018 1.71226811 2.45797610 2.85624886 2.88639998 2.91445541 2.93186021 2.96992898 3.02078390 3.06681705 3.10019135 3.13426733 3.14998269 3.15005898 3.17011333 3.19988680 3.19395399 3.20137334 3.21135664 3.18890071 3.16242623 3.12183785 3.09255242 3.07695746 3.06484938 3.08630490 3.11000657 3.12497401 3.15380955 3.14324903 3.18844295 3.22687387 3.23066306 3.23755050 3.23689961 3.24970412 3.26242709 3.25280857 3.25742745 3.26848817 3.25384283 3.25840878 3.25755906 3.26141024 3.25604916 3.26084113 3.25418139 3.24407864 3.24237490 3.23602104 3.24555492 3.24428391 3.22883868 3.22772050 3.20878649 3.16731739 3.10799694 3.04923558 2.94909692 2.63087630 1.88981926 0.98247439 0.07612813 0.00000000 0.00000000 0.00000000 0.00000000 0.00000000 0.00000000 0.00000000 0.00000000 0.00000000 0.00000000 0.00000000 0.00000000 0.00000000 0.00000000 0.00000000 0.00000000 0.00000000 0.00000000 0.00000000 0.00000000 0.00000000
0.00000000 0.00000000 0.00000000 0.00000000 0.00000000 0.00000000 0.00000000 0.00000000 0.00000000 0.00000000 0.00000000 0.00000000 0.00000000 0.00000000 0.00000000 0.00000000 0.00000000 0.00000000 0.00000000 0.00000000 0.00000000 0.00000000 0.00000000 0.00000000 0.00000000 0.00000000 0.00000000 0.00000000 0.00000000 0.00000000 0.00000000 0.00000000 0.00000000 0.00000000 0.00000000 0.00000000 0.00000000 0.00000000 0.00000000 0.69568801 1.49541891 2.15438533 2.72321153 2.86638594 2.88562536 2.90817165 2.93908119 2.98686457 3.02311182 3.07153344 3.10358620 3.12491846 3.13061142 3.14471936 3.16278481 3.17119431 3.18256688 3.18740773 3.20175052 3.17502570 3.14591575 3.11392879 3.06255865 3.04172015 3.03036714 3.04966235 3.06181240 3.10113525 3.12590742 3.14281392 3.18012166 3.21227479 3.21292806 3.21027350 3.22562003 3.22893095 3.23626709 3.23937249 3.24204421 3.23812103 3.23881245 3.24162912 3.24094844 3.24190879 3.24172854 3.23682117 3.23361731 3.22643471 3.23121095 3.22259951 3.21882892 3.21413398 3.21947980 3.21362329 3.18872857 3.15831065 3.10453081 3.04649949 2.96151876 2.70568228 2.08192062 1.19982946 0.30519581 0.00000000 0.00000000 0.00000000 0.00000000 0.00000000 0.00000000 0.00000000 0.00000000 0.00000000 0.00000000 0.00000000 0.00000000 0.00000000 0.00000000 0.00000000 0.00000000 0.00000000 0.00000000 0.00000000 0.00000000 0.00000000
0.00000000 0.00000000 0.00000000 0.00000000 0.00000000 0.00000000 0.00000000 0.00000000 0.00000000 0.00000000 0.00000000 0.00000000 0.00000000 0.00000000 0.00000000 0.00000000 0.00000000 0.00000000 0.00000000 0.00000000 0.00000000 0.00000000 0.00000000 0.00000000 0.00000000 0.00000000 0.00000000 0.00000000 0.00000000 0.00000000 0.00000000 0.00000000 0.00000000 0.00000000 0.00000000 0.00000000 0.00000000 0.00000000 0.24795187 1.19348991 2.00078583 2.64045429 2.82580161 2.83974814 2.86698484 2.91065669 2.94591880 2.98777270 3.03775096 3.06993580 3.09519935 3.11683941 3.12471962 3.13218737 3.13341475 3.15768433 3.16665339 3.17457509 3.17107224 3.15974379 3.11150289 3.07507992 3.03483725 2.98816252 2.98536325 3.00374651 3.02993250 3.06990910 3.10235858 3.12202430 3.16152978 3.18355584 3.18163443 3.18686128 3.19880390 3.20803714 3.21588635 3.21352816 3.21718097 3.22330809 3.21298981 3.21675754 3.22037482 3.22096038 3.22405148 3.22372031 3.21365523 3.21428967 3.20331621 3.21072245 3.20483685 3.20272827 3.19537568 3.18597198 3.17408299 3.13574743 3.07772040 3.02825642 2.95829678 2.79084182 2.29129672 1.46791518 0.59037161 0.00000000 0.00000000 0.00000000 0.00000000 0.00000000 0.00000000 0.00000000 0.00000000 0.00000000 0.00000000 0.00000000 0.00000000 0.00000000 0.00000000 0.00000000 0.00000000 0.00000000 0.00000000 0.00000000 0.00000000 0.00000000
0.00000000 0.00000000 0.00000000 0.00000000 0.00000000 0.00000000 0.00000000 0.00000000 0.00000000 0.00000000 0.00000000 0.00000000 0.00000000 0.00000000 0.00000000 0.00000000 0.00000000 0.00000000 0.00000000 0.00000000 0.00000000 0.00000000 0.00000000 0.00000000 0.00000000 0.00000000 0.00000000 0.00000000 0.00000000 0.00000000 0.00000000 0.00000000 0.00000000 0.00000000 0.00000000 0.00000000 0.00000000 0.00000000 0.77446657 1.67786860 2.53332210 2.79390359 2.81693053 2.85439420 2.87383723 2.91613317 2.96355033 3.00817180 3.05617738 3.08056664 3.10401726 3.11261463 3.12758946 3.12930012 3.14805937 3.15121531 3.16895628 3.17785192 3.18177700 3.15398431 3.11776948 3.07734990 3.02938986 2.96948743 2.95890236 2.99413157 3.01122189 3.05600929 3.10389590 3.15034175 3.17573762 3.17841434 3.18688154 3.18939519 3.19101238 3.20602679 3.20863581 3.21370339 3.22020960 3.21948838 3.21373343 3.21225786 3.21527743 3.21554351 3.21051145 3.21496677 3.21112180 3.20392370 3.20415521 3.20250702 3.20860767 3.20144081 3.20012045 3.19754171 3.16244006 3.12661099 3.09460425 3.03191471 2.95397377 2.84347749 2.48552179 1.72232139 0.87387401 0.00000000 0.00000000 0.00000000 0.00000000 0.00000000 0.00000000 0.00000000 0.00000000 0.00000000 0.00000000 0.00000000 0.00000000 0.00000000 0.00000000 0.00000000 0.00000000 0.00000000 0.00000000 0.00000000 0.00000000 0.00000000
0.00000000 0.00000000 0.00000000 0.00000000 0.00000000 0.00000000 0.00000000 0.00000000 0.00000000 0.00000000 0.00000000 0.00000000 0.00000000 0.00000000 0.00000000 0.00000000 0.00000000 0.00000000 0.00000000 0.00000000 0.00000000 0.00000000 0.00000000 0.00000000 0.00000000 0.00000000 0.00000000 0.00000000 0.00000000 0.00000000 0.00000000 0.00000000 0.00000000 0.00000000 0.00000000 0.00000000 0.00000000 0.09315723 1.23774409 2.13929892 2.73897171 2.84015036 2.85886264 2.88593221 2.91239595 2.94505978 3.01478314 3.05180812 3.08442688 3.11037397 3.12926316 3.14126325 3.13367820 3.15904474 3.16697574 3.17520857 3.17982125 3.19497681 3.19399500 3.18032050 3.13625360 3.09454775 3.04936504 2.99432325 2.96696687 2.97461319 3.01751208 3.06238341 3.11929655 3.15851307 3.19617414 3.20475221 3.20598698 3.20466328 3.22851872 3.22824621 3.23007369 3.23648977 3.22998023 3.23541641 3.23731065 3.22543836 3.22584939 3.22510433 3.22948933 3.23048973 3.22136593 3.21741271 3.21361065 3.20881796 3.21584392 3.22201133 3.21578693 3.20989752 3.18185616 3.14881325 3.09537101 3.04548788 2.97954273 2.88879824 2.64897943 1.99750364 1.11043513 0.21944973 0.00000000 0.00000000 0.00000000 0.00000000 0.00000000 0.00000000 0.00000000 0.00000000 0.00000000 0.00000000 0.00000000 0.00000000 0.00000000 0.00000000 0.00000000 0.00000000 0.00000000 0.00000000 0.00000000 0.00000000
0.00000000 0.00000000 0.00000000 0.00000000 0.00000000 0.00000000 0.00000000 0.00000000 0.00000000 0.00000000 0.00000000 0.00000000 0.00000000 0.00000000 0.00000000 0.00000000 0.00000000 0.00000000 0.00000000 0.00000000 0.00000000 0.00000000 0.00000000 0.00000000 0.00000000 0.00000000 0.00000000 0.00000000 0.00000000 0.00000000 0.00000000 0.00000000 0.00000000 0.00000000 0.00000000 0.00000000 0.00000000 0.46327448 1.51164079 2.42209148 2.83757305 2.87458014 2.87381649 2.89187145 2.92209744 2.97749615 3.02119684 3.07060838 3.10774493 3.12852931 3.14065075 3.15331268 3.15462255 3.16459823 3.18593836 3.18298960 3.20245743 3.20382643 3.20598650 3.19464064 3.15898061 3.11441278 3.06970406 3.00960016 2.96524334 2.98289084 3.02153683 3.05845404 3.10037518 3.17255092 3.20080304 3.21843648 3.21810532 3.22011256 3.23434877 3.24984121 3.24761438 3.23894501 3.24862242 3.23807168 3.23554373 3.23830700 3.24555588 3.24022174 3.23993349 3.24657607 3.23597956 3.22447801 3.22762990 3.22865534 3.22670245 3.22140098 3.22785473 3.22388077 3.18184090 3.14586425 3.10898185 3.05054474 2.99629259 2.92269993 2.74519110 2.21174693 1.35636330 0.45693320 0.00000000 0.00000000 0.00000000 0.00000000 0.00000000 0.00000000 0.00000000 0.00000000 0.00000000 0.00000000 0.00000000 0.00000000 0.00000000 0.00000000 0.00000000 0.00000000 0.00000000 0.00000000 0.00000000 0.00000000
0.00000000 0.00000000 0.00000000 0.00000000 0.00000000 0.00000000 0.00000000 0.00000000 0.00000000 0.00000000 0.00000000 0.00000000 0.00000000 0.00000000 0.00000000 0.00000000 0.00000000 0.00000000 0.00000000 0.00000000 0.00000000 0.00000000 0.00000000 0.00000000 0.00000000 0.00000000 0.00000000 0.00000000 0.00000000 0.00000000 0.00000000 0.00000000 0.00000000 0.00000000 0.00000000 0.00000000 0.00000000 0.79343027 1.83887506 2.73064280 2.88319016 2.88684559 2.88852072 2.91145420 2.94799137 2.97957540 3.03813386 3.10119629 3.12572789 3.13719034 3.15036392 3.16610241 3.16374922 3.18148875 3.19873333 3.20106196 3.21262932 3.23105431 3.22754002 3.21128678 3.19458461 3.14828062 3.07820559 3.03497028 2.99378705 2.99055743 3.02430415 3.06818771 3.12449622 3.18379593 3.21511364 3.21520591 3.23294139 3.24506211 3.25963116 3.27082419 3.26305962 3.26023602 3.25469112 3.24841809 3.24975681 3.24209714 3.25277710 3.24447560 3.23416948 3.25631046 3.25027537 3.23998260 3.23162436 3.23028708 3.23616838 3.24269533 3.24418163 3.23708725 3.19546580 3.15851712 3.12471461 3.05463791 3.00900960 2.95517445 2.81122851 2.37207532 1.59791720 0.68065882 0.00000000 0.00000000 0.00000000 0.00000000 0.00000000 0.00000000 0.00000000 0.00000000 0.00000000 0.00000000 0.00000000 0.00000000 0.00000000 0.00000000 0.00000000 0.00000000 0.00000000 0.00000000 0.00000000 0.00000000
0.00000000 0.00000000 0.00000000 0.00000000 0.00000000 0.00000000 0.00000000 0.00000000 0.00000000 0.00000000 0.00000000 0.00000000 0.00000000 0.00000000 0.00000000 0.00000000 0.00000000 0.00000000 0.00000000 0.00000000 0.00000000 0.00000000 0.00000000 0.00000000 0.00000000 0.00000000 0.00000000 0.00000000 0.00000000 0.00000000 0.00000000 0.00000000 0.00000000 0.00000000 0.00000000 0.00000000 0.00000000 1.09408104 2.20600510 2.85562801 2.89979100 2.92175555 2.91140580 2.92045116 2.96226811 2.99655247 3.06426191 3.10905886 3.13560820 3.14460897 3.16478419 3.17012286 3.17522120 3.18792200 3.21396017 3.21106768 3.21222949 3.23021054 3.23417330 3.23024631 3.20565963 3.15886235 3.12337661 3.06034946 3.01073146 3.00584269 3.05635691 3.10445356 3.12320566 3.17766213 3.21979523 3.22267008 3.24248123 3.26308084 3.26582861 3.27819657 3.27472901 3.26064801 3.26892090 3.27110529 3.25247598 3.24877882 3.25906372 3.27570963 3.24078178 3.24032569 3.25471306 3.24843502 3.24027443 3.24247599 3.25567675 3.25996113 3.25283670 3.23892212 3.20306969 3.15759182 3.12388921 3.07258773 3.01200199 2.96370149 2.85067439 2.47695136 1.74105108 0.90613472 0.00000000 0.00000000 0.00000000 0.00000000 0.00000000 0.00000000 0.00000000 0.00000000 0.00000000 0.00000000 0.00000000 0.00000000 0.00000000 0.00000000 0.00000000 0.00000000 0.00000000 0.00000000 0.00000000 0.00000000
0.00000000 0.00000000 0.00000000 0.00000000 0.00000000 0.00000000 0.00000000 0.00000000 0.00000000 0.00000000 0.00000000 0.00000000 0.00000000 0.00000000 0.00000000 0.00000000 0.00000000 0.00000000 0.00000000 0.00000000 0.00000000 0.00000000 0.00000000 0.00000000 0.00000000 0.00000000 0.00000000 0.00000000 0.00000000 0.00000000 0.00000000 0.00000000 0.00000000 0.00000000 0.00000000 0.00000000 0.13787499 1.36000931 2.33673596 2.86008763 2.90607810 2.92605090 2.91400099 2.90598917 2.94283295 3.00311708 3.03756952 3.09066248 3.11875963 3.13263512 3.14336181 3.16405559 3.16580415 3.17552280 3.20152760 3.21446729 3.20876312 3.21534443 3.21775389 3.22014284 3.20008993 3.17073536 3.11251354 3.06853533 3.02996182 3.02509022 3.06003571 3.09747887 3.13043952 3.16745448 3.19307661 3.21975517 3.22376823 3.24821496 3.25870872 3.28168869 3.26819110 3.26095653 3.26392651 3.25303626 3.25033545 3.24692130 3.24917388 3.25474191 3.24042845 3.24011946 3.23449850 3.23226142 3.23667455 3.23204494 3.23580384 3.24486923 3.23351669 3.22123933 3.18025112 3.12680626 3.09338665 3.04625249 2.97426367 2.93686247 2.82319522 2.51387072 1.82273352 0.96780682 0.01516993 0.00000000 0.00000000 0.00000000 0.00000000 0.00000000 0.00000000 0.00000000 0.00000000 0.00000000 0.00000000 0.00000000 0.00000000 0.00000000 0.00000000 0.00000000 0.00000000 0.00000000 0.00000000 0.00000000
0.00000000 0.00000000 0.00000000 0.00000000 0.00000000 0.00000000 0.00000000 0.00000000 0.00000000 0.00000000 0.00000000 0.00000000 0.00000000 0.00000000 0.00000000 0.00000000 0.00000000 0.00000000 0.00000000 0.00000000 0.00000000 0.00000000 0.00000000 0.00000000 0.00000000 0.00000000 0.00000000 0.00000000 0.00000000 0.00000000 0.00000000 0.00000000 0.00000000 0.00000000 0.00000000 0.00000000 0.37212861 1.49033523 2.52985215 2.88778019 2.90487504 2.91929579 2.93025661 2.92011547 2.96283007 2.98466253 3.03347778 3.07838702 3.11304927 3.11627555 3.13181591 3.15712595 3.16707039 3.17178559 3.19695258 3.20797205 3.19921613 3.21318197 3.22302961 3.21898961 3.20159078 3.16689086 3.13514423 3.08599830 3.04974198 3.03197789 3.05555439 3.10174322 3.13076568 3.14947009 3.19008040 3.18308592 3.20812082 3.25414753 3.26416731 3.27095366 3.26659727 3.26694942 3.26363015 3.25454307 3.24645758 3.24154925 3.23887897 3.24114561 3.24455500 3.22540092 3.22841573 3.22265315 3.22281098 3.22440386 3.22546196 3.22460127 3.21548676 3.19819546 3.15961957 3.10434222 3.06514883 3.01581836 2.95818973 2.90603566 2.79508328 2.48100924 1.82629001 0.95046693 0.02451597 0.00000000 0.00000000 0.00000000 0.00000000 0.00000000 0.00000000 0.00000000 0.00000000 0.00000000 0.00000000 0.00000000 0.00000000 0.00000000 0.00000000 0.00000000 0.00000000 0.00000000 0.00000000 0.00000000
0.00000000 0.00000000 0.00000000 0.00000000 0.00000000 0.00000000 0.00000000 0.00000000 0.00000000 0.00000000 0.00000000 0.00000000 0.00000000 0.00000000 0.00000000 0.00000000 0.00000000 0.00000000 0.00000000 0.00000000 0.00000000 0.00000000 0.00000000 0.00000000 0.00000000 0.00000000 0.00000000 0.00000000 0.00000000 0.00000000 0.00000000 0.00000000 0.00000000 0.00000000 0.00000000 0.00000000 0.46704549 1.76829159 2.72229791 2.89353704 2.91698813 2.93450809 2.94636321 2.94912267 2.95120931 2.99764538 3.03072071 3.07697535 3.10779452 3.13815236 3.13894391 3.16079688 3.17354393 3.18547225 3.20266891 3.21595645 3.21291423 3.21120906 3.22717690 3.22121406 3.20151377 3.18958163 3.14635754 3.09346533 3.06295085 3.06210184 3.07730842 3.11096001 3.11665344 3.14635634 3.17858672 3.19540930 3.21488428 3.25083828 3.25662589 3.26789856 3.27093434 3.26880789 3.26704979 3.25751901 3.25708890 3.24910760 3.24426866 3.25763917 3.22921610 3.22342420 3.24717808 3.22213769 3.21551180 3.22711253 3.23784399 3.23560238 3.22022653 3.19004369 3.15700579 3.11409116 3.05816054 3.00510573 2.96439266 2.89638352 2.78229213 2.46676040 1.79504728 0.89010191 0.00000000 0.00000000 0.00000000 0.00000000 0.00000000 0.00000000 0.00000000 0.00000000 0.00000000 0.00000000 0.00000000 0.00000000 0.00000000 0.00000000 0.00000000 0.00000000 0.00000000 0.00000000 0.00000000 0.00000000
0.00000000 0.00000000 0.00000000 0.00000000 0.00000000 0.00000000 0.00000000 0.00000000 0.00000000 0.00000000 0.00000000 0.00000000 0.00000000 0.00000000 0.00000000 0.00000000 0.00000000 0.00000000 0.00000000 0.00000000 0.00000000 0.00000000 0.00000000 0.00000000 0.00000000 0.00000000 0.00000000 0.00000000 0.00000000 0.00000000 0.00000000 0.00000000 0.00000000 0.00000000 0.00000000 0.00000000 0.56405365 1.85388565 2.75743151 2.90709162 2.93351555 2.95190239 2.95474124 2.94754267 2.94844627 2.98828053 3.02339435 3.05217218 3.10395789 3.11952090 3.14539862 3.17635584 3.18665767 3.18600845 3.21662140 3.21900320 3.21489191 3.21452856 3.21855044 3.21944642 3.21381760 3.17451859 3.13572240 3.11208653 3.07343912 3.06312680 3.07759809 3.08833385 3.13862586 3.13839936 3.17172599 3.20014763 3.21151137 3.24445295 3.25775361 3.26381493 3.25779700 3.26304555 3.26398659 3.24037099 3.24657273 3.24678922 3.24130321 3.24861503 3.24729109 3.23408008 3.21877766 3.21401477 3.21698046 3.23032331 3.23231483 3.23273683 3.20991302 3.18993568 3.13300228 3.09923291 3.06123257 3.01179457 2.96362090 2.90548372 2.73140621 2.40421629 1.74932921 0.80968052 0.00000000 0.00000000 0.00000000 0.00000000 0.00000000 0.00000000 0.00000000 0.00000000 0.00000000 0.00000000 0.00000000 0.00000000 0.00000000 0.00000000 0.00000000 0.00000000 0.00000000 0.00000000 0.00000000 0.00000000
0.00000000 0.00000000 0.00000000 0.00000000 0.00000000 0.00000000 0.00000000 0.00000000 0.00000000 0.00000000 0.00000000 0.00000000 0.00000000 0.00000000 0.00000000 0.00000000 0.00000000 0.00000000 0.00000000 0.00000000 0.00000000 0.00000000 0.00000000 0.00000000 0.00000000 0.00000000 0.00000000 0.00000000 0.00000000 0.00000000 0.00000000 0.00000000 0.00000000 0.00000000 0.00000000 0.00000000 0.56487381 1.88859689 2.78066063 2.91370463 2.94462729 2.95105743 2.96008992 2.96046543 2.95270228 2.97810030 3.01242590 3.05911303 3.08639550 3.12644434 3.14046311 3.17628264 3.18539572 3.19462156 3.21131968 3.21046567 3.21225929 3.21814013 3.21526361 3.22271228 3.20430684 3.17482352 3.14435387 3.10085940 3.06667614 3.06415963 3.08286452 3.09009504 3.12008190 3.14129424 3.15859294 3.18274498 3.21516705 3.24131751 3.24471855 3.25669575 3.24876785 3.25129819 3.26040936 3.24015069 3.24193573 3.24617648 3.22991776 3.24628425 3.23295593 3.21929479 3.22531676 3.22146130 3.20982599 3.21894646 3.23046279 3.22714496 3.20294571 3.15785193 3.11806250 3.08939075 3.03558922 2.97772813 2.97275496 2.87036824 2.68414330 2.28514338 1.64466703 0.69729686 0.00000000 0.00000000 0.00000000 0.00000000 0.00000000 0.00000000 0.00000000 0.00000000 0.00000000 0.00000000 0.00000000 0.00000000 0.00000000 0.00000000 0.00000000 0.00000000 0.00000000 0.00000000 0.00000000 0.00000000
0.00000000 0.00000000 0.00000000 0.00000000 0.00000000 0.00000000 0.00000000 0.00000000 0.00000000 0.00000000 0.00000000 0.00000000 0.00000000 0.00000000 0.00000000 0.00000000 0.00000000 0.00000000 0.00000000 0.00000000 0.00000000 0.00000000 0.00000000 0.00000000 0.00000000 0.00000000 0.00000000 0.00000000 0.00000000 0.00000000 0.00000000 0.00000000 0.00000000 0.00000000 0.00000000 0.00000000 0.64032477 1.92568517 2.77658844 2.89943886 2.92608714 2.93430805 2.95083976 2.94995022 2.94786453 2.95295095 2.99858117 3.05332899 3.09450984 3.11161804 3.14518881 3.16692257 3.18031955 3.19371986 3.20601439 3.19355702 3.20474958 3.20419788 3.20280838 3.19178510 3.19312930 3.17035151 3.13774991 3.08853960 3.07746100 3.07657814 3.06683445 3.08588982 3.10295105 3.14472628 3.15097427 3.17934227 3.21203828 3.23000264 3.22277832 3.24534369 3.24337816 3.23032784 3.25512743 3.24138021 3.22488594 3.23839307 3.23555326 3.23335290 3.23445964 3.22672009 3.21512365 3.20865059 3.21019554 3.22866035 3.22755146 3.21409869 3.19601655 3.14953303 3.09974527 3.07604885 3.02524018 2.96376109 2.93827820 2.86487412 2.62896729 2.15438914 1.39203095 0.46323293 0.00000000 0.00000000 0.00000000 0.00000000 0.00000000 0.00000000 0.00000000 0.00000000 0.00000000 0.00000000 0.00000000 0.00000000 0.00000000 0.00000000 0.00000000 0.00000000 0.00000000 0.00000000 0.00000000 0.00000000
0.00000000 0.00000000 0.00000000 0.00000000 0.00000000 0.00000000 0.00000000 0.00000000 0.00000000 0.00000000 0.00000000 0.00000000 0.00000000 0.00000000 0.00000000 0.00000000 0.00000000 0.00000000 0.00000000 0.00000000 0.00000000 0.00000000 0.00000000 0.00000000 0.00000000 0.00000000 0.00000000 0.00000000 0.00000000 0.00000000 0.00000000 0.00000000 0.00000000 0.00000000 0.00000000 0.00000000 0.73214352 1.95943165 2.80854654 2.90120149 2.92134953 2.94137383 2.94332933 2.94020271 2.94646072 2.96343231 2.98959780 3.04968834 3.09240580 3.12796330 3.15476871 3.18011904 3.17658043 3.18897152 3.20697618 3.20611620 3.20009327 3.21166086 3.19857192 3.19855976 3.18166709 3.16410232 3.13033032 3.10528636 3.07731700 3.08261895 3.08688712 3.09777570 3.12698412 3.14435959 3.16024852 3.17919326 3.22232914 3.22445607 3.23417521 3.23907566 3.23828316 3.23187876 3.23336625 3.22468519 3.21876407 3.23674536 3.23411036 3.22341394 3.23043561 3.23031855 3.22946978 3.22845721 3.23098636 3.23103762 3.23841095 3.22217774 3.19211769 3.15861869 3.10661507 3.07052326 3.04571390 2.99044895 2.94086790 2.85800362 2.57820892 2.01869392 1.16461098 0.13171120 0.00000000 0.00000000 0.00000000 0.00000000 0.00000000 0.00000000 0.00000000 0.00000000 0.00000000 0.00000000 0.00000000 0.00000000 0.00000000 0.00000000 0.00000000 0.00000000 0.00000000 0.00000000 0.00000000 0.00000000
0.00000000 0.00000000 0.00000000 0.00000000 0.00000000 0.00000000 0.00000000 0.00000000 0.00000000 0.00000000 0.00000000 0.00000000 0.00000000 0.00000000 0.00000000 0.00000000 0.00000000 0.00000000 0.00000000 0.00000000 0.00000000 0.00000000 0.00000000 0.00000000 0.00000000 0.00000000 0.00000000 0.00000000 0.00000000 0.00000000 0.00000000 0.00000000 0.00000000 0.00000000 0.00000000 0.00000000 0.86117715 2.07771826 2.83472395 2.91597080 2.93981671 2.95844674 2.96279192 2.94017696 2.96716213 2.97573400 3.01251936 3.05524468 3.10900736 3.13299751 3.15623760 3.19202971 3.19911051 3.20833015 3.22055721 3.20973086 3.20680952 3.22499871 3.22379732 3.20445156 3.18462372 3.17137313 3.16423488 3.10923004 3.08901620 3.10398602 3.11133361 3.10756350 3.12354016 3.15912414 3.16305995 3.18535471 3.22622776 3.23321295 3.22928166 3.23382783 3.22424626 3.22186899 3.23844600 3.22718334 3.22448206 3.22719622 3.22363019 3.23356891 3.23184490 3.24262404 3.24413896 3.24732184 3.24665070 3.25584817 3.25374651 3.23389602 3.18983603 3.15324783 3.11547804 3.08101177 3.03398585 3.01104760 2.95865321 2.85088158 2.52603531 1.90093267 1.05085671 0.00000000 0.00000000 0.00000000 0.00000000 0.00000000 0.00000000 0.00000000 0.00000000 0.00000000 0.00000000 0.00000000 0.00000000 0.00000000 0.00000000 0.00000000 0.00000000 0.00000000 0.00000000 0.00000000 0.00000000 0.00000000
0.00000000 0.00000000 0.00000000 0.00000000 0.00000000 0.00000000 0.00000000 0.00000000 0.00000000 0.00000000 0.00000000 0.00000000 0.00000000 0.00000000 0.00000000 0.00000000 0.00000000 0.00000000 0.00000000 0.00000000 0.00000000 0.00000000 0.00000000 0.00000000 0.00000000 0.00000000 0.00000000 0.00000000 0.00000000 0.00000000 0.00000000 0.00000000 0.00000000 0.00000000 0.00000000 0.00000000 1.00805223 2.14318824 2.85389662 2.91663647 2.93523002 2.96602130 2.95201707 2.95902896 2.96310282 2.98020864 3.00711465 3.06607103 3.11548233 3.13428974 3.16091442 3.18828297 3.18539786 3.19892335 3.21235967 3.21090293 3.21952605 3.22003007 3.22407627 3.21159172 3.19437027 3.17844200 3.17386937 3.13693500 3.10279703 3.11349106 3.10650206 3.10053372 3.11697340 3.15222621 3.15533972 3.16032386 3.21341109 3.22432542 3.20897436 3.21876121 3.21271825 3.20220065 3.21804786 3.22169185 3.20280266 3.23209476 3.22265244 3.22706676 3.24218822 3.23506069 3.24865794 3.25188684 3.25781918 3.26117134 3.25657487 3.22041988 3.19635201 3.14474273 3.10685325 3.05759335 3.03058195 2.99487591 2.92474985 2.84061337 2.48964524 1.80365467 0.96012419 0.00000000 0.00000000 0.00000000 0.00000000 0.00000000 0.00000000 0.00000000 0.00000000 0.00000000 0.00000000 0.00000000 0.00000000 0.00000000 0.00000000 0.00000000 0.00000000 0.00000000 0.00000000 0.00000000 0.00000000 0.00000000
0.00000000 0.00000000 0.00000000 0.00000000 0.00000000 0.00000000 0.00000000 0.00000000 0.00000000 0.00000000 0.00000000 0.00000000 0.00000000 0.00000000 0.00000000 0.00000000 0.00000000 0.00000000 0.00000000 0.00000000 0.00000000 0.00000000 0.00000000 0.00000000 0.00000000 0.00000000 0.00000000 0.00000000 0.00000000 0.00000000 0.00000000 0.00000000 0.00000000 0.00000000 0.00000000 0.09128676 1.15204477 2.30664206 2.87369871 2.91954923 2.94685769 2.96658540 2.97314262 2.95841527 2.97352481 2.99452972 3.02081609 3.06236124 3.11242223 3.14369655 3.15919876 3.17582011 3.17901611 3.19282293 3.21118617 3.20799851 3.21358109 3.21711850 3.22398448 3.23047853 3.21701956 3.19513607 3.17442966 3.16187644 3.11400223 3.10840821 3.10976505 3.09707785 3.11361861 3.13601089 3.15430355 3.15786910 3.18259382 3.20092177 3.20900965 3.19352460 3.19883060 3.19095278 3.20994377 3.20956516 3.21042085 3.21714187 3.21453142 3.21093893 3.23388076 3.23690605 3.25159144 3.26045465 3.25171185 3.24822688 3.23752260 3.21397758 3.16596174 3.15091658 3.09723568 3.04593277 3.02841377 3.00020623 2.94506598 2.84293365 2.47544599 1.69606364 0.85987747 0.00000000 0.00000000 0.00000000 0.00000000 0.00000000 0.00000000 0.00000000 0.00000000 0.00000000 0.00000000 0.00000000 0.00000000 0.00000000 0.00000000 0.00000000 0.00000000 0.00000000 0.00000000 0.00000000 0.00000000 0.00000000
0.00000000 0.00000000 0.00000000 0.00000000 0.00000000 0.00000000 0.00000000 0.00000000 0.00000000 0.00000000 0.00000000 0.00000000 0.00000000 0.00000000 0.00000000 0.00000000 0.00000000 0.00000000 0.00000000 0.00000000 0.00000000 0.00000000 0.00000000 0.00000000 0.00000000 0.00000000 0.00000000 0.00000000 0.00000000 0.00000000 0.00000000 0.00000000 0.00000000 0.00000000 0.00000000 0.17981067 1.38694489 2.47677493 2.90274858 2.94244719 2.95970154 2.98705363 2.99208879 2.97387862 3.00194716 3.01377106 3.02233529 3.06702256 3.10894275 3.12905455 3.14872289 3.16252208 3.18376851 3.18464327 3.19296408 3.19906020 3.21853256 3.23059630 3.22938085 3.23597503 3.22286820 3.20299053 3.18641925 3.15210962 3.12212372 3.08777404 3.08800673 3.07873273 3.08735466 3.10565257 3.11922622 3.13793230 3.16410851 3.17974448 3.17872882 3.18231225 3.16096282 3.18727779 3.20182276 3.20728159 3.20207167 3.20429873 3.20208406 3.21422338 3.21597815 3.23851538 3.25050879 3.25878835 3.25229192 3.24162698 3.22852898 3.17860556 3.15118885 3.10595012 3.07007027 3.03166986 3.01949859 2.99721408 2.94670033 2.85592937 2.46401238 1.69414341 0.74869388 0.00000000 0.00000000 0.00000000 0.00000000 0.00000000 0.00000000 0.00000000 0.00000000 0.00000000 0.00000000 0.00000000 0.00000000 0.00000000 0.00000000 0.00000000 0.00000000 0.00000000 0.00000000 0.00000000 0.00000000 0.00000000
0.00000000 0.00000000 0.00000000 0.00000000 0.00000000 0.00000000 0.00000000 0.00000000 0.00000000 0.00000000 0.00000000 0.00000000 0.00000000 0.00000000 0.00000000 0.00000000 0.00000000 0.00000000 0.00000000 0.00000000 0.00000000 0.00000000 0.00000000 0.00000000 0.00000000 0.00000000 0.00000000 0.00000000 0.00000000 0.00000000 0.00000000 0.00000000 0.00000000 0.00000000 0.00000000 0.30038416 1.53071952 2.56631327 2.91308141 2.95297837 2.97830248 3.00280333 3.01616907 3.00024104 2.99218488 3.02529812 3.03625846 3.06761551 3.10732222 3.11727524 3.14297318 3.15373039 3.15314102 3.17188883 3.18818402 3.20227885 3.20657682 3.21520162 3.22056603 3.22613502 3.22382259 3.20851994 3.18513584 3.15429568 3.12214422 3.09175968 3.06709290 3.06261039 3.04506087 3.07153249 3.09206820 3.11851072 3.14438725 3.15379071 3.16295457 3.15864348 3.15273905 3.15992832 3.18739510 3.19617343 3.19694281 3.20083451 3.19902468 3.20638657 3.21825838 3.22928834 3.24599004 3.24952269 3.23845077 3.23419237 3.20026016 3.17033243 3.10713053 3.08412433 3.03825283 3.00189257 2.99854398 2.95842552 2.94509840 2.87993407 2.44347525 1.70350134 0.80705678 0.00000000 0.00000000 0.00000000 0.00000000 0.00000000 0.00000000 0.00000000 0.00000000 0.00000000 0.00000000 0.00000000 0.00000000 0.00000000 0.00000000 0.00000000 0.00000000 0.00000000 0.00000000 0.00000000 0.00000000 0.00000000
0.00000000 0.00000000 0.00000000 0.00000000 0.00000000 0.00000000 0.00000000 0.00000000 0.00000000 0.00000000 0.00000000 0.00000000 0.00000000 0.00000000 0.00000000 0.00000000 0.00000000 0.00000000 0.00000000 0.00000000 0.00000000 0.00000000 0.00000000 0.00000000 0.00000000 0.00000000 0.00000000 0.00000000 0.00000000 0.00000000 0.00000000 0.00000000 0.00000000 0.00000000 0.00000000 0.39078292 1.63684523 2.68104601 2.91614270 2.96500158 3.00152254 3.00815964 3.03099370 3.01410699 3.01150393 3.03838778 3.03446674 3.06384826 3.09486222 3.11871982 3.12648654 3.14145350 3.13786054 3.14818144 3.16787076 3.18483067 3.20232773 3.21617913 3.21484900 3.21902132 3.22852921 3.20221639 3.17885208 3.16047621 3.13056087 3.09410238 3.06470060 3.04931521 3.04216790 3.04322219 3.08720899 3.11472249 3.13241839 3.15973639 3.16298509 3.17108202 3.14410448 3.15358377 3.18242812 3.18584967 3.18843937 3.19838905 3.18619871 3.20451427 3.21630859 3.22489595 3.23805904 3.24427295 3.22055173 3.21133232 3.17648339 3.14233971 3.10768247 3.06774473 3.01354933 2.98769426 2.98760891 2.96331143 2.96004772 2.90792894 2.50564528 1.68649614 0.87882978 0.00000000 0.00000000 0.00000000 0.00000000 0.00000000 0.00000000 0.00000000 0.00000000 0.00000000 0.00000000 0.00000000 0.00000000 0.00000000 0.00000000 0.00000000 0.00000000 0.00000000 0.00000000 0.00000000 0.00000000 0.00000000
0.00000000 0.00000000 0.00000000 0.00000000 0.00000000 0.00000000 0.00000000 0.00000000 0.00000000 0.00000000 0.00000000 0.00000000 0.00000000 0.00000000 0.00000000 0.00000000 0.00000000 0.00000000 0.00000000 0.00000000 0.00000000 0.00000000 0.00000000 0.00000000 0.00000000 0.00000000 0.00000000 0.00000000 0.00000000 0.00000000 0.00000000 0.00000000 0.00000000 0.00000000 0.00000000 0.39955300 1.71317637 2.75962877 2.93485785 2.97481418 3.00035191 3.03536510 3.03615236 3.02920699 3.02145886 3.01823640 3.03214478 3.05571437 3.07816076 3.09304070 3.09787321 3.11798573 3.12415171 3.12936091 3.15182662 3.16688943 3.18268681 3.19131374 3.19759846 3.19671059 3.20025182 3.19264984 3.17022848 3.15801644 3.12632847 3.08915281 3.05981541 3.04931688 3.03768659 3.04753780 3.07431579 3.10878539 3.14529061 3.15640688 3.15246367 3.15899158 3.14658213 3.15650797 3.18525958 3.16603303 3.18692374 3.19065285 3.19564629 3.19971824 3.22694063 3.22191358 3.23177600 3.23438549 3.22820449 3.20283031 3.17107034 3.12447524 3.09954262 3.04419160 3.00608754 3.00599074 2.99005103 2.96532130 2.95243287 2.89445519 2.48974705 1.67084539 0.76702935 0.00000000 0.00000000 0.00000000 0.00000000 0.00000000 0.00000000 0.00000000 0.00000000 0.00000000 0.00000000 0.00000000 0.00000000 0.00000000 0.00000000 0.00000000 0.00000000 0.00000000 0.00000000 0.00000000 0.00000000 0.00000000
0.00000000 0.00000000 0.00000000 0.00000000 0.00000000 0.00000000 0.00000000 0.00000000 0.00000000 0.00000000 0.00000000 0.00000000 0.00000000 0.00000000 0.00000000 0.00000000 0.00000000 0.00000000 0.00000000 0.00000000 0.00000000 0.00000000 0.00000000 0.00000000 0.00000000 0.00000000 0.00000000 0.00000000 0.00000000 0.00000000 0.00000000 0.00000000 0.00000000 0.00000000 0.00000000 0.36252451 1.69350100 2.75889897 2.94969368 2.98816156 3.02562165 3.03570962 3.04642773 3.05644298 3.03770876 3.04040194 3.03633571 3.05431771 3.06904244 3.08095455 3.09922004 3.10110307 3.10955358 3.11910248 3.13994622 3.14855886 3.15573049 3.17313457 3.17201829 3.17011547 3.17606878 3.16826987 3.15813875 3.14220381 3.12274671 3.09571767 3.06553340 3.04635954 3.05513287 3.04848671 3.07904696 3.11613393 3.13557506 3.15488505 3.16416216 3.16260004 3.15435600 3.14879298 3.17121744 3.18122649 3.17341709 3.18383145 3.19251871 3.21000290 3.21812630 3.23962593 3.23888874 3.23933244 3.21903181 3.19774151 3.15729332 3.11218762 3.08216476 3.04564309 3.01028824 3.01285696 2.98643303 2.96687436 2.96262050 2.90717769 2.47077107 1.61308384 0.74642342 0.00000000 0.00000000 0.00000000 0.00000000 0.00000000 0.00000000 0.00000000 0.00000000 0.00000000 0.00000000 0.00000000 0.00000000 0.00000000 0.00000000 0.00000000 0.00000000 0.00000000 0.00000000 0.00000000 0.00000000 0.00000000
0.00000000 0.00000000 0.00000000 0.00000000 0.00000000 0.00000000 0.00000000 0.00000000 0.00000000 0.00000000 0.00000000 0.00000000 0.00000000 0.00000000 0.00000000 0.00000000 0.00000000 0.00000000 0.00000000 0.00000000 0.00000000 0.00000000 0.00000000 0.00000000 0.00000000 0.00000000 0.00000000 0.00000000 0.00000000 0.00000000 0.00000000 0.00000000 0.00000000 0.00000000 0.00000000 0.27914008 1.52214503 2.72575974 2.97961855 3.01430464 3.04267621 3.05782628 3.08277512 3.07192087 3.05823207 3.05689883 3.06246591 3.06772304 3.08517385 3.09776568 3.10299349 3.10899448 3.12114000 3.12234187 3.12964058 3.14607501 3.15950274 3.15982723 3.16005206 3.16182041 3.16289330 3.16279268 3.16426849 3.14929056 3.12421942 3.11151004 3.07681918 3.05234480 3.05196524 3.06502223 3.08279109 3.13264322 3.15627217 3.16858697 3.17685056 3.18397355 3.16814876 3.16550827 3.18393779 3.17906475 3.18279195 3.19357777 3.20037460 3.21341991 3.23222971 3.24335933 3.25243592 3.22699738 3.21428585 3.18169928 3.15550709 3.12562656 3.07552910 3.03616619 3.03878665 3.04520702 3.00569415 2.99606895 2.98680067 2.92297769 2.53404474 1.68714190 0.74196780 0.00000000 0.00000000 0.00000000 0.00000000 0.00000000 0.00000000 0.00000000 0.00000000 0.00000000 0.00000000 0.00000000 0.00000000 0.00000000 0.00000000 0.00000000 0.00000000 0.00000000 0.00000000 0.00000000 0.00000000 0.00000000
0.00000000 0.00000000 0.00000000 0.00000000 0.00000000 0.00000000 0.00000000 0.00000000 0.00000000 0.00000000 0.00000000 0.00000000 0.00000000 0.00000000 0.00000000 0.00000000 0.00000000 0.00000000 0.00000000 0.00000000 0.00000000 0.00000000 0.00000000 0.00000000 0.00000000 0.00000000 0.00000000 0.00000000 0.00000000 0.00000000 0.00000000 0.00000000 0.00000000 0.00000000 0.00000000 0.12343355 1.29450333 2.57006407 2.98007107 3.00957251 3.03339481 3.06286168 3.06790066 3.06854749 3.06871390 3.05751085 3.04943609 3.05103326 3.07709432 3.07606792 3.08227563 3.09577823 3.09859538 3.11785245 3.11269236 3.12497473 3.12686801 3.13165021 3.13629103 3.13495874 3.13478041 3.12614942 3.12772965 3.12433481 3.09749770 3.07422900 3.07242155 3.02634692 3.02132344 3.05527687 3.07618499 3.09951830 3.14302731 3.13870096 3.15591049 3.16958594 3.15752912 3.16632295 3.16895700 3.16363239 3.16393089 3.17395282 3.18437648 3.21182275 3.22710061 3.22702050 3.22972894 3.23161340 3.21557426 3.17252517 3.12312555 3.10560179 3.06642079 3.02512527 3.03274536 3.04082942 3.00674748 2.99131608 2.96490526 2.90281725 2.47779727 1.68684912 0.75588840 0.00000000 0.00000000 0.00000000 0.00000000 0.00000000 0.00000000 0.00000000 0.00000000 0.00000000 0.00000000 0.00000000 0.00000000 0.00000000 0.00000000 0.00000000 0.00000000 0.00000000 0.00000000 0.00000000 0.00000000 0.00000000
0.00000000 0.00000000 0.00000000 0.00000000 0.00000000 0.00000000 0.00000000 0.00000000 0.00000000 0.00000000 0.00000000 0.00000000 0.00000000 0.00000000 0.00000000 0.00000000 0.00000000 0.00000000 0.00000000 0.00000000 0.00000000 0.00000000 0.00000000 0.00000000 0.00000000 0.00000000 0.00000000 0.00000000 0.00000000 0.00000000 0.00000000 0.00000000 0.00000000 0.00000000 0.00000000 0.01248197 0.95508921 2.32939577 2.94767928 2.98216367 3.02000523 3.03740692 3.04553676 3.04920793 3.04955363 3.04195476 3.03416681 3.03842354 3.03496695 3.04370880 3.06488156 3.07539940 3.07127333 3.07763028 3.09788465 3.08885288 3.09238863 3.09963703 3.08766627 3.08759522 3.08715677 3.08663011 3.07244444 3.08101630 3.06509972 3.03095675 3.02104235 3.00065064 2.97851586 3.01442361 3.05522346 3.06782699 3.10181880 3.11025524 3.11047912 3.12614298 3.12558174 3.11762190 3.14534044 3.14320660 3.13118386 3.14112973 3.15374088 3.17242074 3.19768453 3.19911075 3.20589161 3.19107294 3.17335987 3.13415384 3.08445001 3.06413007 3.02403355 2.99119258 3.00716281 2.99949455 2.96622634 2.93583322 2.92584348 2.82228398 2.43893194 1.58593857 0.62800622 0.00000000 0.00000000 0.00000000 0.00000000 0.00000000 0.00000000 0.00000000 0.00000000 0.00000000 0.00000000 0.00000000 0.00000000 0.00000000 0.00000000 0.00000000 0.00000000 0.00000000 0.00000000 0.00000000 0.00000000 0.00000000
0.00000000 0.00000000 0.00000000 0.00000000 0.00000000 0.00000000 0.00000000 0.00000000 0.00000000 0.00000000 0.00000000 0.00000000 0.00000000 0.00000000 0.00000000 0.00000000 0.00000000 0.00000000 0.00000000 0.00000000 0.00000000 0.00000000 0.00000000 0.00000000 0.00000000 0.00000000 0.00000000 0.00000000 0.00000000 0.00000000 0.00000000 0.00000000 0.00000000 0.00000000 0.00000000 0.00000000 0.65511525 1.99103367 2.89437032 2.97737026 2.99618483 3.02185345 3.04299521 3.03230667 3.04230142 3.03684592 3.03077865 3.04017830 3.03181458 3.04282904 3.05241847 3.07133055 3.07717013 3.08756185 3.09770346 3.08961892 3.08937311 3.09070492 3.09151983 3.08261108 3.08269310 3.07650876 3.06308317 3.06397700 3.03368068 2.99711561 2.99249959 2.98627877 2.97136211 2.98946762 3.02287626 3.05918622 3.08383012 3.08840322 3.09007835 3.11508632 3.11257625 3.11147094 3.13313198 3.12407136 3.12408710 3.13931084 3.12816978 3.13806581 3.17511439 3.19020271 3.18361855 3.18123198 3.15564156 3.11150217 3.07515931 3.05165839 3.01599145 2.97885299 2.99463940 2.98368096 2.94609523 2.91549587 2.89304018 2.76358008 2.28100371 1.46616554 0.43082643 0.00000000 0.00000000 0.00000000 0.00000000 0.00000000 0.00000000 0.00000000 0.00000000 0.00000000 0.00000000 0.00000000 0.00000000 0.00000000 0.00000000 0.00000000 0.00000000 0.00000000 0.00000000 0.00000000 0.00000000 0.00000000
0.00000000 0.00000000 0.00000000 0.00000000 0.00000000 0.00000000 0.00000000 0.00000000 0.00000000 0.00000000 0.00000000 0.00000000 0.00000000 0.00000000 0.00000000 0.00000000 0.00000000 0.00000000 0.00000000 0.00000000 0.00000000 0.00000000 0.00000000 0.00000000 0.00000000 0.00000000 0.00000000 0.00000000 0.00000000 0.00000000 0.00000000 0.00000000 0.00000000 0.00000000 0.00000000 0.00000000 0.38670409 1.52819443 2.70157099 2.95783114 2.96530676 3.00211310 3.00491643 3.01783705 3.02579689 3.02635550 3.01891971 3.03524613 3.05324030 3.02816439 3.05847454 3.07746863 3.07490063 3.07417059 3.08820462 3.09464025 3.08489132 3.08887148 3.08646441 3.07667899 3.07544041 3.07206845 3.05308223 3.03451872 3.01712680 2.98064256 2.97816157 2.95603609 2.95240808 2.97560883 2.99538302 3.02217937 3.04930878 3.06970549 3.07050800 3.07903743 3.09198785 3.08464193 3.09797430 3.10552359 3.10429716 3.10554099 3.10694528 3.11668110 3.14785743 3.15864515 3.16230798 3.14581585 3.13304090 3.09741497 3.08061051 3.04559112 3.01073241 2.98180079 2.98214030 2.96641684 2.91804171 2.88651109 2.84613681 2.66632867 2.12782335 1.20288026 0.22585124 0.00000000 0.00000000 0.00000000 0.00000000 0.00000000 0.00000000 0.00000000 0.00000000 0.00000000 0.00000000 0.00000000 0.00000000 0.00000000 0.00000000 0.00000000 0.00000000 0.00000000 0.00000000 0.00000000 0.00000000 0.00000000
0.00000000 0.00000000 0.00000000 0.00000000 0.00000000 0.00000000 0.00000000 0.00000000 0.00000000 0.00000000 0.00000000 0.00000000 0.00000000 0.00000000 0.00000000 0.00000000 0.00000000 0.00000000 0.00000000 0.00000000 0.00000000 0.00000000 0.00000000 0.00000000 0.00000000 0.00000000 0.00000000 0.00000000 0.00000000 0.00000000 0.00000000 0.00000000 0.00000000 0.00000000 0.00000000 0.00000000 0.14020927 1.08996713 2.34857392 2.91819620 2.95694494 2.98043370 2.99707270 2.99552321 3.02099800 3.01758313 3.01597047 3.03672481 3.04638028 3.03647399 3.04945517 3.06917119 3.05595183 3.04809666 3.07855368 3.07238150 3.06986547 3.07248354 3.06897736 3.07180047 3.06560302 3.05089426 3.03698277 3.02826118 3.00826287 2.98636961 2.96636057 2.96679401 2.96451616 2.96743822 2.99477959 3.01277161 3.04207110 3.04905176 3.03924298 3.04955935 3.06812620 3.06653142 3.06395316 3.08033085 3.07116365 3.09726691 3.09423900 3.10507989 3.11565185 3.13873529 3.14171863 3.13588452 3.08589911 3.08754158 3.06142092 3.03486967 3.00785398 2.99113894 2.95854974 2.92718506 2.88634753 2.84990644 2.77831745 2.48707151 1.92310846 0.98128355 0.00000000 0.00000000 0.00000000 0.00000000 0.00000000 0.00000000 0.00000000 0.00000000 0.00000000 0.00000000 0.00000000 0.00000000 0.00000000 0.00000000 0.00000000 0.00000000 0.00000000 0.00000000 0.00000000 0.00000000 0.00000000 0.00000000
0.00000000 0.00000000 0.00000000 0.00000000 0.00000000 0.00000000 0.00000000 0.00000000 0.00000000 0.00000000 0.00000000 0.00000000 0.00000000 0.00000000 0.00000000 0.00000000 0.00000000 0.00000000 0.00000000 0.00000000 0.00000000 0.00000000 0.00000000 0.00000000 0.00000000 0.00000000 0.00000000 0.00000000 0.00000000 0.00000000 0.00000000 0.00000000 0.00000000 0.00000000 0.00000000 0.00000000 0.00000000 0.73285556 1.92188489 2.84069777 2.98964047 3.00811839 3.02111197 3.01863623 3.03991365 3.05240083 3.06096339 3.06914282 3.07909298 3.08356214 3.08246493 3.09645724 3.09280157 3.08281875 3.09112120 3.10397434 3.09230995 3.10220098 3.10312104 3.09945750 3.09500623 3.08116007 3.07352376 3.06023836 3.04788256 3.02949071 3.01331687 3.01946330 3.01013446 3.00472021 3.01351070 3.03348732 3.06459069 3.07441449 3.07397795 3.07643270 3.07629633 3.07261157 3.08472896 3.08585119 3.09877753 3.11971045 3.12234449 3.11355901 3.14445901 3.16172624 3.16130781 3.13710642 3.11752295 3.10689187 3.10042667 3.06907582 3.04786444 3.02310681 2.98741746 2.93916678 2.90810919 2.85818529 2.74880290 2.39191294 1.64879763 0.69858819 0.00000000 0.00000000 0.00000000 0.00000000 0.00000000 0.00000000 0.00000000 0.00000000 0.00000000 0.00000000 0.00000000 0.00000000 0.00000000 0.00000000 0.00000000 0.00000000 0.00000000 0.00000000 0.00000000 0.00000000 0.00000000 0.00000000
0.00000000 0.00000000 0.00000000 0.00000000 0.00000000 0.00000000 0.00000000 0.00000000 0.00000000 0.00000000 0.00000000 0.00000000 0.00000000 0.00000000 0.00000000 0.00000000 0.00000000 0.00000000 0.00000000 0.00000000 0.00000000 0.00000000 0.00000000 0.00000000 0.00000000 0.00000000 0.00000000 0.00000000 0.00000000 0.00000000 0.00000000 0.00000000 0.00000000 0.00000000 0.00000000 0.00000000 0.00000000 0.42909527 1.40203428 2.57193613 3.02797985 3.03992629 3.05988359 3.06227374 3.07295632 3.09986639 3.09390926 3.12223768 3.14263701 3.13430738 3.12833881 3.13791013 3.13615847 3.12557721 3.13702297 3.13798666 3.13593674 3.12054324 3.13677692 3.12878203 3.13929367 3.12588859 3.11139607 3.09738088 3.07865191 3.06893301 3.06593323 3.05203152 3.04995966 3.05520153 3.03389502 3.04834652 3.08256578 3.10797668 3.10582829 3.10687256 3.11833525 3.11040282 3.11443162 3.12785554 3.12624240 3.14005756 3.14948344 3.16184378 3.16307092 3.17591000 3.17993927 3.17278910 3.13408303 3.11693168 3.12490654 3.11037374 3.07674623 3.06452966 3.03973627 2.96954584 2.92834067 2.87200832 2.68429136 2.22548151 1.36251664 0.33008924 0.00000000 0.00000000 0.00000000 0.00000000 0.00000000 0.00000000 0.00000000 0.00000000 0.00000000 0.00000000 0.00000000 0.00000000 0.00000000 0.00000000 0.00000000 0.00000000 0.00000000 0.00000000 0.00000000 0.00000000 0.00000000 0.00000000
0.00000000 0.00000000 0.00000000 0.00000000 0.00000000 0.00000000 0.00000000 0.00000000 0.00000000 0.00000000 0.00000000 0.00000000 0.00000000 0.00000000 0.00000000 0.00000000 0.00000000 0.00000000 0.00000000 0.00000000 0.00000000 0.00000000 0.00000000 0.00000000 0.00000000 0.00000000 0.00000000 0.00000000 0.00000000 0.00000000 0.00000000 0.00000000 0.00000000 0.00000000 0.00000000 0.00000000 0.00000000 0.08231128 0.94458812 2.11204934 2.89844608 3.07371211 3.07686520 3.07539392 3.09014368 3.11183882 3.12336898 3.13420868 3.14608026 3.14052629 3.14343500 3.14109588 3.13905358 3.13360286 3.13191128 3.13178086 3.13415408 3.13469839 3.13275743 3.12935519 3.13064313 3.12956667 3.12054706 3.11771417 3.09094143 3.08099890 3.07421446 3.06277514 3.06055665 3.05566478 3.03862762 3.04292488 3.07821870 3.09729624 3.11094952 3.11330175 3.12926865 3.12913847 3.11385322 3.12422276 3.14342117 3.16049981 3.15792036 3.16666293 3.17434335 3.18534923 3.18879676 3.17312455 3.13073540 3.11980009 3.11946440 3.10913658 3.08459711 3.06760859 3.05063486 2.97983336 2.91594958 2.85811019 2.56963801 1.98393238 1.08208728 0.02078006 0.00000000 0.00000000 0.00000000 0.00000000 0.00000000 0.00000000 0.00000000 0.00000000 0.00000000 0.00000000 0.00000000 0.00000000 0.00000000 0.00000000 0.00000000 0.00000000 0.00000000 0.00000000 0.00000000 0.00000000 0.00000000 0.00000000
0.00000000 0.00000000 0.00000000 0.00000000 0.00000000 0.00000000 0.00000000 0.00000000 0.00000000 0.00000000 0.00000000 0.00000000 0.00000000 0.00000000 0.00000000 0.00000000 0.00000000 0.00000000 0.00000000 0.00000000 0.00000000 0.00000000 0.00000000 0.00000000 0.00000000 0.00000000 0.00000000 0.00000000 0.00000000 0.00000000 0.00000000 0.00000000 0.00000000 0.00000000 0.00000000 0.00000000 0.00000000 0.00000000 0.57568741 1.51388359 2.56410599 3.03463006 3.08512521 3.08274555 3.08331990 3.11960125 3.12290406 3.12738466 3.13950300 3.15146494 3.14304614 3.14403248 3.13566303 3.14038730 3.13347125 3.13812757 3.13320422 3.13252831 3.12891340 3.13690448 3.13745236 3.13766956 3.11197877 3.11455083 3.10567927 3.08653665 3.08030200 3.05609965 3.05308175 3.04197931 3.02398705 3.03200459 3.06440806 3.09430337 3.10197926 3.12203026 3.11738086 3.12457037 3.12492704 3.12335753 3.13970995 3.14566374 3.15688777 3.17236900 3.18853450 3.18597364 3.17564726 3.16809464 3.13466048 3.10070944 3.10996866 3.10763574 3.09901524 3.09194040 3.03096700 2.99201179 2.91682196 2.79218125 2.43925977 1.73495340 0.77179432 0.00000000 0.00000000 0.00000000 0.00000000 0.00000000 0.00000000 0.00000000 0.00000000 0.00000000 0.00000000 0.00000000 0.00000000 0.00000000 0.00000000 0.00000000 0.00000000 0.00000000 0.00000000 0.00000000 0.00000000 0.00000000 0.00000000 0.00000000
0.00000000 0.00000000 0.00000000 0.00000000 0.00000000 0.00000000 0.00000000 0.00000000 0.00000000 0.00000000 0.00000000 0.00000000 0.00000000 0.00000000 0.00000000 0.00000000 0.00000000 0.00000000 0.00000000 0.00000000 0.00000000 0.00000000 0.00000000 0.00000000 0.00000000 0.00000000 0.00000000 0.00000000 0.00000000 0.00000000 0.00000000 0.00000000 0.00000000 0.00000000 0.00000000 0.00000000 0.00000000 0.00000000 0.22604407 0.90916610 2.00819588 2.85600495 3.08869720 3.05769753 3.07016683 3.09204721 3.11467528 3.12922955 3.14023590 3.14170456 3.14308643 3.14486551 3.14025712 3.13495183 3.14524698 3.14017487 3.13107753 3.13453245 3.13445544 3.13453674 3.14218116 3.12789130 3.13376021 3.11792302 3.11282587 3.09985781 3.09352231 3.05304027 3.03430748 3.01853061 2.98312020 3.00345707 3.04747295 3.07159090 3.08914971 3.10273218 3.11382174 3.11224842 3.12175608 3.11555314 3.13462114 3.14533567 3.14675951 3.15522766 3.18132329 3.18689609 3.15839386 3.13616228 3.11097789 3.08071494 3.08961630 3.09791017 3.09383273 3.08809733 3.04112220 2.98748446 2.92777991 2.74916124 2.23869252 1.47303331 0.47187662 0.00000000 0.00000000 0.00000000 0.00000000 0.00000000 0.00000000 0.00000000 0.00000000 0.00000000 0.00000000 0.00000000 0.00000000 0.00000000 0.00000000 0.00000000 0.00000000 0.00000000 0.00000000 0.00000000 0.00000000 0.00000000 0.00000000 0.00000000
0.00000000 0.00000000 0.00000000 0.00000000 0.00000000 0.00000000 0.04477224 0.23832670 0.00000000 0.00000000 0.00000000 0.00000000 0.00000000 0.00000000 0.00000000 0.00000000 0.00000000 0.00000000 0.00000000 0.00000000 0.00000000 0.00000000 0.00000000 0.00654392 0.27670109 0.49108863 0.64146894 0.73847294 0.73676217 0.67465717 0.66197503 0.60855955 0.53982735 0.43825358 0.36676037 0.10510283 0.00000000 0.06891577 0.52602720 0.88472235 1.37039983 2.46545672 2.99777889 3.04855180 3.05523896 3.05989838 3.08510113 3.10900545 3.11158514 3.11495018 3.11857843 3.12552166 3.11894464 3.11976814 3.11397123 3.11382818 3.11883497 3.12057805 3.11684036 3.12637782 3.12246180 3.11997890 3.11219263 3.12307310 3.10078645 3.09560943 3.07543135 3.04141188 3.01351881 2.98626161 2.96988058 2.97226477 3.00886273 3.04011750 3.05961514 3.08055806 3.08455610 3.09043908 3.10411835 3.10414791 3.12137580 3.12546968 3.12296438 3.14077973 3.16008472 3.15529871 3.13378119 3.10986257 3.08198309 3.05285215 3.05565166 3.07445669 3.08695912 3.08192897 3.03483391 2.97580600 2.90319109 2.68682790 2.09191442 1.18253887 0.22694553 0.00000000 0.00000000 0.00000000 0.00000000 0.00000000 0.00000000 0.00000000 0.00000000 0.00000000 0.00000000 0.00000000 0.00000000 0.00000000 0.00000000 0.00000000 0.00000000 0.00000000 0.00000000 0.00000000 0.00000000 0.00000000 0.00000000 0.00000000
0.00000000 0.00000000 0.00000000 0.00000000 0.02460264 0.82967776 1.20620704 1.27778971 1.21793044 0.82134628 0.28216097 0.00000000 0.00000000 0.00000000 0.00000000 0.00000000 0.00000000 0.00000000 0.00000000 0.00000000 0.27811930 0.64436752 0.91930562 1.24138510 1.47410858 1.73958647 1.88931119 2.01294398 2.05256677 2.06883001 2.04163194 1.95076668 1.80227053 1.69082808 1.50589097 1.17594123 0.71809942 0.48504388 0.69870156 1.11717105 1.51992846 2.09706354 2.80241942 3.01961899 3.03271770 3.05099535 3.07046270 3.08031607 3.09759688 3.09479737 3.10593581 3.09914351 3.09692550 3.09904218 3.10028648 3.10333753 3.11538672 3.09386492 3.10993791 3.11120868 3.10250378 3.11182404 3.10516691 3.09238338 3.10187173 3.08764625 3.06110191 3.02246428 2.98653245 2.96549845 2.93969584 2.95787525 2.99533749 3.01685810 3.03634810 3.06443977 3.07009149 3.06564593 3.08281803 3.09462452 3.09813476 3.11815667 3.10394454 3.12811136 3.14036036 3.13631558 3.10266948 3.08122468 3.06161070 3.02847791 3.02940083 3.05986595 3.08985543 3.07278633 3.03436732 2.97167158 2.87150669 2.57460904 1.91498375 0.97329408 0.00000000 0.00000000 0.00000000 0.00000000 0.00000000 0.00000000 0.00000000 0.00000000 0.00000000 0.00000000 0.00000000 0.00000000 0.00000000 0.00000000 0.00000000 0.00000000 0.00000000 0.00000000 0.00000000 0.00000000 0.00000000 0.00000000 0.00000000 0.00000000
0.00000000 0.00000000 0.00000000 0.19895613 1.13968444 1.70806980 2.21313310 2.41302586 2.20190692 1.88101482 1.37153327 0.71835220 0.10763652 0.00000000 0.00000000 0.00000000 0.00000000 0.38349932 0.77644938 1.12194443 1.42538464 1.75485384 2.05357671 2.22868681 2.45420933 2.62174320 2.67631245 2.70716977 2.72964311 2.73051381 2.74565530 2.73832655 2.72657752 2.67821860 2.52941990 2.24814963 1.90121615 1.44253826 1.16009378 1.37655318 1.63210499 2.11367702 2.75138378 3.00196862 3.00164628 3.02785325 3.04472494 3.07504153 3.07914519 3.07494283 3.07571530 3.08619308 3.07529736 3.08089232 3.09057093 3.09014297 3.09485817 3.09071112 3.08340859 3.10786867 3.09352756 3.08317447 3.09570670 3.09935308 3.07628417 3.07800603 3.05561209 2.99008846 2.96888185 2.96096015 2.92823219 2.94214296 2.99095154 3.01851487 3.01161218 3.04653907 3.05678415 3.06068492 3.06591249 3.07215738 3.08153820 3.10251784 3.09376931 3.09160376 3.13685918 3.13079715 3.08466816 3.04332137 3.03375268 3.00998116 2.99769878 3.05019212 3.07133341 3.06823349 3.02096677 2.96049833 2.85001469 2.46900678 1.68764043 0.78652346 0.00000000 0.00000000 0.00000000 0.00000000 0.00000000 0.00000000 0.00000000 0.00000000 0.00000000 0.00000000 0.00000000 0.00000000 0.00000000 0.00000000 0.00000000 0.00000000 0.00000000 0.00000000 0.00000000 0.00000000 0.00000000 0.00000000 0.00000000 0.00000000
0.00000000 0.00000000 0.00000000 0.93852890 1.67614460 2.40090561 2.67013788 2.69587183 2.61473846 2.38611221 2.14957094 1.67867625 1.14770782 0.82118064 0.73949176 0.85477644 1.15254009 1.49804926 1.84362876 2.12798762 2.40673161 2.57176065 2.66039753 2.71920896 2.71740675 2.73303866 2.74662352 2.75307012 2.75050259 2.75304079 2.76371622 2.77453256 2.77305937 2.79233885 2.81074429 2.73918676 2.53468347 2.26732516 2.04869533 1.86208487 1.93403339 2.20177388 2.66355801 2.98564792 3.00157905 3.01356816 3.02262449 3.04411697 3.05661821 3.05251431 3.06057692 3.06263328 3.06025648 3.06047416 3.06573057 3.07034183 3.09069920 3.08304906 3.06758285 3.08337688 3.08666897 3.06749249 3.07714558 3.07770777 3.07981038 3.05978751 3.04186940 2.99312496 2.94174480 2.94885588 2.92259669 2.93858123 3.00776100 3.01326823 3.01617050 3.04148746 3.05236411 3.04498172 3.05590868 3.07167554 3.08078456 3.08464575 3.07979774 3.08966684 3.11176419 3.10668349 3.06407905 3.03440905 3.02964711 3.00330734 2.97413325 3.02178574 3.05117416 3.04688334 3.00364566 2.89051747 2.74565506 2.32814765 1.45678926 0.50021243 0.00000000 0.00000000 0.00000000 0.00000000 0.00000000 0.00000000 0.00000000 0.00000000 0.00000000 0.00000000 0.00000000 0.00000000 0.00000000 0.00000000 0.00000000 0.00000000 0.00000000 0.00000000 0.00000000 0.00000000 0.00000000 0.00000000 0.00000000 0.00000000
0.00000000 0.00000000 0.38216057 1.29984200 2.21821547 2.67102122 2.70998549 2.71759224 2.73127747 2.68623042 2.57202578 2.42218447 2.23053741 2.06848454 1.97662306 1.98157918 2.13638330 2.40250039 2.59840989 2.69376588 2.71683836 2.73216724 2.73333097 2.74921846 2.76048946 2.76493597 2.77936816 2.77997589 2.78614402 2.79047394 2.78374195 2.80205035 2.80804586 2.81807303 2.82087970 2.83696675 2.82519174 2.68593764 2.58451200 2.64202285 2.52184105 2.45211339 2.71787667 2.99119401 3.00102186 3.02428079 3.03248382 3.02743983 3.05654907 3.04599833 3.04781580 3.06955004 3.05270720 3.06960511 3.07345724 3.07453370 3.08375001 3.07892013 3.07419586 3.07083750 3.07393050 3.07774377 3.06464529 3.07606149 3.07448196 3.05591846 3.04025435 2.98943305 2.94518805 2.95622301 2.95425367 2.96811056 3.02980590 3.02855730 3.03122950 3.04899788 3.06087160 3.05109811 3.07102942 3.08601880 3.08677888 3.09230852 3.08289766 3.08337259 3.10487962 3.11157870 3.08712316 3.04181194 3.01154923 3.00285649 2.98039508 2.99763274 3.02629709 3.01981878 2.96578455 2.80253124 2.50644231 2.06880283 1.20003080 0.16933621 0.00000000 0.00000000 0.00000000 0.00000000 0.00000000 0.00000000 0.00000000 0.00000000 0.00000000 0.00000000 0.00000000 0.00000000 0.00000000 0.00000000 0.00000000 0.00000000 0.00000000 0.00000000 0.00000000 0.00000000 0.00000000 0.00000000 0.00000000 0.00000000
0.00000000 0.00000000 0.59764230 1.70846522 2.53611803 2.71680427 2.72667575 2.73836780 2.75213575 2.75461364 2.71992040 2.69962788 2.68971324 2.67684126 2.66338158 2.65935206 2.70191693 2.73561358 2.75424147 2.75114822 2.74791169 2.74750876 2.76392078 2.76837277 2.77616763 2.78587437 2.80475807 2.79896951 2.81395364 2.81465197 2.81046438 2.82277274 2.83900571 2.83405375 2.83740115 2.84207201 2.86599278 2.86548185 2.85188341 2.88832688 2.93822122 2.87154102 2.92580414 2.98286176 2.98955441 3.00590563 3.03147483 3.03746796 3.03214192 3.03800821 3.03466225 3.04918861 3.04547954 3.04431510 3.06799865 3.06935835 3.07523298 3.07778025 3.06595850 3.05966496 3.05669427 3.05377293 3.05499864 3.06433582 3.05926466 3.04613209 3.02019000 2.98594546 2.96596336 2.97363853 2.95651436 2.99822426 3.04326868 3.04587245 3.03412557 3.06030869 3.07025838 3.06145525 3.05697083 3.07786775 3.07510018 3.09707093 3.08383536 3.08214450 3.10328197 3.10681033 3.07544756 3.03021336 3.00445104 3.01362324 2.97658849 2.95580792 2.96514630 2.92134905 2.79306817 2.57423782 2.19228768 1.63315022 0.83837193 0.00000000 0.00000000 0.00000000 0.00000000 0.00000000 0.00000000 0.00000000 0.00000000 0.00000000 0.00000000 0.00000000 0.00000000 0.00000000 0.00000000 0.00000000 0.00000000 0.00000000 0.00000000 0.00000000 0.00000000 0.00000000 0.00000000 0.00000000 0.00000000 0.00000000
0.00000000 0.00000000 0.70239407 1.90939665 2.64446020 2.73085785 2.74963927 2.74849200 2.76828337 2.75865817 2.73995733 2.74201465 2.74437404 2.73406458 2.72779822 2.73922157 2.75834227 2.75583506 2.75896668 2.76863480 2.77052021 2.77437449 2.77407050 2.78501773 2.79815030 2.80929899 2.81359529 2.82266903 2.82022333 2.83282018 2.83292651 2.84218216 2.84209943 2.85041738 2.85969591 2.84856534 2.85612011 2.88567924 2.89471674 2.92216420 2.93659234 2.96349096 2.98068237 2.98450565 2.98100924 2.99151564 3.00458193 3.01421618 3.01268172 3.01577806 3.01342225 3.02140880 3.03382540 3.02546883 3.04099369 3.04339361 3.04997897 3.06760073 3.04897642 3.03226447 3.02269173 3.00568056 3.02061868 3.03652143 3.05004144 3.02693486 3.00758791 2.99119663 2.97139192 2.95723486 2.97187233 3.00904107 3.04014826 3.04113650 3.03500772 3.05001807 3.05600142 3.04699397 3.05595732 3.06657887 3.07709527 3.07161903 3.07549787 3.07494140 3.08921123 3.07952332 3.07448578 3.04198694 3.00862503 2.99117398 2.96948481 2.91415405 2.86225462 2.74230933 2.48586440 2.09208632 1.62550521 1.02495646 0.26902112 0.00000000 0.00000000 0.00000000 0.00000000 0.00000000 0.00000000 0.00000000 0.00000000 0.00000000 0.00000000 0.00000000 0.00000000 0.00000000 0.00000000 0.00000000 0.00000000 0.00000000 0.00000000 0.00000000 0.00000000 0.00000000 0.00000000 0.00000000 0.00000000 0.00000000
0.00000000 0.00000000 0.65816134 2.01376414 2.71391582 2.73682213 2.74854136 2.75251174 2.75664830 2.76494598 2.74666905 2.74689913 2.75288200 2.73605967 2.74694729 2.75782275 2.75466609 2.76893663 2.77754760 2.77657127 2.77970481 2.79010010 2.79933381 2.80228472 2.81341481 2.81956291 2.82818532 2.83365297 2.83332276 2.83798170 2.84231210 2.84997892 2.86203742 2.86347127 2.86731768 2.86355519 2.86737037 2.88961649 2.90493488 2.92748833 2.94368744 2.94726467 2.96108413 2.97868037 2.96810365 2.98176122 2.99576640 2.98845482 2.99580789 2.99344277 3.00177741 3.00667334 3.01397943 3.01807857 3.01950288 3.02685404 3.03810167 3.03462338 3.01428127 2.99958420 2.98263335 2.93917203 2.93774247 2.98959827 3.01851416 3.01434731 2.99271274 2.98097420 2.96547580 2.95617056 2.97573423 3.00804019 3.03632665 3.02867675 3.02799749 3.04268980 3.04347420 3.04609966 3.05087519 3.05619669 3.06666422 3.07733655 3.05337191 3.05865192 3.07402682 3.08693314 3.06637573 3.03204417 3.01134777 2.99457145 2.98048711 2.90127182 2.72196245 2.53609252 2.20309615 1.59702682 0.87197852 0.22149895 0.00000000 0.00000000 0.00000000 0.00000000 0.00000000 0.00000000 0.00000000 0.00000000 0.00000000 0.00000000 0.00000000 0.00000000 0.00000000 0.00000000 0.00000000 0.00000000 0.00000000 0.00000000 0.00000000 0.00000000 0.00000000 0.00000000 0.00000000 0.00000000 0.00000000 0.00000000
0.00000000 0.00334701 0.66567624 1.88212192 2.66416979 2.72402453 2.72739005 2.74348426 2.74476695 2.74620891 2.73134017 2.72951794 2.73842549 2.72899556 2.73345041 2.74633741 2.75026774 2.75321555 2.77205706 2.77123356 2.77282310 2.77763820 2.77826023 2.79156971 2.80459738 2.81250834 2.81323910 2.81759262 2.82099700 2.82213545 2.82972836 2.83308363 2.85191083 2.84530163 2.85522723 2.86083770 2.86224794 2.87925076 2.89450383 2.91067266 2.92593098 2.93020439 2.92737246 2.94183278 2.94751978 2.95605659 2.96142578 2.95731759 2.96849632 2.96383905 2.96169901 2.97754359 2.98066068 2.98654366 2.99774742 3.00026917 2.99789119 3.00671768 2.98515296 2.94249940 2.94532323 2.91178656 2.85554242 2.89796019 2.95895648 2.97515941 2.96380568 2.96671653 2.97174716 2.95716715 2.95945406 2.98841524 3.00345850 3.00587797 3.00474262 3.02386642 3.01314759 3.01392245 3.03090620 3.03111649 3.03255367 3.03137589 3.03448772 3.03366685 3.03957486 3.02825499 3.01179767 2.99281883 2.98034620 2.95783973 2.92019439 2.88762665 2.63786602 2.30361080 1.90393651 1.21789706 0.20451899 0.00000000 0.00000000 0.00000000 0.00000000 0.00000000 0.00000000 0.00000000 0.00000000 0.00000000 0.00000000 0.00000000 0.00000000 0.00000000 0.00000000 0.00000000 0.00000000 0.00000000 0.00000000 0.00000000 0.00000000 0.00000000 0.00000000 0.00000000 0.00000000 0.00000000 0.00000000 0.00000000
0.00000000 0.10800019 0.69552541 1.57972038 2.51991367 2.72297406 2.71759892 2.72273016 2.73301888 2.73146200 2.73442698 2.72119474 2.72592926 2.72710562 2.72005224 2.71793818 2.73917460 2.75351405 2.75116587 2.76363158 2.75186634 2.76562476 2.77408099 2.77760863 2.80251694 2.80984044 2.80353236 2.81341124 2.80694914 2.81516194 2.81519866 2.81453371 2.82678890 2.83918643 2.83049393 2.85017037 2.86022019 2.87144160 2.88012218 2.88227510 2.89585328 2.90247941 2.90296793 2.91067529 2.91274095 2.90824771 2.92494392 2.92192101 2.93332982 2.93463969 2.92699981 2.93159175 2.94135284 2.95439148 2.95649099 2.95248342 2.97723842 2.98622513 2.96474671 2.92248440 2.89000106 2.88673329 2.84416842 2.84645820 2.89893055 2.93268681 2.95343065 2.96184230 2.95049381 2.94814801 2.95328569 2.96132565 2.98596406 2.97852182 2.98055172 2.99106574 2.99313974 2.99486876 2.99775434 3.00219226 3.00459051 3.00660348 3.00220966 3.00532913 3.00303173 2.98266721 2.96729898 2.93980193 2.91815019 2.94203949 2.85748458 2.78002691 2.63743114 2.09991574 1.50232911 0.82814014 0.00000000 0.00000000 0.00000000 0.00000000 0.00000000 0.00000000 0.00000000 0.00000000 0.00000000 0.00000000 0.00000000 0.00000000 0.00000000 0.00000000 0.00000000 0.00000000 0.00000000 0.00000000 0.00000000 0.00000000 0.00000000 0.00000000 0.00000000 0.00000000 0.00000000 0.00000000 0.00000000 0.00000000
0.00000000 0.00000000 0.54276150 1.21430874 2.16024852 2.66178179 2.75180769 2.72850800 2.74667382 2.75689602 2.74790168 2.75100827 2.74739099 2.74352336 2.74179006 2.75030184 2.75060081 2.76519990 2.76764178 2.76992679 2.77460122 2.77340817 2.78192496 2.75829315 2.70275831 2.66351175 2.66287231 2.66209197 2.67688847 2.69586325 2.71632195 2.71574759 2.72909260 2.74701738 2.76488733 2.78707790 2.81126714 2.81361032 2.84870148 2.86123466 2.86285973 2.88044834 2.88741827 2.89117122 2.90002179 2.90773582 2.91855979 2.91774297 2.91434813 2.90644145 2.90963316 2.90842533 2.86289048 2.91153550 2.92802954 2.92010570 2.95547175 2.96959186 2.95132160 2.90456724 2.87181640 2.84705544 2.82205129 2.83455539 2.89306879 2.91943836 2.94129467 2.95336223 2.94903278 2.94859481 2.94649887 2.95637417 2.96905732 2.96679235 2.96832800 2.99288869 2.98727918 2.99565458 2.99247289 2.99797702 3.00120783 2.99930215 2.99302816 2.98652148 2.98608756 3.00456452 2.96122980 2.93130994 2.87940311 2.88757205 2.87023044 2.75440240 2.55789495 2.16092086 1.39237237 0.62830067 0.00000000 0.00000000 0.00000000 0.00000000 0.00000000 0.00000000 0.00000000 0.00000000 0.00000000 0.00000000 0.00000000 0.00000000 0.00000000 0.00000000 0.00000000 0.00000000 0.00000000 0.00000000 0.00000000 0.00000000 0.00000000 0.00000000 0.00000000 0.00000000 0.00000000 0.00000000 0.00000000 0.00000000
0.00000000 0.00000000 0.23074946 0.81712353 1.43636835 2.15725899 2.63660026 2.75391960 2.75578570 2.75724483 2.74799061 2.76230693 2.75966215 2.74388480 2.74847269 2.75831008 2.75670552 2.76161647 2.77500892 2.76965332 2.75696206 2.65633726 2.46505141 2.29014015 2.20903373 2.14841223 2.09295607 2.06593227 2.07349825 2.08650208 2.10340858 2.13356996 2.18056059 2.21111369 2.22926950 2.27498555 2.30417967 2.33910918 2.39094615 2.44727612 2.48346281 2.51159954 2.54862070 2.57086945 2.60641623 2.63310575 2.66132283 2.70934582 2.73749423 2.71471834 2.71974015 2.77052665 2.73291516 2.72727036 2.79524660 2.79909754 2.79055262 2.84418368 2.87348604 2.83938146 2.81677675 2.81077981 2.78152275 2.79362345 2.84994531 2.89842916 2.91605949 2.92228913 2.93435478 2.92675114 2.91413236 2.93033862 2.95876431 2.96243072 2.96242762 2.98287678 2.97963667 2.97790265 2.98736048 2.98241806 2.97722149 2.96288204 2.96354628 2.97405362 2.96003962 2.96057510 2.92627454 2.88794827 2.84845495 2.81217718 2.84329915 2.76884413 2.58901191 2.31501675 1.70083833 0.76752120 0.00000000 0.00000000 0.00000000 0.00000000 0.00000000 0.00000000 0.00000000 0.00000000 0.00000000 0.00000000 0.00000000 0.00000000 0.00000000 0.00000000 0.00000000 0.00000000 0.00000000 0.00000000 0.00000000 0.00000000 0.00000000 0.00000000 0.00000000 0.00000000 0.00000000 0.00000000 0.00000000 0.00000000
0.00000000 0.00000000 0.00000000 0.30044317 0.87169820 1.47491789 1.99539840 2.40713668 2.66314960 2.75690007 2.76141334 2.74690914 2.75612068 2.75548220 2.74818540 2.74205732 2.75102139 2.74473977 2.68881941 2.57893109 2.33593416 2.07320070 1.90225816 1.76671731 1.57007241 1.38620675 1.26389134 1.23098803 1.24149847 1.24890757 1.26627588 1.29376125 1.32440341 1.36156297 1.36786270 1.40376937 1.45986366 1.49131906 1.52364194 1.58115530 1.64026475 1.69572735 1.73127317 1.75655067 1.81165469 1.87566185 1.90878594 1.97655523 2.05095363 2.09354663 2.08495402 2.12039113 2.13884139 2.11726522 2.18895030 2.19907665 2.24545789 2.31002188 2.35685945 2.37227941 2.38072443 2.42909384 2.44696355 2.44652724 2.50105333 2.61062264 2.68990469 2.72689342 2.78995681 2.83643532 2.87886000 2.91072583 2.88474202 2.83187222 2.82231760 2.84124112 2.86141682 2.85912752 2.86099315 2.86744523 2.88089132 2.88854265 2.89073157 2.89194298 2.90165424 2.88788247 2.91572762 2.85878897 2.82151961 2.79388142 2.74506068 2.70671487 2.68037963 2.52407646 2.00406170 1.18432939 0.29145792 0.00000000 0.00000000 0.00000000 0.00000000 0.00000000 0.00000000 0.00000000 0.00000000 0.00000000 0.00000000 0.00000000 0.00000000 0.00000000 0.00000000 0.00000000 0.00000000 0.00000000 0.00000000 0.00000000 0.00000000 0.00000000 0.00000000 0.00000000 0.00000000 0.00000000 0.00000000 0.00000000
0.00000000 0.00000000 0.00000000 0.00000000 0.12253177 0.77544403 1.43045747 1.79475439 2.09680414 2.37757444 2.57354546 2.65477228 2.67213893 2.69326711 2.73051620 2.69811678 2.60272861 2.43133569 2.20115542 2.01559067 1.89816654 1.69431734 1.38552105 0.99757940 0.70275426 0.57494146 0.51359302 0.44505191 0.47372293 0.50639868 0.52987295 0.54411584 0.57865417 0.62741709 0.64730656 0.68096900 0.71724057 0.73050719 0.79612762 0.85791129 0.90269303 0.94380200 0.96887404 0.99458653 1.02684116 1.09169769 1.13384485 1.19275486 1.25426733 1.27345824 1.25021839 1.27181590 1.27785134 1.25435066 1.28108621 1.37200058 1.38590133 1.44643664 1.50253701 1.56720364 1.58748496 1.62326014 1.67195904 1.74316359 1.80223131 1.87189400 1.98232186 2.08578944 2.20277858 2.33927321 2.43469667 2.53252435 2.49715662 2.40799332 2.35162997 2.31362224 2.31377506 2.32787228 2.32394671 2.34457111 2.39842987 2.44395709 2.44092059 2.49893165 2.57053804 2.63136458 2.70565796 2.67238545 2.54917645 2.54523182 2.55876279 2.53511286 2.46666169 2.42311382 2.10082674 1.40183055 0.66709715 0.00000000 0.00000000 0.00000000 0.00000000 0.00000000 0.00000000 0.00000000 0.00000000 0.00000000 0.00000000 0.00000000 0.00000000 0.00000000 0.00000000 0.00000000 0.00000000 0.00000000 0.00000000 0.00000000 0.00000000 0.00000000 0.00000000 0.00000000 0.00000000 0.00000000 0.00000000 0.00000000
0.00000000 0.00000000 0.00000000 0.00000000 0.00000000 0.00000000 0.58375210 1.06616175 1.42922556 1.69336593 1.88376153 2.03508496 2.12915206 2.17578793 2.18829179 2.10340691 1.99655414 1.90256059 1.74751842 1.48065162 1.19152975 0.75527549 0.26520520 0.00000000 0.00000000 0.00000000 0.00000000 0.00000000 0.00000000 0.00000000 0.00000000 0.00000000 0.00000000 0.00000000 0.00000000 0.00000000 0.00000000 0.00000000 0.00000000 0.00000000 0.00000000 0.00000000 0.00000000 0.00325538 0.06962833 0.16892518 0.25175875 0.31073052 0.42934209 0.46416372 0.45068628 0.47508901 0.49098635 0.45896935 0.53065509 0.56822783 0.59017897 0.70314485 0.76489598 0.78443342 0.83852249 0.87259239 0.94101286 1.00013685 1.05180514 1.06760252 1.18268085 1.26333869 1.40026700 1.50829709 1.53626597 1.66569078 1.81151783 1.72660780 1.59028447 1.51523221 1.48390174 1.51103306 1.52456021 1.52008402 1.53637099 1.57202470 1.64077449 1.72161365 1.79304349 1.85261726 1.87994576 2.00184011 1.99445760 1.90264380 1.93275416 1.89470589 1.82099354 1.84375513 1.60608530 1.03283083 0.41078070 0.00000000 0.00000000 0.00000000 0.00000000 0.00000000 0.00000000 0.00000000 0.00000000 0.00000000 0.00000000 0.00000000 0.00000000 0.00000000 0.00000000 0.00000000 0.00000000 0.00000000 0.00000000 0.00000000 0.00000000 0.00000000 0.00000000 0.00000000 0.00000000 0.00000000 0.00000000 0.00000000
0.00000000 0.00000000 0.00000000 0.00000000 0.00000000 0.00000000 0.00000000 0.18954100 0.58220488 0.89807218 1.10381377 1.26878464 1.35302532 1.37530470 1.38777351 1.40981162 1.35059464 1.16145003 0.83818924 0.46489668 0.05290121 0.00000000 0.00000000 0.00000000 0.00000000 0.00000000 0.00000000 0.00000000 0.00000000 0.00000000 0.00000000 0.00000000 0.00000000 0.00000000 0.00000000 0.00000000 0.00000000 0.00000000 0.00000000 0.00000000 0.00000000 0.00000000 0.00000000 0.00000000 0.00000000 0.00000000 0.00000000 0.00000000 0.00000000 0.00000000 0.00000000 0.00000000 0.00000000 0.00000000 0.00000000 0.00000000 0.00000000 0.00000000 0.00000000 0.00000000 0.00000000 0.00000000 0.00000000 0.00000000 0.00000000 0.16143569 0.26789016 0.39697352 0.51785129 0.70040494 0.81737560 0.91656792 0.94914031 0.83972830 0.76657480 0.69654733 0.67743999 0.67337835 0.71020830 0.72459412 0.78334790 0.79832530 0.84055424 0.89078271 0.96007353 1.05140102 1.16872931 1.22460127 1.20688546 1.18429899 1.21555412 1.20964587 1.12383628 1.05266571 0.90927380 0.51088202 0.13547634 0.00000000 0.00000000 0.00000000 0.00000000 0.00000000 0.00000000 0.00000000 0.00000000 0.00000000 0.00000000 0.00000000 0.00000000 0.00000000 0.00000000 0.00000000 0.00000000 0.00000000 0.00000000 0.00000000 0.00000000 0.00000000 0.00000000 0.00000000 0.00000000 0.00000000 0.00000000 0.00000000
0.00000000 0.00000000 0.00000000 0.00000000 0.00000000 0.00000000 0.00000000 0.00000000 0.00000000 0.00000000 0.27006015 0.46340638 0.58116859 0.65077835 0.69565010 0.58721894 0.36427724 0.07412500 0.00000000 0.00000000 0.00000000 0.00000000 0.00000000 0.00000000 0.00000000 0.00000000 0.00000000 0.00000000 0.00000000 0.00000000 0.00000000 0.00000000 0.00000000 0.00000000 0.00000000 0.00000000 0.00000000 0.00000000 0.00000000 0.00000000 0.00000000 0.00000000 0.00000000 0.00000000 0.00000000 0.00000000 0.00000000 0.00000000 0.00000000 0.00000000 0.00000000 0.00000000 0.00000000 0.00000000 0.00000000 0.00000000 0.00000000 0.00000000 0.00000000 0.00000000 0.00000000 0.00000000 0.00000000 0.00000000 0.00000000 0.00000000 0.00000000 0.00000000 0.00000000 0.00000000 0.00000000 0.00000000 0.00000000 0.00000000 0.00000000 0.00000000 0.00000000 0.00000000 0.00000000 0.00000000 0.00000000 0.00000000 0.00000000 0.00000000 0.00000000 0.01888095 0.10453488 0.18303615 0.25723279 0.31905892 0.27472526 0.21846732 0.21984370 0.11781236 0.08887956 0.00000000 0.00000000 0.00000000 0.00000000 0.00000000 0.00000000 0.00000000 0.00000000 0.00000000 0.00000000 0.00000000 0.00000000 0.00000000 0.00000000 0.00000000 0.00000000 0.00000000 0.00000000 0.00000000 0.00000000 0.00000000 0.00000000 0.00000000 0.00000000 0.00000000 0.00000000 0.00000000 0.00000000 0.00000000
