-0.05820135 -0.05972044 -0.05432286 -0.05694520 -0.05500802 -0.06292494 -0.06135941 -0.06073774 -0.05055705 -0.05309696 -0.05394764 -0.05829582 -0.05945116 -0.06083509 -0.05453420 -0.05942719 -0.05213127 -0.05662365 -0.06226052 -0.06640412 -0.07123263 -0.06989386 -0.06105488 -0.05835509 -0.06083373 -0.06613905 -0.06628663 -0.06723759 -0.06240341 -0.06152344 -0.06596174 -0.06124139 -0.06244156 -0.06351324 -0.06488444 -0.06581426 -0.06596409 -0.06112555 -0.07293397 -0.06218947 -0.07071651 -0.06628329 -0.06986764 -0.07410280 -0.06749573 -0.06736365 -0.07024648 -0.06579797 -0.06974795 -0.06513752 -0.07772753 -0.07318874 -0.07967396 -0.06989386 -0.07771909 -0.06314448 -0.06402873 -0.06275786 -0.06847329 -0.07016612 -0.07750148 -0.07170935 -0.07460193 -0.07398945 -0.06959186 -0.06465397 -0.06459489 -0.06656388 -0.06676980 -0.07624745 -0.07483181 -0.07705508 -0.06727552 -0.06079298 -0.06118450 -0.06256095 -0.06681425 -0.06517487 -0.07340696 -0.07123485 -0.06568126 -0.06785045 -0.06116307 -0.06886888 -0.06778111 -0.07113171 -0.06498720 -0.03630048 0.01893505 -0.05242198 -0.05150691 0.05053195 0.43213126 0.41544735 0.36757228 0.24028212 0.11317693 -0.01680178 -0.05106665 -0.06743648 -0.06513685 -0.06972434 -0.06194155 -0.06529989 -0.06637300 -0.06781870 -0.06699766 -0.06155846 -0.07345214 -0.07337674 -0.07363857 -0.06931360 -0.07039917 -0.06806094 -0.07801031 -0.06159595 0.02519067 -0.05239923 -0.04695640 -0.08346172 0.14005288 0.20303865 -0.02787172 -0.11289671
-0.05951986 -0.05429896 -0.05767328 -0.05802604 -0.05863792 -0.05423307 -0.04662258 -0.04677201 -0.05196874 -0.05591433 -0.05832348 -0.05703506 -0.05621825 -0.05240809 -0.05269452 -0.05592743 -0.06297871 -0.06230695 -0.06522592 -0.04991487 -0.05310569 -0.05711965 -0.06124111 -0.06152110 -0.06194955 -0.06394224 -0.05761810 -0.05803847 -0.06131964 -0.05949458 -0.05433728 -0.05893426 -0.06134919 -0.06232725 -0.06258550 -0.06212376 -0.06426637 -0.06604858 -0.06287642 -0.06716814 -0.06564295 -0.06885459 -0.06524828 -0.06608818 -0.06342024 -0.06394957 -0.06344679 -0.06396715 -0.06686534 -0.06527441 -0.06206124 -0.06312589 -0.05514273 -0.06685617 -0.05627286 -0.06279517 -0.06060775 -0.06302378 -0.06374959 -0.06342148 -0.06466295 -0.06888402 -0.06170761 -0.06599502 -0.05951826 -0.05748287 -0.06384821 -0.05992298 -0.07085533 -0.06888589 -0.06294226 -0.05928943 -0.05101518 -0.05812818 -0.06702908 -0.06681643 -0.06221898 -0.06284859 -0.06014289 -0.06637209 -0.06464139 -0.05774456 -0.06105237 -0.06205536 -0.06377020 -0.06421572 -0.05449869 0.01043368 -0.11255574 -0.00361850 0.05439266 0.31616738 0.43313321 0.60258627 0.47746503 0.47946349 0.29785639 0.13373503 -0.01399866 -0.05286726 -0.05665623 -0.06300976 -0.06108226 -0.06006473 -0.06379734 -0.05651269 -0.05789155 -0.06417396 -0.05860104 -0.06758022 -0.05980024 -0.06473663 -0.07229942 -0.07320440 -0.01458080 0.04502613 -0.08403358 -0.17878565 0.10622007 0.18315481 0.38213027 0.08825440 -0.14230768 -0.03555377
-0.05158903 -0.05471887 -0.05557545 -0.06427111 -0.06354093 -0.05163659 -0.05039001 -0.05510904 -0.06093279 -0.06356832 -0.06423349 -0.05437194 -0.05813506 -0.06133123 -0.06463167 -0.06517168 -0.05965848 -0.06431005 -0.05546783 -0.06604942 -0.05918963 -0.05928313 -0.06010864 -0.06839320 -0.06365442 -0.06660571 -0.05917123 -0.05713065 -0.05702053 -0.06223085 -0.06897648 -0.06953387 -0.06298542 -0.05932333 -0.06451198 -0.06870064 -0.06640486 -0.07269236 -0.06811436 -0.06483295 -0.06697894 -0.06027883 -0.06284840 -0.05827199 -0.06735821 -0.07374120 -0.06907340 -0.07181010 -0.06502343 -0.06448563 -0.07071932 -0.06950162 -0.07333463 -0.06629339 -0.07082638 -0.06602218 -0.07064786 -0.07125543 -0.07393447 -0.07489339 -0.07072131 -0.06702157 -0.06433441 -0.06927139 -0.06683108 -0.06885456 -0.06902051 -0.07456560 -0.07218896 -0.06733283 -0.06174445 -0.06349029 -0.06328654 -0.06454092 -0.06812823 -0.06498428 -0.06811180 -0.07190886 -0.07274385 -0.06631696 -0.06508743 -0.06013204 -0.06776617 -0.06486204 -0.05596373 -0.06117353 0.00275730 -0.11100523 -0.01078151 0.07577028 0.39444852 0.56107914 0.31898436 0.16917446 0.40258273 0.41405651 0.49184406 0.29694396 0.10006484 -0.01469415 -0.05030010 -0.06025080 -0.06340838 -0.06614674 -0.06841475 -0.06858800 -0.06938718 -0.06311166 -0.06752472 -0.05886789 -0.06744841 -0.07081458 -0.05609311 0.02795566 -0.00988089 -0.16050352 -0.14726271 0.18952782 0.44182378 0.55706072 0.30778652 -0.00522763 0.00158097 0.06034980
-0.06154256 -0.05926958 -0.05588950 -0.05030688 -0.05500266 -0.05919830 -0.06494884 -0.06338200 -0.06089757 -0.05784053 -0.05849630 -0.06021871 -0.05973484 -0.06399018 -0.06142322 -0.06404652 -0.06158914 -0.05161246 -0.05287237 -0.04869112 -0.06360532 -0.06286789 -0.06541106 -0.05574791 -0.06092374 -0.06047626 -0.05776811 -0.06285331 -0.06638872 -0.06367758 -0.06682376 -0.05769553 -0.05845756 -0.06694715 -0.06511660 -0.06492400 -0.05667608 -0.05317463 -0.05734228 -0.06424953 -0.06075858 -0.06461587 -0.05885206 -0.06212783 -0.06537627 -0.05836911 -0.06200299 -0.06123655 -0.06544321 -0.06138685 -0.05931410 -0.06213915 -0.05928756 -0.06149419 -0.06828142 -0.07340336 -0.06743725 -0.06626301 -0.06790967 -0.06800248 -0.06208813 -0.05607285 -0.05599821 -0.06399602 -0.06901883 -0.07129377 -0.06300677 -0.06453852 -0.05579787 -0.06116316 -0.06268692 -0.06652740 -0.06606786 -0.06809635 -0.06652033 -0.06638749 -0.06578171 -0.06142011 -0.05094568 -0.05840764 -0.05690847 -0.06145243 -0.05700275 -0.05714454 -0.06175392 -0.04887734 -0.07919379 -0.01309428 0.12178809 0.22463070 0.40417206 0.27931395 0.10835428 0.08379021 0.16319716 0.28922477 0.30205119 0.40769094 0.25984395 0.07294699 -0.02621924 -0.05727304 -0.05347876 -0.04827960 -0.05324204 -0.06247310 -0.06660210 -0.05958317 -0.06520332 -0.06450314 -0.06428914 -0.00644037 0.05260394 -0.09345514 -0.15715683 0.00590691 0.40713137 0.74954998 0.57322550 0.27056715 -0.13252689 -0.06349321 0.15972365 0.09778678
-0.06079561 -0.06371666 -0.05818930 -0.06091135 -0.06129959 -0.07004405 -0.06830426 -0.06313978 -0.06257118 -0.06528686 -0.06697004 -0.06479422 -0.06357778 -0.06286898 -0.06394845 -0.07071993 -0.06521184 -0.05963684 -0.06208276 -0.07360153 -0.06004081 -0.06702587 -0.06731094 -0.06287383 -0.06401798 -0.06632158 -0.07281004 -0.07217351 -0.07127680 -0.06863052 -0.06898593 -0.06945367 -0.07128552 -0.06731597 -0.06358971 -0.05882712 -0.06604023 -0.06911453 -0.06898611 -0.06133867 -0.06733784 -0.07079159 -0.06638075 -0.06754921 -0.06594079 -0.06689028 -0.06629626 -0.06514710 -0.06499369 -0.06798896 -0.06662281 -0.07012563 -0.06962157 -0.06978913 -0.07338129 -0.06798150 -0.07349899 -0.07468632 -0.07115291 -0.06306687 -0.06376703 -0.06980145 -0.07277064 -0.07465036 -0.07123759 -0.06628101 -0.07546097 -0.07075471 -0.07189994 -0.06732958 -0.07304595 -0.07346283 -0.07583119 -0.06741560 -0.07107589 -0.06834035 -0.06633423 -0.06816503 -0.06880750 -0.06711824 -0.07218151 -0.06615043 -0.06912755 -0.06837276 -0.07180084 -0.03948026 -0.09438044 0.11655499 0.08194006 0.19070920 0.23570675 0.01364822 0.10262109 0.27510172 0.22482716 0.26461023 0.32503417 0.33532947 0.36995316 0.20440936 0.05109492 -0.03650538 -0.06286743 -0.05846533 -0.06215591 -0.05849371 -0.05962338 -0.06587455 -0.06657379 -0.05990265 0.02269641 -0.01788878 -0.14549920 -0.10659003 0.17507708 0.60425520 0.79854155 0.48768452 0.09744618 -0.20139465 -0.05032312 0.31767625 0.27171358 0.09044826
-0.05616880 -0.05655303 -0.05544186 -0.06107789 -0.06430760 -0.06011401 -0.05590647 -0.05942948 -0.04198081 0.03153745 0.03980542 -0.00623053 -0.08635378 -0.05697288 0.00389583 0.08012924 0.01130179 -0.09504329 -0.10026458 -0.02927093 -0.02613388 -0.03096955 0.00365617 -0.07881105 -0.09769452 -0.06011114 0.00367583 -0.06341136 -0.06399526 -0.06228504 -0.06282354 -0.06714197 -0.07114440 -0.06407839 -0.06572491 -0.06442405 -0.06210817 -0.07042203 -0.06997792 -0.06740618 -0.06600786 -0.06260444 -0.05798324 -0.06480517 -0.06322668 -0.06347670 -0.06937579 -0.06755412 -0.07041404 -0.06435331 -0.06521448 -0.06503553 -0.07287298 -0.07417209 -0.06704952 -0.06878784 -0.05676978 -0.06527741 -0.06497502 -0.07064159 -0.07783912 -0.07204159 -0.07194543 -0.06890216 -0.07202215 -0.06805903 -0.07405421 -0.07455361 -0.06804356 -0.07419610 -0.06697022 -0.06543633 -0.06724618 -0.06674887 -0.07419327 -0.07192129 -0.06356145 -0.05927715 -0.06189150 -0.06732041 -0.06753296 -0.06143311 -0.05989302 -0.06304194 -0.05769207 -0.06487235 0.01504961 0.08600253 0.00630486 0.11801384 0.09222895 0.10397899 0.19193314 0.24269064 0.28312945 0.27825528 0.27404475 0.36622965 0.34624645 0.31117484 0.15862414 0.01572772 -0.04612725 -0.05368389 -0.05609635 -0.05995080 -0.03460898 0.00107502 0.01051595 0.02214181 -0.08507448 -0.11209756 0.02970369 0.35873815 0.69938755 0.69834638 0.34152648 -0.03584387 -0.06801704 0.19471186 0.44108507 0.42604411 0.14754315 -0.03559530
-0.05637419 -0.05999675 -0.06268687 -0.05532528 -0.05599375 -0.05594647 -0.05842544 -0.02176093 0.06192729 -0.11065018 -0.18774340 -0.09010738 0.37331319 0.30764967 0.14413133 0.14507864 0.20626886 -0.02835478 -0.07960671 0.15737987 0.08061211 -0.09480388 -0.06615007 -0.02133326 -0.09202313 0.09075083 0.09743237 -0.06637528 -0.06771184 -0.05770832 -0.06350067 -0.06569447 -0.05830676 -0.06016352 -0.06329967 -0.06573838 -0.06914430 -0.06515994 -0.06607902 -0.06136069 -0.06618467 -0.06408832 -0.05766105 -0.05964354 -0.05966929 -0.06458034 -0.06581393 -0.06435082 -0.06730808 -0.06093232 -0.06759527 -0.06674431 -0.05751947 -0.05521239 -0.05850305 -0.06299574 -0.07088690 -0.05840565 -0.05652020 -0.05870216 -0.06836684 -0.06953674 -0.06690972 -0.06494364 -0.06101234 -0.05835409 -0.05509582 -0.05203651 -0.05623992 -0.05581537 -0.06150541 -0.06135454 -0.06438503 -0.06186946 -0.05743064 -0.05701792 -0.06546410 -0.06364600 -0.06558569 -0.06267551 -0.06506619 -0.06465875 -0.05965235 -0.05728213 -0.04579492 -0.08067171 0.06671704 0.03277318 0.02405083 0.07528333 0.09045204 0.15783431 0.10267401 0.12217879 0.18436390 0.23472922 0.28571048 0.33065802 0.42235810 0.38701397 0.32827720 0.20711561 0.13020357 0.11877473 0.12165872 0.11694836 0.11668453 0.09945853 0.09747793 0.00704653 0.10959807 0.36594957 0.59240723 0.71012700 0.52789462 0.19702700 -0.05113079 0.07118893 0.26444575 0.38439730 0.34070611 0.11330296 -0.08993995 -0.09902500
-0.06331997 -0.06219385 -0.05953699 -0.05823423 -0.05492470 -0.05705956 -0.05029676 0.01492152 -0.23753241 -0.14506875 -0.06446674 0.33851120 0.40369681 0.57883024 0.31674719 0.18498997 0.30862421 0.23142581 0.10219614 0.34260187 0.13203268 -0.13970928 -0.12838553 0.05876373 0.06109232 0.18232788 0.10162133 -0.03700095 -0.07029364 -0.08678535 -0.05566229 -0.03581606 -0.03403142 -0.02102543 -0.06308716 -0.10648493 -0.05666423 -0.03271554 -0.04557348 -0.06774452 -0.05819605 -0.06678423 -0.07851043 -0.07428485 -0.07192340 -0.06775239 -0.06408071 -0.06429584 -0.06472265 -0.06629985 -0.06456422 -0.06837727 -0.06596128 -0.07174011 -0.07156052 -0.06358884 -0.05711735 -0.06461955 -0.06694622 -0.07210699 -0.06332602 -0.06644998 -0.06292439 -0.06942458 -0.06599487 -0.07003696 -0.06854174 -0.06427323 -0.06364242 -0.06754734 -0.06863355 -0.07424521 -0.06506339 -0.06309924 -0.05937123 -0.06315160 -0.06220805 -0.06847485 -0.06306668 -0.05972406 -0.06006139 -0.05702633 -0.05289609 -0.05808108 -0.04944921 -0.03832544 0.05449970 -0.00445892 0.06213509 0.03237054 0.11473875 0.06548479 0.00323942 0.02310974 0.09835470 0.17940678 0.21488942 0.21276893 0.28294381 0.36596584 0.41385120 0.42708936 0.36152667 0.34139153 0.33096945 0.38500294 0.34754556 0.37119997 0.39325094 0.52000272 0.73372018 0.85237372 0.74401152 0.43889365 0.13047855 -0.00656867 0.14265510 0.23593369 0.22490959 0.19477484 0.08161715 -0.04027673 -0.06226286 -0.01387976
-0.05790684 -0.05350550 -0.05726860 -0.05791219 -0.06088681 -0.06436852 -0.04475170 -0.16175835 0.03316713 0.15957992 0.44872111 0.65042675 -0.10818289 -0.51989079 -0.16072227 -0.05414481 0.52900571 0.28967008 0.05841263 0.27144665 0.08989547 0.18453149 0.36954787 0.04052442 -0.07493187 -0.02952087 0.06654002 -0.02372912 0.11739894 0.01847069 0.08463511 0.21893165 0.13166159 -0.03834719 0.00939421 0.08150734 0.07768025 0.09421247 0.10521134 0.01015217 -0.06650086 -0.06562091 -0.06819630 -0.06541566 -0.06798764 -0.06684469 -0.06567688 -0.06516673 -0.06937155 -0.07788809 -0.07118256 -0.06184442 -0.06412212 -0.05958895 -0.06597785 -0.06427477 -0.06301034 -0.06549889 -0.07259910 -0.06236713 -0.07429695 -0.06378505 -0.06820427 -0.06397180 -0.06597336 -0.06451747 -0.06308173 -0.06832422 -0.06983119 -0.06696195 -0.06533283 -0.05782079 -0.05435962 -0.06041796 -0.06386618 -0.06660624 -0.05582902 -0.05591092 -0.05107979 -0.05516985 -0.06382463 -0.05816507 -0.05711589 -0.05562188 -0.01562169 -0.02340140 0.03167776 -0.05668356 -0.01326673 -0.00601996 0.06304123 0.10777022 0.04674251 -0.00313396 0.06627027 0.17453457 0.21617866 0.23850383 0.28817788 0.39492962 0.55935967 0.68265557 0.76841664 0.77976310 0.76875722 0.72834706 0.78668046 0.82342994 0.85706294 0.84627497 0.72351968 0.47675836 0.24115339 0.04945746 0.05093486 0.18485497 0.22123191 0.17256308 0.12534305 0.09067838 0.03531838 0.01410091 0.00657256 0.00365801
-0.05652593 -0.05633279 -0.05956730 -0.06924850 -0.06588982 -0.06390675 -0.08600931 -0.05869954 0.28027415 0.02689470 0.08713235 -0.16686481 -0.47404370 -0.41656214 -0.43431470 -0.35277769 -0.24208692 -0.23597434 -0.36940625 0.15568165 0.55106795 0.18898147 0.23158365 0.26939282 -0.34230137 -0.02925960 -0.08600369 -0.13245642 0.45408216 0.58451426 0.25720578 0.17542595 0.03554953 -0.22886536 0.03077139 0.63940430 0.35422796 0.23403910 0.24694121 0.13841265 -0.07214653 -0.06522066 -0.05987806 -0.05559029 -0.06267968 -0.06708333 -0.07769556 -0.07238536 -0.06155542 -0.06049167 -0.05539566 -0.06856947 -0.06122885 -0.06245910 -0.05717597 -0.07005492 -0.06771311 -0.07325259 -0.06470031 -0.06220185 -0.05960076 -0.05943799 -0.06193562 -0.06464538 -0.05680181 -0.05992795 -0.06025060 -0.06434240 -0.06375773 -0.06326757 -0.06584940 -0.05991089 -0.06291680 -0.06644266 -0.06410643 -0.05760841 -0.06181639 -0.05973177 -0.06152087 -0.06383002 -0.06297157 -0.06090452 -0.05809230 -0.00725494 -0.04271038 -0.02248144 -0.00544237 0.09797980 0.12265042 0.18081687 0.15404260 0.19869302 0.17321160 0.11840335 0.16553621 0.19454189 0.23610626 0.28831798 0.33933282 0.35849616 0.35397020 0.36076143 0.37555212 0.40590516 0.39968470 0.35684893 0.32239670 0.29438156 0.25978038 0.15774584 0.00719595 -0.01619555 0.02141992 0.10407772 0.17965712 0.18337499 0.16872871 0.16405421 0.13829450 0.10845104 0.08291978 0.03613935 0.02565446 -0.00929867
-0.06183994 -0.06662765 -0.06744523 -0.05697390 -0.05678881 -0.05616742 -0.07916795 0.07736531 0.06012195 -0.27037689 -0.23044410 -0.21088850 -0.07427910 0.23286089 -0.00229276 -0.24523470 -0.32000560 -0.11107068 -0.05307603 0.24616462 0.51426977 -0.01765841 0.17084117 0.49387541 0.10149401 0.36679468 0.74453366 0.24130720 0.46933952 0.49796849 -0.07111764 0.12149498 0.71027279 0.39742213 0.38469803 0.14272940 0.21524045 0.10163154 0.46609327 0.26960495 -0.06976049 -0.06146133 -0.06662780 -0.06917997 -0.07193244 -0.06440493 -0.05984925 -0.06281377 -0.06483912 -0.06186248 -0.06358177 -0.06447022 -0.06427309 -0.06797344 -0.07167502 -0.06305287 -0.05969682 -0.05665782 -0.06120335 -0.06092634 -0.05702129 -0.06123333 -0.05694247 -0.05906146 -0.05847014 -0.05587877 -0.06449085 -0.06373925 -0.06216358 -0.05946013 -0.06115722 -0.06225211 -0.06164651 -0.05745443 -0.05562603 -0.05579729 -0.05922630 -0.06290408 -0.05998559 -0.06075159 -0.05406204 -0.06283825 -0.02885845 -0.03259773 -0.07702720 0.03703258 0.10918815 0.37888822 0.21829836 0.09441875 0.13288566 0.21188439 0.15855771 0.09219627 0.10979632 0.15708154 0.18936855 0.20439076 0.23190017 0.24806306 0.23098472 0.19471923 0.14350966 0.10771407 0.10659997 0.12756139 0.12318435 0.10137090 0.09193726 0.08569945 0.14088693 0.18442948 0.18541241 0.17830963 0.17182875 0.15952948 0.16366112 0.15268111 0.11582384 0.10480231 0.08006422 0.03950435 0.00973064 -0.03087886
-0.05245403 -0.05169740 -0.05423458 -0.05871009 -0.05598548 -0.06062718 -0.05613746 0.00127571 -0.02494847 -0.22388944 -0.13466428 0.20682675 0.07749240 -0.09490813 -0.13366897 -0.19195561 0.14379241 0.30937621 -0.08896290 -0.02627230 -0.25386325 -0.64170098 -0.18478736 0.25204453 -0.04393290 0.20205587 0.17055148 -0.04634178 -0.12734921 -0.38205576 -0.58407676 0.02422440 0.32231694 0.03127044 -0.34798369 -0.30610475 -0.37480521 -0.29393238 -0.00934228 0.18550634 -0.05926988 -0.06603947 -0.06010355 -0.06228546 -0.05873968 -0.06527600 -0.06150071 -0.06390001 -0.06129478 -0.06257370 -0.06800401 -0.06860766 -0.06787387 -0.06950239 -0.06484710 -0.06303418 -0.05731234 -0.05129647 -0.05784231 -0.05260815 -0.05166639 -0.05715826 -0.06102885 -0.05097436 -0.05495845 -0.06010506 -0.05954190 -0.05795745 -0.05503007 -0.05640511 -0.05591890 -0.05381367 -0.04967669 -0.05614243 -0.05763420 -0.06117506 -0.05764541 -0.05600432 -0.04868747 -0.05034304 -0.04914621 -0.04194435 -0.04236092 -0.08814478 0.08842327 0.14429536 0.33362049 0.32865006 0.10995612 0.13224012 0.19829822 0.30534291 0.28204837 0.23480599 0.19222593 0.15862857 0.15684891 0.16063544 0.14865887 0.16621724 0.16690400 0.17166358 0.17235421 0.17839882 0.18237655 0.17658238 0.18184604 0.18416911 0.18226181 0.16946821 0.15605941 0.15396500 0.16631874 0.16202092 0.15363133 0.15424719 0.15128645 0.13540611 0.08142480 0.10399078 0.10315491 0.06904303 0.02050954 -0.02939358
-0.06153896 -0.05952575 -0.05564617 -0.05651955 -0.05722871 -0.05142911 -0.06116115 -0.11765130 0.10024120 -0.17543547 -0.19380707 0.27079794 0.15223512 -0.13423377 -0.02556864 -0.14089195 0.29738653 0.12615961 -0.42996499 -0.03166281 0.19638665 -0.04213040 0.03358385 0.22305289 -0.15207683 0.06357567 0.07169967 -0.44738361 -0.02366870 0.15392524 0.00232178 -0.09507610 -0.13157636 -0.49471512 -0.06203919 0.49245477 0.60584712 0.18191056 0.20732719 0.12368263 -0.06231368 -0.06754305 -0.06791326 -0.06689099 -0.06108518 -0.06653532 -0.07031463 -0.06730121 -0.06469269 -0.06764785 -0.06411554 -0.06505297 -0.06279440 -0.05525190 -0.05626553 -0.06209649 -0.06896444 -0.06868504 -0.06682675 -0.06568201 -0.06470881 -0.06102065 -0.05660417 -0.06346672 -0.06118640 -0.06451125 -0.05620817 -0.05305897 -0.05195181 -0.05722725 -0.05460125 -0.06256123 -0.05878042 -0.06393787 -0.06030341 -0.05733027 -0.05665907 -0.05756789 -0.06266882 -0.05615607 -0.06068017 -0.02536819 -0.03793573 0.02675498 0.12528655 0.19150190 0.27412283 0.13198566 0.04684333 0.17150213 0.22500208 0.20311667 0.12987289 0.06585334 0.11620052 0.14456469 0.15109539 0.14932309 0.15499294 0.16408125 0.16599622 0.17325491 0.17411526 0.17672461 0.17305356 0.16398939 0.16048428 0.15183946 0.15712735 0.15812869 0.15110871 0.15814331 0.15870662 0.15844493 0.14253858 0.12931839 0.15566099 0.12223919 0.08779108 0.08297057 0.09865768 0.06723726 0.01777209 -0.02716157
-0.05800057 -0.05854291 -0.05572226 -0.05826544 -0.05465787 -0.06187753 -0.03203435 -0.15923293 -0.08795525 0.09454457 -0.15568610 0.32626414 0.12355008 -0.06745635 0.11044726 0.26622707 0.52844989 0.13237646 -0.24075603 0.07441565 0.32687896 -0.13083905 -0.12501936 0.31012520 -0.14728436 -0.00406571 0.18563771 -0.24220014 0.10717967 0.33066344 -0.27596968 -0.12656632 0.61430645 0.43189666 0.42459646 0.36206543 -0.20675737 -0.32831249 0.03831292 0.25851095 -0.07800700 -0.06963757 -0.07222597 -0.06915174 -0.07105030 -0.06600837 -0.06617827 -0.06523951 -0.07209992 -0.06995919 -0.07158668 -0.06413627 -0.06921025 -0.07190759 -0.06845651 -0.07103063 -0.07427894 -0.07132033 -0.07094072 -0.07031675 -0.07040750 -0.07216030 -0.07510006 -0.07211360 -0.07077398 -0.06043659 -0.06890842 -0.06408250 -0.06942496 -0.06814713 -0.06706965 -0.06388092 -0.06878682 -0.06133866 -0.06063295 -0.06292222 -0.06634156 -0.06360564 -0.06091461 -0.05884704 -0.05391210 -0.04598527 -0.04465505 0.10457087 0.06731511 0.18284065 0.13111126 0.06533851 0.24501792 0.21713854 0.17528835 0.17724124 0.24450956 0.20710440 0.16480646 0.14938520 0.17422189 0.19058751 0.20456740 0.21009418 0.20906554 0.20173907 0.19942673 0.20625059 0.19721110 0.19172738 0.18605046 0.18590671 0.18863091 0.18218692 0.17877577 0.18992010 0.19278742 0.19233514 0.19713414 0.17947158 0.15551457 0.11224154 0.04118653 0.04971220 0.03809801 0.02461699 -0.01127370 -0.03497116
-0.06770632 -0.06558315 -0.06584700 -0.06691287 -0.06934596 -0.06454732 -0.06803739 0.01280626 -0.32824045 -0.26398176 -0.24378440 0.01732409 0.24767180 0.54799688 0.40889186 0.30089387 -0.03215930 -0.13573751 -0.18918173 -0.06579586 0.14332932 -0.17131640 -0.22605035 0.19501609 -0.20084870 -0.04990435 0.14942566 -0.17516063 -0.06250620 0.12810324 -0.13408697 -0.15930545 0.30235350 -0.14554003 -0.47306910 -0.43180522 -0.15972956 -0.05017965 0.06338692 0.14990225 -0.06744190 -0.07441859 -0.06728145 -0.06815208 -0.07141417 -0.07819130 -0.07132420 -0.07925281 -0.07658567 -0.07427438 -0.07220402 -0.07129762 -0.06969276 -0.07913356 -0.07469016 -0.07603763 -0.07483584 -0.06800313 -0.06724334 -0.07241838 -0.07081762 -0.07450068 -0.07246171 -0.07009693 -0.07116477 -0.07542989 -0.06860696 -0.07553758 -0.06500186 -0.06331575 -0.06683324 -0.06805827 -0.06532735 -0.06151898 -0.05944645 -0.06612162 -0.06499230 -0.07007480 -0.06580093 -0.06138375 -0.01310737 -0.05141160 0.00039560 0.04602556 0.16888987 0.27664131 0.18320508 0.17866942 0.20077223 0.22717838 0.23432584 0.22870378 0.23311210 0.15911935 0.15129021 0.22059356 0.22908358 0.23584747 0.22847186 0.21713829 0.21104568 0.21233766 0.20209831 0.20161043 0.20592298 0.19298191 0.19906916 0.19093482 0.19020221 0.19436942 0.19592184 0.20247486 0.22087957 0.21283235 0.21168463 0.17758231 0.15383044 0.04244082 -0.02735769 -0.04612325 -0.04266374 -0.02917012 -0.01618119 -0.04661144
-0.05508841 -0.05686666 -0.06303510 -0.05622986 -0.05670448 -0.04090236 -0.07700592 -0.07684055 0.08776478 -0.20068023 -0.38008648 -0.07762347 0.33039972 0.51285994 0.26645786 -0.16411304 -0.43332040 -0.24505883 -0.23880059 -0.10784590 -0.02328099 -0.06426618 -0.25928202 -0.09474963 -0.09940998 -0.25458819 -0.01565956 -0.26103190 -0.09924231 -0.03822656 0.00302493 -0.25664279 -0.37525916 -0.27915537 -0.14583340 0.35085389 0.48934183 0.10216039 -0.16517614 0.00007756 -0.05843970 -0.06412268 -0.06888307 -0.06573830 -0.07172962 -0.06733777 -0.07551417 -0.07325855 -0.07086433 -0.06475827 -0.07515198 -0.06828573 -0.07200310 -0.06325024 -0.06769478 -0.06183028 -0.06609567 -0.06376544 -0.06694774 -0.06815696 -0.06627872 -0.06555381 -0.06966262 -0.06692231 -0.06562036 -0.06645504 -0.06570624 -0.06111842 -0.06656450 -0.06735241 -0.06176955 -0.06316581 -0.06154606 -0.06585149 -0.06583445 -0.06624877 -0.06148732 -0.05925833 -0.05086656 -0.02021544 -0.05021004 -0.05305876 0.06707118 0.12823579 0.29853827 0.20676932 0.11528488 0.20330581 0.19876841 0.18887815 0.21146367 0.27437988 0.28724095 0.24824855 0.24711831 0.24065851 0.22337800 0.20251966 0.18875884 0.19402078 0.19316116 0.19456765 0.19660018 0.18439920 0.19046743 0.17521973 0.16439128 0.17252526 0.16878428 0.17288476 0.17944777 0.17050076 0.17437242 0.19213381 0.19514368 0.14136770 0.12157273 0.08019316 0.03890217 -0.03710496 -0.13017125 -0.11138441 -0.07982843 -0.06640510
-0.05822925 -0.05783568 -0.04847703 -0.05869089 -0.06065152 -0.06755312 -0.06817316 -0.15672794 -0.06867155 0.10277845 -0.08209133 -0.17718029 -0.47350875 -0.77124119 -0.75244999 -0.63150656 -0.34923553 -0.00824225 -0.36794400 -0.26168755 -0.13329801 -0.18114378 -0.39779803 -0.32602632 -0.25955817 -0.41866237 -0.23979631 -0.39389169 -0.24235073 -0.14398907 -0.23917586 -0.39394981 -0.12511274 -0.18986173 -0.33888388 -0.38280630 -0.65692377 -0.72779191 -0.61844611 -0.13120548 -0.07589020 -0.07032281 -0.06562779 -0.06932426 -0.06725549 -0.06938706 -0.06269962 -0.06666722 -0.06691016 -0.07937293 -0.07131790 -0.06701379 -0.05666924 -0.06676404 -0.06411899 -0.05956679 -0.05964313 -0.06690217 -0.07249998 -0.07006208 -0.06871372 -0.06750800 -0.06998834 -0.06957222 -0.06466031 -0.06158785 -0.05957180 -0.06490971 -0.06792465 -0.07037411 -0.06683251 -0.06007297 -0.05983081 -0.05838339 -0.06105466 -0.05830573 -0.06186004 -0.06691947 -0.05223753 -0.03147095 -0.07682125 0.04250735 0.12474124 0.34122628 0.32202268 0.13595909 0.15252939 0.18284115 0.21596433 0.22595696 0.20161711 0.20675421 0.18497248 0.18543591 0.19959320 0.18805732 0.18011025 0.19201000 0.18472214 0.18362685 0.18487485 0.18330738 0.19076709 0.17895971 0.17082618 0.17544857 0.17015819 0.18098913 0.17962696 0.17950785 0.16953322 0.16364922 0.15683270 0.16184694 0.14941567 0.17338395 0.14836836 0.15684110 0.16899481 0.03170365 -0.11541469 -0.12907237 -0.09887329 -0.07517521
-0.06119521 -0.06178512 -0.05982661 -0.06145409 -0.06657226 -0.07156403 -0.05819986 -0.07320294 -0.18964310 -0.19045761 -0.10875757 -0.20207664 -0.28988084 -0.40795615 -0.32579190 -0.13102180 0.07041206 -0.03719985 -0.17928421 -0.11858517 -0.05193502 -0.16134803 -0.29608637 -0.01800886 -0.16801152 -0.22210395 0.01093827 -0.18892275 -0.11431302 -0.05202611 -0.16758502 -0.31085995 -0.00205111 -0.13060763 -0.35702986 -0.31887415 -0.31841600 -0.12594986 0.04247271 0.06695894 -0.07453841 -0.07157432 -0.06995282 -0.05778133 -0.06251897 -0.05294164 -0.06606535 -0.06691236 -0.06595904 -0.06752305 -0.06764916 -0.06739037 -0.07086739 -0.07371444 -0.08011696 -0.07133535 -0.06659971 -0.06506687 -0.06014863 -0.05712999 -0.05870929 -0.06283648 -0.06106853 -0.06284545 -0.06687815 -0.07392405 -0.07465060 -0.06932241 -0.06182594 -0.05242493 -0.05593549 -0.05925018 -0.06246841 -0.06760480 -0.05738395 -0.05729648 -0.06201912 -0.05727319 -0.01872991 -0.08911647 0.03876025 0.12527344 0.30608007 0.36747128 0.16391748 0.08305527 0.17722857 0.17676079 0.17195472 0.18915154 0.18050331 0.18033771 0.16959959 0.16118047 0.15660958 0.17218381 0.17905021 0.17643499 0.18427818 0.18248037 0.18443029 0.17690676 0.17892133 0.18180701 0.19802046 0.19880837 0.20472205 0.19351828 0.19072609 0.16055185 0.14363417 0.14904542 0.15224712 0.14654484 0.12410126 0.17287055 0.23599853 0.26932096 0.26879257 0.13500164 -0.00863827 -0.03535219 -0.05142228 -0.05584259
-0.05639694 -0.05498736 -0.05661126 -0.06043569 -0.06131762 -0.05931401 -0.05705156 -0.06127181 -0.07404624 -0.12938111 -0.18125500 -0.16374543 -0.05182365 0.09699593 0.14575824 0.05842229 -0.07817833 -0.07087520 -0.05430488 -0.03232724 -0.03200261 -0.06208108 -0.09180225 0.01163882 -0.05827399 -0.07387727 0.02597183 -0.04695909 -0.03056726 -0.03607105 -0.05303483 -0.07924826 -0.06599013 -0.11971855 -0.07234840 -0.00780084 0.08333144 0.06920400 -0.02295784 0.03058368 -0.05617789 -0.06296697 -0.05692051 -0.07189478 -0.06623510 -0.07260922 -0.06549701 -0.06826118 -0.07058199 -0.06955562 -0.07134026 -0.07194696 -0.07162046 -0.07426667 -0.06607625 -0.06723505 -0.06472464 -0.06638596 -0.06352723 -0.06835217 -0.06537063 -0.06687746 -0.06383239 -0.06501444 -0.06457060 -0.06207000 -0.05721918 -0.05743480 -0.05985521 -0.06613018 -0.06371395 -0.06279612 -0.06201736 -0.06297503 -0.06340472 -0.05758168 -0.04929330 0.02102039 -0.03920715 -0.01202645 0.08126568 0.22711246 0.33363876 0.19184211 0.06046115 0.14762554 0.18092209 0.17376153 0.18664710 0.17581078 0.18852355 0.19185568 0.19559205 0.19405061 0.18729296 0.18052635 0.17241012 0.18183310 0.18672909 0.18977119 0.18816125 0.19073923 0.18696842 0.19789882 0.20830613 0.22316171 0.19999643 0.19621383 0.18375087 0.18661055 0.16343924 0.15440446 0.16012578 0.17087334 0.21319109 0.21322027 0.21925734 0.24803498 0.20787421 0.17924139 0.09116194 0.01020086 -0.03721007 -0.06342952
-0.05837531 -0.06636867 -0.06634967 -0.06352313 -0.06140430 -0.06462177 -0.05773082 -0.06213783 -0.06093554 -0.05577235 -0.05527272 -0.04627891 -0.05809265 -0.06670276 -0.06833228 -0.07217042 -0.05797753 -0.06450749 -0.05418694 -0.06390631 -0.06162329 -0.05923583 -0.05763827 -0.06957812 -0.06584537 -0.06058171 -0.06518775 -0.05937743 -0.06561097 -0.06625473 -0.07147524 -0.06462824 -0.06726484 -0.05800162 -0.05666026 -0.06215534 -0.06538638 -0.07276881 -0.06065907 -0.07201907 -0.06649203 -0.06429221 -0.06664978 -0.06832531 -0.07051970 -0.06978264 -0.06770346 -0.05840091 -0.06150607 -0.05982244 -0.07352929 -0.07139198 -0.06081766 -0.05594262 -0.06741510 -0.06613031 -0.06931539 -0.06716416 -0.06795087 -0.06869785 -0.06777412 -0.06439086 -0.06516406 -0.06269988 -0.06270109 -0.06075455 -0.05793915 -0.05925154 -0.06328566 -0.06722542 -0.06655993 -0.05989620 -0.06293640 -0.06066038 -0.05811363 -0.04224660 0.02143954 -0.06057182 -0.08271445 0.07214294 0.23702088 0.38180932 0.24847144 0.06739898 0.12201896 0.17933145 0.17732275 0.18551962 0.18690281 0.20063041 0.19527522 0.21089695 0.20280403 0.18607949 0.18434542 0.19249235 0.19101530 0.18257181 0.18255801 0.18052527 0.18139711 0.19165981 0.20113155 0.20602353 0.19368441 0.18652506 0.18786870 0.18082802 0.18784432 0.16456276 0.16647446 0.16306669 0.16069894 0.18021032 0.20056856 0.20609564 0.11789128 0.13554254 0.19069999 0.24752983 0.19882876 0.05960611 -0.03617853 -0.05789561
-0.06134905 -0.06788027 -0.06082352 -0.05592921 -0.05460785 -0.05794300 -0.06570918 -0.05986840 -0.05981691 -0.06021769 -0.06301152 -0.06005784 -0.05739983 -0.06413047 -0.05794175 -0.06047384 -0.07010543 -0.06487645 -0.07099502 -0.06449724 -0.06650037 -0.06691314 -0.06815328 -0.06475709 -0.05851013 -0.06555686 -0.06560136 -0.07651222 -0.07538874 -0.07061795 -0.06474257 -0.06567183 -0.06982937 -0.06638235 -0.07342942 -0.07441121 -0.06434702 -0.06471363 -0.06349894 -0.06239557 -0.07065946 -0.06632235 -0.06688705 -0.06962978 -0.05732505 -0.06716947 -0.06316301 -0.07030577 -0.06519426 -0.05765175 -0.05969937 -0.06083772 -0.06250869 -0.06119338 -0.05964257 -0.05973091 -0.06394446 -0.06471926 -0.06418408 -0.06047341 -0.05942173 -0.06002746 -0.05875669 -0.06308477 -0.06120020 -0.05893642 -0.06390715 -0.06475995 -0.05939592 -0.05650581 -0.05362453 -0.05732234 -0.05044795 -0.03393641 0.01877224 0.03385323 -0.07807389 -0.09508793 0.11794197 0.33860129 0.47246641 0.36933863 0.12888557 0.10820442 0.17636293 0.17776868 0.17074472 0.17339656 0.17685004 0.17999108 0.17919545 0.17424172 0.17183840 0.17561102 0.18556042 0.18633795 0.18277930 0.17919323 0.18392232 0.18070613 0.17273760 0.16850540 0.17326552 0.17644645 0.18147238 0.17653239 0.17686543 0.18109845 0.18081641 0.18597329 0.17754459 0.17599590 0.18381034 0.17759040 0.18304370 0.16601312 0.17537007 0.20879212 0.28084362 0.29505181 0.18127407 0.04084222 -0.04074193 -0.06207736
-0.06910592 -0.06094905 -0.06368909 -0.05873369 -0.06642718 -0.06165923 -0.05884305 -0.06225795 -0.05967407 -0.05537599 -0.05542907 -0.05720846 -0.06469388 -0.06743012 -0.06770295 -0.06478716 -0.06325540 -0.06179107 -0.06617777 -0.06930872 -0.07118596 -0.06516817 -0.05928875 -0.06814927 -0.07152759 -0.06992166 -0.06618351 -0.05817461 -0.06145787 -0.06469868 -0.06976386 -0.06851455 -0.06955239 -0.07124022 -0.06838824 -0.07224111 -0.07396646 -0.07106143 -0.07045395 -0.06584349 -0.06483988 -0.06763378 -0.06480429 -0.06533395 -0.07817943 -0.06708810 -0.07558379 -0.07297032 -0.07207423 -0.07053734 -0.06818555 -0.07069691 -0.07222804 -0.07042849 -0.07271348 -0.07365808 -0.07129768 -0.06410363 -0.06176867 -0.06385984 -0.05823845 -0.06217448 -0.05998773 -0.06164997 -0.05984449 -0.05793251 -0.05598123 -0.05824101 -0.05864603 -0.06004349 -0.06420054 -0.02859807 0.02227424 0.03141604 -0.05010930 -0.09207240 0.02313377 0.31266040 0.54204839 0.55756557 0.37593314 0.11862800 0.05459131 0.16421208 0.16887856 0.16468236 0.16541612 0.16644505 0.18080579 0.17452717 0.18014972 0.17270565 0.17314461 0.17823049 0.18225014 0.18304287 0.17702207 0.17875049 0.16269794 0.14174159 0.15761006 0.18694249 0.16975066 0.13837954 0.13812473 0.17477922 0.17376012 0.17679808 0.18161865 0.19330031 0.18445490 0.16431646 0.16297379 0.16861919 0.17400607 0.18502343 0.19669572 0.23227020 0.22464353 0.15606663 0.02917747 -0.03542384 -0.07158969 -0.07030230
-0.05954412 -0.05715960 -0.06170304 -0.05841056 -0.05462518 -0.05989825 -0.05859732 -0.05318803 -0.06513247 -0.06163483 -0.07467234 -0.07071448 -0.06341580 -0.06399357 -0.06196479 -0.06733100 -0.06744920 -0.06712495 -0.06355949 -0.06731759 -0.06927019 -0.07181369 -0.06438268 -0.06348970 -0.06539364 -0.06524387 -0.06707470 -0.06448042 -0.05871646 -0.06551068 -0.06536805 -0.06638264 -0.05690624 -0.05873884 -0.06242986 -0.05846877 -0.06850789 -0.06833354 -0.06487042 -0.06174688 -0.06489423 -0.07020915 -0.06433383 -0.06821489 -0.06496888 -0.06388562 -0.05985345 -0.06214779 -0.06339277 -0.07334089 -0.07105024 -0.05905315 -0.05757631 -0.06050340 -0.06589643 -0.07011718 -0.07041376 -0.06368224 -0.06871989 -0.06622843 -0.06910237 -0.06546046 -0.06224284 -0.05888683 -0.05901472 -0.05877834 -0.05854169 -0.05743904 -0.05524769 -0.05282144 -0.03002341 -0.00923531 -0.04167017 -0.11579946 -0.03518334 0.24152824 0.58487797 0.72754753 0.63595152 0.40163383 0.13411954 0.06610896 0.17923491 0.18883577 0.18252219 0.18151061 0.18069643 0.18459164 0.18779722 0.19532295 0.18313603 0.19511078 0.19260384 0.19548187 0.19399908 0.19627889 0.19511153 0.10665673 0.08982763 0.14691477 0.13156882 0.06688424 0.02238590 0.00065701 0.00891044 0.10124815 0.18953682 0.19070874 0.19102819 0.20062266 0.17996407 0.16705170 0.15684614 0.18345506 0.19430104 0.18094239 0.16530487 0.19201773 0.22742763 0.16431716 0.10995521 0.02955271 -0.06395883 -0.08653036
-0.05844608 -0.06108790 -0.06118240 -0.06241012 -0.06003235 -0.05923163 -0.06300148 -0.06565664 -0.06210551 -0.06414104 -0.06085997 -0.06832734 -0.06088272 -0.06190992 -0.06526979 -0.05976002 -0.06012113 -0.06486910 -0.06472473 -0.06399515 -0.05747409 -0.05872159 -0.06019301 -0.06121473 -0.06181992 -0.06199282 -0.05986775 -0.06663344 -0.07109748 -0.06423771 -0.06423382 -0.06031003 -0.05879493 -0.06091092 -0.06751261 -0.06774692 -0.06956589 -0.06761300 -0.06023239 -0.05730247 -0.06244038 -0.06455629 -0.06129526 -0.06493071 -0.06378489 -0.05841349 -0.06702525 -0.06460165 -0.06546012 -0.06166041 -0.06043676 -0.06818010 -0.06888484 -0.07361823 -0.07081923 -0.06824201 -0.05702639 -0.05623199 -0.05690277 -0.06592679 -0.06102186 -0.06101906 -0.06153743 -0.06379750 -0.06221763 -0.06105006 -0.06351139 -0.06605798 -0.06355854 -0.02508664 0.02071399 -0.07983114 -0.08746231 0.09097789 0.46668714 0.75067198 0.73389685 0.50592440 0.22354138 0.06523809 0.07252277 0.18678571 0.20294808 0.19285347 0.19849344 0.20787972 0.20805314 0.20232637 0.19517592 0.19612502 0.19771804 0.19876073 0.20150328 0.19139574 0.19868343 0.19835357 0.20766354 0.24287648 0.20629317 0.22599974 0.11865377 -0.34514970 -0.37217656 -0.26015088 -0.19420265 -0.00740360 0.18253352 0.20361878 0.19904366 0.20053086 0.17300141 0.10844802 0.09864776 0.19792722 0.22253737 0.12770140 0.05050455 0.17104611 0.23731108 0.18535405 0.18170808 0.09826803 -0.02808875 -0.05342799
-0.06090670 -0.06348398 -0.05808369 -0.06114829 -0.05898688 -0.06278700 -0.06345185 -0.05963090 -0.06311612 -0.06418078 -0.06050677 -0.05473329 -0.05991678 -0.06217672 -0.06459258 -0.06501753 -0.06170468 -0.06096920 -0.06014006 -0.06123217 -0.06282721 -0.06715644 -0.06242508 -0.06047770 -0.06454044 -0.06508191 -0.06985562 -0.06374713 -0.06948181 -0.06480306 -0.05935257 -0.05875047 -0.05959886 -0.06703515 -0.06356270 -0.06094535 -0.05796020 -0.05956555 -0.06003909 -0.06290308 -0.06638011 -0.05755965 -0.06276516 -0.05804465 -0.06409831 -0.05957595 -0.05760118 -0.05999883 -0.05971550 -0.05687449 -0.05330715 -0.05854646 -0.06404787 -0.06616800 -0.05942480 -0.04585036 -0.05575708 -0.06585200 -0.06564443 -0.06600836 -0.06004401 -0.06486831 -0.05821099 -0.05932798 -0.06289843 -0.06491170 -0.06077524 -0.06101558 -0.04137322 -0.02262060 -0.10404599 -0.00597267 0.15742812 0.51507342 0.63117445 0.42812717 0.17253603 0.00772496 0.01412142 0.10147870 0.17654476 0.18232678 0.18030673 0.18130553 0.18641640 0.19005637 0.17907485 0.16932833 0.18082148 0.18722849 0.18609335 0.19093536 0.18307488 0.18111688 0.16933608 0.17335360 0.17937629 0.28532299 0.08472010 -0.03527472 -0.17898154 -0.39100546 -0.50750077 -0.31903988 -0.36176920 -0.12856202 0.15176430 0.17225802 0.16847105 0.16013341 0.11421464 0.21356282 0.19676195 0.06051872 -0.01932231 -0.14145362 -0.08090524 0.12090017 0.21683978 0.17143245 0.16493523 0.10301593 -0.03195103 -0.07061776
-0.06284612 -0.06154010 -0.06876218 -0.06862284 -0.07151677 -0.06954113 -0.07046060 -0.06412539 -0.06343315 -0.06183428 -0.06909681 -0.06599669 -0.06394711 -0.06108436 -0.05744442 -0.06349159 -0.06711476 -0.06319052 -0.06475340 -0.06259655 -0.06302091 -0.06412847 -0.06862606 -0.06388408 -0.06355149 -0.06406185 -0.06515060 -0.06908786 -0.06030717 -0.06144182 -0.06138738 -0.06805130 -0.07126449 -0.07462670 -0.06674351 -0.06287618 -0.06488019 -0.06399591 -0.07269126 -0.07098907 -0.06680016 -0.06557567 -0.06346191 -0.06841608 -0.06269709 -0.06699309 -0.06489596 -0.06222559 -0.06069664 -0.06727742 -0.07059349 -0.06699986 -0.05676335 -0.05585124 -0.05672156 -0.06460451 -0.06836244 -0.06830484 -0.06914940 -0.06668574 -0.06353918 -0.06234448 -0.07117890 -0.06593420 -0.06952440 -0.06130359 -0.05748750 -0.04724237 -0.00085636 -0.07842462 -0.01416136 0.12245478 0.41124785 0.51023042 0.29635221 0.06446304 0.03774227 0.12990507 0.17648715 0.18019111 0.17037761 0.16234054 0.17040890 0.17136985 0.17250726 0.18129678 0.17376411 0.17507985 0.18503617 0.18713886 0.18423931 0.18380953 0.18193141 0.18120919 0.17999542 0.17896521 0.16434449 0.15524000 0.06995231 -0.05903196 0.10033790 0.18933618 0.14176553 0.03494778 -0.05191654 0.02696439 0.14918965 0.15902668 0.16366191 0.17718330 0.20719288 0.04299037 0.15463272 -0.14490019 -0.27125061 -0.30287978 -0.17093073 0.14080580 0.23766096 0.18311472 0.15277156 0.09560218 -0.03073973 -0.07469930
-0.06068369 -0.05997083 -0.05583640 -0.06030778 -0.05806501 -0.06883281 -0.06147282 -0.06506401 -0.05791757 -0.05957998 -0.05587932 -0.06547851 -0.06403444 -0.06356170 -0.06404375 -0.06786140 -0.07042893 -0.06863947 -0.06150408 -0.06456530 -0.06546068 -0.06671515 -0.06017920 -0.06373958 -0.06801917 -0.06666039 -0.06572684 -0.06758665 -0.06642902 -0.06732757 -0.07569237 -0.06896918 -0.06870357 -0.05828717 -0.06288796 -0.06106863 -0.06772829 -0.06426174 -0.05807915 -0.06200367 -0.05833157 -0.06606258 -0.06339280 -0.05599317 -0.06466358 -0.05765792 -0.06558423 -0.06360245 -0.06175456 -0.06297061 -0.06453338 -0.06463227 -0.06602022 -0.06247208 -0.06310800 -0.07026035 -0.07244280 -0.06354768 -0.05858388 -0.05835789 -0.06614097 -0.06209308 -0.05508279 -0.05585486 -0.05695946 -0.05773367 -0.05844650 -0.02038757 -0.07170911 -0.01486357 0.11879958 0.27504474 0.37889487 0.20300275 0.01690610 0.07668789 0.15817440 0.17256066 0.16917148 0.17898628 0.17909627 0.17026654 0.17338094 0.18441673 0.18173529 0.18203388 0.18142490 0.17537889 0.17857420 0.17852069 0.17375913 0.17606223 0.18516023 0.18053725 0.18439078 0.18266937 0.18046544 0.05873968 0.23511018 0.35661659 0.48923880 0.34869117 0.14708388 0.10919203 0.18788649 0.23783460 0.18135425 0.15127093 0.15957743 0.23059677 0.23002021 0.01823229 -0.04218790 -0.12642892 -0.10951319 0.05894441 0.16551283 0.17250378 0.20387200 0.13028415 0.11271690 0.09689708 -0.03033607 -0.05865057
-0.06009383 -0.06268197 -0.06127183 -0.05526655 -0.06038889 -0.05616938 -0.05996846 -0.05845055 -0.06401630 -0.06595298 -0.06226315 -0.06184302 -0.06548405 -0.06207987 -0.06284071 -0.06270377 -0.05701927 -0.05960677 -0.06415163 -0.06137726 -0.06359720 -0.05790059 -0.06280490 -0.06028067 -0.05983090 -0.06524125 -0.06573354 -0.06059517 -0.06085157 -0.06209003 -0.06006177 -0.06299640 -0.05529185 -0.05883104 -0.06194150 -0.06593984 -0.05972821 -0.06188443 -0.05839708 -0.05607661 -0.06225146 -0.06127690 -0.06127982 -0.06284512 -0.05921810 -0.06319643 -0.05980144 -0.06637129 -0.06143263 -0.06254984 -0.06386063 -0.06127586 -0.06257747 -0.06760462 -0.06618787 -0.06243180 -0.05322097 -0.05789683 -0.05761566 -0.06215045 -0.05341040 -0.05460805 -0.05408069 -0.05507409 -0.05265817 -0.05404946 -0.03950113 -0.03707951 -0.06067651 0.09393670 0.17280790 0.36638069 0.27365047 0.07029620 0.10071196 0.16411042 0.17584211 0.18698785 0.18809459 0.17404914 0.16857496 0.16905481 0.16168423 0.16681877 0.16444138 0.17700803 0.17537758 0.16382514 0.16149125 0.16878578 0.16853456 0.16974527 0.17093217 0.17238970 0.16395262 0.17168716 0.17948073 0.20323823 0.12432049 0.24534640 0.39933261 0.51385903 0.51385951 0.46906638 0.40758827 0.20095097 0.15521595 0.15249626 0.15499291 0.14124438 0.16559675 0.14058438 0.04702345 0.21739621 0.21269983 0.29892170 0.20470978 0.15888892 0.16244537 0.12103716 0.13790822 0.12477975 -0.02268138 -0.06513530
-0.05933168 -0.06729099 -0.05784900 -0.06775565 -0.06147341 -0.05851067 -0.05460892 -0.06173606 -0.06015204 -0.06583866 -0.06343661 -0.06555222 -0.06917986 -0.06658799 -0.06001790 -0.05824798 -0.06085989 -0.06571562 -0.06248505 -0.07029843 -0.06721634 -0.06615773 -0.06199392 -0.07047298 -0.06307151 -0.06850121 -0.06500019 -0.06852191 -0.07530099 -0.06995834 -0.06592705 -0.06031798 -0.06584439 -0.06737226 -0.07307997 -0.06534670 -0.06279456 -0.06507754 -0.06524258 -0.06430975 -0.07105957 -0.06657005 -0.06868664 -0.06987393 -0.07215424 -0.06203775 -0.06095027 -0.06145027 -0.06063531 -0.05700619 -0.06634150 -0.05965225 -0.06085750 -0.05750012 -0.06264924 -0.06325819 -0.06451104 -0.05399161 -0.05770344 -0.05393214 -0.05250537 -0.05416121 -0.05761835 -0.05810838 -0.05439369 -0.05310798 -0.02245781 -0.07889593 0.08247270 0.09925017 0.23601811 0.25771433 0.07774873 0.07062770 0.15856212 0.16154255 0.16820234 0.17111084 0.16847278 0.16393603 0.16610754 0.16282395 0.15958050 0.16319019 0.16607556 0.16333020 0.16543227 0.16512534 0.16592178 0.16690925 0.17119111 0.17881666 0.17012241 0.17684278 0.17300436 0.15919718 0.16524038 0.22159457 0.24199209 0.16345662 0.32849848 0.53440207 0.64807379 0.61213243 0.30108458 0.08270744 0.13335460 0.15885326 0.16170636 0.13900408 0.03932354 0.10277645 0.31351438 0.59226191 0.56583703 0.44028935 0.15117224 0.13293427 0.16368055 0.10435817 0.11275878 0.09990302 -0.03861001 -0.06547739
-0.06320470 -0.05598035 -0.06263027 -0.06101741 -0.06694847 -0.06211124 -0.06835611 -0.06605227 -0.06353813 -0.05320321 -0.06004626 -0.06862868 -0.06734799 -0.06525265 -0.06404512 -0.06491838 -0.07017178 -0.06550609 -0.06094992 -0.05859485 -0.06366558 -0.06241751 -0.06405001 -0.06134493 -0.06362233 -0.06142809 -0.05918872 -0.06148240 -0.06103354 -0.06445783 -0.06216143 -0.06429160 -0.06430892 -0.06342559 -0.06476872 -0.06200048 -0.06295661 -0.06105813 -0.05967349 -0.06175838 -0.06252966 -0.06372251 -0.06172764 -0.05851395 -0.05455276 -0.06231045 -0.06057170 -0.06265379 -0.05806971 -0.06313963 -0.05869448 -0.06193677 -0.05566269 -0.05784489 -0.05500646 -0.05596744 -0.05806776 -0.05681960 -0.05814086 -0.05465272 -0.06030794 -0.06357625 -0.06039743 -0.05769074 -0.05206377 -0.04879943 -0.06565759 0.01006182 0.10119624 0.12116614 0.23995700 0.13552204 0.04864581 0.15304674 0.16139188 0.17132187 0.17179947 0.16765189 0.16153236 0.17007935 0.16771300 0.17690051 0.17137289 0.17194703 0.17111829 0.17534344 0.17020012 0.17322809 0.17422168 0.17702046 0.17499506 0.17951076 0.17381185 0.17668861 0.17884010 0.17281312 0.15796244 0.16005459 0.23372290 0.30007613 0.30669454 0.29511088 0.13257438 0.05146207 0.00703889 0.07931369 0.17898947 0.17141023 0.16582364 0.19215673 0.21303150 0.22145946 0.37960744 0.48941940 0.37698475 0.24268065 0.00733619 0.12945375 0.12565027 0.06821969 0.08443663 0.06362388 -0.04430657 -0.07150583
-0.06465362 -0.06355602 -0.06271809 -0.06735031 -0.06098042 -0.07356472 -0.06618339 -0.06572607 -0.07067880 -0.06604265 -0.07538787 -0.06225949 -0.06112281 -0.05622096 -0.06623613 -0.06795594 -0.06897686 -0.06710614 -0.06543158 -0.06871045 -0.06558810 -0.07284430 -0.07205914 -0.07153259 -0.07012416 -0.06625132 -0.07358961 -0.07219815 -0.07064348 -0.06871814 -0.06966228 -0.07505664 -0.07597271 -0.06817683 -0.06856979 -0.06973764 -0.07244539 -0.07503638 -0.07549536 -0.06717928 -0.06872509 -0.05892081 -0.06515431 -0.06715938 -0.06767479 -0.06120011 -0.07113737 -0.06627373 -0.07233454 -0.06645573 -0.06465984 -0.06706173 -0.06829472 -0.06644512 -0.06785958 -0.05944906 -0.05702122 -0.05690508 -0.06079698 -0.06529467 -0.06549881 -0.05590791 -0.05992711 -0.06040674 -0.05894762 -0.02463247 -0.05274265 0.07935444 0.03712011 0.13367073 0.18905982 0.07603025 0.16452268 0.18194617 0.18597123 0.18602568 0.19280498 0.19195625 0.19827391 0.20136513 0.20695676 0.20770693 0.20165299 0.20220777 0.19963539 0.19919808 0.20688106 0.20815778 0.20492929 0.19927043 0.19903362 0.19296575 0.19934237 0.19359896 0.18678160 0.20278612 0.20634079 0.20207860 0.19827034 0.21595794 0.23092610 0.20059401 0.16627884 0.12772708 0.15434247 0.21925278 0.22342813 0.20769309 0.18850294 0.19536772 0.27358937 0.30131793 0.23935950 0.18961811 0.04854712 0.00287927 0.10945623 0.15013415 0.08551268 0.08312938 0.10440394 0.07021487 -0.04325234 -0.07017608
-0.06211308 -0.06463186 -0.06704962 -0.06582632 -0.07007920 -0.06715988 -0.07030047 -0.06458220 -0.06400728 -0.07133669 -0.06187689 -0.06395657 -0.05912106 -0.06497680 -0.06977439 -0.06742904 -0.06513805 -0.06839226 -0.07355809 -0.07158935 -0.07120889 -0.06358890 -0.06916748 -0.06685170 -0.06681841 -0.06895426 -0.06876051 -0.06892148 -0.06092766 -0.06720732 -0.06974932 -0.06723191 -0.06424450 -0.06700832 -0.07029866 -0.07650119 -0.06898659 -0.06901343 -0.07188556 -0.06595691 -0.06455974 -0.06737903 -0.06640521 -0.06696050 -0.06882465 -0.06642931 -0.06213611 -0.06857080 -0.06091594 -0.06839684 -0.07093492 -0.07501960 -0.06842463 -0.06888737 -0.06131371 -0.07008906 -0.06876592 -0.06741913 -0.06210903 -0.05978096 -0.05893448 -0.05836030 -0.06146181 -0.06251234 -0.04914768 -0.04911198 -0.00295458 0.05890253 0.04385709 0.20019703 0.13845348 0.14526564 0.19658847 0.19384754 0.19460706 0.20597543 0.20896696 0.21085399 0.21304911 0.21031734 0.21041763 0.20727293 0.20652355 0.21139920 0.21481952 0.20961249 0.22224855 0.21124692 0.20335428 0.20484908 0.20438375 0.21769872 0.21440139 0.21253885 0.21293555 0.20877284 0.21325384 0.22047547 0.22180657 0.21011558 0.20373119 0.20254292 0.20940340 0.22063765 0.22127144 0.20863931 0.21033193 0.20091204 0.20506480 0.21207190 0.21487297 0.20875178 0.20493953 0.20623070 0.22238447 0.15592590 0.17378008 0.10832842 0.06456286 0.08491060 0.06069765 0.00201758 -0.06374711 -0.07406782
-0.06501218 -0.06707598 -0.06392232 -0.06419858 -0.06561490 -0.06368534 -0.05748738 -0.06206569 -0.06605069 -0.06502113 -0.05654687 -0.06195374 -0.07075398 -0.07256365 -0.07006877 -0.06336136 -0.06552173 -0.06874359 -0.06064604 -0.06114323 -0.06034744 -0.07340556 -0.06605770 -0.06618103 -0.06479703 -0.06525458 -0.06298400 -0.06728079 -0.06855964 -0.06494690 -0.06832548 -0.05963851 -0.06846692 -0.06599963 -0.06739191 -0.06846381 -0.07196206 -0.06584590 -0.05930655 -0.06419937 -0.05864160 -0.07045442 -0.07296805 -0.06710533 -0.06635052 -0.06955127 -0.07215089 -0.07337275 -0.06898923 -0.05755906 -0.05869642 -0.05641378 -0.05839159 -0.05626284 -0.06486189 -0.06313009 -0.06270464 -0.06114634 -0.06039269 -0.05910468 -0.05505158 -0.06035279 -0.05529806 -0.05768644 -0.01801717 -0.06357735 0.05200226 0.02674186 0.16592604 0.22210217 0.12450551 0.17083317 0.18195593 0.18192852 0.18868794 0.18774223 0.18951303 0.19242257 0.19439319 0.19219914 0.18994853 0.19536801 0.19412388 0.19362573 0.19861023 0.19735478 0.19106284 0.19486274 0.19330652 0.19525759 0.19212136 0.19883806 0.19291507 0.19188285 0.19592832 0.18862668 0.19379777 0.19892643 0.20481992 0.20256786 0.19723572 0.19604500 0.19256094 0.18784490 0.18196407 0.18084016 0.18705791 0.18688151 0.18994008 0.19275968 0.19611385 0.18358432 0.17984255 0.18102376 0.15490371 0.14176691 0.10518874 0.04918670 0.04607473 0.05854744 -0.00573288 -0.04546273 -0.07141145 -0.07690482
-0.06564475 -0.06826168 -0.06386621 -0.05972529 -0.06136766 -0.06647905 -0.07241331 -0.06188668 -0.06746592 -0.05760433 -0.06451461 -0.07339573 -0.06800371 -0.07072125 -0.06459041 -0.07071783 -0.06689034 -0.06597393 -0.06294401 -0.05881961 -0.06497441 -0.06333950 -0.06491807 -0.06569339 -0.06983181 -0.06810430 -0.07318480 -0.07168476 -0.06608731 -0.06920801 -0.06964813 -0.06906951 -0.07040779 -0.06777246 -0.06655050 -0.06376375 -0.06463364 -0.06539596 -0.07020643 -0.06403045 -0.07023243 -0.06633004 -0.06692293 -0.07049721 -0.06703190 -0.06419469 -0.06728562 -0.06727914 -0.06282285 -0.06163011 -0.05471022 -0.06256820 -0.06056489 -0.06607670 -0.06408240 -0.06282854 -0.05634858 -0.05772849 -0.05914742 -0.05823281 -0.06108083 -0.06023793 -0.05998191 -0.04774489 -0.05354863 -0.01836607 0.06677337 0.05950114 0.24089094 0.14677891 0.10415040 0.17726400 0.17030455 0.17802541 0.18169081 0.18603100 0.18442480 0.17970793 0.18328434 0.18713216 0.18632373 0.19182456 0.19012426 0.19261703 0.18606162 0.18431439 0.18497501 0.18451284 0.19299613 0.18327855 0.18778938 0.18650195 0.18629600 0.18660295 0.18412565 0.18489580 0.18579219 0.18294846 0.18836278 0.19003299 0.18359534 0.18186235 0.17470506 0.16954552 0.17242278 0.16790786 0.17677830 0.18130839 0.18590687 0.18369865 0.17500043 0.16139862 0.17006689 0.18385795 0.11929515 0.12196491 0.08334718 0.04684502 0.06935091 0.03561819 -0.05179500 -0.05372395 -0.06439351 -0.08243103
-0.06578180 -0.05991393 -0.05448461 -0.06559635 -0.06188961 -0.06130930 -0.06062741 -0.06522685 -0.06495313 -0.06725781 -0.06638122 -0.06362312 -0.06581801 -0.05611046 -0.06312443 -0.06136098 -0.06735253 -0.06300853 -0.06832288 -0.07006140 -0.06753002 -0.06553297 -0.06443910 -0.06966054 -0.07777156 -0.07603386 -0.07647020 -0.06599962 -0.06827593 -0.05633558 -0.06194419 -0.06812543 -0.06830703 -0.06537785 -0.06340034 -0.06566807 -0.06322396 -0.05903158 -0.06597092 -0.06471200 -0.06663912 -0.07093638 -0.06211199 -0.06748316 -0.06712562 -0.06325539 -0.05955392 -0.05986867 -0.06235160 -0.06602518 -0.06857324 -0.06533448 -0.06184869 -0.05884449 -0.06026899 -0.06445051 -0.06613117 -0.06180109 -0.06838283 -0.06257626 -0.06172457 -0.06243208 -0.06249439 -0.01603310 -0.07589988 0.05774383 0.03143822 0.18840066 0.23407878 0.09730616 0.15312368 0.17374158 0.17915671 0.17172635 0.17116831 0.17476231 0.17988564 0.18354912 0.18530151 0.18449922 0.19151415 0.18764707 0.18967833 0.18445335 0.18895505 0.18517539 0.17882735 0.19245718 0.18692622 0.19231573 0.18338074 0.18722004 0.18896712 0.19190368 0.18605934 0.18568383 0.18432799 0.17649698 0.17268592 0.16638511 0.16368575 0.17250694 0.17774901 0.18864407 0.18396530 0.18639992 0.18700133 0.19243741 0.17559677 0.17935729 0.17147613 0.17062899 0.15915549 0.15784721 0.12319116 0.12599897 0.11202168 0.05529755 0.04983628 -0.04752017 -0.08016586 -0.05023817 -0.07656689 -0.07692336
-0.05972842 -0.05459895 -0.05475797 -0.05506243 -0.05967783 -0.06127325 -0.05820746 -0.06033181 -0.05729941 -0.06850945 -0.06457139 -0.06183912 -0.05943649 -0.06051407 -0.06641336 -0.06191076 -0.06459317 -0.07047436 -0.06150348 -0.06893735 -0.06385478 -0.06902940 -0.07281092 -0.07145298 -0.06240583 -0.06318941 -0.05631649 -0.06222369 -0.06285600 -0.07055174 -0.06983076 -0.05669299 -0.05521194 -0.06017828 -0.06139889 -0.06439779 -0.06290829 -0.06161756 -0.05786438 -0.06761748 -0.06573792 -0.06106256 -0.06358193 -0.05357362 -0.05512249 -0.05973967 -0.06362256 -0.06562957 -0.06376682 -0.06377061 -0.05746929 -0.05889951 -0.06109726 -0.05770708 -0.05754993 -0.06070201 -0.05413111 -0.05690375 -0.05610671 -0.05672160 -0.05695838 -0.05794720 -0.04645897 -0.07339284 -0.00655317 0.08249347 0.07966577 0.25005794 0.14028537 0.09158608 0.17623749 0.16581726 0.17364517 0.17601377 0.16893281 0.17754073 0.18104729 0.17682308 0.18493421 0.18788131 0.18008666 0.18169828 0.18087348 0.18266417 0.18019395 0.18603177 0.18702210 0.18837115 0.18445164 0.17740136 0.18366794 0.18506548 0.18881609 0.18929802 0.19670716 0.19003084 0.18975057 0.17746025 0.16855595 0.16078635 0.16082180 0.17638837 0.19203278 0.18920420 0.18272370 0.18368086 0.18350852 0.18344857 0.17841950 0.16862111 0.16981095 0.17493181 0.17225707 0.13428113 0.13887215 0.15081111 0.10378259 0.05843927 0.02678122 -0.06613442 -0.03995898 -0.03002699 -0.05803391 -0.06228328
-0.06474078 -0.06659979 -0.06501642 -0.06474022 -0.06368994 -0.06355360 -0.06647569 -0.05738094 -0.06358743 -0.06100690 -0.06254639 -0.06810896 -0.07085972 -0.06921136 -0.07190034 -0.06710967 -0.06502677 -0.06540186 -0.06860355 -0.06475528 -0.07088430 -0.07183495 -0.07178801 -0.06540725 -0.06269041 -0.05921908 -0.06226426 -0.07191463 -0.07060862 -0.06572582 -0.06614115 -0.06593072 -0.06799927 -0.06944802 -0.06257223 -0.06238822 -0.06343626 -0.06753654 -0.06883755 -0.06670205 -0.05975114 -0.05771715 -0.06332982 -0.06700672 -0.06887085 -0.06498547 -0.06234464 -0.06266820 -0.06040479 -0.06054869 -0.06617120 -0.06423033 -0.06572089 -0.06440849 -0.05671833 -0.05859391 -0.05451763 -0.05702524 -0.05917966 -0.05717330 -0.05824164 -0.05719218 0.00020069 -0.06084619 0.06445418 0.03506808 0.18344721 0.21783742 0.08271060 0.16084501 0.18034570 0.18170160 0.17803194 0.18140772 0.18479709 0.18972827 0.19362240 0.18971486 0.18934162 0.19135015 0.18310022 0.18032679 0.17964536 0.17813917 0.18242185 0.18490866 0.19032225 0.18576136 0.19180629 0.18857946 0.18015933 0.19564129 0.18939705 0.18906975 0.18956462 0.19368897 0.18977731 0.18516558 0.17733842 0.17952171 0.17898381 0.18020532 0.17372315 0.17027375 0.17863968 0.17896239 0.18049617 0.17664336 0.17668456 0.18758231 0.19256912 0.18576644 0.18529855 0.13975593 0.13428089 0.15422076 0.08148313 0.05334806 0.00828153 -0.04561905 -0.01895480 -0.05566060 -0.07240307 -0.07472855
-0.06022079 -0.06467893 -0.06139199 -0.06252283 -0.06110723 -0.05810906 -0.06589653 -0.06750000 -0.06828295 -0.06688560 -0.05991257 -0.06080040 -0.06504074 -0.06763405 -0.06196307 -0.07018311 -0.06438119 -0.06931269 -0.06430967 -0.06778304 -0.05956392 -0.06617483 -0.05697426 -0.05463217 -0.05663597 -0.06722476 -0.07125789 -0.06548417 -0.06693072 -0.06308512 -0.06210793 -0.06490625 -0.06748147 -0.06863043 -0.06899303 -0.06377148 -0.06950165 -0.06419814 -0.06257706 -0.05801043 -0.05857222 -0.06482092 -0.06507219 -0.06234811 -0.06508974 -0.05915751 -0.05754776 -0.06341958 -0.06287979 -0.06691124 -0.06703690 -0.06703336 -0.05717896 -0.05659715 -0.06433522 -0.06153581 -0.06682844 -0.05672232 -0.05981771 -0.06269504 -0.05657292 0.02112288 -0.03969195 -0.02223243 0.04931619 0.14689448 0.28815317 0.12103698 0.10619280 0.20123163 0.18419933 0.18439069 0.18634744 0.18993956 0.20105907 0.20379755 0.19774443 0.19562373 0.19606066 0.19058287 0.19603661 0.19681393 0.20190312 0.20342042 0.20179863 0.20594782 0.19762105 0.19503357 0.19382624 0.19588421 0.19874245 0.19933131 0.19464378 0.19934262 0.20199335 0.19602907 0.19513264 0.19878638 0.20741265 0.20294172 0.19718853 0.19066574 0.18368250 0.18707860 0.19529824 0.19831112 0.20380275 0.20063134 0.19691508 0.18410225 0.19459160 0.17030853 0.16642031 0.17116353 0.18274260 0.13278551 0.08264273 0.07188694 0.02735051 0.00687161 -0.01897068 -0.06183624 -0.06280209 -0.07263160
-0.06671327 -0.06767480 -0.06700971 -0.05785576 -0.05939124 -0.07165080 -0.06236231 -0.06671242 -0.06091990 -0.05798500 -0.06091725 -0.05927346 -0.06042686 -0.06075700 -0.06108624 -0.06384327 -0.06602889 -0.06253914 -0.06560389 -0.05986701 -0.06103002 -0.04920741 -0.05689680 -0.06406397 -0.07355344 -0.07049696 -0.07150255 -0.06141773 -0.06556577 -0.07133296 -0.07227282 -0.07460979 -0.06628526 -0.05672902 -0.05630659 -0.06826019 -0.06619134 -0.06598361 -0.06062794 -0.05890447 -0.05966560 -0.06713197 -0.06731672 -0.06559895 -0.05700953 -0.06014860 -0.06263091 -0.06946100 -0.06997127 -0.06257099 -0.05833878 -0.05712415 -0.05742631 -0.05730230 -0.05782902 -0.05529672 -0.05622780 -0.05791329 -0.06066409 -0.05721037 0.03128614 -0.03755695 -0.11527300 0.04371767 0.21615450 0.44509751 0.29203835 0.11405451 0.17411391 0.17938977 0.18553770 0.18423396 0.19423129 0.20329902 0.19759396 0.19014007 0.18948913 0.18634906 0.19122554 0.19192372 0.19162729 0.20074700 0.19468474 0.19728290 0.19554834 0.19565453 0.19777530 0.19534940 0.19645853 0.19228105 0.19369923 0.19268110 0.19565250 0.19360363 0.19210830 0.18886927 0.19113781 0.20260678 0.20546854 0.19949904 0.18922317 0.18894838 0.18295434 0.19428527 0.19196005 0.19370618 0.19095944 0.18391509 0.18484665 0.17511544 0.16456571 0.17672449 0.17061076 0.14590460 0.16733976 0.09269296 0.04324532 0.04231182 0.02181321 0.01190466 -0.02849317 -0.06167924 -0.06981243 -0.07196353
-0.06439912 -0.06359486 -0.06642608 -0.06423552 -0.06616382 -0.06119638 -0.06783380 -0.06302870 -0.06367929 -0.06391936 -0.06433731 -0.06960537 -0.06642518 -0.06296912 -0.06262164 -0.05881581 -0.06023934 -0.06658550 -0.05829765 -0.06511656 -0.06215379 -0.06599395 -0.06430162 -0.06817812 -0.06601342 -0.06882408 -0.06311679 -0.06566361 -0.07027714 -0.06621592 -0.06814517 -0.06085552 -0.06599684 -0.06990756 -0.07021946 -0.06852915 -0.06667145 -0.06170601 -0.06106307 -0.06234346 -0.06483988 -0.06366235 -0.06438964 -0.05936064 -0.06158133 -0.05753125 -0.06099031 -0.05743130 -0.06010877 -0.05671715 -0.06631800 -0.06672151 -0.06314390 -0.05658654 -0.05563863 -0.05774239 -0.06263199 -0.06076193 -0.06006665 0.02176594 -0.07184790 -0.10264923 0.06231432 0.30100259 0.54950058 0.41257393 0.13499653 0.09866598 0.18392226 0.18850936 0.19490868 0.19636680 0.18882170 0.18231833 0.17544904 0.17951800 0.18715023 0.18498659 0.19345093 0.18864612 0.18211530 0.18870193 0.18970369 0.19351315 0.19252892 0.18660350 0.18946812 0.18995713 0.19734356 0.19394302 0.19035958 0.18861064 0.18468420 0.17944884 0.18892545 0.19502509 0.19775806 0.20154908 0.20208503 0.19687225 0.19043091 0.18146655 0.17766178 0.17406882 0.17787592 0.16752765 0.16077539 0.15690330 0.15390773 0.17129970 0.17824259 0.16167897 0.12206216 0.07556434 -0.01187525 0.03630466 0.07531846 0.08306068 0.06049914 -0.02185875 -0.06592636 -0.06196289 -0.06910519 -0.06521455
-0.05736874 -0.05779170 -0.06542505 -0.06257523 -0.06792963 -0.05776875 -0.05115528 -0.05617230 -0.05966582 -0.06473289 -0.05913951 -0.06019134 -0.06066214 -0.06656619 -0.06285389 -0.06554466 -0.06023548 -0.06497249 -0.05811975 -0.06233736 -0.06355412 -0.06468059 -0.07173742 -0.05981132 -0.05894890 -0.05820177 -0.05905501 -0.05982629 -0.06003359 -0.05798992 -0.05695249 -0.05766636 -0.05930895 -0.06381451 -0.06078887 -0.06458405 -0.05604133 -0.06241002 -0.06416362 -0.06610955 -0.06092510 -0.05750427 -0.05492915 -0.05500451 -0.05971920 -0.06325624 -0.05444089 -0.06341090 -0.05600055 -0.06263600 -0.05770272 -0.05951953 -0.05511250 -0.05691648 -0.05972235 -0.06013137 -0.05465778 -0.04430097 0.02951258 -0.05152730 -0.09616335 0.06812214 0.34590471 0.56121421 0.41079760 0.13701287 0.03690919 0.18575567 0.18794537 0.18423496 0.18478031 0.17305215 0.17423129 0.17210223 0.17908657 0.19256568 0.18833636 0.18563749 0.17671895 0.17809016 0.18705736 0.19098788 0.19012396 0.18749399 0.18557285 0.19212021 0.18462905 0.18896350 0.18221349 0.18335551 0.18312851 0.19143742 0.18598159 0.19177620 0.19498155 0.19759592 0.19644223 0.19117643 0.18807276 0.18940744 0.18814968 0.18665391 0.17625760 0.16404286 0.15685716 0.15660655 0.15727642 0.16782008 0.16488364 0.16281384 0.11212558 0.02622753 -0.05147168 -0.05460574 0.00911346 0.06233788 0.09193866 0.03947172 0.01619810 -0.01627152 -0.06213481 -0.06644758 -0.06456958 -0.07299462
-0.05199797 -0.05856282 -0.05289297 -0.05842781 -0.04772316 -0.05691675 -0.06325021 -0.05989473 -0.05808322 -0.05755974 -0.06018659 -0.05958947 -0.05790192 -0.05452703 -0.05925726 -0.06160979 -0.06760068 -0.06382790 -0.06501175 -0.06531072 -0.06693397 -0.07006697 -0.06163859 -0.06493035 -0.06543098 -0.06525734 -0.06908696 -0.06319260 -0.06429186 -0.06501699 -0.06686523 -0.06379424 -0.06378467 -0.05980984 -0.05419973 -0.06079743 -0.06642794 -0.06380690 -0.06637044 -0.06404433 -0.06559624 -0.06203211 -0.06552923 -0.06419130 -0.06700146 -0.06027919 -0.05926173 -0.05782468 -0.06273982 -0.05593766 -0.05594194 -0.05134243 -0.05807251 -0.06203743 -0.06080461 -0.05774555 -0.05264264 0.02593940 -0.04609779 -0.09755953 0.08919366 0.34702453 0.52970278 0.35843867 0.09028642 0.02533036 0.17881659 0.17924197 0.17346032 0.17527115 0.17513102 0.17408982 0.15910804 0.16413155 0.18076864 0.18754901 0.18283893 0.18149444 0.18338259 0.18601017 0.18321711 0.18221274 0.18393843 0.18123986 0.18623298 0.18861684 0.19882485 0.19534500 0.19290279 0.18168022 0.18460578 0.18437457 0.18704754 0.19382544 0.19013825 0.18988581 0.18502450 0.18778501 0.19288407 0.18680498 0.19116384 0.19602136 0.18116079 0.15580624 0.15549284 0.16480240 0.17509547 0.12885624 0.08475830 0.00347985 -0.10535431 -0.15142858 -0.12431780 -0.02022547 0.05790117 0.03247055 -0.08209492 -0.14700136 -0.08346258 -0.05832992 -0.04521859 -0.05196908 -0.06792985 -0.06733724
-0.06159388 -0.05748495 -0.05853073 -0.05972145 -0.06702148 -0.05891352 -0.06235083 -0.06771900 -0.06436092 -0.06708675 -0.05981920 -0.05837467 -0.05920569 -0.06095901 -0.06463563 -0.06361757 -0.06844511 -0.06378255 -0.07361487 -0.06282521 -0.06679519 -0.05890855 -0.06465548 -0.06389473 -0.06488502 -0.06168818 -0.06425293 -0.06306767 -0.06212666 -0.06228603 -0.05622581 -0.06558034 -0.06043483 -0.07068044 -0.07210988 -0.07169355 -0.07199776 -0.06449953 -0.06227720 -0.06366423 -0.05672373 -0.06082290 -0.06861973 -0.06397584 -0.06422438 -0.06057003 -0.05884656 -0.05792852 -0.05607538 -0.05037918 -0.04868664 -0.05975059 -0.05747300 -0.05698494 -0.04713003 -0.05334508 0.01214703 -0.06785253 -0.09315528 0.07364843 0.32958221 0.53043449 0.38574144 0.10874784 0.05025214 0.17753744 0.18120876 0.17354265 0.17702791 0.18040192 0.18483903 0.17722468 0.16875397 0.17474073 0.17554119 0.17489794 0.18507193 0.19040525 0.19771835 0.19060190 0.18281823 0.19275235 0.18482606 0.19250920 0.19459237 0.18811186 0.18350771 0.18401119 0.18246925 0.18566866 0.18196091 0.19025521 0.19179267 0.19066398 0.19015032 0.18921016 0.18740913 0.18605544 0.18654357 0.19048019 0.18706337 0.18340124 0.18659654 0.18769771 0.16965374 0.15294367 0.07444577 -0.03273530 -0.09860821 -0.12922417 -0.08255836 -0.02224616 0.07497927 0.00868836 -0.15864700 -0.24034703 -0.26813182 -0.14745887 -0.03840636 -0.04144234 -0.06649765 -0.06846984 -0.06238244 -0.06338324
-0.06003459 -0.05605817 -0.06063145 -0.06654482 -0.06021549 -0.06513032 -0.05159034 -0.05666383 -0.05875671 -0.05647153 -0.06091054 -0.06015112 -0.06554938 -0.06691378 -0.06366067 -0.06484967 -0.06019551 -0.06374216 -0.05348125 -0.05887484 -0.05815416 -0.06523989 -0.06371067 -0.06032757 -0.06303728 -0.06364411 -0.06054508 -0.06398799 -0.06278899 -0.06171902 -0.06725327 -0.06436012 -0.07229801 -0.06964114 -0.06583083 -0.06186389 -0.06386419 -0.05910259 -0.05948244 -0.06338874 -0.06457327 -0.06162588 -0.06514636 -0.05976532 -0.06140600 -0.06224982 -0.05477786 -0.05255012 -0.05313835 -0.05597376 -0.06005097 -0.05813427 -0.06265678 -0.06034274 -0.05192307 0.02482827 -0.04899021 -0.09211305 0.07368606 0.32774875 0.51098621 0.38159055 0.11906782 0.04067040 0.17321083 0.17378937 0.16857642 0.18521997 0.18261111 0.18460627 0.18720780 0.17849129 0.18140058 0.18128847 0.17945211 0.18755364 0.19333375 0.18921191 0.18756537 0.18311360 0.18706928 0.18957461 0.18757914 0.18173437 0.18562205 0.18964818 0.19142689 0.19029091 0.19196557 0.18748476 0.19137324 0.19470966 0.19876361 0.19001049 0.19015731 0.18207982 0.18537408 0.18970166 0.19089322 0.19447027 0.19449589 0.19017106 0.18978266 0.18275295 0.12623483 0.07064518 -0.03171507 -0.10290103 -0.08873412 -0.03491279 0.04280136 -0.00107871 -0.15511744 -0.33857512 -0.42313913 -0.37985176 -0.22867846 -0.05937108 -0.00808981 -0.05083198 -0.05533943 -0.06657134 -0.07328258 -0.06805731
-0.06388661 -0.05880477 -0.05925196 -0.05247267 -0.05552288 -0.05163803 -0.06548569 -0.06214773 -0.06235955 -0.06129239 -0.06470989 -0.06833117 -0.06727676 -0.06497057 -0.06489812 -0.06668065 -0.06563830 -0.06483301 -0.07067423 -0.06672163 -0.06688301 -0.06291953 -0.05922007 -0.06251100 -0.06743350 -0.06746035 -0.06678274 -0.06617553 -0.06573208 -0.06501912 -0.06468675 -0.06617293 -0.06190517 -0.06335432 -0.05550282 -0.06218880 -0.06274288 -0.06816556 -0.06690679 -0.06383945 -0.05870461 -0.05813778 -0.05589305 -0.05833672 -0.05743767 -0.06289671 -0.05561428 -0.05696940 -0.06007201 -0.06068783 -0.06012268 -0.05753952 -0.05735427 -0.01914712 0.04501245 -0.06927829 -0.10325718 0.09192318 0.36900780 0.51102793 0.35747787 0.09578429 0.01355571 0.15423977 0.17246741 0.18110101 0.17963895 0.18306096 0.17756996 0.18575625 0.18394761 0.18849254 0.18271449 0.17896251 0.18073778 0.17990819 0.18704413 0.18412022 0.17777947 0.18716110 0.18818656 0.18924785 0.18545249 0.18456450 0.18309879 0.18713921 0.19383979 0.19777872 0.19874883 0.19239344 0.18645459 0.18915641 0.18094705 0.18335393 0.18292576 0.18644400 0.18711448 0.18941239 0.19617988 0.18862124 0.17505172 0.18262894 0.17532855 0.14999869 0.11610201 0.10737364 0.06694132 0.06089617 -0.02115065 -0.13604370 -0.23157871 -0.34042636 -0.40536287 -0.37126952 -0.23126903 -0.10060979 -0.00571899 -0.00327517 -0.05602530 -0.06135277 -0.05784960 -0.06656708 -0.07069848 -0.08026586
-0.06269712 -0.06542996 -0.06639698 -0.06507736 -0.06476736 -0.06682272 -0.05892926 -0.06478859 -0.06156326 -0.07110529 -0.07202838 -0.06645109 -0.06712477 -0.06055397 -0.06411940 -0.06922875 -0.06708751 -0.06674930 -0.05999169 -0.06321225 -0.06014162 -0.06472684 -0.06207348 -0.06408513 -0.06590407 -0.06313184 -0.06290299 -0.05759582 -0.05912411 -0.06511278 -0.06464270 -0.06817362 -0.06519920 -0.06075942 -0.06410298 -0.06106735 -0.06418871 -0.06010866 -0.06255867 -0.05724406 -0.05886377 -0.05454292 -0.06010702 -0.06109430 -0.06363778 -0.05996298 -0.06064338 -0.05574211 -0.05886337 -0.05499874 -0.05509061 -0.04441713 0.03594511 0.02976859 -0.10376440 -0.08600983 0.17903306 0.46905413 0.55646634 0.37511453 0.10946194 0.02547840 0.15178637 0.15932022 0.18086161 0.18290362 0.18868019 0.17737895 0.17454699 0.17239887 0.17927632 0.17028373 0.17135707 0.17709385 0.18723232 0.18237285 0.18167360 0.18285334 0.18714692 0.18739200 0.18605539 0.18278959 0.18927798 0.18898471 0.19509745 0.18768689 0.18281986 0.18084265 0.18454909 0.18767180 0.19123638 0.19385095 0.18576677 0.18773583 0.18740052 0.18780512 0.19439442 0.18595876 0.18204941 0.17503273 0.17809090 0.18725742 0.18100978 0.15463625 0.16226192 0.16997179 0.12718740 0.01758273 -0.19611281 -0.39385298 -0.42864206 -0.36579582 -0.21086583 -0.04355475 -0.00250547 0.01893719 -0.01825355 -0.06156663 -0.06748647 -0.08039097 -0.07023694 -0.06892452 -0.08108184 -0.08087912
-0.06569335 -0.06352260 -0.05811344 -0.06383865 -0.06486619 -0.06618427 -0.06533109 -0.05837746 -0.06555727 -0.05496326 -0.05641710 -0.06460308 -0.06324677 -0.06928765 -0.06612730 -0.06331460 -0.06244970 -0.05707248 -0.05967979 -0.05331820 -0.06136952 -0.06187678 -0.07263461 -0.06994524 -0.06937347 -0.06537364 -0.05691459 -0.06497280 -0.06576903 -0.06320824 -0.06515111 -0.06175837 -0.06367970 -0.06650061 -0.06584589 -0.06460501 -0.06090873 -0.06454500 -0.05903523 -0.05742523 -0.06270409 -0.06370699 -0.06535920 -0.05927368 -0.05521391 -0.06290512 -0.05710703 -0.06056879 -0.06074879 -0.05752298 -0.01148248 0.04074659 -0.06820665 -0.13236144 -0.01344086 0.34710315 0.62527680 0.59443498 0.36635637 0.09695888 0.00628743 0.14119026 0.14822812 0.16438176 0.18381974 0.18571442 0.17409888 0.18625893 0.17432910 0.17453074 0.16875346 0.16625836 0.15913907 0.17397404 0.18016481 0.18834485 0.18542649 0.18837951 0.18174437 0.17357200 0.17598912 0.19294271 0.19260922 0.19125913 0.18226047 0.19002281 0.18835168 0.18879727 0.19112384 0.18909942 0.19229218 0.19038659 0.19197908 0.18942447 0.18959863 0.18786120 0.18051033 0.18439408 0.17645776 0.18371640 0.19360894 0.18729346 0.18664987 0.17342320 0.13385361 0.12174350 0.08201905 -0.01941629 -0.12572818 -0.19870529 -0.14008804 -0.04544315 -0.00418213 -0.01597396 -0.06986375 -0.07167935 -0.06757148 -0.08894871 -0.08636795 -0.09975404 -0.07828540 -0.07571097 -0.06661626 -0.07366860
-0.05861136 -0.05940173 -0.06074728 -0.06302483 -0.06610917 -0.06821548 -0.06771929 -0.07388929 -0.06466350 -0.06255038 -0.06498460 -0.06846830 -0.06470786 -0.06017046 -0.05718841 -0.05932337 -0.06449679 -0.06859490 -0.06882532 -0.07346120 -0.06779154 -0.06732219 -0.06104274 -0.05972744 -0.06251208 -0.06496949 -0.06478810 -0.06990524 -0.07541780 -0.06769487 -0.06409499 -0.05943295 -0.06021695 -0.06839330 -0.06328870 -0.06304979 -0.06155657 -0.06308405 -0.06576493 -0.06225873 -0.06354513 -0.06173192 -0.05755665 -0.05422462 -0.05702097 -0.05900797 -0.06230359 -0.05860116 -0.03836522 0.02680822 0.00917257 -0.11069040 -0.08273794 0.15308702 0.51970780 0.70035577 0.56500387 0.28717798 0.04181916 0.03999306 0.16199502 0.18136923 0.17982367 0.18186186 0.18106131 0.18450469 0.18909459 0.18418014 0.18508612 0.17985977 0.18053690 0.17146569 0.16978627 0.16870756 0.17420761 0.17406385 0.17463523 0.18393582 0.18556227 0.18989964 0.19663617 0.19017103 0.18928160 0.18321832 0.19485813 0.19093411 0.19525774 0.19688362 0.19555110 0.19491287 0.18446018 0.18533193 0.18543741 0.18577524 0.19071078 0.19217716 0.18558393 0.17926599 0.18891984 0.18520716 0.18852840 0.18011437 0.17234790 0.18186837 0.15848002 0.12085998 0.11039852 0.07238051 0.05603732 -0.00310487 -0.00779842 -0.01801108 -0.05164641 -0.06730229 -0.07286394 -0.08296032 -0.08599077 -0.09927002 -0.08846247 -0.09179802 -0.08659223 -0.07916491 -0.07892640 -0.07348666
-0.06675042 -0.06346483 -0.06595736 -0.06422118 -0.06208271 -0.06578846 -0.06530943 -0.06413224 -0.06344901 -0.05966540 -0.06699342 -0.06406686 -0.06168255 -0.05843572 -0.05743247 -0.05813484 -0.06371135 -0.06550294 -0.06867557 -0.06171414 -0.05758657 -0.05902672 -0.06016201 -0.06137400 -0.06515109 -0.06552274 -0.07544737 -0.06904732 -0.06475315 -0.06218552 -0.06489826 -0.06589404 -0.06419561 -0.06202894 -0.06371527 -0.06432102 -0.06564461 -0.06326164 -0.06358168 -0.06297987 -0.05877146 -0.06140316 -0.05732127 -0.05846959 -0.05863091 -0.06296718 -0.06037401 -0.03687194 0.00840398 -0.06959522 -0.11775644 -0.00381543 0.34270179 0.63827443 0.64283526 0.38746002 0.09242289 -0.02890596 0.06762024 0.16891865 0.18255036 0.18539304 0.20009419 0.19257784 0.18273093 0.18529928 0.18591844 0.18047146 0.17361075 0.17605725 0.17676672 0.17546710 0.16307101 0.16024722 0.17818524 0.18119060 0.18132988 0.17706233 0.17471293 0.18300945 0.18487653 0.18761161 0.18289958 0.18445246 0.18891008 0.19463500 0.18911274 0.18772207 0.18170607 0.17763823 0.17974280 0.17848685 0.17864500 0.18536575 0.18916813 0.18593545 0.17957745 0.16305429 0.17080474 0.17243439 0.17617336 0.17866229 0.18163727 0.17294982 0.15454978 0.16280125 0.14675786 0.14102419 0.07296850 -0.05211442 -0.05658267 -0.08108790 -0.06458569 -0.07586914 -0.08200926 -0.09337929 -0.08940004 -0.08584972 -0.09278513 -0.06990796 -0.07981981 -0.06867957 -0.07438427 -0.08000262
-0.06281565 -0.06497090 -0.06369503 -0.05996685 -0.06197815 -0.05501950 -0.05771399 -0.06064551 -0.06026875 -0.07035080 -0.06055561 -0.06016412 -0.05876886 -0.06317006 -0.06331550 -0.06528489 -0.06476059 -0.06355551 -0.05656943 -0.05941951 -0.05769227 -0.05951855 -0.06360560 -0.06466492 -0.06770663 -0.06635173 -0.06090060 -0.05541011 -0.05609708 -0.06048962 -0.05920541 -0.06123035 -0.05924965 -0.05783407 -0.06127745 -0.05595064 -0.06166483 -0.05825540 -0.06167220 -0.06133683 -0.05850649 -0.05832702 -0.06056839 -0.06185383 -0.06010984 -0.06208477 -0.03693166 -0.00479569 -0.08126262 -0.07051712 0.07771689 0.42941034 0.66448641 0.54109704 0.26032525 0.03284404 0.05103244 0.15886289 0.18760128 0.19429040 0.18253683 0.19039585 0.19616768 0.17854811 0.17535460 0.18090944 0.17691579 0.18463820 0.18350478 0.17597947 0.18333748 0.16813420 0.15957347 0.16994692 0.18135062 0.19133157 0.20057854 0.18710481 0.18009351 0.18104500 0.18020318 0.18796392 0.19257346 0.19092080 0.17993112 0.18257234 0.17621434 0.18094791 0.18440484 0.18276466 0.18196172 0.18327054 0.18786301 0.18073666 0.17358264 0.17136955 0.16345470 0.17313042 0.16908228 0.17159340 0.17239469 0.17957433 0.17718834 0.17029257 0.14548799 0.16049850 0.16539504 0.15481676 0.08621544 -0.05320515 -0.07236093 -0.05076983 -0.07828891 -0.06370649 -0.08455355 -0.07822989 -0.06593767 -0.05728210 -0.06510822 -0.07108368 -0.08591804 -0.08033682 -0.08512177 -0.07134201
-0.06380586 -0.06461810 -0.06573557 -0.06131768 -0.05720857 -0.05825002 -0.06472602 -0.06288235 -0.06544030 -0.05869570 -0.06032059 -0.06036033 -0.06588494 -0.06991397 -0.06524544 -0.06528345 -0.06249494 -0.06077427 -0.05998660 -0.06190479 -0.06590574 -0.06478750 -0.06628472 -0.07289536 -0.06264106 -0.06524616 -0.06107639 -0.06097026 -0.06783164 -0.06745870 -0.06764882 -0.06277297 -0.06336931 -0.06840261 -0.06751028 -0.06568475 -0.05772287 -0.06087070 -0.06287967 -0.06020883 -0.06432820 -0.06413837 -0.06867798 -0.06073759 -0.05939468 -0.04533202 -0.01340639 -0.06443936 -0.04084311 0.12911917 0.39495838 0.54378909 0.35312018 0.09985432 -0.00020487 0.10034139 0.18474928 0.18996175 0.19133191 0.19894046 0.19515592 0.19113266 0.18323177 0.17504692 0.18287927 0.18504052 0.18605591 0.18689391 0.18257926 0.18189375 0.18448476 0.17851165 0.17248900 0.17966685 0.17586789 0.18474244 0.19045065 0.17939682 0.18237677 0.19036797 0.19236521 0.19421953 0.19242640 0.18230452 0.18302946 0.18490894 0.18776222 0.19343321 0.19149901 0.18947692 0.18627113 0.18449476 0.18789840 0.18484198 0.15902151 0.16561627 0.15961890 0.16862872 0.18055162 0.17462304 0.17497543 0.17294800 0.16689479 0.16146570 0.16087146 0.16149744 0.16376743 0.15389234 0.08460572 -0.04151022 -0.07065650 -0.07986337 -0.08086295 -0.08938293 -0.06786043 -0.07274023 -0.07238397 -0.08242135 -0.07912418 -0.08398131 -0.08384980 -0.08379987 -0.08702445 -0.06929734
-0.05931025 -0.06473962 -0.06377301 -0.07007447 -0.06478283 -0.06887402 -0.06564137 -0.06619655 -0.06507026 -0.06573949 -0.06227887 -0.06734612 -0.06902295 -0.06669276 -0.07204634 -0.06308609 -0.06894179 -0.06482000 -0.07210179 -0.06822421 -0.07815617 -0.07054032 -0.07527192 -0.06960735 -0.07033783 -0.06172977 -0.07173239 -0.06874060 -0.07258259 -0.06887539 -0.06327934 -0.06492136 -0.06027079 -0.06286819 -0.06286807 -0.05854686 -0.06399459 -0.06239848 -0.06198931 -0.06229406 -0.05725733 -0.06188434 -0.06057569 -0.05499288 -0.05238017 -0.02813339 -0.05287499 -0.03693157 0.11361609 0.29841232 0.43152732 0.26712871 0.06783619 0.04852103 0.15003127 0.18884085 0.19513331 0.19071017 0.19765075 0.18505624 0.18615384 0.18143569 0.17744499 0.17581832 0.17790392 0.18588111 0.18810864 0.18732853 0.18446304 0.18745282 0.19099237 0.19017360 0.17731951 0.17412522 0.17188737 0.18236394 0.18509813 0.18148117 0.18458752 0.19010308 0.19457719 0.19196449 0.18106312 0.18865155 0.19315979 0.19418184 0.19414462 0.19075556 0.18581286 0.19311254 0.19648027 0.19479917 0.17513028 0.17567155 0.17032635 0.18220037 0.19371499 0.16919094 0.18568131 0.17335463 0.16753829 0.17573005 0.17413250 0.17803219 0.15786798 0.16460319 0.14398317 0.15236199 0.08167894 -0.04038523 -0.06204686 -0.07065507 -0.07529426 -0.07662839 -0.08004481 -0.07666835 -0.08780754 -0.07483828 -0.08252273 -0.08710307 -0.06898351 -0.08087298 -0.06877242 -0.08298124
-0.05946580 -0.06023641 -0.06432140 -0.06747432 -0.07139023 -0.06755299 -0.06595100 -0.06206416 -0.06526718 -0.06895661 -0.06876686 -0.06905329 -0.06224608 -0.06274560 -0.06129402 -0.06452320 -0.06751499 -0.07190546 -0.07210419 -0.07563718 -0.06703135 -0.06963234 -0.05876147 -0.06190152 -0.06115401 -0.05896890 -0.06435753 -0.06363764 -0.05961976 -0.05900206 -0.05328970 -0.05807096 -0.06597874 -0.06139630 -0.06526774 -0.05702420 -0.05904404 -0.06674043 -0.06562538 -0.06493779 -0.06139470 -0.06086782 -0.05814160 -0.05300013 -0.03628989 -0.04856582 -0.06364364 0.09231991 0.20066841 0.36789912 0.29064047 0.10028822 0.09825385 0.19109257 0.20016530 0.20577078 0.19974752 0.19338866 0.17962104 0.17619041 0.17285177 0.18150271 0.18809101 0.19560461 0.18921264 0.17890042 0.18425266 0.18730018 0.19453534 0.18982692 0.18970953 0.18946251 0.18053965 0.17223480 0.18411408 0.18519941 0.19566920 0.19202483 0.19027373 0.18983312 0.18298458 0.17839631 0.18218617 0.18736288 0.19548105 0.19217600 0.19314301 0.18970856 0.19383988 0.18997441 0.20080163 0.19422311 0.19011985 0.17306513 0.18363458 0.18584347 0.20956688 0.20110139 0.19061394 0.18162194 0.16747600 0.17487606 0.19050276 0.17564219 0.18356004 0.14562038 0.13322128 0.13295653 0.05840074 -0.05378427 -0.06372295 -0.06674065 -0.07457924 -0.07610349 -0.07360686 -0.09045085 -0.08511895 -0.08036965 -0.07516743 -0.07999462 -0.08083084 -0.08462878 -0.09170161 -0.07968464
-0.06426555 -0.05636723 -0.06741571 -0.05805421 -0.05646078 -0.05792402 -0.05946682 -0.06780294 -0.05720368 -0.05313949 -0.06119235 -0.06309339 -0.06574858 -0.06362076 -0.06392113 -0.06691270 -0.06442530 -0.06880300 -0.06742138 -0.06287669 -0.06665325 -0.06196390 -0.05789505 -0.05959002 -0.06310041 -0.06560864 -0.06206141 -0.06382018 -0.05043752 -0.05743115 -0.05574168 -0.05240427 -0.05313668 -0.05426861 -0.05416098 -0.06419639 -0.06643976 -0.06411482 -0.06010095 -0.05453297 -0.05146895 -0.05314513 -0.05346032 -0.05265701 -0.03197543 -0.04512551 0.06782862 0.14088623 0.27121884 0.28146827 0.13531649 0.09307423 0.18429105 0.19439939 0.19649613 0.18565662 0.16622898 0.16399115 0.16130640 0.16510221 0.17854752 0.18495700 0.18783247 0.18005311 0.18178372 0.18019147 0.18299486 0.18788932 0.18231739 0.18836404 0.18038754 0.17183077 0.16594401 0.16804776 0.16643515 0.18368293 0.18290146 0.17977542 0.18115216 0.18349279 0.18858330 0.19051230 0.19150254 0.18919124 0.18379122 0.18463856 0.18827899 0.19426207 0.19142942 0.18714651 0.18061507 0.17970397 0.18805964 0.20699038 0.19754037 0.19111410 0.18006258 0.19364372 0.19267768 0.19672334 0.18666334 0.16940048 0.17610544 0.14659519 0.15209061 0.10920490 0.10840601 0.11709106 0.02351162 -0.06779154 -0.07446103 -0.07172081 -0.06718268 -0.06010641 -0.05651727 -0.06255818 -0.07538049 -0.08370905 -0.08779950 -0.08138493 -0.08045089 -0.07772441 -0.07613331 -0.08080521
-0.05702147 -0.05769562 -0.05418818 -0.05365143 -0.05381782 -0.05775472 -0.05512529 -0.05683202 -0.05779696 -0.05774721 -0.05701377 -0.05395964 -0.05500434 -0.05766692 -0.05824082 -0.05574074 -0.05495712 -0.05976409 -0.05456471 -0.05464584 -0.05325885 -0.05912968 -0.05980335 -0.07009661 -0.06434023 -0.05554059 -0.05639807 -0.05293271 -0.05680361 -0.05194502 -0.04765022 -0.04913539 -0.04920889 -0.05356661 -0.05605167 -0.05716302 -0.05632910 -0.05395853 -0.05838455 -0.05445244 -0.05722776 -0.05235904 -0.05192502 -0.03317519 -0.04003302 0.01371224 0.10757683 0.15019307 0.23095912 0.13439059 0.07275827 0.16725031 0.17460193 0.17351839 0.16811591 0.16305918 0.16648592 0.17613766 0.18629549 0.18323991 0.18553087 0.18536104 0.18754585 0.19172035 0.18100779 0.18972655 0.18550846 0.18689118 0.18373477 0.17658061 0.17877117 0.16786963 0.16291687 0.15990841 0.16290048 0.18216656 0.19199841 0.18822077 0.17976123 0.18304461 0.18594982 0.19188008 0.18813048 0.18560642 0.18794976 0.18175964 0.18655843 0.18220586 0.18177399 0.18210271 0.19064896 0.19260709 0.19702788 0.19583489 0.21112567 0.19741620 0.19627996 0.16876675 0.18503267 0.19588690 0.19398069 0.18585734 0.15235105 0.14258510 0.13830838 0.07243118 0.10284118 0.07802083 0.00370974 -0.05241869 -0.05730194 -0.05489759 -0.05718667 -0.06834179 -0.07172875 -0.07176483 -0.06834499 -0.06080059 -0.06551456 -0.07291876 -0.07197732 -0.06987315 -0.06654692 -0.07015777
-0.05137064 -0.05441623 -0.05754139 -0.06099243 -0.05851259 -0.04996373 -0.05190314 -0.04999120 -0.05697825 -0.06289511 -0.06050783 -0.05877408 -0.05816782 -0.05183598 -0.06247107 -0.05551852 -0.06048279 -0.05862892 -0.06107797 -0.06533358 -0.06309718 -0.05924123 -0.05836517 -0.05270213 -0.06566427 -0.05779272 -0.05722712 -0.05959450 -0.05769785 -0.06971529 -0.06224175 -0.06160146 -0.06686654 -0.06143733 -0.06531674 -0.05449163 -0.05059133 -0.05678646 -0.05453153 -0.06051785 -0.05723035 -0.06161366 -0.05525153 -0.04073700 -0.02420823 0.08258560 0.08604282 0.16907196 0.18042950 0.09979341 0.16131592 0.17923264 0.17895967 0.17478715 0.17604148 0.16892084 0.17410737 0.18971613 0.18614767 0.18430103 0.17150122 0.17099717 0.17497280 0.17965361 0.17921102 0.17415273 0.17396449 0.17516053 0.17767973 0.18164212 0.17061251 0.17357188 0.16581663 0.16312400 0.17150417 0.17840615 0.18789527 0.18304774 0.18199855 0.18267170 0.18375115 0.18707363 0.18283890 0.18821922 0.18721917 0.19594634 0.18929592 0.19033998 0.18894079 0.18761811 0.18293446 0.18867967 0.19003455 0.18731931 0.18195251 0.19048069 0.18984284 0.18890263 0.17563438 0.17601350 0.15393239 0.17280278 0.13810581 0.13150483 0.10532954 0.06681131 0.08305959 0.01456856 -0.02784345 -0.04815438 -0.05548172 -0.05607958 -0.06544942 -0.07614502 -0.06570938 -0.07498923 -0.07222746 -0.07295522 -0.06996489 -0.07179239 -0.07383378 -0.06824988 -0.08799818 -0.08110219
-0.06268600 -0.05581576 -0.05432630 -0.05740993 -0.06039272 -0.05934525 -0.05789307 -0.05848826 -0.05226056 -0.06057727 -0.05715612 -0.06210191 -0.06351721 -0.06617606 -0.05083549 -0.05673158 -0.05755339 -0.05812363 -0.05837264 -0.05284434 -0.05385848 -0.05720247 -0.05603159 -0.05893954 -0.05479393 -0.05688059 -0.05592354 -0.06184260 -0.06325120 -0.05969189 -0.06965759 -0.05682477 -0.06109612 -0.05480347 -0.05609977 -0.05288824 -0.05037727 -0.05387171 -0.04973213 -0.05070005 -0.05062165 -0.04857300 -0.04719809 -0.03673904 0.01843535 0.07844755 0.07841531 0.16152774 0.12566766 0.12272544 0.16878122 0.16032065 0.16021332 0.16503522 0.16763122 0.17507145 0.16499540 0.17053431 0.16560695 0.15136886 0.16392362 0.16456708 0.17423576 0.16288333 0.17439955 0.16996014 0.17313147 0.18032998 0.17584388 0.18053287 0.17996761 0.17398793 0.15937671 0.15572801 0.17077228 0.17846020 0.18179773 0.17234182 0.17474273 0.18162617 0.18757801 0.18498069 0.18541214 0.18356168 0.18352638 0.17629465 0.18272717 0.18356724 0.17788507 0.17442137 0.17535657 0.17642373 0.17884420 0.18621306 0.17976081 0.17973498 0.17365184 0.16738090 0.16837080 0.15847418 0.16327737 0.14253035 0.12192420 0.14466611 0.04633607 0.05792741 -0.00119289 -0.04668827 -0.02537436 -0.05378330 -0.06609118 -0.06809021 -0.06667934 -0.06062250 -0.06635576 -0.06262509 -0.06726397 -0.06906094 -0.07412572 -0.07265726 -0.07113542 -0.07821466 -0.07940178 -0.07961093
-0.06601361 -0.06161729 -0.06026735 -0.06025282 -0.05839499 -0.06670827 -0.07151920 -0.07118137 -0.06541353 -0.06069584 -0.05797514 -0.05706840 -0.05898017 -0.06089505 -0.06477392 -0.06453220 -0.05683639 -0.05647750 -0.05840460 -0.05893150 -0.05468777 -0.06147049 -0.06233264 -0.06889597 -0.07008174 -0.06470243 -0.06705730 -0.06566165 -0.06946731 -0.06996739 -0.06486202 -0.06100863 -0.06287543 -0.06090956 -0.05986366 -0.05587921 -0.05858561 -0.05603913 -0.05934033 -0.05552780 -0.05805884 -0.05792173 -0.03484720 -0.03215543 0.03485291 0.01940624 0.06823534 0.13365632 0.11219357 0.15549880 0.16609482 0.16899335 0.17672646 0.16429266 0.17391005 0.16028771 0.17166658 0.17370917 0.17041835 0.16143802 0.14933252 0.16973157 0.17569768 0.18954441 0.17809996 0.18752915 0.18494414 0.18506758 0.17937145 0.17286311 0.17899935 0.18017012 0.16770267 0.17906815 0.18220165 0.18375842 0.18735257 0.18874705 0.19316599 0.18853542 0.17863464 0.18166855 0.17353413 0.18181060 0.18170454 0.17872156 0.18582928 0.18635051 0.18880139 0.18756020 0.18249896 0.19202109 0.19036405 0.18608147 0.19159238 0.18419839 0.18187118 0.16448757 0.16384572 0.17132235 0.18460396 0.14050516 0.12150354 0.11020814 0.04625532 0.03302828 -0.08015990 -0.06538777 -0.03449226 -0.05812868 -0.06391068 -0.07360396 -0.07317534 -0.07437442 -0.07921714 -0.07094108 -0.07279950 -0.06529091 -0.07205522 -0.07822618 -0.06833297 -0.07858630 -0.07066531 -0.07383209
-0.05943097 -0.06085587 -0.06129968 -0.06418554 -0.06316765 -0.05879896 -0.05318163 -0.05541182 -0.05734387 -0.06219146 -0.06081054 -0.05795733 -0.05584317 -0.04997873 -0.05229668 -0.06062005 -0.06513775 -0.06766278 -0.06482624 -0.06678389 -0.07210812 -0.06863237 -0.06119514 -0.05852856 -0.05515045 -0.06346086 -0.06405648 -0.06614920 -0.05837798 -0.06506615 -0.05822301 -0.06105764 -0.05245231 -0.05280033 -0.05015446 -0.05688129 -0.05145302 -0.05140503 -0.05692147 -0.05708062 -0.05296883 -0.04279607 -0.02373908 -0.03790565 0.02805451 0.03454083 0.16872358 0.15189362 0.14443362 0.18453854 0.18104994 0.18618408 0.17874339 0.19000489 0.19233859 0.19644704 0.18538618 0.18869437 0.17978805 0.16929598 0.17407805 0.17578880 0.19226435 0.19159982 0.19820952 0.18843322 0.19394067 0.18157887 0.19249524 0.18928094 0.19040701 0.19397390 0.19241597 0.19668294 0.20537654 0.20324992 0.20262933 0.19508368 0.19050242 0.18698686 0.18712139 0.19446598 0.19280270 0.19170168 0.19693984 0.19999917 0.20085607 0.19418809 0.19728278 0.19500354 0.19669992 0.19293857 0.19305368 0.19059922 0.18872452 0.18751933 0.17468938 0.18172269 0.18627067 0.17228994 0.16677859 0.15173054 0.19401814 0.08972985 0.06903587 0.00379721 -0.07495861 -0.01401272 -0.04299738 -0.06218326 -0.06418358 -0.06780921 -0.05992223 -0.06797453 -0.06656952 -0.07286942 -0.08360106 -0.07475726 -0.07345994 -0.06709183 -0.08079244 -0.08457606 -0.08249237 -0.08189519
-0.05838444 -0.05490943 -0.05541095 -0.05681189 -0.06011646 -0.05485101 -0.05618659 -0.05679397 -0.05606374 -0.05021670 -0.06259579 -0.05839123 -0.05762295 -0.06090003 -0.06195903 -0.05512192 -0.05974391 -0.05308726 -0.06000687 -0.05402186 -0.05419451 -0.05827102 -0.06235771 -0.05575551 -0.06231937 -0.05159873 -0.05888107 -0.04922967 -0.05295658 -0.05499314 -0.05558693 -0.05347396 -0.05226451 -0.05301250 -0.05324838 -0.06173445 -0.05508788 -0.05841676 -0.05750176 -0.05172022 -0.05429940 -0.05373512 -0.08174384 0.04219075 0.04821214 0.13958624 0.20320055 0.13824661 0.15983555 0.17863055 0.18476528 0.18065444 0.19258326 0.19029111 0.19662929 0.19926630 0.19219732 0.17935461 0.17493816 0.16963637 0.17228818 0.17378700 0.17357302 0.18493471 0.18043137 0.18288217 0.18145357 0.19367088 0.19092011 0.20386887 0.21225007 0.20798552 0.19965395 0.18283051 0.18682541 0.18184610 0.18086568 0.17371264 0.18586184 0.19202538 0.19860974 0.19984923 0.19862993 0.20045930 0.19320123 0.19425872 0.18872528 0.19455409 0.19098568 0.18920231 0.18898878 0.19890125 0.19257148 0.19719863 0.18210632 0.17760684 0.17802268 0.17741460 0.18633348 0.18719654 0.16533440 0.15234347 0.15226698 0.07402065 0.07335695 0.01902841 -0.01016403 -0.01892080 -0.05495121 -0.06024700 -0.06901351 -0.06629377 -0.06690771 -0.05764842 -0.06825869 -0.06922567 -0.06653484 -0.07386185 -0.06656032 -0.07986391 -0.07668115 -0.07708240 -0.06929012 -0.07498790
-0.06408422 -0.06210605 -0.05543092 -0.05908216 -0.05383521 -0.05426162 -0.05722378 -0.06118554 -0.05474113 -0.05743814 -0.05517057 -0.05909937 -0.05464830 -0.06833249 -0.06284541 -0.06180601 -0.05355208 -0.05289698 -0.04978421 -0.05763798 -0.05819641 -0.05316863 -0.05530041 -0.05680836 -0.05846029 -0.06294309 -0.05361315 -0.05588225 -0.05624062 -0.05475067 -0.05674282 -0.05341171 -0.05334833 -0.05716177 -0.05886401 -0.05716926 -0.05343815 -0.05277469 -0.05335317 -0.04451051 -0.04676735 -0.04195349 -0.01081014 0.08189107 0.09457745 0.15735275 0.16485173 0.11126068 0.16451237 0.17697173 0.17925088 0.18387097 0.18601729 0.19001959 0.17827390 0.17431721 0.16833356 0.18299866 0.18190590 0.17904015 0.15995190 0.15819535 0.16278666 0.17667544 0.18839681 0.18343373 0.18174843 0.18775256 0.18961661 0.18144256 0.19596221 0.18717502 0.18435436 0.17647627 0.17710286 0.17837568 0.17969231 0.19232899 0.19406199 0.19090593 0.18395029 0.18783750 0.18453208 0.18680425 0.19601229 0.18490954 0.18835412 0.18817244 0.18945253 0.18958291 0.18428479 0.18125486 0.18575908 0.17564815 0.18482260 0.18261026 0.18393877 0.17164248 0.17262176 0.18920659 0.17225155 0.15549017 0.08217101 0.04266461 0.06419387 0.03007877 0.01744905 -0.03538541 -0.06200986 -0.06371614 -0.05913676 -0.06308618 -0.06706385 -0.07029276 -0.06588269 -0.07142282 -0.05751112 -0.06451154 -0.06905933 -0.08084062 -0.07899505 -0.06844804 -0.06955178 -0.06820373
-0.06125529 -0.06015115 -0.06183077 -0.05569198 -0.05179995 -0.05566247 -0.06375217 -0.07047591 -0.05872222 -0.06201126 -0.06297299 -0.05641250 -0.06684033 -0.05245593 -0.05657669 -0.05553367 -0.05727287 -0.05895715 -0.05941506 -0.05513205 -0.05781121 -0.05942839 -0.05599860 -0.05992065 -0.05249874 -0.05753747 -0.06099347 -0.05743470 -0.06162941 -0.05750317 -0.06370493 -0.06118329 -0.05927958 -0.05037642 -0.05620319 -0.05529021 -0.05798932 -0.05568638 -0.04930084 -0.05114861 -0.04384274 -0.02986533 0.04308482 0.04621757 0.00575553 0.07285006 0.05156201 0.13529058 0.16134028 0.16958398 0.17861477 0.18854313 0.18915176 0.17791596 0.18685581 0.18403876 0.19667302 0.18619983 0.18779686 0.16914237 0.15959942 0.16142684 0.17014343 0.18334903 0.18677706 0.18892528 0.18738481 0.19563074 0.18787746 0.18498980 0.17979543 0.17356986 0.17803869 0.19066796 0.19483809 0.19429943 0.19107865 0.18809453 0.19267280 0.18476500 0.18496406 0.18683355 0.19146308 0.19233494 0.18866342 0.18712853 0.18697703 0.18781689 0.18421422 0.18788862 0.18833119 0.18683060 0.18278877 0.18129009 0.18777354 0.20146695 0.19605120 0.19546893 0.17893480 0.19144224 0.13592784 0.14814943 0.08731899 0.07455912 0.04064380 -0.01446324 -0.02557364 -0.04479726 -0.05327258 -0.05566959 -0.05603539 -0.06589027 -0.06640305 -0.06493083 -0.06597869 -0.06153742 -0.07807295 -0.07131907 -0.07622267 -0.06760212 -0.04882291 -0.06258671 -0.06523193 -0.07703981
-0.06975227 -0.06707000 -0.06416953 -0.06149726 -0.06663563 -0.07291964 -0.07664895 -0.06906102 -0.06026217 -0.05456563 -0.05445094 -0.05627038 -0.05565035 -0.05681307 -0.05820594 -0.05559027 -0.06428429 -0.06609438 -0.06517837 -0.05999349 -0.05671033 -0.05521955 -0.05301855 -0.05419256 -0.05493508 -0.05587516 -0.05682185 -0.06467000 -0.05146951 -0.05476531 -0.05435126 -0.05935852 -0.06430849 -0.06378464 -0.05653220 -0.05450809 -0.05229037 -0.04671274 -0.05369808 -0.05069077 -0.03907335 -0.03264025 0.03070479 0.01132900 0.04508587 0.11483763 0.12934923 0.16911750 0.17587924 0.17433317 0.17348969 0.17826051 0.17654797 0.17185330 0.18181512 0.18990032 0.19020280 0.18025616 0.17379880 0.16677144 0.18077986 0.18090533 0.16647449 0.16836742 0.17918074 0.17835826 0.18024306 0.18403663 0.17674455 0.18923515 0.17966416 0.17769556 0.18031262 0.18135539 0.18458575 0.17871863 0.18228272 0.18552116 0.18474564 0.19258103 0.18791658 0.19604298 0.18562779 0.18151507 0.18290353 0.18484253 0.18969621 0.18941742 0.19211748 0.19230932 0.18111171 0.19259383 0.18399273 0.18832392 0.19464137 0.19032097 0.18595922 0.18556328 0.18143702 0.16509263 0.14539619 0.13582644 0.08754800 0.07633806 0.00138554 -0.03575968 -0.04512270 -0.06015950 -0.06587731 -0.06271855 -0.06111892 -0.05427673 -0.06210981 -0.06993897 -0.06894461 -0.07491308 -0.07453148 -0.07940286 -0.06969225 -0.06749986 -0.07083398 -0.07666825 -0.08502211 -0.07928446
-0.07009733 -0.06963085 -0.06468027 -0.06836124 -0.06607921 -0.05853260 -0.05333930 -0.05207381 -0.04943441 -0.05147152 -0.04912009 -0.05861969 -0.05514156 -0.05670565 -0.06322685 -0.06212740 -0.05658211 -0.05562899 -0.05389684 -0.05386823 -0.05986894 -0.05863629 -0.06330659 -0.05902521 -0.05813374 -0.05860407 -0.05837993 -0.05645236 -0.06192479 -0.05638070 -0.05575748 -0.05264705 -0.05496076 -0.05864883 -0.06207362 -0.05730186 -0.05388518 -0.05008950 -0.05236282 -0.04987978 -0.05014866 -0.03442089 0.04958822 0.01561052 0.10996198 0.13597748 0.14650777 0.15969987 0.15923192 0.16085169 0.15928715 0.16607150 0.16380352 0.17076302 0.17442271 0.18195762 0.18145756 0.19417942 0.19325584 0.20744257 0.18890475 0.16727425 0.14887084 0.15415254 0.18538307 0.18586995 0.18794619 0.17490345 0.17176428 0.17644453 0.18583439 0.18715264 0.17906934 0.17227122 0.16984931 0.17408197 0.17916112 0.18103708 0.18689719 0.18705578 0.18014951 0.17834133 0.17872056 0.18328111 0.18757170 0.19053361 0.19013639 0.18270004 0.18478757 0.18366896 0.18492298 0.18167445 0.18703195 0.18302706 0.18394721 0.17762372 0.17840528 0.16910586 0.18585272 0.16705433 0.13511410 0.12603581 0.08068424 0.07401606 0.02001549 -0.01878429 -0.03839488 -0.06047740 -0.06040783 -0.06346884 -0.06909273 -0.07670866 -0.07780936 -0.07175452 -0.06968898 -0.07729936 -0.06658133 -0.07283261 -0.06855711 -0.06996886 -0.07717477 -0.07899904 -0.06900285 -0.07439607
-0.05754705 -0.06212910 -0.06562828 -0.06551402 -0.05451726 -0.03921159 -0.04049620 -0.05143549 -0.06107803 -0.05868445 -0.06287312 -0.05979621 -0.06176161 -0.05886203 -0.05167460 -0.05269786 -0.04915139 -0.05397435 -0.05366997 -0.05586012 -0.05373698 -0.05993319 -0.05780458 -0.06173392 -0.06044888 -0.05847493 -0.06239430 -0.05655622 -0.05368459 -0.06048089 -0.05276834 -0.06625334 -0.05856940 -0.05562378 -0.05096997 -0.05587737 -0.05957834 -0.06301553 -0.05705915 -0.04972950 -0.04787499 0.01321077 0.04666067 0.02004332 0.07028068 0.11459069 0.14615691 0.17175643 0.17216563 0.16899961 0.18154611 0.18012366 0.19659463 0.19165456 0.19348912 0.19224252 0.19076370 0.19605468 0.19719107 0.19764121 0.18244991 0.18035121 0.18236314 0.17652899 0.18606667 0.18925290 0.18561529 0.19170247 0.18828084 0.17870039 0.16998340 0.16834819 0.16706476 0.18931441 0.19493204 0.19092841 0.18857151 0.18601052 0.19625638 0.19782656 0.19735426 0.19932596 0.19288830 0.18520880 0.18885827 0.18657976 0.18797560 0.18852846 0.19437499 0.19086538 0.18906614 0.19173791 0.18775105 0.19545949 0.18640839 0.19030379 0.18656193 0.19025894 0.18662889 0.17913893 0.15285403 0.12646216 0.13667563 0.10989100 0.06392400 -0.01359862 -0.05608069 -0.06586377 -0.06668612 -0.07206504 -0.07133645 -0.06470943 -0.06902950 -0.06197304 -0.06528258 -0.06471258 -0.06442335 -0.06496880 -0.07682189 -0.07840376 -0.08726615 -0.08006006 -0.07548924 -0.07439825
-0.04290154 -0.05235650 -0.05740060 -0.06033598 -0.05208684 -0.05171248 -0.04797415 -0.05592476 -0.06155838 -0.05820814 -0.05579618 -0.05464478 -0.04916684 -0.05474286 -0.05685442 -0.05533578 -0.05718110 -0.05539516 -0.06218397 -0.06561560 -0.06159673 -0.06037541 -0.05803488 -0.05478132 -0.05676214 -0.06125586 -0.05766150 -0.05748729 -0.05787123 -0.05403431 -0.05375098 -0.05030934 -0.05902591 -0.05405811 -0.05955084 -0.05475338 -0.05915859 -0.05394781 -0.05560563 -0.03561912 -0.01637491 0.03046258 0.01202513 -0.00041143 0.05811547 0.11307240 0.17064436 0.18634422 0.19125293 0.19038546 0.19014865 0.19360916 0.19392863 0.18685323 0.18971983 0.19460812 0.20105426 0.19466847 0.19896062 0.20485063 0.19967362 0.21535350 0.20832834 0.18279634 0.17612386 0.18274115 0.18123789 0.18734021 0.19214167 0.19372670 0.19367144 0.18721299 0.18423469 0.19869360 0.20589152 0.19304807 0.18609746 0.18919317 0.19758676 0.19981685 0.19116414 0.19166408 0.19157787 0.19181746 0.19134790 0.18754996 0.19336665 0.20178823 0.20107158 0.19665043 0.19017106 0.19111148 0.19411305 0.19185771 0.19666165 0.19901346 0.19917139 0.19913085 0.18139979 0.16252255 0.17641258 0.14762855 0.14869741 0.11494032 0.06277005 -0.03280517 -0.05723106 -0.05584200 -0.05747718 -0.06273944 -0.06406199 -0.06093341 -0.06016701 -0.07185161 -0.06781883 -0.07369332 -0.06808286 -0.07504529 -0.07546730 -0.08086115 -0.07045966 -0.07197320 -0.07911807 -0.08428350
-0.04509876 -0.04675985 -0.05453931 -0.05801095 -0.07145078 -0.06685783 -0.06494698 -0.05773207 -0.05301677 -0.04950039 -0.05394073 -0.06026004 -0.05845524 -0.06053201 -0.06194258 -0.06754436 -0.06336813 -0.06072275 -0.05891900 -0.05475426 -0.05685693 -0.05956431 -0.05770204 -0.05820286 -0.05389900 -0.05705426 -0.05456466 -0.05358048 -0.06121927 -0.06421329 -0.06259911 -0.05960449 -0.05359526 -0.05944330 -0.05576298 -0.05950649 -0.05156253 -0.05149033 -0.04539402 -0.02813662 -0.03539950 0.01546663 -0.01839319 0.07825112 0.12726837 0.16390607 0.18013366 0.17789456 0.18119355 0.17751825 0.17015520 0.18171157 0.17640540 0.17616221 0.18793267 0.19405800 0.19570747 0.19810742 0.18308043 0.19442485 0.19553459 0.19686136 0.17742682 0.15537338 0.16535476 0.18751432 0.19100222 0.18742624 0.18513323 0.18367481 0.19660187 0.20057102 0.18988541 0.18413264 0.18424483 0.18361063 0.19114059 0.19282229 0.18602294 0.18421023 0.17808115 0.18697652 0.19150878 0.19153117 0.19176622 0.19069678 0.18935163 0.19495878 0.18560006 0.18841164 0.18372151 0.18522514 0.19095919 0.19222650 0.18867156 0.19331047 0.18795809 0.17839918 0.18214850 0.16668868 0.13926718 0.14658208 0.14027762 0.13670623 0.07629637 -0.04079797 -0.05375654 -0.06039252 -0.06521083 -0.06485717 -0.06536143 -0.07319945 -0.07503124 -0.07359229 -0.06759698 -0.06505456 -0.07158814 -0.07536595 -0.08050996 -0.07405260 -0.07134843 -0.06933752 -0.06714568 -0.06411437
-0.05233935 -0.05747098 -0.05325657 -0.05221178 -0.05180878 -0.05391543 -0.05097613 -0.06081996 -0.05403452 -0.05697986 -0.05889219 -0.05858992 -0.06194954 -0.05553398 -0.05437796 -0.05052307 -0.05313927 -0.05568927 -0.05607993 -0.05290596 -0.05929372 -0.05730130 -0.06034347 -0.05942335 -0.05914263 -0.05845564 -0.05825213 -0.05958982 -0.06313942 -0.06034675 -0.06000326 -0.05450183 -0.05351274 -0.04786580 -0.04392973 -0.04304240 -0.04841413 -0.05751403 -0.05269160 -0.09032680 -0.01735733 0.06532535 0.07701436 0.16413955 0.15326907 0.16590720 0.17052853 0.16616601 0.17508046 0.17198184 0.16991362 0.16963552 0.17185089 0.18281040 0.18253846 0.18773608 0.18180087 0.18347925 0.19734548 0.19075017 0.19148672 0.16951385 0.18241821 0.16998936 0.18100227 0.18706565 0.18319599 0.19094114 0.19039139 0.18532772 0.18709861 0.18063809 0.18009372 0.18001319 0.18222778 0.18172923 0.18601257 0.18415070 0.18507780 0.18947870 0.19249025 0.19448851 0.19547951 0.18908207 0.18814778 0.18736134 0.18618672 0.18053252 0.17967071 0.18300733 0.19050919 0.18867344 0.18100898 0.18631361 0.18648571 0.18837406 0.17974456 0.17642468 0.18798620 0.14612141 0.13544096 0.12365492 0.14622468 0.12242186 0.05757556 -0.03865536 -0.05948833 -0.05909377 -0.06379255 -0.06342303 -0.06671119 -0.06476891 -0.06173941 -0.06096373 -0.06939517 -0.07811649 -0.07360478 -0.06511396 -0.06422280 -0.06348886 -0.06157336 -0.06784816 -0.06576041 -0.07321018
-0.05619173 -0.05265450 -0.04604530 -0.04212914 -0.04899441 -0.05597917 -0.06452914 -0.05698469 -0.06328666 -0.06012252 -0.06128135 -0.05993119 -0.05728365 -0.05609107 -0.05957019 -0.05530599 -0.05295964 -0.05810069 -0.05579939 -0.05822519 -0.05620039 -0.06082551 -0.06404608 -0.05805933 -0.06208823 -0.05933248 -0.05797102 -0.05615627 -0.05084526 -0.05723396 -0.05182580 -0.05150788 -0.04997775 -0.04916781 -0.05739544 -0.05319639 -0.05570589 -0.05784517 -0.04339612 -0.01487189 0.04469510 0.04980836 0.05375799 0.09857548 0.10580765 0.14144868 0.14898300 0.15510094 0.16204247 0.16140133 0.16778639 0.17094499 0.17623287 0.17892581 0.17017052 0.17242880 0.18172687 0.17823431 0.18051478 0.18423170 0.17592168 0.18132567 0.18606205 0.18617660 0.16773242 0.17721611 0.17057914 0.18045808 0.18419595 0.16991395 0.17177761 0.17181155 0.17687054 0.18010871 0.18161476 0.17715251 0.17734644 0.17177027 0.18372442 0.18918002 0.18675533 0.18144374 0.17489257 0.17923838 0.18239115 0.18493746 0.17721620 0.18071666 0.18565963 0.18767440 0.17750682 0.18170930 0.18138716 0.18292029 0.18653987 0.18185908 0.17051330 0.17101796 0.17622080 0.16600007 0.15046012 0.13028963 0.13465898 0.06401201 -0.02042169 -0.05382299 -0.06064685 -0.06396584 -0.06383022 -0.06189359 -0.06041560 -0.06382468 -0.06189892 -0.06979760 -0.06548321 -0.07270491 -0.06495941 -0.06202133 -0.06683581 -0.07298547 -0.07733586 -0.07471676 -0.07355265 -0.07702690
-0.05231794 -0.05473169 -0.06132048 -0.05888220 -0.05804722 -0.06028425 -0.05387474 -0.05490312 -0.05258793 -0.05860186 -0.05240250 -0.05530345 -0.05494048 -0.05684470 -0.05732270 -0.05988102 -0.06133740 -0.05696556 -0.06078915 -0.05478098 -0.05294872 -0.05541223 -0.05323105 -0.06090185 -0.05400693 -0.05202888 -0.04975128 -0.05031769 -0.05291049 -0.05090454 -0.05661299 -0.05692966 -0.05699582 -0.05507973 -0.05603825 -0.04936998 -0.04860812 -0.04326098 -0.01409877 0.00716432 0.03806149 -0.02793369 0.01812024 0.04013314 0.10277702 0.17381486 0.16891748 0.16949394 0.17256638 0.17074418 0.16997990 0.17365223 0.17950898 0.17579657 0.17807865 0.18206647 0.18445726 0.18694614 0.18630104 0.18426923 0.18935099 0.18599348 0.19822696 0.18536395 0.17591873 0.17518567 0.18287590 0.18894087 0.18766887 0.18195434 0.17897052 0.18876584 0.19204769 0.18978870 0.18888800 0.18742362 0.18590254 0.18952069 0.18643646 0.19490638 0.18176576 0.18193534 0.18827666 0.18666856 0.19153117 0.18690686 0.18392166 0.18781748 0.19184175 0.18980846 0.18958361 0.18393037 0.18745483 0.18501821 0.18715465 0.17725965 0.18482561 0.18135269 0.18604879 0.16746980 0.14162804 0.12257294 0.12765014 0.04341256 -0.02252059 -0.05572423 -0.05803464 -0.05721256 -0.05989292 -0.06250157 -0.06079656 -0.06376236 -0.06589480 -0.07272927 -0.07286069 -0.06424682 -0.07116055 -0.06982502 -0.06815669 -0.07504387 -0.07279366 -0.07130215 -0.07657586 -0.07141113
-0.06059919 -0.05300409 -0.05727591 -0.05226970 -0.05866619 -0.05576123 -0.05112844 -0.05332270 -0.05966422 -0.05410013 -0.05737071 -0.05552786 -0.05848790 -0.05510210 -0.05616688 -0.05766163 -0.05983623 -0.05754982 -0.06152277 -0.05109227 -0.05570028 -0.05692416 -0.05400156 -0.05414365 -0.05296413 -0.05713529 -0.06243103 -0.05648332 -0.05877768 -0.05428065 -0.05285151 -0.05286337 -0.04870168 -0.05355771 -0.04834807 -0.04675245 -0.04390335 -0.02698237 -0.04907262 -0.03480189 0.01058777 0.05716000 0.19229184 0.17093423 0.18319492 0.18599236 0.18011421 0.18049560 0.17458808 0.18562582 0.18257467 0.19229811 0.18706712 0.18194126 0.18614763 0.19552258 0.19218096 0.18896808 0.19082853 0.19194327 0.19251679 0.19416605 0.18815652 0.17843533 0.16478264 0.17794347 0.18241607 0.19021815 0.19693922 0.18268205 0.18358633 0.18961129 0.18628415 0.19143781 0.19794339 0.19554241 0.19825681 0.19406039 0.18679222 0.19023135 0.18727092 0.19012730 0.19126096 0.19362940 0.19240610 0.19413976 0.19281070 0.19025305 0.19263582 0.18662550 0.19045968 0.19217628 0.17874537 0.19239067 0.18678941 0.19684866 0.19090948 0.19073573 0.19778109 0.16734460 0.11522507 0.15388276 0.16745532 0.11986512 0.00106167 -0.05168360 -0.05448798 -0.06064347 -0.06476070 -0.07046342 -0.07182387 -0.07423304 -0.07831410 -0.06787480 -0.07362591 -0.07155250 -0.07403398 -0.07842125 -0.06981003 -0.06564927 -0.07811284 -0.07526664 -0.08077633 -0.07850531
-0.05182956 -0.05184959 -0.04542606 -0.05344287 -0.05429939 -0.06022073 -0.05930522 -0.05792071 -0.05319010 -0.05608719 -0.05069904 -0.05892517 -0.05341855 -0.05419515 -0.05591352 -0.05515499 -0.04749990 -0.05215973 -0.05166204 -0.05898994 -0.05711547 -0.05928331 -0.05762536 -0.04944870 -0.05467481 -0.05645332 -0.05456453 -0.05647139 -0.05170792 -0.05257581 -0.05217216 -0.04878488 -0.04949231 -0.04548619 -0.04606493 -0.04461341 -0.03088607 0.00298660 -0.04850824 0.03181718 0.06547649 0.24372503 0.24176358 0.14797081 0.18399394 0.18944804 0.18352395 0.17406273 0.17876083 0.18133569 0.18671007 0.19230047 0.19269866 0.19141221 0.18927701 0.18394607 0.18667047 0.18865570 0.19039571 0.18802905 0.18956189 0.18817694 0.19594775 0.19025718 0.17147431 0.18296766 0.17667598 0.19175211 0.19086330 0.17822137 0.17507100 0.19406103 0.19550529 0.20171872 0.19992746 0.19125831 0.19159688 0.18661930 0.19265267 0.19007832 0.19178243 0.19366544 0.19554995 0.19335444 0.19051968 0.19204167 0.19059759 0.19017100 0.19073564 0.18867883 0.18765178 0.19167706 0.19734959 0.19671023 0.19968714 0.19841313 0.18897411 0.17612508 0.18825124 0.21044990 0.16240945 0.17474055 0.22616592 0.16913997 0.01011147 -0.05638068 -0.06433484 -0.06228042 -0.06140008 -0.05736110 -0.06122113 -0.07266535 -0.07528564 -0.07336743 -0.07307921 -0.07323258 -0.07272451 -0.06900648 -0.07029621 -0.07572803 -0.07646538 -0.07608645 -0.07155785 -0.06869530
-0.04791823 -0.05515590 -0.06145401 -0.05373585 -0.05654527 -0.05290052 -0.05591333 -0.05204061 -0.05579148 -0.05405474 -0.05769633 -0.05367956 -0.05660584 -0.05329356 -0.05361286 -0.05569018 -0.05482849 -0.05527063 -0.06026939 -0.05934665 -0.05540748 -0.05786041 -0.05214807 -0.04603501 -0.05125190 -0.05311663 -0.04848876 -0.05028795 -0.05393701 -0.05069402 -0.05159217 -0.04896501 -0.05210646 -0.05275127 -0.05237549 -0.04253805 0.00535182 -0.07555597 0.00480104 0.08850531 0.24639681 0.29376298 0.12031534 0.09438502 0.16195916 0.16302240 0.16849567 0.16582696 0.16933444 0.17144929 0.17529820 0.17821373 0.17527018 0.17641672 0.17541786 0.18066037 0.17768937 0.17846531 0.18052225 0.18466760 0.19057393 0.18472771 0.18433978 0.17924123 0.16684464 0.16647869 0.16904311 0.16373119 0.17671052 0.17253929 0.17395440 0.18408653 0.18382514 0.18164979 0.17187315 0.17241096 0.17880991 0.17803672 0.17796701 0.18152320 0.18345167 0.18328126 0.18090688 0.18038189 0.17733812 0.18178569 0.18391119 0.18499623 0.18224548 0.18462910 0.18387218 0.18282272 0.18595812 0.18177468 0.17646763 0.17464967 0.17814133 0.19094485 0.17915580 0.19137585 0.20294815 0.18477257 0.25446513 0.23316076 0.03806348 -0.04571754 -0.05869958 -0.05452780 -0.05653223 -0.05660564 -0.06337207 -0.06400990 -0.06349952 -0.06384277 -0.06356566 -0.06270879 -0.07327025 -0.06805794 -0.07015969 -0.07246444 -0.07375132 -0.06925955 -0.07322538 -0.07255754
-0.05852935 -0.06127657 -0.05933736 -0.05891258 -0.05638485 -0.05786073 -0.05809054 -0.05466387 -0.04858940 -0.05338094 -0.05457727 -0.05051959 -0.05662201 -0.05794119 -0.05132437 -0.05532797 -0.05445851 -0.05956848 -0.05929904 -0.05902628 -0.04706433 -0.04806116 -0.04389937 -0.05190784 -0.05651545 -0.05935608 -0.05574718 -0.05376007 -0.04929762 -0.05298108 -0.05313931 -0.05540211 -0.05220330 -0.04698049 -0.04928991 -0.03397235 -0.07602915 -0.01429461 0.09973811 0.23058142 0.39188781 0.24942648 0.09744522 0.15549572 0.15727365 0.15667552 0.15895683 0.16939047 0.17719775 0.18041719 0.17730969 0.17030293 0.17635047 0.16993076 0.17455700 0.17093614 0.17756622 0.17166094 0.17694980 0.17573200 0.16906044 0.17593321 0.16249712 0.15641791 0.15060356 0.15136725 0.16107078 0.17591101 0.17693615 0.17888457 0.17281592 0.17347896 0.16921315 0.16312885 0.17037928 0.17508960 0.17947869 0.17975798 0.17531502 0.17404285 0.17552374 0.17311069 0.17574608 0.17232071 0.17877585 0.17442881 0.17960842 0.16968146 0.17895645 0.17956357 0.17905688 0.18264675 0.17121613 0.17210181 0.17433310 0.17536020 0.18172047 0.18417817 0.19055672 0.16472521 0.18345267 0.20015551 0.26351875 0.30649421 0.11266459 -0.03584778 -0.04987318 -0.05850183 -0.06088196 -0.06606390 -0.06375346 -0.05551297 -0.05442064 -0.05561369 -0.05853587 -0.06303160 -0.06646299 -0.06792878 -0.07757026 -0.06891847 -0.06994668 -0.07262434 -0.06834996 -0.07170947
-0.05719410 -0.06095547 -0.05013777 -0.05264392 -0.05435685 -0.05492199 -0.05322237 -0.05734427 -0.04771698 -0.04911055 -0.04854766 -0.05018368 -0.06159288 -0.05411172 -0.05823784 -0.05632073 -0.05747643 -0.04994816 -0.04534886 -0.05034050 -0.05167599 -0.05479959 -0.05609688 -0.05734635 -0.05920859 -0.05822043 -0.05720870 -0.05386284 -0.05403760 -0.05501422 -0.05551157 -0.05137484 -0.05799831 -0.05340762 -0.04995663 -0.06111300 -0.04879242 0.11360098 0.15033349 0.25758594 0.24520288 0.06019097 0.08703405 0.15228805 0.15535739 0.17031893 0.17190775 0.17666310 0.17412528 0.17410222 0.16721211 0.17273933 0.16832104 0.17506629 0.17643805 0.17524616 0.17403397 0.17696369 0.17530257 0.18428989 0.16726309 0.17576808 0.17570740 0.16834259 0.16646644 0.16194677 0.16885996 0.17233846 0.17893063 0.17545226 0.17293403 0.17552286 0.18050504 0.17714252 0.18097706 0.17747946 0.17201664 0.17222705 0.17631355 0.18737727 0.18620560 0.18032132 0.17924871 0.18136042 0.18412597 0.18322265 0.17645395 0.17717490 0.17588526 0.18140416 0.17978266 0.17831644 0.17600062 0.18497264 0.18351309 0.18250625 0.17725092 0.17053509 0.17657283 0.18558992 0.19173792 0.20788217 0.24235414 0.31054983 0.17603925 0.00579697 -0.05054352 -0.05416320 -0.06023341 -0.05581008 -0.04684547 -0.05642899 -0.06691837 -0.06861806 -0.07244082 -0.06974916 -0.06016452 -0.06640221 -0.06585617 -0.07166013 -0.07288511 -0.07373072 -0.06730714 -0.07689926
-0.04610443 -0.04693201 -0.06013994 -0.05085354 -0.04881144 -0.04827253 -0.05341440 -0.04845973 -0.05535181 -0.05842998 -0.05677709 -0.05286831 -0.04667068 -0.05325847 -0.05466688 -0.05388089 -0.05594306 -0.04515725 -0.05043506 -0.04415761 -0.05367818 -0.06495502 -0.06683157 -0.05591053 -0.04974336 -0.05270407 -0.05333423 -0.04757272 -0.04694363 -0.04869528 -0.04998338 -0.05071818 -0.04882358 -0.05558514 -0.03263967 -0.00727271 0.05355784 0.09920698 0.08361632 0.14861423 0.07376675 0.07963506 0.17468084 0.18645774 0.18350840 0.18775028 0.18418230 0.18415850 0.18375361 0.18012066 0.18476270 0.18854652 0.19111425 0.18387003 0.18622597 0.18269406 0.19335161 0.19000186 0.18762404 0.17863852 0.18498933 0.18288644 0.18562017 0.19108643 0.17668207 0.18146195 0.16765746 0.16790694 0.17484015 0.18535863 0.18538715 0.19351724 0.18765394 0.19303147 0.19252996 0.18731657 0.19060649 0.19016793 0.19063568 0.19460478 0.19127086 0.18999945 0.18806940 0.18752070 0.18293603 0.18443225 0.18740441 0.19042818 0.19144852 0.18453090 0.18409018 0.18457709 0.18722066 0.18506722 0.17953768 0.18523155 0.18757255 0.18470141 0.18508255 0.19965746 0.22172476 0.22175601 0.22050324 0.27986875 0.19880182 0.02973315 -0.04626596 -0.05577075 -0.05474260 -0.06403607 -0.06630951 -0.07343821 -0.07335380 -0.06951882 -0.06482175 -0.06736301 -0.06746966 -0.06723631 -0.06321038 -0.06050966 -0.07075269 -0.05898516 -0.06566766 -0.06838993
-0.04622509 -0.04789470 -0.04616003 -0.05090912 -0.05560420 -0.05297107 -0.05593521 -0.05533788 -0.05149202 -0.05101076 -0.04996081 -0.04709996 -0.04577101 -0.05248254 -0.05094906 -0.05502436 -0.05285088 -0.05431666 -0.05607726 -0.05661110 -0.05601048 -0.05770531 -0.05246738 -0.04681761 -0.04925428 -0.05332289 -0.05196662 -0.04820124 -0.04685687 -0.04733513 -0.05213995 -0.05119229 -0.04772036 -0.03799357 -0.03408121 -0.03443457 0.06195034 0.01671195 0.11085742 0.13673833 0.10548750 0.18167599 0.18371561 0.17938356 0.18443456 0.17274916 0.18128006 0.17914264 0.17952876 0.18370272 0.19040789 0.19440003 0.18698283 0.19078277 0.18432724 0.19433708 0.18553983 0.18970689 0.19331896 0.19502309 0.19248123 0.19189529 0.19218923 0.19194882 0.17847100 0.16735679 0.18216984 0.17470452 0.17929116 0.17390434 0.18358859 0.18843468 0.19016150 0.18625636 0.18442172 0.18963867 0.19586204 0.19780758 0.19660185 0.19247590 0.18498959 0.18170039 0.18634294 0.19528136 0.19424854 0.19521005 0.19706511 0.19551016 0.19378933 0.19634919 0.18924430 0.19394465 0.18634090 0.19528309 0.19719394 0.19285320 0.18909810 0.19344260 0.18318418 0.18859024 0.21990912 0.23598684 0.21934098 0.26758054 0.24825251 0.08493757 -0.04184233 -0.06201504 -0.06543514 -0.06180228 -0.06335127 -0.05744664 -0.05954681 -0.05736275 -0.06283715 -0.06064767 -0.06809079 -0.06834574 -0.05879527 -0.06960753 -0.05732602 -0.07586868 -0.07410179 -0.06887175
-0.05362017 -0.05660575 -0.05422866 -0.05796845 -0.06137244 -0.05874547 -0.05822173 -0.05704859 -0.05233610 -0.04668692 -0.05381370 -0.04982734 -0.06082675 -0.06471691 -0.05578770 -0.05391365 -0.05467833 -0.05893238 -0.05839332 -0.05538487 -0.05814825 -0.04999807 -0.04925671 -0.04554660 -0.05411989 -0.05192091 -0.05244840 -0.04912868 -0.05382499 -0.05382606 -0.04788746 -0.04963051 -0.05263100 -0.05737166 -0.08398007 -0.02632042 0.07139527 0.06879427 0.16033098 0.16635998 0.16469988 0.18408410 0.17866078 0.17050430 0.16850257 0.17112453 0.17497589 0.18903309 0.18845001 0.18968089 0.18711048 0.18522629 0.19273596 0.18737695 0.19576888 0.18919432 0.19024058 0.19363706 0.19179013 0.19545320 0.20196196 0.19860472 0.20359886 0.18930414 0.17839500 0.17284337 0.17619443 0.17939098 0.17518511 0.18313123 0.18596235 0.19702113 0.19575080 0.19635764 0.19805516 0.20217642 0.19900393 0.18834762 0.19027478 0.18439262 0.18844104 0.19455858 0.19685446 0.19189769 0.18926664 0.19323123 0.19595183 0.19002937 0.18666853 0.18735266 0.18693288 0.19469891 0.19761726 0.19737573 0.19415183 0.19199719 0.19245248 0.19267115 0.19311121 0.19574162 0.20675375 0.22693956 0.23323905 0.25658488 0.28615513 0.14606231 -0.00757889 -0.05133756 -0.06092881 -0.06333575 -0.05700389 -0.05677766 -0.05829542 -0.07169646 -0.07388453 -0.06972688 -0.06579688 -0.06999250 -0.06770032 -0.06613518 -0.07725497 -0.07824558 -0.07941684 -0.07406951
-0.05431815 -0.05601092 -0.05907413 -0.05332867 -0.05518008 -0.05162031 -0.05607199 -0.05285443 -0.05517495 -0.05761138 -0.06271271 -0.06790929 -0.05175304 -0.05570859 -0.05280047 -0.05778716 -0.06143896 -0.05818135 -0.05394961 -0.05389065 -0.04731712 -0.05257955 -0.05640019 -0.06166320 -0.05459102 -0.05709156 -0.05159732 -0.05379655 -0.05079012 -0.04859146 -0.05517932 -0.05758323 -0.06153274 -0.05758400 -0.03109603 0.04135620 0.05090751 0.01462838 0.05483421 0.09850785 0.16890180 0.17890751 0.17403890 0.17498891 0.17681542 0.18369605 0.18143833 0.18603985 0.18661807 0.18698020 0.18306041 0.18264307 0.18449669 0.18587154 0.19151080 0.18938893 0.18468474 0.18813549 0.18696681 0.19251977 0.18722984 0.19598585 0.19201571 0.19089386 0.18147559 0.17573282 0.18187642 0.17889088 0.18222986 0.18367732 0.19986933 0.19088541 0.18655518 0.18721747 0.18921344 0.19139750 0.18977913 0.18330146 0.18734083 0.19023870 0.19607389 0.19380581 0.19663797 0.18985152 0.18449447 0.18193768 0.18611997 0.19006740 0.18773864 0.18864648 0.18957786 0.19529721 0.19142915 0.19763196 0.19458142 0.17993434 0.19346209 0.19497316 0.19378325 0.19438337 0.19054395 0.18202610 0.20075966 0.23719206 0.30166304 0.19311653 0.02148107 -0.04322872 -0.04936241 -0.05558333 -0.06327736 -0.06894184 -0.07039364 -0.06552787 -0.06980264 -0.06751090 -0.07159200 -0.06539377 -0.07021704 -0.06841397 -0.07591167 -0.07182647 -0.06661029 -0.07507576
-0.04828452 -0.04946038 -0.04332032 -0.05184045 -0.04785234 -0.05286772 -0.05085610 -0.05241343 -0.05089574 -0.05137827 -0.05499747 -0.04974534 -0.05056252 -0.04544844 -0.05360340 -0.05431055 -0.05896335 -0.05326140 -0.04796079 -0.05095635 -0.04803205 -0.05231253 -0.05902480 -0.05044240 -0.04606456 -0.04904588 -0.04963110 -0.04980075 -0.04899377 -0.05024355 -0.05372535 -0.05314830 -0.04507876 -0.02922525 0.02122934 0.04084803 -0.01791629 -0.04670554 0.01542014 0.11068080 0.16882887 0.17161116 0.17239524 0.16112356 0.17036587 0.16368498 0.16984941 0.17101783 0.17041788 0.17074978 0.17262259 0.17728129 0.18025769 0.17088100 0.17932518 0.18407464 0.18103944 0.17453332 0.17948554 0.17668967 0.17918868 0.18040821 0.18666378 0.18054096 0.18170579 0.17885390 0.17908248 0.18477008 0.17974947 0.16927442 0.17698908 0.17280045 0.17386375 0.18108527 0.18257572 0.18350345 0.18714222 0.18667825 0.18768243 0.19081134 0.18396963 0.18375349 0.17473315 0.18646762 0.18789664 0.18278381 0.18913355 0.18531436 0.18536013 0.18571895 0.18502635 0.18552290 0.17823903 0.17774603 0.17885497 0.17243898 0.17988221 0.17031837 0.16069688 0.16680816 0.18438064 0.18494652 0.16528955 0.18706334 0.23764481 0.17819673 0.03408274 -0.03379876 -0.05029433 -0.05296773 -0.05841194 -0.05479487 -0.06106858 -0.05772550 -0.06303853 -0.06124828 -0.06985392 -0.07718253 -0.07274611 -0.07231931 -0.06319241 -0.06238299 -0.06633201 -0.06254689
-0.04862379 -0.04971637 -0.04825384 -0.04465446 -0.05207377 -0.05206592 -0.05128643 -0.05280367 -0.04953977 -0.05030786 -0.04731067 -0.04462532 -0.04854040 -0.05161679 -0.05290293 -0.05243709 -0.04826778 -0.05039161 -0.05415501 -0.05847111 -0.05528977 -0.05054339 -0.04612496 -0.04407231 -0.04246844 -0.05057166 -0.05084053 -0.05140679 -0.05212462 -0.05179065 -0.04589847 -0.03991433 -0.04515062 -0.04306843 -0.07244277 0.03279197 -0.00616449 0.06205637 0.12209404 0.16178700 0.15534954 0.16566810 0.16894901 0.17341542 0.16929275 0.17661726 0.16535652 0.17195800 0.17177996 0.18205969 0.18137209 0.18385680 0.18198912 0.17254677 0.17452991 0.18278930 0.18190572 0.18320484 0.18346348 0.18280122 0.18467066 0.19029969 0.18288338 0.19181329 0.19088204 0.18324366 0.17887975 0.17959917 0.16970244 0.17314595 0.17487925 0.18572885 0.17941019 0.18523727 0.18424591 0.18253475 0.19028983 0.18939061 0.18946406 0.18818599 0.18496709 0.19033146 0.17897913 0.18992844 0.18364140 0.17675912 0.18047529 0.18142667 0.18486145 0.18707342 0.18026257 0.17740971 0.17119786 0.17795676 0.17821032 0.18285182 0.18076287 0.17935245 0.16926157 0.16829585 0.17505300 0.20721000 0.18580697 0.14813758 0.18560229 0.13947564 0.00918619 -0.04004940 -0.04561900 -0.06061971 -0.05921569 -0.06153918 -0.05931190 -0.06084459 -0.06168527 -0.06201126 -0.06365640 -0.05806247 -0.05773466 -0.05438709 -0.05043833 -0.05909812 -0.06883938 -0.06702177
-0.05639986 -0.05584116 -0.05873103 -0.05642460 -0.05638058 -0.05204522 -0.05786783 -0.06276360 -0.05582073 -0.05777328 -0.05704314 -0.06271145 -0.05858725 -0.05862419 -0.06379470 -0.05589096 -0.05965614 -0.05489083 -0.05866278 -0.05784705 -0.05670714 -0.05644024 -0.05170812 -0.04956210 -0.05625392 -0.05759506 -0.06151497 -0.05655795 -0.05191462 -0.05019777 -0.04644874 -0.05622808 -0.05318585 -0.07691826 -0.01199470 0.04928473 0.02762694 0.04382820 0.13419256 0.17217708 0.18063186 0.16960326 0.18284227 0.18723616 0.18866216 0.18036744 0.17811435 0.17111623 0.18525176 0.18497145 0.18081211 0.18481779 0.18865791 0.18585300 0.19259791 0.19461164 0.18712489 0.19223931 0.19508101 0.19057603 0.19162545 0.18736310 0.19237518 0.19632655 0.19162145 0.18539113 0.19017419 0.17852169 0.18532288 0.18413211 0.18572791 0.18392986 0.17952533 0.19049774 0.19125789 0.19250034 0.19434914 0.18966512 0.19320759 0.19221458 0.18796875 0.18711464 0.19303915 0.19399947 0.18684894 0.18606587 0.19029479 0.19520745 0.19422202 0.19127671 0.18626210 0.19028859 0.19318242 0.19517939 0.19519950 0.19301380 0.18660350 0.17886274 0.17488971 0.18078898 0.17702681 0.17471176 0.19446136 0.16478410 0.19298604 0.16843283 0.01524442 -0.04585286 -0.06036619 -0.05410156 -0.06160122 -0.06250018 -0.06333777 -0.06383639 -0.05945136 -0.06914916 -0.06910481 -0.07442233 -0.05284952 -0.06558216 -0.07454751 -0.08905195 -0.08706887 -0.08346803
-0.05602530 -0.05628882 -0.05433174 -0.05495274 -0.05888357 -0.05927034 -0.05766691 -0.05551630 -0.05760119 -0.06063958 -0.05593046 -0.06021032 -0.05516773 -0.05354591 -0.05529890 -0.06377069 -0.05593942 -0.05552791 -0.05630551 -0.05954127 -0.05969062 -0.06155366 -0.05975011 -0.05928978 -0.06019445 -0.05822229 -0.05018902 -0.04643242 -0.04930797 -0.05026504 -0.05344891 -0.05653568 -0.05387392 -0.02224630 0.00594463 0.03361589 -0.06593623 -0.05970343 0.06611857 0.16028282 0.17791966 0.17851837 0.19745643 0.18815680 0.16858438 0.16965955 0.15832102 0.17516404 0.16904289 0.18181838 0.17585002 0.18737295 0.18611653 0.18690810 0.18924052 0.19321471 0.19083941 0.18804196 0.18455037 0.18621723 0.18998511 0.19045170 0.19588467 0.19539236 0.18246944 0.18415141 0.17490304 0.18727359 0.17993985 0.17246263 0.17389123 0.18660678 0.18429215 0.19553119 0.18949142 0.19041255 0.18797514 0.18253139 0.18610270 0.18918784 0.18641494 0.18240428 0.18360324 0.18838765 0.19502053 0.19176804 0.19186431 0.18457575 0.17609115 0.17641115 0.18653898 0.18873559 0.19280727 0.18779133 0.18288782 0.18216236 0.18171437 0.17397442 0.19015367 0.17999132 0.17972353 0.15727538 0.14767364 0.16003123 0.20215194 0.19630203 0.05979852 -0.03995579 -0.05989463 -0.07057518 -0.06098059 -0.06695012 -0.06474556 -0.07379414 -0.07295103 -0.06831358 -0.07086131 -0.07264066 -0.08194995 -0.07560827 -0.08737034 -0.07602081 -0.07659754 -0.07147485
-0.04811952 -0.04889970 -0.05510826 -0.05378754 -0.05588593 -0.04866452 -0.05270997 -0.04818141 -0.05355129 -0.05383700 -0.05659620 -0.05091791 -0.05663539 -0.04874410 -0.05166458 -0.05071600 -0.05569477 -0.04845201 -0.05823300 -0.05141550 -0.05932881 -0.05024968 -0.04941390 -0.04973095 -0.04765094 -0.05285154 -0.04958907 -0.04945968 -0.05787485 -0.05428487 -0.05510177 -0.05146140 -0.04665384 -0.05411582 -0.01448066 -0.01403145 -0.08164060 -0.08202647 0.12662727 0.17129105 0.16867989 0.17347053 0.17782015 0.16930804 0.16484369 0.16522554 0.17824927 0.17452154 0.17619455 0.16826081 0.17857668 0.18169011 0.18566045 0.17986421 0.17840898 0.17679156 0.18114616 0.17872849 0.18036874 0.18611525 0.18552537 0.18367292 0.18938725 0.18555194 0.18335508 0.17787924 0.16890948 0.16597445 0.17078473 0.17551006 0.18505396 0.18398614 0.17812240 0.17592916 0.17419738 0.17424972 0.18093826 0.18155298 0.18958470 0.18747921 0.18736017 0.18910700 0.18190786 0.17733881 0.18978697 0.18207735 0.18226433 0.18000461 0.17643799 0.18845943 0.18369341 0.18374641 0.17871556 0.18012999 0.17420082 0.18026845 0.17214976 0.17448662 0.17282915 0.17275804 0.15176380 0.14074010 0.13383079 0.14278316 0.15792337 0.13590455 0.03190731 -0.02618620 -0.05316991 -0.05401532 -0.06153211 -0.05982348 -0.05862442 -0.06134948 -0.06208654 -0.06401191 -0.06742282 -0.06489301 -0.07273601 -0.07744411 -0.06541229 -0.06777298 -0.05370174 -0.06705901
-0.04398776 -0.05063156 -0.05460098 -0.05822366 -0.05164067 -0.05501610 -0.04923609 -0.05862653 -0.04965715 -0.04591574 -0.05037567 -0.04760885 -0.05253675 -0.05230345 -0.04662422 -0.05189391 -0.04532883 -0.05877250 -0.05137774 -0.05384299 -0.04654745 -0.05087208 -0.05333806 -0.05461860 -0.05189097 -0.05125231 -0.05014085 -0.05516774 -0.05066824 -0.04946009 -0.04640670 -0.03886785 -0.04905851 -0.05490673 -0.03337847 0.00941421 -0.06680395 -0.04335573 0.13727960 0.16633296 0.16793421 0.17214772 0.16699541 0.16956645 0.17406276 0.17587472 0.16827759 0.17058504 0.16999072 0.18823233 0.17667282 0.18055402 0.18355262 0.18162507 0.18573998 0.18790354 0.17648175 0.18073756 0.18127622 0.18266527 0.18060237 0.18520863 0.18054369 0.18208444 0.18565767 0.17466080 0.18555285 0.16828348 0.16946480 0.18468657 0.17970732 0.17985433 0.17598048 0.17554387 0.18369266 0.18751584 0.18620180 0.18115188 0.18655474 0.19020699 0.18376230 0.19047146 0.18965361 0.18651155 0.18481867 0.18328850 0.18249275 0.18383278 0.18470180 0.18406458 0.18224964 0.18317847 0.17445301 0.17301193 0.18382512 0.18288586 0.17951113 0.17503616 0.17445087 0.17015961 0.17954659 0.15366840 0.15117705 0.11739109 0.09582007 0.02645349 -0.01948522 -0.04640339 -0.05352413 -0.06176125 -0.05748979 -0.06008786 -0.06136648 -0.06262014 -0.06761206 -0.06418474 -0.07546306 -0.08016804 -0.06922678 -0.06137303 -0.06588690 -0.06716557 -0.08581778 -0.07952513
-0.05620936 -0.04981694 -0.04889403 -0.04502105 -0.05071774 -0.05342358 -0.05433427 -0.05094549 -0.05363455 -0.04875951 -0.04902863 -0.05174357 -0.04888830 -0.05233286 -0.05240179 -0.05732825 -0.05647906 -0.04509357 -0.04746008 -0.04654547 -0.05237624 -0.05101172 -0.04690777 -0.04301714 -0.05462613 -0.04922167 -0.05457515 -0.05400136 -0.04879302 -0.04679190 -0.04969385 -0.04709812 -0.05086738 -0.04109917 -0.02908289 -0.01445305 -0.10364713 -0.07456681 0.14982158 0.17292315 0.16770330 0.16695414 0.17004061 0.17915303 0.17935146 0.16642913 0.15973556 0.16292289 0.17561845 0.17991686 0.18928422 0.18521354 0.18554775 0.17359230 0.18502754 0.18018103 0.18840073 0.18892606 0.18926699 0.17590913 0.18062133 0.17425615 0.18129094 0.17548275 0.17598715 0.17981674 0.17692778 0.18223326 0.17402090 0.18456581 0.17444454 0.17922558 0.18286262 0.19343451 0.18699341 0.18254085 0.19148856 0.18368390 0.18795921 0.18628766 0.17299125 0.18280382 0.18337862 0.18338262 0.18710342 0.18358986 0.18297815 0.19336779 0.19104800 0.18677559 0.18190697 0.18570064 0.19163871 0.18659446 0.18076628 0.18082654 0.18119471 0.17765754 0.16923293 0.18267617 0.18196693 0.18637700 0.12586230 0.10856467 0.03181238 -0.03507181 -0.05579628 -0.05123847 -0.05265077 -0.06080688 -0.06126861 -0.05815610 -0.05809887 -0.06040379 -0.05879133 -0.05553215 -0.05076737 -0.05595357 -0.05854257 -0.05468433 -0.06392253 -0.05461709 -0.06474269 -0.06772477
-0.04801206 -0.04988032 -0.04301935 -0.04476889 -0.04157247 -0.05210176 -0.04400370 -0.04984068 -0.04589749 -0.05577938 -0.05317613 -0.05328229 -0.05604493 -0.05402837 -0.05562565 -0.05182771 -0.05021283 -0.05079047 -0.05203523 -0.05435322 -0.04722313 -0.05232190 -0.03664472 -0.04650165 -0.05071383 -0.05035240 -0.04519688 -0.04303706 -0.04179952 -0.04611672 -0.04528475 -0.04896849 -0.04618265 -0.03502126 -0.02711742 -0.01084922 -0.09714587 -0.03452245 0.16233023 0.16901478 0.17179503 0.18092407 0.17720249 0.18608424 0.17109895 0.17911343 0.17631358 0.18587768 0.18887834 0.18202358 0.17621583 0.18742107 0.18824828 0.19180556 0.19310950 0.18909213 0.18785523 0.18932235 0.18803181 0.19296765 0.18674088 0.19011438 0.18559693 0.19462502 0.18628390 0.19508462 0.18758982 0.18181466 0.19036061 0.18783878 0.19257171 0.18458872 0.18907242 0.19076288 0.18955143 0.18523438 0.19362393 0.18559334 0.18295343 0.19218814 0.18221724 0.19080301 0.19117779 0.18500230 0.18658590 0.18632704 0.19472028 0.19417062 0.18982571 0.19005302 0.19854671 0.19583219 0.19296318 0.19283752 0.19281428 0.17611954 0.18345274 0.19105098 0.18155101 0.18365043 0.14968860 0.13228902 0.11019881 0.12016148 0.07725421 0.00268263 -0.03611784 -0.05302799 -0.05296882 -0.06086930 -0.05764247 -0.06335168 -0.06477731 -0.06176291 -0.05970967 -0.05379526 -0.06431306 -0.07102120 -0.05417714 -0.07270753 -0.06577885 -0.07813236 -0.07148886 -0.06371307
-0.04178487 -0.03764203 -0.04681331 -0.04563594 -0.05418136 -0.04551731 -0.04787781 -0.04484918 -0.04826362 -0.04389673 -0.04672624 -0.04779540 -0.04551814 -0.04952472 -0.04604133 -0.04450167 -0.04859486 -0.04631897 -0.04644591 -0.04092503 -0.04311328 -0.04748496 -0.04913095 -0.04981133 -0.04037468 -0.03526871 -0.03751893 -0.04490271 -0.04892911 -0.04551369 -0.04634108 -0.05222429 -0.03819272 -0.03919419 -0.01236752 -0.02501708 -0.07469498 0.01443038 0.15894368 0.16237822 0.16651860 0.16406351 0.18010099 0.16839363 0.16860689 0.16567516 0.16842642 0.17131157 0.17673832 0.17818844 0.17596698 0.17821808 0.18234318 0.18060295 0.18292633 0.18579392 0.18495011 0.18804882 0.18731989 0.17998789 0.17887887 0.18025045 0.18877985 0.18807028 0.18305896 0.18175858 0.18966906 0.18321848 0.18133187 0.18387258 0.17690867 0.17797029 0.17949001 0.18374099 0.18594652 0.19106440 0.18481433 0.17562026 0.18046342 0.17911236 0.18347494 0.18542050 0.18250263 0.18886055 0.18415664 0.19115026 0.18664871 0.19220220 0.18880834 0.18973501 0.18336888 0.19416474 0.18174560 0.18870321 0.19337256 0.18532450 0.18472053 0.18028586 0.17635244 0.17200330 0.14757872 0.08957798 0.09396473 0.13218319 0.09103803 0.02869538 -0.02521943 -0.03947303 -0.05687036 -0.05086730 -0.05494174 -0.05680813 -0.06195383 -0.06030702 -0.06161346 -0.06039014 -0.06907123 -0.06288643 -0.05663446 -0.05582859 -0.06291262 -0.05477466 -0.06126747 -0.05977461
-0.04870611 -0.04832409 -0.04203383 -0.04964718 -0.04672392 -0.05015986 -0.04961083 -0.05099800 -0.04907260 -0.04888646 -0.04866878 -0.04945743 -0.04607005 -0.05023859 -0.05080303 -0.05110211 -0.05267476 -0.05030482 -0.04948123 -0.04898865 -0.05883718 -0.05423798 -0.05249082 -0.04440092 -0.04225780 -0.03878736 -0.04622923 -0.05372083 -0.05557766 -0.05226672 -0.05013108 -0.04610697 -0.05020907 -0.07203306 0.00675901 -0.01089542 -0.01796755 0.04828902 0.16447374 0.16914615 0.17141438 0.17011014 0.16801250 0.17504925 0.17630354 0.18730079 0.17303737 0.17179659 0.17279360 0.18370548 0.18779595 0.19107248 0.18934384 0.17930000 0.17855218 0.18368483 0.18271951 0.18262237 0.18606044 0.18542428 0.18876877 0.18789443 0.19877653 0.20216645 0.19047499 0.18956561 0.17980717 0.17755577 0.17499325 0.18762901 0.19527319 0.18231295 0.18214701 0.18249440 0.17772993 0.18198667 0.17985798 0.18083215 0.18493515 0.19314821 0.18229094 0.18843645 0.17982644 0.18124668 0.18651026 0.18893078 0.19055623 0.18866071 0.18758787 0.18818071 0.19262215 0.17989938 0.18683138 0.18749461 0.18665795 0.18330617 0.18665618 0.18160953 0.17186208 0.17810108 0.19189321 0.13521484 0.12055308 0.11984684 0.05853782 -0.01532865 -0.03784962 -0.05490246 -0.05713996 -0.06085154 -0.06591641 -0.06359305 -0.06051154 -0.06807532 -0.06630621 -0.06772010 -0.07388425 -0.05936255 -0.05721399 -0.06345395 -0.06817199 -0.06938536 -0.05506852 -0.07023692
-0.05208087 -0.05752955 -0.05887718 -0.05131803 -0.05178077 -0.05396705 -0.05578437 -0.05885261 -0.05550939 -0.05701663 -0.05951091 -0.05449151 -0.05367704 -0.05612807 -0.05716901 -0.06053306 -0.05266955 -0.05713413 -0.05813724 -0.05598661 -0.05894125 -0.05812642 -0.04891367 -0.05311032 -0.06299797 -0.07043976 -0.06560893 -0.05359665 -0.04889834 -0.05101349 -0.04999574 -0.05113986 -0.06110377 -0.03246211 0.00962440 -0.00503127 -0.03169988 0.05740985 0.16600597 0.18109661 0.18354137 0.18574160 0.18415730 0.17516127 0.18168136 0.18955727 0.18724304 0.18241496 0.18281953 0.18237741 0.17723185 0.18086471 0.17868569 0.18162103 0.19128436 0.18922044 0.18838717 0.18693648 0.18901438 0.19551048 0.19776738 0.20094764 0.19051704 0.19401075 0.18167856 0.17458700 0.17457172 0.17612293 0.18350850 0.17947015 0.18538642 0.16961627 0.16888180 0.17833863 0.18690012 0.17287441 0.18345074 0.17604616 0.18096294 0.18820968 0.18397969 0.18443410 0.19860226 0.17736766 0.18427251 0.17701799 0.18287073 0.19746436 0.19284856 0.19369772 0.18236381 0.19040607 0.17512773 0.19102712 0.17511111 0.16997968 0.18124464 0.18315704 0.18869328 0.17797604 0.18477412 0.13576576 0.15488228 0.17826277 0.09065102 -0.03706259 -0.06626958 -0.06090003 -0.06355461 -0.06928960 -0.07382885 -0.06613628 -0.07588167 -0.07013410 -0.08101308 -0.07743724 -0.07062858 -0.07001293 -0.06836121 -0.06981455 -0.08514547 -0.07230656 -0.08777635 -0.08907796
-0.05193885 -0.05095086 -0.05317555 -0.05531830 -0.05763157 -0.05683886 -0.05687170 -0.05543909 -0.05154523 -0.05150865 -0.05617031 -0.05456102 -0.05436018 -0.05361786 -0.05690892 -0.05577071 -0.05723854 -0.05634630 -0.05703481 -0.05865231 -0.05424161 -0.06100545 -0.06548484 -0.06428679 -0.06687672 -0.05406649 -0.05032229 -0.05050460 -0.05462979 -0.05231479 -0.05071383 -0.05387118 -0.04187949 -0.02123857 0.02288757 -0.03508741 -0.05901035 0.06346413 0.16847026 0.17167839 0.17425521 0.17105472 0.18710339 0.18515079 0.18442972 0.18090762 0.16924627 0.17783512 0.18096828 0.18296120 0.18066457 0.17920478 0.18897100 0.18476634 0.18995292 0.18311976 0.17863080 0.18682817 0.19109780 0.18823187 0.18486629 0.18222171 0.18587595 0.18815528 0.19250099 0.17671087 0.18593015 0.17979819 0.17886932 0.16446778 0.15811852 0.16040389 0.16700003 0.17984554 0.17719334 0.18334064 0.17350924 0.17819583 0.18072848 0.18418083 0.18210754 0.18118553 0.17930208 0.18314902 0.18533243 0.19056809 0.19075845 0.18380529 0.18601350 0.17453226 0.18738258 0.18084870 0.18435980 0.17762767 0.17346120 0.17373601 0.17293584 0.16915560 0.16761686 0.16855609 0.15764837 0.14949188 0.15121591 0.23467101 0.16588895 -0.00067417 -0.05283420 -0.06190927 -0.06329623 -0.06380336 -0.05980150 -0.07271922 -0.06906708 -0.07542555 -0.06671260 -0.06566475 -0.07316661 -0.08244026 -0.07656631 -0.06607115 -0.06615739 -0.08216797 -0.07773963 -0.08706810
-0.04944185 -0.05294556 -0.05178210 -0.05130337 -0.05394684 -0.05430999 -0.05090260 -0.04991831 -0.05353481 -0.04987843 -0.04845683 -0.04941096 -0.04949640 -0.04979752 -0.05370362 -0.05080117 -0.05704986 -0.05854111 -0.06025621 -0.05454115 -0.05799967 -0.06059709 -0.05436066 -0.05396546 -0.05391993 -0.05457623 -0.04685011 -0.05268753 -0.04810423 -0.04686780 -0.05033432 -0.04636351 -0.04570507 -0.03851116 0.02543822 -0.03403872 -0.02214890 0.11377448 0.16502915 0.16877967 0.16656578 0.17466375 0.18106602 0.18373227 0.17881215 0.17659529 0.17627488 0.16573310 0.17256424 0.17325449 0.18013172 0.17912814 0.17322052 0.17050545 0.17038763 0.17520157 0.18021935 0.18458816 0.18391068 0.18400997 0.18808520 0.18369478 0.18353459 0.18325949 0.18380812 0.18811269 0.17657647 0.17268494 0.15388037 0.16171867 0.17352514 0.17784633 0.18428761 0.17802325 0.17482576 0.18296313 0.18332598 0.17674252 0.18271939 0.17717895 0.18252936 0.18404616 0.18090552 0.18251258 0.18611492 0.17956391 0.18719991 0.18341088 0.17943144 0.17808962 0.17719686 0.17075884 0.17221665 0.18060322 0.17208894 0.17531011 0.16045189 0.15854830 0.17112851 0.18500997 0.14986390 0.16632861 0.18468569 0.23891726 0.13582212 -0.02115931 -0.04216002 -0.05648854 -0.06198942 -0.06107750 -0.05991803 -0.06324447 -0.06806573 -0.06828105 -0.06605481 -0.06365180 -0.06661142 -0.07335222 -0.07108669 -0.07642715 -0.07451859 -0.06690670 -0.07089615 -0.07114673
-0.05034993 -0.04628246 -0.05109856 -0.05219749 -0.05043961 -0.04832774 -0.05042902 -0.05479182 -0.05165908 -0.04961577 -0.05037688 -0.04813121 -0.04617958 -0.04690281 -0.04651785 -0.05793548 -0.04756354 -0.05280559 -0.05156090 -0.05116025 -0.05034100 -0.05388036 -0.05067756 -0.04832044 -0.05346221 -0.04932234 -0.05298631 -0.04929368 -0.04792418 -0.05245432 -0.05203690 -0.05073763 -0.05038081 -0.02044168 0.02431702 -0.02144840 -0.02521451 0.11611830 0.17355657 0.17341802 0.18283154 0.17532188 0.17795041 0.18333043 0.16996953 0.17615023 0.17660135 0.16877985 0.17191648 0.17223763 0.16679642 0.17163014 0.17024957 0.17185050 0.17715183 0.18394394 0.18717791 0.18224849 0.17728947 0.17758116 0.18753687 0.18568218 0.18408193 0.18247525 0.17878368 0.17656469 0.17402241 0.16550981 0.17212030 0.16951224 0.18109886 0.18414356 0.17205623 0.17368621 0.17373215 0.18593349 0.17900558 0.17918071 0.17376521 0.18809782 0.17837524 0.18661232 0.18160664 0.18229699 0.17551042 0.17828396 0.17071091 0.18576790 0.18259089 0.19143578 0.17960781 0.17427255 0.18694593 0.17883685 0.18011136 0.16710934 0.16583434 0.17676276 0.18758391 0.20201464 0.21253049 0.10366376 0.13847762 0.17985706 0.08805627 -0.03334001 -0.05745268 -0.05722875 -0.05825809 -0.06735114 -0.06785487 -0.06881963 -0.05727115 -0.06244589 -0.07165653 -0.07570416 -0.07495317 -0.07868986 -0.05948806 -0.07019786 -0.07296979 -0.07011403 -0.06578600 -0.07338026
-0.04904170 -0.05179732 -0.04950282 -0.04917957 -0.04879238 -0.05019029 -0.05100930 -0.05121572 -0.04665242 -0.04712448 -0.04808892 -0.05065010 -0.05424488 -0.04997633 -0.05065564 -0.04231745 -0.05075152 -0.04440369 -0.05031542 -0.05168196 -0.05164766 -0.05625137 -0.05568935 -0.05027711 -0.04736512 -0.04726178 -0.05211543 -0.05606738 -0.05710135 -0.05592559 -0.05109662 -0.04991290 -0.05326269 -0.01642130 0.00691482 -0.04490793 -0.08308880 0.09877598 0.17925218 0.17467469 0.17424917 0.17376462 0.17482126 0.18184462 0.17871608 0.18252580 0.17734735 0.17139918 0.17371395 0.17793275 0.17307208 0.17268726 0.17989038 0.18097910 0.18342593 0.18052343 0.17613079 0.17975084 0.18280341 0.18133609 0.17588031 0.17774296 0.17597541 0.18363324 0.18597817 0.18655376 0.17903265 0.18417539 0.18716063 0.18711735 0.17701820 0.17561698 0.17281766 0.18660325 0.19077824 0.18868968 0.18731999 0.17520846 0.18532798 0.18336782 0.18194866 0.17823082 0.18576078 0.18129897 0.19352154 0.18924147 0.19011119 0.18914312 0.18985735 0.18549505 0.18590304 0.18551901 0.19369735 0.17897743 0.17396301 0.17339715 0.17773844 0.18687041 0.17838308 0.17140993 0.19141111 0.14777744 0.10851821 0.17681701 0.07245384 -0.04198199 -0.05109829 -0.06051964 -0.05987750 -0.06114410 -0.06087550 -0.06512476 -0.07394703 -0.06791757 -0.06729799 -0.06141179 -0.07415436 -0.07221302 -0.06772380 -0.07543674 -0.06664381 -0.06961701 -0.06898469 -0.07223102
-0.04937384 -0.04485737 -0.04934417 -0.04425673 -0.04647124 -0.04606512 -0.04635957 -0.04677501 -0.04789574 -0.04607436 -0.05313008 -0.04969020 -0.04923426 -0.05071724 -0.05081924 -0.05153652 -0.04645768 -0.04808399 -0.04557083 -0.04878247 -0.04337373 -0.05056395 -0.05182064 -0.05785700 -0.05337693 -0.04917432 -0.04751218 -0.05149572 -0.05437697 -0.04763538 -0.04260510 -0.04777519 -0.03795507 -0.04948083 0.00294367 -0.06839631 -0.10935535 0.09108193 0.17219749 0.17970960 0.17537083 0.18415806 0.18873741 0.19218640 0.18632208 0.18654847 0.17573819 0.18422347 0.18667148 0.18527962 0.19206263 0.19052099 0.19027367 0.18130957 0.17643067 0.17886305 0.17766413 0.18018553 0.17928785 0.18093753 0.18195543 0.19118720 0.19215928 0.18778414 0.19088256 0.18907692 0.19392313 0.19893010 0.19139197 0.18021749 0.17866984 0.17506957 0.18532550 0.18811023 0.19376162 0.19326936 0.19259991 0.18352610 0.18641929 0.18823336 0.17987871 0.18773469 0.19083741 0.19124210 0.18357211 0.19233379 0.18763039 0.19157220 0.18478593 0.18049018 0.17749399 0.18764640 0.18700042 0.18288764 0.18301116 0.19166674 0.19506335 0.18343779 0.17755359 0.18020704 0.15373707 0.16552493 0.18934698 0.26950338 0.18372752 -0.03894360 -0.05883393 -0.06047361 -0.06507399 -0.06385347 -0.06654962 -0.06672306 -0.06768115 -0.07240878 -0.06276533 -0.07164681 -0.06614943 -0.07052640 -0.07215241 -0.06988616 -0.07746229 -0.06881619 -0.06862538 -0.06775016
-0.04429108 -0.04557979 -0.04652811 -0.04866274 -0.04644536 -0.04615994 -0.04322067 -0.04724178 -0.04970896 -0.05086824 -0.04744656 -0.05048669 -0.04739834 -0.05060029 -0.04338796 -0.04989619 -0.04249522 -0.04460930 -0.04631203 -0.03887284 -0.04623328 -0.04593524 -0.04538797 -0.04085007 -0.04790556 -0.04859035 -0.04864271 -0.04389682 -0.04173803 -0.03986177 -0.04451215 -0.04672357 -0.04260042 -0.04125509 -0.02081710 -0.07466379 -0.15706469 0.06772831 0.17624265 0.17351711 0.18204959 0.18662278 0.18960984 0.18968117 0.18193524 0.18429604 0.18493658 0.18172494 0.18134479 0.17440611 0.17328566 0.17786881 0.18304649 0.17620069 0.17597207 0.17219955 0.18051365 0.18290311 0.18256781 0.17826119 0.17599210 0.18053037 0.17861456 0.18135266 0.18038981 0.18701500 0.18914275 0.19179517 0.17936194 0.18767439 0.17560305 0.19021046 0.19025172 0.18774606 0.18411952 0.18436985 0.19445634 0.18876714 0.18761484 0.18077709 0.17991750 0.18357858 0.18767990 0.18928653 0.19568810 0.18681951 0.19309817 0.18405417 0.18982968 0.18783937 0.18982519 0.19733149 0.18026417 0.17751944 0.18344605 0.19045776 0.19238807 0.18388903 0.18847869 0.18299894 0.19164467 0.16134319 0.16281983 0.25479418 0.16186175 -0.01036410 -0.05805362 -0.05905049 -0.06309970 -0.06041615 -0.06456427 -0.05645456 -0.05583678 -0.05738306 -0.06858171 -0.06662061 -0.06916180 -0.06090964 -0.06851883 -0.05643251 -0.06945745 -0.05859461 -0.06090169 -0.06620676
-0.04992022 -0.04358734 -0.04533912 -0.04725218 -0.05005398 -0.04418097 -0.05111429 -0.05033360 -0.05036953 -0.04926892 -0.04940659 -0.04874314 -0.04992098 -0.04182391 -0.05052372 -0.04280562 -0.04804330 -0.04755691 -0.05185167 -0.04946630 -0.04749044 -0.04847417 -0.04873701 -0.05163032 -0.04910456 -0.04753000 -0.04500514 -0.04495092 -0.04063525 -0.04669106 -0.04421727 -0.03801876 -0.03823891 -0.07173139 -0.03491981 -0.08857124 -0.16223504 0.01537923 0.16825633 0.17528844 0.17538366 0.17353578 0.17391127 0.17781159 0.18133083 0.18048914 0.18268445 0.17803368 0.17834175 0.17493951 0.16999751 0.17256948 0.17082986 0.18034038 0.18144529 0.18358035 0.17811432 0.16907196 0.16961005 0.16897237 0.17395175 0.16896823 0.16522186 0.17530267 0.17981295 0.17080766 0.17712185 0.16028486 0.16027185 0.17351115 0.17894365 0.17638755 0.17492925 0.17165112 0.16794734 0.17422470 0.17394039 0.17486048 0.18152934 0.18363170 0.17968057 0.18361302 0.18128215 0.18215218 0.18336013 0.18210980 0.17617318 0.18523534 0.18729880 0.19085492 0.18090916 0.17831859 0.17109066 0.17076088 0.16718343 0.18455763 0.17457183 0.17406556 0.16532835 0.16654316 0.14715838 0.15328033 0.15846696 0.21817049 0.11200701 -0.03397243 -0.04895051 -0.05715850 -0.06011702 -0.06024963 -0.06143812 -0.06312940 -0.06483220 -0.06486333 -0.06662856 -0.07029194 -0.06715772 -0.07938983 -0.05805207 -0.07485303 -0.07023248 -0.07371998 -0.06495605 -0.07407911
-0.04578086 -0.04579322 -0.03983241 -0.04383426 -0.04076520 -0.04105812 -0.04451625 -0.04717682 -0.04293038 -0.04314154 -0.03928982 -0.04251979 -0.03667006 -0.03938476 -0.04278530 -0.04697376 -0.04661288 -0.04794321 -0.04219582 -0.04767566 -0.04825907 -0.04247716 -0.04993968 -0.04786741 -0.04872575 -0.04404327 -0.04068762 -0.03527699 -0.04373756 -0.04253639 -0.03846253 -0.03412163 -0.05346217 -0.07001855 -0.08501756 -0.07160360 -0.18388665 -0.02727713 0.14585669 0.17539133 0.17490686 0.17811599 0.17400555 0.17352402 0.18043740 0.18663113 0.18263024 0.17011213 0.16730617 0.16365509 0.17526515 0.18221338 0.18080662 0.17641963 0.17939942 0.18024103 0.17450857 0.17681155 0.17643808 0.17666650 0.17456394 0.17607781 0.17144813 0.17916955 0.18245555 0.16869655 0.16393617 0.16440356 0.16542801 0.16531336 0.17662930 0.16569063 0.16408311 0.16822749 0.17206141 0.18741560 0.19046818 0.17795165 0.17791080 0.18348284 0.18646313 0.18739052 0.18101834 0.16702527 0.16845395 0.17321485 0.18315998 0.18904458 0.18304348 0.17641267 0.16910927 0.16414261 0.16461435 0.17097345 0.17130977 0.17954707 0.17127326 0.16160214 0.16282883 0.16136536 0.20781963 0.13521925 0.15655868 0.17868671 0.10792436 -0.01916968 -0.05427220 -0.06231694 -0.05604092 -0.05467752 -0.05529893 -0.05561831 -0.06008171 -0.06358059 -0.06291635 -0.05753597 -0.06529478 -0.06131713 -0.06088997 -0.05929117 -0.06483717 -0.06850465 -0.06608568 -0.06262094
-0.04183884 -0.04772474 -0.04507220 -0.04181752 -0.04707835 -0.04234859 -0.04433417 -0.03933201 -0.04009649 -0.04378328 -0.04638232 -0.04504350 -0.04357929 -0.04295440 -0.04388718 -0.04668923 -0.04722051 -0.04633908 -0.04846079 -0.04783046 -0.04633579 -0.04872040 -0.04690995 -0.04488304 -0.04104430 -0.04976311 -0.04932140 -0.04243751 -0.04393133 -0.04147909 -0.03654784 -0.04406448 -0.04563253 -0.06286912 -0.08081129 -0.04205780 -0.15839654 -0.09385188 0.10158294 0.15888348 0.15958810 0.15386298 0.16173208 0.16252139 0.16615194 0.16408832 0.15395421 0.16894527 0.16823313 0.17480305 0.16890398 0.16974211 0.17637420 0.17125349 0.17673166 0.17195025 0.16528645 0.17594129 0.17952439 0.17862844 0.17224973 0.17263441 0.17585072 0.17279992 0.16191491 0.16087914 0.15133576 0.16502869 0.16442883 0.14740191 0.15597899 0.15433253 0.16044146 0.16730206 0.16872397 0.16088206 0.16907340 0.16571760 0.16559762 0.17425503 0.16619363 0.16920266 0.16976209 0.16130209 0.16524518 0.17386179 0.17371210 0.17974545 0.16370010 0.16430715 0.16976508 0.18572477 0.19622572 0.17392433 0.16566125 0.16805941 0.17078286 0.15897821 0.15744266 0.14987926 0.13286611 0.13866797 0.11794517 0.13314950 0.02605895 -0.05442677 -0.04980216 -0.05637013 -0.06072883 -0.05550135 -0.06045184 -0.06043492 -0.06271330 -0.06276425 -0.06049737 -0.06059531 -0.06504043 -0.05521945 -0.06483998 -0.06602205 -0.06456269 -0.06336281 -0.06422650 -0.06715572
-0.04124420 -0.03829220 -0.03970000 -0.04195445 -0.04296301 -0.04277232 -0.03829459 -0.04233427 -0.03533173 -0.04400072 -0.04067594 -0.03992527 -0.04221278 -0.04147673 -0.04177102 -0.04378983 -0.03943913 -0.03920524 -0.04433034 -0.04314210 -0.03741069 -0.04272091 -0.04207677 -0.04210850 -0.04343338 -0.04272083 -0.04144821 -0.04830199 -0.04333009 -0.04501239 -0.04468223 -0.04355630 -0.04707267 -0.05695063 -0.09038019 -0.06166983 -0.13745502 -0.14899519 0.01253048 0.14200906 0.15225165 0.15812929 0.15835592 0.16647376 0.16612712 0.17242596 0.16815725 0.16646972 0.17255449 0.17016596 0.17318434 0.17487043 0.16849744 0.16433790 0.16381279 0.16932029 0.17097384 0.16915408 0.16863233 0.16825801 0.17072859 0.17079477 0.16765013 0.15130964 0.15962647 0.16339117 0.17642073 0.18313102 0.16908821 0.17080837 0.16303968 0.16325313 0.17279580 0.17428643 0.17212485 0.16081735 0.16369343 0.15538096 0.16762766 0.16651887 0.16458017 0.15686631 0.16218811 0.16141266 0.17543343 0.17309217 0.17461227 0.15987414 0.17011082 0.16957241 0.17825946 0.17301960 0.17211674 0.15995350 0.16268608 0.16269433 0.15542579 0.15652576 0.15006796 0.14719531 0.12160002 0.08173791 0.12917027 0.09718740 0.03645190 -0.04476868 -0.05882478 -0.05344293 -0.05434600 -0.06559400 -0.05804403 -0.06823424 -0.06100111 -0.06212542 -0.06412352 -0.05957396 -0.05910750 -0.05754647 -0.06383120 -0.07136363 -0.07493687 -0.06687401 -0.06530197 -0.05844951
-0.04331206 -0.04452067 -0.04391958 -0.03846201 -0.03548384 -0.03135648 -0.03540540 -0.04643880 -0.04614912 -0.04240956 -0.04653901 -0.04014292 -0.04659782 -0.03797279 -0.04015527 -0.04143953 -0.04305875 -0.04310474 -0.04483588 -0.04056387 -0.04001317 -0.04193006 -0.04502439 -0.04505551 -0.04603221 -0.04773507 -0.04387651 -0.04008391 -0.04468874 -0.04448665 -0.04598491 -0.04245029 -0.05233692 -0.06326436 -0.06757857 -0.10070081 -0.09370388 -0.18620545 -0.04704776 0.13679671 0.17691579 0.18160884 0.19024616 0.18247984 0.17395225 0.17734590 0.18614949 0.18572180 0.19211422 0.18468659 0.17676561 0.19006953 0.18837152 0.18172190 0.18211454 0.18320554 0.19024524 0.18584798 0.18897733 0.18984085 0.18932027 0.19213234 0.18715505 0.18615386 0.19656779 0.19111291 0.19899814 0.19843319 0.18767549 0.18709776 0.17971875 0.17921084 0.18532433 0.18531172 0.18251356 0.17900276 0.18374279 0.18384445 0.17331554 0.17694709 0.17962228 0.19493228 0.19216949 0.19159092 0.18116900 0.18498655 0.18176010 0.18723285 0.17635655 0.18836197 0.18834262 0.19881217 0.18520582 0.18605067 0.18699704 0.18479371 0.18346037 0.17254245 0.16511866 0.14697972 0.15288527 0.13029230 0.10267740 0.03320196 -0.03774264 -0.04367483 -0.05005123 -0.05977263 -0.06601915 -0.06931785 -0.06171669 -0.06272197 -0.05935566 -0.06458630 -0.06091210 -0.07145296 -0.06533063 -0.06960744 -0.06203781 -0.06178841 -0.05763947 -0.06527039 -0.06898728 -0.07290982
-0.03644525 -0.04293898 -0.04572115 -0.04178562 -0.03898661 -0.04668657 -0.04558508 -0.04257549 -0.04189088 -0.03959722 -0.04754236 -0.04527725 -0.04518689 -0.04689676 -0.04715373 -0.04514709 -0.04113530 -0.04438828 -0.03969107 -0.04576544 -0.04766614 -0.04653522 -0.04841961 -0.04384194 -0.04111542 -0.04245017 -0.04735476 -0.04440399 -0.04440012 -0.05273703 -0.04755097 -0.04743795 -0.03721562 -0.05655880 -0.05825494 -0.12607057 -0.11013742 -0.18304607 -0.08769065 0.09970558 0.18506761 0.18106943 0.19071354 0.18485074 0.18751244 0.19459121 0.19146086 0.19617090 0.20447178 0.20705178 0.20194000 0.19368207 0.19521844 0.19486281 0.19686639 0.21038394 0.19143441 0.19682772 0.18991850 0.19070497 0.19578601 0.19431646 0.19385904 0.20209917 0.20048466 0.19000952 0.18303850 0.18388663 0.20493200 0.20092626 0.19786046 0.18476006 0.18190892 0.18703058 0.18652038 0.19212982 0.19723944 0.19652805 0.19189137 0.18883723 0.19439624 0.19528808 0.20244354 0.18752927 0.18850815 0.18619750 0.19093195 0.19319129 0.19552179 0.19293059 0.20185150 0.19786321 0.19424966 0.19493446 0.19208896 0.18668029 0.18821956 0.18669473 0.18125632 0.18002623 0.09189804 0.12134495 0.07807919 0.02488065 -0.00642895 -0.05650247 -0.06222718 -0.06865273 -0.07112862 -0.06451352 -0.06953669 -0.05869281 -0.06250133 -0.06226081 -0.06570065 -0.06888623 -0.07569131 -0.07765476 -0.07769810 -0.06930080 -0.06648190 -0.06827663 -0.07228884 -0.06687135
-0.05099398 -0.04299689 -0.04505028 -0.04508740 -0.05414493 -0.05218005 -0.05363850 -0.04441398 -0.03727353 -0.04048287 -0.03898655 -0.04506845 -0.04326810 -0.04601496 -0.04597956 -0.04400473 -0.04467588 -0.04103146 -0.04059851 -0.04294948 -0.04614611 -0.04779901 -0.04222510 -0.04602727 -0.04194225 -0.04522465 -0.04100118 -0.04164505 -0.03707664 -0.03503265 -0.03751212 -0.04076318 -0.04921911 -0.06041881 -0.09205772 -0.09724712 -0.10215430 -0.12014788 -0.11698671 0.00400882 0.15590507 0.17578653 0.18562584 0.18631656 0.19188619 0.19842903 0.18839578 0.19113208 0.18960783 0.18820687 0.18567070 0.18290178 0.18903889 0.17987782 0.17682900 0.17716256 0.18185352 0.17853890 0.18506002 0.17631003 0.17746159 0.17890695 0.18296777 0.18861453 0.18443620 0.18184179 0.18191658 0.17774481 0.18019973 0.18166576 0.18056057 0.17832616 0.17558753 0.18168740 0.18101344 0.18674873 0.19050473 0.18518607 0.18340765 0.18613690 0.18380946 0.18466477 0.18712066 0.18553969 0.17941055 0.18849146 0.19280696 0.19391921 0.19116323 0.17879400 0.18640311 0.18834031 0.17548345 0.17986031 0.17903484 0.18396731 0.18262103 0.17557621 0.15732262 0.14291850 0.09845062 0.07546839 0.04792848 -0.00647404 -0.02530299 -0.04786792 -0.04776517 -0.05306263 -0.05329751 -0.05483380 -0.06058726 -0.06795634 -0.06900201 -0.06959993 -0.06388818 -0.06498737 -0.06618783 -0.06534139 -0.06398296 -0.07653151 -0.07196337 -0.07274188 -0.07802032 -0.07495290
-0.04027436 -0.04105504 -0.04614203 -0.05305218 -0.05125514 -0.04566791 -0.03780403 -0.04301784 -0.04268607 -0.04168725 -0.04733678 -0.04446831 -0.04666876 -0.04311571 -0.04094257 -0.03816593 -0.04104435 -0.04367508 -0.04698334 -0.04605421 -0.03628514 -0.03831819 -0.04252411 -0.04443941 -0.04575778 -0.04698742 -0.04993123 -0.03977250 -0.04094381 -0.02847767 -0.03344629 -0.04054604 -0.05394969 -0.05490644 -0.07141082 -0.06495743 -0.12527122 -0.08666483 -0.14794928 -0.06377915 0.08340012 0.17973937 0.18755758 0.18480983 0.18345536 0.17920285 0.18544397 0.17624663 0.18189415 0.17502692 0.17725608 0.18151341 0.19023502 0.18359855 0.18837710 0.17838460 0.18289398 0.18589686 0.18320949 0.18867369 0.18565875 0.18488772 0.18286228 0.18214154 0.18086918 0.18453167 0.18326297 0.18998216 0.17820255 0.17877394 0.17589402 0.16914684 0.18210053 0.18166639 0.18834913 0.17872766 0.18108715 0.19228114 0.18054567 0.18141469 0.17608687 0.18401614 0.18486446 0.18498485 0.18404423 0.18543936 0.18596439 0.19201261 0.18989396 0.18169747 0.18096848 0.17899969 0.19052914 0.18549220 0.19332753 0.18518899 0.17334542 0.17241307 0.14165229 0.09565240 0.09446147 0.11076924 0.05851246 0.03400964 -0.04186109 -0.05831739 -0.06467850 -0.06277896 -0.06536494 -0.07310706 -0.07292426 -0.07086381 -0.06990889 -0.06721070 -0.07028252 -0.06524462 -0.07540500 -0.06644014 -0.07651198 -0.07799512 -0.08014728 -0.07678296 -0.08210129 -0.07600507
-0.03934524 -0.04692690 -0.04601736 -0.03549460 -0.00651033 0.03106892 -0.01194111 -0.06222876 -0.04789392 0.02213394 0.00289742 -0.03390356 -0.03732269 -0.03992836 -0.03909294 -0.04419380 -0.04197638 -0.04009268 -0.03703134 -0.03906293 -0.02398438 -0.00457151 -0.02105331 -0.01219273 0.02656281 0.05154889 0.05943067 0.05015062 0.04762432 0.06459759 0.10392244 0.08248533 0.00873174 -0.01951048 0.01503916 0.00274390 -0.07298961 -0.13132468 -0.15960155 -0.15144391 -0.02056912 0.13643597 0.17612758 0.18212932 0.17225116 0.17657728 0.18113473 0.18335462 0.18180072 0.18757057 0.18694592 0.19468699 0.18877250 0.18785538 0.19098374 0.19098438 0.19186904 0.18661967 0.18042174 0.18675558 0.18741609 0.19353595 0.18387684 0.18553296 0.18726134 0.18999441 0.19200411 0.18380518 0.18446749 0.18258673 0.17595227 0.16739354 0.16327795 0.17900537 0.17884564 0.18642256 0.17888333 0.18534423 0.18569051 0.18674281 0.18557803 0.18723503 0.18520644 0.18230763 0.18350510 0.18911584 0.18457317 0.19083098 0.17989878 0.18030739 0.18024680 0.17959103 0.18212086 0.18306720 0.17158926 0.18392910 0.17907712 0.17179176 0.18977198 0.10036002 0.08750940 0.05428622 0.01079453 -0.01655822 -0.03751888 -0.06547908 -0.06176484 -0.05668256 -0.06620542 -0.05766045 -0.06584619 -0.05453269 -0.05963900 -0.06488466 -0.06213785 -0.07546359 -0.07525720 -0.06899221 -0.07022578 -0.06619140 -0.06552151 -0.07217047 -0.07889834 -0.06835783
-0.04921616 -0.04297502 -0.00084481 0.04446746 0.01745894 -0.05736408 0.07056165 0.13287029 0.15970823 0.18490016 0.14827444 0.05088145 -0.03590234 -0.03664989 -0.04194010 -0.04175773 -0.03974963 -0.02812861 -0.00827636 0.00758234 -0.01549601 0.02850769 0.05942002 0.05985042 0.09033778 0.14695619 0.19402397 0.29938370 0.35803452 0.36339891 0.28325224 0.27129653 0.30940866 0.30673537 0.23435463 0.11981370 0.08336192 -0.04092170 -0.12013932 -0.19346853 -0.11706530 0.05431965 0.16188039 0.18104975 0.17102276 0.17884544 0.17796907 0.17794397 0.17975840 0.18018581 0.18253440 0.17691323 0.17855325 0.17856202 0.17804769 0.17792228 0.18072359 0.17792307 0.18316425 0.18072873 0.18424709 0.17848936 0.18884979 0.17855641 0.19146293 0.18294178 0.18345144 0.18134329 0.17217122 0.17936964 0.17315349 0.16718873 0.17061788 0.17570007 0.16897556 0.16491523 0.17758778 0.17339215 0.17745119 0.17555267 0.17813379 0.18548580 0.17914931 0.17672300 0.17941685 0.18121980 0.17440222 0.17494202 0.17947325 0.17982353 0.16703111 0.17917374 0.17154720 0.17935506 0.18267392 0.17936553 0.18321188 0.17253697 0.13234422 0.08982483 0.08671428 0.04742044 -0.01288174 -0.03391334 -0.05195868 -0.05310407 -0.05606938 -0.06561078 -0.06071430 -0.06414173 -0.05251179 -0.05705650 -0.06118223 -0.07151555 -0.07717291 -0.06761160 -0.06373338 -0.05697937 -0.06281620 -0.07263021 -0.06549838 -0.06571643 -0.06930487 -0.06986309
-0.04166336 0.01712870 0.01057113 -0.09194933 -0.10288905 0.06356048 0.28300220 0.55045760 0.60430777 0.50078201 0.37324262 0.16036478 0.03781514 0.00905889 0.00184100 0.00549764 0.02268888 0.01822676 0.00871704 0.00549488 0.07053409 0.07477580 0.21070047 0.30645648 0.43203154 0.51543862 0.54003561 0.55693924 0.56960487 0.57530653 0.59341538 0.54266912 0.53383660 0.57260287 0.65941668 0.51966453 0.28499061 0.12705266 -0.00593031 -0.04934586 -0.14276043 -0.04658584 0.10868686 0.16741034 0.16543812 0.17121500 0.16851170 0.17766906 0.17222263 0.17713064 0.16711983 0.17462735 0.17724586 0.17645054 0.17120053 0.17442372 0.16807289 0.17669478 0.17716661 0.18152550 0.17702121 0.17135009 0.16832234 0.18262398 0.17990777 0.17788860 0.17418796 0.16737887 0.16797775 0.16914307 0.17431757 0.15731652 0.16718382 0.16905713 0.16193286 0.16770020 0.17637232 0.17764130 0.17706119 0.17157733 0.17009436 0.17042539 0.18225896 0.17677677 0.17807189 0.17233114 0.17514947 0.17169806 0.17622703 0.17543176 0.16366163 0.17936353 0.17034855 0.17730758 0.18936856 0.18442325 0.17519188 0.17321968 0.12610972 0.05845594 0.09558129 0.07306018 0.02829322 -0.02500214 -0.05586345 -0.06057081 -0.06180493 -0.06173166 -0.06106322 -0.06098323 -0.06393045 -0.06370785 -0.07183893 -0.06521507 -0.06460427 -0.05637324 -0.06030798 -0.05943895 -0.06152877 -0.07050884 -0.05991844 -0.06020118 -0.06419035 -0.07415138
-0.00468101 -0.04062104 -0.08461143 -0.00975556 0.19988206 0.59077370 0.66969073 0.54701746 0.52971363 0.47242340 0.50453115 0.39269871 0.24372354 0.19358861 0.12649351 0.04295775 -0.02132069 0.00457264 0.11950686 0.24959518 0.41379318 0.57595503 0.61319482 0.66129661 0.63732171 0.64115357 0.58782542 0.47493044 0.36820549 0.35242784 0.43205813 0.53157169 0.50526273 0.40699452 0.36448267 0.54022652 0.62619424 0.46468213 0.26906538 0.09987058 -0.01990139 -0.10307431 0.05116900 0.16386782 0.17358086 0.16700761 0.16640985 0.16714431 0.17411311 0.17321613 0.17967685 0.17872214 0.17220971 0.16627228 0.17404932 0.17472839 0.18517464 0.17835240 0.17161791 0.17069261 0.17195255 0.17869024 0.18344320 0.17071991 0.17861322 0.17330520 0.17797679 0.17995408 0.17003849 0.17667809 0.16633020 0.15656349 0.17013693 0.16260108 0.16539356 0.16874215 0.17675903 0.17061546 0.16906865 0.17305487 0.17250888 0.17828318 0.16744837 0.16784558 0.17376922 0.18127538 0.17715895 0.17332941 0.17644645 0.16593790 0.16686121 0.16565531 0.17511842 0.17885458 0.17984819 0.17153139 0.17516875 0.15413371 0.13649079 0.09716971 0.10666651 0.10150643 0.00803268 -0.04913169 -0.05781125 -0.06175420 -0.06586153 -0.05848670 -0.06676294 -0.06946837 -0.06960184 -0.07106891 -0.05814441 -0.06968237 -0.05495358 -0.06638871 -0.06277949 -0.06450663 -0.06759746 -0.06407337 -0.07201596 -0.07057749 -0.07578340 -0.07093845
-0.01903053 -0.06632057 0.06594473 0.20876093 0.54195052 0.54790521 0.37017915 0.15350549 -0.01120410 0.12152093 0.28900313 0.52556407 0.52912641 0.35438797 0.18946372 0.14916763 0.25723311 0.44356608 0.58701098 0.68238592 0.67446864 0.63266206 0.54318005 0.37920684 0.23594312 0.10841906 0.08645486 0.11242341 0.15523750 0.17359404 0.16300276 0.14075670 0.14611673 0.15005678 0.11943825 0.08778867 0.21727751 0.48794380 0.52410877 0.35303444 0.11894806 0.00106080 0.07415550 0.18502070 0.17010370 0.16421816 0.16741461 0.16889025 0.17341739 0.17023161 0.16768929 0.17762721 0.17074159 0.17399287 0.17410353 0.17257047 0.17684536 0.17555328 0.17129397 0.17964666 0.16992520 0.17159715 0.17366776 0.17866895 0.17372306 0.17394370 0.17698982 0.17306703 0.16927221 0.17800564 0.15977943 0.15922348 0.16939789 0.18003108 0.17453253 0.17669296 0.17894705 0.17480585 0.16635247 0.17331025 0.17394018 0.18600839 0.18657388 0.16437531 0.17342499 0.17922656 0.17901921 0.17053068 0.17055537 0.17715132 0.17625019 0.17248577 0.17861626 0.18418536 0.17067009 0.16910121 0.17232308 0.16097511 0.10731263 0.11368374 0.14617282 0.13506871 0.02484163 -0.05619672 -0.06561141 -0.06693336 -0.05621842 -0.05841059 -0.05910654 -0.06442500 -0.06682999 -0.06071641 -0.06191751 -0.05793178 -0.07344934 -0.06524406 -0.07950392 -0.06846011 -0.07127482 -0.06506367 -0.06476325 -0.07119590 -0.06606350 -0.06970776
-0.08477163 0.08954066 0.15291390 0.28011477 0.30502418 0.11648928 0.01324514 0.14317167 0.23340602 0.23348580 0.26271713 0.29739928 0.36507750 0.45277917 0.53880119 0.61246204 0.69825113 0.70999849 0.62034297 0.44038668 0.24938707 0.09005730 0.03170900 0.05006851 0.06728031 0.14676043 0.15331256 0.16258517 0.18021134 0.18542492 0.18490924 0.17782763 0.17817467 0.21363074 0.28539023 0.28313369 0.14507778 0.09971327 0.22425427 0.38642094 0.43113312 0.26245928 0.17266279 0.16743536 0.17713830 0.18259820 0.18024969 0.18003327 0.17651692 0.17714566 0.17858408 0.17203566 0.18777597 0.18080555 0.18664244 0.18375023 0.17619309 0.18563846 0.18068948 0.17672372 0.19683057 0.18510066 0.17994741 0.18001048 0.18298140 0.17758852 0.18578497 0.17986420 0.17167234 0.18195696 0.17796052 0.18738388 0.18359169 0.18195492 0.17360546 0.17865855 0.18383402 0.17640254 0.17690052 0.18645562 0.18417189 0.18158846 0.17932758 0.17581677 0.18057965 0.17988698 0.17407119 0.17900884 0.18422572 0.19702992 0.17176490 0.16382951 0.17231177 0.17640644 0.18924429 0.16921967 0.16294312 0.16417119 0.13456066 0.10164492 0.11500089 0.08915623 -0.01502303 -0.04934056 -0.05582764 -0.05403666 -0.05982252 -0.05920371 -0.06495817 -0.06371300 -0.05746324 -0.05865134 -0.06799512 -0.07504006 -0.06911689 -0.06623118 -0.05865514 -0.06192193 -0.06887968 -0.07047550 -0.06713258 -0.05438095 -0.06413376 -0.06142651
0.00040821 0.11379360 0.07812468 0.14656150 0.13335682 0.05943380 0.15864927 0.17947592 0.24069472 0.27323854 0.26030838 0.25961000 0.26281723 0.41521987 0.57135475 0.60311675 0.44859666 0.22718078 0.07688747 0.03792077 0.05942676 0.12662777 0.14946327 0.17200342 0.17577702 0.17146540 0.17455029 0.17496708 0.17317328 0.17441654 0.17062983 0.17596941 0.18016186 0.17328611 0.18427058 0.23643939 0.28464514 0.21897240 0.16176575 0.25088465 0.30891842 0.35910052 0.25430155 0.18077986 0.17262213 0.17906751 0.18361446 0.18053728 0.18295415 0.18356417 0.17976572 0.18254478 0.17746621 0.17617591 0.17880493 0.18266544 0.18445519 0.18974069 0.18378168 0.17840526 0.17806937 0.18096957 0.18171732 0.18190642 0.18121487 0.18532218 0.18016888 0.17989665 0.18220729 0.17249939 0.19052379 0.17817408 0.18552837 0.18839969 0.17751607 0.18132542 0.18874045 0.18577498 0.18579577 0.18122175 0.18124636 0.18348828 0.17981002 0.17775026 0.18145737 0.18611953 0.19147234 0.18422931 0.18416387 0.18966366 0.17530020 0.16572638 0.16235115 0.16856085 0.17989956 0.18401925 0.13739058 0.13388336 0.12370943 0.09081694 0.05351444 0.05141918 -0.03273660 -0.06013391 -0.05741699 -0.05467132 -0.05777933 -0.05629425 -0.06170119 -0.06381678 -0.06479255 -0.06311996 -0.06257979 -0.05974270 -0.06203409 -0.06349886 -0.06958532 -0.06431388 -0.06575995 -0.06652960 -0.06420376 -0.06760521 -0.06646127 -0.07116205
0.05827646 0.05306045 0.02127598 0.06298457 0.06017068 0.15492094 0.17173915 0.17570543 0.17448965 0.19825116 0.22647984 0.25973725 0.29265994 0.25613636 0.17360026 0.07321154 0.02007390 0.04428715 0.11195382 0.15009230 0.17140575 0.16966051 0.17664625 0.16762491 0.17064103 0.16883075 0.16625428 0.17027062 0.17128292 0.17295384 0.17812766 0.17221774 0.17849563 0.17614494 0.17282200 0.15654367 0.19721445 0.25343299 0.24906962 0.18944681 0.15627556 0.08062079 0.10763495 0.18611805 0.18157116 0.16895682 0.17152397 0.17003746 0.16995168 0.17700438 0.16200194 0.17322636 0.17686968 0.16962099 0.17586955 0.16716737 0.17255640 0.17003703 0.16930562 0.18153605 0.17502341 0.17692143 0.17173809 0.17126361 0.17735702 0.17983350 0.16766381 0.17863679 0.18067935 0.18041708 0.18301155 0.17190045 0.17242275 0.17957620 0.17178331 0.17779528 0.17818339 0.18485865 0.17450352 0.17716463 0.16741982 0.17884350 0.18083012 0.18020302 0.17615998 0.17707941 0.17353556 0.17838496 0.17216368 0.17473644 0.17192513 0.16144708 0.15927666 0.16419417 0.15012410 0.16637403 0.14983869 0.08192163 0.05118344 -0.01224026 -0.02644154 0.00762402 -0.01919538 -0.05420342 -0.05499237 -0.06066975 -0.06377215 -0.06179415 -0.05635016 -0.05931211 -0.06376906 -0.06905715 -0.05710781 -0.06507563 -0.06192340 -0.07099429 -0.07202125 -0.07958300 -0.06444360 -0.06189795 -0.05180205 -0.05422433 -0.06978305 -0.06560317
0.03537093 0.04221753 0.03402440 0.03656851 0.13354613 0.16497150 0.16406512 0.16173510 0.16474061 0.16502064 0.17036887 0.17814162 0.18408406 0.17118703 0.15370736 0.13656494 0.15131855 0.16998579 0.17153944 0.17052883 0.17108166 0.17377633 0.16999722 0.17148012 0.16926953 0.17333764 0.17257220 0.17707224 0.16713871 0.17091390 0.16959158 0.16770557 0.16686040 0.16741496 0.17469227 0.16957417 0.16376030 0.17610902 0.19393103 0.18330875 0.17553481 0.15214676 0.12780869 0.16658720 0.16663428 0.17225784 0.17125395 0.17707013 0.16746151 0.16544509 0.16920060 0.16999578 0.18128848 0.17526409 0.17385243 0.17634800 0.17383844 0.17956202 0.17543286 0.16579494 0.16979325 0.16746828 0.16886023 0.16668808 0.16730785 0.17031619 0.17442396 0.18379307 0.17728609 0.17332146 0.16840109 0.16349998 0.17906317 0.18601665 0.18060754 0.17832808 0.17800286 0.17278641 0.16949844 0.17360809 0.18909480 0.18693885 0.19163027 0.17322096 0.17315231 0.17397365 0.17660391 0.18464446 0.18520340 0.18743007 0.18689905 0.15254162 0.14264324 0.14294308 0.14176823 0.11968546 0.08555392 0.01093306 -0.02726448 -0.06528813 -0.07694101 -0.03189602 -0.03945442 -0.03870595 -0.05774520 -0.05342376 -0.05874403 -0.06292425 -0.06753229 -0.07683755 -0.06770097 -0.05917413 -0.06158477 -0.05991162 -0.07421906 -0.06615026 -0.07067051 -0.06249781 -0.06777632 -0.06779338 -0.06557025 -0.07762866 -0.07437885 -0.07876064
0.01801636 0.02744204 -0.07727411 -0.07766458 0.13086256 0.15838745 0.15913992 0.15536910 0.15529338 0.16471405 0.16243245 0.16197160 0.16521683 0.16021836 0.16550496 0.16975695 0.17018339 0.16982111 0.16454706 0.17037988 0.16747276 0.16465427 0.16676871 0.16032726 0.17082024 0.16898367 0.16761838 0.17120504 0.16805354 0.17158228 0.16781691 0.16752739 0.17268354 0.17232218 0.17252132 0.17657155 0.17171788 0.16950551 0.17051286 0.16675404 0.17204797 0.17071843 0.17239353 0.16921143 0.16210741 0.16094400 0.16692653 0.16435397 0.16913432 0.16980782 0.17645240 0.17570183 0.17008574 0.16555475 0.16564378 0.16900775 0.17067544 0.17015132 0.16902259 0.16263172 0.16658032 0.16579542 0.16222182 0.16191670 0.16959742 0.16623580 0.16313109 0.17323312 0.17166555 0.17442104 0.17714027 0.17504123 0.18369177 0.17514741 0.16993371 0.17490226 0.17886072 0.17921531 0.17273130 0.17357379 0.17373750 0.18008804 0.16749245 0.16649295 0.16854541 0.18058939 0.18773808 0.18072577 0.17273244 0.17481069 0.17350101 0.16775078 0.14287135 0.10664785 0.12662643 0.05566506 -0.07435195 -0.14238319 -0.12375750 -0.04747108 -0.01432557 -0.02793366 -0.04466839 -0.06095963 -0.06264015 -0.06770954 -0.06662504 -0.06676999 -0.06428365 -0.06228976 -0.05555040 -0.05732854 -0.06536373 -0.07197984 -0.07371309 -0.07273859 -0.07467520 -0.07016122 -0.07564154 -0.07316232 -0.07760623 -0.07468535 -0.07032766 -0.07978562
-0.01798806 0.00214593 -0.13647522 -0.10806961 0.11546382 0.16549084 0.16237655 0.16619441 0.16616940 0.16929558 0.17308664 0.16454053 0.16805893 0.16459537 0.15956548 0.16611931 0.16223556 0.15291283 0.16504666 0.16434970 0.16537312 0.16588384 0.16400877 0.17225896 0.17373514 0.17172673 0.17315409 0.16802567 0.17438966 0.17521720 0.17675585 0.17223603 0.17225039 0.16731101 0.16463411 0.16696396 0.17357722 0.18239252 0.18006045 0.17385948 0.16420203 0.16749130 0.16693467 0.17575705 0.17563236 0.16978851 0.16832343 0.16676866 0.17255926 0.17656234 0.17153949 0.17161724 0.16774137 0.16856676 0.17135820 0.16720571 0.16868606 0.17500114 0.17825320 0.16719860 0.16926643 0.17337650 0.15326399 0.14658238 0.15865478 0.16184050 0.16855943 0.17168063 0.18488842 0.19021130 0.18176098 0.17589968 0.16967264 0.17014624 0.16012219 0.16836625 0.17240933 0.17126328 0.17442219 0.16704652 0.16197614 0.15743634 0.17386702 0.17531873 0.18011323 0.17852820 0.17503841 0.16357628 0.16883495 0.17797595 0.17990969 0.21941754 0.19088471 0.14405522 0.04480858 -0.03333190 -0.19048722 -0.24042132 -0.16617608 -0.05207655 -0.00354821 -0.02477725 -0.04730444 -0.06414430 -0.06688248 -0.05994038 -0.06471642 -0.06332242 -0.05972480 -0.05182052 -0.05390295 -0.06598570 -0.07048718 -0.07380971 -0.07030711 -0.06650731 -0.06321887 -0.06962543 -0.07105011 -0.08365059 -0.07992119 -0.06105696 -0.05728874 -0.06879330
0.02410045 0.05851319 -0.03585960 -0.04587968 0.09027050 0.15950653 0.16797507 0.16300505 0.16356432 0.16062313 0.16387475 0.15798000 0.16800076 0.16848628 0.16507715 0.15725212 0.15944931 0.17029175 0.17061976 0.16872407 0.16047138 0.16815180 0.16891438 0.16957349 0.16542019 0.16836667 0.16680849 0.16772199 0.16552195 0.16487102 0.16519013 0.16241470 0.16306625 0.17285496 0.16793047 0.17858204 0.17357200 0.17311755 0.17133364 0.17141899 0.16837466 0.16688406 0.17267933 0.17193425 0.17551729 0.17239156 0.17412491 0.17447872 0.17370838 0.17228377 0.16524146 0.15712224 0.17265251 0.17287382 0.17705381 0.17425081 0.17029697 0.17274138 0.18397574 0.18374564 0.15805706 0.15606879 0.13530129 0.12818557 0.14472479 0.16506301 0.18093677 0.18445168 0.18571277 0.17426968 0.16118410 0.15526551 0.16185313 0.16459939 0.16778539 0.16828820 0.17592895 0.16902366 0.16633591 0.17233165 0.17835125 0.18229923 0.17894827 0.16274662 0.16323803 0.16243838 0.16418588 0.16794160 0.16637647 0.17671728 0.17106971 0.15787950 0.20094259 0.13966782 0.06156022 -0.01128373 -0.06123459 -0.14634316 -0.12950853 -0.05314250 -0.03297631 -0.03563045 -0.05016044 -0.05366266 -0.05153383 -0.06076452 -0.04740651 -0.05519862 -0.05615019 -0.06763624 -0.07371655 -0.06719104 -0.06913844 -0.06047238 -0.06007573 -0.05724090 -0.05872834 -0.06530663 -0.06802858 -0.05738892 -0.05389716 -0.05475952 -0.04862747 -0.06270938
0.22180173 0.14337769 0.09747120 -0.04856693 -0.00098343 0.10221693 0.14904742 0.15755582 0.16239902 0.16419873 0.16342913 0.16500670 0.16209728 0.16036370 0.16145661 0.16200560 0.15654296 0.16267142 0.15315017 0.15512222 0.16257069 0.15898532 0.16590354 0.16139445 0.15369689 0.15654106 0.15252604 0.15594643 0.15851685 0.15536480 0.16209543 0.15421832 0.15692863 0.16133904 0.17120188 0.15871909 0.16148001 0.14951532 0.15052477 0.15986636 0.16402917 0.17116022 0.16857979 0.16118807 0.16423494 0.16284846 0.16653717 0.17047524 0.15660222 0.15613365 0.15507801 0.16141921 0.16123423 0.15889467 0.16545206 0.16831499 0.16058670 0.15516219 0.14987524 0.16218883 0.17419401 0.17193770 0.16314700 0.14424205 0.15214631 0.16417457 0.16060367 0.16790463 0.16809759 0.16283043 0.16603784 0.16307604 0.16572368 0.17119792 0.16060311 0.16949350 0.16746417 0.17207249 0.16857626 0.17016941 0.16717482 0.17704843 0.16467932 0.15590301 0.15864089 0.16480841 0.16626993 0.16953109 0.13375026 0.13831586 0.16915303 0.11218043 0.06423852 0.12775198 0.14857812 0.22436424 0.22232729 0.13998850 -0.02492693 -0.05267379 -0.04295781 -0.05458853 -0.05141705 -0.05376849 -0.06092352 -0.05806255 -0.06395745 -0.06181421 -0.06684207 -0.07621916 -0.07243784 -0.06265287 -0.05878834 -0.05354877 -0.06240522 -0.06346263 -0.06467365 -0.06212955 -0.05945174 -0.05736366 -0.05037302 -0.05140764 -0.05415519 -0.05083095
0.05805885 0.01986147 -0.02497301 -0.08728711 -0.10011391 -0.01292131 0.10890102 0.15241018 0.15605292 0.16360816 0.15830931 0.15973863 0.16543077 0.16251576 0.16076094 0.16395891 0.16289222 0.15814690 0.16336432 0.16327713 0.17485023 0.15328670 0.11961151 0.10783236 0.12298935 0.12047174 0.11122440 0.10007551 0.09494978 0.09847637 0.09514882 0.10225083 0.11389311 0.11278924 0.10801924 0.10854688 0.12163746 0.13176253 0.13635415 0.14087024 0.14411797 0.14167789 0.14410745 0.14282653 0.14481062 0.15028042 0.15117219 0.14550656 0.15164581 0.15022516 0.14521335 0.16033390 0.15758462 0.14111391 0.15361482 0.16554873 0.14417562 0.15112942 0.15754920 0.15124157 0.16501817 0.19745390 0.20706466 0.19465476 0.17311703 0.16147749 0.15691590 0.16001275 0.16239567 0.16989544 0.16501570 0.16162628 0.16800459 0.17173359 0.16870314 0.17590152 0.17384461 0.16674954 0.17144069 0.17321271 0.17206945 0.16853291 0.15689519 0.18558051 0.17347269 0.17359668 0.15381506 0.13477105 0.15426643 0.13938601 0.14286427 0.14710221 0.08999480 0.11016515 0.25036484 0.26939166 0.36827761 0.27544320 0.07121979 -0.04464614 -0.05073421 -0.05841302 -0.06058051 -0.05805177 -0.06236284 -0.06131836 -0.06644500 -0.06907152 -0.06624964 -0.06735132 -0.05557176 -0.05885746 -0.06058455 -0.06106780 -0.06263842 -0.06182433 -0.06605240 -0.06844285 -0.06250581 -0.06679332 -0.07260689 -0.07392538 -0.07101841 -0.06807429
-0.20483765 -0.22484621 -0.32432675 -0.29262817 -0.19818023 -0.10028651 0.02937900 0.12105647 0.15357190 0.17077619 0.17980488 0.17837593 0.18369786 0.19071382 0.18957622 0.18744522 0.18335812 0.18379943 0.18185210 0.16367564 0.10539138 0.10165979 0.12808196 0.14072077 0.08239523 0.00251927 -0.05676548 -0.08617514 -0.09852117 -0.08563830 -0.08414522 -0.07289280 -0.07503921 -0.07454203 -0.06963146 -0.06463502 -0.03744010 -0.02459815 -0.02349257 -0.02063058 -0.00986340 0.00244458 0.01828491 0.02961132 0.04126607 0.05818802 0.05721568 0.06268098 0.08534709 0.13373896 0.12439340 0.10603308 0.12497772 0.07310634 0.09284113 0.09308031 0.10316473 0.13275802 0.15155387 0.15512465 0.15186177 0.16260816 0.18116838 0.18571030 0.18030356 0.16708022 0.17106661 0.17242637 0.17029321 0.17569830 0.17139916 0.17472938 0.18674719 0.19001152 0.18831868 0.18970229 0.19103262 0.18590280 0.18222742 0.17378706 0.17854744 0.18086758 0.18326189 0.17561120 0.17684016 0.17857328 0.19589053 0.18912011 0.21332960 0.19531757 0.17050874 0.16462432 0.19882570 0.22880629 0.24711543 0.26103699 0.25141689 0.28983122 0.09524035 -0.04288125 -0.05887312 -0.05553419 -0.05605093 -0.06354372 -0.06274125 -0.05891515 -0.06043921 -0.06035377 -0.06387707 -0.06222323 -0.06537207 -0.06411079 -0.07086194 -0.07284889 -0.07752346 -0.07398795 -0.06175078 -0.06335535 -0.06204157 -0.06370372 -0.07397376 -0.08567832 -0.07309490 -0.07896835
-0.19705316 -0.19690996 -0.17397992 -0.29044160 -0.30745751 -0.26007095 -0.12764335 0.00576731 0.06214782 0.12036563 0.16804907 0.18168588 0.17954533 0.17450181 0.17885910 0.17231423 0.16405398 0.15068799 0.11379057 0.10951859 0.17959820 0.20453978 0.13736701 -0.02838539 -0.18836291 -0.28171453 -0.31870934 -0.35238287 -0.34487393 -0.34642956 -0.32878235 -0.32360214 -0.33092871 -0.31238228 -0.29306132 -0.28065935 -0.27565858 -0.28842750 -0.28341004 -0.26547804 -0.25024253 -0.22878146 -0.21230006 -0.19565418 -0.20279089 -0.18545552 -0.17533533 -0.15163215 -0.13425694 -0.11702384 -0.12062097 -0.11054042 -0.11134072 -0.10706820 -0.09816186 -0.07494763 -0.07123904 -0.06447354 -0.06231183 -0.03132522 -0.03294060 -0.03142235 -0.02096378 0.01368266 0.02865706 0.05094026 0.06643919 0.09525977 0.11017971 0.12800238 0.11162350 0.12232898 0.14464754 0.15933934 0.14185086 0.12318511 0.12330851 0.13057120 0.13375826 0.13971797 0.13674456 0.14708841 0.14930838 0.14145359 0.16037454 0.17038724 0.19236566 0.22134921 0.17346001 0.17427264 0.19222438 0.20635360 0.22990583 0.23817305 0.22967176 0.26540315 0.24464492 0.24113864 0.16947937 0.05833915 0.04279085 0.03005137 0.01901196 0.00860471 -0.00361332 -0.01060932 -0.01770745 -0.02427892 -0.02713457 -0.03167205 -0.03722510 -0.04386940 -0.05167142 -0.05228139 -0.05188597 -0.05226758 -0.05189381 -0.05606654 -0.05866522 -0.05964356 -0.06571878 -0.06935239 -0.06865431 -0.07146989
-0.01940902 -0.02998414 0.00819486 0.03649097 -0.10404955 -0.28666091 -0.37302530 -0.29836318 -0.15332502 -0.04387664 0.01584195 0.05528334 0.09907254 0.09858029 0.07942609 0.05843399 0.07530488 0.10402993 0.15463495 0.11415587 0.01847929 -0.15632409 -0.37117818 -0.50499320 -0.54165494 -0.49896947 -0.44183478 -0.39097700 -0.40092811 -0.39321187 -0.41800568 -0.43606544 -0.44131330 -0.42257956 -0.42711699 -0.44451246 -0.45462075 -0.46497127 -0.47824261 -0.47285542 -0.46709809 -0.44779250 -0.44410935 -0.44905993 -0.44561893 -0.45065752 -0.43376410 -0.42857307 -0.38771865 -0.37558445 -0.37008178 -0.35244918 -0.32818609 -0.29634371 -0.29591361 -0.29881403 -0.30379242 -0.32079348 -0.30968487 -0.30442113 -0.28499195 -0.27759236 -0.25977749 -0.28020883 -0.26252374 -0.26985070 -0.21878016 -0.18172424 -0.13802052 -0.10198151 -0.06682262 -0.03188046 0.03175382 0.01777672 -0.05160902 -0.06769021 -0.08985209 -0.08442174 -0.07836436 -0.08636749 -0.08583163 -0.06502265 -0.04921860 -0.02398469 -0.00966270 -0.00739808 -0.01567284 0.03311771 0.05632154 0.04630309 0.07984874 0.12759525 0.11513197 0.10242740 0.08130464 0.06041416 0.07238683 0.17628606 0.21798952 0.21898150 0.19449380 0.17932867 0.15232888 0.13639304 0.12493753 0.11727573 0.10547085 0.09445415 0.08174770 0.07358649 0.07606981 0.07586752 0.07455533 0.07085469 0.05803346 0.05151954 0.03816075 0.04327403 0.03184671 0.03574102 0.04290075 0.03352981 0.02891664 0.02146529
-0.03421687 -0.04195300 -0.08749871 -0.09678307 -0.05685159 -0.11329708 -0.17581083 -0.31096175 -0.36421162 -0.29305744 -0.22337276 -0.15961757 -0.12001716 -0.10406958 -0.05680818 0.04278528 0.05958482 -0.00201335 -0.14932317 -0.31552431 -0.47593346 -0.55033088 -0.51907611 -0.37492627 -0.14760832 -0.03729741 -0.01215585 -0.02480961 -0.03618612 -0.03311444 -0.01710582 -0.03340570 -0.00191902 -0.03790342 -0.04222845 -0.07448444 -0.09167188 -0.08865656 -0.10296644 -0.12190717 -0.13397101 -0.16243975 -0.18564829 -0.21379223 -0.24384978 -0.24404624 -0.25844973 -0.29174900 -0.32524303 -0.35937852 -0.36456382 -0.40137118 -0.39713854 -0.43069828 -0.45686081 -0.45397881 -0.48450711 -0.48770377 -0.45240739 -0.46478990 -0.45970699 -0.45665202 -0.46273378 -0.45280918 -0.46117052 -0.42019266 -0.41510046 -0.40320867 -0.42334747 -0.35797748 -0.23855409 -0.19175003 -0.15484275 -0.23835441 -0.28574979 -0.30938122 -0.30662808 -0.33427703 -0.33268914 -0.34559438 -0.30391473 -0.29796284 -0.27539077 -0.30474442 -0.29365849 -0.23729306 -0.17539625 -0.15077968 -0.13290493 -0.14169024 -0.14628142 -0.13045892 -0.19063014 -0.18777239 -0.15664810 -0.14498527 -0.07887563 0.09175277 0.23236349 0.26593512 0.26710087 0.24643624 0.22885077 0.21796347 0.22100532 0.21948576 0.20020100 0.20334673 0.20761681 0.20418069 0.20599309 0.21392584 0.21485075 0.20102736 0.19892591 0.19587302 0.20518993 0.17901069 0.15840137 0.15579510 0.16734806 0.15653215 0.13940059 0.13839394
-0.02522056 -0.03124244 -0.05945281 -0.07327463 -0.11062768 -0.07703270 -0.07054653 -0.06953724 -0.18733023 -0.31078735 -0.35397941 -0.35173452 -0.32768258 -0.30247438 -0.27164915 -0.28576472 -0.35663375 -0.45998135 -0.54995918 -0.55451167 -0.45654538 -0.22518590 0.01974419 0.13399851 0.10729170 0.04261484 -0.01398874 -0.02864230 -0.03731743 -0.02061795 -0.02938815 -0.01624531 -0.04307205 -0.04729744 -0.05049472 -0.04130324 -0.04031730 -0.03853870 -0.03925119 -0.03195932 -0.02236079 -0.01898684 -0.03562057 -0.03371507 -0.03405023 -0.02520572 -0.00771793 -0.01155375 -0.04463930 -0.03333674 -0.04631139 -0.05572486 -0.04181219 -0.04796893 -0.05306631 -0.04481485 -0.04888118 -0.03967137 -0.05941970 -0.05540947 -0.09257008 -0.12233533 -0.13032377 -0.12669714 -0.12875617 -0.15075143 -0.20739019 -0.25563622 -0.29845291 -0.35078004 -0.44947436 -0.51819587 -0.54787397 -0.49154547 -0.44177443 -0.40119648 -0.42971274 -0.41671580 -0.43149856 -0.40818414 -0.42969137 -0.40047038 -0.44674924 -0.43510816 -0.42109475 -0.44351178 -0.43250686 -0.44011557 -0.43465990 -0.42845044 -0.44501147 -0.45218173 -0.42386675 -0.45004985 -0.38073859 -0.29481956 -0.20453000 -0.10828784 -0.08100787 -0.14136189 -0.12146743 -0.08551119 -0.07093437 -0.03425425 -0.01284174 -0.00258571 0.04279063 0.04509226 0.08742352 0.09917460 0.14592355 0.17320064 0.19766027 0.23892459 0.27630162 0.29559353 0.33143625 0.31128585 0.30334693 0.29316723 0.31344858 0.29726398 0.32188386 0.32560056
-0.02121764 0.00048555 -0.00303559 -0.02461881 -0.06600667 -0.12018800 -0.13206173 -0.14801925 -0.12946662 -0.13941331 -0.19151776 -0.25962913 -0.29747683 -0.34978944 -0.40697125 -0.48636958 -0.52512586 -0.43017420 -0.22717977 -0.00581391 0.09378640 0.11913864 0.08959953 0.01579308 -0.02095344 -0.03456488 -0.03357340 -0.02957033 -0.03376803 -0.02748595 -0.02107716 -0.03733929 -0.03161143 -0.05380820 -0.03660561 -0.02216738 -0.02471538 -0.02123784 -0.02703252 -0.04209507 -0.04712044 -0.05157535 -0.04162353 -0.02317701 -0.00861940 -0.02503990 -0.02905979 -0.05901438 -0.06694492 -0.04083234 -0.03369720 -0.04578454 -0.05357031 -0.04514716 -0.05085400 -0.03780648 -0.03291052 -0.04125496 -0.05745913 -0.05051510 -0.06240701 -0.07057707 -0.05530177 -0.05961769 -0.06610213 -0.09325309 -0.10828118 -0.06155768 -0.03923772 -0.05479922 -0.14099792 -0.23285598 -0.22478703 -0.13932113 -0.05494837 -0.05165776 -0.05776347 -0.06844207 -0.03882810 -0.03270925 -0.05185046 -0.07276934 -0.10001856 -0.10503459 -0.10087162 -0.16865250 -0.25379208 -0.28007916 -0.28858611 -0.27317148 -0.25742766 -0.24017587 -0.26739228 -0.26654390 -0.26674330 -0.19994354 -0.22507277 -0.21116638 -0.22818533 -0.25760403 -0.23604476 -0.24487233 -0.24186414 -0.24130002 -0.24353924 -0.22529516 -0.24034226 -0.17109269 -0.14825734 -0.09600691 -0.12377752 -0.09147979 -0.07406542 0.01262435 0.06726707 0.14644104 0.20661560 0.21408385 0.17122716 0.13863674 0.12821096 0.13430730 0.11895052 0.12555185
