0.00000000 0.00000000 0.00000000 0.00000000 0.00000000 0.00000000 0.00000000 0.00000000 0.00000000 0.00000000 0.00000000 0.00000000 0.00000000 0.00000000 0.00000000 0.00000000 0.00000000 0.00000000 0.00000000 0.00000000 0.00000000 0.00000000 0.00000000 0.00000000 0.00000000 0.00000000 0.00000000 0.00000000 0.00000000 0.00000000 0.00000000 0.00000000 0.00000000 0.00000000 0.00000000 0.00000000 0.00000000 0.00000000 0.00000000 0.00000000 0.00000000 0.00000000 0.00000000 0.00000000 0.00000000 0.00000000 0.00000000 0.00000000 0.00000000 0.00000000 0.00000000 0.00000000 0.00000000 0.00000000 0.00000000 0.00000000 0.00000000 0.00000000 0.00000000 0.00000000 0.00000000 0.00000000 0.00000000 0.00000000 0.00000000 0.00000000 0.00000000 0.00000000 0.00000000 0.00000000 0.00000000 0.00000000 0.00000000 0.00000000 0.00000000 0.00000000 0.00000000 0.00000000 0.00000000 0.00000000 0.00000000 0.00000000 0.00000000 0.00000000 0.00000000 0.00000000 0.00000000 0.00000000 0.01893505 0.00000000 0.00000000 0.05053195 0.43213126 0.41544735 0.36757228 0.24028212 0.11317693 0.00000000 0.00000000 0.00000000 0.00000000 0.00000000 0.00000000 0.00000000 0.00000000 0.00000000 0.00000000 0.00000000 0.00000000 0.00000000 0.00000000 0.00000000 0.00000000 0.00000000 0.00000000 0.00000000 0.02519067 0.00000000 0.00000000 0.00000000 0.14005288 0.20303865 0.00000000 0.00000000
0.00000000 0.00000000 0.00000000 0.00000000 0.00000000 0.00000000 0.00000000 0.00000000 0.00000000 0.00000000 0.00000000 0.00000000 0.00000000 0.00000000 0.00000000 0.00000000 0.00000000 0.00000000 0.00000000 0.00000000 0.00000000 0.00000000 0.00000000 0.00000000 0.00000000 0.00000000 0.00000000 0.00000000 0.00000000 0.00000000 0.00000000 0.00000000 0.00000000 0.00000000 0.00000000 0.00000000 0.00000000 0.00000000 0.00000000 0.00000000 0.00000000 0.00000000 0.00000000 0.00000000 0.00000000 0.00000000 0.00000000 0.00000000 0.00000000 0.00000000 0.00000000 0.00000000 0.00000000 0.00000000 0.00000000 0.00000000 0.00000000 0.00000000 0.00000000 0.00000000 0.00000000 0.00000000 0.00000000 0.00000000 0.00000000 0.00000000 0.00000000 0.00000000 0.00000000 0.00000000 0.00000000 0.00000000 0.00000000 0.00000000 0.00000000 0.00000000 0.00000000 0.00000000 0.00000000 0.00000000 0.00000000 0.00000000 0.00000000 0.00000000 0.00000000 0.00000000 0.00000000 0.01043368 0.00000000 0.00000000 0.05439266 0.31616738 0.43313321 0.60258627 0.47746503 0.47946349 0.29785639 0.13373503 0.00000000 0.00000000 0.00000000 0.00000000 0.00000000 0.00000000 0.00000000 0.00000000 0.00000000 0.00000000 0.00000000 0.00000000 0.00000000 0.00000000 0.00000000 0.00000000 0.00000000 0.04502613 0.00000000 0.00000000 0.10622007 0.18315481 0.38213027 0.08825440 0.00000000 0.00000000
0.00000000 0.00000000 0.00000000 0.00000000 0.00000000 0.00000000 0.00000000 0.00000000 0.00000000 0.00000000 0.00000000 0.00000000 0.00000000 0.00000000 0.00000000 0.00000000 0.00000000 0.00000000 0.00000000 0.00000000 0.00000000 0.00000000 0.00000000 0.00000000 0.00000000 0.00000000 0.00000000 0.00000000 0.00000000 0.00000000 0.00000000 0.00000000 0.00000000 0.00000000 0.00000000 0.00000000 0.00000000 0.00000000 0.00000000 0.00000000 0.00000000 0.00000000 0.00000000 0.00000000 0.00000000 0.00000000 0.00000000 0.00000000 0.00000000 0.00000000 0.00000000 0.00000000 0.00000000 0.00000000 0.00000000 0.00000000 0.00000000 0.00000000 0.00000000 0.00000000 0.00000000 0.00000000 0.00000000 0.00000000 0.00000000 0.00000000 0.00000000 0.00000000 0.00000000 0.00000000 0.00000000 0.00000000 0.00000000 0.00000000 0.00000000 0.00000000 0.00000000 0.00000000 0.00000000 0.00000000 0.00000000 0.00000000 0.00000000 0.00000000 0.00000000 0.00000000 0.00275730 0.00000000 0.00000000 0.07577028 0.39444852 0.56107914 0.31898436 0.16917446 0.40258273 0.41405651 0.49184406 0.29694396 0.10006484 0.00000000 0.00000000 0.00000000 0.00000000 0.00000000 0.00000000 0.00000000 0.00000000 0.00000000 0.00000000 0.00000000 0.00000000 0.00000000 0.00000000 0.02795566 0.00000000 0.00000000 0.00000000 0.18952782 0.44182378 0.55706072 0.30778652 0.00000000 0.00158097 0.06034980
0.00000000 0.00000000 0.00000000 0.00000000 0.00000000 0.00000000 0.00000000 0.00000000 0.00000000 0.00000000 0.00000000 0.00000000 0.00000000 0.00000000 0.00000000 0.00000000 0.00000000 0.00000000 0.00000000 0.00000000 0.00000000 0.00000000 0.00000000 0.00000000 0.00000000 0.00000000 0.00000000 0.00000000 0.00000000 0.00000000 0.00000000 0.00000000 0.00000000 0.00000000 0.00000000 0.00000000 0.00000000 0.00000000 0.00000000 0.00000000 0.00000000 0.00000000 0.00000000 0.00000000 0.00000000 0.00000000 0.00000000 0.00000000 0.00000000 0.00000000 0.00000000 0.00000000 0.00000000 0.00000000 0.00000000 0.00000000 0.00000000 0.00000000 0.00000000 0.00000000 0.00000000 0.00000000 0.00000000 0.00000000 0.00000000 0.00000000 0.00000000 0.00000000 0.00000000 0.00000000 0.00000000 0.00000000 0.00000000 0.00000000 0.00000000 0.00000000 0.00000000 0.00000000 0.00000000 0.00000000 0.00000000 0.00000000 0.00000000 0.00000000 0.00000000 0.00000000 0.00000000 0.00000000 0.12178809 0.22463070 0.40417206 0.27931395 0.10835428 0.08379021 0.16319716 0.28922477 0.30205119 0.40769094 0.25984395 0.07294699 0.00000000 0.00000000 0.00000000 0.00000000 0.00000000 0.00000000 0.00000000 0.00000000 0.00000000 0.00000000 0.00000000 0.00000000 0.05260394 0.00000000 0.00000000 0.00590691 0.40713137 0.74954998 0.57322550 0.27056715 0.00000000 0.00000000 0.15972365 0.09778678
0.00000000 0.00000000 0.00000000 0.00000000 0.00000000 0.00000000 0.00000000 0.00000000 0.00000000 0.00000000 0.00000000 0.00000000 0.00000000 0.00000000 0.00000000 0.00000000 0.00000000 0.00000000 0.00000000 0.00000000 0.00000000 0.00000000 0.00000000 0.00000000 0.00000000 0.00000000 0.00000000 0.00000000 0.00000000 0.00000000 0.00000000 0.00000000 0.00000000 0.00000000 0.00000000 0.00000000 0.00000000 0.00000000 0.00000000 0.00000000 0.00000000 0.00000000 0.00000000 0.00000000 0.00000000 0.00000000 0.00000000 0.00000000 0.00000000 0.00000000 0.00000000 0.00000000 0.00000000 0.00000000 0.00000000 0.00000000 0.00000000 0.00000000 0.00000000 0.00000000 0.00000000 0.00000000 0.00000000 0.00000000 0.00000000 0.00000000 0.00000000 0.00000000 0.00000000 0.00000000 0.00000000 0.00000000 0.00000000 0.00000000 0.00000000 0.00000000 0.00000000 0.00000000 0.00000000 0.00000000 0.00000000 0.00000000 0.00000000 0.00000000 0.00000000 0.00000000 0.00000000 0.11655499 0.08194006 0.19070920 0.23570675 0.01364822 0.10262109 0.27510172 0.22482716 0.26461023 0.32503417 0.33532947 0.36995316 0.20440936 0.05109492 0.00000000 0.00000000 0.00000000 0.00000000 0.00000000 0.00000000 0.00000000 0.00000000 0.00000000 0.02269641 0.00000000 0.00000000 0.00000000 0.17507708 0.60425520 0.79854155 0.48768452 0.09744618 0.00000000 0.00000000 0.31767625 0.27171358 0.09044826
0.00000000 0.00000000 0.00000000 0.00000000 0.00000000 0.00000000 0.00000000 0.00000000 0.00000000 0.03153745 0.03980542 0.00000000 0.00000000 0.00000000 0.00389583 0.08012924 0.01130179 0.00000000 0.00000000 0.00000000 0.00000000 0.00000000 0.00365617 0.00000000 0.00000000 0.00000000 0.00367583 0.00000000 0.00000000 0.00000000 0.00000000 0.00000000 0.00000000 0.00000000 0.00000000 0.00000000 0.00000000 0.00000000 0.00000000 0.00000000 0.00000000 0.00000000 0.00000000 0.00000000 0.00000000 0.00000000 0.00000000 0.00000000 0.00000000 0.00000000 0.00000000 0.00000000 0.00000000 0.00000000 0.00000000 0.00000000 0.00000000 0.00000000 0.00000000 0.00000000 0.00000000 0.00000000 0.00000000 0.00000000 0.00000000 0.00000000 0.00000000 0.00000000 0.00000000 0.00000000 0.00000000 0.00000000 0.00000000 0.00000000 0.00000000 0.00000000 0.00000000 0.00000000 0.00000000 0.00000000 0.00000000 0.00000000 0.00000000 0.00000000 0.00000000 0.00000000 0.01504961 0.08600253 0.00630486 0.11801384 0.09222895 0.10397899 0.19193314 0.24269064 0.28312945 0.27825528 0.27404475 0.36622965 0.34624645 0.31117484 0.15862414 0.01572772 0.00000000 0.00000000 0.00000000 0.00000000 0.00000000 0.00107502 0.01051595 0.02214181 0.00000000 0.00000000 0.02970369 0.35873815 0.69938755 0.69834638 0.34152648 0.00000000 0.00000000 0.19471186 0.44108507 0.42604411 0.14754315 0.00000000
0.00000000 0.00000000 0.00000000 0.00000000 0.00000000 0.00000000 0.00000000 0.00000000 0.06192729 0.00000000 0.00000000 0.00000000 0.37331319 0.30764967 0.14413133 0.14507864 0.20626886 0.00000000 0.00000000 0.15737987 0.08061211 0.00000000 0.00000000 0.00000000 0.00000000 0.09075083 0.09743237 0.00000000 0.00000000 0.00000000 0.00000000 0.00000000 0.00000000 0.00000000 0.00000000 0.00000000 0.00000000 0.00000000 0.00000000 0.00000000 0.00000000 0.00000000 0.00000000 0.00000000 0.00000000 0.00000000 0.00000000 0.00000000 0.00000000 0.00000000 0.00000000 0.00000000 0.00000000 0.00000000 0.00000000 0.00000000 0.00000000 0.00000000 0.00000000 0.00000000 0.00000000 0.00000000 0.00000000 0.00000000 0.00000000 0.00000000 0.00000000 0.00000000 0.00000000 0.00000000 0.00000000 0.00000000 0.00000000 0.00000000 0.00000000 0.00000000 0.00000000 0.00000000 0.00000000 0.00000000 0.00000000 0.00000000 0.00000000 0.00000000 0.00000000 0.00000000 0.06671704 0.03277318 0.02405083 0.07528333 0.09045204 0.15783431 0.10267401 0.12217879 0.18436390 0.23472922 0.28571048 0.33065802 0.42235810 0.38701397 0.32827720 0.20711561 0.13020357 0.11877473 0.12165872 0.11694836 0.11668453 0.09945853 0.09747793 0.00704653 0.10959807 0.36594957 0.59240723 0.71012700 0.52789462 0.19702700 0.00000000 0.07118893 0.26444575 0.38439730 0.34070611 0.11330296 0.00000000 0.00000000
0.00000000 0.00000000 0.00000000 0.00000000 0.00000000 0.00000000 0.00000000 0.01492152 0.00000000 0.00000000 0.00000000 0.33851120 0.40369681 0.57883024 0.31674719 0.18498997 0.30862421 0.23142581 0.10219614 0.34260187 0.13203268 0.00000000 0.00000000 0.05876373 0.06109232 0.18232788 0.10162133 0.00000000 0.00000000 0.00000000 0.00000000 0.00000000 0.00000000 0.00000000 0.00000000 0.00000000 0.00000000 0.00000000 0.00000000 0.00000000 0.00000000 0.00000000 0.00000000 0.00000000 0.00000000 0.00000000 0.00000000 0.00000000 0.00000000 0.00000000 0.00000000 0.00000000 0.00000000 0.00000000 0.00000000 0.00000000 0.00000000 0.00000000 0.00000000 0.00000000 0.00000000 0.00000000 0.00000000 0.00000000 0.00000000 0.00000000 0.00000000 0.00000000 0.00000000 0.00000000 0.00000000 0.00000000 0.00000000 0.00000000 0.00000000 0.00000000 0.00000000 0.00000000 0.00000000 0.00000000 0.00000000 0.00000000 0.00000000 0.00000000 0.00000000 0.00000000 0.05449970 0.00000000 0.06213509 0.03237054 0.11473875 0.06548479 0.00323942 0.02310974 0.09835470 0.17940678 0.21488942 0.21276893 0.28294381 0.36596584 0.41385120 0.42708936 0.36152667 0.34139153 0.33096945 0.38500294 0.34754556 0.37119997 0.39325094 0.52000272 0.73372018 0.85237372 0.74401152 0.43889365 0.13047855 0.00000000 0.14265510 0.23593369 0.22490959 0.19477484 0.08161715 0.00000000 0.00000000 0.00000000
0.00000000 0.00000000 0.00000000 0.00000000 0.00000000 0.00000000 0.00000000 0.00000000 0.03316713 0.15957992 0.44872111 0.65042675 0.00000000 0.00000000 0.00000000 0.00000000 0.52900571 0.28967008 0.05841263 0.27144665 0.08989547 0.18453149 0.36954787 0.04052442 0.00000000 0.00000000 0.06654002 0.00000000 0.11739894 0.01847069 0.08463511 0.21893165 0.13166159 0.00000000 0.00939421 0.08150734 0.07768025 0.09421247 0.10521134 0.01015217 0.00000000 0.00000000 0.00000000 0.00000000 0.00000000 0.00000000 0.00000000 0.00000000 0.00000000 0.00000000 0.00000000 0.00000000 0.00000000 0.00000000 0.00000000 0.00000000 0.00000000 0.00000000 0.00000000 0.00000000 0.00000000 0.00000000 0.00000000 0.00000000 0.00000000 0.00000000 0.00000000 0.00000000 0.00000000 0.00000000 0.00000000 0.00000000 0.00000000 0.00000000 0.00000000 0.00000000 0.00000000 0.00000000 0.00000000 0.00000000 0.00000000 0.00000000 0.00000000 0.00000000 0.00000000 0.00000000 0.03167776 0.00000000 0.00000000 0.00000000 0.06304123 0.10777022 0.04674251 0.00000000 0.06627027 0.17453457 0.21617866 0.23850383 0.28817788 0.39492962 0.55935967 0.68265557 0.76841664 0.77976310 0.76875722 0.72834706 0.78668046 0.82342994 0.85706294 0.84627497 0.72351968 0.47675836 0.24115339 0.04945746 0.05093486 0.18485497 0.22123191 0.17256308 0.12534305 0.09067838 0.03531838 0.01410091 0.00657256 0.00365801
0.00000000 0.00000000 0.00000000 0.00000000 0.00000000 0.00000000 0.00000000 0.00000000 0.28027415 0.02689470 0.08713235 0.00000000 0.00000000 0.00000000 0.00000000 0.00000000 0.00000000 0.00000000 0.00000000 0.15568165 0.55106795 0.18898147 0.23158365 0.26939282 0.00000000 0.00000000 0.00000000 0.00000000 0.45408216 0.58451426 0.25720578 0.17542595 0.03554953 0.00000000 0.03077139 0.63940430 0.35422796 0.23403910 0.24694121 0.13841265 0.00000000 0.00000000 0.00000000 0.00000000 0.00000000 0.00000000 0.00000000 0.00000000 0.00000000 0.00000000 0.00000000 0.00000000 0.00000000 0.00000000 0.00000000 0.00000000 0.00000000 0.00000000 0.00000000 0.00000000 0.00000000 0.00000000 0.00000000 0.00000000 0.00000000 0.00000000 0.00000000 0.00000000 0.00000000 0.00000000 0.00000000 0.00000000 0.00000000 0.00000000 0.00000000 0.00000000 0.00000000 0.00000000 0.00000000 0.00000000 0.00000000 0.00000000 0.00000000 0.00000000 0.00000000 0.00000000 0.00000000 0.09797980 0.12265042 0.18081687 0.15404260 0.19869302 0.17321160 0.11840335 0.16553621 0.19454189 0.23610626 0.28831798 0.33933282 0.35849616 0.35397020 0.36076143 0.37555212 0.40590516 0.39968470 0.35684893 0.32239670 0.29438156 0.25978038 0.15774584 0.00719595 0.00000000 0.02141992 0.10407772 0.17965712 0.18337499 0.16872871 0.16405421 0.13829450 0.10845104 0.08291978 0.03613935 0.02565446 0.00000000
0.00000000 0.00000000 0.00000000 0.00000000 0.00000000 0.00000000 0.00000000 0.07736531 0.06012195 0.00000000 0.00000000 0.00000000 0.00000000 0.23286089 0.00000000 0.00000000 0.00000000 0.00000000 0.00000000 0.24616462 0.51426977 0.00000000 0.17084117 0.49387541 0.10149401 0.36679468 0.74453366 0.24130720 0.46933952 0.49796849 0.00000000 0.12149498 0.71027279 0.39742213 0.38469803 0.14272940 0.21524045 0.10163154 0.46609327 0.26960495 0.00000000 0.00000000 0.00000000 0.00000000 0.00000000 0.00000000 0.00000000 0.00000000 0.00000000 0.00000000 0.00000000 0.00000000 0.00000000 0.00000000 0.00000000 0.00000000 0.00000000 0.00000000 0.00000000 0.00000000 0.00000000 0.00000000 0.00000000 0.00000000 0.00000000 0.00000000 0.00000000 0.00000000 0.00000000 0.00000000 0.00000000 0.00000000 0.00000000 0.00000000 0.00000000 0.00000000 0.00000000 0.00000000 0.00000000 0.00000000 0.00000000 0.00000000 0.00000000 0.00000000 0.00000000 0.03703258 0.10918815 0.37888822 0.21829836 0.09441875 0.13288566 0.21188439 0.15855771 0.09219627 0.10979632 0.15708154 0.18936855 0.20439076 0.23190017 0.24806306 0.23098472 0.19471923 0.14350966 0.10771407 0.10659997 0.12756139 0.12318435 0.10137090 0.09193726 0.08569945 0.14088693 0.18442948 0.18541241 0.17830963 0.17182875 0.15952948 0.16366112 0.15268111 0.11582384 0.10480231 0.08006422 0.03950435 0.00973064 0.00000000
0.00000000 0.00000000 0.00000000 0.00000000 0.00000000 0.00000000 0.00000000 0.00127571 0.00000000 0.00000000 0.00000000 0.20682675 0.07749240 0.00000000 0.00000000 0.00000000 0.14379241 0.30937621 0.00000000 0.00000000 0.00000000 0.00000000 0.00000000 0.25204453 0.00000000 0.20205587 0.17055148 0.00000000 0.00000000 0.00000000 0.00000000 0.02422440 0.32231694 0.03127044 0.00000000 0.00000000 0.00000000 0.00000000 0.00000000 0.18550634 0.00000000 0.00000000 0.00000000 0.00000000 0.00000000 0.00000000 0.00000000 0.00000000 0.00000000 0.00000000 0.00000000 0.00000000 0.00000000 0.00000000 0.00000000 0.00000000 0.00000000 0.00000000 0.00000000 0.00000000 0.00000000 0.00000000 0.00000000 0.00000000 0.00000000 0.00000000 0.00000000 0.00000000 0.00000000 0.00000000 0.00000000 0.00000000 0.00000000 0.00000000 0.00000000 0.00000000 0.00000000 0.00000000 0.00000000 0.00000000 0.00000000 0.00000000 0.00000000 0.00000000 0.08842327 0.14429536 0.33362049 0.32865006 0.10995612 0.13224012 0.19829822 0.30534291 0.28204837 0.23480599 0.19222593 0.15862857 0.15684891 0.16063544 0.14865887 0.16621724 0.16690400 0.17166358 0.17235421 0.17839882 0.18237655 0.17658238 0.18184604 0.18416911 0.18226181 0.16946821 0.15605941 0.15396500 0.16631874 0.16202092 0.15363133 0.15424719 0.15128645 0.13540611 0.08142480 0.10399078 0.10315491 0.06904303 0.02050954 0.00000000
0.00000000 0.00000000 0.00000000 0.00000000 0.00000000 0.00000000 0.00000000 0.00000000 0.10024120 0.00000000 0.00000000 0.27079794 0.15223512 0.00000000 0.00000000 0.00000000 0.29738653 0.12615961 0.00000000 0.00000000 0.19638665 0.00000000 0.03358385 0.22305289 0.00000000 0.06357567 0.07169967 0.00000000 0.00000000 0.15392524 0.00232178 0.00000000 0.00000000 0.00000000 0.00000000 0.49245477 0.60584712 0.18191056 0.20732719 0.12368263 0.00000000 0.00000000 0.00000000 0.00000000 0.00000000 0.00000000 0.00000000 0.00000000 0.00000000 0.00000000 0.00000000 0.00000000 0.00000000 0.00000000 0.00000000 0.00000000 0.00000000 0.00000000 0.00000000 0.00000000 0.00000000 0.00000000 0.00000000 0.00000000 0.00000000 0.00000000 0.00000000 0.00000000 0.00000000 0.00000000 0.00000000 0.00000000 0.00000000 0.00000000 0.00000000 0.00000000 0.00000000 0.00000000 0.00000000 0.00000000 0.00000000 0.00000000 0.00000000 0.02675498 0.12528655 0.19150190 0.27412283 0.13198566 0.04684333 0.17150213 0.22500208 0.20311667 0.12987289 0.06585334 0.11620052 0.14456469 0.15109539 0.14932309 0.15499294 0.16408125 0.16599622 0.17325491 0.17411526 0.17672461 0.17305356 0.16398939 0.16048428 0.15183946 0.15712735 0.15812869 0.15110871 0.15814331 0.15870662 0.15844493 0.14253858 0.12931839 0.15566099 0.12223919 0.08779108 0.08297057 0.09865768 0.06723726 0.01777209 0.00000000
0.00000000 0.00000000 0.00000000 0.00000000 0.00000000 0.00000000 0.00000000 0.00000000 0.00000000 0.09454457 0.00000000 0.32626414 0.12355008 0.00000000 0.11044726 0.26622707 0.52844989 0.13237646 0.00000000 0.07441565 0.32687896 0.00000000 0.00000000 0.31012520 0.00000000 0.00000000 0.18563771 0.00000000 0.10717967 0.33066344 0.00000000 0.00000000 0.61430645 0.43189666 0.42459646 0.36206543 0.00000000 0.00000000 0.03831292 0.25851095 0.00000000 0.00000000 0.00000000 0.00000000 0.00000000 0.00000000 0.00000000 0.00000000 0.00000000 0.00000000 0.00000000 0.00000000 0.00000000 0.00000000 0.00000000 0.00000000 0.00000000 0.00000000 0.00000000 0.00000000 0.00000000 0.00000000 0.00000000 0.00000000 0.00000000 0.00000000 0.00000000 0.00000000 0.00000000 0.00000000 0.00000000 0.00000000 0.00000000 0.00000000 0.00000000 0.00000000 0.00000000 0.00000000 0.00000000 0.00000000 0.00000000 0.00000000 0.00000000 0.10457087 0.06731511 0.18284065 0.13111126 0.06533851 0.24501792 0.21713854 0.17528835 0.17724124 0.24450956 0.20710440 0.16480646 0.14938520 0.17422189 0.19058751 0.20456740 0.21009418 0.20906554 0.20173907 0.19942673 0.20625059 0.19721110 0.19172738 0.18605046 0.18590671 0.18863091 0.18218692 0.17877577 0.18992010 0.19278742 0.19233514 0.19713414 0.17947158 0.15551457 0.11224154 0.04118653 0.04971220 0.03809801 0.02461699 0.00000000 0.00000000
0.00000000 0.00000000 0.00000000 0.00000000 0.00000000 0.00000000 0.00000000 0.01280626 0.00000000 0.00000000 0.00000000 0.01732409 0.24767180 0.54799688 0.40889186 0.30089387 0.00000000 0.00000000 0.00000000 0.00000000 0.14332932 0.00000000 0.00000000 0.19501609 0.00000000 0.00000000 0.14942566 0.00000000 0.00000000 0.12810324 0.00000000 0.00000000 0.30235350 0.00000000 0.00000000 0.00000000 0.00000000 0.00000000 0.06338692 0.14990225 0.00000000 0.00000000 0.00000000 0.00000000 0.00000000 0.00000000 0.00000000 0.00000000 0.00000000 0.00000000 0.00000000 0.00000000 0.00000000 0.00000000 0.00000000 0.00000000 0.00000000 0.00000000 0.00000000 0.00000000 0.00000000 0.00000000 0.00000000 0.00000000 0.00000000 0.00000000 0.00000000 0.00000000 0.00000000 0.00000000 0.00000000 0.00000000 0.00000000 0.00000000 0.00000000 0.00000000 0.00000000 0.00000000 0.00000000 0.00000000 0.00000000 0.00000000 0.00039560 0.04602556 0.16888987 0.27664131 0.18320508 0.17866942 0.20077223 0.22717838 0.23432584 0.22870378 0.23311210 0.15911935 0.15129021 0.22059356 0.22908358 0.23584747 0.22847186 0.21713829 0.21104568 0.21233766 0.20209831 0.20161043 0.20592298 0.19298191 0.19906916 0.19093482 0.19020221 0.19436942 0.19592184 0.20247486 0.22087957 0.21283235 0.21168463 0.17758231 0.15383044 0.04244082 0.00000000 0.00000000 0.00000000 0.00000000 0.00000000 0.00000000
0.00000000 0.00000000 0.00000000 0.00000000 0.00000000 0.00000000 0.00000000 0.00000000 0.08776478 0.00000000 0.00000000 0.00000000 0.33039972 0.51285994 0.26645786 0.00000000 0.00000000 0.00000000 0.00000000 0.00000000 0.00000000 0.00000000 0.00000000 0.00000000 0.00000000 0.00000000 0.00000000 0.00000000 0.00000000 0.00000000 0.00302493 0.00000000 0.00000000 0.00000000 0.00000000 0.35085389 0.48934183 0.10216039 0.00000000 0.00007756 0.00000000 0.00000000 0.00000000 0.00000000 0.00000000 0.00000000 0.00000000 0.00000000 0.00000000 0.00000000 0.00000000 0.00000000 0.00000000 0.00000000 0.00000000 0.00000000 0.00000000 0.00000000 0.00000000 0.00000000 0.00000000 0.00000000 0.00000000 0.00000000 0.00000000 0.00000000 0.00000000 0.00000000 0.00000000 0.00000000 0.00000000 0.00000000 0.00000000 0.00000000 0.00000000 0.00000000 0.00000000 0.00000000 0.00000000 0.00000000 0.00000000 0.00000000 0.06707118 0.12823579 0.29853827 0.20676932 0.11528488 0.20330581 0.19876841 0.18887815 0.21146367 0.27437988 0.28724095 0.24824855 0.24711831 0.24065851 0.22337800 0.20251966 0.18875884 0.19402078 0.19316116 0.19456765 0.19660018 0.18439920 0.19046743 0.17521973 0.16439128 0.17252526 0.16878428 0.17288476 0.17944777 0.17050076 0.17437242 0.19213381 0.19514368 0.14136770 0.12157273 0.08019316 0.03890217 0.00000000 0.00000000 0.00000000 0.00000000 0.00000000
0.00000000 0.00000000 0.00000000 0.00000000 0.00000000 0.00000000 0.00000000 0.00000000 0.00000000 0.10277845 0.00000000 0.00000000 0.00000000 0.00000000 0.00000000 0.00000000 0.00000000 0.00000000 0.00000000 0.00000000 0.00000000 0.00000000 0.00000000 0.00000000 0.00000000 0.00000000 0.00000000 0.00000000 0.00000000 0.00000000 0.00000000 0.00000000 0.00000000 0.00000000 0.00000000 0.00000000 0.00000000 0.00000000 0.00000000 0.00000000 0.00000000 0.00000000 0.00000000 0.00000000 0.00000000 0.00000000 0.00000000 0.00000000 0.00000000 0.00000000 0.00000000 0.00000000 0.00000000 0.00000000 0.00000000 0.00000000 0.00000000 0.00000000 0.00000000 0.00000000 0.00000000 0.00000000 0.00000000 0.00000000 0.00000000 0.00000000 0.00000000 0.00000000 0.00000000 0.00000000 0.00000000 0.00000000 0.00000000 0.00000000 0.00000000 0.00000000 0.00000000 0.00000000 0.00000000 0.00000000 0.00000000 0.04250735 0.12474124 0.34122628 0.32202268 0.13595909 0.15252939 0.18284115 0.21596433 0.22595696 0.20161711 0.20675421 0.18497248 0.18543591 0.19959320 0.18805732 0.18011025 0.19201000 0.18472214 0.18362685 0.18487485 0.18330738 0.19076709 0.17895971 0.17082618 0.17544857 0.17015819 0.18098913 0.17962696 0.17950785 0.16953322 0.16364922 0.15683270 0.16184694 0.14941567 0.17338395 0.14836836 0.15684110 0.16899481 0.03170365 0.00000000 0.00000000 0.00000000 0.00000000
0.00000000 0.00000000 0.00000000 0.00000000 0.00000000 0.00000000 0.00000000 0.00000000 0.00000000 0.00000000 0.00000000 0.00000000 0.00000000 0.00000000 0.00000000 0.00000000 0.07041206 0.00000000 0.00000000 0.00000000 0.00000000 0.00000000 0.00000000 0.00000000 0.00000000 0.00000000 0.01093827 0.00000000 0.00000000 0.00000000 0.00000000 0.00000000 0.00000000 0.00000000 0.00000000 0.00000000 0.00000000 0.00000000 0.04247271 0.06695894 0.00000000 0.00000000 0.00000000 0.00000000 0.00000000 0.00000000 0.00000000 0.00000000 0.00000000 0.00000000 0.00000000 0.00000000 0.00000000 0.00000000 0.00000000 0.00000000 0.00000000 0.00000000 0.00000000 0.00000000 0.00000000 0.00000000 0.00000000 0.00000000 0.00000000 0.00000000 0.00000000 0.00000000 0.00000000 0.00000000 0.00000000 0.00000000 0.00000000 0.00000000 0.00000000 0.00000000 0.00000000 0.00000000 0.00000000 0.00000000 0.03876025 0.12527344 0.30608007 0.36747128 0.16391748 0.08305527 0.17722857 0.17676079 0.17195472 0.18915154 0.18050331 0.18033771 0.16959959 0.16118047 0.15660958 0.17218381 0.17905021 0.17643499 0.18427818 0.18248037 0.18443029 0.17690676 0.17892133 0.18180701 0.19802046 0.19880837 0.20472205 0.19351828 0.19072609 0.16055185 0.14363417 0.14904542 0.15224712 0.14654484 0.12410126 0.17287055 0.23599853 0.26932096 0.26879257 0.13500164 0.00000000 0.00000000 0.00000000 0.00000000
0.00000000 0.00000000 0.00000000 0.00000000 0.00000000 0.00000000 0.00000000 0.00000000 0.00000000 0.00000000 0.00000000 0.00000000 0.00000000 0.09699593 0.14575824 0.05842229 0.00000000 0.00000000 0.00000000 0.00000000 0.00000000 0.00000000 0.00000000 0.01163882 0.00000000 0.00000000 0.02597183 0.00000000 0.00000000 0.00000000 0.00000000 0.00000000 0.00000000 0.00000000 0.00000000 0.00000000 0.08333144 0.06920400 0.00000000 0.03058368 0.00000000 0.00000000 0.00000000 0.00000000 0.00000000 0.00000000 0.00000000 0.00000000 0.00000000 0.00000000 0.00000000 0.00000000 0.00000000 0.00000000 0.00000000 0.00000000 0.00000000 0.00000000 0.00000000 0.00000000 0.00000000 0.00000000 0.00000000 0.00000000 0.00000000 0.00000000 0.00000000 0.00000000 0.00000000 0.00000000 0.00000000 0.00000000 0.00000000 0.00000000 0.00000000 0.00000000 0.00000000 0.02102039 0.00000000 0.00000000 0.08126568 0.22711246 0.33363876 0.19184211 0.06046115 0.14762554 0.18092209 0.17376153 0.18664710 0.17581078 0.18852355 0.19185568 0.19559205 0.19405061 0.18729296 0.18052635 0.17241012 0.18183310 0.18672909 0.18977119 0.18816125 0.19073923 0.18696842 0.19789882 0.20830613 0.22316171 0.19999643 0.19621383 0.18375087 0.18661055 0.16343924 0.15440446 0.16012578 0.17087334 0.21319109 0.21322027 0.21925734 0.24803498 0.20787421 0.17924139 0.09116194 0.01020086 0.00000000 0.00000000
0.00000000 0.00000000 0.00000000 0.00000000 0.00000000 0.00000000 0.00000000 0.00000000 0.00000000 0.00000000 0.00000000 0.00000000 0.00000000 0.00000000 0.00000000 0.00000000 0.00000000 0.00000000 0.00000000 0.00000000 0.00000000 0.00000000 0.00000000 0.00000000 0.00000000 0.00000000 0.00000000 0.00000000 0.00000000 0.00000000 0.00000000 0.00000000 0.00000000 0.00000000 0.00000000 0.00000000 0.00000000 0.00000000 0.00000000 0.00000000 0.00000000 0.00000000 0.00000000 0.00000000 0.00000000 0.00000000 0.00000000 0.00000000 0.00000000 0.00000000 0.00000000 0.00000000 0.00000000 0.00000000 0.00000000 0.00000000 0.00000000 0.00000000 0.00000000 0.00000000 0.00000000 0.00000000 0.00000000 0.00000000 0.00000000 0.00000000 0.00000000 0.00000000 0.00000000 0.00000000 0.00000000 0.00000000 0.00000000 0.00000000 0.00000000 0.00000000 0.02143954 0.00000000 0.00000000 0.07214294 0.23702088 0.38180932 0.24847144 0.06739898 0.12201896 0.17933145 0.17732275 0.18551962 0.18690281 0.20063041 0.19527522 0.21089695 0.20280403 0.18607949 0.18434542 0.19249235 0.19101530 0.18257181 0.18255801 0.18052527 0.18139711 0.19165981 0.20113155 0.20602353 0.19368441 0.18652506 0.18786870 0.18082802 0.18784432 0.16456276 0.16647446 0.16306669 0.16069894 0.18021032 0.20056856 0.20609564 0.11789128 0.13554254 0.19069999 0.24752983 0.19882876 0.05960611 0.00000000 0.00000000
0.00000000 0.00000000 0.00000000 0.00000000 0.00000000 0.00000000 0.00000000 0.00000000 0.00000000 0.00000000 0.00000000 0.00000000 0.00000000 0.00000000 0.00000000 0.00000000 0.00000000 0.00000000 0.00000000 0.00000000 0.00000000 0.00000000 0.00000000 0.00000000 0.00000000 0.00000000 0.00000000 0.00000000 0.00000000 0.00000000 0.00000000 0.00000000 0.00000000 0.00000000 0.00000000 0.00000000 0.00000000 0.00000000 0.00000000 0.00000000 0.00000000 0.00000000 0.00000000 0.00000000 0.00000000 0.00000000 0.00000000 0.00000000 0.00000000 0.00000000 0.00000000 0.00000000 0.00000000 0.00000000 0.00000000 0.00000000 0.00000000 0.00000000 0.00000000 0.00000000 0.00000000 0.00000000 0.00000000 0.00000000 0.00000000 0.00000000 0.00000000 0.00000000 0.00000000 0.00000000 0.00000000 0.00000000 0.00000000 0.00000000 0.01877224 0.03385323 0.00000000 0.00000000 0.11794197 0.33860129 0.47246641 0.36933863 0.12888557 0.10820442 0.17636293 0.17776868 0.17074472 0.17339656 0.17685004 0.17999108 0.17919545 0.17424172 0.17183840 0.17561102 0.18556042 0.18633795 0.18277930 0.17919323 0.18392232 0.18070613 0.17273760 0.16850540 0.17326552 0.17644645 0.18147238 0.17653239 0.17686543 0.18109845 0.18081641 0.18597329 0.17754459 0.17599590 0.18381034 0.17759040 0.18304370 0.16601312 0.17537007 0.20879212 0.28084362 0.29505181 0.18127407 0.04084222 0.00000000 0.00000000
0.00000000 0.00000000 0.00000000 0.00000000 0.00000000 0.00000000 0.00000000 0.00000000 0.00000000 0.00000000 0.00000000 0.00000000 0.00000000 0.00000000 0.00000000 0.00000000 0.00000000 0.00000000 0.00000000 0.00000000 0.00000000 0.00000000 0.00000000 0.00000000 0.00000000 0.00000000 0.00000000 0.00000000 0.00000000 0.00000000 0.00000000 0.00000000 0.00000000 0.00000000 0.00000000 0.00000000 0.00000000 0.00000000 0.00000000 0.00000000 0.00000000 0.00000000 0.00000000 0.00000000 0.00000000 0.00000000 0.00000000 0.00000000 0.00000000 0.00000000 0.00000000 0.00000000 0.00000000 0.00000000 0.00000000 0.00000000 0.00000000 0.00000000 0.00000000 0.00000000 0.00000000 0.00000000 0.00000000 0.00000000 0.00000000 0.00000000 0.00000000 0.00000000 0.00000000 0.00000000 0.00000000 0.00000000 0.02227424 0.03141604 0.00000000 0.00000000 0.02313377 0.31266040 0.54204839 0.55756557 0.37593314 0.11862800 0.05459131 0.16421208 0.16887856 0.16468236 0.16541612 0.16644505 0.18080579 0.17452717 0.18014972 0.17270565 0.17314461 0.17823049 0.18225014 0.18304287 0.17702207 0.17875049 0.16269794 0.14174159 0.15761006 0.18694249 0.16975066 0.13837954 0.13812473 0.17477922 0.17376012 0.17679808 0.18161865 0.19330031 0.18445490 0.16431646 0.16297379 0.16861919 0.17400607 0.18502343 0.19669572 0.23227020 0.22464353 0.15606663 0.02917747 0.00000000 0.00000000 0.00000000
0.00000000 0.00000000 0.00000000 0.00000000 0.00000000 0.00000000 0.00000000 0.00000000 0.00000000 0.00000000 0.00000000 0.00000000 0.00000000 0.00000000 0.00000000 0.00000000 0.00000000 0.00000000 0.00000000 0.00000000 0.00000000 0.00000000 0.00000000 0.00000000 0.00000000 0.00000000 0.00000000 0.00000000 0.00000000 0.00000000 0.00000000 0.00000000 0.00000000 0.00000000 0.00000000 0.00000000 0.00000000 0.00000000 0.00000000 0.00000000 0.00000000 0.00000000 0.00000000 0.00000000 0.00000000 0.00000000 0.00000000 0.00000000 0.00000000 0.00000000 0.00000000 0.00000000 0.00000000 0.00000000 0.00000000 0.00000000 0.00000000 0.00000000 0.00000000 0.00000000 0.00000000 0.00000000 0.00000000 0.00000000 0.00000000 0.00000000 0.00000000 0.00000000 0.00000000 0.00000000 0.00000000 0.00000000 0.00000000 0.00000000 0.00000000 0.24152824 0.58487797 0.72754753 0.63595152 0.40163383 0.13411954 0.06610896 0.17923491 0.18883577 0.18252219 0.18151061 0.18069643 0.18459164 0.18779722 0.19532295 0.18313603 0.19511078 0.19260384 0.19548187 0.19399908 0.19627889 0.19511153 0.10665673 0.08982763 0.14691477 0.13156882 0.06688424 0.02238590 0.00065701 0.00891044 0.10124815 0.18953682 0.19070874 0.19102819 0.20062266 0.17996407 0.16705170 0.15684614 0.18345506 0.19430104 0.18094239 0.16530487 0.19201773 0.22742763 0.16431716 0.10995521 0.02955271 0.00000000 0.00000000
0.00000000 0.00000000 0.00000000 0.00000000 0.00000000 0.00000000 0.00000000 0.00000000 0.00000000 0.00000000 0.00000000 0.00000000 0.00000000 0.00000000 0.00000000 0.00000000 0.00000000 0.00000000 0.00000000 0.00000000 0.00000000 0.00000000 0.00000000 0.00000000 0.00000000 0.00000000 0.00000000 0.00000000 0.00000000 0.00000000 0.00000000 0.00000000 0.00000000 0.00000000 0.00000000 0.00000000 0.00000000 0.00000000 0.00000000 0.00000000 0.00000000 0.00000000 0.00000000 0.00000000 0.00000000 0.00000000 0.00000000 0.00000000 0.00000000 0.00000000 0.00000000 0.00000000 0.00000000 0.00000000 0.00000000 0.00000000 0.00000000 0.00000000 0.00000000 0.00000000 0.00000000 0.00000000 0.00000000 0.00000000 0.00000000 0.00000000 0.00000000 0.00000000 0.00000000 0.00000000 0.02071399 0.00000000 0.00000000 0.09097789 0.46668714 0.75067198 0.73389685 0.50592440 0.22354138 0.06523809 0.07252277 0.18678571 0.20294808 0.19285347 0.19849344 0.20787972 0.20805314 0.20232637 0.19517592 0.19612502 0.19771804 0.19876073 0.20150328 0.19139574 0.19868343 0.19835357 0.20766354 0.24287648 0.20629317 0.22599974 0.11865377 0.00000000 0.00000000 0.00000000 0.00000000 0.00000000 0.18253352 0.20361878 0.19904366 0.20053086 0.17300141 0.10844802 0.09864776 0.19792722 0.22253737 0.12770140 0.05050455 0.17104611 0.23731108 0.18535405 0.18170808 0.09826803 0.00000000 0.00000000
0.00000000 0.00000000 0.00000000 0.00000000 0.00000000 0.00000000 0.00000000 0.00000000 0.00000000 0.00000000 0.00000000 0.00000000 0.00000000 0.00000000 0.00000000 0.00000000 0.00000000 0.00000000 0.00000000 0.00000000 0.00000000 0.00000000 0.00000000 0.00000000 0.00000000 0.00000000 0.00000000 0.00000000 0.00000000 0.00000000 0.00000000 0.00000000 0.00000000 0.00000000 0.00000000 0.00000000 0.00000000 0.00000000 0.00000000 0.00000000 0.00000000 0.00000000 0.00000000 0.00000000 0.00000000 0.00000000 0.00000000 0.00000000 0.00000000 0.00000000 0.00000000 0.00000000 0.00000000 0.00000000 0.00000000 0.00000000 0.00000000 0.00000000 0.00000000 0.00000000 0.00000000 0.00000000 0.00000000 0.00000000 0.00000000 0.00000000 0.00000000 0.00000000 0.00000000 0.00000000 0.00000000 0.00000000 0.15742812 0.51507342 0.63117445 0.42812717 0.17253603 0.00772496 0.01412142 0.10147870 0.17654476 0.18232678 0.18030673 0.18130553 0.18641640 0.19005637 0.17907485 0.16932833 0.18082148 0.18722849 0.18609335 0.19093536 0.18307488 0.18111688 0.16933608 0.17335360 0.17937629 0.28532299 0.08472010 0.00000000 0.00000000 0.00000000 0.00000000 0.00000000 0.00000000 0.00000000 0.15176430 0.17225802 0.16847105 0.16013341 0.11421464 0.21356282 0.19676195 0.06051872 0.00000000 0.00000000 0.00000000 0.12090017 0.21683978 0.17143245 0.16493523 0.10301593 0.00000000 0.00000000
0.00000000 0.00000000 0.00000000 0.00000000 0.00000000 0.00000000 0.00000000 0.00000000 0.00000000 0.00000000 0.00000000 0.00000000 0.00000000 0.00000000 0.00000000 0.00000000 0.00000000 0.00000000 0.00000000 0.00000000 0.00000000 0.00000000 0.00000000 0.00000000 0.00000000 0.00000000 0.00000000 0.00000000 0.00000000 0.00000000 0.00000000 0.00000000 0.00000000 0.00000000 0.00000000 0.00000000 0.00000000 0.00000000 0.00000000 0.00000000 0.00000000 0.00000000 0.00000000 0.00000000 0.00000000 0.00000000 0.00000000 0.00000000 0.00000000 0.00000000 0.00000000 0.00000000 0.00000000 0.00000000 0.00000000 0.00000000 0.00000000 0.00000000 0.00000000 0.00000000 0.00000000 0.00000000 0.00000000 0.00000000 0.00000000 0.00000000 0.00000000 0.00000000 0.00000000 0.00000000 0.00000000 0.12245478 0.41124785 0.51023042 0.29635221 0.06446304 0.03774227 0.12990507 0.17648715 0.18019111 0.17037761 0.16234054 0.17040890 0.17136985 0.17250726 0.18129678 0.17376411 0.17507985 0.18503617 0.18713886 0.18423931 0.18380953 0.18193141 0.18120919 0.17999542 0.17896521 0.16434449 0.15524000 0.06995231 0.00000000 0.10033790 0.18933618 0.14176553 0.03494778 0.00000000 0.02696439 0.14918965 0.15902668 0.16366191 0.17718330 0.20719288 0.04299037 0.15463272 0.00000000 0.00000000 0.00000000 0.00000000 0.14080580 0.23766096 0.18311472 0.15277156 0.09560218 0.00000000 0.00000000
0.00000000 0.00000000 0.00000000 0.00000000 0.00000000 0.00000000 0.00000000 0.00000000 0.00000000 0.00000000 0.00000000 0.00000000 0.00000000 0.00000000 0.00000000 0.00000000 0.00000000 0.00000000 0.00000000 0.00000000 0.00000000 0.00000000 0.00000000 0.00000000 0.00000000 0.00000000 0.00000000 0.00000000 0.00000000 0.00000000 0.00000000 0.00000000 0.00000000 0.00000000 0.00000000 0.00000000 0.00000000 0.00000000 0.00000000 0.00000000 0.00000000 0.00000000 0.00000000 0.00000000 0.00000000 0.00000000 0.00000000 0.00000000 0.00000000 0.00000000 0.00000000 0.00000000 0.00000000 0.00000000 0.00000000 0.00000000 0.00000000 0.00000000 0.00000000 0.00000000 0.00000000 0.00000000 0.00000000 0.00000000 0.00000000 0.00000000 0.00000000 0.00000000 0.00000000 0.00000000 0.11879958 0.27504474 0.37889487 0.20300275 0.01690610 0.07668789 0.15817440 0.17256066 0.16917148 0.17898628 0.17909627 0.17026654 0.17338094 0.18441673 0.18173529 0.18203388 0.18142490 0.17537889 0.17857420 0.17852069 0.17375913 0.17606223 0.18516023 0.18053725 0.18439078 0.18266937 0.18046544 0.05873968 0.23511018 0.35661659 0.48923880 0.34869117 0.14708388 0.10919203 0.18788649 0.23783460 0.18135425 0.15127093 0.15957743 0.23059677 0.23002021 0.01823229 0.00000000 0.00000000 0.00000000 0.05894441 0.16551283 0.17250378 0.20387200 0.13028415 0.11271690 0.09689708 0.00000000 0.00000000
0.00000000 0.00000000 0.00000000 0.00000000 0.00000000 0.00000000 0.00000000 0.00000000 0.00000000 0.00000000 0.00000000 0.00000000 0.00000000 0.00000000 0.00000000 0.00000000 0.00000000 0.00000000 0.00000000 0.00000000 0.00000000 0.00000000 0.00000000 0.00000000 0.00000000 0.00000000 0.00000000 0.00000000 0.00000000 0.00000000 0.00000000 0.00000000 0.00000000 0.00000000 0.00000000 0.00000000 0.00000000 0.00000000 0.00000000 0.00000000 0.00000000 0.00000000 0.00000000 0.00000000 0.00000000 0.00000000 0.00000000 0.00000000 0.00000000 0.00000000 0.00000000 0.00000000 0.00000000 0.00000000 0.00000000 0.00000000 0.00000000 0.00000000 0.00000000 0.00000000 0.00000000 0.00000000 0.00000000 0.00000000 0.00000000 0.00000000 0.00000000 0.00000000 0.00000000 0.09393670 0.17280790 0.36638069 0.27365047 0.07029620 0.10071196 0.16411042 0.17584211 0.18698785 0.18809459 0.17404914 0.16857496 0.16905481 0.16168423 0.16681877 0.16444138 0.17700803 0.17537758 0.16382514 0.16149125 0.16878578 0.16853456 0.16974527 0.17093217 0.17238970 0.16395262 0.17168716 0.17948073 0.20323823 0.12432049 0.24534640 0.39933261 0.51385903 0.51385951 0.46906638 0.40758827 0.20095097 0.15521595 0.15249626 0.15499291 0.14124438 0.16559675 0.14058438 0.04702345 0.21739621 0.21269983 0.29892170 0.20470978 0.15888892 0.16244537 0.12103716 0.13790822 0.12477975 0.00000000 0.00000000
0.00000000 0.00000000 0.00000000 0.00000000 0.00000000 0.00000000 0.00000000 0.00000000 0.00000000 0.00000000 0.00000000 0.00000000 0.00000000 0.00000000 0.00000000 0.00000000 0.00000000 0.00000000 0.00000000 0.00000000 0.00000000 0.00000000 0.00000000 0.00000000 0.00000000 0.00000000 0.00000000 0.00000000 0.00000000 0.00000000 0.00000000 0.00000000 0.00000000 0.00000000 0.00000000 0.00000000 0.00000000 0.00000000 0.00000000 0.00000000 0.00000000 0.00000000 0.00000000 0.00000000 0.00000000 0.00000000 0.00000000 0.00000000 0.00000000 0.00000000 0.00000000 0.00000000 0.00000000 0.00000000 0.00000000 0.00000000 0.00000000 0.00000000 0.00000000 0.00000000 0.00000000 0.00000000 0.00000000 0.00000000 0.00000000 0.00000000 0.00000000 0.00000000 0.08247270 0.09925017 0.23601811 0.25771433 0.07774873 0.07062770 0.15856212 0.16154255 0.16820234 0.17111084 0.16847278 0.16393603 0.16610754 0.16282395 0.15958050 0.16319019 0.16607556 0.16333020 0.16543227 0.16512534 0.16592178 0.16690925 0.17119111 0.17881666 0.17012241 0.17684278 0.17300436 0.15919718 0.16524038 0.22159457 0.24199209 0.16345662 0.32849848 0.53440207 0.64807379 0.61213243 0.30108458 0.08270744 0.13335460 0.15885326 0.16170636 0.13900408 0.03932354 0.10277645 0.31351438 0.59226191 0.56583703 0.44028935 0.15117224 0.13293427 0.16368055 0.10435817 0.11275878 0.09990302 0.00000000 0.00000000
0.00000000 0.00000000 0.00000000 0.00000000 0.00000000 0.00000000 0.00000000 0.00000000 0.00000000 0.00000000 0.00000000 0.00000000 0.00000000 0.00000000 0.00000000 0.00000000 0.00000000 0.00000000 0.00000000 0.00000000 0.00000000 0.00000000 0.00000000 0.00000000 0.00000000 0.00000000 0.00000000 0.00000000 0.00000000 0.00000000 0.00000000 0.00000000 0.00000000 0.00000000 0.00000000 0.00000000 0.00000000 0.00000000 0.00000000 0.00000000 0.00000000 0.00000000 0.00000000 0.00000000 0.00000000 0.00000000 0.00000000 0.00000000 0.00000000 0.00000000 0.00000000 0.00000000 0.00000000 0.00000000 0.00000000 0.00000000 0.00000000 0.00000000 0.00000000 0.00000000 0.00000000 0.00000000 0.00000000 0.00000000 0.00000000 0.00000000 0.00000000 0.01006182 0.10119624 0.12116614 0.23995700 0.13552204 0.04864581 0.15304674 0.16139188 0.17132187 0.17179947 0.16765189 0.16153236 0.17007935 0.16771300 0.17690051 0.17137289 0.17194703 0.17111829 0.17534344 0.17020012 0.17322809 0.17422168 0.17702046 0.17499506 0.17951076 0.17381185 0.17668861 0.17884010 0.17281312 0.15796244 0.16005459 0.23372290 0.30007613 0.30669454 0.29511088 0.13257438 0.05146207 0.00703889 0.07931369 0.17898947 0.17141023 0.16582364 0.19215673 0.21303150 0.22145946 0.37960744 0.48941940 0.37698475 0.24268065 0.00733619 0.12945375 0.12565027 0.06821969 0.08443663 0.06362388 0.00000000 0.00000000
0.00000000 0.00000000 0.00000000 0.00000000 0.00000000 0.00000000 0.00000000 0.00000000 0.00000000 0.00000000 0.00000000 0.00000000 0.00000000 0.00000000 0.00000000 0.00000000 0.00000000 0.00000000 0.00000000 0.00000000 0.00000000 0.00000000 0.00000000 0.00000000 0.00000000 0.00000000 0.00000000 0.00000000 0.00000000 0.00000000 0.00000000 0.00000000 0.00000000 0.00000000 0.00000000 0.00000000 0.00000000 0.00000000 0.00000000 0.00000000 0.00000000 0.00000000 0.00000000 0.00000000 0.00000000 0.00000000 0.00000000 0.00000000 0.00000000 0.00000000 0.00000000 0.00000000 0.00000000 0.00000000 0.00000000 0.00000000 0.00000000 0.00000000 0.00000000 0.00000000 0.00000000 0.00000000 0.00000000 0.00000000 0.00000000 0.00000000 0.00000000 0.07935444 0.03712011 0.13367073 0.18905982 0.07603025 0.16452268 0.18194617 0.18597123 0.18602568 0.19280498 0.19195625 0.19827391 0.20136513 0.20695676 0.20770693 0.20165299 0.20220777 0.19963539 0.19919808 0.20688106 0.20815778 0.20492929 0.19927043 0.19903362 0.19296575 0.19934237 0.19359896 0.18678160 0.20278612 0.20634079 0.20207860 0.19827034 0.21595794 0.23092610 0.20059401 0.16627884 0.12772708 0.15434247 0.21925278 0.22342813 0.20769309 0.18850294 0.19536772 0.27358937 0.30131793 0.23935950 0.18961811 0.04854712 0.00287927 0.10945623 0.15013415 0.08551268 0.08312938 0.10440394 0.07021487 0.00000000 0.00000000
0.00000000 0.00000000 0.00000000 0.00000000 0.00000000 0.00000000 0.00000000 0.00000000 0.00000000 0.00000000 0.00000000 0.00000000 0.00000000 0.00000000 0.00000000 0.00000000 0.00000000 0.00000000 0.00000000 0.00000000 0.00000000 0.00000000 0.00000000 0.00000000 0.00000000 0.00000000 0.00000000 0.00000000 0.00000000 0.00000000 0.00000000 0.00000000 0.00000000 0.00000000 0.00000000 0.00000000 0.00000000 0.00000000 0.00000000 0.00000000 0.00000000 0.00000000 0.00000000 0.00000000 0.00000000 0.00000000 0.00000000 0.00000000 0.00000000 0.00000000 0.00000000 0.00000000 0.00000000 0.00000000 0.00000000 0.00000000 0.00000000 0.00000000 0.00000000 0.00000000 0.00000000 0.00000000 0.00000000 0.00000000 0.00000000 0.00000000 0.00000000 0.05890253 0.04385709 0.20019703 0.13845348 0.14526564 0.19658847 0.19384754 0.19460706 0.20597543 0.20896696 0.21085399 0.21304911 0.21031734 0.21041763 0.20727293 0.20652355 0.21139920 0.21481952 0.20961249 0.22224855 0.21124692 0.20335428 0.20484908 0.20438375 0.21769872 0.21440139 0.21253885 0.21293555 0.20877284 0.21325384 0.22047547 0.22180657 0.21011558 0.20373119 0.20254292 0.20940340 0.22063765 0.22127144 0.20863931 0.21033193 0.20091204 0.20506480 0.21207190 0.21487297 0.20875178 0.20493953 0.20623070 0.22238447 0.15592590 0.17378008 0.10832842 0.06456286 0.08491060 0.06069765 0.00201758 0.00000000 0.00000000
0.00000000 0.00000000 0.00000000 0.00000000 0.00000000 0.00000000 0.00000000 0.00000000 0.00000000 0.00000000 0.00000000 0.00000000 0.00000000 0.00000000 0.00000000 0.00000000 0.00000000 0.00000000 0.00000000 0.00000000 0.00000000 0.00000000 0.00000000 0.00000000 0.00000000 0.00000000 0.00000000 0.00000000 0.00000000 0.00000000 0.00000000 0.00000000 0.00000000 0.00000000 0.00000000 0.00000000 0.00000000 0.00000000 0.00000000 0.00000000 0.00000000 0.00000000 0.00000000 0.00000000 0.00000000 0.00000000 0.00000000 0.00000000 0.00000000 0.00000000 0.00000000 0.00000000 0.00000000 0.00000000 0.00000000 0.00000000 0.00000000 0.00000000 0.00000000 0.00000000 0.00000000 0.00000000 0.00000000 0.00000000 0.00000000 0.00000000 0.05200226 0.02674186 0.16592604 0.22210217 0.12450551 0.17083317 0.18195593 0.18192852 0.18868794 0.18774223 0.18951303 0.19242257 0.19439319 0.19219914 0.18994853 0.19536801 0.19412388 0.19362573 0.19861023 0.19735478 0.19106284 0.19486274 0.19330652 0.19525759 0.19212136 0.19883806 0.19291507 0.19188285 0.19592832 0.18862668 0.19379777 0.19892643 0.20481992 0.20256786 0.19723572 0.19604500 0.19256094 0.18784490 0.18196407 0.18084016 0.18705791 0.18688151 0.18994008 0.19275968 0.19611385 0.18358432 0.17984255 0.18102376 0.15490371 0.14176691 0.10518874 0.04918670 0.04607473 0.05854744 0.00000000 0.00000000 0.00000000 0.00000000
0.00000000 0.00000000 0.00000000 0.00000000 0.00000000 0.00000000 0.00000000 0.00000000 0.00000000 0.00000000 0.00000000 0.00000000 0.00000000 0.00000000 0.00000000 0.00000000 0.00000000 0.00000000 0.00000000 0.00000000 0.00000000 0.00000000 0.00000000 0.00000000 0.00000000 0.00000000 0.00000000 0.00000000 0.00000000 0.00000000 0.00000000 0.00000000 0.00000000 0.00000000 0.00000000 0.00000000 0.00000000 0.00000000 0.00000000 0.00000000 0.00000000 0.00000000 0.00000000 0.00000000 0.00000000 0.00000000 0.00000000 0.00000000 0.00000000 0.00000000 0.00000000 0.00000000 0.00000000 0.00000000 0.00000000 0.00000000 0.00000000 0.00000000 0.00000000 0.00000000 0.00000000 0.00000000 0.00000000 0.00000000 0.00000000 0.00000000 0.06677337 0.05950114 0.24089094 0.14677891 0.10415040 0.17726400 0.17030455 0.17802541 0.18169081 0.18603100 0.18442480 0.17970793 0.18328434 0.18713216 0.18632373 0.19182456 0.19012426 0.19261703 0.18606162 0.18431439 0.18497501 0.18451284 0.19299613 0.18327855 0.18778938 0.18650195 0.18629600 0.18660295 0.18412565 0.18489580 0.18579219 0.18294846 0.18836278 0.19003299 0.18359534 0.18186235 0.17470506 0.16954552 0.17242278 0.16790786 0.17677830 0.18130839 0.18590687 0.18369865 0.17500043 0.16139862 0.17006689 0.18385795 0.11929515 0.12196491 0.08334718 0.04684502 0.06935091 0.03561819 0.00000000 0.00000000 0.00000000 0.00000000
0.00000000 0.00000000 0.00000000 0.00000000 0.00000000 0.00000000 0.00000000 0.00000000 0.00000000 0.00000000 0.00000000 0.00000000 0.00000000 0.00000000 0.00000000 0.00000000 0.00000000 0.00000000 0.00000000 0.00000000 0.00000000 0.00000000 0.00000000 0.00000000 0.00000000 0.00000000 0.00000000 0.00000000 0.00000000 0.00000000 0.00000000 0.00000000 0.00000000 0.00000000 0.00000000 0.00000000 0.00000000 0.00000000 0.00000000 0.00000000 0.00000000 0.00000000 0.00000000 0.00000000 0.00000000 0.00000000 0.00000000 0.00000000 0.00000000 0.00000000 0.00000000 0.00000000 0.00000000 0.00000000 0.00000000 0.00000000 0.00000000 0.00000000 0.00000000 0.00000000 0.00000000 0.00000000 0.00000000 0.00000000 0.00000000 0.05774383 0.03143822 0.18840066 0.23407878 0.09730616 0.15312368 0.17374158 0.17915671 0.17172635 0.17116831 0.17476231 0.17988564 0.18354912 0.18530151 0.18449922 0.19151415 0.18764707 0.18967833 0.18445335 0.18895505 0.18517539 0.17882735 0.19245718 0.18692622 0.19231573 0.18338074 0.18722004 0.18896712 0.19190368 0.18605934 0.18568383 0.18432799 0.17649698 0.17268592 0.16638511 0.16368575 0.17250694 0.17774901 0.18864407 0.18396530 0.18639992 0.18700133 0.19243741 0.17559677 0.17935729 0.17147613 0.17062899 0.15915549 0.15784721 0.12319116 0.12599897 0.11202168 0.05529755 0.04983628 0.00000000 0.00000000 0.00000000 0.00000000 0.00000000
0.00000000 0.00000000 0.00000000 0.00000000 0.00000000 0.00000000 0.00000000 0.00000000 0.00000000 0.00000000 0.00000000 0.00000000 0.00000000 0.00000000 0.00000000 0.00000000 0.00000000 0.00000000 0.00000000 0.00000000 0.00000000 0.00000000 0.00000000 0.00000000 0.00000000 0.00000000 0.00000000 0.00000000 0.00000000 0.00000000 0.00000000 0.00000000 0.00000000 0.00000000 0.00000000 0.00000000 0.00000000 0.00000000 0.00000000 0.00000000 0.00000000 0.00000000 0.00000000 0.00000000 0.00000000 0.00000000 0.00000000 0.00000000 0.00000000 0.00000000 0.00000000 0.00000000 0.00000000 0.00000000 0.00000000 0.00000000 0.00000000 0.00000000 0.00000000 0.00000000 0.00000000 0.00000000 0.00000000 0.00000000 0.00000000 0.08249347 0.07966577 0.25005794 0.14028537 0.09158608 0.17623749 0.16581726 0.17364517 0.17601377 0.16893281 0.17754073 0.18104729 0.17682308 0.18493421 0.18788131 0.18008666 0.18169828 0.18087348 0.18266417 0.18019395 0.18603177 0.18702210 0.18837115 0.18445164 0.17740136 0.18366794 0.18506548 0.18881609 0.18929802 0.19670716 0.19003084 0.18975057 0.17746025 0.16855595 0.16078635 0.16082180 0.17638837 0.19203278 0.18920420 0.18272370 0.18368086 0.18350852 0.18344857 0.17841950 0.16862111 0.16981095 0.17493181 0.17225707 0.13428113 0.13887215 0.15081111 0.10378259 0.05843927 0.02678122 0.00000000 0.00000000 0.00000000 0.00000000 0.00000000
0.00000000 0.00000000 0.00000000 0.00000000 0.00000000 0.00000000 0.00000000 0.00000000 0.00000000 0.00000000 0.00000000 0.00000000 0.00000000 0.00000000 0.00000000 0.00000000 0.00000000 0.00000000 0.00000000 0.00000000 0.00000000 0.00000000 0.00000000 0.00000000 0.00000000 0.00000000 0.00000000 0.00000000 0.00000000 0.00000000 0.00000000 0.00000000 0.00000000 0.00000000 0.00000000 0.00000000 0.00000000 0.00000000 0.00000000 0.00000000 0.00000000 0.00000000 0.00000000 0.00000000 0.00000000 0.00000000 0.00000000 0.00000000 0.00000000 0.00000000 0.00000000 0.00000000 0.00000000 0.00000000 0.00000000 0.00000000 0.00000000 0.00000000 0.00000000 0.00000000 0.00000000 0.00000000 0.00020069 0.00000000 0.06445418 0.03506808 0.18344721 0.21783742 0.08271060 0.16084501 0.18034570 0.18170160 0.17803194 0.18140772 0.18479709 0.18972827 0.19362240 0.18971486 0.18934162 0.19135015 0.18310022 0.18032679 0.17964536 0.17813917 0.18242185 0.18490866 0.19032225 0.18576136 0.19180629 0.18857946 0.18015933 0.19564129 0.18939705 0.18906975 0.18956462 0.19368897 0.18977731 0.18516558 0.17733842 0.17952171 0.17898381 0.18020532 0.17372315 0.17027375 0.17863968 0.17896239 0.18049617 0.17664336 0.17668456 0.18758231 0.19256912 0.18576644 0.18529855 0.13975593 0.13428089 0.15422076 0.08148313 0.05334806 0.00828153 0.00000000 0.00000000 0.00000000 0.00000000 0.00000000
0.00000000 0.00000000 0.00000000 0.00000000 0.00000000 0.00000000 0.00000000 0.00000000 0.00000000 0.00000000 0.00000000 0.00000000 0.00000000 0.00000000 0.00000000 0.00000000 0.00000000 0.00000000 0.00000000 0.00000000 0.00000000 0.00000000 0.00000000 0.00000000 0.00000000 0.00000000 0.00000000 0.00000000 0.00000000 0.00000000 0.00000000 0.00000000 0.00000000 0.00000000 0.00000000 0.00000000 0.00000000 0.00000000 0.00000000 0.00000000 0.00000000 0.00000000 0.00000000 0.00000000 0.00000000 0.00000000 0.00000000 0.00000000 0.00000000 0.00000000 0.00000000 0.00000000 0.00000000 0.00000000 0.00000000 0.00000000 0.00000000 0.00000000 0.00000000 0.00000000 0.00000000 0.02112288 0.00000000 0.00000000 0.04931619 0.14689448 0.28815317 0.12103698 0.10619280 0.20123163 0.18419933 0.18439069 0.18634744 0.18993956 0.20105907 0.20379755 0.19774443 0.19562373 0.19606066 0.19058287 0.19603661 0.19681393 0.20190312 0.20342042 0.20179863 0.20594782 0.19762105 0.19503357 0.19382624 0.19588421 0.19874245 0.19933131 0.19464378 0.19934262 0.20199335 0.19602907 0.19513264 0.19878638 0.20741265 0.20294172 0.19718853 0.19066574 0.18368250 0.18707860 0.19529824 0.19831112 0.20380275 0.20063134 0.19691508 0.18410225 0.19459160 0.17030853 0.16642031 0.17116353 0.18274260 0.13278551 0.08264273 0.07188694 0.02735051 0.00687161 0.00000000 0.00000000 0.00000000 0.00000000
0.00000000 0.00000000 0.00000000 0.00000000 0.00000000 0.00000000 0.00000000 0.00000000 0.00000000 0.00000000 0.00000000 0.00000000 0.00000000 0.00000000 0.00000000 0.00000000 0.00000000 0.00000000 0.00000000 0.00000000 0.00000000 0.00000000 0.00000000 0.00000000 0.00000000 0.00000000 0.00000000 0.00000000 0.00000000 0.00000000 0.00000000 0.00000000 0.00000000 0.00000000 0.00000000 0.00000000 0.00000000 0.00000000 0.00000000 0.00000000 0.00000000 0.00000000 0.00000000 0.00000000 0.00000000 0.00000000 0.00000000 0.00000000 0.00000000 0.00000000 0.00000000 0.00000000 0.00000000 0.00000000 0.00000000 0.00000000 0.00000000 0.00000000 0.00000000 0.00000000 0.03128614 0.00000000 0.00000000 0.04371767 0.21615450 0.44509751 0.29203835 0.11405451 0.17411391 0.17938977 0.18553770 0.18423396 0.19423129 0.20329902 0.19759396 0.19014007 0.18948913 0.18634906 0.19122554 0.19192372 0.19162729 0.20074700 0.19468474 0.19728290 0.19554834 0.19565453 0.19777530 0.19534940 0.19645853 0.19228105 0.19369923 0.19268110 0.19565250 0.19360363 0.19210830 0.18886927 0.19113781 0.20260678 0.20546854 0.19949904 0.18922317 0.18894838 0.18295434 0.19428527 0.19196005 0.19370618 0.19095944 0.18391509 0.18484665 0.17511544 0.16456571 0.17672449 0.17061076 0.14590460 0.16733976 0.09269296 0.04324532 0.04231182 0.02181321 0.01190466 0.00000000 0.00000000 0.00000000 0.00000000
0.00000000 0.00000000 0.00000000 0.00000000 0.00000000 0.00000000 0.00000000 0.00000000 0.00000000 0.00000000 0.00000000 0.00000000 0.00000000 0.00000000 0.00000000 0.00000000 0.00000000 0.00000000 0.00000000 0.00000000 0.00000000 0.00000000 0.00000000 0.00000000 0.00000000 0.00000000 0.00000000 0.00000000 0.00000000 0.00000000 0.00000000 0.00000000 0.00000000 0.00000000 0.00000000 0.00000000 0.00000000 0.00000000 0.00000000 0.00000000 0.00000000 0.00000000 0.00000000 0.00000000 0.00000000 0.00000000 0.00000000 0.00000000 0.00000000 0.00000000 0.00000000 0.00000000 0.00000000 0.00000000 0.00000000 0.00000000 0.00000000 0.00000000 0.00000000 0.02176594 0.00000000 0.00000000 0.06231432 0.30100259 0.54950058 0.41257393 0.13499653 0.09866598 0.18392226 0.18850936 0.19490868 0.19636680 0.18882170 0.18231833 0.17544904 0.17951800 0.18715023 0.18498659 0.19345093 0.18864612 0.18211530 0.18870193 0.18970369 0.19351315 0.19252892 0.18660350 0.18946812 0.18995713 0.19734356 0.19394302 0.19035958 0.18861064 0.18468420 0.17944884 0.18892545 0.19502509 0.19775806 0.20154908 0.20208503 0.19687225 0.19043091 0.18146655 0.17766178 0.17406882 0.17787592 0.16752765 0.16077539 0.15690330 0.15390773 0.17129970 0.17824259 0.16167897 0.12206216 0.07556434 0.00000000 0.03630466 0.07531846 0.08306068 0.06049914 0.00000000 0.00000000 0.00000000 0.00000000 0.00000000
0.00000000 0.00000000 0.00000000 0.00000000 0.00000000 0.00000000 0.00000000 0.00000000 0.00000000 0.00000000 0.00000000 0.00000000 0.00000000 0.00000000 0.00000000 0.00000000 0.00000000 0.00000000 0.00000000 0.00000000 0.00000000 0.00000000 0.00000000 0.00000000 0.00000000 0.00000000 0.00000000 0.00000000 0.00000000 0.00000000 0.00000000 0.00000000 0.00000000 0.00000000 0.00000000 0.00000000 0.00000000 0.00000000 0.00000000 0.00000000 0.00000000 0.00000000 0.00000000 0.00000000 0.00000000 0.00000000 0.00000000 0.00000000 0.00000000 0.00000000 0.00000000 0.00000000 0.00000000 0.00000000 0.00000000 0.00000000 0.00000000 0.00000000 0.02951258 0.00000000 0.00000000 0.06812214 0.34590471 0.56121421 0.41079760 0.13701287 0.03690919 0.18575567 0.18794537 0.18423496 0.18478031 0.17305215 0.17423129 0.17210223 0.17908657 0.19256568 0.18833636 0.18563749 0.17671895 0.17809016 0.18705736 0.19098788 0.19012396 0.18749399 0.18557285 0.19212021 0.18462905 0.18896350 0.18221349 0.18335551 0.18312851 0.19143742 0.18598159 0.19177620 0.19498155 0.19759592 0.19644223 0.19117643 0.18807276 0.18940744 0.18814968 0.18665391 0.17625760 0.16404286 0.15685716 0.15660655 0.15727642 0.16782008 0.16488364 0.16281384 0.11212558 0.02622753 0.00000000 0.00000000 0.00911346 0.06233788 0.09193866 0.03947172 0.01619810 0.00000000 0.00000000 0.00000000 0.00000000 0.00000000
0.00000000 0.00000000 0.00000000 0.00000000 0.00000000 0.00000000 0.00000000 0.00000000 0.00000000 0.00000000 0.00000000 0.00000000 0.00000000 0.00000000 0.00000000 0.00000000 0.00000000 0.00000000 0.00000000 0.00000000 0.00000000 0.00000000 0.00000000 0.00000000 0.00000000 0.00000000 0.00000000 0.00000000 0.00000000 0.00000000 0.00000000 0.00000000 0.00000000 0.00000000 0.00000000 0.00000000 0.00000000 0.00000000 0.00000000 0.00000000 0.00000000 0.00000000 0.00000000 0.00000000 0.00000000 0.00000000 0.00000000 0.00000000 0.00000000 0.00000000 0.00000000 0.00000000 0.00000000 0.00000000 0.00000000 0.00000000 0.00000000 0.02593940 0.00000000 0.00000000 0.08919366 0.34702453 0.52970278 0.35843867 0.09028642 0.02533036 0.17881659 0.17924197 0.17346032 0.17527115 0.17513102 0.17408982 0.15910804 0.16413155 0.18076864 0.18754901 0.18283893 0.18149444 0.18338259 0.18601017 0.18321711 0.18221274 0.18393843 0.18123986 0.18623298 0.18861684 0.19882485 0.19534500 0.19290279 0.18168022 0.18460578 0.18437457 0.18704754 0.19382544 0.19013825 0.18988581 0.18502450 0.18778501 0.19288407 0.18680498 0.19116384 0.19602136 0.18116079 0.15580624 0.15549284 0.16480240 0.17509547 0.12885624 0.08475830 0.00347985 0.00000000 0.00000000 0.00000000 0.00000000 0.05790117 0.03247055 0.00000000 0.00000000 0.00000000 0.00000000 0.00000000 0.00000000 0.00000000 0.00000000
0.00000000 0.00000000 0.00000000 0.00000000 0.00000000 0.00000000 0.00000000 0.00000000 0.00000000 0.00000000 0.00000000 0.00000000 0.00000000 0.00000000 0.00000000 0.00000000 0.00000000 0.00000000 0.00000000 0.00000000 0.00000000 0.00000000 0.00000000 0.00000000 0.00000000 0.00000000 0.00000000 0.00000000 0.00000000 0.00000000 0.00000000 0.00000000 0.00000000 0.00000000 0.00000000 0.00000000 0.00000000 0.00000000 0.00000000 0.00000000 0.00000000 0.00000000 0.00000000 0.00000000 0.00000000 0.00000000 0.00000000 0.00000000 0.00000000 0.00000000 0.00000000 0.00000000 0.00000000 0.00000000 0.00000000 0.00000000 0.01214703 0.00000000 0.00000000 0.07364843 0.32958221 0.53043449 0.38574144 0.10874784 0.05025214 0.17753744 0.18120876 0.17354265 0.17702791 0.18040192 0.18483903 0.17722468 0.16875397 0.17474073 0.17554119 0.17489794 0.18507193 0.19040525 0.19771835 0.19060190 0.18281823 0.19275235 0.18482606 0.19250920 0.19459237 0.18811186 0.18350771 0.18401119 0.18246925 0.18566866 0.18196091 0.19025521 0.19179267 0.19066398 0.19015032 0.18921016 0.18740913 0.18605544 0.18654357 0.19048019 0.18706337 0.18340124 0.18659654 0.18769771 0.16965374 0.15294367 0.07444577 0.00000000 0.00000000 0.00000000 0.00000000 0.00000000 0.07497927 0.00868836 0.00000000 0.00000000 0.00000000 0.00000000 0.00000000 0.00000000 0.00000000 0.00000000 0.00000000 0.00000000
0.00000000 0.00000000 0.00000000 0.00000000 0.00000000 0.00000000 0.00000000 0.00000000 0.00000000 0.00000000 0.00000000 0.00000000 0.00000000 0.00000000 0.00000000 0.00000000 0.00000000 0.00000000 0.00000000 0.00000000 0.00000000 0.00000000 0.00000000 0.00000000 0.00000000 0.00000000 0.00000000 0.00000000 0.00000000 0.00000000 0.00000000 0.00000000 0.00000000 0.00000000 0.00000000 0.00000000 0.00000000 0.00000000 0.00000000 0.00000000 0.00000000 0.00000000 0.00000000 0.00000000 0.00000000 0.00000000 0.00000000 0.00000000 0.00000000 0.00000000 0.00000000 0.00000000 0.00000000 0.00000000 0.00000000 0.02482827 0.00000000 0.00000000 0.07368606 0.32774875 0.51098621 0.38159055 0.11906782 0.04067040 0.17321083 0.17378937 0.16857642 0.18521997 0.18261111 0.18460627 0.18720780 0.17849129 0.18140058 0.18128847 0.17945211 0.18755364 0.19333375 0.18921191 0.18756537 0.18311360 0.18706928 0.18957461 0.18757914 0.18173437 0.18562205 0.18964818 0.19142689 0.19029091 0.19196557 0.18748476 0.19137324 0.19470966 0.19876361 0.19001049 0.19015731 0.18207982 0.18537408 0.18970166 0.19089322 0.19447027 0.19449589 0.19017106 0.18978266 0.18275295 0.12623483 0.07064518 0.00000000 0.00000000 0.00000000 0.00000000 0.04280136 0.00000000 0.00000000 0.00000000 0.00000000 0.00000000 0.00000000 0.00000000 0.00000000 0.00000000 0.00000000 0.00000000 0.00000000 0.00000000
0.00000000 0.00000000 0.00000000 0.00000000 0.00000000 0.00000000 0.00000000 0.00000000 0.00000000 0.00000000 0.00000000 0.00000000 0.00000000 0.00000000 0.00000000 0.00000000 0.00000000 0.00000000 0.00000000 0.00000000 0.00000000 0.00000000 0.00000000 0.00000000 0.00000000 0.00000000 0.00000000 0.00000000 0.00000000 0.00000000 0.00000000 0.00000000 0.00000000 0.00000000 0.00000000 0.00000000 0.00000000 0.00000000 0.00000000 0.00000000 0.00000000 0.00000000 0.00000000 0.00000000 0.00000000 0.00000000 0.00000000 0.00000000 0.00000000 0.00000000 0.00000000 0.00000000 0.00000000 0.00000000 0.04501245 0.00000000 0.00000000 0.09192318 0.36900780 0.51102793 0.35747787 0.09578429 0.01355571 0.15423977 0.17246741 0.18110101 0.17963895 0.18306096 0.17756996 0.18575625 0.18394761 0.18849254 0.18271449 0.17896251 0.18073778 0.17990819 0.18704413 0.18412022 0.17777947 0.18716110 0.18818656 0.18924785 0.18545249 0.18456450 0.18309879 0.18713921 0.19383979 0.19777872 0.19874883 0.19239344 0.18645459 0.18915641 0.18094705 0.18335393 0.18292576 0.18644400 0.18711448 0.18941239 0.19617988 0.18862124 0.17505172 0.18262894 0.17532855 0.14999869 0.11610201 0.10737364 0.06694132 0.06089617 0.00000000 0.00000000 0.00000000 0.00000000 0.00000000 0.00000000 0.00000000 0.00000000 0.00000000 0.00000000 0.00000000 0.00000000 0.00000000 0.00000000 0.00000000 0.00000000
0.00000000 0.00000000 0.00000000 0.00000000 0.00000000 0.00000000 0.00000000 0.00000000 0.00000000 0.00000000 0.00000000 0.00000000 0.00000000 0.00000000 0.00000000 0.00000000 0.00000000 0.00000000 0.00000000 0.00000000 0.00000000 0.00000000 0.00000000 0.00000000 0.00000000 0.00000000 0.00000000 0.00000000 0.00000000 0.00000000 0.00000000 0.00000000 0.00000000 0.00000000 0.00000000 0.00000000 0.00000000 0.00000000 0.00000000 0.00000000 0.00000000 0.00000000 0.00000000 0.00000000 0.00000000 0.00000000 0.00000000 0.00000000 0.00000000 0.00000000 0.00000000 0.00000000 0.03594511 0.02976859 0.00000000 0.00000000 0.17903306 0.46905413 0.55646634 0.37511453 0.10946194 0.02547840 0.15178637 0.15932022 0.18086161 0.18290362 0.18868019 0.17737895 0.17454699 0.17239887 0.17927632 0.17028373 0.17135707 0.17709385 0.18723232 0.18237285 0.18167360 0.18285334 0.18714692 0.18739200 0.18605539 0.18278959 0.18927798 0.18898471 0.19509745 0.18768689 0.18281986 0.18084265 0.18454909 0.18767180 0.19123638 0.19385095 0.18576677 0.18773583 0.18740052 0.18780512 0.19439442 0.18595876 0.18204941 0.17503273 0.17809090 0.18725742 0.18100978 0.15463625 0.16226192 0.16997179 0.12718740 0.01758273 0.00000000 0.00000000 0.00000000 0.00000000 0.00000000 0.00000000 0.00000000 0.01893719 0.00000000 0.00000000 0.00000000 0.00000000 0.00000000 0.00000000 0.00000000 0.00000000
0.00000000 0.00000000 0.00000000 0.00000000 0.00000000 0.00000000 0.00000000 0.00000000 0.00000000 0.00000000 0.00000000 0.00000000 0.00000000 0.00000000 0.00000000 0.00000000 0.00000000 0.00000000 0.00000000 0.00000000 0.00000000 0.00000000 0.00000000 0.00000000 0.00000000 0.00000000 0.00000000 0.00000000 0.00000000 0.00000000 0.00000000 0.00000000 0.00000000 0.00000000 0.00000000 0.00000000 0.00000000 0.00000000 0.00000000 0.00000000 0.00000000 0.00000000 0.00000000 0.00000000 0.00000000 0.00000000 0.00000000 0.00000000 0.00000000 0.00000000 0.00000000 0.04074659 0.00000000 0.00000000 0.00000000 0.34710315 0.62527680 0.59443498 0.36635637 0.09695888 0.00628743 0.14119026 0.14822812 0.16438176 0.18381974 0.18571442 0.17409888 0.18625893 0.17432910 0.17453074 0.16875346 0.16625836 0.15913907 0.17397404 0.18016481 0.18834485 0.18542649 0.18837951 0.18174437 0.17357200 0.17598912 0.19294271 0.19260922 0.19125913 0.18226047 0.19002281 0.18835168 0.18879727 0.19112384 0.18909942 0.19229218 0.19038659 0.19197908 0.18942447 0.18959863 0.18786120 0.18051033 0.18439408 0.17645776 0.18371640 0.19360894 0.18729346 0.18664987 0.17342320 0.13385361 0.12174350 0.08201905 0.00000000 0.00000000 0.00000000 0.00000000 0.00000000 0.00000000 0.00000000 0.00000000 0.00000000 0.00000000 0.00000000 0.00000000 0.00000000 0.00000000 0.00000000 0.00000000 0.00000000
0.00000000 0.00000000 0.00000000 0.00000000 0.00000000 0.00000000 0.00000000 0.00000000 0.00000000 0.00000000 0.00000000 0.00000000 0.00000000 0.00000000 0.00000000 0.00000000 0.00000000 0.00000000 0.00000000 0.00000000 0.00000000 0.00000000 0.00000000 0.00000000 0.00000000 0.00000000 0.00000000 0.00000000 0.00000000 0.00000000 0.00000000 0.00000000 0.00000000 0.00000000 0.00000000 0.00000000 0.00000000 0.00000000 0.00000000 0.00000000 0.00000000 0.00000000 0.00000000 0.00000000 0.00000000 0.00000000 0.00000000 0.00000000 0.00000000 0.02680822 0.00917257 0.00000000 0.00000000 0.15308702 0.51970780 0.70035577 0.56500387 0.28717798 0.04181916 0.03999306 0.16199502 0.18136923 0.17982367 0.18186186 0.18106131 0.18450469 0.18909459 0.18418014 0.18508612 0.17985977 0.18053690 0.17146569 0.16978627 0.16870756 0.17420761 0.17406385 0.17463523 0.18393582 0.18556227 0.18989964 0.19663617 0.19017103 0.18928160 0.18321832 0.19485813 0.19093411 0.19525774 0.19688362 0.19555110 0.19491287 0.18446018 0.18533193 0.18543741 0.18577524 0.19071078 0.19217716 0.18558393 0.17926599 0.18891984 0.18520716 0.18852840 0.18011437 0.17234790 0.18186837 0.15848002 0.12085998 0.11039852 0.07238051 0.05603732 0.00000000 0.00000000 0.00000000 0.00000000 0.00000000 0.00000000 0.00000000 0.00000000 0.00000000 0.00000000 0.00000000 0.00000000 0.00000000 0.00000000 0.00000000
0.00000000 0.00000000 0.00000000 0.00000000 0.00000000 0.00000000 0.00000000 0.00000000 0.00000000 0.00000000 0.00000000 0.00000000 0.00000000 0.00000000 0.00000000 0.00000000 0.00000000 0.00000000 0.00000000 0.00000000 0.00000000 0.00000000 0.00000000 0.00000000 0.00000000 0.00000000 0.00000000 0.00000000 0.00000000 0.00000000 0.00000000 0.00000000 0.00000000 0.00000000 0.00000000 0.00000000 0.00000000 0.00000000 0.00000000 0.00000000 0.00000000 0.00000000 0.00000000 0.00000000 0.00000000 0.00000000 0.00000000 0.00000000 0.00840398 0.00000000 0.00000000 0.00000000 0.34270179 0.63827443 0.64283526 0.38746002 0.09242289 0.00000000 0.06762024 0.16891865 0.18255036 0.18539304 0.20009419 0.19257784 0.18273093 0.18529928 0.18591844 0.18047146 0.17361075 0.17605725 0.17676672 0.17546710 0.16307101 0.16024722 0.17818524 0.18119060 0.18132988 0.17706233 0.17471293 0.18300945 0.18487653 0.18761161 0.18289958 0.18445246 0.18891008 0.19463500 0.18911274 0.18772207 0.18170607 0.17763823 0.17974280 0.17848685 0.17864500 0.18536575 0.18916813 0.18593545 0.17957745 0.16305429 0.17080474 0.17243439 0.17617336 0.17866229 0.18163727 0.17294982 0.15454978 0.16280125 0.14675786 0.14102419 0.07296850 0.00000000 0.00000000 0.00000000 0.00000000 0.00000000 0.00000000 0.00000000 0.00000000 0.00000000 0.00000000 0.00000000 0.00000000 0.00000000 0.00000000 0.00000000
0.00000000 0.00000000 0.00000000 0.00000000 0.00000000 0.00000000 0.00000000 0.00000000 0.00000000 0.00000000 0.00000000 0.00000000 0.00000000 0.00000000 0.00000000 0.00000000 0.00000000 0.00000000 0.00000000 0.00000000 0.00000000 0.00000000 0.00000000 0.00000000 0.00000000 0.00000000 0.00000000 0.00000000 0.00000000 0.00000000 0.00000000 0.00000000 0.00000000 0.00000000 0.00000000 0.00000000 0.00000000 0.00000000 0.00000000 0.00000000 0.00000000 0.00000000 0.00000000 0.00000000 0.00000000 0.00000000 0.00000000 0.00000000 0.00000000 0.00000000 0.07771689 0.42941034 0.66448641 0.54109704 0.26032525 0.03284404 0.05103244 0.15886289 0.18760128 0.19429040 0.18253683 0.19039585 0.19616768 0.17854811 0.17535460 0.18090944 0.17691579 0.18463820 0.18350478 0.17597947 0.18333748 0.16813420 0.15957347 0.16994692 0.18135062 0.19133157 0.20057854 0.18710481 0.18009351 0.18104500 0.18020318 0.18796392 0.19257346 0.19092080 0.17993112 0.18257234 0.17621434 0.18094791 0.18440484 0.18276466 0.18196172 0.18327054 0.18786301 0.18073666 0.17358264 0.17136955 0.16345470 0.17313042 0.16908228 0.17159340 0.17239469 0.17957433 0.17718834 0.17029257 0.14548799 0.16049850 0.16539504 0.15481676 0.08621544 0.00000000 0.00000000 0.00000000 0.00000000 0.00000000 0.00000000 0.00000000 0.00000000 0.00000000 0.00000000 0.00000000 0.00000000 0.00000000 0.00000000 0.00000000
0.00000000 0.00000000 0.00000000 0.00000000 0.00000000 0.00000000 0.00000000 0.00000000 0.00000000 0.00000000 0.00000000 0.00000000 0.00000000 0.00000000 0.00000000 0.00000000 0.00000000 0.00000000 0.00000000 0.00000000 0.00000000 0.00000000 0.00000000 0.00000000 0.00000000 0.00000000 0.00000000 0.00000000 0.00000000 0.00000000 0.00000000 0.00000000 0.00000000 0.00000000 0.00000000 0.00000000 0.00000000 0.00000000 0.00000000 0.00000000 0.00000000 0.00000000 0.00000000 0.00000000 0.00000000 0.00000000 0.00000000 0.00000000 0.00000000 0.12911917 0.39495838 0.54378909 0.35312018 0.09985432 0.00000000 0.10034139 0.18474928 0.18996175 0.19133191 0.19894046 0.19515592 0.19113266 0.18323177 0.17504692 0.18287927 0.18504052 0.18605591 0.18689391 0.18257926 0.18189375 0.18448476 0.17851165 0.17248900 0.17966685 0.17586789 0.18474244 0.19045065 0.17939682 0.18237677 0.19036797 0.19236521 0.19421953 0.19242640 0.18230452 0.18302946 0.18490894 0.18776222 0.19343321 0.19149901 0.18947692 0.18627113 0.18449476 0.18789840 0.18484198 0.15902151 0.16561627 0.15961890 0.16862872 0.18055162 0.17462304 0.17497543 0.17294800 0.16689479 0.16146570 0.16087146 0.16149744 0.16376743 0.15389234 0.08460572 0.00000000 0.00000000 0.00000000 0.00000000 0.00000000 0.00000000 0.00000000 0.00000000 0.00000000 0.00000000 0.00000000 0.00000000 0.00000000 0.00000000 0.00000000
0.00000000 0.00000000 0.00000000 0.00000000 0.00000000 0.00000000 0.00000000 0.00000000 0.00000000 0.00000000 0.00000000 0.00000000 0.00000000 0.00000000 0.00000000 0.00000000 0.00000000 0.00000000 0.00000000 0.00000000 0.00000000 0.00000000 0.00000000 0.00000000 0.00000000 0.00000000 0.00000000 0.00000000 0.00000000 0.00000000 0.00000000 0.00000000 0.00000000 0.00000000 0.00000000 0.00000000 0.00000000 0.00000000 0.00000000 0.00000000 0.00000000 0.00000000 0.00000000 0.00000000 0.00000000 0.00000000 0.00000000 0.00000000 0.11361609 0.29841232 0.43152732 0.26712871 0.06783619 0.04852103 0.15003127 0.18884085 0.19513331 0.19071017 0.19765075 0.18505624 0.18615384 0.18143569 0.17744499 0.17581832 0.17790392 0.18588111 0.18810864 0.18732853 0.18446304 0.18745282 0.19099237 0.19017360 0.17731951 0.17412522 0.17188737 0.18236394 0.18509813 0.18148117 0.18458752 0.19010308 0.19457719 0.19196449 0.18106312 0.18865155 0.19315979 0.19418184 0.19414462 0.19075556 0.18581286 0.19311254 0.19648027 0.19479917 0.17513028 0.17567155 0.17032635 0.18220037 0.19371499 0.16919094 0.18568131 0.17335463 0.16753829 0.17573005 0.17413250 0.17803219 0.15786798 0.16460319 0.14398317 0.15236199 0.08167894 0.00000000 0.00000000 0.00000000 0.00000000 0.00000000 0.00000000 0.00000000 0.00000000 0.00000000 0.00000000 0.00000000 0.00000000 0.00000000 0.00000000 0.00000000
0.00000000 0.00000000 0.00000000 0.00000000 0.00000000 0.00000000 0.00000000 0.00000000 0.00000000 0.00000000 0.00000000 0.00000000 0.00000000 0.00000000 0.00000000 0.00000000 0.00000000 0.00000000 0.00000000 0.00000000 0.00000000 0.00000000 0.00000000 0.00000000 0.00000000 0.00000000 0.00000000 0.00000000 0.00000000 0.00000000 0.00000000 0.00000000 0.00000000 0.00000000 0.00000000 0.00000000 0.00000000 0.00000000 0.00000000 0.00000000 0.00000000 0.00000000 0.00000000 0.00000000 0.00000000 0.00000000 0.00000000 0.09231991 0.20066841 0.36789912 0.29064047 0.10028822 0.09825385 0.19109257 0.20016530 0.20577078 0.19974752 0.19338866 0.17962104 0.17619041 0.17285177 0.18150271 0.18809101 0.19560461 0.18921264 0.17890042 0.18425266 0.18730018 0.19453534 0.18982692 0.18970953 0.18946251 0.18053965 0.17223480 0.18411408 0.18519941 0.19566920 0.19202483 0.19027373 0.18983312 0.18298458 0.17839631 0.18218617 0.18736288 0.19548105 0.19217600 0.19314301 0.18970856 0.19383988 0.18997441 0.20080163 0.19422311 0.19011985 0.17306513 0.18363458 0.18584347 0.20956688 0.20110139 0.19061394 0.18162194 0.16747600 0.17487606 0.19050276 0.17564219 0.18356004 0.14562038 0.13322128 0.13295653 0.05840074 0.00000000 0.00000000 0.00000000 0.00000000 0.00000000 0.00000000 0.00000000 0.00000000 0.00000000 0.00000000 0.00000000 0.00000000 0.00000000 0.00000000 0.00000000
0.00000000 0.00000000 0.00000000 0.00000000 0.00000000 0.00000000 0.00000000 0.00000000 0.00000000 0.00000000 0.00000000 0.00000000 0.00000000 0.00000000 0.00000000 0.00000000 0.00000000 0.00000000 0.00000000 0.00000000 0.00000000 0.00000000 0.00000000 0.00000000 0.00000000 0.00000000 0.00000000 0.00000000 0.00000000 0.00000000 0.00000000 0.00000000 0.00000000 0.00000000 0.00000000 0.00000000 0.00000000 0.00000000 0.00000000 0.00000000 0.00000000 0.00000000 0.00000000 0.00000000 0.00000000 0.00000000 0.06782862 0.14088623 0.27121884 0.28146827 0.13531649 0.09307423 0.18429105 0.19439939 0.19649613 0.18565662 0.16622898 0.16399115 0.16130640 0.16510221 0.17854752 0.18495700 0.18783247 0.18005311 0.18178372 0.18019147 0.18299486 0.18788932 0.18231739 0.18836404 0.18038754 0.17183077 0.16594401 0.16804776 0.16643515 0.18368293 0.18290146 0.17977542 0.18115216 0.18349279 0.18858330 0.19051230 0.19150254 0.18919124 0.18379122 0.18463856 0.18827899 0.19426207 0.19142942 0.18714651 0.18061507 0.17970397 0.18805964 0.20699038 0.19754037 0.19111410 0.18006258 0.19364372 0.19267768 0.19672334 0.18666334 0.16940048 0.17610544 0.14659519 0.15209061 0.10920490 0.10840601 0.11709106 0.02351162 0.00000000 0.00000000 0.00000000 0.00000000 0.00000000 0.00000000 0.00000000 0.00000000 0.00000000 0.00000000 0.00000000 0.00000000 0.00000000 0.00000000 0.00000000
0.00000000 0.00000000 0.00000000 0.00000000 0.00000000 0.00000000 0.00000000 0.00000000 0.00000000 0.00000000 0.00000000 0.00000000 0.00000000 0.00000000 0.00000000 0.00000000 0.00000000 0.00000000 0.00000000 0.00000000 0.00000000 0.00000000 0.00000000 0.00000000 0.00000000 0.00000000 0.00000000 0.00000000 0.00000000 0.00000000 0.00000000 0.00000000 0.00000000 0.00000000 0.00000000 0.00000000 0.00000000 0.00000000 0.00000000 0.00000000 0.00000000 0.00000000 0.00000000 0.00000000 0.00000000 0.01371224 0.10757683 0.15019307 0.23095912 0.13439059 0.07275827 0.16725031 0.17460193 0.17351839 0.16811591 0.16305918 0.16648592 0.17613766 0.18629549 0.18323991 0.18553087 0.18536104 0.18754585 0.19172035 0.18100779 0.18972655 0.18550846 0.18689118 0.18373477 0.17658061 0.17877117 0.16786963 0.16291687 0.15990841 0.16290048 0.18216656 0.19199841 0.18822077 0.17976123 0.18304461 0.18594982 0.19188008 0.18813048 0.18560642 0.18794976 0.18175964 0.18655843 0.18220586 0.18177399 0.18210271 0.19064896 0.19260709 0.19702788 0.19583489 0.21112567 0.19741620 0.19627996 0.16876675 0.18503267 0.19588690 0.19398069 0.18585734 0.15235105 0.14258510 0.13830838 0.07243118 0.10284118 0.07802083 0.00370974 0.00000000 0.00000000 0.00000000 0.00000000 0.00000000 0.00000000 0.00000000 0.00000000 0.00000000 0.00000000 0.00000000 0.00000000 0.00000000 0.00000000 0.00000000
0.00000000 0.00000000 0.00000000 0.00000000 0.00000000 0.00000000 0.00000000 0.00000000 0.00000000 0.00000000 0.00000000 0.00000000 0.00000000 0.00000000 0.00000000 0.00000000 0.00000000 0.00000000 0.00000000 0.00000000 0.00000000 0.00000000 0.00000000 0.00000000 0.00000000 0.00000000 0.00000000 0.00000000 0.00000000 0.00000000 0.00000000 0.00000000 0.00000000 0.00000000 0.00000000 0.00000000 0.00000000 0.00000000 0.00000000 0.00000000 0.00000000 0.00000000 0.00000000 0.00000000 0.00000000 0.08258560 0.08604282 0.16907196 0.18042950 0.09979341 0.16131592 0.17923264 0.17895967 0.17478715 0.17604148 0.16892084 0.17410737 0.18971613 0.18614767 0.18430103 0.17150122 0.17099717 0.17497280 0.17965361 0.17921102 0.17415273 0.17396449 0.17516053 0.17767973 0.18164212 0.17061251 0.17357188 0.16581663 0.16312400 0.17150417 0.17840615 0.18789527 0.18304774 0.18199855 0.18267170 0.18375115 0.18707363 0.18283890 0.18821922 0.18721917 0.19594634 0.18929592 0.19033998 0.18894079 0.18761811 0.18293446 0.18867967 0.19003455 0.18731931 0.18195251 0.19048069 0.18984284 0.18890263 0.17563438 0.17601350 0.15393239 0.17280278 0.13810581 0.13150483 0.10532954 0.06681131 0.08305959 0.01456856 0.00000000 0.00000000 0.00000000 0.00000000 0.00000000 0.00000000 0.00000000 0.00000000 0.00000000 0.00000000 0.00000000 0.00000000 0.00000000 0.00000000 0.00000000 0.00000000
0.00000000 0.00000000 0.00000000 0.00000000 0.00000000 0.00000000 0.00000000 0.00000000 0.00000000 0.00000000 0.00000000 0.00000000 0.00000000 0.00000000 0.00000000 0.00000000 0.00000000 0.00000000 0.00000000 0.00000000 0.00000000 0.00000000 0.00000000 0.00000000 0.00000000 0.00000000 0.00000000 0.00000000 0.00000000 0.00000000 0.00000000 0.00000000 0.00000000 0.00000000 0.00000000 0.00000000 0.00000000 0.00000000 0.00000000 0.00000000 0.00000000 0.00000000 0.00000000 0.00000000 0.01843535 0.07844755 0.07841531 0.16152774 0.12566766 0.12272544 0.16878122 0.16032065 0.16021332 0.16503522 0.16763122 0.17507145 0.16499540 0.17053431 0.16560695 0.15136886 0.16392362 0.16456708 0.17423576 0.16288333 0.17439955 0.16996014 0.17313147 0.18032998 0.17584388 0.18053287 0.17996761 0.17398793 0.15937671 0.15572801 0.17077228 0.17846020 0.18179773 0.17234182 0.17474273 0.18162617 0.18757801 0.18498069 0.18541214 0.18356168 0.18352638 0.17629465 0.18272717 0.18356724 0.17788507 0.17442137 0.17535657 0.17642373 0.17884420 0.18621306 0.17976081 0.17973498 0.17365184 0.16738090 0.16837080 0.15847418 0.16327737 0.14253035 0.12192420 0.14466611 0.04633607 0.05792741 0.00000000 0.00000000 0.00000000 0.00000000 0.00000000 0.00000000 0.00000000 0.00000000 0.00000000 0.00000000 0.00000000 0.00000000 0.00000000 0.00000000 0.00000000 0.00000000 0.00000000 0.00000000
0.00000000 0.00000000 0.00000000 0.00000000 0.00000000 0.00000000 0.00000000 0.00000000 0.00000000 0.00000000 0.00000000 0.00000000 0.00000000 0.00000000 0.00000000 0.00000000 0.00000000 0.00000000 0.00000000 0.00000000 0.00000000 0.00000000 0.00000000 0.00000000 0.00000000 0.00000000 0.00000000 0.00000000 0.00000000 0.00000000 0.00000000 0.00000000 0.00000000 0.00000000 0.00000000 0.00000000 0.00000000 0.00000000 0.00000000 0.00000000 0.00000000 0.00000000 0.00000000 0.00000000 0.03485291 0.01940624 0.06823534 0.13365632 0.11219357 0.15549880 0.16609482 0.16899335 0.17672646 0.16429266 0.17391005 0.16028771 0.17166658 0.17370917 0.17041835 0.16143802 0.14933252 0.16973157 0.17569768 0.18954441 0.17809996 0.18752915 0.18494414 0.18506758 0.17937145 0.17286311 0.17899935 0.18017012 0.16770267 0.17906815 0.18220165 0.18375842 0.18735257 0.18874705 0.19316599 0.18853542 0.17863464 0.18166855 0.17353413 0.18181060 0.18170454 0.17872156 0.18582928 0.18635051 0.18880139 0.18756020 0.18249896 0.19202109 0.19036405 0.18608147 0.19159238 0.18419839 0.18187118 0.16448757 0.16384572 0.17132235 0.18460396 0.14050516 0.12150354 0.11020814 0.04625532 0.03302828 0.00000000 0.00000000 0.00000000 0.00000000 0.00000000 0.00000000 0.00000000 0.00000000 0.00000000 0.00000000 0.00000000 0.00000000 0.00000000 0.00000000 0.00000000 0.00000000 0.00000000 0.00000000
0.00000000 0.00000000 0.00000000 0.00000000 0.00000000 0.00000000 0.00000000 0.00000000 0.00000000 0.00000000 0.00000000 0.00000000 0.00000000 0.00000000 0.00000000 0.00000000 0.00000000 0.00000000 0.00000000 0.00000000 0.00000000 0.00000000 0.00000000 0.00000000 0.00000000 0.00000000 0.00000000 0.00000000 0.00000000 0.00000000 0.00000000 0.00000000 0.00000000 0.00000000 0.00000000 0.00000000 0.00000000 0.00000000 0.00000000 0.00000000 0.00000000 0.00000000 0.00000000 0.00000000 0.02805451 0.03454083 0.16872358 0.15189362 0.14443362 0.18453854 0.18104994 0.18618408 0.17874339 0.19000489 0.19233859 0.19644704 0.18538618 0.18869437 0.17978805 0.16929598 0.17407805 0.17578880 0.19226435 0.19159982 0.19820952 0.18843322 0.19394067 0.18157887 0.19249524 0.18928094 0.19040701 0.19397390 0.19241597 0.19668294 0.20537654 0.20324992 0.20262933 0.19508368 0.19050242 0.18698686 0.18712139 0.19446598 0.19280270 0.19170168 0.19693984 0.19999917 0.20085607 0.19418809 0.19728278 0.19500354 0.19669992 0.19293857 0.19305368 0.19059922 0.18872452 0.18751933 0.17468938 0.18172269 0.18627067 0.17228994 0.16677859 0.15173054 0.19401814 0.08972985 0.06903587 0.00379721 0.00000000 0.00000000 0.00000000 0.00000000 0.00000000 0.00000000 0.00000000 0.00000000 0.00000000 0.00000000 0.00000000 0.00000000 0.00000000 0.00000000 0.00000000 0.00000000 0.00000000 0.00000000
0.00000000 0.00000000 0.00000000 0.00000000 0.00000000 0.00000000 0.00000000 0.00000000 0.00000000 0.00000000 0.00000000 0.00000000 0.00000000 0.00000000 0.00000000 0.00000000 0.00000000 0.00000000 0.00000000 0.00000000 0.00000000 0.00000000 0.00000000 0.00000000 0.00000000 0.00000000 0.00000000 0.00000000 0.00000000 0.00000000 0.00000000 0.00000000 0.00000000 0.00000000 0.00000000 0.00000000 0.00000000 0.00000000 0.00000000 0.00000000 0.00000000 0.00000000 0.00000000 0.04219075 0.04821214 0.13958624 0.20320055 0.13824661 0.15983555 0.17863055 0.18476528 0.18065444 0.19258326 0.19029111 0.19662929 0.19926630 0.19219732 0.17935461 0.17493816 0.16963637 0.17228818 0.17378700 0.17357302 0.18493471 0.18043137 0.18288217 0.18145357 0.19367088 0.19092011 0.20386887 0.21225007 0.20798552 0.19965395 0.18283051 0.18682541 0.18184610 0.18086568 0.17371264 0.18586184 0.19202538 0.19860974 0.19984923 0.19862993 0.20045930 0.19320123 0.19425872 0.18872528 0.19455409 0.19098568 0.18920231 0.18898878 0.19890125 0.19257148 0.19719863 0.18210632 0.17760684 0.17802268 0.17741460 0.18633348 0.18719654 0.16533440 0.15234347 0.15226698 0.07402065 0.07335695 0.01902841 0.00000000 0.00000000 0.00000000 0.00000000 0.00000000 0.00000000 0.00000000 0.00000000 0.00000000 0.00000000 0.00000000 0.00000000 0.00000000 0.00000000 0.00000000 0.00000000 0.00000000 0.00000000
0.00000000 0.00000000 0.00000000 0.00000000 0.00000000 0.00000000 0.00000000 0.00000000 0.00000000 0.00000000 0.00000000 0.00000000 0.00000000 0.00000000 0.00000000 0.00000000 0.00000000 0.00000000 0.00000000 0.00000000 0.00000000 0.00000000 0.00000000 0.00000000 0.00000000 0.00000000 0.00000000 0.00000000 0.00000000 0.00000000 0.00000000 0.00000000 0.00000000 0.00000000 0.00000000 0.00000000 0.00000000 0.00000000 0.00000000 0.00000000 0.00000000 0.00000000 0.00000000 0.08189107 0.09457745 0.15735275 0.16485173 0.11126068 0.16451237 0.17697173 0.17925088 0.18387097 0.18601729 0.19001959 0.17827390 0.17431721 0.16833356 0.18299866 0.18190590 0.17904015 0.15995190 0.15819535 0.16278666 0.17667544 0.18839681 0.18343373 0.18174843 0.18775256 0.18961661 0.18144256 0.19596221 0.18717502 0.18435436 0.17647627 0.17710286 0.17837568 0.17969231 0.19232899 0.19406199 0.19090593 0.18395029 0.18783750 0.18453208 0.18680425 0.19601229 0.18490954 0.18835412 0.18817244 0.18945253 0.18958291 0.18428479 0.18125486 0.18575908 0.17564815 0.18482260 0.18261026 0.18393877 0.17164248 0.17262176 0.18920659 0.17225155 0.15549017 0.08217101 0.04266461 0.06419387 0.03007877 0.01744905 0.00000000 0.00000000 0.00000000 0.00000000 0.00000000 0.00000000 0.00000000 0.00000000 0.00000000 0.00000000 0.00000000 0.00000000 0.00000000 0.00000000 0.00000000 0.00000000 0.00000000
0.00000000 0.00000000 0.00000000 0.00000000 0.00000000 0.00000000 0.00000000 0.00000000 0.00000000 0.00000000 0.00000000 0.00000000 0.00000000 0.00000000 0.00000000 0.00000000 0.00000000 0.00000000 0.00000000 0.00000000 0.00000000 0.00000000 0.00000000 0.00000000 0.00000000 0.00000000 0.00000000 0.00000000 0.00000000 0.00000000 0.00000000 0.00000000 0.00000000 0.00000000 0.00000000 0.00000000 0.00000000 0.00000000 0.00000000 0.00000000 0.00000000 0.00000000 0.04308482 0.04621757 0.00575553 0.07285006 0.05156201 0.13529058 0.16134028 0.16958398 0.17861477 0.18854313 0.18915176 0.17791596 0.18685581 0.18403876 0.19667302 0.18619983 0.18779686 0.16914237 0.15959942 0.16142684 0.17014343 0.18334903 0.18677706 0.18892528 0.18738481 0.19563074 0.18787746 0.18498980 0.17979543 0.17356986 0.17803869 0.19066796 0.19483809 0.19429943 0.19107865 0.18809453 0.19267280 0.18476500 0.18496406 0.18683355 0.19146308 0.19233494 0.18866342 0.18712853 0.18697703 0.18781689 0.18421422 0.18788862 0.18833119 0.18683060 0.18278877 0.18129009 0.18777354 0.20146695 0.19605120 0.19546893 0.17893480 0.19144224 0.13592784 0.14814943 0.08731899 0.07455912 0.04064380 0.00000000 0.00000000 0.00000000 0.00000000 0.00000000 0.00000000 0.00000000 0.00000000 0.00000000 0.00000000 0.00000000 0.00000000 0.00000000 0.00000000 0.00000000 0.00000000 0.00000000 0.00000000 0.00000000
0.00000000 0.00000000 0.00000000 0.00000000 0.00000000 0.00000000 0.00000000 0.00000000 0.00000000 0.00000000 0.00000000 0.00000000 0.00000000 0.00000000 0.00000000 0.00000000 0.00000000 0.00000000 0.00000000 0.00000000 0.00000000 0.00000000 0.00000000 0.00000000 0.00000000 0.00000000 0.00000000 0.00000000 0.00000000 0.00000000 0.00000000 0.00000000 0.00000000 0.00000000 0.00000000 0.00000000 0.00000000 0.00000000 0.00000000 0.00000000 0.00000000 0.00000000 0.03070479 0.01132900 0.04508587 0.11483763 0.12934923 0.16911750 0.17587924 0.17433317 0.17348969 0.17826051 0.17654797 0.17185330 0.18181512 0.18990032 0.19020280 0.18025616 0.17379880 0.16677144 0.18077986 0.18090533 0.16647449 0.16836742 0.17918074 0.17835826 0.18024306 0.18403663 0.17674455 0.18923515 0.17966416 0.17769556 0.18031262 0.18135539 0.18458575 0.17871863 0.18228272 0.18552116 0.18474564 0.19258103 0.18791658 0.19604298 0.18562779 0.18151507 0.18290353 0.18484253 0.18969621 0.18941742 0.19211748 0.19230932 0.18111171 0.19259383 0.18399273 0.18832392 0.19464137 0.19032097 0.18595922 0.18556328 0.18143702 0.16509263 0.14539619 0.13582644 0.08754800 0.07633806 0.00138554 0.00000000 0.00000000 0.00000000 0.00000000 0.00000000 0.00000000 0.00000000 0.00000000 0.00000000 0.00000000 0.00000000 0.00000000 0.00000000 0.00000000 0.00000000 0.00000000 0.00000000 0.00000000 0.00000000
0.00000000 0.00000000 0.00000000 0.00000000 0.00000000 0.00000000 0.00000000 0.00000000 0.00000000 0.00000000 0.00000000 0.00000000 0.00000000 0.00000000 0.00000000 0.00000000 0.00000000 0.00000000 0.00000000 0.00000000 0.00000000 0.00000000 0.00000000 0.00000000 0.00000000 0.00000000 0.00000000 0.00000000 0.00000000 0.00000000 0.00000000 0.00000000 0.00000000 0.00000000 0.00000000 0.00000000 0.00000000 0.00000000 0.00000000 0.00000000 0.00000000 0.00000000 0.04958822 0.01561052 0.10996198 0.13597748 0.14650777 0.15969987 0.15923192 0.16085169 0.15928715 0.16607150 0.16380352 0.17076302 0.17442271 0.18195762 0.18145756 0.19417942 0.19325584 0.20744257 0.18890475 0.16727425 0.14887084 0.15415254 0.18538307 0.18586995 0.18794619 0.17490345 0.17176428 0.17644453 0.18583439 0.18715264 0.17906934 0.17227122 0.16984931 0.17408197 0.17916112 0.18103708 0.18689719 0.18705578 0.18014951 0.17834133 0.17872056 0.18328111 0.18757170 0.19053361 0.19013639 0.18270004 0.18478757 0.18366896 0.18492298 0.18167445 0.18703195 0.18302706 0.18394721 0.17762372 0.17840528 0.16910586 0.18585272 0.16705433 0.13511410 0.12603581 0.08068424 0.07401606 0.02001549 0.00000000 0.00000000 0.00000000 0.00000000 0.00000000 0.00000000 0.00000000 0.00000000 0.00000000 0.00000000 0.00000000 0.00000000 0.00000000 0.00000000 0.00000000 0.00000000 0.00000000 0.00000000 0.00000000
0.00000000 0.00000000 0.00000000 0.00000000 0.00000000 0.00000000 0.00000000 0.00000000 0.00000000 0.00000000 0.00000000 0.00000000 0.00000000 0.00000000 0.00000000 0.00000000 0.00000000 0.00000000 0.00000000 0.00000000 0.00000000 0.00000000 0.00000000 0.00000000 0.00000000 0.00000000 0.00000000 0.00000000 0.00000000 0.00000000 0.00000000 0.00000000 0.00000000 0.00000000 0.00000000 0.00000000 0.00000000 0.00000000 0.00000000 0.00000000 0.00000000 0.01321077 0.04666067 0.02004332 0.07028068 0.11459069 0.14615691 0.17175643 0.17216563 0.16899961 0.18154611 0.18012366 0.19659463 0.19165456 0.19348912 0.19224252 0.19076370 0.19605468 0.19719107 0.19764121 0.18244991 0.18035121 0.18236314 0.17652899 0.18606667 0.18925290 0.18561529 0.19170247 0.18828084 0.17870039 0.16998340 0.16834819 0.16706476 0.18931441 0.19493204 0.19092841 0.18857151 0.18601052 0.19625638 0.19782656 0.19735426 0.19932596 0.19288830 0.18520880 0.18885827 0.18657976 0.18797560 0.18852846 0.19437499 0.19086538 0.18906614 0.19173791 0.18775105 0.19545949 0.18640839 0.19030379 0.18656193 0.19025894 0.18662889 0.17913893 0.15285403 0.12646216 0.13667563 0.10989100 0.06392400 0.00000000 0.00000000 0.00000000 0.00000000 0.00000000 0.00000000 0.00000000 0.00000000 0.00000000 0.00000000 0.00000000 0.00000000 0.00000000 0.00000000 0.00000000 0.00000000 0.00000000 0.00000000 0.00000000
0.00000000 0.00000000 0.00000000 0.00000000 0.00000000 0.00000000 0.00000000 0.00000000 0.00000000 0.00000000 0.00000000 0.00000000 0.00000000 0.00000000 0.00000000 0.00000000 0.00000000 0.00000000 0.00000000 0.00000000 0.00000000 0.00000000 0.00000000 0.00000000 0.00000000 0.00000000 0.00000000 0.00000000 0.00000000 0.00000000 0.00000000 0.00000000 0.00000000 0.00000000 0.00000000 0.00000000 0.00000000 0.00000000 0.00000000 0.00000000 0.00000000 0.03046258 0.01202513 0.00000000 0.05811547 0.11307240 0.17064436 0.18634422 0.19125293 0.19038546 0.19014865 0.19360916 0.19392863 0.18685323 0.18971983 0.19460812 0.20105426 0.19466847 0.19896062 0.20485063 0.19967362 0.21535350 0.20832834 0.18279634 0.17612386 0.18274115 0.18123789 0.18734021 0.19214167 0.19372670 0.19367144 0.18721299 0.18423469 0.19869360 0.20589152 0.19304807 0.18609746 0.18919317 0.19758676 0.19981685 0.19116414 0.19166408 0.19157787 0.19181746 0.19134790 0.18754996 0.19336665 0.20178823 0.20107158 0.19665043 0.19017106 0.19111148 0.19411305 0.19185771 0.19666165 0.19901346 0.19917139 0.19913085 0.18139979 0.16252255 0.17641258 0.14762855 0.14869741 0.11494032 0.06277005 0.00000000 0.00000000 0.00000000 0.00000000 0.00000000 0.00000000 0.00000000 0.00000000 0.00000000 0.00000000 0.00000000 0.00000000 0.00000000 0.00000000 0.00000000 0.00000000 0.00000000 0.00000000 0.00000000
0.00000000 0.00000000 0.00000000 0.00000000 0.00000000 0.00000000 0.00000000 0.00000000 0.00000000 0.00000000 0.00000000 0.00000000 0.00000000 0.00000000 0.00000000 0.00000000 0.00000000 0.00000000 0.00000000 0.00000000 0.00000000 0.00000000 0.00000000 0.00000000 0.00000000 0.00000000 0.00000000 0.00000000 0.00000000 0.00000000 0.00000000 0.00000000 0.00000000 0.00000000 0.00000000 0.00000000 0.00000000 0.00000000 0.00000000 0.00000000 0.00000000 0.01546663 0.00000000 0.07825112 0.12726837 0.16390607 0.18013366 0.17789456 0.18119355 0.17751825 0.17015520 0.18171157 0.17640540 0.17616221 0.18793267 0.19405800 0.19570747 0.19810742 0.18308043 0.19442485 0.19553459 0.19686136 0.17742682 0.15537338 0.16535476 0.18751432 0.19100222 0.18742624 0.18513323 0.18367481 0.19660187 0.20057102 0.18988541 0.18413264 0.18424483 0.18361063 0.19114059 0.19282229 0.18602294 0.18421023 0.17808115 0.18697652 0.19150878 0.19153117 0.19176622 0.19069678 0.18935163 0.19495878 0.18560006 0.18841164 0.18372151 0.18522514 0.19095919 0.19222650 0.18867156 0.19331047 0.18795809 0.17839918 0.18214850 0.16668868 0.13926718 0.14658208 0.14027762 0.13670623 0.07629637 0.00000000 0.00000000 0.00000000 0.00000000 0.00000000 0.00000000 0.00000000 0.00000000 0.00000000 0.00000000 0.00000000 0.00000000 0.00000000 0.00000000 0.00000000 0.00000000 0.00000000 0.00000000 0.00000000
0.00000000 0.00000000 0.00000000 0.00000000 0.00000000 0.00000000 0.00000000 0.00000000 0.00000000 0.00000000 0.00000000 0.00000000 0.00000000 0.00000000 0.00000000 0.00000000 0.00000000 0.00000000 0.00000000 0.00000000 0.00000000 0.00000000 0.00000000 0.00000000 0.00000000 0.00000000 0.00000000 0.00000000 0.00000000 0.00000000 0.00000000 0.00000000 0.00000000 0.00000000 0.00000000 0.00000000 0.00000000 0.00000000 0.00000000 0.00000000 0.00000000 0.06532535 0.07701436 0.16413955 0.15326907 0.16590720 0.17052853 0.16616601 0.17508046 0.17198184 0.16991362 0.16963552 0.17185089 0.18281040 0.18253846 0.18773608 0.18180087 0.18347925 0.19734548 0.19075017 0.19148672 0.16951385 0.18241821 0.16998936 0.18100227 0.18706565 0.18319599 0.19094114 0.19039139 0.18532772 0.18709861 0.18063809 0.18009372 0.18001319 0.18222778 0.18172923 0.18601257 0.18415070 0.18507780 0.18947870 0.19249025 0.19448851 0.19547951 0.18908207 0.18814778 0.18736134 0.18618672 0.18053252 0.17967071 0.18300733 0.19050919 0.18867344 0.18100898 0.18631361 0.18648571 0.18837406 0.17974456 0.17642468 0.18798620 0.14612141 0.13544096 0.12365492 0.14622468 0.12242186 0.05757556 0.00000000 0.00000000 0.00000000 0.00000000 0.00000000 0.00000000 0.00000000 0.00000000 0.00000000 0.00000000 0.00000000 0.00000000 0.00000000 0.00000000 0.00000000 0.00000000 0.00000000 0.00000000 0.00000000
0.00000000 0.00000000 0.00000000 0.00000000 0.00000000 0.00000000 0.00000000 0.00000000 0.00000000 0.00000000 0.00000000 0.00000000 0.00000000 0.00000000 0.00000000 0.00000000 0.00000000 0.00000000 0.00000000 0.00000000 0.00000000 0.00000000 0.00000000 0.00000000 0.00000000 0.00000000 0.00000000 0.00000000 0.00000000 0.00000000 0.00000000 0.00000000 0.00000000 0.00000000 0.00000000 0.00000000 0.00000000 0.00000000 0.00000000 0.00000000 0.04469510 0.04980836 0.05375799 0.09857548 0.10580765 0.14144868 0.14898300 0.15510094 0.16204247 0.16140133 0.16778639 0.17094499 0.17623287 0.17892581 0.17017052 0.17242880 0.18172687 0.17823431 0.18051478 0.18423170 0.17592168 0.18132567 0.18606205 0.18617660 0.16773242 0.17721611 0.17057914 0.18045808 0.18419595 0.16991395 0.17177761 0.17181155 0.17687054 0.18010871 0.18161476 0.17715251 0.17734644 0.17177027 0.18372442 0.18918002 0.18675533 0.18144374 0.17489257 0.17923838 0.18239115 0.18493746 0.17721620 0.18071666 0.18565963 0.18767440 0.17750682 0.18170930 0.18138716 0.18292029 0.18653987 0.18185908 0.17051330 0.17101796 0.17622080 0.16600007 0.15046012 0.13028963 0.13465898 0.06401201 0.00000000 0.00000000 0.00000000 0.00000000 0.00000000 0.00000000 0.00000000 0.00000000 0.00000000 0.00000000 0.00000000 0.00000000 0.00000000 0.00000000 0.00000000 0.00000000 0.00000000 0.00000000 0.00000000 0.00000000
0.00000000 0.00000000 0.00000000 0.00000000 0.00000000 0.00000000 0.00000000 0.00000000 0.00000000 0.00000000 0.00000000 0.00000000 0.00000000 0.00000000 0.00000000 0.00000000 0.00000000 0.00000000 0.00000000 0.00000000 0.00000000 0.00000000 0.00000000 0.00000000 0.00000000 0.00000000 0.00000000 0.00000000 0.00000000 0.00000000 0.00000000 0.00000000 0.00000000 0.00000000 0.00000000 0.00000000 0.00000000 0.00000000 0.00000000 0.00716432 0.03806149 0.00000000 0.01812024 0.04013314 0.10277702 0.17381486 0.16891748 0.16949394 0.17256638 0.17074418 0.16997990 0.17365223 0.17950898 0.17579657 0.17807865 0.18206647 0.18445726 0.18694614 0.18630104 0.18426923 0.18935099 0.18599348 0.19822696 0.18536395 0.17591873 0.17518567 0.18287590 0.18894087 0.18766887 0.18195434 0.17897052 0.18876584 0.19204769 0.18978870 0.18888800 0.18742362 0.18590254 0.18952069 0.18643646 0.19490638 0.18176576 0.18193534 0.18827666 0.18666856 0.19153117 0.18690686 0.18392166 0.18781748 0.19184175 0.18980846 0.18958361 0.18393037 0.18745483 0.18501821 0.18715465 0.17725965 0.18482561 0.18135269 0.18604879 0.16746980 0.14162804 0.12257294 0.12765014 0.04341256 0.00000000 0.00000000 0.00000000 0.00000000 0.00000000 0.00000000 0.00000000 0.00000000 0.00000000 0.00000000 0.00000000 0.00000000 0.00000000 0.00000000 0.00000000 0.00000000 0.00000000 0.00000000 0.00000000 0.00000000
0.00000000 0.00000000 0.00000000 0.00000000 0.00000000 0.00000000 0.00000000 0.00000000 0.00000000 0.00000000 0.00000000 0.00000000 0.00000000 0.00000000 0.00000000 0.00000000 0.00000000 0.00000000 0.00000000 0.00000000 0.00000000 0.00000000 0.00000000 0.00000000 0.00000000 0.00000000 0.00000000 0.00000000 0.00000000 0.00000000 0.00000000 0.00000000 0.00000000 0.00000000 0.00000000 0.00000000 0.00000000 0.00000000 0.00000000 0.00000000 0.01058777 0.05716000 0.19229184 0.17093423 0.18319492 0.18599236 0.18011421 0.18049560 0.17458808 0.18562582 0.18257467 0.19229811 0.18706712 0.18194126 0.18614763 0.19552258 0.19218096 0.18896808 0.19082853 0.19194327 0.19251679 0.19416605 0.18815652 0.17843533 0.16478264 0.17794347 0.18241607 0.19021815 0.19693922 0.18268205 0.18358633 0.18961129 0.18628415 0.19143781 0.19794339 0.19554241 0.19825681 0.19406039 0.18679222 0.19023135 0.18727092 0.19012730 0.19126096 0.19362940 0.19240610 0.19413976 0.19281070 0.19025305 0.19263582 0.18662550 0.19045968 0.19217628 0.17874537 0.19239067 0.18678941 0.19684866 0.19090948 0.19073573 0.19778109 0.16734460 0.11522507 0.15388276 0.16745532 0.11986512 0.00106167 0.00000000 0.00000000 0.00000000 0.00000000 0.00000000 0.00000000 0.00000000 0.00000000 0.00000000 0.00000000 0.00000000 0.00000000 0.00000000 0.00000000 0.00000000 0.00000000 0.00000000 0.00000000 0.00000000
0.00000000 0.00000000 0.00000000 0.00000000 0.00000000 0.00000000 0.00000000 0.00000000 0.00000000 0.00000000 0.00000000 0.00000000 0.00000000 0.00000000 0.00000000 0.00000000 0.00000000 0.00000000 0.00000000 0.00000000 0.00000000 0.00000000 0.00000000 0.00000000 0.00000000 0.00000000 0.00000000 0.00000000 0.00000000 0.00000000 0.00000000 0.00000000 0.00000000 0.00000000 0.00000000 0.00000000 0.00000000 0.00298660 0.00000000 0.03181718 0.06547649 0.24372503 0.24176358 0.14797081 0.18399394 0.18944804 0.18352395 0.17406273 0.17876083 0.18133569 0.18671007 0.19230047 0.19269866 0.19141221 0.18927701 0.18394607 0.18667047 0.18865570 0.19039571 0.18802905 0.18956189 0.18817694 0.19594775 0.19025718 0.17147431 0.18296766 0.17667598 0.19175211 0.19086330 0.17822137 0.17507100 0.19406103 0.19550529 0.20171872 0.19992746 0.19125831 0.19159688 0.18661930 0.19265267 0.19007832 0.19178243 0.19366544 0.19554995 0.19335444 0.19051968 0.19204167 0.19059759 0.19017100 0.19073564 0.18867883 0.18765178 0.19167706 0.19734959 0.19671023 0.19968714 0.19841313 0.18897411 0.17612508 0.18825124 0.21044990 0.16240945 0.17474055 0.22616592 0.16913997 0.01011147 0.00000000 0.00000000 0.00000000 0.00000000 0.00000000 0.00000000 0.00000000 0.00000000 0.00000000 0.00000000 0.00000000 0.00000000 0.00000000 0.00000000 0.00000000 0.00000000 0.00000000 0.00000000 0.00000000
0.00000000 0.00000000 0.00000000 0.00000000 0.00000000 0.00000000 0.00000000 0.00000000 0.00000000 0.00000000 0.00000000 0.00000000 0.00000000 0.00000000 0.00000000 0.00000000 0.00000000 0.00000000 0.00000000 0.00000000 0.00000000 0.00000000 0.00000000 0.00000000 0.00000000 0.00000000 0.00000000 0.00000000 0.00000000 0.00000000 0.00000000 0.00000000 0.00000000 0.00000000 0.00000000 0.00000000 0.00535182 0.00000000 0.00480104 0.08850531 0.24639681 0.29376298 0.12031534 0.09438502 0.16195916 0.16302240 0.16849567 0.16582696 0.16933444 0.17144929 0.17529820 0.17821373 0.17527018 0.17641672 0.17541786 0.18066037 0.17768937 0.17846531 0.18052225 0.18466760 0.19057393 0.18472771 0.18433978 0.17924123 0.16684464 0.16647869 0.16904311 0.16373119 0.17671052 0.17253929 0.17395440 0.18408653 0.18382514 0.18164979 0.17187315 0.17241096 0.17880991 0.17803672 0.17796701 0.18152320 0.18345167 0.18328126 0.18090688 0.18038189 0.17733812 0.18178569 0.18391119 0.18499623 0.18224548 0.18462910 0.18387218 0.18282272 0.18595812 0.18177468 0.17646763 0.17464967 0.17814133 0.19094485 0.17915580 0.19137585 0.20294815 0.18477257 0.25446513 0.23316076 0.03806348 0.00000000 0.00000000 0.00000000 0.00000000 0.00000000 0.00000000 0.00000000 0.00000000 0.00000000 0.00000000 0.00000000 0.00000000 0.00000000 0.00000000 0.00000000 0.00000000 0.00000000 0.00000000 0.00000000
0.00000000 0.00000000 0.00000000 0.00000000 0.00000000 0.00000000 0.00000000 0.00000000 0.00000000 0.00000000 0.00000000 0.00000000 0.00000000 0.00000000 0.00000000 0.00000000 0.00000000 0.00000000 0.00000000 0.00000000 0.00000000 0.00000000 0.00000000 0.00000000 0.00000000 0.00000000 0.00000000 0.00000000 0.00000000 0.00000000 0.00000000 0.00000000 0.00000000 0.00000000 0.00000000 0.00000000 0.00000000 0.00000000 0.09973811 0.23058142 0.39188781 0.24942648 0.09744522 0.15549572 0.15727365 0.15667552 0.15895683 0.16939047 0.17719775 0.18041719 0.17730969 0.17030293 0.17635047 0.16993076 0.17455700 0.17093614 0.17756622 0.17166094 0.17694980 0.17573200 0.16906044 0.17593321 0.16249712 0.15641791 0.15060356 0.15136725 0.16107078 0.17591101 0.17693615 0.17888457 0.17281592 0.17347896 0.16921315 0.16312885 0.17037928 0.17508960 0.17947869 0.17975798 0.17531502 0.17404285 0.17552374 0.17311069 0.17574608 0.17232071 0.17877585 0.17442881 0.17960842 0.16968146 0.17895645 0.17956357 0.17905688 0.18264675 0.17121613 0.17210181 0.17433310 0.17536020 0.18172047 0.18417817 0.19055672 0.16472521 0.18345267 0.20015551 0.26351875 0.30649421 0.11266459 0.00000000 0.00000000 0.00000000 0.00000000 0.00000000 0.00000000 0.00000000 0.00000000 0.00000000 0.00000000 0.00000000 0.00000000 0.00000000 0.00000000 0.00000000 0.00000000 0.00000000 0.00000000 0.00000000
0.00000000 0.00000000 0.00000000 0.00000000 0.00000000 0.00000000 0.00000000 0.00000000 0.00000000 0.00000000 0.00000000 0.00000000 0.00000000 0.00000000 0.00000000 0.00000000 0.00000000 0.00000000 0.00000000 0.00000000 0.00000000 0.00000000 0.00000000 0.00000000 0.00000000 0.00000000 0.00000000 0.00000000 0.00000000 0.00000000 0.00000000 0.00000000 0.00000000 0.00000000 0.00000000 0.00000000 0.00000000 0.11360098 0.15033349 0.25758594 0.24520288 0.06019097 0.08703405 0.15228805 0.15535739 0.17031893 0.17190775 0.17666310 0.17412528 0.17410222 0.16721211 0.17273933 0.16832104 0.17506629 0.17643805 0.17524616 0.17403397 0.17696369 0.17530257 0.18428989 0.16726309 0.17576808 0.17570740 0.16834259 0.16646644 0.16194677 0.16885996 0.17233846 0.17893063 0.17545226 0.17293403 0.17552286 0.18050504 0.17714252 0.18097706 0.17747946 0.17201664 0.17222705 0.17631355 0.18737727 0.18620560 0.18032132 0.17924871 0.18136042 0.18412597 0.18322265 0.17645395 0.17717490 0.17588526 0.18140416 0.17978266 0.17831644 0.17600062 0.18497264 0.18351309 0.18250625 0.17725092 0.17053509 0.17657283 0.18558992 0.19173792 0.20788217 0.24235414 0.31054983 0.17603925 0.00579697 0.00000000 0.00000000 0.00000000 0.00000000 0.00000000 0.00000000 0.00000000 0.00000000 0.00000000 0.00000000 0.00000000 0.00000000 0.00000000 0.00000000 0.00000000 0.00000000 0.00000000 0.00000000
0.00000000 0.00000000 0.00000000 0.00000000 0.00000000 0.00000000 0.00000000 0.00000000 0.00000000 0.00000000 0.00000000 0.00000000 0.00000000 0.00000000 0.00000000 0.00000000 0.00000000 0.00000000 0.00000000 0.00000000 0.00000000 0.00000000 0.00000000 0.00000000 0.00000000 0.00000000 0.00000000 0.00000000 0.00000000 0.00000000 0.00000000 0.00000000 0.00000000 0.00000000 0.00000000 0.00000000 0.05355784 0.09920698 0.08361632 0.14861423 0.07376675 0.07963506 0.17468084 0.18645774 0.18350840 0.18775028 0.18418230 0.18415850 0.18375361 0.18012066 0.18476270 0.18854652 0.19111425 0.18387003 0.18622597 0.18269406 0.19335161 0.19000186 0.18762404 0.17863852 0.18498933 0.18288644 0.18562017 0.19108643 0.17668207 0.18146195 0.16765746 0.16790694 0.17484015 0.18535863 0.18538715 0.19351724 0.18765394 0.19303147 0.19252996 0.18731657 0.19060649 0.19016793 0.19063568 0.19460478 0.19127086 0.18999945 0.18806940 0.18752070 0.18293603 0.18443225 0.18740441 0.19042818 0.19144852 0.18453090 0.18409018 0.18457709 0.18722066 0.18506722 0.17953768 0.18523155 0.18757255 0.18470141 0.18508255 0.19965746 0.22172476 0.22175601 0.22050324 0.27986875 0.19880182 0.02973315 0.00000000 0.00000000 0.00000000 0.00000000 0.00000000 0.00000000 0.00000000 0.00000000 0.00000000 0.00000000 0.00000000 0.00000000 0.00000000 0.00000000 0.00000000 0.00000000 0.00000000 0.00000000
0.00000000 0.00000000 0.00000000 0.00000000 0.00000000 0.00000000 0.00000000 0.00000000 0.00000000 0.00000000 0.00000000 0.00000000 0.00000000 0.00000000 0.00000000 0.00000000 0.00000000 0.00000000 0.00000000 0.00000000 0.00000000 0.00000000 0.00000000 0.00000000 0.00000000 0.00000000 0.00000000 0.00000000 0.00000000 0.00000000 0.00000000 0.00000000 0.00000000 0.00000000 0.00000000 0.00000000 0.06195034 0.01671195 0.11085742 0.13673833 0.10548750 0.18167599 0.18371561 0.17938356 0.18443456 0.17274916 0.18128006 0.17914264 0.17952876 0.18370272 0.19040789 0.19440003 0.18698283 0.19078277 0.18432724 0.19433708 0.18553983 0.18970689 0.19331896 0.19502309 0.19248123 0.19189529 0.19218923 0.19194882 0.17847100 0.16735679 0.18216984 0.17470452 0.17929116 0.17390434 0.18358859 0.18843468 0.19016150 0.18625636 0.18442172 0.18963867 0.19586204 0.19780758 0.19660185 0.19247590 0.18498959 0.18170039 0.18634294 0.19528136 0.19424854 0.19521005 0.19706511 0.19551016 0.19378933 0.19634919 0.18924430 0.19394465 0.18634090 0.19528309 0.19719394 0.19285320 0.18909810 0.19344260 0.18318418 0.18859024 0.21990912 0.23598684 0.21934098 0.26758054 0.24825251 0.08493757 0.00000000 0.00000000 0.00000000 0.00000000 0.00000000 0.00000000 0.00000000 0.00000000 0.00000000 0.00000000 0.00000000 0.00000000 0.00000000 0.00000000 0.00000000 0.00000000 0.00000000 0.00000000
0.00000000 0.00000000 0.00000000 0.00000000 0.00000000 0.00000000 0.00000000 0.00000000 0.00000000 0.00000000 0.00000000 0.00000000 0.00000000 0.00000000 0.00000000 0.00000000 0.00000000 0.00000000 0.00000000 0.00000000 0.00000000 0.00000000 0.00000000 0.00000000 0.00000000 0.00000000 0.00000000 0.00000000 0.00000000 0.00000000 0.00000000 0.00000000 0.00000000 0.00000000 0.00000000 0.00000000 0.07139527 0.06879427 0.16033098 0.16635998 0.16469988 0.18408410 0.17866078 0.17050430 0.16850257 0.17112453 0.17497589 0.18903309 0.18845001 0.18968089 0.18711048 0.18522629 0.19273596 0.18737695 0.19576888 0.18919432 0.19024058 0.19363706 0.19179013 0.19545320 0.20196196 0.19860472 0.20359886 0.18930414 0.17839500 0.17284337 0.17619443 0.17939098 0.17518511 0.18313123 0.18596235 0.19702113 0.19575080 0.19635764 0.19805516 0.20217642 0.19900393 0.18834762 0.19027478 0.18439262 0.18844104 0.19455858 0.19685446 0.19189769 0.18926664 0.19323123 0.19595183 0.19002937 0.18666853 0.18735266 0.18693288 0.19469891 0.19761726 0.19737573 0.19415183 0.19199719 0.19245248 0.19267115 0.19311121 0.19574162 0.20675375 0.22693956 0.23323905 0.25658488 0.28615513 0.14606231 0.00000000 0.00000000 0.00000000 0.00000000 0.00000000 0.00000000 0.00000000 0.00000000 0.00000000 0.00000000 0.00000000 0.00000000 0.00000000 0.00000000 0.00000000 0.00000000 0.00000000 0.00000000
0.00000000 0.00000000 0.00000000 0.00000000 0.00000000 0.00000000 0.00000000 0.00000000 0.00000000 0.00000000 0.00000000 0.00000000 0.00000000 0.00000000 0.00000000 0.00000000 0.00000000 0.00000000 0.00000000 0.00000000 0.00000000 0.00000000 0.00000000 0.00000000 0.00000000 0.00000000 0.00000000 0.00000000 0.00000000 0.00000000 0.00000000 0.00000000 0.00000000 0.00000000 0.00000000 0.04135620 0.05090751 0.01462838 0.05483421 0.09850785 0.16890180 0.17890751 0.17403890 0.17498891 0.17681542 0.18369605 0.18143833 0.18603985 0.18661807 0.18698020 0.18306041 0.18264307 0.18449669 0.18587154 0.19151080 0.18938893 0.18468474 0.18813549 0.18696681 0.19251977 0.18722984 0.19598585 0.19201571 0.19089386 0.18147559 0.17573282 0.18187642 0.17889088 0.18222986 0.18367732 0.19986933 0.19088541 0.18655518 0.18721747 0.18921344 0.19139750 0.18977913 0.18330146 0.18734083 0.19023870 0.19607389 0.19380581 0.19663797 0.18985152 0.18449447 0.18193768 0.18611997 0.19006740 0.18773864 0.18864648 0.18957786 0.19529721 0.19142915 0.19763196 0.19458142 0.17993434 0.19346209 0.19497316 0.19378325 0.19438337 0.19054395 0.18202610 0.20075966 0.23719206 0.30166304 0.19311653 0.02148107 0.00000000 0.00000000 0.00000000 0.00000000 0.00000000 0.00000000 0.00000000 0.00000000 0.00000000 0.00000000 0.00000000 0.00000000 0.00000000 0.00000000 0.00000000 0.00000000 0.00000000
0.00000000 0.00000000 0.00000000 0.00000000 0.00000000 0.00000000 0.00000000 0.00000000 0.00000000 0.00000000 0.00000000 0.00000000 0.00000000 0.00000000 0.00000000 0.00000000 0.00000000 0.00000000 0.00000000 0.00000000 0.00000000 0.00000000 0.00000000 0.00000000 0.00000000 0.00000000 0.00000000 0.00000000 0.00000000 0.00000000 0.00000000 0.00000000 0.00000000 0.00000000 0.02122934 0.04084803 0.00000000 0.00000000 0.01542014 0.11068080 0.16882887 0.17161116 0.17239524 0.16112356 0.17036587 0.16368498 0.16984941 0.17101783 0.17041788 0.17074978 0.17262259 0.17728129 0.18025769 0.17088100 0.17932518 0.18407464 0.18103944 0.17453332 0.17948554 0.17668967 0.17918868 0.18040821 0.18666378 0.18054096 0.18170579 0.17885390 0.17908248 0.18477008 0.17974947 0.16927442 0.17698908 0.17280045 0.17386375 0.18108527 0.18257572 0.18350345 0.18714222 0.18667825 0.18768243 0.19081134 0.18396963 0.18375349 0.17473315 0.18646762 0.18789664 0.18278381 0.18913355 0.18531436 0.18536013 0.18571895 0.18502635 0.18552290 0.17823903 0.17774603 0.17885497 0.17243898 0.17988221 0.17031837 0.16069688 0.16680816 0.18438064 0.18494652 0.16528955 0.18706334 0.23764481 0.17819673 0.03408274 0.00000000 0.00000000 0.00000000 0.00000000 0.00000000 0.00000000 0.00000000 0.00000000 0.00000000 0.00000000 0.00000000 0.00000000 0.00000000 0.00000000 0.00000000 0.00000000 0.00000000
0.00000000 0.00000000 0.00000000 0.00000000 0.00000000 0.00000000 0.00000000 0.00000000 0.00000000 0.00000000 0.00000000 0.00000000 0.00000000 0.00000000 0.00000000 0.00000000 0.00000000 0.00000000 0.00000000 0.00000000 0.00000000 0.00000000 0.00000000 0.00000000 0.00000000 0.00000000 0.00000000 0.00000000 0.00000000 0.00000000 0.00000000 0.00000000 0.00000000 0.00000000 0.00000000 0.03279197 0.00000000 0.06205637 0.12209404 0.16178700 0.15534954 0.16566810 0.16894901 0.17341542 0.16929275 0.17661726 0.16535652 0.17195800 0.17177996 0.18205969 0.18137209 0.18385680 0.18198912 0.17254677 0.17452991 0.18278930 0.18190572 0.18320484 0.18346348 0.18280122 0.18467066 0.19029969 0.18288338 0.19181329 0.19088204 0.18324366 0.17887975 0.17959917 0.16970244 0.17314595 0.17487925 0.18572885 0.17941019 0.18523727 0.18424591 0.18253475 0.19028983 0.18939061 0.18946406 0.18818599 0.18496709 0.19033146 0.17897913 0.18992844 0.18364140 0.17675912 0.18047529 0.18142667 0.18486145 0.18707342 0.18026257 0.17740971 0.17119786 0.17795676 0.17821032 0.18285182 0.18076287 0.17935245 0.16926157 0.16829585 0.17505300 0.20721000 0.18580697 0.14813758 0.18560229 0.13947564 0.00918619 0.00000000 0.00000000 0.00000000 0.00000000 0.00000000 0.00000000 0.00000000 0.00000000 0.00000000 0.00000000 0.00000000 0.00000000 0.00000000 0.00000000 0.00000000 0.00000000 0.00000000
0.00000000 0.00000000 0.00000000 0.00000000 0.00000000 0.00000000 0.00000000 0.00000000 0.00000000 0.00000000 0.00000000 0.00000000 0.00000000 0.00000000 0.00000000 0.00000000 0.00000000 0.00000000 0.00000000 0.00000000 0.00000000 0.00000000 0.00000000 0.00000000 0.00000000 0.00000000 0.00000000 0.00000000 0.00000000 0.00000000 0.00000000 0.00000000 0.00000000 0.00000000 0.00000000 0.04928473 0.02762694 0.04382820 0.13419256 0.17217708 0.18063186 0.16960326 0.18284227 0.18723616 0.18866216 0.18036744 0.17811435 0.17111623 0.18525176 0.18497145 0.18081211 0.18481779 0.18865791 0.18585300 0.19259791 0.19461164 0.18712489 0.19223931 0.19508101 0.19057603 0.19162545 0.18736310 0.19237518 0.19632655 0.19162145 0.18539113 0.19017419 0.17852169 0.18532288 0.18413211 0.18572791 0.18392986 0.17952533 0.19049774 0.19125789 0.19250034 0.19434914 0.18966512 0.19320759 0.19221458 0.18796875 0.18711464 0.19303915 0.19399947 0.18684894 0.18606587 0.19029479 0.19520745 0.19422202 0.19127671 0.18626210 0.19028859 0.19318242 0.19517939 0.19519950 0.19301380 0.18660350 0.17886274 0.17488971 0.18078898 0.17702681 0.17471176 0.19446136 0.16478410 0.19298604 0.16843283 0.01524442 0.00000000 0.00000000 0.00000000 0.00000000 0.00000000 0.00000000 0.00000000 0.00000000 0.00000000 0.00000000 0.00000000 0.00000000 0.00000000 0.00000000 0.00000000 0.00000000 0.00000000
0.00000000 0.00000000 0.00000000 0.00000000 0.00000000 0.00000000 0.00000000 0.00000000 0.00000000 0.00000000 0.00000000 0.00000000 0.00000000 0.00000000 0.00000000 0.00000000 0.00000000 0.00000000 0.00000000 0.00000000 0.00000000 0.00000000 0.00000000 0.00000000 0.00000000 0.00000000 0.00000000 0.00000000 0.00000000 0.00000000 0.00000000 0.00000000 0.00000000 0.00000000 0.00594463 0.03361589 0.00000000 0.00000000 0.06611857 0.16028282 0.17791966 0.17851837 0.19745643 0.18815680 0.16858438 0.16965955 0.15832102 0.17516404 0.16904289 0.18181838 0.17585002 0.18737295 0.18611653 0.18690810 0.18924052 0.19321471 0.19083941 0.18804196 0.18455037 0.18621723 0.18998511 0.19045170 0.19588467 0.19539236 0.18246944 0.18415141 0.17490304 0.18727359 0.17993985 0.17246263 0.17389123 0.18660678 0.18429215 0.19553119 0.18949142 0.19041255 0.18797514 0.18253139 0.18610270 0.18918784 0.18641494 0.18240428 0.18360324 0.18838765 0.19502053 0.19176804 0.19186431 0.18457575 0.17609115 0.17641115 0.18653898 0.18873559 0.19280727 0.18779133 0.18288782 0.18216236 0.18171437 0.17397442 0.19015367 0.17999132 0.17972353 0.15727538 0.14767364 0.16003123 0.20215194 0.19630203 0.05979852 0.00000000 0.00000000 0.00000000 0.00000000 0.00000000 0.00000000 0.00000000 0.00000000 0.00000000 0.00000000 0.00000000 0.00000000 0.00000000 0.00000000 0.00000000 0.00000000 0.00000000
0.00000000 0.00000000 0.00000000 0.00000000 0.00000000 0.00000000 0.00000000 0.00000000 0.00000000 0.00000000 0.00000000 0.00000000 0.00000000 0.00000000 0.00000000 0.00000000 0.00000000 0.00000000 0.00000000 0.00000000 0.00000000 0.00000000 0.00000000 0.00000000 0.00000000 0.00000000 0.00000000 0.00000000 0.00000000 0.00000000 0.00000000 0.00000000 0.00000000 0.00000000 0.00000000 0.00000000 0.00000000 0.00000000 0.12662727 0.17129105 0.16867989 0.17347053 0.17782015 0.16930804 0.16484369 0.16522554 0.17824927 0.17452154 0.17619455 0.16826081 0.17857668 0.18169011 0.18566045 0.17986421 0.17840898 0.17679156 0.18114616 0.17872849 0.18036874 0.18611525 0.18552537 0.18367292 0.18938725 0.18555194 0.18335508 0.17787924 0.16890948 0.16597445 0.17078473 0.17551006 0.18505396 0.18398614 0.17812240 0.17592916 0.17419738 0.17424972 0.18093826 0.18155298 0.18958470 0.18747921 0.18736017 0.18910700 0.18190786 0.17733881 0.18978697 0.18207735 0.18226433 0.18000461 0.17643799 0.18845943 0.18369341 0.18374641 0.17871556 0.18012999 0.17420082 0.18026845 0.17214976 0.17448662 0.17282915 0.17275804 0.15176380 0.14074010 0.13383079 0.14278316 0.15792337 0.13590455 0.03190731 0.00000000 0.00000000 0.00000000 0.00000000 0.00000000 0.00000000 0.00000000 0.00000000 0.00000000 0.00000000 0.00000000 0.00000000 0.00000000 0.00000000 0.00000000 0.00000000 0.00000000
0.00000000 0.00000000 0.00000000 0.00000000 0.00000000 0.00000000 0.00000000 0.00000000 0.00000000 0.00000000 0.00000000 0.00000000 0.00000000 0.00000000 0.00000000 0.00000000 0.00000000 0.00000000 0.00000000 0.00000000 0.00000000 0.00000000 0.00000000 0.00000000 0.00000000 0.00000000 0.00000000 0.00000000 0.00000000 0.00000000 0.00000000 0.00000000 0.00000000 0.00000000 0.00000000 0.00941421 0.00000000 0.00000000 0.13727960 0.16633296 0.16793421 0.17214772 0.16699541 0.16956645 0.17406276 0.17587472 0.16827759 0.17058504 0.16999072 0.18823233 0.17667282 0.18055402 0.18355262 0.18162507 0.18573998 0.18790354 0.17648175 0.18073756 0.18127622 0.18266527 0.18060237 0.18520863 0.18054369 0.18208444 0.18565767 0.17466080 0.18555285 0.16828348 0.16946480 0.18468657 0.17970732 0.17985433 0.17598048 0.17554387 0.18369266 0.18751584 0.18620180 0.18115188 0.18655474 0.19020699 0.18376230 0.19047146 0.18965361 0.18651155 0.18481867 0.18328850 0.18249275 0.18383278 0.18470180 0.18406458 0.18224964 0.18317847 0.17445301 0.17301193 0.18382512 0.18288586 0.17951113 0.17503616 0.17445087 0.17015961 0.17954659 0.15366840 0.15117705 0.11739109 0.09582007 0.02645349 0.00000000 0.00000000 0.00000000 0.00000000 0.00000000 0.00000000 0.00000000 0.00000000 0.00000000 0.00000000 0.00000000 0.00000000 0.00000000 0.00000000 0.00000000 0.00000000 0.00000000 0.00000000
0.00000000 0.00000000 0.00000000 0.00000000 0.00000000 0.00000000 0.00000000 0.00000000 0.00000000 0.00000000 0.00000000 0.00000000 0.00000000 0.00000000 0.00000000 0.00000000 0.00000000 0.00000000 0.00000000 0.00000000 0.00000000 0.00000000 0.00000000 0.00000000 0.00000000 0.00000000 0.00000000 0.00000000 0.00000000 0.00000000 0.00000000 0.00000000 0.00000000 0.00000000 0.00000000 0.00000000 0.00000000 0.00000000 0.14982158 0.17292315 0.16770330 0.16695414 0.17004061 0.17915303 0.17935146 0.16642913 0.15973556 0.16292289 0.17561845 0.17991686 0.18928422 0.18521354 0.18554775 0.17359230 0.18502754 0.18018103 0.18840073 0.18892606 0.18926699 0.17590913 0.18062133 0.17425615 0.18129094 0.17548275 0.17598715 0.17981674 0.17692778 0.18223326 0.17402090 0.18456581 0.17444454 0.17922558 0.18286262 0.19343451 0.18699341 0.18254085 0.19148856 0.18368390 0.18795921 0.18628766 0.17299125 0.18280382 0.18337862 0.18338262 0.18710342 0.18358986 0.18297815 0.19336779 0.19104800 0.18677559 0.18190697 0.18570064 0.19163871 0.18659446 0.18076628 0.18082654 0.18119471 0.17765754 0.16923293 0.18267617 0.18196693 0.18637700 0.12586230 0.10856467 0.03181238 0.00000000 0.00000000 0.00000000 0.00000000 0.00000000 0.00000000 0.00000000 0.00000000 0.00000000 0.00000000 0.00000000 0.00000000 0.00000000 0.00000000 0.00000000 0.00000000 0.00000000 0.00000000 0.00000000
0.00000000 0.00000000 0.00000000 0.00000000 0.00000000 0.00000000 0.00000000 0.00000000 0.00000000 0.00000000 0.00000000 0.00000000 0.00000000 0.00000000 0.00000000 0.00000000 0.00000000 0.00000000 0.00000000 0.00000000 0.00000000 0.00000000 0.00000000 0.00000000 0.00000000 0.00000000 0.00000000 0.00000000 0.00000000 0.00000000 0.00000000 0.00000000 0.00000000 0.00000000 0.00000000 0.00000000 0.00000000 0.00000000 0.16233023 0.16901478 0.17179503 0.18092407 0.17720249 0.18608424 0.17109895 0.17911343 0.17631358 0.18587768 0.18887834 0.18202358 0.17621583 0.18742107 0.18824828 0.19180556 0.19310950 0.18909213 0.18785523 0.18932235 0.18803181 0.19296765 0.18674088 0.19011438 0.18559693 0.19462502 0.18628390 0.19508462 0.18758982 0.18181466 0.19036061 0.18783878 0.19257171 0.18458872 0.18907242 0.19076288 0.18955143 0.18523438 0.19362393 0.18559334 0.18295343 0.19218814 0.18221724 0.19080301 0.19117779 0.18500230 0.18658590 0.18632704 0.19472028 0.19417062 0.18982571 0.19005302 0.19854671 0.19583219 0.19296318 0.19283752 0.19281428 0.17611954 0.18345274 0.19105098 0.18155101 0.18365043 0.14968860 0.13228902 0.11019881 0.12016148 0.07725421 0.00268263 0.00000000 0.00000000 0.00000000 0.00000000 0.00000000 0.00000000 0.00000000 0.00000000 0.00000000 0.00000000 0.00000000 0.00000000 0.00000000 0.00000000 0.00000000 0.00000000 0.00000000 0.00000000
0.00000000 0.00000000 0.00000000 0.00000000 0.00000000 0.00000000 0.00000000 0.00000000 0.00000000 0.00000000 0.00000000 0.00000000 0.00000000 0.00000000 0.00000000 0.00000000 0.00000000 0.00000000 0.00000000 0.00000000 0.00000000 0.00000000 0.00000000 0.00000000 0.00000000 0.00000000 0.00000000 0.00000000 0.00000000 0.00000000 0.00000000 0.00000000 0.00000000 0.00000000 0.00000000 0.00000000 0.00000000 0.01443038 0.15894368 0.16237822 0.16651860 0.16406351 0.18010099 0.16839363 0.16860689 0.16567516 0.16842642 0.17131157 0.17673832 0.17818844 0.17596698 0.17821808 0.18234318 0.18060295 0.18292633 0.18579392 0.18495011 0.18804882 0.18731989 0.17998789 0.17887887 0.18025045 0.18877985 0.18807028 0.18305896 0.18175858 0.18966906 0.18321848 0.18133187 0.18387258 0.17690867 0.17797029 0.17949001 0.18374099 0.18594652 0.19106440 0.18481433 0.17562026 0.18046342 0.17911236 0.18347494 0.18542050 0.18250263 0.18886055 0.18415664 0.19115026 0.18664871 0.19220220 0.18880834 0.18973501 0.18336888 0.19416474 0.18174560 0.18870321 0.19337256 0.18532450 0.18472053 0.18028586 0.17635244 0.17200330 0.14757872 0.08957798 0.09396473 0.13218319 0.09103803 0.02869538 0.00000000 0.00000000 0.00000000 0.00000000 0.00000000 0.00000000 0.00000000 0.00000000 0.00000000 0.00000000 0.00000000 0.00000000 0.00000000 0.00000000 0.00000000 0.00000000 0.00000000 0.00000000
0.00000000 0.00000000 0.00000000 0.00000000 0.00000000 0.00000000 0.00000000 0.00000000 0.00000000 0.00000000 0.00000000 0.00000000 0.00000000 0.00000000 0.00000000 0.00000000 0.00000000 0.00000000 0.00000000 0.00000000 0.00000000 0.00000000 0.00000000 0.00000000 0.00000000 0.00000000 0.00000000 0.00000000 0.00000000 0.00000000 0.00000000 0.00000000 0.00000000 0.00000000 0.00675901 0.00000000 0.00000000 0.04828902 0.16447374 0.16914615 0.17141438 0.17011014 0.16801250 0.17504925 0.17630354 0.18730079 0.17303737 0.17179659 0.17279360 0.18370548 0.18779595 0.19107248 0.18934384 0.17930000 0.17855218 0.18368483 0.18271951 0.18262237 0.18606044 0.18542428 0.18876877 0.18789443 0.19877653 0.20216645 0.19047499 0.18956561 0.17980717 0.17755577 0.17499325 0.18762901 0.19527319 0.18231295 0.18214701 0.18249440 0.17772993 0.18198667 0.17985798 0.18083215 0.18493515 0.19314821 0.18229094 0.18843645 0.17982644 0.18124668 0.18651026 0.18893078 0.19055623 0.18866071 0.18758787 0.18818071 0.19262215 0.17989938 0.18683138 0.18749461 0.18665795 0.18330617 0.18665618 0.18160953 0.17186208 0.17810108 0.19189321 0.13521484 0.12055308 0.11984684 0.05853782 0.00000000 0.00000000 0.00000000 0.00000000 0.00000000 0.00000000 0.00000000 0.00000000 0.00000000 0.00000000 0.00000000 0.00000000 0.00000000 0.00000000 0.00000000 0.00000000 0.00000000 0.00000000 0.00000000
0.00000000 0.00000000 0.00000000 0.00000000 0.00000000 0.00000000 0.00000000 0.00000000 0.00000000 0.00000000 0.00000000 0.00000000 0.00000000 0.00000000 0.00000000 0.00000000 0.00000000 0.00000000 0.00000000 0.00000000 0.00000000 0.00000000 0.00000000 0.00000000 0.00000000 0.00000000 0.00000000 0.00000000 0.00000000 0.00000000 0.00000000 0.00000000 0.00000000 0.00000000 0.00962440 0.00000000 0.00000000 0.05740985 0.16600597 0.18109661 0.18354137 0.18574160 0.18415730 0.17516127 0.18168136 0.18955727 0.18724304 0.18241496 0.18281953 0.18237741 0.17723185 0.18086471 0.17868569 0.18162103 0.19128436 0.18922044 0.18838717 0.18693648 0.18901438 0.19551048 0.19776738 0.20094764 0.19051704 0.19401075 0.18167856 0.17458700 0.17457172 0.17612293 0.18350850 0.17947015 0.18538642 0.16961627 0.16888180 0.17833863 0.18690012 0.17287441 0.18345074 0.17604616 0.18096294 0.18820968 0.18397969 0.18443410 0.19860226 0.17736766 0.18427251 0.17701799 0.18287073 0.19746436 0.19284856 0.19369772 0.18236381 0.19040607 0.17512773 0.19102712 0.17511111 0.16997968 0.18124464 0.18315704 0.18869328 0.17797604 0.18477412 0.13576576 0.15488228 0.17826277 0.09065102 0.00000000 0.00000000 0.00000000 0.00000000 0.00000000 0.00000000 0.00000000 0.00000000 0.00000000 0.00000000 0.00000000 0.00000000 0.00000000 0.00000000 0.00000000 0.00000000 0.00000000 0.00000000 0.00000000
0.00000000 0.00000000 0.00000000 0.00000000 0.00000000 0.00000000 0.00000000 0.00000000 0.00000000 0.00000000 0.00000000 0.00000000 0.00000000 0.00000000 0.00000000 0.00000000 0.00000000 0.00000000 0.00000000 0.00000000 0.00000000 0.00000000 0.00000000 0.00000000 0.00000000 0.00000000 0.00000000 0.00000000 0.00000000 0.00000000 0.00000000 0.00000000 0.00000000 0.00000000 0.02288757 0.00000000 0.00000000 0.06346413 0.16847026 0.17167839 0.17425521 0.17105472 0.18710339 0.18515079 0.18442972 0.18090762 0.16924627 0.17783512 0.18096828 0.18296120 0.18066457 0.17920478 0.18897100 0.18476634 0.18995292 0.18311976 0.17863080 0.18682817 0.19109780 0.18823187 0.18486629 0.18222171 0.18587595 0.18815528 0.19250099 0.17671087 0.18593015 0.17979819 0.17886932 0.16446778 0.15811852 0.16040389 0.16700003 0.17984554 0.17719334 0.18334064 0.17350924 0.17819583 0.18072848 0.18418083 0.18210754 0.18118553 0.17930208 0.18314902 0.18533243 0.19056809 0.19075845 0.18380529 0.18601350 0.17453226 0.18738258 0.18084870 0.18435980 0.17762767 0.17346120 0.17373601 0.17293584 0.16915560 0.16761686 0.16855609 0.15764837 0.14949188 0.15121591 0.23467101 0.16588895 0.00000000 0.00000000 0.00000000 0.00000000 0.00000000 0.00000000 0.00000000 0.00000000 0.00000000 0.00000000 0.00000000 0.00000000 0.00000000 0.00000000 0.00000000 0.00000000 0.00000000 0.00000000 0.00000000
0.00000000 0.00000000 0.00000000 0.00000000 0.00000000 0.00000000 0.00000000 0.00000000 0.00000000 0.00000000 0.00000000 0.00000000 0.00000000 0.00000000 0.00000000 0.00000000 0.00000000 0.00000000 0.00000000 0.00000000 0.00000000 0.00000000 0.00000000 0.00000000 0.00000000 0.00000000 0.00000000 0.00000000 0.00000000 0.00000000 0.00000000 0.00000000 0.00000000 0.00000000 0.02543822 0.00000000 0.00000000 0.11377448 0.16502915 0.16877967 0.16656578 0.17466375 0.18106602 0.18373227 0.17881215 0.17659529 0.17627488 0.16573310 0.17256424 0.17325449 0.18013172 0.17912814 0.17322052 0.17050545 0.17038763 0.17520157 0.18021935 0.18458816 0.18391068 0.18400997 0.18808520 0.18369478 0.18353459 0.18325949 0.18380812 0.18811269 0.17657647 0.17268494 0.15388037 0.16171867 0.17352514 0.17784633 0.18428761 0.17802325 0.17482576 0.18296313 0.18332598 0.17674252 0.18271939 0.17717895 0.18252936 0.18404616 0.18090552 0.18251258 0.18611492 0.17956391 0.18719991 0.18341088 0.17943144 0.17808962 0.17719686 0.17075884 0.17221665 0.18060322 0.17208894 0.17531011 0.16045189 0.15854830 0.17112851 0.18500997 0.14986390 0.16632861 0.18468569 0.23891726 0.13582212 0.00000000 0.00000000 0.00000000 0.00000000 0.00000000 0.00000000 0.00000000 0.00000000 0.00000000 0.00000000 0.00000000 0.00000000 0.00000000 0.00000000 0.00000000 0.00000000 0.00000000 0.00000000 0.00000000
0.00000000 0.00000000 0.00000000 0.00000000 0.00000000 0.00000000 0.00000000 0.00000000 0.00000000 0.00000000 0.00000000 0.00000000 0.00000000 0.00000000 0.00000000 0.00000000 0.00000000 0.00000000 0.00000000 0.00000000 0.00000000 0.00000000 0.00000000 0.00000000 0.00000000 0.00000000 0.00000000 0.00000000 0.00000000 0.00000000 0.00000000 0.00000000 0.00000000 0.00000000 0.02431702 0.00000000 0.00000000 0.11611830 0.17355657 0.17341802 0.18283154 0.17532188 0.17795041 0.18333043 0.16996953 0.17615023 0.17660135 0.16877985 0.17191648 0.17223763 0.16679642 0.17163014 0.17024957 0.17185050 0.17715183 0.18394394 0.18717791 0.18224849 0.17728947 0.17758116 0.18753687 0.18568218 0.18408193 0.18247525 0.17878368 0.17656469 0.17402241 0.16550981 0.17212030 0.16951224 0.18109886 0.18414356 0.17205623 0.17368621 0.17373215 0.18593349 0.17900558 0.17918071 0.17376521 0.18809782 0.17837524 0.18661232 0.18160664 0.18229699 0.17551042 0.17828396 0.17071091 0.18576790 0.18259089 0.19143578 0.17960781 0.17427255 0.18694593 0.17883685 0.18011136 0.16710934 0.16583434 0.17676276 0.18758391 0.20201464 0.21253049 0.10366376 0.13847762 0.17985706 0.08805627 0.00000000 0.00000000 0.00000000 0.00000000 0.00000000 0.00000000 0.00000000 0.00000000 0.00000000 0.00000000 0.00000000 0.00000000 0.00000000 0.00000000 0.00000000 0.00000000 0.00000000 0.00000000 0.00000000
0.00000000 0.00000000 0.00000000 0.00000000 0.00000000 0.00000000 0.00000000 0.00000000 0.00000000 0.00000000 0.00000000 0.00000000 0.00000000 0.00000000 0.00000000 0.00000000 0.00000000 0.00000000 0.00000000 0.00000000 0.00000000 0.00000000 0.00000000 0.00000000 0.00000000 0.00000000 0.00000000 0.00000000 0.00000000 0.00000000 0.00000000 0.00000000 0.00000000 0.00000000 0.00691482 0.00000000 0.00000000 0.09877598 0.17925218 0.17467469 0.17424917 0.17376462 0.17482126 0.18184462 0.17871608 0.18252580 0.17734735 0.17139918 0.17371395 0.17793275 0.17307208 0.17268726 0.17989038 0.18097910 0.18342593 0.18052343 0.17613079 0.17975084 0.18280341 0.18133609 0.17588031 0.17774296 0.17597541 0.18363324 0.18597817 0.18655376 0.17903265 0.18417539 0.18716063 0.18711735 0.17701820 0.17561698 0.17281766 0.18660325 0.19077824 0.18868968 0.18731999 0.17520846 0.18532798 0.18336782 0.18194866 0.17823082 0.18576078 0.18129897 0.19352154 0.18924147 0.19011119 0.18914312 0.18985735 0.18549505 0.18590304 0.18551901 0.19369735 0.17897743 0.17396301 0.17339715 0.17773844 0.18687041 0.17838308 0.17140993 0.19141111 0.14777744 0.10851821 0.17681701 0.07245384 0.00000000 0.00000000 0.00000000 0.00000000 0.00000000 0.00000000 0.00000000 0.00000000 0.00000000 0.00000000 0.00000000 0.00000000 0.00000000 0.00000000 0.00000000 0.00000000 0.00000000 0.00000000 0.00000000
0.00000000 0.00000000 0.00000000 0.00000000 0.00000000 0.00000000 0.00000000 0.00000000 0.00000000 0.00000000 0.00000000 0.00000000 0.00000000 0.00000000 0.00000000 0.00000000 0.00000000 0.00000000 0.00000000 0.00000000 0.00000000 0.00000000 0.00000000 0.00000000 0.00000000 0.00000000 0.00000000 0.00000000 0.00000000 0.00000000 0.00000000 0.00000000 0.00000000 0.00000000 0.00294367 0.00000000 0.00000000 0.09108193 0.17219749 0.17970960 0.17537083 0.18415806 0.18873741 0.19218640 0.18632208 0.18654847 0.17573819 0.18422347 0.18667148 0.18527962 0.19206263 0.19052099 0.19027367 0.18130957 0.17643067 0.17886305 0.17766413 0.18018553 0.17928785 0.18093753 0.18195543 0.19118720 0.19215928 0.18778414 0.19088256 0.18907692 0.19392313 0.19893010 0.19139197 0.18021749 0.17866984 0.17506957 0.18532550 0.18811023 0.19376162 0.19326936 0.19259991 0.18352610 0.18641929 0.18823336 0.17987871 0.18773469 0.19083741 0.19124210 0.18357211 0.19233379 0.18763039 0.19157220 0.18478593 0.18049018 0.17749399 0.18764640 0.18700042 0.18288764 0.18301116 0.19166674 0.19506335 0.18343779 0.17755359 0.18020704 0.15373707 0.16552493 0.18934698 0.26950338 0.18372752 0.00000000 0.00000000 0.00000000 0.00000000 0.00000000 0.00000000 0.00000000 0.00000000 0.00000000 0.00000000 0.00000000 0.00000000 0.00000000 0.00000000 0.00000000 0.00000000 0.00000000 0.00000000 0.00000000
0.00000000 0.00000000 0.00000000 0.00000000 0.00000000 0.00000000 0.00000000 0.00000000 0.00000000 0.00000000 0.00000000 0.00000000 0.00000000 0.00000000 0.00000000 0.00000000 0.00000000 0.00000000 0.00000000 0.00000000 0.00000000 0.00000000 0.00000000 0.00000000 0.00000000 0.00000000 0.00000000 0.00000000 0.00000000 0.00000000 0.00000000 0.00000000 0.00000000 0.00000000 0.00000000 0.00000000 0.00000000 0.06772831 0.17624265 0.17351711 0.18204959 0.18662278 0.18960984 0.18968117 0.18193524 0.18429604 0.18493658 0.18172494 0.18134479 0.17440611 0.17328566 0.17786881 0.18304649 0.17620069 0.17597207 0.17219955 0.18051365 0.18290311 0.18256781 0.17826119 0.17599210 0.18053037 0.17861456 0.18135266 0.18038981 0.18701500 0.18914275 0.19179517 0.17936194 0.18767439 0.17560305 0.19021046 0.19025172 0.18774606 0.18411952 0.18436985 0.19445634 0.18876714 0.18761484 0.18077709 0.17991750 0.18357858 0.18767990 0.18928653 0.19568810 0.18681951 0.19309817 0.18405417 0.18982968 0.18783937 0.18982519 0.19733149 0.18026417 0.17751944 0.18344605 0.19045776 0.19238807 0.18388903 0.18847869 0.18299894 0.19164467 0.16134319 0.16281983 0.25479418 0.16186175 0.00000000 0.00000000 0.00000000 0.00000000 0.00000000 0.00000000 0.00000000 0.00000000 0.00000000 0.00000000 0.00000000 0.00000000 0.00000000 0.00000000 0.00000000 0.00000000 0.00000000 0.00000000 0.00000000
0.00000000 0.00000000 0.00000000 0.00000000 0.00000000 0.00000000 0.00000000 0.00000000 0.00000000 0.00000000 0.00000000 0.00000000 0.00000000 0.00000000 0.00000000 0.00000000 0.00000000 0.00000000 0.00000000 0.00000000 0.00000000 0.00000000 0.00000000 0.00000000 0.00000000 0.00000000 0.00000000 0.00000000 0.00000000 0.00000000 0.00000000 0.00000000 0.00000000 0.00000000 0.00000000 0.00000000 0.00000000 0.01537923 0.16825633 0.17528844 0.17538366 0.17353578 0.17391127 0.17781159 0.18133083 0.18048914 0.18268445 0.17803368 0.17834175 0.17493951 0.16999751 0.17256948 0.17082986 0.18034038 0.18144529 0.18358035 0.17811432 0.16907196 0.16961005 0.16897237 0.17395175 0.16896823 0.16522186 0.17530267 0.17981295 0.17080766 0.17712185 0.16028486 0.16027185 0.17351115 0.17894365 0.17638755 0.17492925 0.17165112 0.16794734 0.17422470 0.17394039 0.17486048 0.18152934 0.18363170 0.17968057 0.18361302 0.18128215 0.18215218 0.18336013 0.18210980 0.17617318 0.18523534 0.18729880 0.19085492 0.18090916 0.17831859 0.17109066 0.17076088 0.16718343 0.18455763 0.17457183 0.17406556 0.16532835 0.16654316 0.14715838 0.15328033 0.15846696 0.21817049 0.11200701 0.00000000 0.00000000 0.00000000 0.00000000 0.00000000 0.00000000 0.00000000 0.00000000 0.00000000 0.00000000 0.00000000 0.00000000 0.00000000 0.00000000 0.00000000 0.00000000 0.00000000 0.00000000 0.00000000
0.00000000 0.00000000 0.00000000 0.00000000 0.00000000 0.00000000 0.00000000 0.00000000 0.00000000 0.00000000 0.00000000 0.00000000 0.00000000 0.00000000 0.00000000 0.00000000 0.00000000 0.00000000 0.00000000 0.00000000 0.00000000 0.00000000 0.00000000 0.00000000 0.00000000 0.00000000 0.00000000 0.00000000 0.00000000 0.00000000 0.00000000 0.00000000 0.00000000 0.00000000 0.00000000 0.00000000 0.00000000 0.00000000 0.14585669 0.17539133 0.17490686 0.17811599 0.17400555 0.17352402 0.18043740 0.18663113 0.18263024 0.17011213 0.16730617 0.16365509 0.17526515 0.18221338 0.18080662 0.17641963 0.17939942 0.18024103 0.17450857 0.17681155 0.17643808 0.17666650 0.17456394 0.17607781 0.17144813 0.17916955 0.18245555 0.16869655 0.16393617 0.16440356 0.16542801 0.16531336 0.17662930 0.16569063 0.16408311 0.16822749 0.17206141 0.18741560 0.19046818 0.17795165 0.17791080 0.18348284 0.18646313 0.18739052 0.18101834 0.16702527 0.16845395 0.17321485 0.18315998 0.18904458 0.18304348 0.17641267 0.16910927 0.16414261 0.16461435 0.17097345 0.17130977 0.17954707 0.17127326 0.16160214 0.16282883 0.16136536 0.20781963 0.13521925 0.15655868 0.17868671 0.10792436 0.00000000 0.00000000 0.00000000 0.00000000 0.00000000 0.00000000 0.00000000 0.00000000 0.00000000 0.00000000 0.00000000 0.00000000 0.00000000 0.00000000 0.00000000 0.00000000 0.00000000 0.00000000 0.00000000
0.00000000 0.00000000 0.00000000 0.00000000 0.00000000 0.00000000 0.00000000 0.00000000 0.00000000 0.00000000 0.00000000 0.00000000 0.00000000 0.00000000 0.00000000 0.00000000 0.00000000 0.00000000 0.00000000 0.00000000 0.00000000 0.00000000 0.00000000 0.00000000 0.00000000 0.00000000 0.00000000 0.00000000 0.00000000 0.00000000 0.00000000 0.00000000 0.00000000 0.00000000 0.00000000 0.00000000 0.00000000 0.00000000 0.10158294 0.15888348 0.15958810 0.15386298 0.16173208 0.16252139 0.16615194 0.16408832 0.15395421 0.16894527 0.16823313 0.17480305 0.16890398 0.16974211 0.17637420 0.17125349 0.17673166 0.17195025 0.16528645 0.17594129 0.17952439 0.17862844 0.17224973 0.17263441 0.17585072 0.17279992 0.16191491 0.16087914 0.15133576 0.16502869 0.16442883 0.14740191 0.15597899 0.15433253 0.16044146 0.16730206 0.16872397 0.16088206 0.16907340 0.16571760 0.16559762 0.17425503 0.16619363 0.16920266 0.16976209 0.16130209 0.16524518 0.17386179 0.17371210 0.17974545 0.16370010 0.16430715 0.16976508 0.18572477 0.19622572 0.17392433 0.16566125 0.16805941 0.17078286 0.15897821 0.15744266 0.14987926 0.13286611 0.13866797 0.11794517 0.13314950 0.02605895 0.00000000 0.00000000 0.00000000 0.00000000 0.00000000 0.00000000 0.00000000 0.00000000 0.00000000 0.00000000 0.00000000 0.00000000 0.00000000 0.00000000 0.00000000 0.00000000 0.00000000 0.00000000 0.00000000
0.00000000 0.00000000 0.00000000 0.00000000 0.00000000 0.00000000 0.00000000 0.00000000 0.00000000 0.00000000 0.00000000 0.00000000 0.00000000 0.00000000 0.00000000 0.00000000 0.00000000 0.00000000 0.00000000 0.00000000 0.00000000 0.00000000 0.00000000 0.00000000 0.00000000 0.00000000 0.00000000 0.00000000 0.00000000 0.00000000 0.00000000 0.00000000 0.00000000 0.00000000 0.00000000 0.00000000 0.00000000 0.00000000 0.01253048 0.14200906 0.15225165 0.15812929 0.15835592 0.16647376 0.16612712 0.17242596 0.16815725 0.16646972 0.17255449 0.17016596 0.17318434 0.17487043 0.16849744 0.16433790 0.16381279 0.16932029 0.17097384 0.16915408 0.16863233 0.16825801 0.17072859 0.17079477 0.16765013 0.15130964 0.15962647 0.16339117 0.17642073 0.18313102 0.16908821 0.17080837 0.16303968 0.16325313 0.17279580 0.17428643 0.17212485 0.16081735 0.16369343 0.15538096 0.16762766 0.16651887 0.16458017 0.15686631 0.16218811 0.16141266 0.17543343 0.17309217 0.17461227 0.15987414 0.17011082 0.16957241 0.17825946 0.17301960 0.17211674 0.15995350 0.16268608 0.16269433 0.15542579 0.15652576 0.15006796 0.14719531 0.12160002 0.08173791 0.12917027 0.09718740 0.03645190 0.00000000 0.00000000 0.00000000 0.00000000 0.00000000 0.00000000 0.00000000 0.00000000 0.00000000 0.00000000 0.00000000 0.00000000 0.00000000 0.00000000 0.00000000 0.00000000 0.00000000 0.00000000 0.00000000
0.00000000 0.00000000 0.00000000 0.00000000 0.00000000 0.00000000 0.00000000 0.00000000 0.00000000 0.00000000 0.00000000 0.00000000 0.00000000 0.00000000 0.00000000 0.00000000 0.00000000 0.00000000 0.00000000 0.00000000 0.00000000 0.00000000 0.00000000 0.00000000 0.00000000 0.00000000 0.00000000 0.00000000 0.00000000 0.00000000 0.00000000 0.00000000 0.00000000 0.00000000 0.00000000 0.00000000 0.00000000 0.00000000 0.00000000 0.13679671 0.17691579 0.18160884 0.19024616 0.18247984 0.17395225 0.17734590 0.18614949 0.18572180 0.19211422 0.18468659 0.17676561 0.19006953 0.18837152 0.18172190 0.18211454 0.18320554 0.19024524 0.18584798 0.18897733 0.18984085 0.18932027 0.19213234 0.18715505 0.18615386 0.19656779 0.19111291 0.19899814 0.19843319 0.18767549 0.18709776 0.17971875 0.17921084 0.18532433 0.18531172 0.18251356 0.17900276 0.18374279 0.18384445 0.17331554 0.17694709 0.17962228 0.19493228 0.19216949 0.19159092 0.18116900 0.18498655 0.18176010 0.18723285 0.17635655 0.18836197 0.18834262 0.19881217 0.18520582 0.18605067 0.18699704 0.18479371 0.18346037 0.17254245 0.16511866 0.14697972 0.15288527 0.13029230 0.10267740 0.03320196 0.00000000 0.00000000 0.00000000 0.00000000 0.00000000 0.00000000 0.00000000 0.00000000 0.00000000 0.00000000 0.00000000 0.00000000 0.00000000 0.00000000 0.00000000 0.00000000 0.00000000 0.00000000 0.00000000 0.00000000
0.00000000 0.00000000 0.00000000 0.00000000 0.00000000 0.00000000 0.00000000 0.00000000 0.00000000 0.00000000 0.00000000 0.00000000 0.00000000 0.00000000 0.00000000 0.00000000 0.00000000 0.00000000 0.00000000 0.00000000 0.00000000 0.00000000 0.00000000 0.00000000 0.00000000 0.00000000 0.00000000 0.00000000 0.00000000 0.00000000 0.00000000 0.00000000 0.00000000 0.00000000 0.00000000 0.00000000 0.00000000 0.00000000 0.00000000 0.09970558 0.18506761 0.18106943 0.19071354 0.18485074 0.18751244 0.19459121 0.19146086 0.19617090 0.20447178 0.20705178 0.20194000 0.19368207 0.19521844 0.19486281 0.19686639 0.21038394 0.19143441 0.19682772 0.18991850 0.19070497 0.19578601 0.19431646 0.19385904 0.20209917 0.20048466 0.19000952 0.18303850 0.18388663 0.20493200 0.20092626 0.19786046 0.18476006 0.18190892 0.18703058 0.18652038 0.19212982 0.19723944 0.19652805 0.19189137 0.18883723 0.19439624 0.19528808 0.20244354 0.18752927 0.18850815 0.18619750 0.19093195 0.19319129 0.19552179 0.19293059 0.20185150 0.19786321 0.19424966 0.19493446 0.19208896 0.18668029 0.18821956 0.18669473 0.18125632 0.18002623 0.09189804 0.12134495 0.07807919 0.02488065 0.00000000 0.00000000 0.00000000 0.00000000 0.00000000 0.00000000 0.00000000 0.00000000 0.00000000 0.00000000 0.00000000 0.00000000 0.00000000 0.00000000 0.00000000 0.00000000 0.00000000 0.00000000 0.00000000 0.00000000
0.00000000 0.00000000 0.00000000 0.00000000 0.00000000 0.00000000 0.00000000 0.00000000 0.00000000 0.00000000 0.00000000 0.00000000 0.00000000 0.00000000 0.00000000 0.00000000 0.00000000 0.00000000 0.00000000 0.00000000 0.00000000 0.00000000 0.00000000 0.00000000 0.00000000 0.00000000 0.00000000 0.00000000 0.00000000 0.00000000 0.00000000 0.00000000 0.00000000 0.00000000 0.00000000 0.00000000 0.00000000 0.00000000 0.00000000 0.00400882 0.15590507 0.17578653 0.18562584 0.18631656 0.19188619 0.19842903 0.18839578 0.19113208 0.18960783 0.18820687 0.18567070 0.18290178 0.18903889 0.17987782 0.17682900 0.17716256 0.18185352 0.17853890 0.18506002 0.17631003 0.17746159 0.17890695 0.18296777 0.18861453 0.18443620 0.18184179 0.18191658 0.17774481 0.18019973 0.18166576 0.18056057 0.17832616 0.17558753 0.18168740 0.18101344 0.18674873 0.19050473 0.18518607 0.18340765 0.18613690 0.18380946 0.18466477 0.18712066 0.18553969 0.17941055 0.18849146 0.19280696 0.19391921 0.19116323 0.17879400 0.18640311 0.18834031 0.17548345 0.17986031 0.17903484 0.18396731 0.18262103 0.17557621 0.15732262 0.14291850 0.09845062 0.07546839 0.04792848 0.00000000 0.00000000 0.00000000 0.00000000 0.00000000 0.00000000 0.00000000 0.00000000 0.00000000 0.00000000 0.00000000 0.00000000 0.00000000 0.00000000 0.00000000 0.00000000 0.00000000 0.00000000 0.00000000 0.00000000 0.00000000
0.00000000 0.00000000 0.00000000 0.00000000 0.00000000 0.00000000 0.00000000 0.00000000 0.00000000 0.00000000 0.00000000 0.00000000 0.00000000 0.00000000 0.00000000 0.00000000 0.00000000 0.00000000 0.00000000 0.00000000 0.00000000 0.00000000 0.00000000 0.00000000 0.00000000 0.00000000 0.00000000 0.00000000 0.00000000 0.00000000 0.00000000 0.00000000 0.00000000 0.00000000 0.00000000 0.00000000 0.00000000 0.00000000 0.00000000 0.00000000 0.08340012 0.17973937 0.18755758 0.18480983 0.18345536 0.17920285 0.18544397 0.17624663 0.18189415 0.17502692 0.17725608 0.18151341 0.19023502 0.18359855 0.18837710 0.17838460 0.18289398 0.18589686 0.18320949 0.18867369 0.18565875 0.18488772 0.18286228 0.18214154 0.18086918 0.18453167 0.18326297 0.18998216 0.17820255 0.17877394 0.17589402 0.16914684 0.18210053 0.18166639 0.18834913 0.17872766 0.18108715 0.19228114 0.18054567 0.18141469 0.17608687 0.18401614 0.18486446 0.18498485 0.18404423 0.18543936 0.18596439 0.19201261 0.18989396 0.18169747 0.18096848 0.17899969 0.19052914 0.18549220 0.19332753 0.18518899 0.17334542 0.17241307 0.14165229 0.09565240 0.09446147 0.11076924 0.05851246 0.03400964 0.00000000 0.00000000 0.00000000 0.00000000 0.00000000 0.00000000 0.00000000 0.00000000 0.00000000 0.00000000 0.00000000 0.00000000 0.00000000 0.00000000 0.00000000 0.00000000 0.00000000 0.00000000 0.00000000 0.00000000
0.00000000 0.00000000 0.00000000 0.00000000 0.00000000 0.03106892 0.00000000 0.00000000 0.00000000 0.02213394 0.00289742 0.00000000 0.00000000 0.00000000 0.00000000 0.00000000 0.00000000 0.00000000 0.00000000 0.00000000 0.00000000 0.00000000 0.00000000 0.00000000 0.02656281 0.05154889 0.05943067 0.05015062 0.04762432 0.06459759 0.10392244 0.08248533 0.00873174 0.00000000 0.01503916 0.00274390 0.00000000 0.00000000 0.00000000 0.00000000 0.00000000 0.13643597 0.17612758 0.18212932 0.17225116 0.17657728 0.18113473 0.18335462 0.18180072 0.18757057 0.18694592 0.19468699 0.18877250 0.18785538 0.19098374 0.19098438 0.19186904 0.18661967 0.18042174 0.18675558 0.18741609 0.19353595 0.18387684 0.18553296 0.18726134 0.18999441 0.19200411 0.18380518 0.18446749 0.18258673 0.17595227 0.16739354 0.16327795 0.17900537 0.17884564 0.18642256 0.17888333 0.18534423 0.18569051 0.18674281 0.18557803 0.18723503 0.18520644 0.18230763 0.18350510 0.18911584 0.18457317 0.19083098 0.17989878 0.18030739 0.18024680 0.17959103 0.18212086 0.18306720 0.17158926 0.18392910 0.17907712 0.17179176 0.18977198 0.10036002 0.08750940 0.05428622 0.01079453 0.00000000 0.00000000 0.00000000 0.00000000 0.00000000 0.00000000 0.00000000 0.00000000 0.00000000 0.00000000 0.00000000 0.00000000 0.00000000 0.00000000 0.00000000 0.00000000 0.00000000 0.00000000 0.00000000 0.00000000 0.00000000
0.00000000 0.00000000 0.00000000 0.04446746 0.01745894 0.00000000 0.07056165 0.13287029 0.15970823 0.18490016 0.14827444 0.05088145 0.00000000 0.00000000 0.00000000 0.00000000 0.00000000 0.00000000 0.00000000 0.00758234 0.00000000 0.02850769 0.05942002 0.05985042 0.09033778 0.14695619 0.19402397 0.29938370 0.35803452 0.36339891 0.28325224 0.27129653 0.30940866 0.30673537 0.23435463 0.11981370 0.08336192 0.00000000 0.00000000 0.00000000 0.00000000 0.05431965 0.16188039 0.18104975 0.17102276 0.17884544 0.17796907 0.17794397 0.17975840 0.18018581 0.18253440 0.17691323 0.17855325 0.17856202 0.17804769 0.17792228 0.18072359 0.17792307 0.18316425 0.18072873 0.18424709 0.17848936 0.18884979 0.17855641 0.19146293 0.18294178 0.18345144 0.18134329 0.17217122 0.17936964 0.17315349 0.16718873 0.17061788 0.17570007 0.16897556 0.16491523 0.17758778 0.17339215 0.17745119 0.17555267 0.17813379 0.18548580 0.17914931 0.17672300 0.17941685 0.18121980 0.17440222 0.17494202 0.17947325 0.17982353 0.16703111 0.17917374 0.17154720 0.17935506 0.18267392 0.17936553 0.18321188 0.17253697 0.13234422 0.08982483 0.08671428 0.04742044 0.00000000 0.00000000 0.00000000 0.00000000 0.00000000 0.00000000 0.00000000 0.00000000 0.00000000 0.00000000 0.00000000 0.00000000 0.00000000 0.00000000 0.00000000 0.00000000 0.00000000 0.00000000 0.00000000 0.00000000 0.00000000 0.00000000
0.00000000 0.01712870 0.01057113 0.00000000 0.00000000 0.06356048 0.28300220 0.55045760 0.60430777 0.50078201 0.37324262 0.16036478 0.03781514 0.00905889 0.00184100 0.00549764 0.02268888 0.01822676 0.00871704 0.00549488 0.07053409 0.07477580 0.21070047 0.30645648 0.43203154 0.51543862 0.54003561 0.55693924 0.56960487 0.57530653 0.59341538 0.54266912 0.53383660 0.57260287 0.65941668 0.51966453 0.28499061 0.12705266 0.00000000 0.00000000 0.00000000 0.00000000 0.10868686 0.16741034 0.16543812 0.17121500 0.16851170 0.17766906 0.17222263 0.17713064 0.16711983 0.17462735 0.17724586 0.17645054 0.17120053 0.17442372 0.16807289 0.17669478 0.17716661 0.18152550 0.17702121 0.17135009 0.16832234 0.18262398 0.17990777 0.17788860 0.17418796 0.16737887 0.16797775 0.16914307 0.17431757 0.15731652 0.16718382 0.16905713 0.16193286 0.16770020 0.17637232 0.17764130 0.17706119 0.17157733 0.17009436 0.17042539 0.18225896 0.17677677 0.17807189 0.17233114 0.17514947 0.17169806 0.17622703 0.17543176 0.16366163 0.17936353 0.17034855 0.17730758 0.18936856 0.18442325 0.17519188 0.17321968 0.12610972 0.05845594 0.09558129 0.07306018 0.02829322 0.00000000 0.00000000 0.00000000 0.00000000 0.00000000 0.00000000 0.00000000 0.00000000 0.00000000 0.00000000 0.00000000 0.00000000 0.00000000 0.00000000 0.00000000 0.00000000 0.00000000 0.00000000 0.00000000 0.00000000 0.00000000
0.00000000 0.00000000 0.00000000 0.00000000 0.19988206 0.59077370 0.66969073 0.54701746 0.52971363 0.47242340 0.50453115 0.39269871 0.24372354 0.19358861 0.12649351 0.04295775 0.00000000 0.00457264 0.11950686 0.24959518 0.41379318 0.57595503 0.61319482 0.66129661 0.63732171 0.64115357 0.58782542 0.47493044 0.36820549 0.35242784 0.43205813 0.53157169 0.50526273 0.40699452 0.36448267 0.54022652 0.62619424 0.46468213 0.26906538 0.09987058 0.00000000 0.00000000 0.05116900 0.16386782 0.17358086 0.16700761 0.16640985 0.16714431 0.17411311 0.17321613 0.17967685 0.17872214 0.17220971 0.16627228 0.17404932 0.17472839 0.18517464 0.17835240 0.17161791 0.17069261 0.17195255 0.17869024 0.18344320 0.17071991 0.17861322 0.17330520 0.17797679 0.17995408 0.17003849 0.17667809 0.16633020 0.15656349 0.17013693 0.16260108 0.16539356 0.16874215 0.17675903 0.17061546 0.16906865 0.17305487 0.17250888 0.17828318 0.16744837 0.16784558 0.17376922 0.18127538 0.17715895 0.17332941 0.17644645 0.16593790 0.16686121 0.16565531 0.17511842 0.17885458 0.17984819 0.17153139 0.17516875 0.15413371 0.13649079 0.09716971 0.10666651 0.10150643 0.00803268 0.00000000 0.00000000 0.00000000 0.00000000 0.00000000 0.00000000 0.00000000 0.00000000 0.00000000 0.00000000 0.00000000 0.00000000 0.00000000 0.00000000 0.00000000 0.00000000 0.00000000 0.00000000 0.00000000 0.00000000 0.00000000
0.00000000 0.00000000 0.06594473 0.20876093 0.54195052 0.54790521 0.37017915 0.15350549 0.00000000 0.12152093 0.28900313 0.52556407 0.52912641 0.35438797 0.18946372 0.14916763 0.25723311 0.44356608 0.58701098 0.68238592 0.67446864 0.63266206 0.54318005 0.37920684 0.23594312 0.10841906 0.08645486 0.11242341 0.15523750 0.17359404 0.16300276 0.14075670 0.14611673 0.15005678 0.11943825 0.08778867 0.21727751 0.48794380 0.52410877 0.35303444 0.11894806 0.00106080 0.07415550 0.18502070 0.17010370 0.16421816 0.16741461 0.16889025 0.17341739 0.17023161 0.16768929 0.17762721 0.17074159 0.17399287 0.17410353 0.17257047 0.17684536 0.17555328 0.17129397 0.17964666 0.16992520 0.17159715 0.17366776 0.17866895 0.17372306 0.17394370 0.17698982 0.17306703 0.16927221 0.17800564 0.15977943 0.15922348 0.16939789 0.18003108 0.17453253 0.17669296 0.17894705 0.17480585 0.16635247 0.17331025 0.17394018 0.18600839 0.18657388 0.16437531 0.17342499 0.17922656 0.17901921 0.17053068 0.17055537 0.17715132 0.17625019 0.17248577 0.17861626 0.18418536 0.17067009 0.16910121 0.17232308 0.16097511 0.10731263 0.11368374 0.14617282 0.13506871 0.02484163 0.00000000 0.00000000 0.00000000 0.00000000 0.00000000 0.00000000 0.00000000 0.00000000 0.00000000 0.00000000 0.00000000 0.00000000 0.00000000 0.00000000 0.00000000 0.00000000 0.00000000 0.00000000 0.00000000 0.00000000 0.00000000
0.00000000 0.08954066 0.15291390 0.28011477 0.30502418 0.11648928 0.01324514 0.14317167 0.23340602 0.23348580 0.26271713 0.29739928 0.36507750 0.45277917 0.53880119 0.61246204 0.69825113 0.70999849 0.62034297 0.44038668 0.24938707 0.09005730 0.03170900 0.05006851 0.06728031 0.14676043 0.15331256 0.16258517 0.18021134 0.18542492 0.18490924 0.17782763 0.17817467 0.21363074 0.28539023 0.28313369 0.14507778 0.09971327 0.22425427 0.38642094 0.43113312 0.26245928 0.17266279 0.16743536 0.17713830 0.18259820 0.18024969 0.18003327 0.17651692 0.17714566 0.17858408 0.17203566 0.18777597 0.18080555 0.18664244 0.18375023 0.17619309 0.18563846 0.18068948 0.17672372 0.19683057 0.18510066 0.17994741 0.18001048 0.18298140 0.17758852 0.18578497 0.17986420 0.17167234 0.18195696 0.17796052 0.18738388 0.18359169 0.18195492 0.17360546 0.17865855 0.18383402 0.17640254 0.17690052 0.18645562 0.18417189 0.18158846 0.17932758 0.17581677 0.18057965 0.17988698 0.17407119 0.17900884 0.18422572 0.19702992 0.17176490 0.16382951 0.17231177 0.17640644 0.18924429 0.16921967 0.16294312 0.16417119 0.13456066 0.10164492 0.11500089 0.08915623 0.00000000 0.00000000 0.00000000 0.00000000 0.00000000 0.00000000 0.00000000 0.00000000 0.00000000 0.00000000 0.00000000 0.00000000 0.00000000 0.00000000 0.00000000 0.00000000 0.00000000 0.00000000 0.00000000 0.00000000 0.00000000 0.00000000
0.00040821 0.11379360 0.07812468 0.14656150 0.13335682 0.05943380 0.15864927 0.17947592 0.24069472 0.27323854 0.26030838 0.25961000 0.26281723 0.41521987 0.57135475 0.60311675 0.44859666 0.22718078 0.07688747 0.03792077 0.05942676 0.12662777 0.14946327 0.17200342 0.17577702 0.17146540 0.17455029 0.17496708 0.17317328 0.17441654 0.17062983 0.17596941 0.18016186 0.17328611 0.18427058 0.23643939 0.28464514 0.21897240 0.16176575 0.25088465 0.30891842 0.35910052 0.25430155 0.18077986 0.17262213 0.17906751 0.18361446 0.18053728 0.18295415 0.18356417 0.17976572 0.18254478 0.17746621 0.17617591 0.17880493 0.18266544 0.18445519 0.18974069 0.18378168 0.17840526 0.17806937 0.18096957 0.18171732 0.18190642 0.18121487 0.18532218 0.18016888 0.17989665 0.18220729 0.17249939 0.19052379 0.17817408 0.18552837 0.18839969 0.17751607 0.18132542 0.18874045 0.18577498 0.18579577 0.18122175 0.18124636 0.18348828 0.17981002 0.17775026 0.18145737 0.18611953 0.19147234 0.18422931 0.18416387 0.18966366 0.17530020 0.16572638 0.16235115 0.16856085 0.17989956 0.18401925 0.13739058 0.13388336 0.12370943 0.09081694 0.05351444 0.05141918 0.00000000 0.00000000 0.00000000 0.00000000 0.00000000 0.00000000 0.00000000 0.00000000 0.00000000 0.00000000 0.00000000 0.00000000 0.00000000 0.00000000 0.00000000 0.00000000 0.00000000 0.00000000 0.00000000 0.00000000 0.00000000 0.00000000
0.05827646 0.05306045 0.02127598 0.06298457 0.06017068 0.15492094 0.17173915 0.17570543 0.17448965 0.19825116 0.22647984 0.25973725 0.29265994 0.25613636 0.17360026 0.07321154 0.02007390 0.04428715 0.11195382 0.15009230 0.17140575 0.16966051 0.17664625 0.16762491 0.17064103 0.16883075 0.16625428 0.17027062 0.17128292 0.17295384 0.17812766 0.17221774 0.17849563 0.17614494 0.17282200 0.15654367 0.19721445 0.25343299 0.24906962 0.18944681 0.15627556 0.08062079 0.10763495 0.18611805 0.18157116 0.16895682 0.17152397 0.17003746 0.16995168 0.17700438 0.16200194 0.17322636 0.17686968 0.16962099 0.17586955 0.16716737 0.17255640 0.17003703 0.16930562 0.18153605 0.17502341 0.17692143 0.17173809 0.17126361 0.17735702 0.17983350 0.16766381 0.17863679 0.18067935 0.18041708 0.18301155 0.17190045 0.17242275 0.17957620 0.17178331 0.17779528 0.17818339 0.18485865 0.17450352 0.17716463 0.16741982 0.17884350 0.18083012 0.18020302 0.17615998 0.17707941 0.17353556 0.17838496 0.17216368 0.17473644 0.17192513 0.16144708 0.15927666 0.16419417 0.15012410 0.16637403 0.14983869 0.08192163 0.05118344 0.00000000 0.00000000 0.00762402 0.00000000 0.00000000 0.00000000 0.00000000 0.00000000 0.00000000 0.00000000 0.00000000 0.00000000 0.00000000 0.00000000 0.00000000 0.00000000 0.00000000 0.00000000 0.00000000 0.00000000 0.00000000 0.00000000 0.00000000 0.00000000 0.00000000
0.03537093 0.04221753 0.03402440 0.03656851 0.13354613 0.16497150 0.16406512 0.16173510 0.16474061 0.16502064 0.17036887 0.17814162 0.18408406 0.17118703 0.15370736 0.13656494 0.15131855 0.16998579 0.17153944 0.17052883 0.17108166 0.17377633 0.16999722 0.17148012 0.16926953 0.17333764 0.17257220 0.17707224 0.16713871 0.17091390 0.16959158 0.16770557 0.16686040 0.16741496 0.17469227 0.16957417 0.16376030 0.17610902 0.19393103 0.18330875 0.17553481 0.15214676 0.12780869 0.16658720 0.16663428 0.17225784 0.17125395 0.17707013 0.16746151 0.16544509 0.16920060 0.16999578 0.18128848 0.17526409 0.17385243 0.17634800 0.17383844 0.17956202 0.17543286 0.16579494 0.16979325 0.16746828 0.16886023 0.16668808 0.16730785 0.17031619 0.17442396 0.18379307 0.17728609 0.17332146 0.16840109 0.16349998 0.17906317 0.18601665 0.18060754 0.17832808 0.17800286 0.17278641 0.16949844 0.17360809 0.18909480 0.18693885 0.19163027 0.17322096 0.17315231 0.17397365 0.17660391 0.18464446 0.18520340 0.18743007 0.18689905 0.15254162 0.14264324 0.14294308 0.14176823 0.11968546 0.08555392 0.01093306 0.00000000 0.00000000 0.00000000 0.00000000 0.00000000 0.00000000 0.00000000 0.00000000 0.00000000 0.00000000 0.00000000 0.00000000 0.00000000 0.00000000 0.00000000 0.00000000 0.00000000 0.00000000 0.00000000 0.00000000 0.00000000 0.00000000 0.00000000 0.00000000 0.00000000 0.00000000
0.01801636 0.02744204 0.00000000 0.00000000 0.13086256 0.15838745 0.15913992 0.15536910 0.15529338 0.16471405 0.16243245 0.16197160 0.16521683 0.16021836 0.16550496 0.16975695 0.17018339 0.16982111 0.16454706 0.17037988 0.16747276 0.16465427 0.16676871 0.16032726 0.17082024 0.16898367 0.16761838 0.17120504 0.16805354 0.17158228 0.16781691 0.16752739 0.17268354 0.17232218 0.17252132 0.17657155 0.17171788 0.16950551 0.17051286 0.16675404 0.17204797 0.17071843 0.17239353 0.16921143 0.16210741 0.16094400 0.16692653 0.16435397 0.16913432 0.16980782 0.17645240 0.17570183 0.17008574 0.16555475 0.16564378 0.16900775 0.17067544 0.17015132 0.16902259 0.16263172 0.16658032 0.16579542 0.16222182 0.16191670 0.16959742 0.16623580 0.16313109 0.17323312 0.17166555 0.17442104 0.17714027 0.17504123 0.18369177 0.17514741 0.16993371 0.17490226 0.17886072 0.17921531 0.17273130 0.17357379 0.17373750 0.18008804 0.16749245 0.16649295 0.16854541 0.18058939 0.18773808 0.18072577 0.17273244 0.17481069 0.17350101 0.16775078 0.14287135 0.10664785 0.12662643 0.05566506 0.00000000 0.00000000 0.00000000 0.00000000 0.00000000 0.00000000 0.00000000 0.00000000 0.00000000 0.00000000 0.00000000 0.00000000 0.00000000 0.00000000 0.00000000 0.00000000 0.00000000 0.00000000 0.00000000 0.00000000 0.00000000 0.00000000 0.00000000 0.00000000 0.00000000 0.00000000 0.00000000 0.00000000
0.00000000 0.00214593 0.00000000 0.00000000 0.11546382 0.16549084 0.16237655 0.16619441 0.16616940 0.16929558 0.17308664 0.16454053 0.16805893 0.16459537 0.15956548 0.16611931 0.16223556 0.15291283 0.16504666 0.16434970 0.16537312 0.16588384 0.16400877 0.17225896 0.17373514 0.17172673 0.17315409 0.16802567 0.17438966 0.17521720 0.17675585 0.17223603 0.17225039 0.16731101 0.16463411 0.16696396 0.17357722 0.18239252 0.18006045 0.17385948 0.16420203 0.16749130 0.16693467 0.17575705 0.17563236 0.16978851 0.16832343 0.16676866 0.17255926 0.17656234 0.17153949 0.17161724 0.16774137 0.16856676 0.17135820 0.16720571 0.16868606 0.17500114 0.17825320 0.16719860 0.16926643 0.17337650 0.15326399 0.14658238 0.15865478 0.16184050 0.16855943 0.17168063 0.18488842 0.19021130 0.18176098 0.17589968 0.16967264 0.17014624 0.16012219 0.16836625 0.17240933 0.17126328 0.17442219 0.16704652 0.16197614 0.15743634 0.17386702 0.17531873 0.18011323 0.17852820 0.17503841 0.16357628 0.16883495 0.17797595 0.17990969 0.21941754 0.19088471 0.14405522 0.04480858 0.00000000 0.00000000 0.00000000 0.00000000 0.00000000 0.00000000 0.00000000 0.00000000 0.00000000 0.00000000 0.00000000 0.00000000 0.00000000 0.00000000 0.00000000 0.00000000 0.00000000 0.00000000 0.00000000 0.00000000 0.00000000 0.00000000 0.00000000 0.00000000 0.00000000 0.00000000 0.00000000 0.00000000 0.00000000
0.02410045 0.05851319 0.00000000 0.00000000 0.09027050 0.15950653 0.16797507 0.16300505 0.16356432 0.16062313 0.16387475 0.15798000 0.16800076 0.16848628 0.16507715 0.15725212 0.15944931 0.17029175 0.17061976 0.16872407 0.16047138 0.16815180 0.16891438 0.16957349 0.16542019 0.16836667 0.16680849 0.16772199 0.16552195 0.16487102 0.16519013 0.16241470 0.16306625 0.17285496 0.16793047 0.17858204 0.17357200 0.17311755 0.17133364 0.17141899 0.16837466 0.16688406 0.17267933 0.17193425 0.17551729 0.17239156 0.17412491 0.17447872 0.17370838 0.17228377 0.16524146 0.15712224 0.17265251 0.17287382 0.17705381 0.17425081 0.17029697 0.17274138 0.18397574 0.18374564 0.15805706 0.15606879 0.13530129 0.12818557 0.14472479 0.16506301 0.18093677 0.18445168 0.18571277 0.17426968 0.16118410 0.15526551 0.16185313 0.16459939 0.16778539 0.16828820 0.17592895 0.16902366 0.16633591 0.17233165 0.17835125 0.18229923 0.17894827 0.16274662 0.16323803 0.16243838 0.16418588 0.16794160 0.16637647 0.17671728 0.17106971 0.15787950 0.20094259 0.13966782 0.06156022 0.00000000 0.00000000 0.00000000 0.00000000 0.00000000 0.00000000 0.00000000 0.00000000 0.00000000 0.00000000 0.00000000 0.00000000 0.00000000 0.00000000 0.00000000 0.00000000 0.00000000 0.00000000 0.00000000 0.00000000 0.00000000 0.00000000 0.00000000 0.00000000 0.00000000 0.00000000 0.00000000 0.00000000 0.00000000
0.22180173 0.14337769 0.09747120 0.00000000 0.00000000 0.10221693 0.14904742 0.15755582 0.16239902 0.16419873 0.16342913 0.16500670 0.16209728 0.16036370 0.16145661 0.16200560 0.15654296 0.16267142 0.15315017 0.15512222 0.16257069 0.15898532 0.16590354 0.16139445 0.15369689 0.15654106 0.15252604 0.15594643 0.15851685 0.15536480 0.16209543 0.15421832 0.15692863 0.16133904 0.17120188 0.15871909 0.16148001 0.14951532 0.15052477 0.15986636 0.16402917 0.17116022 0.16857979 0.16118807 0.16423494 0.16284846 0.16653717 0.17047524 0.15660222 0.15613365 0.15507801 0.16141921 0.16123423 0.15889467 0.16545206 0.16831499 0.16058670 0.15516219 0.14987524 0.16218883 0.17419401 0.17193770 0.16314700 0.14424205 0.15214631 0.16417457 0.16060367 0.16790463 0.16809759 0.16283043 0.16603784 0.16307604 0.16572368 0.17119792 0.16060311 0.16949350 0.16746417 0.17207249 0.16857626 0.17016941 0.16717482 0.17704843 0.16467932 0.15590301 0.15864089 0.16480841 0.16626993 0.16953109 0.13375026 0.13831586 0.16915303 0.11218043 0.06423852 0.12775198 0.14857812 0.22436424 0.22232729 0.13998850 0.00000000 0.00000000 0.00000000 0.00000000 0.00000000 0.00000000 0.00000000 0.00000000 0.00000000 0.00000000 0.00000000 0.00000000 0.00000000 0.00000000 0.00000000 0.00000000 0.00000000 0.00000000 0.00000000 0.00000000 0.00000000 0.00000000 0.00000000 0.00000000 0.00000000 0.00000000
0.05805885 0.01986147 0.00000000 0.00000000 0.00000000 0.00000000 0.10890102 0.15241018 0.15605292 0.16360816 0.15830931 0.15973863 0.16543077 0.16251576 0.16076094 0.16395891 0.16289222 0.15814690 0.16336432 0.16327713 0.17485023 0.15328670 0.11961151 0.10783236 0.12298935 0.12047174 0.11122440 0.10007551 0.09494978 0.09847637 0.09514882 0.10225083 0.11389311 0.11278924 0.10801924 0.10854688 0.12163746 0.13176253 0.13635415 0.14087024 0.14411797 0.14167789 0.14410745 0.14282653 0.14481062 0.15028042 0.15117219 0.14550656 0.15164581 0.15022516 0.14521335 0.16033390 0.15758462 0.14111391 0.15361482 0.16554873 0.14417562 0.15112942 0.15754920 0.15124157 0.16501817 0.19745390 0.20706466 0.19465476 0.17311703 0.16147749 0.15691590 0.16001275 0.16239567 0.16989544 0.16501570 0.16162628 0.16800459 0.17173359 0.16870314 0.17590152 0.17384461 0.16674954 0.17144069 0.17321271 0.17206945 0.16853291 0.15689519 0.18558051 0.17347269 0.17359668 0.15381506 0.13477105 0.15426643 0.13938601 0.14286427 0.14710221 0.08999480 0.11016515 0.25036484 0.26939166 0.36827761 0.27544320 0.07121979 0.00000000 0.00000000 0.00000000 0.00000000 0.00000000 0.00000000 0.00000000 0.00000000 0.00000000 0.00000000 0.00000000 0.00000000 0.00000000 0.00000000 0.00000000 0.00000000 0.00000000 0.00000000 0.00000000 0.00000000 0.00000000 0.00000000 0.00000000 0.00000000 0.00000000
0.00000000 0.00000000 0.00000000 0.00000000 0.00000000 0.00000000 0.02937900 0.12105647 0.15357190 0.17077619 0.17980488 0.17837593 0.18369786 0.19071382 0.18957622 0.18744522 0.18335812 0.18379943 0.18185210 0.16367564 0.10539138 0.10165979 0.12808196 0.14072077 0.08239523 0.00251927 0.00000000 0.00000000 0.00000000 0.00000000 0.00000000 0.00000000 0.00000000 0.00000000 0.00000000 0.00000000 0.00000000 0.00000000 0.00000000 0.00000000 0.00000000 0.00244458 0.01828491 0.02961132 0.04126607 0.05818802 0.05721568 0.06268098 0.08534709 0.13373896 0.12439340 0.10603308 0.12497772 0.07310634 0.09284113 0.09308031 0.10316473 0.13275802 0.15155387 0.15512465 0.15186177 0.16260816 0.18116838 0.18571030 0.18030356 0.16708022 0.17106661 0.17242637 0.17029321 0.17569830 0.17139916 0.17472938 0.18674719 0.19001152 0.18831868 0.18970229 0.19103262 0.18590280 0.18222742 0.17378706 0.17854744 0.18086758 0.18326189 0.17561120 0.17684016 0.17857328 0.19589053 0.18912011 0.21332960 0.19531757 0.17050874 0.16462432 0.19882570 0.22880629 0.24711543 0.26103699 0.25141689 0.28983122 0.09524035 0.00000000 0.00000000 0.00000000 0.00000000 0.00000000 0.00000000 0.00000000 0.00000000 0.00000000 0.00000000 0.00000000 0.00000000 0.00000000 0.00000000 0.00000000 0.00000000 0.00000000 0.00000000 0.00000000 0.00000000 0.00000000 0.00000000 0.00000000 0.00000000 0.00000000
0.00000000 0.00000000 0.00000000 0.00000000 0.00000000 0.00000000 0.00000000 0.00576731 0.06214782 0.12036563 0.16804907 0.18168588 0.17954533 0.17450181 0.17885910 0.17231423 0.16405398 0.15068799 0.11379057 0.10951859 0.17959820 0.20453978 0.13736701 0.00000000 0.00000000 0.00000000 0.00000000 0.00000000 0.00000000 0.00000000 0.00000000 0.00000000 0.00000000 0.00000000 0.00000000 0.00000000 0.00000000 0.00000000 0.00000000 0.00000000 0.00000000 0.00000000 0.00000000 0.00000000 0.00000000 0.00000000 0.00000000 0.00000000 0.00000000 0.00000000 0.00000000 0.00000000 0.00000000 0.00000000 0.00000000 0.00000000 0.00000000 0.00000000 0.00000000 0.00000000 0.00000000 0.00000000 0.00000000 0.01368266 0.02865706 0.05094026 0.06643919 0.09525977 0.11017971 0.12800238 0.11162350 0.12232898 0.14464754 0.15933934 0.14185086 0.12318511 0.12330851 0.13057120 0.13375826 0.13971797 0.13674456 0.14708841 0.14930838 0.14145359 0.16037454 0.17038724 0.19236566 0.22134921 0.17346001 0.17427264 0.19222438 0.20635360 0.22990583 0.23817305 0.22967176 0.26540315 0.24464492 0.24113864 0.16947937 0.05833915 0.04279085 0.03005137 0.01901196 0.00860471 0.00000000 0.00000000 0.00000000 0.00000000 0.00000000 0.00000000 0.00000000 0.00000000 0.00000000 0.00000000 0.00000000 0.00000000 0.00000000 0.00000000 0.00000000 0.00000000 0.00000000 0.00000000 0.00000000 0.00000000
0.00000000 0.00000000 0.00819486 0.03649097 0.00000000 0.00000000 0.00000000 0.00000000 0.00000000 0.00000000 0.01584195 0.05528334 0.09907254 0.09858029 0.07942609 0.05843399 0.07530488 0.10402993 0.15463495 0.11415587 0.01847929 0.00000000 0.00000000 0.00000000 0.00000000 0.00000000 0.00000000 0.00000000 0.00000000 0.00000000 0.00000000 0.00000000 0.00000000 0.00000000 0.00000000 0.00000000 0.00000000 0.00000000 0.00000000 0.00000000 0.00000000 0.00000000 0.00000000 0.00000000 0.00000000 0.00000000 0.00000000 0.00000000 0.00000000 0.00000000 0.00000000 0.00000000 0.00000000 0.00000000 0.00000000 0.00000000 0.00000000 0.00000000 0.00000000 0.00000000 0.00000000 0.00000000 0.00000000 0.00000000 0.00000000 0.00000000 0.00000000 0.00000000 0.00000000 0.00000000 0.00000000 0.00000000 0.03175382 0.01777672 0.00000000 0.00000000 0.00000000 0.00000000 0.00000000 0.00000000 0.00000000 0.00000000 0.00000000 0.00000000 0.00000000 0.00000000 0.00000000 0.03311771 0.05632154 0.04630309 0.07984874 0.12759525 0.11513197 0.10242740 0.08130464 0.06041416 0.07238683 0.17628606 0.21798952 0.21898150 0.19449380 0.17932867 0.15232888 0.13639304 0.12493753 0.11727573 0.10547085 0.09445415 0.08174770 0.07358649 0.07606981 0.07586752 0.07455533 0.07085469 0.05803346 0.05151954 0.03816075 0.04327403 0.03184671 0.03574102 0.04290075 0.03352981 0.02891664 0.02146529
0.00000000 0.00000000 0.00000000 0.00000000 0.00000000 0.00000000 0.00000000 0.00000000 0.00000000 0.00000000 0.00000000 0.00000000 0.00000000 0.00000000 0.00000000 0.04278528 0.05958482 0.00000000 0.00000000 0.00000000 0.00000000 0.00000000 0.00000000 0.00000000 0.00000000 0.00000000 0.00000000 0.00000000 0.00000000 0.00000000 0.00000000 0.00000000 0.00000000 0.00000000 0.00000000 0.00000000 0.00000000 0.00000000 0.00000000 0.00000000 0.00000000 0.00000000 0.00000000 0.00000000 0.00000000 0.00000000 0.00000000 0.00000000 0.00000000 0.00000000 0.00000000 0.00000000 0.00000000 0.00000000 0.00000000 0.00000000 0.00000000 0.00000000 0.00000000 0.00000000 0.00000000 0.00000000 0.00000000 0.00000000 0.00000000 0.00000000 0.00000000 0.00000000 0.00000000 0.00000000 0.00000000 0.00000000 0.00000000 0.00000000 0.00000000 0.00000000 0.00000000 0.00000000 0.00000000 0.00000000 0.00000000 0.00000000 0.00000000 0.00000000 0.00000000 0.00000000 0.00000000 0.00000000 0.00000000 0.00000000 0.00000000 0.00000000 0.00000000 0.00000000 0.00000000 0.00000000 0.00000000 0.09175277 0.23236349 0.26593512 0.26710087 0.24643624 0.22885077 0.21796347 0.22100532 0.21948576 0.20020100 0.20334673 0.20761681 0.20418069 0.20599309 0.21392584 0.21485075 0.20102736 0.19892591 0.19587302 0.20518993 0.17901069 0.15840137 0.15579510 0.16734806 0.15653215 0.13940059 0.13839394
0.00000000 0.00000000 0.00000000 0.00000000 0.00000000 0.00000000 0.00000000 0.00000000 0.00000000 0.00000000 0.00000000 0.00000000 0.00000000 0.00000000 0.00000000 0.00000000 0.00000000 0.00000000 0.00000000 0.00000000 0.00000000 0.00000000 0.01974419 0.13399851 0.10729170 0.04261484 0.00000000 0.00000000 0.00000000 0.00000000 0.00000000 0.00000000 0.00000000 0.00000000 0.00000000 0.00000000 0.00000000 0.00000000 0.00000000 0.00000000 0.00000000 0.00000000 0.00000000 0.00000000 0.00000000 0.00000000 0.00000000 0.00000000 0.00000000 0.00000000 0.00000000 0.00000000 0.00000000 0.00000000 0.00000000 0.00000000 0.00000000 0.00000000 0.00000000 0.00000000 0.00000000 0.00000000 0.00000000 0.00000000 0.00000000 0.00000000 0.00000000 0.00000000 0.00000000 0.00000000 0.00000000 0.00000000 0.00000000 0.00000000 0.00000000 0.00000000 0.00000000 0.00000000 0.00000000 0.00000000 0.00000000 0.00000000 0.00000000 0.00000000 0.00000000 0.00000000 0.00000000 0.00000000 0.00000000 0.00000000 0.00000000 0.00000000 0.00000000 0.00000000 0.00000000 0.00000000 0.00000000 0.00000000 0.00000000 0.00000000 0.00000000 0.00000000 0.00000000 0.00000000 0.00000000 0.00000000 0.04279063 0.04509226 0.08742352 0.09917460 0.14592355 0.17320064 0.19766027 0.23892459 0.27630162 0.29559353 0.33143625 0.31128585 0.30334693 0.29316723 0.31344858 0.29726398 0.32188386 0.32560056
0.00000000 0.00048555 0.00000000 0.00000000 0.00000000 0.00000000 0.00000000 0.00000000 0.00000000 0.00000000 0.00000000 0.00000000 0.00000000 0.00000000 0.00000000 0.00000000 0.00000000 0.00000000 0.00000000 0.00000000 0.09378640 0.11913864 0.08959953 0.01579308 0.00000000 0.00000000 0.00000000 0.00000000 0.00000000 0.00000000 0.00000000 0.00000000 0.00000000 0.00000000 0.00000000 0.00000000 0.00000000 0.00000000 0.00000000 0.00000000 0.00000000 0.00000000 0.00000000 0.00000000 0.00000000 0.00000000 0.00000000 0.00000000 0.00000000 0.00000000 0.00000000 0.00000000 0.00000000 0.00000000 0.00000000 0.00000000 0.00000000 0.00000000 0.00000000 0.00000000 0.00000000 0.00000000 0.00000000 0.00000000 0.00000000 0.00000000 0.00000000 0.00000000 0.00000000 0.00000000 0.00000000 0.00000000 0.00000000 0.00000000 0.00000000 0.00000000 0.00000000 0.00000000 0.00000000 0.00000000 0.00000000 0.00000000 0.00000000 0.00000000 0.00000000 0.00000000 0.00000000 0.00000000 0.00000000 0.00000000 0.00000000 0.00000000 0.00000000 0.00000000 0.00000000 0.00000000 0.00000000 0.00000000 0.00000000 0.00000000 0.00000000 0.00000000 0.00000000 0.00000000 0.00000000 0.00000000 0.00000000 0.00000000 0.00000000 0.00000000 0.00000000 0.00000000 0.00000000 0.01262435 0.06726707 0.14644104 0.20661560 0.21408385 0.17122716 0.13863674 0.12821096 0.13430730 0.11895052 0.12555185
