0.39867187 0.39933616 0.40236300 0.39237809 0.39862400 0.40024233 0.40081906 0.39425582 0.40095943 0.39743018 0.40078276 0.40455014 0.40623099 0.40819508 0.39482164 0.40323520 0.41386348 0.40795606 0.41492867 0.41367269 0.41549760 0.41549170 0.41901511 0.41861981 0.42117935 0.42915553 0.41924608 0.41913742 0.42623705 0.42078823 0.42263454 0.42207706 0.42900914 0.43585002 0.42900050 0.42822146 0.42784780 0.43571877 0.43174750 0.42840779 0.43531477 0.44946706 0.43594009 0.43998927 0.43624955 0.43671930 0.43300265 0.43505871 0.43356562 0.44264269 0.44306248 0.44478679 0.43935293 0.44196129 0.44094282 0.44166350 0.43745112 0.43818045 0.43857795 0.44324720 0.44141763 0.44565690 0.43862623 0.43578941 0.43708593 0.43606788 0.44143474 0.43423426 0.44159520 0.44430727 0.44345802 0.43882906 0.43387485 0.43101859 0.43076563 0.42998105 0.42862582 0.43130022 0.43488246 0.42638242 0.42769533 0.43107402 0.42583030 0.42435080 0.42476851 0.42425257 0.41854185 0.41605246 0.44352311 0.35240704 0.07902062 0.00000000 0.00000000 0.00000000 0.00000000 0.09529170 0.34185869 0.41449863 0.42629874 0.42700064 0.43247473 0.43225282 0.43119627 0.42778969 0.43120629 0.42753798 0.43268633 0.43263865 0.43988490 0.44783998 0.44519901 0.44720924 0.44990051 0.44614959 0.44039053 0.45149803 0.47481406 0.46298802 0.28835604 0.06847671 0.21547285 0.30072001 0.43964201 0.40923357
0.39009678 0.40154964 0.40234482 0.39756095 0.39793319 0.39607918 0.39361870 0.39781696 0.39944148 0.39994925 0.40656203 0.40620327 0.40081638 0.40527916 0.40792662 0.40879500 0.41133457 0.41835219 0.41133791 0.41773391 0.41783696 0.41650403 0.41673815 0.42204678 0.42253536 0.42776668 0.41870815 0.42193508 0.42152983 0.42239594 0.42524976 0.42746824 0.42891842 0.43094635 0.43773156 0.43064696 0.43148863 0.43546301 0.44264477 0.42833704 0.43254137 0.44375098 0.44150096 0.43703890 0.44006246 0.44417578 0.44422519 0.43834203 0.44680285 0.44405478 0.45306522 0.44751656 0.45273244 0.44271916 0.44443530 0.44247478 0.44549847 0.44378406 0.45374334 0.44504869 0.44743019 0.44934422 0.44403011 0.44475508 0.43975317 0.44025946 0.44420373 0.44851947 0.45149481 0.44566721 0.43821168 0.43208045 0.43118465 0.43590087 0.43317157 0.43259490 0.43615925 0.43616390 0.43794739 0.43363041 0.42961955 0.42681628 0.42653894 0.42931604 0.42140025 0.42266870 0.41917396 0.44439542 0.39084464 0.10450041 0.00000000 0.00000000 0.00000000 0.00000000 0.00000000 0.00000000 0.03297669 0.31676805 0.40944046 0.42811263 0.42676377 0.43505335 0.43559641 0.43777812 0.43945920 0.43313229 0.43494976 0.44048113 0.43861520 0.44507259 0.45154136 0.44775456 0.45759284 0.44736344 0.46073973 0.47847557 0.40082473 0.19445282 0.00000000 0.00000000 0.03576005 0.30070445 0.34326297 0.34454232
0.38888556 0.39413357 0.40045887 0.39792305 0.39382499 0.38835430 0.39576322 0.39813703 0.39981341 0.40287918 0.39807123 0.40008938 0.40239435 0.40304136 0.40926236 0.40316159 0.40721530 0.40690786 0.40468401 0.40781903 0.41342801 0.41426688 0.42205322 0.41775656 0.41833323 0.41798556 0.41622603 0.41342878 0.42025316 0.42463034 0.42033881 0.42095542 0.42312574 0.42717993 0.42922193 0.42858815 0.42515510 0.42937595 0.42488575 0.43247944 0.43211704 0.43031192 0.42902446 0.43219483 0.43676579 0.43637085 0.43353623 0.43387133 0.43066710 0.44180363 0.43729848 0.44006872 0.43752575 0.44409341 0.43833715 0.43991518 0.44004393 0.44508213 0.43648326 0.43712080 0.43900120 0.43581265 0.43365061 0.43353939 0.43497938 0.43448818 0.43887466 0.43947321 0.43844700 0.43576121 0.43317753 0.43042099 0.42956173 0.43418974 0.43196124 0.42689836 0.42988908 0.43099320 0.42430621 0.42015350 0.42051494 0.42255932 0.41907352 0.41395962 0.41681778 0.41271675 0.43336391 0.42814529 0.23052371 0.00000000 0.00000000 0.00000000 0.00000000 0.00000000 0.00000000 0.00000000 0.00000000 0.08853567 0.33060616 0.40556878 0.41875798 0.42209387 0.42675734 0.42476308 0.42664570 0.43590003 0.43083203 0.43389702 0.43998110 0.43538147 0.43662429 0.45000130 0.44432729 0.47388548 0.44116783 0.29529905 0.07089221 0.00000000 0.00000000 0.00000000 0.16938898 0.33214772 0.16494346 0.36150509
0.39627671 0.39636606 0.39912271 0.40591544 0.40092838 0.39741999 0.40169644 0.40584344 0.40253574 0.40323740 0.40394437 0.40083677 0.40588206 0.40853292 0.40875155 0.41206449 0.40322113 0.40696174 0.40875220 0.41427022 0.41729963 0.41827571 0.41929412 0.42718738 0.42610699 0.42158818 0.42213362 0.43117189 0.42609328 0.42887270 0.43564671 0.42400831 0.42788255 0.43397731 0.42908108 0.42905450 0.43338495 0.43008190 0.43655288 0.43381554 0.44028872 0.43671548 0.43212485 0.44156981 0.44142330 0.43855196 0.43880624 0.43778205 0.43995458 0.44289345 0.44467509 0.44697392 0.44733661 0.44220918 0.45380062 0.44552779 0.44710052 0.45416242 0.44951731 0.43883109 0.44205940 0.43873233 0.44219393 0.44971323 0.44764072 0.44352043 0.44390339 0.44616455 0.44225794 0.44117117 0.43864727 0.43901253 0.44030875 0.43811363 0.43596071 0.43499500 0.43927449 0.43224406 0.43780863 0.43009537 0.42584956 0.43546253 0.43012357 0.42393649 0.41953546 0.42141527 0.45081538 0.36070293 0.00000000 0.00000000 0.00000000 0.00000000 0.00000000 0.00000000 0.00000000 0.00000000 0.00000000 0.00000000 0.14644468 0.34782320 0.41166860 0.42133909 0.42351747 0.42242479 0.42454755 0.43520474 0.43390441 0.42501616 0.44434476 0.43941408 0.43661320 0.45859283 0.47404671 0.37651843 0.17717269 0.00000000 0.00000000 0.00000000 0.00000000 0.00000000 0.18679464 0.00000000 0.10159737 0.33935493
0.40144908 0.39571226 0.39166975 0.40058249 0.40527552 0.40429431 0.39975113 0.39657444 0.39845276 0.40121210 0.40328711 0.41263372 0.42143357 0.42072690 0.41877264 0.41420120 0.40852916 0.41499990 0.42553550 0.41193771 0.41658342 0.41905421 0.41921294 0.41802061 0.43128347 0.42896104 0.42090702 0.42616779 0.42748684 0.43053001 0.42766088 0.43059570 0.43468219 0.42913842 0.42611456 0.42676961 0.43096906 0.43024039 0.43073422 0.43689233 0.43812037 0.42836666 0.42696893 0.43952268 0.43840402 0.43689948 0.43808752 0.43798381 0.44040304 0.43805754 0.44238102 0.44756055 0.44335961 0.45010078 0.44701391 0.44693017 0.44637567 0.44404083 0.44630992 0.44200760 0.44719100 0.44407666 0.44272316 0.44745535 0.44986540 0.44890654 0.45257264 0.44554073 0.44575399 0.44463915 0.43816817 0.44642174 0.43717617 0.43596268 0.43791866 0.43568259 0.42915094 0.42808163 0.42565924 0.42948085 0.42747706 0.42278123 0.42288095 0.42456645 0.41476929 0.43275231 0.46295148 0.15782240 0.00000000 0.00000000 0.00000000 0.00000000 0.00000000 0.00000000 0.00000000 0.00000000 0.00000000 0.00000000 0.00000000 0.20544785 0.35759258 0.41799825 0.41426200 0.41748440 0.42455316 0.43073416 0.42926216 0.42781061 0.43155366 0.44825554 0.46518356 0.45915496 0.31578988 0.05487293 0.00000000 0.00000000 0.00000000 0.00000000 0.00000000 0.00000000 0.00000000 0.00000000 0.06081772 0.35807019
0.39653713 0.40035337 0.39447820 0.39761907 0.40407360 0.40044028 0.39828509 0.39753026 0.40459442 0.43133831 0.41111326 0.31893241 0.25013161 0.25808993 0.32958609 0.41620195 0.41603011 0.35704756 0.34750968 0.40060896 0.41481280 0.42735577 0.43705171 0.38198209 0.33768034 0.39230531 0.42858201 0.42090499 0.42410946 0.42439854 0.42352706 0.42937309 0.43013161 0.42567545 0.42499465 0.42952156 0.43084353 0.43465853 0.43229884 0.42808360 0.43546438 0.42588425 0.42410380 0.42658406 0.43097436 0.43678224 0.43508792 0.43966699 0.43602473 0.43726391 0.44041795 0.44062096 0.43971395 0.44164151 0.43949437 0.43898678 0.43963182 0.44108057 0.43914264 0.43773353 0.44757426 0.44411230 0.43533200 0.44103849 0.43697906 0.43683761 0.43955904 0.43489105 0.43664455 0.43286246 0.43667877 0.43818671 0.43651277 0.43216562 0.43653703 0.43495512 0.43127733 0.42957556 0.43269646 0.43058252 0.42859721 0.41939288 0.42128164 0.41785425 0.40290612 0.44043744 0.34446919 0.05839986 0.00000000 0.00000000 0.00000000 0.00000000 0.00000000 0.00000000 0.00000000 0.00000000 0.00000000 0.00000000 0.00000000 0.03396824 0.26174852 0.38922542 0.41842246 0.41280723 0.41414970 0.41017193 0.42104715 0.43425757 0.41948050 0.38431162 0.34023798 0.21649241 0.00000000 0.00000000 0.00000000 0.00000000 0.00000000 0.00000000 0.00000000 0.00000000 0.00000000 0.00000000 0.19363585 0.38546085
0.40219653 0.39879268 0.39761710 0.39868611 0.39876860 0.39589918 0.39665222 0.41023588 0.44710124 0.35194820 0.11902520 0.00000000 0.00000000 0.00000000 0.00000000 0.10727704 0.29787359 0.16653433 0.13722998 0.24752480 0.35895312 0.43855500 0.41957557 0.25894022 0.16336486 0.26169571 0.31699699 0.43111378 0.43148458 0.43309790 0.43532014 0.42697263 0.42152870 0.42818463 0.43312979 0.44304788 0.43560207 0.43233532 0.43498838 0.43877035 0.43119949 0.43397713 0.44007176 0.43479759 0.43663347 0.43449628 0.43755955 0.43825960 0.44227141 0.43868071 0.43726975 0.44724065 0.44183183 0.44336104 0.44395542 0.44276279 0.43968999 0.43592668 0.44087034 0.45236325 0.44732362 0.44417751 0.44366527 0.44554430 0.44539922 0.44470537 0.43824601 0.44213909 0.43724322 0.44033641 0.43814200 0.44302768 0.43517935 0.43583363 0.43343765 0.43293607 0.43336421 0.42989528 0.42623079 0.43442142 0.42715442 0.41739821 0.41400087 0.41290843 0.40888035 0.44949716 0.30011183 0.00000000 0.00000000 0.00000000 0.00000000 0.00000000 0.00000000 0.00000000 0.00000000 0.00000000 0.00000000 0.00000000 0.00000000 0.00000000 0.00000000 0.12757909 0.20180014 0.21244553 0.19112375 0.16717860 0.16407323 0.15805259 0.08723849 0.00000000 0.00000000 0.00000000 0.00000000 0.00000000 0.00000000 0.00000000 0.00000000 0.00000000 0.00000000 0.00000000 0.00000000 0.00000000 0.27272844 0.28442076
0.40040255 0.40038174 0.39734560 0.39772731 0.39653969 0.40124512 0.40591836 0.44397020 0.37118071 0.10275590 0.00000000 0.00000000 0.00000000 0.00000000 0.00000000 0.00000000 0.01209909 0.00000000 0.00000000 0.13176951 0.27682018 0.43372989 0.43044996 0.26321203 0.20090422 0.28174239 0.35339254 0.42816371 0.40038490 0.39046383 0.41998488 0.43777043 0.44237566 0.44118112 0.40625381 0.38009721 0.39907056 0.42643756 0.43481171 0.42709512 0.43191546 0.43303347 0.43600720 0.43784070 0.43778437 0.43815553 0.43436444 0.44070995 0.44466096 0.44256544 0.43970495 0.44230360 0.43850684 0.43543839 0.43985552 0.43884254 0.43854052 0.43259853 0.43984079 0.44797403 0.45037925 0.44218630 0.43871862 0.44340461 0.44228679 0.43843734 0.44015712 0.43446851 0.43991363 0.43659365 0.43516117 0.43453956 0.42917293 0.42682958 0.42830741 0.42637843 0.42234141 0.42742211 0.42241472 0.41458160 0.42320275 0.41745132 0.40665907 0.40444255 0.41507179 0.41985065 0.27459985 0.00000000 0.00000000 0.00000000 0.00000000 0.00000000 0.00000000 0.00000000 0.00000000 0.00000000 0.00000000 0.00000000 0.00000000 0.00000000 0.00000000 0.00000000 0.00000000 0.00000000 0.00000000 0.00000000 0.00000000 0.00000000 0.00000000 0.00000000 0.00000000 0.00000000 0.00000000 0.00000000 0.00000000 0.00000000 0.00000000 0.00000000 0.00000000 0.00000000 0.00000000 0.07264712 0.21037522 0.24150530
0.39550483 0.40251112 0.39873475 0.40308321 0.40322649 0.40388739 0.41380543 0.45710236 0.27403566 0.00000000 0.00000000 0.05999842 0.52252167 0.48027712 0.10024530 0.08448759 0.25492504 0.00000000 0.00000000 0.00000000 0.00648969 0.12523738 0.28585303 0.33733326 0.24484852 0.35812384 0.34471738 0.19085175 0.09811428 0.05208644 0.14203563 0.33746845 0.43653262 0.29460114 0.14722353 0.06394449 0.03955075 0.18929997 0.36128128 0.43333369 0.43129736 0.43517417 0.43375891 0.43596560 0.43625402 0.43178469 0.43896067 0.44166672 0.44075799 0.44244641 0.43377417 0.43371016 0.43994379 0.44032329 0.43463480 0.44322085 0.43248433 0.44423336 0.44392741 0.43903047 0.44137084 0.43761128 0.43801558 0.44147259 0.43642813 0.43352532 0.43539530 0.44145542 0.43417132 0.43762875 0.43705589 0.43172401 0.43031555 0.42881322 0.43427044 0.43117052 0.42101800 0.42514306 0.42327845 0.42240328 0.42148727 0.41368657 0.41143334 0.40574998 0.42757124 0.37841618 0.12641087 0.00000000 0.00000000 0.00000000 0.00000000 0.00000000 0.00000000 0.00000000 0.00000000 0.00000000 0.00000000 0.00000000 0.00000000 0.00000000 0.00000000 0.00000000 0.00000000 0.00000000 0.00000000 0.00000000 0.00000000 0.00000000 0.00000000 0.00000000 0.00000000 0.00000000 0.00000000 0.00000000 0.00000000 0.00000000 0.00000000 0.00000000 0.00000000 0.00000000 0.00000000 0.03850986 0.16510862 0.29602453
0.39941645 0.40292257 0.40732813 0.40428752 0.40237051 0.40089226 0.42304623 0.43609774 0.00000000 0.00000000 0.00000000 0.22516260 0.29922768 0.40209758 0.28865501 0.03617005 0.09025890 0.13805437 0.00000000 0.00000000 0.00000000 0.00000000 0.00000000 0.00000000 0.14576304 0.04053827 0.00000000 0.00000000 0.00000000 0.00000000 0.00000000 0.02071160 0.07318935 0.00000000 0.00000000 0.00000000 0.00000000 0.00000000 0.05837226 0.31633621 0.43675488 0.43520415 0.43171805 0.44076389 0.44096071 0.43988627 0.44124299 0.43634212 0.44147295 0.43592489 0.43885773 0.43401152 0.43397117 0.43878901 0.43630058 0.43382615 0.44168729 0.43740046 0.43903613 0.43690628 0.44155657 0.43435192 0.43642426 0.43417543 0.43562919 0.43057239 0.43794692 0.43768370 0.43631119 0.43150991 0.42832726 0.42739797 0.42806244 0.42652100 0.42207968 0.42160529 0.42016041 0.41590500 0.42379177 0.42663550 0.41682464 0.41056454 0.40854377 0.42247260 0.41894668 0.25048262 0.00000000 0.00000000 0.00000000 0.00000000 0.00000000 0.00000000 0.00000000 0.00000000 0.00000000 0.00000000 0.00000000 0.00000000 0.00000000 0.00000000 0.00000000 0.00000000 0.00000000 0.00000000 0.00000000 0.00000000 0.00000000 0.00000000 0.00000000 0.00000000 0.00000000 0.00000000 0.00000000 0.00000000 0.00000000 0.00000000 0.00000000 0.00000000 0.00000000 0.00000000 0.00000000 0.03840518 0.19833770 0.34481597
0.39841545 0.40099138 0.40421629 0.40434873 0.40209734 0.40182364 0.42174429 0.30868685 0.15097481 0.00000000 0.26314580 0.45664054 0.12222376 0.07447818 0.64822912 0.52904683 0.00000000 0.00000000 0.17567241 0.00000000 0.00000000 0.14076975 0.25622475 0.00000000 0.14151719 0.13284209 0.00000000 0.00000000 0.21569547 0.10427216 0.02839890 0.24149060 0.15983653 0.12237054 0.21998850 0.18620980 0.06677562 0.00882486 0.26376995 0.28109071 0.42800343 0.42930663 0.43304396 0.43380380 0.43651342 0.43934327 0.43595952 0.43574661 0.43702000 0.43172300 0.43953174 0.44498044 0.43565196 0.43892497 0.43336940 0.43074274 0.42611861 0.42865092 0.42318648 0.42752606 0.42399967 0.42842746 0.42570591 0.42752385 0.42335474 0.42804652 0.43259209 0.42887461 0.42819995 0.42732573 0.42055154 0.42084998 0.42129081 0.41892499 0.41563100 0.41539377 0.41489619 0.41338205 0.40721285 0.40431654 0.40942311 0.39776677 0.40451187 0.42223424 0.30910742 0.00000000 0.00000000 0.00000000 0.00000000 0.00000000 0.00000000 0.00000000 0.00000000 0.00000000 0.00000000 0.00000000 0.00000000 0.00000000 0.00000000 0.00000000 0.00000000 0.00000000 0.00000000 0.00000000 0.00000000 0.00000000 0.00000000 0.00000000 0.00000000 0.00000000 0.00000000 0.00000000 0.00000000 0.00000000 0.00000000 0.00000000 0.00000000 0.00000000 0.00000000 0.00000000 0.00000000 0.05475780 0.23160779 0.36320609
0.40178382 0.39846277 0.40002573 0.39771652 0.39922559 0.40439820 0.38811004 0.38228852 0.10235390 0.00000000 0.31975579 0.00254786 0.31906950 0.38016778 0.31772804 0.66793215 0.00133985 0.00000000 0.06663358 0.00000000 0.16470626 0.00000000 0.00000000 0.00000000 0.00000000 0.00000000 0.00000000 0.00000000 0.14872453 0.32884258 0.00000000 0.00000000 0.02083388 0.00000000 0.00000000 0.11515412 0.00000000 0.00000000 0.00000000 0.32238203 0.42424810 0.42968553 0.43396825 0.43314451 0.43480939 0.43488872 0.43895942 0.43348825 0.43494976 0.43302369 0.43437845 0.43176132 0.43617421 0.43001842 0.43367904 0.42576116 0.42612058 0.43047929 0.43114126 0.42094547 0.42281449 0.42207342 0.42162901 0.41903049 0.41970623 0.42476189 0.41945559 0.42104506 0.42145914 0.41659945 0.41701043 0.41874969 0.41434181 0.41845876 0.41615820 0.41359138 0.41149002 0.41607529 0.40835804 0.40374404 0.40670782 0.39678556 0.40974009 0.39680225 0.09862307 0.00000000 0.00000000 0.00000000 0.00000000 0.00000000 0.00000000 0.00000000 0.00000000 0.00000000 0.00000000 0.00000000 0.00000000 0.00000000 0.00000000 0.00000000 0.00000000 0.00000000 0.00000000 0.00000000 0.00000000 0.00000000 0.00000000 0.00000000 0.00000000 0.00000000 0.00000000 0.00000000 0.00000000 0.00000000 0.00000000 0.00000000 0.00000000 0.00000000 0.00000000 0.00000000 0.00000000 0.08174556 0.25607076 0.36631483
0.39779651 0.39467978 0.39464116 0.40146494 0.39612716 0.39899319 0.38944668 0.39552909 0.10264361 0.17514789 0.05190119 0.00000000 0.40317762 0.44466746 0.11815700 0.10488975 0.00000000 0.00000000 0.22189724 0.01232252 0.04595616 0.07708138 0.00000000 0.00000000 0.16903812 0.00000000 0.00000000 0.20347556 0.00000000 0.10115549 0.02128851 0.00000000 0.00000000 0.00000000 0.02260077 0.00000000 0.00000000 0.00000000 0.00000000 0.12607470 0.44247770 0.43309259 0.43835902 0.43371767 0.43154395 0.43831056 0.44223994 0.43406826 0.43239695 0.44204074 0.43657136 0.43685150 0.43379605 0.43137467 0.43423790 0.43662798 0.42904127 0.43552268 0.43374580 0.42847383 0.43309361 0.42196923 0.42831826 0.42755276 0.42286366 0.42484772 0.42434931 0.41870588 0.42068827 0.42067921 0.42343771 0.41668838 0.41511536 0.41825163 0.41628373 0.41156739 0.41140741 0.41141081 0.40557808 0.40135747 0.40188539 0.40525943 0.42271823 0.25758183 0.00000000 0.00000000 0.00000000 0.00000000 0.00000000 0.00000000 0.00000000 0.00000000 0.00000000 0.00000000 0.00000000 0.00000000 0.00000000 0.00000000 0.00000000 0.00000000 0.00000000 0.00000000 0.00000000 0.00000000 0.00000000 0.00000000 0.00000000 0.00000000 0.00000000 0.00000000 0.00000000 0.00000000 0.00000000 0.00000000 0.00000000 0.00000000 0.00000000 0.00000000 0.00000000 0.00000000 0.00000000 0.10928321 0.29612762 0.38056165
0.40899497 0.40621775 0.40382326 0.40170300 0.40478694 0.40616959 0.40567571 0.34788191 0.24480855 0.36601019 0.00000000 0.00000000 0.05052626 0.13921070 0.00000000 0.00000000 0.00000000 0.00000000 0.32765532 0.09034944 0.00000000 0.24642935 0.09511095 0.00000000 0.15500045 0.00000000 0.00000000 0.34666908 0.06370682 0.00000000 0.30979651 0.28560361 0.00000000 0.01483300 0.09818307 0.00000000 0.00000000 0.22017038 0.00206217 0.00000000 0.44738483 0.44136220 0.43931526 0.43777579 0.44308448 0.44079864 0.44613314 0.44770670 0.44119829 0.44051814 0.44354361 0.44411874 0.43775105 0.43709308 0.44182372 0.44332469 0.43715036 0.43425125 0.43129575 0.43660873 0.43442446 0.43219525 0.42767161 0.43628889 0.43067580 0.42354190 0.42468405 0.42645073 0.42043263 0.41956329 0.42442364 0.42044413 0.41313887 0.41452330 0.41654468 0.41518331 0.41356587 0.41449761 0.40911478 0.40435898 0.39893770 0.42000842 0.35093147 0.02528442 0.00000000 0.00000000 0.00000000 0.00000000 0.00000000 0.00000000 0.00000000 0.00000000 0.00000000 0.00000000 0.00000000 0.00000000 0.00000000 0.00000000 0.00000000 0.00000000 0.00000000 0.00000000 0.00000000 0.00000000 0.00000000 0.00000000 0.00000000 0.00000000 0.00000000 0.00000000 0.00000000 0.00000000 0.00000000 0.00000000 0.00000000 0.00000000 0.00000000 0.00000000 0.00000000 0.00000000 0.00000000 0.14835456 0.29365143 0.38357115
0.39619517 0.40020049 0.40442246 0.39549863 0.39144760 0.40324318 0.40943003 0.31441146 0.30402893 0.56776416 0.01310688 0.00000000 0.00000000 0.00000000 0.00000000 0.00000000 0.00354612 0.22111055 0.35816878 0.03027450 0.00000000 0.30543756 0.19879493 0.00000000 0.23194689 0.00000000 0.00000000 0.36994219 0.02106419 0.00000000 0.30283433 0.14918891 0.00000000 0.00000000 0.00000000 0.00000000 0.00000000 0.00000000 0.00000000 0.00379109 0.43439329 0.43959397 0.44023168 0.44092870 0.44562238 0.44606435 0.44536740 0.44999337 0.45104772 0.43535733 0.44261223 0.44479698 0.44100052 0.43941677 0.44198221 0.44125223 0.43897492 0.43161911 0.43749368 0.43258435 0.42939919 0.43492597 0.43662536 0.42644173 0.42964149 0.43018633 0.42713463 0.42637259 0.42362887 0.41641659 0.42616969 0.41813660 0.41478354 0.41646916 0.41575551 0.41881335 0.41762292 0.40942603 0.40172762 0.40852499 0.41843188 0.42261034 0.22679430 0.00000000 0.00000000 0.00000000 0.00000000 0.00000000 0.00000000 0.00000000 0.00000000 0.00000000 0.00000000 0.00000000 0.00000000 0.00000000 0.00000000 0.00000000 0.00000000 0.00000000 0.00000000 0.00000000 0.00000000 0.00000000 0.00000000 0.00000000 0.00000000 0.00000000 0.00000000 0.00000000 0.00000000 0.00000000 0.00000000 0.00000000 0.00000000 0.00000000 0.00000000 0.00000000 0.00000000 0.00000000 0.08008072 0.21578109 0.31846541 0.39486283
0.40364486 0.40211701 0.40251803 0.40058643 0.39959627 0.39894253 0.44128811 0.35449409 0.15678275 0.79899579 0.51796800 0.00000000 0.05995581 0.13537630 0.22226837 0.63510090 0.39911443 0.15277946 0.56670195 0.23489499 0.04920942 0.55690211 0.42497045 0.04250936 0.54145461 0.19290400 0.19021943 0.59196585 0.22407591 0.08021650 0.50215042 0.52847713 0.21263912 0.45538098 0.32381666 0.11073586 0.15830320 0.52549994 0.40745109 0.18229043 0.43941879 0.44384170 0.43930662 0.44290763 0.44374222 0.45362228 0.44922984 0.45056987 0.44885874 0.44960231 0.43979681 0.44276351 0.44049907 0.43620515 0.43521041 0.43862545 0.43799812 0.44066954 0.44196653 0.44539249 0.43943965 0.43874854 0.43926919 0.43421042 0.42616606 0.43217564 0.42804873 0.42637819 0.42374003 0.42857170 0.42191517 0.42195845 0.41324735 0.41457504 0.41980088 0.41933048 0.41625518 0.41418540 0.41086370 0.41849172 0.42819768 0.28916198 0.00000000 0.00000000 0.00000000 0.00000000 0.00000000 0.00000000 0.00000000 0.00000000 0.00000000 0.00000000 0.00000000 0.00000000 0.00000000 0.00000000 0.00000000 0.00000000 0.00000000 0.00000000 0.00000000 0.00000000 0.00000000 0.00000000 0.00000000 0.00000000 0.00000000 0.00000000 0.00000000 0.00000000 0.00000000 0.00000000 0.00000000 0.00000000 0.00000000 0.00000000 0.00000000 0.00000000 0.00000000 0.12757450 0.21525514 0.30707014 0.36503440 0.42364186
0.39891011 0.40339077 0.40353298 0.40532362 0.40493131 0.40585244 0.41258341 0.50914121 0.09975246 0.30007115 0.68682706 0.21073377 0.01618466 0.37236857 0.42478538 0.69077301 0.03488794 0.21873370 0.69685048 0.17197281 0.02994543 0.64737600 0.48012120 0.07129505 0.59910268 0.22304076 0.22703364 0.70883292 0.15102717 0.05602697 0.70414299 0.38673323 0.03435490 0.59623837 0.26298624 0.00000000 0.48047262 0.76746947 0.25866541 0.11299041 0.44787693 0.44135773 0.44300365 0.44158280 0.43617612 0.43942612 0.44978547 0.44674820 0.45201892 0.44474030 0.44508976 0.44151825 0.44757658 0.44379997 0.43643242 0.43205762 0.44063616 0.43458521 0.43433815 0.43405241 0.43178415 0.43823266 0.44147784 0.43766713 0.43360949 0.42964929 0.43652582 0.42587763 0.42238557 0.42186713 0.41690618 0.41391492 0.41705418 0.41766590 0.41386247 0.41565621 0.41679293 0.41132724 0.41120976 0.42682230 0.36352336 0.03547156 0.00000000 0.00000000 0.00000000 0.00000000 0.00000000 0.00000000 0.00000000 0.00000000 0.00000000 0.00000000 0.00000000 0.00000000 0.00000000 0.00000000 0.00000000 0.00000000 0.00000000 0.00000000 0.00000000 0.00000000 0.00000000 0.00000000 0.00000000 0.00000000 0.00000000 0.00000000 0.00000000 0.00000000 0.00000000 0.00000000 0.00000000 0.00000000 0.00000000 0.00000000 0.00000000 0.00000000 0.00000000 0.17606270 0.31094444 0.33651292 0.37449163 0.42092830
0.39668924 0.39788383 0.39704967 0.40709716 0.40938002 0.40939838 0.39972460 0.44225442 0.52153534 0.24049419 0.41201264 0.63230270 0.41784060 0.20100820 0.42066765 0.36362833 0.04251134 0.39196426 0.69878966 0.33022332 0.02293819 0.67377818 0.57424319 0.03711084 0.71429670 0.27196619 0.20850682 0.69620717 0.31804889 0.03839760 0.71923184 0.60407192 0.00000000 0.59757960 0.63172114 0.19056809 0.29830420 0.56792551 0.28126386 0.14946759 0.43564999 0.44398302 0.43885517 0.44216996 0.44322616 0.45038652 0.44322461 0.45769739 0.45738584 0.45625979 0.44940269 0.44198561 0.44827831 0.45832235 0.43806255 0.43421298 0.43896902 0.43858063 0.43352187 0.43316251 0.43382484 0.43555349 0.43419319 0.43340451 0.43485868 0.43230546 0.42915404 0.43095130 0.42191499 0.41927946 0.42024559 0.41451108 0.42061573 0.41536021 0.41151845 0.40990633 0.40829504 0.40689045 0.42914975 0.41509163 0.15703362 0.00000000 0.00000000 0.00000000 0.00000000 0.00000000 0.00000000 0.00000000 0.00000000 0.00000000 0.00000000 0.00000000 0.00000000 0.00000000 0.00000000 0.00000000 0.00000000 0.00000000 0.00000000 0.00000000 0.00000000 0.00000000 0.00000000 0.00000000 0.00000000 0.00000000 0.00000000 0.00000000 0.00000000 0.00000000 0.00000000 0.00000000 0.00000000 0.00000000 0.00000000 0.00000000 0.00000000 0.00000000 0.00000000 0.13193235 0.35527110 0.39469993 0.39655733 0.43479753
0.40324795 0.40025079 0.40703452 0.40736449 0.41790134 0.40538496 0.40744853 0.40983033 0.43223143 0.47613674 0.43850189 0.45567465 0.49451876 0.48466241 0.35381180 0.36091465 0.36149180 0.42666435 0.50154483 0.43230563 0.31186211 0.50594521 0.49829489 0.31507790 0.55084014 0.39943439 0.37194943 0.51151270 0.44382328 0.31551087 0.49651390 0.53604710 0.40876502 0.40441167 0.53015977 0.55381405 0.28335708 0.43797106 0.45114475 0.37689370 0.43159610 0.44172466 0.43993551 0.43529105 0.44521999 0.44028801 0.44271266 0.44332761 0.44944125 0.44554108 0.45204568 0.44566673 0.44812751 0.44622391 0.44339800 0.43879604 0.44236284 0.43721008 0.43662459 0.43984956 0.43484914 0.43726063 0.43725193 0.43000871 0.43205225 0.42984730 0.42196387 0.42173928 0.42614454 0.42399162 0.41541904 0.42390096 0.42353970 0.41436809 0.40632546 0.40667057 0.40157419 0.42411274 0.41583592 0.23500934 0.00000000 0.00000000 0.00000000 0.00000000 0.00000000 0.00000000 0.00000000 0.00000000 0.00000000 0.00000000 0.00000000 0.00000000 0.00000000 0.00000000 0.00000000 0.00000000 0.00000000 0.00000000 0.00000000 0.00000000 0.00000000 0.00000000 0.00000000 0.00000000 0.00000000 0.00000000 0.00000000 0.00000000 0.00000000 0.00000000 0.00000000 0.00000000 0.00000000 0.00000000 0.00000000 0.00000000 0.00000000 0.00000000 0.00000000 0.01151143 0.28178000 0.40254694 0.42631435 0.44096649
0.40195668 0.40139008 0.40024781 0.40859437 0.41025251 0.40215075 0.41051912 0.41798884 0.41430402 0.40515465 0.41524214 0.41093224 0.40875202 0.40862101 0.42356861 0.43305796 0.42949873 0.41518468 0.41326565 0.42060369 0.42317486 0.41435939 0.42398226 0.44128251 0.42026353 0.43164665 0.43758672 0.42659622 0.43415028 0.44736814 0.42533082 0.42941123 0.44726557 0.43586332 0.43004978 0.42364186 0.44224030 0.42769754 0.43825328 0.44495475 0.44160956 0.44022173 0.43916142 0.44559968 0.44104338 0.44603783 0.43655020 0.44123524 0.44033724 0.44369602 0.44600075 0.43982536 0.43111444 0.43510121 0.43500781 0.43327904 0.43558699 0.43134224 0.43278545 0.43365949 0.43320990 0.43215036 0.43261111 0.43263608 0.42767560 0.42660290 0.42183912 0.42208129 0.42141026 0.41735864 0.41302931 0.40842706 0.41085279 0.40850604 0.40088487 0.39986777 0.41604543 0.40364748 0.24609256 0.00000000 0.00000000 0.00000000 0.00000000 0.00000000 0.00000000 0.00000000 0.00000000 0.00000000 0.00000000 0.00000000 0.00000000 0.00000000 0.00000000 0.00000000 0.00000000 0.00000000 0.00000000 0.00000000 0.00000000 0.00000000 0.00000000 0.00000000 0.00000000 0.00000000 0.00000000 0.00000000 0.00000000 0.00000000 0.00000000 0.00000000 0.00000000 0.00000000 0.00000000 0.00000000 0.00000000 0.00000000 0.00000000 0.00000000 0.00000000 0.00000000 0.19437188 0.34837723 0.42552358 0.44940293
0.41320944 0.41218179 0.40164798 0.40555286 0.41124493 0.41187680 0.40505916 0.41235363 0.41306490 0.40754092 0.41059524 0.41110009 0.41537607 0.41677767 0.41893119 0.42691755 0.42397362 0.41921347 0.42176032 0.42539370 0.41913217 0.42280185 0.42667955 0.43118840 0.42750591 0.42928475 0.42983538 0.43269384 0.43286633 0.43122900 0.43755043 0.44103158 0.43697488 0.44436824 0.44407308 0.43784142 0.43104059 0.43894547 0.43752885 0.43487704 0.44139534 0.44045490 0.44412023 0.43876398 0.45291024 0.44579422 0.45055175 0.44897342 0.43920046 0.44990438 0.45305920 0.44983488 0.44208443 0.43794775 0.45101899 0.44580013 0.43344170 0.43206429 0.43189543 0.42632324 0.42647111 0.42695296 0.42671621 0.42447233 0.42265648 0.42203051 0.42161202 0.41925198 0.42160034 0.41926986 0.41668111 0.40998864 0.40489316 0.40742141 0.40762615 0.38369584 0.30925506 0.16547233 0.00000000 0.00000000 0.00000000 0.00000000 0.00000000 0.00000000 0.00000000 0.00000000 0.00000000 0.00000000 0.00000000 0.00000000 0.00000000 0.00000000 0.00000000 0.00000000 0.00000000 0.00000000 0.00000000 0.00000000 0.00000000 0.00000000 0.00000000 0.00000000 0.00000000 0.00000000 0.00000000 0.00000000 0.00000000 0.00000000 0.00000000 0.00000000 0.00000000 0.00000000 0.00000000 0.00000000 0.00000000 0.00000000 0.00000000 0.00000000 0.00000000 0.00000000 0.21713287 0.39322281 0.44582021 0.45012414
0.40842921 0.40857130 0.40538710 0.40436155 0.40474546 0.41088575 0.41489434 0.41124570 0.41311693 0.41364223 0.41809243 0.41982681 0.41547757 0.42028958 0.42492092 0.42247254 0.42777240 0.42768878 0.42848617 0.42684567 0.42887169 0.42458111 0.43025666 0.43563819 0.43175167 0.43131584 0.43315440 0.43123341 0.42804176 0.43438637 0.43675607 0.43532968 0.43431127 0.43745768 0.43747056 0.43643355 0.43965882 0.43033552 0.43983912 0.43735063 0.43712085 0.44688189 0.43754065 0.44330204 0.44382012 0.44384748 0.44613874 0.44703776 0.43724054 0.43947786 0.44145620 0.43976915 0.43456995 0.43794805 0.44202101 0.44543636 0.44071293 0.43753725 0.43616509 0.43411505 0.42843264 0.43272161 0.42628539 0.41967618 0.41822231 0.41663146 0.41470975 0.41288382 0.41235387 0.40944076 0.41056240 0.41874349 0.41237259 0.37133676 0.25811860 0.09378326 0.00000000 0.00000000 0.00000000 0.00000000 0.00000000 0.00000000 0.00000000 0.00000000 0.00000000 0.00000000 0.00000000 0.00000000 0.00000000 0.00000000 0.00000000 0.00000000 0.00000000 0.00000000 0.00000000 0.00000000 0.00000000 0.00000000 0.00000000 0.00000000 0.00000000 0.00000000 0.00000000 0.00000000 0.00000000 0.00000000 0.00000000 0.00000000 0.00000000 0.00000000 0.00000000 0.00000000 0.00000000 0.00000000 0.00000000 0.00000000 0.00000000 0.00000000 0.00000000 0.00000000 0.16755497 0.36100286 0.44289988 0.46888256
0.40577930 0.40539598 0.40994757 0.40622944 0.40263665 0.41182685 0.40814805 0.41186446 0.41806024 0.41384095 0.42020333 0.41839868 0.42041034 0.42069745 0.42196083 0.42441177 0.41615313 0.42753923 0.42626286 0.42826611 0.42567444 0.41930282 0.42447060 0.43117535 0.43432385 0.42987424 0.42952758 0.42847294 0.43456924 0.43437326 0.44066095 0.43200874 0.43025637 0.44008094 0.43934762 0.43788773 0.44134969 0.43711245 0.42592067 0.43159914 0.44121945 0.43689322 0.44150722 0.44185400 0.44405097 0.44115329 0.44624567 0.44664901 0.44686329 0.44290107 0.44487965 0.44242185 0.44106907 0.44287908 0.44403684 0.43652785 0.42899477 0.42976046 0.42748779 0.42871755 0.42809314 0.42640334 0.42202276 0.42044526 0.41934037 0.42033017 0.41628772 0.41408974 0.41209310 0.41032791 0.41481262 0.41779906 0.34635019 0.12709546 0.00000000 0.00000000 0.00000000 0.00000000 0.00000000 0.00000000 0.00000000 0.00000000 0.00000000 0.00000000 0.00000000 0.00000000 0.00000000 0.00000000 0.00000000 0.00000000 0.00000000 0.00000000 0.00000000 0.00000000 0.00000000 0.00000000 0.00000000 0.00000000 0.00000000 0.00000000 0.00000000 0.00000000 0.00000000 0.00000000 0.00000000 0.00000000 0.00000000 0.00000000 0.00000000 0.00000000 0.00000000 0.00000000 0.00000000 0.00000000 0.00000000 0.00000000 0.00000000 0.00000000 0.00000000 0.00000000 0.08934689 0.28044930 0.42308158 0.45981807
0.40277243 0.41207463 0.40549040 0.40597981 0.40172112 0.40604341 0.41441798 0.41095102 0.40957308 0.41940659 0.41918683 0.40882075 0.41719180 0.42510259 0.42324847 0.42082489 0.42438936 0.42567736 0.42426014 0.42560136 0.42554474 0.42729497 0.42607796 0.42474926 0.42768490 0.43885815 0.42907006 0.43119782 0.43330443 0.42999643 0.43063033 0.43057698 0.43062764 0.42655492 0.43383867 0.44036800 0.43164486 0.43443179 0.42812651 0.42419761 0.43571782 0.43495369 0.43344194 0.44005042 0.42957824 0.43713576 0.43576622 0.43523002 0.43832171 0.43123144 0.43053478 0.43523967 0.43600309 0.44111317 0.44074404 0.42652118 0.42700040 0.42997670 0.43115264 0.42552072 0.42558765 0.42202967 0.41832447 0.41343212 0.41611141 0.41403383 0.41556644 0.40932095 0.40295404 0.41458702 0.42123628 0.33716571 0.10660368 0.00000000 0.00000000 0.00000000 0.00000000 0.00000000 0.00000000 0.00000000 0.00000000 0.00000000 0.00000000 0.00000000 0.00000000 0.00000000 0.00000000 0.00000000 0.00000000 0.00000000 0.00000000 0.00000000 0.00000000 0.00000000 0.00000000 0.00000000 0.00000000 0.00000000 0.00000000 0.00000000 0.00000000 0.03621992 0.06490222 0.00000000 0.00000000 0.00000000 0.00000000 0.00000000 0.00000000 0.00000000 0.00000000 0.00000000 0.00000000 0.00000000 0.00000000 0.00000000 0.00000000 0.00000000 0.00000000 0.00000000 0.04695454 0.28734013 0.42924362 0.45938766
0.41070753 0.41129571 0.41780680 0.41602367 0.41587120 0.41714597 0.41410327 0.42185611 0.41715145 0.41990846 0.42174160 0.41477001 0.41595674 0.42699260 0.42235273 0.42074949 0.42270517 0.42392713 0.42708880 0.42254150 0.43006122 0.42727292 0.42711377 0.43173522 0.42896271 0.43371296 0.43380809 0.43187267 0.43393803 0.43117511 0.42663360 0.43307894 0.44367677 0.43712431 0.43240869 0.44158179 0.43818432 0.43398201 0.43791473 0.43548810 0.43981713 0.43569767 0.43761629 0.44045526 0.43932569 0.43479520 0.43811673 0.44138062 0.43771869 0.43134981 0.43289930 0.44084346 0.43800741 0.43014657 0.42795235 0.42811769 0.43185395 0.43525797 0.43043149 0.43487251 0.42909110 0.42618996 0.42274332 0.42519182 0.42275256 0.41655713 0.41360611 0.41205156 0.41239291 0.42750108 0.36939257 0.08925402 0.00000000 0.00000000 0.00000000 0.00000000 0.00000000 0.00000000 0.00000000 0.00000000 0.00000000 0.00000000 0.00000000 0.00000000 0.00000000 0.00000000 0.00000000 0.00000000 0.00000000 0.00000000 0.00000000 0.00000000 0.00000000 0.00000000 0.00000000 0.00000000 0.00000000 0.00000000 0.00000000 0.00000000 0.00000000 0.04528350 0.07627398 0.00000000 0.00000000 0.00000000 0.00000000 0.00000000 0.00000000 0.00000000 0.00000000 0.00000000 0.00000000 0.00000000 0.00000000 0.00000000 0.00000000 0.00000000 0.00000000 0.00000000 0.00000000 0.26174912 0.43268913 0.46847373
0.40792722 0.40957761 0.41019768 0.41219610 0.41742402 0.42104429 0.41102082 0.41044801 0.41901940 0.41550714 0.42020035 0.41483492 0.42073029 0.42893481 0.42317492 0.42558146 0.43076414 0.42453611 0.42112392 0.42563522 0.42646891 0.43026280 0.42577231 0.42614359 0.43266433 0.43637484 0.43520153 0.43406224 0.43154794 0.43266159 0.43477726 0.43290603 0.43612230 0.43440503 0.42968887 0.42393845 0.43065012 0.43522811 0.43091625 0.42881113 0.43166441 0.43243754 0.42709929 0.43323469 0.43661630 0.42944884 0.43061435 0.42894751 0.43412566 0.43596375 0.43071520 0.42945778 0.43897861 0.43275350 0.42488891 0.42654622 0.44090885 0.43105668 0.43035805 0.42410982 0.42254049 0.42321336 0.41628307 0.41848189 0.41757101 0.41270065 0.40398538 0.41007328 0.42639488 0.40431952 0.19435504 0.00000000 0.00000000 0.00000000 0.00000000 0.00000000 0.00000000 0.00000000 0.00000000 0.00000000 0.00000000 0.00000000 0.00000000 0.00000000 0.00000000 0.00000000 0.00000000 0.00000000 0.00000000 0.00000000 0.00000000 0.00000000 0.00000000 0.00000000 0.00000000 0.00000000 0.00000000 0.00000000 0.00000000 0.00000000 0.00000000 0.00000000 0.06216714 0.00000000 0.00000000 0.00000000 0.00000000 0.00000000 0.00000000 0.00000000 0.00000000 0.00000000 0.00000000 0.00000000 0.00000000 0.00000000 0.00000000 0.00000000 0.00000000 0.00000000 0.00000000 0.24348041 0.42982000 0.46825641
0.41080290 0.40808833 0.41101468 0.41293705 0.41611612 0.41959190 0.41598392 0.41458744 0.41802555 0.41474205 0.41897506 0.42124444 0.41668022 0.41800845 0.42899400 0.42344391 0.42636514 0.42583209 0.42079693 0.42340440 0.42620021 0.42609072 0.42324853 0.42680001 0.43127531 0.43216610 0.42968041 0.43321848 0.42603338 0.42884779 0.43589389 0.43455017 0.42767239 0.42981994 0.43414003 0.42657405 0.42574286 0.43074304 0.42895329 0.42646849 0.42826998 0.43312526 0.42710394 0.42789006 0.43208796 0.43246222 0.43134141 0.43135768 0.42669386 0.43574649 0.43495047 0.42940819 0.42691541 0.42997777 0.42870837 0.43205237 0.42709750 0.42136967 0.42580020 0.42598993 0.42073923 0.41136867 0.41496783 0.41657352 0.41188943 0.40231538 0.40392202 0.41411006 0.41666168 0.23525485 0.00000000 0.00000000 0.00000000 0.00000000 0.00000000 0.00000000 0.00000000 0.00000000 0.00000000 0.00000000 0.00000000 0.00000000 0.00000000 0.00000000 0.00000000 0.00000000 0.00000000 0.00000000 0.00000000 0.00000000 0.00000000 0.00000000 0.00000000 0.00000000 0.00000000 0.00000000 0.00000000 0.00000000 0.00000000 0.00000000 0.00000000 0.00000000 0.00000000 0.00000000 0.00000000 0.00000000 0.00000000 0.00000000 0.00000000 0.00000000 0.00000000 0.00000000 0.00000000 0.00000000 0.00000000 0.00000000 0.00000000 0.00000000 0.00000000 0.00000000 0.00000000 0.20295846 0.40799862 0.45957285
0.40826625 0.41052079 0.41173369 0.41507030 0.41167605 0.41466731 0.41425389 0.41578645 0.41647911 0.42153382 0.41942370 0.42739558 0.42615008 0.41823304 0.41997653 0.42530137 0.42290151 0.42642474 0.42797124 0.42618263 0.42456555 0.43151271 0.42625278 0.42834717 0.43776870 0.43720108 0.43586028 0.43507880 0.43968433 0.43364894 0.43197632 0.43601418 0.43002570 0.43020737 0.44093853 0.43120176 0.42686927 0.43076688 0.42917639 0.43104464 0.43909955 0.43323427 0.43399924 0.42855620 0.43471509 0.43070322 0.42861301 0.42706126 0.42927551 0.42882186 0.43249607 0.43303084 0.42713529 0.43009382 0.43244714 0.42517132 0.42730957 0.41830575 0.41349238 0.42198169 0.41407436 0.41013288 0.40394288 0.40911609 0.41031301 0.40463179 0.40433294 0.43097842 0.35439569 0.00000000 0.00000000 0.00000000 0.00000000 0.00000000 0.00000000 0.00000000 0.00000000 0.00000000 0.00000000 0.00000000 0.00000000 0.00000000 0.00000000 0.00000000 0.00000000 0.00000000 0.00000000 0.00000000 0.00000000 0.00000000 0.00000000 0.00000000 0.00000000 0.00000000 0.00000000 0.00000000 0.00000000 0.00000000 0.00000000 0.00000000 0.00000000 0.00000000 0.00000000 0.00000000 0.00000000 0.00000000 0.00000000 0.00000000 0.00000000 0.00000000 0.00000000 0.00000000 0.00000000 0.00000000 0.00000000 0.00000000 0.00000000 0.00000000 0.00000000 0.00000000 0.00000000 0.18118322 0.40260559 0.45782220
0.41061443 0.41074574 0.41223127 0.41381496 0.41554898 0.40891457 0.42005384 0.41499996 0.41364026 0.41473836 0.42486113 0.42174554 0.42957795 0.42369437 0.42042303 0.42433447 0.42283058 0.42005897 0.42752820 0.42538154 0.41932428 0.41900867 0.42837709 0.42335010 0.42433518 0.42745191 0.43062782 0.42867637 0.42851245 0.43085366 0.42565084 0.42683530 0.42471498 0.43276393 0.42645347 0.42474025 0.42251581 0.41771668 0.42248470 0.42648160 0.43081677 0.42833501 0.42713892 0.42956686 0.42079908 0.42376202 0.42212349 0.42189384 0.42072541 0.42230600 0.42196310 0.42345148 0.41752219 0.42414969 0.42220873 0.41868794 0.41670185 0.41478491 0.41781765 0.41270584 0.40469915 0.41083580 0.40964168 0.39969736 0.40178859 0.40122938 0.40980381 0.40538812 0.13675493 0.00000000 0.00000000 0.00000000 0.00000000 0.00000000 0.00000000 0.00000000 0.00000000 0.00000000 0.00000000 0.00000000 0.00000000 0.00000000 0.00000000 0.00000000 0.00000000 0.00000000 0.00000000 0.00000000 0.00000000 0.00000000 0.00000000 0.00000000 0.00000000 0.00000000 0.00000000 0.00000000 0.00000000 0.00000000 0.00000000 0.00000000 0.00000000 0.00000000 0.00000000 0.00000000 0.00000000 0.00000000 0.00000000 0.00000000 0.00000000 0.00000000 0.00000000 0.00000000 0.00000000 0.00000000 0.00000000 0.00000000 0.00000000 0.00000000 0.00000000 0.00000000 0.00000000 0.19666392 0.41124743 0.45579362
0.41046888 0.41280746 0.41638994 0.42154294 0.41218382 0.42269200 0.41939199 0.42322946 0.41890466 0.42134601 0.42458463 0.42810005 0.42463988 0.42205876 0.42572641 0.42642856 0.42909276 0.42702168 0.42630941 0.43158245 0.42850536 0.43192720 0.43099898 0.43799502 0.43954206 0.43106663 0.43515110 0.44598889 0.43737030 0.43648905 0.43808901 0.43150616 0.44157135 0.44054735 0.43566698 0.42850894 0.43539023 0.42975992 0.42725670 0.43645728 0.42989653 0.42820781 0.43218219 0.42852277 0.43390590 0.42498755 0.42847556 0.42903966 0.42971575 0.43080211 0.42603642 0.42473930 0.42317599 0.42003679 0.42118657 0.41703284 0.41457415 0.41018373 0.41282690 0.41015118 0.41408747 0.40869719 0.40377861 0.40024495 0.39933389 0.39775449 0.43014860 0.31455970 0.00000000 0.00000000 0.00000000 0.00000000 0.00000000 0.00000000 0.00000000 0.00000000 0.00000000 0.00000000 0.00000000 0.00000000 0.00000000 0.00000000 0.00000000 0.00000000 0.00000000 0.00000000 0.00000000 0.00000000 0.00000000 0.00000000 0.00000000 0.00000000 0.00000000 0.00000000 0.00000000 0.00000000 0.00000000 0.00000000 0.00000000 0.00000000 0.00000000 0.00000000 0.00000000 0.00000000 0.00000000 0.00000000 0.00000000 0.00000000 0.00000000 0.00000000 0.00000000 0.00000000 0.00000000 0.00000000 0.00000000 0.00000000 0.00000000 0.00000000 0.00000000 0.00000000 0.03273937 0.18707189 0.40153676 0.46652359
0.40883142 0.41760296 0.42424119 0.41876519 0.42400903 0.42196369 0.42486519 0.42049128 0.42272365 0.42505425 0.42255175 0.42504722 0.42485046 0.42455035 0.42515486 0.43469220 0.43107647 0.42810947 0.43136996 0.42784172 0.43627506 0.43201083 0.43155080 0.43011904 0.43505549 0.43597472 0.43432701 0.43435603 0.43566340 0.43697900 0.43450934 0.43788767 0.43382347 0.43666160 0.43736464 0.43637234 0.43622702 0.43199366 0.43270797 0.43186200 0.42977631 0.43236440 0.42589873 0.42784989 0.42554855 0.42808783 0.42681235 0.42713255 0.42720342 0.43634921 0.43236744 0.43229264 0.42924875 0.43279475 0.42147118 0.41953778 0.41612089 0.41883808 0.41081786 0.40847892 0.40986466 0.41051376 0.40517473 0.40128851 0.39455283 0.41069424 0.41380155 0.16082349 0.00000000 0.00000000 0.00000000 0.00000000 0.00000000 0.00000000 0.00000000 0.00000000 0.00000000 0.00000000 0.00000000 0.00000000 0.00000000 0.00000000 0.00000000 0.00000000 0.00000000 0.00000000 0.00000000 0.00000000 0.00000000 0.00000000 0.00000000 0.00000000 0.00000000 0.00000000 0.00000000 0.00000000 0.00000000 0.00000000 0.00000000 0.00000000 0.00000000 0.00000000 0.00000000 0.00000000 0.00000000 0.00000000 0.00000000 0.00000000 0.00000000 0.00000000 0.00000000 0.00000000 0.00000000 0.00000000 0.00000000 0.00000000 0.00000000 0.00000000 0.00000000 0.00000000 0.06372696 0.20851260 0.40754449 0.46577090
0.41234130 0.42219865 0.41529894 0.42383498 0.42425287 0.42495906 0.41902995 0.41976398 0.42219096 0.43121547 0.42095822 0.41582513 0.43299353 0.42950511 0.43105179 0.42789704 0.42923677 0.43389308 0.42596018 0.43150747 0.43482184 0.43482083 0.43435746 0.43738586 0.42943525 0.43786722 0.43784463 0.43076569 0.43834603 0.43276054 0.43848908 0.43307215 0.43580019 0.43928289 0.43879354 0.43822753 0.43409187 0.43624038 0.42859495 0.42537218 0.43441153 0.43111104 0.43348920 0.43154693 0.43646413 0.42859477 0.42831385 0.43238521 0.42401975 0.41887516 0.43218452 0.41935027 0.42357713 0.42275912 0.41673338 0.41953206 0.41665447 0.40972412 0.41438675 0.40782088 0.39964294 0.40424371 0.40278125 0.39894623 0.39259207 0.41924363 0.31979495 0.00860387 0.00000000 0.00000000 0.00000000 0.00000000 0.00000000 0.00000000 0.00000000 0.00000000 0.00000000 0.00000000 0.00000000 0.00000000 0.00000000 0.00000000 0.00000000 0.00000000 0.00000000 0.00000000 0.00000000 0.00000000 0.00000000 0.00000000 0.00000000 0.00000000 0.00000000 0.00000000 0.00000000 0.00000000 0.00000000 0.00000000 0.00000000 0.00000000 0.00000000 0.00000000 0.00000000 0.00000000 0.00000000 0.00000000 0.00000000 0.00000000 0.00000000 0.00000000 0.00000000 0.00000000 0.00000000 0.00000000 0.00000000 0.00000000 0.00000000 0.00000000 0.00000000 0.00000000 0.12022611 0.24208486 0.43367749 0.47608715
0.42423576 0.42288214 0.42433643 0.42381984 0.43035275 0.42383069 0.42509228 0.42841142 0.42364872 0.42746943 0.42329335 0.43256980 0.43269718 0.43910080 0.43502092 0.43124241 0.43388861 0.43231302 0.42795801 0.42582083 0.43544978 0.43538767 0.43586999 0.43859845 0.43921930 0.44260573 0.43970615 0.43936259 0.43895572 0.44159114 0.44270474 0.44181269 0.43743461 0.43987983 0.44426274 0.44080925 0.43799627 0.43692350 0.43197352 0.43339610 0.43304986 0.43930000 0.43612826 0.43040287 0.43371308 0.43951792 0.43241978 0.43497044 0.42859966 0.42482644 0.42410785 0.42845243 0.42202759 0.42247921 0.41950887 0.41988176 0.41308862 0.40674192 0.40830946 0.40444648 0.40578640 0.40579379 0.40210950 0.40084368 0.40788752 0.41830158 0.19301665 0.00000000 0.00000000 0.00000000 0.00000000 0.00000000 0.00000000 0.00000000 0.00000000 0.00000000 0.00000000 0.00000000 0.00000000 0.00000000 0.00000000 0.00000000 0.00000000 0.00000000 0.00000000 0.00000000 0.00000000 0.00000000 0.00000000 0.00000000 0.00000000 0.00000000 0.00000000 0.00000000 0.00000000 0.00000000 0.00000000 0.00000000 0.00000000 0.00000000 0.00000000 0.00000000 0.00000000 0.00000000 0.00000000 0.00000000 0.00000000 0.00000000 0.00000000 0.00000000 0.00000000 0.00000000 0.00000000 0.00000000 0.00000000 0.00000000 0.00000000 0.00000000 0.00000000 0.07232565 0.18633193 0.28026330 0.43682820 0.48879248
0.42221576 0.42283034 0.41869575 0.42411333 0.42658216 0.42922223 0.42247373 0.42508191 0.43331486 0.41925323 0.42754638 0.43114609 0.43203568 0.43097216 0.43323892 0.43255037 0.43214935 0.43300056 0.42718393 0.43282968 0.43261564 0.43849212 0.43725216 0.44268095 0.44648701 0.44563901 0.44379497 0.43535447 0.43884593 0.43891513 0.43246114 0.44130021 0.44696552 0.43845683 0.43784904 0.43720448 0.43393654 0.43305051 0.43465364 0.43283665 0.44140726 0.43608367 0.43420470 0.43798667 0.42960221 0.43249530 0.43915862 0.42687613 0.42710066 0.42456371 0.42300063 0.42745686 0.42896748 0.42491895 0.42470330 0.41952986 0.42062545 0.41172838 0.40939552 0.41012478 0.40850163 0.40073001 0.40143710 0.40278196 0.42669427 0.33301544 0.00135392 0.00000000 0.00000000 0.00000000 0.00000000 0.00000000 0.00000000 0.00000000 0.00000000 0.00000000 0.00000000 0.00000000 0.00000000 0.00000000 0.00000000 0.00000000 0.00000000 0.00000000 0.00000000 0.00000000 0.00000000 0.00000000 0.00000000 0.00000000 0.00000000 0.00000000 0.00000000 0.00000000 0.00000000 0.00000000 0.00000000 0.00000000 0.00000000 0.00000000 0.00000000 0.00000000 0.00000000 0.00000000 0.00000000 0.00000000 0.00000000 0.00000000 0.00000000 0.00000000 0.00000000 0.00000000 0.00000000 0.00000000 0.00000000 0.00000000 0.00000000 0.00000000 0.00000000 0.17644063 0.24261701 0.33038604 0.45453310 0.48928100
0.41759330 0.41043991 0.41537654 0.42143035 0.41730779 0.41911924 0.42657751 0.42364478 0.42234701 0.42680055 0.42841005 0.43136460 0.42745447 0.42153460 0.43414599 0.43605405 0.43016446 0.42926198 0.43139809 0.43745011 0.43501711 0.43223196 0.44335330 0.44545555 0.44384509 0.44230473 0.43965799 0.43912858 0.42984343 0.43416709 0.43437648 0.43662643 0.43455321 0.43362451 0.43453205 0.43531317 0.42846382 0.43143940 0.43668807 0.43120712 0.43562490 0.43194461 0.43014574 0.43010306 0.43349129 0.42242247 0.42853367 0.43416458 0.42195320 0.42211378 0.41794765 0.41749245 0.41911161 0.41941524 0.40937144 0.41441095 0.41524094 0.40877932 0.40679902 0.40609539 0.40907896 0.40076250 0.39799201 0.41616100 0.42483318 0.17710340 0.00000000 0.00000000 0.00000000 0.00000000 0.00000000 0.00000000 0.00000000 0.00000000 0.00000000 0.00000000 0.00000000 0.00000000 0.00000000 0.00000000 0.00000000 0.00000000 0.00000000 0.00000000 0.00000000 0.00000000 0.00000000 0.00000000 0.00000000 0.00000000 0.00000000 0.00000000 0.00000000 0.00000000 0.00000000 0.00000000 0.00000000 0.00000000 0.00000000 0.00000000 0.00000000 0.00000000 0.00000000 0.00000000 0.00000000 0.00000000 0.00000000 0.00000000 0.00000000 0.00000000 0.00000000 0.00000000 0.00000000 0.00000000 0.00000000 0.00000000 0.00000000 0.00000000 0.01086017 0.23100585 0.26084298 0.36177850 0.46694082 0.48015642
0.41749430 0.41680402 0.42246675 0.42561787 0.42444265 0.42188960 0.41974312 0.42649502 0.42800349 0.42818403 0.42742556 0.43500030 0.43300921 0.43089372 0.43778038 0.43507147 0.43355662 0.43304610 0.43172896 0.44226998 0.43957812 0.44117761 0.44559163 0.44548267 0.44627225 0.44002461 0.43669093 0.44520158 0.44310957 0.43469334 0.44029433 0.43516135 0.44057804 0.43657088 0.43095499 0.43436044 0.43019789 0.42903042 0.43597913 0.44473130 0.42964989 0.42932272 0.43345827 0.42910618 0.43172103 0.43278438 0.42705250 0.42865008 0.43189949 0.42584676 0.42180735 0.42149842 0.42051315 0.41418892 0.41603065 0.41077346 0.40620995 0.40759349 0.40389997 0.40149975 0.40561295 0.40145802 0.39686835 0.43057674 0.33296847 0.00000000 0.00000000 0.00000000 0.00000000 0.00000000 0.00000000 0.00000000 0.00000000 0.00000000 0.00000000 0.00000000 0.00000000 0.00000000 0.00000000 0.00000000 0.00000000 0.00000000 0.00000000 0.00000000 0.00000000 0.00000000 0.00000000 0.00000000 0.00000000 0.00000000 0.00000000 0.00000000 0.00000000 0.00000000 0.00000000 0.00000000 0.00000000 0.00000000 0.00000000 0.00000000 0.00000000 0.00000000 0.00000000 0.00000000 0.00000000 0.00000000 0.00000000 0.00000000 0.00000000 0.00000000 0.00000000 0.00000000 0.00000000 0.00000000 0.00000000 0.00000000 0.00000000 0.00000000 0.14870325 0.26903138 0.27720228 0.41091537 0.48529118 0.48576480
0.41340220 0.41595984 0.41717255 0.41713858 0.42158854 0.42311597 0.42484969 0.41811234 0.42947012 0.43098599 0.42462462 0.43436420 0.43086725 0.43907619 0.43474936 0.43468046 0.43173319 0.43717235 0.43401390 0.43166822 0.43700415 0.44272321 0.43548602 0.43531889 0.43195242 0.43513435 0.43697906 0.44243675 0.43172914 0.43548757 0.43548483 0.43051082 0.43796402 0.43907583 0.43554640 0.43052709 0.43032873 0.43040651 0.42963982 0.43040943 0.43123674 0.42534989 0.42763758 0.43040425 0.42709225 0.42396003 0.42635196 0.42756194 0.42305160 0.42419690 0.42326236 0.42365032 0.41806465 0.41611439 0.41336685 0.41190785 0.40860659 0.40782642 0.40875793 0.40059984 0.39861876 0.39546502 0.41124541 0.42374897 0.16795784 0.00000000 0.00000000 0.00000000 0.00000000 0.00000000 0.00000000 0.00000000 0.00000000 0.00000000 0.00000000 0.00000000 0.00000000 0.00000000 0.00000000 0.00000000 0.00000000 0.00000000 0.00000000 0.00000000 0.00000000 0.00000000 0.00000000 0.00000000 0.00000000 0.00000000 0.00000000 0.00000000 0.00000000 0.00000000 0.00000000 0.00000000 0.00000000 0.00000000 0.00000000 0.00000000 0.00000000 0.00000000 0.00000000 0.00000000 0.00000000 0.00000000 0.00000000 0.00000000 0.00000000 0.00000000 0.00000000 0.00000000 0.00000000 0.00000000 0.00000000 0.00000000 0.00000000 0.00000000 0.18706983 0.22702882 0.31572777 0.45253325 0.47054952 0.48684329
0.42258477 0.42203200 0.41481018 0.41769880 0.41789049 0.42377508 0.42740345 0.41800660 0.42152548 0.42227668 0.42672622 0.42483580 0.43110859 0.43283087 0.43495905 0.43242693 0.43460804 0.43168598 0.43882674 0.43214184 0.43008322 0.43632853 0.43828356 0.43440825 0.44613135 0.43936777 0.44408882 0.44328284 0.44289595 0.43244630 0.43607247 0.44262052 0.43008697 0.43006945 0.43224496 0.43250340 0.43087429 0.42879236 0.43074304 0.42643416 0.42724532 0.43531460 0.42853069 0.42788798 0.42862421 0.42201155 0.42607975 0.42999774 0.42966026 0.42168605 0.42075151 0.41848463 0.40879166 0.40585434 0.40954655 0.40896076 0.40327996 0.40405059 0.40654182 0.40033370 0.39489710 0.41700089 0.42444515 0.21867168 0.00000000 0.00000000 0.00000000 0.00000000 0.00000000 0.00000000 0.00000000 0.00000000 0.00000000 0.00000000 0.00000000 0.00000000 0.00000000 0.00000000 0.00000000 0.00000000 0.00000000 0.00000000 0.00000000 0.00000000 0.00000000 0.00000000 0.00000000 0.00000000 0.00000000 0.00000000 0.00000000 0.00000000 0.00000000 0.00000000 0.00000000 0.00000000 0.00000000 0.00000000 0.00000000 0.00000000 0.00000000 0.00000000 0.00000000 0.00000000 0.00000000 0.00000000 0.00000000 0.00000000 0.00000000 0.00000000 0.00000000 0.00000000 0.00000000 0.00000000 0.00000000 0.00000000 0.00000000 0.01089641 0.19352189 0.22791737 0.37310535 0.46360844 0.48174733 0.48559111
0.42741680 0.42428017 0.42084277 0.42044330 0.42306489 0.42901742 0.42831886 0.43201441 0.42305017 0.42489678 0.42943710 0.43119860 0.43025899 0.43332058 0.43371290 0.42533094 0.43288571 0.43678939 0.42867255 0.43447453 0.42440164 0.43081707 0.43567932 0.44338953 0.43866342 0.44234025 0.44419366 0.43958658 0.43952954 0.44565576 0.44601989 0.43747258 0.44073308 0.43487442 0.43215245 0.43652123 0.43225545 0.42584836 0.42392164 0.42562586 0.43091297 0.43184692 0.43052888 0.42134178 0.41878408 0.42332965 0.42624557 0.42203128 0.42762780 0.42914855 0.41609132 0.41786319 0.41630876 0.40588248 0.40763688 0.41395897 0.40523970 0.40157241 0.40502745 0.39824736 0.41590613 0.40127599 0.24513751 0.00000000 0.00000000 0.00000000 0.00000000 0.00000000 0.00000000 0.00000000 0.00000000 0.00000000 0.00000000 0.00000000 0.00000000 0.00000000 0.00000000 0.00000000 0.00000000 0.00000000 0.00000000 0.00000000 0.00000000 0.00000000 0.00000000 0.00000000 0.00000000 0.00000000 0.00000000 0.00000000 0.00000000 0.00000000 0.00000000 0.00000000 0.00000000 0.00000000 0.00000000 0.00000000 0.00000000 0.00000000 0.00000000 0.00000000 0.00000000 0.00000000 0.00000000 0.00000000 0.00000000 0.00000000 0.00000000 0.00000000 0.00000000 0.00000000 0.00000000 0.00000000 0.00000000 0.00000000 0.00000000 0.04887043 0.15047032 0.28069416 0.41926873 0.46573251 0.47687662 0.48271567
0.42865270 0.42423338 0.41768956 0.41982871 0.41902155 0.42302114 0.42390841 0.41686910 0.41989714 0.42640781 0.42593503 0.43107307 0.42907637 0.42753428 0.43662858 0.42759353 0.42650920 0.42983526 0.43061966 0.42600870 0.43108177 0.42580026 0.43301094 0.43709010 0.43814385 0.42869973 0.42907751 0.43599951 0.43094701 0.43230015 0.43545222 0.43107688 0.42570078 0.43574679 0.43173146 0.43165642 0.43102437 0.42530769 0.41903144 0.42623580 0.42458361 0.42277694 0.42396814 0.41645908 0.41544861 0.42033744 0.42384064 0.42271912 0.41944909 0.42205507 0.41951656 0.41014296 0.40889782 0.40912765 0.39748174 0.40539211 0.40020984 0.40009314 0.39505774 0.41299969 0.40546733 0.25716117 0.00000000 0.00000000 0.00000000 0.00000000 0.00000000 0.00000000 0.00000000 0.00000000 0.00000000 0.00000000 0.00000000 0.00000000 0.00000000 0.00000000 0.00000000 0.00000000 0.00000000 0.00000000 0.00000000 0.00000000 0.00000000 0.00000000 0.00000000 0.00000000 0.00000000 0.00000000 0.00000000 0.00000000 0.00000000 0.00000000 0.00000000 0.00000000 0.00000000 0.00000000 0.00000000 0.00000000 0.00000000 0.00000000 0.00000000 0.00000000 0.00000000 0.00000000 0.00000000 0.00000000 0.00000000 0.00000000 0.00000000 0.00000000 0.00000000 0.00000000 0.00000000 0.00000000 0.00000000 0.00000000 0.00000000 0.07537794 0.11594003 0.29847309 0.44618773 0.46247470 0.47756660 0.48630083
0.41289628 0.41922265 0.41697949 0.41705281 0.41656345 0.41334563 0.41912568 0.41855299 0.41948581 0.41982663 0.42261088 0.42241508 0.42853051 0.42570853 0.42590529 0.43186444 0.42864221 0.43011987 0.43061519 0.43141502 0.42944115 0.43893582 0.43797725 0.43443471 0.43508381 0.44049126 0.43616897 0.43412554 0.43890035 0.43440598 0.43319893 0.42991656 0.42849541 0.43255717 0.42812943 0.42192721 0.42813122 0.42749107 0.43024063 0.42603642 0.42645752 0.42432582 0.42283118 0.41759074 0.42098993 0.41697854 0.41881287 0.42019767 0.41664398 0.41623396 0.41911376 0.40900254 0.40494293 0.40647984 0.40926635 0.39966172 0.39489108 0.39059371 0.40682322 0.40007263 0.26479736 0.00000000 0.00000000 0.00000000 0.00000000 0.00000000 0.00000000 0.00000000 0.00000000 0.00000000 0.00000000 0.00000000 0.00000000 0.00000000 0.00000000 0.00000000 0.00000000 0.00000000 0.00000000 0.00000000 0.00000000 0.00000000 0.00000000 0.00000000 0.00000000 0.00000000 0.00000000 0.00000000 0.00000000 0.00000000 0.00000000 0.00000000 0.00000000 0.00000000 0.00000000 0.00000000 0.00000000 0.00000000 0.00000000 0.00000000 0.00000000 0.00000000 0.00000000 0.00000000 0.00000000 0.00000000 0.00000000 0.00000000 0.00000000 0.00000000 0.00000000 0.00000000 0.00000000 0.00000000 0.00000000 0.00000000 0.00000000 0.10910761 0.21465668 0.36172009 0.42884219 0.45548618 0.46224558 0.48422807
0.41670781 0.41854674 0.41850722 0.41624510 0.41649348 0.42310476 0.41708910 0.42220128 0.42706811 0.42352611 0.41880953 0.41835845 0.42464572 0.42677057 0.42533541 0.43166256 0.43327558 0.42870361 0.43224734 0.42947304 0.43339062 0.43285704 0.43109810 0.43154341 0.42968243 0.43111998 0.44010752 0.42806792 0.42588860 0.43655121 0.42891413 0.43038732 0.43143463 0.43258339 0.43306541 0.43206024 0.42645419 0.42883062 0.42847639 0.42409521 0.41926181 0.42256767 0.42328525 0.42207819 0.41711670 0.41811854 0.41162086 0.41579843 0.41306871 0.40685642 0.40351045 0.40852630 0.39998293 0.40382773 0.40187484 0.39525062 0.39068103 0.40969026 0.39600271 0.25068924 0.00000000 0.00000000 0.00000000 0.00000000 0.00000000 0.00000000 0.00000000 0.00000000 0.00000000 0.00000000 0.00000000 0.00000000 0.00000000 0.00000000 0.00000000 0.00000000 0.00000000 0.00000000 0.00000000 0.00000000 0.00000000 0.00000000 0.00000000 0.00000000 0.00000000 0.00000000 0.00000000 0.00000000 0.00000000 0.00000000 0.00000000 0.00000000 0.00000000 0.00000000 0.00000000 0.00000000 0.00000000 0.00000000 0.00000000 0.00000000 0.00000000 0.00000000 0.00000000 0.00000000 0.00000000 0.00000000 0.00000000 0.00000000 0.00000000 0.00000000 0.00000000 0.00000000 0.00000000 0.00000000 0.00000000 0.00000000 0.16557226 0.18109077 0.24867857 0.38812363 0.43491977 0.45516711 0.46211565 0.48000550
0.40622699 0.41313654 0.41905642 0.41299444 0.41218764 0.41744530 0.41522354 0.41444808 0.41458064 0.41966468 0.41912532 0.41724020 0.42303061 0.42415988 0.42457974 0.42442358 0.43020636 0.42634815 0.42171431 0.42683530 0.42963797 0.43193537 0.43025088 0.43152535 0.42828703 0.43242329 0.43017507 0.42516989 0.43243974 0.42793572 0.42942041 0.43098330 0.43379802 0.43271130 0.43224847 0.42938459 0.43027025 0.42422777 0.42155844 0.42462200 0.42300504 0.42180026 0.42452496 0.41967589 0.41805941 0.41028392 0.41021270 0.40787703 0.40971345 0.39975566 0.40773445 0.40964013 0.40498984 0.39934212 0.40148503 0.39240575 0.40903062 0.39896137 0.25595182 0.00000000 0.00000000 0.00000000 0.00000000 0.00000000 0.00000000 0.00000000 0.00000000 0.00000000 0.00000000 0.00000000 0.00000000 0.00000000 0.00000000 0.00000000 0.00000000 0.00000000 0.00000000 0.00000000 0.00000000 0.00000000 0.00000000 0.00000000 0.00000000 0.00000000 0.00000000 0.00000000 0.00000000 0.00000000 0.00000000 0.00000000 0.00000000 0.00000000 0.00000000 0.00000000 0.00000000 0.00000000 0.00000000 0.00000000 0.00000000 0.00000000 0.00000000 0.00000000 0.00000000 0.00000000 0.00000000 0.00000000 0.00000000 0.00000000 0.00000000 0.00000000 0.00000000 0.00000000 0.00000000 0.00000000 0.09045792 0.22328487 0.33133000 0.26080298 0.23805586 0.39347416 0.44020194 0.45041293 0.46665823 0.47761679
0.40941888 0.40405858 0.41702145 0.40794557 0.41422009 0.41151190 0.41087216 0.41802377 0.42263806 0.41566014 0.41649282 0.42532754 0.42371202 0.43246549 0.43138033 0.43001693 0.42990911 0.43354428 0.42603606 0.42643619 0.43226182 0.42796636 0.43731123 0.42870021 0.43337065 0.43718535 0.43003327 0.42918271 0.43044436 0.42819077 0.42878407 0.43024057 0.43317288 0.43195325 0.42539555 0.43385267 0.42396730 0.42811340 0.42608708 0.41907471 0.41947365 0.42067862 0.41972470 0.41847080 0.41511977 0.41042066 0.40238029 0.40815204 0.40469211 0.40217632 0.40251774 0.40504652 0.39788413 0.38987249 0.39080983 0.41193807 0.39235336 0.24867445 0.00000000 0.00000000 0.00000000 0.00000000 0.00000000 0.00000000 0.00000000 0.00000000 0.00000000 0.00000000 0.00000000 0.00000000 0.00000000 0.00000000 0.00000000 0.00000000 0.00000000 0.00000000 0.00000000 0.00000000 0.00000000 0.00000000 0.00000000 0.00000000 0.00000000 0.00000000 0.00000000 0.00000000 0.00000000 0.00000000 0.00000000 0.00000000 0.00000000 0.00000000 0.00000000 0.00000000 0.00000000 0.00000000 0.00000000 0.00000000 0.00000000 0.00000000 0.00000000 0.00000000 0.00000000 0.00000000 0.00000000 0.00000000 0.00000000 0.00000000 0.00000000 0.00000000 0.00000000 0.00000000 0.13227940 0.25478444 0.33114606 0.37629259 0.30581570 0.20968816 0.32803583 0.41608417 0.43737918 0.45722246 0.45896000 0.47482967
0.41096771 0.41101450 0.41250139 0.41608936 0.41118598 0.41292989 0.41524190 0.41794872 0.42171949 0.42739570 0.42354304 0.42384076 0.42658776 0.42639911 0.42851728 0.42912602 0.42768025 0.43251228 0.42326856 0.42985129 0.42608589 0.43148983 0.42631179 0.42809558 0.42990208 0.42985970 0.43071514 0.42269218 0.42918116 0.43216896 0.43535757 0.42849934 0.43155587 0.42965800 0.42149609 0.42692286 0.42962420 0.42367452 0.42156243 0.41728866 0.41783863 0.41499019 0.41650224 0.41578603 0.41796762 0.41038704 0.40268248 0.40277916 0.40337920 0.40475273 0.40304339 0.39413279 0.38944578 0.39551359 0.40618807 0.35462582 0.19460690 0.00000000 0.00000000 0.00000000 0.00000000 0.00000000 0.00000000 0.00000000 0.00000000 0.00000000 0.00000000 0.00000000 0.00000000 0.00000000 0.00000000 0.00000000 0.00000000 0.00000000 0.00000000 0.00000000 0.00000000 0.00000000 0.00000000 0.00000000 0.00000000 0.00000000 0.00000000 0.00000000 0.00000000 0.00000000 0.00000000 0.00000000 0.00000000 0.00000000 0.00000000 0.00000000 0.00000000 0.00000000 0.00000000 0.00000000 0.00000000 0.00000000 0.00000000 0.00000000 0.00000000 0.00000000 0.00000000 0.00000000 0.00000000 0.00000000 0.00000000 0.00000000 0.00000000 0.07245281 0.17498088 0.27500463 0.36134642 0.33782905 0.31819713 0.34114176 0.29134545 0.32855874 0.37940347 0.42275882 0.45571798 0.45581979 0.47789937 0.48411286
0.41340166 0.41167778 0.41072845 0.41349560 0.41901511 0.40697068 0.41251546 0.41630709 0.41367799 0.42344111 0.42634881 0.42492956 0.42523706 0.42799717 0.43306363 0.42952996 0.42593950 0.41466504 0.42620116 0.42074966 0.42722428 0.42624027 0.43499601 0.43732202 0.42930341 0.42691576 0.42499936 0.42306679 0.42656243 0.42785740 0.42851746 0.43504816 0.42847770 0.42798311 0.42541337 0.42801231 0.42753512 0.42199552 0.41843057 0.41730481 0.41201055 0.41489524 0.41611600 0.41428572 0.41424423 0.40851229 0.40245056 0.40097946 0.39909589 0.39846122 0.39177084 0.39087451 0.40267646 0.38232553 0.25244299 0.06205744 0.00000000 0.00000000 0.00000000 0.00000000 0.00000000 0.00000000 0.00000000 0.00000000 0.00000000 0.00000000 0.00000000 0.00000000 0.00000000 0.00000000 0.00000000 0.00000000 0.00000000 0.00000000 0.00000000 0.00000000 0.00000000 0.00000000 0.00000000 0.00000000 0.00000000 0.00000000 0.00000000 0.00000000 0.00000000 0.00000000 0.00000000 0.00000000 0.00000000 0.00000000 0.00000000 0.00000000 0.00000000 0.00000000 0.00000000 0.00000000 0.00000000 0.00000000 0.00000000 0.00000000 0.00000000 0.00000000 0.00000000 0.00000000 0.00000000 0.00000000 0.00000000 0.00000000 0.19159880 0.29906371 0.35007286 0.37052083 0.31408012 0.32720834 0.39026159 0.35868621 0.39106673 0.43637013 0.43717158 0.42838645 0.44189179 0.47464162 0.48248595 0.48409259
0.41455853 0.41264427 0.40904903 0.41977948 0.42260951 0.42339188 0.41568440 0.41952097 0.42393732 0.42374194 0.42540061 0.42894572 0.42611933 0.42735112 0.43169439 0.43424368 0.43032199 0.42795157 0.42165166 0.42979926 0.42933434 0.43159497 0.43408108 0.43049270 0.43316203 0.42786115 0.42732942 0.43316424 0.43290579 0.42612016 0.43260247 0.42968410 0.42944568 0.42703760 0.42434597 0.42743325 0.43040448 0.41670316 0.41534114 0.42220300 0.41635019 0.40846181 0.41644925 0.40864974 0.40902835 0.41002882 0.40549964 0.40017313 0.39587235 0.38830835 0.39810914 0.40193599 0.33041143 0.14340696 0.00000000 0.00000000 0.00000000 0.00000000 0.00000000 0.00000000 0.00000000 0.00000000 0.00000000 0.00000000 0.00000000 0.00000000 0.00000000 0.00000000 0.00000000 0.00000000 0.00000000 0.00000000 0.00000000 0.00000000 0.00000000 0.00000000 0.00000000 0.00000000 0.00000000 0.00000000 0.00000000 0.00000000 0.00000000 0.00000000 0.00000000 0.00000000 0.00000000 0.00000000 0.00000000 0.00000000 0.00000000 0.00000000 0.00000000 0.00000000 0.00000000 0.00000000 0.00000000 0.00000000 0.00000000 0.00000000 0.00000000 0.00000000 0.00000000 0.00000000 0.00000000 0.00000000 0.00000000 0.05747178 0.25505722 0.35151446 0.36014313 0.34799767 0.33314759 0.37534130 0.42564273 0.44459736 0.44312102 0.45685822 0.48440748 0.45781487 0.45175201 0.46053368 0.49806923 0.49432963
0.41442573 0.41480267 0.41517121 0.41876978 0.42538762 0.42097956 0.42297930 0.41850203 0.41897273 0.42477942 0.42897463 0.42509925 0.42459261 0.42405850 0.42121351 0.42758650 0.42974281 0.42523491 0.42789787 0.42488033 0.42603588 0.43225670 0.42910147 0.43032491 0.43370652 0.42923981 0.43084931 0.43735820 0.43820399 0.42765188 0.42695868 0.43087184 0.43200713 0.43083376 0.42481411 0.42544943 0.42690361 0.42211062 0.41397905 0.41878557 0.41533005 0.41154081 0.40797639 0.40740007 0.40816873 0.41068739 0.40626746 0.40401059 0.40040147 0.41124564 0.38089198 0.24754748 0.05151701 0.00000000 0.00000000 0.00000000 0.00000000 0.00000000 0.00000000 0.00000000 0.00000000 0.00000000 0.00000000 0.00000000 0.00000000 0.00000000 0.00000000 0.00000000 0.00000000 0.00000000 0.00000000 0.00000000 0.00000000 0.00000000 0.00000000 0.00000000 0.00000000 0.00000000 0.00000000 0.00000000 0.00000000 0.00000000 0.00000000 0.00000000 0.00000000 0.00000000 0.00000000 0.00000000 0.00000000 0.00000000 0.00000000 0.00000000 0.00000000 0.00000000 0.00000000 0.00000000 0.00000000 0.00000000 0.00000000 0.00000000 0.00000000 0.00000000 0.00000000 0.00000000 0.00000000 0.00000000 0.00000000 0.02423513 0.23856983 0.39570189 0.40015322 0.40383685 0.41337174 0.44568008 0.45906633 0.46153069 0.46788853 0.47319472 0.48523450 0.47925395 0.45908391 0.46256709 0.48387659 0.50217831
0.41417897 0.41301590 0.41949517 0.41752797 0.41679054 0.42392397 0.42216158 0.42082012 0.41862530 0.42439651 0.42717749 0.42441154 0.42350435 0.41926146 0.42240065 0.42946804 0.42577058 0.42840153 0.41991758 0.41997916 0.42021352 0.42686379 0.42740184 0.42544955 0.43110716 0.43125618 0.43023753 0.42538732 0.42505282 0.42752427 0.42087334 0.42248785 0.42671573 0.42348129 0.42244768 0.42216474 0.42105842 0.41789728 0.41749817 0.41569942 0.40968400 0.40669835 0.40902591 0.40669519 0.40513754 0.40317482 0.40265435 0.39931160 0.41329616 0.34828597 0.16300824 0.00000000 0.00000000 0.00000000 0.00000000 0.00000000 0.00000000 0.00000000 0.00000000 0.00000000 0.00000000 0.00000000 0.00000000 0.00000000 0.00000000 0.00000000 0.00000000 0.00000000 0.00000000 0.00000000 0.00000000 0.00000000 0.00000000 0.00000000 0.00000000 0.00000000 0.00000000 0.00000000 0.00000000 0.00000000 0.00000000 0.00000000 0.00000000 0.00000000 0.00000000 0.00000000 0.00000000 0.00000000 0.00000000 0.00000000 0.00000000 0.00000000 0.00000000 0.00000000 0.00000000 0.00000000 0.00000000 0.00000000 0.00000000 0.00000000 0.00000000 0.00000000 0.00000000 0.00000000 0.00000000 0.00000000 0.00000000 0.00000000 0.20197907 0.40633518 0.42731732 0.43746758 0.44434750 0.44912064 0.46668845 0.45841497 0.47568053 0.47285396 0.47123921 0.48331994 0.48183715 0.47706586 0.48012298 0.49599993
0.42203397 0.41687542 0.41289794 0.41618663 0.41411644 0.41595113 0.42172039 0.42132550 0.42420298 0.42128932 0.42165297 0.42528582 0.42441118 0.42444932 0.42496902 0.42499012 0.42593986 0.42063957 0.42387009 0.41734552 0.42157853 0.42885399 0.43211633 0.42888886 0.43180758 0.43077612 0.42755979 0.42986274 0.42623639 0.42656958 0.43292332 0.42650306 0.42370403 0.42417908 0.43012792 0.42413843 0.41427034 0.41925752 0.41939086 0.41550106 0.41421616 0.41026038 0.41320741 0.41161460 0.40502018 0.40329099 0.39870715 0.41260487 0.37305975 0.18011665 0.00000000 0.00000000 0.00000000 0.00000000 0.00000000 0.00000000 0.00000000 0.00000000 0.00000000 0.00000000 0.00000000 0.00000000 0.00000000 0.00000000 0.00000000 0.00000000 0.00000000 0.00000000 0.00000000 0.00000000 0.00000000 0.00000000 0.00000000 0.00000000 0.00000000 0.00000000 0.00000000 0.00000000 0.00000000 0.00000000 0.00000000 0.00000000 0.00000000 0.00000000 0.00000000 0.00000000 0.00000000 0.00000000 0.00000000 0.00000000 0.00000000 0.00000000 0.00000000 0.00000000 0.00000000 0.00000000 0.00000000 0.00000000 0.00000000 0.00000000 0.00000000 0.00000000 0.00000000 0.00000000 0.00000000 0.00000000 0.00000000 0.00000000 0.20730996 0.41313028 0.44829243 0.44768232 0.45589173 0.46860754 0.47907692 0.46971387 0.46239269 0.48840100 0.47965884 0.49196523 0.49357086 0.49162042 0.48804659 0.48636937
0.41887712 0.42583674 0.42020839 0.41741139 0.41851765 0.42014211 0.41856176 0.42698318 0.42886508 0.42061573 0.41820174 0.42616332 0.42853349 0.43145597 0.42768997 0.42706180 0.42376649 0.42496568 0.42474234 0.42843062 0.43336558 0.43723613 0.43588102 0.43538898 0.43416458 0.43336701 0.42982811 0.43395185 0.43399072 0.42725819 0.42766404 0.42625779 0.42201191 0.42471647 0.42185062 0.42062098 0.41462821 0.41465968 0.41929573 0.41037375 0.41180611 0.41106910 0.40920389 0.40956336 0.40602314 0.40283138 0.41054851 0.37977397 0.20071298 0.00000000 0.00000000 0.00000000 0.00000000 0.00000000 0.00000000 0.00000000 0.00000000 0.00000000 0.00000000 0.00000000 0.00000000 0.00000000 0.00000000 0.00000000 0.00000000 0.00000000 0.00000000 0.00000000 0.00000000 0.00000000 0.00000000 0.00000000 0.00000000 0.00000000 0.00000000 0.00000000 0.00000000 0.00000000 0.00000000 0.00000000 0.00000000 0.00000000 0.00000000 0.00000000 0.00000000 0.00000000 0.00000000 0.00000000 0.00000000 0.00000000 0.00000000 0.00000000 0.00000000 0.00000000 0.00000000 0.00000000 0.00000000 0.00000000 0.00000000 0.00000000 0.00000000 0.00000000 0.00000000 0.00000000 0.00000000 0.00000000 0.00000000 0.00000000 0.21782488 0.40037608 0.44995117 0.45332444 0.46576709 0.46740013 0.48239434 0.46679425 0.46745527 0.49105787 0.47763783 0.49869454 0.49564832 0.49215138 0.49084622 0.48265481
0.42068750 0.42125458 0.42415619 0.42495131 0.42214352 0.42532498 0.42553502 0.42706394 0.43268621 0.42287475 0.42701805 0.43005508 0.42989612 0.42762583 0.43003166 0.42567033 0.42637962 0.42880446 0.43120706 0.43484658 0.43128055 0.43807274 0.42875934 0.43081456 0.43060589 0.42923051 0.43146312 0.43293822 0.42856669 0.42754465 0.42614168 0.42394507 0.42586076 0.42574877 0.42168748 0.42167890 0.41657364 0.41936475 0.41956407 0.41626090 0.41124129 0.41265488 0.40856940 0.40217322 0.40317798 0.41558850 0.40243280 0.23068172 0.00000000 0.00000000 0.00000000 0.00000000 0.00000000 0.00000000 0.00000000 0.00000000 0.00000000 0.00000000 0.00000000 0.00000000 0.00000000 0.00000000 0.00000000 0.00000000 0.00000000 0.00000000 0.00000000 0.00000000 0.00000000 0.00000000 0.00000000 0.00000000 0.00000000 0.00000000 0.00000000 0.00000000 0.00000000 0.00000000 0.00000000 0.00000000 0.00000000 0.00000000 0.00000000 0.00000000 0.00000000 0.00000000 0.00000000 0.00000000 0.00000000 0.00000000 0.00000000 0.00000000 0.00000000 0.00000000 0.00000000 0.00000000 0.00000000 0.00000000 0.00000000 0.00000000 0.00000000 0.00000000 0.00000000 0.00000000 0.00000000 0.00000000 0.00000000 0.00000000 0.20858586 0.41823620 0.44160849 0.47483718 0.46603793 0.48021787 0.48577160 0.49162436 0.48780113 0.49523032 0.49185938 0.49345362 0.50494570 0.50294858 0.49817348 0.50530583
0.42157418 0.42177206 0.42266685 0.42202401 0.42462057 0.41953796 0.41756982 0.42833745 0.42055678 0.42744875 0.42651093 0.42857444 0.43018639 0.43012112 0.43221331 0.43043619 0.43262339 0.43322647 0.43650538 0.43761700 0.43504405 0.43298537 0.43196094 0.42128772 0.43097287 0.43083578 0.43222439 0.42632580 0.42050457 0.41643155 0.41649318 0.42124707 0.41978294 0.41711158 0.42200780 0.41585112 0.42153794 0.41727382 0.41236746 0.41148371 0.40586132 0.40839177 0.40283746 0.39923090 0.40281904 0.41648710 0.30985034 0.00000000 0.00000000 0.00000000 0.00000000 0.00000000 0.00000000 0.00000000 0.00000000 0.00000000 0.00000000 0.00000000 0.00000000 0.00000000 0.00000000 0.00000000 0.00000000 0.00000000 0.00000000 0.00000000 0.00000000 0.00000000 0.00000000 0.00000000 0.00000000 0.00000000 0.00000000 0.00000000 0.00000000 0.00000000 0.00000000 0.00000000 0.00000000 0.00000000 0.00000000 0.00000000 0.00000000 0.00000000 0.00000000 0.00000000 0.00000000 0.00000000 0.00000000 0.00000000 0.00000000 0.00000000 0.00000000 0.00000000 0.00000000 0.00000000 0.00000000 0.00000000 0.00000000 0.00000000 0.00000000 0.00000000 0.00000000 0.00000000 0.00000000 0.00000000 0.00000000 0.00000000 0.22985116 0.42115074 0.44957280 0.45390195 0.47419775 0.46215707 0.47683537 0.49502391 0.48980284 0.49038225 0.50407100 0.50093001 0.50364625 0.49823374 0.50779253 0.51155716
0.41719782 0.41896743 0.42161739 0.41703582 0.41620892 0.42150885 0.42404592 0.41770756 0.42049593 0.42021394 0.42356122 0.42119151 0.41965652 0.42910302 0.42060834 0.42582685 0.42585272 0.42936152 0.42680895 0.43359751 0.43039298 0.43093270 0.42560798 0.43455476 0.42478245 0.42913806 0.42631400 0.41657412 0.40944505 0.40725332 0.41060781 0.40535891 0.41070569 0.41412014 0.41263920 0.41674721 0.41839707 0.41470766 0.41199899 0.40198898 0.40384918 0.40039617 0.39816916 0.39452231 0.40653437 0.37624055 0.12232065 0.00000000 0.00000000 0.00000000 0.00000000 0.00000000 0.00000000 0.00000000 0.00000000 0.00000000 0.00000000 0.00000000 0.00000000 0.00000000 0.00000000 0.00000000 0.00000000 0.00000000 0.00000000 0.00000000 0.00000000 0.00000000 0.00000000 0.00000000 0.00000000 0.00000000 0.00000000 0.00000000 0.00000000 0.00000000 0.00000000 0.00000000 0.00000000 0.00000000 0.00000000 0.00000000 0.00000000 0.00000000 0.00000000 0.00000000 0.00000000 0.00000000 0.00000000 0.00000000 0.00000000 0.00000000 0.00000000 0.00000000 0.00000000 0.00000000 0.00000000 0.00000000 0.00000000 0.00000000 0.00000000 0.00000000 0.00000000 0.00000000 0.00000000 0.00000000 0.00000000 0.03806123 0.23252407 0.42255229 0.44934052 0.45372605 0.46544033 0.46886492 0.46940768 0.48166764 0.49293196 0.48839313 0.48669684 0.49474454 0.49605405 0.49153227 0.49781442 0.49357122
0.40951151 0.40979618 0.41545677 0.41413254 0.40734136 0.41009891 0.41688740 0.41812849 0.41316891 0.41866273 0.42346948 0.41928446 0.42261243 0.41851813 0.42415613 0.42421466 0.42981750 0.42842662 0.42850846 0.42563587 0.43356735 0.42300504 0.42710948 0.42905474 0.42339540 0.42493868 0.42538422 0.41604829 0.41009605 0.41342890 0.40956312 0.41319454 0.40765703 0.41344112 0.41833276 0.41086453 0.41432440 0.41199642 0.40548283 0.41033614 0.40168953 0.39797044 0.39323056 0.38544720 0.38882816 0.24770474 0.00000000 0.00000000 0.00000000 0.00000000 0.00000000 0.00000000 0.00000000 0.00000000 0.00000000 0.00000000 0.00000000 0.00000000 0.00000000 0.00000000 0.00000000 0.00000000 0.00000000 0.00000000 0.00000000 0.00000000 0.00000000 0.00000000 0.00000000 0.00000000 0.00000000 0.00000000 0.00000000 0.00000000 0.00000000 0.00000000 0.00000000 0.00000000 0.00000000 0.00000000 0.00000000 0.00000000 0.00000000 0.00000000 0.00000000 0.00000000 0.00000000 0.00000000 0.00000000 0.00000000 0.00000000 0.00000000 0.00000000 0.00000000 0.00000000 0.00000000 0.00000000 0.00000000 0.00000000 0.00000000 0.00000000 0.00000000 0.00000000 0.00000000 0.00000000 0.00000000 0.00000000 0.07667303 0.25673342 0.41285312 0.44385529 0.44951206 0.45448589 0.47990888 0.48031420 0.48036337 0.49899971 0.49203938 0.49404114 0.50026101 0.48799902 0.50818592 0.50121415 0.50506753
0.40638560 0.41035175 0.40873122 0.40960789 0.40892965 0.40619248 0.40861797 0.40780133 0.41268009 0.41977233 0.41123283 0.41990054 0.41581935 0.41591531 0.41471803 0.40972257 0.41938871 0.42283714 0.42216742 0.42260700 0.41834694 0.42038900 0.41736126 0.42014766 0.41694784 0.40738642 0.41492534 0.41183645 0.41243374 0.40637875 0.40368038 0.40654778 0.41018420 0.40254778 0.40728700 0.40251583 0.39657432 0.40157837 0.40187609 0.39764923 0.39691901 0.39146447 0.38607281 0.38477397 0.34500253 0.10435605 0.00000000 0.00000000 0.00000000 0.00000000 0.00000000 0.00000000 0.00000000 0.00000000 0.00000000 0.00000000 0.00000000 0.00000000 0.00000000 0.00000000 0.00000000 0.00000000 0.00000000 0.00000000 0.00000000 0.00000000 0.00000000 0.00000000 0.00000000 0.00000000 0.00000000 0.00000000 0.00000000 0.00000000 0.00000000 0.00000000 0.00000000 0.00000000 0.00000000 0.00000000 0.00000000 0.00000000 0.00000000 0.00000000 0.00000000 0.00000000 0.00000000 0.00000000 0.00000000 0.00000000 0.00000000 0.00000000 0.00000000 0.00000000 0.00000000 0.00000000 0.00000000 0.00000000 0.00000000 0.00000000 0.00000000 0.00000000 0.00000000 0.00000000 0.00000000 0.00000000 0.00164187 0.12313044 0.28514040 0.41167098 0.43446076 0.44664901 0.45694351 0.46370041 0.46273267 0.47301227 0.48299325 0.48134184 0.49026674 0.49669898 0.48532993 0.49694705 0.50997221 0.50011778
0.40892714 0.40403193 0.41402465 0.41197485 0.41137207 0.41270560 0.41119897 0.42028731 0.41521925 0.41162109 0.42051977 0.41559321 0.41907227 0.41709644 0.41489017 0.41842163 0.41560370 0.41352016 0.42090023 0.41491902 0.41948032 0.42122787 0.41911459 0.42682886 0.42632711 0.42031801 0.41625965 0.42055619 0.41560417 0.41892093 0.41241759 0.40666109 0.41131926 0.40990382 0.40347940 0.40183818 0.40162426 0.40100300 0.39894319 0.39958596 0.39298099 0.38961047 0.38808680 0.39334553 0.27863199 0.00000000 0.00000000 0.00000000 0.00000000 0.00000000 0.00000000 0.00000000 0.00000000 0.00000000 0.00000000 0.00000000 0.00000000 0.00000000 0.00000000 0.00000000 0.00000000 0.00000000 0.00000000 0.00000000 0.00000000 0.00000000 0.00000000 0.00000000 0.00000000 0.00000000 0.00000000 0.00000000 0.00000000 0.00000000 0.00000000 0.00000000 0.00000000 0.00000000 0.00000000 0.00000000 0.00000000 0.00000000 0.00000000 0.00000000 0.00000000 0.00000000 0.00000000 0.00000000 0.00000000 0.00000000 0.00000000 0.00000000 0.00000000 0.00000000 0.00000000 0.00000000 0.00000000 0.00000000 0.00000000 0.00000000 0.00000000 0.00000000 0.00000000 0.00000000 0.00000000 0.00000000 0.10740098 0.18394545 0.31473076 0.42633581 0.44070852 0.45447987 0.47029704 0.47047436 0.46628648 0.47217548 0.48226434 0.48280418 0.47915202 0.49072146 0.48932952 0.49809563 0.50046492 0.49873674
0.41062838 0.40475112 0.40792406 0.40821958 0.41188937 0.41129202 0.40674299 0.41307580 0.41107559 0.40964872 0.41078991 0.41264278 0.40893269 0.40890688 0.41342300 0.41762340 0.41810751 0.42621046 0.42002946 0.41885865 0.42102575 0.42109144 0.41804481 0.42046434 0.42032808 0.41725141 0.42043740 0.42052448 0.41832900 0.41628581 0.40730166 0.40573072 0.40224701 0.40232092 0.39743054 0.39603740 0.39548737 0.39206141 0.39953929 0.39550990 0.39522290 0.38761991 0.39108396 0.38027442 0.18567219 0.00000000 0.00000000 0.00000000 0.00000000 0.00000000 0.00000000 0.00000000 0.00000000 0.00000000 0.00000000 0.00000000 0.00000000 0.00000000 0.00000000 0.00000000 0.00000000 0.00000000 0.00000000 0.00000000 0.00000000 0.00000000 0.00000000 0.00000000 0.00000000 0.00000000 0.00000000 0.00000000 0.00000000 0.00000000 0.00000000 0.00000000 0.00000000 0.00000000 0.00000000 0.00000000 0.00000000 0.00000000 0.00000000 0.00000000 0.00000000 0.00000000 0.00000000 0.00000000 0.00000000 0.00000000 0.00000000 0.00000000 0.00000000 0.00000000 0.00000000 0.00000000 0.00000000 0.00000000 0.00000000 0.00000000 0.00000000 0.00000000 0.00000000 0.00000000 0.00000000 0.03055181 0.18742371 0.19749409 0.34414309 0.43235272 0.44132137 0.44679928 0.45951313 0.46974999 0.47297823 0.47471631 0.48173326 0.48064286 0.48650938 0.48985273 0.49310732 0.50822425 0.49835610 0.50313610
0.40461308 0.40599698 0.40812898 0.40760523 0.40894538 0.40975386 0.40771049 0.40561557 0.41200334 0.40918338 0.41059405 0.41125286 0.40899783 0.40421301 0.41395140 0.40919012 0.41086191 0.41435450 0.41701877 0.41791946 0.41527307 0.41775477 0.41539621 0.41152453 0.41964215 0.41027570 0.40876448 0.41401398 0.41091192 0.41570503 0.40288365 0.39871114 0.40397859 0.39793247 0.39697266 0.39288104 0.39549398 0.39344674 0.39364618 0.39395601 0.38855720 0.39237791 0.41012472 0.31565255 0.02167681 0.00000000 0.00000000 0.00000000 0.00000000 0.00000000 0.00000000 0.00000000 0.00000000 0.00000000 0.00000000 0.00000000 0.00000000 0.00000000 0.00000000 0.00000000 0.00000000 0.00000000 0.00000000 0.00000000 0.00000000 0.00000000 0.00000000 0.00000000 0.00000000 0.00000000 0.00000000 0.00000000 0.00000000 0.00000000 0.00000000 0.00000000 0.00000000 0.00000000 0.00000000 0.00000000 0.00000000 0.00000000 0.00000000 0.00000000 0.00000000 0.00000000 0.00000000 0.00000000 0.00000000 0.00000000 0.00000000 0.00000000 0.00000000 0.00000000 0.00000000 0.00000000 0.00000000 0.00000000 0.00000000 0.00000000 0.00000000 0.00000000 0.00000000 0.00000000 0.00000000 0.12714639 0.21977952 0.24582618 0.38252807 0.43204278 0.44514382 0.44704622 0.45479798 0.46799296 0.46382606 0.48059052 0.47813427 0.47560805 0.48395807 0.49234217 0.49729556 0.49294049 0.49639493 0.49954683
0.40419102 0.40517801 0.40550715 0.40272713 0.40588218 0.40438312 0.40384328 0.40472955 0.40169388 0.41268009 0.40490979 0.40430874 0.40955585 0.41354555 0.41052324 0.41102153 0.41414082 0.40897894 0.41050345 0.41238922 0.41686833 0.41328055 0.41129619 0.41355473 0.41581976 0.41375077 0.40447187 0.40864086 0.40533334 0.40854502 0.40328860 0.39397001 0.39407992 0.39786130 0.39989775 0.39405602 0.38680029 0.38875806 0.38639611 0.38479608 0.37883008 0.38358402 0.38160217 0.19581011 0.00000000 0.00000000 0.00000000 0.00000000 0.00000000 0.00000000 0.00000000 0.00000000 0.00000000 0.00000000 0.00000000 0.00000000 0.00000000 0.00000000 0.00000000 0.00000000 0.00000000 0.00000000 0.00000000 0.00000000 0.00000000 0.00000000 0.00000000 0.00000000 0.00000000 0.00000000 0.00000000 0.00000000 0.00000000 0.00000000 0.00000000 0.00000000 0.00000000 0.00000000 0.00000000 0.00000000 0.00000000 0.00000000 0.00000000 0.00000000 0.00000000 0.00000000 0.00000000 0.00000000 0.00000000 0.00000000 0.00000000 0.00000000 0.00000000 0.00000000 0.00000000 0.00000000 0.00000000 0.00000000 0.00000000 0.00000000 0.00000000 0.00000000 0.00000000 0.00000000 0.00000000 0.14459422 0.19084212 0.32831734 0.41334909 0.43197787 0.45172471 0.44644606 0.45155597 0.46147686 0.46456289 0.47628474 0.47056669 0.47413611 0.48283482 0.49307066 0.50423253 0.49451596 0.49169207 0.49474162
0.40713614 0.40126503 0.39744437 0.40130138 0.40343297 0.40356851 0.40905529 0.40426266 0.40406275 0.41107708 0.40861005 0.40504938 0.40586996 0.40878540 0.41023731 0.40286690 0.40378213 0.40632784 0.41017950 0.40974456 0.40698481 0.41045398 0.41162157 0.41123146 0.41401082 0.40667301 0.40864736 0.40632671 0.40904576 0.40532374 0.40589631 0.39322811 0.39478046 0.39283115 0.39737868 0.39273018 0.38900650 0.38952416 0.38546234 0.38020331 0.38014024 0.39601964 0.35656899 0.09456563 0.00000000 0.00000000 0.00000000 0.00000000 0.00000000 0.00000000 0.00000000 0.00000000 0.00000000 0.00000000 0.00000000 0.00000000 0.00000000 0.00000000 0.00000000 0.00000000 0.00000000 0.00000000 0.00000000 0.00000000 0.00000000 0.00000000 0.00000000 0.00000000 0.00000000 0.00000000 0.00000000 0.00000000 0.00000000 0.00000000 0.00000000 0.00000000 0.00000000 0.00000000 0.00000000 0.00000000 0.00000000 0.00000000 0.00000000 0.00000000 0.00000000 0.00000000 0.00000000 0.00000000 0.00000000 0.00000000 0.00000000 0.00000000 0.00000000 0.00000000 0.00000000 0.00000000 0.00000000 0.00000000 0.00000000 0.00000000 0.00000000 0.00000000 0.00000000 0.00000000 0.00000000 0.13312060 0.23401836 0.38130623 0.41817206 0.42389333 0.43558097 0.45268273 0.45817214 0.45244026 0.46871161 0.47025120 0.46844202 0.46703768 0.48415148 0.48755461 0.47305131 0.48794425 0.48660761 0.49211961
0.41191232 0.40695792 0.39901501 0.40317941 0.41252357 0.41978270 0.41344917 0.41028368 0.40124148 0.40770626 0.40608943 0.40300941 0.40876734 0.40752470 0.40314841 0.41437036 0.40544391 0.40785646 0.40924460 0.40969205 0.40559864 0.40323651 0.39737093 0.41132748 0.40291041 0.40356946 0.40386075 0.40158331 0.40053403 0.40525514 0.39732724 0.40143114 0.39526296 0.39292604 0.39148998 0.38801032 0.38370347 0.37738478 0.37945998 0.37585849 0.37316269 0.37731707 0.25415823 0.00000000 0.00000000 0.00000000 0.00000000 0.00000000 0.00000000 0.00000000 0.00000000 0.00000000 0.00000000 0.00000000 0.00000000 0.00000000 0.00000000 0.00000000 0.00000000 0.00000000 0.00000000 0.00000000 0.00000000 0.00000000 0.00000000 0.00000000 0.00000000 0.00000000 0.00000000 0.00000000 0.00000000 0.00000000 0.00000000 0.00000000 0.00000000 0.00000000 0.00000000 0.00000000 0.00000000 0.00000000 0.00000000 0.00000000 0.00000000 0.00000000 0.00000000 0.00000000 0.00000000 0.00000000 0.00000000 0.00000000 0.00000000 0.00000000 0.00000000 0.00000000 0.00000000 0.00000000 0.00000000 0.00000000 0.00000000 0.00000000 0.00000000 0.00000000 0.00000000 0.00000000 0.04328360 0.14516765 0.31577033 0.40291643 0.41953433 0.42587113 0.43228722 0.44893116 0.44693947 0.45861256 0.46248955 0.46673036 0.48017681 0.47784042 0.48188835 0.48073566 0.48077238 0.48792428 0.48995930 0.49347091
0.41970825 0.41144884 0.40273541 0.40332568 0.41559374 0.41595769 0.41028434 0.40318930 0.39805436 0.39277732 0.40041488 0.40399921 0.40365332 0.40162116 0.40552652 0.40586436 0.41480666 0.40378600 0.40518612 0.40581441 0.40401083 0.40719694 0.40445083 0.40112817 0.40789378 0.40143776 0.40919489 0.40201694 0.39401776 0.40014756 0.39540225 0.39755410 0.39853156 0.39371228 0.38528198 0.39304012 0.38156426 0.37363750 0.37814867 0.37228918 0.37534899 0.37345475 0.19542316 0.00000000 0.00000000 0.00000000 0.00000000 0.00000000 0.00000000 0.00000000 0.00000000 0.00000000 0.00000000 0.00000000 0.00000000 0.00000000 0.00000000 0.00000000 0.00000000 0.00000000 0.00000000 0.00000000 0.00000000 0.00000000 0.00000000 0.00000000 0.00000000 0.00000000 0.00000000 0.00000000 0.00000000 0.00000000 0.00000000 0.00000000 0.00000000 0.00000000 0.00000000 0.00000000 0.00000000 0.00000000 0.00000000 0.00000000 0.00000000 0.00000000 0.00000000 0.00000000 0.00000000 0.00000000 0.00000000 0.00000000 0.00000000 0.00000000 0.00000000 0.00000000 0.00000000 0.00000000 0.00000000 0.00000000 0.00000000 0.00000000 0.00000000 0.00000000 0.00000000 0.00000000 0.12007979 0.18322650 0.33296591 0.41705042 0.42301857 0.42581469 0.44479513 0.45072937 0.45803511 0.45943314 0.46905971 0.46626276 0.47236598 0.47943819 0.47010374 0.47097057 0.47808427 0.48751277 0.48915225 0.49364376
0.42840314 0.41909134 0.40016580 0.40504020 0.40876174 0.40238941 0.40060455 0.40158391 0.40047473 0.39364433 0.40001911 0.40716177 0.39820743 0.40655935 0.39886177 0.39972478 0.40309656 0.40109771 0.40087092 0.39584333 0.40067226 0.40342188 0.40638125 0.40136671 0.40101385 0.40590024 0.40610570 0.39947498 0.39644986 0.39523709 0.39492500 0.40239322 0.39585930 0.39393407 0.38694817 0.38521755 0.38232219 0.38041186 0.37712860 0.36429232 0.37952793 0.34746706 0.09699187 0.00000000 0.00000000 0.00000000 0.00000000 0.00000000 0.00000000 0.00000000 0.00000000 0.00000000 0.00000000 0.00000000 0.00000000 0.00000000 0.00000000 0.00000000 0.00000000 0.00000000 0.00000000 0.00000000 0.00000000 0.00000000 0.00000000 0.00000000 0.00000000 0.00000000 0.00000000 0.00000000 0.00000000 0.00000000 0.00000000 0.00000000 0.00000000 0.00000000 0.00000000 0.00000000 0.00000000 0.00000000 0.00000000 0.00000000 0.00000000 0.00000000 0.00000000 0.00000000 0.00000000 0.00000000 0.00000000 0.00000000 0.00000000 0.00000000 0.00000000 0.00000000 0.00000000 0.00000000 0.00000000 0.00000000 0.00000000 0.00000000 0.00000000 0.00000000 0.00000000 0.00000000 0.13015449 0.23525611 0.36804533 0.41490799 0.43018663 0.43484944 0.43849134 0.45180380 0.45618200 0.45312232 0.46136510 0.46991223 0.46420246 0.47781926 0.48043710 0.47972339 0.48976600 0.48777729 0.48847419 0.49139458
0.41045523 0.41801906 0.41358054 0.40522802 0.39290231 0.38676453 0.39269078 0.40552300 0.39604264 0.39934474 0.39918292 0.39578873 0.40094340 0.39812505 0.39747500 0.39992309 0.39522851 0.40409160 0.40465313 0.40265471 0.40374839 0.40275061 0.40349972 0.40374792 0.39797699 0.40238434 0.40601516 0.39501488 0.39388090 0.38917905 0.39460647 0.39398366 0.39585429 0.38962770 0.39255852 0.38676411 0.37884879 0.38155317 0.37552935 0.36415821 0.37578845 0.30512989 0.00000000 0.00000000 0.00000000 0.00000000 0.00000000 0.00000000 0.00000000 0.00000000 0.00000000 0.00000000 0.00000000 0.00000000 0.00000000 0.00000000 0.00000000 0.00000000 0.00000000 0.00000000 0.00000000 0.00000000 0.00000000 0.00000000 0.00000000 0.00000000 0.00000000 0.00000000 0.00000000 0.00000000 0.00000000 0.00000000 0.00000000 0.00000000 0.00000000 0.00000000 0.00000000 0.00000000 0.00000000 0.00000000 0.00000000 0.00000000 0.00000000 0.00000000 0.00000000 0.00000000 0.00000000 0.00000000 0.00000000 0.00000000 0.00000000 0.00000000 0.00000000 0.00000000 0.00000000 0.00000000 0.00000000 0.00000000 0.00000000 0.00000000 0.00000000 0.00000000 0.00000000 0.01482832 0.13645566 0.29667678 0.39889306 0.41402823 0.42373019 0.43664712 0.44267619 0.44836593 0.45048416 0.45646179 0.45828426 0.46529704 0.47455132 0.47128677 0.48140514 0.49369413 0.48514348 0.49093449 0.48654705 0.49961638
0.39927626 0.40548265 0.42486846 0.41462409 0.39274955 0.38750100 0.40165377 0.40187114 0.39544827 0.39552772 0.39715385 0.39706069 0.40058404 0.40261257 0.40505904 0.39594352 0.40389490 0.40137929 0.40133744 0.40301204 0.40010720 0.40039241 0.39873856 0.40301257 0.39552927 0.39828926 0.40045756 0.40241772 0.39404541 0.39118302 0.39814687 0.39817524 0.39215720 0.39053392 0.38781756 0.39225131 0.38321620 0.37687409 0.37059766 0.37098950 0.37068123 0.23746532 0.00000000 0.00000000 0.00000000 0.00000000 0.00000000 0.00000000 0.00000000 0.00000000 0.00000000 0.00000000 0.00000000 0.00000000 0.00000000 0.00000000 0.00000000 0.00000000 0.00000000 0.00000000 0.00000000 0.00000000 0.00000000 0.00000000 0.00000000 0.00000000 0.00000000 0.00000000 0.00000000 0.00000000 0.00000000 0.00000000 0.00000000 0.00000000 0.00000000 0.00000000 0.00000000 0.00000000 0.00000000 0.00000000 0.00000000 0.00000000 0.00000000 0.00000000 0.00000000 0.00000000 0.00000000 0.00000000 0.00000000 0.00000000 0.00000000 0.00000000 0.00000000 0.00000000 0.00000000 0.00000000 0.00000000 0.00000000 0.00000000 0.00000000 0.00000000 0.00000000 0.00000000 0.00000000 0.15575883 0.35306340 0.40750146 0.41839033 0.43263131 0.44183749 0.44663519 0.44730496 0.45750266 0.46229464 0.45636135 0.45975280 0.48000300 0.47785342 0.48463464 0.48617953 0.48564023 0.47817844 0.48778117 0.49124777
0.39879262 0.39575887 0.40579748 0.41384107 0.39940023 0.38792491 0.38915491 0.39581907 0.38941002 0.39492309 0.39387798 0.39584053 0.39578444 0.39440465 0.40243626 0.39947701 0.39208674 0.39821172 0.40313828 0.39566582 0.40733975 0.39938068 0.39795625 0.40193856 0.40044188 0.39810848 0.39616996 0.39912277 0.40442812 0.39138401 0.39331275 0.38931507 0.38654518 0.38172752 0.38197327 0.37979209 0.37834650 0.37121153 0.36941409 0.37944382 0.34493399 0.09852085 0.00000000 0.00000000 0.00000000 0.00000000 0.00000000 0.00000000 0.00000000 0.00000000 0.00000000 0.00000000 0.00000000 0.00000000 0.00000000 0.00000000 0.00000000 0.00000000 0.00000000 0.00000000 0.00000000 0.00000000 0.00000000 0.00000000 0.00000000 0.00000000 0.00000000 0.00000000 0.00000000 0.00000000 0.00000000 0.00000000 0.00000000 0.00000000 0.00000000 0.00000000 0.00000000 0.00000000 0.00000000 0.00000000 0.00000000 0.00000000 0.00000000 0.00000000 0.00000000 0.00000000 0.00000000 0.00000000 0.00000000 0.00000000 0.00000000 0.00000000 0.00000000 0.00000000 0.00000000 0.00000000 0.00000000 0.00000000 0.00000000 0.00000000 0.00000000 0.00000000 0.00000000 0.00000000 0.15313950 0.36859155 0.41157031 0.41709805 0.43081862 0.43930101 0.44561893 0.44957536 0.45384824 0.45972514 0.45936966 0.46442652 0.46780908 0.48239505 0.47749090 0.47790146 0.47392958 0.48261809 0.48277438 0.48565096
0.39107209 0.39457667 0.39272457 0.39508152 0.40276998 0.39230424 0.39268672 0.39241135 0.39571548 0.39782029 0.39991838 0.39992112 0.39945126 0.39456445 0.39310479 0.39997846 0.39358085 0.39561105 0.39308870 0.40061587 0.40395892 0.40451294 0.40304446 0.40183979 0.39954263 0.39716631 0.39884579 0.39684522 0.39838415 0.40042615 0.38709396 0.38710213 0.38207793 0.38007021 0.37924236 0.38178253 0.37920672 0.37696183 0.37017065 0.38170624 0.30737752 0.00000000 0.00000000 0.00000000 0.00000000 0.00000000 0.00000000 0.00000000 0.00000000 0.00000000 0.00000000 0.00000000 0.00000000 0.00000000 0.00000000 0.00000000 0.00000000 0.00000000 0.00000000 0.00000000 0.00000000 0.00000000 0.00000000 0.00000000 0.00000000 0.00000000 0.00000000 0.00000000 0.00000000 0.00000000 0.00000000 0.00000000 0.00000000 0.00000000 0.00000000 0.00000000 0.00000000 0.00000000 0.00000000 0.00000000 0.00000000 0.00000000 0.00000000 0.00000000 0.00000000 0.00000000 0.00000000 0.00000000 0.00000000 0.00000000 0.00000000 0.00000000 0.00000000 0.00000000 0.00000000 0.00000000 0.00000000 0.00000000 0.00000000 0.00000000 0.00000000 0.00000000 0.00000000 0.00000000 0.20970526 0.39102620 0.41066313 0.42383200 0.43257773 0.43887168 0.44239694 0.44379705 0.45640159 0.45454317 0.45939070 0.46422911 0.46624607 0.47406989 0.48265529 0.46652436 0.47791898 0.48622853 0.48118806 0.48443079
0.38637680 0.38810277 0.39137530 0.39214236 0.39268714 0.40035814 0.39254040 0.38664073 0.39405024 0.39665890 0.39316028 0.39815855 0.39654118 0.39621663 0.39544308 0.39541376 0.40001243 0.39338577 0.39244992 0.39543509 0.39850086 0.40079987 0.40155852 0.39611083 0.39299732 0.39477837 0.38882083 0.38990080 0.39397836 0.39512223 0.39017630 0.38197547 0.38474023 0.37528026 0.37933153 0.37480581 0.37505537 0.37235504 0.37230104 0.37933624 0.24598780 0.00000000 0.00000000 0.00000000 0.00000000 0.00000000 0.00000000 0.00000000 0.00000000 0.00000000 0.00000000 0.00000000 0.00000000 0.00000000 0.00000000 0.00000000 0.00000000 0.00000000 0.00000000 0.00000000 0.00000000 0.00000000 0.00000000 0.00000000 0.00000000 0.00000000 0.00000000 0.00000000 0.00000000 0.00000000 0.00000000 0.00000000 0.00000000 0.00000000 0.00000000 0.00000000 0.00000000 0.00000000 0.00000000 0.00000000 0.00000000 0.00000000 0.00000000 0.00000000 0.00000000 0.00000000 0.00000000 0.00000000 0.00000000 0.00000000 0.00000000 0.00000000 0.00000000 0.00000000 0.00000000 0.00000000 0.00000000 0.00000000 0.00000000 0.00000000 0.00000000 0.00000000 0.00000000 0.04599625 0.24400568 0.39277834 0.41678786 0.42039734 0.42411184 0.43555927 0.44130987 0.43896693 0.45001304 0.45900762 0.46161073 0.46572578 0.46135598 0.46473211 0.47397560 0.47451162 0.47842342 0.47632140 0.48289239 0.48363596
0.38899183 0.38496321 0.38952458 0.38835442 0.39588255 0.39192492 0.39059138 0.38828915 0.39547056 0.39296716 0.39350599 0.39737344 0.39274865 0.39642513 0.39543068 0.39948303 0.39812815 0.39434999 0.39770025 0.39694190 0.39153802 0.40087581 0.40334523 0.39634871 0.39289099 0.39643735 0.39388824 0.38647926 0.38922572 0.39512765 0.38581496 0.38106602 0.37757295 0.37456894 0.37149823 0.36782902 0.36491311 0.36399055 0.38225323 0.31813449 0.10997817 0.00000000 0.00000000 0.00000000 0.00000000 0.00000000 0.00000000 0.00000000 0.00000000 0.00000000 0.00000000 0.00000000 0.00000000 0.00000000 0.00000000 0.00000000 0.00000000 0.00000000 0.00000000 0.00000000 0.00000000 0.00000000 0.00000000 0.00000000 0.00000000 0.00000000 0.00000000 0.00000000 0.00000000 0.00000000 0.00000000 0.00000000 0.00000000 0.00000000 0.00000000 0.00000000 0.00000000 0.00000000 0.00000000 0.00000000 0.00000000 0.00000000 0.00000000 0.00000000 0.00000000 0.00000000 0.00000000 0.00000000 0.00000000 0.00000000 0.00000000 0.00000000 0.00000000 0.00000000 0.00000000 0.00000000 0.00000000 0.00000000 0.00000000 0.00000000 0.00000000 0.00000000 0.00000000 0.07756296 0.25100935 0.39330107 0.41182512 0.42681253 0.43395346 0.43797344 0.44696212 0.44927067 0.45549494 0.46100765 0.46188229 0.46617633 0.46517605 0.46807259 0.47450393 0.47896188 0.48051751 0.48287570 0.48829299 0.49035728
0.38266051 0.38692474 0.38643044 0.38653278 0.39094937 0.39013422 0.38533551 0.39527732 0.39299470 0.38900715 0.39215904 0.39430386 0.39105171 0.39118499 0.39158547 0.39336646 0.39262575 0.39042014 0.39064974 0.39515269 0.39751518 0.39443570 0.39354962 0.39730614 0.38997179 0.39428407 0.39254797 0.38877320 0.39005542 0.38452065 0.38391364 0.37830997 0.37350714 0.37194204 0.36516237 0.36315078 0.36175019 0.36958355 0.38105625 0.28079709 0.00000000 0.00000000 0.00000000 0.00000000 0.00000000 0.00000000 0.00000000 0.00000000 0.00000000 0.00000000 0.00000000 0.00000000 0.00000000 0.00000000 0.00000000 0.00000000 0.00000000 0.00000000 0.00000000 0.00000000 0.00000000 0.00000000 0.00000000 0.00000000 0.00000000 0.00000000 0.00000000 0.00000000 0.00000000 0.00000000 0.00000000 0.00000000 0.00000000 0.00000000 0.00000000 0.00000000 0.00000000 0.00000000 0.00000000 0.00000000 0.00000000 0.00000000 0.00000000 0.00000000 0.00000000 0.00000000 0.00000000 0.00000000 0.00000000 0.00000000 0.00000000 0.00000000 0.00000000 0.00000000 0.00000000 0.00000000 0.00000000 0.00000000 0.00000000 0.00000000 0.00000000 0.00000000 0.00000000 0.08986458 0.28083298 0.40037650 0.41196841 0.41885555 0.43340498 0.44069642 0.44764268 0.45668119 0.46260017 0.45593625 0.46567810 0.47411454 0.46629566 0.46425396 0.47305667 0.47503549 0.48153728 0.48437637 0.48182231 0.48722339
0.37734073 0.38098413 0.38601059 0.38668072 0.39107537 0.38403481 0.38817501 0.38696539 0.39454031 0.39078122 0.39097267 0.39202303 0.39289755 0.38903064 0.39362007 0.38937879 0.39023489 0.39672428 0.39219153 0.39425731 0.39517868 0.38908595 0.39189446 0.38110948 0.38884717 0.39021617 0.38312596 0.38505548 0.38060611 0.38284791 0.37585908 0.37195271 0.37136567 0.36502618 0.36520326 0.35904354 0.36382878 0.39120740 0.33531463 0.07548973 0.00000000 0.00000000 0.00000000 0.00000000 0.00000000 0.00000000 0.00000000 0.00000000 0.00000000 0.00000000 0.00000000 0.00000000 0.00000000 0.00000000 0.00000000 0.00000000 0.00000000 0.00000000 0.00000000 0.00000000 0.00000000 0.00000000 0.00000000 0.00000000 0.00000000 0.00000000 0.00000000 0.00000000 0.00000000 0.00000000 0.00000000 0.00000000 0.00000000 0.00000000 0.00000000 0.00000000 0.00000000 0.00000000 0.00000000 0.00000000 0.00000000 0.00000000 0.00000000 0.00000000 0.00000000 0.00000000 0.00000000 0.00000000 0.00000000 0.00000000 0.00000000 0.00000000 0.00000000 0.00000000 0.00000000 0.00000000 0.00000000 0.00000000 0.00000000 0.00000000 0.00000000 0.00000000 0.00000000 0.08660004 0.33313453 0.39489073 0.41449070 0.41918421 0.42597455 0.43506044 0.44636238 0.45725662 0.45536745 0.45642513 0.46075612 0.47232670 0.46811998 0.46263075 0.46945649 0.47685403 0.48365849 0.48068726 0.47754192 0.48439586
0.38068634 0.38476223 0.39030772 0.39060980 0.38718301 0.39035600 0.38395178 0.38526273 0.38460761 0.38881010 0.39068609 0.38980603 0.38660669 0.39006525 0.38782018 0.38838553 0.38703233 0.39388168 0.39986730 0.39544272 0.38317961 0.38484508 0.38183975 0.38651878 0.38746601 0.38557386 0.38387442 0.38244504 0.38192004 0.37597865 0.37302643 0.37253672 0.36442822 0.36222154 0.36411566 0.35717791 0.37822723 0.34579742 0.09749243 0.00000000 0.00000000 0.00000000 0.00000000 0.00000000 0.00000000 0.00000000 0.00000000 0.00000000 0.00000000 0.00000000 0.00000000 0.00000000 0.00000000 0.00000000 0.00000000 0.00000000 0.00000000 0.00000000 0.00000000 0.00000000 0.00000000 0.00000000 0.00000000 0.00000000 0.00000000 0.00000000 0.00000000 0.00000000 0.00000000 0.00000000 0.00000000 0.00000000 0.00000000 0.00000000 0.00000000 0.00000000 0.00000000 0.00000000 0.00000000 0.00000000 0.00000000 0.00000000 0.00000000 0.00000000 0.00000000 0.00000000 0.00000000 0.00000000 0.00000000 0.00000000 0.00000000 0.00000000 0.00000000 0.00000000 0.00000000 0.00000000 0.00000000 0.00000000 0.00000000 0.00000000 0.00000000 0.00000000 0.00000000 0.01917841 0.33043498 0.40207052 0.41181874 0.41743183 0.42549378 0.43470711 0.44040829 0.45126259 0.44749528 0.45088607 0.45276475 0.46088111 0.47324556 0.46958894 0.46417016 0.48359591 0.47838163 0.47841400 0.48245949 0.48062241
0.39070737 0.38947010 0.38878936 0.38153940 0.38842875 0.38873667 0.38534379 0.38193214 0.38190264 0.37955809 0.39000577 0.38570029 0.39015287 0.38975853 0.38832933 0.38624758 0.38560307 0.38763523 0.39810020 0.38592160 0.38370866 0.37883055 0.37973934 0.39166141 0.38963991 0.38546145 0.38397604 0.38350344 0.38496184 0.37601280 0.37513453 0.37397337 0.36769849 0.36665523 0.36646765 0.37457287 0.37889665 0.24092531 0.00000000 0.00000000 0.00000000 0.00000000 0.00000000 0.00000000 0.00000000 0.00000000 0.00000000 0.00000000 0.00000000 0.00000000 0.00000000 0.00000000 0.00000000 0.00000000 0.00000000 0.00000000 0.00000000 0.00000000 0.00000000 0.00000000 0.00000000 0.00000000 0.00000000 0.00000000 0.00000000 0.00000000 0.00000000 0.00000000 0.00000000 0.00000000 0.00000000 0.00000000 0.00000000 0.00000000 0.00000000 0.00000000 0.00000000 0.00000000 0.00000000 0.00000000 0.00000000 0.00000000 0.00000000 0.00000000 0.00000000 0.00000000 0.00000000 0.00000000 0.00000000 0.00000000 0.00000000 0.00000000 0.00000000 0.00000000 0.00000000 0.00000000 0.00000000 0.00000000 0.00000000 0.00000000 0.00000000 0.00000000 0.00000000 0.00000000 0.27377883 0.39068764 0.40252739 0.41343403 0.42281210 0.43166518 0.43464863 0.43657303 0.44682407 0.45204794 0.45909351 0.45361692 0.46058738 0.47675020 0.47225720 0.47111320 0.48245931 0.48066622 0.47929925 0.48057258
0.38210166 0.38694358 0.38401431 0.38263345 0.38225055 0.38492906 0.38402611 0.38170737 0.38120395 0.38216960 0.38285679 0.38698196 0.38748330 0.38658935 0.38913488 0.38512635 0.37903690 0.38290161 0.38528150 0.38812649 0.38253951 0.38260388 0.38734996 0.38749415 0.38894129 0.37864786 0.37519658 0.37741458 0.37420452 0.37515342 0.37210768 0.36843866 0.36110097 0.36082971 0.36055994 0.37110448 0.34700334 0.04375438 0.00000000 0.00000000 0.00000000 0.00000000 0.00000000 0.00000000 0.00000000 0.00000000 0.00000000 0.00000000 0.00000000 0.00000000 0.00000000 0.00000000 0.00000000 0.00000000 0.00000000 0.00000000 0.00000000 0.00000000 0.00000000 0.00000000 0.00000000 0.00000000 0.00000000 0.00000000 0.00000000 0.00000000 0.00000000 0.00000000 0.00000000 0.00000000 0.00000000 0.00000000 0.00000000 0.00000000 0.00000000 0.00000000 0.00000000 0.00000000 0.00000000 0.00000000 0.00000000 0.00000000 0.00000000 0.00000000 0.00000000 0.00000000 0.00000000 0.00000000 0.00000000 0.00000000 0.00000000 0.00000000 0.00000000 0.00000000 0.00000000 0.00000000 0.00000000 0.00000000 0.00000000 0.00000000 0.00000000 0.00000000 0.00000000 0.00000000 0.22914311 0.37283617 0.40777057 0.41496444 0.41978693 0.43332094 0.43519044 0.44448882 0.44982708 0.45364279 0.46339053 0.45217764 0.44931310 0.46971041 0.46959943 0.46517766 0.46795297 0.47360557 0.47857106 0.47060072
0.37603152 0.37994218 0.37866598 0.37603176 0.37918466 0.38175362 0.37581450 0.37873065 0.38019925 0.37412477 0.37243015 0.38161922 0.38273311 0.38024241 0.38406903 0.38382554 0.38026297 0.37465191 0.38272876 0.38547689 0.38146293 0.38884997 0.38288540 0.37844199 0.38415372 0.37958562 0.37120217 0.36823314 0.37191802 0.36671352 0.36753708 0.36233497 0.35819393 0.36052459 0.36385411 0.37609166 0.21758473 0.00000000 0.00000000 0.00000000 0.00000000 0.00000000 0.00000000 0.00000000 0.00000000 0.00000000 0.00000000 0.00000000 0.00000000 0.00000000 0.00000000 0.00000000 0.00000000 0.00000000 0.00000000 0.00000000 0.00000000 0.00000000 0.00000000 0.00000000 0.00000000 0.00000000 0.00000000 0.00000000 0.00000000 0.00000000 0.00000000 0.00000000 0.00000000 0.00000000 0.00000000 0.00000000 0.00000000 0.00000000 0.00000000 0.00000000 0.00000000 0.00000000 0.00000000 0.00000000 0.00000000 0.00000000 0.00000000 0.00000000 0.00000000 0.00000000 0.00000000 0.00000000 0.00000000 0.00000000 0.00000000 0.00000000 0.00000000 0.00000000 0.00000000 0.00000000 0.00000000 0.00000000 0.00000000 0.00000000 0.00000000 0.00000000 0.00000000 0.00000000 0.13868019 0.34935468 0.40502369 0.41372728 0.42246884 0.41953009 0.43251365 0.43939412 0.44246769 0.44762218 0.44889241 0.44894588 0.45416868 0.45491946 0.46123618 0.47330517 0.46651989 0.46390784 0.47266680 0.47708124
0.37529528 0.38305551 0.38548148 0.38132727 0.38368320 0.38007903 0.38500297 0.37711716 0.37391526 0.37680262 0.37445587 0.37063479 0.38402659 0.38865930 0.38214982 0.38464671 0.37952781 0.38002712 0.38406229 0.38260168 0.38052249 0.38358128 0.38203186 0.37164241 0.37419713 0.37971103 0.37193638 0.36942643 0.36553442 0.36896646 0.36908448 0.36217552 0.35815918 0.35754216 0.37328088 0.33697313 0.09948903 0.00000000 0.00000000 0.00000000 0.00000000 0.00000000 0.00000000 0.00000000 0.00000000 0.00000000 0.00000000 0.00000000 0.00000000 0.00000000 0.00000000 0.00000000 0.00000000 0.00000000 0.00000000 0.00000000 0.00000000 0.00000000 0.00000000 0.00000000 0.00000000 0.00000000 0.00000000 0.00000000 0.00000000 0.00000000 0.00000000 0.00000000 0.00000000 0.00000000 0.00000000 0.00000000 0.00000000 0.00000000 0.00000000 0.00000000 0.00000000 0.00000000 0.00000000 0.00000000 0.00000000 0.00000000 0.00000000 0.00000000 0.00000000 0.00000000 0.00000000 0.00000000 0.00000000 0.00000000 0.00000000 0.00000000 0.00000000 0.00000000 0.00000000 0.00000000 0.00000000 0.00000000 0.00000000 0.00000000 0.00000000 0.00000000 0.00000000 0.00000000 0.00086582 0.31021249 0.39870024 0.41877007 0.42148167 0.42511994 0.43040043 0.43469113 0.44305652 0.44647801 0.44628817 0.45209110 0.45702136 0.44948661 0.45912635 0.46457309 0.47485417 0.47451013 0.47357768 0.46912146
0.37291366 0.38531524 0.37996125 0.38569897 0.38735765 0.38137394 0.37941599 0.38652343 0.37543344 0.37959123 0.38334846 0.37926179 0.38905460 0.38454419 0.38387460 0.38493425 0.38576305 0.38568097 0.37804943 0.38479054 0.37840903 0.38233012 0.38148743 0.38295156 0.37841463 0.37338758 0.37203395 0.37113512 0.36592728 0.36811119 0.36963528 0.36800802 0.37180930 0.36172026 0.37703025 0.32843626 0.01512346 0.00000000 0.00000000 0.00000000 0.00000000 0.00000000 0.00000000 0.00000000 0.00000000 0.00000000 0.00000000 0.00000000 0.00000000 0.00000000 0.00000000 0.00000000 0.00000000 0.00000000 0.00000000 0.00000000 0.00000000 0.00000000 0.00000000 0.00000000 0.00000000 0.00000000 0.00000000 0.00000000 0.00000000 0.00000000 0.00000000 0.00000000 0.00000000 0.00000000 0.00000000 0.00000000 0.00000000 0.00000000 0.00000000 0.00000000 0.00000000 0.00000000 0.00000000 0.00000000 0.00000000 0.00000000 0.00000000 0.00000000 0.00000000 0.00000000 0.00000000 0.00000000 0.00000000 0.00000000 0.00000000 0.00000000 0.00000000 0.00000000 0.00000000 0.00000000 0.00000000 0.00000000 0.00000000 0.00000000 0.00000000 0.00000000 0.00000000 0.00000000 0.00000000 0.22443348 0.37990260 0.41211343 0.42461479 0.42556423 0.42467570 0.44081539 0.45163685 0.45053440 0.45413136 0.45172465 0.45747012 0.45542127 0.45665610 0.46773148 0.47382754 0.48168731 0.46968943 0.48028296
0.37023640 0.37197042 0.37903613 0.37901855 0.37821960 0.37914944 0.37374359 0.37251723 0.37330621 0.38017255 0.37703878 0.37923652 0.38071883 0.37884235 0.38282573 0.37898737 0.39158165 0.38073939 0.37755096 0.37101728 0.37395436 0.38071412 0.37900662 0.37864065 0.37187958 0.36841965 0.36841458 0.36271143 0.36454946 0.36369956 0.36293888 0.35985023 0.36264378 0.36532873 0.35441297 0.25260147 0.00000000 0.00000000 0.00000000 0.00000000 0.00000000 0.00000000 0.00000000 0.00000000 0.00000000 0.00000000 0.00000000 0.00000000 0.00000000 0.00000000 0.00000000 0.00000000 0.00000000 0.00000000 0.00000000 0.00000000 0.00000000 0.00000000 0.00000000 0.00000000 0.00000000 0.00000000 0.00000000 0.00000000 0.00000000 0.00000000 0.00000000 0.00000000 0.00000000 0.00000000 0.00000000 0.00000000 0.00000000 0.00000000 0.00000000 0.00000000 0.00000000 0.00000000 0.00000000 0.00000000 0.00000000 0.00000000 0.00000000 0.00000000 0.00000000 0.00000000 0.00000000 0.00000000 0.00000000 0.00000000 0.00000000 0.00000000 0.00000000 0.00000000 0.00000000 0.00000000 0.00000000 0.00000000 0.00000000 0.00000000 0.00000000 0.00000000 0.00000000 0.00000000 0.00000000 0.15287915 0.34110767 0.39328182 0.41556025 0.42390519 0.41864473 0.42794251 0.44529849 0.44899476 0.44588655 0.45488304 0.45338351 0.45847470 0.46637839 0.45996785 0.47142500 0.46738183 0.46851319 0.47957247
0.36631989 0.36805695 0.37191355 0.37283206 0.37694305 0.37127399 0.37902772 0.37044483 0.36635274 0.37429261 0.37449634 0.37059265 0.36921555 0.37654990 0.37615246 0.38117945 0.37981325 0.37830907 0.37716162 0.36927849 0.36934716 0.37778312 0.37554675 0.36825806 0.36225861 0.36814481 0.36594033 0.36253232 0.35895634 0.36354828 0.36470985 0.35560429 0.35567123 0.35703045 0.33471447 0.18270242 0.00000000 0.00000000 0.00000000 0.00000000 0.00000000 0.00000000 0.00000000 0.00000000 0.00000000 0.00000000 0.00000000 0.00000000 0.00000000 0.00000000 0.00000000 0.00000000 0.00000000 0.00000000 0.00000000 0.00000000 0.00000000 0.00000000 0.00000000 0.00000000 0.00000000 0.00000000 0.00000000 0.00000000 0.00000000 0.00000000 0.00000000 0.00000000 0.00000000 0.00000000 0.00000000 0.00000000 0.00000000 0.00000000 0.00000000 0.00000000 0.00000000 0.00000000 0.00000000 0.00000000 0.00000000 0.00000000 0.00000000 0.00000000 0.00000000 0.00000000 0.00000000 0.00000000 0.00000000 0.00000000 0.00000000 0.00000000 0.00000000 0.00000000 0.00000000 0.00000000 0.00000000 0.00000000 0.00000000 0.00000000 0.00000000 0.00000000 0.00000000 0.00000000 0.00000000 0.09719622 0.33293879 0.38898236 0.40309995 0.42108643 0.42914301 0.42845577 0.43360287 0.43633687 0.44507593 0.44683313 0.44754285 0.44921535 0.44258851 0.45784265 0.45017338 0.45161724 0.46058995 0.46140230
0.37176549 0.37189126 0.37056023 0.37803411 0.37890559 0.37752146 0.37428737 0.37943816 0.37630618 0.37432557 0.37993586 0.37691498 0.38095802 0.38302487 0.38431400 0.38085884 0.38173676 0.38276690 0.38319862 0.37134647 0.37532479 0.37628585 0.37075114 0.36469793 0.36782748 0.36910444 0.37337148 0.36365181 0.36158872 0.36495459 0.35854399 0.36026663 0.35384673 0.35914260 0.35021192 0.09223408 0.00000000 0.00000000 0.00000000 0.00000000 0.00000000 0.00000000 0.00000000 0.00000000 0.00000000 0.00000000 0.00000000 0.00000000 0.00000000 0.00000000 0.00000000 0.00000000 0.00000000 0.00000000 0.00000000 0.00000000 0.00000000 0.00000000 0.00000000 0.00000000 0.00000000 0.00000000 0.00000000 0.00000000 0.00000000 0.00000000 0.00000000 0.00000000 0.00000000 0.00000000 0.00000000 0.00000000 0.00000000 0.00000000 0.00000000 0.00000000 0.00000000 0.00000000 0.00000000 0.00000000 0.00000000 0.00000000 0.00000000 0.00000000 0.00000000 0.00000000 0.00000000 0.00000000 0.00000000 0.00000000 0.00000000 0.00000000 0.00000000 0.00000000 0.00000000 0.00000000 0.00000000 0.00000000 0.00000000 0.00000000 0.00000000 0.00000000 0.00000000 0.00000000 0.00000000 0.03096786 0.31699526 0.38860440 0.40474582 0.41538841 0.42494446 0.43134975 0.43062973 0.43915516 0.44818568 0.44989347 0.44923365 0.45402092 0.45213461 0.45584232 0.46682924 0.47496074 0.47732437 0.48093706
0.37425017 0.37562895 0.37527233 0.37418008 0.38206297 0.37632251 0.37935334 0.37930143 0.37616420 0.37780666 0.37621135 0.37994647 0.37467396 0.39014548 0.38311243 0.37730968 0.38326824 0.38260192 0.38506931 0.38174933 0.37953800 0.37628078 0.37251949 0.37248755 0.37163401 0.37320632 0.36422539 0.36170113 0.36000651 0.35787261 0.36183423 0.35879326 0.35787868 0.35681552 0.33879513 0.05935630 0.00000000 0.00000000 0.00000000 0.00000000 0.00000000 0.00000000 0.00000000 0.00000000 0.00000000 0.00000000 0.00000000 0.00000000 0.00000000 0.00000000 0.00000000 0.00000000 0.00000000 0.00000000 0.00000000 0.00000000 0.00000000 0.00000000 0.00000000 0.00000000 0.00000000 0.00000000 0.00000000 0.00000000 0.00000000 0.00000000 0.00000000 0.00000000 0.00000000 0.00000000 0.00000000 0.00000000 0.00000000 0.00000000 0.00000000 0.00000000 0.00000000 0.00000000 0.00000000 0.00000000 0.00000000 0.00000000 0.00000000 0.00000000 0.00000000 0.00000000 0.00000000 0.00000000 0.00000000 0.00000000 0.00000000 0.00000000 0.00000000 0.00000000 0.00000000 0.00000000 0.00000000 0.00000000 0.00000000 0.00000000 0.00000000 0.00000000 0.00000000 0.00000000 0.00000000 0.00000000 0.26935709 0.39004016 0.40502048 0.41966629 0.42634839 0.43745852 0.43042171 0.43668264 0.45052791 0.45188683 0.44720966 0.44773465 0.45360255 0.45575345 0.47006965 0.46775407 0.47469103 0.47443485
0.36699033 0.37533516 0.37305796 0.37639719 0.37227124 0.37351871 0.37870812 0.37503004 0.38017845 0.37650269 0.38018262 0.38023710 0.37737197 0.38162953 0.38101012 0.38055819 0.38215417 0.37894994 0.37913209 0.38148236 0.37758780 0.36915761 0.37151343 0.36822295 0.36672837 0.36925012 0.36427742 0.36300272 0.36178458 0.36196136 0.36135727 0.36427081 0.35620457 0.34823757 0.28065258 0.04866861 0.00000000 0.00000000 0.00000000 0.00000000 0.00000000 0.00000000 0.00000000 0.00000000 0.00000000 0.00000000 0.00000000 0.00000000 0.00000000 0.00000000 0.00000000 0.00000000 0.00000000 0.00000000 0.00000000 0.00000000 0.00000000 0.00000000 0.00000000 0.00000000 0.00000000 0.00000000 0.00000000 0.00000000 0.00000000 0.00000000 0.00000000 0.00000000 0.00000000 0.00000000 0.00000000 0.00000000 0.00000000 0.00000000 0.00000000 0.00000000 0.00000000 0.00000000 0.00000000 0.00000000 0.00000000 0.00000000 0.00000000 0.00000000 0.00000000 0.00000000 0.00000000 0.00000000 0.00000000 0.00000000 0.00000000 0.00000000 0.00000000 0.00000000 0.00000000 0.00000000 0.00000000 0.00000000 0.00000000 0.00000000 0.00000000 0.00000000 0.00000000 0.00000000 0.00000000 0.00000000 0.24566218 0.37573957 0.40696067 0.40974182 0.42387247 0.43109089 0.43368596 0.43380833 0.45087773 0.44568616 0.44880325 0.45499629 0.45417392 0.46620929 0.46741694 0.47137797 0.46104622 0.46349198
0.36972392 0.37565595 0.37835169 0.37879550 0.37500679 0.37553424 0.36980736 0.37456799 0.37474900 0.37531871 0.37431914 0.37361372 0.37752491 0.37719518 0.37274361 0.38096243 0.37936395 0.37851405 0.37709618 0.38713354 0.37839979 0.36943156 0.37215459 0.37424356 0.36310953 0.36608827 0.36196917 0.35977459 0.36561167 0.35885143 0.35589278 0.35416657 0.35536784 0.33513182 0.29518145 0.00000000 0.00000000 0.00000000 0.00000000 0.00000000 0.00000000 0.00000000 0.00000000 0.00000000 0.00000000 0.00000000 0.00000000 0.00000000 0.00000000 0.00000000 0.00000000 0.00000000 0.00000000 0.00000000 0.00000000 0.00000000 0.00000000 0.00000000 0.00000000 0.00000000 0.00000000 0.00000000 0.00000000 0.00000000 0.00000000 0.00000000 0.00000000 0.00000000 0.00000000 0.00000000 0.00000000 0.00000000 0.00000000 0.00000000 0.00000000 0.00000000 0.00000000 0.00000000 0.00000000 0.00000000 0.00000000 0.00000000 0.00000000 0.00000000 0.00000000 0.00000000 0.00000000 0.00000000 0.00000000 0.00000000 0.00000000 0.00000000 0.00000000 0.00000000 0.00000000 0.00000000 0.00000000 0.00000000 0.00000000 0.00000000 0.00000000 0.00000000 0.00000000 0.00000000 0.00000000 0.00000000 0.26516399 0.37864077 0.39909315 0.42387903 0.41833472 0.42403334 0.43716472 0.44238496 0.44944096 0.44693094 0.45769048 0.45768356 0.47077358 0.46694809 0.46250916 0.47321820 0.48243588 0.47900331
0.36679667 0.37750286 0.37572682 0.37448919 0.37772661 0.37235075 0.37779939 0.37664765 0.37052548 0.37059784 0.37596196 0.37509406 0.37423652 0.37673885 0.37620550 0.37213498 0.38198066 0.37575054 0.37291491 0.37268019 0.37427795 0.36539483 0.37140274 0.36921448 0.36780959 0.36598092 0.36582166 0.36699122 0.36198783 0.35953665 0.35249287 0.35352063 0.35327494 0.37299883 0.27537531 0.00000000 0.00000000 0.00000000 0.00000000 0.00000000 0.00000000 0.00000000 0.00000000 0.00000000 0.00000000 0.00000000 0.00000000 0.00000000 0.00000000 0.00000000 0.00000000 0.00000000 0.00000000 0.00000000 0.00000000 0.00000000 0.00000000 0.00000000 0.00000000 0.00000000 0.00000000 0.00000000 0.00000000 0.00000000 0.00000000 0.00000000 0.00000000 0.00000000 0.00000000 0.00000000 0.00000000 0.00000000 0.00000000 0.00000000 0.00000000 0.00000000 0.00000000 0.00000000 0.00000000 0.00000000 0.00000000 0.00000000 0.00000000 0.00000000 0.00000000 0.00000000 0.00000000 0.00000000 0.00000000 0.00000000 0.00000000 0.00000000 0.00000000 0.00000000 0.00000000 0.00000000 0.00000000 0.00000000 0.00000000 0.00000000 0.00000000 0.00000000 0.00000000 0.00000000 0.00000000 0.04539917 0.28237835 0.37782139 0.40746558 0.40965801 0.42347604 0.42228937 0.42367911 0.43512660 0.43728215 0.44003016 0.44360816 0.45177162 0.44059825 0.45808995 0.45306724 0.45254511 0.46600223 0.47418851
0.36630774 0.36721742 0.36865520 0.37156069 0.36531520 0.37191647 0.37124014 0.37417334 0.37017184 0.37218946 0.37217140 0.38289082 0.37712377 0.37387699 0.37730110 0.38279969 0.37159818 0.37537366 0.37732369 0.37635255 0.36150622 0.36847299 0.36722201 0.36075646 0.36505139 0.36431879 0.35889935 0.35893017 0.35583419 0.35521203 0.34946483 0.35086691 0.34573615 0.34424192 0.29101288 0.00000000 0.00000000 0.00000000 0.00000000 0.00000000 0.00000000 0.00000000 0.00000000 0.00000000 0.00000000 0.00000000 0.00000000 0.00000000 0.00000000 0.00000000 0.00000000 0.00000000 0.00000000 0.00000000 0.00000000 0.00000000 0.00000000 0.00000000 0.00000000 0.00000000 0.00000000 0.00000000 0.00000000 0.00000000 0.00000000 0.00000000 0.00000000 0.00000000 0.00000000 0.00000000 0.00000000 0.00000000 0.00000000 0.00000000 0.00000000 0.00000000 0.00000000 0.00000000 0.00000000 0.00000000 0.00000000 0.00000000 0.00000000 0.00000000 0.00000000 0.00000000 0.00000000 0.00000000 0.00000000 0.00000000 0.00000000 0.00000000 0.00000000 0.00000000 0.00000000 0.00000000 0.00000000 0.00000000 0.00000000 0.00000000 0.00000000 0.00000000 0.00000000 0.00000000 0.00000000 0.11533388 0.27162874 0.38098449 0.40749848 0.42077678 0.41849726 0.42591417 0.43401438 0.43686044 0.43530464 0.43601817 0.45026553 0.45785183 0.45664388 0.45103425 0.46895880 0.47269881 0.47453618 0.47542655
0.35964704 0.35755485 0.36328930 0.36228412 0.37129933 0.36252713 0.36601460 0.36125469 0.36408067 0.36592919 0.36410737 0.36931264 0.37736809 0.36435014 0.36650956 0.37264484 0.36781371 0.35670030 0.36889964 0.36533165 0.35979968 0.35643733 0.35859573 0.35381353 0.35449338 0.35906118 0.35467398 0.34789681 0.35512954 0.34970433 0.34776175 0.35067856 0.34097803 0.35901880 0.26488438 0.00000000 0.00000000 0.00000000 0.00000000 0.00000000 0.00000000 0.00000000 0.00000000 0.00000000 0.00000000 0.00000000 0.00000000 0.00000000 0.00000000 0.00000000 0.00000000 0.00000000 0.00000000 0.00000000 0.00000000 0.00000000 0.00000000 0.00000000 0.00000000 0.00000000 0.00000000 0.00000000 0.00000000 0.00000000 0.00000000 0.00000000 0.00000000 0.00000000 0.00000000 0.00000000 0.00000000 0.00000000 0.00000000 0.00000000 0.00000000 0.00000000 0.00000000 0.00000000 0.00000000 0.00000000 0.00000000 0.00000000 0.00000000 0.00000000 0.00000000 0.00000000 0.00000000 0.00000000 0.00000000 0.00000000 0.00000000 0.00000000 0.00000000 0.00000000 0.00000000 0.00000000 0.00000000 0.00000000 0.00000000 0.00000000 0.00000000 0.00000000 0.00000000 0.00000000 0.02766727 0.14242610 0.29297239 0.36274415 0.39734769 0.41191781 0.41360098 0.42038625 0.42125547 0.43319511 0.42682505 0.42906588 0.43636346 0.43698335 0.44457412 0.44432288 0.44892722 0.45719767 0.45494586 0.45627671
0.35201764 0.35337222 0.35392356 0.36344403 0.36060143 0.36468393 0.35999328 0.36444759 0.35887939 0.36146170 0.36684293 0.36284870 0.37012547 0.36849147 0.36551398 0.36976618 0.36391181 0.36627841 0.36393803 0.36137807 0.35896295 0.35884988 0.35476762 0.34452575 0.34316099 0.35225201 0.34788698 0.34992552 0.35128993 0.35369080 0.35240304 0.34345365 0.34131485 0.36041909 0.23545954 0.00000000 0.00000000 0.00000000 0.00000000 0.00000000 0.00000000 0.00000000 0.00000000 0.00000000 0.00000000 0.00000000 0.00000000 0.00000000 0.00000000 0.00000000 0.00000000 0.00000000 0.00000000 0.00000000 0.00000000 0.00000000 0.00000000 0.00000000 0.00000000 0.00000000 0.00000000 0.00000000 0.00000000 0.00000000 0.00000000 0.00000000 0.00000000 0.00000000 0.00000000 0.00000000 0.00000000 0.00000000 0.00000000 0.00000000 0.00000000 0.00000000 0.00000000 0.00000000 0.00000000 0.00000000 0.00000000 0.00000000 0.00000000 0.00000000 0.00000000 0.00000000 0.00000000 0.00000000 0.00000000 0.00000000 0.00000000 0.00000000 0.00000000 0.00000000 0.00000000 0.00000000 0.00000000 0.00000000 0.00000000 0.00000000 0.00000000 0.00000000 0.00000000 0.00000000 0.04550394 0.22213447 0.32957059 0.37276298 0.40292943 0.40729165 0.41514367 0.42525655 0.42226118 0.42652923 0.43866259 0.43180716 0.43192685 0.43902421 0.43934250 0.44469166 0.44540042 0.45592666 0.44883156 0.45336962
0.35983735 0.35307020 0.36379462 0.36184412 0.36348772 0.36262745 0.36558414 0.36469322 0.36865777 0.36381173 0.36681157 0.36847603 0.36872673 0.37036115 0.36808610 0.37091267 0.36704141 0.36379802 0.36787081 0.36210561 0.36250103 0.36735362 0.35948753 0.34716588 0.35212952 0.35344476 0.36128819 0.36089873 0.34889895 0.34870559 0.35432613 0.34781015 0.35131639 0.36723864 0.19596219 0.00000000 0.00000000 0.00000000 0.00000000 0.00000000 0.00000000 0.00000000 0.00000000 0.00000000 0.00000000 0.00000000 0.00000000 0.00000000 0.00000000 0.00000000 0.00000000 0.00000000 0.00000000 0.00000000 0.00000000 0.00000000 0.00000000 0.00000000 0.00000000 0.00000000 0.00000000 0.00000000 0.00000000 0.00000000 0.00000000 0.00000000 0.00000000 0.00000000 0.00000000 0.00000000 0.00000000 0.00000000 0.00000000 0.00000000 0.00000000 0.00000000 0.00000000 0.00000000 0.00000000 0.00000000 0.00000000 0.00000000 0.00000000 0.00000000 0.00000000 0.00000000 0.00000000 0.00000000 0.00000000 0.00000000 0.00000000 0.00000000 0.00000000 0.00000000 0.00000000 0.00000000 0.00000000 0.00000000 0.00000000 0.00000000 0.00000000 0.00000000 0.00000000 0.00000000 0.06050488 0.28008136 0.37388068 0.39661103 0.40600610 0.41776192 0.42739391 0.42937231 0.43086499 0.44004828 0.44562030 0.44376719 0.43474865 0.43011278 0.44721371 0.44974387 0.46238381 0.45793796 0.46501929 0.46745175
0.35727251 0.36233819 0.35732216 0.36208165 0.36482263 0.37312675 0.36033118 0.36454517 0.36784297 0.36691439 0.36842120 0.36595774 0.37126642 0.37186503 0.37243915 0.37219965 0.36696780 0.36776400 0.37065899 0.36695385 0.36705261 0.37018532 0.35634333 0.35921991 0.36840934 0.35500628 0.35672009 0.35847485 0.35300171 0.35044503 0.35306948 0.35057515 0.36078376 0.35502100 0.17071450 0.00000000 0.00000000 0.00000000 0.00000000 0.00000000 0.00000000 0.00000000 0.00000000 0.00000000 0.00000000 0.00000000 0.00000000 0.00000000 0.00000000 0.00000000 0.00000000 0.00000000 0.00000000 0.00000000 0.00000000 0.00000000 0.00000000 0.00000000 0.00000000 0.00000000 0.00000000 0.00000000 0.00000000 0.00000000 0.00000000 0.00000000 0.00000000 0.00000000 0.00000000 0.00000000 0.00000000 0.00000000 0.00000000 0.00000000 0.00000000 0.00000000 0.00000000 0.00000000 0.00000000 0.00000000 0.00000000 0.00000000 0.00000000 0.00000000 0.00000000 0.00000000 0.00000000 0.00000000 0.00000000 0.00000000 0.00000000 0.00000000 0.00000000 0.00000000 0.00000000 0.00000000 0.00000000 0.00000000 0.00000000 0.00000000 0.00000000 0.00000000 0.00000000 0.00000000 0.05744246 0.28415105 0.38257211 0.40193260 0.40619212 0.42278087 0.42441332 0.43334830 0.43588436 0.44385028 0.44913143 0.44630337 0.43516958 0.44853878 0.43661189 0.45478594 0.45851332 0.46387070 0.47243726 0.47509634
0.35935229 0.35941231 0.36632782 0.36050475 0.36374724 0.37007105 0.36623383 0.36174375 0.36296141 0.36830163 0.36443460 0.36498183 0.36606181 0.37254494 0.37611091 0.36985213 0.37310815 0.37333262 0.37258077 0.37228078 0.36737919 0.37562346 0.36349440 0.36475056 0.36869550 0.35943502 0.34678829 0.35245407 0.35393184 0.34999502 0.34837192 0.35361344 0.35041875 0.32995313 0.11888576 0.00000000 0.00000000 0.00000000 0.00000000 0.00000000 0.00000000 0.00000000 0.00000000 0.00000000 0.00000000 0.00000000 0.00000000 0.00000000 0.00000000 0.00000000 0.00000000 0.00000000 0.00000000 0.00000000 0.00000000 0.00000000 0.00000000 0.00000000 0.00000000 0.00000000 0.00000000 0.00000000 0.00000000 0.00000000 0.00000000 0.00000000 0.00000000 0.00000000 0.00000000 0.00000000 0.00000000 0.00000000 0.00000000 0.00000000 0.00000000 0.00000000 0.00000000 0.00000000 0.00000000 0.00000000 0.00000000 0.00000000 0.00000000 0.00000000 0.00000000 0.00000000 0.00000000 0.00000000 0.00000000 0.00000000 0.00000000 0.00000000 0.00000000 0.00000000 0.00000000 0.00000000 0.00000000 0.00000000 0.00000000 0.00000000 0.00000000 0.00000000 0.00000000 0.00000000 0.08224419 0.31905746 0.38339883 0.39581454 0.41589099 0.42029917 0.42624480 0.43145305 0.44092959 0.44413900 0.44614583 0.43983853 0.44872338 0.45083940 0.44432002 0.45581162 0.46371406 0.46884614 0.48082179 0.47802132
0.35750222 0.35973096 0.36393821 0.36474586 0.36799431 0.36578995 0.36672783 0.36426145 0.36524630 0.36265421 0.36466062 0.36538380 0.36050779 0.36699808 0.37209082 0.36935854 0.37446249 0.37092006 0.36926335 0.37009269 0.37447023 0.36741382 0.36185735 0.36830813 0.36886388 0.35542560 0.35349071 0.35438097 0.35443336 0.34995085 0.34969133 0.35051131 0.35091943 0.33044165 0.03674342 0.00000000 0.00000000 0.00000000 0.00000000 0.00000000 0.00000000 0.00000000 0.00000000 0.00000000 0.00000000 0.00000000 0.00000000 0.00000000 0.00000000 0.00000000 0.00000000 0.00000000 0.00000000 0.00000000 0.00000000 0.00000000 0.00000000 0.00000000 0.00000000 0.00000000 0.00000000 0.00000000 0.00000000 0.00000000 0.00000000 0.00000000 0.00000000 0.00000000 0.00000000 0.00000000 0.00000000 0.00000000 0.00000000 0.00000000 0.00000000 0.00000000 0.00000000 0.00000000 0.00000000 0.00000000 0.00000000 0.00000000 0.00000000 0.00000000 0.00000000 0.00000000 0.00000000 0.00000000 0.00000000 0.00000000 0.00000000 0.00000000 0.00000000 0.00000000 0.00000000 0.00000000 0.00000000 0.00000000 0.00000000 0.00000000 0.00000000 0.00000000 0.00000000 0.00000000 0.10483935 0.33597273 0.39705694 0.40825796 0.41504794 0.42250419 0.43124652 0.43543929 0.44096905 0.45268703 0.44073683 0.44171119 0.45938045 0.45922059 0.44451046 0.44807440 0.46019435 0.47322077 0.46921897 0.48046255
0.35929662 0.36215657 0.36188120 0.36469048 0.36819106 0.36591840 0.36150527 0.36772031 0.36312699 0.36240721 0.36330801 0.36253130 0.36470306 0.36692899 0.36695105 0.36982352 0.36917228 0.37321919 0.37370336 0.36600888 0.37959450 0.37339890 0.36011469 0.36637330 0.36560589 0.36149013 0.35916370 0.35668111 0.35795122 0.35987204 0.35231644 0.34965086 0.35796112 0.30242884 0.02376105 0.00000000 0.00000000 0.00000000 0.00000000 0.00000000 0.00000000 0.00000000 0.00000000 0.00000000 0.00000000 0.00000000 0.00000000 0.00000000 0.00000000 0.00000000 0.00000000 0.00000000 0.00000000 0.00000000 0.00000000 0.00000000 0.00000000 0.00000000 0.00000000 0.00000000 0.00000000 0.00000000 0.00000000 0.00000000 0.00000000 0.00000000 0.00000000 0.00000000 0.00000000 0.00000000 0.00000000 0.00000000 0.00000000 0.00000000 0.00000000 0.00000000 0.00000000 0.00000000 0.00000000 0.00000000 0.00000000 0.00000000 0.00000000 0.00000000 0.00000000 0.00000000 0.00000000 0.00000000 0.00000000 0.00000000 0.00000000 0.00000000 0.00000000 0.00000000 0.00000000 0.00000000 0.00000000 0.00000000 0.00000000 0.00000000 0.00000000 0.00000000 0.00000000 0.00000000 0.15380332 0.35376096 0.38803321 0.40945649 0.41826874 0.42694187 0.43362427 0.43156296 0.44762713 0.44664848 0.45106882 0.44780678 0.45670712 0.46545750 0.45124280 0.45499891 0.47294158 0.45865983 0.47438276 0.48625779
0.35724193 0.35464180 0.36155963 0.35647160 0.36163038 0.35871744 0.36137807 0.36354709 0.35481036 0.35682064 0.36370963 0.36403990 0.36098909 0.36415809 0.36434531 0.36623150 0.36285800 0.36581522 0.36361277 0.37235522 0.37013197 0.37150866 0.36947167 0.36235052 0.36100554 0.35976803 0.36418784 0.35579687 0.35543203 0.35861957 0.35131818 0.34756017 0.33990085 0.28969282 0.01418726 0.00000000 0.00000000 0.00000000 0.00000000 0.00000000 0.00000000 0.00000000 0.00000000 0.00000000 0.00000000 0.00000000 0.00000000 0.00000000 0.00000000 0.00000000 0.00000000 0.00000000 0.00000000 0.00000000 0.00000000 0.00000000 0.00000000 0.00000000 0.00000000 0.00000000 0.00000000 0.00000000 0.00000000 0.00000000 0.00000000 0.00000000 0.00000000 0.00000000 0.00000000 0.00000000 0.00000000 0.00000000 0.00000000 0.00000000 0.00000000 0.00000000 0.00000000 0.00000000 0.00000000 0.00000000 0.00000000 0.00000000 0.00000000 0.00000000 0.00000000 0.00000000 0.00000000 0.00000000 0.00000000 0.00000000 0.00000000 0.00000000 0.00000000 0.00000000 0.00000000 0.00000000 0.00000000 0.00000000 0.00000000 0.00000000 0.00000000 0.00000000 0.00000000 0.00000000 0.08844340 0.36083597 0.39960092 0.40788597 0.41808945 0.42833203 0.43542874 0.44074416 0.44224232 0.44762528 0.45049363 0.44907820 0.45724535 0.45736003 0.46111149 0.46108282 0.46171141 0.47511482 0.47001910 0.47999942
0.35107112 0.35823500 0.35628963 0.35526896 0.35926920 0.35805798 0.35585606 0.35770041 0.36020529 0.35612267 0.36032873 0.36288625 0.35973120 0.36098444 0.36059821 0.35558015 0.36145931 0.35620868 0.36207032 0.35676718 0.36332506 0.36586577 0.36293685 0.36040193 0.35360825 0.35581291 0.35839254 0.35581356 0.34913743 0.34556252 0.34870076 0.34331793 0.33120525 0.27792403 0.02851748 0.00000000 0.00000000 0.00000000 0.00000000 0.00000000 0.00000000 0.00000000 0.00000000 0.00000000 0.00000000 0.00000000 0.00000000 0.00000000 0.00000000 0.00000000 0.00000000 0.00000000 0.00000000 0.00000000 0.00000000 0.00000000 0.00000000 0.00000000 0.00000000 0.00000000 0.00000000 0.00000000 0.00000000 0.00000000 0.00000000 0.00000000 0.00000000 0.00000000 0.00000000 0.00000000 0.00000000 0.00000000 0.00000000 0.00000000 0.00000000 0.00000000 0.00000000 0.00000000 0.00000000 0.00000000 0.00000000 0.00000000 0.00000000 0.00000000 0.00000000 0.00000000 0.00000000 0.00000000 0.00000000 0.00000000 0.00000000 0.00000000 0.00000000 0.00000000 0.00000000 0.00000000 0.00000000 0.00000000 0.00000000 0.00000000 0.00000000 0.00000000 0.00000000 0.00000000 0.08993363 0.34276259 0.39952427 0.41383845 0.42523772 0.42072284 0.43012679 0.43854856 0.44264388 0.43948931 0.44445080 0.44955379 0.45078105 0.44964623 0.45996779 0.45010078 0.45567852 0.46077371 0.46398330 0.47066921
0.35281247 0.35172892 0.35723621 0.35499072 0.35450768 0.35477668 0.35749072 0.35981578 0.35920626 0.35731769 0.36018544 0.36056578 0.36169362 0.35871953 0.35448509 0.36311167 0.35108030 0.35642791 0.36274302 0.35777712 0.35957223 0.36510283 0.36423457 0.35846072 0.35836834 0.35402745 0.34995627 0.35585070 0.34996456 0.34497505 0.34293979 0.34146863 0.31974012 0.27334943 0.07679486 0.00000000 0.00000000 0.00000000 0.00000000 0.00000000 0.00000000 0.00000000 0.00000000 0.00000000 0.00000000 0.00000000 0.00000000 0.00000000 0.00000000 0.00000000 0.00000000 0.00000000 0.00000000 0.00000000 0.00000000 0.00000000 0.00000000 0.00000000 0.00000000 0.00000000 0.00000000 0.00000000 0.00000000 0.00000000 0.00000000 0.00000000 0.00000000 0.00000000 0.00000000 0.00000000 0.00000000 0.00000000 0.00000000 0.00000000 0.00000000 0.00000000 0.00000000 0.00000000 0.00000000 0.00000000 0.00000000 0.00000000 0.00000000 0.00000000 0.00000000 0.00000000 0.00000000 0.00000000 0.00000000 0.00000000 0.00000000 0.00000000 0.00000000 0.00000000 0.00000000 0.00000000 0.00000000 0.00000000 0.00000000 0.00000000 0.00000000 0.00000000 0.00000000 0.00000000 0.14569563 0.36651218 0.39665580 0.41378355 0.42240280 0.43100935 0.42758739 0.44017535 0.44173878 0.44711268 0.45458663 0.45352226 0.45477962 0.46404475 0.45428360 0.46545964 0.46290302 0.45949990 0.46802020 0.47643048
0.34504420 0.34826529 0.34695518 0.34822088 0.34952319 0.34660733 0.35140830 0.35450375 0.35027999 0.35360968 0.34805542 0.34845537 0.35257268 0.35069519 0.35142308 0.35167766 0.35249978 0.35234267 0.35222924 0.35765535 0.35196525 0.35810739 0.35935348 0.35311103 0.35319173 0.34606731 0.34420586 0.33904356 0.33856308 0.34063530 0.34247285 0.33484328 0.32934511 0.26842344 0.13620141 0.00000000 0.00000000 0.00000000 0.00000000 0.00000000 0.00000000 0.00000000 0.00000000 0.00000000 0.00000000 0.00000000 0.00000000 0.00000000 0.00000000 0.00000000 0.00000000 0.00000000 0.00000000 0.00000000 0.00000000 0.00000000 0.00000000 0.00000000 0.00000000 0.00000000 0.00000000 0.00000000 0.00000000 0.00000000 0.00000000 0.00000000 0.00000000 0.00000000 0.00000000 0.00000000 0.00000000 0.00000000 0.00000000 0.00000000 0.00000000 0.00000000 0.00000000 0.00000000 0.00000000 0.00000000 0.00000000 0.00000000 0.00000000 0.00000000 0.00000000 0.00000000 0.00000000 0.00000000 0.00000000 0.00000000 0.00000000 0.00000000 0.00000000 0.00000000 0.00000000 0.00000000 0.00000000 0.00000000 0.00000000 0.00000000 0.00000000 0.00000000 0.00000000 0.00000000 0.10387558 0.35922581 0.40128833 0.40947556 0.41659415 0.42203712 0.42307526 0.42908812 0.43511558 0.43791622 0.44997126 0.44212317 0.44917697 0.44814223 0.44707423 0.46015877 0.45800883 0.45531726 0.46443993 0.46930116
0.34385300 0.34658021 0.34754229 0.34522015 0.34613276 0.34467435 0.34844905 0.34958935 0.35090238 0.34866369 0.35271847 0.34378165 0.34847820 0.34968442 0.35092419 0.35052919 0.35430628 0.35116625 0.35445678 0.35535657 0.35250932 0.35485798 0.35653853 0.35864669 0.34860140 0.34427798 0.34071869 0.33947670 0.33578074 0.33229154 0.32767987 0.33004779 0.31766522 0.28903455 0.15715027 0.05889615 0.00000000 0.00000000 0.00000000 0.00000000 0.00000000 0.00000000 0.00000000 0.00000000 0.00000000 0.00000000 0.00000000 0.00000000 0.00000000 0.00000000 0.00000000 0.00000000 0.00000000 0.00000000 0.00000000 0.00000000 0.00000000 0.00000000 0.00000000 0.00000000 0.00000000 0.00000000 0.00000000 0.00000000 0.00000000 0.00000000 0.00000000 0.00000000 0.00000000 0.00000000 0.00000000 0.00000000 0.00000000 0.00000000 0.00000000 0.00000000 0.00000000 0.00000000 0.00000000 0.00000000 0.00000000 0.00000000 0.00000000 0.00000000 0.00000000 0.00000000 0.00000000 0.00000000 0.00000000 0.00000000 0.00000000 0.00000000 0.00000000 0.00000000 0.00000000 0.00000000 0.00000000 0.00000000 0.00000000 0.00000000 0.00000000 0.00000000 0.00000000 0.00000000 0.12279910 0.36961573 0.40146106 0.41224974 0.41287947 0.42064118 0.42552847 0.43109131 0.43741310 0.44196212 0.43848586 0.44608015 0.44596994 0.44988954 0.44064671 0.45340741 0.45891094 0.45580459 0.45716065 0.46655035
0.33916545 0.33762056 0.34167916 0.33911157 0.34029740 0.34274042 0.33689111 0.34113806 0.33940440 0.34160495 0.34205776 0.33907264 0.33855748 0.34372497 0.34239537 0.34898102 0.34079987 0.34673744 0.34702635 0.34548992 0.34780198 0.34744662 0.34506124 0.34359741 0.34753710 0.33839089 0.33568573 0.33612281 0.33693016 0.32651287 0.32352090 0.33093309 0.32825106 0.28687632 0.18262276 0.10318774 0.00000000 0.00000000 0.00000000 0.00000000 0.00000000 0.00000000 0.00000000 0.00000000 0.00000000 0.00000000 0.00000000 0.00000000 0.00000000 0.00000000 0.00000000 0.00000000 0.00000000 0.00000000 0.00000000 0.00000000 0.00000000 0.00000000 0.00000000 0.00000000 0.00000000 0.00000000 0.00000000 0.00000000 0.00000000 0.00000000 0.00000000 0.00000000 0.00000000 0.00000000 0.00000000 0.00000000 0.00000000 0.00000000 0.00000000 0.00000000 0.00000000 0.00000000 0.00000000 0.00000000 0.00000000 0.00000000 0.00000000 0.00000000 0.00000000 0.00000000 0.00000000 0.00000000 0.00000000 0.00000000 0.00000000 0.00000000 0.00000000 0.00000000 0.00000000 0.00000000 0.00000000 0.00000000 0.00000000 0.00000000 0.00000000 0.00000000 0.00000000 0.00000000 0.09794161 0.35758650 0.40328032 0.40939212 0.41162342 0.41231257 0.42489189 0.42976224 0.42890626 0.43760717 0.43759018 0.43118238 0.44120884 0.44240582 0.45396566 0.44627613 0.45922130 0.45583701 0.45115650 0.45271885
0.33881932 0.33401054 0.33215803 0.33262628 0.33214873 0.33065140 0.33495951 0.33608180 0.34233767 0.33920014 0.33808100 0.33332300 0.33676183 0.33359236 0.34019572 0.33844095 0.34030890 0.34414065 0.34499586 0.34066421 0.34104204 0.35047495 0.34210360 0.34386426 0.34333801 0.33781999 0.33457989 0.33269280 0.32814580 0.33057839 0.32619363 0.31845397 0.31705606 0.31895971 0.17335027 0.14370546 0.00000000 0.00000000 0.00000000 0.00000000 0.00000000 0.00000000 0.00000000 0.00000000 0.00000000 0.00000000 0.00000000 0.00000000 0.00000000 0.00000000 0.00000000 0.00000000 0.00000000 0.00000000 0.00000000 0.00000000 0.00000000 0.00000000 0.00000000 0.00000000 0.00000000 0.00000000 0.00000000 0.00000000 0.00000000 0.00000000 0.00000000 0.00000000 0.00000000 0.00000000 0.00000000 0.00000000 0.00000000 0.00000000 0.00000000 0.00000000 0.00000000 0.00000000 0.00000000 0.00000000 0.00000000 0.00000000 0.00000000 0.00000000 0.00000000 0.00000000 0.00000000 0.00000000 0.00000000 0.00000000 0.00000000 0.00000000 0.00000000 0.00000000 0.00000000 0.00000000 0.00000000 0.00000000 0.00000000 0.00000000 0.00000000 0.00000000 0.00000000 0.00000000 0.17739657 0.35353428 0.39881098 0.40902036 0.41719919 0.41756713 0.42417926 0.42818123 0.43428856 0.43356711 0.43659210 0.43348044 0.43100262 0.44398451 0.44007164 0.44650257 0.45639485 0.45149165 0.45545882 0.46247923
0.33505023 0.33274961 0.32132238 0.33067298 0.32792222 0.32510924 0.32870185 0.33457011 0.33635026 0.33663255 0.33529204 0.33842379 0.33486533 0.33253807 0.33594406 0.33570266 0.33556181 0.33886075 0.33772808 0.33894902 0.34366506 0.33691818 0.34106904 0.34111714 0.33616692 0.33582407 0.33582300 0.33283454 0.33193421 0.33219963 0.32567376 0.31695896 0.32303125 0.32295722 0.21640646 0.16836491 0.11068353 0.00000000 0.00000000 0.00000000 0.00000000 0.00000000 0.00000000 0.00000000 0.00000000 0.00000000 0.00000000 0.00000000 0.00000000 0.00000000 0.00000000 0.00000000 0.00000000 0.00000000 0.00000000 0.00000000 0.00000000 0.00000000 0.00000000 0.00000000 0.00000000 0.00000000 0.00000000 0.00000000 0.00000000 0.00000000 0.00000000 0.00000000 0.00000000 0.00000000 0.00000000 0.00000000 0.00000000 0.00000000 0.00000000 0.00000000 0.00000000 0.00000000 0.00000000 0.00000000 0.00000000 0.00000000 0.00000000 0.00000000 0.00000000 0.00000000 0.00000000 0.00000000 0.00000000 0.00000000 0.00000000 0.00000000 0.00000000 0.00000000 0.00000000 0.00000000 0.00000000 0.00000000 0.00000000 0.00000000 0.00000000 0.00000000 0.00000000 0.00888169 0.21823275 0.36958426 0.40311033 0.42266685 0.42154217 0.42432553 0.42676163 0.42292202 0.42597950 0.43691134 0.44108689 0.43780905 0.44754833 0.44790304 0.44248384 0.44555086 0.44861108 0.45713729 0.45227247 0.45252532
0.33467984 0.33710760 0.32855004 0.32604182 0.33621424 0.33017063 0.33155912 0.32942909 0.33097672 0.32980460 0.32831144 0.33651298 0.33634704 0.33089530 0.33369887 0.33356202 0.33576310 0.33548701 0.33237958 0.33906418 0.34292740 0.33868295 0.33871567 0.33573639 0.32949376 0.33094239 0.32949519 0.31651044 0.32797885 0.33084881 0.32304090 0.31535232 0.31409663 0.33098239 0.26436049 0.16423148 0.18285793 0.00000000 0.00000000 0.00000000 0.00000000 0.00000000 0.00000000 0.00000000 0.00000000 0.00000000 0.00000000 0.00000000 0.00000000 0.00000000 0.00000000 0.00000000 0.00000000 0.00000000 0.00000000 0.00000000 0.00000000 0.00000000 0.00000000 0.00000000 0.00000000 0.00000000 0.00000000 0.00000000 0.00000000 0.00000000 0.00000000 0.00000000 0.00000000 0.00000000 0.00000000 0.00000000 0.00000000 0.00000000 0.00000000 0.00000000 0.00000000 0.00000000 0.00000000 0.00000000 0.00000000 0.00000000 0.00000000 0.00000000 0.00000000 0.00000000 0.00000000 0.00000000 0.00000000 0.00000000 0.00000000 0.00000000 0.00000000 0.00000000 0.00000000 0.00000000 0.00000000 0.00000000 0.00000000 0.00000000 0.00000000 0.00000000 0.00000000 0.08942974 0.24497366 0.37432587 0.39614338 0.40877008 0.42187983 0.41455185 0.42435807 0.42454863 0.42765278 0.43444246 0.43154639 0.43745965 0.44747597 0.44517094 0.44512510 0.44296253 0.45165420 0.46045297 0.45895296 0.45712578
0.32615721 0.33355683 0.33057117 0.33227098 0.33213443 0.33213514 0.33095849 0.32734120 0.31996024 0.33263040 0.33029056 0.33054817 0.33533973 0.32835460 0.32893515 0.32996190 0.32876122 0.32955015 0.33254689 0.33609670 0.33432132 0.33897454 0.33681315 0.33731151 0.33513528 0.33475673 0.33236820 0.32404512 0.31843925 0.32095194 0.32485819 0.32275313 0.32034045 0.32956672 0.31582779 0.17211360 0.17705896 0.00120011 0.00000000 0.00000000 0.00000000 0.00000000 0.00000000 0.00000000 0.00000000 0.00000000 0.00000000 0.00000000 0.00000000 0.00000000 0.00000000 0.00000000 0.00000000 0.00000000 0.00000000 0.00000000 0.00000000 0.00000000 0.00000000 0.00000000 0.00000000 0.00000000 0.00000000 0.00000000 0.00000000 0.00000000 0.00000000 0.00000000 0.00000000 0.00000000 0.00000000 0.00000000 0.00000000 0.00000000 0.00000000 0.00000000 0.00000000 0.00000000 0.00000000 0.00000000 0.00000000 0.00000000 0.00000000 0.00000000 0.00000000 0.00000000 0.00000000 0.00000000 0.00000000 0.00000000 0.00000000 0.00000000 0.00000000 0.00000000 0.00000000 0.00000000 0.00000000 0.00000000 0.00000000 0.00000000 0.00000000 0.00000000 0.00000000 0.10318816 0.31538802 0.39266247 0.40811688 0.41641480 0.42188746 0.43419623 0.43302292 0.43417484 0.43689144 0.43324351 0.44438952 0.43913502 0.45810544 0.44772369 0.44738275 0.45829612 0.46638232 0.46172053 0.47463989 0.46248168
0.32445067 0.32181412 0.33014375 0.33019149 0.32756042 0.31975991 0.32131976 0.33112842 0.32284480 0.32505715 0.33053720 0.32776207 0.32979923 0.32546985 0.32404393 0.32816964 0.32623416 0.32373148 0.32978612 0.32886082 0.32602423 0.33030671 0.33425391 0.33263797 0.32874840 0.32527018 0.31372166 0.30826443 0.31014067 0.30896270 0.31463927 0.31974947 0.31684631 0.31197047 0.32900482 0.22387373 0.14749175 0.12319368 0.00000000 0.00000000 0.00000000 0.00000000 0.00000000 0.00000000 0.00000000 0.00000000 0.00000000 0.00000000 0.00000000 0.00000000 0.00000000 0.00000000 0.00000000 0.00000000 0.00000000 0.00000000 0.00000000 0.00000000 0.00000000 0.00000000 0.00000000 0.00000000 0.00000000 0.00000000 0.00000000 0.00000000 0.00000000 0.00000000 0.00000000 0.00000000 0.00000000 0.00000000 0.00000000 0.00000000 0.00000000 0.00000000 0.00000000 0.00000000 0.00000000 0.00000000 0.00000000 0.00000000 0.00000000 0.00000000 0.00000000 0.00000000 0.00000000 0.00000000 0.00000000 0.00000000 0.00000000 0.00000000 0.00000000 0.00000000 0.00000000 0.00000000 0.00000000 0.00000000 0.00000000 0.00000000 0.00000000 0.00000000 0.02387050 0.16522089 0.34241295 0.39889610 0.40686858 0.41522115 0.41876858 0.43120438 0.42313701 0.43743074 0.43293744 0.43625265 0.43535990 0.44818723 0.45437503 0.44927794 0.45084989 0.46221477 0.46438366 0.46406394 0.46579903 0.47050792
0.32792079 0.33024561 0.33326179 0.33147442 0.32968915 0.32980537 0.27862310 0.22729498 0.24150634 0.28829369 0.32338762 0.32525229 0.32357144 0.32224286 0.32752132 0.33004755 0.32894766 0.32967806 0.32944834 0.33020163 0.33224910 0.33031034 0.31770790 0.29015395 0.26830965 0.23814502 0.19185477 0.13797918 0.12366760 0.15529555 0.20585984 0.21778092 0.18641731 0.18155167 0.22217271 0.25716227 0.14334849 0.18888932 0.02073078 0.00000000 0.00000000 0.00000000 0.00000000 0.00000000 0.00000000 0.00000000 0.00000000 0.00000000 0.00000000 0.00000000 0.00000000 0.00000000 0.00000000 0.00000000 0.00000000 0.00000000 0.00000000 0.00000000 0.00000000 0.00000000 0.00000000 0.00000000 0.00000000 0.00000000 0.00000000 0.00000000 0.00000000 0.00000000 0.00000000 0.00000000 0.00000000 0.00000000 0.00000000 0.00000000 0.00000000 0.00000000 0.00000000 0.00000000 0.00000000 0.00000000 0.00000000 0.00000000 0.00000000 0.00000000 0.00000000 0.00000000 0.00000000 0.00000000 0.00000000 0.00000000 0.00000000 0.00000000 0.00000000 0.00000000 0.00000000 0.00000000 0.00000000 0.00000000 0.00000000 0.00000000 0.00000000 0.00000000 0.06442344 0.25068673 0.37272185 0.40146482 0.41066003 0.41371202 0.42176276 0.42350709 0.42712784 0.42907107 0.43553805 0.44175041 0.44326556 0.45053929 0.45060694 0.44719011 0.45292348 0.45639104 0.46814090 0.46778280 0.47053498 0.46374643
0.32873100 0.32907367 0.34109604 0.33874124 0.26879096 0.14075926 0.00000000 0.00000000 0.00000000 0.00000000 0.18936044 0.30140796 0.31411028 0.31674808 0.32055146 0.32191133 0.32586837 0.32961690 0.32410419 0.30337012 0.26649070 0.21690130 0.12227470 0.01373319 0.00000000 0.00000000 0.00000000 0.00000000 0.00000000 0.00000000 0.00000000 0.00000000 0.00000000 0.00000000 0.00000000 0.00000000 0.03605466 0.18190229 0.16934484 0.00000000 0.00000000 0.00000000 0.00000000 0.00000000 0.00000000 0.00000000 0.00000000 0.00000000 0.00000000 0.00000000 0.00000000 0.00000000 0.00000000 0.00000000 0.00000000 0.00000000 0.00000000 0.00000000 0.00000000 0.00000000 0.00000000 0.00000000 0.00000000 0.00000000 0.00000000 0.00000000 0.00000000 0.00000000 0.00000000 0.00000000 0.00000000 0.00000000 0.00000000 0.00000000 0.00000000 0.00000000 0.00000000 0.00000000 0.00000000 0.00000000 0.00000000 0.00000000 0.00000000 0.00000000 0.00000000 0.00000000 0.00000000 0.00000000 0.00000000 0.00000000 0.00000000 0.00000000 0.00000000 0.00000000 0.00000000 0.00000000 0.00000000 0.00000000 0.00000000 0.00000000 0.00000000 0.01167530 0.07202470 0.28288212 0.39130485 0.40455395 0.40844560 0.42174566 0.42134428 0.41487169 0.42403620 0.42965537 0.43837237 0.44492066 0.44256520 0.44081521 0.43917018 0.44472367 0.44693303 0.45867306 0.45762670 0.46071881 0.47427148 0.46488458
0.32428646 0.34202355 0.33672822 0.19301590 0.00000000 0.00000000 0.00000000 0.00000000 0.00000000 0.00000000 0.00000000 0.09043670 0.25478962 0.29762787 0.32269698 0.31981617 0.30946821 0.26859969 0.18076658 0.05947813 0.00000000 0.00000000 0.00000000 0.00000000 0.00000000 0.00000000 0.00000000 0.00000000 0.00000000 0.00000000 0.00000000 0.00000000 0.00000000 0.00000000 0.00000000 0.00000000 0.00000000 0.00000000 0.09896150 0.01315914 0.00000000 0.00000000 0.00000000 0.00000000 0.00000000 0.00000000 0.00000000 0.00000000 0.00000000 0.00000000 0.00000000 0.00000000 0.00000000 0.00000000 0.00000000 0.00000000 0.00000000 0.00000000 0.00000000 0.00000000 0.00000000 0.00000000 0.00000000 0.00000000 0.00000000 0.00000000 0.00000000 0.00000000 0.00000000 0.00000000 0.00000000 0.00000000 0.00000000 0.00000000 0.00000000 0.00000000 0.00000000 0.00000000 0.00000000 0.00000000 0.00000000 0.00000000 0.00000000 0.00000000 0.00000000 0.00000000 0.00000000 0.00000000 0.00000000 0.00000000 0.00000000 0.00000000 0.00000000 0.00000000 0.00000000 0.00000000 0.00000000 0.00000000 0.00000000 0.00000000 0.00000000 0.02701493 0.16994920 0.32345092 0.39613664 0.40756100 0.41605699 0.42544442 0.42261225 0.42564684 0.42405599 0.43673658 0.43607491 0.44344646 0.43864930 0.43603975 0.43969756 0.43987817 0.45089078 0.45977378 0.45649087 0.45925635 0.47564489 0.47030479
0.33001137 0.34440875 0.22753766 0.00000000 0.00000000 0.00000000 0.00000000 0.00000000 0.00000000 0.00000000 0.00000000 0.00000000 0.00000000 0.12444520 0.21219069 0.18240416 0.06792179 0.00000000 0.00000000 0.00000000 0.00000000 0.00000000 0.00000000 0.00000000 0.00000000 0.00000000 0.00000000 0.00000000 0.00000000 0.00000000 0.00000000 0.00000000 0.00000000 0.00000000 0.00000000 0.00000000 0.00000000 0.00000000 0.00000000 0.00000000 0.00000000 0.00000000 0.00000000 0.00000000 0.00000000 0.00000000 0.00000000 0.00000000 0.00000000 0.00000000 0.00000000 0.00000000 0.00000000 0.00000000 0.00000000 0.00000000 0.00000000 0.00000000 0.00000000 0.00000000 0.00000000 0.00000000 0.00000000 0.00000000 0.00000000 0.00000000 0.00000000 0.00000000 0.00000000 0.00000000 0.00000000 0.00000000 0.00000000 0.00000000 0.00000000 0.00000000 0.00000000 0.00000000 0.00000000 0.00000000 0.00000000 0.00000000 0.00000000 0.00000000 0.00000000 0.00000000 0.00000000 0.00000000 0.00000000 0.00000000 0.00000000 0.00000000 0.00000000 0.00000000 0.00000000 0.00000000 0.00000000 0.00000000 0.00000000 0.00000000 0.00000000 0.00000000 0.22075516 0.37353384 0.39645100 0.41056710 0.42058259 0.41083580 0.42813408 0.42238283 0.43255699 0.43091631 0.43459499 0.44341207 0.43554634 0.44215292 0.44668233 0.43991345 0.45327765 0.45439649 0.45328009 0.46102959 0.46991605 0.46038777
0.34640253 0.30032209 0.00110818 0.00000000 0.00000000 0.00000000 0.00000000 0.00000000 0.00000000 0.00000000 0.00000000 0.00000000 0.00000000 0.00000000 0.00000000 0.00000000 0.00000000 0.00000000 0.00000000 0.00000000 0.00000000 0.00000000 0.00000000 0.00000000 0.00000000 0.00000000 0.00000000 0.00000000 0.00000000 0.00000000 0.00000000 0.00000000 0.00000000 0.00000000 0.00000000 0.00000000 0.00000000 0.00000000 0.00000000 0.00000000 0.00000000 0.00000000 0.00000000 0.00000000 0.00000000 0.00000000 0.00000000 0.00000000 0.00000000 0.00000000 0.00000000 0.00000000 0.00000000 0.00000000 0.00000000 0.00000000 0.00000000 0.00000000 0.00000000 0.00000000 0.00000000 0.00000000 0.00000000 0.00000000 0.00000000 0.00000000 0.00000000 0.00000000 0.00000000 0.00000000 0.00000000 0.00000000 0.00000000 0.00000000 0.00000000 0.00000000 0.00000000 0.00000000 0.00000000 0.00000000 0.00000000 0.00000000 0.00000000 0.00000000 0.00000000 0.00000000 0.00000000 0.00000000 0.00000000 0.00000000 0.00000000 0.00000000 0.00000000 0.00000000 0.00000000 0.00000000 0.00000000 0.00000000 0.00000000 0.00000000 0.00000000 0.02936693 0.27382210 0.38813674 0.40098470 0.40797538 0.41443533 0.42495954 0.42052740 0.42430520 0.43114555 0.42937511 0.43459612 0.44229543 0.44001961 0.44261724 0.44248784 0.44576883 0.44477564 0.45838356 0.44853288 0.45775706 0.47122121 0.45897543
0.34714288 0.14680359 0.00000000 0.00000000 0.00000000 0.00000000 0.00000000 0.00000000 0.00000000 0.00000000 0.00000000 0.00000000 0.00000000 0.00000000 0.00000000 0.00000000 0.00000000 0.00000000 0.00000000 0.00000000 0.00000000 0.00000000 0.00000000 0.00000000 0.00000000 0.00000000 0.00000000 0.00000000 0.00000000 0.00000000 0.00000000 0.00000000 0.00000000 0.00000000 0.00000000 0.00000000 0.00000000 0.00000000 0.00000000 0.00000000 0.00000000 0.00000000 0.00000000 0.00000000 0.00000000 0.00000000 0.00000000 0.00000000 0.00000000 0.00000000 0.00000000 0.00000000 0.00000000 0.00000000 0.00000000 0.00000000 0.00000000 0.00000000 0.00000000 0.00000000 0.00000000 0.00000000 0.00000000 0.00000000 0.00000000 0.00000000 0.00000000 0.00000000 0.00000000 0.00000000 0.00000000 0.00000000 0.00000000 0.00000000 0.00000000 0.00000000 0.00000000 0.00000000 0.00000000 0.00000000 0.00000000 0.00000000 0.00000000 0.00000000 0.00000000 0.00000000 0.00000000 0.00000000 0.00000000 0.00000000 0.00000000 0.00000000 0.00000000 0.00000000 0.00000000 0.00000000 0.00000000 0.00000000 0.00000000 0.00000000 0.00000000 0.05482659 0.32764912 0.39995176 0.39994162 0.40621001 0.41181362 0.42140180 0.42204660 0.42707425 0.42790931 0.43216383 0.43812472 0.43433458 0.44096661 0.43880528 0.44528753 0.43877584 0.44566631 0.45767695 0.44408196 0.45700645 0.46149874 0.46089673
0.29817033 0.03182524 0.00000000 0.00000000 0.00000000 0.00000000 0.00000000 0.00000000 0.00000000 0.00000000 0.00000000 0.00000000 0.00000000 0.00000000 0.00000000 0.00000000 0.00000000 0.00000000 0.00000000 0.00000000 0.00000000 0.00000000 0.00000000 0.00000000 0.00000000 0.00000000 0.00000000 0.00000000 0.00000000 0.00000000 0.00000000 0.00000000 0.00000000 0.00000000 0.00000000 0.00000000 0.00000000 0.00000000 0.00000000 0.00000000 0.00000000 0.00000000 0.00000000 0.00000000 0.00000000 0.00000000 0.00000000 0.00000000 0.00000000 0.00000000 0.00000000 0.00000000 0.00000000 0.00000000 0.00000000 0.00000000 0.00000000 0.00000000 0.00000000 0.00000000 0.00000000 0.00000000 0.00000000 0.00000000 0.00000000 0.00000000 0.00000000 0.00000000 0.00000000 0.00000000 0.00000000 0.00000000 0.00000000 0.00000000 0.00000000 0.00000000 0.00000000 0.00000000 0.00000000 0.00000000 0.00000000 0.00000000 0.00000000 0.00000000 0.00000000 0.00000000 0.00000000 0.00000000 0.00000000 0.00000000 0.00000000 0.00000000 0.00000000 0.00000000 0.00000000 0.00000000 0.00000000 0.00000000 0.00000000 0.00000000 0.00000000 0.09704518 0.32337058 0.40058237 0.40223706 0.40820974 0.41767132 0.41381794 0.42054695 0.42364395 0.42629480 0.43038988 0.43451720 0.44613487 0.43237436 0.44739991 0.44647664 0.44648796 0.44054091 0.43928021 0.44414747 0.44399703 0.45565230 0.46247333
0.21338239 0.00000000 0.00000000 0.00000000 0.00000000 0.00000000 0.00000000 0.00000000 0.00000000 0.00000000 0.00000000 0.00000000 0.00000000 0.00000000 0.00000000 0.00000000 0.00000000 0.00000000 0.00000000 0.00000000 0.00000000 0.00000000 0.00000000 0.00000000 0.00000000 0.00000000 0.00000000 0.00000000 0.00000000 0.00000000 0.00000000 0.00000000 0.00000000 0.00000000 0.00000000 0.00000000 0.00000000 0.00000000 0.00000000 0.00000000 0.00000000 0.00000000 0.00000000 0.00000000 0.00000000 0.00000000 0.00000000 0.00000000 0.00000000 0.00000000 0.00000000 0.00000000 0.00000000 0.00000000 0.00000000 0.00000000 0.00000000 0.00000000 0.00000000 0.00000000 0.00000000 0.00000000 0.00000000 0.00000000 0.00000000 0.00000000 0.00000000 0.00000000 0.00000000 0.00000000 0.00000000 0.00000000 0.00000000 0.00000000 0.00000000 0.00000000 0.00000000 0.00000000 0.00000000 0.00000000 0.00000000 0.00000000 0.00000000 0.00000000 0.00000000 0.00000000 0.00000000 0.00000000 0.00000000 0.00000000 0.00000000 0.00000000 0.00000000 0.00000000 0.00000000 0.00000000 0.00000000 0.00000000 0.00000000 0.00000000 0.03657095 0.16755486 0.32646483 0.38501573 0.40194923 0.41410226 0.41219532 0.41965765 0.42303067 0.42889565 0.43307787 0.42569828 0.42719364 0.42944533 0.44546223 0.44189316 0.45303100 0.44511914 0.43525875 0.43852305 0.44447607 0.46437293 0.45812124 0.46838897
0.22718748 0.00000000 0.00000000 0.00000000 0.00000000 0.00000000 0.00000000 0.00000000 0.00000000 0.00000000 0.00000000 0.00000000 0.00000000 0.00000000 0.00000000 0.00000000 0.00000000 0.00000000 0.00000000 0.00000000 0.00000000 0.00000000 0.00000000 0.00000000 0.00000000 0.00000000 0.00000000 0.00000000 0.00000000 0.00000000 0.00000000 0.00000000 0.00000000 0.00000000 0.00000000 0.00000000 0.00000000 0.00000000 0.00000000 0.00000000 0.00000000 0.00000000 0.00000000 0.00000000 0.00000000 0.00000000 0.00000000 0.00000000 0.00000000 0.00000000 0.00000000 0.00000000 0.00000000 0.00000000 0.00000000 0.00000000 0.00000000 0.00000000 0.00000000 0.00000000 0.00000000 0.00000000 0.00000000 0.00000000 0.00000000 0.00000000 0.00000000 0.00000000 0.00000000 0.00000000 0.00000000 0.00000000 0.00000000 0.00000000 0.00000000 0.00000000 0.00000000 0.00000000 0.00000000 0.00000000 0.00000000 0.00000000 0.00000000 0.00000000 0.00000000 0.00000000 0.00000000 0.00000000 0.00000000 0.00000000 0.00000000 0.00000000 0.00000000 0.00000000 0.00000000 0.00000000 0.00000000 0.00000000 0.00000000 0.05454117 0.08285296 0.20620048 0.35427678 0.39213353 0.40167141 0.41957837 0.41939288 0.42099005 0.42004120 0.43082660 0.42787415 0.43035716 0.43327689 0.44048965 0.44712049 0.45479876 0.45061129 0.44738942 0.44933814 0.43743038 0.44373518 0.46670103 0.47212338 0.47217417
0.22127023 0.00000000 0.00000000 0.00000000 0.00000000 0.00000000 0.00000000 0.00000000 0.00000000 0.00000000 0.00000000 0.00000000 0.00000000 0.00000000 0.00000000 0.00000000 0.00000000 0.00000000 0.00000000 0.00000000 0.00000000 0.00000000 0.00000000 0.00000000 0.00000000 0.00000000 0.00000000 0.00000000 0.00000000 0.00000000 0.00000000 0.00000000 0.00000000 0.00000000 0.00000000 0.00000000 0.00000000 0.00000000 0.00000000 0.00000000 0.00000000 0.00000000 0.00000000 0.00000000 0.00000000 0.00000000 0.00000000 0.00000000 0.00000000 0.00000000 0.00000000 0.00000000 0.00000000 0.00000000 0.00000000 0.00000000 0.00000000 0.00000000 0.00000000 0.00000000 0.00000000 0.00000000 0.00000000 0.00000000 0.00000000 0.00000000 0.00000000 0.00000000 0.00000000 0.00000000 0.00000000 0.00000000 0.00000000 0.00000000 0.00000000 0.00000000 0.00000000 0.00000000 0.00000000 0.00000000 0.00000000 0.00000000 0.00000000 0.00000000 0.00000000 0.00000000 0.00000000 0.00000000 0.00000000 0.00000000 0.00000000 0.00000000 0.00000000 0.00000000 0.00000000 0.00000000 0.00000000 0.00000000 0.00000000 0.12482953 0.16190046 0.24763179 0.35898715 0.39812088 0.41369516 0.41829085 0.42458963 0.41662306 0.41892439 0.42060292 0.42282897 0.42681873 0.44211245 0.44279158 0.45035660 0.45367318 0.45868582 0.45273614 0.45504999 0.45442444 0.45012760 0.46270180 0.46830082 0.48107612
0.16267705 0.00000000 0.00000000 0.00000000 0.00000000 0.00000000 0.00000000 0.00000000 0.00000000 0.00000000 0.00000000 0.00000000 0.00000000 0.00000000 0.00000000 0.00000000 0.00000000 0.00000000 0.00000000 0.00000000 0.00000000 0.00000000 0.00000000 0.00000000 0.00000000 0.00000000 0.00000000 0.00000000 0.00000000 0.00000000 0.00000000 0.00000000 0.00000000 0.00000000 0.00000000 0.00000000 0.00000000 0.00000000 0.00000000 0.00000000 0.00000000 0.00000000 0.00000000 0.00000000 0.00000000 0.00000000 0.00000000 0.00000000 0.00000000 0.00000000 0.00000000 0.00000000 0.00000000 0.00000000 0.00000000 0.00000000 0.00000000 0.00000000 0.00000000 0.00000000 0.00000000 0.00000000 0.00000000 0.00000000 0.00000000 0.00000000 0.00000000 0.00000000 0.00000000 0.00000000 0.00000000 0.00000000 0.00000000 0.00000000 0.00000000 0.00000000 0.00000000 0.00000000 0.00000000 0.00000000 0.00000000 0.00000000 0.00000000 0.00000000 0.00000000 0.00000000 0.00000000 0.00000000 0.00000000 0.00000000 0.00000000 0.00000000 0.00000000 0.00000000 0.00000000 0.00000000 0.00000000 0.08574966 0.06520298 0.13082486 0.24377880 0.31084746 0.36371458 0.39964914 0.40453523 0.41105586 0.41622704 0.41832823 0.41724622 0.42012262 0.42462492 0.43728501 0.43683779 0.44423586 0.43871081 0.44211704 0.44751483 0.45030135 0.45120752 0.44952655 0.44215065 0.44093543 0.46188718 0.46841258
0.00000000 0.00000000 0.00000000 0.00000000 0.00000000 0.00000000 0.00000000 0.00000000 0.00000000 0.00000000 0.00000000 0.00000000 0.00000000 0.00000000 0.00000000 0.00000000 0.00000000 0.00000000 0.00000000 0.00000000 0.00000000 0.00000000 0.00000000 0.00000000 0.00000000 0.00000000 0.00000000 0.00000000 0.00000000 0.00000000 0.00000000 0.00000000 0.00000000 0.00000000 0.00000000 0.00000000 0.00000000 0.00000000 0.00000000 0.00000000 0.00000000 0.00000000 0.00000000 0.00000000 0.00000000 0.00000000 0.00000000 0.00000000 0.00000000 0.00000000 0.00000000 0.00000000 0.00000000 0.00000000 0.00000000 0.00000000 0.00000000 0.00000000 0.00000000 0.00000000 0.00000000 0.00000000 0.00000000 0.00000000 0.00000000 0.00000000 0.00000000 0.00000000 0.00000000 0.00000000 0.00000000 0.00000000 0.00000000 0.00000000 0.00000000 0.00000000 0.00000000 0.00000000 0.00000000 0.00000000 0.00000000 0.00000000 0.00000000 0.00000000 0.00000000 0.00000000 0.00000000 0.00000000 0.00000000 0.00000000 0.00000000 0.00000000 0.00000000 0.00000000 0.00000000 0.00000000 0.00000000 0.16965827 0.16383660 0.17588079 0.29287130 0.35255468 0.38301671 0.39656430 0.41271979 0.40937704 0.41400683 0.42330605 0.42290556 0.42843372 0.43395633 0.43795830 0.43592912 0.43526489 0.44091702 0.44207513 0.44304627 0.44852138 0.44196671 0.43732989 0.42432255 0.43966663 0.44732273 0.45694852
0.00000000 0.00000000 0.00000000 0.00000000 0.00000000 0.00000000 0.00000000 0.00000000 0.00000000 0.00000000 0.00000000 0.00000000 0.00000000 0.00000000 0.00000000 0.00000000 0.00000000 0.00000000 0.00000000 0.00000000 0.00000000 0.00000000 0.00000000 0.00000000 0.00000000 0.00000000 0.00000000 0.00000000 0.00000000 0.00000000 0.00000000 0.00000000 0.00000000 0.00000000 0.00000000 0.00000000 0.00000000 0.00000000 0.00000000 0.00000000 0.00000000 0.00000000 0.00000000 0.00000000 0.00000000 0.00000000 0.00000000 0.00000000 0.00000000 0.00000000 0.00000000 0.00000000 0.00000000 0.00000000 0.00000000 0.00000000 0.00000000 0.00000000 0.00000000 0.00000000 0.00000000 0.00000000 0.00000000 0.00000000 0.00000000 0.00000000 0.00000000 0.00000000 0.00000000 0.00000000 0.00000000 0.00000000 0.00000000 0.00000000 0.00000000 0.00000000 0.00000000 0.00000000 0.00000000 0.00000000 0.00000000 0.00000000 0.00000000 0.00000000 0.00000000 0.00000000 0.00000000 0.00000000 0.00000000 0.00000000 0.00000000 0.00000000 0.00000000 0.00000000 0.00000000 0.00000000 0.00000000 0.14840314 0.24721587 0.25110832 0.31275338 0.37451500 0.38900888 0.40064961 0.41530961 0.41336292 0.41707492 0.42137522 0.42654431 0.43738121 0.42536259 0.42182666 0.42917907 0.43344080 0.44228452 0.43994337 0.44671875 0.44233972 0.44732082 0.43649536 0.43421400 0.44484413 0.44609618 0.45504636
0.00000000 0.00000000 0.09033275 0.00000000 0.00000000 0.00000000 0.00000000 0.00000000 0.00000000 0.00000000 0.00000000 0.00000000 0.00000000 0.00000000 0.00000000 0.00000000 0.00000000 0.00000000 0.00000000 0.00000000 0.00000000 0.00000000 0.00000000 0.00000000 0.00000000 0.00000000 0.00000000 0.00000000 0.00000000 0.00000000 0.00000000 0.00000000 0.00000000 0.00000000 0.00000000 0.00000000 0.00000000 0.00000000 0.00000000 0.00000000 0.00000000 0.00000000 0.00000000 0.00000000 0.00000000 0.00000000 0.00000000 0.00000000 0.00000000 0.00000000 0.00000000 0.00000000 0.00000000 0.00000000 0.00000000 0.00000000 0.00000000 0.00000000 0.00000000 0.00000000 0.00000000 0.00000000 0.00000000 0.00000000 0.00000000 0.00000000 0.00000000 0.00000000 0.00000000 0.00000000 0.00000000 0.00000000 0.00000000 0.00000000 0.00000000 0.00000000 0.00000000 0.00000000 0.00000000 0.00000000 0.00000000 0.00000000 0.00000000 0.00000000 0.00000000 0.00000000 0.00000000 0.00000000 0.00000000 0.00000000 0.00000000 0.00000000 0.00000000 0.00000000 0.00000000 0.00000000 0.00000000 0.10799858 0.29643536 0.32436609 0.34533209 0.38057202 0.38787055 0.39781678 0.41229457 0.41030192 0.41753453 0.42172974 0.42653662 0.42663282 0.42823648 0.43068326 0.42810690 0.43598312 0.44321209 0.44276041 0.43716377 0.43385011 0.43157017 0.44523865 0.45285332 0.44693375 0.45047778 0.45352376
0.19453999 0.06639168 0.19308588 0.18630216 0.00000000 0.00000000 0.00000000 0.00000000 0.00000000 0.00000000 0.00000000 0.00000000 0.00000000 0.00000000 0.00000000 0.00000000 0.00000000 0.00000000 0.00000000 0.00000000 0.00000000 0.00000000 0.00000000 0.00000000 0.00000000 0.00000000 0.00000000 0.00000000 0.00000000 0.00000000 0.00000000 0.00000000 0.00000000 0.00000000 0.00000000 0.00000000 0.00000000 0.00000000 0.00000000 0.00000000 0.00000000 0.00000000 0.00000000 0.00000000 0.00000000 0.00000000 0.00000000 0.00000000 0.00000000 0.00000000 0.00000000 0.00000000 0.00000000 0.00000000 0.00000000 0.00000000 0.00000000 0.00000000 0.00000000 0.00000000 0.00000000 0.00000000 0.00000000 0.00000000 0.00000000 0.00000000 0.00000000 0.00000000 0.00000000 0.00000000 0.00000000 0.00000000 0.00000000 0.00000000 0.00000000 0.00000000 0.00000000 0.00000000 0.00000000 0.00000000 0.00000000 0.00000000 0.00000000 0.00000000 0.00000000 0.00000000 0.00000000 0.00000000 0.00000000 0.00000000 0.00000000 0.00000000 0.00000000 0.00000000 0.00000000 0.00000000 0.00000000 0.04508211 0.29044461 0.36752498 0.37385434 0.39073139 0.39951289 0.40851539 0.41305381 0.41860712 0.42071778 0.42899442 0.42963362 0.42874414 0.43465966 0.43808365 0.44587249 0.44786745 0.44499958 0.44689012 0.43665564 0.42954415 0.42886949 0.43907249 0.46170306 0.46485615 0.43564433 0.45978105
0.14649323 0.10349986 0.08375221 0.17984408 0.07931426 0.00000000 0.00000000 0.00000000 0.00000000 0.00000000 0.00000000 0.00000000 0.00000000 0.00000000 0.00000000 0.00000000 0.00000000 0.00000000 0.00000000 0.00000000 0.00000000 0.00000000 0.00000000 0.00000000 0.00000000 0.06930068 0.09112790 0.08993348 0.08711860 0.08449808 0.08736104 0.08918440 0.08969107 0.06882057 0.05110259 0.05693296 0.04967006 0.04763122 0.03403397 0.00000000 0.00000000 0.00000000 0.00000000 0.00000000 0.00000000 0.00000000 0.00000000 0.00000000 0.00000000 0.00000000 0.00000000 0.00000000 0.00000000 0.00000000 0.00000000 0.00000000 0.00000000 0.00000000 0.00000000 0.00000000 0.00000000 0.00000000 0.00000000 0.00000000 0.00000000 0.00000000 0.00000000 0.00000000 0.00000000 0.00000000 0.00000000 0.00000000 0.00000000 0.00000000 0.00000000 0.00000000 0.00000000 0.00000000 0.00000000 0.00000000 0.00000000 0.00000000 0.00000000 0.00000000 0.00000000 0.00000000 0.00000000 0.00000000 0.00000000 0.00000000 0.00000000 0.00000000 0.00000000 0.00000000 0.00000000 0.00000000 0.00000000 0.00000000 0.10958785 0.23826891 0.25766450 0.28663325 0.31886965 0.33208394 0.34476268 0.35854208 0.37602764 0.38386208 0.38990998 0.39622384 0.39582306 0.39943242 0.41506106 0.41886413 0.42676562 0.42801678 0.42483068 0.41888052 0.42190582 0.43525076 0.44973052 0.45688808 0.45050687 0.44777089
0.21972018 0.21418560 0.08747503 0.13515708 0.24110171 0.12628642 0.00000000 0.00000000 0.00000000 0.00000000 0.00000000 0.00000000 0.00000000 0.00000000 0.00000000 0.00000000 0.00000000 0.00000000 0.00000000 0.00000000 0.00000000 0.00000000 0.05462715 0.14002091 0.11214951 0.07615837 0.06225219 0.06088004 0.05878851 0.06076992 0.05024061 0.05424650 0.03458910 0.02631013 0.02894543 0.04373525 0.05803242 0.07351151 0.06031945 0.04089193 0.04369614 0.05292898 0.05382253 0.06614080 0.08099329 0.08658186 0.07138655 0.05204065 0.05939350 0.07896924 0.08599102 0.05864617 0.08529279 0.10402277 0.10205576 0.08458185 0.09725907 0.07827789 0.04784118 0.03609660 0.02710615 0.00000000 0.00000000 0.00000000 0.00000000 0.00000000 0.00000000 0.00000000 0.00000000 0.00000000 0.00000000 0.00000000 0.00000000 0.00000000 0.00000000 0.00000000 0.00000000 0.00000000 0.00000000 0.00000000 0.00000000 0.00000000 0.00000000 0.00000000 0.00000000 0.00000000 0.00000000 0.00000000 0.00000000 0.00000000 0.00000000 0.00000000 0.00000000 0.00000000 0.00000000 0.00000000 0.00000000 0.00000000 0.00000000 0.00000000 0.00000000 0.00000000 0.00000000 0.02709520 0.05892321 0.08681595 0.11639211 0.14000478 0.15801975 0.18122891 0.19088879 0.20455149 0.21916142 0.23492971 0.25529170 0.26564667 0.27785519 0.28520039 0.29119807 0.30880105 0.32291067 0.34369153 0.35165066 0.34791416
0.21390051 0.23433134 0.24938807 0.10360011 0.16913590 0.25021699 0.15639627 0.00237791 0.00000000 0.00000000 0.00000000 0.00000000 0.00000000 0.00000000 0.00000000 0.00000000 0.00000000 0.00000000 0.00000000 0.01124552 0.12582457 0.18004784 0.15902516 0.11526406 0.11392319 0.16237509 0.21855840 0.22970706 0.24028882 0.23312789 0.24715942 0.23736799 0.22219998 0.21869504 0.22659621 0.23793104 0.23460951 0.21551102 0.21094534 0.18560079 0.15773338 0.15848392 0.15921068 0.16041648 0.14171305 0.11269867 0.09426528 0.08733329 0.07227984 0.06432652 0.08651853 0.07317606 0.02274351 0.08362177 0.07950115 0.05228914 0.06624994 0.04368301 0.03110602 0.03699309 0.03502738 0.02789013 0.03428209 0.03917624 0.03158803 0.03168648 0.03774302 0.07542399 0.06938893 0.01988585 0.00000000 0.00000000 0.00000000 0.00000000 0.02008153 0.02638625 0.03601006 0.04765448 0.05123806 0.04190788 0.02451099 0.00554934 0.00584365 0.00000000 0.00000000 0.00000000 0.00000000 0.00000000 0.00000000 0.00000000 0.00000000 0.00000000 0.00000000 0.00000000 0.00000000 0.00000000 0.00000000 0.00000000 0.00000000 0.01676568 0.05068859 0.05307893 0.04685450 0.04730564 0.04329661 0.03448170 0.03153543 0.02071479 0.00856328 0.00658339 0.00000000 0.00000000 0.00000000 0.00000000 0.00000000 0.00000000 0.00000000 0.00000000 0.00000000 0.00000000 0.00643425 0.00483295 0.00000000 0.00000000
0.20184246 0.19799155 0.22773951 0.23596755 0.18390721 0.20089918 0.23019305 0.18241787 0.12443557 0.05058922 0.00459915 0.01515350 0.02618788 0.00379619 0.00000000 0.00777064 0.05569214 0.10589960 0.17176253 0.15801218 0.11430320 0.10336185 0.07796928 0.09092277 0.15826997 0.20808941 0.22830057 0.25347069 0.23211622 0.23697916 0.23656338 0.23995847 0.24515823 0.24517179 0.24911067 0.27340472 0.26240131 0.27573681 0.26790228 0.26534581 0.27268511 0.26692566 0.27140468 0.27787438 0.27264392 0.24656454 0.25768393 0.27030736 0.27553090 0.25696644 0.27351460 0.27376130 0.25057599 0.27857116 0.26933464 0.25959793 0.24683046 0.23481032 0.24215320 0.22667781 0.22230151 0.22583389 0.20695898 0.15938216 0.14453551 0.11147800 0.10330045 0.08385974 0.08006075 0.06424299 0.07869112 0.07724249 0.06570861 0.05141583 0.02214541 0.04411379 0.03938006 0.04352944 0.03213657 0.02129371 0.01010330 0.02138123 0.03117140 0.05838862 0.03605877 0.04474345 0.02108744 0.03617486 0.07140878 0.02661979 0.01517569 0.05909324 0.07076830 0.08010286 0.05533916 0.06980038 0.11273801 0.00000000 0.03422539 0.19308650 0.23018277 0.24433726 0.24925452 0.25359422 0.25491998 0.24977037 0.22404370 0.18553796 0.14487529 0.11278963 0.10921869 0.07252124 0.01207232 0.00000000 0.00000000 0.00000000 0.00000000 0.00000000 0.00000000 0.00000000 0.00000000 0.00000000 0.00000000 0.00000000
0.21247214 0.20298699 0.20210052 0.20038575 0.21021470 0.22303116 0.22010726 0.21769720 0.22611606 0.16734439 0.10276765 0.05231851 0.01727475 0.00729929 0.03297901 0.09656850 0.11927503 0.10430002 0.07865208 0.12076220 0.12685573 0.11468118 0.13597333 0.18107542 0.24342582 0.25456476 0.24818596 0.23330647 0.24793336 0.24226031 0.25020459 0.25955540 0.26852530 0.24365336 0.25503144 0.25627673 0.25667676 0.25404677 0.24903256 0.24948943 0.25628880 0.24431884 0.24389061 0.23736072 0.23337132 0.23967057 0.24381122 0.26904219 0.27275869 0.24958867 0.27407426 0.27560389 0.27682352 0.26497623 0.26349860 0.26153007 0.25883755 0.26636723 0.28423274 0.28074884 0.27564737 0.28446475 0.28343973 0.27617571 0.26741645 0.31007898 0.30198014 0.25749063 0.23228484 0.23068529 0.28168648 0.26682615 0.17643249 0.11265892 0.17922148 0.21501327 0.25543824 0.23141196 0.20844129 0.19945610 0.22685564 0.19916719 0.19738847 0.16838819 0.16705507 0.17841759 0.19780582 0.14238992 0.08795777 0.07363483 0.07977059 0.09917128 0.11378118 0.12062389 0.11439800 0.09242985 0.08678395 0.07004413 0.06813207 0.11087504 0.12828895 0.14180276 0.14801639 0.16303796 0.18017000 0.16612473 0.13726836 0.12190214 0.10998350 0.12434918 0.11066046 0.13295737 0.09437993 0.00000000 0.00000000 0.00000000 0.00000000 0.00000000 0.00000000 0.00000000 0.00000000 0.00000000 0.00000000 0.00000000
