-2.43136430 -2.44410539 -2.46001315 -2.45204306 -2.45306993 -2.45640731 -2.46020484 -2.46555233 -2.47901773 -2.47914338 -2.47029305 -2.47901535 -2.48279095 -2.48216391 -2.48097301 -2.48415709 -2.49599934 -2.50439763 -2.50970674 -2.51574969 -2.52317357 -2.52848339 -2.53966880 -2.53430963 -2.53974557 -2.54310155 -2.55105209 -2.55033064 -2.56412673 -2.56959605 -2.57742715 -2.57526636 -2.58381581 -2.58595204 -2.58807731 -2.59512186 -2.59209013 -2.59804225 -2.58834529 -2.60132146 -2.60820317 -2.61515498 -2.61138368 -2.61570930 -2.61739945 -2.61553741 -2.61431789 -2.62037134 -2.62425685 -2.64789200 -2.64390564 -2.65394664 -2.64752340 -2.65955257 -2.65234280 -2.65479374 -2.64849544 -2.64484930 -2.63252592 -2.63698483 -2.63086343 -2.63197136 -2.63367367 -2.62636948 -2.62554240 -2.63267088 -2.64319897 -2.63339543 -2.63309097 -2.63028955 -2.62946701 -2.61807561 -2.60691428 -2.60517383 -2.59014559 -2.58394265 -2.58591819 -2.58835268 -2.58973742 -2.57606673 -2.58069181 -2.58005238 -2.56451726 -2.55259275 -2.54658675 -2.52883720 -2.51918077 -2.50168991 -2.37438202 -2.05969977 -1.56422520 -1.27169538 -1.25051391 -1.14022470 -1.28676140 -2.03579378 -2.58105516 -2.59045506 -2.57874990 -2.57878995 -2.59518147 -2.59908891 -2.59599400 -2.59202194 -2.60248852 -2.60846257 -2.60175323 -2.62315702 -2.64327240 -2.63560915 -2.65077996 -2.65981340 -2.65611649 -2.65155840 -2.64758325 -2.66340709 -2.65493393 -2.48377275 -2.35777283 -2.09464931 -2.33669424 -2.33515787 -2.51490450 -2.63310480
-2.42989039 -2.44008994 -2.44736958 -2.45707798 -2.45278668 -2.44781423 -2.45159793 -2.46407628 -2.46198797 -2.46765924 -2.47229671 -2.47804976 -2.47691584 -2.47547626 -2.48811388 -2.49156475 -2.49138951 -2.51064181 -2.50593758 -2.51815438 -2.53226399 -2.52754164 -2.52622819 -2.54139400 -2.55330372 -2.54641771 -2.54262161 -2.55897713 -2.55572319 -2.56295490 -2.56358719 -2.56893539 -2.58330345 -2.59254074 -2.59054971 -2.58145165 -2.58238316 -2.58544779 -2.59569621 -2.59032345 -2.60485816 -2.60777569 -2.62004709 -2.62476182 -2.61620355 -2.61209416 -2.61652470 -2.62235451 -2.63015723 -2.63315225 -2.65286016 -2.64299917 -2.65191126 -2.64587259 -2.65601492 -2.63684487 -2.64135957 -2.64477324 -2.64643884 -2.63125730 -2.63397241 -2.61925888 -2.63012576 -2.63933063 -2.63389373 -2.63326573 -2.62464285 -2.63505030 -2.63901043 -2.63141799 -2.62701201 -2.61536360 -2.60516739 -2.60525703 -2.59540510 -2.58711076 -2.58622909 -2.57926989 -2.58408117 -2.58002877 -2.57285285 -2.57635331 -2.56264448 -2.54758692 -2.54344010 -2.54151988 -2.51262093 -2.41269088 -2.11574173 -1.58608174 -0.99143678 -0.53783119 -0.11503990 -0.29620373 -0.63842255 -1.19002497 -1.97345197 -2.52571678 -2.58454084 -2.58936977 -2.59516048 -2.59873390 -2.59151220 -2.60321665 -2.60463357 -2.60607553 -2.60479569 -2.61078978 -2.64125657 -2.64557123 -2.64992738 -2.65980816 -2.66086435 -2.64638734 -2.65990376 -2.60848427 -2.32093024 -1.93976343 -1.84048760 -1.94901955 -1.74571061 -2.14100695 -2.33963156 -2.60186601
-2.43406153 -2.43184018 -2.44029522 -2.44957852 -2.44878221 -2.44432378 -2.44815373 -2.44228053 -2.44972491 -2.46353340 -2.46232295 -2.46081448 -2.47038078 -2.46939635 -2.47588658 -2.47617173 -2.49055886 -2.49877763 -2.51354599 -2.51496768 -2.52308798 -2.53302312 -2.53445721 -2.53308606 -2.54681134 -2.55111194 -2.54533482 -2.54977727 -2.55029583 -2.55396461 -2.55702829 -2.56974339 -2.57269168 -2.57951045 -2.58216333 -2.58010292 -2.58648825 -2.58640027 -2.57701087 -2.59895301 -2.60673547 -2.61260462 -2.60868907 -2.61685157 -2.61462379 -2.61012053 -2.61461425 -2.61942053 -2.62444901 -2.64304185 -2.64567327 -2.64722586 -2.64649892 -2.65147638 -2.63645554 -2.64121890 -2.63717532 -2.63945532 -2.62712812 -2.62970018 -2.63611484 -2.63250804 -2.62942743 -2.63220119 -2.61607051 -2.62051678 -2.63328457 -2.63308311 -2.63217950 -2.62923479 -2.63005328 -2.61696815 -2.59629464 -2.59657216 -2.58891010 -2.58011770 -2.58156109 -2.58323264 -2.58265400 -2.58399487 -2.56582141 -2.56415892 -2.56042814 -2.54389024 -2.54225326 -2.52314281 -2.46093774 -2.20641208 -1.80334985 -1.04858339 -0.29028583 0.55370605 0.87418675 0.87405604 0.14814001 -0.44586742 -1.25634289 -2.01745152 -2.51111102 -2.58360791 -2.58110881 -2.58354092 -2.58498836 -2.58917093 -2.60013175 -2.60518456 -2.60576200 -2.61743140 -2.63079143 -2.64349341 -2.64429450 -2.65671706 -2.65366721 -2.63942480 -2.48342013 -2.06295776 -1.73591244 -1.62507248 -1.43186796 -1.25368094 -1.38840210 -1.77460492 -2.14467025 -2.59071088
-2.42845964 -2.43756676 -2.44309187 -2.45025659 -2.44221878 -2.43078494 -2.43661451 -2.44456029 -2.45047092 -2.45532465 -2.45291209 -2.45382261 -2.47297740 -2.46924186 -2.46979141 -2.48597622 -2.48653674 -2.49950075 -2.50015903 -2.51111054 -2.51682830 -2.53156948 -2.53196335 -2.54583716 -2.54519343 -2.54848003 -2.55117226 -2.55352521 -2.54716611 -2.55432320 -2.56427622 -2.55991650 -2.57818007 -2.58036518 -2.58068538 -2.58305168 -2.58704424 -2.59173036 -2.59012008 -2.59649658 -2.61366391 -2.61037159 -2.61324978 -2.62333202 -2.61906338 -2.61225438 -2.61149907 -2.62030911 -2.62659907 -2.63046741 -2.64608574 -2.65130424 -2.64640665 -2.64111805 -2.64471817 -2.62725186 -2.63545752 -2.64180231 -2.64021111 -2.63858843 -2.63645387 -2.62780118 -2.62648034 -2.63423800 -2.62653518 -2.63016176 -2.63283896 -2.63439107 -2.63056564 -2.63027978 -2.61591554 -2.60853696 -2.59985185 -2.59478474 -2.59330249 -2.58884072 -2.59011483 -2.58382988 -2.59298444 -2.58188701 -2.56435919 -2.56215644 -2.56346893 -2.55201387 -2.53322053 -2.52234459 -2.29322767 -2.03350425 -1.32266212 -0.35807753 0.80786300 1.48474908 1.92829716 1.94200611 1.43714583 0.33460808 -0.40426862 -1.33281958 -2.11066914 -2.50881863 -2.58252621 -2.57760358 -2.57257175 -2.57084775 -2.58405423 -2.59096432 -2.59445262 -2.60513210 -2.63260698 -2.63159776 -2.65152144 -2.63580680 -2.58720946 -2.26298857 -1.82819617 -1.60949123 -1.35755825 -0.77491021 -0.36337364 -0.58027720 -1.10163581 -1.35166478 -2.13154078 -2.44173956
-2.43510294 -2.43297029 -2.44059539 -2.44473243 -2.43997550 -2.43544722 -2.43567848 -2.44338369 -2.44792581 -2.45791793 -2.46566701 -2.48398376 -2.49212170 -2.49768496 -2.49382043 -2.48523092 -2.48100829 -2.50459838 -2.52496552 -2.50465989 -2.51549983 -2.52627301 -2.53308630 -2.54143476 -2.56490731 -2.54548216 -2.54205608 -2.54618645 -2.55038643 -2.56258607 -2.56734157 -2.56566858 -2.57387257 -2.57937956 -2.58235908 -2.58272147 -2.58401060 -2.58582926 -2.59289742 -2.60023642 -2.60139942 -2.59739947 -2.60708594 -2.61749959 -2.61242342 -2.61287761 -2.61876273 -2.62665367 -2.62779713 -2.62677479 -2.64859557 -2.65172815 -2.63606834 -2.64373231 -2.64520335 -2.64135695 -2.64335585 -2.63791943 -2.64450502 -2.64474130 -2.63611484 -2.63141584 -2.63591337 -2.63965440 -2.63071942 -2.63032222 -2.64052439 -2.64122987 -2.64009070 -2.62335420 -2.61094236 -2.61267900 -2.59333086 -2.59359431 -2.59646463 -2.59100461 -2.59144521 -2.58335853 -2.57524109 -2.58466268 -2.57072258 -2.55502439 -2.54399395 -2.53992462 -2.53407884 -2.48085260 -2.17853045 -1.63793099 -0.75106215 0.54701811 1.40190065 2.15893602 2.72603178 2.62010455 2.17941499 1.48577523 0.45409811 -0.49973834 -1.48893571 -2.19281983 -2.52510953 -2.57683659 -2.55508828 -2.56360221 -2.58269119 -2.58807182 -2.59293079 -2.60149908 -2.61748695 -2.63804674 -2.62650561 -2.47922421 -2.07952666 -1.70390487 -1.41241074 -0.90020007 -0.06055072 0.54426533 0.39649552 -0.04868865 -0.37384248 -1.08509755 -1.92515981 -2.26295757
-2.43472958 -2.44214368 -2.43236828 -2.44027233 -2.44559193 -2.44460344 -2.43740797 -2.44349694 -2.44998527 -2.45830297 -2.43091297 -2.24736810 -2.13659000 -2.20365143 -2.38330460 -2.55544591 -2.53852010 -2.38667655 -2.32789397 -2.50863743 -2.56470680 -2.52648282 -2.52722955 -2.48307467 -2.35415554 -2.47999048 -2.61576700 -2.55134249 -2.55458236 -2.55207324 -2.55688262 -2.57139087 -2.57041860 -2.57433367 -2.57849550 -2.57290769 -2.57867670 -2.58269334 -2.58460140 -2.58907366 -2.59841108 -2.58389568 -2.59280872 -2.59480810 -2.59852004 -2.61413980 -2.60803628 -2.61559939 -2.61111259 -2.62252331 -2.62901473 -2.63728452 -2.64153218 -2.63480592 -2.64092612 -2.63329291 -2.63637805 -2.63892770 -2.62901497 -2.63341355 -2.63189030 -2.62126517 -2.62256598 -2.62692618 -2.62152171 -2.62693596 -2.63468575 -2.62004638 -2.62635636 -2.61530447 -2.61592674 -2.60382390 -2.59533763 -2.59161639 -2.60132027 -2.58799100 -2.58884811 -2.58686233 -2.57229042 -2.56430054 -2.55805993 -2.53505993 -2.53796196 -2.52400112 -2.51988387 -2.36929059 -1.97006309 -1.15073657 -0.08558901 1.01892221 1.85949445 2.56599212 2.78881097 2.80981040 2.56958699 2.05559111 1.30771863 0.35139799 -0.77705616 -1.68578207 -2.28484845 -2.54050374 -2.54909062 -2.54359460 -2.54921389 -2.54255080 -2.55396366 -2.57423973 -2.54933858 -2.42145324 -2.16673398 -1.88788021 -1.60805571 -1.22529149 -0.42069608 0.57598025 1.08981180 1.16224504 1.02431393 0.59043080 0.02416486 -0.93611485 -1.74423265 -2.16139460
-2.44130421 -2.44450068 -2.44053888 -2.44930315 -2.44980073 -2.44440007 -2.45404267 -2.45674062 -2.38856125 -2.19355798 -1.80080473 -1.70759785 -1.97088134 -1.91770756 -1.63918865 -1.79353642 -2.41853261 -2.34887886 -2.01565385 -2.30792546 -2.57233524 -2.45248556 -2.36825776 -2.45275378 -2.23967242 -2.26483750 -2.51793718 -2.57381129 -2.56510401 -2.58336425 -2.59087586 -2.57418513 -2.56831264 -2.57379413 -2.58406782 -2.59258151 -2.59327006 -2.58909917 -2.58649373 -2.59627032 -2.60108709 -2.60500145 -2.59989977 -2.60118794 -2.60055423 -2.60223579 -2.60932565 -2.61930156 -2.63054371 -2.63025904 -2.63165712 -2.63429737 -2.64598703 -2.64350748 -2.63751745 -2.64307070 -2.64168692 -2.64405560 -2.63948679 -2.64389825 -2.63556790 -2.63054729 -2.64304900 -2.64275193 -2.64000654 -2.63653898 -2.63765669 -2.63792014 -2.62206316 -2.62703109 -2.61569309 -2.61387253 -2.60397005 -2.60202622 -2.60354662 -2.59831762 -2.58604240 -2.58018112 -2.57885146 -2.57532144 -2.55737209 -2.54947114 -2.54206777 -2.52059627 -2.51560140 -2.27746725 -1.69140351 -0.76369250 0.34180820 1.35708225 2.28602028 2.55542660 2.65352607 2.80196905 2.84058118 2.51185822 1.90736294 1.13221872 0.12500761 -0.83979172 -1.55642748 -1.99971831 -2.14212012 -2.15873480 -2.13395643 -2.11996508 -2.05982089 -2.00397730 -1.94216835 -1.72126663 -1.51277101 -1.27910745 -0.82890612 0.08854385 0.99605137 1.46822357 1.76086962 1.83338892 1.46915483 0.98455000 0.15796669 -0.85209781 -1.56688011 -1.99522269
-2.43125248 -2.44609165 -2.45570636 -2.44627309 -2.44882584 -2.45407319 -2.46243525 -2.34709692 -2.09904552 -1.86533225 -1.78079486 -1.82044172 -1.32291257 -1.57027829 -1.71562791 -1.05615902 -1.54657853 -2.34281635 -1.86424100 -1.84392774 -2.30542135 -2.45786834 -2.34146476 -2.45424366 -2.46515584 -2.06824732 -2.27419877 -2.54977989 -2.54086804 -2.46951866 -2.56182432 -2.63446784 -2.58422327 -2.58647537 -2.53446102 -2.45053697 -2.51446104 -2.62890244 -2.62378907 -2.58109403 -2.59437728 -2.59507513 -2.58924913 -2.59953570 -2.60983443 -2.61756611 -2.61639094 -2.62011719 -2.62076044 -2.61939073 -2.63919687 -2.64015603 -2.63104892 -2.63484144 -2.63541722 -2.63781595 -2.63986349 -2.62734413 -2.63973808 -2.64373541 -2.64683342 -2.64090014 -2.63832879 -2.64120436 -2.63839889 -2.64163828 -2.64053774 -2.63484049 -2.62747979 -2.61547136 -2.61174965 -2.60873866 -2.60793710 -2.60356164 -2.59460354 -2.58532476 -2.57551479 -2.57397032 -2.56937408 -2.56469131 -2.55139232 -2.53045630 -2.52040458 -2.51614642 -2.49963140 -2.16082287 -1.40938497 -0.41711992 0.56226861 1.61342788 2.53656769 2.49555182 2.53400683 2.76010871 2.90584588 2.82372594 2.44132113 1.84048879 1.12924123 0.17757301 -0.50836337 -0.96878010 -1.12859249 -1.16889262 -1.19024444 -1.19442511 -1.12660170 -1.03010249 -1.02641940 -0.99618381 -0.62381142 -0.07998385 0.65787494 1.30712068 1.72829962 2.25939441 2.46274447 2.17314196 1.77636302 1.16675997 0.21826169 -0.66298527 -1.36940980 -1.98683226
-2.44624758 -2.45086765 -2.44279718 -2.44151878 -2.45107865 -2.45765114 -2.43396544 -2.13229275 -2.14963746 -1.80421019 -1.49939716 -1.14084005 -1.09591055 -1.17468762 -1.82662237 -1.36825597 -1.10651267 -1.62907970 -1.36128497 -1.16951632 -1.77602375 -2.03466082 -2.22659707 -2.27406764 -1.82861888 -1.99491584 -2.16490865 -1.95096481 -2.09389234 -2.10862684 -2.09585047 -2.46252728 -2.59088874 -2.19350505 -1.99892294 -2.10912704 -2.02456737 -2.20800781 -2.62533259 -2.66393661 -2.58315659 -2.59222341 -2.58832836 -2.59560513 -2.60589671 -2.60381269 -2.61499524 -2.61688662 -2.62026286 -2.62384868 -2.62419724 -2.62602091 -2.61448884 -2.62605500 -2.62624979 -2.61849594 -2.61692405 -2.63256621 -2.62447810 -2.63575602 -2.63530707 -2.63397765 -2.62961411 -2.62760401 -2.61996770 -2.61797547 -2.61819434 -2.61847281 -2.60483861 -2.61151958 -2.60628176 -2.60059834 -2.59485340 -2.58892965 -2.58318138 -2.58112073 -2.58057356 -2.57253671 -2.54927707 -2.55678988 -2.54600716 -2.52278066 -2.50745106 -2.48721004 -2.42765093 -1.95846426 -1.03374183 -0.05243732 0.84796011 1.85832274 2.50235987 2.31067371 2.32963705 2.68687439 2.94633746 2.97382855 2.72362328 2.30192089 1.70435429 1.05117881 0.39322671 -0.06205945 -0.27967119 -0.30932242 -0.32003641 -0.28378975 -0.30024642 -0.19749229 -0.05551679 0.22518983 0.63785636 1.21796131 1.62862647 1.97987437 2.55565929 2.77445579 2.62955618 2.32737207 1.90284121 1.13153183 0.23641554 -0.65672082 -1.48454916 -2.17237663
-2.44739318 -2.44440746 -2.45606327 -2.44853234 -2.44516754 -2.46184754 -2.39093876 -2.07754636 -1.84193361 -1.30278015 -0.47854871 -0.78131753 -0.91040689 -0.86282605 -1.07387376 -1.11341703 -0.49675351 -1.08879495 -0.84326357 -0.63313073 -1.62787426 -1.31492400 -0.90357596 -1.85654342 -1.53886223 -1.24278188 -1.45267475 -1.46431887 -1.59817207 -2.10788155 -1.48561490 -1.38382876 -2.03504872 -1.90589035 -1.75538671 -1.94348109 -1.80296183 -1.43028569 -1.93893516 -2.60077763 -2.59533596 -2.59916401 -2.60162401 -2.60336637 -2.60544038 -2.61908984 -2.61880279 -2.61055779 -2.62850094 -2.62358284 -2.61714149 -2.61945462 -2.62192655 -2.62254667 -2.61593747 -2.60051799 -2.61328340 -2.62535810 -2.62304211 -2.62105751 -2.63378501 -2.62779284 -2.63222003 -2.61232901 -2.61364579 -2.61416101 -2.61447501 -2.60695052 -2.60194016 -2.60256505 -2.59342384 -2.58240771 -2.58367467 -2.58027124 -2.57019520 -2.56655788 -2.55933428 -2.54951048 -2.55229712 -2.54351330 -2.52831936 -2.50334406 -2.48374510 -2.44559669 -2.25627160 -1.62676990 -0.56886590 0.22304928 1.08101571 1.94277704 2.22477055 2.27748227 2.16584921 2.43416905 2.79228354 3.01606274 2.96073842 2.73776078 2.42241549 2.02743149 1.58957195 1.22226882 1.01233160 0.97782940 0.99928039 0.99129367 1.08245993 1.19500995 1.42414296 1.58752620 1.96386611 2.30070162 2.48206234 2.77117586 2.89648318 2.80161858 2.63318324 2.33525300 1.78813279 1.01968229 0.07372044 -0.87637287 -1.71886981 -2.28973985
-2.44609404 -2.45334578 -2.45528030 -2.45793176 -2.45310760 -2.47066307 -2.38139820 -1.84618700 -1.48799133 -0.99001843 -0.70211452 -1.02997482 -0.92010385 -1.18572080 -1.39266360 -0.86573762 -0.46455014 -0.98812991 -1.01164412 0.05893078 -0.95056874 -1.61969066 -0.75528795 -1.58536625 -1.60739148 -0.66955805 -1.58887339 -1.54662442 -0.87898570 -1.51541519 -1.66668999 -1.15465045 -1.98835647 -2.35108852 -1.33176506 -0.80500972 -1.59504342 -1.52010846 -1.67696834 -2.36830950 -2.59492230 -2.59535694 -2.60126185 -2.60545778 -2.61703730 -2.61840439 -2.61959100 -2.61901355 -2.61597800 -2.62540388 -2.62439752 -2.62065411 -2.60418510 -2.60785604 -2.60506797 -2.60990024 -2.59429336 -2.60421205 -2.60274529 -2.61600089 -2.61402345 -2.60711312 -2.60517454 -2.60825157 -2.59240842 -2.60536337 -2.60237384 -2.59087563 -2.59001637 -2.58848906 -2.57796764 -2.56684113 -2.56544065 -2.55881810 -2.54878283 -2.53401923 -2.53686714 -2.53268528 -2.52317071 -2.50795889 -2.50805759 -2.48568892 -2.44185662 -2.28004909 -1.95659602 -1.16741216 -0.19144683 0.65742111 1.45076132 2.19377756 2.25104022 2.06974769 1.97553217 2.35849166 2.75476575 2.98993158 3.04264474 3.00113058 2.94862747 2.84751558 2.76740193 2.65413570 2.54733109 2.49451280 2.46143079 2.46768665 2.50415730 2.60215020 2.63488698 2.70603538 2.87192941 2.96121120 2.99395704 2.98345137 2.90602922 2.80967069 2.63476062 2.24524283 1.61806798 0.82786345 -0.12643336 -1.09713674 -1.87604153 -2.36631823
-2.44895720 -2.45295024 -2.45399237 -2.45245528 -2.46241975 -2.48007965 -2.35618639 -1.59916818 -1.37795115 -1.26460242 -0.85662311 -1.04611349 -2.06932926 -2.12578559 -2.20729375 -1.44622493 -0.56193453 -0.82656705 -0.49211282 0.49430525 -0.61167264 -1.20935762 -0.30676895 -1.02513671 -1.15058732 -0.64346254 -0.79943174 -0.77224135 -0.11196028 -0.95629019 -1.44158292 -0.78517586 -0.90836447 -0.94978088 -0.37212950 -0.45651478 -0.74431926 -0.98233324 -0.98891026 -2.15174437 -2.59383631 -2.58431363 -2.59712553 -2.60753965 -2.61151385 -2.61264849 -2.61969185 -2.61741066 -2.60475254 -2.60948753 -2.61403060 -2.60500526 -2.60147548 -2.59933782 -2.61254692 -2.59931827 -2.58974838 -2.59891534 -2.60487604 -2.58377886 -2.59024811 -2.59145784 -2.57916999 -2.57947254 -2.57903934 -2.57747269 -2.58055902 -2.58418870 -2.57766771 -2.56821585 -2.56763196 -2.55589223 -2.54668927 -2.54911256 -2.53779602 -2.53245234 -2.52588940 -2.52016544 -2.50697136 -2.50849843 -2.48713779 -2.46956396 -2.33988357 -2.06136751 -1.62406266 -0.74016225 0.41566837 1.28359807 1.84351194 2.23215055 2.18718672 2.18219900 2.22976017 2.34212089 2.68705702 2.95683908 3.02883983 3.02360487 3.02974486 3.02560067 3.03801513 3.03734064 3.02817440 2.99978662 2.95399618 2.91218352 2.89776134 2.88991833 2.88772774 2.92887759 2.93965578 2.96912003 2.98506641 2.96989822 2.90922952 2.79351139 2.57893276 2.11457157 1.46962476 0.66279447 -0.32064635 -1.27672672 -1.98441112 -2.41553450
-2.44587255 -2.44785857 -2.45601416 -2.45874071 -2.45310926 -2.47887754 -2.35467553 -1.50517142 -1.36342525 -1.61416578 -0.51555842 -0.93308896 -2.45213103 -2.23915648 -2.25164771 -1.52363050 -0.82853174 -1.07203460 -0.51909953 0.35062015 -0.25222349 -0.63667357 0.30274671 -0.28400362 -0.78410834 0.24979675 -0.29366559 -0.55029094 0.23011762 -0.37175113 -0.74322546 0.08370911 -0.08901517 -0.87086052 -0.82954282 0.26285902 -0.00535113 -0.12538816 -0.60802251 -1.76138473 -2.59966850 -2.59346366 -2.60153246 -2.60327768 -2.61093020 -2.62029958 -2.61081052 -2.61574483 -2.61341000 -2.61044216 -2.60438275 -2.60672998 -2.60504007 -2.59923029 -2.59727073 -2.59284878 -2.58842897 -2.59482741 -2.59297848 -2.57963395 -2.58479452 -2.57547235 -2.57139635 -2.55798173 -2.56523561 -2.57186413 -2.57127738 -2.56748748 -2.56050825 -2.55588365 -2.55505395 -2.54126096 -2.52878642 -2.53304839 -2.52284002 -2.52068996 -2.51298499 -2.50761843 -2.49321461 -2.48750901 -2.46939564 -2.42632699 -2.22995234 -1.79865444 -0.98347372 0.00936012 1.08603537 1.74948227 2.34040713 2.46851587 2.35507774 2.33732891 2.25860119 2.35111284 2.73235250 2.97460914 3.04832196 3.02386022 3.02317071 3.04767871 3.04241610 3.03654981 3.02558804 3.01240540 2.96042299 2.92159200 2.90404892 2.89691663 2.91095853 2.91899276 2.96717834 2.99726295 3.01028442 2.97740984 2.87010884 2.75313687 2.45966458 1.91589797 1.24075556 0.47463930 -0.46705300 -1.41518950 -2.07691312 -2.44080019
-2.45477629 -2.45308447 -2.46004057 -2.45434690 -2.44812942 -2.46374679 -2.39079022 -1.66259503 -1.16538143 -1.75012052 -0.78287590 -0.30740815 -1.60407758 -1.85162127 -1.94922006 -1.68937445 -0.73081177 -1.07544076 -1.11364925 0.05367779 -0.64953595 -1.37476134 0.09880093 -0.09470032 -0.63498998 0.26984215 -0.47053081 -1.12332714 0.06626601 -0.73336530 -1.44117582 -0.29145879 -0.47887737 -1.27261806 0.05977366 0.31045085 -0.57974362 -0.91572124 -0.58647174 -1.52203298 -2.61184740 -2.59882188 -2.60140228 -2.60493255 -2.61890006 -2.62163067 -2.62072682 -2.61157417 -2.61456060 -2.61413693 -2.61163139 -2.61742234 -2.61257792 -2.59598303 -2.59852076 -2.59859371 -2.57893634 -2.56905818 -2.57500505 -2.58036351 -2.56514168 -2.56330419 -2.55662251 -2.55982542 -2.55512762 -2.56394386 -2.55375957 -2.54523635 -2.54612398 -2.54123831 -2.52911139 -2.52946997 -2.51720715 -2.51950383 -2.51537585 -2.50213957 -2.49965000 -2.48881531 -2.47868848 -2.46184230 -2.44291067 -2.30639052 -1.98329413 -1.30273259 -0.28574151 0.78318590 1.58236718 2.41424680 2.71689463 2.60684490 2.57524848 2.54081225 2.50412750 2.59201384 2.84683871 2.94605184 2.99422884 3.02209687 3.04326820 3.05906653 3.06679249 3.05284762 3.04318261 3.00966477 2.97558522 2.95632052 2.91533613 2.90567088 2.91390491 2.92934942 2.96940231 3.00147653 3.01784396 2.97153854 2.81113601 2.64033246 2.31037378 1.66831934 0.94681811 0.20456223 -0.63266945 -1.51368988 -2.10792232 -2.46115255
-2.44233966 -2.44556713 -2.44632554 -2.44737840 -2.44348907 -2.46410489 -2.39698577 -1.93384373 -1.30342972 -1.27938688 -1.18937707 -0.41007066 -0.98755890 -1.36427081 -1.66265368 -0.97896141 -0.49113578 -1.33328414 -1.46211398 -0.17561091 -0.78772146 -1.70917070 -0.26485759 -0.11818106 -0.89781600 0.09550995 -0.67050374 -1.46929109 -0.17325364 -0.87263256 -1.88956225 -0.45675069 0.05467468 -0.71807736 -0.04074903 0.41288906 -0.45941371 -0.61609179 -0.35127008 -1.39866245 -2.60132194 -2.60055351 -2.61089969 -2.61928201 -2.62437057 -2.61827850 -2.62831044 -2.62715673 -2.62334871 -2.61452627 -2.61656952 -2.60593390 -2.61161542 -2.60374522 -2.59362078 -2.59939361 -2.59337950 -2.58519363 -2.58796406 -2.57127118 -2.56358147 -2.56771421 -2.56379151 -2.55565834 -2.55094957 -2.54147029 -2.55371141 -2.54616475 -2.53695941 -2.53000426 -2.52864075 -2.51431799 -2.51960921 -2.51030207 -2.50842452 -2.50420737 -2.50262737 -2.48452306 -2.47008324 -2.45853853 -2.40118337 -2.17960644 -1.63573396 -0.69962335 0.31835067 1.29386139 2.14856291 2.80249214 2.89950395 2.70357847 2.63876057 2.78077745 2.72151041 2.63990664 2.85445642 2.98514748 3.01892662 3.03879714 3.04528332 3.07564783 3.08702183 3.06853676 3.04437757 3.01538396 2.96428084 2.92486596 2.89739227 2.88249755 2.91257954 2.91905212 2.93763804 3.00123858 3.00555110 2.94798613 2.78216028 2.52748799 2.06454444 1.38262749 0.58594191 -0.18718164 -0.95889765 -1.62711525 -2.13729739 -2.47210574
-2.45274568 -2.45034790 -2.45004106 -2.45225739 -2.45284581 -2.45561266 -2.44909930 -2.04685664 -1.76198673 -1.55834031 -1.18486965 -1.00614381 -1.26260245 -1.12381160 -0.97758108 -0.99225634 -0.86009163 -1.12594748 -1.70044899 -0.77766752 -1.04046810 -1.87086236 -0.82873493 -0.44466329 -1.31219876 -0.45575714 -0.91944426 -1.72815907 -0.77663738 -1.11052108 -1.93882692 -0.91267997 -0.06411488 -1.27254200 -0.94279450 0.05722557 -0.32181191 -1.01284599 -1.07000756 -1.59627342 -2.61191034 -2.62503934 -2.61310744 -2.62523890 -2.63155961 -2.63927698 -2.63723469 -2.64025068 -2.63497353 -2.63620186 -2.61493373 -2.61343336 -2.62228107 -2.62138081 -2.60391164 -2.61093521 -2.61237288 -2.60735416 -2.60171342 -2.59929371 -2.59255695 -2.59162092 -2.57974839 -2.56760406 -2.57108855 -2.57052016 -2.55563760 -2.55180907 -2.53785610 -2.53814077 -2.52937436 -2.53090715 -2.51883936 -2.51278901 -2.51526928 -2.51596475 -2.50402951 -2.49380040 -2.47701001 -2.44378638 -2.25248957 -1.86543500 -1.10432804 -0.13891427 0.91760135 1.79804325 2.60863018 2.95295429 2.94571877 2.83971143 2.83409715 2.88594794 2.81374192 2.86499739 2.99261212 3.07342911 3.07935643 3.10083842 3.11670876 3.15648317 3.15351057 3.13795710 3.09316564 3.06882405 3.01012778 2.95342112 2.95580411 2.92335343 2.93015385 2.95332241 2.98709512 3.03921580 3.07073283 2.99071646 2.76963329 2.44763184 1.94346333 1.10535038 0.18454817 -0.62781805 -1.30185688 -1.84797084 -2.23737502 -2.53666806
-2.46167588 -2.45594835 -2.46041679 -2.46325374 -2.46152782 -2.45598674 -2.48663545 -2.32468939 -1.81448376 -1.73667133 -1.29506743 -0.86210054 -0.63840938 -0.76294255 -1.24540913 -1.51794410 -0.72056055 -1.32297373 -1.95775831 -1.21776688 -1.32798052 -1.87227428 -1.31378222 -0.87522274 -1.47944701 -1.06682897 -1.13049316 -1.98272431 -1.21849418 -1.39817059 -1.87836015 -1.29820895 -0.85732538 -1.40387881 -0.99153727 -0.49038982 -1.21597886 -1.67582846 -1.42728639 -1.78798020 -2.62596631 -2.62967587 -2.63130236 -2.63643360 -2.64151955 -2.64442992 -2.66023493 -2.65575051 -2.66081882 -2.64173484 -2.64516878 -2.63179445 -2.63461757 -2.63203573 -2.61665058 -2.60883141 -2.61762023 -2.60649395 -2.61332965 -2.61216021 -2.60273576 -2.60459566 -2.60549712 -2.59654737 -2.59239674 -2.57710838 -2.56550717 -2.55614090 -2.55225873 -2.54299831 -2.53090692 -2.52690434 -2.52543163 -2.52027726 -2.50889039 -2.51432037 -2.51235509 -2.49732327 -2.46060514 -2.31894279 -2.04592586 -1.43042505 -0.49403745 0.55774140 1.51331341 2.35018325 2.93807578 3.04981565 3.05534124 2.99972367 3.00765777 2.99465418 2.95127535 3.01413488 3.08869410 3.12705564 3.17593002 3.20351887 3.21708083 3.22286105 3.20981741 3.19139647 3.14906335 3.10738802 3.08182549 3.01216698 2.96452117 2.95811081 2.97070789 3.00124478 3.01675200 3.06112146 3.11029720 3.05463791 2.83698726 2.40990186 1.77990985 0.95393735 -0.11887290 -1.04944730 -1.68876600 -2.06958318 -2.35700440 -2.57543397
-2.45684195 -2.45733428 -2.45283675 -2.46501732 -2.46255660 -2.46535778 -2.47406125 -2.48869681 -2.26608133 -1.89991534 -1.74465811 -1.18451822 -0.74854261 -1.04788435 -1.54557312 -1.35672164 -1.46724284 -2.13833523 -2.22022176 -1.61420071 -1.76087701 -2.27610731 -1.72468019 -1.52252889 -1.98249137 -1.52241158 -1.76880550 -2.22871470 -1.63511992 -1.83474553 -2.36029792 -1.77373230 -1.30471337 -1.72911429 -1.27832568 -1.06537843 -1.46456325 -1.59697783 -1.69190180 -2.06603146 -2.62068152 -2.63391328 -2.63949609 -2.64223194 -2.64839649 -2.66249895 -2.66151547 -2.66536927 -2.66175961 -2.67388511 -2.65485144 -2.63090634 -2.62975478 -2.65097237 -2.62608600 -2.61482143 -2.61438537 -2.61533523 -2.60646605 -2.60497093 -2.60716200 -2.60599947 -2.60355473 -2.59650993 -2.58760333 -2.58619475 -2.57327628 -2.56649756 -2.55618477 -2.54836464 -2.52971435 -2.51913071 -2.53406310 -2.51741672 -2.50966239 -2.50874209 -2.49998617 -2.48431325 -2.41222525 -2.15421700 -1.69000638 -0.86043042 0.20703542 1.26937914 2.01681590 2.78733444 3.08584785 3.11439681 3.15951037 3.14487100 3.14053917 3.17553282 3.16941118 3.14835930 3.18309522 3.23750067 3.23748183 3.23014569 3.24892545 3.25159836 3.23651052 3.21614838 3.17580748 3.12517333 3.08703470 3.02972984 2.99743652 2.98939514 2.96399713 2.96659327 2.99759316 3.04143047 3.06692553 3.05040765 2.85417199 2.40568757 1.64489090 0.76704496 -0.27285862 -1.34680331 -2.07244325 -2.32234836 -2.48044109 -2.62443709
-2.46474028 -2.45772862 -2.44949055 -2.46327257 -2.48537731 -2.47468138 -2.48248434 -2.50111914 -2.50119901 -2.43745637 -2.30243516 -2.23927236 -2.16269207 -2.05542088 -2.04138684 -2.24913096 -2.41554523 -2.52546692 -2.46544051 -2.31741309 -2.38046765 -2.54618049 -2.36335635 -2.33139586 -2.48898649 -2.31402779 -2.44976854 -2.51319575 -2.36257672 -2.42996955 -2.60527563 -2.42630672 -2.29486680 -2.38512039 -2.40382290 -2.19157958 -2.11554599 -2.43849754 -2.44695282 -2.49949265 -2.62817979 -2.63376808 -2.62565565 -2.62765574 -2.64853907 -2.64422464 -2.65916324 -2.66446877 -2.66333747 -2.66037798 -2.65222144 -2.63835454 -2.63435626 -2.62684011 -2.62570596 -2.61563134 -2.61582422 -2.61417055 -2.61444998 -2.61473799 -2.60785913 -2.61046743 -2.59951377 -2.59480691 -2.59138656 -2.58035612 -2.56475925 -2.56042743 -2.55810332 -2.54207206 -2.53095436 -2.52947164 -2.51767325 -2.51371694 -2.50404167 -2.49935436 -2.49185109 -2.45256615 -2.24540401 -1.79363060 -1.03286028 -0.16473536 0.96366835 1.80347753 2.57783890 3.03200531 3.12301731 3.16839480 3.18071294 3.19729114 3.21061134 3.20980978 3.21671247 3.23550057 3.23938775 3.24041390 3.24592805 3.25006390 3.24688578 3.25001431 3.23935509 3.21117234 3.18173313 3.14284182 3.10565686 3.05158734 3.01403666 2.99761748 2.95971227 2.92903042 2.96769285 2.99900031 3.02819729 3.00337124 2.86577058 2.49255371 1.78591037 0.77791661 -0.24554123 -1.35017014 -2.25105071 -2.53514528 -2.61679268 -2.67892766
-2.45375514 -2.45848036 -2.46215558 -2.47555947 -2.48410392 -2.48471594 -2.49278426 -2.50260544 -2.50672722 -2.51374030 -2.53794861 -2.55917263 -2.57388258 -2.57496142 -2.58130717 -2.57256055 -2.55813813 -2.53949046 -2.54859090 -2.57196045 -2.56139874 -2.55612206 -2.59249640 -2.60954213 -2.59790182 -2.61274028 -2.61030865 -2.60321999 -2.61743402 -2.61698055 -2.60425377 -2.63371277 -2.65693665 -2.64268041 -2.64552689 -2.65020466 -2.66087651 -2.62911701 -2.64758420 -2.65037799 -2.63434744 -2.62744308 -2.62442613 -2.63404751 -2.62851000 -2.64588690 -2.64766312 -2.66473770 -2.64288020 -2.65012765 -2.65898013 -2.64003563 -2.63281584 -2.62948155 -2.61787558 -2.60985398 -2.60157585 -2.59938216 -2.60081911 -2.59698105 -2.59911966 -2.60247564 -2.60050774 -2.59728742 -2.58569479 -2.57365775 -2.56335282 -2.55269170 -2.54192281 -2.53136778 -2.52188754 -2.51420593 -2.50479364 -2.49754858 -2.49244952 -2.47678971 -2.44367576 -2.22983027 -1.82196712 -1.20019925 -0.40282482 0.72014356 1.59614742 2.37085795 2.92166233 3.06819749 3.11148906 3.14224863 3.17598891 3.17705441 3.19436789 3.20236468 3.19899011 3.20286608 3.22790122 3.22329879 3.22020936 3.24032998 3.23473835 3.22065711 3.21093488 3.21127844 3.18864870 3.16995835 3.14477849 3.11020803 3.03383374 3.01972103 2.96832514 2.92297482 2.90297627 2.93856525 2.97939801 2.99909306 2.95184231 2.64279914 2.02247000 1.07310402 -0.02803144 -1.19656360 -2.13479328 -2.48732162 -2.63420510 -2.69506669
-2.46303272 -2.46871829 -2.46379566 -2.47159886 -2.48490739 -2.49261427 -2.49290705 -2.49959111 -2.50290298 -2.51247358 -2.51778007 -2.51495481 -2.52892470 -2.53142953 -2.54400253 -2.55021262 -2.53049660 -2.53774571 -2.53657150 -2.54272747 -2.53732610 -2.54848933 -2.56459236 -2.57331944 -2.58064890 -2.57806134 -2.57552385 -2.58566952 -2.58419013 -2.58662224 -2.60038137 -2.60107923 -2.60503793 -2.62303829 -2.62084365 -2.60102630 -2.60010552 -2.61205482 -2.60437608 -2.62953162 -2.63197732 -2.62718916 -2.63284731 -2.62922597 -2.64434886 -2.64438868 -2.65429282 -2.65843177 -2.65998363 -2.66382575 -2.66152716 -2.64578772 -2.63890266 -2.63664365 -2.63619089 -2.61416721 -2.60103106 -2.59770060 -2.59776831 -2.59045720 -2.58897281 -2.58256984 -2.58740234 -2.57818747 -2.57261252 -2.56609821 -2.55501795 -2.54120970 -2.53956318 -2.53447843 -2.51492047 -2.49874878 -2.49564958 -2.47854114 -2.44281721 -2.34072232 -2.04697561 -1.69387555 -1.29758239 -0.62549442 0.50282031 1.39797139 2.08873320 2.79118323 3.00801706 3.05135965 3.10110641 3.15549850 3.16775227 3.18937564 3.18917489 3.20871568 3.19041824 3.19088721 3.20998502 3.21103835 3.20429158 3.21322060 3.22699451 3.20852470 3.19761062 3.19657159 3.19838142 3.18375564 3.16499567 3.13831663 3.09731078 3.02375054 2.97821975 2.90320849 2.88528514 2.89926124 2.93648267 2.97887111 2.95297503 2.70194936 2.07669210 1.26821303 0.25577942 -0.95888430 -1.95854867 -2.44535255 -2.63944244 -2.70121408
-2.47225261 -2.47329044 -2.47511911 -2.47755504 -2.48761082 -2.49484777 -2.50812387 -2.49785662 -2.50710058 -2.51746941 -2.51330471 -2.51001525 -2.52336884 -2.53577733 -2.53333950 -2.54255867 -2.55353689 -2.54492736 -2.53699112 -2.53116369 -2.55350995 -2.54957867 -2.56670213 -2.57726192 -2.57952523 -2.58601713 -2.58031702 -2.58049369 -2.57716417 -2.58465123 -2.59479189 -2.60626531 -2.60795784 -2.60470128 -2.60420680 -2.60122943 -2.59493947 -2.59986877 -2.60556316 -2.61351609 -2.63133931 -2.62307453 -2.62413645 -2.64090991 -2.63097310 -2.64204288 -2.64865017 -2.64818382 -2.64264560 -2.64053631 -2.64834666 -2.64035845 -2.62508845 -2.63492107 -2.63573241 -2.62284803 -2.60673833 -2.60820341 -2.60228467 -2.58769321 -2.58612633 -2.58544493 -2.57351184 -2.56765985 -2.55409408 -2.54281235 -2.53840041 -2.53327441 -2.52428150 -2.51776814 -2.50650620 -2.48777699 -2.44652653 -2.30171061 -1.99264085 -1.66777945 -1.46483946 -1.14800835 -0.49026322 0.50745082 1.31868899 1.89254451 2.60640883 2.94395089 3.01764512 3.07528973 3.11831641 3.15913272 3.19827580 3.21926665 3.23374510 3.22349000 3.22047853 3.21829009 3.22446918 3.22200894 3.20233512 3.20761347 3.20665717 3.18553472 3.14215684 3.07467937 3.09533191 3.17531300 3.20469022 3.16937757 3.11390233 3.05268359 2.98913670 2.92529130 2.88716817 2.90817833 2.93923020 2.96891284 2.97249603 2.68850541 2.18317580 1.47924364 0.51182550 -0.69496006 -1.72991955 -2.36217976 -2.62223172 -2.69715500
-2.46986628 -2.47381353 -2.47946501 -2.46921730 -2.48928213 -2.49228096 -2.49244356 -2.51079154 -2.50762820 -2.50880718 -2.51981449 -2.51038480 -2.52625155 -2.53470516 -2.53731966 -2.55053020 -2.54827976 -2.54753184 -2.54816461 -2.55171990 -2.55227375 -2.55203128 -2.56797719 -2.58415246 -2.58409858 -2.58946157 -2.58988380 -2.58571911 -2.59986711 -2.59751940 -2.60178161 -2.60388422 -2.61677170 -2.61806250 -2.60046768 -2.60447979 -2.59936905 -2.59017277 -2.59727407 -2.61139965 -2.62826896 -2.61514759 -2.62788057 -2.63845038 -2.63493848 -2.63486147 -2.64836621 -2.63710237 -2.63711309 -2.62855887 -2.62794089 -2.63670707 -2.62771583 -2.60987496 -2.60585308 -2.60945797 -2.60295939 -2.59362102 -2.58344197 -2.58453870 -2.57867336 -2.57013798 -2.56009746 -2.55762196 -2.54281092 -2.53299761 -2.52917719 -2.52298641 -2.50295877 -2.49830270 -2.48102355 -2.35126805 -2.12872195 -1.75565922 -1.39987302 -1.14064455 -0.75103867 -0.06414187 0.79338431 1.40027523 1.88800752 2.58032537 2.92654395 2.98603177 3.04055595 3.08724713 3.11359739 3.15344787 3.20456386 3.21372628 3.22758865 3.22410750 3.22469687 3.22619963 3.23639131 3.22923446 3.21388125 3.18302226 3.11428046 2.83857322 2.57967186 2.63891125 2.65826607 2.79978585 3.13566017 3.23207450 3.13301229 3.07040906 3.01913500 2.96372938 2.91048145 2.92167473 2.95883560 2.99149275 2.93646884 2.73475552 2.31279850 1.67352998 0.66963655 -0.44569361 -1.42842865 -2.21242356 -2.61327004 -2.71481538
-2.48200870 -2.48730898 -2.47824216 -2.48240829 -2.48209167 -2.49339175 -2.49433494 -2.50041580 -2.50624847 -2.51213121 -2.52163076 -2.51124716 -2.52300620 -2.54714370 -2.54284143 -2.54656315 -2.55913711 -2.55938101 -2.55552959 -2.55723357 -2.55988598 -2.57110167 -2.56538105 -2.58234954 -2.58789945 -2.58985639 -2.58670735 -2.58916330 -2.58763838 -2.59829545 -2.60547972 -2.60599661 -2.61986589 -2.62211394 -2.60793281 -2.60123873 -2.61020613 -2.60603857 -2.59939933 -2.60356426 -2.61556745 -2.61638570 -2.61714268 -2.64091992 -2.63420677 -2.64002323 -2.63316298 -2.63388443 -2.63835669 -2.62993884 -2.62104344 -2.61850262 -2.62335920 -2.62374473 -2.61575150 -2.60574841 -2.59466577 -2.58785510 -2.58493567 -2.56321645 -2.56175303 -2.55849719 -2.55079770 -2.53899956 -2.52853251 -2.51775742 -2.51420593 -2.50240541 -2.49452996 -2.46851730 -2.35790539 -2.06276894 -1.59705710 -1.26357794 -0.84943908 -0.15248691 0.56117111 1.13748145 1.59640157 2.03428292 2.58128762 2.90140295 2.96968961 3.00811100 3.04933453 3.07460117 3.11105728 3.15519357 3.18995547 3.20448971 3.19662118 3.21420288 3.19695830 3.20887303 3.21388984 3.22951198 3.21444321 2.96005654 2.78249478 2.46567321 1.94679010 1.90401518 2.03931165 2.06081223 2.55473876 3.09672403 3.13990450 3.06240249 3.02041411 2.96126890 2.90499425 2.88089490 2.85322070 2.77483296 2.61544585 2.58292699 2.38915658 1.77019835 0.74406934 -0.36738414 -1.33755529 -2.23441982 -2.63814783 -2.73973322
-2.48617101 -2.48814130 -2.49389601 -2.48658490 -2.48898482 -2.50424600 -2.50006676 -2.50904012 -2.51727176 -2.52450609 -2.52553105 -2.53115678 -2.52589417 -2.54489899 -2.55408430 -2.55673289 -2.56283236 -2.55986214 -2.55636191 -2.56592870 -2.57776356 -2.57194638 -2.57025886 -2.58450961 -2.59206009 -2.58833146 -2.58537960 -2.58704662 -2.59415746 -2.59209394 -2.60308218 -2.60300016 -2.60749626 -2.60768890 -2.61221004 -2.61234426 -2.60708523 -2.60646439 -2.60158134 -2.60731888 -2.61548114 -2.61750627 -2.61882758 -2.62649632 -2.63322449 -2.62607098 -2.63593340 -2.63092852 -2.62308311 -2.62032366 -2.61758709 -2.61041307 -2.61221933 -2.61777687 -2.60757875 -2.60907888 -2.60049033 -2.58646107 -2.57750797 -2.58509636 -2.56712365 -2.55534816 -2.54035044 -2.54083109 -2.52108312 -2.50403547 -2.50417972 -2.50041080 -2.47902846 -2.34597683 -2.06777930 -1.65542817 -1.08024240 -0.38742989 0.46660542 1.18519664 1.64613259 2.04608226 2.42441750 2.76210237 2.90503764 2.99322319 3.03404522 3.05501342 3.08267212 3.10996222 3.13377810 3.17997575 3.21726489 3.21869087 3.22793531 3.22850776 3.22208500 3.21636009 3.23613667 3.23497033 3.22360253 2.92907238 2.61439037 2.38749743 1.47820926 0.84887952 1.29848826 1.61068308 2.12768841 2.84034109 3.10462046 3.08068609 3.02000570 2.96430898 2.84827638 2.66775727 2.38741207 2.52433372 2.47131753 2.20805931 2.21583200 1.84325504 0.86621302 -0.27253306 -1.27213085 -2.19578648 -2.64403605 -2.74756098
-2.48479342 -2.48551130 -2.48803568 -2.49176621 -2.50134468 -2.50508666 -2.50768375 -2.50798488 -2.52199006 -2.52330780 -2.52889752 -2.53359008 -2.54511285 -2.54370570 -2.55090761 -2.55862999 -2.55518198 -2.56030941 -2.56011844 -2.55505013 -2.56012917 -2.57372260 -2.57209754 -2.57521152 -2.59041667 -2.58899665 -2.59080887 -2.58560419 -2.59149766 -2.58659124 -2.59039426 -2.59477520 -2.59458113 -2.60162139 -2.60004973 -2.59672952 -2.59323359 -2.59590983 -2.59238935 -2.59333587 -2.60274529 -2.59976768 -2.60499907 -2.61010385 -2.61588645 -2.61391377 -2.61626220 -2.61185050 -2.61263537 -2.61284518 -2.61050510 -2.60740852 -2.61158252 -2.60594702 -2.59544301 -2.58966541 -2.58984017 -2.57442141 -2.57651281 -2.56837535 -2.55521107 -2.55089259 -2.53050041 -2.52808595 -2.52190232 -2.50581717 -2.49547648 -2.48520708 -2.39551592 -2.14442015 -1.71936631 -1.05930126 -0.24735685 0.82673001 1.54636395 2.08442688 2.54713845 2.78653884 2.89411354 2.95407867 3.00782990 3.05394721 3.08804727 3.10598135 3.14373040 3.15351653 3.15738368 3.20323086 3.24092197 3.24698591 3.24246812 3.24236965 3.23730135 3.24164128 3.23889446 3.24394345 3.25314450 2.95920253 2.23540521 1.79195738 0.91234410 0.02058513 0.23680246 1.08983886 1.69728625 2.58015037 3.08763075 3.07742858 3.03413844 2.94496012 2.65980339 2.56844115 2.15169787 1.95155573 2.03430414 1.94198382 2.07577610 1.85636055 1.00805426 -0.10847946 -1.12542427 -2.09557199 -2.64288878 -2.74626040
-2.49805069 -2.48562384 -2.49330902 -2.49479079 -2.50276065 -2.50653672 -2.51339006 -2.51715136 -2.52420259 -2.52209973 -2.52603483 -2.53176260 -2.53494263 -2.54223871 -2.55301809 -2.55802894 -2.55714893 -2.55255842 -2.55521917 -2.56183958 -2.56042171 -2.56306839 -2.57078648 -2.57545853 -2.58464408 -2.58974552 -2.59320736 -2.59266186 -2.57947540 -2.59057546 -2.58711553 -2.58894777 -2.59051347 -2.59308529 -2.58806276 -2.58535957 -2.58969688 -2.58349681 -2.58672810 -2.58132672 -2.58772755 -2.59413695 -2.59366727 -2.60378289 -2.59083486 -2.59653521 -2.59670424 -2.59569240 -2.59098101 -2.59494543 -2.59049177 -2.59445858 -2.59436440 -2.59059691 -2.58380222 -2.57663417 -2.56951690 -2.56830192 -2.56600881 -2.55763650 -2.54846358 -2.53270030 -2.53170967 -2.51428986 -2.50984120 -2.49088550 -2.48146725 -2.42887068 -2.20635867 -1.83252633 -1.11944723 -0.24145167 0.84609163 1.60498965 2.20934820 2.69334459 2.88015652 2.89731860 2.90774131 2.97828102 3.01746368 3.05947924 3.10986495 3.10972238 3.13393259 3.15887308 3.15577269 3.19041538 3.22529221 3.22655654 3.21838379 3.22148395 3.21396899 3.20644474 3.21405077 3.21643472 3.21529484 2.92835498 2.07869124 1.25058234 0.75414324 -0.16981183 -0.23979230 0.36002025 1.24976647 2.34258938 3.02372718 3.03189349 3.00840092 2.90036941 2.54518080 2.25232196 1.91102028 1.28107095 1.54441857 1.66586363 1.75533903 1.92019510 1.09325826 -0.02331713 -1.03561437 -1.99620998 -2.60380101 -2.74964023
-2.49030137 -2.49978757 -2.50411439 -2.51526451 -2.51134562 -2.52150846 -2.51855850 -2.52736568 -2.52142596 -2.52924657 -2.53327990 -2.54840064 -2.53647923 -2.54326582 -2.55159307 -2.56036758 -2.55568981 -2.55476189 -2.55812621 -2.56381440 -2.56086397 -2.56722736 -2.56903267 -2.58197618 -2.59359360 -2.58940482 -2.59174562 -2.60131335 -2.59230351 -2.58483028 -2.59211993 -2.59314513 -2.59523582 -2.59581137 -2.59824276 -2.57784057 -2.58922100 -2.58627415 -2.58437109 -2.59565330 -2.59310675 -2.59540129 -2.59147239 -2.58957481 -2.59489012 -2.58489966 -2.58976674 -2.57883072 -2.58283162 -2.59009194 -2.58662605 -2.58476281 -2.58045411 -2.57592940 -2.58098531 -2.57224202 -2.56813383 -2.55560780 -2.55289769 -2.55624199 -2.54192138 -2.52845359 -2.51708508 -2.50892973 -2.49805260 -2.49320555 -2.46772027 -2.30369496 -1.99977171 -1.35499620 -0.45617783 0.64489794 1.49795580 2.21084785 2.73498774 2.84537959 2.87036610 2.89933515 2.92850637 2.96982551 2.99778652 3.03599405 3.06789660 3.09132624 3.10460687 3.13800502 3.13883018 3.15867209 3.19659686 3.20238400 3.19659376 3.19578767 3.18769026 3.16717792 3.16587472 3.16227341 3.15371656 2.86486101 2.31483626 1.70942414 1.05152619 0.20829952 0.16671279 0.82705021 1.47708333 2.26112199 2.94102049 2.97184801 2.92447209 2.89912868 2.45973206 1.94263852 1.63917160 1.30894661 1.05615640 1.24504006 1.60784912 1.88483882 1.11732829 0.01075521 -0.98776335 -1.90330660 -2.57441974 -2.74934864
-2.49052620 -2.50065541 -2.50446177 -2.51483989 -2.51796746 -2.51746249 -2.52626252 -2.51544952 -2.52722383 -2.52968264 -2.53619409 -2.54450536 -2.55457759 -2.54479551 -2.55546546 -2.56609726 -2.55822778 -2.54850602 -2.55563307 -2.56072044 -2.56214976 -2.56134343 -2.57458997 -2.56949949 -2.58282781 -2.59486485 -2.59165263 -2.59280300 -2.58976698 -2.59051967 -2.59576750 -2.58871889 -2.58150864 -2.59172773 -2.57704473 -2.57506800 -2.57625198 -2.57093668 -2.56526899 -2.58162069 -2.58696842 -2.57882476 -2.58417201 -2.58578920 -2.57445288 -2.57483649 -2.57730579 -2.57532525 -2.56501055 -2.57528615 -2.57350421 -2.56741643 -2.57288814 -2.57142878 -2.56294370 -2.55873585 -2.55006909 -2.55420256 -2.54902840 -2.53126645 -2.51610112 -2.51394773 -2.49896431 -2.48441410 -2.48088908 -2.47150326 -2.38500452 -2.12200713 -1.63322723 -0.77059758 0.31932092 1.26590657 1.98768198 2.62062812 2.81156945 2.83086562 2.86783981 2.90711594 2.92918444 2.95954728 3.00109124 3.00928974 3.03999019 3.06554294 3.07121706 3.11035943 3.11043262 3.11927557 3.15257382 3.17050815 3.16134977 3.15388918 3.15840292 3.14527607 3.11334825 3.12509465 3.10638595 2.98191690 2.52891445 2.15883660 1.54363561 1.02125525 1.01611209 1.46042585 1.81920815 2.45871425 2.90390301 2.89664650 2.89020324 2.81822014 2.42896509 1.85697901 1.48760962 1.24076962 1.14834976 1.53663182 1.64400923 1.81144691 1.04346907 0.00096995 -0.96185869 -1.90267432 -2.57408452 -2.73382878
-2.49239397 -2.49502945 -2.50126219 -2.51938367 -2.52123404 -2.52564716 -2.52429295 -2.53037906 -2.52644420 -2.53860188 -2.53680897 -2.54142833 -2.55534506 -2.55669689 -2.55750084 -2.55702376 -2.56442976 -2.56060076 -2.56226087 -2.56568098 -2.56181598 -2.56838489 -2.57200599 -2.58728123 -2.58826613 -2.59703159 -2.59575152 -2.59615803 -2.59635782 -2.59357786 -2.59302425 -2.58627367 -2.59593582 -2.59361458 -2.58461475 -2.57147574 -2.57459092 -2.56862235 -2.56900835 -2.58015800 -2.57676029 -2.57793021 -2.58345962 -2.57510877 -2.58037567 -2.56605434 -2.57295728 -2.57613468 -2.56796670 -2.57262015 -2.58195257 -2.56788182 -2.56550765 -2.55677509 -2.55270267 -2.54534078 -2.53449917 -2.52932453 -2.52938199 -2.50746012 -2.50263286 -2.49194884 -2.48422337 -2.46807313 -2.45728779 -2.43957663 -2.25771260 -1.90836394 -1.11695957 -0.07079592 1.00216436 1.76840210 2.51881933 2.78125453 2.81944847 2.87100196 2.91357112 2.93718219 2.96622610 2.98915839 3.00624037 3.01870656 3.03191996 3.05791306 3.08800340 3.09618640 3.10385847 3.10896921 3.12505102 3.13569140 3.14517856 3.14985728 3.13948298 3.13228679 3.11328340 3.09374595 3.09309316 3.05325246 2.91440535 2.61049652 2.46524572 2.24484491 2.09430289 2.06918550 2.34036422 2.81445885 2.91996789 2.88045907 2.88348937 2.82991099 2.43326879 2.01882029 1.84603834 1.69239807 1.64653492 1.66094768 1.87279558 1.81037331 0.97630107 -0.07659660 -0.99730343 -1.87610567 -2.56933141 -2.74726701
-2.49442482 -2.50647187 -2.52175689 -2.51378465 -2.52913952 -2.51792455 -2.52528620 -2.53481674 -2.53712487 -2.53727436 -2.55073428 -2.55457354 -2.55792880 -2.55734396 -2.55171847 -2.56160188 -2.56969190 -2.56711221 -2.56448889 -2.56450701 -2.58116341 -2.57200503 -2.57503915 -2.58699632 -2.59481788 -2.59634876 -2.60469913 -2.59692192 -2.59983230 -2.59291172 -2.59221673 -2.60419416 -2.59001470 -2.59376192 -2.59547472 -2.58413982 -2.57906556 -2.57397056 -2.57360148 -2.57754755 -2.58513117 -2.58871841 -2.58138919 -2.57346988 -2.56404734 -2.57455301 -2.56462169 -2.56385589 -2.56810760 -2.57181740 -2.57597351 -2.57197237 -2.55503130 -2.56257176 -2.54740381 -2.54023957 -2.52646923 -2.51286578 -2.50280213 -2.50001216 -2.48509812 -2.47678375 -2.47020793 -2.45125866 -2.43945050 -2.39214849 -2.11555910 -1.50731599 -0.55737805 0.55426049 1.41659534 2.30009055 2.74487519 2.80374622 2.83652711 2.89740562 2.93861270 2.97764516 2.99954462 3.01033473 3.01959610 3.02930450 3.03852582 3.07685089 3.07941461 3.10271764 3.11095333 3.11846733 3.12673092 3.13856816 3.15347791 3.15022278 3.13708353 3.12506270 3.11058354 3.08542991 3.06001449 3.05323815 3.03341842 2.99692726 2.95354700 2.99164701 2.93206906 2.82520366 2.89729190 2.96678567 2.94433022 2.87899494 2.87226772 2.87923646 2.72071052 2.47443414 2.53905535 2.45120788 2.14507461 2.14600611 2.11220694 1.68381178 0.84900886 -0.21852405 -1.06578004 -1.88976848 -2.56395459 -2.75538373
-2.51032591 -2.51852584 -2.51186061 -2.52991056 -2.53462744 -2.54321742 -2.52543974 -2.53127074 -2.54007149 -2.54527831 -2.55839539 -2.55694127 -2.56557775 -2.56408262 -2.57012391 -2.56343675 -2.56420946 -2.56784582 -2.56769037 -2.57663441 -2.57519507 -2.58166957 -2.58361578 -2.58552790 -2.58722520 -2.59830856 -2.60452771 -2.59143376 -2.60346413 -2.59880900 -2.59041476 -2.59551549 -2.59687471 -2.59520912 -2.60001111 -2.58556008 -2.57320428 -2.58034325 -2.57197404 -2.57323503 -2.59375095 -2.57966566 -2.57816005 -2.57672358 -2.56777954 -2.56066585 -2.57030249 -2.55783010 -2.55218220 -2.55157900 -2.55911922 -2.55342603 -2.55651236 -2.54154992 -2.53033948 -2.52750254 -2.51358986 -2.49769568 -2.49848461 -2.48942566 -2.47094941 -2.46646619 -2.45824599 -2.44442248 -2.43117547 -2.26420403 -1.87541425 -1.03398848 0.00959246 1.00322711 1.92853940 2.63544726 2.78490877 2.81598282 2.88009071 2.92242002 2.97441888 3.00879836 3.03142309 3.03588986 3.04984283 3.05534530 3.07129645 3.08131957 3.10415816 3.12734365 3.12695074 3.12708831 3.14334202 3.14471698 3.15249205 3.15592861 3.15751982 3.13717294 3.10363436 3.07542610 3.06218147 3.04189920 3.01809907 3.03469276 3.06101823 3.04870272 3.04249263 3.03454161 3.00481606 2.99976563 2.95400596 2.89930630 2.89252973 2.88268542 2.83168817 2.78661919 2.81959581 2.79671526 2.63817143 2.41888714 2.06766558 1.47914588 0.62365502 -0.39567608 -1.20395601 -1.99040782 -2.61527920 -2.75855613
-2.52048302 -2.52329779 -2.54138637 -2.55066276 -2.55094075 -2.54647899 -2.54804134 -2.54972959 -2.55120611 -2.55490041 -2.55848312 -2.57645202 -2.56573820 -2.58041143 -2.57944345 -2.57733846 -2.57774830 -2.57846451 -2.57814646 -2.58176064 -2.58881354 -2.59083295 -2.60555792 -2.60952783 -2.60927629 -2.61208415 -2.61728883 -2.61490917 -2.59972024 -2.61604404 -2.61640549 -2.61863303 -2.61307240 -2.60562587 -2.61253142 -2.60743642 -2.59564590 -2.59268522 -2.59181571 -2.58248162 -2.58139157 -2.59443569 -2.58731461 -2.58851933 -2.57948494 -2.57204318 -2.57603788 -2.58295584 -2.56457329 -2.56707215 -2.56479836 -2.56590533 -2.54646969 -2.53880215 -2.53163195 -2.52054620 -2.50613356 -2.50109124 -2.48866224 -2.48370862 -2.47895598 -2.46183467 -2.45286989 -2.44850397 -2.38268280 -2.12003660 -1.52388287 -0.53998369 0.51470059 1.46430206 2.39614081 2.79614425 2.84094000 2.89630222 2.93804169 3.01178169 3.05760002 3.08589578 3.10740376 3.12237906 3.13143039 3.13133192 3.14247108 3.17045903 3.18024492 3.17576528 3.19987631 3.20228910 3.19441533 3.19360113 3.21181798 3.21716404 3.19067311 3.18505454 3.16365123 3.14288068 3.11992240 3.09158373 3.08438826 3.08227849 3.08890605 3.08676267 3.09324980 3.08952880 3.08526635 3.06573462 3.03585267 2.99166989 2.96577668 2.93980145 2.89513755 2.87402320 2.87604594 2.81018281 2.67126441 2.33542323 1.89572704 1.27137721 0.37156677 -0.60874867 -1.36760223 -2.12202787 -2.67397952 -2.78538847
-2.52605104 -2.53664136 -2.54252005 -2.55462003 -2.56354809 -2.55937195 -2.54799557 -2.56380558 -2.56746149 -2.55027080 -2.56345987 -2.56828880 -2.57467389 -2.58189821 -2.58517694 -2.58933568 -2.59065580 -2.59065866 -2.58097482 -2.59299374 -2.59845090 -2.60402513 -2.60742593 -2.62027311 -2.62022090 -2.62035942 -2.61543465 -2.60964465 -2.61541343 -2.61672187 -2.61045980 -2.61091375 -2.63027811 -2.61749625 -2.62110186 -2.61469889 -2.59980392 -2.59389925 -2.59778142 -2.59770584 -2.59790277 -2.59388947 -2.59004784 -2.58420992 -2.57867074 -2.58771729 -2.58430219 -2.57715774 -2.57765269 -2.57316613 -2.57398057 -2.56348252 -2.55882978 -2.55253983 -2.54735184 -2.52527165 -2.51516032 -2.49920607 -2.48359251 -2.48314619 -2.47709250 -2.46204376 -2.45053720 -2.44082212 -2.26467729 -1.91258395 -1.07777905 -0.00447932 1.01627386 1.91517043 2.70729876 2.88206291 2.90482140 2.95758724 3.03371239 3.09169674 3.13378310 3.17028904 3.18339491 3.18770313 3.19871664 3.21879339 3.22336817 3.23852682 3.24826026 3.25656843 3.25502062 3.26210880 3.25332880 3.26168036 3.26896405 3.26733708 3.25528598 3.24772501 3.23286724 3.20486569 3.17427063 3.17858529 3.16782188 3.12971687 3.14427447 3.16549754 3.15281844 3.14752579 3.13882828 3.13329291 3.12091303 3.07529640 3.03230619 3.00063539 2.97834849 2.95846772 2.94005203 2.83707404 2.64194536 2.26247454 1.66835487 1.01461792 0.03060691 -0.85517210 -1.57291758 -2.28622508 -2.72294211 -2.82022357
-2.53320169 -2.52622581 -2.54344964 -2.55606866 -2.55239964 -2.55607104 -2.55530667 -2.54971409 -2.56417727 -2.56177139 -2.56601810 -2.58163476 -2.57843518 -2.58154225 -2.58840322 -2.59180498 -2.58851314 -2.58654141 -2.58996749 -2.58785534 -2.60756350 -2.60960817 -2.61743617 -2.62000775 -2.62538695 -2.61954880 -2.62201309 -2.62091637 -2.60564899 -2.60190392 -2.61311412 -2.61455154 -2.61414194 -2.61634517 -2.61470962 -2.60940647 -2.60210085 -2.59943986 -2.59443235 -2.59143090 -2.60156965 -2.58845258 -2.59524488 -2.59803677 -2.58765531 -2.57991910 -2.58719778 -2.57924533 -2.55938005 -2.55478168 -2.55352378 -2.55572367 -2.54686999 -2.53915024 -2.52695322 -2.51780963 -2.50108385 -2.49902534 -2.48788595 -2.47091603 -2.46761465 -2.45612335 -2.44895101 -2.38898706 -2.12765193 -1.53555512 -0.55300450 0.52780378 1.46053052 2.38040233 2.84837914 2.91483998 2.93957925 2.99191523 3.05916905 3.11780643 3.15847683 3.18796825 3.20610952 3.21129918 3.22310472 3.22790837 3.23829675 3.26605129 3.27246284 3.26123023 3.27358794 3.27348995 3.26638079 3.26623702 3.27766967 3.28750348 3.27732658 3.24890614 3.23602104 3.22693729 3.20568466 3.18365312 3.16754317 3.16153646 3.16545272 3.15528893 3.14513397 3.15524960 3.15436363 3.13372803 3.12126470 3.08448291 3.04933739 3.02723145 2.98373008 2.95705652 2.93576860 2.79866052 2.50325561 2.07355905 1.46035016 0.64935315 -0.33839661 -1.12489891 -1.83000505 -2.48218584 -2.77113605 -2.82974315
-2.53235435 -2.53947496 -2.54870749 -2.55117083 -2.55320668 -2.56122184 -2.55535984 -2.55864215 -2.56205416 -2.57517886 -2.57771754 -2.58707285 -2.58715606 -2.59592056 -2.60021544 -2.59099531 -2.59467387 -2.58084106 -2.59560323 -2.59938121 -2.60068345 -2.62038183 -2.62584925 -2.62760615 -2.63536668 -2.63113070 -2.63122654 -2.62180972 -2.61449480 -2.61257863 -2.61918592 -2.61568761 -2.61875582 -2.61449504 -2.61035538 -2.61240816 -2.59311414 -2.58984971 -2.60241199 -2.60088515 -2.59367585 -2.60846019 -2.59517217 -2.59226227 -2.58955693 -2.58587456 -2.58120203 -2.57719564 -2.56991482 -2.55320811 -2.55001855 -2.54940200 -2.53274870 -2.52223110 -2.53347111 -2.51151848 -2.49122882 -2.48710275 -2.47907495 -2.46559191 -2.45934153 -2.45562935 -2.44701719 -2.25758958 -1.91788733 -1.10647917 -0.01337762 1.05558765 1.93243384 2.72249937 2.88870549 2.91271377 2.97335434 3.01365471 3.08768487 3.15199685 3.17543674 3.19552946 3.20799136 3.21287370 3.22361851 3.23030972 3.24925184 3.25950623 3.26918721 3.26118970 3.26682329 3.27359509 3.26079869 3.27188849 3.27482247 3.27656555 3.26728654 3.25689316 3.23084950 3.22138810 3.19387937 3.16673326 3.16401625 3.14646721 3.12842321 3.13047218 3.13383436 3.13865662 3.12633276 3.12200952 3.12080097 3.09452152 3.04179931 3.01689029 2.98213625 2.95371389 2.88222599 2.71436977 2.35317731 1.85036671 1.21791065 0.26667091 -0.68693030 -1.44589865 -2.09906936 -2.64787340 -2.80100632 -2.83798075
-2.53473616 -2.53162909 -2.53684163 -2.54510260 -2.55238557 -2.55451798 -2.55427933 -2.55585146 -2.56585336 -2.56786966 -2.57120323 -2.58595252 -2.58710170 -2.60322189 -2.59928894 -2.58905554 -2.59612274 -2.59930253 -2.58623219 -2.59491992 -2.60204792 -2.62202168 -2.62774634 -2.63836813 -2.63271117 -2.63270879 -2.62308264 -2.62059617 -2.60200381 -2.61716032 -2.60899115 -2.60997200 -2.61666203 -2.60782433 -2.60202980 -2.59827518 -2.58882356 -2.58615184 -2.59013295 -2.59737563 -2.59680295 -2.59361959 -2.58691549 -2.58100796 -2.58344269 -2.58137035 -2.57971740 -2.57061267 -2.56374359 -2.55457568 -2.53802395 -2.54064274 -2.53744483 -2.52584910 -2.52207875 -2.51127815 -2.48644805 -2.48376536 -2.48118711 -2.46812820 -2.45523238 -2.44574451 -2.39511061 -2.15085721 -1.50846505 -0.52975076 0.55106366 1.47306550 2.41521907 2.86359787 2.89881611 2.94721603 2.99648118 3.04936194 3.11554408 3.17100263 3.19037867 3.20634127 3.23351884 3.23587465 3.23381233 3.25949979 3.25557351 3.26294804 3.27395511 3.27663207 3.26511550 3.27092791 3.27762747 3.26764727 3.29021406 3.29032016 3.28039289 3.26719666 3.24566174 3.21078539 3.18933749 3.17195058 3.14609194 3.11948609 3.12317061 3.14612556 3.15057564 3.13754940 3.14000821 3.14140058 3.13178539 3.08484960 3.04362869 3.01738691 2.98747158 2.95424008 2.87013483 2.62463713 2.27598405 1.70326698 0.89871323 -0.08844380 -0.96294194 -1.69502330 -2.36750770 -2.74157882 -2.81299639 -2.85016799
-2.53429270 -2.52760434 -2.52468753 -2.53138161 -2.53959012 -2.55089593 -2.55244207 -2.54322720 -2.56172347 -2.56414628 -2.57481599 -2.57767487 -2.58386803 -2.58541465 -2.59994483 -2.59555054 -2.59304500 -2.59712958 -2.59457922 -2.60047436 -2.61348891 -2.62042832 -2.62649941 -2.63013124 -2.64092970 -2.62652540 -2.62088490 -2.62227845 -2.61489964 -2.60128236 -2.60700369 -2.60226250 -2.59841847 -2.60296679 -2.59149480 -2.58889198 -2.58607054 -2.57561922 -2.58379698 -2.58684683 -2.59056640 -2.58732653 -2.57840300 -2.57382965 -2.56817722 -2.56380939 -2.57656217 -2.56742692 -2.54913974 -2.54820657 -2.54169393 -2.52479792 -2.51759696 -2.50725889 -2.49374771 -2.49671674 -2.48438025 -2.47800398 -2.47202635 -2.45213628 -2.44532847 -2.41824937 -2.23535967 -1.75426745 -0.85933739 0.05366322 1.02602601 1.96545672 2.76054120 2.91712928 2.92154241 2.96576929 3.01501608 3.07658243 3.12976074 3.18127489 3.20368338 3.22155952 3.22529268 3.22933054 3.23815012 3.24604177 3.26762724 3.27194715 3.27666855 3.27619243 3.26973510 3.27428007 3.27219033 3.27018118 3.28489470 3.29234648 3.27959609 3.28032017 3.25064421 3.22341657 3.19166136 3.15098429 3.12007856 3.11819053 3.11655593 3.12542248 3.14598584 3.16624784 3.15977836 3.14257383 3.12793350 3.09333563 3.04881573 3.01248693 2.96914816 2.93623900 2.82667851 2.51831603 2.10780096 1.54682362 0.63697046 -0.40575302 -1.20179474 -1.93557274 -2.56134772 -2.75321150 -2.80793881 -2.83854222
-2.53859830 -2.53897047 -2.53056550 -2.54443121 -2.54897666 -2.54235744 -2.55071020 -2.56472850 -2.56126094 -2.56834412 -2.57182765 -2.58513784 -2.59319162 -2.59452343 -2.59261656 -2.59471798 -2.59053707 -2.60009980 -2.59723854 -2.60252452 -2.60232949 -2.62169242 -2.62132049 -2.62241173 -2.62309623 -2.63151121 -2.62450695 -2.61722803 -2.61908340 -2.61303043 -2.61360884 -2.60775495 -2.60992265 -2.59995794 -2.59440064 -2.57757998 -2.57797813 -2.58178663 -2.58116555 -2.57442117 -2.58220029 -2.57980585 -2.56954694 -2.56249142 -2.56141233 -2.56441641 -2.56255579 -2.56291103 -2.55468678 -2.55414414 -2.53993320 -2.52391696 -2.50519800 -2.49883080 -2.49503851 -2.48308134 -2.47004318 -2.45507026 -2.46055841 -2.44636178 -2.39896154 -2.21107435 -1.80481839 -1.12420547 -0.33978045 0.72946936 1.61639273 2.46284652 2.91777968 2.94150758 2.95877576 2.99972486 3.06422687 3.12954021 3.17614841 3.21193957 3.22574830 3.22597337 3.23176408 3.24219608 3.24932146 3.24930239 3.27008438 3.27509642 3.28086543 3.28853154 3.27673340 3.27968597 3.28221083 3.28625631 3.29018664 3.29354572 3.29514122 3.29229999 3.27746105 3.24540472 3.20827770 3.16700244 3.13968682 3.11266303 3.10124326 3.10833454 3.14106512 3.16041756 3.15330124 3.15390587 3.13952589 3.10895443 3.06559777 3.02114868 2.99416780 2.89734221 2.69941044 2.41107106 2.00647068 1.31137311 0.37826830 -0.57386982 -1.43446541 -2.19262099 -2.65129066 -2.75926733 -2.78945255 -2.84168792
-2.53758264 -2.54343581 -2.53315997 -2.53265095 -2.53746367 -2.55063057 -2.54934120 -2.54993248 -2.55822945 -2.56606245 -2.57244587 -2.58303452 -2.59086466 -2.59409618 -2.59225059 -2.59238696 -2.59450197 -2.57949042 -2.58900428 -2.59456134 -2.60461926 -2.59822917 -2.60574222 -2.60748386 -2.61386943 -2.61380219 -2.61191249 -2.60496545 -2.60710239 -2.61442685 -2.60456991 -2.60392284 -2.59891486 -2.59476852 -2.58942342 -2.58484888 -2.57840967 -2.56893778 -2.56549668 -2.57571959 -2.56493735 -2.56811309 -2.56157064 -2.55603790 -2.54994965 -2.54977822 -2.55157542 -2.55899477 -2.55139017 -2.53953552 -2.53588462 -2.51785398 -2.50398874 -2.49598169 -2.48055553 -2.46999645 -2.45603585 -2.45693612 -2.44897461 -2.40213418 -2.16688299 -1.79763746 -1.29523933 -0.55644763 0.57384443 1.46462154 2.05809951 2.79341173 2.96262836 2.97719288 3.01723266 3.04965138 3.11856008 3.17832184 3.22294068 3.24310565 3.24845505 3.25105453 3.26302719 3.25826955 3.27060866 3.29190063 3.29132962 3.30452561 3.30464029 3.31124544 3.30167389 3.28974295 3.30122471 3.30192757 3.30980635 3.31785989 3.31019521 3.30842090 3.30798841 3.27335286 3.25336933 3.23345971 3.18522549 3.14545083 3.13571978 3.14271879 3.13831496 3.15432978 3.16746688 3.17732334 3.15269232 3.09612989 3.04304385 2.95950484 2.84923148 2.75828338 2.56937313 2.26704788 1.87242711 1.11048651 0.08009058 -0.74810368 -1.53025436 -2.31397963 -2.67266202 -2.75140905 -2.79814839 -2.83004856
-2.52867413 -2.53858542 -2.53060746 -2.53193998 -2.54296756 -2.54359722 -2.54952765 -2.54370713 -2.55014277 -2.54913235 -2.56033897 -2.56835198 -2.57911420 -2.58479452 -2.58653665 -2.59052658 -2.58904052 -2.58448291 -2.58399510 -2.59049821 -2.58200955 -2.60000920 -2.60237455 -2.61431456 -2.61895585 -2.61675191 -2.60836792 -2.61728430 -2.61335135 -2.60595536 -2.60347557 -2.59602022 -2.59505296 -2.58544421 -2.58929634 -2.58138323 -2.57071853 -2.56800604 -2.56915617 -2.56576180 -2.56624794 -2.56525922 -2.55389118 -2.54564476 -2.54464984 -2.53608418 -2.55508661 -2.55051565 -2.53860354 -2.52832556 -2.52742338 -2.50871539 -2.48623395 -2.47450495 -2.47239923 -2.46114087 -2.45365310 -2.43799400 -2.38925481 -2.18487597 -1.81406224 -1.27010608 -0.63068891 0.48654747 1.47676253 1.91920197 2.65055799 2.96050000 2.98478222 3.02285552 3.03844118 3.07626295 3.14221549 3.20005202 3.24817061 3.26531196 3.25502253 3.25311804 3.26088047 3.26650882 3.28087926 3.30162978 3.31766033 3.32697368 3.32492709 3.32025313 3.31474733 3.31011558 3.30360126 3.29850316 3.31283474 3.31711721 3.31075573 3.30990887 3.31123543 3.30142403 3.27928281 3.25771904 3.22662592 3.18713498 3.15944457 3.15008235 3.14934874 3.15807676 3.16272640 3.12972975 3.07750130 2.98971796 2.87550020 2.74057221 2.62881446 2.51400805 2.30754471 1.97593272 1.47684360 0.74777526 -0.20247470 -0.93071991 -1.72508085 -2.42784786 -2.64774489 -2.73300362 -2.78563762 -2.83029056
-2.53108120 -2.53538275 -2.54759169 -2.53760505 -2.53461409 -2.54373932 -2.54125977 -2.55312204 -2.55728912 -2.55031848 -2.55111814 -2.56501293 -2.57144523 -2.57839584 -2.57310796 -2.57919073 -2.58263731 -2.58440709 -2.57261610 -2.57822490 -2.59038210 -2.59141088 -2.60033774 -2.59817100 -2.60540891 -2.61311102 -2.61127472 -2.59852791 -2.60666037 -2.61064839 -2.59876871 -2.60023832 -2.60507584 -2.59001851 -2.57947373 -2.58175564 -2.56430411 -2.56850290 -2.56261039 -2.55838275 -2.55905867 -2.55811548 -2.54793763 -2.54043555 -2.53548241 -2.52876425 -2.52330184 -2.53802466 -2.52985692 -2.52049208 -2.50364494 -2.49903536 -2.47633481 -2.46526504 -2.45973158 -2.45530391 -2.43350720 -2.38211989 -2.18343592 -1.79930615 -1.22570980 -0.56854427 0.52826154 1.46968758 1.96576750 2.67272949 2.98235250 3.00432515 3.01314259 3.03723907 3.06613517 3.08925366 3.14801764 3.20651197 3.24340868 3.25918460 3.25327659 3.25938725 3.25784540 3.26441169 3.27804446 3.30577040 3.31709552 3.31889534 3.32445455 3.31934714 3.30920053 3.31064177 3.30229115 3.30651140 3.30923223 3.31458378 3.30353189 3.30587816 3.31059384 3.30873823 3.28548884 3.27642751 3.24479842 3.19969034 3.17238498 3.14821815 3.12240791 3.11315346 3.07176089 2.97357440 2.86142445 2.76271224 2.64687467 2.51608562 2.33499455 2.09150338 1.75600326 1.42203557 0.98945367 0.24064186 -0.45049667 -1.17407262 -1.95589316 -2.49426675 -2.65955305 -2.71601915 -2.77594137 -2.83802819
-2.51684356 -2.52309585 -2.52852297 -2.52677298 -2.51945114 -2.53248262 -2.53647614 -2.53368735 -2.53633237 -2.54763269 -2.54709387 -2.55955839 -2.56763935 -2.56536770 -2.57023454 -2.56796765 -2.57542777 -2.56979752 -2.57448125 -2.57633305 -2.58618760 -2.58366799 -2.58900666 -2.59370685 -2.59475756 -2.59891057 -2.58824205 -2.57973480 -2.59583521 -2.58866572 -2.58549666 -2.58421135 -2.58737803 -2.58403325 -2.57512021 -2.58220434 -2.57093239 -2.55480647 -2.56241179 -2.54998422 -2.54987693 -2.54742312 -2.53320956 -2.52725387 -2.52874851 -2.51022339 -2.51574397 -2.52069020 -2.51696372 -2.49694943 -2.49643660 -2.48054504 -2.47000647 -2.45309901 -2.44503117 -2.42853141 -2.37969923 -2.16534686 -1.80035377 -1.26252329 -0.55461645 0.55668724 1.48341680 1.99740493 2.72997069 3.00414944 3.02072787 3.02273273 3.03644466 3.05845809 3.07404351 3.09743977 3.13654590 3.19481325 3.23819089 3.25775671 3.24502397 3.23619485 3.24940753 3.25908542 3.28591204 3.29890656 3.30421448 3.31882143 3.32178307 3.31561399 3.31413507 3.29789925 3.29575205 3.28858352 3.31027913 3.31097698 3.30837512 3.31289005 3.31288290 3.30402374 3.29781103 3.28870082 3.25849152 3.20875669 3.18577886 3.15446711 3.09094930 3.00902438 2.95066667 2.79807544 2.59587264 2.41058326 2.24082661 2.02168536 1.68654239 1.33628774 1.01477027 0.72249377 0.33868662 -0.28011078 -0.97156245 -1.52573478 -2.05692482 -2.51748490 -2.65871024 -2.71919179 -2.77940726 -2.81514263
-2.50459909 -2.50262213 -2.51467443 -2.51153946 -2.52127552 -2.51150703 -2.52080750 -2.53103948 -2.53181171 -2.53790331 -2.54455566 -2.55104065 -2.55270934 -2.56512284 -2.58018541 -2.57541895 -2.57424879 -2.57511306 -2.58011794 -2.57674479 -2.58521962 -2.58150840 -2.59865141 -2.59610319 -2.59492755 -2.58762527 -2.58629179 -2.58970070 -2.57963157 -2.58102822 -2.57836032 -2.58357286 -2.57582402 -2.57584953 -2.57380271 -2.57919025 -2.56472874 -2.55502295 -2.56337261 -2.55234885 -2.53757191 -2.54330492 -2.53766203 -2.52566600 -2.52044606 -2.50653291 -2.49731469 -2.50199914 -2.49122834 -2.48213124 -2.47272086 -2.46895695 -2.45242643 -2.43787813 -2.41992593 -2.38474298 -2.17887783 -1.76870704 -1.23001671 -0.59323317 0.51414764 1.46285796 1.97125649 2.69048023 2.99160218 3.01043296 3.03830481 3.03944445 3.04683614 3.06133223 3.06624508 3.08137965 3.12958455 3.18334794 3.22025180 3.24292040 3.23312974 3.24227619 3.25767255 3.24173427 3.26684022 3.29201269 3.29840231 3.31520605 3.31683350 3.31509614 3.30153656 3.30683208 3.28972316 3.28488660 3.29536676 3.30499101 3.30258012 3.30517316 3.30537677 3.30116773 3.29833555 3.27427053 3.25186753 3.22286558 3.18943763 3.15172052 3.08666086 2.95793080 2.81341314 2.57168698 2.19448137 1.80477607 1.47181284 1.20014405 0.86292958 0.56767243 0.32829547 -0.06339142 -0.53155994 -1.03662705 -1.45089865 -1.84779656 -2.32158875 -2.51959991 -2.63971806 -2.72902322 -2.76229811 -2.80552030
-2.50317478 -2.50236702 -2.50265050 -2.51516628 -2.51167107 -2.51313090 -2.51955891 -2.53402472 -2.53523183 -2.53522015 -2.54046702 -2.54579067 -2.55951619 -2.56395411 -2.57018375 -2.57424068 -2.57676101 -2.57807899 -2.56373334 -2.57925224 -2.57875896 -2.59315205 -2.58053994 -2.59030151 -2.58581376 -2.58242893 -2.58203268 -2.57779694 -2.57448983 -2.57892203 -2.58483768 -2.57903457 -2.58545470 -2.57580924 -2.57305837 -2.57369637 -2.57034397 -2.55354333 -2.54816532 -2.54823852 -2.54118919 -2.53874826 -2.53088474 -2.51713514 -2.51680565 -2.50087643 -2.48277211 -2.48450780 -2.47035098 -2.46386170 -2.45581031 -2.44364810 -2.43572545 -2.40883470 -2.36090684 -2.10170698 -1.68857777 -1.21132040 -0.58839923 0.50735766 1.42814839 1.95830095 2.66647577 2.97928381 2.99580526 3.02199531 3.04886127 3.05646682 3.04798651 3.05638528 3.06031942 3.08825421 3.12531114 3.16632819 3.20937991 3.23656869 3.24656558 3.23801446 3.23595858 3.25020695 3.27827168 3.29519653 3.29189229 3.29314756 3.31032252 3.30460691 3.29562306 3.29336047 3.29103541 3.28209949 3.29698634 3.30364323 3.30357313 3.29919171 3.29700732 3.29026437 3.28030682 3.27228451 3.24833727 3.21601224 3.20062900 3.15887785 3.06494355 2.87305641 2.58230424 2.16236329 1.62572098 1.04435635 0.60553694 0.36205137 0.09180600 -0.23384853 -0.60002339 -0.96762878 -1.35118473 -1.64145339 -1.88574231 -2.25203538 -2.48986745 -2.57666135 -2.63209510 -2.70659447 -2.78160644 -2.81399488
-2.49297261 -2.50108576 -2.50781322 -2.50609779 -2.51192856 -2.50507426 -2.51866293 -2.51717472 -2.52468634 -2.54139352 -2.54718876 -2.55416846 -2.55851912 -2.55833554 -2.57078028 -2.57559848 -2.56614757 -2.55772662 -2.56771326 -2.56557512 -2.57903790 -2.57686949 -2.58271217 -2.59039545 -2.58467436 -2.57183409 -2.56563783 -2.57387018 -2.58321548 -2.57190108 -2.57169700 -2.58849597 -2.58721042 -2.58309960 -2.56817365 -2.56968927 -2.56578445 -2.55019617 -2.53746867 -2.54277349 -2.53005481 -2.52633286 -2.52322125 -2.51563430 -2.50795388 -2.49265122 -2.46991444 -2.46249032 -2.45725417 -2.44713998 -2.43505669 -2.41852021 -2.39121747 -2.27074742 -1.87685025 -1.50466025 -1.18468773 -0.54778636 0.55204338 1.39401436 1.92239141 2.62087488 2.91701174 2.98291183 3.02200150 3.04338336 3.05051017 3.05971599 3.06840420 3.06008744 3.05623317 3.08784032 3.12284851 3.17465425 3.20843935 3.23061657 3.23865819 3.23072433 3.24671030 3.26176310 3.26655579 3.28761601 3.28596687 3.30271983 3.30616570 3.29940295 3.30105495 3.29821920 3.28686833 3.29105330 3.30651093 3.30603886 3.30121326 3.30358315 3.28914928 3.28331399 3.27455378 3.27022171 3.25080276 3.21762443 3.18730474 3.15614605 3.04976702 2.79326224 2.38654089 1.80697906 1.14017415 0.45063937 -0.12657888 -0.47445476 -0.81214792 -1.16699457 -1.45515573 -1.80765474 -2.06872249 -2.21139145 -2.40477586 -2.49065518 -2.56101847 -2.59802294 -2.64577365 -2.73743868 -2.78319573 -2.83433366
-2.50422335 -2.49801493 -2.50129843 -2.50793338 -2.51273775 -2.51968193 -2.51709771 -2.53127003 -2.52898669 -2.54283881 -2.55840898 -2.56005836 -2.56224203 -2.57293630 -2.58156824 -2.58162999 -2.57393146 -2.57296395 -2.56317306 -2.56381702 -2.56798100 -2.58372521 -2.58783364 -2.58224511 -2.59301805 -2.57723665 -2.58052754 -2.57744622 -2.56831789 -2.57603621 -2.58227563 -2.58021092 -2.57986736 -2.57459497 -2.57269478 -2.56325388 -2.55997872 -2.54697061 -2.53772211 -2.52837110 -2.51852822 -2.51415992 -2.52029133 -2.50022531 -2.49848771 -2.48362112 -2.46834302 -2.45710802 -2.44668937 -2.42325306 -2.40905261 -2.34474850 -2.06467009 -1.65922368 -1.37542295 -1.03318918 -0.29780388 0.74184376 1.42488194 1.87149811 2.54716825 2.86927485 2.91827011 2.97610712 3.04238701 3.05354667 3.07713223 3.06899405 3.05825138 3.06200695 3.07452798 3.06140828 3.11682749 3.17553663 3.20370317 3.20756340 3.22687960 3.24667335 3.24270725 3.25281525 3.27858973 3.28242373 3.28870821 3.29737473 3.31112790 3.30953026 3.30387998 3.30178046 3.29942775 3.29467177 3.29789209 3.30202556 3.29856157 3.29755831 3.28730202 3.27290964 3.26634002 3.24987698 3.23430467 3.21526647 3.17794228 3.14066672 3.04047990 2.72162223 2.27020669 1.58764660 0.70801008 -0.15685932 -0.86618167 -1.37126553 -1.62641990 -1.86392772 -2.11204720 -2.36929178 -2.52292013 -2.54496336 -2.59173322 -2.58829474 -2.61368513 -2.64031100 -2.68361759 -2.74475074 -2.79583120 -2.84321094
-2.51375580 -2.50433469 -2.50678015 -2.51919603 -2.52188468 -2.51902056 -2.52999139 -2.53495312 -2.54274511 -2.55179238 -2.56157303 -2.56295443 -2.56909418 -2.57092118 -2.56800747 -2.58072472 -2.57451367 -2.56133914 -2.56517196 -2.55726075 -2.57516313 -2.57880545 -2.58069110 -2.58482051 -2.58700442 -2.57589293 -2.56833196 -2.57864189 -2.57571554 -2.58218265 -2.58439136 -2.57201242 -2.57512593 -2.57183027 -2.56563830 -2.55853009 -2.55087781 -2.54684448 -2.52507210 -2.51691151 -2.51135635 -2.50500298 -2.50433660 -2.49844718 -2.49150729 -2.48259711 -2.45812464 -2.44824719 -2.43146801 -2.39329624 -2.23082042 -1.85226548 -1.50486410 -1.24479949 -0.78459883 0.09724721 0.98322737 1.49483490 1.95647180 2.54074383 2.80557060 2.89049673 2.91181159 2.99089694 3.04640722 3.08007693 3.07575917 3.07225823 3.04138827 3.05040073 3.04281712 3.05382586 3.09189105 3.16775274 3.19430661 3.19771791 3.20498586 3.21465135 3.22684693 3.25809836 3.27433801 3.28920937 3.28457379 3.28974485 3.29758573 3.30306149 3.29384398 3.29287338 3.29534316 3.29387498 3.29694581 3.29880762 3.28936458 3.27999043 3.27827978 3.25980306 3.24086308 3.23255372 3.20703316 3.19987702 3.17163563 3.12278843 3.01858878 2.70321560 2.17764211 1.37425649 0.33579966 -0.69825262 -1.58652103 -2.12259865 -2.26737571 -2.37635422 -2.49598360 -2.58787560 -2.63053346 -2.61303401 -2.62928176 -2.66547441 -2.66567063 -2.70415139 -2.70339918 -2.76862311 -2.82334089 -2.85639048
-2.50799727 -2.51589346 -2.51942062 -2.51894188 -2.52216959 -2.53007483 -2.53211808 -2.53841090 -2.54061389 -2.54791713 -2.55973625 -2.56855249 -2.56661129 -2.56313419 -2.56978345 -2.56962514 -2.56192064 -2.55612230 -2.54907775 -2.55409813 -2.56290889 -2.57914352 -2.58184719 -2.58497739 -2.57767224 -2.57267642 -2.56704021 -2.57204127 -2.57546091 -2.56862259 -2.57196951 -2.57342458 -2.57648230 -2.56736970 -2.55379701 -2.55413771 -2.54074812 -2.53690147 -2.52944398 -2.50716209 -2.50683093 -2.50178576 -2.49170852 -2.48736429 -2.48229361 -2.46927571 -2.44884276 -2.42266870 -2.35171795 -2.10561442 -1.70992613 -1.37237036 -0.99357361 -0.31216216 0.60188186 1.25951397 1.70140815 2.17389774 2.63107109 2.78227830 2.82369399 2.87176681 2.93412971 3.00345993 3.07291913 3.09156203 3.08651090 3.06984615 3.04159093 3.00998259 3.01298642 3.03051662 3.08543992 3.15314603 3.19884562 3.19881105 3.19691181 3.20967054 3.22193933 3.24015403 3.27799416 3.28008008 3.28310442 3.28844070 3.29808831 3.28605556 3.29684877 3.29151630 3.28663945 3.28998280 3.28492403 3.29320073 3.28221679 3.27155018 3.25685644 3.23601580 3.21457958 3.20170069 3.20336270 3.17370677 3.14882779 3.11262488 2.99801779 2.68706036 2.12910438 1.24394584 0.17796101 -0.92662162 -1.90801609 -2.44978905 -2.55789089 -2.59273553 -2.61331201 -2.64717698 -2.66032815 -2.66462803 -2.70122337 -2.73377585 -2.71667647 -2.74650097 -2.77581310 -2.78946328 -2.82981610 -2.84860158
-2.51902556 -2.51783323 -2.51756811 -2.52733946 -2.53081560 -2.53962517 -2.54414248 -2.54092002 -2.54663563 -2.54749870 -2.56090665 -2.56591678 -2.56451845 -2.56412053 -2.56537700 -2.56519604 -2.56480622 -2.55704808 -2.55990958 -2.55457711 -2.56373644 -2.58206272 -2.58428144 -2.58209276 -2.58750415 -2.58002830 -2.57738876 -2.57745171 -2.57917380 -2.57343030 -2.57824802 -2.56939101 -2.56086540 -2.56338215 -2.56295204 -2.54894876 -2.53875470 -2.53323174 -2.52602339 -2.50708127 -2.50038409 -2.50351143 -2.49052763 -2.47804475 -2.47784090 -2.46778011 -2.43137980 -2.34088087 -2.08869624 -1.73112833 -1.29991412 -0.74138814 0.12669645 0.98254758 1.49930012 1.99013615 2.49604917 2.74890876 2.83108425 2.84342551 2.86149406 2.92185378 2.97221565 3.02390838 3.10274673 3.11382937 3.10823798 3.07754326 3.02438593 3.00935793 3.00360894 3.00291300 3.05163503 3.12377191 3.18155003 3.19431806 3.19690704 3.20269060 3.22991228 3.26026392 3.27781439 3.28509307 3.28527021 3.29276443 3.29821539 3.29869413 3.28895235 3.29321265 3.28415751 3.27456427 3.28116941 3.27616477 3.25867844 3.24306035 3.23940420 3.20165634 3.17309523 3.17291689 3.16440463 3.16048932 3.13609266 3.08292556 2.96870327 2.65829301 2.08862662 1.20110643 0.12741065 -0.95383352 -1.97061074 -2.52266955 -2.61151981 -2.66118312 -2.64984655 -2.67348766 -2.72189617 -2.74086356 -2.74624896 -2.77738595 -2.79076695 -2.78569627 -2.81158590 -2.80650592 -2.85250616 -2.87395024
-2.52101898 -2.52955747 -2.52889228 -2.53482628 -2.54323196 -2.54154634 -2.53950810 -2.54885769 -2.55779982 -2.55887222 -2.55197477 -2.55868268 -2.55792761 -2.56122422 -2.55977106 -2.56742907 -2.56265950 -2.56257844 -2.55394125 -2.56383276 -2.56782436 -2.57979727 -2.59155869 -2.58333635 -2.59024978 -2.58838105 -2.58224154 -2.58562684 -2.58105350 -2.57414484 -2.57095551 -2.56224775 -2.56229734 -2.56494498 -2.55100822 -2.54060793 -2.53760624 -2.52875996 -2.52022195 -2.50209975 -2.50153351 -2.49722362 -2.48151278 -2.47546387 -2.47281671 -2.45282006 -2.36837339 -2.13037181 -1.75525415 -1.22461224 -0.54602557 0.43744546 1.23169804 1.71046948 2.21052432 2.65445995 2.79884648 2.82081127 2.85507226 2.89927816 2.92513013 2.98312831 3.02315784 3.07966566 3.11294389 3.12752414 3.12205720 3.09112573 3.03860116 3.00998807 2.98950291 2.98869896 3.04615450 3.10981202 3.16205478 3.19146824 3.17160940 3.19281697 3.23414612 3.25156784 3.26788712 3.28730631 3.29054284 3.28659105 3.29503560 3.29583955 3.28218699 3.28085399 3.27474976 3.27661061 3.26490808 3.25026894 3.24225926 3.20897508 3.20304775 3.17714381 3.13373375 3.13578939 3.11355782 3.12727642 3.11640501 3.06696057 2.94294190 2.63900113 2.04744673 1.15706110 0.12945600 -0.98197407 -1.98911393 -2.53994989 -2.63621116 -2.66076422 -2.71919823 -2.72086310 -2.77025390 -2.76185226 -2.77529907 -2.80502152 -2.82155752 -2.81994033 -2.83171725 -2.84486508 -2.85811400 -2.87772059
-2.52767706 -2.53209472 -2.53553295 -2.53198028 -2.53524590 -2.54816461 -2.54780769 -2.55413103 -2.55749035 -2.55119944 -2.56570125 -2.55831647 -2.55984616 -2.56307220 -2.55978751 -2.56521726 -2.56388569 -2.55550766 -2.55697894 -2.56578135 -2.57075357 -2.56926894 -2.58426738 -2.58796811 -2.57713652 -2.58544803 -2.57729888 -2.57157612 -2.57532120 -2.56733918 -2.56373215 -2.55435920 -2.55473089 -2.55315757 -2.54041934 -2.54110193 -2.53172731 -2.52703476 -2.51513839 -2.50228047 -2.49240780 -2.49362350 -2.48559165 -2.46413636 -2.45597625 -2.39440322 -2.18131685 -1.82226408 -1.20575595 -0.41593140 0.56519789 1.39237142 1.95862043 2.48268723 2.76034570 2.83622098 2.84820652 2.88486910 2.91523075 2.95492125 2.99719357 3.02169967 3.07550192 3.10169697 3.12036586 3.13851833 3.13231325 3.10724401 3.05239558 3.01050878 2.99956107 3.01004171 3.05394292 3.11999393 3.16541314 3.19442391 3.19374657 3.20014548 3.22077942 3.25566196 3.27300572 3.27802825 3.28224325 3.27744794 3.28328991 3.28581595 3.28662181 3.27384591 3.27573299 3.26022339 3.24486732 3.23739982 3.23090363 3.18375325 3.13835573 3.14893842 3.11303616 3.11310554 3.11206698 3.07262397 3.08917475 3.04831815 2.91439247 2.60732722 2.02664328 1.13092005 0.09176960 -0.99641818 -1.98579204 -2.55830765 -2.64442515 -2.69707394 -2.72819114 -2.75216269 -2.75208259 -2.80633426 -2.81688952 -2.82191372 -2.83078957 -2.84290838 -2.85931873 -2.86544681 -2.86331630 -2.91069508
-2.52874827 -2.53205037 -2.53211689 -2.53644753 -2.53346705 -2.53819156 -2.54832768 -2.54999518 -2.54652691 -2.56225300 -2.56318092 -2.56836939 -2.56333494 -2.56477785 -2.57111907 -2.56264377 -2.57111621 -2.56314659 -2.56591058 -2.56781745 -2.58475327 -2.58212447 -2.59355783 -2.58341026 -2.57535958 -2.57234001 -2.58127999 -2.56348324 -2.56557584 -2.55140567 -2.54910707 -2.55353403 -2.53908873 -2.55077934 -2.54673696 -2.52507424 -2.52958941 -2.51874375 -2.50776958 -2.49894404 -2.49298716 -2.49680543 -2.47369075 -2.45612407 -2.42459202 -2.26281381 -1.92284358 -1.36126816 -0.51734060 0.52523011 1.37200677 1.99967277 2.58728862 2.78388190 2.84983063 2.88476729 2.91707778 2.92816854 2.97613239 3.00649476 3.02510786 3.06418395 3.11185837 3.11640787 3.12950325 3.14906359 3.14247918 3.10663104 3.05694962 3.01970196 3.01075363 3.00134850 3.03648996 3.12267947 3.16751432 3.19408441 3.20795226 3.20020962 3.23211384 3.27592540 3.27866745 3.27267528 3.27063394 3.27954745 3.28136349 3.28490067 3.27808499 3.27719450 3.27151346 3.26544356 3.25745225 3.22334337 3.19410753 3.16421080 3.12635756 3.10547543 3.08590007 3.08201313 3.12031484 3.07263494 3.04408884 3.00372028 2.86293077 2.57500410 1.96061420 1.07134938 0.04771198 -1.02204287 -2.00406337 -2.56483102 -2.67103672 -2.70497417 -2.73941493 -2.75680971 -2.79372644 -2.82000256 -2.81445718 -2.82714939 -2.86582589 -2.86861277 -2.86127734 -2.88282013 -2.88929534 -2.90478015
-2.52815509 -2.54110217 -2.54333830 -2.53616667 -2.53873801 -2.53664827 -2.55102301 -2.54721093 -2.55495143 -2.55763555 -2.55481768 -2.55508685 -2.56516647 -2.58166242 -2.56812572 -2.56806445 -2.57106781 -2.57544088 -2.57202697 -2.59294605 -2.59518266 -2.59687352 -2.58718824 -2.60266376 -2.57338691 -2.57309604 -2.57558417 -2.56290340 -2.55252051 -2.54397678 -2.52834249 -2.53263497 -2.54040956 -2.53383613 -2.52997279 -2.52310872 -2.52028465 -2.51901817 -2.50293612 -2.49172759 -2.48400378 -2.47187328 -2.46493936 -2.43628836 -2.34040523 -2.08456707 -1.57373857 -0.72739905 0.28781214 1.25078595 1.92770743 2.54144096 2.79682899 2.85274529 2.90379715 2.94849968 2.96452284 2.99691105 3.01093006 3.03802347 3.06074905 3.10654473 3.13233113 3.14829636 3.14278436 3.14867187 3.16077423 3.13439178 3.07975769 3.02929068 3.01068521 3.02135372 3.05416274 3.10210371 3.15919781 3.18925214 3.21359086 3.21494484 3.24187541 3.27162218 3.27757883 3.28191209 3.28071856 3.28057504 3.28794909 3.28477740 3.28737855 3.28764057 3.28645778 3.28445864 3.26991487 3.22467852 3.20464516 3.16354084 3.13474154 3.12115908 3.11419439 3.09059262 3.11304665 3.09142637 3.03597903 2.98930740 2.82825971 2.49946070 1.88407123 0.98660266 -0.02930431 -1.09928775 -2.01624131 -2.56797004 -2.66922808 -2.72764874 -2.76492238 -2.77684236 -2.79111338 -2.81513643 -2.83207607 -2.84449196 -2.86057281 -2.87360525 -2.86636186 -2.87395215 -2.89615774 -2.88477993
-2.51535940 -2.52333999 -2.54661751 -2.53918743 -2.53165936 -2.53014994 -2.54072309 -2.55256367 -2.54527116 -2.55728817 -2.56188893 -2.55685902 -2.56255603 -2.55745912 -2.56921768 -2.57518506 -2.57862854 -2.58114839 -2.58276367 -2.58880281 -2.59540987 -2.58092237 -2.58267570 -2.58215475 -2.56622362 -2.56963181 -2.56503868 -2.54736161 -2.53628826 -2.53131199 -2.51569104 -2.52164221 -2.52046061 -2.52468181 -2.52064562 -2.51874113 -2.51601434 -2.50961876 -2.49821830 -2.48484373 -2.46824908 -2.45916295 -2.44000626 -2.38455582 -2.18705177 -1.79198992 -1.02789187 -0.02242836 1.01191366 1.78969717 2.50134778 2.79706621 2.87762499 2.93407917 2.97058392 2.98313427 3.00263619 3.01979399 3.02936411 3.05469155 3.08907485 3.12606239 3.14453864 3.14232731 3.15654087 3.16195202 3.16140008 3.14237761 3.08864522 3.05093789 3.01878905 3.01730919 3.04899359 3.10585952 3.15445280 3.20959163 3.21349311 3.22095251 3.24500132 3.27373910 3.27950311 3.27752137 3.27548432 3.28802586 3.29183149 3.29570746 3.29557157 3.28968096 3.28168511 3.28533030 3.26796055 3.24285984 3.21141100 3.18902683 3.14789724 3.15652752 3.14014339 3.12666416 3.11478066 3.08758855 3.03983712 2.96297789 2.79056072 2.41855693 1.74543321 0.84298801 -0.19275273 -1.18482995 -2.06377459 -2.57817173 -2.67125726 -2.71839499 -2.76188540 -2.79006386 -2.80853581 -2.83976388 -2.86242437 -2.85257196 -2.86651444 -2.88662457 -2.88771868 -2.89954305 -2.89942741 -2.90798283
-2.50610089 -2.51799273 -2.51830697 -2.52217555 -2.51839423 -2.52983594 -2.52482677 -2.52497578 -2.53682542 -2.53879142 -2.54578042 -2.55287170 -2.54322672 -2.55783081 -2.55821967 -2.55004716 -2.56421256 -2.57267261 -2.57409835 -2.57633805 -2.57723355 -2.57552052 -2.56024837 -2.56300759 -2.55471635 -2.53490996 -2.54407692 -2.52611828 -2.52043676 -2.49653220 -2.48853612 -2.49750948 -2.50163794 -2.50482869 -2.50835323 -2.49888277 -2.49615955 -2.48567295 -2.48361373 -2.46352196 -2.45139050 -2.43192577 -2.40446639 -2.29811478 -2.00068140 -1.41191280 -0.45664924 0.62484241 1.50343716 2.32336354 2.78425694 2.87079167 2.90921116 2.96193719 2.98191333 2.99025989 2.99780011 2.99790311 3.01803899 3.03582525 3.08171368 3.13285089 3.14098501 3.13439035 3.14293885 3.15943003 3.14927244 3.11667824 3.08445573 3.02986836 2.99140477 2.98430157 3.02706480 3.07597804 3.12864685 3.18353915 3.20930386 3.21912861 3.24097610 3.26366043 3.26626253 3.26431680 3.26056552 3.27657795 3.28388309 3.27331758 3.27962637 3.28586459 3.27116489 3.25712633 3.26590323 3.24736619 3.21341777 3.18411136 3.18002367 3.15342879 3.15089393 3.12957454 3.12433171 3.08005214 3.01258326 2.88462090 2.66103530 2.25212240 1.55030644 0.56585336 -0.42761528 -1.31902552 -2.16200280 -2.59669805 -2.65919709 -2.69133067 -2.74025488 -2.76415086 -2.78881526 -2.82553077 -2.83737516 -2.85783172 -2.88185430 -2.88048553 -2.87007332 -2.89056206 -2.90459633 -2.89979362
-2.49724603 -2.49952149 -2.50828314 -2.50832653 -2.50809145 -2.50748301 -2.50871134 -2.51824808 -2.52946568 -2.52097940 -2.52400351 -2.53230786 -2.54103780 -2.53112221 -2.53562975 -2.54469943 -2.54319787 -2.54952407 -2.56073785 -2.56056571 -2.56787181 -2.55655289 -2.55156875 -2.55550981 -2.55135155 -2.53470516 -2.52982879 -2.51704693 -2.49349070 -2.49203491 -2.47168088 -2.47809458 -2.49148464 -2.48656178 -2.48781848 -2.47477913 -2.48484731 -2.47815704 -2.46201086 -2.44859910 -2.42599750 -2.41733646 -2.37009192 -2.18701863 -1.75952971 -0.95736343 0.09054824 1.09810042 1.97081327 2.64368105 2.84192324 2.88357162 2.92533135 2.96743441 2.99124241 2.97563648 2.98505735 3.00825477 3.00309515 3.02992702 3.08812380 3.13457823 3.14314795 3.14566708 3.14559674 3.14069796 3.14868999 3.11660099 3.05960917 3.01212621 2.97363591 2.96935582 3.00340486 3.05857611 3.12118149 3.18801689 3.20868802 3.20847154 3.23890996 3.24341822 3.25674939 3.25390315 3.25664282 3.26839399 3.26800871 3.27612138 3.26561522 3.27000737 3.26025891 3.26047540 3.25622249 3.25138426 3.24037290 3.21572137 3.18740988 3.18391871 3.14595437 3.12931585 3.10173035 3.07533813 2.97473621 2.82211018 2.52543807 1.99574625 1.24048316 0.24390234 -0.72631097 -1.53529143 -2.26663709 -2.59635592 -2.65706563 -2.69556856 -2.73326898 -2.75650978 -2.76706886 -2.80444932 -2.81828880 -2.83642054 -2.84937334 -2.86245060 -2.87138200 -2.87018704 -2.88642025 -2.88576818
-2.48628807 -2.48713541 -2.49643064 -2.48819923 -2.48492622 -2.48810124 -2.50004983 -2.50440574 -2.50752211 -2.51711941 -2.50913405 -2.51666665 -2.51164412 -2.51947355 -2.52522135 -2.53188848 -2.53515005 -2.55051899 -2.54165125 -2.54457974 -2.54921865 -2.54432654 -2.53812671 -2.53918719 -2.53570843 -2.53533626 -2.52012324 -2.51347971 -2.50174499 -2.49179697 -2.48103619 -2.46634626 -2.47704530 -2.47416997 -2.47032833 -2.46397638 -2.45831895 -2.45707607 -2.44701886 -2.44056439 -2.42649484 -2.39106226 -2.31906462 -2.02664447 -1.40909004 -0.45389193 0.57649219 1.52678943 2.40344572 2.80209422 2.88348293 2.92259264 2.95140839 2.99397874 3.00394654 2.98883915 2.99306297 3.00108099 2.99582958 3.01939201 3.08999419 3.12530899 3.13508224 3.13629627 3.15023303 3.14480329 3.13734627 3.11010361 3.06009507 3.01487613 2.98023272 2.95862985 3.00678444 3.07243419 3.13549185 3.19802117 3.21077967 3.21859050 3.24121523 3.25292802 3.25951672 3.25060797 3.26161098 3.27440357 3.27461863 3.26924992 3.27658439 3.26278520 3.25401402 3.25153375 3.25479484 3.25212979 3.24085426 3.22066402 3.19685006 3.17180800 3.14527678 3.12075400 3.08915710 3.03954792 2.93189192 2.74516249 2.37276101 1.75271821 0.87227738 -0.14874889 -1.04256916 -1.76362407 -2.36781240 -2.59972930 -2.65741730 -2.68368387 -2.71331978 -2.75238156 -2.78050971 -2.80547523 -2.81466389 -2.82128572 -2.84832120 -2.84835339 -2.87016201 -2.88302231 -2.88263106 -2.89353228
-2.48255539 -2.48078465 -2.48335266 -2.48656893 -2.48393798 -2.48650885 -2.48568082 -2.48765945 -2.49777031 -2.50936127 -2.50734138 -2.50297260 -2.50771809 -2.50186563 -2.50744009 -2.50430036 -2.51416850 -2.52747774 -2.53353786 -2.53080297 -2.52469850 -2.52736688 -2.52296519 -2.52275705 -2.51827121 -2.51548171 -2.51217604 -2.50335336 -2.50224614 -2.48815680 -2.47663522 -2.47217369 -2.46862459 -2.45950794 -2.45387435 -2.43614936 -2.42821598 -2.43762136 -2.42846966 -2.41726136 -2.40380788 -2.37559962 -2.22531438 -1.79385424 -0.96680492 0.00433637 0.97945881 1.96274054 2.67279625 2.84970379 2.89150786 2.93256736 2.97171140 2.99234605 3.00609660 2.97820020 2.97818446 2.96968198 2.96755934 2.99392343 3.03981066 3.09517932 3.11566377 3.13041234 3.12296796 3.14764953 3.13203120 3.11168051 3.06125259 3.01031423 2.98856211 2.97507644 2.99459481 3.06461406 3.13442969 3.18864369 3.21222997 3.22248793 3.23827362 3.24310517 3.24861240 3.25137091 3.25096869 3.27409792 3.26152968 3.26455569 3.26803374 3.25685954 3.24123716 3.23065233 3.23719192 3.24162841 3.22851229 3.20412850 3.18041039 3.13915372 3.10661149 3.07305908 3.04432225 3.00289965 2.89230514 2.61326909 2.11512327 1.47781599 0.53648478 -0.59355932 -1.37872910 -2.03581357 -2.47488284 -2.59112835 -2.64360952 -2.68111467 -2.70830226 -2.74488330 -2.76228786 -2.78720784 -2.79627538 -2.81001687 -2.84565878 -2.85205555 -2.86317778 -2.87669086 -2.88384366 -2.89443207
-2.47997928 -2.48089075 -2.47921968 -2.48232079 -2.48265290 -2.48507857 -2.49445057 -2.49366784 -2.48646855 -2.50272894 -2.49962163 -2.49370861 -2.50765181 -2.49909282 -2.50088453 -2.50739384 -2.50546312 -2.50939083 -2.51796341 -2.51867032 -2.52694035 -2.51979780 -2.51854515 -2.52624106 -2.52324700 -2.51603389 -2.51019502 -2.50392747 -2.49863887 -2.49345589 -2.47803116 -2.46888971 -2.45304871 -2.44815683 -2.44502902 -2.43781161 -2.41541481 -2.41739368 -2.40907955 -2.40171242 -2.38849545 -2.32289410 -2.04707193 -1.54287553 -0.63100547 0.46184903 1.44624174 2.30586648 2.80055046 2.88915467 2.92308283 2.95478225 2.97252989 3.00453997 3.01158857 2.99509525 2.96043491 2.97439814 2.94945049 2.94938493 3.01127362 3.07426310 3.12697124 3.12732983 3.13980722 3.13907099 3.14114356 3.10280180 3.07313704 3.03392005 3.00853300 3.01589584 3.03707242 3.09171677 3.16314483 3.19429755 3.21643877 3.22802186 3.23481536 3.22494888 3.24229789 3.25454783 3.25963569 3.25956392 3.26974082 3.27113509 3.26013637 3.24953246 3.24387932 3.24457169 3.24056673 3.23402309 3.22991109 3.20508671 3.16741490 3.13563991 3.07542872 3.04642606 3.02819753 2.97068334 2.80983377 2.47521400 1.92395008 1.11781633 0.08844975 -0.93664497 -1.69552147 -2.29045296 -2.52686501 -2.60528207 -2.66649437 -2.68947434 -2.71236920 -2.73862863 -2.75330639 -2.77944613 -2.80196452 -2.80379391 -2.81935143 -2.84735894 -2.85837126 -2.86945820 -2.88435531 -2.88827157
-2.48803520 -2.46865559 -2.47028160 -2.48150229 -2.48096561 -2.48135519 -2.49408889 -2.48351264 -2.48514462 -2.48672867 -2.49242163 -2.48337674 -2.48426843 -2.49275541 -2.49077773 -2.50279212 -2.51389813 -2.50546288 -2.51454616 -2.51559877 -2.51098585 -2.51390600 -2.51287699 -2.50760341 -2.52031064 -2.50626397 -2.51289344 -2.49518323 -2.48750782 -2.48472762 -2.47406363 -2.45373392 -2.44499230 -2.43129659 -2.43220496 -2.41810107 -2.40839076 -2.40877843 -2.40125728 -2.38754129 -2.37952876 -2.26824450 -1.92898524 -1.21581328 -0.22021334 0.91833615 1.82399189 2.60437465 2.89220691 2.94413686 2.97328043 3.00122690 3.04409981 3.05534267 3.06414962 3.03213263 2.99410582 2.96185184 2.94086599 2.96875286 3.02166820 3.06974792 3.12430239 3.17260838 3.16539812 3.16043949 3.16143966 3.14852595 3.09536242 3.06547260 3.05519414 3.07972217 3.10102320 3.15499496 3.22292113 3.23364592 3.24005675 3.24684453 3.25795889 3.26244211 3.26550293 3.26036334 3.27003264 3.29182577 3.28488278 3.28093266 3.28939080 3.27655101 3.26297402 3.25938606 3.25438643 3.26634884 3.23773527 3.21830416 3.18112230 3.13565421 3.09114456 3.05463409 3.04349589 2.94591594 2.76806068 2.39458251 1.71313310 0.75801110 -0.32508540 -1.18548357 -1.96548235 -2.44770503 -2.55841947 -2.59727669 -2.64376497 -2.68955564 -2.71135902 -2.72862291 -2.77334118 -2.77541685 -2.77794504 -2.80118799 -2.81544304 -2.84030032 -2.84941268 -2.87743640 -2.87311101 -2.87846231
-2.49134707 -2.47429514 -2.46270561 -2.47274041 -2.47977233 -2.48538470 -2.48411202 -2.47726750 -2.47117949 -2.48307657 -2.47697902 -2.48330140 -2.47780776 -2.48755908 -2.48478580 -2.49324679 -2.49177670 -2.50443745 -2.49625325 -2.49751115 -2.49930954 -2.49742866 -2.49365592 -2.49200511 -2.48635125 -2.49528360 -2.47972441 -2.47957253 -2.46948743 -2.47022676 -2.45298815 -2.44255972 -2.43248963 -2.42405629 -2.41429234 -2.40058637 -2.40180898 -2.38769794 -2.38133001 -2.36372590 -2.34835219 -2.16129804 -1.66145682 -0.78589261 0.28775269 1.24410295 2.23412371 2.80595946 2.92080736 2.97005773 3.00420260 3.05063128 3.07421756 3.09983778 3.08586311 3.06911588 3.01948714 2.97650528 2.95549750 2.95662975 2.98228741 3.03682733 3.12035561 3.17024565 3.17882347 3.17278695 3.17563820 3.15667439 3.12271380 3.10345531 3.11244011 3.11036754 3.12210655 3.17269421 3.22506595 3.24424911 3.23973513 3.26599765 3.26989603 3.26490021 3.26842117 3.28789282 3.29292607 3.30100536 3.29908681 3.29497290 3.28764701 3.27232504 3.27526379 3.26289463 3.26845551 3.26600909 3.24390173 3.20088625 3.17532563 3.13456678 3.09337020 3.05262494 3.04710340 2.93233514 2.70238709 2.22464371 1.43778360 0.42980665 -0.59720594 -1.45533419 -2.20053792 -2.49533701 -2.55894494 -2.59502268 -2.64098716 -2.68448687 -2.69385505 -2.72903848 -2.75163007 -2.77390933 -2.77815127 -2.80396414 -2.82025409 -2.82251716 -2.84610438 -2.85462236 -2.86367345 -2.86809254
-2.48188186 -2.47924829 -2.47048473 -2.46109080 -2.46928716 -2.47791076 -2.48279238 -2.47322345 -2.46181631 -2.46267915 -2.46917987 -2.47481418 -2.47998405 -2.47318459 -2.47900724 -2.47519088 -2.49185228 -2.47712851 -2.48384118 -2.48873401 -2.48311448 -2.48245168 -2.48735857 -2.48398757 -2.47469521 -2.47597718 -2.47629905 -2.45962620 -2.45188570 -2.45366335 -2.44127154 -2.43369508 -2.42565179 -2.41100764 -2.41299987 -2.40305185 -2.37443185 -2.36762261 -2.36124969 -2.34178400 -2.28991556 -1.99625599 -1.34499049 -0.36830688 0.66098350 1.67717659 2.55723596 2.86733794 2.91093063 2.97380233 3.02052593 3.05668950 3.08187461 3.10152864 3.11110353 3.07621694 3.03461242 2.99023032 2.95966816 2.92903495 2.96424747 3.01061106 3.08503985 3.16081190 3.17617226 3.17476797 3.16950512 3.14998841 3.12916899 3.11241102 3.10901713 3.12658453 3.15069270 3.18320107 3.20686126 3.22732830 3.23611641 3.25196004 3.26056027 3.25749469 3.27821565 3.28228188 3.28216147 3.29363966 3.29746914 3.28970098 3.26886702 3.27202868 3.26435375 3.25566983 3.25565743 3.25213814 3.22576618 3.20088267 3.15901113 3.12066460 3.08191514 3.05664706 3.02715635 2.90315843 2.56665993 2.00940442 1.17696679 0.11158141 -0.90753025 -1.70509923 -2.30789590 -2.51266694 -2.56999731 -2.61372972 -2.64206314 -2.66931939 -2.70064831 -2.71297836 -2.73522425 -2.75521612 -2.77758455 -2.78026295 -2.80798554 -2.82631278 -2.83333850 -2.84237051 -2.84706855 -2.86124802
-2.50250864 -2.48027849 -2.47011852 -2.46605325 -2.45666313 -2.46905470 -2.48727131 -2.47956514 -2.45855713 -2.45025086 -2.46840334 -2.46542859 -2.45909309 -2.47360826 -2.47002339 -2.46365285 -2.47010994 -2.47514105 -2.47325420 -2.46404672 -2.46958017 -2.47386646 -2.47556257 -2.47242498 -2.47010279 -2.47132182 -2.46645141 -2.45873046 -2.44712257 -2.43909049 -2.44265485 -2.43438220 -2.41412091 -2.40932703 -2.40072179 -2.39630747 -2.37542295 -2.36281037 -2.34499145 -2.31849813 -2.21842837 -1.81728339 -1.08394420 -0.07709207 1.00257075 1.99790919 2.71390963 2.87888885 2.92421007 2.97938132 3.03811693 3.08678651 3.10462713 3.11820793 3.12257600 3.09853864 3.06888795 3.01419091 2.97414589 2.96693230 2.97245312 3.00448823 3.06325197 3.15256476 3.18676281 3.17849112 3.17296648 3.15062022 3.11823535 3.10139799 3.11052418 3.13077235 3.17358637 3.21937299 3.22551632 3.22643042 3.24107218 3.27199769 3.28222656 3.27275181 3.26949453 3.28547835 3.28261352 3.29055786 3.29134321 3.28922272 3.28171873 3.26966906 3.26572871 3.25762773 3.25567579 3.25984502 3.22904110 3.20252776 3.17827463 3.14415908 3.10351562 3.08023715 3.03507614 2.83000827 2.48614717 1.82629204 0.87534589 -0.23736353 -1.19128311 -1.92488778 -2.38069773 -2.51735044 -2.57072091 -2.60151005 -2.62830806 -2.66954875 -2.69376707 -2.71281528 -2.73783946 -2.74747682 -2.76665878 -2.79106259 -2.78651166 -2.80712008 -2.82076454 -2.83190775 -2.85049057 -2.85383224
-2.50932574 -2.48281074 -2.47673225 -2.49121046 -2.47357559 -2.46465302 -2.47360563 -2.47144270 -2.44392228 -2.45314980 -2.45441747 -2.45347047 -2.46099997 -2.46274877 -2.47119856 -2.46907234 -2.46108150 -2.47582316 -2.46147251 -2.46527743 -2.46524692 -2.45491290 -2.45691848 -2.46387482 -2.46259356 -2.46088576 -2.45346880 -2.44439507 -2.44786453 -2.42667222 -2.43159294 -2.43017387 -2.42071962 -2.41478634 -2.40149522 -2.38202834 -2.36029506 -2.34679747 -2.33083248 -2.30943346 -2.14477968 -1.63307416 -0.78920925 0.24175042 1.33560634 2.28442883 2.79534912 2.88321328 2.94168520 2.98865771 3.04359436 3.09311390 3.11865330 3.13052058 3.14072490 3.13651919 3.09602714 3.05050111 3.01423502 3.00225759 2.99417591 3.01970410 3.03933454 3.13717318 3.19895315 3.18349457 3.17380071 3.14090753 3.11387372 3.11196780 3.12427783 3.11409783 3.16713810 3.21481204 3.22445202 3.23528409 3.24358749 3.27079368 3.28456783 3.27273750 3.28161407 3.28547716 3.28091741 3.28783369 3.28958178 3.29010820 3.28055286 3.27667952 3.27350307 3.25861144 3.26179481 3.24908614 3.24397802 3.21116519 3.19000435 3.15203643 3.11833835 3.08620143 3.02625036 2.79261041 2.36395144 1.64155030 0.58759940 -0.51415384 -1.43250656 -2.16495252 -2.45518088 -2.52372217 -2.56782293 -2.60886908 -2.63484478 -2.66728401 -2.69084215 -2.71442723 -2.73163295 -2.74728560 -2.77152514 -2.79001689 -2.79102731 -2.81488538 -2.82742763 -2.83590364 -2.83644938 -2.86005425
-2.49594688 -2.50215816 -2.49935293 -2.48502707 -2.46189117 -2.45449972 -2.45693159 -2.44999862 -2.43785739 -2.43305421 -2.44591331 -2.44954586 -2.45743752 -2.45367098 -2.45879674 -2.46317410 -2.46022487 -2.45984936 -2.46189404 -2.45894432 -2.45534372 -2.46093988 -2.45284939 -2.45612836 -2.45369005 -2.45298624 -2.44922614 -2.44586921 -2.43665600 -2.42917728 -2.41964531 -2.42998624 -2.41523695 -2.40978456 -2.39255857 -2.37782478 -2.36276460 -2.34410501 -2.31954980 -2.28377080 -2.03576446 -1.37828779 -0.41304725 0.58593017 1.61481357 2.55878997 2.83103967 2.89357209 2.93655777 2.98106861 3.03165054 3.08501863 3.12292314 3.12812495 3.15259957 3.14458013 3.12645221 3.10333419 3.07555676 3.01716638 3.01420593 3.03441596 3.04699683 3.11333656 3.18683624 3.18709922 3.16245818 3.14244628 3.10406351 3.11696839 3.12711692 3.13137269 3.17100835 3.21177816 3.21490216 3.22355580 3.24594069 3.26542425 3.27847672 3.27484679 3.27440667 3.27940416 3.27662754 3.27942586 3.28261232 3.27905393 3.28400373 3.27333117 3.26984715 3.26185322 3.25046468 3.25470948 3.22646737 3.20998192 3.18161345 3.15311718 3.12156343 3.09557247 2.99815655 2.76548839 2.24885297 1.44122159 0.42861837 -0.68434781 -1.67316735 -2.33265257 -2.49026322 -2.53816772 -2.58794808 -2.62810254 -2.64301062 -2.66763306 -2.70556569 -2.71257257 -2.73347473 -2.75576186 -2.77034545 -2.78544784 -2.80531597 -2.80390906 -2.81691098 -2.81989765 -2.84756899 -2.85374618
-2.48130012 -2.47968864 -2.47030807 -2.46727538 -2.45099759 -2.44309831 -2.43633246 -2.43141675 -2.42584133 -2.43202209 -2.43724179 -2.44072032 -2.43919396 -2.44597745 -2.44696760 -2.44351697 -2.44566822 -2.45232940 -2.45308781 -2.44584370 -2.46173429 -2.45791078 -2.45505238 -2.44873595 -2.45787001 -2.45473480 -2.43978190 -2.43783259 -2.43397999 -2.42237473 -2.41660333 -2.40835142 -2.41296411 -2.39511228 -2.39276767 -2.37356234 -2.36118340 -2.33053255 -2.30767298 -2.21743965 -1.85103118 -1.06505871 -0.04543044 0.89836371 1.95351517 2.74238563 2.87579679 2.92296124 2.95474339 2.99869561 3.06090355 3.11215568 3.12515187 3.15688205 3.17189169 3.17500496 3.17304230 3.14703488 3.12159109 3.08541703 3.05241847 3.06702256 3.06601024 3.10482764 3.18079448 3.19185829 3.18202209 3.14196205 3.10368800 3.11576223 3.12847495 3.14045215 3.18528175 3.22675061 3.22674561 3.22693419 3.26214838 3.28949571 3.30485415 3.29450512 3.28562570 3.29059982 3.27703071 3.28337646 3.28418112 3.28563762 3.28748250 3.28183103 3.27595711 3.26620555 3.25715709 3.25939131 3.24019551 3.21585655 3.20412517 3.17156887 3.12672448 3.09555030 2.99117541 2.72378945 2.19688177 1.33290792 0.26370496 -0.81862229 -1.77610588 -2.39673638 -2.51266861 -2.55823278 -2.59291577 -2.62625599 -2.65628457 -2.67322731 -2.69283175 -2.71412039 -2.72544765 -2.74898648 -2.75438619 -2.78875852 -2.80782604 -2.81903768 -2.81834865 -2.83441281 -2.84189749 -2.84614062
-2.45461798 -2.45831108 -2.45785141 -2.45486283 -2.44592619 -2.41745496 -2.41945934 -2.42166162 -2.42649102 -2.43033504 -2.43504429 -2.44057989 -2.43650746 -2.43879628 -2.43777680 -2.43727493 -2.43654251 -2.44215965 -2.44880319 -2.45484781 -2.45146036 -2.45490861 -2.45799065 -2.45316601 -2.44644117 -2.44428349 -2.43871355 -2.42744756 -2.43107629 -2.42201781 -2.40928817 -2.40571094 -2.39933586 -2.39414191 -2.37603354 -2.36805081 -2.35150671 -2.33517838 -2.30081296 -2.11993718 -1.65176105 -0.85776561 0.18390925 1.29068279 2.25386238 2.81333542 2.88076162 2.94394279 2.99681640 3.01910591 3.07317114 3.12368655 3.15150976 3.16307497 3.18415070 3.20056534 3.19072533 3.19060826 3.16220355 3.14555120 3.10795379 3.10610175 3.09282136 3.10527134 3.17416191 3.19548965 3.17580247 3.14699554 3.12036109 3.12433648 3.14495182 3.16773057 3.20110583 3.22007799 3.22958708 3.23771024 3.26511502 3.28572607 3.30460978 3.30124331 3.28594208 3.29020500 3.29021239 3.28462553 3.28509116 3.28358650 3.28714347 3.29358625 3.27964830 3.27453208 3.25756097 3.25604844 3.25719261 3.23881698 3.20657468 3.18053818 3.14102912 3.09936643 2.97645903 2.69311881 2.11397433 1.19234455 0.09241757 -0.92387134 -1.87392986 -2.43765211 -2.50944924 -2.56154132 -2.59548092 -2.62348008 -2.64770651 -2.66830254 -2.69509268 -2.70582032 -2.72489476 -2.73764634 -2.75913453 -2.79458690 -2.81371474 -2.80196500 -2.82125759 -2.82725787 -2.83406234 -2.84707499
-2.42386675 -2.44597816 -2.44871140 -2.44236875 -2.43270326 -2.42443371 -2.40953231 -2.41746402 -2.41996908 -2.42488217 -2.43344760 -2.44195390 -2.43934274 -2.43888760 -2.44294667 -2.43790030 -2.44543481 -2.43480563 -2.43539691 -2.44495368 -2.44984674 -2.44897389 -2.44917583 -2.43918681 -2.43769240 -2.43715978 -2.43070054 -2.42722440 -2.42874336 -2.41875505 -2.40618467 -2.39341402 -2.38993859 -2.37850380 -2.36360264 -2.35199404 -2.34598804 -2.32350016 -2.27739787 -2.06640220 -1.45439351 -0.51126468 0.55645776 1.55919063 2.47011948 2.85499525 2.89210701 2.94647717 2.99110055 3.02592659 3.06979513 3.11236501 3.14861465 3.16471982 3.19044971 3.20879197 3.20110846 3.19150662 3.19763780 3.16800499 3.12776637 3.11183619 3.11609745 3.10137105 3.17271757 3.18690944 3.17115426 3.16394258 3.13376975 3.14108729 3.17181182 3.19454813 3.20383954 3.21980762 3.23882651 3.24723363 3.26187325 3.27680230 3.29836988 3.29135942 3.28674960 3.28920817 3.28229618 3.27918601 3.28433990 3.28333402 3.28699684 3.28162360 3.27523398 3.26272416 3.26322603 3.24971843 3.23651123 3.23646855 3.21862674 3.18134236 3.12758970 3.08979678 2.94552422 2.59941196 1.99943423 1.09148932 -0.00309281 -1.10206103 -1.96990311 -2.44558978 -2.52152538 -2.56044245 -2.59828711 -2.62264824 -2.65689301 -2.67333961 -2.68884563 -2.70042229 -2.72334003 -2.74894547 -2.75562286 -2.77217031 -2.79427266 -2.80345678 -2.80867243 -2.80899215 -2.82139850 -2.83142853
-2.39734411 -2.41555071 -2.42709732 -2.42599630 -2.43627453 -2.41830945 -2.40540051 -2.40551543 -2.42338276 -2.41901088 -2.42780852 -2.43697882 -2.43202353 -2.43364286 -2.43451428 -2.43204951 -2.42929244 -2.43947244 -2.43555403 -2.43787408 -2.44415545 -2.45173025 -2.44892192 -2.43594694 -2.43897247 -2.43606019 -2.42507195 -2.41887283 -2.41678762 -2.41709137 -2.39632416 -2.38099003 -2.36364436 -2.35363436 -2.34159207 -2.32599068 -2.32833719 -2.31173134 -2.22073817 -1.85267270 -1.06531262 -0.00951877 0.89135903 1.89808071 2.73522305 2.87139010 2.90377903 2.94651508 2.99551606 3.03121829 3.06755137 3.10834002 3.13436532 3.16522646 3.18562055 3.20191717 3.21175194 3.20497060 3.19633484 3.17467761 3.12386274 3.12214947 3.11649442 3.10965633 3.13278770 3.18839025 3.17876387 3.16259694 3.14007306 3.13851666 3.17454481 3.20561218 3.21752286 3.22801852 3.23177552 3.24516535 3.26407051 3.27824306 3.29715133 3.28964710 3.28563499 3.28792310 3.27735877 3.28595567 3.28799486 3.27567840 3.26267219 3.27679205 3.26416349 3.26033211 3.25037098 3.23949218 3.24157572 3.23405933 3.21721077 3.17275667 3.10973167 3.06526375 2.91397238 2.53750277 1.88912308 0.98822904 -0.16241078 -1.24803805 -2.04807067 -2.44804072 -2.53109741 -2.56383944 -2.59967923 -2.62853837 -2.65502739 -2.67339444 -2.68704128 -2.70923734 -2.72093773 -2.75011611 -2.74956536 -2.75540018 -2.79168534 -2.80214405 -2.78612661 -2.79809022 -2.81471062 -2.81986761
-2.38902545 -2.39989090 -2.40477753 -2.40726852 -2.41761875 -2.40946937 -2.40630841 -2.41998982 -2.41449451 -2.42382550 -2.43009758 -2.42887306 -2.42259336 -2.42667699 -2.42469597 -2.42213130 -2.41866159 -2.43089604 -2.43194699 -2.42880321 -2.44579244 -2.44492602 -2.44114733 -2.43871522 -2.42097235 -2.42568684 -2.41610384 -2.41552520 -2.41294074 -2.39537334 -2.38868165 -2.36248493 -2.34870291 -2.33947062 -2.32776952 -2.31665778 -2.31084108 -2.28850222 -2.08512783 -1.59441447 -0.69836503 0.29201424 1.28311741 2.29631090 2.83515429 2.87007713 2.88526869 2.93350768 2.99109030 3.02246189 3.06722426 3.11426520 3.13262892 3.15210319 3.17952061 3.19815230 3.20338464 3.20910072 3.20319033 3.18271518 3.14981604 3.13012290 3.11955047 3.10079479 3.14232445 3.15955210 3.15355778 3.15406084 3.13423109 3.13680220 3.18166184 3.21598816 3.22009301 3.22167063 3.22019458 3.24829364 3.26675439 3.27351665 3.28303695 3.29274940 3.27071953 3.27786016 3.28100371 3.27469230 3.27450919 3.26660013 3.27104473 3.27027750 3.25653648 3.24653029 3.24702477 3.24316549 3.24753094 3.22703552 3.20157123 3.16847491 3.11781645 3.05794287 2.89922309 2.47817874 1.81243825 0.85903448 -0.29448533 -1.38835967 -2.17724872 -2.46399522 -2.52008605 -2.56410360 -2.59990382 -2.61975884 -2.64921260 -2.68633533 -2.69716692 -2.70521307 -2.71961164 -2.73479748 -2.76236415 -2.75526619 -2.76761842 -2.78895545 -2.79895949 -2.80256200 -2.80931616 -2.81089473
-2.39040470 -2.39472389 -2.39633846 -2.39453053 -2.40391922 -2.40493965 -2.40400600 -2.40511036 -2.41799688 -2.41828203 -2.42416930 -2.42389584 -2.42040753 -2.41931462 -2.42424297 -2.41767502 -2.42046571 -2.42519641 -2.42456365 -2.42022824 -2.42770934 -2.42846847 -2.42716646 -2.41947079 -2.41254973 -2.40050793 -2.40164495 -2.39765525 -2.39026713 -2.38397241 -2.37116456 -2.35705805 -2.33555818 -2.31969762 -2.31115842 -2.29643345 -2.28424644 -2.20125675 -1.90258467 -1.21616542 -0.28409278 0.66511393 1.62220597 2.46012735 2.84547043 2.86745501 2.89437389 2.94317985 2.97698951 3.02849603 3.07364011 3.10821581 3.12481928 3.15412188 3.17545128 3.19358826 3.20287609 3.20673704 3.20854211 3.19648600 3.15690732 3.14115191 3.12041998 3.10715842 3.12445593 3.14310384 3.14264417 3.15208244 3.13767171 3.13382602 3.19188333 3.21413851 3.22135949 3.23733211 3.23392510 3.24943185 3.26350069 3.26549506 3.27449656 3.27166772 3.27237320 3.27327204 3.26923752 3.26720166 3.27281618 3.27561498 3.26065373 3.25764275 3.25491714 3.24496269 3.24833846 3.23656702 3.22227836 3.23003483 3.20926428 3.17233467 3.09779716 3.06257391 2.91805816 2.46153927 1.71673560 0.86850619 -0.30099154 -1.53498447 -2.29800773 -2.46681094 -2.52191687 -2.56070995 -2.59236312 -2.62332940 -2.64844394 -2.67111182 -2.69120169 -2.70721507 -2.72882199 -2.73424220 -2.75211072 -2.76400232 -2.76363277 -2.78031707 -2.80512118 -2.79890394 -2.80786276 -2.81245971
-2.38338304 -2.39040208 -2.39152956 -2.40125823 -2.39689493 -2.39872313 -2.39020967 -2.39916921 -2.40448236 -2.40813184 -2.41431952 -2.42361999 -2.40823293 -2.41165662 -2.41927528 -2.41749525 -2.41110468 -2.42210817 -2.42457342 -2.41427064 -2.41181445 -2.42299700 -2.40274286 -2.41032624 -2.41386557 -2.39462876 -2.38806820 -2.38682723 -2.38142562 -2.37084889 -2.35306811 -2.33810449 -2.31442618 -2.30274987 -2.29245734 -2.27279949 -2.20724082 -1.96529472 -1.47813463 -0.66000611 0.25396112 1.21343005 2.02901816 2.69650888 2.88077331 2.89821815 2.91875434 2.95144176 3.01495075 3.05037069 3.08759904 3.11182189 3.14342713 3.16327691 3.17201686 3.18535519 3.20150089 3.20842838 3.20770860 3.18918109 3.15979195 3.12253284 3.11305070 3.08437347 3.09181809 3.13208270 3.12410736 3.14758539 3.13745284 3.13431597 3.18416357 3.23099017 3.23161864 3.23768449 3.23923516 3.25400281 3.26352143 3.26381803 3.26832199 3.26352787 3.26101446 3.25979304 3.27247715 3.26610136 3.27066851 3.26645279 3.25275230 3.26097584 3.25721407 3.24385738 3.23239350 3.23632741 3.23820567 3.21926308 3.21342874 3.16953921 3.10558558 3.04151344 2.94102454 2.54047942 1.72333026 0.89203507 -0.12235455 -1.47971237 -2.33211040 -2.48682475 -2.52865338 -2.55993295 -2.59234953 -2.61855292 -2.64935946 -2.67730975 -2.69567347 -2.71361327 -2.72318840 -2.73540974 -2.74857998 -2.76355982 -2.77182817 -2.79153895 -2.79500246 -2.81350923 -2.83019209 -2.81528258
-2.38947725 -2.39162135 -2.39280605 -2.38316584 -2.39515066 -2.39643407 -2.39479280 -2.38271713 -2.39745855 -2.40098429 -2.40186810 -2.40582299 -2.40892529 -2.39941788 -2.40471029 -2.40384865 -2.40001297 -2.40862823 -2.41853046 -2.40578246 -2.41400862 -2.40713143 -2.38994336 -2.39410090 -2.39866376 -2.39468050 -2.38231134 -2.38107014 -2.37207556 -2.35452223 -2.34087658 -2.32444191 -2.30653858 -2.29694557 -2.28343511 -2.23038983 -2.01925397 -1.72973347 -1.04860747 -0.07505110 0.97103018 1.71226811 2.45797610 2.85624886 2.88639998 2.91445541 2.93186021 2.96992898 3.02078390 3.06681705 3.10019135 3.13426733 3.14998269 3.15005898 3.17011333 3.19988680 3.19395399 3.20137334 3.21135664 3.18890071 3.16242623 3.12183785 3.09255242 3.07695746 3.06484938 3.08630490 3.11000657 3.12497401 3.15380955 3.14324903 3.18844295 3.22687387 3.23066306 3.23755050 3.23689961 3.24970412 3.26242709 3.25280857 3.25742745 3.26848817 3.25384283 3.25840878 3.25755906 3.26141024 3.25604916 3.26084113 3.25418139 3.24407864 3.24237490 3.23602104 3.24555492 3.24428391 3.22883868 3.22772050 3.20878649 3.16731739 3.10799694 3.04923558 2.94909692 2.63087630 1.88981926 0.98247439 0.07612813 -1.24172151 -2.25654006 -2.47812033 -2.51426458 -2.55019736 -2.58344102 -2.61768937 -2.65568805 -2.67881727 -2.69471812 -2.70310259 -2.72136140 -2.73566341 -2.74112129 -2.75749946 -2.77528453 -2.78663182 -2.80262518 -2.79954314 -2.81181502 -2.81628013
-2.38095832 -2.38573241 -2.37997937 -2.38637638 -2.38498044 -2.38732123 -2.38781881 -2.37913728 -2.38625216 -2.39915133 -2.38628268 -2.39107871 -2.39896798 -2.39355516 -2.39411402 -2.39915061 -2.39323211 -2.39956760 -2.40399408 -2.40404892 -2.39424586 -2.39362288 -2.38523650 -2.37209201 -2.38001418 -2.37939811 -2.36919999 -2.35904050 -2.34676456 -2.34471297 -2.32939601 -2.31165791 -2.28795075 -2.27293158 -2.27031517 -2.15783119 -1.87553012 -1.37079537 -0.49473989 0.69568801 1.49541891 2.15438533 2.72321153 2.86638594 2.88562536 2.90817165 2.93908119 2.98686457 3.02311182 3.07153344 3.10358620 3.12491846 3.13061142 3.14471936 3.16278481 3.17119431 3.18256688 3.18740773 3.20175052 3.17502570 3.14591575 3.11392879 3.06255865 3.04172015 3.03036714 3.04966235 3.06181240 3.10113525 3.12590742 3.14281392 3.18012166 3.21227479 3.21292806 3.21027350 3.22562003 3.22893095 3.23626709 3.23937249 3.24204421 3.23812103 3.23881245 3.24162912 3.24094844 3.24190879 3.24172854 3.23682117 3.23361731 3.22643471 3.23121095 3.22259951 3.21882892 3.21413398 3.21947980 3.21362329 3.18872857 3.15831065 3.10453081 3.04649949 2.96151876 2.70568228 2.08192062 1.19982946 0.30519581 -0.92017299 -2.08323097 -2.45447683 -2.50848484 -2.54162288 -2.57065868 -2.60333037 -2.63581610 -2.66879821 -2.67572284 -2.69818425 -2.71405435 -2.71450996 -2.73553729 -2.75184369 -2.75183105 -2.77270699 -2.79138660 -2.79378653 -2.79569316 -2.79549980
-2.36549950 -2.38359404 -2.37877321 -2.38137078 -2.38282728 -2.37731791 -2.36595631 -2.37132597 -2.36963749 -2.37024450 -2.37429810 -2.38652372 -2.39429712 -2.38140869 -2.38280702 -2.38953829 -2.38822031 -2.38657832 -2.39336658 -2.38770723 -2.38326406 -2.37789249 -2.36858511 -2.36783743 -2.37644911 -2.36727357 -2.35377479 -2.34235740 -2.34200048 -2.32645106 -2.31364083 -2.29452109 -2.28692031 -2.26846313 -2.24148774 -2.07938766 -1.61068189 -0.76499313 0.24795187 1.19348991 2.00078583 2.64045429 2.82580161 2.83974814 2.86698484 2.91065669 2.94591880 2.98777270 3.03775096 3.06993580 3.09519935 3.11683941 3.12471962 3.13218737 3.13341475 3.15768433 3.16665339 3.17457509 3.17107224 3.15974379 3.11150289 3.07507992 3.03483725 2.98816252 2.98536325 3.00374651 3.02993250 3.06990910 3.10235858 3.12202430 3.16152978 3.18355584 3.18163443 3.18686128 3.19880390 3.20803714 3.21588635 3.21352816 3.21718097 3.22330809 3.21298981 3.21675754 3.22037482 3.22096038 3.22405148 3.22372031 3.21365523 3.21428967 3.20331621 3.21072245 3.20483685 3.20272827 3.19537568 3.18597198 3.17408299 3.13574743 3.07772040 3.02825642 2.95829678 2.79084182 2.29129672 1.46791518 0.59037161 -0.53127074 -1.81037450 -2.40155792 -2.49310970 -2.52962947 -2.56741595 -2.57778502 -2.60540056 -2.64321017 -2.66319227 -2.67617345 -2.68259978 -2.70544338 -2.72738457 -2.73322725 -2.74893165 -2.77358842 -2.77616620 -2.78514266 -2.78181243 -2.78672838
-2.36824560 -2.37617993 -2.38257480 -2.37604213 -2.37583041 -2.36947107 -2.37326193 -2.35308957 -2.35535026 -2.36637902 -2.37167120 -2.36565447 -2.38298821 -2.38556790 -2.37911534 -2.38232493 -2.37538838 -2.37887645 -2.38135552 -2.37284017 -2.37679768 -2.37554240 -2.36681461 -2.35978127 -2.37029171 -2.36703086 -2.34777260 -2.33559012 -2.32867861 -2.32176733 -2.31100082 -2.29514575 -2.28900790 -2.27763414 -2.18073702 -1.86921227 -1.23951209 -0.23343401 0.77446657 1.67786860 2.53332210 2.79390359 2.81693053 2.85439420 2.87383723 2.91613317 2.96355033 3.00817180 3.05617738 3.08056664 3.10401726 3.11261463 3.12758946 3.12930012 3.14805937 3.15121531 3.16895628 3.17785192 3.18177700 3.15398431 3.11776948 3.07734990 3.02938986 2.96948743 2.95890236 2.99413157 3.01122189 3.05600929 3.10389590 3.15034175 3.17573762 3.17841434 3.18688154 3.18939519 3.19101238 3.20602679 3.20863581 3.21370339 3.22020960 3.21948838 3.21373343 3.21225786 3.21527743 3.21554351 3.21051145 3.21496677 3.21112180 3.20392370 3.20415521 3.20250702 3.20860767 3.20144081 3.20012045 3.19754171 3.16244006 3.12661099 3.09460425 3.03191471 2.95397377 2.84347749 2.48552179 1.72232139 0.87387401 -0.10151000 -1.41748142 -2.30901647 -2.48182678 -2.52185106 -2.55264258 -2.58292675 -2.60065603 -2.62838483 -2.65756917 -2.66375899 -2.67488241 -2.69405389 -2.70725465 -2.71856236 -2.74737430 -2.76055121 -2.77878022 -2.77917528 -2.78099656 -2.78784466
-2.35510039 -2.37072921 -2.36908221 -2.37408328 -2.36598468 -2.36681509 -2.36789846 -2.35712647 -2.35100412 -2.36578941 -2.36060095 -2.35562205 -2.38391805 -2.38053131 -2.37782168 -2.37761712 -2.36819577 -2.37234473 -2.36138439 -2.37247729 -2.37419128 -2.38166833 -2.36381555 -2.35840774 -2.35947275 -2.35012889 -2.33608246 -2.31629252 -2.31193304 -2.31743360 -2.30768538 -2.29267693 -2.27828288 -2.25808716 -2.11225009 -1.68600655 -0.94819266 0.09315723 1.23774409 2.13929892 2.73897171 2.84015036 2.85886264 2.88593221 2.91239595 2.94505978 3.01478314 3.05180812 3.08442688 3.11037397 3.12926316 3.14126325 3.13367820 3.15904474 3.16697574 3.17520857 3.17982125 3.19497681 3.19399500 3.18032050 3.13625360 3.09454775 3.04936504 2.99432325 2.96696687 2.97461319 3.01751208 3.06238341 3.11929655 3.15851307 3.19617414 3.20475221 3.20598698 3.20466328 3.22851872 3.22824621 3.23007369 3.23648977 3.22998023 3.23541641 3.23731065 3.22543836 3.22584939 3.22510433 3.22948933 3.23048973 3.22136593 3.21741271 3.21361065 3.20881796 3.21584392 3.22201133 3.21578693 3.20989752 3.18185616 3.14881325 3.09537101 3.04548788 2.97954273 2.88879824 2.64897943 1.99750364 1.11043513 0.21944973 -0.98716658 -2.10077739 -2.46856928 -2.51091027 -2.55454373 -2.58430672 -2.61006403 -2.62841964 -2.65394759 -2.66899180 -2.67740297 -2.68586040 -2.70669699 -2.70762038 -2.72047639 -2.75418377 -2.76035213 -2.77680922 -2.77031994 -2.78628945
-2.34229565 -2.34121394 -2.35350418 -2.36570859 -2.36269236 -2.35182309 -2.34773016 -2.34950256 -2.33754587 -2.34317803 -2.35257483 -2.35091567 -2.36533689 -2.37279582 -2.36595750 -2.36876392 -2.37232757 -2.36000967 -2.36242747 -2.35603571 -2.36088204 -2.36324596 -2.35511589 -2.34935069 -2.34511042 -2.32930946 -2.31557488 -2.29994059 -2.29772878 -2.29560900 -2.28501463 -2.27385545 -2.26478267 -2.25099802 -2.05695868 -1.47682762 -0.59995300 0.46327448 1.51164079 2.42209148 2.83757305 2.87458014 2.87381649 2.89187145 2.92209744 2.97749615 3.02119684 3.07060838 3.10774493 3.12852931 3.14065075 3.15331268 3.15462255 3.16459823 3.18593836 3.18298960 3.20245743 3.20382643 3.20598650 3.19464064 3.15898061 3.11441278 3.06970406 3.00960016 2.96524334 2.98289084 3.02153683 3.05845404 3.10037518 3.17255092 3.20080304 3.21843648 3.21810532 3.22011256 3.23434877 3.24984121 3.24761438 3.23894501 3.24862242 3.23807168 3.23554373 3.23830700 3.24555588 3.24022174 3.23993349 3.24657607 3.23597956 3.22447801 3.22762990 3.22865534 3.22670245 3.22140098 3.22785473 3.22388077 3.18184090 3.14586425 3.10898185 3.05054474 2.99629259 2.92269993 2.74519110 2.21174693 1.35636330 0.45693320 -0.64857560 -1.83219588 -2.38913941 -2.49741459 -2.54419303 -2.56893730 -2.58746791 -2.61528444 -2.64012694 -2.66560721 -2.66963458 -2.67899060 -2.68284702 -2.70416045 -2.71819377 -2.72380161 -2.75596237 -2.75395870 -2.77001810 -2.77173448
-2.33029914 -2.34420538 -2.35730696 -2.35420966 -2.35419512 -2.35258269 -2.35586524 -2.33487320 -2.33122373 -2.34027696 -2.34398603 -2.34903598 -2.35374975 -2.37338018 -2.36519909 -2.36805844 -2.36342311 -2.35937667 -2.36552548 -2.34875321 -2.33891249 -2.35033584 -2.34146905 -2.33421397 -2.33095288 -2.32405806 -2.30227375 -2.29739642 -2.28655481 -2.28934908 -2.28328967 -2.27435803 -2.26880741 -2.21967220 -1.90859473 -1.19647896 -0.17524125 0.79343027 1.83887506 2.73064280 2.88319016 2.88684559 2.88852072 2.91145420 2.94799137 2.97957540 3.03813386 3.10119629 3.12572789 3.13719034 3.15036392 3.16610241 3.16374922 3.18148875 3.19873333 3.20106196 3.21262932 3.23105431 3.22754002 3.21128678 3.19458461 3.14828062 3.07820559 3.03497028 2.99378705 2.99055743 3.02430415 3.06818771 3.12449622 3.18379593 3.21511364 3.21520591 3.23294139 3.24506211 3.25963116 3.27082419 3.26305962 3.26023602 3.25469112 3.24841809 3.24975681 3.24209714 3.25277710 3.24447560 3.23416948 3.25631046 3.25027537 3.23998260 3.23162436 3.23028708 3.23616838 3.24269533 3.24418163 3.23708725 3.19546580 3.15851712 3.12471461 3.05463791 3.00900960 2.95517445 2.81122851 2.37207532 1.59791720 0.68065882 -0.41313106 -1.59527922 -2.30037022 -2.47893643 -2.52202559 -2.55648780 -2.58646965 -2.61037683 -2.62410140 -2.64597440 -2.66624284 -2.66862321 -2.68704987 -2.68624043 -2.69879889 -2.72532725 -2.74845862 -2.75414181 -2.75477719 -2.77004457
-2.33825612 -2.34627485 -2.34131670 -2.36042476 -2.35785985 -2.35841870 -2.34794617 -2.34885287 -2.34428668 -2.34403753 -2.35654593 -2.35901737 -2.36232805 -2.36687851 -2.38008571 -2.36974645 -2.36762834 -2.36086869 -2.36094499 -2.34928441 -2.34260082 -2.34736204 -2.34358454 -2.32854128 -2.32524514 -2.31770897 -2.30075288 -2.28839755 -2.29188800 -2.28733945 -2.28874469 -2.28576231 -2.25954700 -2.17502308 -1.74237502 -0.98322409 -0.00062983 1.09408104 2.20600510 2.85562801 2.89979100 2.92175555 2.91140580 2.92045116 2.96226811 2.99655247 3.06426191 3.10905886 3.13560820 3.14460897 3.16478419 3.17012286 3.17522120 3.18792200 3.21396017 3.21106768 3.21222949 3.23021054 3.23417330 3.23024631 3.20565963 3.15886235 3.12337661 3.06034946 3.01073146 3.00584269 3.05635691 3.10445356 3.12320566 3.17766213 3.21979523 3.22267008 3.24248123 3.26308084 3.26582861 3.27819657 3.27472901 3.26064801 3.26892090 3.27110529 3.25247598 3.24877882 3.25906372 3.27570963 3.24078178 3.24032569 3.25471306 3.24843502 3.24027443 3.24247599 3.25567675 3.25996113 3.25283670 3.23892212 3.20306969 3.15759182 3.12388921 3.07258773 3.01200199 2.96370149 2.85067439 2.47695136 1.74105108 0.90613472 -0.15499054 -1.40205860 -2.21881795 -2.44906139 -2.51519871 -2.55187368 -2.57928848 -2.60406685 -2.63172674 -2.64943337 -2.67229366 -2.67501879 -2.68267179 -2.69242430 -2.71125031 -2.72805762 -2.74899149 -2.77242851 -2.76625562 -2.78551340
-2.32518506 -2.33307123 -2.33918452 -2.34800887 -2.35130048 -2.33932137 -2.34778595 -2.33941031 -2.33837795 -2.34734488 -2.34865832 -2.34989429 -2.35340071 -2.37315607 -2.36784935 -2.36827707 -2.36962676 -2.35655165 -2.35186625 -2.35381103 -2.34476566 -2.33128786 -2.32851315 -2.32616377 -2.31530023 -2.30724669 -2.28782845 -2.28270507 -2.28886819 -2.27978015 -2.27728486 -2.26105618 -2.25253129 -2.12699389 -1.64238071 -0.85333985 0.13787499 1.36000931 2.33673596 2.86008763 2.90607810 2.92605090 2.91400099 2.90598917 2.94283295 3.00311708 3.03756952 3.09066248 3.11875963 3.13263512 3.14336181 3.16405559 3.16580415 3.17552280 3.20152760 3.21446729 3.20876312 3.21534443 3.21775389 3.22014284 3.20008993 3.17073536 3.11251354 3.06853533 3.02996182 3.02509022 3.06003571 3.09747887 3.13043952 3.16745448 3.19307661 3.21975517 3.22376823 3.24821496 3.25870872 3.28168869 3.26819110 3.26095653 3.26392651 3.25303626 3.25033545 3.24692130 3.24917388 3.25474191 3.24042845 3.24011946 3.23449850 3.23226142 3.23667455 3.23204494 3.23580384 3.24486923 3.23351669 3.22123933 3.18025112 3.12680626 3.09338665 3.04625249 2.97426367 2.93686247 2.82319522 2.51387072 1.82273352 0.96780682 0.01516993 -1.20736086 -2.12171555 -2.42863393 -2.49587679 -2.53947139 -2.56711841 -2.59535289 -2.61972880 -2.64276814 -2.65531373 -2.66682005 -2.67794633 -2.69321752 -2.70192528 -2.71669269 -2.72000194 -2.74884295 -2.77164268 -2.76901531
-2.31606674 -2.33197308 -2.33029556 -2.33424282 -2.33396745 -2.33762622 -2.34232378 -2.33204961 -2.33389521 -2.33229876 -2.34505606 -2.35038972 -2.34518576 -2.35708380 -2.36041713 -2.35791230 -2.36326122 -2.36030746 -2.34982967 -2.34062386 -2.33135080 -2.32271814 -2.32268572 -2.31160069 -2.30619669 -2.29241109 -2.28846908 -2.28459144 -2.27696180 -2.26905322 -2.26219773 -2.26061535 -2.23936629 -2.09756112 -1.45897591 -0.61509222 0.37212861 1.49033523 2.52985215 2.88778019 2.90487504 2.91929579 2.93025661 2.92011547 2.96283007 2.98466253 3.03347778 3.07838702 3.11304927 3.11627555 3.13181591 3.15712595 3.16707039 3.17178559 3.19695258 3.20797205 3.19921613 3.21318197 3.22302961 3.21898961 3.20159078 3.16689086 3.13514423 3.08599830 3.04974198 3.03197789 3.05555439 3.10174322 3.13076568 3.14947009 3.19008040 3.18308592 3.20812082 3.25414753 3.26416731 3.27095366 3.26659727 3.26694942 3.26363015 3.25454307 3.24645758 3.24154925 3.23887897 3.24114561 3.24455500 3.22540092 3.22841573 3.22265315 3.22281098 3.22440386 3.22546196 3.22460127 3.21548676 3.19819546 3.15961957 3.10434222 3.06514883 3.01581836 2.95818973 2.90603566 2.79508328 2.48100924 1.82629001 0.95046693 0.02451597 -1.11429513 -2.05104685 -2.40450907 -2.48766208 -2.51969242 -2.56805968 -2.58236551 -2.60651636 -2.62807465 -2.64606762 -2.66537881 -2.66978788 -2.67963123 -2.67165351 -2.71122718 -2.72426939 -2.73743439 -2.74888945 -2.75115108
-2.32168961 -2.33181024 -2.33872271 -2.34297562 -2.34405279 -2.34190035 -2.33677816 -2.33906293 -2.33744168 -2.34143162 -2.34301901 -2.35763788 -2.35291839 -2.34975028 -2.37017965 -2.36952162 -2.35440063 -2.35778689 -2.35800314 -2.35347438 -2.33547997 -2.32620311 -2.32008410 -2.31011701 -2.30561733 -2.30005193 -2.28446341 -2.28296399 -2.28018737 -2.27087736 -2.26579523 -2.25276041 -2.23332238 -2.01721168 -1.33441365 -0.44761384 0.46704549 1.76829159 2.72229791 2.89353704 2.91698813 2.93450809 2.94636321 2.94912267 2.95120931 2.99764538 3.03072071 3.07697535 3.10779452 3.13815236 3.13894391 3.16079688 3.17354393 3.18547225 3.20266891 3.21595645 3.21291423 3.21120906 3.22717690 3.22121406 3.20151377 3.18958163 3.14635754 3.09346533 3.06295085 3.06210184 3.07730842 3.11096001 3.11665344 3.14635634 3.17858672 3.19540930 3.21488428 3.25083828 3.25662589 3.26789856 3.27093434 3.26880789 3.26704979 3.25751901 3.25708890 3.24910760 3.24426866 3.25763917 3.22921610 3.22342420 3.24717808 3.22213769 3.21551180 3.22711253 3.23784399 3.23560238 3.22022653 3.19004369 3.15700579 3.11409116 3.05816054 3.00510573 2.96439266 2.89638352 2.78229213 2.46676040 1.79504728 0.89010191 -0.06772038 -1.11521983 -2.01425123 -2.39288330 -2.48464847 -2.53862596 -2.54823399 -2.58008933 -2.61229062 -2.63982439 -2.63949013 -2.65508270 -2.68144345 -2.68407631 -2.70300198 -2.70786858 -2.75230813 -2.75844431 -2.77969122 -2.78654456
-2.32469273 -2.33687019 -2.33828497 -2.34501314 -2.35376859 -2.33977532 -2.34782243 -2.34387326 -2.34224415 -2.34876275 -2.34669375 -2.35068154 -2.36366463 -2.35284472 -2.36572814 -2.36123252 -2.36069250 -2.35117841 -2.36021376 -2.35470366 -2.34435105 -2.32314706 -2.32223630 -2.31645560 -2.30963588 -2.30214190 -2.28397727 -2.28182435 -2.28206801 -2.27288389 -2.25845313 -2.25325251 -2.23491883 -2.01728773 -1.27157593 -0.42744869 0.56405365 1.85388565 2.75743151 2.90709162 2.93351555 2.95190239 2.95474124 2.94754267 2.94844627 2.98828053 3.02339435 3.05217218 3.10395789 3.11952090 3.14539862 3.17635584 3.18665767 3.18600845 3.21662140 3.21900320 3.21489191 3.21452856 3.21855044 3.21944642 3.21381760 3.17451859 3.13572240 3.11208653 3.07343912 3.06312680 3.07759809 3.08833385 3.13862586 3.13839936 3.17172599 3.20014763 3.21151137 3.24445295 3.25775361 3.26381493 3.25779700 3.26304555 3.26398659 3.24037099 3.24657273 3.24678922 3.24130321 3.24861503 3.24729109 3.23408008 3.21877766 3.21401477 3.21698046 3.23032331 3.23231483 3.23273683 3.20991302 3.18993568 3.13300228 3.09923291 3.06123257 3.01179457 2.96362090 2.90548372 2.73140621 2.40421629 1.74932921 0.80968052 -0.18965031 -1.18095541 -2.02408743 -2.38491631 -2.49913692 -2.53149366 -2.56118488 -2.57981420 -2.60240483 -2.62921643 -2.63787508 -2.65689993 -2.68057156 -2.68362713 -2.69581962 -2.72601604 -2.73449588 -2.75911355 -2.76704407 -2.78543854
-2.31463337 -2.32017422 -2.33642077 -2.33900905 -2.32901835 -2.33427739 -2.33419800 -2.34132457 -2.33127570 -2.34426737 -2.34634566 -2.34911585 -2.35116243 -2.34847116 -2.34951806 -2.36305594 -2.34362531 -2.35620475 -2.34607196 -2.33994913 -2.32261848 -2.32217550 -2.30803132 -2.30314946 -2.29590249 -2.29409289 -2.28460836 -2.27126861 -2.26713061 -2.27043700 -2.25806212 -2.24288654 -2.22412062 -1.99092400 -1.25189471 -0.37419635 0.56487381 1.88859689 2.78066063 2.91370463 2.94462729 2.95105743 2.96008992 2.96046543 2.95270228 2.97810030 3.01242590 3.05911303 3.08639550 3.12644434 3.14046311 3.17628264 3.18539572 3.19462156 3.21131968 3.21046567 3.21225929 3.21814013 3.21526361 3.22271228 3.20430684 3.17482352 3.14435387 3.10085940 3.06667614 3.06415963 3.08286452 3.09009504 3.12008190 3.14129424 3.15859294 3.18274498 3.21516705 3.24131751 3.24471855 3.25669575 3.24876785 3.25129819 3.26040936 3.24015069 3.24193573 3.24617648 3.22991776 3.24628425 3.23295593 3.21929479 3.22531676 3.22146130 3.20982599 3.21894646 3.23046279 3.22714496 3.20294571 3.15785193 3.11806250 3.08939075 3.03558922 2.97772813 2.97275496 2.87036824 2.68414330 2.28514338 1.64466703 0.69729686 -0.36932302 -1.33776641 -2.03801656 -2.38836050 -2.48623800 -2.53382111 -2.55677056 -2.57855248 -2.59845662 -2.62616563 -2.63894820 -2.64448404 -2.68126488 -2.69018054 -2.70440435 -2.71844935 -2.73350024 -2.75333381 -2.77184415 -2.77531648
-2.29708004 -2.30889368 -2.32370901 -2.32145905 -2.33022547 -2.31462407 -2.31220078 -2.31520677 -2.32245922 -2.31760454 -2.32345772 -2.33551240 -2.33578682 -2.33153749 -2.33188581 -2.34028149 -2.32927608 -2.32596731 -2.33230710 -2.31248236 -2.31975150 -2.30322933 -2.29020429 -2.28285933 -2.27546930 -2.27347040 -2.27709246 -2.26795959 -2.26056004 -2.24675202 -2.24135327 -2.23041368 -2.21591949 -1.96325457 -1.20707822 -0.33513695 0.64032477 1.92568517 2.77658844 2.89943886 2.92608714 2.93430805 2.95083976 2.94995022 2.94786453 2.95295095 2.99858117 3.05332899 3.09450984 3.11161804 3.14518881 3.16692257 3.18031955 3.19371986 3.20601439 3.19355702 3.20474958 3.20419788 3.20280838 3.19178510 3.19312930 3.17035151 3.13774991 3.08853960 3.07746100 3.07657814 3.06683445 3.08588982 3.10295105 3.14472628 3.15097427 3.17934227 3.21203828 3.23000264 3.22277832 3.24534369 3.24337816 3.23032784 3.25512743 3.24138021 3.22488594 3.23839307 3.23555326 3.23335290 3.23445964 3.22672009 3.21512365 3.20865059 3.21019554 3.22866035 3.22755146 3.21409869 3.19601655 3.14953303 3.09974527 3.07604885 3.02524018 2.96376109 2.93827820 2.86487412 2.62896729 2.15438914 1.39203095 0.46323293 -0.59685159 -1.50931370 -2.13079333 -2.37417102 -2.48464108 -2.52470827 -2.53636909 -2.56258750 -2.58956265 -2.60979390 -2.61740255 -2.64428043 -2.65974283 -2.66189551 -2.68555284 -2.70428014 -2.72112060 -2.73766446 -2.75043297 -2.76667643
-2.28656363 -2.29344106 -2.29218388 -2.31476951 -2.31251001 -2.31412339 -2.30229139 -2.30795979 -2.30369377 -2.31239295 -2.31562424 -2.31532454 -2.32938218 -2.32901478 -2.32503080 -2.32324862 -2.31629753 -2.31579757 -2.31396484 -2.30495048 -2.29312801 -2.27754569 -2.26165748 -2.27156138 -2.27439976 -2.26617932 -2.25548100 -2.25991440 -2.24376273 -2.23870063 -2.23652959 -2.22186232 -2.20052266 -1.91341579 -1.16860688 -0.25137275 0.73214352 1.95943165 2.80854654 2.90120149 2.92134953 2.94137383 2.94332933 2.94020271 2.94646072 2.96343231 2.98959780 3.04968834 3.09240580 3.12796330 3.15476871 3.18011904 3.17658043 3.18897152 3.20697618 3.20611620 3.20009327 3.21166086 3.19857192 3.19855976 3.18166709 3.16410232 3.13033032 3.10528636 3.07731700 3.08261895 3.08688712 3.09777570 3.12698412 3.14435959 3.16024852 3.17919326 3.22232914 3.22445607 3.23417521 3.23907566 3.23828316 3.23187876 3.23336625 3.22468519 3.21876407 3.23674536 3.23411036 3.22341394 3.23043561 3.23031855 3.22946978 3.22845721 3.23098636 3.23103762 3.23841095 3.22217774 3.19211769 3.15861869 3.10661507 3.07052326 3.04571390 2.99044895 2.94086790 2.85800362 2.57820892 2.01869392 1.16461098 0.13171120 -0.90512198 -1.78505492 -2.23107886 -2.39865255 -2.48356724 -2.51162529 -2.53965974 -2.55795407 -2.57077527 -2.59117317 -2.61184144 -2.61437821 -2.63024807 -2.64252901 -2.65671492 -2.69201660 -2.68940687 -2.70797658 -2.72593665 -2.74567604
-2.26621509 -2.27638125 -2.29736185 -2.28810692 -2.29397583 -2.30069590 -2.30464816 -2.29411101 -2.30756998 -2.30780268 -2.31363559 -2.31488800 -2.32191038 -2.33054328 -2.32077837 -2.31454945 -2.31472063 -2.30967736 -2.30109668 -2.28852177 -2.28227282 -2.27802134 -2.26549339 -2.25833726 -2.25793433 -2.24194217 -2.24709868 -2.25297856 -2.24048257 -2.23249960 -2.22750092 -2.21606278 -2.18696976 -1.84782970 -1.09441698 -0.20681231 0.86117715 2.07771826 2.83472395 2.91597080 2.93981671 2.95844674 2.96279192 2.94017696 2.96716213 2.97573400 3.01251936 3.05524468 3.10900736 3.13299751 3.15623760 3.19202971 3.19911051 3.20833015 3.22055721 3.20973086 3.20680952 3.22499871 3.22379732 3.20445156 3.18462372 3.17137313 3.16423488 3.10923004 3.08901620 3.10398602 3.11133361 3.10756350 3.12354016 3.15912414 3.16305995 3.18535471 3.22622776 3.23321295 3.22928166 3.23382783 3.22424626 3.22186899 3.23844600 3.22718334 3.22448206 3.22719622 3.22363019 3.23356891 3.23184490 3.24262404 3.24413896 3.24732184 3.24665070 3.25584817 3.25374651 3.23389602 3.18983603 3.15324783 3.11547804 3.08101177 3.03398585 3.01104760 2.95865321 2.85088158 2.52603531 1.90093267 1.05085671 -0.06160264 -1.17263925 -2.00014424 -2.33671832 -2.43214583 -2.48671985 -2.52695727 -2.54792285 -2.55995226 -2.58605599 -2.59549809 -2.59790683 -2.62226725 -2.63840914 -2.62729716 -2.64992642 -2.67886305 -2.71257710 -2.70607972 -2.73310637 -2.72914720
-2.26041794 -2.27540064 -2.26636553 -2.28543830 -2.28731990 -2.28893852 -2.28426957 -2.29029679 -2.28834915 -2.29567766 -2.30474591 -2.31033301 -2.31374598 -2.31365585 -2.31383944 -2.30722022 -2.30254984 -2.30198002 -2.28713131 -2.28722382 -2.29004836 -2.26217294 -2.24366784 -2.24893069 -2.24829841 -2.23398232 -2.24463844 -2.24536490 -2.23690224 -2.21986556 -2.21792793 -2.21786880 -2.17823672 -1.78914821 -1.01583362 -0.08395220 1.00805223 2.14318824 2.85389662 2.91663647 2.93523002 2.96602130 2.95201707 2.95902896 2.96310282 2.98020864 3.00711465 3.06607103 3.11548233 3.13428974 3.16091442 3.18828297 3.18539786 3.19892335 3.21235967 3.21090293 3.21952605 3.22003007 3.22407627 3.21159172 3.19437027 3.17844200 3.17386937 3.13693500 3.10279703 3.11349106 3.10650206 3.10053372 3.11697340 3.15222621 3.15533972 3.16032386 3.21341109 3.22432542 3.20897436 3.21876121 3.21271825 3.20220065 3.21804786 3.22169185 3.20280266 3.23209476 3.22265244 3.22706676 3.24218822 3.23506069 3.24865794 3.25188684 3.25781918 3.26117134 3.25657487 3.22041988 3.19635201 3.14474273 3.10685325 3.05759335 3.03058195 2.99487591 2.92474985 2.84061337 2.48964524 1.80365467 0.96012419 -0.16850160 -1.32928061 -2.09597731 -2.37217522 -2.44532681 -2.48553181 -2.52013397 -2.54094481 -2.57447457 -2.59167218 -2.60483646 -2.60217166 -2.61157966 -2.62797713 -2.63249159 -2.62887859 -2.67538238 -2.69030094 -2.69554305 -2.72396827 -2.73229671
-2.25460386 -2.25953913 -2.27495146 -2.27875590 -2.28325725 -2.28527617 -2.28668046 -2.28443933 -2.28138995 -2.29453611 -2.29366446 -2.29626036 -2.30505514 -2.31620622 -2.31772041 -2.30557346 -2.30358744 -2.30873418 -2.29633307 -2.28604388 -2.28757310 -2.27666688 -2.24949765 -2.25548053 -2.25110221 -2.23839188 -2.22865868 -2.23365402 -2.23792601 -2.23413301 -2.21937776 -2.21304989 -2.15479255 -1.67597568 -0.86307281 0.09128676 1.15204477 2.30664206 2.87369871 2.91954923 2.94685769 2.96658540 2.97314262 2.95841527 2.97352481 2.99452972 3.02081609 3.06236124 3.11242223 3.14369655 3.15919876 3.17582011 3.17901611 3.19282293 3.21118617 3.20799851 3.21358109 3.21711850 3.22398448 3.23047853 3.21701956 3.19513607 3.17442966 3.16187644 3.11400223 3.10840821 3.10976505 3.09707785 3.11361861 3.13601089 3.15430355 3.15786910 3.18259382 3.20092177 3.20900965 3.19352460 3.19883060 3.19095278 3.20994377 3.20956516 3.21042085 3.21714187 3.21453142 3.21093893 3.23388076 3.23690605 3.25159144 3.26045465 3.25171185 3.24822688 3.23752260 3.21397758 3.16596174 3.15091658 3.09723568 3.04593277 3.02841377 3.00020623 2.94506598 2.84293365 2.47544599 1.69606364 0.85987747 -0.21516828 -1.47733164 -2.18997812 -2.38502741 -2.45174265 -2.50447512 -2.53431821 -2.55655766 -2.56792974 -2.59851837 -2.62414360 -2.62534690 -2.61887383 -2.63488412 -2.63197517 -2.63455319 -2.67871022 -2.70290732 -2.70257592 -2.73045063 -2.74801135
-2.26384807 -2.27963948 -2.28015995 -2.28187633 -2.29547119 -2.29499435 -2.29826093 -2.29551387 -2.28861952 -2.28966689 -2.30489135 -2.30274773 -2.30469632 -2.31499267 -2.31799483 -2.31025624 -2.31809258 -2.31194425 -2.30631542 -2.30486989 -2.30927491 -2.29124379 -2.27045536 -2.27373099 -2.26789498 -2.25305176 -2.25645685 -2.24795270 -2.24036527 -2.23437524 -2.22261047 -2.21917820 -2.12276292 -1.56432295 -0.72035766 0.17981067 1.38694489 2.47677493 2.90274858 2.94244719 2.95970154 2.98705363 2.99208879 2.97387862 3.00194716 3.01377106 3.02233529 3.06702256 3.10894275 3.12905455 3.14872289 3.16252208 3.18376851 3.18464327 3.19296408 3.19906020 3.21853256 3.23059630 3.22938085 3.23597503 3.22286820 3.20299053 3.18641925 3.15210962 3.12212372 3.08777404 3.08800673 3.07873273 3.08735466 3.10565257 3.11922622 3.13793230 3.16410851 3.17974448 3.17872882 3.18231225 3.16096282 3.18727779 3.20182276 3.20728159 3.20207167 3.20429873 3.20208406 3.21422338 3.21597815 3.23851538 3.25050879 3.25878835 3.25229192 3.24162698 3.22852898 3.17860556 3.15118885 3.10595012 3.07007027 3.03166986 3.01949859 2.99721408 2.94670033 2.85592937 2.46401238 1.69414341 0.74869388 -0.31245756 -1.54143322 -2.26544762 -2.42703056 -2.48702908 -2.51933622 -2.54888201 -2.57837725 -2.60385752 -2.62057257 -2.65193534 -2.63666201 -2.64776897 -2.65331078 -2.65172434 -2.65894413 -2.68477416 -2.72248864 -2.75105715 -2.74556494 -2.78188825
-2.27125645 -2.27740574 -2.28266215 -2.29647517 -2.30152678 -2.29938650 -2.29460239 -2.29961395 -2.29381514 -2.29643011 -2.30333638 -2.30344796 -2.30568695 -2.31366825 -2.32117844 -2.31881785 -2.31791592 -2.32743859 -2.32188463 -2.31068134 -2.32456946 -2.30902338 -2.29575539 -2.29766941 -2.27729297 -2.26971269 -2.26747847 -2.25864601 -2.24088478 -2.23760533 -2.23825240 -2.22501493 -2.08820844 -1.48304081 -0.63242292 0.30038416 1.53071952 2.56631327 2.91308141 2.95297837 2.97830248 3.00280333 3.01616907 3.00024104 2.99218488 3.02529812 3.03625846 3.06761551 3.10732222 3.11727524 3.14297318 3.15373039 3.15314102 3.17188883 3.18818402 3.20227885 3.20657682 3.21520162 3.22056603 3.22613502 3.22382259 3.20851994 3.18513584 3.15429568 3.12214422 3.09175968 3.06709290 3.06261039 3.04506087 3.07153249 3.09206820 3.11851072 3.14438725 3.15379071 3.16295457 3.15864348 3.15273905 3.15992832 3.18739510 3.19617343 3.19694281 3.20083451 3.19902468 3.20638657 3.21825838 3.22928834 3.24599004 3.24952269 3.23845077 3.23419237 3.20026016 3.17033243 3.10713053 3.08412433 3.03825283 3.00189257 2.99854398 2.95842552 2.94509840 2.87993407 2.44347525 1.70350134 0.80705678 -0.37596464 -1.60749018 -2.28672934 -2.44041562 -2.50255728 -2.53233027 -2.56039000 -2.59192038 -2.61832666 -2.64345908 -2.65288496 -2.65401316 -2.66583061 -2.68451238 -2.67271042 -2.67059255 -2.71376014 -2.74184322 -2.75118899 -2.78513193 -2.79807520
-2.26448870 -2.27336574 -2.28873396 -2.28822494 -2.28955436 -2.28787398 -2.29581475 -2.29384017 -2.28001380 -2.28374052 -2.28880692 -2.29965663 -2.30011344 -2.30465317 -2.31181240 -2.31847954 -2.31024122 -2.31959558 -2.31819296 -2.31937099 -2.31987000 -2.32112646 -2.30261278 -2.28957868 -2.28364062 -2.26960182 -2.26203132 -2.24938655 -2.24622893 -2.24026537 -2.22783899 -2.20544553 -2.05015826 -1.39813566 -0.53025448 0.39078292 1.63684523 2.68104601 2.91614270 2.96500158 3.00152254 3.00815964 3.03099370 3.01410699 3.01150393 3.03838778 3.03446674 3.06384826 3.09486222 3.11871982 3.12648654 3.14145350 3.13786054 3.14818144 3.16787076 3.18483067 3.20232773 3.21617913 3.21484900 3.21902132 3.22852921 3.20221639 3.17885208 3.16047621 3.13056087 3.09410238 3.06470060 3.04931521 3.04216790 3.04322219 3.08720899 3.11472249 3.13241839 3.15973639 3.16298509 3.17108202 3.14410448 3.15358377 3.18242812 3.18584967 3.18843937 3.19838905 3.18619871 3.20451427 3.21630859 3.22489595 3.23805904 3.24427295 3.22055173 3.21133232 3.17648339 3.14233971 3.10768247 3.06774473 3.01354933 2.98769426 2.98760891 2.96331143 2.96004772 2.90792894 2.50564528 1.68649614 0.87882978 -0.33488053 -1.62113667 -2.30738735 -2.44931436 -2.49588966 -2.54361296 -2.56582713 -2.58719230 -2.62250066 -2.63892603 -2.65626001 -2.66654396 -2.66908526 -2.67740512 -2.67433858 -2.70156741 -2.72800517 -2.72383690 -2.76166773 -2.78489971 -2.80720186
-2.25743985 -2.27257514 -2.27443528 -2.28094959 -2.28585410 -2.28429866 -2.28489637 -2.27847672 -2.27539015 -2.28029513 -2.28226614 -2.28072143 -2.28745866 -2.29086423 -2.29825401 -2.29522157 -2.30518198 -2.29711032 -2.31335211 -2.30365133 -2.30234241 -2.30619597 -2.29695773 -2.28525567 -2.27319145 -2.27060199 -2.25856638 -2.24638915 -2.23501563 -2.22851944 -2.22740984 -2.19762778 -2.02602506 -1.31777382 -0.45227015 0.39955300 1.71317637 2.75962877 2.93485785 2.97481418 3.00035191 3.03536510 3.03615236 3.02920699 3.02145886 3.01823640 3.03214478 3.05571437 3.07816076 3.09304070 3.09787321 3.11798573 3.12415171 3.12936091 3.15182662 3.16688943 3.18268681 3.19131374 3.19759846 3.19671059 3.20025182 3.19264984 3.17022848 3.15801644 3.12632847 3.08915281 3.05981541 3.04931688 3.03768659 3.04753780 3.07431579 3.10878539 3.14529061 3.15640688 3.15246367 3.15899158 3.14658213 3.15650797 3.18525958 3.16603303 3.18692374 3.19065285 3.19564629 3.19971824 3.22694063 3.22191358 3.23177600 3.23438549 3.22820449 3.20283031 3.17107034 3.12447524 3.09954262 3.04419160 3.00608754 3.00599074 2.99005103 2.96532130 2.95243287 2.89445519 2.48974705 1.67084539 0.76702935 -0.30717039 -1.63218999 -2.31493163 -2.45563054 -2.51034784 -2.54495001 -2.57189345 -2.59432244 -2.61673379 -2.64335012 -2.65093517 -2.67225051 -2.67223477 -2.67829680 -2.68583751 -2.68867064 -2.71232867 -2.73466730 -2.74267316 -2.76615524 -2.78534532
-2.25371456 -2.25638342 -2.27075529 -2.27015400 -2.27660561 -2.27120256 -2.27173591 -2.27577472 -2.27057910 -2.26654720 -2.27514386 -2.27429366 -2.28105187 -2.28044033 -2.28032923 -2.28769326 -2.27725506 -2.29473996 -2.29176831 -2.29607868 -2.29973650 -2.29799342 -2.29001212 -2.27975655 -2.26825023 -2.25473785 -2.25102711 -2.25630021 -2.24402213 -2.22550559 -2.21474195 -2.18777323 -2.00505328 -1.34095550 -0.46116018 0.36252451 1.69350100 2.75889897 2.94969368 2.98816156 3.02562165 3.03570962 3.04642773 3.05644298 3.03770876 3.04040194 3.03633571 3.05431771 3.06904244 3.08095455 3.09922004 3.10110307 3.10955358 3.11910248 3.13994622 3.14855886 3.15573049 3.17313457 3.17201829 3.17011547 3.17606878 3.16826987 3.15813875 3.14220381 3.12274671 3.09571767 3.06553340 3.04635954 3.05513287 3.04848671 3.07904696 3.11613393 3.13557506 3.15488505 3.16416216 3.16260004 3.15435600 3.14879298 3.17121744 3.18122649 3.17341709 3.18383145 3.19251871 3.21000290 3.21812630 3.23962593 3.23888874 3.23933244 3.21903181 3.19774151 3.15729332 3.11218762 3.08216476 3.04564309 3.01028824 3.01285696 2.98643303 2.96687436 2.96262050 2.90717769 2.47077107 1.61308384 0.74642342 -0.34380698 -1.67613518 -2.36359620 -2.46164155 -2.51922107 -2.54219174 -2.57693958 -2.60110974 -2.62754941 -2.64537930 -2.65690756 -2.66362357 -2.68395019 -2.69757962 -2.69775987 -2.69056869 -2.72854567 -2.74209237 -2.72999477 -2.76580763 -2.77937436
-2.23772717 -2.23964524 -2.25129056 -2.24947882 -2.24710584 -2.25518608 -2.25861239 -2.25491023 -2.25229764 -2.25949812 -2.26253057 -2.26363730 -2.25811362 -2.27090144 -2.26653385 -2.26465416 -2.26125455 -2.26789069 -2.27291203 -2.27969241 -2.28615379 -2.28619456 -2.27614832 -2.26335526 -2.26061726 -2.24224162 -2.23917079 -2.22925854 -2.22354245 -2.21101570 -2.20054197 -2.18061829 -2.03369594 -1.38836491 -0.51023322 0.27914008 1.52214503 2.72575974 2.97961855 3.01430464 3.04267621 3.05782628 3.08277512 3.07192087 3.05823207 3.05689883 3.06246591 3.06772304 3.08517385 3.09776568 3.10299349 3.10899448 3.12114000 3.12234187 3.12964058 3.14607501 3.15950274 3.15982723 3.16005206 3.16182041 3.16289330 3.16279268 3.16426849 3.14929056 3.12421942 3.11151004 3.07681918 3.05234480 3.05196524 3.06502223 3.08279109 3.13264322 3.15627217 3.16858697 3.17685056 3.18397355 3.16814876 3.16550827 3.18393779 3.17906475 3.18279195 3.19357777 3.20037460 3.21341991 3.23222971 3.24335933 3.25243592 3.22699738 3.21428585 3.18169928 3.15550709 3.12562656 3.07552910 3.03616619 3.03878665 3.04520702 3.00569415 2.99606895 2.98680067 2.92297769 2.53404474 1.68714190 0.74196780 -0.35030544 -1.60258937 -2.34932256 -2.47719288 -2.51573467 -2.54401636 -2.56914330 -2.59922552 -2.61349249 -2.63279676 -2.65277147 -2.66700220 -2.66517448 -2.68687797 -2.68527937 -2.70265269 -2.71196294 -2.72726488 -2.73553658 -2.76285315 -2.77688694
-2.22962427 -2.22335792 -2.23531628 -2.24327874 -2.23281837 -2.23318505 -2.23959398 -2.23974538 -2.24943900 -2.24564075 -2.25098753 -2.24753213 -2.25039244 -2.25090337 -2.25066686 -2.24388170 -2.25062609 -2.24492812 -2.25863981 -2.25577569 -2.26095724 -2.26918507 -2.26250052 -2.25027442 -2.23931932 -2.23147988 -2.21079230 -2.20520091 -2.19983006 -2.19256783 -2.17107153 -2.14177108 -2.02137661 -1.51202536 -0.62298560 0.12343355 1.29450333 2.57006407 2.98007107 3.00957251 3.03339481 3.06286168 3.06790066 3.06854749 3.06871390 3.05751085 3.04943609 3.05103326 3.07709432 3.07606792 3.08227563 3.09577823 3.09859538 3.11785245 3.11269236 3.12497473 3.12686801 3.13165021 3.13629103 3.13495874 3.13478041 3.12614942 3.12772965 3.12433481 3.09749770 3.07422900 3.07242155 3.02634692 3.02132344 3.05527687 3.07618499 3.09951830 3.14302731 3.13870096 3.15591049 3.16958594 3.15752912 3.16632295 3.16895700 3.16363239 3.16393089 3.17395282 3.18437648 3.21182275 3.22710061 3.22702050 3.22972894 3.23161340 3.21557426 3.17252517 3.12312555 3.10560179 3.06642079 3.02512527 3.03274536 3.04082942 3.00674748 2.99131608 2.96490526 2.90281725 2.47779727 1.68684912 0.75588840 -0.34909344 -1.59118021 -2.34470940 -2.47979975 -2.51619053 -2.54003191 -2.56532216 -2.58281112 -2.60401988 -2.62918139 -2.64264798 -2.64208579 -2.65997767 -2.67005563 -2.68340135 -2.67564654 -2.70693398 -2.70916700 -2.72017694 -2.72610760 -2.76165581
-2.21690178 -2.21035242 -2.20939422 -2.22365618 -2.21485233 -2.21589255 -2.22482920 -2.22777152 -2.22648501 -2.22604418 -2.22814941 -2.23568892 -2.22294450 -2.22784734 -2.23338056 -2.23652840 -2.22425151 -2.23604226 -2.23670769 -2.24252725 -2.24580240 -2.24779940 -2.24562645 -2.23174381 -2.22736621 -2.20828271 -2.19137311 -2.18979669 -2.18506026 -2.15845394 -2.14520574 -2.12664485 -2.05544806 -1.64451683 -0.78577483 0.01248197 0.95508921 2.32939577 2.94767928 2.98216367 3.02000523 3.03740692 3.04553676 3.04920793 3.04955363 3.04195476 3.03416681 3.03842354 3.03496695 3.04370880 3.06488156 3.07539940 3.07127333 3.07763028 3.09788465 3.08885288 3.09238863 3.09963703 3.08766627 3.08759522 3.08715677 3.08663011 3.07244444 3.08101630 3.06509972 3.03095675 3.02104235 3.00065064 2.97851586 3.01442361 3.05522346 3.06782699 3.10181880 3.11025524 3.11047912 3.12614298 3.12558174 3.11762190 3.14534044 3.14320660 3.13118386 3.14112973 3.15374088 3.17242074 3.19768453 3.19911075 3.20589161 3.19107294 3.17335987 3.13415384 3.08445001 3.06413007 3.02403355 2.99119258 3.00716281 2.99949455 2.96622634 2.93583322 2.92584348 2.82228398 2.43893194 1.58593857 0.62800622 -0.47044224 -1.60032892 -2.31929421 -2.47473288 -2.51520705 -2.53385878 -2.55131936 -2.58123541 -2.59447026 -2.61117196 -2.63372350 -2.64219213 -2.65612912 -2.66096210 -2.66405416 -2.68273664 -2.68353629 -2.71358728 -2.71312785 -2.71567678 -2.73980975
-2.19118476 -2.19993401 -2.18410444 -2.18661022 -2.19534278 -2.19215894 -2.20464730 -2.19660974 -2.21075463 -2.21153498 -2.19757342 -2.20334983 -2.20005035 -2.20129180 -2.21477079 -2.21028757 -2.21358919 -2.22508860 -2.22451282 -2.22308803 -2.23188639 -2.23490238 -2.22167635 -2.22181273 -2.20543838 -2.19244671 -2.17504835 -2.15919018 -2.15658450 -2.15854764 -2.13351893 -2.10443044 -2.04997253 -1.77165675 -1.00413787 -0.18419890 0.65511525 1.99103367 2.89437032 2.97737026 2.99618483 3.02185345 3.04299521 3.03230667 3.04230142 3.03684592 3.03077865 3.04017830 3.03181458 3.04282904 3.05241847 3.07133055 3.07717013 3.08756185 3.09770346 3.08961892 3.08937311 3.09070492 3.09151983 3.08261108 3.08269310 3.07650876 3.06308317 3.06397700 3.03368068 2.99711561 2.99249959 2.98627877 2.97136211 2.98946762 3.02287626 3.05918622 3.08383012 3.08840322 3.09007835 3.11508632 3.11257625 3.11147094 3.13313198 3.12407136 3.12408710 3.13931084 3.12816978 3.13806581 3.17511439 3.19020271 3.18361855 3.18123198 3.15564156 3.11150217 3.07515931 3.05165839 3.01599145 2.97885299 2.99463940 2.98368096 2.94609523 2.91549587 2.89304018 2.76358008 2.28100371 1.46616554 0.43082643 -0.60968167 -1.71004415 -2.33824277 -2.47024322 -2.50726771 -2.53256106 -2.53543210 -2.56520534 -2.58146429 -2.60391378 -2.62238836 -2.62382102 -2.63045835 -2.64366579 -2.65514159 -2.66150403 -2.67683315 -2.69277930 -2.70310712 -2.72069788 -2.72265005
-2.17841363 -2.17615485 -2.16677785 -2.17033076 -2.16815138 -2.16649914 -2.18059158 -2.18447208 -2.17902136 -2.19786549 -2.18461728 -2.18549728 -2.18390894 -2.18099642 -2.19726276 -2.19719291 -2.19833994 -2.20327497 -2.21005130 -2.21176052 -2.21924233 -2.21599483 -2.20956516 -2.19854474 -2.18945050 -2.18096280 -2.16571832 -2.15005755 -2.14052272 -2.13688421 -2.11620355 -2.09613514 -2.06264997 -1.86384571 -1.27206588 -0.38442463 0.38670409 1.52819443 2.70157099 2.95783114 2.96530676 3.00211310 3.00491643 3.01783705 3.02579689 3.02635550 3.01891971 3.03524613 3.05324030 3.02816439 3.05847454 3.07746863 3.07490063 3.07417059 3.08820462 3.09464025 3.08489132 3.08887148 3.08646441 3.07667899 3.07544041 3.07206845 3.05308223 3.03451872 3.01712680 2.98064256 2.97816157 2.95603609 2.95240808 2.97560883 2.99538302 3.02217937 3.04930878 3.06970549 3.07050800 3.07903743 3.09198785 3.08464193 3.09797430 3.10552359 3.10429716 3.10554099 3.10694528 3.11668110 3.14785743 3.15864515 3.16230798 3.14581585 3.13304090 3.09741497 3.08061051 3.04559112 3.01073241 2.98180079 2.98214030 2.96641684 2.91804171 2.88651109 2.84613681 2.66632867 2.12782335 1.20288026 0.22585124 -0.87572461 -1.88101780 -2.36160803 -2.46840286 -2.50654459 -2.52675176 -2.54523087 -2.55551124 -2.58274484 -2.58825541 -2.60713625 -2.62184858 -2.63005733 -2.63958025 -2.63643241 -2.64922547 -2.67198038 -2.67236114 -2.69622040 -2.70410776 -2.71678114
-2.15573668 -2.15975046 -2.16049314 -2.15625167 -2.15754247 -2.14564919 -2.15614653 -2.16585207 -2.15944886 -2.16271639 -2.17407465 -2.16600990 -2.17034507 -2.16218448 -2.17192554 -2.17743421 -2.18171120 -2.18434763 -2.19262648 -2.19604278 -2.18916011 -2.19547534 -2.19895220 -2.17750239 -2.17053819 -2.16644478 -2.14834595 -2.13045382 -2.13565207 -2.12137580 -2.11124802 -2.09910893 -2.06481385 -1.92672455 -1.47957897 -0.68310481 0.14020927 1.08996713 2.34857392 2.91819620 2.95694494 2.98043370 2.99707270 2.99552321 3.02099800 3.01758313 3.01597047 3.03672481 3.04638028 3.03647399 3.04945517 3.06917119 3.05595183 3.04809666 3.07855368 3.07238150 3.06986547 3.07248354 3.06897736 3.07180047 3.06560302 3.05089426 3.03698277 3.02826118 3.00826287 2.98636961 2.96636057 2.96679401 2.96451616 2.96743822 2.99477959 3.01277161 3.04207110 3.04905176 3.03924298 3.04955935 3.06812620 3.06653142 3.06395316 3.08033085 3.07116365 3.09726691 3.09423900 3.10507989 3.11565185 3.13873529 3.14171863 3.13588452 3.08589911 3.08754158 3.06142092 3.03486967 3.00785398 2.99113894 2.95854974 2.92718506 2.88634753 2.84990644 2.77831745 2.48707151 1.92310846 0.98128355 -0.12168787 -1.13493752 -2.01199484 -2.39293194 -2.46830034 -2.50804806 -2.52839851 -2.54470158 -2.55711031 -2.56979990 -2.59395146 -2.60007620 -2.60307670 -2.61578894 -2.62427163 -2.64415812 -2.65910077 -2.67326975 -2.67877316 -2.68547320 -2.68587685 -2.70927167
-2.14463425 -2.15361786 -2.14248204 -2.13502240 -2.13119316 -2.14046741 -2.14711261 -2.14948797 -2.15035343 -2.15218067 -2.15416098 -2.14801860 -2.15300965 -2.15303206 -2.15160298 -2.16214442 -2.15993214 -2.16528034 -2.17069292 -2.17750216 -2.17571402 -2.18539262 -2.18715286 -2.17321038 -2.15954900 -2.15272236 -2.13890862 -2.12993264 -2.12180257 -2.12021589 -2.10139227 -2.09417605 -2.07202053 -1.98820770 -1.66009021 -0.98421401 -0.12547641 0.73285556 1.92188489 2.84069777 2.98964047 3.00811839 3.02111197 3.01863623 3.03991365 3.05240083 3.06096339 3.06914282 3.07909298 3.08356214 3.08246493 3.09645724 3.09280157 3.08281875 3.09112120 3.10397434 3.09230995 3.10220098 3.10312104 3.09945750 3.09500623 3.08116007 3.07352376 3.06023836 3.04788256 3.02949071 3.01331687 3.01946330 3.01013446 3.00472021 3.01351070 3.03348732 3.06459069 3.07441449 3.07397795 3.07643270 3.07629633 3.07261157 3.08472896 3.08585119 3.09877753 3.11971045 3.12234449 3.11355901 3.14445901 3.16172624 3.16130781 3.13710642 3.11752295 3.10689187 3.10042667 3.06907582 3.04786444 3.02310681 2.98741746 2.93916678 2.90810919 2.85818529 2.74880290 2.39191294 1.64879763 0.69858819 -0.40379596 -1.44389069 -2.19834638 -2.43015838 -2.47778964 -2.51550317 -2.53571057 -2.55946064 -2.57173634 -2.57623315 -2.60126758 -2.59559608 -2.61728263 -2.62771487 -2.64600062 -2.63796473 -2.65746927 -2.67088199 -2.68979478 -2.70717716 -2.71118879 -2.69938016
-2.13667488 -2.13032365 -2.13464928 -2.12618732 -2.12669301 -2.13080120 -2.13713670 -2.13485646 -2.13799214 -2.15151620 -2.14625049 -2.14063215 -2.14166045 -2.14991117 -2.14444280 -2.14477658 -2.14515352 -2.14846396 -2.16020346 -2.16331816 -2.16651797 -2.16683221 -2.16060805 -2.15883207 -2.14841342 -2.13351226 -2.10841489 -2.10422993 -2.10152054 -2.10357141 -2.09983373 -2.08833170 -2.06906557 -2.01198053 -1.83587110 -1.28948486 -0.44267976 0.42909527 1.40203428 2.57193613 3.02797985 3.03992629 3.05988359 3.06227374 3.07295632 3.09986639 3.09390926 3.12223768 3.14263701 3.13430738 3.12833881 3.13791013 3.13615847 3.12557721 3.13702297 3.13798666 3.13593674 3.12054324 3.13677692 3.12878203 3.13929367 3.12588859 3.11139607 3.09738088 3.07865191 3.06893301 3.06593323 3.05203152 3.04995966 3.05520153 3.03389502 3.04834652 3.08256578 3.10797668 3.10582829 3.10687256 3.11833525 3.11040282 3.11443162 3.12785554 3.12624240 3.14005756 3.14948344 3.16184378 3.16307092 3.17591000 3.17993927 3.17278910 3.13408303 3.11693168 3.12490654 3.11037374 3.07674623 3.06452966 3.03973627 2.96954584 2.92834067 2.87200832 2.68429136 2.22548151 1.36251664 0.33008924 -0.65418881 -1.70732582 -2.30472136 -2.44815063 -2.49003530 -2.53087020 -2.54756594 -2.56202602 -2.56590438 -2.58620715 -2.60229254 -2.61380005 -2.62274790 -2.64513445 -2.64713192 -2.65347481 -2.67961812 -2.68948102 -2.69155931 -2.71165705 -2.71652770 -2.71923900
-2.13240933 -2.13787937 -2.14326048 -2.13731146 -2.11925220 -2.08881426 -2.04168725 -1.93914044 -1.94632494 -2.11490226 -2.17911386 -2.14373350 -2.13106918 -2.13230896 -2.14360118 -2.14090109 -2.14030576 -2.14227891 -2.15093040 -2.15117097 -2.13902760 -2.14857984 -2.10747218 -2.01220703 -1.98642218 -1.93722641 -1.84255731 -1.77908111 -1.76697493 -1.81815636 -1.91108549 -1.94329917 -1.88784683 -1.80785823 -1.80964959 -1.54364097 -0.82119673 0.08231128 0.94458812 2.11204934 2.89844608 3.07371211 3.07686520 3.07539392 3.09014368 3.11183882 3.12336898 3.13420868 3.14608026 3.14052629 3.14343500 3.14109588 3.13905358 3.13360286 3.13191128 3.13178086 3.13415408 3.13469839 3.13275743 3.12935519 3.13064313 3.12956667 3.12054706 3.11771417 3.09094143 3.08099890 3.07421446 3.06277514 3.06055665 3.05566478 3.03862762 3.04292488 3.07821870 3.09729624 3.11094952 3.11330175 3.12926865 3.12913847 3.11385322 3.12422276 3.14342117 3.16049981 3.15792036 3.16666293 3.17434335 3.18534923 3.18879676 3.17312455 3.13073540 3.11980009 3.11946440 3.10913658 3.08459711 3.06760859 3.05063486 2.97983336 2.91594958 2.85811019 2.56963801 1.98393238 1.08208728 0.02078006 -1.04585636 -1.94708192 -2.37181211 -2.45369720 -2.49052954 -2.51800942 -2.54800820 -2.55730033 -2.57504773 -2.59002352 -2.60716319 -2.60978985 -2.62791181 -2.64972115 -2.65594172 -2.66617560 -2.69662213 -2.68988419 -2.70684981 -2.72670984 -2.73754597 -2.73448491
-2.13487220 -2.13201523 -2.12165403 -2.07255626 -1.90244949 -1.60338748 -1.50743973 -1.56550193 -1.49218380 -1.60272384 -2.02620125 -2.18589735 -2.12189031 -2.11786389 -2.11745620 -2.12196565 -2.12718701 -2.12239599 -2.10320210 -2.05744314 -1.94390070 -1.81358922 -1.75135303 -1.54987550 -1.33152902 -1.27331460 -1.18908966 -1.13853610 -1.10466051 -1.06673241 -1.05415416 -1.16410589 -1.33434832 -1.33873785 -1.24750245 -1.18744969 -0.97107178 -0.37088585 0.57568741 1.51388359 2.56410599 3.03463006 3.08512521 3.08274555 3.08331990 3.11960125 3.12290406 3.12738466 3.13950300 3.15146494 3.14304614 3.14403248 3.13566303 3.14038730 3.13347125 3.13812757 3.13320422 3.13252831 3.12891340 3.13690448 3.13745236 3.13766956 3.11197877 3.11455083 3.10567927 3.08653665 3.08030200 3.05609965 3.05308175 3.04197931 3.02398705 3.03200459 3.06440806 3.09430337 3.10197926 3.12203026 3.11738086 3.12457037 3.12492704 3.12335753 3.13970995 3.14566374 3.15688777 3.17236900 3.18853450 3.18597364 3.17564726 3.16809464 3.13466048 3.10070944 3.10996866 3.10763574 3.09901524 3.09194040 3.03096700 2.99201179 2.91682196 2.79218125 2.43925977 1.73495340 0.77179432 -0.31809711 -1.31885684 -2.12285280 -2.41240478 -2.47280455 -2.49926829 -2.53058362 -2.55603790 -2.56895781 -2.58487439 -2.58647490 -2.61091518 -2.62873793 -2.63133645 -2.64907432 -2.65780187 -2.66921711 -2.69832945 -2.71011114 -2.72454977 -2.74776196 -2.74800396 -2.74348092
-2.12356138 -2.08599830 -1.97066915 -1.65474665 -1.28879058 -1.10570168 -0.87587458 -0.80817848 -0.86287254 -0.91520637 -1.28816533 -1.82196796 -2.06378746 -2.11390281 -2.11039114 -2.08327842 -2.02992177 -1.90737569 -1.73523510 -1.54084051 -1.39671814 -1.18024731 -1.02123260 -0.91973561 -0.68884128 -0.48724073 -0.37054884 -0.26755482 -0.22324161 -0.20930855 -0.28517067 -0.32659400 -0.37109703 -0.44270438 -0.57634199 -0.65408611 -0.45189738 -0.15729307 0.22604407 0.90916610 2.00819588 2.85600495 3.08869720 3.05769753 3.07016683 3.09204721 3.11467528 3.12922955 3.14023590 3.14170456 3.14308643 3.14486551 3.14025712 3.13495183 3.14524698 3.14017487 3.13107753 3.13453245 3.13445544 3.13453674 3.14218116 3.12789130 3.13376021 3.11792302 3.11282587 3.09985781 3.09352231 3.05304027 3.03430748 3.01853061 2.98312020 3.00345707 3.04747295 3.07159090 3.08914971 3.10273218 3.11382174 3.11224842 3.12175608 3.11555314 3.13462114 3.14533567 3.14675951 3.15522766 3.18132329 3.18689609 3.15839386 3.13616228 3.11097789 3.08071494 3.08961630 3.09791017 3.09383273 3.08809733 3.04112220 2.98748446 2.92777991 2.74916124 2.23869252 1.47303331 0.47187662 -0.63677543 -1.65601885 -2.25470161 -2.43255472 -2.47499275 -2.51357937 -2.54354501 -2.54891133 -2.57127309 -2.57262182 -2.59833837 -2.60723495 -2.62662196 -2.63822341 -2.64929795 -2.65988994 -2.65976501 -2.69497085 -2.71404195 -2.71425748 -2.75317764 -2.76194453 -2.74754643
-2.09348083 -1.91990030 -1.63845515 -1.28361928 -0.90301937 -0.42200875 0.04477224 0.23832670 -0.01169169 -0.23851387 -0.56703609 -1.14386690 -1.55309987 -1.80987453 -1.88708317 -1.74823499 -1.50996494 -1.29833567 -1.14544165 -0.97554618 -0.71656525 -0.48177630 -0.19442441 0.00654392 0.27670109 0.49108863 0.64146894 0.73847294 0.73676217 0.67465717 0.66197503 0.60855955 0.53982735 0.43825358 0.36676037 0.10510283 -0.13588180 0.06891577 0.52602720 0.88472235 1.37039983 2.46545672 2.99777889 3.04855180 3.05523896 3.05989838 3.08510113 3.10900545 3.11158514 3.11495018 3.11857843 3.12552166 3.11894464 3.11976814 3.11397123 3.11382818 3.11883497 3.12057805 3.11684036 3.12637782 3.12246180 3.11997890 3.11219263 3.12307310 3.10078645 3.09560943 3.07543135 3.04141188 3.01351881 2.98626161 2.96988058 2.97226477 3.00886273 3.04011750 3.05961514 3.08055806 3.08455610 3.09043908 3.10411835 3.10414791 3.12137580 3.12546968 3.12296438 3.14077973 3.16008472 3.15529871 3.13378119 3.10986257 3.08198309 3.05285215 3.05565166 3.07445669 3.08695912 3.08192897 3.03483391 2.97580600 2.90319109 2.68682790 2.09191442 1.18253887 0.22694553 -0.91911238 -1.92984617 -2.35094023 -2.43957949 -2.49492478 -2.51892138 -2.52838349 -2.55452752 -2.55731130 -2.57841444 -2.58775711 -2.61954808 -2.63041806 -2.63385653 -2.64953637 -2.64527559 -2.65434170 -2.68476129 -2.69864464 -2.71111822 -2.73462081 -2.75416827 -2.75152159
-1.97910941 -1.73542893 -1.29751837 -0.72358435 0.02460264 0.82967776 1.20620704 1.27778971 1.21793044 0.82134628 0.28216097 -0.32911968 -0.77320021 -0.92710632 -1.05127621 -1.07492208 -0.97316557 -0.71326286 -0.38804704 -0.05719794 0.27811930 0.64436752 0.91930562 1.24138510 1.47410858 1.73958647 1.88931119 2.01294398 2.05256677 2.06883001 2.04163194 1.95076668 1.80227053 1.69082808 1.50589097 1.17594123 0.71809942 0.48504388 0.69870156 1.11717105 1.51992846 2.09706354 2.80241942 3.01961899 3.03271770 3.05099535 3.07046270 3.08031607 3.09759688 3.09479737 3.10593581 3.09914351 3.09692550 3.09904218 3.10028648 3.10333753 3.11538672 3.09386492 3.10993791 3.11120868 3.10250378 3.11182404 3.10516691 3.09238338 3.10187173 3.08764625 3.06110191 3.02246428 2.98653245 2.96549845 2.93969584 2.95787525 2.99533749 3.01685810 3.03634810 3.06443977 3.07009149 3.06564593 3.08281803 3.09462452 3.09813476 3.11815667 3.10394454 3.12811136 3.14036036 3.13631558 3.10266948 3.08122468 3.06161070 3.02847791 3.02940083 3.05986595 3.08985543 3.07278633 3.03436732 2.97167158 2.87150669 2.57460904 1.91498375 0.97329408 -0.04120864 -1.14716601 -2.07850027 -2.40204787 -2.45845222 -2.49613953 -2.51978517 -2.54327798 -2.55470657 -2.56272888 -2.57196546 -2.58543587 -2.61452031 -2.63303804 -2.61881399 -2.63476348 -2.63759160 -2.64955640 -2.66551661 -2.69276500 -2.71025205 -2.71831322 -2.74852896 -2.75162411
-1.82693040 -1.49312019 -0.78702247 0.19895613 1.13968444 1.70806980 2.21313310 2.41302586 2.20190692 1.88101482 1.37153327 0.71835220 0.10763652 -0.15947331 -0.33621097 -0.29997021 -0.02048343 0.38349932 0.77644938 1.12194443 1.42538464 1.75485384 2.05357671 2.22868681 2.45420933 2.62174320 2.67631245 2.70716977 2.72964311 2.73051381 2.74565530 2.73832655 2.72657752 2.67821860 2.52941990 2.24814963 1.90121615 1.44253826 1.16009378 1.37655318 1.63210499 2.11367702 2.75138378 3.00196862 3.00164628 3.02785325 3.04472494 3.07504153 3.07914519 3.07494283 3.07571530 3.08619308 3.07529736 3.08089232 3.09057093 3.09014297 3.09485817 3.09071112 3.08340859 3.10786867 3.09352756 3.08317447 3.09570670 3.09935308 3.07628417 3.07800603 3.05561209 2.99008846 2.96888185 2.96096015 2.92823219 2.94214296 2.99095154 3.01851487 3.01161218 3.04653907 3.05678415 3.06068492 3.06591249 3.07215738 3.08153820 3.10251784 3.09376931 3.09160376 3.13685918 3.13079715 3.08466816 3.04332137 3.03375268 3.00998116 2.99769878 3.05019212 3.07133341 3.06823349 3.02096677 2.96049833 2.85001469 2.46900678 1.68764043 0.78652346 -0.21434869 -1.35146856 -2.20450592 -2.43173838 -2.47185612 -2.50521159 -2.52508640 -2.54250526 -2.55529261 -2.57201624 -2.58073926 -2.59196281 -2.60773134 -2.61662316 -2.63533187 -2.62794685 -2.64137888 -2.63449574 -2.66454744 -2.67389417 -2.70056653 -2.73109078 -2.72192669 -2.73748350
-1.69968820 -1.04236019 -0.13863452 0.93852890 1.67614460 2.40090561 2.67013788 2.69587183 2.61473846 2.38611221 2.14957094 1.67867625 1.14770782 0.82118064 0.73949176 0.85477644 1.15254009 1.49804926 1.84362876 2.12798762 2.40673161 2.57176065 2.66039753 2.71920896 2.71740675 2.73303866 2.74662352 2.75307012 2.75050259 2.75304079 2.76371622 2.77453256 2.77305937 2.79233885 2.81074429 2.73918676 2.53468347 2.26732516 2.04869533 1.86208487 1.93403339 2.20177388 2.66355801 2.98564792 3.00157905 3.01356816 3.02262449 3.04411697 3.05661821 3.05251431 3.06057692 3.06263328 3.06025648 3.06047416 3.06573057 3.07034183 3.09069920 3.08304906 3.06758285 3.08337688 3.08666897 3.06749249 3.07714558 3.07770777 3.07981038 3.05978751 3.04186940 2.99312496 2.94174480 2.94885588 2.92259669 2.93858123 3.00776100 3.01326823 3.01617050 3.04148746 3.05236411 3.04498172 3.05590868 3.07167554 3.08078456 3.08464575 3.07979774 3.08966684 3.11176419 3.10668349 3.06407905 3.03440905 3.02964711 3.00330734 2.97413325 3.02178574 3.05117416 3.04688334 3.00364566 2.89051747 2.74565506 2.32814765 1.45678926 0.50021243 -0.39711672 -1.47070873 -2.24836278 -2.44146538 -2.47976351 -2.51019955 -2.52453136 -2.53084087 -2.56442833 -2.56897998 -2.57666826 -2.58760715 -2.61443663 -2.63165665 -2.62676287 -2.63735628 -2.62892079 -2.65003300 -2.65927005 -2.66410065 -2.68587351 -2.70584941 -2.72000623 -2.73596621
-1.44578016 -0.63463932 0.38216057 1.29984200 2.21821547 2.67102122 2.70998549 2.71759224 2.73127747 2.68623042 2.57202578 2.42218447 2.23053741 2.06848454 1.97662306 1.98157918 2.13638330 2.40250039 2.59840989 2.69376588 2.71683836 2.73216724 2.73333097 2.74921846 2.76048946 2.76493597 2.77936816 2.77997589 2.78614402 2.79047394 2.78374195 2.80205035 2.80804586 2.81807303 2.82087970 2.83696675 2.82519174 2.68593764 2.58451200 2.64202285 2.52184105 2.45211339 2.71787667 2.99119401 3.00102186 3.02428079 3.03248382 3.02743983 3.05654907 3.04599833 3.04781580 3.06955004 3.05270720 3.06960511 3.07345724 3.07453370 3.08375001 3.07892013 3.07419586 3.07083750 3.07393050 3.07774377 3.06464529 3.07606149 3.07448196 3.05591846 3.04025435 2.98943305 2.94518805 2.95622301 2.95425367 2.96811056 3.02980590 3.02855730 3.03122950 3.04899788 3.06087160 3.05109811 3.07102942 3.08601880 3.08677888 3.09230852 3.08289766 3.08337259 3.10487962 3.11157870 3.08712316 3.04181194 3.01154923 3.00285649 2.98039508 2.99763274 3.02629709 3.01981878 2.96578455 2.80253124 2.50644231 2.06880283 1.20003080 0.16933621 -0.73348629 -1.62157178 -2.25054383 -2.44237781 -2.48312950 -2.51151586 -2.52375555 -2.53532171 -2.55544448 -2.56466627 -2.57750607 -2.58816218 -2.61189103 -2.61979246 -2.62574315 -2.64122438 -2.64927483 -2.64220023 -2.65226960 -2.66561389 -2.66950369 -2.71013808 -2.72123599 -2.74676275
-1.21430516 -0.42361420 0.59764230 1.70846522 2.53611803 2.71680427 2.72667575 2.73836780 2.75213575 2.75461364 2.71992040 2.69962788 2.68971324 2.67684126 2.66338158 2.65935206 2.70191693 2.73561358 2.75424147 2.75114822 2.74791169 2.74750876 2.76392078 2.76837277 2.77616763 2.78587437 2.80475807 2.79896951 2.81395364 2.81465197 2.81046438 2.82277274 2.83900571 2.83405375 2.83740115 2.84207201 2.86599278 2.86548185 2.85188341 2.88832688 2.93822122 2.87154102 2.92580414 2.98286176 2.98955441 3.00590563 3.03147483 3.03746796 3.03214192 3.03800821 3.03466225 3.04918861 3.04547954 3.04431510 3.06799865 3.06935835 3.07523298 3.07778025 3.06595850 3.05966496 3.05669427 3.05377293 3.05499864 3.06433582 3.05926466 3.04613209 3.02019000 2.98594546 2.96596336 2.97363853 2.95651436 2.99822426 3.04326868 3.04587245 3.03412557 3.06030869 3.07025838 3.06145525 3.05697083 3.07786775 3.07510018 3.09707093 3.08383536 3.08214450 3.10328197 3.10681033 3.07544756 3.03021336 3.00445104 3.01362324 2.97658849 2.95580792 2.96514630 2.92134905 2.79306817 2.57423782 2.19228768 1.63315022 0.83837193 -0.19309647 -1.06707346 -1.81706774 -2.30699563 -2.45200253 -2.47353792 -2.50311828 -2.52590346 -2.53840923 -2.54738593 -2.56384945 -2.57679582 -2.59767294 -2.60165119 -2.63275242 -2.63624096 -2.64602876 -2.63879108 -2.65190363 -2.65854430 -2.65661240 -2.67492843 -2.69652057 -2.72443581 -2.75061679
-1.04107332 -0.26145601 0.70239407 1.90939665 2.64446020 2.73085785 2.74963927 2.74849200 2.76828337 2.75865817 2.73995733 2.74201465 2.74437404 2.73406458 2.72779822 2.73922157 2.75834227 2.75583506 2.75896668 2.76863480 2.77052021 2.77437449 2.77407050 2.78501773 2.79815030 2.80929899 2.81359529 2.82266903 2.82022333 2.83282018 2.83292651 2.84218216 2.84209943 2.85041738 2.85969591 2.84856534 2.85612011 2.88567924 2.89471674 2.92216420 2.93659234 2.96349096 2.98068237 2.98450565 2.98100924 2.99151564 3.00458193 3.01421618 3.01268172 3.01577806 3.01342225 3.02140880 3.03382540 3.02546883 3.04099369 3.04339361 3.04997897 3.06760073 3.04897642 3.03226447 3.02269173 3.00568056 3.02061868 3.03652143 3.05004144 3.02693486 3.00758791 2.99119663 2.97139192 2.95723486 2.97187233 3.00904107 3.04014826 3.04113650 3.03500772 3.05001807 3.05600142 3.04699397 3.05595732 3.06657887 3.07709527 3.07161903 3.07549787 3.07494140 3.08921123 3.07952332 3.07448578 3.04198694 3.00862503 2.99117398 2.96948481 2.91415405 2.86225462 2.74230933 2.48586440 2.09208632 1.62550521 1.02495646 0.26902112 -0.60608089 -1.41899753 -1.99344718 -2.33304834 -2.44575596 -2.49091864 -2.50619316 -2.52629018 -2.52968454 -2.54870033 -2.56240559 -2.56820273 -2.58803606 -2.61625648 -2.62631011 -2.64348555 -2.64824843 -2.67063284 -2.66042352 -2.65592432 -2.64733410 -2.66599059 -2.69586015 -2.72987008 -2.76342273
-0.86187094 -0.13521351 0.65816134 2.01376414 2.71391582 2.73682213 2.74854136 2.75251174 2.75664830 2.76494598 2.74666905 2.74689913 2.75288200 2.73605967 2.74694729 2.75782275 2.75466609 2.76893663 2.77754760 2.77657127 2.77970481 2.79010010 2.79933381 2.80228472 2.81341481 2.81956291 2.82818532 2.83365297 2.83332276 2.83798170 2.84231210 2.84997892 2.86203742 2.86347127 2.86731768 2.86355519 2.86737037 2.88961649 2.90493488 2.92748833 2.94368744 2.94726467 2.96108413 2.97868037 2.96810365 2.98176122 2.99576640 2.98845482 2.99580789 2.99344277 3.00177741 3.00667334 3.01397943 3.01807857 3.01950288 3.02685404 3.03810167 3.03462338 3.01428127 2.99958420 2.98263335 2.93917203 2.93774247 2.98959827 3.01851416 3.01434731 2.99271274 2.98097420 2.96547580 2.95617056 2.97573423 3.00804019 3.03632665 3.02867675 3.02799749 3.04268980 3.04347420 3.04609966 3.05087519 3.05619669 3.06666422 3.07733655 3.05337191 3.05865192 3.07402682 3.08693314 3.06637573 3.03204417 3.01134777 2.99457145 2.98048711 2.90127182 2.72196245 2.53609252 2.20309615 1.59702682 0.87197852 0.22149895 -0.38132089 -1.07495320 -1.76637554 -2.15174627 -2.34396386 -2.45624828 -2.48510003 -2.50624371 -2.51946306 -2.54579139 -2.56060338 -2.56553650 -2.56400728 -2.58496022 -2.60522771 -2.63144040 -2.64489079 -2.65558743 -2.65894675 -2.65162420 -2.65424323 -2.66009736 -2.66158390 -2.68671131 -2.74344611 -2.76189065
-0.69970536 0.00334701 0.66567624 1.88212192 2.66416979 2.72402453 2.72739005 2.74348426 2.74476695 2.74620891 2.73134017 2.72951794 2.73842549 2.72899556 2.73345041 2.74633741 2.75026774 2.75321555 2.77205706 2.77123356 2.77282310 2.77763820 2.77826023 2.79156971 2.80459738 2.81250834 2.81323910 2.81759262 2.82099700 2.82213545 2.82972836 2.83308363 2.85191083 2.84530163 2.85522723 2.86083770 2.86224794 2.87925076 2.89450383 2.91067266 2.92593098 2.93020439 2.92737246 2.94183278 2.94751978 2.95605659 2.96142578 2.95731759 2.96849632 2.96383905 2.96169901 2.97754359 2.98066068 2.98654366 2.99774742 3.00026917 2.99789119 3.00671768 2.98515296 2.94249940 2.94532323 2.91178656 2.85554242 2.89796019 2.95895648 2.97515941 2.96380568 2.96671653 2.97174716 2.95716715 2.95945406 2.98841524 3.00345850 3.00587797 3.00474262 3.02386642 3.01314759 3.01392245 3.03090620 3.03111649 3.03255367 3.03137589 3.03448772 3.03366685 3.03957486 3.02825499 3.01179767 2.99281883 2.98034620 2.95783973 2.92019439 2.88762665 2.63786602 2.30361080 1.90393651 1.21789706 0.20451899 -0.53095579 -0.99769109 -1.50124526 -2.00758529 -2.28456783 -2.38931608 -2.45466256 -2.49477696 -2.51166224 -2.53740096 -2.55386209 -2.54702759 -2.55933356 -2.58034563 -2.60034609 -2.60918856 -2.63203907 -2.65194702 -2.66141152 -2.66255116 -2.66561794 -2.64922714 -2.65929794 -2.65939546 -2.68385959 -2.72748280 -2.77842999
-0.61580843 0.10800019 0.69552541 1.57972038 2.51991367 2.72297406 2.71759892 2.72273016 2.73301888 2.73146200 2.73442698 2.72119474 2.72592926 2.72710562 2.72005224 2.71793818 2.73917460 2.75351405 2.75116587 2.76363158 2.75186634 2.76562476 2.77408099 2.77760863 2.80251694 2.80984044 2.80353236 2.81341124 2.80694914 2.81516194 2.81519866 2.81453371 2.82678890 2.83918643 2.83049393 2.85017037 2.86022019 2.87144160 2.88012218 2.88227510 2.89585328 2.90247941 2.90296793 2.91067529 2.91274095 2.90824771 2.92494392 2.92192101 2.93332982 2.93463969 2.92699981 2.93159175 2.94135284 2.95439148 2.95649099 2.95248342 2.97723842 2.98622513 2.96474671 2.92248440 2.89000106 2.88673329 2.84416842 2.84645820 2.89893055 2.93268681 2.95343065 2.96184230 2.95049381 2.94814801 2.95328569 2.96132565 2.98596406 2.97852182 2.98055172 2.99106574 2.99313974 2.99486876 2.99775434 3.00219226 3.00459051 3.00660348 3.00220966 3.00532913 3.00303173 2.98266721 2.96729898 2.93980193 2.91815019 2.94203949 2.85748458 2.78002691 2.63743114 2.09991574 1.50232911 0.82814014 -0.13255905 -1.10956168 -1.55837131 -1.83652389 -2.13986182 -2.34069896 -2.41708970 -2.46690011 -2.50087953 -2.52390075 -2.53184867 -2.53725696 -2.55232430 -2.56650305 -2.56939101 -2.59061766 -2.61521220 -2.63143086 -2.65101480 -2.65821409 -2.66856003 -2.66355848 -2.65752363 -2.64704037 -2.66989851 -2.67924905 -2.70037723 -2.75848389
-0.63991565 -0.09838916 0.54276150 1.21430874 2.16024852 2.66178179 2.75180769 2.72850800 2.74667382 2.75689602 2.74790168 2.75100827 2.74739099 2.74352336 2.74179006 2.75030184 2.75060081 2.76519990 2.76764178 2.76992679 2.77460122 2.77340817 2.78192496 2.75829315 2.70275831 2.66351175 2.66287231 2.66209197 2.67688847 2.69586325 2.71632195 2.71574759 2.72909260 2.74701738 2.76488733 2.78707790 2.81126714 2.81361032 2.84870148 2.86123466 2.86285973 2.88044834 2.88741827 2.89117122 2.90002179 2.90773582 2.91855979 2.91774297 2.91434813 2.90644145 2.90963316 2.90842533 2.86289048 2.91153550 2.92802954 2.92010570 2.95547175 2.96959186 2.95132160 2.90456724 2.87181640 2.84705544 2.82205129 2.83455539 2.89306879 2.91943836 2.94129467 2.95336223 2.94903278 2.94859481 2.94649887 2.95637417 2.96905732 2.96679235 2.96832800 2.99288869 2.98727918 2.99565458 2.99247289 2.99797702 3.00120783 2.99930215 2.99302816 2.98652148 2.98608756 3.00456452 2.96122980 2.93130994 2.87940311 2.88757205 2.87023044 2.75440240 2.55789495 2.16092086 1.39237237 0.62830067 -0.32187128 -1.35380864 -1.93990839 -2.08985090 -2.23683810 -2.36455035 -2.42391229 -2.46244144 -2.49590969 -2.50946116 -2.52856445 -2.53977942 -2.56528068 -2.56190038 -2.57304955 -2.59854841 -2.60771799 -2.62353826 -2.62992597 -2.63470006 -2.64374852 -2.63834858 -2.63062453 -2.63669801 -2.64721918 -2.66278696 -2.68518782 -2.70903993
-0.63727689 -0.27222127 0.23074946 0.81712353 1.43636835 2.15725899 2.63660026 2.75391960 2.75578570 2.75724483 2.74799061 2.76230693 2.75966215 2.74388480 2.74847269 2.75831008 2.75670552 2.76161647 2.77500892 2.76965332 2.75696206 2.65633726 2.46505141 2.29014015 2.20903373 2.14841223 2.09295607 2.06593227 2.07349825 2.08650208 2.10340858 2.13356996 2.18056059 2.21111369 2.22926950 2.27498555 2.30417967 2.33910918 2.39094615 2.44727612 2.48346281 2.51159954 2.54862070 2.57086945 2.60641623 2.63310575 2.66132283 2.70934582 2.73749423 2.71471834 2.71974015 2.77052665 2.73291516 2.72727036 2.79524660 2.79909754 2.79055262 2.84418368 2.87348604 2.83938146 2.81677675 2.81077981 2.78152275 2.79362345 2.84994531 2.89842916 2.91605949 2.92228913 2.93435478 2.92675114 2.91413236 2.93033862 2.95876431 2.96243072 2.96242762 2.98287678 2.97963667 2.97790265 2.98736048 2.98241806 2.97722149 2.96288204 2.96354628 2.97405362 2.96003962 2.96057510 2.92627454 2.88794827 2.84845495 2.81217718 2.84329915 2.76884413 2.58901191 2.31501675 1.70083833 0.76752120 -0.09948148 -1.23297858 -2.04994631 -2.26734781 -2.33332801 -2.38871384 -2.44128203 -2.48166609 -2.50350785 -2.52482677 -2.54681587 -2.55550671 -2.56252241 -2.58371878 -2.59127450 -2.59996796 -2.61106014 -2.62575722 -2.62811255 -2.62814760 -2.62859178 -2.62569737 -2.60171771 -2.61286521 -2.63839269 -2.64795971 -2.66349721 -2.70798779
-0.66959882 -0.51703423 -0.24167491 0.30044317 0.87169820 1.47491789 1.99539840 2.40713668 2.66314960 2.75690007 2.76141334 2.74690914 2.75612068 2.75548220 2.74818540 2.74205732 2.75102139 2.74473977 2.68881941 2.57893109 2.33593416 2.07320070 1.90225816 1.76671731 1.57007241 1.38620675 1.26389134 1.23098803 1.24149847 1.24890757 1.26627588 1.29376125 1.32440341 1.36156297 1.36786270 1.40376937 1.45986366 1.49131906 1.52364194 1.58115530 1.64026475 1.69572735 1.73127317 1.75655067 1.81165469 1.87566185 1.90878594 1.97655523 2.05095363 2.09354663 2.08495402 2.12039113 2.13884139 2.11726522 2.18895030 2.19907665 2.24545789 2.31002188 2.35685945 2.37227941 2.38072443 2.42909384 2.44696355 2.44652724 2.50105333 2.61062264 2.68990469 2.72689342 2.78995681 2.83643532 2.87886000 2.91072583 2.88474202 2.83187222 2.82231760 2.84124112 2.86141682 2.85912752 2.86099315 2.86744523 2.88089132 2.88854265 2.89073157 2.89194298 2.90165424 2.88788247 2.91572762 2.85878897 2.82151961 2.79388142 2.74506068 2.70671487 2.68037963 2.52407646 2.00406170 1.18432939 0.29145792 -0.64548856 -1.69027567 -2.10405612 -2.17173600 -2.24399018 -2.31681991 -2.35959172 -2.38858747 -2.42630553 -2.45952272 -2.47989655 -2.50531816 -2.52097631 -2.52216411 -2.53564143 -2.56292605 -2.57997489 -2.60142136 -2.60514736 -2.59823895 -2.60001063 -2.58941817 -2.60945678 -2.64102387 -2.65776515 -2.68799114 -2.70726156
-1.23298979 -1.08771324 -0.76810908 -0.40545386 0.12253177 0.77544403 1.43045747 1.79475439 2.09680414 2.37757444 2.57354546 2.65477228 2.67213893 2.69326711 2.73051620 2.69811678 2.60272861 2.43133569 2.20115542 2.01559067 1.89816654 1.69431734 1.38552105 0.99757940 0.70275426 0.57494146 0.51359302 0.44505191 0.47372293 0.50639868 0.52987295 0.54411584 0.57865417 0.62741709 0.64730656 0.68096900 0.71724057 0.73050719 0.79612762 0.85791129 0.90269303 0.94380200 0.96887404 0.99458653 1.02684116 1.09169769 1.13384485 1.19275486 1.25426733 1.27345824 1.25021839 1.27181590 1.27785134 1.25435066 1.28108621 1.37200058 1.38590133 1.44643664 1.50253701 1.56720364 1.58748496 1.62326014 1.67195904 1.74316359 1.80223131 1.87189400 1.98232186 2.08578944 2.20277858 2.33927321 2.43469667 2.53252435 2.49715662 2.40799332 2.35162997 2.31362224 2.31377506 2.32787228 2.32394671 2.34457111 2.39842987 2.44395709 2.44092059 2.49893165 2.57053804 2.63136458 2.70565796 2.67238545 2.54917645 2.54523182 2.55876279 2.53511286 2.46666169 2.42311382 2.10082674 1.40183055 0.66709715 -0.16659071 -1.13630080 -1.63360047 -1.72824240 -1.80950093 -1.86704624 -1.93709028 -2.00105119 -2.05054092 -2.09682560 -2.13842320 -2.16829276 -2.19473600 -2.23141098 -2.26513767 -2.28547072 -2.31148958 -2.34025240 -2.35410380 -2.35671186 -2.38005495 -2.39623141 -2.40397191 -2.45267558 -2.48951507 -2.50044703 -2.51940370
-1.58803833 -1.53774428 -1.40517938 -1.04778850 -0.65343410 -0.05781791 0.58375210 1.06616175 1.42922556 1.69336593 1.88376153 2.03508496 2.12915206 2.17578793 2.18829179 2.10340691 1.99655414 1.90256059 1.74751842 1.48065162 1.19152975 0.75527549 0.26520520 -0.04487230 -0.33000010 -0.57816374 -0.70742780 -0.76710653 -0.77526361 -0.71854007 -0.71042985 -0.65950388 -0.62120444 -0.56409210 -0.52172977 -0.50749904 -0.45033258 -0.39556241 -0.34219122 -0.24724476 -0.16178672 -0.08454512 -0.02372228 0.00325538 0.06962833 0.16892518 0.25175875 0.31073052 0.42934209 0.46416372 0.45068628 0.47508901 0.49098635 0.45896935 0.53065509 0.56822783 0.59017897 0.70314485 0.76489598 0.78443342 0.83852249 0.87259239 0.94101286 1.00013685 1.05180514 1.06760252 1.18268085 1.26333869 1.40026700 1.50829709 1.53626597 1.66569078 1.81151783 1.72660780 1.59028447 1.51523221 1.48390174 1.51103306 1.52456021 1.52008402 1.53637099 1.57202470 1.64077449 1.72161365 1.79304349 1.85261726 1.87994576 2.00184011 1.99445760 1.90264380 1.93275416 1.89470589 1.82099354 1.84375513 1.60608530 1.03283083 0.41078070 -0.22764169 -0.94414037 -1.42689097 -1.54089296 -1.59771574 -1.65144873 -1.70752180 -1.74408317 -1.76609170 -1.78856635 -1.78600347 -1.82137156 -1.83131731 -1.81291306 -1.82795429 -1.82271898 -1.82072246 -1.83260071 -1.85583270 -1.89820373 -1.91034734 -1.91091430 -1.92819202 -1.99103248 -2.01528192 -2.01086688 -2.03543353
-1.58012521 -1.60821199 -1.57108474 -1.43839455 -1.21903908 -0.90527624 -0.37111944 0.18954100 0.58220488 0.89807218 1.10381377 1.26878464 1.35302532 1.37530470 1.38777351 1.40981162 1.35059464 1.16145003 0.83818924 0.46489668 0.05290121 -0.31855953 -0.69954073 -1.04217649 -1.35353541 -1.56647515 -1.63043630 -1.66932702 -1.65428400 -1.66369784 -1.64703727 -1.63003528 -1.60553598 -1.58726931 -1.58016562 -1.61213577 -1.56514859 -1.56013262 -1.53516102 -1.45137286 -1.37895083 -1.32353914 -1.28071296 -1.26891589 -1.22042108 -1.11897182 -1.06011498 -0.98426992 -0.87199074 -0.81375724 -0.82423311 -0.79847866 -0.75534838 -0.75289065 -0.69610417 -0.66163331 -0.61969066 -0.55237234 -0.48112983 -0.42997330 -0.36511433 -0.28091031 -0.21405996 -0.10778217 -0.00195426 0.16143569 0.26789016 0.39697352 0.51785129 0.70040494 0.81737560 0.91656792 0.94914031 0.83972830 0.76657480 0.69654733 0.67743999 0.67337835 0.71020830 0.72459412 0.78334790 0.79832530 0.84055424 0.89078271 0.96007353 1.05140102 1.16872931 1.22460127 1.20688546 1.18429899 1.21555412 1.20964587 1.12383628 1.05266571 0.90927380 0.51088202 0.13547634 -0.24751137 -0.78050238 -1.15971327 -1.28884244 -1.41113985 -1.49889338 -1.53625619 -1.56191707 -1.59917235 -1.61548269 -1.59660637 -1.55663526 -1.54473662 -1.53774536 -1.52042961 -1.45785272 -1.38707423 -1.32020080 -1.27702177 -1.33569360 -1.44602811 -1.50915194 -1.53854704 -1.55422473 -1.59681559 -1.60799944 -1.60437310
-1.59239149 -1.57511914 -1.58281827 -1.57375026 -1.51515973 -1.34043372 -1.14632797 -0.83444303 -0.45543921 -0.03710915 0.27006015 0.46340638 0.58116859 0.65077835 0.69565010 0.58721894 0.36427724 0.07412500 -0.22078826 -0.59273732 -0.90340608 -1.11448908 -1.43035078 -1.66514754 -1.70982194 -1.72490013 -1.75072312 -1.75900722 -1.75912523 -1.71845067 -1.74965084 -1.74279451 -1.75338817 -1.73251545 -1.74637675 -1.77499783 -1.82129431 -1.80761969 -1.79469371 -1.77867353 -1.75558019 -1.75282896 -1.75571358 -1.76489127 -1.78401577 -1.75268722 -1.71173036 -1.72713363 -1.71391571 -1.66894877 -1.71718132 -1.71359253 -1.72025967 -1.73150647 -1.71893060 -1.67902625 -1.69145393 -1.65614903 -1.58871579 -1.53983569 -1.55852652 -1.49866879 -1.43901479 -1.34811807 -1.26058567 -1.18342352 -1.03770208 -0.88375098 -0.69518179 -0.44654506 -0.30804026 -0.25263286 -0.24715932 -0.28773820 -0.45248401 -0.52449447 -0.61147785 -0.56754953 -0.55294484 -0.48605996 -0.43836218 -0.36610603 -0.34781033 -0.20177810 -0.09253408 0.01888095 0.10453488 0.18303615 0.25723279 0.31905892 0.27472526 0.21846732 0.21984370 0.11781236 0.08887956 -0.06730007 -0.19342752 -0.33328921 -0.58730251 -0.75137162 -0.84388214 -0.93735212 -1.03499711 -1.09922302 -1.14564502 -1.16265094 -1.14447033 -1.16249228 -1.16394079 -1.17577803 -1.09270668 -1.03482389 -0.97157902 -0.84206897 -0.70037949 -0.58607405 -0.60615420 -0.76769346 -0.89881152 -0.94744474 -0.98243982 -1.07268596 -1.03837657 -1.01126838
