0.54866278 0.55351883 0.55405778 0.55904216 0.56059277 0.56153190 0.55510962 0.56000024 0.56376970 0.56086457 0.56416517 0.56320429 0.56138605 0.55888736 0.56896544 0.56850237 0.56414062 0.57034165 0.57976252 0.57824969 0.57796293 0.58170068 0.57595968 0.57917279 0.58047068 0.58300877 0.58562642 0.59172535 0.58606136 0.58434170 0.59305233 0.60088211 0.59407419 0.58653295 0.59508991 0.59795272 0.60147923 0.59834820 0.59448594 0.60262209 0.59794068 0.59912741 0.60355818 0.60100126 0.60446918 0.60541523 0.61060679 0.60850346 0.61453021 0.61451709 0.61800951 0.62409925 0.62170076 0.62085307 0.61287022 0.61947012 0.61662841 0.61003667 0.61580878 0.61101866 0.60673398 0.61599189 0.61067343 0.61753654 0.60837090 0.60825413 0.61238492 0.61599547 0.61327267 0.60992026 0.60441560 0.60805321 0.60111976 0.59787577 0.59520978 0.58987135 0.59506583 0.60025120 0.59302729 0.60318041 0.59817749 0.58581239 0.59224659 0.58780211 0.58023798 0.57312202 0.57704705 0.59618920 0.61201143 0.42355263 0.43089235 0.36071056 0.21219195 0.13015167 0.33532727 0.28083420 0.30896008 0.50988096 0.57514983 0.59313339 0.59297007 0.59830785 0.60006911 0.59957713 0.60948914 0.60553658 0.60575074 0.60907209 0.60580355 0.61176372 0.61275250 0.61311018 0.61880046 0.61721319 0.61356020 0.62812483 0.67081499 0.57750398 0.44109917 0.64593756 0.41645044 0.28774291 0.50015390 0.64257926
0.54932356 0.55436647 0.54792684 0.55069900 0.55520791 0.55029142 0.55492228 0.55529952 0.55518800 0.55646044 0.55651003 0.55458611 0.56415766 0.56154865 0.55558431 0.56464148 0.56397444 0.56693602 0.56455809 0.56845552 0.56765515 0.57639849 0.57962918 0.57416230 0.57571113 0.58357644 0.58039719 0.57377434 0.58535361 0.58637983 0.58051634 0.57791078 0.59111911 0.59218460 0.58882332 0.59097481 0.58552825 0.59131795 0.58430511 0.59281021 0.60409462 0.59227562 0.59421891 0.60150272 0.59741187 0.59397614 0.59130412 0.59879792 0.59537530 0.59902328 0.60125864 0.59905076 0.60019004 0.60471427 0.61128235 0.59904331 0.59959471 0.60402006 0.59386981 0.60125732 0.60339636 0.59660745 0.59245688 0.59633237 0.59967607 0.60386223 0.59803289 0.59562707 0.59417903 0.60294956 0.60044402 0.60069931 0.59703016 0.58715236 0.59460026 0.59155923 0.58653349 0.58751422 0.58425015 0.58003694 0.58858341 0.58435500 0.57875019 0.57620263 0.57485217 0.57677120 0.57815087 0.62535059 0.44368666 0.38766241 0.23103507 0.00003380 0.00000000 0.00000000 0.00000000 0.31677371 0.33923018 0.33762711 0.51472175 0.57722867 0.59097284 0.59141141 0.58624989 0.58315653 0.59041280 0.59123206 0.59626383 0.59361464 0.60815102 0.60222578 0.60736829 0.61101878 0.60292846 0.60430431 0.64494163 0.64466405 0.56633472 0.44714475 0.51939988 0.28652501 0.32880449 0.36061257 0.55804831 0.62176257
0.55278552 0.55268782 0.55332679 0.55689502 0.55734229 0.55668569 0.55572164 0.55726981 0.55606765 0.55717003 0.56688595 0.56386197 0.55336875 0.56843436 0.56347907 0.56468344 0.56962514 0.57061321 0.57659864 0.57577246 0.58103859 0.57404786 0.57496053 0.58628750 0.58781731 0.58185631 0.58457381 0.59259832 0.58663154 0.57893032 0.59659392 0.59494400 0.59099364 0.59540105 0.59255064 0.59342742 0.59901464 0.59488344 0.60249352 0.59613091 0.59516376 0.61167145 0.60881412 0.60283923 0.60269779 0.60389507 0.60925174 0.60543543 0.61550748 0.61282945 0.61683619 0.61870527 0.61812371 0.61054593 0.61175466 0.61286843 0.61478168 0.61333108 0.61690086 0.61163849 0.60824198 0.61201519 0.61352825 0.61622608 0.61164129 0.60436684 0.60671544 0.61702842 0.61242205 0.60808158 0.60792387 0.60169208 0.60101265 0.59559417 0.59488922 0.59557950 0.59871554 0.59584653 0.59983128 0.60641003 0.59329212 0.59179318 0.59199685 0.58907461 0.58685195 0.57762790 0.63048732 0.49662846 0.34619737 0.27831674 0.02570803 0.00000000 0.00000000 0.00000000 0.00000000 0.00000000 0.19508164 0.30708611 0.38031507 0.53369182 0.58765435 0.59306002 0.60097247 0.59761214 0.59969515 0.59677923 0.60304815 0.60089958 0.60972440 0.61514640 0.61159587 0.61195642 0.62892181 0.66551363 0.59996146 0.54687560 0.38302457 0.23854055 0.23482005 0.17281245 0.12745230 0.27635121 0.53455323 0.52256536
0.54737794 0.54945648 0.54807800 0.55089080 0.54808980 0.55160469 0.54916644 0.54374713 0.55440205 0.55700541 0.54961842 0.55443299 0.56090117 0.55696344 0.55790436 0.56434023 0.56830102 0.56842661 0.56964284 0.56965250 0.56464225 0.58116579 0.57716548 0.56830490 0.57826191 0.58342069 0.57661557 0.57426548 0.57961196 0.58216172 0.57788074 0.58632207 0.59018952 0.58648586 0.59060413 0.58893442 0.58698416 0.58539569 0.58740664 0.59570408 0.59833223 0.59177482 0.59261656 0.59884870 0.59707326 0.59804761 0.59557724 0.59810847 0.60091764 0.60003817 0.59865946 0.60580838 0.60773188 0.60562819 0.60349554 0.60342628 0.60370231 0.59726053 0.59695709 0.61036295 0.60646856 0.59984511 0.59674269 0.59378308 0.59862608 0.60325229 0.61083150 0.59977591 0.60652632 0.60381114 0.60032862 0.59472495 0.59365016 0.58924776 0.59523135 0.59069431 0.58406448 0.59133232 0.58368343 0.57589734 0.58758479 0.57380533 0.57268500 0.57793736 0.57377213 0.57874364 0.60787386 0.34913814 0.37573630 0.10013063 0.00000000 0.00000000 0.00000000 0.00000000 0.00000000 0.00000000 0.00000000 0.17224206 0.30528748 0.40747309 0.52749759 0.58362216 0.58674347 0.58231026 0.59256333 0.59144652 0.59027141 0.60249984 0.59634668 0.60342914 0.60430151 0.65287632 0.63313937 0.54810840 0.49947745 0.26562876 0.18275727 0.18796341 0.00000000 0.00000000 0.09384154 0.29422170 0.42110580 0.46583748
0.54456222 0.55669618 0.55756474 0.55127466 0.55121565 0.54763979 0.55579913 0.55895507 0.55571157 0.55256534 0.56140554 0.55969626 0.56217366 0.57642251 0.57423693 0.57315654 0.57379407 0.56531829 0.56059641 0.58305854 0.58505601 0.56681675 0.58161962 0.59499753 0.57263231 0.58911431 0.59354234 0.58238959 0.58247775 0.58606172 0.58965951 0.58788252 0.59002978 0.58951491 0.59374815 0.59548408 0.59021789 0.59836775 0.59896082 0.59400779 0.59879053 0.60488433 0.59958684 0.59690201 0.59699267 0.59600914 0.60250491 0.60528117 0.60719115 0.60760343 0.61555469 0.60832494 0.60633731 0.60542262 0.60614228 0.61059994 0.60437942 0.61622220 0.61053771 0.60203081 0.60779136 0.60425740 0.60733014 0.60897058 0.60646266 0.59766495 0.59954298 0.61145151 0.60106295 0.60103440 0.59880972 0.59468991 0.59828186 0.59381157 0.59471059 0.59892529 0.59838849 0.59786832 0.59892833 0.59255648 0.59031427 0.59582430 0.59016728 0.57961589 0.57084620 0.61177391 0.45628303 0.38060707 0.11214252 0.00000000 0.00000000 0.00000000 0.00000000 0.00000000 0.00000000 0.00000000 0.00000000 0.03712223 0.20321436 0.35613972 0.44432813 0.55234045 0.58839315 0.58458197 0.58873355 0.59250218 0.59098083 0.60107297 0.60966915 0.60346383 0.66654778 0.60898429 0.52241063 0.41156477 0.24682711 0.17922126 0.00000000 0.00000000 0.00000000 0.00000000 0.05558932 0.25086713 0.36288476 0.44844383
0.55278540 0.54736984 0.55392402 0.55106503 0.55118430 0.55262882 0.55064362 0.54582393 0.56889415 0.59710753 0.53251684 0.56278282 0.48645675 0.39437050 0.36041343 0.40059179 0.46939647 0.56418508 0.59896994 0.45561773 0.49151891 0.61153787 0.58273590 0.51327199 0.63300371 0.50606602 0.45039123 0.58268487 0.59295249 0.58573157 0.58720642 0.58885360 0.58667308 0.59247714 0.59037852 0.59003520 0.59087479 0.58889538 0.59614360 0.60006565 0.59365875 0.59680438 0.60090911 0.60246885 0.60019809 0.59866101 0.60552359 0.59858286 0.60160172 0.60381877 0.60435939 0.60947728 0.60817575 0.61576378 0.61150062 0.60829496 0.61290938 0.60316533 0.60992903 0.61125749 0.60477519 0.60401601 0.60983551 0.61090964 0.60819709 0.61593199 0.61352402 0.61308944 0.60673732 0.60176522 0.60552812 0.60115832 0.59543663 0.60136032 0.59458864 0.59478110 0.59422392 0.58814013 0.58534276 0.59096360 0.58442670 0.57826519 0.57242519 0.58083773 0.57750165 0.60624731 0.43039453 0.20904912 0.00000000 0.00000000 0.00000000 0.00000000 0.00000000 0.00000000 0.00000000 0.00000000 0.00000000 0.00000000 0.04065067 0.23728342 0.38182479 0.47588867 0.56427568 0.58824492 0.58767301 0.58080822 0.59306490 0.58913320 0.57402927 0.62427008 0.53354621 0.34369230 0.22999497 0.20445822 0.05699982 0.00000000 0.00000000 0.00000000 0.00000000 0.00000000 0.00000000 0.08539690 0.25927389 0.42532265
0.55077171 0.55330515 0.55064303 0.55263972 0.55235380 0.55219460 0.55329806 0.58154052 0.62558335 0.44203347 0.56794357 0.50279659 0.35539550 0.34991002 0.63080096 0.56391323 0.16337626 0.39429629 0.68025392 0.42401797 0.40248650 0.62137097 0.58937246 0.48992366 0.63350636 0.58754820 0.43736053 0.58443701 0.58890498 0.58529395 0.59156990 0.60264111 0.59489381 0.58647287 0.58697748 0.58952004 0.59230709 0.60305679 0.59289044 0.58691823 0.59161067 0.59138232 0.59119534 0.58811766 0.59904218 0.59872615 0.59348530 0.60003912 0.60320646 0.60738933 0.60461473 0.60890412 0.60052353 0.60205823 0.60263324 0.60254997 0.60511231 0.60720754 0.59813321 0.60052538 0.60593092 0.60438597 0.60143226 0.60316503 0.59971178 0.59970206 0.60378343 0.59703290 0.59881318 0.60025376 0.59383959 0.59490436 0.59422761 0.59342861 0.59232295 0.59430081 0.58758694 0.59206223 0.58804810 0.58007288 0.58115792 0.58618677 0.57750362 0.57035518 0.57057238 0.54586464 0.31923950 0.03322792 0.00000000 0.00000000 0.00000000 0.00000000 0.00000000 0.00000000 0.00000000 0.00000000 0.00000000 0.00000000 0.00000000 0.10438038 0.21899946 0.27484798 0.31769073 0.32615858 0.34651977 0.34358674 0.36280990 0.32714844 0.30552900 0.30117136 0.18843402 0.14608227 0.16655065 0.00000000 0.00000000 0.00000000 0.00000000 0.00000000 0.00000000 0.00000000 0.00000000 0.03825551 0.28426558 0.46127278
0.55171204 0.54785424 0.55647033 0.55572170 0.55373698 0.55487448 0.55911011 0.64409000 0.36863172 0.41132092 0.37509030 0.18188454 0.36344349 0.35976332 0.15356521 0.66192895 0.36609143 0.24265479 0.58880460 0.36404580 0.40919191 0.47800684 0.40127796 0.59145117 0.49526411 0.56231320 0.54666114 0.57760513 0.53974277 0.60258240 0.52858633 0.51536149 0.61145413 0.58678442 0.57554567 0.60360855 0.54885113 0.50509882 0.57391435 0.60834670 0.59717882 0.59621567 0.59674883 0.59692484 0.59600639 0.59556347 0.60642195 0.60595411 0.59781796 0.60359114 0.60240287 0.60917759 0.61305028 0.60843742 0.60629779 0.61465198 0.60334957 0.60622996 0.61655933 0.60227090 0.60527515 0.60783136 0.61463708 0.60891819 0.60715896 0.61051649 0.60573542 0.61113799 0.60325277 0.60111636 0.60511887 0.60192770 0.59876192 0.60267156 0.60043222 0.59780276 0.59216779 0.59228450 0.58994353 0.58916140 0.58718675 0.57731164 0.57271606 0.57577068 0.57982159 0.52345496 0.19051896 0.00000000 0.00000000 0.00000000 0.00000000 0.00000000 0.00000000 0.00000000 0.00000000 0.00000000 0.00000000 0.00000000 0.00000000 0.00486377 0.17607899 0.29294610 0.34591156 0.34308648 0.32669592 0.35561979 0.30601650 0.29447401 0.24916704 0.15510149 0.14806838 0.01332809 0.00000000 0.00000000 0.00000000 0.00000000 0.00000000 0.00000000 0.00000000 0.00000000 0.00000000 0.05461106 0.26309043 0.46709055
0.55587697 0.55870825 0.55237061 0.55265659 0.55185419 0.55246699 0.58494818 0.52457243 0.21613882 0.53970861 0.43396950 0.00000000 0.00000000 0.11808316 0.28417206 0.08679803 0.28483993 0.34175843 0.46436083 0.21687831 0.10587822 0.48321754 0.23412730 0.09833606 0.62609911 0.24155281 0.16615964 0.63342178 0.35190237 0.27668667 0.45407194 0.36521137 0.32694322 0.58114910 0.58803064 0.28344148 0.36162853 0.39231271 0.25774086 0.46358949 0.59579158 0.59045905 0.59729713 0.59676212 0.60189074 0.60419726 0.60170919 0.60187221 0.60014892 0.61024243 0.60811824 0.60786939 0.59178752 0.60075915 0.60481691 0.59991986 0.60110372 0.60343796 0.60322183 0.61029088 0.61293298 0.60842371 0.60224986 0.60743070 0.60240859 0.60586405 0.60266840 0.59768015 0.60026371 0.59527928 0.59587711 0.59778917 0.59215844 0.59164131 0.58422559 0.58001471 0.58959955 0.58491528 0.58061963 0.58296204 0.57722318 0.57822156 0.57164508 0.56937325 0.60442847 0.41189563 0.12595235 0.00000000 0.00000000 0.00000000 0.00000000 0.00000000 0.00000000 0.00000000 0.00000000 0.00000000 0.00000000 0.00000000 0.00000000 0.00000000 0.00000000 0.00000000 0.00000000 0.00000000 0.00000000 0.00000000 0.00000000 0.00000000 0.00000000 0.00000000 0.00000000 0.00000000 0.00000000 0.00000000 0.00000000 0.00000000 0.00000000 0.00000000 0.00000000 0.00000000 0.00000000 0.07009856 0.32411116 0.50336170
0.55347562 0.54758608 0.55109072 0.55710655 0.55778837 0.55436945 0.56960618 0.41320914 0.48688400 0.39758569 0.11262988 0.00000000 0.39884043 0.20721619 0.37301385 0.51352978 0.14388333 0.00000000 0.40372175 0.38451117 0.12670283 0.78995174 0.74911261 0.09146573 0.48972279 0.66969645 0.18657319 0.64830667 0.54667449 0.24927245 0.80576020 0.73372835 0.13549860 0.49816620 0.57315969 0.49679774 0.50202775 0.89482105 0.58899271 0.35320735 0.59962124 0.59147704 0.59580070 0.59409755 0.59158790 0.60031945 0.59885651 0.60382628 0.59865189 0.60245889 0.59860647 0.60262179 0.60878831 0.60459709 0.60323727 0.59993476 0.59943527 0.59798861 0.60148400 0.60023707 0.59685385 0.60227829 0.59987670 0.60227555 0.59546769 0.59338963 0.60158002 0.59692597 0.59443164 0.60129762 0.59771979 0.59386933 0.58723277 0.59216559 0.59201342 0.59294158 0.58450258 0.58537006 0.57567155 0.57654935 0.57192284 0.57022625 0.56172109 0.59373266 0.54667455 0.27333373 0.09832303 0.00000000 0.00000000 0.00000000 0.00000000 0.00000000 0.00000000 0.00000000 0.00000000 0.00000000 0.00000000 0.00000000 0.00000000 0.00000000 0.00000000 0.00000000 0.00000000 0.00000000 0.00000000 0.00000000 0.00000000 0.00000000 0.00000000 0.00000000 0.00000000 0.00000000 0.00000000 0.00000000 0.00000000 0.00000000 0.00000000 0.00000000 0.00000000 0.00000000 0.00000000 0.13416596 0.37895006 0.52411157
0.55157793 0.55812448 0.55774945 0.55237710 0.55133092 0.56312031 0.54112750 0.49763864 0.13792600 0.01865530 0.14208435 0.00000000 0.14144520 0.39876878 0.09185137 0.06061140 0.22563724 0.12892278 0.06077226 0.00000000 0.00000000 0.00000000 0.00000000 0.07470532 0.21884902 0.00000000 0.00000000 0.25289911 0.00000000 0.00000000 0.00000000 0.13127749 0.12522735 0.23261566 0.24766819 0.00000000 0.00000000 0.00000000 0.13971473 0.29407477 0.59543782 0.59965557 0.59556878 0.59767550 0.60364151 0.60540116 0.59648252 0.60661608 0.60643375 0.59956819 0.60079533 0.59693414 0.59750998 0.59521991 0.59470081 0.59867185 0.60508829 0.59784228 0.60675681 0.60393888 0.60370600 0.60002667 0.60015643 0.59178507 0.59848481 0.59901333 0.58973485 0.59679639 0.59462833 0.58892208 0.58750844 0.59191120 0.58333778 0.58655059 0.58106160 0.58070886 0.57617718 0.58193386 0.58343935 0.57889813 0.57227266 0.56445676 0.59115887 0.57864302 0.38646919 0.23518367 0.00000000 0.00000000 0.00000000 0.00000000 0.00000000 0.00000000 0.00000000 0.00000000 0.00000000 0.00000000 0.00000000 0.00000000 0.00000000 0.00000000 0.00000000 0.00000000 0.00000000 0.00000000 0.00000000 0.00000000 0.00000000 0.00000000 0.00000000 0.00000000 0.00000000 0.00000000 0.00000000 0.00000000 0.00000000 0.00000000 0.00000000 0.00000000 0.00000000 0.00000000 0.00000000 0.20779519 0.40737444 0.52415681
0.55178428 0.55145860 0.55331075 0.55857235 0.55629289 0.55279028 0.54370344 0.34319413 0.05732898 0.25517809 0.36624521 0.00000000 0.32377267 0.41136789 0.43504018 0.25561666 0.02328630 0.11829700 0.28864765 0.00000000 0.00000000 0.58975804 0.55492258 0.00000000 0.32310951 0.34365249 0.01932165 0.51451701 0.00000000 0.00000000 0.58683217 0.64783251 0.09447549 0.34250468 0.16956164 0.00000000 0.28778636 0.62928540 0.39621025 0.17635711 0.60213476 0.59143960 0.59460860 0.60074335 0.59734416 0.59820658 0.60517401 0.59774208 0.59659666 0.60346621 0.60183847 0.60228825 0.59910828 0.59639180 0.60004181 0.59801358 0.59125340 0.59121233 0.59451324 0.59907371 0.59052104 0.59183097 0.59504414 0.59518766 0.58549643 0.59343797 0.59666812 0.58987248 0.58856761 0.59171832 0.58475298 0.58433837 0.58012408 0.58122689 0.57780170 0.57251823 0.57812256 0.56831354 0.56349969 0.56299019 0.56695312 0.55492961 0.58062774 0.43788773 0.33869463 0.10570787 0.00000000 0.00000000 0.00000000 0.00000000 0.00000000 0.00000000 0.00000000 0.00000000 0.00000000 0.00000000 0.00000000 0.00000000 0.00000000 0.00000000 0.00000000 0.00000000 0.00000000 0.00000000 0.00000000 0.00000000 0.00000000 0.00000000 0.00000000 0.00000000 0.00000000 0.00000000 0.00000000 0.00000000 0.00000000 0.00000000 0.00000000 0.00000000 0.00000000 0.00000000 0.00000000 0.24122395 0.43533945 0.55648714
0.55992144 0.56138474 0.55716890 0.55584276 0.56140685 0.57057041 0.50088388 0.25166708 0.33112603 0.04807697 0.44781131 0.15456416 0.36333823 0.46199632 0.51838386 0.42766583 0.11997361 0.00000000 0.00000000 0.00000000 0.00000000 0.00000000 0.16089635 0.00000000 0.01934065 0.04685256 0.00000000 0.03474259 0.02487317 0.00000000 0.14025255 0.33257830 0.00000000 0.00000000 0.18965919 0.00000000 0.00000000 0.00560744 0.26369506 0.18661080 0.59138566 0.59488177 0.60002643 0.59851193 0.60227394 0.60112607 0.60114819 0.60117316 0.60417265 0.59509468 0.60125715 0.59438014 0.59570593 0.60175967 0.59521902 0.58846784 0.59835774 0.59763002 0.59074503 0.59043372 0.59047031 0.59303808 0.58481377 0.58401364 0.59111130 0.58139110 0.58817291 0.59001225 0.58124596 0.58295000 0.58218735 0.57860374 0.57930404 0.57390690 0.57320243 0.57556540 0.57230425 0.57328755 0.57401848 0.56981480 0.55572158 0.58241183 0.52064145 0.34822494 0.27854973 0.00000000 0.00000000 0.00000000 0.00000000 0.00000000 0.00000000 0.00000000 0.00000000 0.00000000 0.00000000 0.00000000 0.00000000 0.00000000 0.00000000 0.00000000 0.00000000 0.00000000 0.00000000 0.00000000 0.00000000 0.00000000 0.00000000 0.00000000 0.00000000 0.00000000 0.00000000 0.00000000 0.00000000 0.00000000 0.00000000 0.00000000 0.00000000 0.00000000 0.00000000 0.00000000 0.04523332 0.27795863 0.43633974 0.54260671
0.54424018 0.54851931 0.55700487 0.55293059 0.54853743 0.55605638 0.49860275 0.18624879 0.45076889 0.10070093 0.23509111 0.50977451 0.21473278 0.00000000 0.39445019 0.06136355 0.00000000 0.04394881 0.26641935 0.00000000 0.00000000 0.11919467 0.02810596 0.00000000 0.00000000 0.00000000 0.00000000 0.27890629 0.00000000 0.00825927 0.08868708 0.00000000 0.00000000 0.23975106 0.00000000 0.00000000 0.00000000 0.00000000 0.06728481 0.15854828 0.58850795 0.59872127 0.59556669 0.59835160 0.59825844 0.60291314 0.59850323 0.59800941 0.60124165 0.59813726 0.59841317 0.59923524 0.59784484 0.60051888 0.59563869 0.59214699 0.59862131 0.59080768 0.59019578 0.59103757 0.58393967 0.58401507 0.58995020 0.58006960 0.58280182 0.59627247 0.58504874 0.58470690 0.57985485 0.58273447 0.57695764 0.57191384 0.57658732 0.58122033 0.56855303 0.57165384 0.56874460 0.56522685 0.55786067 0.55922908 0.55983019 0.57862967 0.44163978 0.32126611 0.00000000 0.00000000 0.00000000 0.00000000 0.00000000 0.00000000 0.00000000 0.00000000 0.00000000 0.00000000 0.00000000 0.00000000 0.00000000 0.00000000 0.00000000 0.00000000 0.00000000 0.00000000 0.00000000 0.00000000 0.00000000 0.00000000 0.00000000 0.00000000 0.00000000 0.00000000 0.00000000 0.00000000 0.00000000 0.00000000 0.00000000 0.00000000 0.00000000 0.00000000 0.00000000 0.00000000 0.13922553 0.34405136 0.46867239 0.56190044
0.56379145 0.56111133 0.55360854 0.55425674 0.56599176 0.56060410 0.52145678 0.31776571 0.19246660 0.25955439 0.20875196 0.21020170 0.44004691 0.60907215 0.38353914 0.17146550 0.14410807 0.07745390 0.27969879 0.05417252 0.27850384 0.08242156 0.06775829 0.13932745 0.00000000 0.18980478 0.05097087 0.29677236 0.04250000 0.29973662 0.11862223 0.36662251 0.30327392 0.03903399 0.13603522 0.22184281 0.37104934 0.28654182 0.46228153 0.36627650 0.59582996 0.60015851 0.60153788 0.59797281 0.60792214 0.60551846 0.60659957 0.60403466 0.60633594 0.60814875 0.60913819 0.59924901 0.59837234 0.59609437 0.59671420 0.59106123 0.59096885 0.59632707 0.59536779 0.59721708 0.59471303 0.58960980 0.58799839 0.59264511 0.58681858 0.58136034 0.57864016 0.58031088 0.58325100 0.58298641 0.57372814 0.57985032 0.57337552 0.56876445 0.57002121 0.56980628 0.56663615 0.56897485 0.56845802 0.55372298 0.58865398 0.49303299 0.31900245 0.12296431 0.00000000 0.00000000 0.00000000 0.00000000 0.00000000 0.00000000 0.00000000 0.00000000 0.00000000 0.00000000 0.00000000 0.00000000 0.00000000 0.00000000 0.00000000 0.00000000 0.00000000 0.00000000 0.00000000 0.00000000 0.00000000 0.00000000 0.00000000 0.00000000 0.00000000 0.00000000 0.00000000 0.00000000 0.00000000 0.00000000 0.00000000 0.00000000 0.00000000 0.00000000 0.00000000 0.00000000 0.21097563 0.40404940 0.50410885 0.57459879
0.54676843 0.55506432 0.55032939 0.55633116 0.54999012 0.56287235 0.50317681 0.40123963 0.41124648 0.00000000 0.08169849 0.10937826 0.00000000 0.07398249 0.04182678 0.00000000 0.08754767 0.29091889 0.21635373 0.00000000 0.28238547 0.14351572 0.00000000 0.13250394 0.00000000 0.05484128 0.10847960 0.22494696 0.00000000 0.30057770 0.26771313 0.00000000 0.00000000 0.00000000 0.00000000 0.00000000 0.00000000 0.00000000 0.08122005 0.37867427 0.60087383 0.60199428 0.60428321 0.60555816 0.60118288 0.59899014 0.60339034 0.60677868 0.60248917 0.60010499 0.60101932 0.60406077 0.59940314 0.60495555 0.60158962 0.59985143 0.59900993 0.59243238 0.58826798 0.58518994 0.58510089 0.59036911 0.58961225 0.58738226 0.58633256 0.59015709 0.58960247 0.58345699 0.57612914 0.57563084 0.57569927 0.56920141 0.57799208 0.57455361 0.56903791 0.56927216 0.56994987 0.56525254 0.55981714 0.58339781 0.55647218 0.39343840 0.26371288 0.00000000 0.00000000 0.00000000 0.00000000 0.00000000 0.00000000 0.00000000 0.00000000 0.00000000 0.00000000 0.00000000 0.00000000 0.00000000 0.00000000 0.00000000 0.00000000 0.00000000 0.00000000 0.00000000 0.00000000 0.00000000 0.00000000 0.00000000 0.00000000 0.00000000 0.00000000 0.00000000 0.00000000 0.00000000 0.00000000 0.00000000 0.00000000 0.00000000 0.00000000 0.00000000 0.00000000 0.00000000 0.29168826 0.42471474 0.52517498 0.58288324
0.55946976 0.55461287 0.55008572 0.55352950 0.55727351 0.55991215 0.55687672 0.34666866 0.57760966 0.53969294 0.10361733 0.42413318 0.48664433 0.00000000 0.24521379 0.38333029 0.31654078 0.31640893 0.37179571 0.37388843 0.41340709 0.27766407 0.28339350 0.32517034 0.22297923 0.34967244 0.29849076 0.38564318 0.38222390 0.42719048 0.24956517 0.36298597 0.35579890 0.32793307 0.45418876 0.17915727 0.21195225 0.40714872 0.54497147 0.53745103 0.60121125 0.60621250 0.60318506 0.60345668 0.61623353 0.61422318 0.60926151 0.61728078 0.61311430 0.61374801 0.61061734 0.60543895 0.60295188 0.59893847 0.60704291 0.60299724 0.59600770 0.60320818 0.60330319 0.60504842 0.60138482 0.59678769 0.58858365 0.59366709 0.59236145 0.59166574 0.58154875 0.58518523 0.58746946 0.58074516 0.58230329 0.57889783 0.56673068 0.57649887 0.57442725 0.57025981 0.56992632 0.56695026 0.57729268 0.59745181 0.40625602 0.33957481 0.08355795 0.00000000 0.00000000 0.00000000 0.00000000 0.00000000 0.00000000 0.00000000 0.00000000 0.00000000 0.00000000 0.00000000 0.00000000 0.00000000 0.00000000 0.00000000 0.00000000 0.00000000 0.00000000 0.00000000 0.00000000 0.00000000 0.00000000 0.00000000 0.00000000 0.00000000 0.00000000 0.00000000 0.00000000 0.00000000 0.00000000 0.00000000 0.00000000 0.00000000 0.00000000 0.00000000 0.00000000 0.04665440 0.38295615 0.51857948 0.57499778 0.61488569
0.55551356 0.56183845 0.56254435 0.55744398 0.55738997 0.56188184 0.57443732 0.51442277 0.26929897 0.40245998 0.41255647 0.02491266 0.00000000 0.38580054 0.50937718 0.19220810 0.30885500 0.49624103 0.39804804 0.24782746 0.51302940 0.37942678 0.19109626 0.50094557 0.23545979 0.30977851 0.49780732 0.40569323 0.26226348 0.52705753 0.37018508 0.17710648 0.51918286 0.24817590 0.00000000 0.28621775 0.50089639 0.27543145 0.41074586 0.58434206 0.60272831 0.60886931 0.60306174 0.60927498 0.60114390 0.60818517 0.61313927 0.60823220 0.60406524 0.60296655 0.61540192 0.60957003 0.60752654 0.60213733 0.60561788 0.60831529 0.60016304 0.59639919 0.60077697 0.59786922 0.59271348 0.60213494 0.60297090 0.59661496 0.59208399 0.59041607 0.58865333 0.58106118 0.58147621 0.58497339 0.57178622 0.57733792 0.58015805 0.57415289 0.57268548 0.57447183 0.57041121 0.56233138 0.59604424 0.45884323 0.37838066 0.20673536 0.00000000 0.00000000 0.00000000 0.00000000 0.00000000 0.00000000 0.00000000 0.00000000 0.00000000 0.00000000 0.00000000 0.00000000 0.00000000 0.00000000 0.00000000 0.00000000 0.00000000 0.00000000 0.00000000 0.00000000 0.00000000 0.00000000 0.00000000 0.00000000 0.00000000 0.00000000 0.00000000 0.00000000 0.00000000 0.00000000 0.00000000 0.00000000 0.00000000 0.00000000 0.00000000 0.00000000 0.00000000 0.15819643 0.38868064 0.51398104 0.58030128 0.61061680
0.55347908 0.55176014 0.54989982 0.55399048 0.55588382 0.56141591 0.56366545 0.57392412 0.54694295 0.42085379 0.37069935 0.37768292 0.39965534 0.36036354 0.39519840 0.43452603 0.51785201 0.59620708 0.50692582 0.41029364 0.55631047 0.52803004 0.40651846 0.55876428 0.44830471 0.45474100 0.58167171 0.51719660 0.41981661 0.57949513 0.58536935 0.40733063 0.36901134 0.48348480 0.47649252 0.30702043 0.46629745 0.52992749 0.50273645 0.57595181 0.60995257 0.60724849 0.60492951 0.60937047 0.61287796 0.61447048 0.61398935 0.61509961 0.62120348 0.61757463 0.60597414 0.60238630 0.60597342 0.60221493 0.59869015 0.59139663 0.59749562 0.60081840 0.59594595 0.59714878 0.60132283 0.59537977 0.59299254 0.59525752 0.59443521 0.59275472 0.58848786 0.58855677 0.58243430 0.57427973 0.57669914 0.57132232 0.56708771 0.56962872 0.57247782 0.56625533 0.56170613 0.61405063 0.51824576 0.38150710 0.29105508 0.00000000 0.00000000 0.00000000 0.00000000 0.00000000 0.00000000 0.00000000 0.00000000 0.00000000 0.00000000 0.00000000 0.00000000 0.00000000 0.00000000 0.00000000 0.00000000 0.00000000 0.00000000 0.00000000 0.00000000 0.00000000 0.00000000 0.00000000 0.00000000 0.00000000 0.00000000 0.00000000 0.00000000 0.00000000 0.00000000 0.00000000 0.00000000 0.00000000 0.00000000 0.00000000 0.00000000 0.00000000 0.00000000 0.20350961 0.40507174 0.48935866 0.58132619 0.62881136
0.56088656 0.56082737 0.56260556 0.56495112 0.56850034 0.56510514 0.57167572 0.56067073 0.57496780 0.58449882 0.58241659 0.58956426 0.59203362 0.60083139 0.58837402 0.58790553 0.58911949 0.57542181 0.58788061 0.59223807 0.58837599 0.59165597 0.59684032 0.59160101 0.60570085 0.61084253 0.59080160 0.59716141 0.60800737 0.59051299 0.59892648 0.62000567 0.61821300 0.61204469 0.61645627 0.62736088 0.60799813 0.61553735 0.61397731 0.59981334 0.60857552 0.60141748 0.59881550 0.60652351 0.60462457 0.60882759 0.61643296 0.61554420 0.61348110 0.60584086 0.61457354 0.61778027 0.61364907 0.60971498 0.61232042 0.61196005 0.59943730 0.59916687 0.60155928 0.59584093 0.59234971 0.59876579 0.59175527 0.59378839 0.59197682 0.58562714 0.58540869 0.58377647 0.57952046 0.58359200 0.58083427 0.57980400 0.57284981 0.57363075 0.56451106 0.57213491 0.60478479 0.52894729 0.40458506 0.32896709 0.00000000 0.00000000 0.00000000 0.00000000 0.00000000 0.00000000 0.00000000 0.00000000 0.00000000 0.00000000 0.00000000 0.00000000 0.00000000 0.00000000 0.00000000 0.00000000 0.00000000 0.00000000 0.00000000 0.00000000 0.00000000 0.00000000 0.00000000 0.00000000 0.00000000 0.00000000 0.00000000 0.00000000 0.00000000 0.00000000 0.00000000 0.00000000 0.00000000 0.00000000 0.00000000 0.00000000 0.00000000 0.00000000 0.00000000 0.23445539 0.42180890 0.53576535 0.59884179 0.61602628
0.55194998 0.55170053 0.56566274 0.55724907 0.55958331 0.56045896 0.57145458 0.57438976 0.56622589 0.57104129 0.58505154 0.57748002 0.57061964 0.57648766 0.58376521 0.58065695 0.57797396 0.58362317 0.58134282 0.58014262 0.58141005 0.58702540 0.58926046 0.59531271 0.59035230 0.59352988 0.59945238 0.59056920 0.59654319 0.59738857 0.59638458 0.59617740 0.60180646 0.59966350 0.59146136 0.59818709 0.60199916 0.58828855 0.60342878 0.60712832 0.60025334 0.60849828 0.60215276 0.60387921 0.60814881 0.60165113 0.61095059 0.60626334 0.60812175 0.60981661 0.60183942 0.59846562 0.59670871 0.59698761 0.59079432 0.59036207 0.59965223 0.60102171 0.59431255 0.60283172 0.59741920 0.59743565 0.59529150 0.59192008 0.58888763 0.58642697 0.57859850 0.57782274 0.57358569 0.56888109 0.56921548 0.56513768 0.56725502 0.57413292 0.58299148 0.56539840 0.50608587 0.35599965 0.22048827 0.00000000 0.00000000 0.00000000 0.00000000 0.00000000 0.00000000 0.00000000 0.00000000 0.00000000 0.00000000 0.00000000 0.00000000 0.00000000 0.00000000 0.00000000 0.00000000 0.00000000 0.00000000 0.00000000 0.00000000 0.00000000 0.00000000 0.00000000 0.00000000 0.00000000 0.00000000 0.00000000 0.00000000 0.00000000 0.00000000 0.00000000 0.00000000 0.00000000 0.00000000 0.00000000 0.00000000 0.00000000 0.00000000 0.00000000 0.00000000 0.13388373 0.29867244 0.46649796 0.59858942 0.62761927
0.56484252 0.56240672 0.56190610 0.56720501 0.56576812 0.57126546 0.56410128 0.56015944 0.57739055 0.56904328 0.56663358 0.57221675 0.57529873 0.58289856 0.57407230 0.57900804 0.57679433 0.57933396 0.57679462 0.57888675 0.57612258 0.58772999 0.58060807 0.58530807 0.59477603 0.58687723 0.58821148 0.59198064 0.58968431 0.59269255 0.59767836 0.60034597 0.60154462 0.60620284 0.60440081 0.59242606 0.60015547 0.60665655 0.59634691 0.59766060 0.60674423 0.60102034 0.60218239 0.61089450 0.61221361 0.61236042 0.61289507 0.61551887 0.61798328 0.61692041 0.61850375 0.61468041 0.61421692 0.61293656 0.60772431 0.60349780 0.59640479 0.59236193 0.59133989 0.58668679 0.58837724 0.58975595 0.58639807 0.58878320 0.58866888 0.58206677 0.57911837 0.58179891 0.58205384 0.57697159 0.57214612 0.59016562 0.58640635 0.56197774 0.51726526 0.42543989 0.21912996 0.14989813 0.02844237 0.00000000 0.00000000 0.00000000 0.00000000 0.00000000 0.00000000 0.00000000 0.00000000 0.00000000 0.00000000 0.00000000 0.00000000 0.00000000 0.00000000 0.00000000 0.00000000 0.00000000 0.00000000 0.00000000 0.00000000 0.00000000 0.00000000 0.00000000 0.00000000 0.00000000 0.00000000 0.00000000 0.00000000 0.00000000 0.00000000 0.00000000 0.00000000 0.00000000 0.00000000 0.00000000 0.00000000 0.00000000 0.00000000 0.00000000 0.00000000 0.08319877 0.30358821 0.47490937 0.58821112 0.62104738
0.55956227 0.56388873 0.55968893 0.55791056 0.56262147 0.56354660 0.57018077 0.56989056 0.56546807 0.57546979 0.56933796 0.57412118 0.57196718 0.57757908 0.58356327 0.58159262 0.59106994 0.58363199 0.57502544 0.58661032 0.58756578 0.58884984 0.59340507 0.58841980 0.58814609 0.59734279 0.59473890 0.59070611 0.59536302 0.59257281 0.59647059 0.59866464 0.59713787 0.58835775 0.59419829 0.59648484 0.58916759 0.59473276 0.60304493 0.59808129 0.59775704 0.60465264 0.60184425 0.60133648 0.60480666 0.60119176 0.60940111 0.59999931 0.59682369 0.60264933 0.59556699 0.59562433 0.59620959 0.60214907 0.59803897 0.59908724 0.60246408 0.60269201 0.59177738 0.59739453 0.59145319 0.58976793 0.58454406 0.58062458 0.57476205 0.57144469 0.57424217 0.57296950 0.56662244 0.56523198 0.58263063 0.59198201 0.51082021 0.45036447 0.35395187 0.16404088 0.13455297 0.00000000 0.00000000 0.00000000 0.00000000 0.00000000 0.00000000 0.00000000 0.00000000 0.00000000 0.00000000 0.00000000 0.00000000 0.00000000 0.00000000 0.00000000 0.00000000 0.00000000 0.00000000 0.00000000 0.00000000 0.00000000 0.00000000 0.00000000 0.00000000 0.00000000 0.00000000 0.00000000 0.00000000 0.00000000 0.00000000 0.00000000 0.00000000 0.00000000 0.00000000 0.00000000 0.00000000 0.00000000 0.00000000 0.00000000 0.00000000 0.00000000 0.00000000 0.04388852 0.26427829 0.45593345 0.59765112 0.62484819
0.56477290 0.56243545 0.56520778 0.56963170 0.57147998 0.56828499 0.56858337 0.57271826 0.57636589 0.57067305 0.57436907 0.58095181 0.57879633 0.57440972 0.57992107 0.58452260 0.57534111 0.58272517 0.58704180 0.58186704 0.58085757 0.58694619 0.58805752 0.59174049 0.59911960 0.58613610 0.59351718 0.59318262 0.59538031 0.59676898 0.59542310 0.60158712 0.60275638 0.60825688 0.60335499 0.59588367 0.60182595 0.60001695 0.59854555 0.60431367 0.60605079 0.59789413 0.61051136 0.60396373 0.61497122 0.61273003 0.60623646 0.61506665 0.61002362 0.60847187 0.61159045 0.61177826 0.60242701 0.59623617 0.60054666 0.60068274 0.59447116 0.58687252 0.58613676 0.59560305 0.58693105 0.58604711 0.58597642 0.58629495 0.58355725 0.57785171 0.57563120 0.57243496 0.57218736 0.59513360 0.59422857 0.43843180 0.38892698 0.22522654 0.04961994 0.00000000 0.00000000 0.00000000 0.00000000 0.00000000 0.00000000 0.00000000 0.00000000 0.00000000 0.00000000 0.00000000 0.00000000 0.00000000 0.00000000 0.00000000 0.00000000 0.00000000 0.00000000 0.00000000 0.00000000 0.00000000 0.00000000 0.00000000 0.00000000 0.00000000 0.00000000 0.00000000 0.00000000 0.00000000 0.00000000 0.00000000 0.00000000 0.00000000 0.00000000 0.00000000 0.00000000 0.00000000 0.00000000 0.00000000 0.00000000 0.00000000 0.00000000 0.00000000 0.00000000 0.00000000 0.22817810 0.39723665 0.58539075 0.63890791
0.56505519 0.56113797 0.55817860 0.55928373 0.55894613 0.56484514 0.57028103 0.56335610 0.56583363 0.57615119 0.57156253 0.57047009 0.57997537 0.58502907 0.57712674 0.58762282 0.59265852 0.58540350 0.57975829 0.58910370 0.58722180 0.58815008 0.59231716 0.58555686 0.59130818 0.59841692 0.59117323 0.59538782 0.59258187 0.59910131 0.60007662 0.59678131 0.59254825 0.59196824 0.59767938 0.58968836 0.59648728 0.59447384 0.59148467 0.59058225 0.59649903 0.60049123 0.59453213 0.60407919 0.59873092 0.60018110 0.59958088 0.59709471 0.59769130 0.59965485 0.59509051 0.59132087 0.59800851 0.60629684 0.60051388 0.59224069 0.59391516 0.59361339 0.58964348 0.58178544 0.58480090 0.58098841 0.57983053 0.56555051 0.57187957 0.57001102 0.56383139 0.56400377 0.57599854 0.59408033 0.45358515 0.38308090 0.29978615 0.10052864 0.00000000 0.00000000 0.00000000 0.00000000 0.00000000 0.00000000 0.00000000 0.00000000 0.00000000 0.00000000 0.00000000 0.00000000 0.00000000 0.00000000 0.00000000 0.00000000 0.00000000 0.00000000 0.00000000 0.00000000 0.00000000 0.00000000 0.00000000 0.00000000 0.00000000 0.00000000 0.00000000 0.00000000 0.00000000 0.00000000 0.00000000 0.00000000 0.00000000 0.00000000 0.00000000 0.00000000 0.00000000 0.00000000 0.00000000 0.00000000 0.00000000 0.00000000 0.00000000 0.00000000 0.00000000 0.00000000 0.24989493 0.41807020 0.59077287 0.63159400
0.56256384 0.57090896 0.56612068 0.57058001 0.56883752 0.57433319 0.57261640 0.58380646 0.57521057 0.57609636 0.57478637 0.58213103 0.57585841 0.57708496 0.58489066 0.58330363 0.57973278 0.58608520 0.58660108 0.58688271 0.58489877 0.58509314 0.58782738 0.59499168 0.59192872 0.58647519 0.58946466 0.59511042 0.59124202 0.58854610 0.59553635 0.59283137 0.60038674 0.59864962 0.60364187 0.59940749 0.59990728 0.59469324 0.59379131 0.60574424 0.59729415 0.59716934 0.60615510 0.59827989 0.60374004 0.60077840 0.60676128 0.60731250 0.59680420 0.59849197 0.60281467 0.60159296 0.59736866 0.59305513 0.59665447 0.59795779 0.58663636 0.58498973 0.59274173 0.59562677 0.58770484 0.58033019 0.58174163 0.58344018 0.57113487 0.57027829 0.57639092 0.57217532 0.60381621 0.45815992 0.33885282 0.28923196 0.00000000 0.00000000 0.00000000 0.00000000 0.00000000 0.00000000 0.00000000 0.00000000 0.00000000 0.00000000 0.00000000 0.00000000 0.00000000 0.00000000 0.00000000 0.00000000 0.00000000 0.00000000 0.00000000 0.00000000 0.00000000 0.00000000 0.00000000 0.00000000 0.00000000 0.00000000 0.00000000 0.00000000 0.00000000 0.00000000 0.00000000 0.00000000 0.00000000 0.00000000 0.00000000 0.00000000 0.00000000 0.00000000 0.00000000 0.00000000 0.00000000 0.00000000 0.00000000 0.00000000 0.00000000 0.00000000 0.00000000 0.00000000 0.22626905 0.36977607 0.57925093 0.63470131
0.56251675 0.56575537 0.56624764 0.56730753 0.56782836 0.56637907 0.57092017 0.56828368 0.57403201 0.57958162 0.57561594 0.57611221 0.58945912 0.58230615 0.57777923 0.58764309 0.58566946 0.58448845 0.58577204 0.58186001 0.59091598 0.59189820 0.58852786 0.58972478 0.59472811 0.60053062 0.59719557 0.59710747 0.60286361 0.59745067 0.59243470 0.59694558 0.59694743 0.59541035 0.59285367 0.59400672 0.59282768 0.59575731 0.59393626 0.58895218 0.59936625 0.59213543 0.59818888 0.60020608 0.59634501 0.59823596 0.59124684 0.59448791 0.59855890 0.59285730 0.59283346 0.59585637 0.60138923 0.59711647 0.59228855 0.58779693 0.59340823 0.59537941 0.58198696 0.57966775 0.58185309 0.58084047 0.57014352 0.56872368 0.57095522 0.56964177 0.56118160 0.59509093 0.53465807 0.37865305 0.37060130 0.00000000 0.00000000 0.00000000 0.00000000 0.00000000 0.00000000 0.00000000 0.00000000 0.00000000 0.00000000 0.00000000 0.00000000 0.00000000 0.00000000 0.00000000 0.00000000 0.00000000 0.00000000 0.00000000 0.00000000 0.00000000 0.00000000 0.00000000 0.00000000 0.00000000 0.00000000 0.00000000 0.00000000 0.00000000 0.00000000 0.00000000 0.00000000 0.00000000 0.00000000 0.00000000 0.00000000 0.00000000 0.00000000 0.00000000 0.00000000 0.00000000 0.00000000 0.00000000 0.00000000 0.00000000 0.00000000 0.00000000 0.00000000 0.00000000 0.21218218 0.37487525 0.57303596 0.63478899
0.55993855 0.57050920 0.56496960 0.56852168 0.57544631 0.57509631 0.57518154 0.57715940 0.57189739 0.56900710 0.57800823 0.57322723 0.57808173 0.58497947 0.58650148 0.58247495 0.58445191 0.58082050 0.57994413 0.58727139 0.58241999 0.57959181 0.58419776 0.59245199 0.58029914 0.58773333 0.59154439 0.58531189 0.58430487 0.58761412 0.59271842 0.58787638 0.59176427 0.58967859 0.59008968 0.58734947 0.58869284 0.58513540 0.58801699 0.58555478 0.58922213 0.59202856 0.59238738 0.59043032 0.59062749 0.58922899 0.59178096 0.59203237 0.58586222 0.58785164 0.59507906 0.58763283 0.58711159 0.58644569 0.58355713 0.58816457 0.58681583 0.57855982 0.59175456 0.58129603 0.57406271 0.57440835 0.57984567 0.57016152 0.56222922 0.56252789 0.57193077 0.57877988 0.36274761 0.33912039 0.03948329 0.00000000 0.00000000 0.00000000 0.00000000 0.00000000 0.00000000 0.00000000 0.00000000 0.00000000 0.00000000 0.00000000 0.00000000 0.00000000 0.00000000 0.00000000 0.00000000 0.00000000 0.00000000 0.00000000 0.00000000 0.00000000 0.00000000 0.00000000 0.00000000 0.00000000 0.00000000 0.00000000 0.00000000 0.00000000 0.00000000 0.00000000 0.00000000 0.00000000 0.00000000 0.00000000 0.00000000 0.00000000 0.00000000 0.00000000 0.00000000 0.00000000 0.00000000 0.00000000 0.00000000 0.00000000 0.00000000 0.00000000 0.00000000 0.00000000 0.20001398 0.35692567 0.58172804 0.63947076
0.56979030 0.56710076 0.57257819 0.57165867 0.57238775 0.57596737 0.57295537 0.57296091 0.58106154 0.58141476 0.57948124 0.58247364 0.58232272 0.58025879 0.58603072 0.58344603 0.58539915 0.58975482 0.58518189 0.58272201 0.59331262 0.59524816 0.58970433 0.59745020 0.60471153 0.59772545 0.60127980 0.60464156 0.60070968 0.59778011 0.60379010 0.59980172 0.59922183 0.59834337 0.59960854 0.59337056 0.59873396 0.59859681 0.59452093 0.59425533 0.59814620 0.59489703 0.59510201 0.59572554 0.59891790 0.59525543 0.58933979 0.59552717 0.59657544 0.59266853 0.59102780 0.59512782 0.58953255 0.58987588 0.58858114 0.58827245 0.58447373 0.57857507 0.57867098 0.57825774 0.57881927 0.57064301 0.56025517 0.56915641 0.56529069 0.55670440 0.59774053 0.46698594 0.37247467 0.16392277 0.00000000 0.00000000 0.00000000 0.00000000 0.00000000 0.00000000 0.00000000 0.00000000 0.00000000 0.00000000 0.00000000 0.00000000 0.00000000 0.00000000 0.00000000 0.00000000 0.00000000 0.00000000 0.00000000 0.00000000 0.00000000 0.00000000 0.00000000 0.00000000 0.00000000 0.00000000 0.00000000 0.00000000 0.00000000 0.00000000 0.00000000 0.00000000 0.00000000 0.00000000 0.00000000 0.00000000 0.00000000 0.00000000 0.00000000 0.00000000 0.00000000 0.00000000 0.00000000 0.00000000 0.00000000 0.00000000 0.00000000 0.00000000 0.00000000 0.00000000 0.17943691 0.34298182 0.57057476 0.64369524
0.56612647 0.57021427 0.56590116 0.57220095 0.57602608 0.57775390 0.57222921 0.57329279 0.58093905 0.57071537 0.58039171 0.58044147 0.58473593 0.58468914 0.58436215 0.58516490 0.58213812 0.58373207 0.58577687 0.58536750 0.58016622 0.58442229 0.58531320 0.58082485 0.58640850 0.59199810 0.59318072 0.58032215 0.58931649 0.59556609 0.58564568 0.58719742 0.59049481 0.58387035 0.58647811 0.59057349 0.58194029 0.57931864 0.58997345 0.58586818 0.59133095 0.58772713 0.58888060 0.58736497 0.57795066 0.58285689 0.58884519 0.57863319 0.58032912 0.58642423 0.58669186 0.59073722 0.58824724 0.58792102 0.58541864 0.58019847 0.58005685 0.58385915 0.57390219 0.56935370 0.56537640 0.56611264 0.56674129 0.56426871 0.55477232 0.56100851 0.56286174 0.36982566 0.25170839 0.00000000 0.00000000 0.00000000 0.00000000 0.00000000 0.00000000 0.00000000 0.00000000 0.00000000 0.00000000 0.00000000 0.00000000 0.00000000 0.00000000 0.00000000 0.00000000 0.00000000 0.00000000 0.00000000 0.00000000 0.00000000 0.00000000 0.00000000 0.00000000 0.00000000 0.00000000 0.00000000 0.00000000 0.00000000 0.00000000 0.00000000 0.00000000 0.00000000 0.00000000 0.00000000 0.00000000 0.00000000 0.00000000 0.00000000 0.00000000 0.00000000 0.00000000 0.00000000 0.00000000 0.00000000 0.00000000 0.00000000 0.00000000 0.00000000 0.00000000 0.00000000 0.18468161 0.37825912 0.58729333 0.62500316
0.56822288 0.56713188 0.57050204 0.57734996 0.57494622 0.57245970 0.57912880 0.57572037 0.57767916 0.58598053 0.57681292 0.58605075 0.58594710 0.58297175 0.58387393 0.58316565 0.58511287 0.59085023 0.58453810 0.58854043 0.59236044 0.58911991 0.59597802 0.60281521 0.59801447 0.59681523 0.59875554 0.60500270 0.59881836 0.59334445 0.59800392 0.59493095 0.60349911 0.59697348 0.59308207 0.59349567 0.59302181 0.59201115 0.59313101 0.58667409 0.59172422 0.59471834 0.59103370 0.59732312 0.59637922 0.58789980 0.58762372 0.59811115 0.58510762 0.58697402 0.58663768 0.58294576 0.58076411 0.57903779 0.57599223 0.57975829 0.57681590 0.56878746 0.57033974 0.57114649 0.56487519 0.55803710 0.55658084 0.55691874 0.54675972 0.58426017 0.46845555 0.31904531 0.04279643 0.00000000 0.00000000 0.00000000 0.00000000 0.00000000 0.00000000 0.00000000 0.00000000 0.00000000 0.00000000 0.00000000 0.00000000 0.00000000 0.00000000 0.00000000 0.00000000 0.00000000 0.00000000 0.00000000 0.00000000 0.00000000 0.00000000 0.00000000 0.00000000 0.00000000 0.00000000 0.00000000 0.00000000 0.00000000 0.00000000 0.00000000 0.00000000 0.00000000 0.00000000 0.00000000 0.00000000 0.00000000 0.00000000 0.00000000 0.00000000 0.00000000 0.00000000 0.00000000 0.00000000 0.00000000 0.00000000 0.00000000 0.00000000 0.00000000 0.00000000 0.00000000 0.18240680 0.39646947 0.60343724 0.64508063
0.57271117 0.57555938 0.57748795 0.57651943 0.57848275 0.57905966 0.58252925 0.58338922 0.57912922 0.57655698 0.58683890 0.59162641 0.58326721 0.58341724 0.59046584 0.59454387 0.59087795 0.58630103 0.58777380 0.59292531 0.58618158 0.58927244 0.59132749 0.59104574 0.59767324 0.59445333 0.59402484 0.59936273 0.59685618 0.59293026 0.60428846 0.59437543 0.59527761 0.59280580 0.59773391 0.59417194 0.59509891 0.58749008 0.59246475 0.60128909 0.58781469 0.59290755 0.59182858 0.58127028 0.58267576 0.59179729 0.58371937 0.58694786 0.59440106 0.59286082 0.58523041 0.59124637 0.58969605 0.58415937 0.58395582 0.57661521 0.57199514 0.56971204 0.56409675 0.56338990 0.56263387 0.56553632 0.55678481 0.55179858 0.56141901 0.58171248 0.37609988 0.17913871 0.00000000 0.00000000 0.00000000 0.00000000 0.00000000 0.00000000 0.00000000 0.00000000 0.00000000 0.00000000 0.00000000 0.00000000 0.00000000 0.00000000 0.00000000 0.00000000 0.00000000 0.00000000 0.00000000 0.00000000 0.00000000 0.00000000 0.00000000 0.00000000 0.00000000 0.00000000 0.00000000 0.00000000 0.00000000 0.00000000 0.00000000 0.00000000 0.00000000 0.00000000 0.00000000 0.00000000 0.00000000 0.00000000 0.00000000 0.00000000 0.00000000 0.00000000 0.00000000 0.00000000 0.00000000 0.00000000 0.00000000 0.00000000 0.00000000 0.00000000 0.00000000 0.00000000 0.19795750 0.45277482 0.60804445 0.64170313
0.57057375 0.57423753 0.57556045 0.58170336 0.58075970 0.58386862 0.57870489 0.57080609 0.59073859 0.58603883 0.58031625 0.58459651 0.58551276 0.58889633 0.58829701 0.58670479 0.58600676 0.59169585 0.59363455 0.58873093 0.59217924 0.59342563 0.59776622 0.59435505 0.59955341 0.59985542 0.60238743 0.59695697 0.59841871 0.59336644 0.59382659 0.59590769 0.60505432 0.60121155 0.59295607 0.59301507 0.59417582 0.59190613 0.59251714 0.58852559 0.59674948 0.58682889 0.59117264 0.60283357 0.59006381 0.58317906 0.59229743 0.58679801 0.58034754 0.58665395 0.58132029 0.58538187 0.58287120 0.57595485 0.57714820 0.57837182 0.56937844 0.57221276 0.57187706 0.56224716 0.56059909 0.55450922 0.55292428 0.54876053 0.58750737 0.46865386 0.28309977 0.06089477 0.00000000 0.00000000 0.00000000 0.00000000 0.00000000 0.00000000 0.00000000 0.00000000 0.00000000 0.00000000 0.00000000 0.00000000 0.00000000 0.00000000 0.00000000 0.00000000 0.00000000 0.00000000 0.00000000 0.00000000 0.00000000 0.00000000 0.00000000 0.00000000 0.00000000 0.00000000 0.00000000 0.00000000 0.00000000 0.00000000 0.00000000 0.00000000 0.00000000 0.00000000 0.00000000 0.00000000 0.00000000 0.00000000 0.00000000 0.00000000 0.00000000 0.00000000 0.00000000 0.00000000 0.00000000 0.00000000 0.00000000 0.00000000 0.00000000 0.00000000 0.00000000 0.03044668 0.26309687 0.52703762 0.63234639 0.65245461
0.57538182 0.57925469 0.57996815 0.58287555 0.57958835 0.58002603 0.58612841 0.58794689 0.57643920 0.59161770 0.58841860 0.58711582 0.59172773 0.58911556 0.59475988 0.59125459 0.59503645 0.59107637 0.59271377 0.59359848 0.59176344 0.59827960 0.59825611 0.59993196 0.60016471 0.60062134 0.60401607 0.60159189 0.60112202 0.59888959 0.60747564 0.59999967 0.59063226 0.60211074 0.60487390 0.60250223 0.59640568 0.59442335 0.59624797 0.59254986 0.58856088 0.60342968 0.59124619 0.58678108 0.59427637 0.58955318 0.58586949 0.59873408 0.58950311 0.58589631 0.59044296 0.58183968 0.57492369 0.57910597 0.57336050 0.57086152 0.57173008 0.56172013 0.56297261 0.56247902 0.55833155 0.56044471 0.55594307 0.55728126 0.58147228 0.37252313 0.20593260 0.00000000 0.00000000 0.00000000 0.00000000 0.00000000 0.00000000 0.00000000 0.00000000 0.00000000 0.00000000 0.00000000 0.00000000 0.00000000 0.00000000 0.00000000 0.00000000 0.00000000 0.00000000 0.00000000 0.00000000 0.00000000 0.00000000 0.00000000 0.00000000 0.00000000 0.00000000 0.00000000 0.00000000 0.00000000 0.00000000 0.00000000 0.00000000 0.00000000 0.00000000 0.00000000 0.00000000 0.00000000 0.00000000 0.00000000 0.00000000 0.00000000 0.00000000 0.00000000 0.00000000 0.00000000 0.00000000 0.00000000 0.00000000 0.00000000 0.00000000 0.00000000 0.00000000 0.08383928 0.33868140 0.56344801 0.63889998 0.65059346
0.58307815 0.58494276 0.58347505 0.58433872 0.59406620 0.58538002 0.57927579 0.58838713 0.58593220 0.58218724 0.58480477 0.59046310 0.59485722 0.59649116 0.59357750 0.59233415 0.59380674 0.59889334 0.58601272 0.59870440 0.59578168 0.60207272 0.60482937 0.60478562 0.60676694 0.60911173 0.59833193 0.60347539 0.60900122 0.59930563 0.59775305 0.60647869 0.61058289 0.60173529 0.59753108 0.59706765 0.59721392 0.59671503 0.59041220 0.60369855 0.59785938 0.59028703 0.60128319 0.59465921 0.59094715 0.60056603 0.59484130 0.58591002 0.59230882 0.59258103 0.58228678 0.58858621 0.59195691 0.57890278 0.58262980 0.58030885 0.56497723 0.56493163 0.56702560 0.56318837 0.55711842 0.55559582 0.55116028 0.59824556 0.46130270 0.31033921 0.06824391 0.00000000 0.00000000 0.00000000 0.00000000 0.00000000 0.00000000 0.00000000 0.00000000 0.00000000 0.00000000 0.00000000 0.00000000 0.00000000 0.00000000 0.00000000 0.00000000 0.00000000 0.00000000 0.00000000 0.00000000 0.00000000 0.00000000 0.00000000 0.00000000 0.00000000 0.00000000 0.00000000 0.00000000 0.00000000 0.00000000 0.00000000 0.00000000 0.00000000 0.00000000 0.00000000 0.00000000 0.00000000 0.00000000 0.00000000 0.00000000 0.00000000 0.00000000 0.00000000 0.00000000 0.00000000 0.00000000 0.00000000 0.00000000 0.00000000 0.00000000 0.00000000 0.00000000 0.19187723 0.44832432 0.61379981 0.65900767 0.66928089
0.57509369 0.57321286 0.57714713 0.57704401 0.57374740 0.58231372 0.58983612 0.57634187 0.58566493 0.58760053 0.59161830 0.59209538 0.58692694 0.59220338 0.59597105 0.59576601 0.58834332 0.59525192 0.59415823 0.59143370 0.59824055 0.59979206 0.59919584 0.60271931 0.59955186 0.59631282 0.60756350 0.59837544 0.58674794 0.59613484 0.60405803 0.59311283 0.59238690 0.60511357 0.60198247 0.59621948 0.59742582 0.59210682 0.59112537 0.58780038 0.59649479 0.59529334 0.59237576 0.59372699 0.58896047 0.58479029 0.58972400 0.58953083 0.57568574 0.57875562 0.58444172 0.57847917 0.57575631 0.57803082 0.56840646 0.57123482 0.57331491 0.56261504 0.56568038 0.55850607 0.55752027 0.55242026 0.55600613 0.57658565 0.37893200 0.20455636 0.00000000 0.00000000 0.00000000 0.00000000 0.00000000 0.00000000 0.00000000 0.00000000 0.00000000 0.00000000 0.00000000 0.00000000 0.00000000 0.00000000 0.00000000 0.00000000 0.00000000 0.00000000 0.00000000 0.00000000 0.00000000 0.00000000 0.00000000 0.00000000 0.00000000 0.00000000 0.00000000 0.00000000 0.00000000 0.00000000 0.00000000 0.00000000 0.00000000 0.00000000 0.00000000 0.00000000 0.00000000 0.00000000 0.00000000 0.00000000 0.00000000 0.00000000 0.00000000 0.00000000 0.00000000 0.00000000 0.00000000 0.00000000 0.00000000 0.00000000 0.00000000 0.00000000 0.00496753 0.26359868 0.52637953 0.63097692 0.64402932 0.65350580
0.57963312 0.58917713 0.57982343 0.58364701 0.58781064 0.57996851 0.58186835 0.58868498 0.58096159 0.58875614 0.58915854 0.58667028 0.59573287 0.59656078 0.59101570 0.60101545 0.59186333 0.59441417 0.59739763 0.60187793 0.59385747 0.60433555 0.60963970 0.60690928 0.61584347 0.61055118 0.60418940 0.59964561 0.61320525 0.60045046 0.59808838 0.60913140 0.60023862 0.59209180 0.59703654 0.59387439 0.59216082 0.59452802 0.59994680 0.59882957 0.59313631 0.59930182 0.59479296 0.58957464 0.59600097 0.59564716 0.58682185 0.59317130 0.59127051 0.58416289 0.58110791 0.58079022 0.57225382 0.57209170 0.57878864 0.56059408 0.56349123 0.55782664 0.55775350 0.55917072 0.55806082 0.55339348 0.60820067 0.44611746 0.32179075 0.05929124 0.00000000 0.00000000 0.00000000 0.00000000 0.00000000 0.00000000 0.00000000 0.00000000 0.00000000 0.00000000 0.00000000 0.00000000 0.00000000 0.00000000 0.00000000 0.00000000 0.00000000 0.00000000 0.00000000 0.00000000 0.00000000 0.00000000 0.00000000 0.00000000 0.00000000 0.00000000 0.00000000 0.00000000 0.00000000 0.00000000 0.00000000 0.00000000 0.00000000 0.00000000 0.00000000 0.00000000 0.00000000 0.00000000 0.00000000 0.00000000 0.00000000 0.00000000 0.00000000 0.00000000 0.00000000 0.00000000 0.00000000 0.00000000 0.00000000 0.00000000 0.00000000 0.00000000 0.13879539 0.37866288 0.58535606 0.63960391 0.66092139 0.67291373
0.57476413 0.57111639 0.58287734 0.57820767 0.57690799 0.58828807 0.57893753 0.58939463 0.59286582 0.58804828 0.59157676 0.59495050 0.59249181 0.59927481 0.59182698 0.59200984 0.59605050 0.59734279 0.59003323 0.59377927 0.60529160 0.59886938 0.60141605 0.60537213 0.59439659 0.59882295 0.60841733 0.59404421 0.59128183 0.60845089 0.60133243 0.59328836 0.60487306 0.60533762 0.59441507 0.59488755 0.59041041 0.59289300 0.58871883 0.59309644 0.59376717 0.58803123 0.59104311 0.59242564 0.58353168 0.58743781 0.58553147 0.58092421 0.58178532 0.58142579 0.58139312 0.58035964 0.58325738 0.57400084 0.56900263 0.56954634 0.56745631 0.56436068 0.56250221 0.55822587 0.55184966 0.59699893 0.51808870 0.38881695 0.21507557 0.00000000 0.00000000 0.00000000 0.00000000 0.00000000 0.00000000 0.00000000 0.00000000 0.00000000 0.00000000 0.00000000 0.00000000 0.00000000 0.00000000 0.00000000 0.00000000 0.00000000 0.00000000 0.00000000 0.00000000 0.00000000 0.00000000 0.00000000 0.00000000 0.00000000 0.00000000 0.00000000 0.00000000 0.00000000 0.00000000 0.00000000 0.00000000 0.00000000 0.00000000 0.00000000 0.00000000 0.00000000 0.00000000 0.00000000 0.00000000 0.00000000 0.00000000 0.00000000 0.00000000 0.00000000 0.00000000 0.00000000 0.00000000 0.00000000 0.00000000 0.00000000 0.00000000 0.00000000 0.17847963 0.46829659 0.60580456 0.64065564 0.64829797 0.65010679
0.57649714 0.58087325 0.57651842 0.57723379 0.58316380 0.57683784 0.58247209 0.57350785 0.58268130 0.58961642 0.58157003 0.58871216 0.59210402 0.59393448 0.59680742 0.59897691 0.59052593 0.59471297 0.59580910 0.59771818 0.59889174 0.60250467 0.60020000 0.59990686 0.60701215 0.60101676 0.59675682 0.60334384 0.60033751 0.58781999 0.59438103 0.59615725 0.59023565 0.59304208 0.59187317 0.59186983 0.59101343 0.59140372 0.59353387 0.59175235 0.58679414 0.58632100 0.58866853 0.58379924 0.58857381 0.58500332 0.58621722 0.58605009 0.58443666 0.57698858 0.57914644 0.57532293 0.56362975 0.56430620 0.56359577 0.55747908 0.55779731 0.55767363 0.55289650 0.55232728 0.61733258 0.52427834 0.38580823 0.31681830 0.00000000 0.00000000 0.00000000 0.00000000 0.00000000 0.00000000 0.00000000 0.00000000 0.00000000 0.00000000 0.00000000 0.00000000 0.00000000 0.00000000 0.00000000 0.00000000 0.00000000 0.00000000 0.00000000 0.00000000 0.00000000 0.00000000 0.00000000 0.00000000 0.00000000 0.00000000 0.00000000 0.00000000 0.00000000 0.00000000 0.00000000 0.00000000 0.00000000 0.00000000 0.00000000 0.00000000 0.00000000 0.00000000 0.00000000 0.00000000 0.00000000 0.00000000 0.00000000 0.00000000 0.00000000 0.00000000 0.00000000 0.00000000 0.00000000 0.00000000 0.00000000 0.00000000 0.00000000 0.05613635 0.22570466 0.50129282 0.62535846 0.63231397 0.66005260 0.66478282
0.57414019 0.57262295 0.58607358 0.58052665 0.57868093 0.58283597 0.58071780 0.59405577 0.58436096 0.58356935 0.59010458 0.59257799 0.59218282 0.59774637 0.58690637 0.59250480 0.59636074 0.59646332 0.59047300 0.59410250 0.60003299 0.59887004 0.60632509 0.59644598 0.60119444 0.61071682 0.60945880 0.59592628 0.60590285 0.61011153 0.60145950 0.60353392 0.60394067 0.59742266 0.58682907 0.59036875 0.58807075 0.59117019 0.58972555 0.58779085 0.59445965 0.59000081 0.58803916 0.58522856 0.58609253 0.58360082 0.57563031 0.58582729 0.58394748 0.58208865 0.57552832 0.57766098 0.57196075 0.56588429 0.57165390 0.56429392 0.55655575 0.55651945 0.55315232 0.60763979 0.51185286 0.36571449 0.34559768 0.04070187 0.00000000 0.00000000 0.00000000 0.00000000 0.00000000 0.00000000 0.00000000 0.00000000 0.00000000 0.00000000 0.00000000 0.00000000 0.00000000 0.00000000 0.00000000 0.00000000 0.00000000 0.00000000 0.00000000 0.00000000 0.00000000 0.00000000 0.00000000 0.00000000 0.00000000 0.00000000 0.00000000 0.00000000 0.00000000 0.00000000 0.00000000 0.00000000 0.00000000 0.00000000 0.00000000 0.00000000 0.00000000 0.00000000 0.00000000 0.00000000 0.00000000 0.00000000 0.00000000 0.00000000 0.00000000 0.00000000 0.00000000 0.00000000 0.00000000 0.00000000 0.00000000 0.00000000 0.00000000 0.07992853 0.37709880 0.56214374 0.60797262 0.63695586 0.64108831 0.66318911
0.58478034 0.58074701 0.57196593 0.57933283 0.57833254 0.58770329 0.58095407 0.57859838 0.58814031 0.58940059 0.58363414 0.59004241 0.59112710 0.58970422 0.59754652 0.58967239 0.59348762 0.58879739 0.59771091 0.59130228 0.59452218 0.58843786 0.59063858 0.59885615 0.60036552 0.58951586 0.59641206 0.59622258 0.59116018 0.59507138 0.59367841 0.59203863 0.58962315 0.59480232 0.59020180 0.59950900 0.59155303 0.58008301 0.59042007 0.58395833 0.58115470 0.58293623 0.58369124 0.57783258 0.57881737 0.58051199 0.58425707 0.58129925 0.58234489 0.57349014 0.57105953 0.56671745 0.56411767 0.56033796 0.54945713 0.55483091 0.55748701 0.55693519 0.59897757 0.52033049 0.34083462 0.35433161 0.10969596 0.00000000 0.00000000 0.00000000 0.00000000 0.00000000 0.00000000 0.00000000 0.00000000 0.00000000 0.00000000 0.00000000 0.00000000 0.00000000 0.00000000 0.00000000 0.00000000 0.00000000 0.00000000 0.00000000 0.00000000 0.00000000 0.00000000 0.00000000 0.00000000 0.00000000 0.00000000 0.00000000 0.00000000 0.00000000 0.00000000 0.00000000 0.00000000 0.00000000 0.00000000 0.00000000 0.00000000 0.00000000 0.00000000 0.00000000 0.00000000 0.00000000 0.00000000 0.00000000 0.00000000 0.00000000 0.00000000 0.00000000 0.00000000 0.00000000 0.00000000 0.00000000 0.00000000 0.00000000 0.00000000 0.16652952 0.37526321 0.57380861 0.62733275 0.63018596 0.65814358 0.65422022
0.57042563 0.57004452 0.57972139 0.57885164 0.58096445 0.57013243 0.57755369 0.58195305 0.56914610 0.58192486 0.58696502 0.58411974 0.58985579 0.58630377 0.58804542 0.58707666 0.58998835 0.58913672 0.58940738 0.58571666 0.59377313 0.59747094 0.60253239 0.59982491 0.59942728 0.60265577 0.59747005 0.59875411 0.60184473 0.59987199 0.59173995 0.59988177 0.59104854 0.59538251 0.59124172 0.57940453 0.59175348 0.58838886 0.58152050 0.58819127 0.59230334 0.58263761 0.58310062 0.57945389 0.58134419 0.57939261 0.57826179 0.57510555 0.57406688 0.57641101 0.57281750 0.56759679 0.56126088 0.56393009 0.55944282 0.55882663 0.55278343 0.60213947 0.50943279 0.36117548 0.37755007 0.09705527 0.00000000 0.00000000 0.00000000 0.00000000 0.00000000 0.00000000 0.00000000 0.00000000 0.00000000 0.00000000 0.00000000 0.00000000 0.00000000 0.00000000 0.00000000 0.00000000 0.00000000 0.00000000 0.00000000 0.00000000 0.00000000 0.00000000 0.00000000 0.00000000 0.00000000 0.00000000 0.00000000 0.00000000 0.00000000 0.00000000 0.00000000 0.00000000 0.00000000 0.00000000 0.00000000 0.00000000 0.00000000 0.00000000 0.00000000 0.00000000 0.00000000 0.00000000 0.00000000 0.00000000 0.00000000 0.00000000 0.00000000 0.00000000 0.00000000 0.00000000 0.00000000 0.00000000 0.00000000 0.00000000 0.06621493 0.31103981 0.49520528 0.56757492 0.61032552 0.63540518 0.63841563 0.66851020
0.58115548 0.57703096 0.57257360 0.57398820 0.57614225 0.58405536 0.57395393 0.58416289 0.59128422 0.57369149 0.58048362 0.58699703 0.58706880 0.58928835 0.59116274 0.59514391 0.59084165 0.59341609 0.58933026 0.59660387 0.59124625 0.59170449 0.59520394 0.59259689 0.59903377 0.60043681 0.59264207 0.59697926 0.59347343 0.59218436 0.59254611 0.59116942 0.59452063 0.58968657 0.58908391 0.59487677 0.58904350 0.58458483 0.58924717 0.58490181 0.57991743 0.57845235 0.58008569 0.57536620 0.57408500 0.57772774 0.56900597 0.57846415 0.57213461 0.56706667 0.56153017 0.55650556 0.55738020 0.55494553 0.54909718 0.54871076 0.59516895 0.51289380 0.35832441 0.35703367 0.08565284 0.00000000 0.00000000 0.00000000 0.00000000 0.00000000 0.00000000 0.00000000 0.00000000 0.00000000 0.00000000 0.00000000 0.00000000 0.00000000 0.00000000 0.00000000 0.00000000 0.00000000 0.00000000 0.00000000 0.00000000 0.00000000 0.00000000 0.00000000 0.00000000 0.00000000 0.00000000 0.00000000 0.00000000 0.00000000 0.00000000 0.00000000 0.00000000 0.00000000 0.00000000 0.00000000 0.00000000 0.00000000 0.00000000 0.00000000 0.00000000 0.00000000 0.00000000 0.00000000 0.00000000 0.00000000 0.00000000 0.00000000 0.00000000 0.00000000 0.00000000 0.00000000 0.00000000 0.00000000 0.00000000 0.00682980 0.18650366 0.37570816 0.54198372 0.60169780 0.59738421 0.63027269 0.65204912 0.65378320
0.56945384 0.57496405 0.57095069 0.57441109 0.57538766 0.56950539 0.57849407 0.57072431 0.57172489 0.58720160 0.58510166 0.58040166 0.58429527 0.58035916 0.58154762 0.58632046 0.58813816 0.58421433 0.59218466 0.58830649 0.59063560 0.59500098 0.58830243 0.59140241 0.59435982 0.58653200 0.58872801 0.59200156 0.59324533 0.59156990 0.59186214 0.59440774 0.58839464 0.59349012 0.58892190 0.58384055 0.58897305 0.58394146 0.57988387 0.58428121 0.58568728 0.57436818 0.57597578 0.57900411 0.57197011 0.57333177 0.57421416 0.56528753 0.56444824 0.56487775 0.56424731 0.55832434 0.55813646 0.55673444 0.55185437 0.59406394 0.50638103 0.36431551 0.33951718 0.06884141 0.00000000 0.00000000 0.00000000 0.00000000 0.00000000 0.00000000 0.00000000 0.00000000 0.00000000 0.00000000 0.00000000 0.00000000 0.00000000 0.00000000 0.00000000 0.00000000 0.00000000 0.00000000 0.00000000 0.00000000 0.00000000 0.00000000 0.00000000 0.00000000 0.00000000 0.00000000 0.00000000 0.00000000 0.00000000 0.00000000 0.00000000 0.00000000 0.00000000 0.00000000 0.00000000 0.00000000 0.00000000 0.00000000 0.00000000 0.00000000 0.00000000 0.00000000 0.00000000 0.00000000 0.00000000 0.00000000 0.00000000 0.00000000 0.00000000 0.00000000 0.00000000 0.00000000 0.00000000 0.00000000 0.03155179 0.23582743 0.39181668 0.48803526 0.54384142 0.58764839 0.61170030 0.63044691 0.64529288 0.67401809
0.56976658 0.56642318 0.56966615 0.56922591 0.57141197 0.57180011 0.56693196 0.58145845 0.57292742 0.56933093 0.58073336 0.58081383 0.58624983 0.59335959 0.59275264 0.59159279 0.59187794 0.58797109 0.58806622 0.58645850 0.58812916 0.59098554 0.60111624 0.59579110 0.59695417 0.59474176 0.59365356 0.59039468 0.58546680 0.58876669 0.58290631 0.59174132 0.59425062 0.58767426 0.59525192 0.58958089 0.58452177 0.58511257 0.58868670 0.57729930 0.57702792 0.58069605 0.57898581 0.57005244 0.57030958 0.56870294 0.56652999 0.56312627 0.56211144 0.55687374 0.55084842 0.55725968 0.54766124 0.56611747 0.57483703 0.49323988 0.38039333 0.29822576 0.04148278 0.00000000 0.00000000 0.00000000 0.00000000 0.00000000 0.00000000 0.00000000 0.00000000 0.00000000 0.00000000 0.00000000 0.00000000 0.00000000 0.00000000 0.00000000 0.00000000 0.00000000 0.00000000 0.00000000 0.00000000 0.00000000 0.00000000 0.00000000 0.00000000 0.00000000 0.00000000 0.00000000 0.00000000 0.00000000 0.00000000 0.00000000 0.00000000 0.00000000 0.00000000 0.00000000 0.00000000 0.00000000 0.00000000 0.00000000 0.00000000 0.00000000 0.00000000 0.00000000 0.00000000 0.00000000 0.00000000 0.00000000 0.00000000 0.00000000 0.00000000 0.00000000 0.00000000 0.00000000 0.01835227 0.16252623 0.37565231 0.39851129 0.44285470 0.53849697 0.57896268 0.60358220 0.60095865 0.63009077 0.64218330 0.64607424
0.56880158 0.56861943 0.56946063 0.57632577 0.56665725 0.57740748 0.58345419 0.57152814 0.58585715 0.58181989 0.57733262 0.58913583 0.58535880 0.58536291 0.58375013 0.59214962 0.59376097 0.59133935 0.58933312 0.58901417 0.59458208 0.59021282 0.58847857 0.58551347 0.59175515 0.59382731 0.58460540 0.59010160 0.59337652 0.59063286 0.59642076 0.58741766 0.59164536 0.59045124 0.58588612 0.58785629 0.58496243 0.58190334 0.57877886 0.58083051 0.58256280 0.57056266 0.57271135 0.57568753 0.56631631 0.56948996 0.56094408 0.55869222 0.55658507 0.55595624 0.54976630 0.55686545 0.58890396 0.52784336 0.47893244 0.33783519 0.18109469 0.00000000 0.00000000 0.00000000 0.00000000 0.00000000 0.00000000 0.00000000 0.00000000 0.00000000 0.00000000 0.00000000 0.00000000 0.00000000 0.00000000 0.00000000 0.00000000 0.00000000 0.00000000 0.00000000 0.00000000 0.00000000 0.00000000 0.00000000 0.00000000 0.00000000 0.00000000 0.00000000 0.00000000 0.00000000 0.00000000 0.00000000 0.00000000 0.00000000 0.00000000 0.00000000 0.00000000 0.00000000 0.00000000 0.00000000 0.00000000 0.00000000 0.00000000 0.00000000 0.00000000 0.00000000 0.00000000 0.00000000 0.00000000 0.00000000 0.00000000 0.00000000 0.00000000 0.00270551 0.11271836 0.21520863 0.34193093 0.40286934 0.43368226 0.49943250 0.53508252 0.57492250 0.58204246 0.61452401 0.62339556 0.63124657 0.65553766 0.66352272
0.56815857 0.57369739 0.56993121 0.56444681 0.57156271 0.56927723 0.56969976 0.57726008 0.57201493 0.57825816 0.58411896 0.58421993 0.58627629 0.58868074 0.58974743 0.58322519 0.58239418 0.58280808 0.58734232 0.58590728 0.58217502 0.59064293 0.59462994 0.59420645 0.59189469 0.58821392 0.58847427 0.58926857 0.59254295 0.58403087 0.59191471 0.59780210 0.58992594 0.59160995 0.59080565 0.58845156 0.58091778 0.58094722 0.58705145 0.57148021 0.57046151 0.57999843 0.57050782 0.56935513 0.56714630 0.56042767 0.55903333 0.55850601 0.55524343 0.55526352 0.57249784 0.57093340 0.49933702 0.44336116 0.25669861 0.17037915 0.01597436 0.00000000 0.00000000 0.00000000 0.00000000 0.00000000 0.00000000 0.00000000 0.00000000 0.00000000 0.00000000 0.00000000 0.00000000 0.00000000 0.00000000 0.00000000 0.00000000 0.00000000 0.00000000 0.00000000 0.00000000 0.00000000 0.00000000 0.00000000 0.00000000 0.00000000 0.00000000 0.00000000 0.00000000 0.00000000 0.00000000 0.00000000 0.00000000 0.00000000 0.00000000 0.00000000 0.00000000 0.00000000 0.00000000 0.00000000 0.00000000 0.00000000 0.00000000 0.00000000 0.00000000 0.00000000 0.00000000 0.00000000 0.00000000 0.00000000 0.00000000 0.00000000 0.01777644 0.25311965 0.38486427 0.43108112 0.48573047 0.55207443 0.57560629 0.58631551 0.58545852 0.60672277 0.59908247 0.60583586 0.63792658 0.63990295 0.65213507 0.65219694
0.57002228 0.56653178 0.57085103 0.57557601 0.57110000 0.57922292 0.57745874 0.57875067 0.58763885 0.58177966 0.58300239 0.58955014 0.58886504 0.59069681 0.59120017 0.59101206 0.59201384 0.58928788 0.58556300 0.58481467 0.59171128 0.59057546 0.58883208 0.58952641 0.59400952 0.58820617 0.59349543 0.58139002 0.58477890 0.59634715 0.59173167 0.58337814 0.58526862 0.58472198 0.58542448 0.58218092 0.58433443 0.57644242 0.57941252 0.57342458 0.56738430 0.56985945 0.57034636 0.56701696 0.56210572 0.56145978 0.55865735 0.54869634 0.55759466 0.58299804 0.52727616 0.46146560 0.31389898 0.13652100 0.10287879 0.00000000 0.00000000 0.00000000 0.00000000 0.00000000 0.00000000 0.00000000 0.00000000 0.00000000 0.00000000 0.00000000 0.00000000 0.00000000 0.00000000 0.00000000 0.00000000 0.00000000 0.00000000 0.00000000 0.00000000 0.00000000 0.00000000 0.00000000 0.00000000 0.00000000 0.00000000 0.00000000 0.00000000 0.00000000 0.00000000 0.00000000 0.00000000 0.00000000 0.00000000 0.00000000 0.00000000 0.00000000 0.00000000 0.00000000 0.00000000 0.00000000 0.00000000 0.00000000 0.00000000 0.00000000 0.00000000 0.00000000 0.00000000 0.00000000 0.00000000 0.00000000 0.00000000 0.00000000 0.22358756 0.44740468 0.48811412 0.53590697 0.56976187 0.58403099 0.59645897 0.60023147 0.60522610 0.60382754 0.62398666 0.61436391 0.65124816 0.64335299 0.66314024 0.67355806
0.57348889 0.57493937 0.57035506 0.57507664 0.57883883 0.56856954 0.57735199 0.58231348 0.57784873 0.58578199 0.58189440 0.58858734 0.58818072 0.58524179 0.58785510 0.58607316 0.58342314 0.58274651 0.58511102 0.58572286 0.58640027 0.58621180 0.59502739 0.59251046 0.59255987 0.58673960 0.58711547 0.59584212 0.59548843 0.58812112 0.59181857 0.59541303 0.59067482 0.58981884 0.59201413 0.58233291 0.58211613 0.57779258 0.57506800 0.57348114 0.57182354 0.57358605 0.57017183 0.56428397 0.56403363 0.56445312 0.55533963 0.56846517 0.59150183 0.50354534 0.43078965 0.28961265 0.19449581 0.07318379 0.00000000 0.00000000 0.00000000 0.00000000 0.00000000 0.00000000 0.00000000 0.00000000 0.00000000 0.00000000 0.00000000 0.00000000 0.00000000 0.00000000 0.00000000 0.00000000 0.00000000 0.00000000 0.00000000 0.00000000 0.00000000 0.00000000 0.00000000 0.00000000 0.00000000 0.00000000 0.00000000 0.00000000 0.00000000 0.00000000 0.00000000 0.00000000 0.00000000 0.00000000 0.00000000 0.00000000 0.00000000 0.00000000 0.00000000 0.00000000 0.00000000 0.00000000 0.00000000 0.00000000 0.00000000 0.00000000 0.00000000 0.00000000 0.00000000 0.00000000 0.00000000 0.00000000 0.00000000 0.14081402 0.35753775 0.54430735 0.59453952 0.58448881 0.61801004 0.61421949 0.61659092 0.62563336 0.62078571 0.63299060 0.64442581 0.63526243 0.64380819 0.66014594 0.67161751 0.66686904
0.56916189 0.57546932 0.57994193 0.57500988 0.57583731 0.58351129 0.57760519 0.58012640 0.58260345 0.58002841 0.58847451 0.58428341 0.58234620 0.59040803 0.58840275 0.58499748 0.58671820 0.58460015 0.58233595 0.58269751 0.59315175 0.58909500 0.58974445 0.59458542 0.58929855 0.59036839 0.59402668 0.58451492 0.59018362 0.58956856 0.58526480 0.58496785 0.58447063 0.58111823 0.57823646 0.58119130 0.57834274 0.57769096 0.57149196 0.56559688 0.56629175 0.56394672 0.56449002 0.56147242 0.56088120 0.55653059 0.56681317 0.57688498 0.47341055 0.35143799 0.28245187 0.16786398 0.00000000 0.00000000 0.00000000 0.00000000 0.00000000 0.00000000 0.00000000 0.00000000 0.00000000 0.00000000 0.00000000 0.00000000 0.00000000 0.00000000 0.00000000 0.00000000 0.00000000 0.00000000 0.00000000 0.00000000 0.00000000 0.00000000 0.00000000 0.00000000 0.00000000 0.00000000 0.00000000 0.00000000 0.00000000 0.00000000 0.00000000 0.00000000 0.00000000 0.00000000 0.00000000 0.00000000 0.00000000 0.00000000 0.00000000 0.00000000 0.00000000 0.00000000 0.00000000 0.00000000 0.00000000 0.00000000 0.00000000 0.00000000 0.00000000 0.00000000 0.00000000 0.00000000 0.00000000 0.00000000 0.00000000 0.13372891 0.37106586 0.55845666 0.59092307 0.60956341 0.60354382 0.61626184 0.60767084 0.63211304 0.64707178 0.63290942 0.63785702 0.65403491 0.65392411 0.65179127 0.66442668 0.68000382
0.57440495 0.56816590 0.57297671 0.58347940 0.57772583 0.57911873 0.58447421 0.57981217 0.57951790 0.59137225 0.58785629 0.58572954 0.58595949 0.57912487 0.58704287 0.58264554 0.58736271 0.58373922 0.58425343 0.58001792 0.58736628 0.58821720 0.59013957 0.59180045 0.59446567 0.58499330 0.59414822 0.58976251 0.58646387 0.59358603 0.59090543 0.58772832 0.58441150 0.59030879 0.59060848 0.57697177 0.58087271 0.57671070 0.57349861 0.57781988 0.56755382 0.57183570 0.56766272 0.55907434 0.56002170 0.56763875 0.58423066 0.48843646 0.35887885 0.33486575 0.11700334 0.00000000 0.00000000 0.00000000 0.00000000 0.00000000 0.00000000 0.00000000 0.00000000 0.00000000 0.00000000 0.00000000 0.00000000 0.00000000 0.00000000 0.00000000 0.00000000 0.00000000 0.00000000 0.00000000 0.00000000 0.00000000 0.00000000 0.00000000 0.00000000 0.00000000 0.00000000 0.00000000 0.00000000 0.00000000 0.00000000 0.00000000 0.00000000 0.00000000 0.00000000 0.00000000 0.00000000 0.00000000 0.00000000 0.00000000 0.00000000 0.00000000 0.00000000 0.00000000 0.00000000 0.00000000 0.00000000 0.00000000 0.00000000 0.00000000 0.00000000 0.00000000 0.00000000 0.00000000 0.00000000 0.00000000 0.00000000 0.16417702 0.36889416 0.57802868 0.60872811 0.61487341 0.61677170 0.64476407 0.65477252 0.64559561 0.65954214 0.65289819 0.66126984 0.65781373 0.65545785 0.68060112 0.67347109 0.68203604
0.57611704 0.57903403 0.58046937 0.57491815 0.58252543 0.57593995 0.57687968 0.58570868 0.58252996 0.58115631 0.58089787 0.58503175 0.58506948 0.59101200 0.58847272 0.58958918 0.58820885 0.58680677 0.58418733 0.59361279 0.59143406 0.59812415 0.59319019 0.59532887 0.59492946 0.59328783 0.59231955 0.59248477 0.58914793 0.59115088 0.57958245 0.58411229 0.58638853 0.57310003 0.58327740 0.57761902 0.57273149 0.57779795 0.56766540 0.56566495 0.56722301 0.56119370 0.56452388 0.56452203 0.55783099 0.58114934 0.51956707 0.36362296 0.35553211 0.06572512 0.00000000 0.00000000 0.00000000 0.00000000 0.00000000 0.00000000 0.00000000 0.00000000 0.00000000 0.00000000 0.00000000 0.00000000 0.00000000 0.00000000 0.00000000 0.00000000 0.00000000 0.00000000 0.00000000 0.00000000 0.00000000 0.00000000 0.00000000 0.00000000 0.00000000 0.00000000 0.00000000 0.00000000 0.00000000 0.00000000 0.00000000 0.00000000 0.00000000 0.00000000 0.00000000 0.00000000 0.00000000 0.00000000 0.00000000 0.00000000 0.00000000 0.00000000 0.00000000 0.00000000 0.00000000 0.00000000 0.00000000 0.00000000 0.00000000 0.00000000 0.00000000 0.00000000 0.00000000 0.00000000 0.00000000 0.00000000 0.00000000 0.15968962 0.39407843 0.57609922 0.60856682 0.61258960 0.63669789 0.63620877 0.62617826 0.64256358 0.65580547 0.65748239 0.65885007 0.67313927 0.66597581 0.65809947 0.68186861 0.67419487
0.57821292 0.57183987 0.58145934 0.57954061 0.57722706 0.58653104 0.58543092 0.58478558 0.58321857 0.58565539 0.58800870 0.58171040 0.58618844 0.58322620 0.58250767 0.58550823 0.57906741 0.58380169 0.58483720 0.58335072 0.58935678 0.59277785 0.59097522 0.59745431 0.59129721 0.58613843 0.58448404 0.59258968 0.58321708 0.58495754 0.58519751 0.57216132 0.57854927 0.58390033 0.57469016 0.57879066 0.57386857 0.57313538 0.57797831 0.56632829 0.56439954 0.56874400 0.56106329 0.55547750 0.57173270 0.54893577 0.39557731 0.34840822 0.08500157 0.00000000 0.00000000 0.00000000 0.00000000 0.00000000 0.00000000 0.00000000 0.00000000 0.00000000 0.00000000 0.00000000 0.00000000 0.00000000 0.00000000 0.00000000 0.00000000 0.00000000 0.00000000 0.00000000 0.00000000 0.00000000 0.00000000 0.00000000 0.00000000 0.00000000 0.00000000 0.00000000 0.00000000 0.00000000 0.00000000 0.00000000 0.00000000 0.00000000 0.00000000 0.00000000 0.00000000 0.00000000 0.00000000 0.00000000 0.00000000 0.00000000 0.00000000 0.00000000 0.00000000 0.00000000 0.00000000 0.00000000 0.00000000 0.00000000 0.00000000 0.00000000 0.00000000 0.00000000 0.00000000 0.00000000 0.00000000 0.00000000 0.00000000 0.16349377 0.39854228 0.58585483 0.61401665 0.63653940 0.63764691 0.64690495 0.65252608 0.65745294 0.66134650 0.65937990 0.65934163 0.67080224 0.67409772 0.67354673 0.67747062 0.68115008
0.57343423 0.57546443 0.57557338 0.58281338 0.57583535 0.57588488 0.57459205 0.58403182 0.58494359 0.58201426 0.58590096 0.58816701 0.58793008 0.58843380 0.59466058 0.59061140 0.59183282 0.59130967 0.59202433 0.59454405 0.59727883 0.59760618 0.59266782 0.58857429 0.59290755 0.58900213 0.59408385 0.58640975 0.58764076 0.58363414 0.58023298 0.57996660 0.57933980 0.57990068 0.58135593 0.57028246 0.57635713 0.57325536 0.56648934 0.57115966 0.57120532 0.55973178 0.55727726 0.56076670 0.56406784 0.44903404 0.33504832 0.15813814 0.00000000 0.00000000 0.00000000 0.00000000 0.00000000 0.00000000 0.00000000 0.00000000 0.00000000 0.00000000 0.00000000 0.00000000 0.00000000 0.00000000 0.00000000 0.00000000 0.00000000 0.00000000 0.00000000 0.00000000 0.00000000 0.00000000 0.00000000 0.00000000 0.00000000 0.00000000 0.00000000 0.00000000 0.00000000 0.00000000 0.00000000 0.00000000 0.00000000 0.00000000 0.00000000 0.00000000 0.00000000 0.00000000 0.00000000 0.00000000 0.00000000 0.00000000 0.00000000 0.00000000 0.00000000 0.00000000 0.00000000 0.00000000 0.00000000 0.00000000 0.00000000 0.00000000 0.00000000 0.00000000 0.00000000 0.00000000 0.00000000 0.00000000 0.00000000 0.17654510 0.44429344 0.59022409 0.61579376 0.62674814 0.63198608 0.64980066 0.65748209 0.65658700 0.66099840 0.67533165 0.68243212 0.67582768 0.67114550 0.68303055 0.68471754 0.68679273
0.57494140 0.57819939 0.57783419 0.57674903 0.58109081 0.57988274 0.57784152 0.57392240 0.57970744 0.58448017 0.57682717 0.58399165 0.58601421 0.58165467 0.58041590 0.57959622 0.58034438 0.58844578 0.58831960 0.59753007 0.59013563 0.59088999 0.59263736 0.58331358 0.58709091 0.58165699 0.57756764 0.58138680 0.57129776 0.57197690 0.56607497 0.56303930 0.58105445 0.56279784 0.56825542 0.57312906 0.56612170 0.56598306 0.56606740 0.56036574 0.55074531 0.55936974 0.55494368 0.56060582 0.52635992 0.37414926 0.23773254 0.00000000 0.00000000 0.00000000 0.00000000 0.00000000 0.00000000 0.00000000 0.00000000 0.00000000 0.00000000 0.00000000 0.00000000 0.00000000 0.00000000 0.00000000 0.00000000 0.00000000 0.00000000 0.00000000 0.00000000 0.00000000 0.00000000 0.00000000 0.00000000 0.00000000 0.00000000 0.00000000 0.00000000 0.00000000 0.00000000 0.00000000 0.00000000 0.00000000 0.00000000 0.00000000 0.00000000 0.00000000 0.00000000 0.00000000 0.00000000 0.00000000 0.00000000 0.00000000 0.00000000 0.00000000 0.00000000 0.00000000 0.00000000 0.00000000 0.00000000 0.00000000 0.00000000 0.00000000 0.00000000 0.00000000 0.00000000 0.00000000 0.00000000 0.00000000 0.00000000 0.20529996 0.47306651 0.59708768 0.61839139 0.63077915 0.63987082 0.64024842 0.63559967 0.65868145 0.66010034 0.65699637 0.66462088 0.66717374 0.67912650 0.66286612 0.67904598 0.67723531
0.57132453 0.57175523 0.57715636 0.57388151 0.57018667 0.57658076 0.58024073 0.58660984 0.57547253 0.57978004 0.58649665 0.58177942 0.58181745 0.59122455 0.58765304 0.59657395 0.58798790 0.58511293 0.59016973 0.58808392 0.59027326 0.59089512 0.58716023 0.58935690 0.58890176 0.59703135 0.57871193 0.57818568 0.57962155 0.57011211 0.58213151 0.56812131 0.56963956 0.57873678 0.57615453 0.57418162 0.57205135 0.57153845 0.56299901 0.56241423 0.55801535 0.54860628 0.54935598 0.54905748 0.44386178 0.28335786 0.01668642 0.00000000 0.00000000 0.00000000 0.00000000 0.00000000 0.00000000 0.00000000 0.00000000 0.00000000 0.00000000 0.00000000 0.00000000 0.00000000 0.00000000 0.00000000 0.00000000 0.00000000 0.00000000 0.00000000 0.00000000 0.00000000 0.00000000 0.00000000 0.00000000 0.00000000 0.00000000 0.00000000 0.00000000 0.00000000 0.00000000 0.00000000 0.00000000 0.00000000 0.00000000 0.00000000 0.00000000 0.00000000 0.00000000 0.00000000 0.00000000 0.00000000 0.00000000 0.00000000 0.00000000 0.00000000 0.00000000 0.00000000 0.00000000 0.00000000 0.00000000 0.00000000 0.00000000 0.00000000 0.00000000 0.00000000 0.00000000 0.00000000 0.00000000 0.00000000 0.00077981 0.29273742 0.51454324 0.60384333 0.62049389 0.62784517 0.64171427 0.65262091 0.66263860 0.66366541 0.67207932 0.66837895 0.67520493 0.67597961 0.67727375 0.67985815 0.67214102 0.68880165
0.57292825 0.57181185 0.56369948 0.57041842 0.57021427 0.56937140 0.56466025 0.56681430 0.57288712 0.57870871 0.57391512 0.57119292 0.57620120 0.57524502 0.57359332 0.57147354 0.58383763 0.59034592 0.58465290 0.58872008 0.58596396 0.58179271 0.57763690 0.57628912 0.57503444 0.56755465 0.57876307 0.57091922 0.56420326 0.55982000 0.55941099 0.56456047 0.56208622 0.56138903 0.56285113 0.56022155 0.55199122 0.55570531 0.55868798 0.54657012 0.54746842 0.54621166 0.53667051 0.52178317 0.36137545 0.14055817 0.00000000 0.00000000 0.00000000 0.00000000 0.00000000 0.00000000 0.00000000 0.00000000 0.00000000 0.00000000 0.00000000 0.00000000 0.00000000 0.00000000 0.00000000 0.00000000 0.00000000 0.00000000 0.00000000 0.00000000 0.00000000 0.00000000 0.00000000 0.00000000 0.00000000 0.00000000 0.00000000 0.00000000 0.00000000 0.00000000 0.00000000 0.00000000 0.00000000 0.00000000 0.00000000 0.00000000 0.00000000 0.00000000 0.00000000 0.00000000 0.00000000 0.00000000 0.00000000 0.00000000 0.00000000 0.00000000 0.00000000 0.00000000 0.00000000 0.00000000 0.00000000 0.00000000 0.00000000 0.00000000 0.00000000 0.00000000 0.00000000 0.00000000 0.00000000 0.00000000 0.08034451 0.36176765 0.55119264 0.59168655 0.60225791 0.62151206 0.62543660 0.63099736 0.64803058 0.65442854 0.65600240 0.65942204 0.67288160 0.67177367 0.66354030 0.68462372 0.67887026 0.68000311
0.56074935 0.56803238 0.56970739 0.56942731 0.56538683 0.56636715 0.57481807 0.57556468 0.57160980 0.57364589 0.57688379 0.57721430 0.58034641 0.57102734 0.57807750 0.57800788 0.57074493 0.57154471 0.58199441 0.57948118 0.58093590 0.57819152 0.58430862 0.58285600 0.58042151 0.57898754 0.57091331 0.56715482 0.56750816 0.56995344 0.56722760 0.56397462 0.56503302 0.56815308 0.55840647 0.56231529 0.56336963 0.55860907 0.55033559 0.55151111 0.54542536 0.54025239 0.55272806 0.47455883 0.25539488 0.02235262 0.00000000 0.00000000 0.00000000 0.00000000 0.00000000 0.00000000 0.00000000 0.00000000 0.00000000 0.00000000 0.00000000 0.00000000 0.00000000 0.00000000 0.00000000 0.00000000 0.00000000 0.00000000 0.00000000 0.00000000 0.00000000 0.00000000 0.00000000 0.00000000 0.00000000 0.00000000 0.00000000 0.00000000 0.00000000 0.00000000 0.00000000 0.00000000 0.00000000 0.00000000 0.00000000 0.00000000 0.00000000 0.00000000 0.00000000 0.00000000 0.00000000 0.00000000 0.00000000 0.00000000 0.00000000 0.00000000 0.00000000 0.00000000 0.00000000 0.00000000 0.00000000 0.00000000 0.00000000 0.00000000 0.00000000 0.00000000 0.00000000 0.00000000 0.00000000 0.00000000 0.20725231 0.45357859 0.56740689 0.59495342 0.61478692 0.63238639 0.63334084 0.63790596 0.64185196 0.65545332 0.66106039 0.65927768 0.65955585 0.66874993 0.66523618 0.66361469 0.67425478 0.67953497
0.56698930 0.56559116 0.56240475 0.55956012 0.56502044 0.56667441 0.56178296 0.56596917 0.56716585 0.56492984 0.56961614 0.56500095 0.56459934 0.57829642 0.56899440 0.57164520 0.58827496 0.57911021 0.57740772 0.57919377 0.57949001 0.57675529 0.57336074 0.57518083 0.57858425 0.57075649 0.57980400 0.56917244 0.56464255 0.56391746 0.56020987 0.56015134 0.56069225 0.55364215 0.55383384 0.55662888 0.54511297 0.54299933 0.55287635 0.54324788 0.54015821 0.53894758 0.54187715 0.34627348 0.15702967 0.00000000 0.00000000 0.00000000 0.00000000 0.00000000 0.00000000 0.00000000 0.00000000 0.00000000 0.00000000 0.00000000 0.00000000 0.00000000 0.00000000 0.00000000 0.00000000 0.00000000 0.00000000 0.00000000 0.00000000 0.00000000 0.00000000 0.00000000 0.00000000 0.00000000 0.00000000 0.00000000 0.00000000 0.00000000 0.00000000 0.00000000 0.00000000 0.00000000 0.00000000 0.00000000 0.00000000 0.00000000 0.00000000 0.00000000 0.00000000 0.00000000 0.00000000 0.00000000 0.00000000 0.00000000 0.00000000 0.00000000 0.00000000 0.00000000 0.00000000 0.00000000 0.00000000 0.00000000 0.00000000 0.00000000 0.00000000 0.00000000 0.00000000 0.00000000 0.00000000 0.00083870 0.27642119 0.50849354 0.57867765 0.59988374 0.61183751 0.61595362 0.63043183 0.63478923 0.65206516 0.64733863 0.64169109 0.66834170 0.65607947 0.67002851 0.67478150 0.69028008 0.67796797 0.67634475
0.56716132 0.56511950 0.55601388 0.56513053 0.56328201 0.56040037 0.56234860 0.57013577 0.56936103 0.56671733 0.56771898 0.57606965 0.56416070 0.56276006 0.56957024 0.56646848 0.56324255 0.57148349 0.57234883 0.57126665 0.56910270 0.57328546 0.57789344 0.57190090 0.56729251 0.57519555 0.56637383 0.57154286 0.56965417 0.56272882 0.56490701 0.56223398 0.55585808 0.55059373 0.54824662 0.54650372 0.55571121 0.54644454 0.54966885 0.53918725 0.53986138 0.55325663 0.48695743 0.28366655 0.05930090 0.00000000 0.00000000 0.00000000 0.00000000 0.00000000 0.00000000 0.00000000 0.00000000 0.00000000 0.00000000 0.00000000 0.00000000 0.00000000 0.00000000 0.00000000 0.00000000 0.00000000 0.00000000 0.00000000 0.00000000 0.00000000 0.00000000 0.00000000 0.00000000 0.00000000 0.00000000 0.00000000 0.00000000 0.00000000 0.00000000 0.00000000 0.00000000 0.00000000 0.00000000 0.00000000 0.00000000 0.00000000 0.00000000 0.00000000 0.00000000 0.00000000 0.00000000 0.00000000 0.00000000 0.00000000 0.00000000 0.00000000 0.00000000 0.00000000 0.00000000 0.00000000 0.00000000 0.00000000 0.00000000 0.00000000 0.00000000 0.00000000 0.00000000 0.00000000 0.00000000 0.12770794 0.39451551 0.53844571 0.57957387 0.59380656 0.60285318 0.62840325 0.63445985 0.63459897 0.63688242 0.65296590 0.64924443 0.65807128 0.65881026 0.66071302 0.65758747 0.66296625 0.67594016 0.67386514
0.56600940 0.56479925 0.56172580 0.56226981 0.56402820 0.56576377 0.56521136 0.57081568 0.56224167 0.56407171 0.56737334 0.55882138 0.57231903 0.56369740 0.56769562 0.57163924 0.57564926 0.57198250 0.57277572 0.57202274 0.57651383 0.57011634 0.56334990 0.57642835 0.56653583 0.56921357 0.57175577 0.56160450 0.56012261 0.56225026 0.55542016 0.55914217 0.55369663 0.54829907 0.55330175 0.54243356 0.53620261 0.53861141 0.53896075 0.53459859 0.52909124 0.52306104 0.38519889 0.19490872 0.00000000 0.00000000 0.00000000 0.00000000 0.00000000 0.00000000 0.00000000 0.00000000 0.00000000 0.00000000 0.00000000 0.00000000 0.00000000 0.00000000 0.00000000 0.00000000 0.00000000 0.00000000 0.00000000 0.00000000 0.00000000 0.00000000 0.00000000 0.00000000 0.00000000 0.00000000 0.00000000 0.00000000 0.00000000 0.00000000 0.00000000 0.00000000 0.00000000 0.00000000 0.00000000 0.00000000 0.00000000 0.00000000 0.00000000 0.00000000 0.00000000 0.00000000 0.00000000 0.00000000 0.00000000 0.00000000 0.00000000 0.00000000 0.00000000 0.00000000 0.00000000 0.00000000 0.00000000 0.00000000 0.00000000 0.00000000 0.00000000 0.00000000 0.00000000 0.00000000 0.00000000 0.21986409 0.47870362 0.56085461 0.58812886 0.61175829 0.61243671 0.61424953 0.62041253 0.63413125 0.63798016 0.64270139 0.65429354 0.65236247 0.65702569 0.67282158 0.67805743 0.68285775 0.67104423 0.67427939
0.56192905 0.55819768 0.56441796 0.56349349 0.55369842 0.55689645 0.56586677 0.56421959 0.56439269 0.55863661 0.56015635 0.56212044 0.55837488 0.56251580 0.56655169 0.56178808 0.56689191 0.56707788 0.56946403 0.56780076 0.56565183 0.57354331 0.57443196 0.56379098 0.56974751 0.56783533 0.56510401 0.56939501 0.56037498 0.55839133 0.55748576 0.54638958 0.54716575 0.54990345 0.54216391 0.54552370 0.54738498 0.53902704 0.53889698 0.53083771 0.53640497 0.53048241 0.35836589 0.06872703 0.00000000 0.00000000 0.00000000 0.00000000 0.00000000 0.00000000 0.00000000 0.00000000 0.00000000 0.00000000 0.00000000 0.00000000 0.00000000 0.00000000 0.00000000 0.00000000 0.00000000 0.00000000 0.00000000 0.00000000 0.00000000 0.00000000 0.00000000 0.00000000 0.00000000 0.00000000 0.00000000 0.00000000 0.00000000 0.00000000 0.00000000 0.00000000 0.00000000 0.00000000 0.00000000 0.00000000 0.00000000 0.00000000 0.00000000 0.00000000 0.00000000 0.00000000 0.00000000 0.00000000 0.00000000 0.00000000 0.00000000 0.00000000 0.00000000 0.00000000 0.00000000 0.00000000 0.00000000 0.00000000 0.00000000 0.00000000 0.00000000 0.00000000 0.00000000 0.00000000 0.04819693 0.32567894 0.50385839 0.57422578 0.58348954 0.58974123 0.61503094 0.62064117 0.62813658 0.63871002 0.64079195 0.64786798 0.63777339 0.65574640 0.64963430 0.65794343 0.65845543 0.65670484 0.66979671 0.67185265
0.56758559 0.56511283 0.55791157 0.56704533 0.56355369 0.56235629 0.56310290 0.56693107 0.56125355 0.56290525 0.55789971 0.56308150 0.56376165 0.56368989 0.56544530 0.56511790 0.55765921 0.56997991 0.56120485 0.56062710 0.56435657 0.55636072 0.55834895 0.56739438 0.55722588 0.56128246 0.55760086 0.55361462 0.56292784 0.55175316 0.55050117 0.55477798 0.54687595 0.54375446 0.54503882 0.53703755 0.53599423 0.53289443 0.52714127 0.52372319 0.53572536 0.46390903 0.19474436 0.00000000 0.00000000 0.00000000 0.00000000 0.00000000 0.00000000 0.00000000 0.00000000 0.00000000 0.00000000 0.00000000 0.00000000 0.00000000 0.00000000 0.00000000 0.00000000 0.00000000 0.00000000 0.00000000 0.00000000 0.00000000 0.00000000 0.00000000 0.00000000 0.00000000 0.00000000 0.00000000 0.00000000 0.00000000 0.00000000 0.00000000 0.00000000 0.00000000 0.00000000 0.00000000 0.00000000 0.00000000 0.00000000 0.00000000 0.00000000 0.00000000 0.00000000 0.00000000 0.00000000 0.00000000 0.00000000 0.00000000 0.00000000 0.00000000 0.00000000 0.00000000 0.00000000 0.00000000 0.00000000 0.00000000 0.00000000 0.00000000 0.00000000 0.00000000 0.00000000 0.00000000 0.08931525 0.42242354 0.55136710 0.56802106 0.58858466 0.60882187 0.60343683 0.61273539 0.62199867 0.63114506 0.62837279 0.64357877 0.64251626 0.65185380 0.66276747 0.66599578 0.66906232 0.66929287 0.66497391 0.66688198
0.56034172 0.56712234 0.56286162 0.56213629 0.55932903 0.55750006 0.55705112 0.55947328 0.55462384 0.55315369 0.56053275 0.55313963 0.56026304 0.55507654 0.55585694 0.56643289 0.55759549 0.55788392 0.56695461 0.56569469 0.55891883 0.56743085 0.56005317 0.56059748 0.56144714 0.55859476 0.56138521 0.55531788 0.55041021 0.55565953 0.54300964 0.54585087 0.54431170 0.54070306 0.54449046 0.53804219 0.53016835 0.53029364 0.52729326 0.52156073 0.52194774 0.38025731 0.12056522 0.00000000 0.00000000 0.00000000 0.00000000 0.00000000 0.00000000 0.00000000 0.00000000 0.00000000 0.00000000 0.00000000 0.00000000 0.00000000 0.00000000 0.00000000 0.00000000 0.00000000 0.00000000 0.00000000 0.00000000 0.00000000 0.00000000 0.00000000 0.00000000 0.00000000 0.00000000 0.00000000 0.00000000 0.00000000 0.00000000 0.00000000 0.00000000 0.00000000 0.00000000 0.00000000 0.00000000 0.00000000 0.00000000 0.00000000 0.00000000 0.00000000 0.00000000 0.00000000 0.00000000 0.00000000 0.00000000 0.00000000 0.00000000 0.00000000 0.00000000 0.00000000 0.00000000 0.00000000 0.00000000 0.00000000 0.00000000 0.00000000 0.00000000 0.00000000 0.00000000 0.00000000 0.19974218 0.46193129 0.54938465 0.57937926 0.58593023 0.59615695 0.61034864 0.61594594 0.62359256 0.63112837 0.63682115 0.64167732 0.64426559 0.64596623 0.65135974 0.64840114 0.65106666 0.66241068 0.66736603 0.66987139
0.56502104 0.55454350 0.55912483 0.56581950 0.56610793 0.57042640 0.56597179 0.55288756 0.55401748 0.55437368 0.55470657 0.55935705 0.55470747 0.56362998 0.56163669 0.55308276 0.56623256 0.55939341 0.55014044 0.55453700 0.55836308 0.55449653 0.55873638 0.55615032 0.55679494 0.55885237 0.55281985 0.55638212 0.55281895 0.55066615 0.55378771 0.54511058 0.54792899 0.54456705 0.54216170 0.53612208 0.53592604 0.52542955 0.51797295 0.51752490 0.50498003 0.31549114 0.05270934 0.00000000 0.00000000 0.00000000 0.00000000 0.00000000 0.00000000 0.00000000 0.00000000 0.00000000 0.00000000 0.00000000 0.00000000 0.00000000 0.00000000 0.00000000 0.00000000 0.00000000 0.00000000 0.00000000 0.00000000 0.00000000 0.00000000 0.00000000 0.00000000 0.00000000 0.00000000 0.00000000 0.00000000 0.00000000 0.00000000 0.00000000 0.00000000 0.00000000 0.00000000 0.00000000 0.00000000 0.00000000 0.00000000 0.00000000 0.00000000 0.00000000 0.00000000 0.00000000 0.00000000 0.00000000 0.00000000 0.00000000 0.00000000 0.00000000 0.00000000 0.00000000 0.00000000 0.00000000 0.00000000 0.00000000 0.00000000 0.00000000 0.00000000 0.00000000 0.00000000 0.00000000 0.24922533 0.51215482 0.56303120 0.58026206 0.59355348 0.60027522 0.60974473 0.61826092 0.62170172 0.63669378 0.62694365 0.63650018 0.64196008 0.65175849 0.64987594 0.65730619 0.66640091 0.66378009 0.66292703 0.66548860
0.56420743 0.55958205 0.56169450 0.56127298 0.56205368 0.55452031 0.54961061 0.54711384 0.54958540 0.55244333 0.54635572 0.55413944 0.55375916 0.55018944 0.55313230 0.56049299 0.55184191 0.55315715 0.56375116 0.55662423 0.55511034 0.55722892 0.55882859 0.55608499 0.55641699 0.55624628 0.55375278 0.54554778 0.55239099 0.54888362 0.54373914 0.54503924 0.54409993 0.54205632 0.53492510 0.52770889 0.52114451 0.52794987 0.51909822 0.52381021 0.47996408 0.21329223 0.00000000 0.00000000 0.00000000 0.00000000 0.00000000 0.00000000 0.00000000 0.00000000 0.00000000 0.00000000 0.00000000 0.00000000 0.00000000 0.00000000 0.00000000 0.00000000 0.00000000 0.00000000 0.00000000 0.00000000 0.00000000 0.00000000 0.00000000 0.00000000 0.00000000 0.00000000 0.00000000 0.00000000 0.00000000 0.00000000 0.00000000 0.00000000 0.00000000 0.00000000 0.00000000 0.00000000 0.00000000 0.00000000 0.00000000 0.00000000 0.00000000 0.00000000 0.00000000 0.00000000 0.00000000 0.00000000 0.00000000 0.00000000 0.00000000 0.00000000 0.00000000 0.00000000 0.00000000 0.00000000 0.00000000 0.00000000 0.00000000 0.00000000 0.00000000 0.00000000 0.00000000 0.06351502 0.29763466 0.52833647 0.56691670 0.57766908 0.58542031 0.59980828 0.60865945 0.61607277 0.62095815 0.62782758 0.63436007 0.64612538 0.64286846 0.64120293 0.65418684 0.65926260 0.65667307 0.65961301 0.66494286 0.67376012
0.55745333 0.56888151 0.56260687 0.54789770 0.55477005 0.55890006 0.55028653 0.55389941 0.55019963 0.54787529 0.55633569 0.55644447 0.55760509 0.55610359 0.55668461 0.55239904 0.55832100 0.55532777 0.55009669 0.55469722 0.55455482 0.55481654 0.55897880 0.55493557 0.55265892 0.55517167 0.55739069 0.55169249 0.54500222 0.55012459 0.55086416 0.54502982 0.54413664 0.54172039 0.53775138 0.53567427 0.53180587 0.52418476 0.51519877 0.54236138 0.40365922 0.12622167 0.00000000 0.00000000 0.00000000 0.00000000 0.00000000 0.00000000 0.00000000 0.00000000 0.00000000 0.00000000 0.00000000 0.00000000 0.00000000 0.00000000 0.00000000 0.00000000 0.00000000 0.00000000 0.00000000 0.00000000 0.00000000 0.00000000 0.00000000 0.00000000 0.00000000 0.00000000 0.00000000 0.00000000 0.00000000 0.00000000 0.00000000 0.00000000 0.00000000 0.00000000 0.00000000 0.00000000 0.00000000 0.00000000 0.00000000 0.00000000 0.00000000 0.00000000 0.00000000 0.00000000 0.00000000 0.00000000 0.00000000 0.00000000 0.00000000 0.00000000 0.00000000 0.00000000 0.00000000 0.00000000 0.00000000 0.00000000 0.00000000 0.00000000 0.00000000 0.00000000 0.00000000 0.09966411 0.37389350 0.55064785 0.56998831 0.58417404 0.60678464 0.60651785 0.60892081 0.62295163 0.62724364 0.62575692 0.63186276 0.63867033 0.64267796 0.64639044 0.65886909 0.65593237 0.65808380 0.66561151 0.66445136 0.66446972
0.55463558 0.54838002 0.55889577 0.55835289 0.54747868 0.54477268 0.54686493 0.53932637 0.54696214 0.54674858 0.54285407 0.54950625 0.54820597 0.55021948 0.55428684 0.54736555 0.55022573 0.55429465 0.55314970 0.55333722 0.55388427 0.55301130 0.55365586 0.55321246 0.55698001 0.55213952 0.54416400 0.54663938 0.54649729 0.54412204 0.54352486 0.54263765 0.54236555 0.53234714 0.53607839 0.52324414 0.52023917 0.51958603 0.51609701 0.49338913 0.31577080 0.05491810 0.00000000 0.00000000 0.00000000 0.00000000 0.00000000 0.00000000 0.00000000 0.00000000 0.00000000 0.00000000 0.00000000 0.00000000 0.00000000 0.00000000 0.00000000 0.00000000 0.00000000 0.00000000 0.00000000 0.00000000 0.00000000 0.00000000 0.00000000 0.00000000 0.00000000 0.00000000 0.00000000 0.00000000 0.00000000 0.00000000 0.00000000 0.00000000 0.00000000 0.00000000 0.00000000 0.00000000 0.00000000 0.00000000 0.00000000 0.00000000 0.00000000 0.00000000 0.00000000 0.00000000 0.00000000 0.00000000 0.00000000 0.00000000 0.00000000 0.00000000 0.00000000 0.00000000 0.00000000 0.00000000 0.00000000 0.00000000 0.00000000 0.00000000 0.00000000 0.00000000 0.00000000 0.13994108 0.40408111 0.54296964 0.57856411 0.58379596 0.58821177 0.60372251 0.60958809 0.61480474 0.61576247 0.63078952 0.63026625 0.63758987 0.64340019 0.64629668 0.65096492 0.65680188 0.65896779 0.65133488 0.65888381 0.66476512
0.54910779 0.55008817 0.55473703 0.54732674 0.54857254 0.54321516 0.54200917 0.55154580 0.54505223 0.54989851 0.55299592 0.55298984 0.55109131 0.54998314 0.54988861 0.55411386 0.55054533 0.54996383 0.56003910 0.55336469 0.55062705 0.55840141 0.55682260 0.55570728 0.54984659 0.55505633 0.55366766 0.54695767 0.54960710 0.54313809 0.54386604 0.53856784 0.53531337 0.53590667 0.53015977 0.52741081 0.52235532 0.51604646 0.51990378 0.45862752 0.23789160 0.00000000 0.00000000 0.00000000 0.00000000 0.00000000 0.00000000 0.00000000 0.00000000 0.00000000 0.00000000 0.00000000 0.00000000 0.00000000 0.00000000 0.00000000 0.00000000 0.00000000 0.00000000 0.00000000 0.00000000 0.00000000 0.00000000 0.00000000 0.00000000 0.00000000 0.00000000 0.00000000 0.00000000 0.00000000 0.00000000 0.00000000 0.00000000 0.00000000 0.00000000 0.00000000 0.00000000 0.00000000 0.00000000 0.00000000 0.00000000 0.00000000 0.00000000 0.00000000 0.00000000 0.00000000 0.00000000 0.00000000 0.00000000 0.00000000 0.00000000 0.00000000 0.00000000 0.00000000 0.00000000 0.00000000 0.00000000 0.00000000 0.00000000 0.00000000 0.00000000 0.00000000 0.00000000 0.16174988 0.45844948 0.55341566 0.57061034 0.58968085 0.60373664 0.60467345 0.60886359 0.62614775 0.62535012 0.61988682 0.63283145 0.62981886 0.65345216 0.65168840 0.64542222 0.65387112 0.65942526 0.65668267 0.66714847 0.66158634
0.54528528 0.54714209 0.54984909 0.54477739 0.54267222 0.54918724 0.54217410 0.54167062 0.54466641 0.54423457 0.55039448 0.54809511 0.55035508 0.54953378 0.54842848 0.54744649 0.54666317 0.54603672 0.54828018 0.54829472 0.55375141 0.55330986 0.54476327 0.55147642 0.55203164 0.54338157 0.54618657 0.54669726 0.54867578 0.53955519 0.53891659 0.54117352 0.53155637 0.52702343 0.52498364 0.52125591 0.51849383 0.51718146 0.53850991 0.43539381 0.15566410 0.00000000 0.00000000 0.00000000 0.00000000 0.00000000 0.00000000 0.00000000 0.00000000 0.00000000 0.00000000 0.00000000 0.00000000 0.00000000 0.00000000 0.00000000 0.00000000 0.00000000 0.00000000 0.00000000 0.00000000 0.00000000 0.00000000 0.00000000 0.00000000 0.00000000 0.00000000 0.00000000 0.00000000 0.00000000 0.00000000 0.00000000 0.00000000 0.00000000 0.00000000 0.00000000 0.00000000 0.00000000 0.00000000 0.00000000 0.00000000 0.00000000 0.00000000 0.00000000 0.00000000 0.00000000 0.00000000 0.00000000 0.00000000 0.00000000 0.00000000 0.00000000 0.00000000 0.00000000 0.00000000 0.00000000 0.00000000 0.00000000 0.00000000 0.00000000 0.00000000 0.00000000 0.00000000 0.19892852 0.47804826 0.56105161 0.57786041 0.58215213 0.58867794 0.60652095 0.61085415 0.60958982 0.62496674 0.62062556 0.63770270 0.64081562 0.63619685 0.64270639 0.64982641 0.64511013 0.65294290 0.64496672 0.65583420 0.65309268
0.53683168 0.54409951 0.53864306 0.54367548 0.54426789 0.53945321 0.54219741 0.54131669 0.54564905 0.55076617 0.54637843 0.55059481 0.54885495 0.54783934 0.55026662 0.54930788 0.54638374 0.55395746 0.54957467 0.55289727 0.54737538 0.55622315 0.55733889 0.54484934 0.54834968 0.54738879 0.54081023 0.54440051 0.54041249 0.54259503 0.53533041 0.52556193 0.52643520 0.51986790 0.52061784 0.51628423 0.51456183 0.52599341 0.50795746 0.26634151 0.06457123 0.00000000 0.00000000 0.00000000 0.00000000 0.00000000 0.00000000 0.00000000 0.00000000 0.00000000 0.00000000 0.00000000 0.00000000 0.00000000 0.00000000 0.00000000 0.00000000 0.00000000 0.00000000 0.00000000 0.00000000 0.00000000 0.00000000 0.00000000 0.00000000 0.00000000 0.00000000 0.00000000 0.00000000 0.00000000 0.00000000 0.00000000 0.00000000 0.00000000 0.00000000 0.00000000 0.00000000 0.00000000 0.00000000 0.00000000 0.00000000 0.00000000 0.00000000 0.00000000 0.00000000 0.00000000 0.00000000 0.00000000 0.00000000 0.00000000 0.00000000 0.00000000 0.00000000 0.00000000 0.00000000 0.00000000 0.00000000 0.00000000 0.00000000 0.00000000 0.00000000 0.00000000 0.00000000 0.21113779 0.49665022 0.55961919 0.57853919 0.58859217 0.60018569 0.59991390 0.60676169 0.61919141 0.62240988 0.63004738 0.63636279 0.63047755 0.63636738 0.64849687 0.64924055 0.64223081 0.65155667 0.66062212 0.66091365 0.65612894
0.54014528 0.53766066 0.54404032 0.53907496 0.54129195 0.54383683 0.54374677 0.54240614 0.54224151 0.54360396 0.54807955 0.54387069 0.54574943 0.54404497 0.54008102 0.54564720 0.54460329 0.54050803 0.54910344 0.55270356 0.54532331 0.55148578 0.54744482 0.54718477 0.54256606 0.54260314 0.54285413 0.54145187 0.54083794 0.53147823 0.53303760 0.52815592 0.52068859 0.51898509 0.51477170 0.51048619 0.51947904 0.53921866 0.36424112 0.22139134 0.00000000 0.00000000 0.00000000 0.00000000 0.00000000 0.00000000 0.00000000 0.00000000 0.00000000 0.00000000 0.00000000 0.00000000 0.00000000 0.00000000 0.00000000 0.00000000 0.00000000 0.00000000 0.00000000 0.00000000 0.00000000 0.00000000 0.00000000 0.00000000 0.00000000 0.00000000 0.00000000 0.00000000 0.00000000 0.00000000 0.00000000 0.00000000 0.00000000 0.00000000 0.00000000 0.00000000 0.00000000 0.00000000 0.00000000 0.00000000 0.00000000 0.00000000 0.00000000 0.00000000 0.00000000 0.00000000 0.00000000 0.00000000 0.00000000 0.00000000 0.00000000 0.00000000 0.00000000 0.00000000 0.00000000 0.00000000 0.00000000 0.00000000 0.00000000 0.00000000 0.00000000 0.00000000 0.00000000 0.18523495 0.48331231 0.56300831 0.57453716 0.58859301 0.59510261 0.60357344 0.61521941 0.61757684 0.62353116 0.62585819 0.62919080 0.63116640 0.64501250 0.64128548 0.64126754 0.65177518 0.65291291 0.64492667 0.65948975 0.65696889
0.53697181 0.54061472 0.53376514 0.53603441 0.54116917 0.53855407 0.53938609 0.54356837 0.54271328 0.54094303 0.54345888 0.54288977 0.54569697 0.54532945 0.54545927 0.54645383 0.54477525 0.54539704 0.54448301 0.54428869 0.54503620 0.54897004 0.54297197 0.53362954 0.53869843 0.54277587 0.53867877 0.53501987 0.53494388 0.53435487 0.52896386 0.52156579 0.51881826 0.51382846 0.51136738 0.51823604 0.55440706 0.43732923 0.34943968 0.15166329 0.00000000 0.00000000 0.00000000 0.00000000 0.00000000 0.00000000 0.00000000 0.00000000 0.00000000 0.00000000 0.00000000 0.00000000 0.00000000 0.00000000 0.00000000 0.00000000 0.00000000 0.00000000 0.00000000 0.00000000 0.00000000 0.00000000 0.00000000 0.00000000 0.00000000 0.00000000 0.00000000 0.00000000 0.00000000 0.00000000 0.00000000 0.00000000 0.00000000 0.00000000 0.00000000 0.00000000 0.00000000 0.00000000 0.00000000 0.00000000 0.00000000 0.00000000 0.00000000 0.00000000 0.00000000 0.00000000 0.00000000 0.00000000 0.00000000 0.00000000 0.00000000 0.00000000 0.00000000 0.00000000 0.00000000 0.00000000 0.00000000 0.00000000 0.00000000 0.00000000 0.00000000 0.00000000 0.00223757 0.18656446 0.41603231 0.55313003 0.57333767 0.58479214 0.59349865 0.59915501 0.60689467 0.61217821 0.62400377 0.63000196 0.63230020 0.63443792 0.63401908 0.63721216 0.64792126 0.64482975 0.65410930 0.66202223 0.65152216 0.65919203
0.52733207 0.53884906 0.54134530 0.54210436 0.53833991 0.53353381 0.54048383 0.54212779 0.53386486 0.54437506 0.54651481 0.53553677 0.54162669 0.54258394 0.54321742 0.54005343 0.54079103 0.54592443 0.53897059 0.54275519 0.54566592 0.54075807 0.54214400 0.53686875 0.53826112 0.53356081 0.53561902 0.53408724 0.52776778 0.52370161 0.52542281 0.51315206 0.51249582 0.50779837 0.50222582 0.52133560 0.47981495 0.30711514 0.22355138 0.00000000 0.00000000 0.00000000 0.00000000 0.00000000 0.00000000 0.00000000 0.00000000 0.00000000 0.00000000 0.00000000 0.00000000 0.00000000 0.00000000 0.00000000 0.00000000 0.00000000 0.00000000 0.00000000 0.00000000 0.00000000 0.00000000 0.00000000 0.00000000 0.00000000 0.00000000 0.00000000 0.00000000 0.00000000 0.00000000 0.00000000 0.00000000 0.00000000 0.00000000 0.00000000 0.00000000 0.00000000 0.00000000 0.00000000 0.00000000 0.00000000 0.00000000 0.00000000 0.00000000 0.00000000 0.00000000 0.00000000 0.00000000 0.00000000 0.00000000 0.00000000 0.00000000 0.00000000 0.00000000 0.00000000 0.00000000 0.00000000 0.00000000 0.00000000 0.00000000 0.00000000 0.00000000 0.00000000 0.00000000 0.16324152 0.38175344 0.53445733 0.57756442 0.58279878 0.59076536 0.60401344 0.61098182 0.62351364 0.62521654 0.62277997 0.62799853 0.63832510 0.63718706 0.63784754 0.64185131 0.65193808 0.64421135 0.65710199 0.65600705 0.64846861
0.53722870 0.53275084 0.53591442 0.52888680 0.53949338 0.53708076 0.53238755 0.52968186 0.54210025 0.53350741 0.53543156 0.53860486 0.53574085 0.53884691 0.53391075 0.53780586 0.54572850 0.53900111 0.54095405 0.53858584 0.53809261 0.53676796 0.53471386 0.53447330 0.53594863 0.53882462 0.53811961 0.52933943 0.52819926 0.52155757 0.51932484 0.51597053 0.51170748 0.51361036 0.50555724 0.51167470 0.39098746 0.30638528 0.06189312 0.00000000 0.00000000 0.00000000 0.00000000 0.00000000 0.00000000 0.00000000 0.00000000 0.00000000 0.00000000 0.00000000 0.00000000 0.00000000 0.00000000 0.00000000 0.00000000 0.00000000 0.00000000 0.00000000 0.00000000 0.00000000 0.00000000 0.00000000 0.00000000 0.00000000 0.00000000 0.00000000 0.00000000 0.00000000 0.00000000 0.00000000 0.00000000 0.00000000 0.00000000 0.00000000 0.00000000 0.00000000 0.00000000 0.00000000 0.00000000 0.00000000 0.00000000 0.00000000 0.00000000 0.00000000 0.00000000 0.00000000 0.00000000 0.00000000 0.00000000 0.00000000 0.00000000 0.00000000 0.00000000 0.00000000 0.00000000 0.00000000 0.00000000 0.00000000 0.00000000 0.00000000 0.00000000 0.00000000 0.00000000 0.10871033 0.29243463 0.50406176 0.56127781 0.57653254 0.59113687 0.59622306 0.60310781 0.60814643 0.61685908 0.62186360 0.62425953 0.62695307 0.63626480 0.63973230 0.64050555 0.64584070 0.65864354 0.64988613 0.64815718 0.66014594
0.53052032 0.53306848 0.53804117 0.54044688 0.53535825 0.53185171 0.54097492 0.53483862 0.52900118 0.53644538 0.53683615 0.53020316 0.53692281 0.54045087 0.53580636 0.53925842 0.53407758 0.53985167 0.53976095 0.53729218 0.53169131 0.53510076 0.53535432 0.52937239 0.52852362 0.52956730 0.53074884 0.52434677 0.51920003 0.52264696 0.51862752 0.50819510 0.50514382 0.49965537 0.51442271 0.48359656 0.32857710 0.14961000 0.00000000 0.00000000 0.00000000 0.00000000 0.00000000 0.00000000 0.00000000 0.00000000 0.00000000 0.00000000 0.00000000 0.00000000 0.00000000 0.00000000 0.00000000 0.00000000 0.00000000 0.00000000 0.00000000 0.00000000 0.00000000 0.00000000 0.00000000 0.00000000 0.00000000 0.00000000 0.00000000 0.00000000 0.00000000 0.00000000 0.00000000 0.00000000 0.00000000 0.00000000 0.00000000 0.00000000 0.00000000 0.00000000 0.00000000 0.00000000 0.00000000 0.00000000 0.00000000 0.00000000 0.00000000 0.00000000 0.00000000 0.00000000 0.00000000 0.00000000 0.00000000 0.00000000 0.00000000 0.00000000 0.00000000 0.00000000 0.00000000 0.00000000 0.00000000 0.00000000 0.00000000 0.00000000 0.00000000 0.00000000 0.00000000 0.08092193 0.23667158 0.45199549 0.56223857 0.57593459 0.58858871 0.60105240 0.60867006 0.60453141 0.61720747 0.62237710 0.62339205 0.62459075 0.63540655 0.63540286 0.63238394 0.64444786 0.63856876 0.65588140 0.64934897 0.63584220
0.52893430 0.53326845 0.52749068 0.52904272 0.53681302 0.52950740 0.52417433 0.53496176 0.53172141 0.52238333 0.53765231 0.53936929 0.52945876 0.53063285 0.53586054 0.53596514 0.53434253 0.53556210 0.53436214 0.53108048 0.53377682 0.53258258 0.53244281 0.53461611 0.53493434 0.52797288 0.52628225 0.52144098 0.51948953 0.51433176 0.50772923 0.51277971 0.51118076 0.50737113 0.52596599 0.44601303 0.21040846 0.00000000 0.00000000 0.00000000 0.00000000 0.00000000 0.00000000 0.00000000 0.00000000 0.00000000 0.00000000 0.00000000 0.00000000 0.00000000 0.00000000 0.00000000 0.00000000 0.00000000 0.00000000 0.00000000 0.00000000 0.00000000 0.00000000 0.00000000 0.00000000 0.00000000 0.00000000 0.00000000 0.00000000 0.00000000 0.00000000 0.00000000 0.00000000 0.00000000 0.00000000 0.00000000 0.00000000 0.00000000 0.00000000 0.00000000 0.00000000 0.00000000 0.00000000 0.00000000 0.00000000 0.00000000 0.00000000 0.00000000 0.00000000 0.00000000 0.00000000 0.00000000 0.00000000 0.00000000 0.00000000 0.00000000 0.00000000 0.00000000 0.00000000 0.00000000 0.00000000 0.00000000 0.00000000 0.00000000 0.00000000 0.00000000 0.00000000 0.00870149 0.17517702 0.37178642 0.53806806 0.57292956 0.58222014 0.58672941 0.59615290 0.60991091 0.61205518 0.61288887 0.62207687 0.62647259 0.62215668 0.63316470 0.63772076 0.63707614 0.64815211 0.63807869 0.64635795 0.65477777
0.53120571 0.52642471 0.53609794 0.53142726 0.52764320 0.53069764 0.53306973 0.51802564 0.52539986 0.53294718 0.52143401 0.53031933 0.52871406 0.53901410 0.53609973 0.52679557 0.53541803 0.53303808 0.53330225 0.52740175 0.52881169 0.53583837 0.52628464 0.52527624 0.52522689 0.52983057 0.52031642 0.51548076 0.51391226 0.51450443 0.51269144 0.50507736 0.50174147 0.50307465 0.48007226 0.32444054 0.08229281 0.00000000 0.00000000 0.00000000 0.00000000 0.00000000 0.00000000 0.00000000 0.00000000 0.00000000 0.00000000 0.00000000 0.00000000 0.00000000 0.00000000 0.00000000 0.00000000 0.00000000 0.00000000 0.00000000 0.00000000 0.00000000 0.00000000 0.00000000 0.00000000 0.00000000 0.00000000 0.00000000 0.00000000 0.00000000 0.00000000 0.00000000 0.00000000 0.00000000 0.00000000 0.00000000 0.00000000 0.00000000 0.00000000 0.00000000 0.00000000 0.00000000 0.00000000 0.00000000 0.00000000 0.00000000 0.00000000 0.00000000 0.00000000 0.00000000 0.00000000 0.00000000 0.00000000 0.00000000 0.00000000 0.00000000 0.00000000 0.00000000 0.00000000 0.00000000 0.00000000 0.00000000 0.00000000 0.00000000 0.00000000 0.00000000 0.00000000 0.00000000 0.14728309 0.32274717 0.50345838 0.56237960 0.57912081 0.59143060 0.59754187 0.59802198 0.60622966 0.60813558 0.61868966 0.62043005 0.62606061 0.62940979 0.64107037 0.63656092 0.64192474 0.64484978 0.64804751 0.64845389
0.52315062 0.53186721 0.52218693 0.53032470 0.53124160 0.52829379 0.52958256 0.53258967 0.52577257 0.52148396 0.52833360 0.52950954 0.53166652 0.52824599 0.53179133 0.52948564 0.52990097 0.53030467 0.52746069 0.53727508 0.53265667 0.52499545 0.53091902 0.52903426 0.52411819 0.52314615 0.51544505 0.51250166 0.51438624 0.51241153 0.51120913 0.51054305 0.50470483 0.50200373 0.47223806 0.28593636 0.00000000 0.00000000 0.00000000 0.00000000 0.00000000 0.00000000 0.00000000 0.00000000 0.00000000 0.00000000 0.00000000 0.00000000 0.00000000 0.00000000 0.00000000 0.00000000 0.00000000 0.00000000 0.00000000 0.00000000 0.00000000 0.00000000 0.00000000 0.00000000 0.00000000 0.00000000 0.00000000 0.00000000 0.00000000 0.00000000 0.00000000 0.00000000 0.00000000 0.00000000 0.00000000 0.00000000 0.00000000 0.00000000 0.00000000 0.00000000 0.00000000 0.00000000 0.00000000 0.00000000 0.00000000 0.00000000 0.00000000 0.00000000 0.00000000 0.00000000 0.00000000 0.00000000 0.00000000 0.00000000 0.00000000 0.00000000 0.00000000 0.00000000 0.00000000 0.00000000 0.00000000 0.00000000 0.00000000 0.00000000 0.00000000 0.00000000 0.00000000 0.00000000 0.08510576 0.28481710 0.48387462 0.56500220 0.57972044 0.58483183 0.60364735 0.60694855 0.60982049 0.61072469 0.62036985 0.61822188 0.61872089 0.62563527 0.61865020 0.63852680 0.63342726 0.63829285 0.64289552 0.63289475
0.52025920 0.52224660 0.53256720 0.52742952 0.52632660 0.52573991 0.52318364 0.52312762 0.52390158 0.52580458 0.52498293 0.52990937 0.53638929 0.53204316 0.53188342 0.53428376 0.53341627 0.52994710 0.52979517 0.52828461 0.52866471 0.52344495 0.52223480 0.52377552 0.51892024 0.51583058 0.51482528 0.51079071 0.51246798 0.50879449 0.50224185 0.50264430 0.50692338 0.50773537 0.47147834 0.15113862 0.00000000 0.00000000 0.00000000 0.00000000 0.00000000 0.00000000 0.00000000 0.00000000 0.00000000 0.00000000 0.00000000 0.00000000 0.00000000 0.00000000 0.00000000 0.00000000 0.00000000 0.00000000 0.00000000 0.00000000 0.00000000 0.00000000 0.00000000 0.00000000 0.00000000 0.00000000 0.00000000 0.00000000 0.00000000 0.00000000 0.00000000 0.00000000 0.00000000 0.00000000 0.00000000 0.00000000 0.00000000 0.00000000 0.00000000 0.00000000 0.00000000 0.00000000 0.00000000 0.00000000 0.00000000 0.00000000 0.00000000 0.00000000 0.00000000 0.00000000 0.00000000 0.00000000 0.00000000 0.00000000 0.00000000 0.00000000 0.00000000 0.00000000 0.00000000 0.00000000 0.00000000 0.00000000 0.00000000 0.00000000 0.00000000 0.00000000 0.00000000 0.00000000 0.01328345 0.23671423 0.46490109 0.55245948 0.57256037 0.58140957 0.58173209 0.59785491 0.60642248 0.61331069 0.61331260 0.61664915 0.62093449 0.63391626 0.63427830 0.63077360 0.64167970 0.65332282 0.64680934 0.65421200
0.52187324 0.52847070 0.52417135 0.52019399 0.52886498 0.52620107 0.52549452 0.52172899 0.51781213 0.52374345 0.52180070 0.52543938 0.52291405 0.52604878 0.53151435 0.52567446 0.53126967 0.52776462 0.52419025 0.52677679 0.52431673 0.52480674 0.52642334 0.52359927 0.51857489 0.51398790 0.50958478 0.50546771 0.50682366 0.50575060 0.50545102 0.50733984 0.49940270 0.50511849 0.35628676 0.07975681 0.00000000 0.00000000 0.00000000 0.00000000 0.00000000 0.00000000 0.00000000 0.00000000 0.00000000 0.00000000 0.00000000 0.00000000 0.00000000 0.00000000 0.00000000 0.00000000 0.00000000 0.00000000 0.00000000 0.00000000 0.00000000 0.00000000 0.00000000 0.00000000 0.00000000 0.00000000 0.00000000 0.00000000 0.00000000 0.00000000 0.00000000 0.00000000 0.00000000 0.00000000 0.00000000 0.00000000 0.00000000 0.00000000 0.00000000 0.00000000 0.00000000 0.00000000 0.00000000 0.00000000 0.00000000 0.00000000 0.00000000 0.00000000 0.00000000 0.00000000 0.00000000 0.00000000 0.00000000 0.00000000 0.00000000 0.00000000 0.00000000 0.00000000 0.00000000 0.00000000 0.00000000 0.00000000 0.00000000 0.00000000 0.00000000 0.00000000 0.00000000 0.00000000 0.00000000 0.19149689 0.44061524 0.54865497 0.56804186 0.58359730 0.59848416 0.59618461 0.59998405 0.61297315 0.60811603 0.61762071 0.61548871 0.61619848 0.61539412 0.63321269 0.62793750 0.61965096 0.63751161 0.64205658
0.51912808 0.51779515 0.52408385 0.52950501 0.52383941 0.52208912 0.52376419 0.52631843 0.52526754 0.52597761 0.53197402 0.53016466 0.53455502 0.52762944 0.53338003 0.53838831 0.53012395 0.52858430 0.52612323 0.52196562 0.52438480 0.52275187 0.51939487 0.51291752 0.51325685 0.51441306 0.51152092 0.51133275 0.51146662 0.51090676 0.50897259 0.50327843 0.49874049 0.47128659 0.31414771 0.02426229 0.00000000 0.00000000 0.00000000 0.00000000 0.00000000 0.00000000 0.00000000 0.00000000 0.00000000 0.00000000 0.00000000 0.00000000 0.00000000 0.00000000 0.00000000 0.00000000 0.00000000 0.00000000 0.00000000 0.00000000 0.00000000 0.00000000 0.00000000 0.00000000 0.00000000 0.00000000 0.00000000 0.00000000 0.00000000 0.00000000 0.00000000 0.00000000 0.00000000 0.00000000 0.00000000 0.00000000 0.00000000 0.00000000 0.00000000 0.00000000 0.00000000 0.00000000 0.00000000 0.00000000 0.00000000 0.00000000 0.00000000 0.00000000 0.00000000 0.00000000 0.00000000 0.00000000 0.00000000 0.00000000 0.00000000 0.00000000 0.00000000 0.00000000 0.00000000 0.00000000 0.00000000 0.00000000 0.00000000 0.00000000 0.00000000 0.00000000 0.00000000 0.00000000 0.00000000 0.19290970 0.41445357 0.53448743 0.56823254 0.57770985 0.57883567 0.59857255 0.60202819 0.60926926 0.61451578 0.60711163 0.61887711 0.63014567 0.63272506 0.62491465 0.64449096 0.64395082 0.64689964 0.64912593
0.52150780 0.52000940 0.52610397 0.52392918 0.52635348 0.52677602 0.52285641 0.52037048 0.52059311 0.52492666 0.52088171 0.51994449 0.53519338 0.52670938 0.52494198 0.53086859 0.53043514 0.52293646 0.53269541 0.53076470 0.52437735 0.52352452 0.52294534 0.52252746 0.51277483 0.51267236 0.50601578 0.50230700 0.50978500 0.50131989 0.49827325 0.49697578 0.49640632 0.47223699 0.29904574 0.00000000 0.00000000 0.00000000 0.00000000 0.00000000 0.00000000 0.00000000 0.00000000 0.00000000 0.00000000 0.00000000 0.00000000 0.00000000 0.00000000 0.00000000 0.00000000 0.00000000 0.00000000 0.00000000 0.00000000 0.00000000 0.00000000 0.00000000 0.00000000 0.00000000 0.00000000 0.00000000 0.00000000 0.00000000 0.00000000 0.00000000 0.00000000 0.00000000 0.00000000 0.00000000 0.00000000 0.00000000 0.00000000 0.00000000 0.00000000 0.00000000 0.00000000 0.00000000 0.00000000 0.00000000 0.00000000 0.00000000 0.00000000 0.00000000 0.00000000 0.00000000 0.00000000 0.00000000 0.00000000 0.00000000 0.00000000 0.00000000 0.00000000 0.00000000 0.00000000 0.00000000 0.00000000 0.00000000 0.00000000 0.00000000 0.00000000 0.00000000 0.00000000 0.00000000 0.00000000 0.16118856 0.42087322 0.53364289 0.56017751 0.58734339 0.59151131 0.58956122 0.60039181 0.61318016 0.60757923 0.61514336 0.62672323 0.61622053 0.62824965 0.62777746 0.62253243 0.64896858 0.64847344 0.64632422
0.51637721 0.51851022 0.51797324 0.52082628 0.52371848 0.52631718 0.52117038 0.52928752 0.52019572 0.52060753 0.53182864 0.52622944 0.52356875 0.53132147 0.52764022 0.53258157 0.52642393 0.53050268 0.51974535 0.51867896 0.51770753 0.51955259 0.51294893 0.50868487 0.51437205 0.51330465 0.51117229 0.51181525 0.50367469 0.50558019 0.50839895 0.49987411 0.49386990 0.46104300 0.21093740 0.00000000 0.00000000 0.00000000 0.00000000 0.00000000 0.00000000 0.00000000 0.00000000 0.00000000 0.00000000 0.00000000 0.00000000 0.00000000 0.00000000 0.00000000 0.00000000 0.00000000 0.00000000 0.00000000 0.00000000 0.00000000 0.00000000 0.00000000 0.00000000 0.00000000 0.00000000 0.00000000 0.00000000 0.00000000 0.00000000 0.00000000 0.00000000 0.00000000 0.00000000 0.00000000 0.00000000 0.00000000 0.00000000 0.00000000 0.00000000 0.00000000 0.00000000 0.00000000 0.00000000 0.00000000 0.00000000 0.00000000 0.00000000 0.00000000 0.00000000 0.00000000 0.00000000 0.00000000 0.00000000 0.00000000 0.00000000 0.00000000 0.00000000 0.00000000 0.00000000 0.00000000 0.00000000 0.00000000 0.00000000 0.00000000 0.00000000 0.00000000 0.00000000 0.00000000 0.00000000 0.21606664 0.42509359 0.52841836 0.56366152 0.57064956 0.58307248 0.59593517 0.59121042 0.59688926 0.61212230 0.60369205 0.60804421 0.61867416 0.60771877 0.62211668 0.63942713 0.62172866 0.62809741 0.63742805
0.52270013 0.51600420 0.52370334 0.52817792 0.51899630 0.52247429 0.52046096 0.51918131 0.52734834 0.52558476 0.52116871 0.53082466 0.52591717 0.52945477 0.52931339 0.53378123 0.52764064 0.52334917 0.53818560 0.53117442 0.52097052 0.52567422 0.51901704 0.51182258 0.51466131 0.50860095 0.50400931 0.50454104 0.50477409 0.50159502 0.50260860 0.49378586 0.48860872 0.40583199 0.18977560 0.00000000 0.00000000 0.00000000 0.00000000 0.00000000 0.00000000 0.00000000 0.00000000 0.00000000 0.00000000 0.00000000 0.00000000 0.00000000 0.00000000 0.00000000 0.00000000 0.00000000 0.00000000 0.00000000 0.00000000 0.00000000 0.00000000 0.00000000 0.00000000 0.00000000 0.00000000 0.00000000 0.00000000 0.00000000 0.00000000 0.00000000 0.00000000 0.00000000 0.00000000 0.00000000 0.00000000 0.00000000 0.00000000 0.00000000 0.00000000 0.00000000 0.00000000 0.00000000 0.00000000 0.00000000 0.00000000 0.00000000 0.00000000 0.00000000 0.00000000 0.00000000 0.00000000 0.00000000 0.00000000 0.00000000 0.00000000 0.00000000 0.00000000 0.00000000 0.00000000 0.00000000 0.00000000 0.00000000 0.00000000 0.00000000 0.00000000 0.00000000 0.00000000 0.00000000 0.00000000 0.24463604 0.45794588 0.53791636 0.56665581 0.58641446 0.58467048 0.59087050 0.61175835 0.60838962 0.60870284 0.61840218 0.62476826 0.62655592 0.64367837 0.63402277 0.64788699 0.65800923 0.65820742 0.66126657
0.51312554 0.52243292 0.51950443 0.52429456 0.52452475 0.52436012 0.52045846 0.52179956 0.51893657 0.52204740 0.52258730 0.51874864 0.52780086 0.52473021 0.52252120 0.52217668 0.52739334 0.52135015 0.51985121 0.51915729 0.51606494 0.51711059 0.50822687 0.51342636 0.51203394 0.50988495 0.50905788 0.50802469 0.50423735 0.50076056 0.49838406 0.49878281 0.49119699 0.43633282 0.17306979 0.00000000 0.00000000 0.00000000 0.00000000 0.00000000 0.00000000 0.00000000 0.00000000 0.00000000 0.00000000 0.00000000 0.00000000 0.00000000 0.00000000 0.00000000 0.00000000 0.00000000 0.00000000 0.00000000 0.00000000 0.00000000 0.00000000 0.00000000 0.00000000 0.00000000 0.00000000 0.00000000 0.00000000 0.00000000 0.00000000 0.00000000 0.00000000 0.00000000 0.00000000 0.00000000 0.00000000 0.00000000 0.00000000 0.00000000 0.00000000 0.00000000 0.00000000 0.00000000 0.00000000 0.00000000 0.00000000 0.00000000 0.00000000 0.00000000 0.00000000 0.00000000 0.00000000 0.00000000 0.00000000 0.00000000 0.00000000 0.00000000 0.00000000 0.00000000 0.00000000 0.00000000 0.00000000 0.00000000 0.00000000 0.00000000 0.00000000 0.00000000 0.00000000 0.00000000 0.00000000 0.28410274 0.48714560 0.53794754 0.55878842 0.57042557 0.58475631 0.58619410 0.58820361 0.59570974 0.61012471 0.60119420 0.60632044 0.61162376 0.60667604 0.63181192 0.61739475 0.61974514 0.63374960 0.63682997
0.51011455 0.51390165 0.51838750 0.51463360 0.51165354 0.52067435 0.51996458 0.51628721 0.52197605 0.51845121 0.52276564 0.52702904 0.51641417 0.52714705 0.52977389 0.52461821 0.52211583 0.53010267 0.52496094 0.51447922 0.51582730 0.52164441 0.51193589 0.50277162 0.50839263 0.50113523 0.49493343 0.50083667 0.50342923 0.50028449 0.49682808 0.48932964 0.48490155 0.42008138 0.14673273 0.00000000 0.00000000 0.00000000 0.00000000 0.00000000 0.00000000 0.00000000 0.00000000 0.00000000 0.00000000 0.00000000 0.00000000 0.00000000 0.00000000 0.00000000 0.00000000 0.00000000 0.00000000 0.00000000 0.00000000 0.00000000 0.00000000 0.00000000 0.00000000 0.00000000 0.00000000 0.00000000 0.00000000 0.00000000 0.00000000 0.00000000 0.00000000 0.00000000 0.00000000 0.00000000 0.00000000 0.00000000 0.00000000 0.00000000 0.00000000 0.00000000 0.00000000 0.00000000 0.00000000 0.00000000 0.00000000 0.00000000 0.00000000 0.00000000 0.00000000 0.00000000 0.00000000 0.00000000 0.00000000 0.00000000 0.00000000 0.00000000 0.00000000 0.00000000 0.00000000 0.00000000 0.00000000 0.00000000 0.00000000 0.00000000 0.00000000 0.00000000 0.00000000 0.00000000 0.03511056 0.34579152 0.49938685 0.54592890 0.57323396 0.57788926 0.58395672 0.58635980 0.60116267 0.59979844 0.60635227 0.61231518 0.62024784 0.62978131 0.62808114 0.62027001 0.64489871 0.64181131 0.64684600 0.64599389
0.51008010 0.51704484 0.51114649 0.51669967 0.51591277 0.51123655 0.51252848 0.51489764 0.51385748 0.51476955 0.51452589 0.52098471 0.51678419 0.51611841 0.52055341 0.51573658 0.51588398 0.51362145 0.51227272 0.51293945 0.51339012 0.50440383 0.50196409 0.50222683 0.50991851 0.50197476 0.50409269 0.50378525 0.49594897 0.48942071 0.48972833 0.49203658 0.49472773 0.42041570 0.12703557 0.00000000 0.00000000 0.00000000 0.00000000 0.00000000 0.00000000 0.00000000 0.00000000 0.00000000 0.00000000 0.00000000 0.00000000 0.00000000 0.00000000 0.00000000 0.00000000 0.00000000 0.00000000 0.00000000 0.00000000 0.00000000 0.00000000 0.00000000 0.00000000 0.00000000 0.00000000 0.00000000 0.00000000 0.00000000 0.00000000 0.00000000 0.00000000 0.00000000 0.00000000 0.00000000 0.00000000 0.00000000 0.00000000 0.00000000 0.00000000 0.00000000 0.00000000 0.00000000 0.00000000 0.00000000 0.00000000 0.00000000 0.00000000 0.00000000 0.00000000 0.00000000 0.00000000 0.00000000 0.00000000 0.00000000 0.00000000 0.00000000 0.00000000 0.00000000 0.00000000 0.00000000 0.00000000 0.00000000 0.00000000 0.00000000 0.00000000 0.00000000 0.00000000 0.00000000 0.10774691 0.40131003 0.51390481 0.54835206 0.56178582 0.57173878 0.58067924 0.58498323 0.58922750 0.60236317 0.59799212 0.59871495 0.60930103 0.60542089 0.60937798 0.61833453 0.62630230 0.62766176 0.62788588 0.64545166
0.50098753 0.50308716 0.50679851 0.50824928 0.51096094 0.51365912 0.50798249 0.51091808 0.51016754 0.51349765 0.51579547 0.51358420 0.51934808 0.51804370 0.51899618 0.51688671 0.51340777 0.51894212 0.51334298 0.50452274 0.50615466 0.50486028 0.49474704 0.50658107 0.50334269 0.49196142 0.49097198 0.49359083 0.49693859 0.49962896 0.49005848 0.48576105 0.48953992 0.38455635 0.11929433 0.00000000 0.00000000 0.00000000 0.00000000 0.00000000 0.00000000 0.00000000 0.00000000 0.00000000 0.00000000 0.00000000 0.00000000 0.00000000 0.00000000 0.00000000 0.00000000 0.00000000 0.00000000 0.00000000 0.00000000 0.00000000 0.00000000 0.00000000 0.00000000 0.00000000 0.00000000 0.00000000 0.00000000 0.00000000 0.00000000 0.00000000 0.00000000 0.00000000 0.00000000 0.00000000 0.00000000 0.00000000 0.00000000 0.00000000 0.00000000 0.00000000 0.00000000 0.00000000 0.00000000 0.00000000 0.00000000 0.00000000 0.00000000 0.00000000 0.00000000 0.00000000 0.00000000 0.00000000 0.00000000 0.00000000 0.00000000 0.00000000 0.00000000 0.00000000 0.00000000 0.00000000 0.00000000 0.00000000 0.00000000 0.00000000 0.00000000 0.00000000 0.00000000 0.00000000 0.17831187 0.42931920 0.52084851 0.55364835 0.56261957 0.57304233 0.58020085 0.57980728 0.59063756 0.59544319 0.59561199 0.59931391 0.60648847 0.62374872 0.60176885 0.60861135 0.62351060 0.62166029 0.63063341 0.63328278
0.50135416 0.50736982 0.51105881 0.50577301 0.50954652 0.50765723 0.51235527 0.51366436 0.51078677 0.50940406 0.51517200 0.51675588 0.51690680 0.51530516 0.51622140 0.51323372 0.51731384 0.51217246 0.50969440 0.51038748 0.50672317 0.50830066 0.50632989 0.49486715 0.49428499 0.50029349 0.50240338 0.49661863 0.49242169 0.49259013 0.48636389 0.48953992 0.47996908 0.37449074 0.08283482 0.00000000 0.00000000 0.00000000 0.00000000 0.00000000 0.00000000 0.00000000 0.00000000 0.00000000 0.00000000 0.00000000 0.00000000 0.00000000 0.00000000 0.00000000 0.00000000 0.00000000 0.00000000 0.00000000 0.00000000 0.00000000 0.00000000 0.00000000 0.00000000 0.00000000 0.00000000 0.00000000 0.00000000 0.00000000 0.00000000 0.00000000 0.00000000 0.00000000 0.00000000 0.00000000 0.00000000 0.00000000 0.00000000 0.00000000 0.00000000 0.00000000 0.00000000 0.00000000 0.00000000 0.00000000 0.00000000 0.00000000 0.00000000 0.00000000 0.00000000 0.00000000 0.00000000 0.00000000 0.00000000 0.00000000 0.00000000 0.00000000 0.00000000 0.00000000 0.00000000 0.00000000 0.00000000 0.00000000 0.00000000 0.00000000 0.00000000 0.00000000 0.00000000 0.00000000 0.20784391 0.49004215 0.53744966 0.55164367 0.57033527 0.58053082 0.57625151 0.59335411 0.59472889 0.60083139 0.59625882 0.60562831 0.60654074 0.59925270 0.61592531 0.62591249 0.62224060 0.63514000 0.62487870 0.63945085
0.50177097 0.49856877 0.50139570 0.50992024 0.51016539 0.50734514 0.50760597 0.51074827 0.51130259 0.50875473 0.51449233 0.51549941 0.51124591 0.51191026 0.51545644 0.51477325 0.51222098 0.51125747 0.51003146 0.50851786 0.50936651 0.49843246 0.49753803 0.50395662 0.49896914 0.49810600 0.49847257 0.49831760 0.49170220 0.49054271 0.49527717 0.48716724 0.48968202 0.36465222 0.03560486 0.00000000 0.00000000 0.00000000 0.00000000 0.00000000 0.00000000 0.00000000 0.00000000 0.00000000 0.00000000 0.00000000 0.00000000 0.00000000 0.00000000 0.00000000 0.00000000 0.00000000 0.00000000 0.00000000 0.00000000 0.00000000 0.00000000 0.00000000 0.00000000 0.00000000 0.00000000 0.00000000 0.00000000 0.00000000 0.00000000 0.00000000 0.00000000 0.00000000 0.00000000 0.00000000 0.00000000 0.00000000 0.00000000 0.00000000 0.00000000 0.00000000 0.00000000 0.00000000 0.00000000 0.00000000 0.00000000 0.00000000 0.00000000 0.00000000 0.00000000 0.00000000 0.00000000 0.00000000 0.00000000 0.00000000 0.00000000 0.00000000 0.00000000 0.00000000 0.00000000 0.00000000 0.00000000 0.00000000 0.00000000 0.00000000 0.00000000 0.00000000 0.00000000 0.00000000 0.19991346 0.47556663 0.54030442 0.56432492 0.56723684 0.57562798 0.58836466 0.59313369 0.59285396 0.60230798 0.60491294 0.60647118 0.60436738 0.61191505 0.60613489 0.61499912 0.61784846 0.62949044 0.63080776 0.62899035
0.49999386 0.50796545 0.50998032 0.50386089 0.50819302 0.51408601 0.50823778 0.50990427 0.51015419 0.51062208 0.51028925 0.51094216 0.51856548 0.51918912 0.51184791 0.51808774 0.51130730 0.51854330 0.51861900 0.51047581 0.51132339 0.51683897 0.50468934 0.49865460 0.50421154 0.49814337 0.49674261 0.49838370 0.49791706 0.49549699 0.48749930 0.49045891 0.48460656 0.28091562 0.02456333 0.00000000 0.00000000 0.00000000 0.00000000 0.00000000 0.00000000 0.00000000 0.00000000 0.00000000 0.00000000 0.00000000 0.00000000 0.00000000 0.00000000 0.00000000 0.00000000 0.00000000 0.00000000 0.00000000 0.00000000 0.00000000 0.00000000 0.00000000 0.00000000 0.00000000 0.00000000 0.00000000 0.00000000 0.00000000 0.00000000 0.00000000 0.00000000 0.00000000 0.00000000 0.00000000 0.00000000 0.00000000 0.00000000 0.00000000 0.00000000 0.00000000 0.00000000 0.00000000 0.00000000 0.00000000 0.00000000 0.00000000 0.00000000 0.00000000 0.00000000 0.00000000 0.00000000 0.00000000 0.00000000 0.00000000 0.00000000 0.00000000 0.00000000 0.00000000 0.00000000 0.00000000 0.00000000 0.00000000 0.00000000 0.00000000 0.00000000 0.00000000 0.00000000 0.00000000 0.29165363 0.49554205 0.53885084 0.55785483 0.57695603 0.58458793 0.58047837 0.59397775 0.60591567 0.60467833 0.60843331 0.60782504 0.60360819 0.61466449 0.61392802 0.62886798 0.63568753 0.62919497 0.63798791 0.65529299
0.50780171 0.50100178 0.50412279 0.51079786 0.51258957 0.50651789 0.51329780 0.51135558 0.50624681 0.50863552 0.51401216 0.51240027 0.51148719 0.51240695 0.51855248 0.51322091 0.52104568 0.51048189 0.51060021 0.52244407 0.50963420 0.50561905 0.51658458 0.51310802 0.50347632 0.50244075 0.50230289 0.49859965 0.49333256 0.49137294 0.49383795 0.49595630 0.45654517 0.25371540 0.00000000 0.00000000 0.00000000 0.00000000 0.00000000 0.00000000 0.00000000 0.00000000 0.00000000 0.00000000 0.00000000 0.00000000 0.00000000 0.00000000 0.00000000 0.00000000 0.00000000 0.00000000 0.00000000 0.00000000 0.00000000 0.00000000 0.00000000 0.00000000 0.00000000 0.00000000 0.00000000 0.00000000 0.00000000 0.00000000 0.00000000 0.00000000 0.00000000 0.00000000 0.00000000 0.00000000 0.00000000 0.00000000 0.00000000 0.00000000 0.00000000 0.00000000 0.00000000 0.00000000 0.00000000 0.00000000 0.00000000 0.00000000 0.00000000 0.00000000 0.00000000 0.00000000 0.00000000 0.00000000 0.00000000 0.00000000 0.00000000 0.00000000 0.00000000 0.00000000 0.00000000 0.00000000 0.00000000 0.00000000 0.00000000 0.00000000 0.00000000 0.00000000 0.00000000 0.00000000 0.24167068 0.51500416 0.55655992 0.57232559 0.57207018 0.58548194 0.59779948 0.60264134 0.60873866 0.61178702 0.61089331 0.61012763 0.61900961 0.61710989 0.61244184 0.63114285 0.63355231 0.64397669 0.64704001 0.64179307
0.50267953 0.50466639 0.51206434 0.51080614 0.51171768 0.51055366 0.50771660 0.50890607 0.51315385 0.50819141 0.50826973 0.50868207 0.51324457 0.51744002 0.51230770 0.51560074 0.51567924 0.52070951 0.51487970 0.51353383 0.51539803 0.51449001 0.51079649 0.50801510 0.50503254 0.50366729 0.49978006 0.49696159 0.49815863 0.49515241 0.49326730 0.48952496 0.43999368 0.24383582 0.00000000 0.00000000 0.00000000 0.00000000 0.00000000 0.00000000 0.00000000 0.00000000 0.00000000 0.00000000 0.00000000 0.00000000 0.00000000 0.00000000 0.00000000 0.00000000 0.00000000 0.00000000 0.00000000 0.00000000 0.00000000 0.00000000 0.00000000 0.00000000 0.00000000 0.00000000 0.00000000 0.00000000 0.00000000 0.00000000 0.00000000 0.00000000 0.00000000 0.00000000 0.00000000 0.00000000 0.00000000 0.00000000 0.00000000 0.00000000 0.00000000 0.00000000 0.00000000 0.00000000 0.00000000 0.00000000 0.00000000 0.00000000 0.00000000 0.00000000 0.00000000 0.00000000 0.00000000 0.00000000 0.00000000 0.00000000 0.00000000 0.00000000 0.00000000 0.00000000 0.00000000 0.00000000 0.00000000 0.00000000 0.00000000 0.00000000 0.00000000 0.00000000 0.00000000 0.00748101 0.26666313 0.50679904 0.55233854 0.56832194 0.58439761 0.58589822 0.59200424 0.59950787 0.61006838 0.61098880 0.60606581 0.62208402 0.61468899 0.61345285 0.62394369 0.62820905 0.63999534 0.62890804 0.64912558 0.64834899
0.50340396 0.50129628 0.50625914 0.50731605 0.50389653 0.50670230 0.51069576 0.50649142 0.50077665 0.50731862 0.50951326 0.51217818 0.50853813 0.51335382 0.51058453 0.52020925 0.50992376 0.50972128 0.52024704 0.51625657 0.51582783 0.51279235 0.51474047 0.50603503 0.51185513 0.50496620 0.49744183 0.49870586 0.50131148 0.49534154 0.48788702 0.48776978 0.42812312 0.19955362 0.00000000 0.00000000 0.00000000 0.00000000 0.00000000 0.00000000 0.00000000 0.00000000 0.00000000 0.00000000 0.00000000 0.00000000 0.00000000 0.00000000 0.00000000 0.00000000 0.00000000 0.00000000 0.00000000 0.00000000 0.00000000 0.00000000 0.00000000 0.00000000 0.00000000 0.00000000 0.00000000 0.00000000 0.00000000 0.00000000 0.00000000 0.00000000 0.00000000 0.00000000 0.00000000 0.00000000 0.00000000 0.00000000 0.00000000 0.00000000 0.00000000 0.00000000 0.00000000 0.00000000 0.00000000 0.00000000 0.00000000 0.00000000 0.00000000 0.00000000 0.00000000 0.00000000 0.00000000 0.00000000 0.00000000 0.00000000 0.00000000 0.00000000 0.00000000 0.00000000 0.00000000 0.00000000 0.00000000 0.00000000 0.00000000 0.00000000 0.00000000 0.00000000 0.00000000 0.00000000 0.26882720 0.52424240 0.55593967 0.57094789 0.58040440 0.59091401 0.60343194 0.60304177 0.60839701 0.61631119 0.62245041 0.61652732 0.62253606 0.63083524 0.63166547 0.62705731 0.64421320 0.65300256 0.64222533 0.65616381
0.49910128 0.49955499 0.49925381 0.50173080 0.50716037 0.50160694 0.49989420 0.50026411 0.50272965 0.50355923 0.49829769 0.50091773 0.50590998 0.50108129 0.51021677 0.50013930 0.50721234 0.50804979 0.50602949 0.50410408 0.50698578 0.50991231 0.50308329 0.50247717 0.50055027 0.49654865 0.49601060 0.49195987 0.48618001 0.49245065 0.49052626 0.47306234 0.41196567 0.19687892 0.00000000 0.00000000 0.00000000 0.00000000 0.00000000 0.00000000 0.00000000 0.00000000 0.00000000 0.00000000 0.00000000 0.00000000 0.00000000 0.00000000 0.00000000 0.00000000 0.00000000 0.00000000 0.00000000 0.00000000 0.00000000 0.00000000 0.00000000 0.00000000 0.00000000 0.00000000 0.00000000 0.00000000 0.00000000 0.00000000 0.00000000 0.00000000 0.00000000 0.00000000 0.00000000 0.00000000 0.00000000 0.00000000 0.00000000 0.00000000 0.00000000 0.00000000 0.00000000 0.00000000 0.00000000 0.00000000 0.00000000 0.00000000 0.00000000 0.00000000 0.00000000 0.00000000 0.00000000 0.00000000 0.00000000 0.00000000 0.00000000 0.00000000 0.00000000 0.00000000 0.00000000 0.00000000 0.00000000 0.00000000 0.00000000 0.00000000 0.00000000 0.00000000 0.00000000 0.00000000 0.21715094 0.49870336 0.56353635 0.57224214 0.58385092 0.58158374 0.59170973 0.60270935 0.60337496 0.60482305 0.60802662 0.61127084 0.61304903 0.61923593 0.61097831 0.63037831 0.62886363 0.63206625 0.63476956 0.64441365
0.49946702 0.50184566 0.49772364 0.50415295 0.49974108 0.49755055 0.50269419 0.50340968 0.50128078 0.50323403 0.50668836 0.51049078 0.50203353 0.50418299 0.50509679 0.50592190 0.50196356 0.50878304 0.50650400 0.50925595 0.51300329 0.50598586 0.50874996 0.50866807 0.50060308 0.49980849 0.50166720 0.49880195 0.49198109 0.48498577 0.48004818 0.47074246 0.40487099 0.20442085 0.00000000 0.00000000 0.00000000 0.00000000 0.00000000 0.00000000 0.00000000 0.00000000 0.00000000 0.00000000 0.00000000 0.00000000 0.00000000 0.00000000 0.00000000 0.00000000 0.00000000 0.00000000 0.00000000 0.00000000 0.00000000 0.00000000 0.00000000 0.00000000 0.00000000 0.00000000 0.00000000 0.00000000 0.00000000 0.00000000 0.00000000 0.00000000 0.00000000 0.00000000 0.00000000 0.00000000 0.00000000 0.00000000 0.00000000 0.00000000 0.00000000 0.00000000 0.00000000 0.00000000 0.00000000 0.00000000 0.00000000 0.00000000 0.00000000 0.00000000 0.00000000 0.00000000 0.00000000 0.00000000 0.00000000 0.00000000 0.00000000 0.00000000 0.00000000 0.00000000 0.00000000 0.00000000 0.00000000 0.00000000 0.00000000 0.00000000 0.00000000 0.00000000 0.00000000 0.00690056 0.32216078 0.51669616 0.55773020 0.57771933 0.58246177 0.59357232 0.60279548 0.60422719 0.60804087 0.61878127 0.61589730 0.62504220 0.62945122 0.62235779 0.63177687 0.62625444 0.63311458 0.63947904 0.64305711 0.64648503
0.48530895 0.49101502 0.49057329 0.48871970 0.49846798 0.49327588 0.49064332 0.49220359 0.49083340 0.49504405 0.49060696 0.49424142 0.49726635 0.49508935 0.49300158 0.49504018 0.49420762 0.49475902 0.49748290 0.49862766 0.50087523 0.50007093 0.49466103 0.49372226 0.48987639 0.49291652 0.48732793 0.47862357 0.48455215 0.48756427 0.47785640 0.47093761 0.41221625 0.21081986 0.03857039 0.00000000 0.00000000 0.00000000 0.00000000 0.00000000 0.00000000 0.00000000 0.00000000 0.00000000 0.00000000 0.00000000 0.00000000 0.00000000 0.00000000 0.00000000 0.00000000 0.00000000 0.00000000 0.00000000 0.00000000 0.00000000 0.00000000 0.00000000 0.00000000 0.00000000 0.00000000 0.00000000 0.00000000 0.00000000 0.00000000 0.00000000 0.00000000 0.00000000 0.00000000 0.00000000 0.00000000 0.00000000 0.00000000 0.00000000 0.00000000 0.00000000 0.00000000 0.00000000 0.00000000 0.00000000 0.00000000 0.00000000 0.00000000 0.00000000 0.00000000 0.00000000 0.00000000 0.00000000 0.00000000 0.00000000 0.00000000 0.00000000 0.00000000 0.00000000 0.00000000 0.00000000 0.00000000 0.00000000 0.00000000 0.00000000 0.00000000 0.00000000 0.00000000 0.00000000 0.26037210 0.51591748 0.56146854 0.57146829 0.58357143 0.58029485 0.58977973 0.59572124 0.59488809 0.60868043 0.60977471 0.60203975 0.61379367 0.61634290 0.62397766 0.62537217 0.62690639 0.63548261 0.63602805 0.62935597
0.49163377 0.49074578 0.49172568 0.48869020 0.48546743 0.48610705 0.49206680 0.49796093 0.49216151 0.49651426 0.49601847 0.49117970 0.49738473 0.48722970 0.49355477 0.49337149 0.49595076 0.49449843 0.49792498 0.49931198 0.49568552 0.50261050 0.50122124 0.49665415 0.49241632 0.48917949 0.48236346 0.48248917 0.47230315 0.47480965 0.47076142 0.45075208 0.41365689 0.26586205 0.06684209 0.00000000 0.00000000 0.00000000 0.00000000 0.00000000 0.00000000 0.00000000 0.00000000 0.00000000 0.00000000 0.00000000 0.00000000 0.00000000 0.00000000 0.00000000 0.00000000 0.00000000 0.00000000 0.00000000 0.00000000 0.00000000 0.00000000 0.00000000 0.00000000 0.00000000 0.00000000 0.00000000 0.00000000 0.00000000 0.00000000 0.00000000 0.00000000 0.00000000 0.00000000 0.00000000 0.00000000 0.00000000 0.00000000 0.00000000 0.00000000 0.00000000 0.00000000 0.00000000 0.00000000 0.00000000 0.00000000 0.00000000 0.00000000 0.00000000 0.00000000 0.00000000 0.00000000 0.00000000 0.00000000 0.00000000 0.00000000 0.00000000 0.00000000 0.00000000 0.00000000 0.00000000 0.00000000 0.00000000 0.00000000 0.00000000 0.00000000 0.00000000 0.00000000 0.04415460 0.38975942 0.52559739 0.55910522 0.56921577 0.57574487 0.59433383 0.58383924 0.59948134 0.60780090 0.60458261 0.60709077 0.61837858 0.61585391 0.61280233 0.60246187 0.62350541 0.62414491 0.62593782 0.63634431 0.64827311
0.47650909 0.48051512 0.48256564 0.48231077 0.48352820 0.48195541 0.47974491 0.48353970 0.48026156 0.48089379 0.49280345 0.48270029 0.48649889 0.48520589 0.48578638 0.48803174 0.48377091 0.48727459 0.48890275 0.49250048 0.49232411 0.48592210 0.48716813 0.48764139 0.48223770 0.47999591 0.47970474 0.47634476 0.47618085 0.46750873 0.46684253 0.46170121 0.43752247 0.28408945 0.09847035 0.00000000 0.00000000 0.00000000 0.00000000 0.00000000 0.00000000 0.00000000 0.00000000 0.00000000 0.00000000 0.00000000 0.00000000 0.00000000 0.00000000 0.00000000 0.00000000 0.00000000 0.00000000 0.00000000 0.00000000 0.00000000 0.00000000 0.00000000 0.00000000 0.00000000 0.00000000 0.00000000 0.00000000 0.00000000 0.00000000 0.00000000 0.00000000 0.00000000 0.00000000 0.00000000 0.00000000 0.00000000 0.00000000 0.00000000 0.00000000 0.00000000 0.00000000 0.00000000 0.00000000 0.00000000 0.00000000 0.00000000 0.00000000 0.00000000 0.00000000 0.00000000 0.00000000 0.00000000 0.00000000 0.00000000 0.00000000 0.00000000 0.00000000 0.00000000 0.00000000 0.00000000 0.00000000 0.00000000 0.00000000 0.00000000 0.00000000 0.00000000 0.00000000 0.00989480 0.36932296 0.54172903 0.56381643 0.57855445 0.57613444 0.58441919 0.59121579 0.58871216 0.59394020 0.60305113 0.60471308 0.60575640 0.61351651 0.61764014 0.61864072 0.62404311 0.62265688 0.62258506 0.62565798 0.62481916
0.48117566 0.47672683 0.47940171 0.47439373 0.47566515 0.47999573 0.47744745 0.47995597 0.48785132 0.47306573 0.47716105 0.47839165 0.47703236 0.48199624 0.48037428 0.48542202 0.48550022 0.48784953 0.48206925 0.48972929 0.48803562 0.49101335 0.49191153 0.48459584 0.47638690 0.47650754 0.47069007 0.46138954 0.46359068 0.47088557 0.45432490 0.45166987 0.43281347 0.33549827 0.14311765 0.00000000 0.00000000 0.00000000 0.00000000 0.00000000 0.00000000 0.00000000 0.00000000 0.00000000 0.00000000 0.00000000 0.00000000 0.00000000 0.00000000 0.00000000 0.00000000 0.00000000 0.00000000 0.00000000 0.00000000 0.00000000 0.00000000 0.00000000 0.00000000 0.00000000 0.00000000 0.00000000 0.00000000 0.00000000 0.00000000 0.00000000 0.00000000 0.00000000 0.00000000 0.00000000 0.00000000 0.00000000 0.00000000 0.00000000 0.00000000 0.00000000 0.00000000 0.00000000 0.00000000 0.00000000 0.00000000 0.00000000 0.00000000 0.00000000 0.00000000 0.00000000 0.00000000 0.00000000 0.00000000 0.00000000 0.00000000 0.00000000 0.00000000 0.00000000 0.00000000 0.00000000 0.00000000 0.00000000 0.00000000 0.00000000 0.00000000 0.00000000 0.00000000 0.18947275 0.44774270 0.54203993 0.55045193 0.55864906 0.57389206 0.57443231 0.58506930 0.59025979 0.60357332 0.59271920 0.59466422 0.60174656 0.60619903 0.59839195 0.61141342 0.61370814 0.61938190 0.62184292 0.63282484 0.62990272
0.47028273 0.46480495 0.47254390 0.47532922 0.46704143 0.46857458 0.47759026 0.47426385 0.47086626 0.47884798 0.47788560 0.47625846 0.47326744 0.47689801 0.47863024 0.47647643 0.47577524 0.47902822 0.48504847 0.48298538 0.47929931 0.48170996 0.47858554 0.48267627 0.47934395 0.47859669 0.47446048 0.47609133 0.46651143 0.45574099 0.46162009 0.45516223 0.44762069 0.37035352 0.21512051 0.02213989 0.00000000 0.00000000 0.00000000 0.00000000 0.00000000 0.00000000 0.00000000 0.00000000 0.00000000 0.00000000 0.00000000 0.00000000 0.00000000 0.00000000 0.00000000 0.00000000 0.00000000 0.00000000 0.00000000 0.00000000 0.00000000 0.00000000 0.00000000 0.00000000 0.00000000 0.00000000 0.00000000 0.00000000 0.00000000 0.00000000 0.00000000 0.00000000 0.00000000 0.00000000 0.00000000 0.00000000 0.00000000 0.00000000 0.00000000 0.00000000 0.00000000 0.00000000 0.00000000 0.00000000 0.00000000 0.00000000 0.00000000 0.00000000 0.00000000 0.00000000 0.00000000 0.00000000 0.00000000 0.00000000 0.00000000 0.00000000 0.00000000 0.00000000 0.00000000 0.00000000 0.00000000 0.00000000 0.00000000 0.00000000 0.00000000 0.00000000 0.00000000 0.21604846 0.48987287 0.55097413 0.56915951 0.57962668 0.58018911 0.58813542 0.59387428 0.59181935 0.59354097 0.60277086 0.60945600 0.60179526 0.60681355 0.61027348 0.61526942 0.62281549 0.62430340 0.61727899 0.62863857 0.62750405
0.47161341 0.46901417 0.46795660 0.46736252 0.46437508 0.46613151 0.46623844 0.47249627 0.47206837 0.46274149 0.47378957 0.46943057 0.46812004 0.47257197 0.47348934 0.47360826 0.47492927 0.47523421 0.47348166 0.47609407 0.47551537 0.47920203 0.47813267 0.46848190 0.47071868 0.46472180 0.46039307 0.45461923 0.46668351 0.45697069 0.45255065 0.44801432 0.43891525 0.39630538 0.25814664 0.09090568 0.00000000 0.00000000 0.00000000 0.00000000 0.00000000 0.00000000 0.00000000 0.00000000 0.00000000 0.00000000 0.00000000 0.00000000 0.00000000 0.00000000 0.00000000 0.00000000 0.00000000 0.00000000 0.00000000 0.00000000 0.00000000 0.00000000 0.00000000 0.00000000 0.00000000 0.00000000 0.00000000 0.00000000 0.00000000 0.00000000 0.00000000 0.00000000 0.00000000 0.00000000 0.00000000 0.00000000 0.00000000 0.00000000 0.00000000 0.00000000 0.00000000 0.00000000 0.00000000 0.00000000 0.00000000 0.00000000 0.00000000 0.00000000 0.00000000 0.00000000 0.00000000 0.00000000 0.00000000 0.00000000 0.00000000 0.00000000 0.00000000 0.00000000 0.00000000 0.00000000 0.00000000 0.00000000 0.00000000 0.00000000 0.00000000 0.00000000 0.00274086 0.32753873 0.50764692 0.54521602 0.55650294 0.56490362 0.57489091 0.57529151 0.58046973 0.58799833 0.59659588 0.59166807 0.59099382 0.59817970 0.61107081 0.60535514 0.61443281 0.61381602 0.61480796 0.61786723 0.62774569 0.62754935
0.46831656 0.47067213 0.46617281 0.46490610 0.46532673 0.47053123 0.47164160 0.46182740 0.47265244 0.47278696 0.46710896 0.47291410 0.46694213 0.46821672 0.47033471 0.47146881 0.46839559 0.47510666 0.47277600 0.47694010 0.48072529 0.47356892 0.48003900 0.47845715 0.47059810 0.47226018 0.46890414 0.45839524 0.44861376 0.45321339 0.45159203 0.44677669 0.44540697 0.42736161 0.30213773 0.14966710 0.00000000 0.00000000 0.00000000 0.00000000 0.00000000 0.00000000 0.00000000 0.00000000 0.00000000 0.00000000 0.00000000 0.00000000 0.00000000 0.00000000 0.00000000 0.00000000 0.00000000 0.00000000 0.00000000 0.00000000 0.00000000 0.00000000 0.00000000 0.00000000 0.00000000 0.00000000 0.00000000 0.00000000 0.00000000 0.00000000 0.00000000 0.00000000 0.00000000 0.00000000 0.00000000 0.00000000 0.00000000 0.00000000 0.00000000 0.00000000 0.00000000 0.00000000 0.00000000 0.00000000 0.00000000 0.00000000 0.00000000 0.00000000 0.00000000 0.00000000 0.00000000 0.00000000 0.00000000 0.00000000 0.00000000 0.00000000 0.00000000 0.00000000 0.00000000 0.00000000 0.00000000 0.00000000 0.00000000 0.00000000 0.00000000 0.00000000 0.08528580 0.41886258 0.52825308 0.56019974 0.57318926 0.57456231 0.59134507 0.58573842 0.59874302 0.58957255 0.59476763 0.60567731 0.60680240 0.61126292 0.61299229 0.60704535 0.62202996 0.62358069 0.62774926 0.63184452 0.63480139 0.62497699
0.46211243 0.46043116 0.46293849 0.47022367 0.47795379 0.47816312 0.41926515 0.44414604 0.40493381 0.32408345 0.37764138 0.45082062 0.46677005 0.46421415 0.46006322 0.46111614 0.46440327 0.46559364 0.46702111 0.46976346 0.48024440 0.46765214 0.45692599 0.47438085 0.42627078 0.38904458 0.37688655 0.32457513 0.30099839 0.27062279 0.26604611 0.27967018 0.31407648 0.33842421 0.23719345 0.07672329 0.00000000 0.00000000 0.00000000 0.00000000 0.00000000 0.00000000 0.00000000 0.00000000 0.00000000 0.00000000 0.00000000 0.00000000 0.00000000 0.00000000 0.00000000 0.00000000 0.00000000 0.00000000 0.00000000 0.00000000 0.00000000 0.00000000 0.00000000 0.00000000 0.00000000 0.00000000 0.00000000 0.00000000 0.00000000 0.00000000 0.00000000 0.00000000 0.00000000 0.00000000 0.00000000 0.00000000 0.00000000 0.00000000 0.00000000 0.00000000 0.00000000 0.00000000 0.00000000 0.00000000 0.00000000 0.00000000 0.00000000 0.00000000 0.00000000 0.00000000 0.00000000 0.00000000 0.00000000 0.00000000 0.00000000 0.00000000 0.00000000 0.00000000 0.00000000 0.00000000 0.00000000 0.00000000 0.00000000 0.00000000 0.00000000 0.00000000 0.19444977 0.45303845 0.54098320 0.55451870 0.56598943 0.57851648 0.57514626 0.58570278 0.58267266 0.59555733 0.59617072 0.59559870 0.60754764 0.60338342 0.61468905 0.61437362 0.61753792 0.62615919 0.61803454 0.62425500 0.63630229 0.63442874
0.46257544 0.47543609 0.49259454 0.48197269 0.44244695 0.42417955 0.36480254 0.19400416 0.24431415 0.28999370 0.19312470 0.31565571 0.45580709 0.46391374 0.46766716 0.46322650 0.46519083 0.47759372 0.47643119 0.47117347 0.44906992 0.45093346 0.34835798 0.31601024 0.29948664 0.19480978 0.18985201 0.21036629 0.23529939 0.26077449 0.23506118 0.22699095 0.18878706 0.18442284 0.16957955 0.04895794 0.00000000 0.00000000 0.00000000 0.00000000 0.00000000 0.00000000 0.00000000 0.00000000 0.00000000 0.00000000 0.00000000 0.00000000 0.00000000 0.00000000 0.00000000 0.00000000 0.00000000 0.00000000 0.00000000 0.00000000 0.00000000 0.00000000 0.00000000 0.00000000 0.00000000 0.00000000 0.00000000 0.00000000 0.00000000 0.00000000 0.00000000 0.00000000 0.00000000 0.00000000 0.00000000 0.00000000 0.00000000 0.00000000 0.00000000 0.00000000 0.00000000 0.00000000 0.00000000 0.00000000 0.00000000 0.00000000 0.00000000 0.00000000 0.00000000 0.00000000 0.00000000 0.00000000 0.00000000 0.00000000 0.00000000 0.00000000 0.00000000 0.00000000 0.00000000 0.00000000 0.00000000 0.00000000 0.00000000 0.00000000 0.00000000 0.00000000 0.33696455 0.50525880 0.54315716 0.56074935 0.57079393 0.57674551 0.58635247 0.59066045 0.59749597 0.59227443 0.59740287 0.60184264 0.61091912 0.61195701 0.61581272 0.61454856 0.62034726 0.62714076 0.63471627 0.63618392 0.63707393 0.63563830
0.46549082 0.50990057 0.45393264 0.39383769 0.37844306 0.18089221 0.13772281 0.21350984 0.11673860 0.18938644 0.26042706 0.21031849 0.30013305 0.36647373 0.42695373 0.46007437 0.47362828 0.44813323 0.40086406 0.35111833 0.24989249 0.14662950 0.16997550 0.07657789 0.05044192 0.03379589 0.00000000 0.00000000 0.00000000 0.00000000 0.00000000 0.00000000 0.07143499 0.08016019 0.05424339 0.03054482 0.01181389 0.00000000 0.00000000 0.00000000 0.00000000 0.00000000 0.00000000 0.00000000 0.00000000 0.00000000 0.00000000 0.00000000 0.00000000 0.00000000 0.00000000 0.00000000 0.00000000 0.00000000 0.00000000 0.00000000 0.00000000 0.00000000 0.00000000 0.00000000 0.00000000 0.00000000 0.00000000 0.00000000 0.00000000 0.00000000 0.00000000 0.00000000 0.00000000 0.00000000 0.00000000 0.00000000 0.00000000 0.00000000 0.00000000 0.00000000 0.00000000 0.00000000 0.00000000 0.00000000 0.00000000 0.00000000 0.00000000 0.00000000 0.00000000 0.00000000 0.00000000 0.00000000 0.00000000 0.00000000 0.00000000 0.00000000 0.00000000 0.00000000 0.00000000 0.00000000 0.00000000 0.00000000 0.00000000 0.00000000 0.00000000 0.00000000 0.35384953 0.53435361 0.55082417 0.56095141 0.57625216 0.57120991 0.58441538 0.58782953 0.58785999 0.59256768 0.59780139 0.60734528 0.60178542 0.61320364 0.61671555 0.61111456 0.62439525 0.62115008 0.63449389 0.63284051 0.63854325 0.63431841
0.49367076 0.46502447 0.31446505 0.26989836 0.14536549 0.00724325 0.00000000 0.00000000 0.00000000 0.00000000 0.00000000 0.16172792 0.26637012 0.27342445 0.30217445 0.34748203 0.33187336 0.24394281 0.15134652 0.08943172 0.09774144 0.00419086 0.00000000 0.00000000 0.00000000 0.00000000 0.00000000 0.00000000 0.00000000 0.00000000 0.00000000 0.00000000 0.00000000 0.00000000 0.00000000 0.00000000 0.00000000 0.00000000 0.00000000 0.00000000 0.00000000 0.00000000 0.00000000 0.00000000 0.00000000 0.00000000 0.00000000 0.00000000 0.00000000 0.00000000 0.00000000 0.00000000 0.00000000 0.00000000 0.00000000 0.00000000 0.00000000 0.00000000 0.00000000 0.00000000 0.00000000 0.00000000 0.00000000 0.00000000 0.00000000 0.00000000 0.00000000 0.00000000 0.00000000 0.00000000 0.00000000 0.00000000 0.00000000 0.00000000 0.00000000 0.00000000 0.00000000 0.00000000 0.00000000 0.00000000 0.00000000 0.00000000 0.00000000 0.00000000 0.00000000 0.00000000 0.00000000 0.00000000 0.00000000 0.00000000 0.00000000 0.00000000 0.00000000 0.00000000 0.00000000 0.00000000 0.00000000 0.00000000 0.00000000 0.00000000 0.00000000 0.14350162 0.43318677 0.52869946 0.55607545 0.56936270 0.57473671 0.58869541 0.57972544 0.58498871 0.59301186 0.59255135 0.60170329 0.60110259 0.61736834 0.60232264 0.61098653 0.61195874 0.62183785 0.62529033 0.62813032 0.63862658 0.63384926 0.63876402
0.49592918 0.29461813 0.28143024 0.22576742 0.00000000 0.00000000 0.00000000 0.00000000 0.00000000 0.00000000 0.00000000 0.00000000 0.10054184 0.17093508 0.15375744 0.12359123 0.07048391 0.03530197 0.00000000 0.00000000 0.00000000 0.00000000 0.00000000 0.00000000 0.00000000 0.00000000 0.00000000 0.00000000 0.00000000 0.00000000 0.00000000 0.00000000 0.00000000 0.00000000 0.00000000 0.00000000 0.00000000 0.00000000 0.00000000 0.00000000 0.00000000 0.00000000 0.00000000 0.00000000 0.00000000 0.00000000 0.00000000 0.00000000 0.00000000 0.00000000 0.00000000 0.00000000 0.00000000 0.00000000 0.00000000 0.00000000 0.00000000 0.00000000 0.00000000 0.00000000 0.00000000 0.00000000 0.00000000 0.00000000 0.00000000 0.00000000 0.00000000 0.00000000 0.00000000 0.00000000 0.00000000 0.00000000 0.00000000 0.00000000 0.00000000 0.00000000 0.00000000 0.00000000 0.00000000 0.00000000 0.00000000 0.00000000 0.00000000 0.00000000 0.00000000 0.00000000 0.00000000 0.00000000 0.00000000 0.00000000 0.00000000 0.00000000 0.00000000 0.00000000 0.00000000 0.00000000 0.00000000 0.00000000 0.00000000 0.00000000 0.00000000 0.18097882 0.46936309 0.54190761 0.56098610 0.56867486 0.57497138 0.56905431 0.58635682 0.59093398 0.58886153 0.59567386 0.60292137 0.60122877 0.60358548 0.60966772 0.60319644 0.60924757 0.62024236 0.62017679 0.63057816 0.63372004 0.63526541 0.63230324
0.41180652 0.28943539 0.21656401 0.00000000 0.00000000 0.00000000 0.00000000 0.00000000 0.00000000 0.00000000 0.00000000 0.00000000 0.00000000 0.00000000 0.00000000 0.00000000 0.00000000 0.00000000 0.00000000 0.00000000 0.00000000 0.00000000 0.00000000 0.00000000 0.00000000 0.00000000 0.00000000 0.00000000 0.00000000 0.00000000 0.00000000 0.00000000 0.00000000 0.00000000 0.00000000 0.00000000 0.00000000 0.00000000 0.00000000 0.00000000 0.00000000 0.00000000 0.00000000 0.00000000 0.00000000 0.00000000 0.00000000 0.00000000 0.00000000 0.00000000 0.00000000 0.00000000 0.00000000 0.00000000 0.00000000 0.00000000 0.00000000 0.00000000 0.00000000 0.00000000 0.00000000 0.00000000 0.00000000 0.00000000 0.00000000 0.00000000 0.00000000 0.00000000 0.00000000 0.00000000 0.00000000 0.00000000 0.00000000 0.00000000 0.00000000 0.00000000 0.00000000 0.00000000 0.00000000 0.00000000 0.00000000 0.00000000 0.00000000 0.00000000 0.00000000 0.00000000 0.00000000 0.00000000 0.00000000 0.00000000 0.00000000 0.00000000 0.00000000 0.00000000 0.00000000 0.00000000 0.00000000 0.00000000 0.00000000 0.00000000 0.00000000 0.25606591 0.47254801 0.55110121 0.56417292 0.57177138 0.58287507 0.57855368 0.57736492 0.58565170 0.59047931 0.59278494 0.59853643 0.60815573 0.60163707 0.60692620 0.61216128 0.61217016 0.61603796 0.61770475 0.62128091 0.62851626 0.62970436 0.63758665
0.33310944 0.21348263 0.00000000 0.00000000 0.00000000 0.00000000 0.00000000 0.00000000 0.00000000 0.00000000 0.00000000 0.00000000 0.00000000 0.00000000 0.00000000 0.00000000 0.00000000 0.00000000 0.00000000 0.00000000 0.00000000 0.00000000 0.00000000 0.00000000 0.00000000 0.00000000 0.00000000 0.00000000 0.00000000 0.00000000 0.00000000 0.00000000 0.00000000 0.00000000 0.00000000 0.00000000 0.00000000 0.00000000 0.00000000 0.00000000 0.00000000 0.00000000 0.00000000 0.00000000 0.00000000 0.00000000 0.00000000 0.00000000 0.00000000 0.00000000 0.00000000 0.00000000 0.00000000 0.00000000 0.00000000 0.00000000 0.00000000 0.00000000 0.00000000 0.00000000 0.00000000 0.00000000 0.00000000 0.00000000 0.00000000 0.00000000 0.00000000 0.00000000 0.00000000 0.00000000 0.00000000 0.00000000 0.00000000 0.00000000 0.00000000 0.00000000 0.00000000 0.00000000 0.00000000 0.00000000 0.00000000 0.00000000 0.00000000 0.00000000 0.00000000 0.00000000 0.00000000 0.00000000 0.00000000 0.00000000 0.00000000 0.00000000 0.00000000 0.00000000 0.00000000 0.00000000 0.00000000 0.00000000 0.00000000 0.00000000 0.06834535 0.34743071 0.50197053 0.54631001 0.56229442 0.57042193 0.56979859 0.57948631 0.58811253 0.59348661 0.59080303 0.59653342 0.59369195 0.59607005 0.60740173 0.60069978 0.60224587 0.60997111 0.61239690 0.62432116 0.62905365 0.62598526 0.63088775 0.63054061
0.30982423 0.00278595 0.00000000 0.00000000 0.00000000 0.00000000 0.00000000 0.00000000 0.00000000 0.00000000 0.00000000 0.00000000 0.00000000 0.00000000 0.00000000 0.00000000 0.00000000 0.00000000 0.00000000 0.00000000 0.00000000 0.00000000 0.00000000 0.00000000 0.00000000 0.00000000 0.00000000 0.00000000 0.00000000 0.00000000 0.00000000 0.00000000 0.00000000 0.00000000 0.00000000 0.00000000 0.00000000 0.00000000 0.00000000 0.00000000 0.00000000 0.00000000 0.00000000 0.00000000 0.00000000 0.00000000 0.00000000 0.00000000 0.00000000 0.00000000 0.00000000 0.00000000 0.00000000 0.00000000 0.00000000 0.00000000 0.00000000 0.00000000 0.00000000 0.00000000 0.00000000 0.00000000 0.00000000 0.00000000 0.00000000 0.00000000 0.00000000 0.00000000 0.00000000 0.00000000 0.00000000 0.00000000 0.00000000 0.00000000 0.00000000 0.00000000 0.00000000 0.00000000 0.00000000 0.00000000 0.00000000 0.00000000 0.00000000 0.00000000 0.00000000 0.00000000 0.00000000 0.00000000 0.00000000 0.00000000 0.00000000 0.00000000 0.00000000 0.00000000 0.00000000 0.00000000 0.00000000 0.00000000 0.00000000 0.00000000 0.14639528 0.38389903 0.52065235 0.55194211 0.56781650 0.56758589 0.57441223 0.58352667 0.57741344 0.58618134 0.58675778 0.59680939 0.60998774 0.60240030 0.60471225 0.60605890 0.61349297 0.60924649 0.61820257 0.61324197 0.60820049 0.61609560 0.63007003 0.63519990
0.18645133 0.00000000 0.00000000 0.00000000 0.00000000 0.00000000 0.00000000 0.00000000 0.00000000 0.00000000 0.00000000 0.00000000 0.00000000 0.00000000 0.00000000 0.00000000 0.00000000 0.00000000 0.00000000 0.00000000 0.00000000 0.00000000 0.00000000 0.00000000 0.00000000 0.00000000 0.00000000 0.00000000 0.00000000 0.00000000 0.00000000 0.00000000 0.00000000 0.00000000 0.00000000 0.00000000 0.00000000 0.00000000 0.00000000 0.00000000 0.00000000 0.00000000 0.00000000 0.00000000 0.00000000 0.00000000 0.00000000 0.00000000 0.00000000 0.00000000 0.00000000 0.00000000 0.00000000 0.00000000 0.00000000 0.00000000 0.00000000 0.00000000 0.00000000 0.00000000 0.00000000 0.00000000 0.00000000 0.00000000 0.00000000 0.00000000 0.00000000 0.00000000 0.00000000 0.00000000 0.00000000 0.00000000 0.00000000 0.00000000 0.00000000 0.00000000 0.00000000 0.00000000 0.00000000 0.00000000 0.00000000 0.00000000 0.00000000 0.00000000 0.00000000 0.00000000 0.00000000 0.00000000 0.00000000 0.00000000 0.00000000 0.00000000 0.00000000 0.00000000 0.00000000 0.00000000 0.00000000 0.00000000 0.00000000 0.00000000 0.25313491 0.44441301 0.51254994 0.55683678 0.56325489 0.57112080 0.57418662 0.58106464 0.58495909 0.58726799 0.58901244 0.58920711 0.59377426 0.59726262 0.60802162 0.61020494 0.60706097 0.61148810 0.61421150 0.61856246 0.62479895 0.62865216 0.62387085 0.63887691
0.15182735 0.00000000 0.00000000 0.00000000 0.00000000 0.00000000 0.00000000 0.00000000 0.00000000 0.00000000 0.00000000 0.00000000 0.00000000 0.00000000 0.00000000 0.00000000 0.00000000 0.00000000 0.00000000 0.00000000 0.00000000 0.00000000 0.00000000 0.00000000 0.00000000 0.00000000 0.00000000 0.00000000 0.00000000 0.00000000 0.00000000 0.00000000 0.00000000 0.00000000 0.00000000 0.00000000 0.00000000 0.00000000 0.00000000 0.00000000 0.00000000 0.00000000 0.00000000 0.00000000 0.00000000 0.00000000 0.00000000 0.00000000 0.00000000 0.00000000 0.00000000 0.00000000 0.00000000 0.00000000 0.00000000 0.00000000 0.00000000 0.00000000 0.00000000 0.00000000 0.00000000 0.00000000 0.00000000 0.00000000 0.00000000 0.00000000 0.00000000 0.00000000 0.00000000 0.00000000 0.00000000 0.00000000 0.00000000 0.00000000 0.00000000 0.00000000 0.00000000 0.00000000 0.00000000 0.00000000 0.00000000 0.00000000 0.00000000 0.00000000 0.00000000 0.00000000 0.00000000 0.00000000 0.00000000 0.00000000 0.00000000 0.00000000 0.00000000 0.00000000 0.00000000 0.00000000 0.00000000 0.00000000 0.00000000 0.10546739 0.32035094 0.48727185 0.53512573 0.54803008 0.56079447 0.57117879 0.57300436 0.57986546 0.58002907 0.58986562 0.59110737 0.59434539 0.59724534 0.60716105 0.60878217 0.60384154 0.60770941 0.61874664 0.60626817 0.61069942 0.61805004 0.62038243 0.63064718 0.64221412
0.04452153 0.00000000 0.00000000 0.00000000 0.00000000 0.00000000 0.00000000 0.00000000 0.00000000 0.00000000 0.00000000 0.00000000 0.00000000 0.00000000 0.00000000 0.00000000 0.00000000 0.00000000 0.00000000 0.00000000 0.00000000 0.00000000 0.00000000 0.00000000 0.00000000 0.00000000 0.00000000 0.00000000 0.00000000 0.00000000 0.00000000 0.00000000 0.00000000 0.00000000 0.00000000 0.00000000 0.00000000 0.00000000 0.00000000 0.00000000 0.00000000 0.00000000 0.00000000 0.00000000 0.00000000 0.00000000 0.00000000 0.00000000 0.00000000 0.00000000 0.00000000 0.00000000 0.00000000 0.00000000 0.00000000 0.00000000 0.00000000 0.00000000 0.00000000 0.00000000 0.00000000 0.00000000 0.00000000 0.00000000 0.00000000 0.00000000 0.00000000 0.00000000 0.00000000 0.00000000 0.00000000 0.00000000 0.00000000 0.00000000 0.00000000 0.00000000 0.00000000 0.00000000 0.00000000 0.00000000 0.00000000 0.00000000 0.00000000 0.00000000 0.00000000 0.00000000 0.00000000 0.00000000 0.00000000 0.00000000 0.00000000 0.00000000 0.00000000 0.00000000 0.00000000 0.00000000 0.00000000 0.00000000 0.09497394 0.26470870 0.40586734 0.49370909 0.53581876 0.55731750 0.57045418 0.57729036 0.56850702 0.58157754 0.58742470 0.58385986 0.59100896 0.59088504 0.60580248 0.60090852 0.61469406 0.62207317 0.61726892 0.61113131 0.61076081 0.61066020 0.62098861 0.63241148 0.62162071 0.64432627
0.00000000 0.00000000 0.00000000 0.00000000 0.00000000 0.00000000 0.00000000 0.00000000 0.00000000 0.00000000 0.00000000 0.00000000 0.00000000 0.00000000 0.00000000 0.00000000 0.00000000 0.00000000 0.00000000 0.00000000 0.00000000 0.00000000 0.00000000 0.00000000 0.00000000 0.00000000 0.00000000 0.00000000 0.00000000 0.00000000 0.00000000 0.00000000 0.00000000 0.00000000 0.00000000 0.00000000 0.00000000 0.00000000 0.00000000 0.00000000 0.00000000 0.00000000 0.00000000 0.00000000 0.00000000 0.00000000 0.00000000 0.00000000 0.00000000 0.00000000 0.00000000 0.00000000 0.00000000 0.00000000 0.00000000 0.00000000 0.00000000 0.00000000 0.00000000 0.00000000 0.00000000 0.00000000 0.00000000 0.00000000 0.00000000 0.00000000 0.00000000 0.00000000 0.00000000 0.00000000 0.00000000 0.00000000 0.00000000 0.00000000 0.00000000 0.00000000 0.00000000 0.00000000 0.00000000 0.00000000 0.00000000 0.00000000 0.00000000 0.00000000 0.00000000 0.00000000 0.00000000 0.00000000 0.00000000 0.00000000 0.00000000 0.00000000 0.00000000 0.00000000 0.00000000 0.00000000 0.00000000 0.00000000 0.21211396 0.38005352 0.44891655 0.51424289 0.54425520 0.55694211 0.56384325 0.56669581 0.58477479 0.58036727 0.58050352 0.58612651 0.58656228 0.58918309 0.60068482 0.60626030 0.60660869 0.60827017 0.61147702 0.61178434 0.61464852 0.61865103 0.61461902 0.62595713 0.63319886 0.63399851
0.00515994 0.00000000 0.00000000 0.00000000 0.00000000 0.00000000 0.00000000 0.00000000 0.00000000 0.00000000 0.00000000 0.00000000 0.00000000 0.00000000 0.00000000 0.00000000 0.00000000 0.00000000 0.00000000 0.00000000 0.00000000 0.00000000 0.00000000 0.00000000 0.00000000 0.00000000 0.00000000 0.00000000 0.00000000 0.00000000 0.00000000 0.00000000 0.00000000 0.00000000 0.00000000 0.00000000 0.00000000 0.00000000 0.00000000 0.00000000 0.00000000 0.00000000 0.00000000 0.00000000 0.00000000 0.00000000 0.00000000 0.00000000 0.00000000 0.00000000 0.00000000 0.00000000 0.00000000 0.00000000 0.00000000 0.00000000 0.00000000 0.00000000 0.00000000 0.00000000 0.00000000 0.00000000 0.00000000 0.00000000 0.00000000 0.00000000 0.00000000 0.00000000 0.00000000 0.00000000 0.00000000 0.00000000 0.00000000 0.00000000 0.00000000 0.00000000 0.00000000 0.00000000 0.00000000 0.00000000 0.00000000 0.00000000 0.00000000 0.00000000 0.00000000 0.00000000 0.00000000 0.00000000 0.00000000 0.00000000 0.00000000 0.00000000 0.00000000 0.00000000 0.00000000 0.00000000 0.00000000 0.02789009 0.28141958 0.44174260 0.50392449 0.52532291 0.54706484 0.55664778 0.56749201 0.57487673 0.57881862 0.57996655 0.57864743 0.58572114 0.59641016 0.60175574 0.60089660 0.60470611 0.60956591 0.61565095 0.60730386 0.61278480 0.60095823 0.60907829 0.61308104 0.61799902 0.62959576 0.64247805
0.00000000 0.00000000 0.00000000 0.00000000 0.00000000 0.00000000 0.00000000 0.00000000 0.00000000 0.00000000 0.00000000 0.00000000 0.00000000 0.00000000 0.00000000 0.00000000 0.00000000 0.00000000 0.00000000 0.00000000 0.00000000 0.00000000 0.00000000 0.00000000 0.00000000 0.00000000 0.00000000 0.00000000 0.00000000 0.00000000 0.00000000 0.00000000 0.00000000 0.00000000 0.00000000 0.00000000 0.00000000 0.00000000 0.00000000 0.00000000 0.00000000 0.00000000 0.00000000 0.00000000 0.00000000 0.00000000 0.00000000 0.00000000 0.00000000 0.00000000 0.00000000 0.00000000 0.00000000 0.00000000 0.00000000 0.00000000 0.00000000 0.00000000 0.00000000 0.00000000 0.00000000 0.00000000 0.00000000 0.00000000 0.00000000 0.00000000 0.00000000 0.00000000 0.00000000 0.00000000 0.00000000 0.00000000 0.00000000 0.00000000 0.00000000 0.00000000 0.00000000 0.00000000 0.00000000 0.00000000 0.00000000 0.00000000 0.00000000 0.00000000 0.00000000 0.00000000 0.00000000 0.00000000 0.00000000 0.00000000 0.00000000 0.00000000 0.00000000 0.00000000 0.00000000 0.00000000 0.00000000 0.08828188 0.30264688 0.47077078 0.51905888 0.54198182 0.55236381 0.56650633 0.57020777 0.57306808 0.57489383 0.57714421 0.58667791 0.58883774 0.58984083 0.59109968 0.60593230 0.60669976 0.60800588 0.61320782 0.60879743 0.61492860 0.60753888 0.59902817 0.60503113 0.62587267 0.61799943 0.63689822
0.00000000 0.00000000 0.00000000 0.00000000 0.00000000 0.00000000 0.00000000 0.00000000 0.00000000 0.00000000 0.00000000 0.00000000 0.00000000 0.00000000 0.00000000 0.00000000 0.00000000 0.00000000 0.00000000 0.00000000 0.00000000 0.00000000 0.00000000 0.00000000 0.00000000 0.00000000 0.00000000 0.00000000 0.00000000 0.00000000 0.00000000 0.00000000 0.00000000 0.00000000 0.00000000 0.00000000 0.00000000 0.00000000 0.00000000 0.00000000 0.00000000 0.00000000 0.00000000 0.00000000 0.00000000 0.00000000 0.00000000 0.00000000 0.00000000 0.00000000 0.00000000 0.00000000 0.00000000 0.00000000 0.00000000 0.00000000 0.00000000 0.00000000 0.00000000 0.00000000 0.00000000 0.00000000 0.00000000 0.00000000 0.00000000 0.00000000 0.00000000 0.00000000 0.00000000 0.00000000 0.00000000 0.00000000 0.00000000 0.00000000 0.00000000 0.00000000 0.00000000 0.00000000 0.00000000 0.00000000 0.00000000 0.00000000 0.00000000 0.00000000 0.00000000 0.00000000 0.00000000 0.00000000 0.00000000 0.00000000 0.00000000 0.00000000 0.00000000 0.00000000 0.00000000 0.00000000 0.00000000 0.09859185 0.28850913 0.48703521 0.52166468 0.53413761 0.55244815 0.55945820 0.57312250 0.57453376 0.58439159 0.59046543 0.58711469 0.59220904 0.59761924 0.59548926 0.59536171 0.60190147 0.60636127 0.61007935 0.60650891 0.60656065 0.60368443 0.60598153 0.60336643 0.60824901 0.62654769 0.62595034
0.12002973 0.04250692 0.00000000 0.00000000 0.00000000 0.00000000 0.00000000 0.00000000 0.00000000 0.00000000 0.00000000 0.00000000 0.00000000 0.00000000 0.00000000 0.00000000 0.00000000 0.00000000 0.00000000 0.00000000 0.00000000 0.00000000 0.00000000 0.00000000 0.00000000 0.00000000 0.00000000 0.00000000 0.00000000 0.00000000 0.00000000 0.00000000 0.00000000 0.00000000 0.00000000 0.00000000 0.00000000 0.00000000 0.00000000 0.00000000 0.00000000 0.00000000 0.00000000 0.00000000 0.00000000 0.00000000 0.00000000 0.00000000 0.00000000 0.00000000 0.00000000 0.00000000 0.00000000 0.00000000 0.00000000 0.00000000 0.00000000 0.00000000 0.00000000 0.00000000 0.00000000 0.00000000 0.00000000 0.00000000 0.00000000 0.00000000 0.00000000 0.00000000 0.00000000 0.00000000 0.00000000 0.00000000 0.00000000 0.00000000 0.00000000 0.00000000 0.00000000 0.00000000 0.00000000 0.00000000 0.00000000 0.00000000 0.00000000 0.00000000 0.00000000 0.00000000 0.00000000 0.00000000 0.00000000 0.00000000 0.00000000 0.00000000 0.00000000 0.00000000 0.00000000 0.00000000 0.00000000 0.11342840 0.24579440 0.35007745 0.38571137 0.40287179 0.42266667 0.44650501 0.46520686 0.48031461 0.49097013 0.50084913 0.52157944 0.53658110 0.53771073 0.55007988 0.55375433 0.55918008 0.56472778 0.57228607 0.57614976 0.57520616 0.57241529 0.58558774 0.58656502 0.60939860 0.61447304 0.63071424
0.13166685 0.08887602 0.08483355 0.00000000 0.00000000 0.00000000 0.00000000 0.00000000 0.00000000 0.00000000 0.00000000 0.00000000 0.00000000 0.00000000 0.00000000 0.00000000 0.00000000 0.00000000 0.00000000 0.00000000 0.00000000 0.00000000 0.00000000 0.00000000 0.00000000 0.00000000 0.00000000 0.00000000 0.00000000 0.00000000 0.00000000 0.00000000 0.00000000 0.00000000 0.00000000 0.00000000 0.00000000 0.00000000 0.00000000 0.00000000 0.00000000 0.00000000 0.00000000 0.00000000 0.00000000 0.00000000 0.00000000 0.00000000 0.00000000 0.00000000 0.00000000 0.00000000 0.00000000 0.00000000 0.00000000 0.00000000 0.00000000 0.00000000 0.00000000 0.00000000 0.00000000 0.00000000 0.00000000 0.00000000 0.00000000 0.00000000 0.00000000 0.00000000 0.00000000 0.00000000 0.00000000 0.00000000 0.00000000 0.00000000 0.00000000 0.00000000 0.00000000 0.00000000 0.00000000 0.00000000 0.00000000 0.00000000 0.00000000 0.00000000 0.00000000 0.00000000 0.00000000 0.00000000 0.00000000 0.00000000 0.00000000 0.00000000 0.00000000 0.00000000 0.00000000 0.00000000 0.00000000 0.15399580 0.32864368 0.44525909 0.46796751 0.48116964 0.48656118 0.48786008 0.48971373 0.48478353 0.48948312 0.49078310 0.48207408 0.47982919 0.47860467 0.48307782 0.49072039 0.49786282 0.49153113 0.49492770 0.48221660 0.48983526 0.48873574 0.50182480 0.49433154 0.50441235 0.49692088 0.49990886
0.30322975 0.22828968 0.12947087 0.14025955 0.03651075 0.00000000 0.00000000 0.00000000 0.00000000 0.00000000 0.00000000 0.00000000 0.00000000 0.00000000 0.00000000 0.00000000 0.00000000 0.00000000 0.00000000 0.00000000 0.00000000 0.00000000 0.00000000 0.00000000 0.00000000 0.00000000 0.00000000 0.00000000 0.00000000 0.00000000 0.00000000 0.00000000 0.00000000 0.00000000 0.00000000 0.00000000 0.00000000 0.00000000 0.00000000 0.00000000 0.00000000 0.00000000 0.00000000 0.00000000 0.00000000 0.00000000 0.00000000 0.00000000 0.00000000 0.00000000 0.00000000 0.00000000 0.00000000 0.00000000 0.00000000 0.00000000 0.00000000 0.00000000 0.00000000 0.00000000 0.00000000 0.00000000 0.00000000 0.00000000 0.00000000 0.00000000 0.00000000 0.00000000 0.00000000 0.00000000 0.00000000 0.00000000 0.00000000 0.00000000 0.00000000 0.00000000 0.00000000 0.00000000 0.00000000 0.00000000 0.00000000 0.00000000 0.00000000 0.00000000 0.00000000 0.00000000 0.00000000 0.00000000 0.00000000 0.00000000 0.00000000 0.00000000 0.00000000 0.00000000 0.00000000 0.00000000 0.00000000 0.01136389 0.11812936 0.19075911 0.23155142 0.24971731 0.30800188 0.34619021 0.36658484 0.40044630 0.41308951 0.43997961 0.43400306 0.44570255 0.46103561 0.44397938 0.44557607 0.43239903 0.42522466 0.42418790 0.41430372 0.43793440 0.45595771 0.48254603 0.48551309 0.50443357 0.51844370 0.53472584
0.32263041 0.32818156 0.27865553 0.14404719 0.09080692 0.05825138 0.00000000 0.00000000 0.00000000 0.00000000 0.00000000 0.00000000 0.00000000 0.00000000 0.00000000 0.00000000 0.00000000 0.00000000 0.00000000 0.00000000 0.00000000 0.07679118 0.10111351 0.15823756 0.23588388 0.29115123 0.31479597 0.30784506 0.32494211 0.31638032 0.30357671 0.32057750 0.27778959 0.28757888 0.27958781 0.26298505 0.26440597 0.22991271 0.21575136 0.19494854 0.14072974 0.12481768 0.12373056 0.09875964 0.06126675 0.04922709 0.00459249 0.00000000 0.00000000 0.00000000 0.00000000 0.00000000 0.00000000 0.00000000 0.00000000 0.00000000 0.00000000 0.00000000 0.00000000 0.00000000 0.00000000 0.00000000 0.00000000 0.00000000 0.00000000 0.00000000 0.00000000 0.00000000 0.00000000 0.00000000 0.00000000 0.00000000 0.00000000 0.00000000 0.00000000 0.00000000 0.00000000 0.00000000 0.00000000 0.00000000 0.00000000 0.00000000 0.00000000 0.00000000 0.00000000 0.00000000 0.00000000 0.00000000 0.00000000 0.00000000 0.00000000 0.00000000 0.00000000 0.00000000 0.00000000 0.00000000 0.00000000 0.03508085 0.14400463 0.18822740 0.17676605 0.19385214 0.20627727 0.21387638 0.21547927 0.20604955 0.22363339 0.20215516 0.22861193 0.21289332 0.20844968 0.22629140 0.26444471 0.26131827 0.24431081 0.22575976 0.16559680 0.14504762 0.18722133 0.21949835 0.22909252 0.22691126 0.24648176 0.23055656
0.31851000 0.30740654 0.30900621 0.30800289 0.26188248 0.16259854 0.08745064 0.00652902 0.00000000 0.00000000 0.00000000 0.00000000 0.00000000 0.00000000 0.00000000 0.00000000 0.00000000 0.00000000 0.00399773 0.07931961 0.13084267 0.20538671 0.26489204 0.33172327 0.34562057 0.33140361 0.36238253 0.35456753 0.34015936 0.36719620 0.32698160 0.34585428 0.34476268 0.35295159 0.36808896 0.35803008 0.36399889 0.38441539 0.37093729 0.35723954 0.36144137 0.35750705 0.36621577 0.36164647 0.37180829 0.34910262 0.34077120 0.33829010 0.32435930 0.33515227 0.32683045 0.32048351 0.33549005 0.33616734 0.32645547 0.32072800 0.30178791 0.29695952 0.27128685 0.25014627 0.24134167 0.21659781 0.20303644 0.13816206 0.09321572 0.03414768 0.00000000 0.00000000 0.00000000 0.00000000 0.00000000 0.00000000 0.00000000 0.00000000 0.00000000 0.00000000 0.00000000 0.00000000 0.00000000 0.00000000 0.00000000 0.00000000 0.00000000 0.00000000 0.00000000 0.00000000 0.00000000 0.00000000 0.00000000 0.00000000 0.00000000 0.00000000 0.00000000 0.00000000 0.00000000 0.03219455 0.08246754 0.15881015 0.20794852 0.26724637 0.30385864 0.32469201 0.34148693 0.34936094 0.34242666 0.35321319 0.33999705 0.32845885 0.28333956 0.27920204 0.25179225 0.23109992 0.14697807 0.13962807 0.12880744 0.10694958 0.07589032 0.08905555 0.10388358 0.13096987 0.16556536 0.15145676 0.18672039 0.19382106
