230 229 228 228 230 230 229 228 229 229 229 229 229 229 229 229 229 228 228 230 232 234 234 233 229 229 230 231 232 233 233 234 225 226 228 229 230 229 228 227 226 227 229 231 232 232 231 231 231 231 231 231 231 231 231 231 229 229 230 231 231 232 233 233 229 229 228 228 228 229 230 230 229 230 232 233 233 232 230 229 231 232 232 230 228 229 234 238 229 230 232 233 233 232 230 229 230 229 230 233 237 238 235 232 232 232 233 234 235 235 236 236 234 236 237 236 233 232 235 238 240 239 238 237 237 237 239 239 235 235 235 235 235 235 235 235 235 234 233 234 236 237 236 235 233 234 236 237 238 238 237 236 234 235 236 237 238 239 240 240 234 235 237 237 237 237 239 239 236 236 237 238 238 239 241 239 237 236 236 237 237 238 238 238 236 237 238 239 240 239 238 237 234 234 235 236 237 237 237 236 238 237 237 237 238 239 240 240 234 237 240 241 239 237 237 237 239 240 240 239 237 237 239 241 236 236 236 237 237 237 238 238 234 237 239 239 237 237 239 242 237 238 239 239 239 239 238 237 237 237 237 237 237 237 237 237 236 237 239 240 240 239 237 236 240 239 238 237 238 239 240 241 239 239 239 240 241 241 242 242 238 237 236 236 238 239 237 236 235 237 238 238 237 236 237 238 235 234 234 234 235 237 239 241 238 239 241 240 238 238 239 240 240 239 238 238 239 239 237 234 234 234 234 234 234 235 237 237 234 236 238 238 235 233 233 233 233 234 234 234 234 233 232 231 232 231 230 230 230 230 231 232 230 231 233 234 236 236 236 235 238 228 231 237 233 234 242 240 243 239 238 243 245 244 242 244 234 236 238 239 239 239 236 235 236 237 237 238 238 237 237 236 237 237 238 239 239 240 241 241 233 235 237 239 240 239 237 236 233 236 239 240 239 237 236 236 236 237 237 238 238 237 237 236 239 239 239 239 239 239 239 239 239 239 240 240 240 239 238 238 238 238 238 238 238 238 238 238 240 240 240 240 240 240 240 240 238 238 237 238 239 240 241 242 241 241 241 242 242 243 243 243 236 236 239 245 247 244 242 241 244 244 248 251 246 240 239 243 235 238 235 232 233 238 239 237 245 245 245 246
230 229 228 228 230 230 229 228 229 229 229 229 229 229 229 229 230 229 229 230 232 233 233 232 229 229 230 230 231 231 232 232 226 227 228 230 230 230 229 228 226 228 229 231 232 232 231 231 229 229 229 229 229 229 229 229 229 229 230 231 231 232 233 233 231 230 230 229 229 229 230 230 232 232 233 233 233 232 231 231 232 234 234 233 231 231 234 237 232 232 233 233 233 233 232 232 230 229 230 233 236 236 233 230 231 232 232 233 234 235 235 236 233 234 235 234 232 231 234 236 239 238 237 236 236 237 238 238 234 234 234 234 234 234 234 234 236 235 234 235 237 238 237 236 235 235 236 237 237 237 236 236 234 234 234 235 236 237 237 237 234 234 236 236 236 236 236 236 236 236 237 238 238 239 241 239 238 237 237 238 238 239 239 239 234 235 236 238 238 238 238 237 236 236 237 238 239 239 238 238 238 238 238 238 238 239 240 241 238 241 244 244 243 241 240 240 239 240 240 239 238 238 239 241 238 238 238 238 238 239 240 240 237 239 241 240 237 236 238 240 239 239 239 238 238 239 239 239 238 238 238 238 238 238 238 238 237 238 238 239 239 238 238 237 236 236 236 237 238 241 243 244 239 239 239 239 239 240 240 240 240 238 236 236 238 239 238 237 234 236 237 237 236 235 236 237 235 235 235 235 236 237 238 239 237 239 240 239 238 237 238 240 239 238 237 238 239 239 237 236 236 236 235 235 236 237 238 238 233 235 237 237 235 234 234 234 234 234 234 233 233 232 232 232 232 232 231 231 231 231 232 232 230 231 233 234 235 235 235 235 239 231 233 238 233 232 238 237 236 233 234 238 239 236 236 237 238 238 239 239 238 237 234 234 235 235 236 237 237 236 235 235 238 238 238 238 238 238 237 237 233 234 236 237 237 237 236 235 234 237 239 240 238 236 235 235 237 237 238 238 238 238 237 237 238 239 239 240 240 239 239 238 237 237 237 237 237 237 237 237 238 238 238 238 238 238 238 238 240 240 240 240 240 240 240 240 239 239 239 239 240 241 242 243 242 242 243 243 243 244 244 244 245 247 244 240 240 243 241 233 240 247 251 246 243 243 243 241 235 238 235 233 234 240 241 240 243 243 242 242
230 229 228 228 230 230 229 228 229 229 229 229 229 229 229 229 232 231 230 230 232 232 231 230 229 229 229 229 230 230 230 230 228 228 229 230 231 230 230 230 227 228 229 231 231 231 231 231 230 230 230 230 230 230 230 230 229 229 230 231 231 232 233 233 233 232 232 231 230 230 229 229 235 235 234 233 232 232 232 232 233 235 235 235 233 232 233 234 235 235 234 234 234 234 235 235 230 230 230 232 234 233 231 229 230 231 231 232 233 234 234 235 232 233 234 233 231 231 233 235 236 236 235 235 235 235 236 237 233 233 233 233 233 233 233 233 237 236 235 236 238 239 238 236 237 237 236 235 235 235 236 236 235 235 235 235 235 235 235 235 234 234 236 235 234 234 234 234 236 236 237 238 238 239 241 239 239 238 238 239 239 239 240 240 232 233 235 236 237 238 238 237 238 238 239 240 240 240 240 239 238 238 238 237 238 238 239 240 239 242 244 244 243 241 241 241 240 241 241 240 238 238 240 242 241 240 239 239 239 241 242 243 240 241 241 240 238 236 237 238 240 239 238 237 237 238 239 240 239 239 239 239 239 239 239 239 239 238 238 237 237 238 238 239 236 236 236 237 238 240 242 243 239 239 238 238 238 238 238 237 241 238 236 235 237 238 239 238 234 236 237 236 234 234 235 236 235 236 236 237 237 236 236 235 236 237 239 238 236 236 237 238 238 237 236 237 239 239 238 237 237 237 236 236 237 237 238 239 232 234 236 237 235 234 235 236 236 235 233 232 231 232 233 233 234 233 233 232 232 233 233 234 232 233 233 234 235 234 234 234 237 229 232 236 228 226 229 228 231 232 234 238 238 233 234 237 240 239 238 237 236 235 235 236 234 234 235 236 236 235 234 234 239 239 238 237 236 236 235 235 234 234 234 235 235 235 236 236 235 238 240 239 237 235 234 234 238 238 238 238 238 238 238 238 237 238 239 240 240 239 238 237 237 236 235 235 236 237 239 240 238 238 238 238 238 238 238 238 240 240 240 240 240 240 240 240 240 240 240 240 241 242 243 244 241 242 242 242 242 243 243 243 241 246 246 240 241 247 244 235 238 245 245 238 237 243 242 235 239 241 238 235 235 240 241 239 245 244 244 243
230 229 228 228 230 230 229 228 229 229 229 229 229 229 229 229 233 232 230 230 232 232 230 229 229 229 229 229 229 229 228 228 229 229 230 230 231 231 231 231 228 229 229 230 231 231 231 231 233 233 233 233 233 233 233 233 230 230 230 231 231 232 232 232 234 234 234 233 232 231 229 229 236 235 233 231 231 231 232 233 233 234 235 234 233 232 231 231 237 236 234 233 233 234 236 237 233 233 233 233 233 232 231 229 230 230 231 231 232 233 234 234 234 234 233 233 232 232 234 235 234 234 234 234 234 235 235 235 234 234 234 234 234 234 234 234 237 235 234 235 237 237 236 235 239 238 236 235 234 234 235 236 237 237 237 236 236 235 235 235 236 236 237 236 235 234 234 234 236 236 237 238 238 239 241 239 239 238 238 238 238 238 238 238 233 234 235 236 237 238 239 239 238 238 239 240 240 240 239 239 237 237 236 236 236 237 237 238 236 239 241 241 239 238 238 239 240 241 241 240 239 239 240 242 242 241 239 239 239 241 243 244 238 239 239 238 237 236 236 237 239 238 236 234 234 236 238 239 239 239 239 239 239 239 239 239 240 239 237 236 236 237 239 240 239 239 238 238 238 238 238 238 239 238 238 237 237 236 236 235 240 237 234 234 235 237 238 237 236 237 238 237 235 234 235 237 236 236 237 238 237 236 234 233 235 236 237 237 235 235 236 237 237 236 235 236 238 239 239 238 237 237 236 236 236 237 237 238 232 234 236 236 235 235 236 237 237 235 233 231 230 231 233 234 235 234 234 233 233 234 234 235 233 233 233 233 234 234 233 232 232 224 227 230 221 217 220 217 225 225 231 236 236 233 233 238 238 239 237 236 235 236 237 238 234 235 236 236 236 236 235 234 239 238 238 238 237 237 236 236 235 235 234 234 235 236 237 237 237 238 240 239 236 234 233 234 237 237 236 236 236 236 237 237 236 237 239 240 240 239 237 236 239 238 237 236 237 240 242 244 238 238 238 238 238 238 238 238 240 240 240 240 240 240 240 240 239 239 239 239 240 242 243 244 241 241 242 242 242 242 242 242 235 239 244 246 244 242 240 239 236 232 227 228 234 239 237 234 244 245 242 237 236 240 239 237 242 242 243 244
230 229 228 228 230 230 229 228 229 229 229 229 229 229 229 229 234 232 231 231 231 231 230 228 229 229 229 229 229 229 228 228 229 229 229 230 230 231 231 232 230 230 229 230 230 230 231 231 233 233 233 233 233 233 233 233 230 230 231 231 231 231 232 232 234 234 234 234 233 231 230 229 234 233 231 230 229 230 231 232 232 232 232 232 232 231 229 228 235 234 233 232 232 233 234 235 235 235 236 235 234 233 232 232 230 230 231 231 232 233 234 234 236 235 234 234 234 235 235 235 232 232 233 233 234 234 234 234 236 236 236 236 236 236 236 236 236 234 233 233 235 235 234 233 239 238 236 235 234 234 235 236 236 236 235 234 234 233 233 232 237 237 238 237 236 235 235 235 236 236 237 238 238 239 241 239 237 236 236 236 236 236 236 236 236 236 236 237 238 239 240 240 237 237 238 238 238 237 237 236 236 236 235 234 234 234 235 235 235 237 239 238 237 236 236 238 240 241 241 240 238 238 240 242 240 239 238 238 238 239 241 242 235 235 235 236 237 237 237 237 238 236 234 232 232 234 236 238 237 237 237 237 237 237 237 237 240 239 237 236 236 237 239 240 239 239 239 238 238 237 237 236 238 238 238 237 236 236 235 235 238 235 233 233 235 236 236 235 239 240 240 238 236 235 237 239 236 237 238 238 237 236 234 232 234 236 237 236 235 234 235 237 237 236 234 235 237 239 239 238 236 236 235 235 234 235 235 236 233 234 235 235 234 234 236 238 237 235 233 231 230 231 233 234 235 235 234 234 234 234 235 235 234 234 233 233 231 231 232 230 227 219 221 223 210 206 209 210 210 211 218 226 229 228 231 236 235 235 234 233 236 237 240 240 236 236 237 238 238 237 236 236 237 238 238 238 239 239 240 240 237 236 236 236 236 237 238 239 237 238 239 238 235 233 233 234 236 236 235 234 234 235 236 236 236 237 238 239 239 238 237 236 239 238 237 236 237 240 242 244 238 238 238 238 238 238 238 238 240 240 240 240 240 240 240 240 238 238 238 238 239 240 241 242 241 241 240 240 240 240 240 240 241 237 240 246 241 231 233 245 223 211 210 226 240 241 240 244 243 245 241 237 237 241 242 240 236 236 237 238
230 229 228 228 230 230 229 228 229 229 229 229 229 229 229 229 234 232 230 231 231 232 230 228 229 229 229 229 230 230 230 230 229 229 229 228 229 230 231 231 231 230 230 229 229 230 231 231 230 230 230 230 230 230 230 230 231 231 231 231 231 231 231 231 232 233 234 234 233 232 230 229 231 231 230 230 230 231 231 232 232 231 229 229 231 231 230 229 233 233 232 232 232 232 233 233 235 236 237 236 234 233 233 235 230 231 231 232 233 234 234 235 237 235 234 234 235 236 236 235 231 231 233 234 235 235 235 234 237 237 237 237 237 237 237 237 235 234 232 233 234 234 233 231 237 237 236 235 235 235 236 236 233 233 232 232 231 231 230 230 237 237 238 238 237 236 237 237 236 236 237 238 238 239 241 239 237 236 236 235 235 235 234 234 238 238 237 237 237 238 239 240 236 236 236 237 236 236 235 234 236 236 235 234 234 234 234 235 237 239 240 239 237 237 238 240 239 239 240 239 237 237 239 241 237 237 238 238 239 239 239 239 235 234 234 235 238 239 238 237 236 235 234 233 233 234 235 236 237 237 237 237 237 237 237 237 239 238 238 237 237 238 238 239 234 235 237 238 239 239 239 239 238 237 237 237 237 237 236 236 236 235 234 235 236 237 236 234 241 241 241 238 236 236 238 240 237 237 237 237 236 235 234 234 235 236 237 237 235 235 236 237 239 236 234 234 236 237 238 238 236 236 235 234 234 234 234 235 234 235 236 235 233 234 236 238 236 235 233 232 231 232 233 233 235 234 234 233 233 234 234 235 235 234 234 232 230 231 229 228 226 215 217 215 200 195 200 200 196 196 202 214 226 229 232 236 232 232 233 234 237 238 240 240 238 237 238 238 238 238 237 236 237 237 238 239 240 240 241 241 236 236 237 237 238 238 238 238 236 237 238 236 234 233 234 235 237 236 235 234 234 235 236 237 238 237 237 237 237 237 237 238 237 236 235 235 236 237 239 240 238 238 238 238 238 238 238 238 240 240 240 240 240 240 240 240 238 237 237 238 238 240 241 242 241 240 240 240 240 239 239 239 246 239 237 242 243 240 244 253 194 195 209 232 247 248 249 254 238 241 239 237 238 244 245 244 238 238 237 236
230 229 228 228 230 230 229 228 229 229 229 229 229 229 229 229 233 231 230 230 232 232 231 229 229 229 230 230 231 231 232 232 229 228 227 227 227 229 230 231 232 231 230 229 229 229 230 231 229 229 229 229 229 229 229 229 231 231 231 231 231 231 231 231 230 231 233 234 233 232 230 229 229 230 231 232 233 233 233 233 233 231 228 228 231 233 232 231 232 232 233 233 233 233 232 232 233 235 236 235 232 232 233 236 231 232 232 233 234 235 235 236 237 234 232 232 235 236 235 233 230 231 233 235 236 236 235 235 236 236 236 236 236 236 236 236 236 235 233 233 234 235 233 231 235 235 236 237 237 237 236 236 234 234 234 233 233 233 233 233 235 235 236 236 236 236 237 237 236 236 237 238 238 239 241 239 238 237 237 236 236 235 235 235 239 239 237 236 236 236 237 238 236 236 236 236 236 235 234 233 238 238 237 236 235 235 236 236 238 239 240 239 238 237 239 241 237 238 239 238 236 236 238 240 235 237 239 240 241 240 238 237 240 237 236 237 239 241 239 237 236 236 236 236 236 236 236 236 238 238 238 238 238 238 238 238 237 238 238 239 239 238 238 237 234 235 237 238 239 239 238 238 237 237 237 237 238 238 238 238 236 236 237 238 240 239 237 234 241 241 240 237 235 235 237 239 237 237 236 235 235 235 236 236 235 237 238 237 236 235 236 238 240 237 234 233 235 236 237 236 238 237 236 235 235 235 235 235 236 236 236 235 233 233 235 237 234 234 234 233 233 232 232 232 234 234 233 233 233 233 234 234 236 235 233 231 230 230 229 228 223 212 210 204 186 180 185 186 181 179 187 204 221 228 230 233 232 233 235 236 238 238 238 237 237 236 237 237 237 237 236 235 238 238 238 238 238 238 239 239 234 235 236 238 238 237 237 236 235 236 237 235 234 233 235 236 239 238 236 235 235 236 238 239 239 238 236 235 235 236 238 239 237 237 237 237 237 237 237 237 238 238 238 238 238 238 238 238 240 240 240 240 240 240 240 240 238 238 238 239 239 241 242 243 241 241 240 240 240 239 239 239 238 241 238 237 245 252 240 219 158 193 227 241 245 250 251 247 240 243 240 237 238 242 243 242 241 241 241 240
230 229 228 228 230 230 229 228 229 229 229 229 229 229 229 229 232 231 230 230 232 232 231 230 229 229 230 231 232 233 233 234 228 228 227 226 226 228 229 230 232 231 230 228 228 229 230 231 231 231 231 231 231 231 231 231 231 231 231 231 231 231 231 231 228 229 232 233 233 232 230 229 228 230 232 234 235 235 235 234 235 231 228 228 231 234 235 234 231 232 234 235 235 234 232 231 232 234 235 234 231 230 233 236 232 232 233 234 235 235 236 236 236 233 230 231 234 235 234 232 230 231 233 235 236 236 235 235 235 235 235 235 235 235 235 235 238 236 234 234 236 236 234 232 233 234 236 237 238 238 237 236 237 237 237 237 237 237 237 237 232 232 235 235 235 235 236 237 236 236 237 238 238 239 241 239 239 238 238 237 237 236 236 236 240 238 236 235 234 234 235 236 236 237 237 237 236 235 234 234 240 240 239 238 237 237 237 238 237 238 239 238 236 236 238 240 236 237 238 237 235 235 237 239 235 237 240 242 242 241 238 237 244 241 239 239 241 242 239 236 237 238 238 239 239 238 238 237 239 239 239 239 239 239 239 239 236 237 239 240 240 239 237 236 238 238 239 239 238 236 234 233 236 237 237 238 238 239 239 240 237 238 239 242 243 242 238 235 241 240 239 236 233 233 236 238 238 237 235 234 234 235 237 238 236 237 238 238 236 236 237 238 241 238 234 233 234 235 236 236 239 239 238 236 236 236 236 236 237 237 237 235 232 232 234 236 233 234 234 234 234 233 232 231 234 233 233 232 232 233 233 234 238 237 233 231 230 227 228 226 220 208 203 195 174 166 172 173 165 164 170 191 211 222 224 224 231 234 236 237 238 237 236 233 236 235 235 236 236 235 235 234 239 239 238 237 237 236 235 235 231 233 235 237 238 237 235 233 234 235 236 235 234 234 235 237 242 240 238 237 237 238 240 242 240 238 236 234 234 236 238 240 239 239 240 240 240 239 238 238 238 238 238 238 238 238 238 238 240 240 240 240 240 240 240 240 240 240 240 240 241 242 243 244 242 242 242 241 241 240 240 240 231 245 243 232 241 248 211 157 134 197 246 246 238 247 246 232 246 248 243 238 236 238 238 235 238 238 239 240
227 227 227 228 228 229 229 229 227 228 229 229 231 231 232 233 229 229 229 229 229 231 232 232 231 231 231 231 231 231 231 231 225 226 228 229 230 229 229 228 228 227 227 226 226 227 227 228 228 229 231 232 233 234 234 235 231 230 230 229 229 230 230 231 226 227 229 231 232 232 232 231 233 233 233 234 234 235 235 236 232 232 232 232 232 232 232 232 233 232 232 231 232 233 235 236 231 232 232 233 233 232 232 231 229 232 235 237 236 235 234 234 234 234 234 234 234 234 234 234 235 234 234 233 233 234 234 235 232 233 235 236 237 237 236 235 232 236 239 237 233 231 234 238 236 234 233 235 238 238 235 232 231 232 234 235 236 236 235 234 226 229 234 236 235 235 237 238 233 234 237 240 241 240 238 232 242 240 238 239 240 240 239 237 237 236 236 235 235 236 236 237 234 235 237 238 238 237 235 234 237 239 242 243 241 239 240 241 236 238 240 241 241 240 238 236 238 237 236 239 243 243 240 237 238 238 238 238 238 238 238 238 236 234 235 239 240 237 237 239 240 239 238 237 238 239 241 242 235 240 241 237 236 238 239 238 235 235 234 234 235 236 238 240 237 236 235 237 240 242 243 242 237 238 239 239 237 237 238 239 235 234 233 235 239 242 243 243 237 239 241 240 236 234 234 236 235 235 235 236 236 237 237 237 235 235 235 236 236 237 237 237 233 234 234 235 237 238 238 239 234 235 237 238 238 237 236 235 237 236 235 234 234 234 234 235 231 231 232 233 235 236 237 237 232 232 233 233 233 233 234 234 237 238 233 229 229 229 227 219 222 208 189 188 181 143 131 162 156 148 140 154 188 223 236 233 230 224 223 232 242 242 241 240 239 234 232 235 240 243 240 236 237 235 235 237 239 241 241 239 235 235 235 236 237 239 240 241 234 237 240 242 243 241 239 237 237 236 235 234 235 236 238 239 237 237 237 237 237 237 237 237 237 238 239 240 240 240 240 239 237 238 240 240 239 239 240 242 239 238 237 236 237 239 242 244 239 241 242 243 244 243 242 242 242 238 238 243 245 240 234 232 236 235 255 244 226 216 154 77 177 240 254 233 243 250 241 244 246 241 237 240 241 239 238 240 238 241 243 244
227 227 227 228 228 229 229 229 228 229 229 230 230 231 231 232 229 229 229 229 229 230 231 232 231 231 231 231 231 231 231 231 227 228 229 230 231 230 230 229 229 228 228 227 227 228 228 229 232 231 230 230 230 232 234 236 232 231 231 231 231 231 231 232 228 229 231 232 233 233 232 232 232 232 233 233 234 234 234 235 233 233 233 233 233 233 233 233 234 234 233 232 233 234 235 236 232 233 234 234 234 234 233 232 230 233 236 237 236 234 233 234 234 234 234 234 234 234 234 234 236 235 235 234 234 235 235 236 233 234 235 236 236 236 235 234 232 235 237 236 234 233 235 238 236 235 234 236 238 238 236 233 231 232 233 234 235 234 234 233 229 231 236 237 236 235 237 238 237 236 237 238 240 240 240 236 242 239 238 238 239 239 238 236 237 237 237 237 237 237 237 237 238 238 239 239 239 239 238 238 236 235 235 239 243 244 243 240 239 240 242 243 243 242 240 239 238 238 238 240 242 242 240 239 239 239 239 239 239 239 239 239 239 237 237 241 240 237 236 238 238 237 236 236 236 238 239 240 236 240 242 238 236 239 240 238 236 236 236 237 239 241 244 245 245 243 240 239 240 240 239 238 237 238 239 239 237 237 238 239 243 241 238 238 239 239 238 237 238 240 241 239 236 234 235 237 235 235 235 236 236 237 237 237 236 236 237 237 237 238 238 238 237 237 237 237 237 238 238 238 235 235 236 236 236 236 235 235 238 237 237 236 235 235 236 236 232 232 233 234 234 235 236 236 236 235 235 234 234 233 233 233 232 235 235 232 233 233 231 224 214 206 188 178 160 120 106 129 142 135 126 131 166 206 226 224 234 233 238 245 246 239 232 229 236 235 234 236 239 240 238 236 237 236 236 237 239 240 240 239 237 236 236 236 237 238 240 240 235 236 239 240 241 240 239 238 238 237 236 235 236 237 239 240 238 238 238 238 238 238 238 238 237 238 239 240 240 240 240 239 237 239 240 240 239 239 240 242 240 239 238 238 239 241 243 245 238 239 241 242 242 242 241 240 236 234 236 242 244 240 237 238 233 252 222 241 235 172 70 85 222 255 254 230 239 246 236 239 250 244 239 241 241 238 237 238 239 241 244 245
227 227 228 228 228 228 229 229 230 230 230 230 230 230 230 230 230 229 229 229 229 230 231 231 231 231 231 231 231 231 231 231 228 229 230 231 231 231 230 230 230 229 228 228 228 228 229 230 235 233 230 228 228 230 233 235 232 232 232 232 232 232 232 232 231 232 232 233 233 233 232 232 231 231 232 232 232 233 233 233 234 234 234 234 234 234 234 234 235 235 234 233 233 233 234 234 233 234 235 235 235 235 234 233 232 234 236 237 235 233 232 233 234 234 234 234 234 234 234 234 236 236 235 235 235 235 236 236 235 235 236 236 236 235 234 233 233 234 234 235 235 236 236 237 236 235 235 236 237 237 236 234 233 233 234 235 236 235 235 234 232 234 238 238 236 235 237 238 240 238 237 237 239 240 241 238 240 238 236 237 238 238 237 235 237 238 239 240 240 239 238 237 241 240 240 239 239 240 240 241 238 234 231 235 243 246 242 237 239 240 241 242 242 241 240 239 237 238 240 241 240 239 239 240 240 240 240 240 240 240 240 240 242 239 239 242 241 237 236 238 238 237 236 236 236 238 239 240 236 241 242 238 236 239 240 238 238 238 238 238 240 241 243 244 245 243 240 238 238 238 236 235 237 238 239 239 237 237 238 239 246 244 241 240 240 238 236 234 239 240 240 238 236 235 236 238 235 235 236 236 236 236 237 237 237 237 238 238 238 239 239 239 239 239 239 238 238 238 237 237 235 235 234 234 234 234 235 235 239 238 237 237 236 236 237 237 234 234 234 234 234 234 234 234 238 238 237 235 234 233 232 232 230 235 236 234 233 231 230 224 215 205 184 168 147 111 89 96 123 124 118 117 148 192 220 222 223 224 228 233 235 234 239 244 234 236 238 238 237 236 236 237 239 237 236 237 239 240 239 237 238 238 237 236 237 237 238 238 236 236 237 237 237 238 238 238 238 238 237 236 236 238 239 240 239 239 239 239 239 239 239 239 237 238 239 240 240 240 240 239 238 239 241 240 239 239 240 242 241 240 239 239 240 242 244 245 237 238 239 240 240 240 240 240 237 236 240 244 244 240 239 242 240 254 224 240 208 97 47 139 246 255 245 230 244 250 240 242 249 243 237 239 240 238 237 239 240 242 244 244
228 228 228 228 228 228 228 228 231 230 230 230 230 230 230 229 230 229 229 228 228 229 230 230 230 230 230 230 230 230 230 230 228 229 229 229 229 229 229 229 229 228 228 227 227 228 228 229 234 233 231 230 229 230 231 232 230 231 231 231 231 231 231 230 232 232 232 232 232 232 231 231 231 231 231 231 231 231 231 231 234 234 234 234 234 234 234 234 234 234 233 233 232 231 231 231 233 233 234 235 235 234 233 233 233 235 237 236 234 232 232 232 234 234 234 234 234 234 234 234 235 234 234 233 233 234 234 235 236 236 236 236 235 234 234 233 234 233 233 234 236 237 237 236 235 234 234 235 235 235 234 234 236 236 237 237 237 237 237 237 233 235 238 237 235 234 235 236 241 239 239 240 241 241 242 238 239 237 235 235 237 237 235 234 235 237 239 240 240 239 237 235 240 239 238 237 237 238 239 240 240 237 234 236 239 240 237 233 237 238 239 239 239 239 238 237 235 238 240 240 237 235 237 240 240 240 239 239 239 238 238 238 241 238 238 241 241 237 236 238 239 238 237 237 237 239 240 241 235 239 240 237 235 238 239 237 239 239 238 237 236 235 235 235 237 235 234 234 236 237 237 236 237 238 239 239 237 237 238 239 241 239 238 239 240 240 238 236 239 238 237 236 235 235 236 237 236 236 236 236 236 236 236 236 237 237 237 237 238 238 239 239 238 238 238 238 238 238 238 238 236 235 234 232 232 233 234 235 239 238 237 236 236 236 236 236 235 235 235 234 234 233 233 233 236 236 235 234 233 233 232 232 232 238 238 233 228 227 224 221 218 200 175 153 132 101 74 63 83 95 97 92 115 165 204 217 233 233 235 236 236 235 238 240 233 237 241 239 235 233 235 238 240 238 237 237 239 239 238 236 238 237 236 235 235 235 235 235 237 236 235 235 235 236 237 238 237 237 236 235 235 237 238 240 239 239 239 239 239 239 239 239 237 238 239 240 240 240 240 239 237 239 240 239 238 237 239 240 240 240 239 239 240 241 242 243 238 239 239 240 240 240 240 239 239 239 242 245 241 235 235 239 239 238 254 212 130 50 136 221 244 246 236 236 252 253 241 241 244 238 232 234 236 236 237 240 240 241 243 243
228 228 228 228 228 228 228 228 231 230 230 230 230 230 230 229 230 229 229 228 228 228 229 229 230 230 230 230 230 230 230 230 228 227 227 227 227 227 227 227 227 226 226 225 225 226 226 227 231 232 233 233 232 230 228 227 228 229 230 230 230 230 229 228 231 231 230 230 230 230 230 230 231 231 231 231 231 230 230 230 232 232 232 232 232 232 232 232 232 232 232 232 231 230 230 229 231 232 233 233 233 233 232 231 234 235 236 236 233 232 232 233 234 234 234 234 234 234 234 234 233 232 232 231 231 232 232 233 237 236 236 235 234 234 234 234 235 234 233 234 236 237 236 235 233 233 233 233 233 233 233 234 236 236 236 235 235 235 236 236 233 234 237 235 233 232 234 235 239 239 241 243 244 242 240 235 239 236 235 235 236 236 235 233 234 235 237 239 239 237 235 234 237 236 235 234 234 235 236 237 238 238 238 237 236 235 236 236 237 237 238 238 238 238 237 237 234 237 239 237 234 233 235 238 238 238 238 237 237 236 236 236 237 234 235 239 240 237 237 239 238 237 236 235 236 237 239 240 233 238 239 235 234 236 237 236 237 237 237 236 235 234 233 232 234 233 232 233 236 238 239 238 237 238 239 239 237 237 238 239 236 235 235 237 239 240 238 236 237 236 235 234 235 235 235 235 236 236 236 236 236 236 236 236 235 235 236 236 237 237 237 237 234 234 235 236 237 238 238 239 237 236 234 232 232 232 233 234 237 237 236 235 234 234 235 235 236 236 235 234 234 233 232 232 232 232 232 232 232 232 232 232 237 239 237 230 226 225 223 220 215 196 171 138 99 65 45 33 31 47 50 43 58 111 167 197 212 218 228 234 237 235 229 223 232 237 241 239 234 231 234 238 240 238 237 237 239 239 238 236 237 236 235 234 233 233 233 233 238 237 235 234 234 235 236 237 236 235 234 233 234 235 237 238 237 237 237 237 237 237 237 237 237 238 239 240 240 240 240 239 236 238 239 238 236 236 237 238 239 239 239 239 239 240 240 241 240 240 240 240 240 241 241 241 237 236 238 240 236 229 230 234 234 230 238 147 56 91 227 254 246 244 239 242 250 246 236 236 240 233 226 227 229 230 232 236 240 241 242 241
229 229 228 228 228 228 227 227 230 230 230 230 230 230 230 230 230 229 229 228 227 228 228 228 229 229 229 229 229 229 229 229 228 227 226 225 225 225 226 226 226 226 225 224 224 225 226 226 228 230 233 234 234 231 228 226 226 227 229 230 230 229 227 226 230 230 229 229 229 230 230 231 232 232 231 231 231 230 230 230 232 232 232 232 232 232 232 232 231 231 232 232 232 231 230 230 231 231 232 233 233 232 231 231 234 235 236 235 233 232 233 235 234 234 234 234 234 234 234 234 231 231 230 230 230 230 231 231 237 236 235 234 234 234 235 235 235 235 235 235 235 235 235 235 233 234 234 233 232 232 233 235 235 234 233 233 232 232 233 233 233 234 236 234 232 231 234 235 238 239 241 244 245 242 239 233 239 237 235 235 237 237 235 234 234 235 236 237 237 236 235 234 235 234 234 233 233 234 234 235 234 236 238 237 235 236 239 242 240 240 239 239 239 239 240 240 236 237 237 236 234 234 235 237 238 238 237 237 236 235 235 234 235 233 234 239 240 237 237 240 236 235 234 233 234 235 237 238 234 238 239 236 234 236 238 236 234 235 236 237 238 238 237 237 240 238 236 236 238 239 239 238 237 238 239 239 237 237 238 239 236 236 236 237 239 238 235 233 236 235 235 236 237 237 235 233 237 237 236 236 236 236 235 235 235 235 235 236 236 236 237 237 233 233 234 235 236 238 239 239 237 236 235 234 233 233 233 233 237 236 235 234 234 234 234 235 235 235 235 234 234 233 233 233 230 230 231 231 231 232 232 232 237 237 234 229 228 229 226 219 210 188 165 123 66 29 24 22 9 18 17 7 17 61 121 162 203 211 220 222 224 229 230 230 231 236 239 238 234 232 235 238 239 237 236 237 239 240 239 237 236 235 234 233 233 233 233 233 238 237 236 235 234 235 236 237 235 234 233 232 233 234 236 237 237 237 237 237 237 237 237 237 237 238 239 240 240 240 240 239 237 238 239 238 236 235 236 238 238 239 239 239 239 239 239 239 240 240 240 240 240 241 242 242 238 236 238 240 238 234 234 238 245 238 175 89 38 185 246 242 248 243 240 241 241 241 241 242 238 230 222 222 223 224 227 232 241 242 242 240
229 229 229 228 228 227 227 227 228 229 229 230 230 231 231 232 230 229 228 228 227 227 227 228 229 229 229 229 229 229 229 229 229 228 227 226 225 226 226 227 227 226 226 225 225 226 226 227 229 230 231 232 232 231 229 228 227 228 230 231 231 230 228 227 230 230 229 229 230 231 233 234 233 233 232 232 231 231 231 230 233 233 233 233 233 233 233 233 231 232 233 234 235 234 233 233 232 232 233 234 234 233 232 232 233 234 235 234 233 233 234 236 234 234 234 234 234 234 234 234 232 231 231 230 230 231 231 232 236 235 234 234 234 235 236 237 235 237 239 237 233 231 233 235 235 236 237 235 233 233 235 238 237 236 235 233 233 233 234 235 233 234 236 234 233 232 236 238 240 239 240 241 242 240 239 234 240 237 236 236 237 237 236 234 237 237 237 237 237 237 237 237 235 235 236 236 236 236 235 235 238 237 235 236 237 239 240 240 240 239 239 239 239 239 239 240 241 239 236 236 236 237 237 237 239 239 238 237 236 236 235 235 238 236 236 240 240 237 236 239 238 237 236 235 236 237 239 240 236 240 241 238 236 238 239 238 233 234 236 238 239 239 238 238 242 240 238 237 238 239 238 237 237 238 239 239 237 237 238 239 237 236 237 238 240 239 236 233 236 235 236 239 241 241 237 233 237 237 237 236 236 235 235 235 236 236 236 237 237 237 238 238 235 236 236 236 237 238 238 238 237 237 237 237 236 234 233 233 238 237 236 235 235 235 235 236 235 234 234 234 234 234 234 233 232 232 232 232 232 232 231 231 235 234 230 228 228 228 218 206 180 140 110 80 38 16 19 18 12 14 12 7 8 27 64 93 186 206 225 226 222 222 227 230 231 234 237 237 235 234 236 238 237 236 236 237 239 240 240 239 237 236 235 235 234 235 235 236 238 238 237 236 236 236 236 236 235 235 234 233 233 235 236 238 238 238 238 238 238 238 238 238 237 238 239 240 240 240 240 239 239 241 241 240 238 237 238 239 239 240 240 240 240 240 239 239 240 239 238 238 238 239 241 241 243 237 235 238 238 234 232 233 218 175 97 50 43 227 234 232 243 238 238 239 237 242 245 241 230 222 215 217 221 225 230 236 244 244 244 242
229 229 229 228 228 227 227 227 227 228 229 229 231 231 232 233 230 230 228 227 227 227 227 227 229 229 229 229 229 229 229 229 231 230 228 227 226 227 227 228 228 227 227 226 226 227 227 228 230 230 230 229 229 230 230 231 228 229 231 232 232 231 229 228 231 230 230 230 231 233 235 236 234 233 233 232 232 231 231 231 234 234 234 234 234 234 234 234 232 233 235 236 237 237 236 235 233 234 234 235 235 234 234 233 232 233 234 234 233 233 235 238 234 234 234 234 234 234 234 234 233 232 232 231 231 232 232 233 235 234 233 233 234 235 237 238 235 238 241 238 232 229 232 235 237 238 239 237 234 234 237 241 241 240 238 237 236 237 238 238 236 237 237 235 234 234 238 240 242 240 239 238 239 239 237 236 239 238 236 237 238 238 236 235 239 238 238 237 237 238 238 239 236 237 239 240 240 239 237 236 246 240 234 234 239 241 238 234 238 237 237 236 236 237 237 238 244 240 237 236 239 240 239 237 240 240 239 238 238 237 236 236 242 239 239 242 241 237 236 238 242 241 240 239 240 241 243 244 238 242 243 239 238 240 241 240 235 236 237 238 237 236 235 234 239 237 235 235 237 238 238 237 237 238 239 239 237 237 238 239 235 235 237 239 242 241 239 236 237 237 238 242 245 244 238 233 237 237 237 236 236 235 235 235 237 237 237 238 238 239 239 239 239 239 238 238 238 238 237 237 237 238 238 238 237 235 233 232 239 238 237 236 236 236 236 237 234 234 235 234 235 234 235 234 237 235 236 234 233 231 232 230 232 230 227 225 226 222 207 189 134 71 31 24 13 14 16 4 14 12 13 14 8 4 9 21 73 126 184 215 222 221 222 223 230 232 234 235 236 236 237 238 239 235 235 237 239 240 240 238 238 237 237 236 236 237 238 238 238 238 238 238 237 236 236 236 237 236 235 234 235 236 238 239 239 239 239 239 239 239 239 239 237 238 239 240 240 240 240 239 241 243 243 242 240 239 240 241 241 241 242 242 242 241 240 240 238 238 237 236 237 237 239 240 245 238 232 233 231 226 221 219 154 64 39 22 38 209 239 246 241 238 241 241 235 239 235 221 219 212 208 213 220 228 237 246 246 246 246 244
225 226 226 227 227 226 226 225 225 225 226 227 228 229 229 230 230 230 230 229 229 228 228 228 227 227 227 227 227 227 227 227 228 227 227 227 227 227 227 226 228 230 231 230 227 226 229 232 232 231 230 229 230 231 233 234 230 229 231 236 236 231 228 229 229 230 230 231 231 232 232 232 232 232 234 235 235 234 232 232 233 233 233 233 233 233 233 233 227 228 231 233 234 235 234 234 232 233 233 234 234 235 235 236 232 234 235 237 237 236 235 235 231 230 231 233 235 236 235 234 237 235 234 233 233 235 237 239 235 236 237 238 238 238 238 238 232 233 235 237 238 238 238 237 235 236 236 237 238 238 239 239 235 235 235 236 236 237 237 237 236 236 235 234 235 238 240 242 238 239 241 242 241 240 237 236 237 236 236 237 237 238 238 238 240 241 241 240 240 239 237 237 236 238 240 241 242 242 242 241 239 239 239 239 239 239 239 239 231 236 241 243 241 239 239 240 236 236 237 238 239 240 240 241 238 238 239 240 241 242 242 243 238 238 238 239 239 240 240 240 239 242 244 242 238 239 245 250 239 235 237 244 246 241 239 241 235 237 240 239 237 237 239 242 244 241 239 241 244 246 244 241 239 238 238 238 239 241 243 245 244 240 236 234 234 234 234 234 230 233 236 237 236 235 236 236 235 235 235 235 235 235 235 235 237 235 236 240 241 238 238 240 235 239 243 242 239 236 236 237 234 234 235 235 235 236 236 236 237 235 234 234 236 238 238 237 236 236 238 235 237 234 236 234 236 234 237 235 237 234 235 233 228 224 224 219 211 210 196 167 62 16 10 26 14 10 17 5 9 9 9 11 12 14 15 17 8 7 64 184 218 188 204 217 213 218 227 232 236 238 241 242 237 235 233 235 237 237 234 233 235 235 235 236 237 238 240 240 242 241 240 239 238 237 237 237 235 235 235 235 235 235 235 235 236 236 238 239 239 239 239 239 235 237 237 237 237 239 243 246 238 238 239 238 238 240 243 246 245 242 239 240 242 244 240 236 231 235 239 242 242 242 243 244 242 232 236 245 237 209 167 126 37 25 29 0 107 250 211 251 242 243 242 238 235 234 229 226 200 202 206 213 228 244 248 246 242 245 246 248
225 226 226 227 227 226 226 225 225 226 226 227 228 229 230 230 230 230 229 229 229 228 228 228 226 226 226 226 226 226 226 226 227 227 227 227 227 227 227 227 228 230 231 229 227 226 229 231 229 229 228 227 228 229 230 231 228 227 229 234 234 230 227 229 230 230 230 230 231 231 232 233 231 232 233 234 234 233 232 231 232 232 232 232 232 232 232 232 229 230 231 232 233 233 233 233 233 233 234 234 234 234 235 235 233 233 234 235 235 235 235 235 232 232 232 233 236 236 235 233 234 233 231 231 231 233 235 237 230 231 232 233 233 233 233 232 232 233 235 237 238 237 237 236 237 237 237 236 236 236 236 236 235 235 235 236 236 236 237 237 236 235 234 233 234 236 238 239 237 238 240 241 240 239 237 235 236 236 236 237 237 238 238 238 235 236 236 237 237 237 236 236 234 235 236 238 239 239 239 238 241 241 240 240 239 239 239 239 235 238 242 243 240 237 236 236 235 235 236 236 237 238 238 238 237 237 238 239 240 241 241 242 236 236 237 237 238 238 238 238 236 239 240 238 235 236 241 246 240 236 236 241 242 237 233 234 231 234 237 237 235 234 235 237 239 238 237 238 240 241 240 239 237 237 236 236 237 238 240 241 242 239 236 235 235 236 235 234 234 236 238 238 236 234 233 233 236 236 236 236 236 236 236 236 238 236 237 241 241 238 238 240 235 237 240 240 239 236 235 235 235 235 235 236 236 236 237 237 236 234 233 234 236 237 237 236 236 238 237 237 237 236 236 236 238 238 238 238 237 236 235 232 223 226 227 220 215 210 168 106 42 10 12 24 10 10 22 13 12 12 12 13 16 17 19 19 0 7 13 104 203 204 193 203 214 218 224 229 233 234 235 237 239 237 234 236 237 236 232 230 234 235 235 235 236 238 239 240 241 240 239 237 236 236 236 236 236 236 236 236 236 236 236 236 236 237 238 238 239 239 239 238 236 237 238 238 237 239 242 244 238 239 240 240 239 239 241 244 245 242 240 241 241 242 239 237 233 231 230 233 237 239 234 230 240 234 236 232 195 138 84 46 17 21 18 20 139 247 232 241 235 239 243 244 238 230 218 210 194 201 208 218 230 242 245 244 243 244 245 246
225 226 226 227 227 226 226 225 226 226 227 227 228 229 229 230 230 229 229 229 228 228 228 228 226 226 226 226 226 226 226 226 225 226 226 227 227 228 228 229 228 229 230 229 227 227 229 231 229 228 228 228 228 229 230 231 226 225 227 232 233 229 228 229 232 231 230 229 230 231 232 233 231 232 233 233 233 233 232 231 231 231 231 231 231 231 231 231 233 232 232 231 231 232 232 233 235 235 234 234 234 234 233 233 233 233 232 232 233 233 234 235 234 233 232 234 235 236 234 232 235 235 234 234 235 237 239 240 231 231 232 233 234 234 233 233 231 232 234 236 237 236 235 235 237 237 236 236 235 234 233 233 235 235 235 235 236 236 236 237 237 236 235 234 234 235 237 238 236 237 238 239 239 237 236 234 236 236 236 236 237 237 237 237 233 234 234 235 236 237 237 237 233 234 235 237 237 237 237 237 241 241 240 240 239 238 238 238 240 242 244 244 241 237 235 234 237 237 237 237 237 237 237 237 236 237 237 238 238 239 240 240 237 237 237 238 238 238 239 239 235 237 239 237 235 235 239 243 239 236 236 239 240 236 233 233 233 236 239 240 239 237 237 237 236 237 238 238 237 237 238 240 238 238 237 237 237 237 238 239 239 238 236 236 237 237 236 234 233 235 238 238 236 234 234 235 237 237 237 237 237 237 237 237 238 236 237 240 241 238 237 240 236 236 236 237 238 237 234 232 235 235 235 236 236 236 237 237 235 233 232 232 234 236 235 235 236 235 235 235 234 234 234 234 237 237 237 237 236 234 233 231 228 219 221 222 208 176 115 53 23 9 17 22 8 11 25 19 14 14 14 15 17 18 20 20 20 21 0 47 151 193 197 201 210 215 223 228 232 232 233 235 239 238 235 236 236 235 233 230 235 235 235 235 236 237 238 239 239 238 237 236 235 235 235 235 237 237 237 237 237 237 237 237 236 237 237 238 239 238 238 238 237 238 239 238 237 238 240 242 238 239 241 241 240 239 239 240 242 242 242 241 239 239 237 237 235 235 235 238 240 239 233 228 238 236 233 197 114 42 24 33 7 23 15 63 165 229 243 228 236 238 242 242 237 224 209 200 192 203 217 226 235 242 243 242 245 245 246 246
225 226 226 227 227 226 226 225 225 225 226 226 227 227 228 228 229 229 229 228 228 228 227 227 225 225 225 225 225 225 225 225 224 225 226 226 228 228 229 230 229 229 228 228 227 227 228 229 230 230 230 231 231 232 232 232 226 225 227 232 233 230 229 231 233 232 230 229 229 230 232 233 231 231 232 232 232 232 231 231 231 231 231 231 231 231 231 231 236 234 232 231 230 230 231 232 236 235 235 234 234 233 233 232 233 232 231 230 231 232 234 235 233 232 232 233 234 234 232 230 235 235 235 235 236 238 240 241 232 233 234 235 235 235 234 234 231 232 234 235 236 235 234 234 235 235 235 234 234 233 233 233 234 234 235 235 235 236 236 236 238 238 237 236 235 236 237 237 236 236 237 237 237 236 235 234 236 236 236 236 236 236 236 237 236 236 236 236 237 237 238 239 236 236 237 237 238 238 238 238 237 237 238 238 238 238 238 238 243 244 245 244 242 240 237 236 239 239 239 239 238 238 238 238 236 236 236 237 237 238 238 238 240 240 240 240 241 241 241 241 237 238 239 238 236 237 240 242 237 235 236 238 241 240 239 238 235 237 240 242 242 240 238 236 235 238 241 240 237 236 239 242 241 241 240 239 239 238 238 238 236 235 235 236 237 237 235 233 229 232 236 237 237 237 238 239 236 236 236 236 236 236 236 236 237 235 235 239 239 236 235 238 236 234 233 234 237 237 233 230 233 234 234 234 235 235 235 236 235 233 231 231 233 234 234 233 235 235 235 234 234 234 233 233 235 235 235 235 235 234 233 231 244 220 219 215 162 87 36 17 18 15 22 21 9 15 24 17 16 16 16 18 19 18 20 20 37 17 8 18 48 108 168 178 196 202 212 221 227 231 233 235 236 237 234 235 237 236 234 232 235 235 234 234 235 236 237 238 239 238 237 236 235 235 236 236 237 237 237 237 237 237 237 237 236 237 237 238 238 238 237 237 238 239 240 239 237 237 238 239 238 240 242 242 240 238 237 237 238 242 242 241 237 236 236 238 241 240 236 234 232 232 234 236 230 169 115 79 41 14 12 20 19 31 39 101 173 213 239 225 240 235 233 230 221 209 200 197 196 211 226 234 238 243 245 245 246 246 247 248
225 226 226 227 227 226 226 225 224 225 225 225 225 226 226 226 229 229 228 228 228 227 227 227 225 225 225 225 225 225 225 225 224 225 226 226 228 228 229 230 229 228 227 227 227 228 228 228 230 230 231 231 232 232 232 232 228 226 228 233 234 231 231 234 233 232 231 230 230 230 231 232 231 231 230 230 230 230 231 231 233 233 233 233 233 233 233 233 237 235 233 231 230 229 230 231 236 235 235 234 234 233 233 232 232 231 230 230 230 232 233 234 232 231 230 231 233 233 231 229 229 230 230 230 231 232 234 234 230 231 232 232 233 233 232 232 231 233 234 235 236 235 234 233 232 233 233 233 234 234 235 235 234 234 234 235 235 235 236 236 236 236 235 235 235 235 235 235 236 236 236 236 236 235 235 234 236 236 236 236 236 236 236 235 239 238 237 236 236 236 236 237 236 236 236 236 237 237 238 238 233 234 234 235 237 238 238 239 240 240 240 240 240 239 238 236 238 238 238 238 237 237 237 237 236 236 236 237 237 237 237 237 240 240 240 240 240 240 240 240 237 237 238 237 237 237 238 240 236 236 236 237 239 241 240 238 233 234 236 238 239 237 234 231 234 237 240 239 236 235 238 241 240 240 240 240 239 238 237 237 235 234 233 234 236 236 234 232 230 233 236 238 238 237 238 239 234 234 234 234 234 234 234 234 236 233 234 237 237 234 233 235 236 234 231 233 235 236 233 230 232 232 233 233 233 234 234 234 235 233 231 231 233 234 233 232 235 235 234 234 234 233 233 233 231 231 232 233 233 232 232 231 218 211 215 189 106 29 14 32 21 22 24 21 18 24 26 18 23 23 23 23 23 24 25 25 34 25 29 14 0 34 106 155 178 186 199 211 221 226 231 233 233 232 234 234 237 238 237 234 235 234 234 234 234 235 236 236 239 238 238 237 237 237 237 238 235 235 235 235 235 235 235 235 236 237 237 238 238 237 236 236 237 239 240 239 237 236 237 238 238 240 242 242 239 237 236 236 237 239 240 239 237 236 235 237 244 235 227 226 228 225 214 205 153 81 24 15 17 18 23 23 28 40 79 129 175 208 224 231 233 229 225 219 208 194 191 195 203 216 229 234 236 241 245 245 243 244 245 247
225 226 226 227 227 226 226 225 225 225 225 225 225 225 225 226 228 228 228 228 227 227 227 226 226 226 226 226 226 226 226 226 225 226 226 227 227 228 228 229 229 227 226 226 227 228 228 227 227 228 229 230 230 230 229 229 230 228 229 233 234 231 231 234 232 232 232 231 231 231 230 230 231 230 229 229 229 229 230 231 233 233 233 233 233 233 233 233 236 235 234 232 231 230 229 229 235 235 234 234 234 234 233 233 232 231 231 231 231 232 233 234 231 230 230 231 233 233 232 230 231 231 231 232 232 232 232 233 232 233 234 235 235 235 235 235 233 234 235 236 236 235 234 233 232 232 233 234 234 235 236 236 233 234 234 234 235 235 235 235 233 233 233 233 233 233 233 233 237 237 236 236 236 235 235 235 236 236 236 236 235 235 235 235 239 238 236 234 233 233 234 235 235 235 234 234 234 235 235 236 233 233 234 235 236 237 238 239 235 234 234 235 237 237 235 234 235 235 236 236 236 236 236 236 237 237 237 237 237 237 237 237 238 237 237 237 237 236 236 236 235 235 235 235 235 235 235 235 238 239 237 235 235 238 236 232 236 236 237 238 240 238 235 232 233 235 236 236 235 235 236 237 237 237 237 237 237 236 235 234 237 235 234 234 235 235 233 232 236 238 240 239 237 235 234 234 233 233 233 233 233 233 233 233 236 234 234 237 237 233 232 235 235 234 233 233 234 234 233 231 232 232 233 233 234 234 234 234 236 234 232 231 233 234 233 232 234 234 234 234 233 233 233 232 230 230 231 231 231 231 230 229 206 220 216 153 64 21 27 39 24 25 23 23 28 32 30 27 30 30 30 29 30 29 30 30 27 45 40 18 21 22 49 132 169 177 192 207 218 225 230 234 231 231 232 236 237 238 237 236 234 234 233 233 233 234 234 235 239 238 237 237 237 237 238 238 235 235 235 235 235 235 235 235 236 237 237 237 237 236 235 235 236 238 239 239 237 236 236 237 238 240 241 240 238 236 237 237 238 238 237 237 237 235 235 235 235 230 231 243 244 217 165 122 52 29 27 37 32 23 26 30 32 56 114 145 176 207 208 224 226 225 225 220 204 188 188 198 208 220 232 234 236 240 244 244 239 240 242 244
225 226 226 227 227 226 226 225 227 227 227 227 227 227 227 227 228 228 228 227 227 227 226 226 226 226 226 226 226 226 226 226 227 227 227 227 227 227 227 227 230 227 225 225 227 229 228 226 226 227 229 230 230 230 229 229 231 228 229 232 232 229 229 232 230 231 233 233 233 231 229 228 231 230 229 228 228 229 230 231 232 232 232 232 232 232 232 232 234 234 234 233 232 231 229 228 233 233 234 234 234 234 235 235 231 231 232 233 233 233 233 233 232 231 231 233 235 236 235 233 235 235 236 236 235 235 234 234 235 236 237 237 238 238 237 237 234 235 236 237 237 236 235 234 234 234 234 235 235 235 235 235 233 233 234 234 234 235 235 235 233 233 234 235 236 236 236 236 238 238 237 236 236 236 236 236 236 236 236 235 235 234 234 234 239 238 236 234 234 235 237 238 237 236 235 234 234 235 236 237 238 238 237 237 237 237 237 237 236 234 232 234 236 237 235 232 236 237 237 238 238 239 239 240 238 238 238 238 238 237 237 237 237 237 236 236 235 235 235 234 236 235 235 236 236 236 235 234 239 241 239 235 235 239 238 233 241 239 238 239 241 241 238 235 236 234 234 235 236 237 237 236 235 236 237 237 237 236 235 234 242 239 236 234 235 235 235 234 238 240 241 240 237 234 233 233 234 234 234 234 234 234 234 234 238 236 236 239 238 234 233 236 234 235 235 234 232 232 233 234 234 234 235 235 235 236 236 236 237 235 233 232 233 234 233 232 233 233 233 232 232 232 231 231 233 233 232 232 230 228 227 226 231 225 187 106 35 20 24 16 29 30 27 29 36 35 32 38 34 33 33 32 32 31 31 30 21 31 30 16 24 18 15 77 149 159 176 193 207 217 226 230 231 231 232 234 238 239 237 236 235 234 233 232 232 233 233 234 237 237 236 235 236 236 237 237 236 236 236 236 236 236 236 236 237 237 237 237 237 236 235 234 234 236 239 239 238 237 237 237 238 239 240 238 237 236 238 239 239 237 234 235 236 237 235 231 226 227 225 219 195 148 91 51 25 8 13 31 39 34 25 9 58 101 146 161 182 203 202 212 216 214 213 204 184 171 183 203 215 225 237 241 242 245 245 243 241 242 243 244
225 226 226 227 227 226 226 225 230 230 229 229 229 229 229 229 228 228 228 227 227 226 226 226 227 227 227 227 227 227 227 227 228 227 227 227 227 227 227 226 230 227 224 225 228 229 228 226 228 230 231 233 233 232 231 231 231 228 228 231 230 227 227 230 229 231 233 235 234 232 228 226 230 230 228 227 227 228 230 230 231 231 231 231 231 231 231 231 233 233 234 234 233 231 229 228 232 233 233 234 234 235 235 236 230 232 233 235 235 234 233 232 233 232 233 235 237 238 237 236 234 234 234 234 233 232 231 230 231 232 233 234 234 234 233 233 235 236 237 238 238 237 235 234 237 237 236 235 235 234 234 233 233 233 233 234 234 235 235 235 236 237 238 240 241 241 241 241 239 238 237 237 236 236 237 237 236 236 236 235 235 234 234 234 240 239 237 237 237 239 242 244 240 239 238 237 237 237 239 239 243 242 241 240 238 237 236 236 240 238 235 236 238 239 236 234 240 240 241 242 243 244 245 245 238 238 238 238 238 238 238 238 238 238 238 237 237 236 236 236 239 238 238 238 239 239 238 236 238 241 240 236 238 245 245 240 239 237 234 235 237 237 235 232 239 237 235 236 240 242 240 237 236 237 239 240 240 239 238 237 246 242 238 236 236 236 236 236 235 238 240 240 238 236 235 235 235 235 235 235 235 235 235 235 240 237 238 241 240 236 235 237 234 236 237 235 232 230 233 236 236 236 237 237 237 238 238 238 238 235 233 233 234 234 233 232 233 233 233 232 232 231 231 231 237 236 235 233 230 227 225 223 207 165 105 50 22 31 43 35 33 34 31 33 38 31 29 42 32 31 31 30 30 29 28 28 39 12 33 26 9 16 20 38 122 132 153 172 190 204 214 220 231 232 232 234 235 237 236 233 235 234 233 232 232 232 233 233 235 235 234 234 234 235 236 236 237 237 237 237 237 237 237 237 237 237 237 237 237 235 234 234 233 236 238 239 238 237 237 238 238 239 239 237 235 236 239 241 240 236 232 233 237 238 234 229 228 224 199 151 92 47 29 27 29 28 33 30 10 9 30 43 101 156 175 176 193 203 211 210 204 198 190 176 156 147 172 203 221 233 242 247 251 252 251 244 245 246 246 247
225 226 226 227 227 228 228 229 224 224 225 226 228 229 230 230 227 228 229 229 227 227 228 229 227 227 228 229 229 230 231 231 226 228 230 229 227 226 228 230 228 228 228 229 229 230 230 230 228 231 233 233 232 230 230 231 229 230 230 231 231 230 230 229 232 231 230 228 228 229 230 230 231 231 231 231 231 231 231 231 232 232 232 232 232 232 232 232 231 232 234 235 236 236 235 234 232 233 234 235 235 235 234 234 232 233 234 235 236 236 236 236 233 233 233 233 233 234 235 236 236 236 236 236 236 236 236 236 232 232 233 234 234 233 232 232 230 232 233 235 236 236 235 234 235 235 235 236 236 237 237 237 232 233 235 236 237 236 236 235 236 237 239 240 240 239 237 236 233 234 235 236 237 237 237 237 236 236 236 235 235 234 233 233 233 234 234 235 235 236 236 237 232 235 238 239 238 238 238 239 236 238 240 240 238 237 237 238 236 236 236 238 241 241 239 237 232 237 241 240 235 233 236 240 235 236 238 240 241 241 240 240 239 239 239 239 239 239 239 239 234 235 236 237 239 240 241 242 239 238 238 236 235 234 233 233 233 234 236 237 238 238 238 238 233 236 238 238 237 237 240 243 233 236 238 237 238 240 236 229 234 237 239 239 238 236 236 237 232 235 237 237 235 236 240 243 234 234 236 238 241 240 238 235 233 234 236 237 238 237 237 236 235 237 238 238 236 234 235 235 236 237 238 239 239 238 236 235 235 235 235 235 235 235 235 235 233 233 233 233 233 233 233 233 229 231 243 227 229 235 216 227 191 74 26 26 18 29 37 34 26 31 35 34 31 30 34 38 28 30 31 31 31 27 24 21 23 22 25 26 27 24 21 20 52 93 127 148 172 194 206 213 223 235 236 230 234 236 235 239 234 234 235 235 233 233 234 235 232 233 233 234 234 235 235 235 235 235 235 236 236 237 237 237 236 236 236 237 237 238 238 238 237 235 235 236 238 239 238 237 226 236 241 237 234 238 241 240 235 222 240 251 228 226 241 234 221 151 72 33 27 30 32 32 23 22 28 31 25 25 48 78 137 146 141 141 166 187 190 189 175 167 149 133 135 158 189 207 219 233 242 243 242 243 247 248 241 241 241 241
226 226 227 227 227 227 228 228 228 228 228 228 227 227 227 227 226 227 228 228 226 225 227 228 227 227 227 228 228 228 228 229 226 228 230 229 227 226 228 230 228 228 228 229 229 230 230 230 227 229 232 232 231 229 229 229 230 230 231 231 231 231 230 230 233 232 231 229 229 229 230 231 232 232 232 232 232 232 232 232 232 232 232 232 232 232 232 232 233 233 234 234 235 235 234 234 235 235 235 235 235 234 232 232 234 234 235 235 234 234 233 232 233 233 232 232 233 234 235 235 235 235 235 235 235 235 235 235 233 233 234 234 234 234 233 233 231 232 233 234 235 234 233 233 234 234 234 235 235 235 236 236 232 233 234 235 236 235 234 234 236 237 239 240 240 239 237 236 235 236 236 237 237 237 237 236 236 236 236 236 235 235 235 235 234 234 235 236 236 236 235 235 232 235 238 239 238 237 238 239 236 238 240 240 238 237 238 239 238 238 238 240 242 242 240 238 234 238 240 240 237 235 237 239 236 237 238 240 241 241 241 241 240 240 240 239 239 239 239 239 236 237 237 238 238 239 239 240 238 238 238 238 238 238 238 238 235 236 237 238 239 240 240 240 234 238 241 241 239 238 238 239 234 237 238 237 239 242 240 235 233 235 237 238 236 235 235 235 235 237 238 237 234 234 236 239 240 239 238 239 240 239 236 234 235 236 237 238 239 238 238 237 235 237 238 238 236 234 235 235 233 234 236 236 237 236 235 234 234 234 234 234 234 234 234 234 232 232 232 232 232 232 232 232 233 225 233 226 229 232 221 240 165 62 24 26 18 28 34 31 29 32 33 32 28 27 29 31 27 28 30 30 30 27 24 22 20 20 20 22 20 19 18 16 31 71 109 132 155 172 189 209 214 228 229 227 232 232 232 238 233 233 234 234 232 231 232 234 233 233 234 234 235 235 235 236 235 235 235 236 236 236 237 237 236 236 236 237 237 237 238 238 237 236 235 236 238 239 239 237 240 241 238 233 231 234 237 238 236 233 234 225 216 228 220 182 137 89 40 22 25 30 31 31 29 25 25 25 21 28 59 91 127 141 142 145 164 175 172 168 150 144 133 125 134 162 192 209 221 235 246 245 242 242 245 245 246 246 246 247
228 228 227 227 227 227 226 226 229 229 229 228 228 227 227 227 225 226 228 227 225 225 226 227 228 228 227 227 227 226 226 226 227 228 229 229 227 227 228 229 228 228 228 228 229 229 229 229 226 228 231 231 230 228 228 228 231 231 232 232 232 232 231 231 233 233 232 231 230 231 231 231 233 233 233 233 233 233 233 233 232 232 232 232 232 232 232 232 235 234 234 233 233 233 233 234 236 236 236 235 234 233 231 230 236 236 235 234 233 231 229 228 233 233 232 232 233 233 234 235 234 234 234 234 234 234 234 234 234 235 235 236 236 235 235 234 233 234 234 234 234 233 232 231 233 233 233 234 234 234 235 235 234 234 235 235 235 234 233 233 236 237 238 239 239 238 237 236 237 237 238 238 238 237 236 236 236 236 236 236 237 237 237 237 234 235 236 237 237 236 234 233 233 235 238 238 237 237 238 239 237 239 241 241 239 238 238 239 241 240 240 241 243 244 242 240 238 238 239 239 239 238 238 238 239 239 239 239 240 241 242 243 238 238 238 237 236 236 235 235 238 238 238 238 238 238 238 238 237 237 238 239 240 241 242 242 238 238 239 240 240 241 241 242 236 239 243 244 242 239 237 236 236 238 238 237 240 244 244 240 234 236 238 238 236 235 236 237 239 239 239 237 234 233 234 235 243 240 238 238 239 239 238 236 236 237 238 239 239 239 238 238 235 237 238 238 236 234 235 235 231 232 233 234 235 235 234 234 234 234 234 234 234 234 234 234 231 231 231 231 231 231 231 231 235 221 228 229 230 227 219 232 131 49 27 33 26 33 35 33 35 35 33 31 29 27 25 24 21 22 24 25 27 25 23 22 22 23 21 20 19 19 19 18 15 51 90 119 138 147 167 199 207 222 227 226 233 234 233 237 231 232 233 233 231 230 232 233 234 234 235 235 235 236 236 236 235 235 235 235 236 236 236 237 236 236 236 236 237 237 237 238 238 237 236 237 239 240 239 238 241 237 234 236 238 238 239 242 234 239 236 232 237 229 174 111 57 36 20 23 31 34 31 32 33 25 20 20 25 42 77 108 133 147 150 146 155 156 148 144 125 121 117 119 136 167 194 208 226 239 250 249 246 246 247 246 246 246 246 246
229 228 228 227 227 226 226 225 226 226 227 228 229 230 230 231 226 227 228 228 226 226 227 228 230 229 229 228 227 226 225 225 228 228 228 228 228 228 228 228 228 228 228 228 228 228 228 229 227 229 231 232 230 229 228 229 231 232 232 233 233 232 232 231 234 233 233 232 232 231 231 231 233 233 233 233 233 233 233 233 232 232 232 232 232 232 232 232 237 235 233 232 231 232 233 233 235 236 236 235 234 233 232 231 236 236 235 235 234 232 230 229 235 235 234 234 234 234 235 236 234 234 234 234 234 234 234 234 235 236 236 237 237 236 236 235 236 236 236 235 234 233 232 232 233 233 234 234 235 235 235 235 237 237 237 236 235 235 234 234 236 237 238 238 238 238 237 236 238 238 239 238 238 237 236 235 236 236 236 237 237 238 239 239 235 236 238 238 238 236 234 232 234 236 238 238 237 237 238 239 237 239 241 241 239 238 239 240 242 240 240 241 242 243 241 240 240 239 239 239 241 240 238 236 241 240 239 238 239 240 242 243 241 240 240 239 238 238 237 237 237 237 238 238 238 238 239 239 238 238 239 239 240 241 242 242 240 240 240 241 241 242 243 243 238 240 241 242 242 240 239 239 239 240 239 236 238 243 243 240 238 239 241 240 239 238 239 240 241 240 239 237 236 235 235 236 239 237 235 235 237 239 241 241 236 237 237 237 237 237 237 237 235 237 238 238 236 234 235 235 230 231 232 233 234 235 235 235 235 235 235 235 235 235 235 235 232 232 232 232 232 232 232 232 233 228 233 234 231 228 216 203 88 32 26 34 28 33 30 30 38 35 32 30 29 27 24 20 15 16 18 20 20 21 21 19 22 24 23 19 18 19 19 17 10 32 63 98 120 124 142 176 196 214 221 223 231 233 231 235 231 233 234 233 232 231 232 233 235 235 235 235 235 236 236 236 234 234 235 235 235 236 236 236 235 235 236 236 236 237 237 237 239 238 237 237 239 240 239 237 233 231 234 241 241 236 234 237 237 239 229 210 178 120 59 30 26 23 25 32 35 32 29 30 30 17 11 21 39 62 91 111 134 144 141 129 127 122 117 118 110 110 112 120 143 172 196 205 226 237 245 248 246 244 244 244 245 245 245 246
229 228 228 227 227 226 226 225 226 227 227 228 228 229 229 230 228 229 230 230 228 228 229 230 232 231 230 229 228 227 226 226 228 228 228 228 228 228 228 228 228 228 228 228 228 228 228 227 228 230 233 233 232 230 230 230 231 232 232 233 233 232 232 231 233 233 233 233 232 232 231 231 231 231 231 231 231 231 231 231 232 232 232 232 232 232 232 232 236 235 233 231 231 231 232 233 233 234 234 235 235 234 234 233 234 234 235 236 235 235 234 234 237 236 236 235 235 235 236 236 236 236 236 236 236 236 236 236 236 236 237 237 237 237 236 236 239 238 237 236 235 234 234 233 235 235 235 235 236 236 237 237 239 238 238 237 236 236 236 236 236 237 237 237 237 237 237 236 238 238 238 238 237 236 235 235 236 236 236 237 237 238 239 239 236 237 238 238 237 236 234 233 235 237 238 237 236 236 237 239 237 239 241 241 239 238 238 239 241 239 238 238 240 240 239 238 241 240 239 239 240 240 238 236 241 240 239 238 238 240 241 242 245 245 244 244 243 243 243 242 235 235 236 237 239 240 241 241 239 239 239 239 238 238 238 238 242 241 240 240 240 241 242 243 240 239 238 238 239 241 243 244 242 242 239 234 235 240 240 236 238 240 241 240 238 238 239 241 240 239 238 238 238 239 239 239 238 235 232 232 234 237 239 240 236 235 235 235 235 235 235 235 235 237 238 238 236 234 235 235 232 232 233 234 235 236 237 238 237 237 237 237 237 237 237 237 233 233 233 233 233 233 233 233 230 236 237 230 227 236 221 175 49 15 20 26 23 26 21 21 34 32 29 27 26 24 21 18 10 9 11 14 15 15 16 15 17 19 18 12 12 16 17 12 10 14 31 71 103 109 118 148 180 199 210 215 227 229 225 230 233 234 235 234 233 232 233 235 235 235 235 235 235 235 235 235 234 234 234 235 235 235 236 236 235 235 235 236 236 236 237 237 239 238 237 237 239 239 238 236 233 234 237 239 234 228 226 229 238 222 182 125 63 15 8 31 23 26 30 32 26 21 22 26 24 10 7 22 51 72 85 88 100 110 108 99 97 93 90 94 101 104 112 124 150 177 197 203 218 229 236 238 239 240 240 239 246 248 248 248
228 228 227 227 227 227 226 226 230 229 228 227 226 225 225 224 229 230 231 231 229 228 230 231 232 231 231 230 229 228 227 227 229 228 227 227 229 229 228 227 228 228 228 228 227 227 227 227 228 231 233 234 232 231 230 231 231 231 232 232 232 232 231 231 232 232 232 233 232 231 230 230 231 231 231 231 231 231 231 231 232 232 232 232 232 232 232 232 234 233 232 232 232 232 232 232 232 233 234 235 235 235 235 234 232 233 234 236 237 237 237 237 237 237 236 235 235 235 235 236 236 236 236 236 236 236 236 236 235 236 236 237 237 236 236 235 239 238 237 235 234 234 234 234 235 235 236 236 236 237 237 237 238 238 237 236 236 236 237 237 236 236 236 236 236 236 236 236 236 236 237 237 237 236 235 234 236 236 236 236 237 237 237 237 237 237 237 237 236 236 236 236 237 237 238 237 235 235 237 239 236 238 240 239 238 237 237 238 241 238 236 236 237 238 238 237 239 240 240 240 239 237 236 236 239 239 238 238 238 239 239 240 240 240 240 240 240 240 240 240 234 234 236 237 239 240 242 242 241 240 239 238 237 235 234 234 241 240 239 238 238 239 241 242 241 238 235 235 237 241 244 245 242 242 238 234 234 238 237 233 236 237 237 236 235 235 236 238 239 237 236 237 239 241 241 240 241 238 234 232 233 234 235 235 236 235 234 233 233 233 234 234 235 237 238 238 236 234 235 235 235 235 234 235 235 236 238 238 237 237 237 237 237 237 237 237 232 232 232 232 232 232 232 232 230 238 232 225 222 236 219 146 30 12 22 24 23 27 19 21 29 28 27 24 21 19 18 16 6 6 7 8 10 11 13 12 14 20 19 14 15 19 19 13 15 5 12 52 95 107 109 126 164 185 200 210 225 230 227 231 232 234 236 235 233 233 234 235 235 235 234 234 234 233 233 233 233 234 234 234 235 235 235 235 234 235 235 235 236 236 236 236 239 237 236 236 237 238 236 235 235 238 238 234 233 235 235 233 245 187 108 47 19 23 33 37 24 28 31 28 20 18 22 26 18 10 12 29 56 70 69 60 57 69 75 78 84 83 82 88 95 103 117 133 157 184 200 206 221 229 236 236 238 240 242 242 244 245 246 246
226 226 227 227 227 227 228 228 229 228 227 226 225 224 223 223 228 229 231 230 228 228 229 230 230 230 229 229 228 227 227 227 230 228 226 227 229 230 228 226 228 228 228 227 227 226 226 226 227 230 232 233 231 230 229 230 230 230 231 231 231 231 230 230 230 231 232 232 232 230 229 228 232 232 232 232 232 232 232 232 232 232 232 232 232 232 232 232 231 231 232 233 233 233 232 232 234 234 235 235 235 234 233 233 231 232 233 235 236 236 236 236 236 235 234 233 233 233 233 233 235 235 235 235 235 235 235 235 235 235 236 236 236 236 235 235 237 236 234 233 232 232 233 234 234 234 235 235 235 236 236 236 235 235 234 233 234 235 236 237 237 236 236 236 236 236 236 237 233 234 235 235 236 235 235 234 236 236 236 236 235 235 235 235 238 237 236 235 235 236 238 240 237 238 238 236 235 235 237 239 235 237 238 238 237 236 236 237 241 239 236 236 237 238 237 236 237 240 242 240 236 234 235 237 237 238 238 238 238 238 237 237 234 234 235 235 236 237 237 237 235 236 237 237 239 239 240 241 241 240 239 238 237 235 234 234 240 239 237 236 236 237 239 240 241 238 235 235 238 241 241 240 239 240 238 235 236 239 238 234 236 236 236 235 233 233 236 238 238 236 234 235 237 239 238 237 240 238 235 234 235 236 235 234 237 236 235 234 233 234 234 235 235 237 238 238 236 234 235 235 237 236 235 234 234 235 237 237 235 235 235 235 235 235 235 235 230 228 228 228 228 228 228 228 230 232 225 228 221 217 185 94 27 19 29 26 26 33 24 27 29 31 31 27 21 17 16 15 6 5 6 7 9 10 12 11 13 21 23 17 18 25 24 15 22 7 5 43 90 105 103 110 141 167 185 200 221 228 228 233 231 234 235 234 232 232 233 234 234 234 233 233 232 232 232 231 233 233 234 234 234 235 235 235 234 234 235 235 235 236 236 236 238 236 235 235 236 236 235 233 231 237 236 231 235 241 229 209 202 115 44 22 19 26 21 0 22 27 29 27 22 20 22 23 14 14 24 41 59 67 63 54 45 54 59 65 78 82 85 94 100 111 129 145 166 189 205 212 226 232 236 236 237 240 242 242 242 243 244 244
225 226 226 227 227 228 228 229 224 224 225 225 225 225 225 225 227 228 229 229 227 227 228 229 228 228 227 227 227 226 226 226 230 228 226 227 229 230 228 226 228 228 228 227 227 226 226 226 226 229 231 231 230 228 228 229 229 230 230 231 231 230 230 229 229 230 231 232 231 230 228 227 233 233 233 233 233 233 233 233 232 232 232 232 232 232 232 232 229 230 232 233 234 234 233 232 236 236 236 235 234 233 231 230 231 232 233 234 234 234 234 233 234 233 232 231 231 231 231 231 234 234 234 234 234 234 234 234 234 235 235 236 236 235 235 234 234 233 232 230 230 231 232 232 233 233 233 234 234 235 235 235 233 232 231 231 232 233 235 236 237 236 236 235 235 236 236 237 231 232 233 234 235 235 235 235 236 236 236 235 235 234 233 233 239 237 235 233 234 237 240 242 238 238 238 236 235 235 237 239 234 236 238 237 236 235 235 236 242 239 237 236 237 238 238 237 235 239 243 240 235 232 234 237 235 236 238 239 238 237 236 235 236 237 237 239 240 241 242 242 238 238 238 238 238 238 238 238 240 240 239 238 237 237 236 236 240 238 236 234 234 236 237 239 240 238 236 237 240 240 237 235 237 239 238 236 237 241 240 235 237 238 238 236 235 235 237 240 238 235 232 233 235 237 235 233 237 235 234 235 237 239 239 238 239 238 236 235 234 235 235 236 235 237 238 238 236 234 235 235 237 236 235 234 233 234 235 236 233 233 233 233 233 233 233 232 226 226 226 226 228 228 228 228 234 230 224 239 225 197 145 41 25 21 30 23 25 33 23 27 33 36 37 31 23 16 18 18 8 7 7 7 10 10 12 12 7 16 19 14 15 21 20 11 27 9 3 34 80 95 91 93 118 144 166 186 209 218 219 226 230 232 233 233 231 231 232 233 233 233 233 232 232 231 231 230 233 233 233 234 234 235 235 235 234 234 234 235 235 236 236 236 237 236 234 234 235 235 234 232 228 237 235 227 231 230 198 156 102 26 6 31 22 7 20 31 16 22 28 27 23 19 16 12 12 21 35 50 62 70 69 65 58 59 53 55 68 76 83 96 110 123 141 156 173 193 208 215 225 229 231 230 230 234 236 235 246 247 248 248
224 225 225 226 226 227 227 228 226 226 226 227 227 228 228 228 227 227 227 227 227 227 227 227 226 226 226 226 226 226 226 226 228 228 228 228 228 228 228 228 216 234 225 232 229 223 241 232 222 234 231 224 229 232 230 235 237 226 229 237 235 235 235 228 231 237 231 230 236 230 223 231 227 221 226 237 228 237 240 232 229 231 233 233 231 231 233 235 230 231 233 234 234 233 231 231 234 232 237 232 232 237 230 230 228 228 227 236 225 237 225 236 229 229 230 231 232 234 234 235 232 233 235 236 237 237 236 235 233 234 234 235 235 234 234 233 229 232 236 239 239 236 232 229 228 233 239 239 234 231 233 235 232 232 234 237 240 240 238 235 239 238 236 234 233 233 233 234 229 231 233 235 235 234 233 232 231 232 233 234 235 235 235 235 233 234 235 236 236 236 235 235 229 236 238 233 232 238 242 242 233 238 242 241 236 233 235 238 237 237 236 236 236 235 235 235 231 234 237 239 238 236 236 236 237 240 244 244 241 236 233 231 235 236 236 237 237 238 238 239 237 237 237 237 237 237 237 237 234 235 235 236 236 237 237 238 238 237 237 236 237 238 240 241 239 237 235 236 236 236 235 233 238 234 235 240 239 233 232 235 236 235 234 234 235 236 238 239 238 238 238 238 238 238 238 238 237 237 237 237 237 237 237 237 234 235 235 236 236 237 237 237 231 233 235 237 238 238 238 237 234 234 234 234 234 234 234 234 230 230 231 230 230 232 235 237 229 228 227 229 232 232 232 231 232 222 232 226 220 189 87 22 19 25 22 24 30 26 21 27 35 35 32 27 23 19 18 12 6 9 9 6 6 11 12 8 4 9 13 16 13 12 13 15 11 15 10 13 38 75 88 82 93 107 142 181 199 201 214 235 226 227 228 231 232 233 233 232 224 229 232 231 230 232 235 237 232 237 232 231 239 238 232 236 229 232 233 232 235 239 239 237 234 236 237 237 234 232 231 230 230 231 227 239 238 173 83 36 10 13 21 24 21 18 17 18 15 17 19 20 21 18 17 13 8 20 30 36 42 49 48 44 41 50 61 66 68 74 89 101 116 134 156 170 184 197 209 214 223 225 228 232 237 240 244 248 249 248 246 243
225 225 226 226 226 226 227 227 226 226 226 227 227 228 228 228 227 227 227 227 227 227 227 227 227 227 227 227 227 227 227 227 227 227 227 227 227 227 227 227 230 239 227 234 234 225 236 226 238 233 223 225 236 232 224 228 222 226 237 240 227 221 230 238 233 218 225 253 209 226 236 235 234 241 245 234 233 221 222 228 230 231 233 233 231 231 233 234 232 233 234 235 234 233 232 231 233 233 236 231 233 242 240 234 235 234 228 239 229 236 226 239 234 234 234 235 236 236 237 237 233 234 235 235 235 235 235 235 233 234 234 235 235 234 234 233 234 235 236 236 236 236 235 234 232 237 240 239 234 232 233 235 234 234 234 236 239 239 237 235 242 241 239 237 236 236 237 237 231 232 234 236 237 236 234 233 229 231 233 235 237 239 240 240 237 236 235 235 235 236 238 239 234 239 240 235 233 237 240 240 237 240 243 241 237 235 236 240 241 240 240 239 239 238 238 237 235 237 238 237 236 236 238 240 236 239 242 242 239 235 233 233 238 238 238 238 239 239 239 239 238 238 238 238 238 238 238 238 236 236 236 237 237 237 237 237 238 238 237 236 237 238 240 241 238 236 235 235 237 237 236 234 240 237 238 242 242 237 236 239 238 238 237 237 237 238 240 241 238 238 238 238 238 238 238 238 237 237 237 237 237 237 237 237 235 235 236 236 237 237 237 238 233 234 235 236 237 237 237 237 234 234 234 234 234 234 234 234 231 232 233 233 232 233 235 236 229 228 229 229 233 233 234 233 236 229 236 228 219 168 64 13 24 28 25 24 29 26 24 33 36 33 30 26 23 20 18 16 6 9 9 6 6 9 13 11 11 15 18 19 15 14 15 17 14 15 11 12 30 62 85 90 89 94 122 162 189 198 207 223 232 228 227 225 230 228 227 221 225 227 233 231 231 228 229 229 231 232 228 227 235 237 236 240 237 233 229 228 225 225 229 235 234 234 234 231 230 230 232 233 230 233 239 230 179 92 30 15 10 9 15 16 17 18 20 21 19 20 22 22 21 19 18 14 12 21 27 29 32 36 36 31 42 47 53 59 65 77 91 102 117 135 156 169 180 195 205 210 225 226 229 233 238 243 247 250 248 247 245 244
227 227 226 226 226 226 225 225 226 226 227 227 227 227 228 228 227 227 227 227 227 227 227 227 228 228 228 228 228 228 228 228 226 226 226 226 226 226 226 226 229 233 226 234 235 227 230 223 221 241 246 237 230 224 226 236 244 238 233 232 228 226 228 232 222 243 235 233 223 245 234 227 221 227 227 222 240 234 232 237 230 232 233 233 231 231 232 234 235 235 235 235 235 234 233 232 234 234 239 238 228 226 228 221 224 237 229 240 232 236 228 241 236 236 236 236 236 236 236 237 235 235 234 233 233 233 234 234 233 234 234 235 235 234 234 233 239 237 235 234 234 235 237 239 237 239 241 238 234 232 233 235 236 235 234 235 237 237 236 235 238 238 236 235 234 234 234 235 230 231 232 234 234 234 232 232 232 233 234 236 238 239 240 241 239 238 235 234 234 236 239 242 235 238 237 232 230 232 234 234 236 238 239 237 233 232 235 239 239 239 238 237 236 235 234 234 239 239 238 236 235 236 240 243 235 237 239 238 236 234 234 235 238 238 238 238 238 237 237 237 238 238 238 238 238 238 238 238 238 238 238 237 237 237 237 237 238 238 237 237 237 238 239 240 237 236 235 235 237 238 237 236 236 234 235 239 239 236 235 238 238 238 237 237 237 238 239 240 238 238 238 238 238 238 238 238 237 237 237 237 237 237 237 237 236 236 237 237 237 238 238 238 236 236 235 235 235 235 236 236 234 234 234 234 234 234 234 234 232 234 235 235 234 233 233 233 229 228 229 229 233 233 234 233 232 233 236 227 217 136 36 9 24 28 24 22 25 21 21 35 43 40 36 30 25 20 16 15 4 9 11 8 6 7 13 13 13 14 14 14 11 10 11 12 15 15 12 11 20 43 76 97 97 93 110 148 183 201 210 219 233 227 224 225 232 234 231 225 226 226 228 226 225 222 224 226 237 234 229 226 228 231 233 234 228 226 227 230 229 226 227 233 225 226 229 231 233 232 229 225 231 194 172 153 99 39 16 19 18 15 13 13 17 20 24 24 19 19 18 17 16 14 11 9 19 24 26 25 25 26 26 23 40 42 45 53 64 81 97 107 126 143 163 175 184 197 207 211 226 228 232 236 239 243 246 249 248 248 246 244
228 227 227 226 226 225 225 224 227 227 227 227 227 227 227 227 227 227 227 227 227 227 227 227 228 228 228 228 228 228 228 228 227 227 227 227 227 227 227 227 225 227 227 232 229 223 226 227 235 249 229 186 160 136 95 61 47 59 67 76 95 130 185 235 241 220 231 240 240 225 231 228 239 237 228 222 158 152 142 140 231 232 233 233 231 231 232 233 235 235 235 234 234 233 232 231 232 230 239 241 194 149 151 153 183 232 233 237 229 238 234 237 235 235 234 234 233 233 232 232 237 236 234 232 232 232 233 234 233 234 234 235 235 234 234 233 238 237 235 233 233 235 237 238 237 238 238 236 233 233 234 237 238 236 234 234 235 236 235 234 236 236 235 234 234 233 233 233 232 233 234 235 235 235 234 234 237 237 236 236 236 236 236 237 238 237 235 234 235 236 238 240 236 236 235 232 231 232 233 233 236 236 236 234 232 233 238 242 238 238 237 236 235 234 233 232 238 238 238 237 236 236 238 241 234 235 236 235 234 234 235 237 236 236 236 235 234 234 233 233 239 239 239 239 239 239 239 239 238 238 237 237 236 235 235 235 238 238 238 238 238 238 238 239 236 235 234 236 238 239 238 237 234 233 234 236 236 236 236 237 236 236 236 235 236 236 236 237 237 237 237 237 237 237 237 237 236 236 236 236 236 236 236 236 237 237 237 237 237 238 238 238 238 237 235 234 233 234 235 236 234 234 234 234 234 234 234 234 231 234 236 236 234 231 231 231 231 228 229 230 232 233 234 231 229 232 232 223 212 106 20 19 25 29 27 25 25 19 22 40 56 50 45 42 33 22 14 12 7 11 14 11 9 7 9 12 11 11 10 9 7 8 8 10 17 14 14 12 9 21 56 90 94 85 92 123 160 184 198 208 220 220 222 225 228 229 226 224 233 228 223 221 220 220 225 230 229 223 223 223 222 224 228 224 218 223 224 221 228 236 235 225 232 217 201 190 190 185 179 170 141 88 56 46 25 17 24 21 27 19 14 14 17 18 20 18 17 16 15 14 13 13 13 12 26 27 27 26 26 27 29 30 38 42 48 57 68 85 103 115 140 155 173 183 193 203 213 217 226 228 232 236 238 241 243 246 248 248 246 243
228 227 227 226 226 225 225 224 227 227 227 227 227 227 227 227 227 227 227 227 227 227 227 227 226 226 226 226 226 226 226 226 229 229 229 229 229 229 229 229 229 230 232 226 223 227 230 237 245 192 98 20 0 0 0 0 9 12 2 0 3 1 7 27 139 229 239 218 231 234 215 239 224 229 227 217 9 0 0 3 231 233 234 233 231 230 231 233 234 234 233 232 232 231 231 231 243 232 233 223 116 4 0 0 132 224 236 232 224 240 239 231 234 234 233 233 232 231 231 230 237 236 234 233 232 232 233 234 233 234 234 235 235 234 234 233 234 234 235 235 235 235 234 234 233 234 234 234 233 234 236 237 237 235 233 233 235 235 235 234 238 238 238 238 238 237 237 237 237 237 238 239 239 239 239 239 238 237 236 235 234 234 235 235 234 234 235 236 236 236 236 236 238 236 234 235 235 236 237 238 238 237 236 234 234 237 242 246 241 241 240 239 238 237 237 236 234 236 238 239 237 235 235 236 234 235 235 234 233 233 236 238 236 236 236 235 234 234 233 233 239 239 239 239 239 239 239 239 237 237 236 236 235 234 234 234 238 238 238 238 238 238 238 237 237 236 235 236 238 240 239 238 237 238 238 238 238 240 241 240 236 236 236 236 236 236 235 235 237 237 237 237 237 237 237 237 236 236 236 236 236 236 236 236 237 237 237 237 237 237 237 237 238 237 235 233 233 233 234 235 234 234 234 234 234 234 234 234 230 232 234 234 232 229 229 229 231 230 230 230 232 232 232 231 231 231 230 219 200 76 12 28 27 33 33 31 29 20 26 50 63 57 53 51 42 25 16 16 16 19 21 19 15 8 7 8 11 10 9 10 10 11 12 12 14 13 16 14 6 6 34 66 86 78 81 104 135 161 184 200 202 210 219 222 218 214 214 215 219 213 209 210 208 204 204 208 197 190 200 205 202 205 211 199 204 216 216 202 212 226 214 183 165 131 87 58 52 50 46 38 26 15 19 18 6 14 28 20 23 18 16 16 20 20 17 13 19 18 16 15 17 19 22 23 30 28 26 26 26 27 31 34 36 47 59 69 76 90 109 124 147 161 178 186 195 204 213 217 225 228 231 235 238 240 240 241 243 243 243 242
227 227 226 226 226 226 225 225 228 228 227 227 227 227 226 226 227 227 227 227 227 227 227 227 226 226 226 226 226 226 226 226 230 230 230 230 230 230 230 230 227 225 230 220 226 240 224 212 151 77 0 0 11 14 1 0 0 1 0 0 9 1 0 3 10 157 216 241 223 247 217 236 232 235 239 249 0 0 1 6 232 233 234 233 231 230 231 232 233 232 231 231 231 232 232 233 229 221 233 237 120 0 0 8 109 224 237 231 224 239 241 229 235 235 235 234 234 233 233 232 236 236 235 235 234 234 235 235 233 234 234 235 235 234 234 233 231 233 235 236 236 235 233 231 231 231 232 233 234 235 236 237 235 234 233 234 235 236 235 233 236 236 237 237 237 237 236 235 235 235 235 235 236 236 236 237 236 235 234 233 234 235 237 238 232 233 235 236 237 236 235 234 235 231 229 232 235 235 236 238 236 235 232 231 232 234 237 239 238 238 238 238 237 237 237 237 233 236 239 239 237 235 234 234 234 235 236 235 233 233 235 237 238 238 238 238 238 237 237 237 238 238 238 238 238 238 238 238 237 236 236 236 236 236 235 235 238 238 239 239 239 238 237 236 238 237 236 237 239 239 238 237 236 239 238 235 235 239 240 238 238 238 239 239 239 238 237 236 236 236 236 236 236 236 236 236 235 235 235 235 235 235 235 235 237 237 236 236 236 235 235 235 237 236 235 234 233 233 233 234 234 234 234 234 234 234 234 234 230 231 233 232 230 228 228 229 231 230 230 230 232 232 232 230 235 229 231 217 185 50 10 31 25 32 30 29 25 14 26 55 74 66 62 61 53 38 31 33 35 32 28 26 21 13 9 9 8 7 6 8 11 11 11 10 12 12 17 14 5 1 15 37 60 57 60 75 96 117 140 157 184 198 213 219 216 213 218 224 216 212 214 220 218 206 197 196 174 163 176 183 171 170 173 155 164 190 205 199 202 200 162 111 75 51 26 12 16 18 12 4 6 18 31 28 20 25 27 13 13 12 15 18 20 19 17 14 16 14 12 12 15 20 25 27 32 28 25 25 24 22 26 32 37 51 67 79 85 97 115 132 148 164 178 185 192 202 210 214 227 229 232 235 237 238 237 238 237 238 240 241
225 225 226 226 226 226 227 227 228 228 228 227 227 226 226 226 227 227 227 227 227 227 227 227 227 227 227 227 227 227 227 227 229 229 229 229 229 229 229 229 227 222 229 220 232 233 161 100 0 9 8 0 0 0 34 87 75 96 82 52 28 0 0 14 14 0 105 233 229 216 240 230 233 229 221 235 0 7 1 0 232 233 234 233 231 230 231 232 232 232 231 231 232 233 235 236 241 233 234 233 116 0 3 0 125 233 234 234 231 235 239 234 235 235 235 235 235 235 234 234 235 236 236 237 237 237 237 236 233 234 234 235 235 234 234 233 233 234 236 237 237 236 234 233 232 233 234 236 237 237 236 234 232 232 232 235 237 237 235 233 232 233 234 235 235 235 233 233 233 233 233 233 233 234 235 235 238 237 235 234 235 236 238 239 235 235 235 235 236 236 237 237 238 231 229 233 236 235 235 238 240 238 234 232 231 232 232 233 234 234 234 235 235 235 236 236 236 238 239 238 236 235 235 236 235 236 237 237 235 234 235 236 238 238 238 238 239 239 239 239 238 238 238 238 238 238 238 238 237 238 238 238 238 238 239 239 238 238 239 240 239 238 236 235 240 238 237 237 239 239 238 236 235 238 237 232 232 236 237 234 238 239 239 240 239 238 237 236 236 236 236 236 236 236 236 236 235 235 235 235 235 235 235 235 236 236 235 235 234 234 234 233 234 234 235 235 235 234 233 233 234 234 234 234 234 234 234 234 231 232 232 231 229 229 230 232 232 231 230 230 232 232 231 230 234 223 231 216 174 35 15 29 28 33 29 25 20 11 30 65 97 85 76 74 66 54 49 58 61 50 37 30 26 18 15 14 8 7 7 8 11 10 7 4 11 12 16 12 7 5 8 15 18 16 18 23 31 40 54 64 65 76 89 95 94 96 103 110 115 109 111 120 121 109 100 100 71 57 70 76 58 55 57 34 43 63 85 91 91 76 42 6 8 6 8 14 23 26 21 15 20 23 16 10 19 20 12 5 9 11 15 17 16 15 15 16 12 10 7 6 10 16 23 26 34 29 25 27 27 24 28 35 39 50 65 79 90 104 122 136 153 168 181 188 194 204 212 216 228 230 235 238 238 238 238 237 239 240 241 242
224 225 225 226 226 227 227 228 228 228 228 227 227 226 226 226 227 227 227 227 227 227 227 227 228 228 228 228 228 228 228 228 228 228 228 228 228 228 228 228 238 230 236 225 234 208 78 0 0 0 0 29 127 219 240 222 237 238 221 224 231 160 48 0 0 0 11 32 249 235 225 232 231 239 230 227 1 0 0 3 232 233 234 233 231 230 231 232 233 232 232 232 233 235 237 239 234 231 232 237 143 57 72 54 150 243 232 239 238 232 236 239 234 234 234 234 234 234 234 234 234 235 237 239 239 239 238 237 233 234 234 235 235 234 234 233 236 236 236 236 236 236 236 236 235 235 236 238 239 238 235 232 230 230 232 235 238 238 235 233 235 236 238 239 239 238 237 236 239 239 238 238 239 240 241 241 244 242 239 236 235 235 236 237 239 237 235 234 234 236 239 241 248 240 237 242 245 243 242 245 251 248 244 241 239 238 236 235 236 236 237 238 239 239 240 240 240 240 239 237 235 235 237 240 235 237 239 238 236 234 234 235 235 236 236 237 237 238 238 239 237 237 237 237 237 237 237 237 239 239 239 240 241 241 242 242 238 239 239 240 239 238 236 235 241 239 238 238 238 239 237 235 239 242 241 235 234 239 240 236 236 236 237 238 237 236 234 233 236 236 236 236 236 236 236 236 235 235 235 235 235 235 235 235 235 235 235 234 234 233 233 232 232 233 235 236 236 235 233 232 234 234 234 234 234 234 234 234 232 233 233 231 230 230 233 235 232 231 230 230 232 232 231 229 228 215 227 217 169 29 20 31 41 42 37 30 24 17 41 81 121 104 92 85 77 63 64 76 78 60 41 31 26 21 17 20 15 14 14 16 18 16 12 6 11 15 14 12 9 9 8 4 8 6 5 5 3 0 2 5 3 7 10 10 8 7 11 14 25 14 12 21 24 19 18 24 21 6 21 31 14 17 23 1 8 7 10 15 16 13 13 17 23 23 21 18 16 18 23 28 18 25 17 17 28 18 10 25 12 14 16 15 11 10 11 14 15 12 9 7 11 17 24 28 36 30 29 33 33 31 36 43 41 48 60 76 91 110 126 137 160 175 188 194 201 211 220 224 230 232 237 240 239 239 238 238 247 247 246 246
226 227 227 228 228 229 229 230 225 226 227 228 228 226 225 224 224 225 225 226 227 228 229 229 224 225 225 226 226 227 227 227 222 224 227 230 232 232 232 232 222 235 217 243 236 133 2 4 20 0 65 210 235 233 247 225 235 230 239 227 222 244 166 4 13 0 8 0 110 242 231 243 233 231 234 231 3 0 3 1 235 227 230 242 241 228 225 234 231 235 231 236 245 232 223 239 240 227 222 226 240 238 228 242 233 229 237 239 223 245 222 242 244 233 214 241 235 220 247 228 237 228 236 246 239 234 239 242 239 230 237 237 227 236 242 222 222 233 243 221 241 235 236 226 235 238 230 234 249 241 230 238 246 224 234 230 241 226 240 237 230 231 231 232 233 234 235 235 237 237 236 235 235 236 237 237 235 235 235 235 235 236 238 238 233 235 236 236 236 236 237 239 241 239 237 235 235 237 240 242 240 237 235 234 235 236 236 235 235 236 238 239 239 238 236 235 234 234 235 236 236 237 237 237 234 234 235 236 237 237 237 237 237 236 237 240 242 242 241 238 236 240 241 237 236 240 242 241 236 235 234 233 234 235 237 238 233 235 238 238 236 236 239 241 237 236 236 235 235 236 236 237 234 236 237 237 237 237 238 240 235 234 233 232 232 233 234 235 233 233 233 233 233 233 233 233 234 231 231 235 236 233 234 237 233 233 233 233 233 233 233 233 233 233 234 235 236 236 236 236 230 231 231 232 232 233 233 233 233 232 230 229 229 230 232 233 231 232 231 231 230 230 230 231 233 219 221 217 155 30 19 37 36 36 39 34 24 21 49 85 113 97 80 66 56 51 54 60 53 49 42 37 37 35 30 26 15 14 13 11 10 9 10 11 10 13 9 13 19 12 5 10 7 6 6 9 11 12 11 9 6 9 10 9 6 5 8 11 10 10 14 19 19 16 18 22 15 17 22 22 18 14 11 11 11 11 11 10 10 13 17 21 17 19 21 23 24 22 19 17 14 14 17 17 17 16 14 12 10 10 10 10 10 10 10 10 8 13 14 10 9 17 27 32 28 23 23 33 36 35 46 61 45 57 60 68 91 113 127 143 169 181 191 197 205 216 225 229 225 240 236 228 236 243 239 237 244 245 247 249
226 226 226 227 227 227 227 227 225 226 226 227 227 227 226 226 225 226 226 227 228 229 229 230 225 226 226 226 227 227 228 228 227 227 228 229 230 230 230 230 229 209 252 212 178 21 10 0 0 44 169 240 229 222 236 232 225 225 239 233 224 244 216 132 0 3 0 2 0 214 235 229 233 231 234 231 2 0 2 0 232 233 229 225 228 235 236 230 225 236 242 230 218 226 235 231 225 232 236 231 234 237 232 238 227 220 227 246 238 246 218 223 212 229 235 233 234 230 230 242 226 230 234 231 229 238 237 222 233 226 233 235 226 234 243 234 244 245 224 245 232 228 219 233 230 232 235 233 228 229 232 230 213 228 243 238 235 233 237 233 232 232 233 233 234 235 235 235 234 234 234 234 234 234 234 234 236 235 235 235 236 236 237 238 234 236 237 237 235 235 236 238 238 237 235 234 234 235 237 238 238 236 233 232 234 235 234 234 235 234 234 234 234 234 234 235 235 235 235 234 235 235 236 237 235 235 236 237 237 237 236 236 236 235 235 237 239 240 239 237 233 235 234 231 232 236 237 234 233 232 231 231 231 232 234 235 236 238 240 238 236 234 236 238 237 237 236 236 236 236 237 237 235 237 238 238 236 236 237 239 236 235 234 233 233 234 235 236 235 235 235 235 235 235 235 235 236 233 233 236 236 233 233 236 233 233 233 233 233 233 233 233 234 234 235 236 236 236 235 235 230 230 231 231 232 232 232 233 233 232 230 229 229 230 232 233 232 233 234 233 232 229 228 226 221 219 225 214 132 22 9 17 35 35 37 33 24 20 40 67 104 86 69 58 50 44 42 43 41 39 32 29 26 26 21 19 14 13 13 12 10 11 12 12 10 13 8 11 18 11 4 9 8 7 7 8 10 11 11 9 9 10 10 9 8 8 10 11 8 8 12 17 17 14 15 19 10 12 17 19 17 15 15 16 14 15 15 14 12 11 12 14 15 16 17 18 19 17 15 14 13 15 16 17 16 15 15 12 12 10 12 10 10 10 10 10 7 12 13 9 8 16 26 30 30 22 19 24 26 27 40 55 50 64 69 77 96 115 128 144 163 177 189 197 206 216 224 228 226 238 235 228 237 243 239 238 242 243 244 245
226 226 226 226 226 225 225 225 225 225 225 225 226 227 228 229 227 227 227 228 229 230 230 230 227 227 227 228 228 228 229 229 232 231 230 229 228 228 228 228 226 227 223 198 35 0 0 0 50 160 236 236 226 226 226 229 227 225 232 231 223 231 236 223 142 1 0 17 11 131 228 230 234 232 235 231 2 0 1 0 230 232 236 235 225 218 230 248 233 229 238 236 223 236 247 232 230 244 245 234 230 236 237 230 242 234 225 239 231 239 241 240 250 226 242 226 223 245 228 225 240 239 239 235 228 226 235 245 238 232 240 244 234 233 238 236 222 241 220 243 230 232 236 233 246 238 238 237 233 240 242 229 243 247 233 226 234 244 236 230 234 235 235 235 235 235 235 235 233 234 234 235 235 234 234 233 236 236 236 235 236 237 237 238 235 237 238 237 235 234 235 237 236 236 236 236 236 236 236 236 238 236 234 234 235 236 235 234 237 235 233 232 232 233 235 237 237 236 235 234 234 234 235 236 236 237 237 237 237 236 236 235 235 234 232 233 236 238 238 237 234 234 232 230 233 238 237 232 236 235 235 235 235 236 237 238 240 241 241 239 235 233 233 234 238 238 237 237 237 237 238 238 236 238 239 238 236 235 236 238 238 237 235 234 234 235 237 238 237 237 237 237 237 237 237 237 239 236 235 237 237 233 232 235 233 233 233 233 233 233 233 233 235 235 236 236 236 235 234 234 231 231 231 231 232 232 232 232 233 232 230 229 229 230 232 233 232 233 234 233 232 228 225 221 223 220 215 186 81 15 20 26 36 36 38 36 29 22 32 45 62 50 44 44 45 39 32 29 28 28 25 21 17 15 13 13 12 12 12 12 12 12 13 13 13 15 11 11 18 12 6 11 11 10 9 10 12 13 12 11 14 12 10 10 12 13 12 12 10 10 13 18 18 15 16 19 10 13 16 17 17 18 19 20 16 18 19 19 16 13 12 12 16 16 15 14 14 13 13 12 14 15 15 17 16 15 15 13 13 12 13 12 12 12 12 12 6 11 12 9 9 16 25 27 33 24 17 18 18 20 33 48 57 75 84 92 108 123 135 151 163 176 188 196 205 213 219 222 225 237 237 231 240 245 240 241 243 242 241 240
228 228 227 227 226 225 225 225 226 225 225 225 226 228 230 231 228 228 228 229 229 230 230 230 229 229 229 229 229 229 229 229 233 232 230 228 227 227 228 228 233 230 216 85 0 0 1 8 192 228 234 223 233 233 224 227 238 232 226 228 232 226 225 234 224 44 19 0 1 60 235 225 237 234 237 232 3 0 1 0 238 229 224 229 239 241 235 229 228 222 231 242 235 225 230 241 236 241 237 238 232 231 240 231 230 250 235 233 219 231 254 225 234 224 246 241 237 241 222 234 229 235 235 234 238 236 230 230 237 234 240 247 243 235 233 233 235 245 241 235 238 216 250 232 220 231 238 248 254 242 229 235 217 229 238 230 239 225 229 242 237 236 236 236 236 236 235 235 235 236 237 237 237 237 236 235 237 237 236 236 236 237 237 238 236 238 238 237 235 234 234 236 237 238 239 240 239 238 237 236 241 239 237 237 239 239 238 236 239 238 237 236 236 237 238 239 240 239 237 235 234 235 236 237 238 238 238 238 237 236 235 234 236 234 232 232 235 237 238 238 241 240 236 235 240 246 243 237 237 237 237 237 238 238 239 239 240 240 240 238 236 234 234 234 239 238 238 237 237 238 238 239 237 239 239 238 236 235 235 237 239 238 236 235 235 236 238 239 237 237 237 237 237 237 237 237 239 236 235 238 237 234 234 236 234 234 234 234 234 234 234 234 236 236 236 236 235 234 233 233 233 233 233 233 233 233 234 234 232 231 231 230 230 231 231 233 234 234 231 230 230 227 223 220 217 214 200 154 38 13 31 35 38 39 40 40 37 29 27 27 29 34 45 61 64 54 43 39 32 31 29 24 16 13 11 12 11 11 11 12 12 13 13 13 18 19 13 14 20 15 9 15 17 15 13 12 14 15 14 13 14 11 8 9 12 14 12 10 12 12 15 20 20 17 17 21 17 16 16 16 16 17 18 19 14 16 17 17 15 14 15 16 18 17 15 12 12 12 12 15 14 16 16 16 15 14 14 13 14 12 12 12 12 11 11 11 7 12 13 11 11 18 25 26 32 26 22 22 21 21 31 41 57 79 93 103 119 133 144 160 168 180 194 200 205 211 216 216 226 238 239 235 243 246 242 245 247 245 242 240
229 229 229 228 227 227 226 226 226 226 225 225 226 228 230 232 228 229 229 229 229 230 230 230 230 230 230 229 229 229 229 229 231 230 229 227 227 228 229 230 235 229 218 0 13 0 6 76 231 221 224 235 234 227 227 230 233 234 227 229 240 235 225 230 233 94 9 0 0 96 235 237 238 235 238 234 4 0 2 0 221 243 231 165 87 34 7 0 34 140 214 227 234 237 235 241 240 236 230 230 179 125 127 125 168 238 238 237 231 235 238 119 113 141 166 202 246 233 158 97 19 14 0 25 119 209 239 236 233 232 231 235 239 237 234 238 235 228 240 249 238 164 123 56 0 15 0 4 51 78 129 222 251 247 250 220 239 227 241 234 237 237 237 236 236 236 236 236 236 236 236 237 237 236 236 236 238 238 237 236 236 237 237 238 236 238 238 237 235 234 234 236 237 238 240 240 240 238 236 235 240 239 238 238 239 239 238 236 238 238 240 240 240 240 238 238 241 240 238 237 236 236 237 238 238 238 238 238 238 237 236 235 237 235 233 234 236 238 239 239 243 241 238 236 241 247 245 238 233 233 234 234 235 235 235 235 239 238 237 237 237 237 236 235 239 238 238 237 237 238 238 239 237 239 239 238 236 235 235 237 239 238 237 236 236 237 238 239 235 235 235 235 235 235 235 235 236 234 234 237 238 235 236 239 234 234 234 234 234 234 234 234 236 236 236 236 235 234 233 233 235 235 235 235 235 235 235 235 231 231 231 231 231 231 231 232 238 235 230 228 229 229 226 223 210 201 189 135 26 17 24 18 35 39 40 41 42 37 29 18 16 36 65 89 90 73 57 50 58 54 47 35 24 17 12 13 10 10 13 14 12 13 13 12 17 18 13 14 21 16 11 16 17 14 12 12 13 14 12 11 14 11 8 9 12 13 12 10 14 13 17 21 21 17 18 20 18 17 16 17 18 20 21 21 18 18 17 14 12 13 16 18 18 16 13 11 10 10 13 14 14 15 15 16 15 14 16 14 14 14 14 12 12 12 11 11 9 14 15 13 15 21 26 25 26 26 27 29 28 26 31 36 48 73 90 104 122 137 147 163 171 183 197 202 207 213 217 217 228 241 242 240 247 247 245 249 245 244 242 240
229 229 229 228 228 228 228 228 227 226 226 227 227 228 229 230 228 228 228 228 229 229 229 229 230 230 230 229 229 229 228 228 229 229 228 228 228 229 230 230 225 244 179 0 1 0 0 176 227 213 226 238 227 228 236 229 225 235 234 230 233 232 229 234 242 157 123 192 231 238 235 227 237 234 238 233 4 0 3 1 254 163 56 6 0 0 0 11 0 0 12 132 240 251 227 235 236 237 237 229 120 4 0 4 125 227 230 234 242 242 219 14 15 0 128 254 169 25 0 8 0 4 5 0 0 24 112 221 236 244 237 228 234 236 234 240 237 249 224 149 28 2 0 0 0 7 0 0 20 3 0 46 209 222 248 230 233 236 249 222 236 236 236 236 236 236 236 236 235 234 233 233 233 233 234 235 239 239 238 237 237 237 237 238 235 237 238 237 235 234 235 237 236 237 238 238 237 235 234 232 237 236 235 236 237 237 234 232 234 236 238 239 239 238 236 234 238 238 238 238 238 237 237 237 237 238 238 239 238 238 237 236 238 236 235 236 238 240 240 239 237 237 234 232 236 241 240 235 233 234 235 236 236 236 236 235 238 236 235 236 238 239 238 236 238 238 237 237 237 237 238 238 236 238 239 238 236 235 236 238 239 238 236 235 235 236 238 239 234 234 234 234 234 234 234 234 235 232 233 237 237 235 236 239 235 235 235 235 235 235 235 235 235 235 236 236 236 235 234 234 236 236 236 235 235 235 235 234 231 231 231 231 231 231 231 232 240 236 232 229 230 227 224 221 219 192 167 101 24 18 20 15 29 35 37 38 44 44 35 20 21 49 89 118 120 103 90 85 81 72 60 43 30 20 12 10 10 10 13 14 12 12 12 11 13 14 9 11 19 14 8 14 16 12 9 7 8 10 8 7 11 9 9 8 10 10 11 9 11 10 14 17 17 13 14 17 15 13 13 15 19 22 23 23 21 20 17 13 9 9 12 14 13 11 9 7 7 9 11 13 16 16 16 15 16 16 16 16 14 13 13 13 11 11 11 10 12 14 16 15 17 23 26 24 19 22 26 29 30 30 35 38 45 69 86 102 123 138 146 159 171 183 197 203 209 217 223 225 231 242 243 243 248 246 244 250 239 240 240 241
227 227 227 227 227 228 228 228 227 227 228 228 229 228 228 228 228 228 228 228 227 227 227 227 230 229 229 229 228 228 227 227 228 229 229 230 230 229 229 228 227 231 143 0 2 0 27 222 236 227 225 227 229 234 235 227 227 230 232 230 226 226 228 231 231 219 231 225 247 227 230 236 234 231 235 231 2 0 2 0 146 56 0 0 10 0 0 0 0 9 10 0 34 163 249 234 227 233 240 239 121 0 0 0 117 234 229 227 239 240 227 0 0 0 130 156 32 0 10 0 11 4 0 0 2 0 15 87 212 242 245 233 236 236 232 237 244 161 92 30 0 10 0 2 0 4 3 3 6 0 0 2 15 77 181 254 226 225 230 234 234 234 234 235 236 236 237 237 237 235 233 231 231 233 235 237 240 239 238 237 237 237 237 237 234 236 237 237 235 235 236 238 237 238 237 237 236 235 234 233 235 234 234 235 236 236 233 231 234 234 235 235 235 235 234 234 233 234 236 238 238 237 235 234 236 237 238 239 239 239 238 238 236 235 235 237 240 241 239 238 233 235 235 232 233 237 237 235 234 235 237 238 238 238 237 236 239 237 235 236 238 239 237 235 237 237 236 236 236 236 237 237 235 237 238 238 236 236 237 239 238 237 236 235 235 236 237 238 234 234 234 234 234 234 234 234 236 233 233 236 236 233 233 236 235 235 235 235 235 235 235 235 234 234 235 236 236 236 235 235 235 235 234 234 233 233 233 232 230 231 231 232 232 231 231 231 236 233 231 228 229 222 214 205 198 151 118 52 20 20 23 26 24 33 36 37 47 53 47 31 37 62 99 129 135 126 117 116 79 66 50 34 23 15 10 7 10 11 14 15 14 13 12 9 9 11 9 12 20 15 8 13 17 12 9 8 8 9 7 9 9 10 12 9 10 8 12 11 12 9 14 16 17 12 14 16 13 12 11 14 18 21 20 19 17 18 17 14 11 10 11 13 11 10 9 9 10 10 11 13 18 18 16 17 17 17 18 18 15 14 13 13 13 11 11 10 12 15 15 15 18 23 24 21 20 22 23 25 28 34 44 50 59 80 95 110 132 146 151 161 174 185 198 203 209 218 226 228 230 241 244 245 248 243 240 248 238 238 239 241
224 225 225 226 226 227 227 228 227 228 229 230 230 228 227 226 227 227 227 227 227 227 227 226 229 229 229 228 228 227 227 226 229 230 231 231 230 229 227 226 233 224 98 5 0 6 70 219 230 233 228 229 241 231 222 232 235 223 226 233 234 233 235 230 234 233 241 231 236 234 221 236 231 229 232 229 1 0 1 0 0 3 4 29 98 165 168 130 32 0 2 0 0 97 223 230 238 234 231 231 121 3 3 0 110 240 239 233 236 233 239 4 4 8 45 4 0 14 20 134 163 177 115 28 2 1 0 0 162 216 240 234 240 240 233 236 178 17 0 0 3 0 33 122 166 172 178 121 25 0 10 0 0 0 57 228 220 246 225 236 232 233 233 234 235 236 237 238 240 238 234 232 232 234 238 240 240 240 239 237 237 237 237 237 233 235 236 236 236 236 237 239 241 240 239 238 238 237 236 236 237 236 236 237 238 237 235 232 237 236 234 233 233 234 236 237 229 231 234 237 237 236 234 232 236 236 237 239 239 239 239 239 235 234 235 238 240 240 238 236 234 238 240 235 235 237 241 239 231 231 234 234 235 234 234 233 240 238 235 236 238 239 236 234 237 236 236 235 235 236 236 237 234 236 237 237 237 237 238 240 238 237 235 234 234 235 237 238 235 235 235 235 235 235 235 235 237 234 233 236 235 231 231 234 235 235 235 235 235 235 235 235 233 233 234 235 236 236 236 236 233 233 233 232 232 231 232 230 231 231 231 232 232 231 231 230 227 226 224 225 222 214 200 189 140 91 71 22 26 24 19 22 22 32 38 39 49 63 58 43 30 46 74 98 107 100 93 89 65 52 33 21 15 12 9 6 11 12 15 15 14 13 12 10 9 11 9 14 23 16 10 15 20 17 11 10 10 12 12 12 8 13 14 13 9 9 12 15 13 13 15 19 19 15 15 17 17 13 12 13 16 17 14 11 9 12 14 15 14 13 13 14 11 11 11 11 13 13 14 15 19 17 17 15 16 16 18 18 14 13 13 11 13 11 11 11 11 14 14 14 18 23 23 19 24 25 24 20 25 37 52 60 78 97 109 123 146 159 162 168 179 190 199 203 209 217 225 228 230 240 244 244 246 240 238 246 242 242 243 243
229 228 226 225 225 226 228 229 230 227 226 227 231 232 231 228 227 228 228 229 229 228 228 227 230 229 229 228 228 229 229 230 229 229 229 230 230 231 231 232 229 232 84 0 0 6 79 238 232 230 232 231 233 230 232 230 229 228 232 231 233 230 230 229 230 230 230 231 231 232 232 232 232 230 234 231 3 0 4 2 13 0 136 225 228 240 225 239 229 47 0 0 4 31 244 232 229 229 236 230 117 3 2 2 121 233 236 235 232 235 235 3 0 8 6 0 13 164 230 241 232 238 240 232 50 0 11 2 38 238 219 245 237 233 246 234 54 0 13 0 3 140 226 243 240 233 237 244 231 168 24 2 0 5 7 217 225 240 246 231 229 229 231 233 236 237 236 234 233 233 233 234 234 235 235 235 238 239 239 236 233 234 238 242 235 236 238 239 239 238 236 235 241 240 239 238 237 238 239 240 232 233 233 234 234 235 235 235 233 234 234 235 236 237 238 238 238 236 235 236 238 239 238 237 239 238 237 237 236 237 237 238 233 234 236 237 238 238 237 236 231 232 234 235 238 239 241 241 232 232 233 233 234 234 235 235 231 232 235 238 241 240 237 234 230 232 236 239 240 239 237 236 236 236 236 236 236 236 236 236 231 230 230 232 236 238 238 237 237 237 237 237 237 237 237 237 234 233 233 232 232 233 233 234 231 232 232 233 233 234 234 235 234 234 234 233 233 233 232 231 230 230 232 231 230 231 235 235 230 231 233 231 228 226 227 227 220 227 225 214 211 209 187 159 88 48 18 21 27 18 14 19 22 19 27 39 49 65 65 49 21 23 51 77 74 62 62 64 59 51 39 32 22 15 12 14 13 14 14 13 13 14 18 16 3 4 9 11 12 7 8 5 13 10 7 6 7 9 9 9 8 7 6 6 6 8 9 10 9 8 7 7 7 9 10 11 8 7 8 9 10 12 13 13 7 9 12 15 16 14 12 10 11 8 7 8 13 13 10 8 9 10 10 10 11 14 17 19 13 11 11 10 10 8 7 6 6 10 15 19 22 23 27 29 19 25 22 17 25 32 45 62 76 102 120 131 151 165 169 175 188 198 202 205 210 219 225 227 233 236 241 246 248 245 237 232 241 240 240 239
229 228 226 225 225 226 228 229 229 227 226 227 230 232 230 228 229 229 230 230 230 230 229 229 231 231 230 229 229 230 231 231 230 230 230 230 231 231 232 232 230 230 76 0 0 7 94 240 233 232 230 229 229 230 232 233 231 232 233 234 234 233 232 231 228 229 229 229 230 230 231 231 232 230 234 231 3 0 4 1 0 100 217 248 233 228 229 230 234 147 0 1 8 0 223 234 234 234 239 232 118 3 1 1 118 230 234 234 231 233 233 0 9 3 0 1 108 222 243 228 235 223 248 230 151 4 0 4 6 213 231 233 230 242 237 189 0 1 0 0 124 227 236 225 229 244 234 231 241 255 166 18 0 2 1 196 226 237 245 236 233 232 231 232 234 234 233 231 234 234 235 235 235 236 236 236 236 236 236 234 232 232 236 239 233 234 234 235 235 234 234 233 238 237 236 235 235 236 238 238 235 235 235 236 236 236 237 237 235 236 236 237 238 239 240 240 235 233 232 233 234 235 233 232 233 233 232 232 232 232 233 234 232 233 234 235 236 235 234 233 234 234 234 235 235 236 236 236 235 235 235 236 236 236 236 236 234 234 235 238 240 241 238 236 233 234 237 239 240 239 238 238 235 235 235 235 235 235 235 235 233 232 232 234 236 238 238 237 236 236 236 236 236 236 236 236 235 234 234 233 234 234 235 236 232 232 233 233 233 233 234 234 235 235 234 234 234 233 233 232 230 230 233 232 231 232 233 235 231 234 234 232 229 227 226 226 220 220 218 214 211 198 163 127 57 31 15 19 24 18 16 19 24 21 29 37 41 53 51 36 19 19 40 63 59 48 44 42 44 41 39 37 32 24 19 20 17 18 17 18 18 18 20 18 9 9 11 10 8 7 6 7 12 9 6 5 6 8 8 8 8 8 7 7 7 8 10 11 11 10 9 9 9 10 11 11 8 7 8 9 10 11 12 13 8 10 13 15 15 14 11 10 12 12 12 13 16 15 13 10 8 7 9 8 9 11 13 14 10 10 9 9 9 9 8 7 9 11 14 19 23 27 29 28 23 27 22 16 22 28 38 57 74 97 111 123 148 165 172 177 189 198 205 208 214 223 230 230 235 236 237 240 242 241 237 234 242 242 242 241
229 228 226 225 225 226 228 229 229 228 227 228 230 230 230 228 230 230 231 231 231 231 230 230 232 232 231 230 230 231 232 232 230 230 230 231 231 231 231 232 233 229 65 3 0 6 111 237 234 231 228 226 226 228 231 234 232 233 234 234 234 234 233 232 233 233 234 234 234 235 235 235 232 230 234 231 2 0 3 1 30 208 249 233 239 231 241 229 235 234 31 7 9 0 171 237 239 238 243 235 119 3 0 0 116 229 234 235 232 234 232 0 4 2 0 44 198 248 243 235 233 227 248 228 236 41 0 6 0 169 236 228 231 244 230 174 0 3 1 41 226 254 231 230 237 237 224 233 223 243 237 51 0 0 0 169 231 234 243 242 242 239 237 236 236 236 235 234 235 235 236 236 236 237 237 237 239 240 239 238 236 237 239 241 238 237 237 236 236 237 237 238 236 235 235 235 236 237 238 239 237 237 237 238 238 238 238 239 237 238 238 239 240 240 241 241 240 239 237 237 238 238 236 235 234 234 234 234 235 236 237 238 237 237 238 238 238 237 236 236 240 240 239 239 238 237 237 236 238 238 238 237 237 237 237 237 237 236 235 237 239 240 240 238 236 236 237 238 238 239 239 239 239 239 239 239 239 239 239 239 236 235 234 235 237 238 237 236 235 235 235 235 235 235 235 235 235 234 234 234 235 236 237 238 234 234 233 233 233 233 232 232 235 235 234 234 234 233 233 232 230 231 234 233 232 230 231 232 233 234 234 232 230 228 226 225 219 211 207 205 193 159 108 68 25 19 16 19 24 22 20 19 27 24 30 35 34 41 39 27 20 18 32 51 49 42 35 28 19 21 25 30 29 22 18 19 14 15 15 17 16 15 15 12 16 14 14 12 9 7 8 10 14 11 8 8 9 10 10 9 10 9 9 9 9 10 11 12 13 13 12 11 11 12 12 12 10 8 9 10 11 12 13 13 10 12 14 15 15 13 11 9 8 10 13 13 14 11 10 9 9 9 11 11 11 12 12 12 10 10 10 11 10 10 11 11 14 13 13 18 25 29 29 26 25 30 25 19 25 30 38 54 76 97 108 118 142 160 168 174 186 196 206 211 217 226 233 233 242 240 239 240 242 243 242 241 242 242 242 243
228 227 227 226 226 227 227 228 228 228 228 228 229 229 229 228 230 230 231 231 231 231 230 230 232 231 230 230 230 230 231 232 229 229 229 229 230 230 230 230 236 229 58 5 0 2 119 231 233 232 229 227 227 229 232 233 232 233 233 233 233 233 233 232 235 235 235 236 236 236 236 236 232 230 234 230 2 0 3 1 118 243 233 217 244 235 240 237 231 244 88 2 5 4 116 239 238 238 242 234 118 3 0 0 117 231 237 238 235 236 234 0 0 2 13 113 236 242 233 242 228 247 239 228 244 94 0 5 2 127 232 233 240 236 231 211 173 136 125 156 236 223 238 247 242 230 240 255 242 227 242 84 1 1 0 150 239 235 239 243 243 240 237 235 236 236 236 235 235 235 235 235 236 236 237 237 240 240 239 239 238 238 240 241 240 239 238 237 237 238 239 240 236 236 237 237 239 240 241 241 238 238 238 238 238 238 238 238 238 238 238 239 239 240 240 240 245 243 241 241 241 241 239 237 236 236 236 236 237 239 240 241 239 239 239 238 238 237 236 236 241 241 240 239 238 237 237 236 239 238 238 237 237 236 236 235 238 236 234 234 237 238 239 238 238 237 236 235 236 237 238 239 240 240 240 240 240 240 240 240 236 235 234 234 236 236 235 233 234 234 234 234 234 234 234 234 234 233 233 234 234 235 237 237 235 234 234 233 233 232 232 231 234 233 233 233 232 232 232 230 229 231 234 234 232 229 230 229 233 231 232 231 228 225 223 221 217 207 199 187 155 102 49 19 15 19 19 19 24 29 26 20 28 24 29 34 30 34 34 26 25 20 29 43 44 43 35 22 21 20 22 24 22 18 16 18 12 13 14 16 15 13 11 9 18 17 17 15 13 11 11 12 18 16 13 13 14 15 14 13 12 12 12 12 13 13 14 14 15 15 15 14 14 14 14 13 12 11 11 12 13 14 15 15 13 14 15 15 15 13 11 9 8 12 16 16 14 11 10 11 14 14 16 16 16 15 14 13 12 12 12 13 13 14 15 15 20 15 15 20 29 33 32 27 27 32 31 28 35 37 44 57 81 104 116 121 138 152 159 166 181 192 203 210 217 227 233 233 243 241 239 239 241 243 242 242 242 242 243 244
227 227 227 227 227 227 227 227 228 228 228 228 227 227 227 228 229 229 230 230 230 230 229 229 230 230 229 228 228 229 230 230 228 228 228 228 228 228 228 228 232 227 58 6 0 0 117 230 232 232 232 231 231 232 232 232 232 231 231 231 231 231 231 232 231 231 231 231 231 231 230 230 231 229 233 230 2 0 2 0 169 227 239 233 241 233 228 237 233 227 126 0 2 10 107 235 234 234 239 232 117 2 0 0 117 231 237 238 235 236 234 0 5 0 3 172 240 244 232 232 231 245 234 233 230 119 5 2 11 109 234 236 240 230 234 244 240 235 235 242 238 235 244 223 243 235 240 229 234 244 225 88 2 0 3 142 242 236 233 238 234 232 229 228 230 231 232 231 233 233 234 234 235 235 235 235 235 235 234 234 234 235 235 235 237 236 235 234 234 235 236 237 235 236 237 238 239 240 240 240 237 237 237 237 236 236 236 236 237 237 237 237 237 238 238 238 239 238 236 235 236 236 234 232 231 231 231 231 232 234 235 236 234 234 233 232 232 231 231 231 234 234 234 233 233 233 233 233 237 237 236 236 235 234 234 234 238 235 232 232 234 236 237 237 238 236 235 233 233 234 235 237 235 235 235 235 235 235 235 235 235 234 232 232 234 234 233 231 234 234 234 234 234 234 234 234 233 233 232 232 233 234 235 235 235 234 234 233 233 232 232 231 232 232 232 231 231 231 230 229 229 230 234 234 232 229 229 229 230 229 229 228 227 223 221 216 221 209 195 168 118 57 18 8 17 20 18 17 25 34 33 29 32 24 27 30 25 27 28 22 23 20 29 43 50 59 56 41 46 39 30 25 21 18 17 20 14 17 18 19 19 17 16 13 13 16 20 20 18 16 14 13 19 17 15 15 16 17 16 14 14 15 15 16 16 16 16 16 16 16 16 16 16 16 16 14 16 14 14 15 16 16 17 17 15 16 16 16 16 14 13 12 15 19 22 21 19 16 16 17 16 16 18 18 17 16 15 14 15 15 15 15 15 17 19 20 22 19 19 23 31 35 33 28 28 36 36 36 43 43 46 56 80 108 125 129 139 148 156 165 179 189 201 207 215 225 232 231 235 235 235 236 238 239 236 234 241 242 243 244
227 227 227 227 227 227 227 227 227 228 229 228 226 226 226 228 229 229 230 230 230 230 229 229 230 229 228 228 228 228 229 230 229 229 229 228 228 228 228 227 227 227 68 6 0 1 105 231 231 232 233 233 233 233 232 231 232 231 230 230 230 230 231 232 232 232 231 231 231 230 230 230 231 229 233 230 1 0 2 0 210 218 244 234 228 241 230 230 239 228 128 0 1 0 131 229 231 231 237 230 116 2 0 0 116 229 234 235 232 234 232 0 6 0 0 215 231 240 236 235 239 224 237 238 238 113 9 0 0 117 242 232 232 234 235 239 236 242 228 223 232 243 233 241 225 232 249 235 234 218 144 44 1 0 4 141 237 238 227 232 232 230 229 229 232 233 233 232 233 233 233 234 234 234 235 235 236 235 234 235 236 237 236 234 238 237 237 236 236 237 237 238 233 233 235 236 237 237 236 236 236 236 236 235 235 235 235 234 235 235 236 236 236 236 236 236 236 234 233 233 234 234 232 230 231 231 230 231 231 232 234 234 234 234 233 232 232 232 233 233 233 233 233 234 234 234 234 234 234 234 234 234 234 233 233 233 237 234 232 232 233 235 235 235 237 236 234 233 232 233 233 234 234 234 234 234 234 234 234 234 234 232 231 231 233 233 232 231 234 234 234 234 234 234 234 234 234 233 233 232 232 232 233 233 234 234 233 233 233 233 232 232 232 232 232 232 231 231 230 230 228 229 232 232 231 229 230 230 230 228 226 225 224 222 217 214 215 198 175 132 79 32 13 15 16 15 13 13 21 34 41 43 42 29 25 26 19 19 19 14 15 18 34 54 72 97 106 93 64 47 32 23 20 18 17 18 13 14 14 15 15 15 16 14 13 17 22 23 21 18 15 14 17 15 14 14 15 16 14 12 14 15 16 17 17 17 16 16 15 15 17 18 18 18 18 16 17 15 16 16 17 17 18 18 17 17 18 18 17 17 16 15 18 19 20 19 18 16 16 16 16 16 17 16 16 15 15 15 17 17 16 16 16 18 20 19 22 20 21 25 30 33 32 29 29 35 34 34 43 44 45 55 81 109 127 132 144 153 161 170 181 191 201 207 213 223 231 231 234 235 236 238 240 240 236 233 240 241 242 242
226 227 227 228 228 227 227 226 227 229 230 229 226 224 226 228 230 230 231 231 231 231 230 230 231 230 229 229 229 229 230 231 231 231 231 230 230 230 229 229 229 235 86 8 0 0 83 229 232 232 231 230 230 231 232 232 233 232 231 230 230 231 232 233 235 234 234 234 233 233 232 232 231 228 232 229 1 0 2 0 240 225 234 225 224 243 237 229 239 230 125 1 0 0 137 229 231 231 237 230 116 1 0 0 118 230 234 234 231 233 233 0 0 3 5 232 232 231 234 244 241 223 239 238 243 117 5 0 0 129 241 231 231 240 233 229 223 233 248 213 208 173 121 119 113 90 64 45 14 5 0 0 2 0 6 147 229 242 228 233 235 234 234 235 237 238 237 235 234 234 234 235 235 235 236 236 240 238 237 238 241 241 239 237 239 240 240 241 241 240 240 239 233 234 235 236 236 236 235 234 236 236 236 236 235 235 234 234 236 236 236 235 235 235 235 235 237 235 234 235 236 237 235 234 237 236 236 235 235 236 237 237 237 236 235 234 235 236 237 238 237 237 237 237 237 237 237 237 233 233 233 233 234 234 234 234 237 235 233 233 235 236 235 234 238 237 236 235 234 233 233 233 236 236 236 236 236 236 236 236 234 232 231 232 234 235 234 232 235 235 235 235 235 235 235 235 236 236 234 233 233 232 233 233 232 232 233 233 233 233 234 234 234 234 234 233 233 233 232 232 228 230 232 231 229 229 231 233 231 229 226 225 223 221 217 212 205 177 136 87 44 18 13 15 16 14 14 15 18 27 41 56 54 33 23 22 16 16 17 12 15 21 36 55 78 109 122 110 57 38 19 14 16 16 12 9 10 10 10 10 11 12 14 15 18 21 23 22 20 17 15 15 17 15 14 15 16 16 14 12 12 12 14 15 15 15 14 14 13 14 16 18 19 19 19 18 17 15 15 15 16 16 16 16 18 18 19 19 19 19 19 19 19 16 14 12 14 14 13 12 17 17 17 16 16 16 18 18 18 17 15 15 14 16 17 18 19 19 22 23 26 28 29 27 26 30 27 27 38 45 52 63 87 109 122 129 147 161 168 174 188 196 205 209 215 225 233 233 239 238 239 240 242 243 240 237 239 240 240 241
226 227 227 228 228 227 227 226 226 229 230 229 225 224 225 228 231 232 232 233 233 232 232 231 232 231 231 230 230 231 231 232 234 233 233 232 232 231 231 231 236 246 102 11 0 0 65 223 234 232 228 226 226 228 232 234 235 234 232 231 231 232 234 235 232 232 232 231 230 230 230 229 230 228 232 229 1 0 2 0 232 230 234 240 236 228 231 237 233 221 131 2 0 5 120 233 233 232 238 231 116 1 0 0 121 233 236 235 232 235 235 3 0 10 0 225 247 236 230 236 237 242 236 235 232 134 1 0 0 134 231 234 237 242 231 234 246 226 212 55 0 0 12 5 0 4 0 18 0 0 11 5 6 0 8 153 224 248 233 239 235 234 234 236 237 237 234 232 235 235 235 236 236 237 237 237 238 236 235 236 239 240 237 234 235 236 238 239 239 238 236 235 236 237 238 239 239 237 236 235 237 237 237 236 236 235 235 234 236 236 236 236 236 236 236 235 235 234 233 234 236 236 236 234 239 238 237 236 236 236 237 237 234 233 232 232 233 234 236 237 237 236 236 235 234 234 233 233 232 232 233 234 234 235 235 235 237 236 235 235 237 237 236 234 239 238 238 237 236 234 233 233 234 234 234 234 234 234 234 234 234 233 232 233 235 236 235 234 235 235 235 235 235 235 235 235 239 238 236 235 234 233 233 233 231 232 232 233 233 234 234 235 236 236 236 235 235 235 234 234 228 229 231 230 228 229 233 233 233 229 226 224 222 221 217 211 200 164 109 57 26 15 13 13 18 17 20 20 17 20 40 62 60 36 23 23 19 19 21 16 19 23 32 41 53 78 87 72 46 27 11 11 19 19 13 6 12 11 11 11 12 14 19 20 24 24 23 20 17 14 14 15 19 17 17 17 19 18 16 14 9 10 12 13 14 13 12 11 11 13 15 18 19 20 20 19 15 13 14 14 14 14 14 15 19 19 19 20 21 21 22 22 23 19 13 12 15 17 16 14 21 19 19 18 18 19 21 23 17 16 14 13 13 15 15 16 15 17 20 22 23 22 24 25 22 24 20 20 36 49 62 78 96 110 117 124 148 166 170 173 194 201 209 211 217 227 235 236 238 237 236 236 238 240 238 237 239 239 239 240
222 223 224 225 226 226 226 226 226 226 226 226 226 226 226 226 228 227 227 226 226 226 227 228 232 231 229 228 228 229 231 232 226 227 230 233 234 234 233 232 228 227 130 8 6 0 28 236 229 222 243 233 228 236 224 238 229 233 231 226 224 229 233 232 234 232 190 224 239 239 231 232 227 225 230 228 1 0 4 3 226 227 228 229 230 232 233 233 231 231 123 0 2 0 124 233 232 229 234 230 116 0 0 2 113 226 231 233 231 234 234 1 1 1 0 232 231 232 236 234 231 232 235 233 233 130 0 5 0 123 237 235 239 229 221 244 233 117 0 12 0 0 6 0 0 0 22 0 6 31 78 53 3 0 2 147 233 234 235 233 231 232 234 235 235 234 232 231 230 232 234 236 237 237 237 236 234 235 235 236 236 237 237 238 232 233 235 237 237 236 235 234 234 234 235 236 236 237 237 237 235 236 236 237 237 238 238 239 237 237 237 237 237 237 237 237 236 234 232 232 234 237 237 237 234 232 232 233 235 236 235 234 233 233 233 234 234 234 234 234 236 237 238 237 235 234 235 236 233 231 231 232 234 235 234 233 235 235 236 237 236 235 234 232 229 232 236 237 236 234 234 234 232 233 234 235 235 235 234 234 233 233 235 236 236 236 236 236 231 232 234 235 235 234 232 231 233 233 233 233 233 233 233 233 231 231 231 231 231 231 231 231 232 232 232 232 232 232 232 232 230 230 231 230 230 229 229 229 229 226 223 223 221 216 211 206 195 167 116 59 29 25 26 21 15 15 15 18 22 28 40 54 50 30 20 19 15 19 24 20 17 19 37 53 52 52 57 55 22 17 12 12 14 15 13 10 11 12 14 17 20 22 25 26 24 27 27 22 14 11 15 20 16 17 18 18 18 16 15 14 11 14 16 15 12 11 13 15 16 13 14 18 19 18 18 21 17 15 17 19 22 22 19 17 11 15 19 22 23 23 25 27 27 26 24 22 23 22 23 24 20 20 22 22 22 22 22 22 18 20 20 22 23 23 21 21 14 23 27 22 24 34 40 37 33 30 29 27 32 44 60 71 93 105 113 124 146 159 167 179 188 199 210 215 221 229 234 233 230 232 236 239 240 239 236 234 240 240 240 241
223 224 225 225 225 225 225 224 227 227 227 227 227 227 227 227 228 227 227 226 227 227 228 229 228 228 227 227 227 227 228 228 226 227 230 232 232 232 230 229 237 227 152 0 0 0 24 224 236 232 232 227 233 233 225 242 234 232 229 228 230 233 233 230 233 214 26 10 49 147 215 234 228 226 231 228 1 0 3 1 233 233 232 232 232 232 231 231 232 232 123 0 2 0 123 233 233 229 234 230 116 0 0 2 115 228 233 234 231 234 234 1 0 1 1 234 233 234 237 234 232 233 235 234 233 130 0 4 1 123 227 226 232 235 243 231 75 30 0 0 12 1 0 1 9 0 61 114 172 222 240 88 3 1 3 148 234 235 236 233 234 233 233 233 233 234 234 235 233 233 234 235 236 236 236 236 234 234 234 234 235 235 235 235 234 234 234 234 234 235 236 236 235 235 235 235 236 236 236 236 235 235 235 235 236 236 236 236 235 235 235 235 235 235 235 235 238 236 234 234 236 238 238 237 235 233 233 234 236 237 236 235 235 235 235 235 235 234 234 234 234 235 236 235 234 233 234 235 233 232 231 232 234 235 234 233 234 235 235 236 235 234 233 232 229 231 234 234 233 232 233 234 235 235 235 234 234 234 234 234 232 232 233 233 233 233 234 234 233 234 235 236 236 235 234 233 233 233 233 233 233 233 233 233 232 232 232 232 232 232 232 232 232 232 232 232 232 232 232 232 228 228 229 229 228 228 228 227 226 222 219 218 218 215 208 203 195 160 107 57 30 24 20 15 11 12 17 22 23 23 29 37 37 21 15 17 14 17 21 16 26 25 36 44 37 35 35 29 21 13 7 8 15 20 19 16 13 13 13 14 16 19 21 24 30 29 25 21 16 14 14 15 15 16 16 17 16 15 14 13 11 13 15 14 11 10 12 14 14 12 13 17 18 16 17 20 17 14 13 15 18 19 18 16 13 15 19 20 20 20 20 22 23 22 20 18 19 18 19 19 17 17 19 19 19 19 19 19 17 18 18 20 20 20 18 17 11 19 22 18 22 33 39 36 34 31 33 36 42 51 59 64 90 105 117 129 151 161 168 181 188 198 208 214 220 227 233 232 234 235 237 239 240 239 237 236 237 237 238 238
225 225 226 226 226 225 224 224 229 229 229 229 229 229 229 229 227 227 227 227 227 228 229 230 227 227 228 228 228 228 227 227 227 228 229 230 231 230 228 227 234 220 211 6 4 0 11 124 225 234 232 225 218 235 245 211 232 228 228 233 238 237 234 232 246 187 0 0 1 12 140 219 230 228 232 229 1 0 1 0 236 235 235 235 234 234 234 233 234 234 124 0 1 0 122 232 233 230 235 231 116 0 0 1 118 231 235 235 232 235 233 0 0 1 2 236 235 236 238 235 234 235 237 234 233 129 0 2 0 125 228 233 234 234 240 154 3 0 0 7 97 137 155 187 225 242 231 243 252 230 243 82 4 1 3 148 235 236 238 235 236 235 233 232 233 235 237 239 236 236 235 235 235 235 236 236 236 236 236 236 236 235 235 235 238 237 235 234 235 237 239 240 236 236 236 236 236 235 235 235 237 237 237 236 236 236 236 236 235 235 235 235 235 235 235 235 240 238 236 236 237 238 238 237 236 235 234 235 237 238 237 236 238 237 237 236 236 235 234 234 234 236 237 236 235 235 236 237 236 234 234 234 236 237 236 235 236 236 236 237 236 235 234 234 232 234 234 234 233 233 234 236 239 238 236 234 234 234 235 235 235 234 233 232 232 232 233 234 234 235 236 236 236 236 235 234 233 233 233 233 233 233 233 233 233 233 233 233 233 233 233 233 232 232 232 232 232 232 232 232 230 230 230 230 229 229 228 228 227 221 217 216 215 210 201 190 171 128 78 43 27 20 17 15 13 12 16 18 18 16 20 28 25 10 8 13 14 16 20 15 26 39 61 60 38 30 37 37 28 18 11 11 17 22 20 18 20 17 13 11 11 13 16 20 30 27 20 16 15 13 10 7 11 11 12 12 12 11 10 9 10 12 13 12 11 10 11 12 12 10 11 15 16 14 15 17 14 11 10 12 14 16 15 14 13 15 17 17 16 15 15 16 18 17 15 13 14 13 13 13 13 13 15 15 15 15 15 15 15 16 17 16 16 16 13 12 9 17 19 16 22 33 41 39 39 38 39 43 52 61 68 71 91 109 125 137 155 160 165 177 188 198 208 213 218 226 232 231 238 239 239 239 239 239 238 238 241 241 241 242
228 228 228 228 228 226 225 225 228 228 228 228 228 228 228 228 228 227 227 227 228 229 231 231 230 231 232 233 233 232 231 230 229 230 231 231 230 229 228 227 227 229 241 76 0 3 0 23 209 240 226 239 249 223 228 239 229 230 232 235 234 230 230 233 219 117 10 3 6 4 198 246 234 231 235 231 2 0 1 0 233 234 234 235 236 237 237 238 236 235 125 0 1 0 122 232 234 231 236 231 116 0 0 1 120 233 237 237 233 235 233 0 0 2 3 238 237 238 239 235 236 237 238 235 233 128 0 1 0 130 233 241 237 232 234 76 11 0 8 99 208 248 250 253 245 238 249 221 233 243 202 85 4 1 4 149 236 237 239 236 236 235 234 234 235 236 238 239 239 238 236 234 234 234 235 236 241 240 240 239 239 238 238 237 240 239 239 238 239 240 241 242 239 239 238 238 237 236 236 236 241 241 240 240 239 238 238 238 239 239 238 238 238 237 237 237 241 239 237 237 238 238 237 235 238 236 235 236 238 238 237 236 240 239 238 237 236 235 235 234 237 239 240 240 238 238 239 241 239 238 237 238 239 240 239 238 238 238 238 238 238 237 237 236 238 238 237 236 234 235 238 241 241 239 237 234 233 234 235 236 240 238 236 234 233 234 236 237 234 235 235 235 235 235 235 234 234 234 234 234 234 234 234 234 234 234 234 234 234 234 234 234 232 232 232 232 232 232 232 232 233 233 233 232 232 232 231 230 231 226 220 215 214 206 188 170 124 81 38 23 23 18 17 19 18 14 12 9 9 11 22 33 21 8 7 13 14 18 23 20 28 62 98 85 39 18 30 41 29 22 17 15 18 23 28 29 26 22 16 10 7 8 11 14 21 19 15 12 9 7 4 3 7 7 7 6 6 5 5 5 9 10 10 10 10 9 10 10 10 8 8 13 14 12 13 15 11 9 10 13 15 15 13 11 11 12 14 14 12 11 12 14 14 13 12 10 11 10 9 8 9 9 11 11 11 11 11 11 13 13 14 12 12 11 9 8 8 13 16 14 22 36 46 45 48 45 46 47 53 66 80 90 99 119 136 146 160 162 165 177 190 199 209 213 219 227 233 232 241 240 239 238 238 238 238 239 244 244 244 244
230 230 230 230 230 229 228 227 228 228 228 228 228 228 228 228 229 229 228 228 229 230 231 232 231 232 234 235 235 234 232 231 232 232 232 232 231 230 229 228 233 239 227 176 0 4 0 5 95 235 240 216 246 227 217 245 232 235 235 231 227 229 235 240 243 49 0 0 0 60 248 241 237 234 237 233 3 0 2 0 233 234 234 235 235 236 236 236 237 236 125 0 1 0 123 233 235 232 236 232 117 0 0 1 121 234 238 237 233 235 233 0 0 2 4 238 238 238 240 236 237 238 239 235 233 129 0 1 0 132 233 234 235 237 245 52 9 0 0 178 241 241 236 214 228 237 226 245 234 246 250 43 3 1 3 149 236 237 239 237 234 235 236 238 238 238 237 236 240 239 237 235 234 234 235 236 241 241 240 240 239 239 238 238 236 237 239 240 240 240 239 238 241 240 240 239 239 238 238 237 241 241 240 240 239 238 238 238 240 239 239 239 238 238 237 237 239 237 236 236 237 237 235 233 239 237 236 237 238 239 237 236 240 240 239 238 237 236 235 235 238 240 241 240 239 238 239 241 239 238 237 237 239 239 238 237 238 238 237 237 236 236 236 236 239 239 238 235 234 235 238 241 241 239 237 234 233 234 235 236 240 239 236 234 233 234 236 237 234 233 233 233 233 233 233 234 234 234 234 234 234 234 234 234 234 234 234 234 234 234 234 234 232 232 232 232 232 232 232 232 233 233 233 232 232 232 231 230 231 225 218 214 212 202 174 147 86 47 15 14 21 19 18 22 17 13 11 10 10 13 25 38 21 7 6 10 8 13 23 22 34 70 104 86 38 14 16 15 24 24 24 19 21 24 35 44 31 24 18 11 6 5 6 8 9 13 14 10 5 2 4 7 7 6 6 5 5 5 5 5 9 8 8 8 8 9 8 8 8 6 7 11 12 10 11 14 8 8 11 15 18 16 12 8 7 9 11 11 10 11 13 15 13 13 12 10 11 9 7 6 7 7 9 9 9 9 9 9 12 12 11 9 9 9 7 6 6 11 13 12 23 41 52 49 50 53 58 57 58 66 83 97 105 124 140 149 163 165 169 182 193 202 211 214 220 228 234 234 241 240 238 237 237 238 238 239 241 241 241 240
230 230 231 231 231 230 229 228 227 227 227 227 227 227 227 227 231 231 230 229 229 230 230 231 230 231 231 232 232 231 231 230 233 233 232 231 231 230 230 230 238 219 238 226 75 0 0 3 0 129 230 242 225 235 243 214 230 235 233 229 234 244 239 224 178 10 0 18 0 97 223 216 237 234 238 233 4 0 2 0 237 237 236 235 234 233 232 232 237 236 125 0 1 0 124 235 236 232 237 232 117 0 0 1 121 233 237 237 233 235 233 0 0 1 3 237 237 238 240 237 237 238 239 236 234 129 0 2 0 125 237 234 240 239 239 34 1 0 0 205 232 221 244 243 223 255 220 237 245 241 220 13 2 0 2 148 236 237 239 236 234 235 237 239 239 237 235 233 239 238 237 236 236 235 236 236 238 237 237 237 237 237 236 236 232 234 236 238 238 237 236 234 240 240 240 239 239 239 239 239 237 237 237 236 236 236 236 236 238 238 238 237 236 235 235 235 237 236 236 237 238 238 236 234 239 237 236 236 238 238 237 235 239 238 238 237 237 236 236 235 237 238 239 238 236 235 236 237 237 236 234 235 236 236 235 233 236 236 234 234 233 233 234 234 237 237 236 233 232 232 235 238 239 238 236 234 234 234 235 235 237 236 234 233 233 233 235 235 234 233 232 232 232 232 233 234 235 235 235 235 235 235 235 235 234 234 234 234 234 234 234 234 232 232 232 232 232 232 232 232 230 230 230 230 229 229 228 227 225 221 215 211 208 191 155 118 65 36 16 16 22 19 18 20 11 11 12 16 16 16 24 31 21 7 6 8 3 7 17 17 22 42 64 61 50 51 45 24 34 34 31 23 16 17 25 31 26 22 18 11 7 4 3 4 4 10 14 11 5 2 6 11 9 9 8 7 6 6 7 7 8 6 5 6 7 8 7 6 8 5 6 10 11 9 10 13 8 8 11 16 18 17 12 8 6 7 9 10 10 12 15 17 14 14 13 12 12 9 7 6 7 7 9 9 9 9 9 9 11 11 9 7 8 6 7 6 5 8 11 11 24 44 56 55 53 60 69 72 71 74 84 93 102 118 130 138 155 161 168 181 196 203 212 215 220 228 235 235 240 239 238 237 237 239 239 240 242 242 242 241
227 228 229 229 229 229 229 228 229 229 229 229 229 229 229 229 233 233 231 230 230 229 230 230 230 230 229 229 229 229 230 230 231 231 230 230 230 230 230 230 234 210 251 231 189 71 7 0 12 5 123 232 231 227 240 235 229 234 230 229 242 237 182 118 9 0 1 0 15 174 252 237 235 232 236 231 2 0 1 0 238 238 237 236 234 233 232 232 237 235 124 0 1 1 126 237 237 233 237 233 117 0 0 1 119 232 236 236 233 235 233 0 0 1 1 235 235 237 241 239 236 237 238 236 234 130 0 3 0 119 242 233 243 238 227 31 0 2 9 185 237 230 234 236 246 226 250 218 237 226 70 4 1 0 1 147 235 236 238 236 237 237 237 236 236 235 234 233 237 237 237 238 237 237 236 236 236 236 236 236 236 237 237 237 235 235 236 236 237 237 237 237 237 237 237 238 238 238 238 238 235 235 235 235 236 236 236 236 239 239 238 237 236 235 235 234 237 236 236 238 240 240 238 236 239 237 236 236 237 237 236 234 237 237 237 236 236 236 236 236 238 239 239 238 235 233 234 235 238 237 235 235 236 237 235 234 238 237 236 234 234 234 235 236 236 236 236 234 232 232 234 236 235 235 235 234 234 234 234 234 234 234 234 234 235 235 235 236 235 234 233 232 232 233 234 235 235 235 235 235 235 235 235 235 233 233 233 233 233 233 233 233 232 232 232 232 232 232 232 232 229 229 229 229 228 228 227 226 222 219 213 207 200 176 128 81 42 26 16 16 21 19 19 20 15 14 14 13 12 10 17 24 22 10 9 10 3 3 10 8 7 12 23 31 51 80 79 50 44 37 29 19 13 9 9 9 13 12 12 9 8 6 4 3 4 7 9 8 6 4 6 7 9 8 7 6 5 6 7 7 7 5 3 4 7 8 6 4 7 5 6 10 11 9 10 13 11 8 9 11 14 14 13 11 7 9 10 10 10 12 15 18 14 14 14 13 13 10 7 6 8 8 10 10 10 10 10 10 10 10 9 7 8 7 9 8 9 11 13 15 29 52 65 63 63 67 74 82 88 94 100 103 111 121 126 130 148 157 166 179 196 203 211 214 219 227 234 234 239 239 239 240 240 241 241 242 244 244 243 243
224 225 226 227 228 228 228 228 230 230 230 230 230 230 230 230 235 234 232 231 230 229 229 229 232 231 229 228 228 229 231 232 230 229 229 228 228 229 229 230 228 236 225 235 232 199 28 8 0 0 14 61 176 240 217 232 234 237 230 228 235 203 92 0 1 0 0 12 152 233 236 227 233 230 234 229 0 0 0 0 235 236 236 236 236 236 236 236 236 235 123 0 1 1 127 239 237 233 238 233 117 0 0 1 118 231 235 235 232 235 233 0 0 1 0 233 233 236 241 239 236 237 238 236 235 131 0 4 9 120 240 220 236 239 237 62 9 0 0 116 226 250 232 230 236 238 231 250 146 12 1 0 0 0 0 146 234 235 238 235 240 238 236 233 232 232 233 234 235 236 238 239 239 238 236 235 236 237 237 238 238 239 239 240 240 239 238 237 237 239 241 242 234 235 235 236 236 237 237 237 235 236 236 237 237 238 238 239 242 241 241 240 239 238 237 237 237 237 237 240 242 242 240 238 239 237 235 235 236 236 235 233 235 235 236 236 236 236 236 236 241 242 242 240 236 234 234 235 242 240 239 239 240 240 238 236 242 241 239 238 237 238 239 240 237 238 238 236 234 234 235 236 232 233 234 235 235 235 234 234 235 235 237 238 238 238 238 238 237 236 234 233 233 234 236 237 235 235 235 235 235 235 235 235 233 233 233 233 233 233 233 233 232 232 232 232 232 232 232 232 233 233 233 230 230 228 227 225 221 218 212 202 192 162 106 54 20 16 11 13 17 20 20 21 25 19 11 7 3 3 13 24 26 13 16 17 8 4 8 4 9 10 9 10 29 63 69 42 36 27 15 11 12 14 10 6 4 5 8 11 10 9 7 5 5 4 5 4 7 5 5 0 9 5 6 3 4 3 6 6 9 6 4 5 8 9 7 3 9 5 6 10 11 9 10 13 11 9 7 7 9 12 13 13 10 11 11 11 10 12 15 18 14 14 14 13 13 10 7 5 9 9 11 11 11 11 11 11 10 10 8 9 8 9 10 10 15 17 18 20 36 59 71 72 76 72 73 82 98 112 121 124 132 137 135 137 152 162 170 184 195 204 210 213 219 227 233 233 239 240 241 243 244 245 244 245 240 240 239 239
229 229 229 230 230 231 231 231 232 231 230 230 232 233 231 230 228 229 231 232 231 229 227 226 229 233 235 234 230 228 229 231 227 227 227 228 228 229 229 229 230 221 229 236 238 224 121 0 5 0 0 0 3 44 139 231 238 216 207 158 92 1 0 9 8 0 24 136 228 247 236 236 223 237 234 232 3 0 0 9 233 233 233 234 234 235 235 235 229 245 131 0 0 0 125 238 229 234 241 236 114 2 11 0 110 236 231 237 226 236 226 5 7 0 2 234 240 231 237 247 228 246 236 233 234 122 0 7 0 119 248 234 247 244 220 113 0 3 0 30 139 233 250 235 229 242 243 107 6 5 0 21 3 0 1 132 227 230 243 238 236 236 236 237 238 239 241 242 233 235 238 238 237 237 238 239 234 235 238 240 241 242 241 241 238 241 242 242 240 240 242 244 236 237 239 240 241 241 240 239 236 237 239 240 240 239 237 236 237 241 244 243 240 238 238 240 239 237 235 238 242 245 244 242 234 235 236 237 237 237 237 236 236 235 234 234 234 234 235 236 235 236 238 239 239 238 236 235 238 237 235 234 234 235 237 238 236 237 239 240 240 239 238 237 236 236 236 236 236 236 236 236 233 234 236 237 237 236 234 233 230 231 234 237 238 238 237 236 233 233 233 234 234 235 235 235 235 235 235 235 235 235 235 235 230 232 234 234 232 231 232 233 233 234 234 234 233 231 229 229 237 239 235 231 226 226 225 226 206 222 205 193 198 157 82 46 19 18 15 14 12 14 18 19 13 11 10 9 9 9 11 12 24 21 17 15 15 15 13 12 15 15 10 3 0 4 16 27 34 30 23 16 12 11 12 13 1 0 3 7 12 15 15 13 8 10 8 2 3 6 9 6 5 4 5 5 6 6 7 7 2 4 6 9 10 10 9 7 2 4 8 12 14 14 11 9 10 4 3 7 10 11 12 15 2 2 4 7 12 16 17 18 12 14 12 9 6 4 7 8 0 2 7 10 12 12 10 9 5 6 6 6 7 8 12 15 15 8 4 14 34 57 72 75 74 72 76 89 108 125 134 136 139 146 155 160 162 169 177 185 194 200 208 215 221 226 233 238 233 236 239 243 247 248 248 247 240 239 239 239
229 229 229 230 230 231 231 231 232 230 229 230 231 232 231 229 227 228 229 230 230 228 226 225 225 227 229 230 230 230 231 232 227 227 228 228 228 229 229 229 231 225 231 232 230 234 180 84 0 2 6 4 3 5 3 0 0 7 6 0 0 4 9 0 0 22 120 224 250 217 217 254 238 235 229 241 0 7 0 0 233 233 233 234 234 235 235 235 231 238 125 0 9 7 127 229 248 234 229 226 114 2 6 0 114 249 226 239 237 244 242 4 0 8 0 236 235 241 245 227 229 237 234 245 246 128 0 4 5 119 234 222 242 248 246 175 1 0 0 0 16 45 89 132 128 62 14 8 11 3 7 32 1 0 2 98 248 236 242 238 237 237 237 237 238 240 241 242 241 243 243 241 238 236 235 236 239 240 240 241 240 239 237 236 240 239 238 239 241 242 241 240 237 238 239 241 241 240 239 238 237 237 239 239 239 239 237 237 239 241 243 242 239 237 237 239 238 237 237 238 241 242 242 241 235 235 236 236 237 237 237 237 236 236 235 235 235 235 236 236 235 236 238 239 239 238 236 235 237 237 236 235 235 236 237 237 238 239 239 239 239 239 238 238 237 237 237 237 237 237 237 237 235 235 236 236 236 236 235 235 231 233 235 237 238 237 236 235 233 233 233 234 234 235 235 235 235 235 235 235 235 235 235 235 230 232 234 234 232 231 232 233 233 233 233 233 232 231 230 231 234 234 232 231 227 224 221 220 215 217 201 189 184 128 57 35 19 19 17 14 13 13 16 17 12 11 10 9 10 11 13 14 22 19 15 13 13 12 10 9 13 12 10 5 3 5 13 19 27 24 18 13 10 9 10 11 3 3 5 9 13 15 15 13 8 9 8 4 3 7 8 5 5 5 5 6 6 7 7 7 5 7 7 10 11 10 8 8 5 6 9 12 14 15 12 11 12 6 4 8 10 10 11 13 10 9 10 13 16 19 19 18 14 16 15 11 8 6 7 9 6 6 9 10 10 9 8 7 5 6 7 6 6 9 11 13 15 8 7 18 38 61 75 78 71 73 85 100 118 135 147 153 155 162 169 173 174 177 184 191 199 206 214 221 225 229 236 240 238 239 243 245 247 250 249 247 241 240 240 240
229 229 230 230 230 230 231 231 231 229 228 229 230 231 230 228 227 227 228 229 229 227 226 224 221 222 223 227 230 233 233 232 227 228 228 228 229 229 229 229 230 228 236 231 222 236 231 193 138 72 13 0 2 0 0 6 0 0 2 17 12 9 2 6 64 149 226 241 232 236 240 233 228 230 233 245 0 0 3 7 233 233 234 234 234 234 235 235 236 237 130 1 0 0 123 236 229 228 239 237 119 0 0 6 125 251 220 245 245 235 229 1 6 18 0 242 237 228 238 237 244 237 229 238 232 117 0 0 3 130 246 234 237 229 250 237 126 51 0 0 1 4 3 1 0 27 0 0 28 93 179 177 1 12 8 57 242 222 231 238 238 238 237 238 238 239 240 241 235 237 239 239 239 239 241 243 241 241 241 240 239 238 236 236 241 237 235 237 241 243 240 237 238 239 240 241 241 239 238 237 237 238 238 239 239 238 238 237 240 241 241 239 236 235 236 237 236 237 238 238 238 238 239 241 235 235 236 236 237 237 237 237 238 237 237 236 236 237 237 238 235 236 238 239 239 238 236 235 237 237 236 236 236 236 237 237 241 240 239 238 237 237 237 237 237 237 237 237 237 237 237 237 237 237 236 236 236 236 237 237 233 234 236 237 237 236 234 233 233 233 233 234 234 235 235 235 235 235 235 235 235 235 235 235 230 232 234 234 232 231 231 232 233 233 232 231 231 231 232 233 235 237 236 233 229 225 220 217 218 207 185 169 148 85 28 20 15 16 16 14 13 12 14 14 11 10 10 9 10 11 13 15 17 15 11 10 9 8 6 5 10 9 8 7 7 7 8 9 16 14 12 9 7 7 7 8 5 5 6 8 11 13 12 11 5 8 8 4 4 6 6 3 5 5 6 6 6 6 7 7 7 8 8 9 10 10 8 7 8 9 9 11 14 15 15 14 14 7 5 8 10 9 10 13 13 12 11 13 14 15 13 12 13 13 14 11 7 5 7 8 8 8 9 8 8 8 8 9 6 7 7 7 6 7 8 10 15 9 10 21 43 64 75 77 71 78 93 110 129 146 160 169 176 181 185 188 188 191 195 199 207 212 221 225 229 232 239 244 242 243 246 246 248 247 249 246 247 246 246 246
230 230 230 230 230 230 230 230 230 229 227 228 230 230 229 228 228 229 229 229 229 228 227 226 223 221 222 226 232 235 234 232 228 228 228 229 229 229 230 230 227 229 238 233 220 228 239 233 240 236 178 76 7 0 3 0 7 0 0 12 0 0 76 198 219 229 236 236 235 236 235 233 247 246 236 222 14 2 0 0 234 234 234 234 234 234 234 234 231 220 124 13 0 16 134 236 242 242 245 224 114 9 0 0 98 241 241 231 228 246 220 2 0 0 9 231 243 234 236 241 236 237 241 245 229 128 15 4 0 121 236 248 255 231 234 235 243 243 184 60 0 0 20 0 0 0 14 154 241 227 238 228 19 9 0 30 227 244 249 238 238 237 237 237 237 238 238 239 230 232 234 236 237 239 242 245 238 239 239 239 239 239 239 239 239 238 238 238 240 241 240 239 239 240 241 241 240 239 237 236 238 238 238 238 238 238 238 238 241 240 238 236 235 234 235 236 234 237 240 239 236 235 237 240 236 236 236 236 236 237 238 238 239 238 238 237 237 238 238 239 236 237 237 238 238 237 237 236 237 237 237 236 236 237 237 237 241 240 238 236 235 235 235 236 238 238 238 238 238 238 238 238 239 238 236 235 235 236 238 239 235 236 236 236 236 235 233 233 233 233 233 234 234 235 235 235 235 235 235 235 235 235 235 235 231 233 234 234 232 231 231 232 233 232 231 230 230 232 233 235 241 239 237 233 229 223 217 212 211 192 159 128 97 45 10 10 13 14 14 13 12 11 12 11 8 8 8 8 9 10 12 13 12 10 8 7 8 8 6 5 10 8 7 7 8 7 5 3 7 6 6 5 5 5 5 5 6 5 5 6 8 9 8 7 3 7 7 4 4 6 5 1 6 6 6 6 6 6 6 6 8 9 8 9 9 9 7 6 11 11 10 11 13 16 17 17 13 7 5 8 11 10 11 14 14 13 12 12 12 11 8 5 8 9 11 9 6 4 6 7 7 6 7 7 8 10 13 15 8 8 9 7 6 6 6 8 13 8 12 25 47 67 78 79 79 82 96 114 136 156 171 178 191 195 200 201 202 203 205 208 213 218 226 228 231 233 240 245 242 242 245 246 247 247 249 247 249 248 248 248
230 230 230 230 230 230 230 230 230 229 227 228 230 230 229 228 230 231 231 231 230 230 229 228 228 226 225 228 233 235 233 230 228 228 229 229 229 230 230 230 229 229 233 233 225 225 230 230 233 219 224 245 238 184 115 73 74 64 59 109 146 198 218 241 246 239 235 235 234 231 232 236 229 230 232 247 212 230 235 239 234 234 234 234 234 234 234 234 230 247 237 223 239 223 227 232 229 226 232 244 233 230 245 239 251 238 222 243 237 224 242 225 254 246 220 249 224 235 236 229 246 241 233 224 235 231 215 240 229 250 250 225 236 231 237 245 245 217 220 224 180 132 121 125 162 201 227 237 235 236 241 231 240 254 242 221 243 221 228 237 238 237 236 235 235 235 236 236 238 239 238 237 235 234 236 238 239 239 239 239 239 239 239 240 236 241 244 243 239 237 241 245 239 240 241 241 240 239 237 236 238 238 238 238 238 238 238 238 241 239 237 235 235 235 235 236 234 237 239 238 235 234 237 239 237 237 236 236 236 237 239 239 239 239 238 238 238 238 239 239 237 237 237 237 237 237 237 237 237 237 237 238 238 237 237 237 239 238 236 234 233 233 233 234 238 238 238 238 238 238 238 238 239 238 236 235 235 236 238 239 236 236 236 236 235 234 233 233 233 233 233 234 234 235 235 235 235 235 235 235 235 235 235 235 231 233 234 234 232 230 230 231 233 232 231 230 230 232 233 235 239 236 231 228 224 218 214 209 207 180 133 88 54 26 10 11 11 13 13 12 11 10 11 10 6 6 7 7 8 9 9 10 7 6 6 7 9 10 9 7 11 9 7 6 6 6 5 3 2 2 3 4 4 4 4 4 7 5 3 4 5 6 5 4 3 7 7 4 4 6 5 1 6 6 6 6 6 6 6 6 9 9 8 8 9 8 7 7 12 12 11 11 14 17 18 19 12 7 6 10 13 12 13 16 18 17 16 16 16 14 10 7 4 6 7 7 7 7 7 9 8 7 6 5 8 11 14 16 7 7 10 9 7 6 7 7 10 8 13 28 53 72 83 85 89 87 94 115 145 169 182 185 199 203 209 211 212 213 214 216 220 224 228 230 231 232 239 243 240 240 243 244 246 247 248 248 243 242 242 242
231 231 230 230 230 230 229 229 231 229 228 229 230 231 230 228 232 232 231 231 231 230 230 230 231 230 230 231 233 233 232 230 229 229 229 229 230 230 230 231 234 230 227 228 231 231 230 231 218 244 245 218 211 232 240 226 215 230 235 236 227 236 238 241 217 235 241 231 229 240 241 230 245 243 235 226 244 236 230 231 235 235 234 234 234 234 233 233 229 232 232 233 247 243 238 233 241 240 237 232 229 239 242 227 227 231 246 233 226 241 239 232 231 226 239 237 230 242 236 235 234 238 245 233 235 244 235 244 239 238 234 232 245 241 234 229 235 244 251 243 228 230 238 235 228 231 252 242 238 247 233 238 243 242 234 243 242 254 245 232 239 238 237 236 235 235 235 235 239 239 239 238 237 237 240 243 242 242 240 239 238 237 237 237 235 242 247 245 238 235 241 248 238 239 240 241 241 239 238 237 239 238 238 237 237 238 238 239 240 238 236 236 237 238 237 236 235 236 237 237 237 237 238 239 238 237 236 236 236 237 239 240 239 238 238 237 237 238 238 239 237 237 237 237 237 237 237 237 237 237 238 238 238 238 237 237 237 236 235 234 234 233 234 234 237 237 237 237 237 237 237 237 237 237 236 236 236 236 237 237 237 236 236 235 235 234 234 234 233 233 233 234 234 235 235 235 235 235 235 235 235 235 235 235 232 234 235 234 232 230 230 230 233 233 232 231 231 231 232 232 236 233 229 228 226 221 214 207 200 160 104 56 29 19 15 13 12 13 12 10 9 9 10 11 7 7 8 8 8 8 8 7 6 5 6 8 10 11 10 8 11 11 9 8 7 6 6 7 4 4 4 4 4 5 5 5 7 5 3 3 4 5 4 3 5 8 8 4 4 6 6 3 7 7 6 6 6 6 5 5 9 9 7 8 8 9 8 9 12 12 11 12 14 17 18 18 16 9 7 10 13 12 13 16 13 13 13 14 15 13 9 6 7 9 11 11 11 11 11 12 12 11 9 7 9 10 11 13 7 8 11 10 8 7 8 9 9 6 12 28 54 75 87 87 93 89 95 120 153 180 191 193 205 207 213 217 219 221 222 222 224 227 230 230 230 231 238 243 239 240 242 243 245 247 249 249 243 242 242 242
231 231 231 230 230 229 229 229 232 230 229 230 231 232 231 229 232 231 230 230 229 229 229 230 231 232 234 233 232 230 230 231 229 229 229 230 230 230 231 231 233 233 226 225 232 234 232 235 236 228 232 246 248 236 230 235 240 236 242 239 239 225 230 235 245 221 221 245 247 226 225 246 229 235 238 231 237 230 233 239 235 235 235 234 234 233 233 233 239 235 237 232 224 227 232 240 223 234 248 242 234 237 235 234 235 231 239 238 234 234 229 231 248 234 229 243 233 231 231 248 244 235 240 228 224 236 234 240 243 240 244 246 234 229 233 235 231 228 227 239 252 246 237 240 245 230 240 242 246 248 233 240 236 244 244 246 232 242 233 236 241 241 239 238 237 237 236 237 235 236 237 237 237 240 244 247 242 241 239 238 237 238 238 239 236 240 244 242 238 237 240 245 237 238 239 241 241 240 239 238 239 239 237 237 237 237 239 239 238 236 235 237 240 240 238 236 236 235 235 236 239 240 240 239 239 238 236 236 236 238 240 241 238 238 237 237 237 237 238 238 238 237 237 236 236 237 237 238 237 237 238 239 239 238 237 237 236 236 237 237 237 236 236 235 237 237 237 237 237 237 237 237 235 235 236 236 236 236 235 235 236 236 235 235 234 234 235 235 233 233 233 234 234 235 235 235 235 235 235 235 235 235 235 235 232 234 235 234 232 230 229 230 233 233 233 233 232 231 230 230 232 229 229 228 224 216 204 193 178 120 64 34 21 15 16 14 13 13 12 9 8 8 11 12 10 10 11 10 10 9 8 7 7 7 7 8 10 10 7 5 8 11 14 13 9 7 8 9 8 8 7 6 5 6 6 7 9 7 4 4 5 6 5 5 8 9 8 4 3 7 8 5 7 7 7 6 6 5 5 5 8 8 6 7 8 9 10 10 11 11 11 13 15 17 17 17 20 12 9 11 12 10 10 12 8 9 10 13 15 14 10 7 9 11 14 13 11 8 10 10 11 10 10 8 8 9 10 10 7 9 12 12 10 9 9 10 11 9 11 25 47 64 75 76 80 83 97 125 161 187 200 203 212 215 218 223 227 227 228 227 228 230 232 232 232 233 238 242 243 242 242 242 245 246 247 248 246 245 245 245
231 231 231 230 230 229 229 229 232 231 230 230 232 233 231 230 231 230 229 228 228 228 228 229 229 232 235 234 230 228 230 232 229 229 229 230 230 231 231 231 228 235 230 225 232 232 228 232 232 234 233 229 228 231 235 236 237 231 235 220 238 234 241 228 233 239 239 233 231 234 236 233 240 231 233 242 230 238 239 229 235 235 235 234 234 233 233 233 245 230 231 234 229 239 234 231 242 234 235 232 234 236 230 234 232 238 228 235 241 238 241 228 225 248 223 245 229 242 241 230 241 224 237 242 239 243 235 236 244 230 235 245 231 234 240 234 240 248 235 226 240 241 233 240 234 235 238 240 238 233 233 236 235 244 238 227 233 240 232 247 244 243 241 240 239 238 238 238 241 241 239 236 233 233 235 237 237 237 236 237 238 240 243 244 237 238 239 239 239 239 240 241 236 237 239 240 241 241 240 239 240 239 237 236 236 237 239 240 236 235 235 238 242 242 240 236 237 234 233 236 240 243 242 239 239 238 236 235 236 238 240 241 238 237 237 236 236 237 237 238 238 237 237 236 236 237 237 238 236 237 239 240 240 239 237 236 236 237 239 240 240 239 238 237 236 236 236 236 236 236 236 236 233 234 236 237 237 236 234 233 236 235 235 234 234 235 235 236 233 233 233 234 234 235 235 235 235 235 235 235 235 235 235 235 232 234 235 234 232 230 229 230 233 234 234 234 233 231 229 228 224 221 222 222 215 202 182 169 154 82 30 21 17 11 10 12 15 14 11 8 7 8 12 13 12 12 13 13 11 10 8 7 9 8 8 8 9 8 5 2 5 11 17 17 12 8 8 10 12 11 9 7 6 7 7 8 11 8 5 5 6 7 7 7 9 11 8 3 3 7 9 7 7 7 7 6 6 5 5 5 7 7 6 6 8 10 10 11 10 10 11 13 15 17 16 17 24 15 11 12 12 8 7 9 10 11 14 17 20 20 17 14 10 12 14 12 9 5 6 6 7 7 8 9 10 11 13 14 7 9 13 13 11 10 10 11 15 11 10 20 36 52 60 59 64 74 97 130 164 189 204 210 217 219 223 228 232 232 231 229 232 232 234 233 232 233 238 242 247 246 245 244 245 246 247 245 243 243 243 243
227 227 228 230 230 230 230 230 230 230 231 231 231 232 232 232 232 232 232 230 229 229 231 234 228 229 231 232 233 232 232 231 229 228 226 225 225 226 228 229 230 230 230 230 230 230 230 230 231 231 232 233 233 234 235 235 230 231 233 234 234 233 231 229 231 231 231 231 231 231 231 231 233 232 231 232 233 233 231 229 230 231 232 233 235 236 237 238 235 234 232 231 232 235 239 241 230 232 235 236 235 233 232 231 233 235 238 239 237 235 235 235 234 233 236 242 242 238 235 236 235 236 239 241 237 232 235 242 240 237 234 234 237 239 241 241 250 244 239 237 240 240 237 233 235 235 236 238 240 240 238 236 236 237 237 238 238 237 237 236 240 239 239 238 238 237 237 236 238 238 238 238 238 238 238 238 234 235 236 236 235 235 237 240 237 238 238 239 239 238 238 237 233 235 239 242 241 238 236 238 240 238 237 237 238 239 238 237 236 235 235 235 237 240 242 244 237 236 236 238 240 241 240 238 230 231 233 235 237 239 241 241 236 236 236 236 236 236 236 236 239 238 237 237 239 240 239 237 238 237 235 234 234 235 237 238 236 236 235 235 235 234 234 234 236 236 236 236 237 238 239 240 236 235 234 234 236 236 235 234 236 236 236 236 236 236 236 236 235 234 233 232 232 232 232 233 234 234 234 235 235 236 236 236 233 232 232 231 231 232 232 233 233 233 234 234 233 232 230 228 224 221 215 211 208 194 164 138 84 56 28 18 20 17 11 9 8 13 15 9 6 8 12 11 11 13 12 7 6 8 7 4 13 12 10 8 7 7 7 8 9 11 16 18 15 11 11 14 4 5 5 6 6 5 5 4 6 4 3 4 6 6 5 4 5 5 5 6 6 7 7 8 13 12 10 9 8 7 7 7 10 11 9 9 8 9 11 14 11 10 9 10 12 16 17 20 15 16 15 13 11 10 12 14 13 13 15 18 20 21 20 16 7 13 19 18 12 9 12 17 11 15 13 8 9 15 16 13 6 11 16 16 13 10 11 13 10 12 14 18 24 31 40 45 43 69 97 125 166 196 208 214 216 218 223 227 231 233 234 233 234 235 237 236 235 235 237 239 239 240 243 244 245 246 246 246 239 240 243 247
227 228 229 230 230 230 230 230 228 228 229 229 229 230 230 230 231 231 231 230 228 229 231 233 228 229 231 232 233 232 231 231 230 229 228 227 227 228 229 230 230 230 230 230 230 230 230 230 231 231 232 233 233 234 235 235 231 232 234 236 236 235 233 232 228 228 228 228 229 229 229 229 235 234 233 234 235 235 233 231 230 231 232 233 235 236 237 237 235 234 233 232 233 235 237 239 230 232 235 236 235 233 232 232 236 238 238 237 236 236 237 239 234 232 234 239 239 236 234 236 235 236 238 240 236 231 234 241 237 236 234 235 237 239 240 239 247 242 237 236 238 239 237 233 236 235 235 237 239 239 238 236 237 238 238 239 239 239 239 238 236 236 237 238 238 239 240 240 237 237 237 237 237 237 236 236 235 236 237 236 235 235 237 239 238 238 239 239 239 239 238 238 235 237 241 243 241 238 237 238 241 238 235 234 236 238 239 239 236 236 236 237 238 240 241 241 236 235 234 234 236 237 236 235 232 233 234 235 237 238 240 240 236 236 236 236 236 236 236 236 237 235 234 235 236 237 236 234 239 238 237 236 236 237 238 239 238 238 237 237 237 236 236 236 238 238 237 236 236 236 237 237 236 234 233 234 235 236 235 233 235 235 235 235 235 235 235 235 235 234 233 233 232 232 233 233 234 234 234 235 235 236 236 236 233 233 232 232 232 232 233 233 232 232 233 233 232 231 229 227 220 221 216 205 194 170 125 83 49 33 17 12 13 11 10 10 9 13 14 9 6 8 12 11 11 13 13 8 7 10 10 7 9 10 11 12 11 9 7 6 8 9 12 14 12 10 9 10 6 6 7 7 7 7 6 6 8 6 5 6 8 8 7 6 6 6 6 6 7 7 8 8 10 9 8 7 7 6 7 7 10 10 9 8 7 8 10 13 12 11 9 9 11 13 14 16 14 14 13 11 9 9 12 15 12 12 13 14 16 17 17 16 9 13 16 15 11 10 13 16 15 18 16 10 10 14 14 11 5 9 14 13 10 7 8 10 10 10 11 11 12 15 18 19 23 48 76 107 155 189 204 212 219 222 228 230 235 236 237 237 237 237 239 238 237 237 239 241 240 241 243 244 245 245 245 245 242 241 241 243
228 228 229 230 230 230 230 229 226 226 227 227 228 228 228 228 230 231 231 230 228 228 230 232 229 230 231 232 232 232 231 231 231 230 229 228 228 229 230 231 231 231 231 231 231 231 231 231 229 229 230 231 231 232 233 233 230 232 234 235 236 235 234 233 231 231 231 232 233 233 234 234 237 236 235 236 237 236 234 232 231 231 232 233 234 235 236 236 235 235 234 234 234 235 235 235 232 233 234 235 235 234 233 232 239 239 238 236 235 235 239 241 235 232 232 236 236 234 234 237 234 234 236 238 235 231 233 239 235 235 235 236 239 240 239 237 243 239 236 235 238 238 236 234 238 236 235 235 237 239 238 237 238 238 238 239 240 240 240 241 236 237 237 238 238 239 239 240 238 237 237 236 236 235 235 235 237 238 238 237 235 234 236 238 239 239 240 240 240 240 239 239 238 240 243 243 241 240 239 239 241 237 233 232 234 238 240 242 236 237 238 240 240 240 239 238 238 236 233 233 234 235 235 234 234 235 235 236 237 238 238 238 236 236 236 236 236 236 236 236 239 238 237 237 239 240 238 237 239 239 238 237 237 238 239 239 240 240 239 239 238 238 238 238 240 239 238 237 236 235 236 236 235 234 233 233 235 235 234 233 235 235 235 235 235 235 235 235 235 235 234 233 232 232 233 233 234 234 234 234 235 235 235 235 234 233 233 232 232 233 233 234 230 231 232 232 231 229 227 225 214 217 211 192 170 133 77 26 23 18 16 16 14 11 12 18 9 13 14 9 7 9 12 10 12 14 14 10 9 12 13 10 6 8 12 15 15 12 8 5 10 10 11 12 13 13 10 8 8 8 8 8 8 8 8 8 10 9 8 8 10 10 9 8 6 6 6 7 7 7 7 8 8 7 6 6 5 6 6 7 9 10 8 8 7 8 10 13 13 12 9 9 9 10 9 10 12 12 11 8 7 9 12 16 17 17 17 17 17 18 19 19 12 11 11 10 11 11 12 13 18 19 18 13 11 12 11 8 7 10 14 13 11 7 8 9 11 11 12 10 7 6 6 4 11 34 61 96 151 191 209 217 223 226 231 234 238 239 239 239 238 240 241 241 240 240 241 243 242 242 243 243 243 243 242 242 247 243 240 238
229 229 230 231 231 230 230 229 226 226 227 227 227 228 228 228 229 230 231 230 229 228 230 231 230 231 231 231 231 231 231 231 231 230 229 228 228 229 230 231 231 231 231 231 231 231 231 231 230 230 230 231 231 232 232 232 231 232 233 235 235 235 235 235 233 233 234 234 235 236 236 237 236 235 235 235 236 236 234 232 232 232 232 233 234 234 235 235 234 235 236 236 235 234 233 232 233 233 233 234 235 235 233 232 237 238 238 236 235 235 237 240 236 233 232 234 235 233 234 238 234 233 234 237 235 231 232 237 235 235 236 239 241 241 239 236 240 238 236 236 238 239 237 235 240 237 235 234 236 238 238 238 237 237 237 238 239 240 240 241 241 240 239 239 237 237 236 235 239 239 238 237 237 236 236 235 238 239 239 237 235 234 235 237 241 240 240 240 240 240 240 241 240 244 245 242 240 241 242 240 238 235 233 233 235 238 240 241 236 238 240 242 242 240 237 235 243 240 236 234 235 236 236 236 237 237 237 237 237 237 237 237 236 236 236 236 236 236 236 236 239 238 237 238 239 240 239 237 238 238 238 237 237 238 238 238 240 240 239 239 239 238 238 238 239 238 237 236 236 236 236 237 235 233 232 233 234 235 234 232 234 234 234 234 234 234 234 234 236 235 234 233 233 233 233 234 234 234 234 234 234 234 234 235 234 234 233 233 233 233 234 234 229 229 230 230 230 228 226 222 218 212 205 188 155 105 49 14 18 18 18 18 15 13 15 17 10 13 13 8 7 10 12 10 12 15 15 11 11 14 15 12 6 8 12 14 15 12 9 7 15 15 13 13 16 18 15 9 8 8 7 7 7 7 8 8 12 10 9 9 10 11 9 8 5 5 5 5 6 6 6 6 7 6 6 6 6 7 7 8 10 11 9 8 8 9 11 14 13 12 9 8 7 7 5 5 10 9 8 5 5 7 11 15 18 18 17 16 15 16 18 19 15 11 8 8 11 13 13 11 18 18 18 14 12 11 9 8 13 15 18 16 15 12 12 13 11 13 15 15 11 9 9 6 10 30 55 92 149 194 213 223 225 227 231 235 238 239 240 239 239 240 242 241 240 240 241 243 243 243 243 243 243 242 241 240 248 244 239 237
230 230 231 231 231 230 230 229 227 228 228 228 229 229 229 230 229 230 232 231 230 229 230 231 232 231 231 231 231 231 231 231 230 229 228 227 227 228 229 230 231 231 231 231 231 231 231 231 230 230 231 231 231 231 232 232 231 231 232 233 233 233 233 233 230 230 231 231 232 232 233 233 235 234 233 233 235 234 232 230 232 232 233 233 233 233 233 233 234 235 236 236 235 234 231 230 235 234 233 234 236 236 234 232 232 235 237 237 236 234 234 235 238 234 233 235 235 234 236 240 234 232 233 236 235 231 232 236 235 235 237 240 243 242 239 237 239 238 238 238 239 239 238 237 240 238 235 235 236 238 238 237 237 237 236 236 236 238 239 240 241 241 240 239 237 236 235 235 240 240 240 239 239 238 238 238 238 239 239 238 235 235 236 238 241 241 240 239 239 240 241 241 240 245 246 241 239 243 244 242 235 234 235 237 239 240 239 238 236 238 241 243 243 240 237 235 244 240 236 234 235 236 236 236 238 238 238 237 237 237 236 236 236 236 236 236 236 236 236 236 235 233 232 233 234 235 234 232 236 236 236 237 237 236 236 236 239 238 238 238 237 237 237 236 237 236 236 236 236 237 238 239 235 234 233 233 235 235 234 233 234 234 234 234 234 234 234 234 236 235 234 234 233 233 234 234 234 234 234 234 234 234 234 233 234 233 233 232 232 233 233 234 228 229 229 229 229 227 225 221 223 207 200 187 146 84 39 25 20 17 13 11 11 12 13 12 11 13 12 8 8 10 12 9 12 15 15 11 11 14 15 12 9 9 10 11 11 11 10 10 16 17 15 12 15 19 16 9 8 7 6 5 5 6 7 8 11 10 8 8 9 9 8 6 4 4 4 4 4 4 4 4 8 7 7 7 7 7 8 9 11 12 10 9 9 10 12 15 12 12 9 8 6 5 2 2 7 7 6 4 4 5 9 13 12 13 13 11 10 10 13 15 16 11 7 8 11 14 13 11 15 14 13 13 14 12 10 10 17 17 19 17 17 15 15 15 9 11 12 13 11 10 10 9 8 27 50 85 140 184 204 213 222 224 229 232 236 236 237 237 238 240 241 241 239 239 240 242 243 243 243 243 241 240 239 238 244 242 241 241
231 231 231 232 231 230 230 229 229 229 229 230 230 230 231 231 229 231 233 233 231 230 230 231 233 232 231 230 230 230 231 231 230 229 228 227 227 228 229 230 230 230 230 230 230 230 230 230 231 231 231 231 231 231 231 231 232 231 231 231 231 231 231 231 233 233 233 233 233 233 233 232 233 232 231 232 233 233 231 229 233 233 233 233 232 232 232 232 233 234 235 235 235 233 231 230 237 234 232 233 236 237 235 232 231 233 237 237 236 234 233 233 238 234 233 235 236 234 236 240 235 232 232 235 235 232 232 235 235 235 237 239 242 242 239 237 238 239 239 240 239 239 238 237 240 238 236 236 237 238 237 236 239 238 236 235 235 236 237 238 238 238 238 238 238 238 238 238 240 240 240 240 240 240 240 240 238 239 239 238 236 236 237 239 241 240 239 238 238 239 240 241 239 245 245 239 238 244 247 244 235 235 237 240 242 242 239 236 237 239 241 243 243 241 238 236 241 238 235 234 235 235 235 234 239 239 238 238 237 237 237 236 236 236 236 236 236 236 236 236 236 235 234 234 236 236 235 234 235 235 236 237 237 236 235 235 237 237 237 236 236 236 235 235 236 236 235 236 237 238 239 240 236 235 234 234 236 237 235 234 235 235 235 235 235 235 235 235 236 236 235 234 234 234 234 234 234 234 234 234 233 233 233 233 233 232 232 231 231 232 232 233 228 228 229 229 229 227 225 221 215 191 177 161 118 59 24 20 21 17 12 7 11 17 17 12 12 12 11 7 8 11 12 8 12 14 14 10 9 12 13 10 11 10 8 7 7 8 9 10 11 15 14 8 8 14 12 5 8 7 6 5 5 6 7 8 11 9 8 7 8 8 7 5 5 5 5 4 4 4 4 3 9 8 8 7 7 7 8 8 10 11 10 9 8 9 11 14 11 10 8 7 6 5 2 2 6 6 7 5 4 5 7 9 10 13 15 14 11 11 14 17 16 12 9 10 13 14 14 12 15 13 13 16 17 13 12 14 16 15 15 14 15 14 14 14 15 16 16 14 12 11 14 12 13 32 53 83 133 173 191 198 216 220 225 229 233 234 235 235 237 239 240 240 238 237 239 240 242 242 243 243 241 240 239 238 240 240 242 245
231 232 232 232 231 231 230 229 229 229 229 230 230 230 231 231 230 232 234 234 233 232 232 232 234 233 231 230 229 230 231 231 231 230 229 228 228 229 230 231 229 229 229 229 229 229 229 229 230 230 230 230 230 230 230 230 233 232 231 230 229 229 229 230 236 236 236 235 234 233 233 233 233 232 231 232 233 233 230 228 234 233 233 232 232 231 231 231 233 233 234 234 234 233 232 232 238 234 231 232 236 238 236 233 233 235 236 236 235 234 234 236 235 232 232 235 235 233 234 238 237 233 232 236 236 234 233 236 234 233 234 236 239 239 237 235 237 238 239 239 238 236 235 235 239 237 237 237 238 238 236 234 242 240 238 236 235 236 237 238 238 238 238 238 238 238 238 238 237 238 238 239 239 240 241 241 237 238 239 238 236 237 238 241 241 239 238 236 236 238 239 241 237 245 244 236 236 245 249 246 239 238 238 240 241 241 240 238 237 239 241 242 242 241 239 238 240 238 237 237 238 238 236 235 239 238 238 238 238 237 237 237 236 236 236 236 236 236 236 236 240 239 238 239 240 241 240 238 235 236 237 238 238 237 236 235 237 237 237 236 236 236 235 235 237 237 236 236 236 237 238 238 238 236 235 236 237 238 237 235 235 235 235 235 235 235 235 235 237 236 235 234 234 234 234 235 234 234 234 233 233 232 232 232 231 231 230 230 230 230 231 231 228 229 230 230 229 227 225 221 203 177 142 103 66 34 14 9 21 19 15 9 11 19 20 15 12 12 10 7 8 12 12 8 11 13 13 8 7 10 10 7 11 10 8 6 6 6 7 8 6 13 13 5 2 8 9 3 10 9 7 5 5 7 9 10 12 10 8 8 8 8 7 5 7 7 7 6 6 6 5 5 9 8 7 6 5 5 5 5 8 9 7 7 6 7 9 12 8 9 8 8 7 6 4 3 5 7 8 7 5 4 5 6 11 16 20 20 17 16 19 21 14 13 13 14 15 15 14 13 17 14 16 20 19 13 14 16 14 13 12 12 14 14 15 14 22 21 18 13 11 11 17 19 22 41 62 89 132 167 184 192 212 216 221 226 231 232 234 234 237 239 240 240 239 238 239 240 241 241 241 241 241 240 239 239 241 241 242 244
232 232 232 232 232 231 229 229 228 228 229 229 229 230 230 230 230 233 235 236 234 232 232 233 234 233 231 230 229 230 230 231 233 232 230 229 229 230 232 233 228 228 228 228 228 228 228 228 231 230 231 230 231 230 231 230 236 234 233 231 230 229 230 230 234 233 232 231 230 229 228 228 233 232 231 232 233 233 231 229 234 234 233 232 232 231 230 230 233 233 233 233 233 233 233 233 239 235 231 232 236 238 236 233 237 237 237 235 233 234 237 239 233 231 231 234 235 232 232 235 237 233 233 236 237 235 234 236 232 231 232 233 236 237 236 234 236 237 239 239 237 234 233 233 238 237 237 238 239 238 235 233 244 243 240 237 236 236 237 238 242 242 240 239 237 236 234 234 235 235 236 237 239 240 241 241 236 237 238 238 237 237 239 242 240 239 237 235 235 237 239 240 236 244 243 235 235 245 250 247 243 241 239 238 240 241 241 240 237 238 240 241 242 241 240 240 242 240 240 241 242 242 239 237 238 238 238 238 238 238 238 238 236 236 236 236 236 236 236 236 239 238 237 237 239 239 238 237 236 237 239 240 240 239 237 236 238 238 237 237 237 236 236 236 240 239 238 237 236 236 236 236 238 237 236 236 238 239 237 236 236 236 236 236 236 236 236 236 237 236 235 234 234 234 234 235 234 234 234 233 233 232 232 232 231 230 229 229 229 229 231 231 229 229 229 229 228 225 223 218 204 173 117 57 26 24 20 9 17 19 18 10 10 15 17 13 13 13 10 7 9 12 13 7 11 13 12 7 6 8 7 4 10 9 8 7 6 5 5 5 4 13 14 4 0 6 8 4 11 10 8 7 7 8 10 11 13 11 9 9 10 10 8 6 10 9 9 8 8 7 7 7 8 8 6 5 4 3 3 3 4 5 5 5 4 5 7 10 7 7 7 8 8 8 7 5 7 7 11 9 9 4 6 4 9 13 20 19 18 15 20 20 13 14 15 16 16 15 13 14 21 17 19 23 23 17 16 19 15 14 12 12 15 15 15 14 19 17 14 8 6 11 16 20 28 48 68 92 131 163 176 185 208 212 217 222 227 230 233 234 237 238 241 239 239 238 239 241 240 241 240 241 241 240 240 239 245 243 241 241
230 230 230 230 230 230 230 230 228 228 227 227 227 228 229 229 229 229 229 229 229 229 229 229 232 233 233 233 233 232 231 230 226 227 229 230 231 231 230 229 230 231 232 231 229 228 229 230 232 231 232 230 234 233 233 230 229 229 234 234 237 235 236 235 230 232 235 237 238 236 234 232 233 232 232 231 231 232 232 233 231 231 231 233 235 234 232 229 231 231 233 234 235 236 236 236 233 233 234 236 238 238 236 234 233 233 233 233 233 233 232 232 229 231 232 232 232 232 233 234 232 232 232 233 233 234 234 234 232 235 238 239 238 236 235 235 232 231 231 233 235 235 234 232 232 233 235 236 236 235 233 232 233 236 238 238 236 236 238 241 238 237 236 235 235 235 235 236 232 233 234 236 236 236 236 236 237 233 233 237 240 238 238 240 235 233 232 234 237 239 240 239 237 237 238 239 241 242 243 243 234 236 238 238 238 238 240 242 240 240 240 240 240 241 241 241 240 239 239 238 238 239 240 240 236 236 236 236 236 237 239 239 232 235 238 237 235 234 237 240 237 236 236 235 235 236 237 237 236 236 236 236 236 236 236 236 236 235 235 234 234 235 235 236 236 235 233 232 232 233 235 236 232 232 233 234 234 235 236 236 232 233 235 236 236 235 233 232 228 230 233 236 237 235 233 232 236 235 233 232 231 232 235 234 228 228 230 231 232 232 233 231 225 230 223 219 224 219 210 207 205 159 98 53 30 20 17 16 13 14 16 16 15 15 16 18 14 12 8 6 6 8 12 14 9 8 7 5 5 4 4 5 6 6 5 5 5 4 4 4 8 7 6 5 6 7 9 10 5 6 7 9 9 8 8 7 5 6 7 9 11 10 9 8 6 4 5 7 9 9 6 4 4 4 5 6 6 5 5 4 5 5 4 5 6 8 11 12 5 5 5 5 5 5 5 4 4 4 7 8 10 9 9 8 10 11 14 15 18 18 20 17 13 15 18 17 11 8 10 14 17 14 14 20 23 21 17 15 15 12 13 17 18 16 17 18 15 17 17 13 9 9 16 22 26 50 71 88 119 145 162 174 188 204 211 214 226 232 229 235 234 236 239 240 243 243 244 244 237 238 238 238 242 247 244 237 237 237 238 239
230 230 230 230 229 229 229 229 230 230 229 229 229 229 229 229 232 232 232 232 232 232 232 232 232 232 231 231 230 230 230 230 229 229 230 231 231 231 231 230 230 232 232 231 229 228 229 231 234 232 231 232 233 234 233 231 228 229 231 233 233 232 230 229 231 232 234 236 236 235 234 233 233 232 232 231 231 232 232 233 232 231 231 232 233 234 232 230 231 232 233 234 235 235 235 235 234 233 233 234 236 237 236 234 234 234 234 234 234 234 234 233 233 233 234 234 234 234 234 235 232 232 232 233 233 234 234 234 234 237 240 241 239 237 237 237 234 233 233 234 236 237 235 234 233 233 234 234 234 234 233 233 231 234 236 236 234 234 236 239 238 237 236 235 235 235 235 236 236 236 236 236 236 237 237 237 237 233 233 237 240 238 237 238 238 237 235 235 237 238 238 236 237 237 237 237 236 236 236 236 235 236 238 238 237 237 239 241 239 239 239 239 239 239 239 239 242 241 239 238 237 237 237 237 238 237 237 237 238 238 239 240 235 237 237 237 236 235 236 237 238 237 236 235 235 235 235 236 236 236 236 236 236 236 236 236 236 235 235 234 234 235 235 236 235 234 234 233 233 234 234 235 234 234 234 234 234 234 234 234 233 233 234 234 234 234 233 233 228 230 233 234 234 233 232 231 234 233 232 231 230 231 233 232 231 230 231 230 231 231 232 230 223 232 229 225 224 212 197 196 146 104 55 27 19 17 17 15 20 18 18 15 16 15 16 15 14 11 9 7 7 9 11 13 11 10 9 8 7 7 7 7 6 6 6 5 5 5 4 4 6 6 5 5 6 6 7 8 1 3 5 7 9 10 11 10 8 8 11 11 11 10 11 9 6 5 6 7 10 10 8 6 7 7 7 7 7 7 7 7 7 7 6 6 6 7 7 8 6 6 6 6 6 6 6 6 5 6 7 9 10 10 9 9 9 10 12 15 17 19 20 18 18 15 14 14 12 12 11 10 17 12 13 20 23 22 19 17 16 13 14 18 18 15 13 15 12 14 16 14 10 12 19 24 28 53 73 84 107 124 137 146 159 178 187 197 215 223 225 230 234 235 236 238 239 239 240 239 238 240 239 239 243 247 244 237 240 241 242 242
230 230 230 229 229 228 228 227 232 232 232 232 231 230 229 228 233 233 233 233 233 233 233 233 232 231 230 228 228 229 230 230 233 232 231 231 230 231 231 231 231 232 233 232 230 229 230 231 233 231 230 231 232 233 232 230 229 230 231 232 231 230 228 227 233 233 233 234 234 235 235 235 233 233 232 232 232 232 233 233 234 232 230 231 232 233 233 232 233 233 234 235 235 235 234 234 235 233 232 232 234 236 235 234 235 235 235 235 235 235 235 235 237 237 236 236 236 236 236 235 233 233 233 233 234 234 234 234 234 237 239 240 238 236 236 237 236 235 235 236 238 238 237 235 234 233 233 232 232 233 233 234 232 233 235 235 235 235 236 238 238 237 236 235 235 235 235 236 240 239 237 236 236 237 238 238 237 234 233 237 239 236 235 236 241 239 237 237 237 237 235 233 237 237 236 236 235 235 235 235 236 237 238 238 236 236 237 238 237 237 237 237 237 237 237 237 239 239 237 237 236 236 236 237 239 238 238 238 238 239 240 240 239 237 236 237 238 238 237 235 238 238 237 235 235 235 235 235 236 236 236 236 236 236 236 236 236 235 235 234 234 235 235 236 233 234 234 235 235 234 234 233 236 236 235 234 234 233 232 232 233 233 232 232 232 232 233 233 233 232 232 232 233 232 232 232 232 232 231 230 229 229 232 230 232 229 230 230 229 229 230 229 227 228 221 219 214 189 151 132 82 50 18 6 13 18 20 16 26 20 16 13 15 16 15 12 13 11 10 10 10 10 11 12 11 11 9 8 7 7 7 7 7 7 6 6 6 5 5 5 3 4 5 5 6 6 5 5 1 2 4 6 8 8 10 10 12 11 12 11 11 10 11 11 7 5 6 8 10 11 10 9 9 8 6 5 5 6 7 8 8 8 8 8 6 5 4 3 7 7 7 7 7 7 7 7 6 6 8 9 10 10 10 9 7 8 10 13 16 18 20 18 22 15 11 11 13 15 13 10 13 8 9 16 20 19 17 15 16 13 15 19 19 14 10 11 8 10 13 13 11 13 18 22 26 54 75 82 96 105 113 121 133 154 166 180 202 215 220 228 235 236 237 238 238 238 238 237 240 241 240 239 243 246 242 236 239 239 240 240
231 230 230 229 228 228 227 227 232 232 232 232 231 229 228 227 231 231 231 231 231 231 231 231 234 232 230 228 228 229 230 232 234 233 231 229 229 229 230 231 231 233 233 232 230 229 230 231 232 231 229 230 232 232 231 230 231 232 233 234 234 233 232 231 234 234 233 232 233 234 235 236 234 233 232 232 232 232 233 234 235 232 230 229 231 233 233 233 234 234 235 235 235 234 233 233 236 234 231 231 233 235 235 234 235 235 236 236 236 236 237 237 239 238 237 236 237 237 235 234 233 234 234 234 234 234 234 234 232 234 236 236 235 234 234 235 236 235 235 236 238 238 236 235 234 233 232 231 231 232 233 234 235 235 236 237 237 238 239 240 238 237 236 235 235 235 235 236 242 240 237 235 235 236 237 238 238 234 234 238 239 236 233 234 240 238 237 237 237 236 234 232 236 237 237 238 239 240 240 241 237 238 239 238 236 235 235 237 236 236 236 236 236 235 235 235 233 233 234 235 236 238 239 240 238 238 237 237 237 238 239 239 239 236 234 236 239 240 238 236 236 236 235 235 235 236 237 237 236 236 236 236 236 236 236 236 236 235 235 234 234 235 235 236 232 233 235 236 236 235 233 232 236 236 235 234 234 233 232 232 234 233 231 230 230 231 233 234 236 235 233 232 232 232 232 233 232 232 231 230 230 230 232 230 231 228 227 226 227 228 228 229 227 220 207 209 205 162 96 55 41 22 5 4 13 18 19 18 26 21 13 9 14 16 15 11 11 11 12 12 12 12 11 11 10 9 7 6 5 5 5 5 8 7 7 7 6 6 6 6 2 3 4 6 6 6 4 4 6 6 6 6 6 5 6 6 14 12 12 10 9 9 11 11 7 5 5 7 9 11 10 9 8 7 4 3 2 4 6 7 8 8 9 9 8 6 3 2 6 6 6 6 6 6 6 6 7 8 8 9 9 10 10 10 6 7 9 11 14 17 19 18 21 16 12 11 11 14 14 13 8 3 4 11 15 15 14 12 16 14 16 20 19 13 8 8 5 7 10 11 9 10 14 16 21 53 77 82 92 96 103 111 124 143 155 169 193 209 217 227 236 237 238 239 240 240 240 240 239 240 239 238 241 244 240 233 238 238 239 240
230 230 230 229 229 228 228 228 232 232 231 231 230 228 227 226 229 229 229 229 229 229 229 229 235 234 231 229 229 230 232 233 233 231 230 228 227 228 229 229 231 232 233 232 230 229 230 231 232 231 229 230 232 232 231 230 231 232 233 234 235 235 236 236 235 234 233 232 232 234 236 237 234 234 233 232 232 233 234 234 235 232 230 229 231 233 233 233 234 234 235 235 235 234 233 233 237 235 232 232 233 235 235 234 235 235 236 236 237 237 237 238 239 237 235 235 236 237 235 232 235 234 234 234 234 234 234 234 233 235 237 236 235 234 234 236 236 235 235 236 237 237 235 233 235 234 232 231 231 232 234 235 235 235 235 236 238 239 239 239 238 237 236 235 235 235 235 236 241 239 236 234 234 235 236 237 237 234 234 239 240 236 234 234 236 235 235 236 237 237 235 233 238 238 239 239 240 241 241 241 238 239 240 238 236 235 235 236 237 237 236 236 235 235 235 234 233 233 233 234 236 237 239 240 237 237 236 235 235 236 236 237 237 234 233 235 239 241 240 237 234 234 234 235 236 237 239 240 236 236 236 236 236 236 236 236 236 235 235 234 234 235 235 236 232 233 235 236 236 235 233 232 234 234 234 234 234 234 234 234 234 233 231 230 230 231 233 234 240 238 235 233 232 232 233 234 232 232 232 232 232 231 230 229 226 225 224 224 225 225 226 225 218 215 208 206 194 139 68 27 20 13 10 11 13 11 13 16 22 17 10 8 13 16 15 13 11 12 13 14 14 13 12 11 10 9 8 7 6 6 6 6 8 8 8 8 7 7 7 6 2 4 5 7 7 6 5 4 8 7 7 6 6 5 6 6 13 11 11 9 8 8 10 10 6 4 3 5 7 9 9 8 10 9 6 4 4 5 6 8 6 7 8 9 9 8 6 5 6 6 6 6 6 6 6 6 9 9 9 9 9 10 10 10 7 8 8 10 13 16 19 17 18 16 16 14 10 10 14 18 8 3 3 10 14 14 14 12 16 14 16 20 20 14 9 9 9 10 11 11 9 10 12 13 18 51 76 81 89 93 99 108 118 137 148 161 186 204 214 226 233 234 236 238 239 241 241 241 238 239 238 237 240 243 239 232 242 243 244 244
230 230 230 230 230 230 230 230 232 231 230 229 228 228 228 229 231 231 231 231 231 231 231 231 235 234 232 231 231 231 232 233 230 230 229 228 228 228 229 229 230 231 232 231 229 228 229 230 233 231 230 231 232 233 232 230 229 229 230 231 233 234 235 235 235 234 233 232 233 234 236 237 234 234 233 233 233 233 234 234 234 232 230 231 232 233 233 232 233 233 234 235 235 235 234 234 238 236 234 234 235 236 235 234 234 234 235 236 236 237 238 238 238 235 232 233 236 237 235 232 235 235 235 235 234 234 234 234 237 239 240 239 237 237 238 240 237 236 235 236 237 237 235 233 235 234 234 233 233 234 234 235 234 233 232 234 236 237 237 236 238 237 236 235 235 235 235 236 239 238 236 235 235 235 236 237 237 234 235 240 242 238 235 235 234 234 234 237 239 239 237 235 241 240 240 239 238 237 236 235 238 240 240 239 237 236 237 238 239 239 238 237 237 236 235 235 238 237 236 235 235 235 235 235 237 236 235 235 234 234 235 235 235 234 234 235 237 238 238 237 234 234 234 235 236 237 239 240 236 236 236 236 236 236 236 236 236 235 235 234 234 235 235 236 233 234 234 235 235 234 234 233 234 234 234 234 234 234 234 234 233 233 232 232 232 232 233 233 238 237 235 233 232 232 233 233 232 232 233 233 232 231 230 228 223 220 222 222 222 221 220 219 211 212 201 184 151 94 43 26 15 16 17 19 16 13 15 20 19 15 11 9 13 16 17 16 12 13 14 14 14 14 13 12 13 12 11 9 8 8 8 8 9 9 9 8 8 8 7 7 5 6 7 8 8 8 8 8 6 6 6 6 7 8 10 11 11 10 11 10 9 9 10 9 8 5 4 4 6 7 7 6 14 13 11 9 9 9 9 10 7 7 8 9 10 10 10 10 7 7 7 7 7 7 7 7 10 10 9 9 9 9 10 11 10 9 9 10 12 15 18 17 15 16 18 16 10 10 14 19 13 7 7 13 17 17 17 16 16 13 15 20 20 16 12 14 16 15 14 14 12 14 16 17 20 51 74 78 85 89 96 104 112 132 145 160 186 204 214 225 229 230 232 234 237 238 239 239 237 238 237 237 240 243 240 233 242 242 243 243
229 230 230 231 232 232 233 233 234 232 230 228 228 229 232 233 232 232 232 232 232 232 232 232 232 232 232 231 231 231 230 230 228 229 230 230 231 230 230 230 229 230 231 230 228 227 227 229 234 232 231 232 233 234 233 231 230 230 230 230 231 232 233 233 234 233 233 233 234 234 235 236 235 234 234 233 233 234 234 235 232 231 231 232 233 234 232 230 231 232 233 234 235 235 235 235 238 237 236 236 238 237 235 233 233 233 234 235 236 237 237 238 237 234 231 233 237 239 236 233 236 236 236 235 235 234 234 234 239 240 241 240 238 238 239 241 239 238 237 238 239 239 236 234 235 235 236 236 236 236 235 235 235 233 232 233 236 238 237 235 238 237 236 235 235 235 235 236 237 237 237 237 238 238 238 238 236 234 236 242 244 240 237 237 236 236 237 239 241 241 238 236 240 240 239 238 237 235 234 234 239 240 241 240 238 238 239 240 241 241 240 239 238 238 237 237 240 239 238 236 235 235 235 235 238 237 236 235 235 235 235 235 235 236 237 236 234 233 233 234 237 237 236 235 235 236 236 237 236 236 236 236 236 236 236 236 236 235 235 234 234 235 235 236 235 234 234 233 233 234 234 235 236 236 235 234 234 233 232 232 233 233 234 234 234 234 233 233 234 236 235 234 231 231 231 231 229 230 230 231 230 229 228 226 221 220 222 222 220 216 213 209 201 185 154 122 87 46 19 23 19 19 20 22 22 16 17 21 18 16 15 14 15 16 17 18 14 14 14 14 14 14 14 14 13 12 11 10 9 8 9 9 10 10 9 9 9 8 8 8 9 9 9 9 9 10 11 11 8 7 7 7 7 9 11 12 9 10 12 12 12 12 12 11 11 8 5 5 6 7 7 6 15 14 13 13 12 11 10 10 10 10 9 9 10 11 11 12 9 9 9 9 9 9 9 9 11 11 9 9 8 9 10 11 12 12 11 11 12 15 17 16 16 15 16 16 14 14 15 16 18 11 10 15 19 19 18 18 15 12 14 19 20 18 17 20 18 16 14 14 14 17 21 21 24 52 71 74 83 88 95 103 115 138 155 172 197 211 217 224 230 231 232 234 236 236 237 237 238 239 239 238 242 246 243 236 240 240 241 242
229 230 230 232 233 234 235 235 236 233 230 228 228 231 234 237 231 231 231 231 231 231 231 231 230 230 231 231 231 230 229 228 228 229 231 232 233 233 232 231 228 229 230 229 227 226 227 228 234 233 232 232 234 235 233 232 234 233 232 231 231 231 232 232 233 233 233 234 234 235 235 235 235 234 234 233 233 234 234 235 231 231 231 233 235 234 232 229 231 231 233 234 235 236 236 236 238 237 237 238 239 238 236 233 232 233 234 234 235 236 237 237 238 234 231 233 238 241 238 234 236 236 236 235 235 234 234 234 238 239 239 238 237 236 238 240 241 240 239 239 240 240 238 236 234 235 237 238 238 237 235 234 237 235 234 235 239 241 239 237 238 237 236 235 235 235 235 236 237 237 239 240 240 240 240 240 236 234 236 243 245 242 239 239 239 239 240 242 243 242 239 236 238 238 238 238 238 238 238 239 239 240 242 241 239 239 240 241 243 242 242 241 240 239 238 238 238 237 237 236 236 237 238 238 239 239 237 236 236 236 236 236 236 238 239 236 231 228 229 231 240 239 238 236 235 234 233 233 236 236 236 236 236 236 236 236 236 235 235 234 234 235 235 236 236 235 233 232 232 233 235 236 238 238 236 235 233 232 230 230 232 233 235 236 236 235 233 232 231 233 232 230 230 229 229 228 227 227 229 229 228 227 225 222 221 221 222 222 218 211 207 201 186 148 94 60 43 24 14 22 21 16 15 19 19 15 13 14 19 19 20 18 17 16 18 19 15 14 14 13 13 14 14 15 11 10 9 8 7 6 6 7 10 10 10 9 9 9 8 8 12 11 10 9 10 11 13 14 13 12 10 8 7 7 9 9 9 10 13 15 15 14 14 12 14 10 7 6 7 8 7 6 13 13 13 13 12 10 9 8 13 12 11 10 9 10 12 13 11 11 11 11 11 11 11 11 12 11 10 9 8 9 10 11 14 13 12 11 12 14 17 16 18 14 13 15 17 18 15 12 19 12 10 15 18 18 17 17 15 12 13 18 21 20 19 23 16 14 11 11 13 18 22 23 27 52 69 72 83 91 99 107 125 150 169 188 211 221 221 225 234 235 236 237 237 237 237 237 239 240 240 240 244 249 246 239 243 244 245 245
227 227 228 229 230 232 233 233 230 231 231 232 232 231 231 230 233 231 228 228 230 232 233 232 230 230 230 230 230 230 230 230 230 230 230 230 230 230 230 230 230 226 229 235 231 219 218 226 232 231 231 233 234 234 232 229 231 232 234 234 232 232 234 235 229 232 235 238 238 236 233 231 229 230 232 233 234 233 232 231 227 229 232 235 236 236 235 234 229 230 232 234 235 235 234 234 229 232 235 234 232 231 233 237 232 232 232 233 234 235 237 238 233 234 236 237 237 236 234 233 234 234 234 235 236 237 239 240 236 235 234 234 236 236 235 234 233 237 240 240 237 235 236 238 237 236 235 235 237 237 236 235 232 234 236 236 236 236 238 240 233 235 237 236 234 233 234 237 239 238 238 237 237 238 238 239 231 231 234 241 242 237 235 236 238 236 235 238 241 242 240 236 233 236 239 240 239 238 239 239 237 239 241 240 238 237 236 237 235 236 238 240 241 242 241 241 233 233 234 235 237 238 239 239 237 237 236 236 236 237 238 238 234 234 235 235 234 234 233 232 233 235 236 236 234 234 235 237 236 236 236 235 235 234 234 234 233 233 233 233 233 233 233 233 232 233 235 236 236 235 234 233 236 235 235 234 234 233 233 233 232 233 233 234 234 233 233 232 233 229 229 234 233 227 226 229 219 224 230 226 224 224 222 217 211 225 224 208 200 204 205 196 167 112 53 25 18 16 16 20 19 22 24 27 27 24 19 15 17 17 17 15 15 15 19 21 16 15 14 15 16 16 14 11 10 10 10 11 13 13 12 10 14 14 14 12 10 10 12 14 12 12 11 11 11 11 11 11 5 5 6 7 9 10 12 12 10 11 15 17 17 17 17 15 8 9 10 12 12 11 10 9 7 7 8 9 10 12 13 14 13 15 14 10 10 14 16 14 8 11 10 6 7 13 12 6 10 10 11 13 14 15 16 17 11 14 17 18 17 17 17 15 14 15 18 18 15 13 14 15 10 10 11 13 14 16 17 16 15 12 13 18 20 20 20 25 21 16 14 16 14 12 17 25 16 41 69 79 85 93 106 112 127 155 175 192 211 219 222 228 230 235 237 234 234 238 240 239 239 238 237 239 242 244 244 243 242 243 244 245
230 230 230 230 231 231 231 231 230 231 231 232 232 231 231 230 232 230 228 229 231 233 233 233 231 231 231 231 231 231 231 231 227 228 228 228 228 228 228 229 231 227 229 235 231 221 220 227 233 232 233 234 236 235 233 230 231 232 234 234 232 232 234 235 231 232 234 236 235 233 230 228 231 231 232 233 234 234 233 233 231 232 234 236 236 235 233 232 230 232 233 235 235 235 234 234 233 234 235 235 234 234 236 237 233 233 233 233 234 235 236 237 234 234 236 236 236 236 234 234 236 236 235 235 235 236 237 237 237 236 235 235 237 238 237 235 234 236 239 240 239 237 236 236 235 233 232 233 235 236 235 233 233 234 236 236 236 236 238 239 235 237 238 237 235 234 236 238 237 237 237 236 236 237 237 237 235 233 234 239 239 236 236 239 238 236 234 234 236 237 237 237 236 236 236 237 237 236 235 235 238 238 238 237 235 234 236 238 235 236 238 239 240 240 239 239 237 237 237 236 236 236 236 236 237 236 235 235 235 235 235 236 235 235 235 235 235 234 234 233 233 234 235 234 233 232 233 234 236 236 236 235 235 234 234 234 233 233 233 233 233 233 233 233 232 233 234 235 235 234 233 232 233 232 232 232 232 232 231 231 229 230 230 231 231 230 230 229 229 226 228 232 232 227 226 228 223 226 226 223 220 221 219 213 209 208 200 192 186 172 140 108 89 60 32 24 24 24 22 25 20 20 19 19 20 19 16 13 15 15 15 13 13 13 17 19 17 15 14 15 16 17 15 14 11 9 8 8 10 10 9 8 11 11 11 9 7 7 9 11 10 9 9 9 8 7 7 7 7 7 7 7 7 8 9 9 10 11 14 15 15 15 15 13 9 9 9 10 11 11 10 10 8 10 12 14 15 15 14 13 9 12 11 6 5 6 5 1 7 9 8 5 7 11 10 5 9 9 9 9 9 9 9 10 10 12 15 16 15 14 15 12 15 14 14 14 12 12 13 14 16 15 14 14 13 13 14 13 14 11 12 17 19 18 17 21 18 14 14 16 14 12 16 23 15 38 65 76 82 90 102 108 128 155 175 192 211 220 223 230 231 236 238 235 235 239 241 240 240 241 243 244 243 242 241 241 243 243 243 243
233 233 232 232 231 231 230 230 230 231 231 232 232 231 231 230 231 229 228 229 231 233 234 233 232 232 232 232 232 232 232 232 227 227 227 228 229 229 230 230 232 228 230 235 232 224 223 229 234 233 234 235 237 236 234 231 231 232 234 234 232 232 234 235 236 236 236 235 234 232 230 229 234 233 233 233 233 234 235 236 236 236 237 237 236 234 231 230 233 234 235 235 235 235 234 234 237 236 235 236 237 238 238 237 235 235 234 234 234 234 235 235 234 235 235 236 236 235 235 234 238 237 236 235 235 235 235 236 238 237 236 236 238 239 237 236 235 235 237 240 241 239 236 233 234 233 232 233 235 237 236 235 233 235 236 236 236 236 237 239 236 237 239 238 236 236 237 238 236 236 236 236 236 236 236 236 240 236 235 237 237 236 237 241 243 242 240 237 236 237 240 243 241 238 235 235 237 237 235 233 239 238 237 235 233 233 236 239 236 237 237 238 238 238 237 236 238 238 237 237 237 236 236 236 239 238 237 236 235 235 235 235 237 237 236 236 236 235 235 235 235 236 237 235 233 232 233 234 236 236 236 235 235 234 234 234 233 233 233 233 233 233 233 233 232 232 233 233 233 233 232 231 231 231 232 232 232 232 232 233 229 229 230 231 231 230 229 229 230 227 228 229 229 224 224 226 220 220 217 214 212 212 206 198 193 188 176 159 132 98 63 41 33 24 23 27 27 21 17 21 20 19 16 15 16 17 16 15 16 16 15 13 13 13 16 18 20 18 16 17 18 20 19 18 14 11 8 7 8 9 8 8 9 10 10 9 7 6 8 10 12 12 11 10 9 8 7 7 12 11 10 9 8 7 7 7 11 12 14 14 14 13 14 12 10 9 8 8 9 9 10 11 10 12 15 18 19 17 15 13 17 20 21 17 16 16 14 9 13 14 13 11 12 15 14 10 16 16 15 14 13 12 11 10 11 13 15 15 14 13 13 11 17 14 13 14 14 15 14 13 20 18 17 16 14 15 16 15 15 12 14 19 21 18 16 18 16 15 16 19 17 15 18 22 16 36 61 73 80 87 99 104 129 156 175 191 211 220 224 232 233 238 240 237 237 240 242 241 240 245 249 249 246 241 239 239 244 243 242 241
233 233 233 232 232 232 231 231 230 231 231 232 232 231 231 230 230 228 228 229 232 234 234 233 232 232 232 232 232 232 232 232 229 229 230 231 231 232 232 233 233 230 231 234 233 228 227 230 233 233 233 235 236 236 233 231 231 232 234 234 232 232 234 235 239 238 237 236 235 235 235 235 236 235 234 233 233 235 237 238 237 237 237 237 236 234 232 231 235 235 236 236 235 235 235 234 239 236 234 235 238 240 238 235 237 236 235 234 234 234 234 234 235 235 235 235 235 235 235 235 237 236 236 235 235 236 236 237 238 236 235 236 237 238 237 236 236 235 236 239 242 241 236 231 236 235 234 236 238 239 239 238 233 235 237 237 235 235 237 239 236 237 237 237 236 236 237 237 236 236 237 237 237 237 236 236 241 238 237 239 238 236 237 240 242 243 243 240 236 236 239 243 245 240 235 235 239 242 239 236 238 239 239 237 235 235 236 238 237 237 237 237 236 235 235 234 235 236 236 237 238 239 239 240 243 242 240 239 238 237 237 237 238 238 237 237 236 236 236 236 239 240 240 239 236 234 235 236 236 236 236 235 235 234 234 234 233 233 233 233 233 233 233 233 232 232 232 232 232 232 231 231 233 233 233 234 234 235 235 236 232 232 233 234 234 233 232 232 234 229 227 225 224 222 223 223 215 215 214 211 211 208 196 184 172 152 126 98 67 39 23 23 23 20 23 27 24 19 15 18 21 19 17 16 19 18 16 15 17 18 17 15 15 15 17 20 22 20 19 19 21 22 22 22 18 15 10 8 8 9 9 9 10 11 12 10 8 8 9 10 17 17 16 14 13 11 10 10 13 13 12 11 10 9 9 9 13 13 15 14 14 13 13 12 10 8 7 6 7 8 10 11 11 12 14 16 16 16 15 14 13 17 18 15 15 18 18 14 18 17 15 14 15 16 15 12 19 19 18 17 16 15 14 13 14 16 17 16 15 14 14 12 18 15 16 19 19 19 16 13 19 17 16 16 15 17 20 19 16 13 16 21 22 18 14 16 17 19 21 23 20 20 21 23 19 34 57 71 80 86 96 102 127 154 173 190 210 220 225 234 235 239 241 239 238 241 243 242 238 245 252 253 247 241 239 240 245 243 241 239
231 231 232 232 232 233 233 233 230 231 231 232 232 231 231 230 230 229 228 230 233 234 233 232 230 230 230 230 230 230 230 230 230 230 231 231 232 232 232 233 233 231 230 233 233 231 230 231 232 231 232 233 235 234 232 230 231 232 234 234 232 232 234 235 237 237 236 235 235 236 237 238 236 235 234 233 234 235 237 238 235 235 236 236 236 235 235 234 236 236 235 235 235 235 235 235 238 235 233 234 237 238 236 233 238 237 236 235 234 234 234 234 235 235 235 235 235 235 235 235 235 234 234 235 236 237 238 239 236 235 234 235 236 237 236 234 236 235 236 238 242 241 236 232 237 236 235 236 238 239 239 237 234 236 237 237 235 235 236 238 236 235 235 235 236 236 235 235 237 237 238 239 239 238 237 237 239 237 237 241 241 237 236 238 234 237 239 238 234 232 233 236 243 238 234 235 240 243 242 239 236 239 242 242 240 238 237 237 238 237 237 236 235 234 234 234 237 237 237 238 239 239 240 240 243 242 240 239 238 237 237 237 240 239 237 236 236 236 237 237 239 240 240 239 236 234 235 236 236 236 236 235 235 234 234 234 233 233 233 233 233 233 233 233 234 233 232 232 231 231 231 231 233 233 233 234 234 235 235 236 233 233 234 235 235 234 233 232 232 229 225 219 218 218 220 219 212 211 209 201 195 184 163 147 129 93 54 37 31 23 14 13 19 17 19 22 25 23 21 22 20 19 19 19 20 18 15 12 16 16 16 14 14 14 16 18 20 18 16 17 19 20 19 18 17 14 9 7 7 8 8 7 8 10 11 10 8 7 7 8 15 14 13 12 11 9 8 8 9 8 8 8 8 8 9 9 11 10 11 11 10 10 10 9 9 7 6 6 6 7 9 10 12 11 10 10 10 12 14 15 15 18 17 15 16 20 21 19 18 15 13 13 13 11 9 8 11 11 11 10 10 10 10 10 13 14 15 14 12 12 13 11 13 14 18 22 22 19 14 9 15 13 13 13 12 14 16 15 14 11 14 19 19 15 11 13 16 20 22 22 20 20 21 20 17 29 50 66 77 82 92 97 122 149 170 188 209 220 225 234 236 241 242 239 239 242 243 242 236 243 250 251 246 242 241 243 245 244 242 240
230 230 231 231 232 232 233 233 230 231 231 232 232 231 231 230 230 230 229 231 233 233 232 230 230 230 230 230 230 230 230 230 230 230 230 230 229 229 229 229 232 231 230 231 233 233 232 231 231 231 231 233 234 234 231 229 231 232 234 234 232 232 234 235 233 233 232 232 233 234 235 235 235 234 234 234 235 235 236 237 233 233 234 234 235 235 236 236 235 235 234 233 234 234 235 236 236 235 234 234 235 235 234 232 238 237 236 235 234 234 235 235 236 235 235 234 234 235 235 236 234 234 234 235 236 237 239 240 236 235 233 234 236 236 235 234 237 236 236 238 239 239 237 235 237 235 234 235 236 237 236 234 235 236 237 237 235 235 236 237 236 235 233 234 236 236 235 234 237 238 239 240 240 239 238 237 237 235 236 240 241 237 236 238 234 236 239 239 237 236 235 235 238 235 233 235 239 241 240 238 235 239 244 245 243 240 237 236 238 238 236 235 235 235 235 235 242 242 241 240 239 238 237 236 239 238 237 236 235 235 235 235 240 239 237 236 235 236 237 238 235 236 237 235 233 232 233 234 236 236 236 235 235 234 234 234 233 233 233 233 233 233 233 233 235 234 233 232 231 231 231 232 231 231 232 232 232 232 232 233 230 231 231 232 232 231 231 229 224 224 222 216 213 211 208 202 201 193 178 155 132 107 81 62 54 39 22 19 17 12 9 9 11 12 16 21 23 21 18 14 15 15 15 16 16 14 11 8 12 12 12 10 10 10 12 14 14 13 12 13 14 13 11 9 12 9 6 4 4 4 3 2 4 6 7 7 5 3 4 4 8 7 6 5 4 3 3 2 2 3 3 4 4 5 6 6 6 5 6 6 5 6 7 7 7 6 6 6 6 7 8 9 11 10 8 7 8 12 15 18 18 21 21 19 19 22 22 19 25 19 16 17 16 12 9 9 6 6 7 7 8 8 9 9 8 9 10 9 7 7 9 8 7 10 17 21 18 13 10 8 11 10 11 10 9 8 8 6 10 7 9 14 14 11 8 11 14 18 20 17 14 15 16 13 12 20 39 58 71 76 85 91 113 142 165 185 208 220 224 232 237 241 243 240 239 241 243 242 237 241 245 246 243 242 242 244 245 244 243 243
231 231 231 231 230 230 230 230 230 231 231 232 232 231 231 230 232 231 231 232 233 232 230 228 231 231 231 231 231 231 231 231 232 231 231 230 229 229 228 228 232 230 229 229 232 234 233 231 232 232 232 234 235 235 232 230 231 232 234 234 232 232 234 235 233 233 233 233 232 232 232 232 233 233 234 235 235 235 235 235 233 233 233 233 233 234 235 235 233 233 232 232 233 234 236 237 235 236 236 235 233 232 233 234 237 237 236 235 235 235 236 236 236 236 234 234 234 234 236 236 235 235 235 235 235 236 238 238 237 235 234 235 237 237 236 235 236 237 238 237 236 236 237 238 239 237 235 235 236 236 234 233 235 236 237 237 235 235 236 237 237 235 234 235 237 238 236 234 235 236 238 239 239 238 236 235 237 234 234 237 238 236 237 241 240 239 238 239 240 241 241 240 237 237 238 238 239 239 238 237 236 239 242 243 241 238 237 237 239 238 236 235 235 236 237 237 243 242 242 240 239 238 237 237 237 236 235 235 235 235 235 236 240 238 236 234 234 235 236 238 233 234 235 234 233 232 233 234 236 236 236 235 235 234 234 234 233 233 233 233 233 233 233 233 237 236 234 233 232 232 232 233 233 232 232 232 232 232 231 231 228 228 229 230 230 229 228 227 220 223 223 216 206 195 182 169 161 149 123 87 56 31 12 2 10 18 23 21 12 5 8 14 11 15 18 19 17 15 12 10 16 14 12 12 12 11 9 8 10 11 10 8 8 8 10 13 11 11 11 12 13 10 6 3 8 6 4 3 4 4 2 0 3 5 7 7 5 3 3 3 6 5 5 5 4 3 3 3 2 2 3 3 4 4 5 5 5 4 5 5 5 6 8 8 6 5 6 7 7 7 7 7 10 10 10 11 13 15 18 20 17 23 28 29 30 32 29 24 33 26 22 23 21 14 10 11 8 9 9 9 10 10 10 11 5 6 7 6 5 6 9 8 6 11 18 18 12 8 9 12 9 9 11 12 11 10 9 6 11 7 8 12 13 11 10 13 14 19 19 14 10 12 13 9 9 14 32 53 68 73 82 88 105 135 161 183 207 219 223 231 237 241 243 239 238 241 242 241 240 240 239 239 239 240 241 243 244 245 246 246
233 233 232 230 229 228 227 227 230 231 231 232 232 231 231 230 233 232 231 232 233 232 229 226 232 232 232 232 232 232 232 232 235 235 234 233 232 230 230 229 231 230 228 228 231 235 234 231 234 233 233 235 236 236 234 231 231 232 234 234 232 232 234 235 236 236 236 235 234 233 231 230 231 232 234 235 236 235 234 233 234 233 233 232 232 232 233 233 232 231 231 231 232 234 236 237 234 237 238 237 233 231 233 236 237 236 236 235 235 236 236 237 237 236 234 233 233 234 236 237 238 237 236 235 235 235 236 236 238 237 236 236 238 238 237 236 236 238 239 237 234 234 237 241 242 240 238 238 238 238 236 234 235 237 238 237 235 234 235 237 239 235 235 234 238 237 238 233 234 233 237 236 238 235 235 234 238 234 231 233 234 234 238 244 241 237 233 233 237 240 241 240 239 241 243 243 241 238 238 238 238 239 240 239 237 236 237 238 239 238 236 235 236 237 238 239 240 240 240 240 240 240 240 241 237 237 236 236 236 237 238 238 239 238 235 234 233 234 236 237 233 235 236 236 234 234 235 237 236 236 236 235 235 234 234 234 233 233 233 233 233 233 233 233 238 237 235 233 232 232 233 233 235 234 234 233 234 233 233 233 228 229 229 230 229 228 228 225 219 226 227 216 200 181 158 138 119 106 79 47 23 13 10 11 22 20 16 16 19 22 16 9 12 19 22 18 13 13 17 23 19 15 11 9 9 10 11 10 11 12 11 9 9 9 11 14 12 12 13 15 15 11 6 1 7 6 5 5 6 6 3 1 4 6 9 9 7 5 4 5 10 9 9 9 9 9 9 9 5 5 5 6 6 6 7 7 7 6 7 7 8 9 11 12 4 5 7 7 8 7 6 5 9 11 14 16 19 21 22 23 41 51 60 66 69 70 66 59 35 27 23 23 20 12 6 8 9 9 9 9 9 9 9 8 6 7 7 6 6 7 10 10 8 12 18 16 9 6 11 20 6 9 13 16 17 17 15 13 13 10 10 14 15 14 14 18 17 22 21 12 9 12 13 9 9 15 30 53 69 75 82 91 98 129 158 182 207 217 222 229 237 241 242 239 238 240 242 240 243 240 236 235 236 238 240 241 244 245 247 249
227 228 228 229 229 230 230 231 228 228 228 228 228 228 228 228 228 229 229 230 230 229 229 228 228 228 228 228 228 228 228 228 229 229 230 232 232 232 232 232 231 231 231 231 231 231 231 231 234 234 233 233 233 234 235 236 229 232 235 234 232 231 233 236 234 231 233 239 239 233 231 234 233 235 236 235 233 232 233 235 232 233 233 234 234 235 235 236 234 234 235 236 237 238 238 239 229 233 238 238 235 234 235 237 233 234 235 234 232 232 234 236 234 234 234 235 235 236 236 236 234 235 234 233 232 234 237 240 236 234 235 238 239 235 235 237 233 233 233 233 233 235 236 236 240 239 239 238 237 236 235 235 236 235 234 233 234 237 240 241 234 232 233 231 232 232 233 233 230 230 232 232 235 235 237 238 234 236 238 239 241 241 241 241 242 240 238 237 237 238 240 241 239 240 240 240 240 239 238 237 237 237 237 237 237 237 237 237 239 239 237 236 236 236 236 236 236 236 238 241 244 243 239 236 235 234 233 234 235 235 233 232 239 238 236 235 234 235 236 237 235 236 236 237 237 236 236 235 238 237 237 236 235 234 233 232 233 234 234 235 235 234 234 233 233 233 233 233 233 233 233 232 229 229 230 230 232 232 232 231 236 231 229 230 230 228 225 222 215 217 216 214 219 205 149 87 76 59 35 21 20 22 21 18 18 17 17 19 20 19 15 12 13 14 16 14 13 12 14 15 10 9 7 6 5 5 6 6 4 3 3 3 4 5 7 7 6 6 6 7 7 7 7 7 6 5 4 2 2 2 4 4 3 3 4 5 5 6 7 7 0 0 3 6 7 6 5 4 0 0 0 2 4 5 6 8 5 6 6 7 5 6 6 7 4 8 8 2 3 10 10 6 8 1 29 22 26 22 50 66 79 110 139 148 153 155 145 130 99 69 35 27 30 13 0 3 7 7 8 8 4 0 2 9 7 7 6 7 8 10 13 11 7 7 10 13 13 12 15 17 11 13 12 11 11 9 8 8 0 6 10 9 3 5 15 25 15 24 17 9 14 16 13 15 7 22 36 54 71 73 75 89 103 128 152 174 204 220 224 231 229 235 239 239 238 238 240 244 236 237 239 240 240 240 239 238 242 244 246 248
228 228 229 229 229 229 230 230 228 228 228 228 228 228 228 228 228 228 229 229 229 229 228 228 228 228 228 228 228 228 228 228 228 229 230 230 231 230 230 230 230 230 230 230 230 230 230 230 232 232 232 232 232 233 234 235 232 233 234 233 232 233 234 236 232 229 231 235 235 229 227 230 233 235 236 236 234 234 235 236 233 233 234 234 234 234 235 235 232 232 233 234 235 235 236 236 233 234 236 236 235 235 235 236 234 235 236 235 233 233 234 236 234 234 234 235 235 236 236 236 236 237 236 234 232 232 235 238 233 230 231 235 235 232 232 234 234 234 233 233 233 234 235 236 239 238 238 237 236 235 235 234 236 235 233 232 232 234 236 237 234 232 232 231 231 232 232 233 230 231 231 232 234 235 235 237 234 235 236 237 238 238 239 239 239 238 236 235 236 237 239 240 237 238 238 238 238 237 236 235 236 236 237 237 237 237 237 237 239 238 238 237 237 237 237 237 233 233 234 237 239 238 236 234 235 234 233 234 236 236 234 233 236 236 235 234 234 234 235 235 234 234 235 236 236 235 234 234 233 233 233 232 231 231 230 230 232 232 233 234 234 233 232 232 233 233 233 233 233 233 233 232 228 226 228 229 231 231 231 231 233 230 228 227 226 223 220 220 225 225 213 198 198 184 130 72 47 35 24 17 18 22 22 20 17 17 21 24 27 23 17 12 15 16 17 16 13 12 13 15 14 12 9 7 7 7 8 9 10 9 9 9 10 11 12 13 10 10 10 10 10 10 9 9 8 7 5 4 3 4 5 6 5 5 5 5 5 5 5 5 5 5 7 8 8 7 6 4 0 0 1 2 5 5 8 8 7 7 7 7 5 6 5 6 10 15 13 8 6 10 9 6 34 8 24 40 85 113 162 190 189 200 210 209 205 209 211 206 190 170 116 56 28 19 14 17 9 8 8 10 8 4 4 8 7 7 6 6 8 10 12 10 5 5 10 12 14 13 15 15 18 16 14 12 14 13 13 12 17 12 10 11 19 24 26 26 20 25 21 13 14 13 10 13 10 24 42 60 79 80 80 91 95 120 142 166 196 213 218 226 229 234 237 238 238 239 240 242 244 243 242 242 242 243 245 246 245 245 245 245
230 230 229 229 229 229 228 228 228 228 228 228 228 228 228 228 227 228 228 229 229 228 228 227 228 228 228 228 228 228 228 228 229 229 229 230 229 229 228 227 229 229 229 229 229 229 229 229 231 231 230 230 231 232 233 233 236 234 232 232 234 236 236 236 234 233 234 237 236 232 230 231 231 233 234 234 233 233 235 237 235 235 234 234 234 234 233 233 230 231 231 232 233 233 234 234 237 236 234 234 235 235 235 234 234 236 237 236 235 234 235 237 234 234 235 235 235 235 236 236 238 238 237 235 232 232 234 236 231 229 230 234 235 232 231 234 236 235 234 234 233 234 234 235 237 237 237 236 235 234 234 234 236 234 233 231 231 231 232 233 234 233 233 232 232 233 233 234 233 233 233 234 234 235 235 235 234 235 235 235 235 235 235 235 237 236 235 234 235 236 238 240 236 236 236 236 236 235 234 233 235 235 236 236 237 237 238 238 237 238 238 238 238 238 239 239 234 233 232 234 235 236 235 234 236 235 234 235 236 237 236 234 233 234 234 235 235 235 234 234 233 233 234 235 235 234 233 233 231 231 231 231 231 231 231 231 231 231 232 233 233 232 231 231 233 233 233 233 233 233 233 232 227 225 227 229 230 230 230 230 229 229 227 224 223 220 217 216 211 214 200 174 161 143 94 39 19 16 15 15 17 20 20 19 16 18 23 28 30 26 18 11 16 17 18 17 14 13 13 14 15 13 9 7 6 7 9 11 8 8 7 7 7 8 9 10 13 12 12 11 11 10 10 9 10 8 7 6 5 6 7 8 7 7 6 5 5 4 3 3 6 5 5 4 3 3 4 2 3 1 4 3 6 6 9 9 8 8 8 8 6 5 4 5 8 11 9 6 3 6 5 3 14 1 38 109 186 202 217 223 220 217 219 213 197 197 207 209 226 226 187 123 72 39 20 15 13 9 8 11 12 8 6 7 7 7 6 6 7 9 11 9 3 4 10 13 15 13 14 14 19 15 11 10 13 14 12 10 8 17 27 29 26 23 26 29 23 21 19 17 15 10 10 11 6 19 37 58 81 82 79 87 90 114 136 160 192 211 217 225 232 234 235 237 240 241 241 240 244 243 240 239 239 241 244 247 250 249 246 245
231 230 230 229 229 228 228 227 229 229 229 229 229 229 229 229 227 227 228 228 228 228 227 227 229 229 229 229 229 229 229 229 230 230 231 230 230 229 228 227 230 230 230 230 230 230 230 230 231 231 231 231 231 232 233 233 238 235 231 231 235 238 237 236 234 234 235 236 236 235 234 234 228 230 232 232 232 232 234 236 236 235 235 234 234 233 233 232 231 231 231 232 232 233 233 233 241 237 232 232 235 236 235 233 234 236 238 237 236 235 236 237 235 235 235 235 235 235 235 235 236 237 237 235 233 232 234 236 234 232 233 237 238 235 235 238 237 236 235 234 234 234 234 234 236 236 236 235 235 234 234 234 234 234 233 232 232 232 233 234 234 233 233 232 232 233 233 234 234 234 234 234 234 234 234 234 237 236 236 235 234 234 234 234 236 235 235 235 236 237 239 240 235 236 236 236 236 235 234 233 234 235 235 236 237 237 238 238 236 237 238 239 239 239 240 239 239 237 235 234 236 238 238 237 237 235 234 235 237 238 237 236 233 234 235 237 237 236 235 234 233 234 235 235 235 235 234 233 234 234 234 234 234 235 235 235 231 232 233 233 233 233 232 231 234 234 233 233 233 233 232 231 226 226 228 228 229 229 229 228 227 228 226 222 218 216 213 208 206 203 174 130 99 82 50 13 13 15 18 18 18 19 20 19 15 16 21 25 27 23 16 11 16 17 19 18 15 13 13 14 13 11 7 4 4 5 7 9 6 6 5 4 4 4 5 5 12 12 11 10 9 8 8 7 11 10 8 7 6 7 8 9 7 7 6 5 5 4 3 3 7 6 4 2 2 3 5 5 5 3 6 5 7 7 9 9 10 10 10 9 6 6 4 5 3 4 4 2 3 6 6 6 15 4 34 130 213 219 217 218 226 215 215 202 171 169 196 209 215 220 210 181 133 68 20 6 15 9 8 12 14 11 7 6 8 7 6 6 7 9 11 9 3 4 11 16 16 13 14 13 18 16 13 12 16 15 12 9 4 16 26 28 27 28 36 43 36 18 13 16 14 9 12 13 5 14 30 52 78 82 79 85 91 114 134 158 192 213 222 230 235 235 235 238 242 245 243 240 242 241 239 238 239 240 243 244 251 250 249 249
231 230 230 229 229 228 228 227 229 229 229 229 229 229 229 229 227 228 228 229 229 228 228 227 229 229 229 229 229 229 229 229 231 232 232 232 231 230 229 228 232 232 232 232 232 232 232 232 232 232 232 231 232 233 234 234 238 234 231 232 236 238 237 235 228 229 230 231 232 233 234 233 230 232 233 234 233 234 236 237 236 235 235 234 234 233 233 232 233 233 233 233 234 234 234 234 241 237 232 232 235 236 235 233 234 236 238 238 237 235 235 236 235 235 235 235 235 235 235 235 233 234 235 235 234 234 236 238 235 233 235 239 240 237 237 240 238 237 236 235 234 234 234 234 236 235 235 235 235 234 234 234 233 233 233 234 235 236 237 237 234 233 233 232 232 233 233 234 235 235 234 234 234 234 233 233 240 239 237 236 235 235 235 236 237 237 237 237 237 238 239 239 237 237 237 238 237 236 235 235 234 235 235 236 236 237 237 237 235 236 238 239 239 239 239 238 241 238 236 235 236 238 238 238 237 235 234 234 236 238 238 237 235 236 237 239 239 238 236 235 235 235 236 237 237 236 235 235 235 236 236 236 236 236 237 237 233 233 234 235 235 234 233 233 234 234 234 233 233 232 232 231 227 226 228 228 229 229 228 227 227 230 227 221 218 215 206 195 200 181 135 77 39 29 22 13 15 16 19 18 16 16 18 19 15 15 16 18 20 18 14 11 16 18 20 19 16 13 13 13 13 11 8 5 5 6 8 9 11 11 9 8 8 8 8 8 13 12 12 11 10 9 8 8 11 10 8 7 6 7 8 9 5 5 5 5 5 5 5 5 10 9 7 7 7 10 13 13 6 4 6 6 8 8 10 10 11 11 10 10 7 6 5 6 8 7 7 7 8 8 9 11 14 10 28 133 214 217 218 229 233 221 223 201 155 154 196 218 220 222 211 192 164 106 44 11 15 9 7 11 13 10 7 6 9 8 8 7 8 10 11 10 4 6 14 17 17 14 15 14 19 19 17 17 19 19 16 13 28 22 23 43 72 91 94 86 72 33 15 18 16 11 16 12 11 15 24 45 75 84 83 89 90 110 129 152 188 212 221 230 236 237 236 239 244 246 245 242 242 242 243 244 244 244 244 244 245 246 248 250
230 230 229 229 229 229 228 228 230 230 230 230 230 230 230 230 228 229 229 230 230 229 229 228 230 230 230 230 230 230 230 230 231 231 232 232 232 231 230 230 233 233 233 233 233 233 233 233 232 232 232 232 232 233 234 234 234 233 233 234 236 236 235 234 229 232 232 231 232 235 236 234 233 235 237 237 236 236 238 239 235 235 234 234 234 234 233 233 235 235 235 235 235 235 235 235 237 236 234 234 235 235 235 234 233 235 238 238 236 235 234 235 236 236 235 235 235 235 234 234 232 233 235 235 235 235 237 238 233 231 233 237 239 236 236 239 237 236 236 235 235 235 235 236 236 236 236 236 235 235 235 235 233 234 235 236 237 238 239 239 234 233 233 232 232 233 233 234 234 234 234 234 234 234 234 236 241 240 238 236 236 236 237 238 238 238 238 238 238 238 237 237 238 238 239 239 238 237 237 236 236 236 236 235 235 235 235 235 235 236 237 238 239 238 237 236 239 237 234 233 235 236 236 235 236 234 232 233 235 237 238 238 238 239 239 239 238 237 236 236 235 236 237 237 237 237 236 235 235 235 235 235 235 234 234 234 233 234 235 235 235 235 234 233 235 235 234 233 233 232 231 230 228 228 228 229 230 229 228 228 229 229 225 218 216 213 196 177 140 118 82 47 22 14 13 13 11 13 14 12 11 11 15 17 17 14 12 13 15 15 14 13 17 19 21 20 17 14 12 12 14 13 11 10 9 9 10 10 14 13 11 10 9 8 8 8 14 14 13 13 12 11 11 10 10 8 7 6 5 6 7 8 5 5 5 5 5 5 5 5 8 7 6 6 7 10 12 12 5 3 6 6 9 8 11 11 11 11 11 10 8 8 7 7 12 9 6 8 7 4 5 8 0 11 29 148 231 229 220 228 215 218 238 221 166 157 188 195 214 228 213 186 175 148 78 13 16 11 9 11 11 9 8 10 11 10 9 9 9 11 12 11 9 10 15 17 17 15 16 16 14 13 15 16 16 17 20 24 40 54 83 121 156 169 165 154 128 59 22 24 18 16 21 13 12 11 15 35 68 81 80 86 84 102 119 142 180 205 215 224 235 237 238 241 244 245 245 244 239 240 242 243 244 243 242 241 239 241 243 246
228 228 229 229 229 229 230 230 230 230 230 230 230 230 230 230 230 230 231 231 231 231 230 230 230 230 230 230 230 230 230 230 229 229 230 231 231 231 230 230 232 232 232 232 232 232 232 232 231 231 230 230 231 232 233 233 229 232 235 236 235 234 233 233 234 237 237 233 233 237 237 234 234 235 237 236 235 234 235 237 233 233 234 234 234 234 235 235 235 235 235 235 235 235 235 235 233 234 236 236 235 235 235 236 231 234 237 237 236 234 233 234 236 236 236 235 235 234 234 234 233 235 236 236 235 234 235 236 232 230 232 237 238 236 236 239 236 236 235 235 235 236 237 237 236 236 236 236 237 237 237 237 235 235 236 237 237 238 238 238 236 235 235 234 234 235 235 236 236 236 236 236 236 236 236 236 240 239 237 236 235 237 238 239 238 238 238 237 237 236 235 234 238 238 239 239 238 237 236 236 237 237 236 235 235 234 234 233 234 235 237 238 238 236 234 233 237 235 233 233 234 235 234 232 236 233 231 231 234 236 238 238 241 240 238 237 236 235 235 235 234 235 236 236 236 236 235 234 236 235 235 234 234 233 233 232 232 233 234 234 234 234 233 232 235 235 234 233 233 232 231 231 231 231 231 231 231 230 227 227 228 227 222 215 215 210 186 160 85 57 33 29 28 20 12 12 13 12 11 11 12 13 15 15 19 16 14 14 16 16 15 14 17 19 22 21 17 14 12 12 13 13 12 12 11 10 9 9 12 11 10 8 6 6 5 5 12 12 12 12 11 11 11 11 8 7 5 4 3 4 5 6 7 7 6 5 5 4 3 3 5 4 3 3 3 5 6 6 4 2 5 5 8 9 12 12 10 10 10 11 9 9 8 8 12 7 5 8 6 3 2 6 9 19 14 130 220 229 224 232 222 231 255 250 195 187 208 195 200 219 210 190 186 161 84 10 18 13 11 11 9 6 9 15 12 11 10 9 10 11 13 12 11 13 17 18 17 16 18 19 13 13 14 13 13 20 34 44 63 96 138 175 194 201 203 203 175 82 26 24 21 21 26 13 11 8 10 30 65 78 77 81 82 99 114 137 175 201 212 221 232 236 239 240 241 241 243 244 240 240 240 240 240 241 242 242 241 241 241 241
227 228 228 229 229 230 230 231 230 230 230 230 230 230 230 230 230 231 232 232 232 232 231 230 230 230 230 230 230 230 230 230 227 227 228 229 230 230 230 230 231 231 231 231 231 231 231 231 230 229 229 229 229 230 231 232 226 231 236 237 235 232 232 233 234 237 236 229 228 232 231 227 231 233 234 233 231 230 231 232 232 233 233 234 234 235 235 236 235 234 234 234 234 234 234 234 229 233 238 238 235 234 235 237 230 233 236 237 235 233 233 233 236 236 236 235 235 234 234 234 235 236 238 237 235 233 233 234 233 231 233 238 239 237 237 240 235 235 235 235 236 237 238 238 237 237 237 237 237 237 237 238 236 236 237 237 237 236 235 235 236 235 235 234 234 235 235 236 235 235 235 236 236 237 237 237 239 238 236 235 235 236 238 240 237 237 237 236 235 234 232 231 237 238 238 238 238 237 236 235 238 238 237 236 234 233 232 232 234 235 237 238 237 235 232 231 238 236 235 235 236 236 234 232 235 232 230 230 233 236 237 238 242 240 238 235 233 233 233 234 233 234 234 235 235 234 234 233 238 237 237 236 235 234 233 232 231 232 232 233 233 232 232 231 235 235 234 233 233 232 231 231 232 232 232 232 232 229 228 226 227 224 218 212 213 208 180 146 96 48 10 11 21 18 13 19 18 16 15 15 17 17 15 13 19 17 16 17 19 19 17 15 17 19 22 21 18 14 12 11 9 10 11 11 10 8 6 5 14 13 11 9 7 7 6 6 8 8 8 9 9 9 9 9 6 5 4 2 2 2 4 4 9 9 7 6 4 3 1 1 8 7 6 5 5 5 6 4 2 1 4 5 8 9 12 13 9 10 10 11 9 10 9 10 10 6 6 10 11 8 9 14 1 13 1 126 222 236 221 218 224 223 241 220 170 179 211 200 212 214 206 196 190 147 73 14 20 16 14 12 9 6 11 19 13 12 11 10 11 12 13 13 14 14 17 18 17 17 19 20 20 21 21 17 19 32 51 70 115 121 133 150 173 193 208 216 200 91 25 22 20 25 30 17 16 11 12 33 69 82 79 82 85 101 115 137 176 202 213 222 229 235 239 239 238 238 241 244 247 246 243 242 243 245 247 249 247 245 241 238
227 228 228 229 229 230 230 231 230 228 227 228 230 232 233 232 231 230 230 230 230 230 230 229 231 231 230 230 230 229 229 229 224 226 230 233 234 233 231 230 229 230 230 231 231 230 230 229 231 232 232 233 233 232 232 231 228 231 235 237 236 235 235 235 234 234 233 232 231 230 230 229 232 232 232 232 232 232 232 232 232 232 233 234 234 235 236 236 232 233 233 234 234 235 235 236 232 233 235 236 236 235 233 232 234 235 236 237 237 237 237 237 236 235 234 233 233 235 237 238 232 234 237 239 239 238 236 234 232 232 234 239 243 243 239 234 232 236 237 233 232 235 238 237 232 233 235 237 237 236 235 234 234 233 232 232 233 234 236 237 236 236 235 234 234 235 235 236 233 235 237 239 239 237 235 233 234 235 236 236 237 237 236 236 234 234 234 235 235 236 236 236 234 234 235 236 236 237 238 238 232 233 234 235 235 234 233 232 233 234 236 237 237 236 234 233 233 234 234 235 235 234 234 233 234 233 233 234 236 237 237 235 231 232 232 233 233 234 234 234 232 232 233 233 233 233 233 233 233 234 234 235 235 234 234 233 232 232 232 232 233 233 234 234 230 231 233 234 234 233 231 230 224 227 229 230 229 227 226 224 216 222 210 201 216 208 157 106 58 42 24 15 18 21 19 17 18 18 17 17 16 15 14 13 18 19 20 21 21 19 16 15 11 13 16 16 14 13 12 13 11 13 14 13 10 7 6 6 7 8 8 7 5 5 7 9 6 10 14 15 11 8 7 7 8 6 5 3 3 4 5 5 5 5 6 7 7 7 6 6 7 6 6 5 5 6 6 5 0 0 5 6 9 10 15 17 11 9 9 10 10 11 9 8 8 10 11 8 5 4 7 10 3 18 1 54 247 208 208 243 222 220 225 189 173 190 197 221 215 212 218 194 186 156 73 24 18 12 10 12 12 10 12 17 7 7 7 8 11 15 20 20 11 15 22 24 21 18 17 20 7 39 16 10 18 83 118 127 151 118 136 148 164 197 201 207 201 103 37 27 22 19 24 19 12 10 15 36 70 81 79 82 89 101 114 134 168 204 221 221 229 232 234 236 238 240 242 243 244 242 240 240 241 245 249 252 237 238 239 240
229 229 229 229 230 230 230 230 230 228 227 228 230 232 232 232 230 230 230 230 230 230 230 230 232 231 231 231 230 230 230 229 226 228 230 232 232 232 231 230 231 231 231 232 232 231 231 231 233 233 233 234 234 233 233 233 228 231 235 237 236 235 235 235 235 235 235 234 233 233 232 232 234 234 234 234 234 234 234 234 233 233 234 235 236 236 237 237 233 233 234 234 234 234 235 235 234 235 236 237 237 236 235 234 235 236 236 237 237 237 238 238 236 236 235 235 236 236 237 238 235 235 235 235 235 236 237 238 236 235 234 236 239 240 239 236 233 237 238 234 233 236 238 237 238 238 236 235 234 233 233 232 236 236 235 234 234 235 237 238 236 236 236 235 235 235 236 236 234 235 237 238 238 237 235 234 235 235 236 237 237 237 237 237 235 235 236 236 236 237 237 237 236 236 236 236 236 236 236 236 234 235 236 237 237 236 235 234 234 235 237 238 238 237 235 234 234 235 236 236 236 236 235 234 237 236 235 236 238 238 237 236 234 234 234 235 235 235 236 236 235 235 235 235 235 234 234 234 233 234 234 234 234 234 234 233 238 236 233 231 230 231 233 235 231 232 232 233 233 232 232 231 231 232 232 231 230 226 223 222 228 225 210 200 198 167 106 61 37 27 17 13 17 19 19 17 19 18 17 15 14 14 14 15 17 18 19 20 21 19 16 15 15 15 15 13 11 11 13 16 11 13 14 13 10 7 6 7 6 7 7 6 3 3 4 6 8 12 16 16 13 10 9 9 8 7 5 4 3 4 5 6 6 6 7 7 7 7 6 6 7 6 5 5 5 5 6 5 4 3 7 7 8 8 12 13 11 10 9 10 10 11 9 8 9 10 10 8 5 5 8 11 14 0 16 27 187 230 214 219 233 215 204 178 181 208 210 219 225 216 211 189 176 143 61 19 19 15 14 16 16 13 14 18 13 12 10 9 10 11 14 13 14 17 21 21 18 17 18 20 27 19 11 18 46 175 196 180 151 112 125 142 158 188 197 199 207 104 36 29 24 17 17 12 12 9 13 33 66 79 79 84 87 99 115 136 170 205 221 220 230 233 235 237 239 240 241 242 239 240 240 241 242 244 245 245 240 241 243 245
231 231 230 230 230 230 230 229 230 228 227 228 230 232 232 231 228 229 229 230 230 231 231 232 233 232 232 232 231 231 231 230 230 230 230 230 230 230 230 230 232 232 232 232 232 232 232 232 234 234 234 234 234 234 234 234 229 232 235 236 235 234 235 235 236 236 236 236 236 235 235 235 236 236 236 236 236 236 236 236 234 234 235 235 236 237 237 238 235 235 234 234 234 234 233 233 235 236 237 237 237 237 236 235 237 236 236 236 236 237 238 238 235 236 237 237 238 238 237 237 239 236 233 231 232 235 238 241 239 237 234 234 236 237 238 237 233 237 238 234 233 236 238 237 240 238 235 233 232 232 233 234 239 238 237 237 236 237 237 238 237 237 237 237 237 237 237 237 236 237 237 237 237 237 237 236 236 236 237 237 237 238 238 238 236 237 237 237 237 238 238 238 238 238 237 236 236 235 234 234 237 237 238 239 239 238 237 237 236 237 238 239 239 238 237 236 235 236 237 237 237 237 236 235 240 239 237 238 239 239 238 236 236 236 236 237 237 237 237 238 238 238 237 237 236 235 235 235 234 234 234 234 234 234 234 234 241 239 234 230 229 231 233 235 232 232 231 231 231 231 232 232 237 236 234 232 230 226 223 221 225 217 203 191 172 121 60 27 19 14 13 13 16 17 17 17 21 19 17 15 13 14 14 15 16 17 18 19 19 18 17 15 19 17 15 10 8 9 14 18 11 13 14 13 10 8 7 8 11 12 12 10 7 6 7 8 10 13 16 17 15 13 11 11 8 7 6 4 4 5 6 6 5 5 6 6 6 5 5 4 6 6 5 5 5 5 6 4 7 6 9 7 8 6 9 10 12 10 10 10 10 11 9 8 10 11 10 9 7 7 7 9 16 4 18 2 97 199 230 220 218 219 222 205 203 217 217 222 229 217 203 179 158 116 46 15 18 13 14 16 16 12 11 13 13 12 9 7 7 8 9 10 16 17 19 18 16 17 19 20 32 9 24 15 31 176 197 179 161 119 123 142 156 181 194 198 200 92 26 28 29 21 20 19 10 8 11 31 64 78 80 86 87 99 117 141 176 209 222 222 232 235 237 239 240 241 241 241 241 243 246 248 249 247 245 243 245 246 246 247
232 232 231 231 230 229 229 229 230 228 227 227 229 231 231 230 227 228 229 229 231 231 232 233 233 233 233 232 232 232 231 231 233 232 230 229 228 229 229 230 232 232 231 231 231 231 232 232 234 234 233 233 233 233 234 234 230 233 235 236 235 234 234 235 235 235 236 236 236 236 236 236 236 236 236 236 236 236 236 236 234 234 234 235 235 236 236 236 236 235 235 234 234 233 233 232 235 236 236 236 236 236 236 235 236 236 235 234 234 235 236 237 233 234 236 237 238 237 236 235 238 236 233 231 232 234 238 240 239 238 236 235 235 236 236 236 232 236 236 233 232 235 237 236 235 234 233 233 233 234 236 237 239 239 238 237 236 236 236 236 234 235 235 236 236 236 236 236 238 237 236 235 235 236 237 238 237 237 237 237 237 238 238 239 236 236 237 237 237 237 237 237 237 237 237 236 236 235 235 235 238 238 238 238 238 238 238 238 236 236 237 238 238 237 236 236 235 235 236 237 237 236 235 235 241 239 238 238 238 239 237 235 237 237 237 237 237 237 237 237 239 238 238 237 236 235 234 233 234 233 233 233 233 233 233 234 239 237 235 232 231 232 233 235 233 232 231 230 230 231 232 234 240 238 233 231 227 225 222 218 216 214 196 168 136 85 37 17 15 15 16 15 15 14 16 17 21 19 16 13 12 13 14 16 15 15 16 17 18 17 16 15 19 17 15 11 8 9 13 17 12 13 14 12 10 8 8 9 14 14 13 11 8 6 7 9 11 13 14 15 15 13 12 11 9 8 7 5 5 5 6 7 4 4 4 5 4 4 3 2 6 6 5 5 5 5 6 4 7 6 9 7 8 6 9 10 13 11 10 11 11 11 9 8 11 10 10 9 9 9 7 8 6 25 3 0 26 103 211 238 209 220 230 222 218 224 225 225 220 214 197 167 131 79 31 17 14 12 13 17 16 11 8 10 10 9 7 7 7 10 12 14 17 16 19 19 19 17 18 18 14 7 30 13 58 169 202 189 178 139 135 152 161 177 196 202 189 82 20 26 30 21 22 23 7 8 14 35 68 80 81 87 88 99 118 145 180 210 223 223 233 236 238 240 241 241 241 240 243 245 247 249 249 247 244 242 248 247 246 244
232 231 231 230 230 229 229 228 230 228 227 227 229 230 230 229 227 228 229 229 231 231 232 233 233 233 233 232 232 232 231 231 234 232 230 228 228 228 229 230 231 231 230 229 229 230 231 231 233 233 232 231 231 232 233 233 232 233 235 235 234 233 234 235 234 234 234 234 235 235 235 235 234 234 234 234 234 234 234 234 232 232 233 233 233 234 234 234 236 235 235 234 234 233 233 232 235 234 234 234 234 234 234 235 235 235 234 234 234 234 234 234 231 233 234 236 236 235 234 233 235 234 234 233 234 235 236 237 236 237 238 238 236 235 234 233 230 234 235 231 230 234 236 235 231 232 234 235 235 235 234 233 237 236 236 236 235 234 234 233 232 233 234 235 236 235 235 234 238 237 235 234 234 235 237 238 237 237 236 236 236 237 238 239 236 236 235 235 235 235 235 235 235 235 235 236 236 237 237 237 237 237 236 236 236 236 237 237 235 235 236 236 236 236 235 235 233 234 235 235 235 235 234 233 239 237 236 236 237 237 235 233 236 236 236 236 235 235 235 235 237 236 236 235 234 233 232 232 234 233 232 232 232 232 233 234 233 233 234 235 235 234 234 233 232 231 230 229 229 230 231 233 236 233 229 228 225 221 218 214 211 212 182 128 88 52 24 12 17 17 17 14 13 13 16 20 22 20 15 13 11 13 15 16 15 15 15 15 16 15 15 14 15 16 16 14 12 11 12 14 12 13 13 12 10 9 10 11 9 9 9 6 3 2 3 4 10 10 11 12 13 12 11 10 10 9 7 6 6 6 7 8 6 7 7 7 6 5 4 4 7 7 6 5 5 6 7 5 4 4 8 7 8 7 11 13 14 12 11 11 11 11 9 8 10 10 10 9 10 8 7 6 1 22 0 8 4 24 124 209 224 221 210 207 216 228 231 217 207 211 188 150 99 44 20 20 13 12 14 18 17 12 9 11 9 8 7 7 9 11 14 16 15 16 18 21 21 18 16 13 20 14 10 8 129 189 219 193 190 163 156 170 172 182 206 207 176 77 20 27 26 13 14 14 5 9 20 42 74 84 82 87 87 96 114 142 177 205 219 221 233 236 239 241 242 241 241 240 241 241 241 241 240 240 240 239 246 245 243 240
230 229 229 229 229 229 228 228 230 228 227 227 228 230 229 228 228 229 229 230 230 231 231 232 233 232 232 232 231 231 231 230 233 232 230 229 228 229 229 230 231 230 229 228 228 229 230 231 233 232 231 230 230 231 232 233 233 234 235 235 233 233 234 235 234 234 233 233 233 233 233 233 233 233 233 233 233 233 233 233 232 232 232 232 232 232 232 232 235 235 234 234 234 234 233 233 235 234 233 233 233 233 234 235 234 235 235 235 235 234 233 232 231 232 233 234 234 234 234 234 232 233 234 235 236 235 235 234 234 236 238 238 236 234 233 233 230 235 235 232 230 234 236 235 234 235 236 236 235 233 230 228 233 234 234 235 234 234 233 232 231 232 234 236 236 236 235 234 237 236 235 234 234 235 236 237 237 236 235 234 234 236 237 239 236 235 235 235 235 234 234 234 234 234 235 236 236 237 238 238 236 236 235 234 234 235 236 236 235 235 235 235 235 235 235 235 233 233 234 235 235 234 233 233 236 235 234 234 235 236 234 233 235 235 235 234 234 234 234 233 234 234 234 233 232 232 231 231 234 233 232 231 231 232 233 234 229 231 233 235 236 235 233 231 231 231 230 230 230 230 231 232 232 230 227 225 223 219 213 205 190 183 137 79 48 32 20 15 15 13 14 12 12 14 20 22 20 19 15 13 12 12 12 14 16 15 14 14 14 13 12 12 11 13 17 17 15 13 12 12 13 13 13 12 10 9 11 12 9 10 10 7 5 4 5 6 9 8 8 9 11 12 10 9 11 10 8 7 6 7 8 9 11 11 11 11 10 9 8 7 9 8 7 7 7 7 8 7 2 2 7 6 9 8 13 15 15 13 12 12 11 12 9 8 10 9 7 9 8 8 6 4 9 0 14 18 15 7 24 117 199 219 219 224 221 215 216 199 193 196 156 112 65 21 14 15 15 14 16 20 20 16 14 16 15 13 11 9 9 11 12 14 14 15 19 20 22 19 15 11 23 23 3 7 149 191 215 192 204 191 184 195 193 198 217 200 134 57 17 26 22 13 16 15 6 12 25 48 79 86 83 87 85 90 106 134 168 196 211 216 230 234 238 240 242 242 240 239 243 242 240 239 239 240 241 242 243 242 240 239
227 227 227 228 228 228 228 228 230 228 226 227 228 229 229 228 230 230 230 230 230 230 230 230 232 231 231 231 230 230 230 229 231 231 230 229 229 229 230 230 233 232 230 229 229 230 232 233 235 234 232 231 231 232 234 235 234 235 235 234 233 232 234 236 235 235 234 234 233 232 232 232 233 233 233 233 233 233 233 233 233 233 233 233 233 233 233 233 233 233 234 234 234 234 235 235 236 235 234 233 233 234 235 236 235 236 238 239 239 237 234 232 234 233 233 233 233 234 235 236 233 233 234 234 235 235 235 235 235 236 237 236 233 232 235 237 232 236 237 233 232 236 238 237 236 235 235 234 233 232 230 230 231 232 234 235 235 234 233 233 232 233 236 238 239 238 237 236 236 235 235 234 234 235 235 236 236 235 233 232 233 234 236 238 237 237 236 236 236 235 235 235 236 236 236 236 236 236 236 236 237 236 235 234 234 235 236 237 236 236 236 235 235 236 236 236 234 234 235 236 236 235 234 234 235 234 233 233 235 236 235 234 235 235 235 235 234 234 233 233 233 233 233 232 232 232 232 232 234 233 231 230 230 231 233 234 231 232 232 233 233 232 231 230 229 230 230 231 231 230 230 230 232 229 227 225 223 216 206 197 167 135 80 37 25 19 17 18 15 13 13 13 15 17 21 21 19 17 15 14 13 13 12 12 17 16 14 13 12 11 10 10 9 12 16 16 15 14 14 14 13 13 13 11 10 9 11 14 12 13 13 11 9 8 10 11 10 8 7 8 11 12 11 9 11 10 9 7 7 7 9 9 12 12 12 12 11 10 8 8 10 10 9 8 8 9 10 8 3 2 7 7 8 8 13 14 15 14 12 12 11 12 9 7 9 8 6 8 8 8 4 1 14 0 17 17 22 14 4 32 108 161 196 219 210 190 194 181 172 163 101 55 31 12 15 8 14 12 14 18 19 16 15 18 18 16 13 10 9 10 11 12 16 15 17 17 20 18 15 12 8 14 12 14 113 194 222 224 214 212 202 212 208 206 208 164 84 30 12 27 22 16 20 15 9 15 27 49 78 85 83 89 87 89 102 128 162 190 207 215 228 232 236 240 241 241 240 239 245 244 243 243 243 244 245 246 243 242 240 238
225 225 226 226 227 228 228 228 230 228 226 226 228 229 228 227 231 230 230 230 230 230 230 229 231 231 230 230 230 229 229 229 230 230 230 230 230 230 230 230 234 233 231 230 230 231 233 234 236 235 233 232 232 233 235 236 234 235 235 234 232 232 234 236 237 236 235 234 233 232 232 231 234 234 234 234 234 234 234 234 234 234 234 234 234 234 234 234 232 233 233 234 234 235 235 236 238 237 235 234 234 235 237 238 235 238 241 243 242 239 235 233 236 235 234 233 233 235 237 238 234 234 233 233 233 234 235 236 237 237 236 233 230 231 236 241 234 238 239 235 234 238 240 239 234 233 232 231 231 233 235 236 231 232 234 235 236 235 235 234 233 235 238 240 241 241 239 238 235 235 235 235 235 235 235 235 235 234 232 231 232 233 236 237 238 238 238 237 237 236 236 236 238 238 237 236 236 235 234 234 237 237 235 234 234 235 237 237 238 237 237 236 236 237 237 238 235 236 236 237 237 236 236 235 234 233 233 234 236 237 236 235 236 236 236 235 235 234 234 233 232 232 233 233 233 233 233 233 234 233 231 230 230 231 233 234 235 234 232 230 229 229 229 229 228 229 231 231 232 230 228 228 232 229 226 224 222 215 202 191 159 108 44 16 17 13 6 13 20 17 17 18 20 20 18 18 16 17 15 15 14 14 13 13 18 18 15 13 11 10 11 11 9 11 14 15 14 14 15 17 13 13 13 10 10 10 12 14 9 10 10 9 7 7 9 10 10 8 7 8 12 13 12 9 12 11 9 8 7 8 9 10 10 8 10 7 8 5 6 3 11 9 10 7 9 8 11 9 4 5 8 9 7 7 10 11 14 12 10 11 12 11 9 7 8 6 5 7 8 8 5 1 11 9 6 11 14 13 41 4 20 74 114 159 177 175 187 168 149 128 52 11 8 11 20 3 12 10 11 16 17 14 15 18 17 16 13 11 10 11 13 14 17 14 13 14 18 19 18 16 17 10 16 8 57 185 197 204 214 216 204 211 205 198 184 119 57 20 14 28 21 13 14 5 9 17 25 47 73 84 83 90 92 92 103 127 160 188 206 217 226 231 235 239 241 241 240 239 240 241 241 242 242 243 243 243 246 244 241 238
227 226 227 229 231 231 228 226 228 229 229 230 230 229 229 228 226 226 227 228 230 231 232 232 229 229 231 232 232 232 232 232 233 233 233 234 234 235 235 236 235 234 234 233 233 234 234 235 235 234 233 232 232 232 232 233 232 232 232 233 233 234 234 234 231 231 231 231 231 232 234 234 234 233 233 233 233 234 235 236 234 234 234 236 237 236 232 229 233 233 235 236 236 235 233 233 236 235 235 235 235 235 235 234 234 233 234 236 238 239 238 237 235 235 235 235 235 235 235 235 232 234 236 238 239 238 237 235 235 236 236 235 233 233 235 237 232 232 233 235 237 237 235 232 235 235 235 235 235 235 235 235 238 236 234 233 235 236 235 234 232 233 235 236 236 235 233 232 230 232 236 239 239 237 235 233 235 235 235 235 235 235 235 235 237 237 237 237 237 237 238 238 235 235 235 236 236 237 237 237 236 235 235 234 234 235 235 236 235 235 234 234 234 235 236 236 236 236 236 236 236 236 236 236 234 234 234 234 234 234 234 234 231 234 236 237 235 233 233 234 235 233 231 231 232 232 232 231 228 229 229 230 230 231 231 231 230 230 231 233 233 233 232 232 227 227 228 227 229 227 226 228 224 225 230 227 217 220 213 196 138 87 37 18 19 19 16 13 9 11 13 17 19 19 19 19 14 15 16 17 16 13 10 9 15 10 7 8 7 6 9 14 11 11 11 10 9 10 14 17 11 13 18 13 10 8 11 14 5 5 5 6 9 10 10 11 8 8 8 8 9 11 12 13 10 9 8 7 7 7 7 7 5 3 3 1 1 0 1 1 1 0 0 0 1 1 3 4 7 6 6 4 4 4 6 7 5 5 6 8 10 10 8 5 5 2 3 5 9 9 7 5 10 10 8 9 10 14 18 20 11 0 2 30 72 98 97 83 43 33 21 16 16 18 15 9 11 6 5 9 13 13 15 18 13 14 15 13 10 9 9 8 7 9 15 21 23 22 20 18 11 23 9 7 20 116 177 199 205 193 191 200 195 154 90 45 21 20 21 22 21 20 18 14 7 9 28 56 75 77 81 89 82 90 96 119 162 192 205 217 225 230 234 237 238 238 240 241 239 239 239 240 241 242 244 245 247 247 247 248
228 228 228 230 232 232 230 228 231 231 230 230 230 230 230 230 227 228 228 229 229 230 231 231 229 230 230 231 231 231 231 230 232 232 233 233 234 234 234 235 234 234 233 233 233 233 234 234 235 234 233 233 232 232 233 233 233 233 234 234 234 235 235 235 233 232 232 232 233 234 234 235 234 234 233 233 234 235 236 236 235 235 235 236 237 236 233 231 233 234 235 236 236 235 234 233 236 236 236 236 236 236 236 237 236 235 234 235 238 239 238 237 235 235 235 235 235 235 235 235 234 235 237 239 239 238 236 235 235 236 237 236 235 235 237 239 236 234 233 234 236 237 237 236 236 236 236 236 236 236 236 236 236 234 233 234 236 236 236 234 233 234 236 237 237 236 234 233 235 235 236 236 236 237 237 237 236 236 236 236 236 236 236 236 236 236 236 236 236 236 236 237 235 235 235 236 236 236 237 237 237 236 236 235 235 236 236 237 237 237 236 235 235 236 236 237 236 236 236 236 236 236 236 236 234 234 234 234 234 234 234 234 232 234 237 237 235 234 234 234 235 233 231 231 232 232 232 231 230 231 231 231 232 232 233 233 230 231 232 233 233 233 231 231 228 229 227 228 228 228 226 226 231 228 226 221 214 211 190 155 96 58 24 15 20 20 20 19 12 14 16 18 20 19 18 17 16 17 18 19 20 18 16 15 22 17 15 17 16 14 15 19 16 16 14 12 9 9 12 13 13 14 16 13 8 5 9 12 10 10 10 11 13 13 13 14 9 9 9 10 11 12 13 14 12 11 10 10 9 9 10 8 8 7 7 8 9 10 10 11 8 8 8 8 8 8 9 10 11 12 11 10 10 10 11 12 8 7 8 10 12 13 11 7 10 9 9 11 14 14 12 10 14 12 11 11 12 15 18 19 28 17 8 11 21 22 11 0 18 13 9 9 13 15 14 10 19 15 14 19 21 19 19 20 17 18 19 17 15 13 14 13 12 13 19 21 22 20 17 16 10 22 26 19 11 64 131 173 198 191 181 166 133 85 43 17 17 18 19 19 20 19 19 15 8 10 29 58 74 77 81 88 89 93 98 119 162 191 208 221 230 235 239 241 242 243 244 246 240 240 240 241 241 242 243 243 250 250 250 251
229 229 229 230 232 233 231 229 234 233 231 230 229 229 230 231 229 229 229 229 229 230 230 230 229 230 230 230 230 230 229 228 232 232 232 232 233 233 233 233 233 233 232 232 232 232 233 233 235 235 234 233 232 232 233 233 234 235 235 235 235 236 236 236 233 234 234 234 234 235 235 235 235 235 234 234 234 235 236 237 237 235 234 234 235 236 234 232 234 234 235 236 236 235 234 234 235 235 236 236 237 238 238 239 239 236 234 234 236 237 238 237 235 235 235 235 235 235 235 235 235 236 237 238 238 237 235 234 235 236 237 236 236 236 238 240 239 236 233 233 235 237 238 238 235 235 235 235 235 235 235 235 233 233 233 234 236 237 236 234 235 236 237 238 238 237 236 235 241 239 236 234 233 235 238 239 237 237 237 237 237 237 237 237 235 235 235 235 235 235 235 235 235 235 235 235 236 236 236 237 238 237 236 236 236 236 237 238 239 239 237 236 236 236 236 236 236 236 236 236 236 235 235 235 234 234 234 234 234 234 234 234 232 234 236 236 234 233 234 235 235 233 231 231 232 232 232 231 232 233 233 233 233 234 234 234 231 232 232 233 232 232 230 229 229 230 228 229 229 228 226 227 235 229 223 217 211 201 160 107 51 30 16 16 21 20 22 23 14 16 18 20 21 20 17 15 18 19 20 21 23 22 21 19 19 15 15 18 17 14 14 17 17 17 16 14 11 11 13 14 16 16 17 14 11 7 8 10 16 16 16 15 17 17 16 16 10 9 9 10 10 11 13 13 13 12 11 10 10 10 10 11 7 8 9 10 11 11 11 10 10 10 10 10 9 9 9 9 10 9 9 8 9 9 10 11 10 9 9 11 14 15 14 12 12 10 9 9 11 10 8 5 16 14 13 13 13 15 18 19 18 17 16 15 16 15 14 12 15 15 16 17 18 17 15 12 21 18 19 25 26 22 17 16 16 17 18 16 14 13 14 13 14 15 19 21 22 20 17 16 16 18 33 24 11 18 74 118 150 143 128 104 70 37 18 12 20 20 22 22 23 22 22 18 9 14 34 61 75 77 81 87 92 95 99 119 162 192 210 224 230 235 238 240 240 240 242 244 242 242 243 244 244 243 243 243 246 246 246 246
229 228 228 229 231 232 231 229 234 233 230 228 227 228 229 231 231 231 231 230 230 229 229 228 230 230 230 230 229 228 227 226 232 232 232 232 232 232 232 232 233 232 232 231 231 232 232 233 236 235 234 233 233 233 233 234 234 234 235 235 235 235 235 235 233 233 234 234 234 234 234 234 235 235 234 234 235 236 237 237 237 235 232 232 233 234 233 232 233 233 234 234 234 234 233 233 233 234 234 235 236 237 238 239 239 236 233 232 233 235 236 236 235 235 235 235 235 235 235 235 235 236 236 236 236 234 233 232 234 235 236 236 235 235 238 240 238 236 234 233 235 237 237 236 234 234 234 234 234 234 234 234 232 231 232 234 237 238 236 234 235 235 236 237 237 236 235 235 241 239 236 233 232 234 236 237 236 236 236 236 236 236 236 236 235 235 234 234 234 234 233 233 234 234 235 235 235 236 236 236 237 236 236 235 235 236 236 237 239 238 237 236 235 234 234 234 236 236 236 235 235 235 235 234 234 234 234 234 234 234 234 234 231 233 234 234 232 231 232 234 235 233 231 231 232 232 232 231 233 233 233 233 233 233 233 233 232 232 232 232 232 231 229 228 229 229 228 228 228 227 225 224 227 223 221 213 203 185 134 73 32 22 20 22 23 22 22 25 16 18 21 22 23 20 17 14 19 20 21 22 24 24 23 22 15 13 14 17 17 12 11 13 14 15 16 15 14 15 18 19 17 16 17 15 13 11 12 13 19 18 18 17 18 17 16 16 12 12 11 11 12 13 14 15 14 13 12 12 11 11 12 12 9 10 10 10 9 7 5 4 8 8 8 8 7 7 6 5 8 8 8 9 9 10 11 11 12 11 11 13 16 17 17 14 13 11 9 9 9 9 6 4 15 16 14 13 13 14 17 17 14 17 20 19 17 17 21 25 21 24 27 26 23 21 21 21 20 18 22 29 30 24 17 15 15 17 17 17 15 14 15 14 14 15 19 21 23 21 19 18 26 13 25 17 20 11 42 57 84 73 58 47 39 34 28 23 24 24 25 25 27 26 27 22 12 20 42 66 76 78 81 86 91 96 101 122 165 193 210 224 230 234 236 237 237 238 240 241 243 244 245 245 245 244 243 242 242 242 242 242
229 227 226 227 229 230 230 229 232 230 228 226 225 226 228 229 232 232 231 231 230 229 229 228 230 230 230 230 229 228 227 226 232 232 232 232 232 232 232 232 233 232 232 231 231 232 232 233 236 235 234 234 233 233 234 234 234 234 233 233 233 233 233 233 231 232 233 234 233 233 232 231 235 234 234 234 234 235 236 237 235 233 231 231 232 233 232 231 232 232 232 232 232 232 232 232 231 232 233 234 235 236 236 237 237 234 231 230 231 233 234 234 235 235 235 235 235 235 235 235 234 234 234 234 233 232 231 231 232 234 234 234 233 233 235 237 234 234 234 235 236 236 234 231 232 232 232 232 232 232 232 232 232 231 231 233 236 237 236 235 234 234 235 235 235 235 234 234 236 236 235 234 233 233 233 233 234 234 234 234 234 234 234 234 235 235 234 234 233 233 233 232 234 234 234 235 235 235 236 236 235 234 234 233 233 234 234 235 238 237 235 234 233 232 232 232 236 236 236 235 235 234 234 233 234 234 234 234 234 234 234 234 230 231 232 231 230 229 231 232 235 233 231 231 232 232 232 231 232 232 231 231 231 231 231 231 232 232 232 232 231 230 228 227 228 228 226 226 226 225 223 222 218 218 220 210 187 156 104 49 28 26 27 26 25 21 22 25 18 20 22 23 23 21 18 16 19 19 20 20 22 22 22 22 19 17 18 22 22 17 15 17 14 15 17 16 16 16 18 19 17 16 18 18 17 16 18 18 17 17 18 17 16 15 15 13 14 12 12 12 12 13 14 14 13 12 11 10 10 10 11 11 15 15 14 14 12 11 9 9 11 12 12 12 12 10 9 8 10 10 11 12 12 13 13 13 12 10 10 12 15 17 17 16 21 18 15 14 13 14 12 10 14 14 13 12 11 12 15 15 20 21 21 18 15 13 14 17 15 18 21 21 19 21 26 29 21 20 25 33 35 28 22 19 19 20 22 21 20 19 21 20 17 15 20 21 21 21 19 18 25 12 21 14 26 22 35 23 41 35 28 26 32 36 31 25 27 27 28 28 28 28 29 25 15 28 51 71 78 79 81 86 91 98 106 129 171 198 213 224 234 237 239 239 238 239 241 243 241 241 241 241 241 240 240 239 243 243 243 243
229 227 225 226 228 229 229 229 229 228 226 226 226 227 228 229 232 232 231 231 230 230 229 229 229 230 230 230 230 230 229 228 233 233 233 233 232 232 232 232 233 233 232 232 232 232 233 233 236 236 235 234 234 234 234 234 234 233 233 233 233 232 232 232 231 232 233 234 233 232 230 229 234 233 233 233 233 234 235 236 234 233 232 232 233 233 232 230 233 233 232 231 231 232 233 233 231 232 232 233 234 234 235 235 235 233 230 230 232 234 234 233 235 235 235 235 235 235 235 235 233 233 233 233 233 232 232 232 233 234 234 233 232 231 233 235 233 233 234 236 237 236 232 229 232 232 232 232 232 232 232 232 234 232 231 231 234 235 236 235 234 234 234 234 234 234 234 234 232 233 234 235 235 234 232 231 233 233 233 233 233 233 233 233 236 236 235 234 234 233 232 232 233 234 234 234 235 235 235 235 234 234 233 232 232 233 234 234 236 235 234 233 232 232 232 232 236 236 235 235 234 233 233 233 234 234 234 234 234 234 234 234 230 231 232 231 229 229 231 233 235 233 231 231 232 232 232 231 230 230 230 230 229 229 229 229 230 231 231 231 231 230 229 228 227 227 226 225 225 223 221 221 215 214 216 203 165 118 73 33 28 27 25 23 22 21 23 25 21 21 22 23 23 22 20 19 19 19 18 18 20 20 20 20 20 18 19 22 22 18 16 18 17 19 19 18 16 14 15 16 17 15 17 18 18 18 20 20 15 15 16 15 14 13 14 12 15 13 13 12 12 13 14 14 13 12 11 10 10 10 10 11 14 13 12 12 12 12 13 14 10 11 13 13 13 12 10 9 9 10 10 11 11 11 11 10 11 10 9 11 14 16 17 15 23 20 17 16 16 15 13 13 14 13 14 13 13 13 13 14 16 17 19 20 22 24 25 26 19 20 19 16 14 15 20 23 20 18 22 29 30 25 19 18 17 19 20 20 19 19 21 19 22 19 22 21 20 17 15 14 13 16 26 19 22 27 37 24 24 31 34 32 29 28 28 26 26 25 26 25 26 26 28 24 19 35 60 78 81 81 83 87 94 101 110 134 177 203 216 226 233 237 237 237 236 236 239 241 237 237 236 236 236 237 238 238 242 242 242 242
230 228 226 226 228 230 230 230 226 226 227 227 228 229 230 230 231 231 231 231 231 231 230 230 229 230 230 231 231 231 231 230 235 234 234 234 233 233 232 232 234 234 233 233 233 233 234 234 237 236 235 234 234 234 234 235 235 235 234 234 234 233 233 233 232 233 234 235 235 233 231 229 232 232 232 232 232 233 234 235 235 234 234 235 236 236 233 230 236 235 234 233 233 234 235 236 233 234 234 234 234 234 234 234 234 233 232 233 235 237 236 235 235 235 235 235 235 235 235 235 234 234 234 234 234 234 235 236 235 236 236 234 232 231 232 234 237 235 234 235 236 236 234 232 233 233 233 233 233 233 233 233 237 234 230 229 231 234 235 235 235 235 235 234 234 235 235 235 232 233 234 235 235 235 234 233 234 234 234 234 234 234 234 234 237 237 236 235 234 233 233 232 233 233 234 234 234 235 235 235 235 234 234 233 233 234 234 235 235 235 234 233 233 233 234 234 236 236 235 235 234 233 232 232 234 234 234 234 234 234 234 234 233 233 233 232 230 230 233 235 235 233 231 231 232 232 232 231 231 230 230 230 229 229 228 228 229 229 230 231 231 231 229 229 228 228 226 226 225 224 222 221 219 211 212 198 149 90 49 27 29 27 23 21 21 23 23 21 23 22 22 21 22 22 22 23 20 19 18 17 19 19 18 19 18 15 16 19 18 15 14 16 16 18 19 18 16 14 14 15 18 17 16 16 18 18 17 17 17 17 16 16 16 15 15 14 15 14 13 12 12 13 13 14 14 13 12 11 11 11 11 12 12 12 10 8 8 9 12 13 9 11 12 14 14 13 12 8 8 9 10 10 10 9 8 7 12 10 9 10 14 17 18 16 21 17 13 12 12 11 10 9 12 12 14 14 14 15 15 16 15 16 17 17 16 14 13 12 26 25 22 18 15 15 16 16 21 18 18 23 24 19 15 14 13 15 17 17 17 17 19 18 21 18 21 20 19 16 15 15 10 17 24 29 16 27 35 33 27 36 38 32 26 27 28 28 26 26 26 25 26 26 27 23 22 41 67 83 84 83 84 87 95 101 109 132 175 202 216 227 233 236 236 235 234 234 237 239 240 238 236 235 236 238 241 243 242 242 242 241
232 230 227 227 229 231 232 231 225 226 228 229 231 231 231 231 231 231 231 231 231 231 231 231 229 229 231 232 232 232 232 232 236 235 235 234 234 233 233 233 235 234 234 233 233 234 234 235 237 236 235 234 234 234 234 235 236 236 236 235 235 234 234 234 233 234 236 237 236 234 232 230 232 231 231 231 231 232 233 234 236 236 236 238 239 238 235 231 238 237 236 235 235 236 237 238 236 235 235 235 235 235 235 234 234 233 234 236 238 239 238 237 235 235 235 235 235 235 235 235 235 235 235 235 236 237 238 239 238 238 238 236 233 232 232 234 241 238 235 233 234 236 236 236 235 235 235 235 235 235 235 235 239 235 230 228 230 232 234 235 237 236 236 235 235 236 236 237 234 234 234 234 235 236 237 237 235 235 235 235 235 235 235 235 238 237 236 236 235 234 233 233 233 233 233 234 234 235 235 235 236 235 235 234 234 235 235 236 235 235 234 234 234 235 236 236 236 236 235 234 233 233 232 231 234 234 234 234 234 234 234 234 235 235 235 233 232 232 235 237 235 233 231 231 232 232 232 231 231 231 231 230 230 229 229 228 228 228 229 230 231 231 230 230 230 230 228 227 226 225 223 220 225 211 210 197 141 78 41 27 31 27 22 19 22 25 22 17 24 23 21 20 21 23 24 25 21 20 19 18 18 18 18 18 20 16 16 19 18 15 15 18 12 14 17 17 16 16 17 18 18 17 15 15 16 16 14 13 18 18 17 17 18 17 17 16 15 14 13 12 12 12 13 13 15 14 13 12 12 12 12 13 19 16 12 8 6 7 9 11 10 12 14 16 17 16 14 11 14 14 15 15 14 13 11 10 12 10 9 11 14 17 19 17 20 16 13 11 11 11 10 9 13 13 15 16 16 17 17 17 10 14 19 21 20 19 20 21 17 17 16 17 18 20 22 21 29 24 22 25 25 20 16 16 16 18 20 20 20 20 22 22 17 15 18 19 20 18 19 18 17 15 12 32 16 30 29 34 40 40 34 26 25 29 28 21 29 28 28 27 26 27 29 26 24 45 71 86 85 84 85 88 94 99 105 127 169 197 214 226 238 241 241 239 238 238 241 243 245 243 240 239 240 243 247 250 248 248 247 247
229 229 230 230 230 230 231 231 231 229 228 228 230 232 231 231 232 232 232 232 232 232 232 232 226 227 229 230 231 230 229 229 230 231 232 233 234 233 232 231 231 231 231 232 232 232 233 233 235 235 234 234 234 234 234 234 234 234 235 235 235 234 233 233 233 234 236 237 237 236 234 233 237 234 231 229 229 231 234 236 232 233 235 236 236 235 233 232 234 234 234 235 235 236 236 236 233 236 238 237 236 236 239 243 238 237 235 234 234 235 237 238 233 234 234 235 235 236 236 236 232 233 235 236 237 236 235 234 235 234 233 235 237 239 239 237 233 233 233 233 232 235 239 242 233 233 233 235 236 236 234 232 234 233 232 232 232 232 233 234 234 235 235 235 235 235 235 236 237 238 239 238 236 235 236 237 236 236 236 236 236 236 236 236 235 236 236 236 236 235 234 233 232 233 234 234 232 231 233 234 235 235 234 233 232 231 231 230 230 231 232 233 233 232 231 230 234 234 234 233 233 232 232 232 231 232 232 233 233 234 234 235 231 231 232 233 234 234 234 234 232 231 231 231 231 232 233 234 232 231 231 230 230 231 231 232 229 229 229 231 232 232 229 227 227 230 227 223 222 224 222 217 213 209 193 132 77 52 31 29 27 26 25 24 24 25 25 26 21 20 18 18 19 21 24 25 18 18 18 19 22 23 23 23 19 18 20 24 23 17 13 14 13 11 12 16 17 14 14 16 16 14 14 17 20 20 20 16 19 16 18 21 22 18 18 19 11 13 14 11 10 13 12 8 10 12 13 12 11 10 11 12 12 11 11 10 11 11 12 12 13 15 17 18 17 17 17 17 5 6 8 10 12 12 12 11 12 11 11 11 13 16 20 20 16 16 17 17 18 16 15 14 8 11 16 15 14 13 16 19 13 12 15 19 17 12 13 20 16 14 12 13 16 19 20 18 13 14 16 18 19 19 17 16 14 18 21 21 19 18 20 21 22 21 20 19 18 16 16 15 13 18 24 24 25 27 33 39 33 30 27 25 27 27 26 25 28 23 21 24 26 25 28 26 27 59 78 80 84 86 84 86 93 99 104 126 174 207 219 225 225 235 239 238 240 244 243 237 244 242 241 241 243 244 245 245 245 244 244 245
231 231 231 230 230 229 229 229 231 229 228 228 230 232 231 231 232 232 232 232 232 232 232 232 227 228 230 231 231 231 230 230 231 232 233 234 233 232 231 230 232 232 232 232 233 233 234 234 234 235 235 236 236 236 235 235 230 230 231 232 232 232 231 231 233 234 236 237 237 236 234 233 236 235 235 234 235 235 236 237 233 234 235 235 235 235 234 233 234 234 234 235 235 236 236 236 231 233 235 234 232 232 235 238 237 237 235 235 235 235 237 237 235 236 236 236 237 237 238 238 233 234 235 236 237 236 235 235 233 232 231 233 235 237 236 235 236 236 235 234 232 233 236 239 236 235 234 235 236 235 232 230 236 235 234 234 234 234 235 236 235 235 235 235 235 235 235 235 233 235 235 234 232 231 232 234 234 234 234 234 234 234 234 234 235 235 235 236 235 235 234 234 234 235 236 236 234 233 235 236 236 236 235 234 233 232 232 231 233 233 234 235 235 234 233 233 234 234 234 233 233 233 232 232 232 232 232 232 233 233 233 233 234 233 232 231 231 233 234 235 229 229 229 228 229 230 231 231 232 231 231 230 230 231 231 232 229 229 229 231 232 232 229 226 224 227 224 220 220 221 220 214 198 189 165 97 44 32 26 32 19 20 21 21 21 20 18 17 18 19 20 21 23 23 22 21 16 16 17 17 20 20 21 21 16 14 14 17 16 12 10 12 14 11 11 15 15 12 12 15 12 11 10 13 15 16 16 13 13 9 8 11 12 11 14 17 11 13 14 9 9 10 10 6 9 10 12 11 10 9 11 13 11 10 10 9 9 10 11 11 9 11 13 13 11 11 11 12 7 7 9 8 8 6 6 4 7 6 7 7 9 11 14 14 13 14 15 17 18 17 16 16 7 8 12 10 8 7 8 11 14 13 15 19 17 12 14 19 17 15 14 14 16 18 17 14 11 12 14 16 17 16 15 14 13 17 21 21 19 18 21 21 19 17 18 18 17 18 17 17 12 15 20 19 19 20 25 27 30 26 24 23 25 25 24 23 26 22 21 21 20 19 22 25 35 64 80 82 85 87 85 89 96 103 109 131 177 208 219 224 231 239 242 240 241 243 241 236 241 238 236 236 239 242 241 240 242 241 239 240
233 233 232 231 229 228 227 227 231 229 228 228 230 232 231 231 231 231 231 231 231 231 231 231 229 230 231 232 232 232 231 231 233 233 234 234 233 232 231 230 233 233 233 234 234 234 235 235 233 234 236 237 238 237 237 236 231 232 233 234 235 235 235 235 233 234 236 237 237 236 234 233 232 234 235 237 237 237 236 235 234 234 235 235 235 235 234 234 234 234 235 235 235 235 236 236 236 237 237 236 235 235 237 239 237 236 236 235 235 236 236 237 237 238 238 238 238 239 239 239 233 234 235 236 237 236 236 236 237 236 235 236 239 240 239 238 239 239 238 235 232 232 233 235 238 236 235 235 235 234 232 229 238 237 236 236 236 236 237 238 237 236 236 235 235 234 234 233 235 236 237 236 234 233 234 235 238 238 238 238 238 238 238 238 234 235 235 235 235 235 235 235 236 237 238 238 236 236 237 238 237 237 236 236 235 234 234 233 235 236 236 237 237 236 236 235 234 234 234 234 233 233 233 232 233 232 232 232 232 232 231 231 237 235 232 230 229 231 234 236 233 232 232 232 232 233 234 235 232 231 231 230 230 231 231 232 230 229 229 231 232 232 228 226 226 229 227 224 223 225 223 217 208 194 159 81 30 27 27 35 21 22 25 26 24 22 18 16 14 17 20 23 24 22 19 17 13 13 14 14 16 16 17 17 18 14 13 15 14 11 11 14 14 10 9 12 11 9 9 13 12 12 12 13 17 17 16 14 15 10 8 10 11 12 16 21 11 12 13 8 9 9 10 4 8 8 11 9 10 8 12 14 9 10 9 9 8 9 9 10 10 12 13 13 11 10 10 10 13 11 13 10 11 8 8 5 11 9 12 10 13 12 15 13 10 10 13 16 17 17 17 19 14 15 15 13 10 8 9 10 13 12 14 17 16 13 13 17 17 15 14 15 16 16 14 9 8 9 11 12 13 13 12 11 11 15 19 19 18 17 20 21 13 12 15 16 17 19 18 18 15 18 22 21 18 18 21 22 25 22 20 19 22 22 22 21 24 23 21 17 14 13 20 27 45 69 80 81 84 86 85 89 94 103 112 134 178 206 217 222 234 240 242 242 242 244 242 238 246 242 238 240 244 247 245 241 247 245 244 243
232 232 231 230 230 229 228 228 231 229 228 228 230 232 231 231 231 231 231 231 231 231 231 231 231 232 232 232 232 232 232 232 235 235 234 234 233 231 230 230 234 234 234 235 235 236 236 236 230 232 234 236 237 237 236 236 232 233 234 236 237 237 237 237 233 234 236 237 237 236 234 233 231 232 233 234 235 235 235 234 234 235 235 235 235 235 235 234 235 235 235 235 235 235 235 235 239 239 238 237 237 237 238 238 236 236 236 236 236 236 236 236 238 238 238 238 238 238 238 238 234 235 235 236 236 237 237 236 238 237 236 237 239 241 240 239 239 239 238 236 233 232 234 235 237 236 234 235 236 235 234 232 238 237 237 236 236 237 237 238 238 237 236 236 234 234 233 232 235 237 238 237 235 234 234 236 238 238 238 238 238 238 238 238 235 235 234 234 235 235 236 236 236 238 239 238 237 236 237 239 238 238 237 237 236 236 236 235 236 236 237 237 237 237 236 236 235 235 234 234 234 233 233 233 233 233 233 232 231 231 230 230 236 235 233 232 231 231 232 233 235 234 234 234 234 235 236 237 232 231 231 230 230 231 231 232 230 230 230 231 232 232 228 225 226 230 228 226 225 226 224 217 209 187 147 71 29 32 27 26 23 24 25 26 24 22 19 17 13 15 18 20 21 19 16 13 11 11 11 11 13 12 12 12 15 12 12 15 14 10 10 13 13 9 8 9 9 6 6 10 11 11 10 11 14 14 13 13 17 12 11 13 13 13 16 21 9 10 11 6 7 9 10 6 7 7 10 9 9 8 11 13 9 8 8 7 7 7 7 8 9 11 12 11 9 8 8 8 10 10 11 10 11 10 11 10 13 12 14 14 16 14 15 11 6 6 9 12 14 17 17 17 17 17 15 13 11 10 12 13 11 11 12 14 13 12 12 12 12 11 11 13 14 13 10 6 6 6 7 8 9 9 9 9 8 12 16 16 14 14 16 17 11 12 13 14 15 16 17 17 14 18 19 18 16 16 18 21 20 17 16 16 19 19 19 18 23 22 19 16 10 10 21 35 54 72 78 78 82 83 82 88 88 101 114 136 178 204 214 219 231 236 239 241 243 245 244 243 250 245 241 243 249 251 248 243 252 250 249 249
230 230 230 230 230 230 230 230 231 229 228 228 230 232 231 231 231 231 231 231 231 231 231 231 233 233 232 232 232 232 232 232 236 236 235 233 232 232 231 231 234 234 235 235 236 236 236 236 229 230 232 234 235 235 235 234 229 230 231 233 234 234 234 234 233 234 236 237 237 236 234 233 234 233 233 233 233 234 236 236 236 235 235 235 235 235 235 236 235 235 235 235 235 235 235 235 236 235 234 233 234 234 234 234 236 236 236 236 236 236 236 236 237 237 236 236 236 236 236 236 236 235 235 236 236 237 237 238 234 233 232 233 234 235 234 233 236 237 238 237 235 234 236 238 235 234 233 234 236 237 237 236 236 236 235 235 235 235 236 236 238 237 236 236 234 234 233 232 232 233 234 233 231 230 231 232 234 234 234 234 234 234 234 234 236 235 234 234 234 235 236 236 235 237 238 237 236 235 236 238 238 238 238 238 237 237 237 237 236 236 236 235 235 236 236 236 235 235 235 234 234 234 233 233 234 233 233 232 232 231 231 230 233 234 235 235 234 233 231 230 231 231 230 230 231 232 233 233 232 231 231 230 230 231 231 232 231 230 230 231 232 231 227 225 223 226 225 222 221 221 218 210 186 149 104 43 18 28 20 14 21 20 19 16 15 15 14 14 15 15 14 14 14 13 13 13 10 10 10 9 10 10 9 9 6 5 7 12 11 6 4 5 11 7 6 8 8 4 4 7 7 7 7 6 6 6 7 8 12 8 9 11 12 9 9 10 6 7 8 4 6 9 11 8 7 7 10 9 9 7 10 11 8 8 7 6 5 5 5 6 4 5 7 6 4 2 2 3 5 5 5 4 6 5 6 5 7 7 9 8 9 8 8 6 3 4 6 9 11 13 13 13 11 11 8 7 7 8 10 9 9 10 10 10 10 11 9 8 7 6 7 9 11 11 8 4 4 4 5 6 7 7 7 7 6 10 13 13 11 10 12 15 11 12 13 13 14 13 15 14 9 11 12 12 12 13 15 16 16 13 13 14 17 19 17 15 19 18 16 12 5 8 25 43 64 77 78 78 83 83 82 88 85 102 119 143 183 207 216 221 232 234 237 240 242 242 243 244 245 241 239 240 244 245 242 238 249 248 247 248
229 229 229 230 230 231 231 231 231 229 228 228 230 232 231 231 232 232 232 232 232 232 232 232 234 233 232 231 231 231 232 232 236 235 234 233 232 232 233 233 234 234 234 235 235 236 236 236 231 231 231 232 232 233 234 234 232 232 234 235 235 235 235 235 233 234 236 237 237 236 234 233 238 238 236 235 235 236 237 238 236 236 235 235 235 235 236 236 236 236 235 235 235 235 234 234 237 235 234 234 236 237 237 236 235 236 236 237 237 236 236 235 235 235 235 235 234 234 234 234 236 236 236 235 236 237 238 239 235 234 233 234 235 236 235 233 234 236 237 237 236 236 238 239 235 233 232 233 236 238 239 238 235 235 234 233 233 234 235 235 237 236 236 235 235 234 234 233 234 235 236 235 233 232 233 234 234 234 234 234 234 234 234 234 238 237 235 234 233 234 235 236 235 236 237 237 235 234 236 237 238 238 238 238 238 238 237 237 236 235 234 234 234 234 235 236 236 235 235 235 234 234 234 234 234 234 233 233 233 233 233 232 230 232 235 237 236 234 231 229 232 232 231 231 231 232 233 234 232 231 231 230 230 231 231 232 231 231 230 231 232 231 227 224 224 228 226 223 221 221 216 208 182 128 76 26 14 28 19 16 18 17 16 13 13 13 13 14 17 15 12 10 10 10 12 13 11 10 10 9 10 9 8 7 5 4 7 13 13 7 4 4 7 5 5 9 9 5 4 6 8 8 9 7 5 5 7 9 10 7 8 11 11 7 5 7 5 7 6 3 4 8 10 9 7 9 10 9 7 7 8 9 8 8 6 5 5 4 5 5 3 5 7 6 5 3 4 4 10 9 7 6 5 4 4 4 5 5 5 6 6 6 6 6 2 3 5 7 9 10 9 9 10 7 4 5 6 9 10 10 8 10 9 7 9 11 9 4 6 5 5 6 8 9 8 4 4 3 4 5 5 6 7 7 6 10 12 12 9 7 9 11 13 13 14 14 14 13 12 11 10 10 11 12 13 15 17 17 13 11 12 16 18 19 17 15 14 11 9 7 4 12 33 54 73 83 81 81 87 86 84 91 90 111 131 156 193 214 221 226 237 237 238 241 242 239 239 241 242 241 241 241 242 242 240 238 248 247 246 248
231 231 230 230 230 230 229 229 231 229 228 228 230 232 231 231 233 233 233 233 233 233 233 233 234 233 232 230 230 230 231 232 236 235 234 233 232 233 234 235 233 234 234 234 235 235 235 235 235 233 232 231 231 232 234 235 236 236 237 238 238 238 237 237 233 234 236 237 237 236 234 233 238 238 238 238 237 236 235 234 237 236 235 235 235 235 236 237 236 236 236 235 235 234 234 234 239 237 235 236 239 241 240 239 235 235 237 237 237 237 235 235 236 235 235 235 234 234 233 233 237 237 236 235 236 237 238 239 239 238 237 237 239 239 238 236 234 236 238 238 237 236 237 239 237 235 233 233 236 238 238 238 235 235 234 233 233 234 235 235 235 235 235 235 235 235 235 235 237 239 240 239 237 236 236 238 238 238 238 238 238 238 238 238 240 238 236 233 232 232 233 234 235 236 238 237 235 235 236 237 237 237 237 237 237 237 237 237 237 236 235 234 234 235 236 237 236 236 235 235 235 234 234 234 234 234 234 234 234 235 235 235 231 232 233 235 235 234 233 232 233 233 233 233 233 234 235 235 232 231 231 230 230 231 231 232 232 231 231 231 232 231 227 224 227 230 229 225 222 220 215 206 170 111 60 24 18 28 19 25 18 19 19 18 18 18 17 17 19 17 14 11 10 11 12 13 12 11 10 9 10 9 8 7 8 7 8 13 13 9 7 9 4 3 5 10 10 6 4 5 12 13 13 11 10 9 11 14 14 10 9 11 12 9 9 13 10 12 9 5 4 8 9 7 11 12 12 11 9 7 8 7 9 8 7 5 5 4 4 4 5 7 9 9 8 7 8 9 12 13 12 11 10 10 11 12 11 10 9 9 10 11 13 12 7 6 7 9 11 10 9 8 16 12 8 8 11 13 14 13 10 12 10 8 9 13 11 4 9 7 6 5 7 7 7 4 5 4 4 5 5 6 8 8 9 12 14 13 9 6 7 9 12 13 13 14 14 14 13 13 16 15 15 16 18 20 21 19 14 12 14 16 19 19 18 16 14 9 6 5 7 21 44 66 78 84 81 82 89 87 84 91 99 121 144 167 202 218 224 229 239 238 238 243 243 240 240 243 243 245 248 247 245 243 243 244 251 250 249 250
233 232 232 231 229 228 228 227 231 229 228 228 230 232 231 231 234 234 234 234 234 234 234 234 234 233 231 230 229 229 230 231 235 234 233 232 233 234 235 236 233 233 233 234 234 234 235 235 238 236 233 231 231 232 235 237 234 234 235 235 235 234 233 232 233 234 236 237 237 236 234 233 234 236 238 239 238 235 231 228 238 237 235 234 234 235 237 238 236 236 236 235 235 234 234 234 235 232 231 232 236 238 238 236 234 235 237 238 238 237 235 234 236 236 236 235 235 234 234 233 238 237 236 235 236 237 239 240 237 236 235 235 237 237 236 234 235 237 239 239 237 236 236 237 239 237 234 234 235 237 237 236 236 235 235 234 234 235 235 236 234 235 235 235 235 235 235 236 235 236 237 236 234 233 234 235 236 236 236 236 236 236 236 236 241 239 236 233 232 232 233 233 236 237 238 238 236 236 237 238 237 237 237 237 237 237 237 237 238 237 235 234 234 235 237 238 236 236 236 235 235 234 234 234 234 234 234 235 236 236 237 237 232 232 232 232 233 234 235 235 229 229 229 229 229 230 231 232 232 231 231 230 230 231 231 232 232 231 231 231 232 231 227 224 223 225 225 220 217 215 209 200 132 76 36 14 16 21 15 25 15 17 20 22 22 20 18 17 19 18 16 14 13 12 12 12 13 12 11 10 10 9 8 8 7 4 6 7 9 4 7 8 4 1 7 11 14 7 6 7 11 12 14 11 8 7 10 13 14 9 6 7 9 8 11 17 13 12 11 3 3 4 7 2 12 11 13 9 9 5 7 6 10 8 7 6 5 4 4 4 1 3 6 6 5 5 6 8 8 8 7 8 9 11 14 13 11 8 7 6 7 9 12 13 9 8 11 12 11 10 8 7 19 14 10 9 11 13 14 12 12 14 12 9 11 15 12 5 14 11 8 6 6 7 6 5 6 5 5 5 6 7 8 9 11 14 16 14 10 7 7 9 9 10 12 13 14 14 14 14 15 14 13 13 15 16 17 14 14 14 14 17 20 20 18 16 18 11 7 7 14 30 55 76 76 83 78 80 88 86 82 90 104 129 150 175 207 222 224 229 237 236 237 243 245 243 244 249 242 246 250 249 245 242 243 246 251 249 248 247
233 232 230 229 228 229 229 230 228 228 229 230 232 233 234 234 232 231 230 230 232 232 231 230 229 230 230 231 231 232 232 233 235 233 231 231 233 236 236 236 231 232 233 233 234 234 233 233 233 234 234 233 231 231 233 235 232 232 232 233 233 235 236 237 231 233 235 234 233 233 235 237 233 233 234 235 235 236 237 237 233 234 235 236 236 236 236 235 228 234 240 241 236 232 233 235 236 236 236 236 236 236 236 236 232 233 235 236 237 236 236 235 238 235 232 231 233 236 237 237 239 236 232 232 233 235 236 236 238 235 232 232 235 237 236 234 234 233 233 236 239 240 237 234 235 236 237 237 235 235 236 237 232 231 233 235 238 239 237 235 235 237 235 231 234 239 237 230 234 235 235 236 236 235 235 234 236 235 233 232 233 235 237 239 238 238 238 237 237 236 236 236 232 233 235 236 237 237 236 235 233 233 234 235 237 238 239 239 233 233 233 234 234 235 235 235 233 234 235 236 236 234 232 231 233 233 233 233 233 233 233 233 232 231 230 231 233 234 233 232 229 229 230 231 231 232 233 233 231 231 231 231 231 231 231 231 230 230 229 228 228 227 226 224 217 220 219 226 222 216 205 159 55 34 15 13 17 17 16 16 10 14 18 18 18 17 17 15 9 11 14 13 11 10 13 16 8 9 12 10 8 7 9 12 6 6 7 7 8 7 9 8 7 6 7 6 7 6 7 7 4 4 6 7 9 10 11 11 8 8 7 5 4 4 8 10 4 4 5 5 6 4 5 3 9 7 6 2 2 1 3 3 5 6 7 7 6 4 2 1 1 1 2 3 4 6 7 7 9 9 7 7 7 7 7 6 3 3 3 3 4 5 4 4 7 6 8 10 12 12 10 7 7 8 10 11 11 10 8 7 12 11 9 8 7 7 8 9 3 5 7 9 9 9 7 5 0 2 7 7 4 4 7 11 9 13 15 13 9 7 9 12 13 10 11 10 10 12 13 14 14 13 15 15 15 16 17 18 14 11 11 18 20 17 13 14 8 8 4 1 20 51 72 76 77 82 86 86 84 86 88 89 105 130 159 185 209 229 237 232 234 235 239 241 241 241 244 245 240 243 245 245 244 243 246 248 244 244 244 244
233 232 230 229 228 229 230 230 229 230 230 231 231 232 233 233 232 231 230 230 232 233 231 230 230 231 231 231 231 231 232 232 235 233 231 232 234 236 236 235 232 232 233 234 235 234 234 234 232 234 234 233 232 232 233 235 236 236 235 234 234 234 234 235 232 233 235 235 234 233 235 237 235 235 235 235 235 235 235 235 235 235 235 235 235 235 235 235 232 236 240 240 237 235 235 236 236 236 236 236 236 236 236 236 235 236 237 238 239 238 237 237 237 235 232 232 234 237 238 238 238 236 233 233 234 236 236 235 239 236 233 233 236 237 237 236 237 236 235 237 239 239 236 233 235 236 237 237 235 235 236 237 233 233 233 235 238 238 236 234 234 236 234 231 234 239 237 231 236 236 237 237 237 237 236 236 236 235 234 233 233 235 237 239 238 238 238 237 237 236 236 236 233 234 235 235 236 236 236 236 236 236 236 236 236 236 237 237 233 233 233 234 234 235 235 235 234 235 235 235 234 234 233 232 234 234 234 234 234 234 234 234 231 230 229 230 232 233 232 231 229 229 230 231 231 232 233 233 230 230 230 230 230 230 230 230 230 230 229 228 228 226 226 224 231 225 227 228 206 213 205 126 32 21 16 15 18 16 19 23 21 23 24 22 16 13 10 8 14 15 16 15 13 12 15 17 4 6 10 9 7 6 7 9 10 10 9 9 8 8 7 7 7 7 7 7 8 8 8 8 8 8 8 8 8 8 8 8 7 7 7 5 3 4 7 10 3 3 3 3 3 3 3 3 8 8 8 8 8 9 10 10 9 9 10 10 9 7 6 5 4 4 4 5 5 5 5 5 8 8 6 6 6 6 5 5 4 4 3 4 4 4 3 3 7 6 5 7 9 9 8 7 6 7 8 9 9 8 7 6 11 10 8 7 7 7 8 8 6 7 9 11 11 11 9 8 2 4 7 7 4 3 7 11 6 10 13 12 8 7 9 13 12 9 8 8 10 11 13 13 14 14 15 15 16 16 17 18 16 12 12 17 19 16 12 12 9 11 9 9 29 56 74 77 82 84 86 86 83 84 85 87 112 138 169 193 215 234 240 236 238 238 241 241 240 240 243 245 240 243 247 248 248 248 253 254 252 251 250 250
232 231 230 229 229 229 230 230 231 231 231 231 231 232 232 232 233 231 230 231 232 233 232 230 232 232 232 232 231 231 231 231 235 233 232 232 234 235 235 235 233 233 234 235 235 235 235 235 232 234 235 234 233 232 233 235 241 239 238 236 234 233 233 233 232 234 235 235 234 233 235 236 237 237 236 235 235 234 233 233 237 236 235 234 233 234 235 236 237 237 238 238 237 237 237 237 235 235 235 235 235 235 235 235 237 238 238 239 238 238 237 236 237 235 233 233 236 239 240 240 238 236 235 235 236 236 234 233 237 235 234 234 235 236 236 235 239 238 238 239 239 238 235 233 235 236 237 237 235 235 236 237 235 234 234 235 237 237 235 233 233 234 234 232 234 238 238 234 236 236 236 236 236 236 236 236 236 235 234 234 234 235 237 238 238 238 238 237 237 236 236 236 235 235 234 234 234 235 236 237 237 237 236 235 234 233 232 232 234 234 234 234 235 235 235 235 236 235 234 234 233 233 233 234 234 234 234 234 234 234 234 234 230 229 228 229 231 232 231 230 229 229 230 231 231 232 233 233 229 229 229 229 229 229 229 229 230 230 229 228 228 226 226 224 227 216 225 225 196 214 203 94 11 11 17 19 17 13 19 24 21 22 23 21 17 15 14 13 13 13 13 12 11 10 10 11 2 4 7 7 7 6 6 7 12 12 11 10 8 7 6 6 7 7 8 8 9 9 10 10 11 10 10 9 7 6 6 5 7 7 7 5 4 4 7 9 4 3 2 1 1 2 3 4 4 5 6 6 7 7 6 6 7 7 7 7 6 5 3 3 7 7 7 6 6 5 5 5 7 7 5 5 5 5 4 4 5 6 5 5 5 6 4 4 7 5 3 3 5 7 7 7 6 6 7 8 8 7 6 6 10 9 8 7 7 7 8 8 9 10 12 13 13 13 11 11 6 8 9 8 5 5 9 13 10 12 14 13 9 7 9 10 11 9 8 8 11 12 13 13 14 14 15 15 16 17 18 18 16 12 12 17 19 16 13 13 9 12 14 20 39 63 76 76 83 83 83 84 83 84 86 89 119 150 181 202 218 234 240 238 240 239 240 239 237 238 241 243 244 245 248 249 249 250 254 253 243 241 240 239
231 230 230 230 230 230 230 230 233 233 233 232 232 231 231 230 233 232 230 231 233 233 232 231 233 233 233 232 231 231 230 230 235 234 232 233 235 235 235 233 233 234 235 236 236 236 236 235 232 234 235 235 233 233 233 234 242 241 239 237 235 234 234 234 233 235 236 236 234 234 235 236 236 236 236 235 235 234 234 234 236 235 233 232 233 235 237 239 239 237 235 235 236 237 238 237 235 235 235 235 235 235 235 235 237 237 237 236 236 235 234 234 237 235 234 235 237 240 240 240 238 237 236 236 237 236 234 232 235 234 233 233 234 234 234 234 238 238 239 240 240 239 237 235 235 236 237 237 235 235 236 237 237 236 234 235 236 236 234 232 234 234 235 235 237 239 239 238 234 234 233 233 233 233 234 234 237 236 235 235 235 235 237 237 238 238 238 237 237 236 236 236 236 235 234 233 233 234 236 237 235 234 234 233 231 230 230 229 234 235 235 235 235 235 235 235 237 236 234 232 232 233 234 235 233 233 233 233 233 233 233 233 231 230 229 230 232 233 232 231 230 230 230 231 231 232 232 232 230 230 230 230 230 230 230 230 230 230 229 228 228 226 226 224 215 212 216 220 201 200 167 65 10 15 21 22 17 14 15 19 19 20 21 19 18 17 19 19 13 13 12 11 10 9 8 8 1 3 6 8 9 8 6 6 12 11 11 10 9 8 7 7 7 8 8 9 10 10 11 11 11 10 10 9 7 6 6 5 7 8 8 7 6 6 8 10 6 4 2 1 1 2 4 6 5 5 6 6 5 3 0 0 6 6 6 5 4 3 2 2 8 8 7 7 7 6 6 6 7 7 6 6 6 7 6 6 7 7 7 7 7 7 5 5 8 5 2 1 3 6 8 8 7 7 7 8 8 7 7 7 10 10 10 9 9 9 10 10 11 12 13 13 14 13 12 12 9 10 9 7 5 6 10 13 14 15 16 13 9 7 7 7 11 9 9 10 12 13 14 15 15 14 16 16 16 17 18 19 18 14 13 17 19 15 14 15 9 14 21 31 49 67 75 71 80 79 79 83 85 86 92 99 130 161 194 209 220 232 238 238 239 237 238 237 235 236 241 244 248 248 249 248 247 247 249 247 251 250 249 249
229 230 230 230 230 230 230 230 234 234 233 233 232 231 231 230 233 232 231 231 233 234 232 231 234 234 233 233 232 231 231 231 235 234 233 234 235 235 234 232 233 234 235 236 236 236 236 235 232 234 236 236 235 233 233 234 240 239 238 237 236 236 237 237 234 236 237 236 234 234 235 236 234 234 234 235 235 236 236 236 234 233 232 232 233 236 239 241 238 236 233 233 234 236 236 236 235 235 235 235 235 235 235 235 238 238 237 236 235 235 235 235 236 235 234 235 238 240 240 239 238 237 236 237 238 237 235 233 235 236 236 236 236 235 236 236 235 237 239 240 240 239 238 238 235 236 237 237 235 235 236 237 238 236 235 234 235 235 234 232 235 235 237 238 239 239 240 242 235 234 233 233 233 233 234 235 237 237 236 236 236 236 236 236 238 238 238 237 237 236 236 236 237 236 234 233 233 234 235 236 234 234 234 233 233 233 233 233 236 235 235 235 235 235 235 235 237 236 234 232 232 233 234 235 231 231 231 231 231 231 231 231 233 232 231 232 234 235 234 233 230 230 231 231 231 231 232 232 232 232 232 232 232 232 232 232 230 230 229 228 228 226 226 224 218 228 216 218 206 163 103 36 20 21 23 20 17 16 16 14 23 24 22 20 17 15 16 16 19 17 17 16 15 13 14 13 3 4 7 9 11 10 8 6 9 9 9 9 9 9 9 9 8 8 8 9 9 10 10 10 8 8 8 8 8 8 8 8 8 9 10 9 8 7 9 11 7 6 4 2 2 4 6 7 10 10 11 11 10 8 5 4 10 10 9 8 7 6 6 6 6 7 7 7 8 8 8 8 9 9 7 8 8 9 8 8 9 9 8 8 8 7 5 5 10 7 3 2 4 7 9 10 9 9 9 8 8 9 9 9 12 12 12 13 13 13 12 12 12 12 12 12 12 12 11 11 11 10 9 7 6 8 11 13 14 14 15 14 12 11 11 10 11 10 11 12 15 15 16 16 15 15 16 16 17 17 18 19 18 13 14 18 18 16 16 17 12 19 31 45 61 72 76 72 81 79 80 85 87 88 99 110 145 175 206 218 224 233 240 240 239 238 240 239 238 240 246 249 249 248 249 248 248 248 249 246 253 253 255 255
228 229 230 231 231 231 230 230 234 234 233 233 232 232 231 231 234 232 231 232 233 234 233 231 233 233 233 233 232 232 232 232 235 234 233 234 236 235 233 231 233 233 234 235 235 235 235 235 232 234 237 237 236 234 234 234 237 237 236 236 236 237 238 238 235 237 237 237 235 234 235 236 233 233 234 235 235 236 237 237 233 232 232 233 234 237 239 240 236 235 234 233 233 234 235 237 236 236 236 236 236 236 236 236 240 240 239 238 238 238 239 239 237 235 235 236 238 238 237 236 238 236 235 236 237 238 237 236 237 239 241 241 239 238 238 239 233 235 238 239 239 238 238 239 235 236 237 237 235 235 236 237 239 236 234 234 235 235 234 233 237 236 237 240 239 237 238 242 239 238 237 236 236 237 238 239 237 237 237 237 237 236 236 236 238 238 238 237 237 236 236 236 237 236 235 234 234 234 235 235 235 236 236 237 237 238 238 238 236 236 236 236 235 235 235 235 236 235 234 234 233 233 233 234 231 231 231 231 231 231 231 231 234 233 232 233 235 236 235 234 231 231 231 231 231 231 231 231 233 233 233 233 233 233 233 233 230 230 229 228 228 226 226 224 220 235 216 212 193 122 57 24 25 25 22 17 19 20 19 15 16 18 19 19 18 17 19 20 17 15 14 13 13 12 12 10 7 6 8 9 11 11 9 9 7 7 7 8 8 9 9 9 9 9 9 9 8 8 8 8 6 7 7 8 8 9 9 10 7 9 10 10 8 7 8 10 7 6 5 4 4 5 6 7 8 8 9 10 10 10 10 9 9 9 7 6 5 5 5 5 6 6 6 7 7 8 8 8 9 9 8 8 9 10 9 10 9 9 8 8 7 7 5 5 11 8 4 4 6 8 10 11 10 10 9 8 8 9 10 10 12 13 14 15 15 15 14 14 12 12 12 12 11 11 11 11 10 10 9 8 9 10 12 13 10 11 12 13 14 15 16 14 10 9 10 12 15 16 16 16 15 15 17 17 17 18 19 19 18 13 14 17 17 16 15 15 16 28 45 61 72 76 77 77 83 83 85 89 87 89 102 120 166 192 218 226 230 237 244 243 242 241 244 244 244 246 251 254 247 246 247 249 252 253 255 252 242 244 248 251
227 228 230 231 232 231 230 230 233 233 233 233 233 233 232 232 234 233 231 232 234 234 233 232 232 232 233 233 233 233 233 234 235 234 234 235 236 235 233 230 232 232 233 234 235 234 234 234 232 234 237 238 236 234 234 234 237 237 236 236 236 236 237 237 236 237 238 237 235 234 235 236 235 235 235 235 235 235 235 235 234 234 234 235 235 235 236 236 234 237 238 237 234 233 236 239 237 237 237 237 237 237 237 237 240 239 238 238 238 239 240 241 237 236 235 235 237 237 235 233 238 236 234 234 237 239 239 239 235 238 241 241 238 237 237 239 233 236 239 239 237 235 236 237 235 236 237 237 235 235 236 237 238 236 233 233 234 236 235 235 236 235 237 240 237 233 235 241 241 239 238 236 236 238 239 241 238 238 238 238 237 236 236 235 238 238 238 237 237 236 236 236 236 236 236 236 235 235 234 233 236 236 236 237 237 237 238 238 237 237 237 236 236 235 235 235 234 235 235 235 234 234 233 232 233 233 233 233 233 233 233 233 233 232 231 232 234 235 234 233 231 231 231 231 231 231 231 231 232 232 232 232 232 232 232 232 230 230 229 228 228 226 226 224 218 226 213 201 153 83 43 20 20 23 22 16 16 19 19 15 9 13 15 19 20 20 22 23 12 10 7 7 11 10 8 6 11 9 7 8 12 12 11 8 7 7 7 7 7 6 6 6 9 9 9 8 7 6 6 6 7 7 7 8 8 9 9 9 5 7 8 8 7 6 6 7 6 6 6 6 6 6 6 6 6 5 5 5 5 6 7 7 7 6 5 3 2 2 3 3 7 7 7 7 6 6 6 6 8 8 7 8 9 9 9 9 9 9 8 8 7 7 4 4 10 8 5 4 6 9 10 10 10 9 8 7 7 8 9 10 11 12 14 15 15 15 14 14 14 13 13 12 11 11 11 11 10 9 10 11 13 14 14 14 13 12 12 13 14 15 14 13 7 6 8 10 14 14 14 14 16 15 17 17 17 18 19 20 17 12 10 13 15 14 13 13 18 33 56 71 75 76 76 80 82 83 89 94 91 90 109 133 181 204 224 229 232 239 246 244 243 243 246 247 246 246 249 251 246 244 245 247 252 254 255 252 251 250 250 251
227 228 230 231 232 231 231 230 233 233 233 233 233 233 233 233 234 233 232 232 234 234 233 232 231 232 232 233 233 234 234 235 235 234 234 235 236 235 232 230 231 232 233 233 234 234 233 233 231 234 237 238 237 235 234 234 238 237 236 235 235 235 235 235 236 238 238 237 235 234 235 236 237 237 236 235 235 234 233 233 236 237 237 236 235 234 233 232 233 238 241 239 235 233 236 240 238 238 238 238 238 238 238 238 237 236 235 235 236 237 239 240 237 236 235 235 236 235 233 231 238 235 233 233 236 239 241 241 231 235 238 238 235 233 234 235 234 237 240 239 236 233 233 234 235 236 237 237 235 235 236 237 238 235 233 233 234 236 236 236 236 234 235 239 236 230 232 239 239 238 236 235 235 236 238 239 238 238 238 238 238 237 235 235 238 238 238 237 237 236 236 236 235 236 237 237 236 235 233 232 234 234 234 234 234 234 234 234 237 237 237 236 236 235 235 235 233 234 235 236 236 234 232 231 235 235 235 235 235 235 235 235 232 231 230 231 233 234 233 232 231 231 231 231 231 231 231 231 231 231 231 231 231 231 231 231 230 230 229 228 228 226 226 224 223 219 214 192 114 53 38 9 15 22 24 17 13 14 15 13 15 16 20 20 17 14 14 14 13 10 8 8 12 12 10 7 13 9 6 6 10 11 10 7 9 8 7 6 5 4 3 3 10 9 9 7 6 5 4 4 8 8 8 8 8 8 8 8 3 5 7 6 5 4 4 5 4 5 5 6 6 5 5 4 10 8 6 4 3 2 3 4 11 10 8 6 5 5 6 7 9 9 8 7 5 4 3 3 7 7 6 7 7 8 8 8 9 9 8 7 7 6 4 4 9 7 5 5 7 8 9 9 9 8 6 5 5 6 8 9 10 11 13 14 15 15 14 13 15 15 13 12 12 12 12 12 8 8 9 12 14 16 15 14 18 16 14 12 12 10 8 5 5 4 6 9 12 12 12 12 16 15 17 17 17 18 19 20 15 10 8 11 13 11 11 12 18 34 60 75 75 71 74 79 77 80 90 96 93 94 117 147 189 209 225 230 233 241 244 242 240 242 246 246 244 243 245 246 246 244 243 245 248 250 251 247 255 251 247 242
225 229 234 235 234 232 233 235 232 229 228 231 232 230 231 235 235 232 232 235 235 232 232 235 229 230 230 231 231 232 232 233 233 234 236 237 237 236 234 233 228 231 235 238 239 238 236 234 235 235 235 236 236 237 238 238 233 234 234 235 235 234 234 233 235 236 237 238 237 236 234 233 236 234 232 232 234 235 235 234 234 236 238 240 239 237 233 231 238 237 237 237 238 239 240 240 233 237 240 241 239 237 238 240 233 234 237 238 239 237 236 234 235 236 238 239 239 238 236 235 238 239 240 241 241 242 241 241 236 236 239 241 238 233 235 240 235 234 235 240 240 235 234 235 232 233 234 236 238 238 239 239 235 235 237 238 238 237 235 235 236 236 235 235 235 234 234 234 232 233 235 236 236 235 233 232 236 235 235 236 237 238 240 240 236 237 238 238 236 236 237 238 232 233 234 234 233 233 235 237 235 235 235 234 234 234 233 233 232 232 233 234 234 235 236 236 235 234 233 234 235 235 233 231 232 234 236 236 234 233 233 234 231 231 231 231 231 231 231 231 230 230 231 232 232 233 234 234 231 230 230 229 229 230 230 231 229 223 228 234 229 227 229 222 224 213 212 146 51 21 19 17 17 20 22 17 17 18 17 13 15 15 16 17 19 19 19 17 15 16 14 13 11 11 12 12 8 8 10 9 9 8 9 9 3 5 8 10 10 7 3 1 10 6 5 9 10 8 7 9 6 8 9 9 7 7 8 10 5 5 5 5 6 8 11 12 4 5 7 8 9 9 8 7 3 6 6 3 4 7 7 4 6 6 6 5 4 3 1 1 8 6 4 4 5 7 7 7 6 7 7 8 10 10 10 10 12 12 11 10 10 10 8 8 6 3 3 7 8 7 8 12 9 8 8 7 7 8 8 9 11 11 11 11 11 11 12 12 4 5 8 11 10 7 10 16 5 6 7 9 10 11 12 12 12 11 10 9 9 11 13 13 3 5 10 14 17 16 13 11 12 14 19 21 21 19 17 15 14 13 13 12 12 13 14 13 27 55 72 76 83 82 80 81 79 79 88 83 95 114 133 172 199 214 229 236 239 242 242 240 237 244 249 247 245 247 249 249 238 244 248 248 249 253 255 255 249 248 248 248
225 228 232 233 232 230 231 232 231 228 227 230 231 229 230 233 234 231 231 234 234 231 231 234 230 230 231 231 231 231 232 232 234 234 235 236 236 235 234 234 231 232 233 234 235 235 235 235 235 235 235 235 236 236 236 236 233 234 234 235 235 234 234 233 235 236 237 238 237 236 234 233 235 234 233 233 235 236 234 233 233 235 237 238 238 235 233 231 236 236 235 235 236 237 238 238 234 237 240 240 238 237 238 240 237 238 239 240 239 237 235 234 235 236 237 238 238 237 236 235 233 234 235 236 236 236 235 235 236 235 237 240 239 235 235 239 235 234 235 240 240 235 234 235 235 236 237 237 237 237 236 236 234 235 236 237 237 236 235 234 237 236 236 236 235 235 235 234 234 235 236 237 237 236 235 234 235 235 235 235 236 237 239 240 235 236 237 237 235 234 235 237 234 236 237 236 235 235 237 239 236 236 235 235 235 234 234 234 232 232 233 234 234 235 236 236 235 234 233 234 235 235 234 232 232 234 236 235 234 233 233 234 231 231 231 231 231 231 231 231 234 234 233 232 232 231 230 230 231 230 230 229 229 230 230 231 230 224 228 232 227 226 228 219 210 209 194 110 25 12 17 17 8 13 16 16 17 20 22 19 11 11 10 11 14 14 12 12 14 15 14 12 11 10 11 11 6 5 7 7 6 6 7 7 4 5 8 9 9 7 5 3 11 6 5 8 9 6 4 6 6 7 8 7 6 5 6 7 5 4 3 2 2 4 5 6 4 5 6 7 7 7 6 5 1 2 3 2 3 7 8 6 6 6 6 6 6 5 3 3 6 4 1 1 3 4 5 4 5 6 5 5 6 6 4 4 5 5 4 4 4 4 2 2 8 5 5 8 9 7 8 12 2 2 3 3 5 6 8 9 8 9 9 9 9 9 8 7 7 6 9 12 11 9 11 17 5 6 8 9 11 11 12 12 4 5 6 7 7 8 8 7 5 6 11 14 17 16 13 10 12 14 19 21 21 20 18 14 10 10 10 11 11 11 11 11 26 54 71 75 80 79 75 77 72 80 91 86 100 127 152 192 210 222 234 237 238 240 240 239 238 243 246 243 241 245 248 248 244 249 253 250 249 252 255 252 251 250 250 250
226 228 231 231 230 228 228 228 230 227 226 229 230 227 228 232 233 230 230 233 233 230 230 233 232 232 231 231 231 231 230 230 234 234 235 235 235 235 234 234 234 233 232 231 231 232 234 235 235 235 235 235 234 234 234 234 234 234 235 235 235 235 234 234 235 236 237 238 237 236 234 233 234 234 234 235 237 236 234 232 232 234 236 237 237 235 232 231 235 234 234 234 234 235 236 236 235 237 239 239 238 237 238 239 240 240 241 241 239 237 235 233 233 233 234 235 235 234 233 233 232 232 233 233 233 232 231 231 237 233 233 238 240 237 236 238 236 234 235 239 239 235 234 236 236 236 236 236 235 233 232 231 234 234 235 235 235 235 234 234 238 237 237 237 236 236 236 235 235 236 237 237 237 237 236 235 234 234 234 234 235 236 237 238 234 235 236 236 234 233 235 236 234 236 237 237 235 235 237 238 236 236 235 235 235 234 234 234 232 232 233 234 234 235 236 236 234 233 232 234 235 235 234 232 232 234 235 235 234 233 233 234 231 231 231 231 231 231 231 231 234 234 233 232 232 231 230 230 231 230 230 229 229 230 230 231 230 224 227 230 225 226 227 216 227 223 182 79 11 13 17 18 7 13 18 17 18 21 25 24 16 15 14 14 17 17 15 13 13 15 14 13 13 11 11 10 11 11 12 12 11 11 10 10 5 6 7 8 8 7 7 6 12 7 5 8 8 4 2 3 6 7 7 6 4 3 3 5 6 5 4 2 2 2 3 4 7 7 8 8 8 7 6 6 7 10 11 9 9 13 14 11 4 5 5 6 5 5 4 4 10 7 5 4 6 7 8 7 7 7 5 5 5 4 2 1 6 6 6 6 7 8 6 6 11 7 7 9 9 7 8 11 7 7 7 7 8 10 11 12 8 9 9 10 9 8 6 5 9 8 10 13 13 10 12 17 7 8 10 11 12 13 13 13 7 8 11 14 15 14 13 11 10 10 14 17 20 18 15 13 13 14 19 21 21 20 18 15 9 10 12 12 12 12 12 13 27 54 71 74 77 76 71 72 73 85 95 87 106 145 173 208 219 229 235 236 237 240 242 241 237 241 243 239 239 243 247 247 246 250 252 249 248 250 253 250 249 248 248 248
229 230 231 231 230 228 227 227 231 228 227 230 230 228 228 232 232 229 229 232 232 229 229 232 233 232 232 231 231 230 230 229 234 234 234 235 235 234 234 234 236 235 234 232 232 232 233 233 235 235 235 234 234 233 232 232 234 234 235 236 236 235 234 234 235 236 237 238 237 236 234 233 233 233 234 237 238 237 234 231 233 235 236 237 237 236 234 233 235 235 234 234 234 235 236 236 237 238 238 239 238 238 238 238 239 239 239 239 238 237 235 234 232 232 232 232 232 232 232 232 235 236 236 236 235 234 233 232 237 232 231 237 240 239 237 236 236 234 235 239 239 235 234 236 234 234 234 233 232 231 229 228 234 234 234 234 234 234 234 234 238 238 238 237 237 237 236 236 235 236 236 236 236 236 236 235 234 234 234 234 234 235 236 237 234 236 237 236 235 234 235 236 232 234 235 235 234 233 234 235 235 234 234 234 233 233 233 232 233 233 233 234 234 235 235 235 233 233 232 233 235 235 233 231 231 233 235 235 233 232 233 234 231 231 231 231 231 231 231 231 230 230 231 232 232 233 234 234 231 230 230 229 229 230 230 231 230 225 227 229 225 227 228 215 232 208 144 51 12 21 16 20 14 19 24 20 19 21 25 24 22 21 19 19 20 19 16 16 14 16 15 15 14 13 12 11 14 14 14 14 13 13 13 13 7 7 7 7 7 8 9 9 12 7 5 8 9 6 4 5 7 8 9 7 4 3 3 4 10 9 7 6 5 6 7 8 9 9 9 9 8 7 7 6 13 16 15 11 10 12 12 8 2 3 4 4 5 4 4 4 12 10 7 7 8 9 9 9 9 10 8 8 8 7 5 4 10 10 10 11 12 13 12 12 14 10 9 11 11 8 8 11 16 16 14 13 12 11 12 12 10 11 12 12 11 9 7 5 11 9 10 13 13 10 11 15 8 9 11 12 13 13 13 13 12 14 16 17 19 19 18 17 15 15 18 20 23 21 18 16 14 15 19 21 21 20 19 16 12 14 17 17 15 13 15 17 33 59 75 76 78 75 71 71 79 87 96 88 114 161 184 210 221 229 235 236 238 242 243 242 236 240 243 240 241 244 246 244 241 245 248 245 244 248 252 250 245 244 244 244
233 232 232 231 231 230 229 228 233 230 229 231 231 229 229 233 232 229 229 232 232 229 229 232 233 232 232 231 231 230 230 229 234 234 234 233 233 234 234 234 235 236 236 236 235 234 233 232 235 235 235 234 234 233 232 232 234 235 236 236 236 236 235 234 235 236 237 238 237 236 234 233 234 234 235 237 239 238 234 232 235 236 237 238 238 238 237 236 238 237 237 236 236 236 237 237 239 238 238 237 238 238 238 238 236 236 236 237 237 237 236 236 236 235 235 235 235 235 235 236 238 238 239 238 238 237 236 235 237 232 231 236 240 238 236 235 237 234 235 238 238 235 234 237 233 233 234 234 234 234 233 232 234 234 234 234 234 234 234 234 238 238 238 237 237 237 236 236 235 234 234 234 234 234 234 235 235 235 234 234 234 235 236 236 236 237 238 237 236 235 236 238 232 234 236 236 234 233 233 234 233 233 233 232 232 232 231 231 233 233 234 234 234 234 235 235 234 233 232 233 234 234 232 230 231 233 235 234 233 232 232 233 231 231 231 231 231 231 231 231 230 230 231 232 232 233 234 234 231 230 230 229 229 230 230 231 229 226 228 229 226 230 228 211 189 136 71 19 15 25 14 20 16 24 27 22 19 21 23 23 20 19 17 16 16 15 11 11 15 18 18 18 16 15 15 14 11 10 11 11 10 10 11 11 9 9 8 7 7 8 9 10 11 7 6 10 11 9 8 9 9 10 11 9 7 5 5 7 10 9 8 7 8 9 11 12 12 11 11 10 9 9 9 9 9 12 11 7 6 8 7 4 5 5 6 7 7 7 6 6 10 7 4 3 4 5 5 4 9 10 9 10 10 10 9 8 8 8 8 9 10 11 9 10 16 12 11 13 12 9 9 12 17 16 15 13 12 11 10 10 11 12 12 12 11 9 7 6 12 9 8 12 12 10 10 12 10 11 12 13 14 14 14 13 13 13 12 12 13 15 16 17 15 14 17 19 21 19 17 15 16 17 20 21 21 20 19 16 15 16 18 16 13 13 18 21 42 67 79 77 81 78 74 76 81 86 94 94 130 178 192 207 222 230 238 239 240 242 239 236 236 240 244 243 245 248 247 243 242 246 248 244 244 248 252 250 248 247 247 247
235 233 232 232 233 233 231 230 234 231 230 232 232 229 229 233 233 230 230 233 233 230 230 233 232 232 231 231 231 231 230 230 234 234 233 233 233 233 234 234 235 236 237 237 237 235 233 232 235 235 235 235 234 234 234 234 235 235 236 236 236 236 235 235 235 236 237 238 237 236 234 233 235 235 235 236 238 238 235 233 236 237 238 238 239 239 238 238 240 239 238 238 237 238 238 238 241 239 237 237 238 239 238 237 235 235 235 235 236 236 237 237 241 240 239 239 239 239 240 241 237 237 238 238 238 237 236 235 237 233 233 237 238 235 234 235 238 235 234 237 237 234 235 238 235 235 236 237 238 238 238 238 235 235 234 234 234 234 235 235 238 237 237 237 236 236 236 235 235 234 233 233 233 233 234 235 236 236 235 235 235 235 236 237 236 237 239 238 236 236 237 238 234 236 239 239 237 235 234 235 233 233 233 233 232 232 231 231 234 234 234 234 234 234 234 234 236 234 233 233 233 232 230 227 230 232 234 234 232 231 232 233 231 231 231 231 231 231 231 231 234 234 233 232 232 231 230 230 231 230 230 229 229 230 230 231 229 227 230 229 226 229 224 203 143 73 25 11 21 27 13 17 13 20 23 18 16 18 22 24 20 17 16 13 14 10 8 5 16 18 18 18 17 15 14 13 12 12 12 12 11 11 12 12 11 11 10 9 8 8 8 9 11 7 6 10 12 10 10 11 10 12 12 11 9 8 8 9 9 8 7 6 7 8 10 11 12 12 11 10 10 10 11 11 5 8 9 6 7 11 12 9 9 10 10 10 10 10 9 8 11 8 5 4 5 6 5 5 8 8 7 8 9 9 7 7 7 8 7 8 8 9 8 8 17 13 12 14 14 11 11 14 18 17 16 16 15 15 16 16 11 11 10 9 8 8 8 8 14 9 8 11 13 10 9 10 11 12 13 14 14 14 14 14 15 13 12 10 11 13 15 15 10 10 12 14 17 16 14 13 19 19 21 21 20 19 18 15 14 15 17 15 12 14 21 27 48 73 82 79 81 80 77 81 77 82 97 109 151 193 200 214 229 234 240 240 240 241 236 231 239 242 244 244 246 249 249 244 249 252 253 247 245 248 252 250 254 253 253 253
235 233 231 231 233 234 233 231 234 230 229 231 231 228 228 231 234 231 231 234 234 231 231 234 230 230 231 231 231 231 232 232 234 234 233 232 232 233 234 234 236 235 234 234 233 234 234 235 235 235 235 235 236 236 236 236 235 236 236 237 237 236 236 235 235 236 237 238 237 236 234 233 237 236 235 235 237 237 236 235 236 236 237 237 238 238 238 238 241 240 239 238 238 238 238 238 242 239 236 236 238 239 238 236 238 237 237 236 236 236 236 237 240 240 238 238 238 238 240 240 234 235 236 237 237 237 236 236 237 235 236 238 236 232 231 235 238 235 234 237 237 234 235 238 235 236 237 237 238 238 237 237 237 236 235 234 234 235 236 237 237 236 236 236 235 235 235 234 236 235 234 233 233 234 235 236 237 237 236 236 236 236 237 237 235 237 238 237 235 235 236 237 234 237 239 239 237 235 234 234 235 235 235 234 234 234 233 233 234 234 234 234 234 234 234 234 238 236 234 233 233 231 228 225 230 232 234 234 232 231 232 232 231 231 231 231 231 231 231 231 234 234 233 232 232 231 230 230 231 230 230 229 229 230 230 231 230 229 231 229 224 225 216 190 109 43 21 24 23 25 16 16 11 19 23 17 14 16 21 24 23 20 19 15 15 11 8 6 14 16 16 17 15 13 12 10 15 14 14 14 14 14 14 13 12 12 11 10 9 8 7 7 12 8 7 10 11 9 7 9 10 11 12 11 10 9 10 11 10 9 8 6 6 7 8 9 11 11 10 10 10 11 12 13 7 11 12 10 11 16 17 13 10 10 10 10 10 9 7 7 13 10 7 6 6 7 7 6 9 9 8 8 8 7 5 4 9 9 8 9 9 9 7 7 17 14 13 15 15 12 13 16 21 20 19 18 17 17 17 18 13 11 10 8 8 9 11 12 16 11 9 12 14 11 9 10 12 15 16 16 17 17 16 16 19 18 18 17 17 17 17 14 9 8 11 13 16 16 15 14 22 21 22 21 19 18 16 13 12 14 16 14 13 19 29 39 51 73 82 76 79 79 78 84 75 84 110 132 172 203 207 224 234 239 241 239 240 243 240 236 243 243 242 239 242 248 250 247 249 253 253 248 246 250 254 252 252 251 251 251
235 232 229 230 233 234 233 231 233 229 228 230 229 226 227 230 235 232 232 235 235 232 232 235 229 230 230 231 231 232 232 233 235 234 232 231 231 232 234 235 237 234 231 229 229 232 235 237 235 235 235 236 236 237 238 238 235 236 236 237 237 236 236 235 235 236 237 238 237 236 234 233 238 236 234 234 236 237 237 236 235 235 235 236 236 237 237 237 240 240 239 238 237 237 237 238 243 239 236 235 237 239 238 236 242 241 239 238 237 236 236 236 237 236 234 233 233 234 236 237 234 235 236 237 237 237 237 237 236 236 238 239 235 229 230 235 238 235 234 237 237 234 235 238 233 234 234 235 235 234 233 233 238 237 235 235 235 235 237 238 236 236 235 235 235 234 234 234 238 237 235 234 234 235 237 238 238 238 237 236 236 237 237 238 234 235 236 236 234 234 235 236 232 234 237 237 235 233 231 231 237 237 237 236 236 236 235 235 234 234 234 234 234 234 234 234 239 237 235 233 232 230 226 223 230 232 234 234 232 231 231 232 231 231 231 231 231 231 231 231 230 230 232 232 233 233 235 234 232 230 231 229 230 230 231 231 231 230 233 227 221 221 206 180 76 22 23 29 17 20 19 16 15 23 26 19 15 16 21 24 22 20 17 15 14 12 8 6 12 13 15 15 14 11 10 8 11 11 10 10 11 10 10 10 14 14 14 13 11 9 7 6 15 10 8 10 11 7 5 6 8 10 11 11 10 9 10 12 14 13 10 8 7 7 7 8 9 8 8 7 9 9 12 12 8 10 11 7 8 11 12 8 8 8 8 7 6 5 3 2 9 6 3 2 2 3 3 2 13 13 10 10 8 7 4 3 7 7 7 6 7 5 5 5 17 14 13 16 16 13 14 18 21 19 17 14 12 10 9 9 16 14 13 10 11 12 16 17 19 13 11 14 17 13 11 12 13 13 16 15 17 15 16 14 16 15 18 16 18 14 13 9 11 10 13 15 18 19 18 19 23 25 23 22 20 18 16 15 13 17 19 18 18 24 38 49 52 72 80 74 76 78 79 85 78 91 125 152 187 209 209 231 237 240 239 237 240 247 248 246 247 244 239 235 238 247 251 250 244 247 248 244 245 250 255 255 244 244 244 244
234 233 231 230 229 229 230 231 233 231 229 230 234 235 233 231 231 231 231 231 231 231 231 231 228 229 229 230 230 231 231 232 226 227 229 231 233 234 234 234 230 232 231 228 229 234 236 235 230 232 234 236 237 236 234 233 237 234 232 231 233 234 235 234 231 233 235 237 237 235 233 231 237 233 230 232 236 238 235 231 234 233 232 233 234 236 238 240 236 234 232 232 235 237 237 237 240 240 239 239 238 237 237 236 236 235 234 234 235 236 238 240 234 234 234 234 234 235 236 237 241 236 232 232 237 239 237 234 231 233 235 237 238 237 235 234 236 236 236 236 236 236 236 236 233 232 231 232 234 235 234 232 233 234 236 237 238 239 239 239 236 236 235 236 238 238 236 234 237 236 234 233 233 234 236 237 233 234 234 235 235 236 236 237 234 233 232 232 233 236 239 240 237 236 234 233 232 232 233 234 232 233 233 234 234 235 235 235 230 230 231 232 232 233 233 233 229 230 232 232 232 232 230 229 228 229 231 232 233 232 231 231 231 231 231 231 231 231 231 231 230 230 232 231 233 232 234 232 230 229 232 231 233 231 233 231 232 209 237 227 218 215 215 143 42 33 22 15 17 21 23 23 15 16 18 20 21 21 21 20 22 21 21 21 21 20 17 14 11 11 13 14 14 15 16 16 11 8 7 7 9 10 11 10 8 7 7 9 11 12 10 9 9 9 13 16 14 10 11 15 6 7 9 9 9 10 12 13 6 9 11 11 9 7 6 8 8 8 9 7 9 8 11 10 11 7 7 4 7 7 11 11 9 10 10 9 9 7 6 5 3 7 8 6 6 8 7 3 4 4 5 6 6 7 8 8 9 8 7 5 7 7 9 10 11 10 11 12 13 13 14 14 21 13 16 20 12 10 12 9 8 8 10 8 11 9 11 9 18 12 11 11 17 17 16 11 9 8 9 9 10 9 11 10 8 9 13 14 17 16 17 15 8 5 7 9 13 15 17 18 17 19 22 23 25 24 24 22 15 19 26 20 13 31 57 61 59 62 67 70 72 75 79 82 83 104 136 169 198 220 230 230 237 240 242 241 239 239 243 245 237 239 241 242 242 242 245 247 242 240 238 240 245 249 250 250 250 248 247 245
235 234 233 232 231 232 232 233 233 231 229 231 233 235 233 231 231 231 231 231 231 231 231 231 231 231 231 231 231 232 232 232 229 230 231 232 233 233 233 233 230 233 233 231 232 236 237 235 233 234 235 237 237 237 236 235 237 235 233 233 235 236 235 234 232 233 236 238 238 236 233 232 236 233 230 232 236 238 235 232 235 235 235 236 236 237 239 239 235 234 234 236 237 238 236 234 233 234 234 235 236 236 237 237 237 237 236 235 235 235 236 236 235 235 235 235 235 236 237 238 239 235 231 231 235 238 236 233 232 234 236 237 238 237 236 235 235 235 235 235 235 235 235 235 235 234 232 233 234 235 234 232 234 235 236 237 238 238 238 238 237 236 236 237 238 238 237 235 236 236 234 234 234 234 236 236 234 234 235 235 235 235 236 236 235 234 233 232 233 235 237 239 237 236 234 233 233 234 235 235 233 233 234 234 235 235 235 236 232 232 232 232 233 233 233 233 230 231 232 233 233 232 231 230 229 230 231 233 233 233 232 231 231 231 231 231 231 231 231 231 230 232 232 233 233 234 234 234 236 235 234 233 230 228 226 223 225 217 238 221 221 226 202 112 37 31 24 21 23 25 24 22 15 16 17 18 19 18 18 17 21 20 20 20 21 21 18 16 14 14 16 16 16 16 16 16 12 10 10 11 13 14 14 13 11 10 10 11 13 14 12 10 10 10 13 17 15 11 11 15 6 7 9 9 8 8 10 11 6 7 9 8 6 5 5 6 8 7 7 7 7 8 9 10 6 5 5 4 4 6 7 8 9 9 9 9 8 7 5 4 3 7 8 6 6 8 7 3 4 4 5 5 6 7 8 8 7 6 6 5 6 7 8 8 10 9 10 11 12 13 14 14 24 15 18 22 15 12 14 12 16 18 18 18 18 18 18 18 18 14 11 12 16 17 15 9 12 12 13 13 13 14 14 14 11 12 13 14 14 14 14 13 10 9 11 12 14 15 15 15 17 18 20 23 24 23 24 23 18 19 23 19 11 27 56 66 64 64 67 69 70 72 76 79 89 112 147 178 204 223 231 231 237 238 242 242 242 242 243 243 239 240 242 243 242 243 244 246 245 246 245 243 241 240 242 244 247 246 245 244
236 236 235 234 234 234 234 235 232 231 230 231 233 234 233 232 231 231 231 231 231 231 231 231 233 233 233 232 232 232 232 232 232 232 233 233 233 233 232 231 231 235 236 234 234 238 238 235 235 235 236 236 237 237 237 237 236 235 235 236 237 238 236 234 233 234 237 238 238 237 234 233 235 233 231 233 236 238 236 234 237 238 238 239 239 239 238 238 236 236 237 238 240 239 235 232 232 233 233 234 235 235 236 236 237 238 238 237 236 235 234 233 240 239 239 239 239 240 241 241 237 234 231 231 234 236 235 232 234 235 237 238 238 238 236 236 235 235 235 235 235 235 235 235 238 236 234 234 235 235 234 232 236 236 237 237 237 237 236 236 237 236 236 237 238 238 237 235 236 235 235 234 234 235 235 236 236 236 235 235 235 235 234 234 237 236 234 233 233 234 236 237 236 235 235 234 235 235 236 237 234 234 235 235 235 236 236 236 234 234 234 234 233 233 233 233 232 232 233 233 233 233 232 232 230 231 232 233 233 233 232 232 231 231 231 231 231 231 231 231 230 230 231 231 231 231 232 232 231 231 231 231 231 231 231 230 219 226 233 210 218 219 167 71 25 22 20 20 22 21 18 14 15 15 16 16 16 15 14 13 17 16 15 16 18 18 16 13 14 14 16 15 14 13 14 14 6 5 7 9 11 12 12 10 11 10 9 10 11 11 9 7 9 9 11 15 14 9 9 13 6 7 8 7 6 5 7 8 6 6 7 5 3 3 4 6 7 7 6 6 7 7 8 9 4 4 4 4 5 5 6 6 7 8 8 7 7 5 4 3 3 7 7 5 5 7 7 3 4 4 4 5 6 7 7 8 5 5 4 4 5 6 7 6 8 8 9 10 11 13 14 14 20 11 14 18 10 8 11 9 15 15 15 15 15 15 15 15 15 12 9 10 12 12 10 7 10 10 10 11 11 12 12 12 15 14 13 12 11 11 11 10 11 11 12 13 14 12 11 10 16 17 18 19 21 20 20 20 20 16 20 18 10 21 50 67 65 68 71 71 70 71 75 79 79 108 149 182 208 226 234 236 238 238 241 243 243 244 242 240 239 239 241 241 240 240 241 243 247 249 249 245 239 236 239 243 247 246 245 244
235 235 235 235 234 235 235 235 231 231 231 232 232 233 233 233 231 231 231 231 231 231 231 231 233 233 233 232 231 231 230 230 232 233 233 234 234 234 233 232 230 234 236 234 235 237 236 232 236 236 235 235 235 235 236 237 236 236 236 238 239 239 237 234 234 235 237 238 238 237 235 234 234 233 232 233 236 238 237 235 238 238 239 240 239 238 236 235 239 238 237 238 239 238 236 233 238 238 237 236 236 235 234 234 235 236 237 238 237 236 234 233 239 239 238 238 238 239 239 240 236 234 232 233 235 236 235 233 236 236 237 238 238 238 237 236 236 236 236 236 236 236 236 236 240 238 236 236 236 236 234 232 237 237 237 237 237 236 235 234 236 235 234 236 237 237 235 234 235 235 235 235 235 235 235 235 237 236 236 235 235 234 234 233 237 237 235 234 234 234 234 235 235 235 235 236 236 237 238 238 235 235 235 235 235 236 236 236 236 236 235 234 234 233 233 233 233 233 233 233 233 233 233 233 232 232 232 233 233 233 232 232 231 231 231 231 231 231 231 231 231 231 231 231 231 231 231 231 228 228 228 229 230 231 232 232 221 226 221 209 210 182 111 41 19 18 17 18 20 19 15 12 16 16 16 15 14 13 12 12 13 12 11 12 13 14 12 11 12 12 13 11 10 9 9 8 2 2 5 8 10 11 10 8 9 7 7 7 8 8 5 3 10 8 10 14 13 9 8 9 6 7 7 6 4 3 4 5 6 7 6 4 2 2 4 7 6 6 5 5 6 7 8 8 3 4 5 6 6 6 6 5 6 6 7 6 5 4 3 2 3 7 7 4 4 7 7 3 3 3 4 5 6 6 7 7 5 5 5 5 5 6 7 6 7 6 7 9 10 12 13 14 17 8 10 14 7 5 9 6 12 12 12 11 11 11 11 10 14 11 9 9 10 10 7 5 7 7 8 8 9 9 9 9 13 12 10 9 8 9 10 10 7 7 10 10 11 10 8 7 16 17 18 18 20 19 20 20 22 14 17 21 11 17 45 64 67 71 76 78 76 75 78 82 77 110 154 187 210 225 233 236 240 239 241 245 247 247 243 238 241 242 244 243 242 242 243 244 246 246 245 244 242 242 244 246 246 246 246 246
233 233 233 234 234 234 234 233 231 231 232 232 232 232 233 233 231 231 231 231 231 231 231 231 232 232 231 231 230 229 229 229 230 231 232 234 234 235 235 234 228 232 234 232 232 235 233 230 236 235 234 233 233 234 234 235 237 236 237 238 240 239 237 234 235 236 237 237 237 237 236 235 235 234 234 234 236 237 237 236 236 237 238 238 238 236 234 233 242 239 236 234 235 237 237 237 238 238 237 236 236 235 234 234 233 234 236 237 238 237 236 235 234 234 233 233 232 233 233 234 236 235 235 235 237 237 236 235 237 237 238 238 238 237 237 236 237 237 237 237 237 237 237 237 240 238 236 236 237 236 234 233 237 237 237 237 236 235 234 233 235 234 233 234 236 236 234 232 235 235 235 235 235 235 235 235 237 236 236 235 235 234 234 233 237 237 236 235 234 234 234 234 234 235 235 236 237 237 237 237 235 235 235 235 235 235 235 235 236 236 235 234 234 233 233 233 233 233 233 233 233 233 233 233 233 232 232 232 232 232 232 232 231 231 231 231 231 231 231 231 231 231 231 231 231 231 231 231 232 230 228 226 224 223 222 221 224 221 216 221 198 132 56 26 22 21 20 20 21 21 20 18 18 17 16 15 15 14 14 14 15 13 12 12 13 14 13 11 11 10 11 10 8 7 7 6 4 5 8 11 13 13 13 10 9 7 7 7 8 8 5 3 10 8 8 13 13 9 7 7 6 6 7 6 3 2 3 4 7 7 7 5 3 3 5 7 5 5 5 5 5 6 7 7 5 5 6 7 8 8 7 7 6 6 6 6 5 4 3 2 4 6 6 3 3 6 6 4 3 3 4 4 5 6 7 7 5 5 6 7 7 7 7 6 6 6 6 8 9 10 11 12 20 10 13 16 9 8 12 10 14 14 14 13 13 12 12 12 12 10 9 8 8 8 6 5 9 9 9 9 10 10 11 11 9 8 7 7 8 9 11 12 8 7 8 9 11 11 11 10 18 18 18 17 18 17 19 19 22 12 18 23 14 19 41 58 68 74 81 80 77 74 78 82 90 123 165 195 211 222 228 230 238 237 237 241 245 245 240 236 246 248 249 249 247 247 248 250 249 244 240 242 247 250 249 246 244 244 245 246
231 231 232 233 233 233 233 232 230 231 233 233 231 231 233 234 231 231 231 231 231 231 231 231 230 230 230 230 230 229 229 229 229 230 231 233 234 234 234 234 228 231 232 229 229 232 231 228 234 234 234 234 234 233 233 233 238 236 236 237 239 239 237 235 235 235 236 236 236 236 235 235 236 236 236 236 236 236 235 235 235 236 236 236 235 234 233 232 243 238 234 232 233 236 238 239 232 233 233 234 235 235 236 236 233 234 235 236 237 238 238 237 237 236 236 235 234 235 235 235 235 236 237 237 237 237 236 235 237 237 237 237 236 236 236 236 236 236 236 236 236 236 236 236 239 237 236 236 237 236 235 233 236 236 237 237 236 235 234 233 235 234 233 234 236 236 234 232 234 235 235 236 236 235 235 234 236 236 235 235 235 235 234 234 236 236 236 235 235 234 234 233 234 235 235 236 236 236 236 235 235 235 234 234 234 233 233 233 234 234 234 234 233 233 233 233 233 233 232 232 232 232 233 233 233 232 231 230 230 230 231 231 231 231 231 231 231 231 231 231 232 232 231 231 231 231 230 230 233 231 229 228 227 227 228 228 224 221 215 216 163 85 24 22 21 21 19 18 18 18 18 18 16 16 15 15 15 16 17 18 21 18 16 15 16 16 15 14 11 11 12 10 9 8 8 7 4 4 6 8 10 10 10 8 11 10 9 10 11 11 9 7 11 7 7 11 13 9 6 5 5 6 7 5 3 2 3 4 6 6 7 5 3 3 4 6 5 4 4 4 4 5 6 7 6 6 7 7 7 8 8 8 6 6 6 6 5 4 3 2 4 6 6 2 2 6 6 4 2 3 3 4 5 6 6 6 5 5 6 7 8 8 7 6 6 6 6 7 8 8 9 9 18 8 11 14 7 7 11 10 13 14 13 13 12 11 11 10 10 10 9 9 8 7 7 6 6 6 6 7 7 8 8 8 6 6 7 8 10 12 14 14 10 9 9 10 13 14 16 16 19 18 18 17 17 17 17 17 19 12 18 22 17 27 46 53 68 74 78 78 74 72 79 84 95 127 165 193 210 222 228 232 233 234 235 238 240 239 237 236 242 244 245 245 244 244 245 247 253 245 239 241 248 251 247 242 240 241 243 244
230 231 232 233 234 234 233 232 229 232 233 233 231 231 232 235 231 231 231 231 231 231 231 231 230 230 230 231 231 231 231 231 230 231 232 232 232 232 231 231 229 231 231 227 227 231 231 229 234 235 236 237 236 235 233 232 238 236 235 235 236 238 237 236 234 234 235 235 235 235 234 234 237 238 238 237 235 234 234 235 236 235 234 234 234 234 234 235 239 236 233 232 234 236 237 238 233 234 234 235 236 236 237 237 236 236 235 235 235 236 237 237 240 239 238 237 237 237 237 237 233 235 236 237 236 235 235 234 237 237 236 235 235 235 235 235 234 234 234 234 234 234 234 234 237 235 234 235 236 237 235 234 235 235 236 236 236 235 234 234 237 236 235 236 238 238 236 234 234 234 236 236 236 236 234 234 234 234 235 235 235 235 236 236 235 235 236 236 235 235 234 234 234 235 235 236 236 235 233 233 234 234 233 233 232 232 232 231 232 232 232 232 233 233 233 233 233 232 231 230 230 231 232 233 232 231 230 229 228 228 229 230 231 231 231 231 231 231 231 231 231 231 231 230 230 229 229 229 229 228 228 227 229 231 234 236 221 225 205 171 91 45 16 23 16 17 17 17 15 13 13 12 14 13 13 14 15 17 19 21 23 20 17 15 15 15 14 13 9 9 10 9 8 7 7 7 4 2 3 3 5 6 7 5 8 7 7 8 10 11 9 7 9 5 4 8 10 7 3 3 4 5 6 6 4 3 4 5 3 4 6 5 3 2 2 3 4 4 3 3 4 5 5 6 7 6 5 5 5 6 8 9 7 7 7 7 6 5 3 3 4 6 5 1 1 5 6 4 2 2 3 4 5 5 6 6 3 4 5 6 7 6 6 4 7 6 6 6 6 6 7 7 16 6 8 11 5 4 10 8 11 10 10 9 8 7 7 6 8 8 9 8 7 7 7 8 4 3 3 4 4 4 5 5 7 8 10 12 13 14 15 13 14 11 10 9 12 14 17 19 16 15 15 14 14 14 14 15 17 12 14 16 17 35 55 55 66 71 74 73 71 75 87 100 111 139 172 197 213 226 231 234 234 235 238 238 237 237 238 239 237 238 240 241 240 241 242 244 250 244 239 240 244 247 245 241 241 243 245 247
230 231 233 234 235 234 233 233 229 232 234 233 231 230 232 235 231 231 231 231 231 231 231 231 230 231 231 232 232 233 233 234 232 232 232 232 231 230 229 228 230 232 231 227 227 230 232 230 235 236 238 239 238 236 234 232 239 236 234 233 235 237 237 236 234 234 234 234 234 234 234 234 238 239 239 237 235 233 233 234 236 235 234 233 233 234 236 237 235 233 232 233 236 237 237 236 240 240 239 239 238 237 237 236 240 238 236 235 234 234 235 236 235 234 233 232 231 231 232 232 232 234 236 236 235 234 233 233 237 236 235 234 234 234 234 234 232 232 232 232 232 232 232 232 236 234 233 234 236 237 236 234 234 235 235 236 236 235 235 234 239 238 237 238 240 240 238 236 233 234 236 237 237 236 234 233 233 234 234 235 235 236 236 237 234 235 235 236 236 235 235 234 234 235 235 236 235 234 232 231 233 233 233 232 232 231 231 230 230 230 231 232 232 233 233 233 232 232 230 229 229 230 232 232 232 231 229 228 227 227 228 229 231 231 231 231 231 231 231 231 231 231 231 230 230 229 229 229 231 229 226 223 222 222 223 223 218 228 190 119 26 17 19 24 17 19 21 21 19 15 13 12 11 11 11 12 15 18 20 22 22 19 15 13 12 12 11 9 6 5 7 6 5 5 5 5 9 7 6 6 7 8 9 8 6 5 5 7 9 10 8 7 9 4 4 8 10 7 3 2 4 5 6 6 4 4 5 6 0 2 5 5 3 1 0 0 4 3 3 3 3 4 5 6 6 5 3 2 3 5 7 9 7 8 8 7 6 5 4 3 4 6 5 1 1 5 6 4 2 2 3 4 4 5 6 6 1 2 4 5 6 5 4 2 8 7 6 6 6 5 5 5 20 10 11 15 8 8 14 13 12 12 11 10 9 9 8 7 7 8 9 9 8 7 8 9 7 7 8 8 8 9 9 9 9 11 13 15 17 17 16 14 15 11 8 7 9 11 15 17 15 14 14 12 11 11 12 12 16 10 10 9 16 42 61 59 63 66 69 69 71 81 101 119 145 169 195 212 222 228 230 229 237 239 242 240 238 237 241 244 239 241 243 244 244 245 247 249 242 241 239 239 241 243 244 244 245 246 249 251
231 231 231 232 235 238 241 243 226 232 237 237 234 233 235 239 232 231 230 228 228 229 230 231 234 233 231 230 231 233 235 236 233 233 232 231 231 231 232 232 231 231 231 232 232 233 233 233 233 235 237 236 234 233 235 237 233 234 236 236 236 236 238 240 235 236 236 236 236 235 234 233 239 237 233 231 231 233 237 239 232 232 232 234 237 238 237 236 233 234 236 238 239 239 239 238 237 240 240 237 236 239 239 236 240 239 239 238 238 237 237 237 239 233 235 243 242 234 232 237 235 236 237 237 235 235 236 237 238 238 237 236 234 233 232 231 233 233 234 235 237 238 239 239 237 238 239 240 240 239 238 237 234 234 234 234 234 235 237 237 237 238 239 240 240 238 237 236 234 236 239 240 240 239 236 234 235 236 237 237 237 237 236 235 229 232 236 238 238 238 239 240 237 237 236 236 237 237 238 239 234 234 233 233 233 234 235 235 233 234 235 235 235 235 234 233 231 231 231 231 232 233 234 235 232 232 232 233 233 234 234 234 231 232 232 232 232 231 230 229 230 230 230 230 230 230 231 231 223 234 227 225 240 236 219 219 206 158 93 35 7 19 31 21 16 15 14 15 17 18 17 16 10 10 11 12 14 15 16 16 9 11 15 15 14 12 11 11 2 0 2 7 8 7 9 12 7 6 7 6 6 7 9 10 7 7 7 6 5 4 3 2 2 4 6 7 6 6 7 9 4 3 2 0 0 0 3 6 4 3 3 3 3 3 3 2 4 3 3 3 3 4 5 6 2 3 3 4 6 7 8 8 1 3 5 5 4 3 4 5 3 4 4 5 5 6 6 7 5 5 4 3 4 5 7 8 7 6 5 4 4 4 4 4 0 3 6 6 4 4 7 11 13 13 13 13 12 12 12 12 8 9 9 10 10 9 8 7 3 6 9 10 9 8 9 10 6 6 7 8 9 10 10 11 7 9 12 15 17 17 16 13 8 7 8 6 10 16 17 14 3 7 9 7 8 11 13 8 6 12 23 22 21 46 70 73 72 59 54 58 68 83 113 144 165 195 212 215 221 225 228 236 236 238 241 244 245 243 240 237 238 246 251 248 245 247 251 252 240 244 248 248 245 245 247 251 238 243 249 253
233 232 232 232 233 234 237 238 228 233 237 237 234 232 234 237 231 230 229 229 229 230 231 232 234 233 231 231 231 233 235 236 235 234 233 232 231 230 230 230 234 234 234 234 235 235 235 236 233 235 237 236 234 233 235 237 232 234 236 236 235 235 237 239 236 236 237 237 236 235 234 234 238 236 234 232 232 234 236 238 237 236 236 237 240 241 240 238 232 233 234 236 237 237 237 236 236 239 239 236 236 240 240 237 239 238 238 238 237 237 236 236 244 242 243 247 246 241 239 240 237 238 239 239 237 237 238 239 242 241 240 238 237 236 236 236 234 234 234 235 235 235 236 236 236 237 238 239 239 238 237 236 235 234 234 234 234 235 236 237 234 235 236 237 239 239 240 240 234 235 237 238 238 237 235 234 235 235 236 236 236 236 235 235 230 233 236 237 236 235 235 236 236 236 235 235 236 237 238 238 235 234 234 233 233 234 234 235 233 233 234 234 234 234 233 233 233 233 232 231 231 231 232 232 232 232 232 233 233 234 234 234 232 232 231 231 231 230 230 230 229 229 229 229 229 229 229 230 228 223 221 228 232 220 219 234 155 75 17 15 25 25 17 8 21 19 17 17 18 18 17 15 14 14 14 14 14 14 14 14 11 13 15 15 13 11 11 11 5 2 4 7 8 5 6 9 4 4 4 4 4 4 7 7 8 7 6 5 5 4 3 3 4 6 8 9 7 7 8 9 5 5 4 3 1 2 4 7 3 3 3 3 3 3 3 3 2 2 2 2 3 3 4 4 3 3 4 4 5 6 6 6 2 4 6 6 4 3 3 4 4 4 5 5 5 5 6 6 3 3 2 2 2 3 5 6 8 7 6 6 5 5 6 5 1 2 3 4 4 5 7 8 6 6 6 6 6 6 6 7 10 11 11 11 10 9 8 8 4 7 9 10 8 7 8 7 2 3 3 4 5 6 7 7 4 6 8 10 11 11 11 8 10 9 10 8 12 18 19 16 10 13 14 12 12 15 15 11 2 12 27 31 31 52 73 72 72 67 65 67 70 81 110 141 160 193 212 216 223 227 229 234 234 236 238 239 240 237 235 234 238 244 247 245 244 247 250 251 248 247 245 245 247 249 250 251 243 247 251 254
235 234 233 231 231 232 233 233 231 234 237 236 233 232 233 236 230 229 229 229 230 231 232 233 233 232 231 231 231 232 234 235 236 235 234 233 231 230 229 228 230 230 231 231 231 232 232 232 234 235 236 236 234 234 235 236 231 233 235 235 234 234 236 238 236 236 237 237 236 235 235 234 236 235 235 234 234 235 235 236 236 235 234 234 236 237 236 234 231 231 233 234 235 235 235 234 234 238 238 236 236 240 241 238 237 237 237 236 236 236 235 235 239 242 243 241 239 240 238 234 237 238 239 239 237 236 237 239 243 242 240 238 237 237 237 238 236 235 235 234 234 233 233 233 235 236 236 237 237 236 236 235 235 235 234 234 234 235 236 237 234 234 234 235 236 238 239 240 235 235 235 235 235 235 235 235 234 234 234 234 234 234 234 234 232 234 236 236 234 233 233 234 235 235 234 234 235 235 236 237 235 235 234 233 233 234 234 235 232 232 232 232 232 232 232 232 235 234 232 231 230 230 230 230 232 232 232 232 233 233 233 233 233 232 231 229 229 229 230 231 227 227 227 227 227 227 227 227 222 229 231 221 220 229 214 178 73 18 0 18 26 15 12 17 22 20 18 17 17 17 15 13 17 17 16 15 14 13 12 12 14 15 15 14 11 9 10 10 9 5 6 8 7 3 3 5 8 7 8 7 7 8 10 11 9 7 5 3 3 3 3 4 6 8 10 9 7 6 6 6 5 6 7 6 5 4 5 7 1 2 2 3 3 4 4 5 1 1 2 2 2 3 3 3 4 4 4 4 4 4 4 4 4 5 7 6 4 2 2 3 6 6 5 5 5 5 4 4 7 6 6 6 6 7 8 8 9 8 7 6 6 6 6 6 3 1 1 3 5 7 7 6 6 6 6 7 8 8 9 9 12 12 12 12 11 9 8 7 5 7 9 8 6 5 5 6 5 4 4 5 6 6 7 7 6 6 7 7 8 8 8 9 8 9 9 7 10 16 17 13 11 14 14 11 10 13 13 10 6 17 38 44 43 60 76 73 68 68 72 72 68 72 97 125 151 186 207 213 221 223 222 226 231 232 234 235 236 234 233 233 239 242 242 240 241 247 249 248 253 247 242 242 246 249 250 248 248 250 253 253
236 235 233 232 231 232 233 233 233 235 237 236 233 232 232 234 228 229 229 230 231 232 233 234 232 232 231 231 231 232 234 234 234 234 234 233 232 231 230 229 228 228 229 229 229 230 230 230 235 235 235 235 235 235 235 235 231 233 234 234 233 233 235 236 235 235 235 236 235 234 233 233 234 235 235 236 236 235 235 234 236 234 233 232 233 234 233 231 231 232 233 233 234 234 234 234 233 236 237 235 236 240 241 238 235 235 235 235 235 235 235 235 230 237 238 232 232 237 236 229 234 235 236 236 234 234 235 236 240 239 236 234 233 234 235 235 236 236 236 235 235 235 234 234 235 235 235 235 235 235 235 235 236 235 234 234 234 235 236 236 238 237 235 234 233 234 235 236 235 235 233 233 233 233 235 235 234 233 233 233 233 233 233 234 233 234 236 235 234 233 234 235 234 234 233 233 233 234 235 236 236 235 234 233 233 233 234 234 232 231 231 231 231 231 231 232 233 233 232 231 230 230 231 231 232 232 232 232 232 232 232 233 234 232 230 228 227 229 230 232 227 227 226 226 226 226 225 225 220 224 229 216 202 196 147 69 18 18 27 27 13 12 20 21 18 16 14 14 15 14 13 11 15 15 14 13 13 12 11 11 15 15 14 12 8 6 7 8 9 6 7 8 7 2 2 5 10 9 10 9 9 10 12 11 10 7 4 3 2 3 5 6 8 9 10 9 6 4 3 4 3 6 8 8 6 5 5 6 0 1 2 2 4 4 5 6 2 2 3 3 4 4 4 4 5 5 4 4 3 3 3 2 5 6 7 6 4 1 1 2 7 6 6 5 5 4 4 3 7 7 7 7 7 7 8 8 8 7 6 5 5 5 5 5 6 2 1 3 7 9 7 5 7 8 8 9 10 11 12 13 15 15 14 13 12 10 8 7 7 9 9 8 6 4 4 5 6 6 6 7 7 8 8 8 9 8 7 7 7 7 8 8 8 10 10 8 11 16 16 13 11 14 13 10 10 13 13 9 17 26 46 55 52 63 74 71 64 68 75 76 71 71 87 108 149 185 208 215 224 224 223 226 230 231 232 234 234 236 236 236 241 241 239 236 239 246 248 245 249 245 242 242 244 246 245 244 250 251 251 250
236 235 234 233 233 234 236 237 235 236 236 235 233 232 232 233 228 229 230 231 232 233 233 234 231 231 231 231 231 232 233 233 230 231 232 233 233 233 232 231 232 232 232 232 233 233 234 234 235 235 235 235 235 235 235 235 232 233 235 234 233 233 234 236 233 234 234 234 234 233 232 231 234 234 236 236 236 236 234 234 241 238 236 235 236 236 236 235 234 234 234 234 234 235 235 236 233 236 237 235 236 240 241 238 234 234 234 235 235 235 235 235 230 237 238 232 233 240 240 233 233 235 236 235 234 233 234 236 237 236 234 233 232 232 233 234 236 236 236 237 237 237 238 238 235 235 235 234 234 235 235 235 236 236 235 234 234 234 235 236 237 236 234 233 233 233 235 236 236 235 233 232 232 233 235 236 234 233 232 232 232 232 233 234 233 234 236 236 235 235 237 239 233 233 233 233 233 234 235 236 236 235 234 233 233 233 233 233 232 231 230 230 230 230 231 232 230 230 230 230 230 231 232 233 232 232 232 232 232 232 232 231 233 232 229 227 227 228 230 231 227 227 226 226 225 225 225 224 227 212 218 210 153 88 42 11 14 22 28 19 11 22 24 6 14 13 12 13 14 15 14 12 10 10 10 11 11 11 12 12 14 14 13 10 6 4 5 6 7 4 5 8 7 4 4 7 6 6 6 6 6 6 9 7 9 7 5 3 3 4 6 7 8 9 9 8 4 2 1 1 1 4 7 7 6 4 3 4 0 1 2 2 4 4 5 6 3 4 5 6 6 6 5 5 6 6 5 4 4 3 2 2 5 6 7 6 4 1 1 2 7 6 6 5 5 4 4 3 3 3 3 3 3 3 2 2 6 5 4 3 3 3 4 3 7 4 2 4 8 9 8 5 3 4 5 5 7 7 8 9 15 15 15 14 13 11 9 8 9 10 10 8 6 4 5 6 4 4 4 5 5 5 5 5 6 5 4 3 3 3 4 4 11 13 13 12 15 19 18 14 9 12 12 10 11 16 18 15 24 31 49 56 53 61 72 71 66 68 75 79 80 81 90 102 147 184 209 218 230 233 233 238 231 232 233 235 236 239 241 242 242 242 240 236 239 244 246 243 242 245 248 248 245 243 243 244 249 249 249 247
235 234 234 233 234 236 237 239 236 236 235 233 233 233 233 233 229 230 231 232 233 233 233 232 230 230 231 231 232 232 232 232 228 230 232 233 234 234 233 232 231 231 231 232 232 233 233 233 236 235 234 234 236 236 235 234 233 235 236 235 234 233 234 236 234 234 234 234 234 233 232 231 234 235 235 236 236 235 235 234 239 236 234 233 234 235 235 234 236 236 235 235 235 236 236 237 233 236 237 235 235 239 239 237 234 234 234 235 235 235 236 236 233 236 236 234 235 238 239 236 235 237 238 237 236 235 236 238 236 236 236 236 235 235 234 234 236 237 237 238 238 239 239 239 236 235 235 234 234 235 235 236 237 236 235 234 234 234 235 235 233 233 233 234 235 236 238 239 236 235 233 232 232 233 235 236 235 234 232 231 231 232 234 235 234 235 236 236 235 236 238 241 234 233 233 233 233 234 235 236 237 236 235 234 233 233 233 233 233 232 230 229 229 230 232 233 229 229 229 229 230 231 233 233 232 232 232 232 231 231 231 231 232 231 229 228 228 228 229 230 228 228 227 226 226 225 224 224 225 232 225 169 76 13 5 18 21 14 16 19 15 18 20 12 15 14 13 14 16 17 16 15 6 7 8 9 10 12 12 13 12 13 13 11 7 5 4 5 6 3 5 8 7 4 5 8 7 6 7 6 6 7 9 8 8 6 5 4 4 5 6 7 7 8 9 7 4 1 0 1 0 3 5 6 4 3 2 3 1 2 2 3 3 4 4 5 3 4 6 7 8 7 6 5 7 6 6 5 5 4 4 4 4 5 7 6 4 2 2 3 6 6 5 5 5 5 4 4 3 4 4 4 4 3 2 2 5 4 3 3 2 2 3 2 6 4 3 4 6 7 6 5 4 4 4 5 6 6 7 7 15 15 15 14 13 11 10 9 11 11 11 9 7 6 7 6 8 8 8 8 8 8 8 8 7 7 7 7 7 6 6 6 8 11 11 10 12 16 15 11 6 10 11 10 14 21 25 24 31 34 49 56 52 57 69 71 63 67 72 75 80 86 98 109 142 179 204 216 228 234 238 244 235 235 234 236 236 239 242 244 241 245 244 240 239 243 244 242 241 247 253 254 250 246 246 248 248 249 249 247
235 234 233 232 233 234 236 237 236 235 233 232 233 234 234 234 230 231 232 233 233 233 232 231 230 230 231 231 232 232 232 232 229 231 233 234 234 233 232 230 229 230 230 230 231 231 231 231 237 235 233 234 236 237 235 233 234 236 237 236 235 234 235 236 235 236 236 236 236 235 234 233 235 235 235 235 235 235 235 235 236 233 230 229 231 232 233 232 237 236 235 234 234 235 236 237 234 237 237 235 235 238 238 235 234 235 235 235 236 236 237 237 238 234 234 236 235 232 232 235 235 237 238 237 235 235 236 237 235 236 237 238 238 236 234 233 238 238 238 237 237 237 236 236 237 236 235 234 234 235 236 237 237 236 235 234 234 234 234 235 232 233 234 236 237 238 238 238 235 235 234 234 234 234 235 235 236 234 233 231 231 233 234 236 235 236 236 235 233 233 236 238 234 234 234 234 234 235 236 236 237 236 235 234 233 232 232 233 234 232 231 229 229 231 232 234 231 230 230 229 229 230 231 231 232 232 232 231 231 230 230 230 230 230 230 229 229 228 228 228 229 227 226 225 224 223 223 222 211 228 188 95 27 11 18 24 22 13 18 25 16 11 17 20 16 15 13 14 15 15 14 13 7 7 8 9 11 12 13 13 11 13 14 13 10 7 6 6 7 3 5 8 7 4 5 7 8 8 8 8 8 8 11 9 7 6 6 6 6 6 6 6 8 9 10 8 5 3 2 2 1 3 5 5 3 2 3 4 3 3 3 3 3 3 3 3 2 3 5 7 7 7 5 4 7 7 7 6 6 6 6 6 2 4 6 6 4 3 3 4 4 4 5 5 5 5 6 6 7 7 8 8 8 7 5 4 6 5 4 3 3 3 3 3 2 2 4 3 2 2 3 5 8 8 8 8 9 9 9 9 11 11 11 11 11 10 9 8 10 10 10 8 6 5 7 9 12 11 11 11 11 11 11 11 8 9 10 11 12 11 10 9 8 11 11 10 13 16 13 8 10 14 17 18 23 33 39 39 46 48 60 66 58 57 66 65 63 67 70 68 73 87 110 129 148 182 204 212 222 228 234 240 239 238 236 235 234 235 238 240 242 249 250 245 240 241 242 242 245 247 250 251 251 250 250 250 249 251 252 251
235 234 233 231 231 232 233 234 236 234 232 232 233 234 235 235 231 232 233 234 234 232 231 230 229 230 231 232 232 232 232 231 231 232 234 235 234 232 230 228 233 233 234 234 235 235 235 235 237 235 233 234 236 237 235 233 235 237 238 237 235 235 236 237 237 238 238 238 238 237 236 235 236 235 235 234 234 235 235 236 239 236 233 232 234 236 237 236 237 236 235 234 233 234 235 236 235 238 238 235 234 237 237 234 235 235 235 236 236 237 237 238 246 238 236 241 239 231 230 237 233 234 235 235 233 232 234 235 232 234 237 238 238 236 233 231 239 239 238 237 235 234 233 233 237 236 234 234 234 234 236 237 236 236 234 233 233 233 233 233 235 236 237 238 238 236 235 234 235 235 235 235 235 235 235 235 237 235 233 232 232 233 235 237 237 237 236 234 231 231 232 234 235 235 234 234 234 235 236 237 237 236 235 234 233 232 232 232 235 233 231 230 230 231 233 235 233 232 231 230 229 229 229 229 232 232 232 231 231 230 230 230 229 229 230 229 230 228 228 226 228 227 226 226 224 223 222 222 205 179 106 40 25 24 13 13 27 18 17 17 15 20 18 3 16 14 12 12 12 12 10 8 9 9 10 10 11 12 13 13 11 13 16 15 12 9 7 7 8 5 6 8 7 3 3 6 5 4 4 4 4 4 7 6 6 5 6 7 7 7 6 6 8 10 11 9 6 4 4 4 3 4 5 5 3 2 4 4 4 3 3 3 3 3 3 3 1 2 4 6 7 6 4 3 7 7 7 7 7 7 7 7 1 3 5 5 4 3 4 5 3 4 4 5 5 6 6 7 5 5 6 7 6 5 3 2 7 6 5 4 4 4 4 5 0 1 4 2 0 0 2 4 10 9 9 8 9 8 9 7 12 10 13 11 13 10 9 9 11 11 10 9 7 7 9 10 9 9 9 9 9 10 10 10 5 6 8 10 9 8 6 5 14 17 17 17 19 22 20 14 21 25 29 32 39 50 58 59 64 62 75 77 65 58 63 60 69 74 75 71 71 92 126 152 167 198 216 219 224 229 231 238 242 240 236 233 231 231 233 234 242 251 254 248 241 240 241 241 249 245 243 245 250 252 251 249 251 253 254 254
232 232 232 231 231 230 230 230 230 234 236 234 234 237 235 231 230 231 233 234 235 235 234 233 231 231 231 232 232 233 233 233 231 232 232 233 233 234 234 235 234 236 236 233 229 229 232 235 231 231 231 231 231 232 234 234 230 231 231 232 232 233 233 234 237 234 232 232 233 235 235 234 235 233 231 230 231 236 241 244 237 236 234 233 233 234 236 237 231 232 233 234 236 237 238 239 235 235 235 235 235 235 235 235 233 234 234 235 235 236 236 237 237 236 235 234 235 236 237 238 235 236 236 237 237 236 236 235 233 234 235 236 235 234 232 231 235 235 235 234 234 233 233 233 231 230 230 231 232 232 231 229 230 230 231 232 232 233 234 234 233 233 231 232 234 234 233 232 233 234 235 235 233 233 234 235 232 232 232 232 232 233 235 235 234 234 234 234 234 234 234 234 231 232 233 234 235 236 236 236 231 232 234 235 235 234 232 231 231 231 231 232 232 233 233 234 230 230 230 230 230 230 230 230 228 230 231 230 226 225 228 231 227 228 229 228 230 227 227 224 227 220 223 226 211 203 206 204 156 70 25 27 14 11 21 18 15 15 15 16 17 17 18 18 14 11 10 12 11 8 9 12 8 9 9 10 11 12 12 12 9 7 8 5 5 5 6 6 7 4 6 10 9 2 1 4 2 3 5 6 7 8 10 8 5 4 5 5 6 7 7 8 8 10 12 10 6 4 6 8 5 6 7 6 4 3 4 3 3 4 4 4 2 3 5 9 4 4 3 4 5 7 8 9 2 2 2 2 4 6 7 8 2 2 2 3 3 3 3 3 6 6 6 6 6 6 6 6 1 1 2 3 5 6 7 7 5 6 7 8 8 6 5 4 2 6 3 1 10 7 2 5 8 7 7 5 6 5 7 6 18 11 11 15 17 12 11 14 12 10 6 6 7 8 8 8 3 2 3 3 5 8 7 6 6 3 5 8 7 5 8 13 19 20 21 24 28 32 34 35 42 44 48 56 60 62 67 74 74 73 73 71 71 67 63 56 59 65 73 75 81 102 139 173 193 205 217 225 225 225 227 230 223 232 241 246 245 238 234 233 232 239 244 245 247 251 252 250 247 246 244 241 240 243 248 252 248 249 250 251
232 232 232 231 231 230 230 230 232 235 236 233 233 235 235 231 230 231 232 234 234 234 233 232 231 231 232 232 232 233 233 233 231 231 232 232 232 232 232 233 233 234 234 233 232 231 233 234 232 231 231 231 231 232 233 234 231 231 232 232 232 232 233 233 237 234 232 232 234 235 235 234 234 233 232 232 233 234 236 237 236 236 234 234 234 234 236 236 238 237 236 235 234 233 233 233 236 236 236 236 236 236 236 236 234 234 235 235 235 235 236 236 236 235 234 233 233 234 235 236 235 236 236 237 237 236 236 235 233 234 235 236 235 234 232 231 235 235 235 234 234 233 233 233 232 230 229 230 232 232 231 229 229 229 230 231 231 232 233 234 237 236 235 236 237 238 237 235 233 234 235 235 233 233 234 235 233 232 232 232 232 233 234 235 233 234 234 234 234 234 234 235 232 232 233 233 234 235 236 236 232 232 233 234 234 233 232 232 230 230 231 231 232 232 232 233 231 231 231 231 231 231 231 231 228 230 231 229 226 226 228 231 228 228 226 226 225 224 223 222 222 224 225 213 206 214 205 178 97 35 10 18 9 8 17 14 15 15 15 15 15 16 16 16 15 11 10 13 12 9 9 13 12 12 13 14 15 16 15 16 12 12 10 9 7 6 6 7 7 5 7 11 9 4 3 5 3 4 6 7 8 9 11 9 5 4 5 6 7 8 9 9 10 11 11 10 8 6 7 7 6 8 7 5 4 2 1 3 1 2 4 3 3 3 7 9 8 7 5 5 5 6 5 6 3 3 2 3 4 6 7 8 4 4 4 4 4 3 3 3 6 6 6 6 6 6 6 6 4 4 4 4 5 5 5 5 3 4 5 6 6 6 4 4 2 7 3 2 10 8 2 6 8 8 7 7 7 7 8 9 12 7 7 12 15 12 11 14 13 11 7 7 8 9 8 6 5 3 4 6 8 10 11 10 11 8 10 12 12 7 10 14 21 25 30 35 44 47 51 52 55 54 58 64 65 62 64 68 75 76 76 74 71 68 64 62 54 71 86 90 91 108 146 181 202 213 222 227 227 225 226 228 227 232 238 242 242 239 236 235 234 240 244 244 244 248 250 248 243 244 244 243 242 242 244 247 249 249 248 248
232 232 232 231 231 230 230 230 234 237 236 232 231 234 234 231 230 230 231 232 233 232 232 231 231 232 232 232 233 233 233 233 232 232 232 231 231 231 231 231 233 232 232 233 234 235 233 232 232 232 231 231 231 232 233 234 233 233 232 232 232 232 231 231 236 235 233 233 234 235 235 234 233 233 234 234 234 233 233 232 236 235 235 234 234 235 235 236 241 239 237 234 233 232 232 233 236 236 236 236 236 236 236 236 236 236 235 235 235 235 234 234 235 234 234 233 233 233 234 234 235 235 236 236 236 236 235 235 233 234 235 236 235 234 232 231 235 235 235 235 234 234 234 234 232 231 230 231 234 235 234 233 230 230 231 232 232 233 234 234 238 237 236 237 238 239 238 236 233 234 235 235 233 233 234 235 233 233 232 232 232 233 234 235 233 233 233 234 234 235 235 235 233 233 232 232 232 234 236 237 232 232 233 233 233 233 232 232 230 230 230 230 231 231 231 231 232 232 232 232 232 232 232 232 229 230 229 228 226 226 227 229 228 228 224 223 222 221 221 221 224 219 218 213 212 208 172 122 40 9 8 19 11 12 21 15 14 14 14 14 14 13 13 13 15 12 12 14 14 10 10 13 13 13 14 15 15 16 16 16 14 13 12 10 8 6 5 6 8 7 9 11 9 5 5 6 5 6 7 8 9 9 12 10 5 4 5 7 8 9 10 11 11 10 8 8 9 8 7 5 6 7 6 5 3 2 1 2 1 2 4 3 3 3 7 9 11 10 7 6 5 4 2 2 3 3 2 3 4 6 7 8 7 6 6 5 5 4 3 3 6 6 6 6 6 6 6 6 8 8 7 6 5 4 3 3 1 2 4 5 6 5 5 4 3 7 3 2 10 8 3 6 8 7 7 7 8 9 10 11 10 7 6 9 11 10 8 10 13 12 10 9 9 9 9 8 4 3 3 6 7 8 11 12 13 10 11 14 14 10 14 19 25 31 39 48 56 60 62 63 68 66 68 71 71 66 64 66 70 73 76 74 72 68 67 69 60 72 88 101 112 132 161 184 210 219 227 230 229 227 227 228 228 229 231 235 239 241 240 238 234 239 241 238 238 241 243 241 243 246 248 248 246 244 244 244 245 245 244 243
232 232 232 231 231 230 230 230 236 238 236 231 229 233 233 231 230 230 231 231 231 231 231 231 232 232 232 233 233 233 234 234 234 233 233 232 232 231 231 230 232 230 230 233 237 237 234 231 233 232 231 231 231 232 233 233 234 233 233 232 232 231 231 230 236 235 233 234 235 236 235 234 234 234 234 234 234 234 234 234 235 235 235 235 235 235 235 235 236 235 234 233 233 235 236 238 237 237 237 237 237 237 237 237 237 236 236 235 235 234 234 233 235 235 235 234 234 234 234 234 234 235 236 236 236 236 235 234 233 234 235 236 235 234 232 231 235 235 235 235 235 235 235 234 233 232 231 232 234 235 235 234 231 231 231 232 232 233 233 233 236 234 233 234 235 236 235 233 233 234 235 235 233 233 234 235 234 233 232 232 232 233 234 234 232 232 233 234 234 235 236 236 234 233 231 230 231 233 235 237 232 232 232 233 233 232 232 232 230 230 230 230 230 230 230 230 232 232 232 232 232 232 232 232 229 229 228 227 227 227 227 228 228 227 223 221 221 221 222 222 228 207 208 219 201 156 95 49 16 8 13 21 16 20 23 13 14 14 13 13 12 11 11 11 15 12 12 15 15 11 11 13 10 11 11 12 12 13 12 12 9 9 9 8 6 5 4 4 9 9 10 10 9 7 7 7 6 6 7 7 7 8 11 10 5 5 6 7 9 10 12 12 11 8 5 6 8 8 6 2 5 7 6 4 3 1 0 2 1 2 4 3 3 3 7 9 10 10 7 6 5 4 2 2 4 4 3 3 4 6 7 8 9 8 7 6 5 4 4 3 7 7 6 6 6 6 5 5 9 9 8 7 6 5 4 3 1 1 3 5 6 6 6 5 3 8 3 3 11 9 3 7 7 7 7 8 9 10 12 13 15 12 10 10 10 9 6 5 12 13 12 11 10 10 10 9 6 5 7 7 9 12 14 17 13 12 13 17 19 18 22 29 37 43 53 60 66 66 68 66 74 68 69 75 77 74 70 69 67 69 77 79 76 71 71 76 75 78 88 110 143 174 190 194 218 224 229 232 231 230 230 231 228 226 226 230 236 242 243 242 238 242 243 238 236 239 241 240 243 245 247 247 245 243 242 242 243 244 245 247
232 232 232 231 231 230 230 230 236 237 235 230 229 232 233 230 231 231 231 231 230 231 231 231 232 232 233 233 233 234 234 234 236 235 235 234 234 233 233 232 232 230 230 233 237 237 234 231 233 233 232 231 231 231 232 233 234 233 233 232 232 231 231 230 236 235 234 235 236 237 235 234 236 235 234 234 234 236 238 240 235 235 235 235 235 235 235 235 233 233 233 233 234 236 238 240 237 237 237 237 237 237 237 237 237 236 236 235 235 234 234 233 237 237 237 236 236 235 234 234 234 234 235 236 236 235 234 234 233 234 235 236 235 234 232 231 235 235 235 235 235 235 235 236 234 232 231 231 233 235 235 234 231 231 232 232 232 232 233 233 234 233 232 232 234 235 233 232 233 234 235 235 233 233 234 235 234 234 233 232 232 232 233 234 233 233 233 234 234 235 235 235 235 233 231 230 230 232 234 236 232 232 232 231 231 232 232 232 230 230 230 230 230 230 230 230 230 230 230 230 230 230 230 230 229 228 227 227 227 228 227 227 225 224 222 221 221 222 223 224 220 213 218 205 150 79 30 4 15 11 14 16 17 23 22 12 13 13 12 12 11 11 10 10 15 12 13 16 16 12 10 12 9 9 10 10 10 10 10 10 5 6 7 8 7 6 5 6 9 11 11 9 8 8 8 7 6 5 5 5 5 6 9 8 6 5 6 7 9 10 11 12 9 6 3 4 6 7 4 1 6 7 6 5 3 2 1 2 1 2 4 3 3 3 7 9 7 7 6 6 6 6 4 3 5 5 4 4 5 6 7 8 9 9 8 7 6 5 4 4 7 7 7 6 6 5 5 5 7 6 6 6 6 6 6 6 1 3 5 7 8 8 7 7 4 8 4 3 11 9 4 7 7 7 7 8 9 10 12 13 16 15 13 12 12 12 9 6 11 14 13 13 11 10 10 10 11 11 13 14 13 18 22 26 19 16 20 26 30 31 37 45 49 56 66 71 74 73 73 73 75 69 68 75 80 78 74 71 68 71 79 83 79 71 71 77 84 88 101 124 161 195 211 212 220 225 229 232 233 233 234 235 233 230 227 229 234 238 239 239 244 248 248 243 241 243 244 243 242 243 243 242 240 239 240 241 243 246 251 255
232 232 232 231 231 230 230 230 233 236 235 231 230 233 233 230 233 233 232 231 230 231 231 232 233 233 233 233 234 234 234 235 235 235 235 235 235 234 234 234 233 232 232 233 234 235 233 232 234 233 232 231 231 231 232 232 233 233 232 232 232 232 231 231 236 235 235 236 237 237 235 234 237 236 234 234 235 237 240 242 234 235 235 236 236 235 235 234 235 235 235 235 235 235 235 235 236 236 236 236 236 236 236 236 236 236 235 235 235 235 234 234 237 237 238 237 237 236 234 233 234 234 235 235 235 235 234 234 233 234 235 236 235 234 232 231 235 235 235 235 236 236 236 236 236 233 230 230 232 233 233 233 232 232 232 232 232 232 232 234 236 235 234 234 236 236 235 234 233 234 235 235 233 233 234 235 235 234 233 232 232 232 233 233 234 234 234 234 234 234 234 234 234 233 232 231 231 232 233 234 232 232 231 231 231 231 232 232 231 231 231 231 230 230 230 230 230 230 230 230 230 230 230 230 230 228 226 226 228 228 228 227 224 223 223 222 221 222 222 221 209 218 213 160 80 31 15 5 19 18 17 15 20 24 22 19 14 12 12 11 11 11 11 11 13 11 12 16 15 11 9 11 11 11 11 11 11 11 10 11 6 7 9 11 11 10 10 10 9 11 12 8 6 8 9 7 6 5 5 4 4 5 9 8 7 6 6 7 8 9 9 9 8 6 5 4 5 5 3 2 7 8 8 6 4 3 2 3 1 2 4 3 3 3 7 9 5 5 6 7 7 7 5 5 6 6 5 5 5 6 7 8 8 7 7 6 6 5 5 4 8 8 7 6 6 5 4 4 4 4 5 5 6 6 7 7 3 4 6 8 8 8 7 6 4 9 4 3 11 10 4 8 8 7 7 7 8 9 10 11 11 13 12 11 13 16 14 11 10 13 14 14 10 9 9 9 10 12 14 14 13 17 23 29 22 20 24 31 34 38 46 52 54 60 69 73 74 75 76 79 81 73 69 75 82 81 76 72 72 69 74 80 78 70 70 79 86 108 129 143 160 187 210 220 222 225 228 230 233 235 236 236 240 237 234 232 232 233 232 231 240 244 245 241 239 241 242 240 245 247 248 247 245 244 245 246 240 243 248 253
232 232 232 231 231 230 230 230 230 234 234 231 231 234 233 230 235 234 233 231 231 231 232 233 233 233 233 234 234 234 235 235 233 234 234 234 234 234 235 235 233 234 234 233 232 231 233 234 234 233 232 231 231 231 231 232 231 231 232 232 232 232 233 233 236 235 235 236 238 238 236 233 236 236 236 236 236 236 236 236 234 234 236 236 236 236 234 234 234 235 237 237 237 235 233 231 236 236 236 236 236 236 236 236 234 234 235 235 235 235 236 236 236 237 237 237 236 235 233 232 233 234 234 235 235 234 234 233 233 234 235 236 235 234 232 231 235 235 235 236 236 237 237 237 239 236 232 231 232 233 233 233 234 234 234 234 234 234 234 234 237 236 234 235 237 237 236 235 233 234 235 235 233 233 234 235 235 234 233 232 232 232 232 233 236 236 235 234 234 233 232 232 232 232 232 232 232 232 232 232 232 232 231 230 230 231 232 232 233 232 232 232 231 231 230 230 231 231 231 231 231 231 231 231 231 228 225 225 227 229 228 224 224 224 223 222 220 219 217 214 198 176 141 87 35 17 17 11 18 22 21 19 24 22 22 26 13 11 11 12 12 12 12 12 12 10 12 15 15 10 8 10 12 12 12 12 12 12 11 11 9 11 13 14 13 12 11 11 8 12 12 6 5 8 9 6 8 7 6 5 5 6 9 9 7 6 6 6 7 7 7 7 7 8 9 7 5 4 4 5 8 10 9 7 6 4 3 5 1 2 4 3 3 3 7 9 5 6 6 7 8 7 4 4 7 6 5 5 5 6 7 8 6 6 6 5 5 5 5 5 8 8 7 6 6 5 4 4 3 4 4 4 5 5 5 6 3 4 6 7 7 6 5 4 4 9 5 4 12 10 4 8 8 8 7 7 7 7 8 9 7 10 10 7 10 15 14 9 8 13 14 14 10 8 8 9 12 14 17 16 16 20 27 33 32 29 32 39 42 47 55 61 59 63 70 71 72 73 77 81 85 75 70 76 85 86 82 78 78 70 71 80 85 83 90 102 116 143 166 170 173 189 208 220 224 226 227 229 232 234 235 235 239 239 239 237 233 231 230 230 233 239 242 239 238 240 240 238 245 248 252 253 252 250 249 248 241 241 243 244
232 232 232 231 231 230 230 230 228 232 234 232 232 234 233 229 236 235 233 232 231 232 233 233 233 233 233 234 234 235 235 235 231 232 232 233 233 234 234 235 234 236 236 233 229 229 232 235 234 234 232 231 231 231 231 231 230 231 231 232 232 233 233 234 236 235 235 237 238 238 236 233 234 236 237 238 237 235 232 230 233 234 236 237 237 236 234 233 232 234 236 238 238 236 234 232 235 235 235 235 235 235 235 235 233 234 234 235 235 236 236 237 235 235 236 236 235 233 231 230 233 234 234 235 235 234 234 233 233 234 235 236 235 234 232 231 235 235 235 236 236 237 237 237 239 236 232 230 231 232 232 231 234 234 234 234 234 234 234 234 236 235 234 234 236 236 235 234 233 234 235 235 233 233 234 235 235 235 233 232 232 232 232 232 237 237 236 235 233 232 231 231 231 232 233 233 233 232 231 231 233 232 230 229 229 230 232 233 234 233 233 232 232 231 231 231 232 232 232 232 232 232 232 232 231 228 224 225 228 229 226 224 225 225 224 222 219 216 212 208 185 110 46 25 18 12 7 2 13 20 22 23 24 16 14 25 12 11 11 12 12 13 13 14 11 9 11 15 15 10 7 9 11 11 11 11 11 11 10 9 11 12 14 15 13 11 9 8 7 11 11 5 3 8 9 5 10 8 7 6 6 7 11 10 8 7 6 6 6 5 5 5 8 10 12 10 6 4 6 8 9 10 10 8 6 5 4 5 1 2 4 3 3 3 7 9 6 7 7 8 8 7 3 2 7 7 5 5 5 6 7 7 4 4 5 5 5 5 5 5 8 8 7 6 6 5 4 4 4 4 4 4 4 4 4 4 3 4 5 6 5 4 3 2 4 9 5 4 12 10 4 8 8 8 7 6 6 6 7 7 7 10 9 5 6 11 9 3 7 12 14 14 9 7 7 9 22 24 27 26 25 27 35 42 47 44 47 50 56 57 65 73 71 73 77 76 73 74 80 86 87 75 70 77 88 92 90 86 93 80 78 90 101 108 121 138 159 181 197 199 200 210 219 219 228 227 227 228 230 232 233 233 233 236 240 239 235 232 232 234 236 242 246 245 244 246 246 243 236 241 248 251 250 247 243 242 250 248 246 244
230 230 230 231 231 232 232 232 234 235 235 235 236 236 236 237 236 235 233 232 231 232 233 234 232 232 233 233 233 234 234 234 229 229 230 231 233 234 235 235 232 233 233 234 234 233 233 232 231 230 230 230 230 230 229 229 233 232 230 231 233 233 232 231 229 232 233 230 231 236 237 235 230 230 232 235 238 240 238 237 231 233 234 236 236 235 234 233 233 233 233 235 238 238 236 234 233 237 237 233 232 235 237 236 230 231 231 232 233 234 235 235 230 231 233 235 236 236 236 235 235 235 235 235 235 235 235 235 234 233 233 234 235 238 240 242 233 234 234 235 235 236 236 237 235 234 234 233 233 234 234 235 233 234 234 234 234 234 234 235 233 232 231 232 234 235 234 233 237 237 237 236 236 236 235 235 234 233 232 231 232 233 234 235 233 233 233 233 233 233 233 233 227 233 238 236 229 226 228 232 231 231 231 231 231 231 231 231 232 232 233 234 233 232 231 229 231 230 229 229 229 230 231 231 226 226 228 229 227 227 227 227 229 208 204 226 213 196 204 190 111 52 17 22 22 11 7 8 12 16 20 20 18 18 20 22 15 16 16 12 10 14 16 16 10 10 11 13 14 13 10 7 9 14 16 13 13 17 15 10 2 5 10 14 15 15 13 13 11 10 10 8 7 8 11 12 2 4 7 9 10 11 12 10 5 4 6 7 7 7 7 6 3 4 5 6 6 6 5 5 5 7 7 6 4 2 0 1 1 0 0 0 5 7 11 11 4 5 6 8 9 10 7 7 6 14 14 7 7 13 12 3 8 11 10 7 7 9 9 6 4 4 4 4 5 6 7 8 4 5 5 6 6 7 8 8 6 6 6 6 7 8 9 10 10 7 5 6 8 9 7 4 8 12 14 11 6 4 8 12 12 11 11 10 10 9 8 7 5 7 8 10 11 12 13 13 19 30 45 52 50 49 55 59 54 55 61 68 70 66 70 76 84 80 76 74 76 78 82 83 81 83 83 84 93 107 116 116 118 117 120 127 138 155 172 186 197 207 218 223 222 219 216 215 214 222 232 234 230 226 228 231 231 232 235 242 247 246 239 231 235 243 249 248 249 251 248 241 240 245 250 251 248 245 244 245 249 249 249 249
229 229 229 230 230 231 231 231 228 228 229 229 229 230 230 230 235 234 233 232 232 232 232 233 230 230 230 231 231 231 232 232 230 230 231 232 232 233 234 234 232 233 233 234 234 233 233 232 230 230 230 230 230 230 230 231 232 231 230 230 232 233 232 230 232 234 234 231 231 235 235 233 232 232 232 234 236 236 235 232 232 232 233 234 235 235 235 235 233 233 233 235 237 237 235 232 233 237 237 233 232 235 237 236 231 232 232 233 234 235 236 236 231 232 234 235 236 236 235 234 235 235 235 235 235 235 235 235 234 234 234 234 235 237 239 240 234 234 235 235 235 235 236 236 235 234 234 233 233 234 234 235 234 234 234 234 234 234 234 234 234 232 232 233 235 236 235 233 236 236 236 236 235 235 234 234 235 234 233 232 232 232 233 234 232 232 232 232 232 232 232 232 228 232 235 234 230 228 230 232 231 231 231 231 231 231 231 231 230 231 232 232 232 231 229 228 230 230 230 230 230 230 230 230 227 227 227 227 225 225 224 224 226 225 218 218 209 208 194 134 64 25 7 14 15 11 12 15 13 16 18 18 18 19 21 21 14 16 16 12 11 14 16 14 10 10 11 12 14 13 10 8 4 8 10 7 8 11 9 5 2 5 8 11 12 12 11 11 8 8 9 8 7 8 9 10 2 3 5 7 8 7 9 6 7 6 6 6 6 6 6 6 5 5 6 6 6 6 5 4 5 7 7 6 4 2 1 1 0 0 0 0 2 4 7 7 4 5 6 7 8 8 5 5 1 9 9 3 3 9 8 1 3 6 6 2 2 5 4 1 2 2 1 1 1 2 3 3 6 6 6 5 4 4 4 3 7 6 6 5 5 5 6 6 10 7 5 6 8 8 6 4 1 4 7 6 4 4 8 12 11 11 10 10 10 10 8 8 7 8 7 7 7 9 13 14 17 30 47 55 56 54 60 65 64 62 65 72 73 69 70 74 82 81 81 82 84 84 84 83 84 88 90 95 107 125 140 142 144 145 150 158 168 182 199 210 206 213 220 226 226 224 221 219 217 223 230 232 230 228 228 229 232 234 237 242 245 244 239 234 233 237 238 236 238 242 241 235 237 240 244 245 244 244 245 248 248 247 246 245
228 228 229 229 229 230 230 230 229 230 230 230 231 231 231 231 233 233 233 233 233 232 231 231 230 230 230 231 231 231 232 232 232 232 232 232 232 232 232 232 232 233 233 234 234 233 233 232 229 229 229 230 231 231 232 232 232 231 230 230 232 233 232 230 234 236 235 231 231 234 234 232 235 234 233 233 234 234 231 229 232 232 232 233 234 235 236 237 235 234 234 234 236 236 234 232 233 237 238 234 232 235 236 235 233 233 234 235 235 236 236 237 233 233 234 235 235 235 234 233 235 235 235 235 235 235 235 235 235 235 235 234 235 236 237 238 236 236 235 235 235 235 234 234 236 235 235 234 234 235 235 236 237 236 236 235 235 234 234 233 235 233 232 233 235 236 236 234 235 235 235 234 234 234 233 233 236 235 234 232 232 232 232 232 231 231 231 231 231 231 231 231 231 231 231 230 230 231 232 233 231 231 231 231 231 231 231 231 230 230 230 230 230 229 228 227 228 229 230 231 231 230 229 228 229 226 225 223 222 222 221 221 209 218 215 216 208 203 172 95 36 19 15 18 13 12 14 12 13 14 14 16 19 19 20 17 12 15 17 14 12 14 14 12 10 10 10 12 14 13 11 8 5 8 9 8 8 11 9 6 4 5 7 8 8 8 8 8 5 6 9 9 8 7 8 7 4 4 6 7 7 6 8 5 9 7 6 6 6 6 6 7 7 7 7 7 6 5 4 3 5 7 7 6 4 2 1 2 5 2 2 1 5 7 9 9 5 6 6 6 6 6 3 3 1 5 5 1 1 7 7 1 5 8 7 4 3 6 6 3 6 6 5 4 4 4 5 5 4 4 4 4 4 4 3 3 8 7 6 4 4 3 3 3 9 7 6 6 7 7 6 4 1 4 7 8 7 7 11 14 9 9 10 10 10 10 10 10 10 10 6 5 4 7 12 14 20 34 52 60 61 60 64 67 68 65 66 73 75 73 72 72 74 76 80 83 84 83 82 82 88 95 102 113 130 152 170 176 177 178 183 188 196 204 216 223 219 221 224 228 230 232 229 226 222 224 227 230 230 230 228 227 233 236 241 243 242 240 239 238 240 239 235 233 235 240 240 237 241 242 243 242 242 243 246 249 244 244 243 242
230 230 230 230 230 230 230 230 232 232 232 233 233 234 234 234 232 232 234 234 234 232 231 229 232 232 233 233 233 234 234 234 233 233 233 232 232 231 231 231 232 233 233 234 234 233 233 232 228 229 229 230 231 232 233 233 234 232 231 232 233 234 233 231 233 236 235 231 231 235 235 233 236 234 233 233 234 234 232 230 233 232 232 232 233 235 237 239 238 236 235 235 236 236 234 232 234 238 238 234 232 234 236 235 235 235 235 236 236 237 237 237 234 234 234 234 234 234 233 233 236 236 235 235 235 235 234 234 236 236 235 235 235 235 235 235 237 236 236 235 235 234 234 233 236 235 235 234 234 235 235 236 238 237 236 236 234 234 233 232 235 234 233 234 236 237 236 235 234 234 234 233 233 232 232 232 236 235 234 233 232 231 231 231 231 231 231 231 231 231 231 231 233 230 227 228 231 233 234 232 231 231 231 231 231 231 231 231 230 230 230 230 230 229 229 228 227 229 231 232 232 230 228 225 228 225 224 222 222 222 221 222 223 218 217 218 176 122 85 37 29 24 25 22 14 14 15 6 13 10 10 12 19 21 19 16 12 15 17 14 13 14 13 10 11 10 10 11 13 13 11 9 7 9 9 9 9 10 9 8 8 7 7 7 6 6 6 8 4 6 10 11 10 9 8 6 8 8 9 9 8 8 9 6 8 6 5 5 6 7 8 9 9 9 9 8 6 5 3 2 6 8 8 6 5 3 1 2 8 5 5 4 7 8 10 9 7 7 6 5 5 4 2 1 1 5 5 2 3 8 9 5 7 9 9 6 5 8 8 5 9 8 7 6 5 5 6 6 1 1 2 4 5 6 8 8 7 7 6 5 4 4 5 5 8 7 6 6 6 6 5 5 5 7 9 10 8 8 9 11 8 9 9 10 10 11 10 11 11 11 9 7 7 9 12 14 25 38 56 66 66 63 64 67 71 69 70 76 81 84 82 78 79 80 83 84 85 89 92 95 101 113 126 140 158 182 198 203 203 205 209 212 213 216 220 224 230 229 228 230 234 235 233 230 228 226 225 227 230 231 229 226 233 238 243 243 239 237 239 242 247 243 238 236 239 242 242 239 250 249 248 247 246 245 246 247 244 244 244 245
232 232 232 232 232 232 232 232 228 228 228 229 229 230 230 230 231 232 233 234 233 232 230 229 232 232 233 233 233 234 234 234 234 234 233 232 232 231 230 230 232 233 233 234 234 233 233 232 229 229 230 231 232 233 233 234 235 234 232 233 235 235 234 233 231 234 234 231 232 237 238 236 235 234 233 233 235 236 236 235 233 233 232 232 233 235 237 238 240 238 236 236 237 237 236 234 234 238 238 234 232 234 235 234 236 236 236 236 236 237 237 237 235 235 234 234 234 234 234 234 236 236 236 235 235 234 234 234 235 235 235 235 235 234 234 234 237 236 236 235 235 234 234 233 236 235 235 234 234 235 235 236 238 237 236 236 234 234 233 232 235 234 233 234 236 237 236 235 234 234 233 233 232 232 232 232 235 235 235 234 233 232 231 230 233 233 233 233 233 233 233 233 234 230 226 227 231 234 234 232 231 231 231 231 231 231 231 231 232 231 231 230 230 230 230 230 228 229 231 232 231 229 227 224 227 224 223 223 221 221 221 221 220 213 211 198 120 41 20 5 19 19 20 16 13 19 21 8 13 10 10 12 18 20 18 15 12 15 17 14 12 13 12 9 12 11 10 11 12 13 11 9 6 5 5 6 7 7 6 7 11 10 9 8 6 6 7 9 5 7 11 13 12 10 9 7 9 9 9 8 7 7 9 7 5 4 5 6 7 9 11 12 9 9 9 8 6 4 2 1 6 8 8 7 5 3 2 3 5 2 1 0 3 4 6 5 8 8 6 5 4 4 1 1 3 5 5 4 5 8 9 7 4 7 7 4 3 6 6 2 6 5 4 3 2 2 2 3 2 3 4 5 6 8 8 9 6 6 6 6 6 7 8 9 6 7 7 6 5 5 5 5 2 4 6 7 6 6 6 7 8 9 9 10 10 11 10 11 11 12 12 12 12 12 13 13 23 39 58 68 68 64 66 68 73 74 77 83 90 91 89 84 93 92 92 90 92 100 111 120 126 140 156 172 187 205 217 221 220 222 224 224 225 224 227 229 235 232 230 230 234 236 234 232 233 229 225 226 229 231 229 226 232 238 243 242 238 236 239 243 244 240 237 238 240 239 238 236 250 250 250 250 250 249 248 247 247 247 248 248
234 234 233 233 233 232 232 232 227 228 228 228 229 229 229 229 232 232 232 232 232 231 230 230 230 230 230 231 231 231 232 232 233 233 233 232 232 231 231 231 232 233 233 234 234 233 233 232 230 230 231 231 232 233 233 233 235 233 232 233 234 235 234 233 231 234 234 232 233 238 239 237 235 233 232 233 236 238 238 237 234 234 233 233 233 234 235 236 239 237 235 235 236 237 237 236 235 239 239 234 232 234 235 234 236 236 236 236 236 236 236 236 235 234 233 233 233 234 235 235 237 237 236 235 235 234 233 233 234 234 235 235 235 235 234 233 236 236 235 235 235 235 234 234 236 235 235 234 234 235 235 236 237 236 236 235 235 234 234 233 235 233 232 233 235 236 236 234 234 234 234 233 233 232 232 232 234 234 234 234 234 232 231 230 233 233 233 233 233 233 233 233 233 230 228 229 232 234 232 230 231 231 231 231 231 231 231 231 233 232 231 230 230 230 230 230 229 229 230 230 230 228 226 224 225 223 223 223 221 219 218 217 208 206 193 158 78 23 24 15 24 21 20 15 12 20 23 9 13 12 13 13 15 17 17 15 11 15 17 13 10 12 12 10 12 11 10 10 12 12 11 10 10 7 7 9 9 8 8 11 12 11 10 9 8 8 8 9 6 8 12 13 12 11 9 8 7 6 6 5 5 5 7 5 4 4 6 8 9 10 10 10 8 8 7 6 5 3 2 1 7 9 8 7 6 4 2 3 5 3 2 1 4 5 7 6 9 8 6 5 4 4 3 3 4 4 3 3 3 5 6 6 6 9 9 6 5 8 7 4 7 6 5 5 4 4 5 5 8 8 7 7 6 5 4 4 6 6 6 6 7 8 9 10 5 7 7 6 4 3 4 6 1 3 6 9 10 11 11 11 9 9 10 10 10 10 10 10 10 12 13 14 14 14 15 14 19 36 56 68 70 68 70 75 72 78 85 89 94 95 91 84 97 95 94 91 95 107 124 138 150 163 180 191 200 212 219 221 222 223 226 226 227 229 232 236 238 236 234 232 232 234 234 234 236 231 226 225 227 229 228 227 230 235 241 241 238 237 239 243 242 240 240 243 242 238 237 239 243 243 244 247 250 252 250 249 250 249 249 249
233 233 233 232 232 231 231 231 231 231 231 231 232 232 232 233 233 232 231 231 230 230 231 231 230 230 230 231 231 231 232 232 233 232 232 232 232 232 232 231 232 233 233 234 234 233 233 232 231 232 232 232 232 232 232 232 233 232 230 231 233 233 232 231 233 235 235 232 233 237 238 236 235 233 231 232 234 236 237 237 234 234 235 235 235 234 233 232 237 235 232 233 234 236 236 236 235 239 239 234 231 233 235 233 236 236 236 235 235 235 235 235 234 233 232 232 233 234 236 237 237 237 236 235 235 234 233 233 232 233 234 235 236 235 234 233 234 234 235 235 235 235 236 236 236 235 235 234 234 235 235 236 235 235 235 235 235 235 235 235 234 232 232 233 235 236 235 233 235 234 234 234 233 233 233 233 232 233 234 234 234 233 232 231 232 232 232 232 232 232 232 232 232 231 231 231 232 232 230 229 231 231 231 231 231 231 231 231 232 231 229 228 228 228 229 230 230 230 229 229 228 227 226 225 224 223 223 223 219 214 208 205 205 181 140 99 44 18 26 9 30 26 26 22 13 15 20 13 13 14 17 15 14 13 16 17 12 16 16 11 9 11 12 10 13 11 9 10 11 12 11 10 13 9 8 11 12 9 9 14 10 10 10 10 9 8 8 9 6 8 10 11 11 9 9 8 7 6 6 5 4 5 8 7 5 6 9 11 11 10 7 6 5 6 5 5 4 2 1 0 7 9 9 7 6 4 2 3 6 3 3 2 6 7 9 8 9 9 6 5 5 6 5 5 6 5 3 3 3 3 4 6 8 11 10 7 7 9 9 6 8 8 7 7 7 8 9 9 9 8 7 6 4 3 2 1 7 6 6 5 6 6 7 8 4 6 8 6 4 2 4 6 6 8 10 13 15 15 14 12 11 11 10 10 10 10 8 8 10 12 11 12 12 14 16 17 21 37 57 68 69 70 74 78 77 88 99 104 108 109 106 99 110 111 112 112 117 129 147 159 175 187 198 202 206 215 221 223 224 225 226 225 226 230 236 239 238 238 238 236 233 233 234 237 237 233 228 225 225 226 228 228 227 232 237 240 239 238 239 241 244 243 246 248 244 239 241 248 242 241 240 242 247 251 251 251 248 247 247 246
232 232 232 231 231 230 230 230 230 230 230 231 231 232 232 232 234 233 231 229 229 230 231 232 232 232 233 233 233 234 234 234 232 232 232 232 232 232 232 232 232 233 233 234 234 233 233 232 233 233 232 232 232 232 232 231 231 230 228 229 231 231 230 229 235 238 237 233 233 236 236 234 235 233 230 230 232 234 235 234 234 235 236 236 235 234 232 230 234 232 230 230 232 234 235 235 236 239 239 234 231 233 234 233 235 235 235 235 235 235 235 235 233 232 232 232 233 235 237 238 237 237 236 235 235 234 233 233 231 232 234 235 236 235 234 234 233 234 234 235 235 236 236 237 236 235 235 234 234 235 235 236 234 235 235 235 235 235 235 236 233 232 231 232 234 235 234 233 235 235 235 234 234 234 233 233 231 232 233 234 235 234 233 232 231 231 231 231 231 231 231 231 230 231 232 232 231 229 228 228 231 231 231 231 231 231 231 231 232 229 228 227 226 227 228 228 231 230 229 228 227 226 226 225 222 222 224 221 217 210 202 198 164 111 56 37 18 14 27 13 19 17 23 22 11 13 20 20 15 18 19 18 14 14 15 18 15 17 16 10 7 10 12 11 13 11 9 9 11 12 12 11 10 4 3 7 8 5 5 11 8 9 10 10 9 8 8 8 5 7 9 9 8 8 8 7 9 8 7 7 7 8 11 10 6 8 11 13 12 8 4 2 4 4 4 4 3 2 1 1 5 9 9 9 6 4 4 5 3 1 0 0 2 3 6 5 9 8 6 4 6 5 6 7 9 7 4 4 4 3 5 7 3 6 6 2 2 5 4 1 4 4 4 4 4 5 7 7 5 5 5 4 4 3 3 3 8 7 6 5 4 4 4 4 4 6 8 7 3 2 4 6 9 9 10 11 12 10 7 4 12 11 11 10 10 9 8 7 11 11 9 8 9 12 17 20 26 39 58 69 69 69 73 78 88 104 120 127 130 134 131 125 135 139 145 150 156 167 180 192 200 210 215 216 217 222 229 232 234 233 231 228 229 231 238 242 237 240 240 238 233 232 235 238 238 235 230 225 223 224 227 230 225 229 235 239 240 240 239 239 243 243 245 246 241 235 241 252 249 244 240 240 244 249 251 251 244 243 245 245
234 233 231 230 230 231 233 234 230 231 231 232 232 233 233 234 233 233 233 233 233 233 233 233 230 231 232 234 234 233 232 231 230 231 232 233 234 235 235 235 237 236 234 233 233 234 236 237 231 231 231 232 232 233 233 233 232 231 231 231 232 234 236 237 237 237 237 236 236 236 235 235 235 236 237 237 237 237 236 235 231 234 237 237 236 235 235 236 237 233 230 231 234 238 239 238 233 233 233 234 234 235 235 235 234 234 234 235 235 236 236 236 229 230 232 234 234 233 234 234 231 234 236 234 235 239 240 237 236 236 236 235 235 234 234 234 233 233 233 234 234 235 235 235 231 232 233 233 234 234 233 233 233 234 234 235 235 236 236 237 232 232 232 232 232 232 232 232 232 232 232 233 233 234 234 234 234 234 234 233 233 232 232 232 231 231 231 231 231 231 231 230 226 225 226 227 228 229 231 234 229 229 230 230 231 231 231 231 233 230 228 226 227 228 230 231 226 227 228 229 227 226 226 227 214 210 220 222 214 205 190 169 83 43 18 18 20 22 20 13 14 19 21 19 17 19 18 14 15 15 15 17 17 18 19 18 12 12 14 15 14 14 12 11 10 9 8 7 7 8 9 11 5 6 7 6 5 5 6 9 4 2 1 1 3 5 6 6 4 6 7 8 9 10 11 11 6 9 12 11 10 7 7 7 6 4 6 11 11 7 6 7 3 3 5 6 6 7 7 7 1 4 9 9 6 4 6 9 9 4 3 8 8 4 5 10 3 3 4 4 6 5 5 5 1 4 6 6 4 3 6 8 3 5 8 8 6 4 3 4 6 6 6 6 6 6 6 6 4 4 4 5 6 7 8 9 7 6 5 6 8 9 8 7 0 2 7 9 8 6 5 5 7 8 9 9 7 6 8 9 11 16 17 15 15 16 13 8 10 7 6 9 11 12 17 22 19 37 61 72 72 73 87 99 107 124 148 165 175 178 171 162 168 176 187 195 197 200 206 212 221 222 224 224 225 229 234 238 235 234 232 230 229 230 234 237 234 236 238 237 234 232 232 232 231 233 235 235 232 230 229 230 225 228 235 241 245 247 247 246 238 243 246 243 241 243 246 245 242 240 238 237 239 244 250 253 245 245 250 250
234 233 231 230 230 231 233 234 231 231 232 232 232 232 233 233 232 232 232 232 232 232 232 232 230 231 232 233 233 233 232 231 231 231 233 234 235 235 235 235 236 235 234 234 234 234 235 236 231 231 231 232 232 233 233 233 229 230 233 235 235 235 234 233 237 236 236 236 235 235 235 234 235 235 235 235 235 235 235 235 232 234 236 236 235 234 235 236 237 234 231 231 234 237 238 238 233 233 233 234 234 235 235 235 234 234 234 235 235 235 236 234 232 231 233 233 234 233 235 235 232 236 237 234 235 238 238 236 236 236 236 235 235 234 234 234 233 233 233 234 234 235 235 235 235 235 236 237 237 237 237 237 234 234 235 235 235 235 235 236 233 233 233 233 233 233 233 233 232 232 232 233 233 234 234 234 234 234 234 233 233 232 232 232 231 231 231 231 231 231 231 230 226 224 225 226 226 228 230 231 229 229 230 230 231 232 234 234 233 230 228 227 227 227 228 229 223 223 223 223 222 219 221 220 227 215 216 217 205 184 151 117 58 28 14 18 19 19 18 12 16 20 21 19 20 23 23 21 16 16 16 17 17 17 16 16 10 12 14 15 15 14 13 11 17 16 15 15 15 15 15 16 9 11 12 12 11 10 11 13 8 6 3 2 3 6 7 8 6 8 9 9 10 11 11 11 8 11 14 13 13 11 11 10 9 5 9 13 12 7 5 7 5 5 6 6 7 7 9 9 1 4 9 9 6 5 7 10 10 5 5 8 8 5 5 10 3 3 4 5 5 5 4 4 1 4 6 5 3 3 5 7 5 7 9 8 6 5 4 5 5 5 5 5 5 5 5 5 8 7 7 8 9 10 11 12 6 5 4 5 7 8 7 6 0 3 6 8 7 6 6 6 7 9 10 9 8 7 8 10 8 13 14 13 13 15 12 8 10 8 7 11 13 13 17 21 23 39 61 72 73 79 90 103 124 144 170 187 195 198 193 186 189 195 203 206 207 211 217 222 227 228 229 229 231 234 240 243 235 234 232 229 227 228 232 235 235 236 236 235 234 234 236 238 235 233 233 234 236 235 232 228 229 231 234 238 242 245 247 248 239 245 247 243 241 244 246 245 244 244 244 244 245 246 248 249 247 248 249 250
234 233 231 230 230 231 233 234 233 233 232 232 232 232 231 231 232 232 232 232 232 232 232 232 231 232 232 233 233 232 231 231 231 231 233 234 235 235 235 234 235 235 234 234 234 234 235 235 231 231 232 232 232 232 233 233 226 229 234 238 238 236 233 230 236 235 235 235 234 234 234 233 236 235 233 233 233 233 235 236 232 233 234 233 232 232 234 236 236 234 232 232 234 237 238 237 234 234 234 234 235 235 235 235 234 234 234 234 235 235 235 234 234 232 233 232 232 232 235 235 233 236 237 234 235 238 238 235 236 236 236 235 235 234 234 234 233 233 234 234 234 234 235 235 235 236 237 238 238 238 238 238 235 235 235 235 234 234 234 234 233 233 233 233 233 233 233 233 232 232 233 233 233 233 234 234 234 234 234 233 233 232 232 232 231 231 231 231 231 231 231 230 228 227 226 226 227 227 228 229 230 230 231 231 232 232 232 232 230 229 228 227 227 226 226 225 227 224 224 224 224 223 224 223 216 211 217 215 187 144 94 50 32 15 14 23 21 19 19 14 17 20 20 17 19 22 22 19 14 14 15 15 16 15 13 12 8 10 14 16 17 15 13 11 15 15 15 15 14 13 12 12 8 10 12 12 11 10 10 11 13 10 6 5 5 7 7 8 9 11 10 10 10 9 10 10 3 5 8 9 9 9 9 8 11 7 10 14 13 7 5 6 7 7 8 8 7 7 9 9 1 4 8 9 6 5 6 8 9 6 5 7 7 5 6 9 4 4 5 5 5 4 3 3 2 4 5 5 4 3 5 6 6 8 9 9 7 5 5 6 4 4 4 4 4 4 4 4 5 5 5 5 6 7 8 9 6 4 3 4 6 7 6 5 2 4 6 6 5 5 7 8 8 10 11 10 9 8 9 11 5 9 11 10 11 13 11 8 10 9 9 14 15 15 17 21 26 39 59 70 73 81 94 107 133 156 184 201 207 209 208 204 211 213 216 215 215 219 225 229 230 231 233 232 234 236 242 244 237 235 234 231 229 230 233 235 238 238 237 235 234 235 238 241 238 233 230 233 239 240 234 228 232 232 233 234 237 241 244 246 241 245 247 243 242 245 246 245 247 248 249 250 249 248 246 245 247 248 248 248
233 232 232 231 231 232 232 233 234 233 233 232 232 231 231 230 231 231 231 231 231 231 231 231 232 232 233 232 232 232 231 231 230 230 231 232 233 233 233 232 235 234 234 234 234 234 234 235 232 232 232 232 232 232 232 232 227 230 234 237 238 236 232 230 235 235 234 234 234 233 233 233 236 234 232 231 231 232 234 236 232 233 233 232 231 231 234 237 235 234 233 233 234 236 237 237 234 235 235 235 235 235 235 235 233 233 234 234 234 235 235 233 234 232 231 230 230 230 234 234 232 235 237 234 235 238 239 236 236 236 236 235 235 234 234 234 234 234 234 234 234 234 234 234 233 233 234 235 236 235 235 235 236 236 235 235 234 233 233 233 234 234 234 234 234 234 234 234 233 233 233 233 233 233 233 233 234 234 234 233 233 232 232 232 231 231 231 231 231 231 231 230 229 228 227 226 226 226 226 227 231 231 232 231 232 232 232 231 228 227 228 227 227 224 223 220 228 225 224 222 221 216 215 211 211 200 191 169 122 75 39 12 21 14 21 29 23 20 22 19 17 19 20 18 18 21 18 13 15 17 17 17 15 13 12 10 7 10 13 16 17 16 13 11 10 11 12 12 11 9 8 6 8 10 13 13 12 11 10 11 13 11 9 9 8 8 6 5 9 11 10 9 8 8 8 8 2 3 5 5 7 8 8 7 9 5 9 13 12 7 6 7 9 9 9 8 8 7 9 9 2 5 8 9 7 5 5 7 7 6 5 6 6 5 6 7 5 5 5 5 4 3 2 2 5 5 6 6 5 5 6 6 5 7 8 7 5 4 5 6 4 4 4 4 4 4 4 4 4 4 3 3 4 5 6 7 7 6 5 5 7 8 7 5 4 5 5 5 4 5 8 10 9 10 12 11 9 9 10 11 3 8 9 8 10 13 12 9 11 10 11 16 17 16 18 20 27 38 55 66 70 80 95 108 134 160 190 206 211 212 214 213 219 220 221 222 222 223 227 230 231 233 234 233 235 236 241 243 239 238 237 235 232 232 234 237 238 239 239 237 235 235 236 238 236 233 232 234 238 239 235 231 231 231 232 233 235 238 240 241 240 244 245 242 242 245 246 243 248 248 248 248 248 247 246 245 247 247 247 247
232 232 232 232 232 232 232 232 234 233 233 232 232 231 231 230 231 231 231 231 231 231 231 231 234 233 233 232 231 231 231 231 228 229 230 231 231 231 230 230 233 234 234 234 234 234 234 233 232 232 232 232 232 232 232 232 231 232 233 234 234 234 233 233 235 235 234 234 234 233 233 233 235 234 232 230 230 232 234 235 232 233 233 232 231 231 234 237 234 235 235 235 234 235 236 237 236 235 235 235 235 235 235 235 233 233 233 234 234 234 235 233 232 230 230 228 228 229 233 234 230 233 235 234 235 240 241 238 236 236 236 235 235 234 234 234 234 234 234 234 234 234 234 234 231 232 233 234 234 234 234 233 235 235 235 234 233 233 232 232 234 234 234 234 234 234 234 234 233 233 233 233 233 233 233 233 234 234 234 233 233 232 232 232 231 231 231 231 231 231 231 230 229 228 227 226 226 225 228 228 231 231 232 231 231 230 230 230 226 224 226 224 225 221 220 218 221 218 219 217 216 211 204 199 211 168 120 77 36 16 14 11 23 19 26 31 22 19 23 20 16 19 23 23 26 28 23 15 18 20 19 18 15 12 10 8 9 11 14 16 16 15 13 11 12 12 13 14 13 12 10 9 12 14 16 16 15 15 15 16 11 11 12 13 11 9 3 0 7 8 7 6 7 5 5 4 7 6 7 8 9 10 10 9 5 2 6 11 12 8 7 9 9 9 9 8 8 7 9 9 4 6 8 8 7 5 5 5 6 7 6 5 5 6 7 6 5 5 5 5 4 3 2 2 8 7 7 7 7 7 7 6 4 5 6 5 3 2 3 5 6 6 6 6 6 6 6 6 8 7 7 7 7 8 9 9 9 8 7 7 9 9 8 6 5 6 6 5 4 5 9 12 9 10 12 11 9 9 10 11 4 8 10 9 10 14 14 11 12 11 12 17 17 16 18 20 25 36 52 62 66 77 95 110 137 164 193 209 214 216 219 221 219 221 223 226 226 226 227 230 231 232 233 232 233 234 237 239 238 238 237 235 232 232 233 235 237 239 241 241 238 234 232 232 231 233 235 237 237 236 236 236 231 232 235 237 238 239 239 239 239 242 242 240 242 246 246 243 247 246 244 242 242 244 246 248 248 247 247 246
232 232 232 232 232 232 232 232 233 233 232 232 232 232 231 231 232 232 232 232 232 232 232 232 235 234 233 231 231 231 231 231 229 229 230 230 231 230 230 229 233 233 234 234 234 234 233 233 233 233 232 232 232 232 231 231 235 234 232 231 231 232 234 235 236 235 235 235 234 234 234 233 234 234 232 231 231 232 234 234 232 233 234 233 232 232 234 236 234 235 236 236 234 234 235 236 236 236 236 236 235 235 235 235 232 233 233 233 234 234 234 232 230 229 229 229 230 231 234 234 230 234 236 234 235 239 240 238 236 236 236 235 235 234 234 234 235 235 234 234 234 234 233 233 233 234 235 236 236 236 235 235 234 234 234 234 233 233 233 233 233 233 233 233 233 233 233 233 234 234 233 233 233 233 232 232 234 234 234 233 233 232 232 232 231 231 231 231 231 231 231 230 229 227 227 226 225 225 227 228 231 230 231 230 230 229 228 227 224 223 223 221 221 220 219 217 214 216 219 222 223 217 205 196 155 100 49 22 11 16 25 24 26 21 24 25 17 17 21 16 17 21 24 28 34 38 33 26 22 21 21 17 14 11 9 8 10 13 14 14 14 13 12 11 11 12 13 13 13 13 12 12 12 13 13 12 11 12 13 15 12 12 13 14 13 10 4 1 6 6 6 5 6 5 4 4 8 6 6 6 8 9 9 7 3 0 5 10 11 8 8 10 7 7 8 8 7 7 9 9 6 7 8 8 7 6 4 3 5 7 6 3 3 6 7 5 4 4 5 5 5 4 3 3 9 7 6 6 7 8 6 5 4 5 5 3 1 1 2 4 6 6 6 6 6 6 6 6 6 6 5 5 5 6 6 7 11 9 8 8 9 10 8 7 5 6 6 5 5 6 9 11 8 10 11 10 9 8 9 11 6 10 11 9 10 15 15 12 13 12 11 15 16 15 17 20 24 38 55 63 65 73 93 111 139 165 195 210 216 218 221 222 223 224 227 229 230 231 232 232 231 233 234 233 234 234 236 236 236 236 236 233 231 230 230 232 235 239 242 243 240 235 232 230 230 234 238 239 238 237 238 240 234 236 238 241 242 243 243 242 238 241 241 240 243 248 248 244 248 245 241 239 239 243 248 251 248 248 247 245
231 232 232 233 233 232 232 231 231 231 232 232 232 232 233 233 232 232 232 232 232 232 232 232 236 234 233 231 230 230 231 231 231 231 232 232 232 232 231 230 232 233 234 234 234 234 233 232 233 233 233 232 232 231 231 231 235 234 232 231 231 232 234 235 237 236 236 236 235 235 235 234 234 234 234 233 233 234 234 234 232 234 236 236 235 234 235 236 233 235 237 237 234 233 234 236 237 237 237 236 236 235 235 235 232 232 233 233 233 234 234 232 229 228 231 232 233 234 236 236 234 237 238 235 234 237 237 234 236 236 236 235 235 234 234 234 235 235 235 234 234 233 233 233 234 235 236 236 237 237 236 236 232 233 233 233 233 233 234 234 233 233 233 233 233 233 233 233 234 234 234 233 233 232 232 232 234 234 234 233 233 232 232 232 231 231 231 231 231 231 231 230 228 227 226 225 227 227 228 228 230 230 229 228 227 226 226 225 223 221 220 217 219 217 219 218 212 210 209 203 193 172 147 130 66 35 19 22 26 29 31 26 26 18 19 20 16 20 22 13 21 20 20 21 28 34 31 25 24 22 18 13 9 7 5 7 13 15 14 13 12 12 12 12 10 10 9 10 10 12 13 13 9 9 8 7 5 7 10 13 16 15 14 13 12 11 8 6 5 6 6 5 5 4 6 5 8 5 3 3 6 8 7 4 5 2 6 11 12 8 8 9 5 5 6 6 7 7 9 9 7 7 7 8 8 6 3 1 4 7 7 2 2 7 7 4 4 4 5 6 6 6 5 5 9 6 4 5 7 7 5 3 5 6 5 4 2 1 3 5 5 5 5 5 5 5 5 5 4 4 3 2 2 3 3 4 11 9 7 8 9 9 7 6 4 6 7 7 6 6 9 11 7 9 10 9 8 7 8 10 7 10 11 8 9 14 14 12 14 12 10 13 14 13 17 20 25 42 62 69 66 73 95 115 143 167 195 210 218 221 224 224 230 229 228 229 230 234 235 235 235 236 238 237 235 234 238 237 238 238 238 236 233 231 231 233 236 238 241 242 240 238 236 236 235 236 238 240 242 243 242 241 236 236 237 238 240 242 244 245 239 241 241 241 246 252 252 248 250 248 244 241 242 245 249 252 245 246 247 248
231 232 232 233 233 232 232 231 230 231 231 232 232 233 233 234 233 233 233 233 233 233 233 233 236 235 233 231 230 230 231 231 233 233 234 234 234 233 232 232 231 232 234 235 235 234 232 231 233 233 233 232 232 231 231 231 234 233 233 233 233 233 233 233 237 237 237 236 236 236 235 235 233 234 234 235 235 234 234 233 231 234 237 237 236 235 235 236 233 235 238 237 234 233 234 236 237 237 237 236 236 235 235 235 232 232 232 233 233 234 234 232 228 229 233 235 237 237 239 239 237 240 240 235 234 235 234 231 236 236 236 235 235 234 234 234 235 235 235 234 234 233 233 233 233 234 235 236 236 236 235 235 231 232 232 233 233 234 234 235 232 232 232 232 232 232 232 232 234 234 234 233 233 232 232 232 234 234 234 233 233 232 232 232 231 231 231 231 231 231 231 231 229 226 226 225 227 228 228 229 229 229 228 227 226 225 225 222 222 220 217 215 215 217 218 220 208 199 185 163 131 89 44 19 17 9 18 29 20 12 15 18 24 15 15 18 18 24 25 13 24 19 14 11 17 22 21 15 25 22 17 11 7 4 4 6 16 16 14 12 11 11 11 12 12 11 11 11 12 14 16 18 13 12 10 7 6 8 12 16 21 18 14 12 11 12 12 12 6 7 7 6 6 5 7 7 14 10 7 7 10 11 10 7 8 5 9 13 13 8 7 9 3 3 5 6 6 7 9 9 8 8 7 8 8 6 3 1 4 8 7 2 2 7 8 4 3 3 4 5 6 6 6 6 7 5 2 3 5 5 3 1 6 7 6 4 2 2 5 7 4 4 4 4 4 4 4 4 7 7 6 5 5 6 6 7 10 8 6 6 8 8 6 4 4 5 7 8 7 7 8 10 7 8 9 9 7 6 8 9 7 10 10 7 8 12 13 10 15 12 10 12 12 12 17 21 28 47 68 74 69 74 97 120 152 176 201 217 225 230 231 230 235 231 228 226 230 233 235 236 238 239 241 240 238 237 240 240 241 242 242 240 237 235 235 236 236 238 240 241 240 240 242 243 241 237 236 241 247 250 246 241 236 234 233 232 234 238 243 246 240 242 242 243 249 254 254 251 253 251 248 246 245 247 250 252 241 244 248 252
230 231 232 233 233 233 233 232 231 230 230 230 230 231 232 233 230 231 232 233 234 235 235 235 231 232 235 236 236 234 231 229 233 234 235 236 236 234 233 231 235 235 235 236 236 237 237 237 227 229 231 233 234 234 234 233 232 232 232 233 233 234 234 234 234 234 234 234 234 234 234 234 237 233 230 230 233 235 234 233 233 233 233 234 234 235 235 235 235 232 232 235 236 235 236 240 235 236 236 237 237 236 236 235 230 233 234 232 233 237 237 233 225 228 231 230 232 237 239 236 231 231 233 233 234 235 235 235 235 235 235 235 235 235 235 235 233 233 233 233 233 233 233 233 231 234 234 233 236 240 239 234 234 234 234 233 233 232 232 232 232 234 233 231 232 236 235 231 232 232 232 232 232 232 232 232 231 231 231 231 231 231 231 231 232 231 230 230 232 232 231 230 226 226 227 228 228 229 230 230 229 226 223 224 226 228 226 223 224 217 212 210 211 214 216 217 198 184 161 111 51 20 20 25 16 16 15 16 20 24 25 25 15 13 13 15 19 22 23 22 18 15 12 10 13 15 18 20 21 17 13 10 8 7 6 7 7 11 12 12 10 8 9 9 13 14 14 13 12 11 13 15 6 6 6 7 10 14 17 20 15 16 15 12 12 14 11 7 2 2 2 3 5 6 7 8 7 8 8 8 9 9 8 8 10 3 4 8 11 8 7 7 2 0 3 8 9 7 9 13 1 3 7 8 6 4 2 2 5 6 7 7 7 5 3 2 6 6 6 6 6 6 6 6 5 4 2 1 2 4 6 8 3 4 4 5 5 4 4 3 5 5 5 5 5 5 5 5 6 6 7 7 8 8 9 9 3 5 7 5 2 1 3 5 3 5 7 7 7 7 9 11 6 6 6 7 8 9 11 12 6 13 10 8 13 12 9 17 12 15 15 16 16 17 19 18 17 40 64 78 80 75 89 121 146 173 204 219 225 228 233 235 235 234 232 231 233 235 237 239 238 239 239 239 237 237 240 242 234 236 239 241 240 238 234 232 236 237 239 241 242 241 241 240 237 234 233 239 247 251 249 245 237 239 237 234 239 248 249 245 241 238 237 239 244 248 249 249 249 248 250 252 249 245 247 252 245 246 248 250
230 231 232 233 233 233 233 232 232 232 231 231 232 233 233 234 232 232 232 232 232 234 235 236 234 235 237 237 237 235 233 232 234 234 234 234 234 233 232 232 234 234 234 235 235 235 236 236 229 230 232 233 234 234 233 233 232 232 232 233 233 233 234 234 233 234 236 237 237 236 234 233 237 234 232 232 234 236 235 234 234 234 235 235 235 236 236 236 236 232 232 235 236 234 235 239 235 236 236 236 236 236 236 235 231 234 235 233 233 237 238 233 231 233 234 231 231 234 236 233 234 234 235 235 236 236 236 236 235 235 235 235 236 236 236 236 234 234 234 234 234 234 234 234 232 234 234 233 236 240 238 234 234 234 234 233 233 232 232 232 235 237 235 232 233 236 235 230 232 232 232 232 232 232 232 232 232 232 232 232 232 232 232 232 233 231 230 231 232 233 232 230 228 228 228 228 229 229 229 229 227 225 224 225 225 225 223 219 215 220 223 222 219 214 207 200 194 163 124 75 31 16 19 20 28 26 22 20 20 19 18 17 19 17 15 16 18 20 20 18 15 12 12 13 16 19 23 26 20 16 13 10 9 8 7 8 8 12 13 13 11 9 9 10 9 10 11 10 8 8 10 12 6 6 7 8 11 14 16 18 11 13 12 11 11 15 13 8 3 4 3 3 4 4 5 6 8 7 6 5 5 4 5 4 5 0 0 5 7 4 3 3 7 4 5 9 8 4 5 8 1 4 7 7 6 4 4 4 1 1 1 2 3 3 3 3 5 5 5 5 5 5 5 5 6 5 4 4 4 5 7 8 2 2 3 3 3 3 2 2 4 4 4 4 4 4 4 4 2 2 3 3 4 4 4 5 3 5 6 5 3 2 3 5 2 4 5 4 3 3 4 6 4 4 4 5 6 7 8 9 6 13 10 7 12 10 7 15 10 12 12 13 13 14 16 15 15 37 61 75 79 75 91 124 146 173 202 217 223 229 235 238 237 235 234 233 233 234 236 238 236 238 239 238 237 237 238 240 238 238 239 238 238 237 235 235 239 240 241 243 243 243 242 242 237 238 239 242 245 246 247 246 242 242 239 235 239 247 249 245 240 238 238 240 244 247 246 245 239 240 245 249 248 244 244 248 245 246 248 249
230 231 232 233 233 233 233 232 233 233 232 232 233 233 234 235 234 233 232 232 232 233 234 234 236 236 236 236 235 235 234 234 234 234 233 232 232 232 232 232 233 233 233 234 234 234 235 235 231 231 232 233 233 232 232 231 232 232 232 232 233 233 233 234 234 235 237 239 239 237 235 234 237 235 234 234 235 236 236 235 235 235 235 236 236 236 237 237 237 234 233 236 236 233 234 238 236 236 236 236 236 236 236 236 232 235 236 234 234 238 239 234 235 236 235 231 230 233 236 234 235 235 236 236 235 235 235 235 235 235 235 236 236 237 237 238 235 235 235 235 235 235 235 235 232 234 234 233 235 239 238 233 234 234 234 233 233 232 232 232 238 239 237 233 233 236 234 229 232 232 232 232 232 232 232 232 232 232 232 232 232 232 232 232 233 232 231 231 233 233 232 231 231 231 231 230 230 230 228 228 225 226 224 224 224 224 222 221 212 214 212 209 209 204 184 164 135 97 58 30 14 20 26 23 29 28 25 24 24 24 23 21 19 17 16 16 18 20 19 18 14 15 16 18 21 23 24 26 18 15 13 11 11 11 10 9 8 12 13 13 11 9 9 10 12 13 13 12 10 10 12 14 7 8 9 10 12 14 14 15 13 15 14 12 12 15 13 8 7 7 7 6 5 4 5 5 5 4 6 5 5 6 8 8 8 3 5 10 11 8 6 7 8 6 6 9 8 3 4 6 4 6 7 7 5 5 6 7 5 5 4 4 4 5 5 6 7 7 7 7 7 7 7 7 9 9 9 9 8 8 8 8 6 6 7 7 7 7 6 6 6 6 6 6 6 6 6 6 4 4 4 5 5 5 6 6 5 7 8 7 6 6 7 8 9 10 11 10 8 7 8 9 5 5 5 5 6 7 8 9 9 15 12 8 13 11 7 15 13 15 15 16 16 17 18 17 13 35 57 72 78 78 97 129 150 175 202 214 220 226 234 240 239 236 236 235 235 235 237 238 237 239 241 241 240 239 240 241 242 240 238 237 236 236 237 237 242 243 244 245 246 246 246 246 238 241 245 245 244 243 245 247 245 244 240 237 239 245 248 247 241 240 240 242 245 247 247 246 238 239 244 249 248 243 241 243 245 246 247 249
230 231 232 233 233 233 233 232 232 232 232 232 232 233 234 235 232 233 234 235 235 233 232 231 235 234 233 232 231 232 233 233 235 233 232 230 230 231 232 233 233 233 234 234 235 235 235 235 233 233 233 233 232 231 231 230 231 231 232 232 232 233 233 233 235 235 236 236 236 236 235 235 235 235 234 234 235 235 235 235 234 234 234 235 235 235 236 236 238 234 233 236 236 233 233 237 236 235 235 235 235 235 235 236 233 237 237 234 235 238 239 234 235 235 234 230 230 235 239 238 235 235 235 235 234 233 233 233 234 235 235 236 237 237 238 238 235 235 235 235 235 235 235 235 233 235 235 233 235 239 238 233 234 234 234 233 233 232 232 232 236 237 235 232 233 236 234 229 232 232 232 232 232 232 232 232 233 233 233 233 233 233 233 233 234 232 231 232 233 234 233 231 233 232 232 231 230 229 227 227 226 226 224 224 225 226 227 228 214 209 203 200 198 181 139 99 57 33 17 12 14 27 34 26 28 28 26 26 27 28 27 25 16 14 14 16 19 21 22 22 17 17 20 21 21 21 20 19 13 13 10 9 10 11 11 10 9 10 12 11 9 8 8 9 13 14 14 13 11 11 13 15 9 10 11 12 13 13 12 12 19 21 19 15 14 15 12 6 10 9 10 8 7 7 8 8 2 4 9 12 15 16 17 16 9 7 10 15 15 11 10 11 6 4 5 8 8 5 6 8 7 8 8 6 5 5 7 10 13 11 8 6 4 3 3 4 6 6 6 6 6 6 6 6 9 9 10 10 9 8 7 6 7 8 8 9 9 8 8 7 8 8 8 8 8 8 8 8 5 5 5 6 6 6 6 6 8 9 10 10 10 11 12 12 12 14 15 14 12 12 13 14 9 9 8 8 8 9 10 10 12 18 14 11 15 12 9 16 16 18 18 18 18 19 20 19 14 34 55 70 79 81 101 135 162 183 206 216 220 224 232 237 239 238 237 236 235 236 237 237 239 242 244 245 244 244 244 245 242 241 239 238 237 237 237 238 243 243 245 247 248 250 251 251 240 242 244 245 245 245 246 246 245 243 240 237 238 243 247 249 243 242 242 242 245 248 251 252 249 248 249 252 250 244 242 243 247 247 247 247
230 231 232 233 233 233 233 232 231 231 230 230 231 232 233 233 229 231 235 238 238 235 230 227 236 235 233 231 231 231 233 234 235 233 232 230 230 231 232 233 235 235 235 235 236 236 237 237 234 234 233 232 231 231 231 230 231 231 231 232 232 232 233 233 237 235 233 232 232 233 235 237 233 233 234 234 233 233 233 233 232 232 233 233 233 234 234 234 238 234 233 236 236 233 233 237 236 235 234 234 234 234 235 236 234 237 237 235 235 238 238 233 235 236 235 230 230 235 239 237 236 236 237 236 235 235 234 234 235 235 235 236 236 237 237 237 233 233 233 233 233 233 233 233 233 235 235 233 235 239 237 232 234 234 234 233 233 232 232 232 232 233 232 230 231 235 234 230 232 232 232 232 232 232 232 232 233 233 233 233 233 233 233 233 233 232 231 231 233 233 232 231 234 233 233 232 229 228 226 226 226 224 223 223 223 226 229 230 218 218 216 205 179 132 76 35 26 18 21 26 24 29 33 27 31 29 26 25 24 22 19 16 16 15 14 16 19 21 22 21 17 17 20 20 20 20 18 17 11 10 9 9 10 10 11 10 7 9 10 10 8 7 7 7 9 10 10 9 7 7 9 11 10 11 12 13 13 13 12 11 18 19 18 14 13 14 11 6 8 7 6 5 7 7 7 7 2 6 12 17 21 21 18 16 3 3 7 12 11 6 5 7 7 4 5 9 8 4 5 8 8 8 8 6 5 5 8 11 10 8 5 3 1 1 1 1 6 6 6 6 6 6 6 6 8 9 9 9 8 7 6 5 3 4 4 5 5 4 4 3 7 7 7 7 7 7 7 7 2 2 2 2 2 2 2 2 8 8 8 9 11 12 13 12 6 8 9 10 9 9 11 13 11 10 9 9 8 9 9 10 11 17 13 10 14 11 8 15 14 16 15 16 15 16 17 16 16 33 53 69 80 83 103 136 171 193 213 220 220 223 229 235 240 240 239 239 239 239 237 237 239 241 244 244 244 244 245 246 239 240 240 241 240 239 238 237 242 243 244 246 249 251 253 254 242 240 239 242 248 250 248 244 242 240 238 238 238 241 245 249 242 241 239 239 241 246 252 254 254 253 251 252 251 248 247 249 248 248 247 245
230 231 232 233 233 233 233 232 231 230 230 230 230 231 232 233 227 230 235 239 239 236 231 228 238 237 235 234 233 234 235 236 234 234 233 232 232 232 232 232 235 235 236 236 236 237 237 237 234 234 232 231 231 231 231 231 230 231 231 231 232 232 232 232 236 235 233 231 231 233 235 236 231 233 234 234 233 232 232 233 231 231 232 232 232 233 233 233 237 234 233 236 236 233 234 238 236 235 234 233 233 234 235 236 234 237 237 234 234 237 237 232 237 237 236 231 230 232 235 232 237 237 238 238 238 237 237 237 235 235 235 235 235 235 235 235 233 233 233 233 233 233 233 233 234 236 235 233 235 238 237 232 234 234 234 233 233 232 232 232 230 231 231 229 231 235 234 230 232 232 232 232 232 232 232 232 232 232 232 232 232 232 232 232 232 231 229 230 232 232 231 230 232 232 231 230 228 227 226 225 227 223 219 219 220 220 217 214 217 207 189 158 111 60 28 16 23 22 31 32 23 24 31 30 21 20 19 19 20 19 17 14 21 19 17 17 18 19 18 17 14 15 17 18 20 19 18 17 11 10 8 9 12 12 11 9 7 9 11 10 8 7 7 8 10 11 11 10 8 8 10 12 12 12 12 12 13 13 12 13 10 12 12 11 12 15 14 9 5 4 3 2 4 3 4 4 4 8 12 16 18 15 10 7 1 2 8 12 11 5 4 7 10 7 7 9 7 2 3 4 7 8 8 6 5 5 7 10 6 5 5 4 5 5 6 6 7 7 7 7 7 7 7 7 8 8 8 7 7 7 7 7 5 5 6 6 6 6 5 5 4 4 4 4 4 4 4 4 5 5 5 4 4 4 3 3 5 4 4 6 9 11 11 10 4 5 7 8 8 8 10 12 10 9 8 7 6 6 6 7 8 14 10 7 12 9 6 14 16 18 18 18 17 18 18 17 19 35 54 69 80 82 100 132 171 194 216 224 224 226 231 233 238 239 239 239 240 240 239 239 237 238 239 239 239 240 242 245 238 239 240 242 242 241 240 240 242 242 243 244 246 248 250 252 243 239 237 241 248 251 247 242 242 239 239 240 239 238 241 247 240 239 238 237 238 242 249 254 254 249 246 248 250 250 251 254 249 248 246 245
230 231 232 233 233 233 233 232 232 231 231 231 231 232 233 234 229 230 233 235 236 235 233 232 237 236 235 235 234 234 235 235 234 234 234 234 234 233 232 232 234 234 235 235 235 236 236 236 234 233 232 231 231 231 232 233 230 230 231 231 231 232 232 232 234 234 235 236 236 235 234 234 231 234 236 236 234 232 233 234 232 232 232 233 233 233 234 234 236 232 232 235 236 234 235 239 236 235 233 232 232 233 235 236 233 236 236 233 233 236 236 231 234 235 235 231 230 233 234 231 234 234 236 236 236 236 236 237 236 235 235 234 233 233 232 232 234 234 234 234 234 234 234 234 234 236 236 234 235 238 236 231 234 234 234 233 233 232 232 232 232 234 232 230 231 234 233 229 232 232 232 232 232 232 232 232 232 232 232 232 232 232 232 232 231 229 228 229 230 231 230 228 230 232 230 229 227 227 225 225 225 219 213 213 213 207 191 182 173 137 100 76 49 19 13 24 25 19 25 27 21 24 31 29 16 16 17 19 21 22 20 18 21 19 17 17 18 18 18 17 19 19 19 19 19 17 16 15 14 13 12 12 15 14 12 10 9 11 13 12 10 9 9 10 12 13 13 12 11 10 12 14 13 12 11 11 12 13 14 15 10 12 12 12 13 17 16 12 8 7 5 3 1 0 2 2 5 6 8 9 10 8 5 3 4 6 13 17 15 9 8 11 9 6 7 9 8 3 3 5 6 7 8 7 5 5 6 8 6 6 7 8 9 9 9 9 7 8 8 8 8 8 8 8 11 10 9 8 8 9 11 11 9 9 10 10 10 10 9 9 6 6 6 6 6 6 6 6 9 9 8 8 7 7 7 6 6 5 4 7 11 13 13 12 8 10 12 11 11 10 12 14 11 10 9 7 6 6 6 6 8 14 11 8 13 11 9 16 20 22 21 21 20 21 21 20 20 36 54 68 79 79 95 125 161 187 213 225 228 230 234 237 237 238 238 240 241 242 242 242 236 237 236 235 235 237 241 244 238 238 239 239 241 242 244 245 245 244 243 242 242 243 244 245 242 241 240 242 245 246 244 241 245 243 243 245 242 236 237 243 241 242 243 243 241 242 246 249 251 245 244 248 251 251 251 252 249 248 246 245
230 231 232 233 233 233 233 232 233 232 232 232 232 233 234 235 231 231 231 232 233 234 235 236 234 234 234 233 233 232 232 232 233 234 235 236 236 234 233 231 233 233 233 234 234 235 235 235 233 233 231 230 230 231 233 234 230 230 230 231 231 232 232 232 231 234 238 241 241 238 234 231 231 235 238 238 235 233 234 235 233 233 233 234 234 235 235 235 235 232 232 235 236 235 236 240 236 235 233 232 232 233 235 236 233 236 236 232 232 235 235 232 227 230 233 231 232 235 237 233 229 229 231 231 232 233 233 233 237 235 235 233 232 231 230 230 235 235 235 235 235 235 235 235 234 236 236 234 235 238 236 231 234 234 234 233 233 232 232 232 236 237 235 231 232 234 232 227 232 232 232 232 232 232 232 232 231 231 231 231 231 231 231 231 230 229 227 228 230 230 229 229 231 231 230 228 227 225 223 223 222 214 208 207 205 193 170 152 108 56 19 25 36 26 18 21 32 21 22 25 22 27 30 21 28 26 25 24 23 20 16 13 19 16 15 16 18 20 21 20 26 24 22 19 17 14 12 11 16 15 14 14 16 16 14 11 11 13 15 14 12 11 11 12 8 9 10 9 7 7 9 11 14 13 11 9 11 12 15 14 16 18 18 15 16 19 18 13 14 12 10 7 6 4 3 3 5 4 4 5 5 5 6 6 4 6 14 18 15 9 8 12 5 2 4 8 9 5 7 10 5 6 7 7 5 5 6 7 5 5 6 7 6 5 3 4 8 8 9 8 9 8 9 8 12 10 9 7 9 10 13 14 7 8 8 9 9 8 8 7 9 9 9 9 9 9 9 9 6 5 6 4 5 3 4 3 9 6 7 9 14 16 17 14 11 12 13 12 10 8 9 10 13 12 10 10 9 8 8 8 10 17 14 12 17 15 13 21 17 17 18 18 17 16 18 17 21 36 54 68 77 76 90 118 152 178 209 224 230 233 238 240 235 236 238 238 242 241 243 241 238 238 237 235 235 238 242 247 240 239 237 236 238 242 246 249 248 246 243 241 239 238 239 239 241 243 245 244 241 240 240 241 249 247 247 249 243 235 234 240 244 247 251 251 248 245 245 246 252 247 246 251 253 250 247 247 248 247 246 246
229 230 230 231 231 232 232 233 230 230 230 231 231 232 232 233 230 230 230 230 230 230 230 230 231 232 233 234 234 234 234 233 233 233 232 231 229 228 227 226 228 230 233 236 237 235 233 231 232 231 231 231 231 232 233 234 232 232 232 233 233 234 234 234 233 233 233 234 234 235 235 235 233 233 233 233 234 235 236 237 229 229 230 231 232 232 233 234 230 232 234 234 234 234 236 237 234 235 235 236 236 235 235 234 233 234 236 237 237 236 234 233 231 232 234 235 235 236 237 238 232 234 237 236 234 233 234 237 233 233 233 234 234 235 235 235 229 229 230 230 232 233 235 236 233 233 232 232 232 233 234 234 229 229 230 230 231 232 232 233 230 232 235 235 233 231 230 231 229 229 229 229 229 230 231 232 231 233 235 233 230 229 231 234 230 228 229 233 234 231 231 235 236 236 234 232 229 224 221 216 216 209 205 203 195 167 121 83 58 39 26 28 30 23 18 20 21 24 26 27 25 23 23 24 25 24 23 22 20 21 19 18 16 11 12 15 17 13 11 12 16 22 26 23 16 10 11 13 9 9 11 13 16 16 15 12 14 13 12 11 9 9 9 9 7 9 12 12 11 9 9 8 6 4 4 3 9 10 13 13 10 10 12 14 17 16 11 8 9 10 8 7 7 8 9 12 10 9 8 8 9 10 12 12 3 5 11 13 13 11 8 6 3 6 10 11 10 8 9 9 4 4 5 6 6 6 7 6 4 4 6 6 6 6 6 6 3 3 7 5 6 5 8 8 5 2 4 5 12 11 11 5 2 2 2 3 4 5 5 6 4 4 5 5 7 9 10 11 4 0 2 4 6 2 3 5 0 5 10 5 5 9 13 12 8 9 10 13 14 12 8 4 8 4 2 4 8 10 10 6 9 8 9 9 11 13 14 13 6 10 16 19 18 15 16 16 19 42 66 78 77 71 88 121 147 175 208 223 229 232 235 237 232 233 235 235 237 239 244 247 235 235 235 236 237 238 239 240 236 241 243 242 243 246 244 240 246 246 246 245 241 239 242 247 248 247 245 244 244 245 247 248 248 250 250 245 238 234 236 240 244 250 254 252 245 243 246 251 247 248 249 250 252 253 254 255 249 249 248 247
230 230 231 231 231 231 232 232 229 230 230 230 231 231 232 232 231 231 231 231 231 231 231 231 230 231 232 233 233 233 233 233 229 229 229 230 230 231 231 231 230 231 233 235 235 234 233 231 234 233 233 232 233 233 234 235 233 233 233 234 234 234 235 235 233 233 233 234 234 235 235 235 234 233 233 233 233 233 234 235 230 230 231 231 232 233 234 234 231 233 234 234 233 234 236 238 234 234 235 235 235 235 234 234 232 233 234 235 235 234 233 232 232 232 234 234 235 235 236 236 234 236 238 237 235 234 238 238 235 234 235 235 235 236 236 236 236 236 235 235 235 235 236 236 235 235 234 234 233 234 234 235 233 233 233 233 233 233 232 232 232 234 236 236 234 232 232 232 232 232 231 231 232 233 234 234 231 233 234 233 230 229 231 234 231 229 230 234 234 231 233 235 238 235 231 228 226 225 224 224 204 204 207 204 185 146 94 57 44 32 24 28 29 22 17 19 19 21 23 23 22 21 24 23 22 20 20 20 21 19 19 19 17 13 10 14 15 13 13 17 17 23 26 22 16 11 13 15 14 15 17 17 16 15 15 14 16 15 15 14 14 13 12 12 9 11 12 12 10 9 10 10 12 11 8 9 12 15 16 17 12 12 12 15 17 16 11 8 10 11 10 8 6 4 5 5 6 5 5 5 5 7 8 8 7 7 11 13 12 10 7 5 3 6 10 11 9 7 9 7 6 5 6 6 7 7 8 8 7 7 8 8 8 8 10 9 8 8 10 10 9 9 11 13 7 5 5 8 13 14 12 9 7 8 8 9 10 10 11 11 9 8 8 7 7 8 9 8 6 2 3 6 6 4 4 7 7 11 11 7 9 15 17 15 10 10 10 12 15 12 7 4 7 6 6 7 11 12 12 9 12 10 10 10 11 12 11 12 12 16 21 23 20 18 18 17 17 39 63 77 79 74 89 119 157 183 213 226 229 230 235 235 233 235 236 237 236 237 240 243 240 239 238 238 238 238 239 239 240 245 248 247 246 247 243 238 244 245 246 244 241 239 243 247 251 251 249 248 247 246 246 246 253 253 251 248 244 243 246 248 243 249 254 252 246 242 244 248 252 251 251 251 251 251 252 252 252 252 251 251
232 232 231 231 231 231 230 230 229 229 229 230 230 230 231 231 231 231 231 231 231 231 231 231 229 230 231 232 232 232 232 231 228 228 229 230 231 232 233 233 233 233 233 233 233 232 232 232 236 235 235 234 234 234 235 235 233 233 234 234 234 235 235 235 233 233 234 234 234 234 235 235 234 233 233 232 232 232 232 233 231 231 232 232 233 234 234 234 233 234 234 233 232 233 236 239 234 234 234 234 234 234 234 234 232 232 233 234 234 233 232 232 233 232 234 234 234 234 234 234 235 236 239 238 236 236 239 238 236 236 236 236 236 237 237 237 240 239 238 236 235 234 234 234 238 237 236 235 234 234 234 234 237 237 236 235 234 233 233 233 233 235 237 236 234 233 233 233 233 232 232 232 232 233 234 234 232 232 234 232 230 230 231 233 230 228 230 233 234 231 230 235 235 233 227 225 223 221 218 215 208 195 175 149 117 82 49 31 29 25 24 29 28 20 16 18 18 19 20 20 21 21 23 23 19 17 18 18 19 18 18 18 18 12 9 12 14 15 17 22 14 17 18 15 9 6 9 12 14 15 17 14 9 7 9 11 10 11 12 13 13 12 10 9 11 12 13 12 10 10 11 12 11 10 9 9 9 11 13 15 14 14 15 16 17 15 11 8 7 9 9 7 5 3 3 2 5 4 4 4 4 6 7 7 9 8 12 12 11 8 6 4 4 6 10 10 8 7 8 7 7 6 6 7 7 7 9 9 5 5 6 6 6 6 8 7 6 6 7 7 7 7 8 10 5 3 2 5 9 11 9 6 5 5 6 7 8 8 9 9 13 12 10 9 8 7 7 6 8 4 4 8 8 6 6 9 12 12 9 7 9 14 16 15 12 10 9 12 15 13 8 4 2 4 7 7 9 8 8 8 14 12 12 11 11 12 11 11 14 17 20 21 18 16 15 14 16 35 57 73 80 77 91 118 161 186 213 226 228 229 235 237 235 237 239 239 237 236 237 238 243 242 241 240 239 238 238 238 241 247 251 251 250 249 243 237 241 243 244 242 239 240 243 247 248 247 247 246 244 242 240 239 255 252 248 247 248 251 253 253 243 248 253 252 246 242 242 244 251 250 249 248 248 249 250 251 253 253 253 253
233 232 232 231 231 230 230 229 229 229 229 230 230 230 230 230 230 230 230 230 230 230 230 230 228 229 230 231 231 231 231 230 231 231 231 231 231 231 231 230 235 234 233 231 231 231 231 232 236 236 235 234 233 234 234 234 232 232 233 233 234 234 234 234 234 234 234 234 234 234 234 234 234 234 232 231 231 231 231 231 231 231 231 232 232 233 233 233 234 235 235 233 232 233 236 239 234 234 233 233 233 233 234 234 233 233 233 234 234 233 233 233 233 233 235 234 233 233 233 233 235 236 237 237 236 236 239 237 236 235 236 236 236 236 236 236 237 236 235 233 232 232 232 232 238 237 236 234 233 233 233 233 236 236 236 235 235 234 234 234 233 235 236 235 233 232 232 233 231 231 230 230 230 230 231 232 232 232 233 232 231 231 231 232 229 227 228 232 232 229 228 231 229 227 226 224 222 214 204 197 202 168 121 77 45 25 19 21 23 23 25 28 25 18 16 19 18 19 19 18 19 20 23 24 17 16 17 16 18 17 18 18 16 11 10 14 16 17 19 23 12 14 14 10 6 5 9 11 11 14 16 11 5 3 7 11 6 8 10 12 12 11 9 7 13 13 13 11 10 10 13 14 8 7 7 7 4 6 8 10 16 17 17 17 17 14 10 9 2 5 7 8 7 6 6 5 8 7 7 7 7 8 10 10 12 10 12 11 10 7 6 4 5 7 9 9 7 6 8 7 6 5 5 5 6 6 8 8 6 5 6 5 5 6 8 8 4 4 5 5 4 4 5 7 4 2 1 3 7 9 7 4 2 2 3 3 4 5 6 6 12 11 10 8 7 7 7 6 9 5 5 8 9 6 6 10 10 12 13 12 12 13 15 15 14 11 9 11 16 15 9 5 0 4 9 10 9 7 8 8 14 12 12 12 13 14 13 14 16 18 20 21 19 18 17 15 19 34 52 67 78 78 94 120 156 181 208 220 224 227 235 238 235 238 240 240 239 237 236 237 243 242 241 240 239 239 239 239 238 244 249 250 249 248 242 236 238 243 244 240 238 240 244 246 243 244 244 244 243 241 238 237 254 248 243 242 247 251 252 250 245 248 250 248 243 240 242 244 245 244 244 244 246 248 251 253 251 251 252 252
233 232 232 231 231 230 230 229 230 230 230 230 230 230 230 230 228 228 228 228 228 228 228 228 228 228 229 230 231 231 230 230 232 231 231 231 231 231 231 231 235 234 232 230 229 230 231 232 235 234 233 233 233 233 234 234 231 231 232 232 233 233 233 233 234 234 234 234 234 234 234 234 234 234 232 231 231 231 231 231 231 231 231 231 232 232 232 232 235 235 236 234 233 234 236 239 235 235 234 233 233 234 235 235 235 235 235 234 234 235 235 235 234 233 235 234 234 233 234 233 235 234 235 235 236 236 237 235 236 235 234 234 234 234 234 234 233 233 232 231 231 232 232 233 237 236 234 233 232 231 231 231 232 232 233 233 234 234 234 235 233 234 234 233 231 230 231 233 232 232 231 230 230 231 231 232 234 233 232 231 231 232 232 231 228 225 226 229 229 226 225 227 226 224 221 221 220 214 202 193 187 147 95 55 33 21 21 26 24 25 26 25 22 17 17 20 20 20 22 21 20 21 24 25 16 16 17 16 18 18 20 19 15 10 11 16 18 17 17 19 16 17 15 12 10 10 14 16 12 15 18 15 9 8 12 17 9 11 13 15 15 14 12 11 13 13 13 11 10 10 13 14 11 12 12 11 9 10 11 14 17 18 19 18 15 12 10 9 4 7 9 10 9 8 8 7 9 9 9 8 8 10 11 11 14 11 12 10 8 6 6 5 5 7 9 8 6 5 7 6 5 4 3 3 3 4 6 7 12 11 11 10 10 11 14 14 10 9 10 10 9 8 10 11 8 6 4 5 9 11 10 7 6 6 7 7 8 9 10 10 8 8 7 7 6 7 7 7 8 5 5 8 9 6 6 9 9 15 22 24 20 15 16 20 16 12 9 11 17 16 11 5 5 9 15 15 15 12 13 14 12 11 12 13 15 17 17 18 21 22 24 26 25 26 25 22 24 35 49 63 74 78 96 124 155 179 206 218 221 225 233 237 234 237 240 240 239 238 238 239 241 240 239 239 239 239 240 240 238 244 247 246 244 243 238 231 238 244 245 240 237 241 245 245 245 246 247 248 247 246 244 243 253 246 240 240 245 249 248 245 247 248 247 244 241 240 243 247 246 246 246 246 248 250 252 254 252 252 252 252
232 232 231 231 231 231 230 230 232 232 232 231 231 231 230 230 228 228 228 228 228 228 228 228 228 229 230 231 231 231 230 230 229 229 230 231 232 233 234 234 234 233 231 230 230 230 232 232 233 233 232 232 233 234 235 235 232 232 232 233 233 233 234 234 235 235 234 234 234 234 233 233 234 233 233 232 232 232 232 233 232 232 232 232 233 233 233 233 234 236 237 237 235 234 235 237 237 236 234 233 233 234 236 237 236 236 235 234 234 235 236 236 234 234 235 235 235 235 236 235 235 234 233 234 236 236 237 234 236 234 234 234 234 233 233 233 233 233 233 233 233 234 236 236 235 235 233 232 232 231 232 232 230 230 231 232 233 233 234 234 233 233 233 232 230 229 231 233 235 235 234 233 233 233 233 234 235 233 231 231 232 232 232 231 228 226 226 229 229 224 224 226 228 222 217 215 214 209 198 190 181 137 85 52 35 27 27 31 25 26 25 22 20 18 18 19 21 22 24 23 22 21 23 25 17 16 16 17 17 16 18 17 15 12 12 18 20 15 13 14 16 15 13 10 9 10 13 14 10 12 15 14 11 10 13 16 10 11 12 12 12 11 10 9 11 12 13 12 10 10 11 12 11 12 14 12 10 10 12 16 16 17 18 17 14 11 10 11 11 12 12 11 9 7 7 6 8 7 7 6 7 8 10 10 15 11 11 9 7 6 7 6 6 7 9 7 5 4 7 6 5 3 2 1 2 3 6 7 11 10 10 8 8 10 13 13 11 10 11 11 9 9 10 12 8 5 2 3 7 9 8 6 7 7 8 9 10 10 11 11 6 6 6 6 6 7 8 8 9 5 5 9 9 7 7 10 6 11 19 25 22 15 14 17 18 13 8 11 17 18 12 6 6 8 11 12 14 12 13 12 11 11 12 14 16 19 19 21 21 20 21 23 24 25 25 21 27 38 51 63 73 76 95 124 159 183 209 220 222 225 232 235 234 236 239 240 239 239 240 242 240 240 239 239 239 240 241 241 243 246 246 242 239 239 235 230 238 246 247 240 237 242 246 244 245 246 246 247 247 246 246 245 252 247 242 243 247 249 247 243 247 247 246 244 242 242 245 248 251 252 252 252 252 252 252 252 254 254 254 254
230 230 231 231 231 231 232 232 234 233 233 233 232 232 231 231 230 230 230 230 230 230 230 230 229 229 230 231 232 232 231 231 231 231 231 232 232 233 233 233 231 231 230 230 231 231 232 232 233 233 233 233 234 236 237 238 234 234 235 235 235 236 236 236 235 235 235 234 234 233 233 233 234 233 233 233 233 233 234 235 235 235 235 235 235 235 235 235 233 235 238 239 237 235 235 235 239 237 235 234 234 235 237 239 236 235 234 233 233 234 235 236 234 234 236 236 236 237 238 238 236 234 234 235 237 238 238 234 237 236 235 235 235 234 234 234 235 234 234 234 234 235 236 237 235 234 234 233 233 233 234 234 232 232 232 232 232 233 233 233 234 234 234 232 230 230 232 234 236 235 234 233 233 233 233 234 236 233 230 230 232 233 231 229 229 227 227 230 229 223 224 225 226 221 216 213 205 191 170 154 141 100 56 32 23 18 20 28 24 25 23 21 20 20 20 18 23 24 26 25 23 22 22 21 16 15 15 15 15 14 15 14 19 15 11 15 16 12 10 12 12 10 9 8 8 8 10 10 9 10 12 12 12 11 11 11 10 9 9 8 8 7 7 6 9 11 12 12 10 9 10 10 7 10 12 11 7 7 12 15 14 17 18 16 13 10 10 12 12 13 12 10 8 6 8 7 7 6 6 5 6 7 9 9 15 11 10 8 6 6 8 8 7 8 9 7 4 3 6 6 6 4 2 2 2 4 7 8 8 6 5 4 4 5 9 10 7 6 7 7 5 4 5 7 6 2 1 1 3 6 5 3 5 5 6 7 7 8 9 9 7 7 7 7 7 8 9 9 11 7 7 11 11 8 9 12 8 5 8 17 21 17 12 11 20 14 8 10 18 19 13 6 5 4 4 5 9 10 10 7 14 13 14 15 17 19 19 20 19 17 16 18 19 20 18 14 27 41 56 68 75 75 92 121 157 182 209 221 224 227 234 236 236 238 239 239 238 238 241 243 244 243 242 241 240 240 240 241 244 246 244 239 238 241 242 240 240 249 249 240 237 243 246 243 248 247 246 245 245 245 245 245 248 246 245 246 249 250 248 245 243 245 246 247 246 246 246 246 250 251 253 254 254 253 251 250 254 253 253 252
229 230 230 231 231 232 232 233 235 234 234 233 233 232 232 232 232 232 232 232 232 232 232 232 229 230 231 232 232 232 232 231 236 235 234 233 231 230 229 229 229 230 230 231 231 232 232 232 233 233 233 234 236 238 240 241 236 236 237 237 237 238 238 238 235 235 235 234 234 233 233 233 233 233 233 233 234 235 236 237 238 238 237 237 237 237 237 237 232 235 239 240 238 236 234 234 240 238 236 235 235 236 238 240 235 234 232 231 231 232 234 235 234 234 236 237 238 238 240 240 238 236 235 236 238 239 240 235 238 237 237 236 236 235 235 235 235 234 234 233 233 233 234 234 235 235 234 234 234 235 236 236 235 234 234 233 233 232 231 231 235 236 235 233 231 231 234 236 234 233 232 231 231 231 231 231 236 233 230 230 232 233 231 229 231 228 229 230 229 225 224 225 222 221 219 214 199 168 132 106 69 45 23 20 19 15 14 21 19 21 21 21 22 22 20 15 22 24 26 25 23 21 20 18 16 15 15 14 13 11 12 11 23 17 13 12 12 11 10 13 13 11 11 10 11 11 13 12 15 14 15 17 18 17 14 11 15 14 12 11 10 9 9 9 7 9 12 12 11 9 9 8 9 11 13 12 8 8 14 19 13 16 18 15 12 10 10 12 11 10 9 8 7 8 11 12 8 7 7 6 7 8 10 10 14 11 10 7 6 6 8 9 7 8 8 6 4 3 6 5 7 5 3 2 3 5 8 9 9 7 7 5 5 7 10 11 6 5 6 6 4 3 4 6 9 6 2 3 6 9 8 6 6 6 7 8 9 9 10 10 10 10 9 8 8 9 9 9 13 9 9 12 13 10 11 14 17 6 3 14 26 25 17 12 21 14 8 10 18 19 13 7 9 6 4 5 11 12 12 9 16 15 15 16 17 18 18 19 23 20 18 19 19 20 17 13 25 42 60 73 78 75 90 118 151 177 206 220 225 229 236 239 239 240 239 238 237 237 240 242 248 247 245 243 241 240 240 240 241 242 241 237 240 247 252 253 241 250 251 241 237 244 247 243 255 255 252 250 248 248 248 248 244 244 245 247 249 250 248 246 239 243 247 251 251 249 246 244 242 244 248 252 253 253 251 250 251 251 250 249
228 229 231 232 232 231 229 228 232 232 232 232 232 232 232 232 232 232 232 232 232 232 232 232 230 233 233 230 231 234 234 231 231 231 230 232 234 234 233 231 232 232 231 231 231 232 233 233 229 230 232 233 234 234 233 232 237 235 233 231 231 233 235 237 235 234 234 234 235 235 233 231 231 233 235 237 237 235 233 231 233 233 234 236 236 236 236 236 232 238 243 242 237 234 234 236 241 238 236 236 237 237 237 235 231 233 235 235 234 233 234 235 232 235 239 239 237 235 238 240 232 233 235 235 237 237 240 239 233 233 235 237 238 237 235 234 236 235 234 233 233 233 233 234 237 236 234 233 232 233 234 235 232 232 232 232 232 232 232 232 234 234 234 234 234 234 234 234 230 230 230 230 231 232 233 233 234 234 233 232 232 231 230 230 223 225 227 226 224 223 223 221 215 214 214 208 195 167 128 97 60 37 20 19 23 23 25 32 18 20 21 22 23 23 26 26 22 22 23 22 22 22 22 21 14 13 14 13 14 17 19 20 19 15 12 11 14 16 13 11 10 7 6 9 14 15 14 10 10 11 14 15 15 14 12 11 13 12 12 11 10 9 8 8 9 10 10 10 10 11 14 16 8 8 10 12 12 14 15 18 10 10 13 13 12 11 10 10 10 11 11 10 8 8 13 15 11 7 4 3 6 10 11 9 15 12 12 10 9 8 8 8 8 8 8 7 5 4 5 3 3 3 4 4 4 5 9 11 5 6 9 9 9 9 9 7 4 2 3 4 6 8 11 12 7 9 7 5 6 10 9 4 6 4 6 10 10 7 6 8 2 6 10 11 9 7 9 10 9 10 13 15 15 14 12 10 9 3 0 8 20 26 20 12 20 16 11 12 17 17 15 12 5 7 7 3 7 11 14 12 13 14 15 16 15 15 15 17 13 16 22 25 20 15 18 23 33 39 53 75 85 76 84 112 147 173 203 219 225 228 232 232 229 237 241 238 235 236 236 234 237 241 246 248 246 242 238 236 242 240 240 241 245 249 250 251 251 251 249 242 235 233 238 243 244 246 246 246 248 251 247 240 240 243 247 249 248 248 249 250 240 246 247 243 244 251 253 250 242 239 242 248 248 245 247 254 247 252 254 251
229 230 230 231 231 230 230 229 232 232 232 232 232 232 232 232 232 232 232 232 232 232 232 232 231 234 234 231 230 233 233 230 231 231 230 232 234 234 233 231 235 234 233 232 231 231 231 232 232 233 234 235 235 234 232 232 236 235 233 233 233 233 235 236 236 234 234 234 236 235 233 231 232 233 235 236 236 235 233 232 233 234 235 236 236 236 236 236 230 236 243 244 240 235 233 234 240 237 235 235 236 237 236 235 229 231 234 235 235 236 237 239 231 234 239 238 236 234 235 237 233 234 235 236 236 237 239 238 233 233 235 237 237 236 235 234 236 235 234 233 233 233 233 234 236 235 234 233 232 233 234 234 232 232 233 233 233 233 232 232 233 233 234 234 234 234 234 234 231 231 230 229 230 231 233 234 234 234 232 232 232 231 230 230 229 226 225 224 224 221 218 215 206 202 198 191 176 149 113 86 48 32 19 21 25 22 22 29 19 19 21 21 21 21 24 24 20 20 21 21 20 19 18 18 10 8 9 10 12 12 14 14 16 13 10 12 14 15 13 9 7 3 3 5 9 11 10 6 9 10 12 13 13 12 11 10 7 6 6 5 5 4 3 3 4 5 6 5 4 5 8 10 8 8 9 9 8 8 9 10 9 12 13 13 12 9 8 9 10 10 10 8 5 5 8 10 10 7 4 3 6 9 10 9 15 12 12 9 8 6 7 7 7 7 7 6 6 5 6 4 3 4 6 6 5 5 7 9 6 6 7 7 7 7 9 8 9 6 6 5 5 6 6 7 4 6 5 4 6 11 10 6 7 4 5 8 8 3 2 4 4 5 7 8 8 8 9 10 7 8 10 12 13 11 9 7 7 3 1 7 17 21 17 10 18 15 11 10 14 16 18 19 6 8 8 4 7 10 12 9 8 8 10 10 10 10 9 11 14 15 19 24 20 17 20 23 35 44 58 73 81 76 89 117 150 175 205 221 227 230 235 235 228 234 238 237 237 240 240 238 243 246 248 248 245 241 240 239 246 244 243 243 246 248 249 248 247 249 248 244 239 238 242 247 243 245 246 245 248 252 249 243 243 246 249 250 249 248 248 249 251 251 247 244 247 253 252 247 248 244 245 250 253 251 252 255 248 253 254 251
231 230 230 229 229 230 230 231 232 232 232 232 232 232 232 232 232 232 232 232 232 232 232 232 232 235 234 231 230 233 232 229 231 231 230 232 234 234 233 231 237 236 235 233 232 231 231 231 236 236 236 236 235 234 232 232 235 234 234 234 234 234 234 235 236 235 234 235 236 236 233 231 233 234 235 235 235 235 234 233 234 234 235 236 236 236 236 235 229 236 242 244 241 236 233 232 238 236 234 234 235 236 235 234 231 234 236 237 236 236 237 238 231 233 238 238 236 233 233 232 235 235 236 236 236 236 238 236 233 233 235 237 237 236 235 234 236 235 234 233 233 233 233 234 236 235 234 233 233 233 233 234 232 233 234 235 235 234 233 232 232 232 233 233 234 234 235 235 233 231 230 228 229 230 233 234 234 233 233 233 231 231 230 230 232 228 224 221 222 220 216 212 213 201 185 161 130 94 59 38 33 24 19 23 23 19 19 23 20 20 19 19 21 20 20 20 18 18 19 19 20 18 16 12 6 6 8 8 10 10 10 11 17 13 11 13 15 16 14 12 8 6 5 6 10 11 11 8 9 9 11 12 12 11 10 10 8 8 8 8 8 7 7 7 8 9 9 8 7 7 9 11 7 9 10 10 7 7 8 10 10 13 17 17 13 10 8 7 11 11 10 7 4 3 6 8 9 6 4 3 5 8 9 8 15 11 11 8 6 4 5 4 5 5 6 6 6 6 8 6 4 5 7 8 6 5 6 6 6 5 6 5 5 6 8 8 10 7 6 5 4 4 4 5 4 6 5 3 5 9 8 4 7 4 4 6 5 1 1 1 6 4 3 4 7 9 11 10 12 12 14 15 15 14 11 10 7 6 6 9 14 16 13 10 14 13 10 8 10 13 18 24 10 12 11 6 7 10 11 7 10 11 13 13 12 12 12 14 17 15 16 21 21 19 20 22 36 52 64 70 74 76 94 122 149 175 203 218 224 228 234 234 232 235 237 237 240 243 242 238 245 246 247 246 244 244 244 246 250 248 246 246 247 248 248 247 244 246 247 245 241 240 243 246 242 245 246 246 248 252 250 245 246 248 251 251 250 248 248 249 252 247 241 239 244 251 249 243 249 244 243 247 252 252 252 252 249 253 254 250
232 231 229 228 228 229 231 232 232 232 232 232 232 232 232 232 232 232 232 232 232 232 232 232 232 235 235 231 230 232 232 229 231 231 230 232 234 234 233 231 236 236 235 234 233 233 233 233 235 235 235 235 235 234 233 233 234 234 235 236 236 235 234 234 236 235 234 235 236 236 234 232 235 235 235 235 235 235 235 235 235 235 236 237 237 236 236 235 232 236 240 241 239 235 233 233 236 234 233 233 234 235 234 233 237 239 240 238 236 233 233 233 232 234 238 238 237 234 232 230 236 235 236 236 236 236 238 235 234 234 235 236 236 236 235 235 236 235 234 233 233 233 233 234 235 235 234 234 233 233 233 233 232 233 235 236 236 235 233 232 231 232 232 233 234 234 235 235 234 232 230 228 228 230 232 234 233 233 233 232 231 231 229 227 228 227 223 221 220 218 217 215 197 183 158 127 89 56 36 29 22 19 18 20 19 15 16 23 19 19 18 17 18 17 17 16 17 17 18 18 18 16 13 9 7 7 10 11 13 13 12 11 19 17 15 16 18 20 17 14 9 7 6 7 9 10 11 10 10 10 11 12 12 11 11 11 11 11 11 12 12 12 12 12 12 13 14 13 11 10 11 12 7 9 11 12 11 11 14 16 13 16 19 20 15 11 9 8 10 10 10 7 4 4 7 9 7 5 5 4 5 7 8 8 15 11 11 8 5 3 3 2 4 4 5 6 6 7 9 7 4 6 9 9 7 5 4 4 6 5 5 3 3 5 8 8 7 5 5 4 5 5 6 7 8 9 7 3 3 6 4 1 7 3 3 5 5 1 1 2 8 4 1 1 6 10 12 10 15 15 16 17 17 15 13 12 9 10 11 12 13 12 11 9 8 11 12 9 7 7 14 20 18 18 14 6 7 10 13 10 14 15 17 17 16 16 16 18 19 15 14 18 19 18 19 20 35 56 70 70 71 76 97 124 153 177 205 219 224 228 234 235 238 239 238 237 240 244 241 234 238 241 244 245 246 247 249 251 251 249 247 248 249 249 248 247 245 247 248 246 242 240 240 241 244 247 248 247 248 251 250 246 246 248 251 252 251 250 250 251 248 244 240 239 243 248 251 250 252 246 242 245 251 254 252 250 250 254 254 250
232 231 229 228 228 229 231 232 232 232 232 232 232 232 232 232 232 232 232 232 232 232 232 232 232 235 234 231 230 233 232 229 231 231 230 232 234 234 233 231 233 233 233 233 234 235 236 236 233 233 233 233 233 234 235 235 234 235 236 236 236 236 235 234 237 235 235 235 237 236 234 232 235 235 235 235 235 235 235 235 236 236 237 237 237 236 236 235 236 237 237 236 235 234 235 236 235 233 232 232 234 235 235 234 238 239 240 239 235 233 232 233 234 235 237 238 237 235 233 231 236 235 236 236 236 236 238 235 234 234 235 235 236 236 236 236 236 235 234 233 233 233 233 234 235 235 235 235 234 234 233 233 233 234 235 236 236 235 234 233 231 232 232 233 233 234 234 234 234 232 230 229 229 230 232 233 233 233 232 232 231 230 229 227 221 224 225 222 218 214 214 216 206 185 149 108 65 35 27 32 18 17 18 19 16 16 19 24 20 17 19 18 16 15 16 15 17 17 19 19 17 15 13 10 9 9 11 12 14 14 14 13 21 19 17 18 19 20 16 13 6 5 4 3 4 5 7 7 12 12 13 12 12 13 13 13 8 8 8 8 9 9 9 9 9 10 11 10 8 6 6 7 9 11 13 14 14 15 15 17 13 16 18 18 15 12 8 7 6 7 7 5 4 4 8 10 6 6 6 6 6 7 8 9 14 11 10 7 4 2 2 2 3 3 5 6 6 7 10 8 5 7 10 10 8 5 4 4 6 5 5 3 3 5 8 8 8 5 4 4 4 4 5 6 8 9 7 3 3 6 4 1 6 3 3 6 6 3 3 7 10 5 1 1 6 10 12 11 11 11 12 13 13 12 11 10 9 10 11 11 10 8 7 6 5 10 13 11 6 3 6 11 24 22 16 7 8 12 16 15 11 12 14 14 13 13 13 15 21 15 13 16 17 17 18 20 35 57 71 71 71 75 96 124 160 184 209 222 226 230 237 238 239 240 238 237 240 244 241 235 234 238 243 246 246 246 246 247 247 246 246 247 250 251 250 248 246 248 249 248 246 245 244 244 248 251 251 248 247 249 248 245 243 246 250 252 252 252 253 255 250 250 250 248 246 247 254 255 255 252 248 248 254 255 255 253 250 254 254 250
231 230 230 229 229 230 230 231 232 232 232 232 232 232 232 232 232 232 232 232 232 232 232 232 230 233 233 230 231 234 234 231 231 231 230 232 234 234 233 231 231 231 231 232 233 235 236 237 232 232 232 232 233 234 236 236 236 236 236 235 235 236 236 236 237 236 235 236 237 237 235 233 235 235 236 237 237 236 235 235 237 237 237 238 237 236 236 235 239 237 235 233 233 234 236 237 235 233 232 232 234 235 235 234 233 235 237 237 236 235 235 236 236 235 235 236 237 236 235 233 235 235 236 236 236 236 238 236 235 234 234 235 235 236 236 236 236 235 234 233 233 233 233 234 234 235 235 235 235 234 233 232 234 234 233 233 233 233 234 234 233 233 233 232 232 232 232 232 232 232 231 231 230 230 231 231 232 232 232 232 230 229 229 226 219 220 222 221 215 209 206 205 211 178 130 86 46 19 14 21 19 20 19 18 18 19 23 25 19 16 18 17 16 15 15 15 17 17 18 17 16 15 14 14 9 9 10 13 14 13 14 13 21 19 17 18 20 18 13 9 9 8 7 6 5 6 9 10 13 13 13 12 12 13 14 14 8 8 8 8 8 8 8 8 7 9 10 9 7 6 6 6 12 13 14 13 11 10 9 11 11 13 14 13 11 9 6 7 4 5 5 4 2 3 7 10 6 7 9 8 7 7 9 10 14 10 10 7 5 3 3 3 4 4 5 6 6 7 9 7 6 7 9 9 7 5 5 6 6 5 6 5 5 6 8 8 11 8 6 4 3 2 2 2 4 6 5 3 5 9 8 4 7 4 3 6 7 5 6 9 10 8 5 4 6 9 11 11 11 11 12 13 13 13 13 13 8 8 9 9 8 6 4 2 5 10 13 11 6 1 2 4 22 22 18 10 11 15 18 16 11 12 13 13 13 13 13 14 20 16 14 17 17 18 22 26 40 57 69 72 73 74 96 127 163 185 208 219 223 226 233 234 235 237 237 236 239 244 244 241 238 241 245 246 244 241 240 239 243 243 243 246 249 250 249 248 246 247 249 250 252 252 253 253 250 254 254 249 246 248 248 246 241 244 249 251 252 253 254 255 252 253 254 252 245 242 248 255 255 254 250 247 250 255 255 252 250 254 255 250
229 230 230 231 231 230 230 229 232 232 232 232 232 232 232 232 232 232 232 232 232 232 232 232 229 232 232 230 231 235 235 232 231 231 230 232 234 234 233 231 232 231 231 231 232 233 234 235 236 235 234 233 233 234 236 236 237 237 235 234 234 235 237 237 237 236 235 236 237 237 235 233 234 235 237 238 238 237 235 234 237 238 238 238 237 237 236 235 238 237 234 233 234 235 235 235 235 234 232 233 235 236 236 235 231 233 235 236 235 234 235 236 236 233 232 232 234 236 236 234 233 234 235 236 236 237 239 238 235 234 234 234 235 235 236 237 236 235 234 233 233 233 233 234 234 234 235 236 235 234 233 232 235 233 232 230 230 232 233 235 234 234 233 232 232 231 231 230 231 232 232 232 232 231 229 229 232 234 232 231 230 229 228 226 226 221 217 216 212 204 190 180 164 122 75 47 32 23 23 27 21 21 22 22 23 25 26 24 19 17 17 16 16 15 16 15 17 15 15 13 14 15 16 16 12 10 11 12 13 14 15 16 23 21 19 20 21 18 12 7 12 12 11 9 8 8 12 14 13 12 12 11 11 12 13 14 13 12 12 11 11 10 9 9 8 10 12 12 10 9 9 9 12 13 14 13 10 9 8 9 12 13 13 12 10 10 11 13 9 9 9 7 5 5 9 11 6 8 11 10 8 8 10 11 13 10 10 8 6 5 5 5 4 5 6 6 6 6 8 7 7 8 9 8 6 5 7 8 6 6 7 7 7 7 9 8 9 7 5 4 3 2 2 2 4 6 5 4 6 11 10 6 9 5 4 6 6 3 4 8 10 10 9 8 6 7 10 12 11 11 12 13 14 15 16 16 11 10 9 9 10 9 5 2 9 11 12 10 6 3 3 5 14 17 18 14 16 17 17 12 14 14 16 16 15 16 15 17 16 15 17 20 19 22 30 38 51 58 66 72 75 73 97 134 167 188 210 219 222 225 231 233 232 237 239 236 237 241 243 242 243 244 245 244 241 239 238 239 241 241 242 244 247 248 247 245 246 246 247 249 251 253 254 254 249 253 254 249 246 248 250 249 242 245 249 251 251 251 252 254 250 248 248 249 245 240 244 251 251 253 250 244 244 250 252 250 250 255 255 251
228 229 231 232 232 231 229 228 232 232 232 232 232 232 232 232 232 232 232 232 232 232 232 232 227 231 232 230 231 235 236 234 231 231 230 232 234 234 233 231 233 233 232 231 231 231 232 232 239 238 236 235 234 234 235 236 239 237 235 233 233 235 237 239 237 236 236 236 237 237 235 233 233 235 237 239 239 237 235 233 238 238 238 238 238 237 235 235 236 235 235 235 236 236 234 233 236 234 233 233 235 237 237 236 234 235 237 236 234 232 232 232 237 233 229 229 232 235 236 235 232 233 235 235 237 237 238 239 235 234 234 234 234 235 236 237 236 235 234 233 233 233 233 234 233 234 235 236 235 234 232 231 235 233 230 229 229 230 233 235 235 235 234 233 231 230 229 229 230 231 233 234 233 231 229 227 232 232 232 231 230 229 228 226 233 222 212 210 209 199 178 159 141 91 40 21 21 19 14 13 22 23 24 25 27 29 25 21 18 17 16 16 16 15 16 16 16 14 13 11 12 13 16 17 15 14 15 14 15 16 17 18 26 23 21 22 23 19 13 8 10 10 9 6 5 5 10 12 12 11 10 9 9 10 12 13 13 12 11 11 9 9 8 7 6 8 11 11 10 8 8 9 9 11 13 13 12 12 12 14 16 17 16 14 13 13 16 19 16 16 15 12 9 8 12 13 6 9 12 11 9 8 11 13 13 11 10 8 7 6 6 6 5 5 6 6 6 6 8 8 8 8 8 7 5 5 8 10 5 6 9 9 9 9 8 7 3 3 2 3 4 5 6 7 7 9 7 5 6 10 9 4 11 7 5 6 4 1 2 5 10 12 13 10 7 6 9 13 7 6 7 9 11 12 13 14 16 14 12 13 15 14 10 6 12 13 11 9 6 5 7 10 7 13 18 19 20 19 15 8 12 14 15 15 15 13 14 15 12 13 16 19 21 24 36 46 59 59 63 72 76 73 98 140 178 198 219 227 229 234 238 240 235 240 242 237 234 236 239 240 244 244 243 241 239 239 241 244 240 240 241 243 245 246 244 242 247 246 245 245 247 248 249 248 247 252 253 249 247 249 252 252 243 246 249 251 250 250 250 251 251 246 245 250 251 248 249 253 253 255 255 248 246 251 255 253 250 255 255 252
227 227 228 229 229 230 231 231 229 230 232 233 234 234 233 232 229 230 231 232 232 232 232 232 230 229 228 229 231 232 231 230 230 230 231 232 234 235 236 236 231 231 231 231 231 231 231 231 226 232 237 237 232 229 230 233 232 232 232 233 233 234 234 234 232 232 233 233 233 234 234 234 232 233 234 234 233 232 230 229 231 231 232 233 235 236 237 237 231 234 236 236 234 234 236 239 235 234 232 230 230 232 234 235 233 233 234 235 237 238 239 239 230 231 231 232 232 233 233 233 227 225 225 228 234 237 237 235 228 228 229 230 230 229 228 227 231 231 231 232 232 233 233 233 235 235 235 235 235 235 235 235 233 232 231 229 229 230 231 231 227 229 231 230 229 229 231 233 230 230 230 230 230 230 230 230 228 232 235 235 232 227 226 226 222 223 217 210 206 196 176 157 134 83 39 26 23 25 27 21 27 26 28 26 23 20 17 15 15 17 19 18 15 12 13 12 13 14 16 18 18 19 18 18 8 12 15 16 16 17 21 24 20 22 22 19 15 12 9 11 7 8 6 5 6 8 10 12 6 6 7 7 9 11 12 13 11 11 12 11 10 9 8 7 2 5 7 9 9 10 11 12 8 10 12 11 9 9 10 14 16 17 17 17 14 15 17 18 17 15 12 9 7 7 11 12 2 6 10 9 6 7 13 18 15 10 7 9 10 8 8 9 1 1 4 9 10 7 7 7 5 5 6 6 7 8 9 9 1 4 7 8 6 6 8 10 8 7 6 5 5 5 6 6 10 8 6 6 8 10 9 8 4 3 1 2 4 6 6 5 3 4 6 6 7 8 11 13 3 4 6 8 10 13 14 15 7 9 9 9 13 17 15 9 4 7 10 10 7 4 4 6 9 10 13 17 19 18 14 10 11 12 11 11 11 12 14 16 11 10 8 11 13 18 35 48 55 66 72 76 77 80 107 143 171 193 216 224 225 228 234 236 235 238 241 240 238 239 243 247 239 237 238 241 240 238 240 245 243 241 240 240 241 243 244 243 242 242 243 244 244 243 242 242 244 245 248 250 247 243 246 253 238 242 246 249 250 250 250 251 247 244 241 242 245 248 248 246 249 249 248 247 248 251 255 255 247 247 249 250
231 230 230 230 230 230 230 230 230 231 232 233 234 233 232 231 230 230 231 232 233 233 232 232 230 229 228 229 232 233 232 231 231 231 232 232 232 232 232 232 231 231 231 231 231 231 231 231 227 232 236 236 232 229 230 233 229 229 229 230 230 231 231 231 230 230 230 231 231 231 232 232 233 233 233 233 232 232 231 230 233 233 234 234 234 234 234 234 233 235 236 235 233 232 233 235 236 234 233 231 231 233 234 236 234 234 235 236 236 237 237 238 232 232 232 232 232 233 234 234 226 225 225 228 232 235 234 233 228 229 230 231 231 230 229 228 231 231 231 232 232 233 233 233 234 234 234 234 234 234 234 234 234 233 232 230 230 230 231 232 229 230 232 232 231 231 232 234 230 230 230 230 230 230 230 230 227 230 233 233 231 228 227 227 225 220 210 201 197 192 175 159 121 75 41 29 25 24 25 19 24 25 25 24 23 21 17 15 16 18 20 19 17 14 15 15 15 15 16 17 17 17 18 18 12 15 17 17 17 18 20 23 17 18 19 17 11 8 7 9 8 8 7 6 6 7 9 11 9 9 9 10 11 13 15 16 13 13 13 13 12 10 9 8 4 5 7 8 9 10 11 12 11 14 16 15 13 13 14 18 11 12 13 13 11 11 12 13 16 14 13 10 8 8 10 11 2 6 9 8 6 7 13 18 14 9 6 9 9 7 7 8 11 8 10 13 12 6 5 6 11 9 10 10 10 10 11 11 2 5 7 7 6 5 7 9 8 8 6 5 5 5 5 5 10 8 6 6 7 8 8 7 8 6 5 5 7 8 8 7 4 4 5 5 6 7 9 11 6 6 7 8 9 10 10 11 10 12 12 12 15 19 17 11 7 10 13 12 10 8 8 9 8 9 10 13 15 14 11 8 14 15 15 15 14 14 17 18 14 10 8 8 11 16 31 45 58 69 73 75 76 79 105 143 171 192 215 223 226 231 236 238 239 238 238 240 242 243 243 243 243 241 241 242 240 236 237 241 242 242 241 242 242 242 241 240 244 244 244 245 245 244 244 244 245 246 249 250 247 242 245 252 243 245 248 248 247 246 246 246 249 245 242 242 244 246 245 244 244 242 240 239 240 243 246 247 250 251 251 252
233 233 232 231 230 230 229 229 231 231 233 233 233 232 230 229 230 230 231 232 232 232 232 231 230 229 228 230 232 234 233 232 233 233 232 231 230 229 228 228 231 231 231 231 231 231 231 231 228 231 235 235 232 230 230 232 229 229 230 230 230 231 231 231 230 230 230 231 231 231 232 232 234 233 232 231 231 231 232 232 238 238 237 236 235 234 233 233 236 238 238 237 234 233 233 234 236 235 234 233 233 234 235 236 235 235 235 236 236 236 236 236 234 233 232 232 232 233 235 236 227 226 226 227 230 232 232 231 230 231 231 232 232 231 231 230 231 231 231 232 232 233 233 233 232 232 232 232 232 232 232 232 234 234 233 232 231 232 232 232 230 232 233 233 232 231 233 234 230 230 230 230 230 229 229 229 228 229 231 231 229 228 228 228 226 220 213 203 190 164 128 100 79 46 27 23 20 21 24 19 19 20 21 21 21 21 18 17 16 18 20 20 18 16 18 19 18 17 16 15 15 15 16 17 10 11 12 12 12 13 15 17 15 16 16 14 8 6 4 7 8 9 8 6 6 7 8 9 6 6 6 7 8 9 11 12 8 8 8 8 7 6 5 4 6 6 7 8 9 10 11 11 9 12 14 13 11 11 12 16 9 10 11 13 11 10 9 8 14 14 13 12 10 9 10 9 3 6 9 8 7 8 12 17 13 7 5 7 8 5 5 7 11 8 8 10 8 3 4 3 10 8 8 7 7 7 6 6 5 6 7 7 5 5 6 7 9 8 7 5 4 4 4 4 10 8 6 5 6 7 6 4 10 7 6 5 7 8 7 6 5 5 4 4 5 6 7 8 8 8 8 7 7 7 6 6 6 9 9 8 10 13 12 7 6 7 9 8 6 5 5 6 9 8 8 10 12 12 11 9 12 13 13 13 12 11 14 15 19 14 12 12 15 20 34 48 60 70 74 76 79 84 112 150 176 197 217 226 226 231 236 238 240 237 236 239 244 246 243 239 243 241 241 243 241 236 237 241 242 242 244 245 245 245 245 244 244 244 245 245 245 245 244 244 247 247 249 250 247 242 244 250 250 250 251 249 246 244 244 244 252 249 246 245 246 246 246 245 255 252 248 247 250 252 252 251 247 247 247 247
231 231 231 230 230 229 229 229 231 232 233 233 233 231 229 228 229 229 230 231 231 230 230 229 230 229 228 230 233 234 234 233 233 233 232 231 230 229 228 228 231 231 231 231 231 231 231 231 228 231 234 233 231 230 230 232 233 233 233 234 234 234 234 234 232 232 233 233 233 234 234 234 234 233 231 230 230 231 232 233 241 240 240 239 237 236 236 235 239 240 240 239 238 237 238 238 236 236 235 234 234 235 236 236 237 236 236 235 235 234 234 234 236 235 233 232 232 233 235 237 228 228 228 229 230 231 231 231 232 232 232 232 232 232 232 232 231 231 231 232 232 233 233 233 233 233 233 233 233 233 233 233 235 234 234 233 233 232 232 232 230 232 233 232 231 230 232 233 230 230 230 229 229 229 229 228 229 229 228 228 228 228 228 228 223 217 211 199 180 140 89 53 45 26 17 18 17 19 22 18 18 18 18 19 19 19 17 17 14 16 19 18 17 16 19 20 20 18 16 14 13 14 15 16 9 9 8 8 8 10 11 13 14 15 15 13 8 5 4 6 9 10 8 7 7 7 7 8 5 4 4 5 6 7 8 9 7 7 7 7 6 5 3 3 8 7 7 7 9 10 11 10 6 9 11 11 9 9 11 15 11 12 13 15 14 13 11 8 13 13 14 13 12 9 9 7 5 6 8 8 7 8 12 16 12 6 4 6 7 4 4 6 7 3 4 7 7 4 6 8 10 7 7 6 5 4 3 3 7 7 7 6 5 5 5 6 9 8 7 5 4 3 3 3 10 8 6 5 5 5 4 3 7 5 3 2 3 4 3 1 7 5 4 4 4 5 5 5 8 7 7 6 6 5 5 5 5 7 7 5 6 9 8 5 6 6 6 6 5 4 3 3 12 10 9 10 12 13 13 12 11 13 12 13 12 10 13 13 21 16 14 16 22 28 42 55 60 69 73 77 84 96 124 163 185 202 220 226 226 231 235 236 236 235 236 240 243 243 240 237 239 238 240 243 242 239 240 245 243 244 245 245 246 248 251 253 249 249 248 248 248 248 249 249 249 247 248 250 247 243 244 248 251 252 251 249 247 245 246 248 253 251 249 248 248 249 249 250 253 247 242 243 248 251 249 246 245 245 245 245
227 227 227 228 228 229 229 229 231 231 232 233 232 231 229 228 227 228 228 229 229 228 227 227 230 229 228 230 232 234 233 232 232 232 232 232 231 231 231 231 231 231 231 231 231 231 231 231 230 231 232 232 231 230 230 231 235 235 235 235 235 235 235 235 232 232 233 233 233 234 234 234 233 232 231 230 230 231 233 234 237 237 237 237 237 236 236 236 237 237 237 238 239 239 239 239 236 235 235 235 235 235 235 236 237 236 236 235 234 234 233 233 236 235 234 233 233 233 234 235 229 230 230 231 231 231 232 232 233 232 232 232 232 232 232 233 231 231 231 232 232 233 233 233 233 233 233 233 233 233 233 233 234 234 234 234 233 233 232 232 229 231 232 231 229 229 230 231 230 230 230 229 229 228 228 228 230 229 228 228 227 228 227 224 221 210 199 187 169 139 101 75 40 29 25 24 19 18 19 13 19 19 18 17 15 14 14 14 12 14 16 15 14 14 18 19 20 18 16 14 13 13 14 15 13 12 11 11 13 15 14 15 14 15 16 14 8 5 4 6 8 10 9 8 7 7 7 7 9 8 8 8 9 10 11 12 12 12 12 12 11 9 8 7 11 9 7 7 9 11 10 9 8 11 14 13 11 12 14 18 14 13 14 16 16 15 12 8 12 13 14 14 12 9 9 7 6 6 8 7 7 9 12 14 11 6 4 6 7 4 4 6 8 5 7 10 11 9 12 14 13 11 10 9 8 7 6 6 9 8 6 5 5 5 5 5 8 7 6 4 3 3 3 3 10 8 6 5 5 5 4 3 6 3 1 1 2 2 1 1 8 6 3 3 5 6 5 3 5 5 5 6 6 6 6 6 8 11 11 8 7 10 10 8 12 11 10 9 8 8 7 6 12 10 8 9 11 12 12 12 15 17 17 18 16 14 16 16 16 12 13 19 28 36 49 60 60 68 71 76 87 100 131 171 189 206 220 226 227 233 237 238 231 235 239 240 239 237 237 238 238 238 240 244 243 240 241 245 246 246 245 243 241 243 249 253 252 251 250 249 249 250 251 252 249 247 247 249 248 244 244 248 246 247 248 247 246 246 248 250 249 249 248 247 247 248 250 252 250 245 242 243 249 252 250 247 247 247 248 249
225 225 226 227 228 228 229 229 229 230 231 232 232 231 229 228 228 228 229 229 228 228 227 226 230 229 228 229 231 232 231 230 230 230 231 231 232 232 233 233 231 231 231 231 231 231 231 231 230 230 230 230 230 230 230 231 233 233 233 233 232 232 232 232 230 230 230 231 231 231 232 232 232 232 231 231 231 232 233 234 232 232 232 233 233 234 234 235 233 232 232 233 235 237 236 235 234 234 235 235 235 235 234 234 236 236 235 235 234 234 233 233 234 234 234 234 234 233 233 232 228 230 232 232 231 231 232 234 233 232 232 231 231 232 232 233 231 231 231 232 232 233 233 233 234 234 234 234 234 234 234 234 233 233 233 234 233 232 231 231 229 231 232 231 229 228 229 230 230 230 229 229 228 227 227 228 230 229 228 228 227 226 224 220 219 207 198 186 163 126 88 66 33 25 24 25 21 22 24 16 20 19 18 16 13 13 13 13 11 12 14 13 11 12 16 18 18 17 16 14 13 13 14 14 10 10 10 12 15 16 14 13 15 16 16 14 9 6 5 7 7 9 8 8 8 8 7 7 8 8 8 8 8 9 10 11 11 12 12 11 11 9 8 7 14 10 6 6 9 11 10 8 7 10 13 12 11 11 13 17 15 13 12 14 15 15 11 7 13 13 14 13 12 9 9 7 7 7 7 7 8 10 12 13 12 6 4 6 7 4 4 6 9 6 8 11 10 7 8 10 11 9 8 7 6 5 5 4 10 8 5 4 5 6 6 5 6 5 5 4 3 4 4 4 10 8 6 5 6 7 6 4 7 5 3 3 4 5 5 3 9 6 3 3 6 8 6 4 4 4 5 6 6 7 7 8 8 11 11 6 4 7 8 7 13 11 8 7 8 8 7 5 10 8 7 7 9 10 10 9 14 16 16 17 16 13 14 14 10 7 11 21 33 41 53 63 63 69 69 74 86 101 133 174 192 206 220 226 230 236 241 242 231 236 240 240 236 234 236 240 242 241 243 246 244 238 237 241 247 247 246 241 237 237 241 246 245 244 242 241 241 242 244 245 249 246 246 249 248 245 245 248 242 243 245 245 244 244 246 247 244 245 245 244 244 245 248 251 251 249 247 248 252 255 254 252 246 246 247 247
227 228 228 228 228 228 228 228 228 229 230 232 232 231 230 229 230 230 230 230 230 229 228 227 231 229 228 228 229 230 228 227 229 229 230 230 231 231 231 231 231 231 231 231 231 231 231 231 231 230 229 229 230 231 230 230 232 232 231 231 230 230 230 229 230 230 230 231 231 231 232 232 230 231 232 232 233 233 233 233 232 232 233 233 233 234 234 234 233 231 230 231 233 234 233 231 233 233 234 234 234 234 233 233 235 235 234 234 234 234 234 234 232 233 234 235 234 233 231 229 226 228 231 231 230 230 232 235 233 232 231 230 230 231 232 233 231 231 231 232 232 233 233 233 232 232 232 232 232 232 232 232 231 232 233 233 233 231 230 229 231 232 233 232 230 229 229 231 230 230 229 229 228 227 226 227 230 229 228 228 228 226 220 213 210 199 188 171 138 91 48 26 22 16 18 19 16 21 26 21 21 20 17 16 13 13 13 14 12 13 14 12 10 10 14 17 16 16 16 15 15 14 14 14 7 7 8 12 16 18 14 11 14 15 16 14 8 5 4 6 5 7 8 8 9 9 8 8 7 7 7 6 7 8 8 9 9 9 9 9 8 7 6 5 16 11 6 6 9 12 10 8 6 9 12 12 11 11 13 18 18 14 11 12 13 14 11 7 14 13 14 12 11 9 9 8 8 7 7 7 8 10 11 12 12 7 5 7 8 5 5 7 7 5 7 10 9 5 4 4 8 5 5 4 4 3 3 2 10 7 3 3 5 7 7 6 4 4 3 3 3 4 5 6 10 8 6 6 7 8 8 7 8 6 4 5 6 8 8 7 10 6 2 4 8 10 8 5 6 6 6 6 7 7 7 8 6 10 10 4 1 3 5 5 14 10 7 5 6 7 5 4 9 8 8 9 11 12 11 9 11 14 15 16 14 11 12 11 9 8 14 26 40 48 57 65 65 68 70 75 90 106 140 181 201 213 223 227 230 235 238 239 237 238 239 239 238 238 239 240 242 241 244 247 244 239 238 240 242 245 247 245 240 239 242 245 242 240 239 237 237 239 240 242 248 245 244 248 249 247 246 249 246 248 249 248 246 243 242 243 246 247 247 245 243 244 247 250 243 243 242 242 243 243 243 243 245 245 245 245
231 231 230 229 229 228 227 227 227 228 230 231 232 232 231 230 232 232 232 232 232 231 230 229 231 229 228 227 228 228 226 225 229 229 229 229 229 229 229 229 231 231 231 231 231 231 231 231 232 230 229 229 230 231 230 230 232 232 232 231 231 230 230 230 232 232 233 233 233 234 234 234 229 230 232 233 234 234 233 232 236 236 236 236 236 236 236 236 237 234 231 232 234 234 232 229 232 233 233 234 234 233 233 232 234 234 234 234 234 234 234 234 230 232 234 235 235 232 229 227 224 227 230 230 228 228 231 234 232 232 230 229 229 230 232 232 231 231 231 232 232 233 233 233 231 231 231 231 231 231 231 231 230 231 232 233 232 231 229 228 232 234 234 233 231 230 231 232 230 230 229 228 227 227 226 226 230 229 228 229 228 225 217 211 200 183 162 137 104 64 35 25 29 22 20 19 13 18 24 15 20 19 17 16 13 14 14 15 13 14 14 12 10 10 14 16 14 14 16 16 16 15 14 13 9 10 12 17 22 23 18 15 13 14 15 13 7 4 3 5 4 6 7 8 9 9 9 9 11 11 11 10 11 11 12 13 12 12 12 12 11 9 8 7 18 12 6 6 9 12 10 7 11 14 17 17 16 17 19 23 21 16 12 13 14 16 13 10 14 14 13 12 10 9 10 9 9 7 6 6 8 10 11 11 13 7 5 7 8 5 5 7 8 6 10 14 14 9 8 8 10 8 8 7 7 7 6 6 10 6 3 2 5 7 8 7 3 3 3 3 4 5 6 7 10 8 6 6 8 10 9 8 6 5 3 4 6 8 8 7 10 6 2 4 9 11 9 6 8 8 7 7 7 7 7 6 10 14 14 8 4 6 8 8 18 15 10 9 10 11 10 7 11 11 11 12 14 15 13 11 15 17 18 19 17 14 15 13 13 12 20 33 47 54 61 67 66 68 71 78 95 115 151 193 211 221 229 229 229 231 233 231 243 239 236 237 241 243 242 239 238 238 242 246 246 241 241 244 235 242 248 250 248 246 248 251 250 248 246 245 245 246 248 250 248 244 244 248 249 247 247 249 253 255 255 254 249 245 241 240 250 252 252 249 246 245 248 251 252 253 253 252 250 248 249 250 249 249 248 248
227 227 227 227 227 227 227 227 229 230 231 232 232 231 230 229 229 229 229 229 229 229 229 229 228 227 226 225 226 227 229 230 226 228 229 230 231 230 229 229 228 230 232 233 231 231 231 233 229 229 229 230 230 231 231 231 229 229 228 228 228 229 230 230 228 229 230 232 232 231 230 230 228 230 232 232 231 231 232 234 235 235 235 235 235 235 235 235 232 232 232 233 233 234 234 234 232 232 233 234 235 235 236 236 229 231 235 239 240 240 238 237 228 230 233 234 233 232 232 233 229 229 229 230 230 231 231 231 232 230 229 228 227 228 229 229 231 231 230 230 229 228 227 227 226 228 230 230 230 230 232 234 229 230 232 234 234 232 230 229 229 229 229 230 230 231 231 231 228 229 229 229 228 226 224 224 223 227 228 225 226 223 213 202 192 184 157 117 84 50 29 30 19 19 16 16 17 19 20 20 16 16 14 14 12 13 12 13 13 13 15 15 14 14 15 14 11 16 18 13 11 16 18 15 7 10 14 19 21 21 17 16 15 15 15 13 7 4 4 7 6 7 6 8 11 13 13 13 12 11 10 10 10 10 11 12 6 7 8 10 11 12 12 12 14 11 8 9 13 15 14 12 6 11 14 15 17 21 18 15 17 15 15 18 20 21 18 14 19 16 13 11 11 11 12 11 7 7 8 9 9 9 10 10 6 4 6 10 10 6 6 8 6 7 11 12 11 9 8 6 7 7 8 8 6 4 4 5 5 6 8 9 10 10 9 8 6 5 4 3 3 4 5 6 7 5 3 4 7 9 10 10 8 7 6 5 5 6 8 9 5 9 8 5 7 13 12 6 2 4 7 10 10 9 7 5 3 10 17 16 10 6 7 10 8 12 14 12 12 15 14 10 10 10 11 12 14 16 18 20 9 20 15 11 18 18 11 8 13 12 22 39 54 60 66 72 71 69 75 85 102 130 169 200 215 220 225 230 234 235 233 231 234 238 238 234 234 238 238 234 235 237 241 244 245 244 242 240 235 239 244 243 241 241 245 250 247 246 246 248 251 253 253 252 249 248 247 247 247 246 244 241 243 243 245 248 251 251 249 247 244 250 252 249 246 249 252 251 254 255 254 250 245 245 251 255 250 249 248 247
228 228 228 228 228 228 228 228 226 227 228 229 229 228 227 226 229 229 229 229 229 229 229 229 227 226 225 225 225 226 228 229 227 228 230 231 231 231 230 230 228 230 231 232 230 230 231 232 229 229 229 230 230 231 231 231 230 229 229 228 228 229 230 230 225 226 229 231 233 234 234 234 230 231 233 232 231 231 232 234 234 234 234 234 234 234 234 234 233 233 233 233 234 234 234 235 234 234 234 234 234 233 233 233 230 232 234 236 237 236 235 234 229 231 233 233 232 231 232 233 230 230 231 231 232 232 232 233 233 232 230 229 229 229 230 231 233 232 231 230 229 229 229 229 227 229 231 231 230 230 232 234 228 230 231 233 233 231 230 228 229 229 229 230 230 231 231 231 228 228 228 228 227 226 225 226 223 225 225 221 220 216 205 194 191 188 167 135 100 60 28 21 25 25 20 18 18 19 18 17 19 18 16 16 14 15 14 15 12 14 16 16 15 14 15 15 12 17 19 14 12 15 17 15 16 16 16 15 15 14 12 12 17 17 17 14 9 6 6 9 8 9 7 7 9 10 9 8 11 11 12 12 12 12 11 11 7 7 9 10 11 11 11 11 12 10 9 9 11 12 12 12 4 9 13 13 15 19 17 13 15 15 15 17 17 17 17 15 20 17 15 12 12 12 13 12 6 7 8 8 9 9 9 9 8 5 6 10 10 7 7 9 6 7 11 11 11 9 8 6 7 7 9 8 6 5 5 6 4 5 6 7 7 7 6 5 7 6 5 4 4 5 6 7 8 6 5 6 8 10 10 9 9 8 7 6 6 7 8 9 7 9 8 5 7 12 11 6 4 5 7 8 9 8 6 5 4 9 14 15 11 8 8 10 6 10 12 10 10 13 12 8 11 11 11 13 14 17 19 20 11 21 16 12 18 17 11 9 14 16 28 46 60 63 67 71 71 72 81 95 114 140 174 200 216 218 224 230 233 234 232 231 233 236 236 233 233 236 236 233 238 239 240 241 242 242 242 241 237 241 244 243 239 238 241 245 242 241 241 243 246 248 248 247 245 246 246 246 245 245 244 245 243 243 243 246 248 248 246 244 252 255 255 251 247 246 246 243 249 250 250 246 242 242 247 252 246 245 244 243
230 230 230 230 230 230 230 230 226 226 227 228 228 227 226 226 229 229 229 229 229 229 229 229 228 227 227 227 227 228 229 230 228 229 230 231 231 231 231 230 227 229 230 230 229 229 230 232 230 230 230 230 231 231 231 231 230 230 229 229 229 229 230 230 226 227 229 231 232 233 233 233 231 233 234 233 231 230 231 232 233 233 233 233 233 233 233 233 229 230 230 230 231 231 231 231 235 235 234 233 232 232 231 231 232 232 233 233 232 232 232 232 230 231 232 231 230 230 232 234 232 232 232 232 233 233 233 233 234 233 232 231 231 231 231 231 235 234 232 230 229 229 230 231 230 232 233 232 231 230 231 233 228 229 230 231 231 230 229 228 229 229 230 230 230 230 231 231 228 228 227 226 226 226 227 227 224 225 223 219 216 211 199 187 189 177 142 102 72 40 20 21 26 25 22 20 19 20 19 18 21 21 19 18 16 17 16 17 13 15 17 17 16 16 17 16 14 18 19 16 13 15 15 14 14 13 11 11 12 16 17 20 17 18 18 15 9 7 7 9 13 13 10 9 10 10 8 7 11 12 13 14 14 13 12 11 9 9 10 10 10 10 9 9 9 10 10 10 9 9 11 13 4 8 11 11 13 17 15 11 14 15 16 16 13 14 16 18 23 20 17 14 14 13 14 12 7 7 8 8 9 9 10 10 9 7 7 11 11 7 7 10 7 8 11 11 11 10 9 7 8 8 9 9 7 5 5 6 6 6 7 7 7 6 5 5 9 8 6 5 5 6 8 9 9 8 7 8 10 10 9 7 10 9 9 8 8 8 9 10 9 10 8 6 7 10 9 5 7 7 7 7 7 6 6 6 6 8 11 13 13 12 11 10 7 11 12 10 10 13 13 9 12 12 13 14 15 17 19 20 14 22 17 13 18 16 12 12 17 22 37 54 66 68 69 70 69 73 88 109 133 158 185 204 216 220 226 230 233 234 234 233 234 237 237 234 234 237 237 234 241 240 239 238 238 239 241 242 238 241 243 243 240 240 242 245 240 239 238 240 243 244 244 243 244 246 248 247 244 244 247 250 245 244 243 244 246 246 245 243 247 252 254 251 249 250 249 246 246 248 248 246 242 242 245 249 245 244 243 242
229 229 229 229 229 229 229 229 228 229 229 229 229 229 229 228 229 229 229 229 229 229 229 229 230 230 230 230 230 231 231 232 228 228 229 229 230 230 230 230 227 228 229 229 228 228 230 232 230 231 231 231 231 231 231 231 231 231 230 229 229 229 229 230 231 231 230 230 230 229 228 228 231 232 233 232 229 228 229 230 232 232 232 232 232 232 232 232 230 230 230 231 231 232 232 232 235 234 234 233 232 232 231 231 233 233 232 231 231 232 233 234 232 232 232 230 229 230 232 235 232 232 232 232 233 233 233 233 233 232 232 231 231 231 231 231 235 233 231 229 228 229 230 231 232 234 234 233 231 230 231 232 228 228 229 230 230 229 228 228 230 230 230 230 230 230 230 230 228 227 226 225 225 227 228 229 226 227 225 220 215 211 199 187 177 155 108 63 41 25 17 24 23 23 21 19 22 23 23 22 22 22 20 19 17 16 15 17 14 16 18 18 18 17 18 17 16 18 20 18 15 14 14 14 12 11 11 11 14 18 21 24 17 18 17 15 9 7 6 9 17 16 14 13 13 13 12 11 11 12 14 16 16 14 12 11 12 13 13 12 12 10 9 8 9 11 13 12 9 9 12 15 5 9 11 11 12 16 15 12 14 17 18 17 12 13 17 21 24 21 18 15 14 14 14 13 8 8 10 10 10 11 11 11 11 8 8 11 11 7 8 11 8 8 11 11 11 10 9 8 9 8 10 9 7 6 6 7 10 10 10 10 9 8 7 7 10 9 7 6 6 7 9 10 10 9 9 10 11 11 8 5 11 11 10 10 9 9 9 10 10 10 8 7 8 9 7 5 11 10 9 7 7 7 7 8 7 7 7 11 15 16 13 10 11 14 15 12 13 16 16 13 15 14 15 15 16 18 19 20 16 24 18 15 19 16 13 17 24 31 45 58 67 70 71 71 65 72 95 125 153 177 198 213 220 222 227 230 234 236 237 237 239 240 240 239 239 240 240 239 241 241 240 239 238 239 240 240 237 239 242 243 243 244 247 250 242 241 240 241 243 245 244 243 245 249 251 249 244 243 248 253 249 247 244 244 245 246 245 244 244 249 251 249 249 251 250 246 248 249 250 248 246 246 248 250 248 247 246 244
229 229 229 229 229 229 229 229 230 229 229 229 229 229 229 230 229 229 229 229 229 229 229 229 228 229 229 230 230 231 231 231 228 228 228 228 228 229 229 230 228 229 229 228 227 228 230 232 232 231 231 231 231 231 231 231 232 232 231 230 229 229 229 230 231 230 229 228 227 227 226 226 230 231 231 230 228 227 228 229 232 232 232 232 232 232 232 232 234 234 234 235 235 236 236 236 233 233 233 233 233 233 233 233 234 233 232 231 232 234 236 238 233 234 233 231 230 230 232 235 232 232 232 232 231 231 231 231 231 231 231 231 231 230 230 229 233 232 230 228 228 228 228 229 233 234 235 233 231 230 230 231 228 229 229 229 229 229 229 228 230 230 230 230 230 230 230 230 228 227 226 225 225 227 228 229 225 224 222 217 216 212 200 188 165 145 105 69 53 35 23 23 25 23 20 21 23 24 25 24 24 21 19 18 16 15 14 15 15 17 18 18 18 17 18 17 17 18 20 20 18 15 14 15 19 19 18 18 18 18 16 16 19 20 19 17 11 9 8 11 15 15 13 13 15 16 15 14 11 12 14 16 16 14 12 11 15 15 15 14 13 12 10 9 10 13 15 13 11 10 14 17 8 12 13 12 14 18 16 14 16 18 20 18 14 15 19 23 23 20 17 15 14 14 14 13 10 10 11 12 12 13 13 13 12 9 8 11 10 7 8 11 9 9 11 11 11 10 10 9 9 9 11 10 8 7 7 8 11 11 10 9 9 8 8 8 10 9 8 7 7 8 9 10 10 10 10 10 11 10 7 4 11 11 11 11 10 10 9 9 11 9 7 8 9 8 6 6 14 12 10 8 8 8 10 10 9 7 6 10 15 17 15 11 12 15 15 12 13 16 17 14 17 17 16 17 17 18 19 20 18 24 19 17 20 16 15 22 34 41 52 59 66 70 74 74 69 80 109 143 173 192 206 216 221 224 227 230 232 234 235 236 240 239 239 240 240 239 239 240 240 240 241 241 241 240 239 238 238 240 241 242 243 244 246 247 244 243 242 242 244 245 244 243 246 249 252 249 243 241 244 248 248 246 244 243 244 244 243 242 251 253 252 248 246 246 243 238 250 250 250 250 249 249 250 252 250 249 248 247
228 228 228 228 228 228 228 228 229 228 228 227 227 228 228 229 229 229 229 229 229 229 229 229 226 227 228 229 229 229 228 228 229 228 228 228 228 229 230 231 229 230 230 228 227 228 231 233 232 232 232 232 231 231 231 231 233 233 231 230 229 229 229 230 229 228 228 227 227 228 229 229 229 230 231 230 228 228 228 230 232 232 232 232 232 232 232 232 231 232 232 232 233 233 233 233 234 234 234 234 234 234 234 234 234 233 233 233 234 235 237 239 234 235 235 234 232 232 233 235 232 232 232 232 231 231 231 231 231 231 231 231 231 230 229 228 231 230 230 229 229 228 227 226 232 233 234 233 230 229 230 231 230 230 229 229 229 229 230 230 231 231 230 230 230 230 229 229 228 228 227 226 226 226 227 226 220 220 218 214 213 208 196 186 164 142 99 66 53 39 24 23 27 25 23 20 21 21 21 20 24 21 20 15 15 13 13 14 14 17 18 18 18 17 18 17 17 17 20 22 20 15 14 17 15 17 19 21 22 21 19 18 22 23 22 20 14 12 11 14 11 11 10 11 13 14 14 14 11 12 13 14 14 13 12 11 16 16 16 15 13 12 10 9 13 13 14 13 13 13 15 17 11 14 15 13 14 19 18 15 17 19 19 19 17 18 20 22 20 17 15 13 13 13 14 13 10 10 12 12 12 13 13 13 13 9 8 9 9 6 7 10 10 10 11 11 10 10 11 10 10 10 12 11 9 8 8 9 9 8 7 7 6 7 7 8 10 9 7 6 6 7 9 10 10 9 8 9 10 9 7 5 11 11 11 11 11 9 8 7 11 7 6 9 10 8 6 7 13 11 10 9 9 9 10 11 9 8 7 10 14 16 15 12 11 14 14 10 11 15 16 14 19 19 18 18 18 19 19 20 19 24 19 18 21 16 18 29 43 51 59 61 65 71 77 77 82 97 128 161 186 199 208 218 224 225 226 227 229 232 233 234 238 236 236 238 238 236 236 238 239 240 242 243 243 242 241 240 243 243 242 242 241 240 240 240 244 243 242 242 243 244 242 241 244 246 248 247 243 240 240 242 246 244 243 243 244 244 242 241 249 250 248 245 246 249 248 243 250 249 248 247 248 249 251 252 250 249 248 246
230 230 230 230 230 230 230 230 231 230 229 228 228 229 230 231 229 229 229 229 229 229 229 229 227 228 229 231 231 231 230 229 231 231 230 230 230 231 233 234 230 231 230 229 228 229 232 235 233 233 233 232 232 231 231 231 234 233 232 231 230 229 229 229 232 231 230 229 229 229 230 231 229 231 232 232 231 230 231 233 233 233 233 233 233 233 233 233 230 230 231 231 231 232 232 232 237 237 236 236 235 234 234 234 235 235 234 234 234 235 235 236 235 236 238 237 235 233 234 235 234 234 233 233 232 232 232 231 231 232 233 233 233 232 230 229 230 231 232 232 231 229 227 226 230 231 232 231 230 229 230 231 231 231 230 230 230 230 231 231 231 231 231 230 230 229 229 229 228 228 228 228 227 226 225 224 219 218 217 213 209 205 194 183 166 135 81 41 31 26 21 24 26 23 21 19 20 20 20 19 24 21 20 16 15 14 13 14 14 16 17 17 17 16 17 17 17 16 19 24 22 16 15 19 10 12 15 19 22 24 23 23 21 21 21 18 13 10 10 13 11 11 10 10 12 14 14 13 11 11 12 12 12 12 11 11 14 14 14 13 12 10 9 8 14 12 11 11 13 15 15 14 12 15 15 13 14 19 18 16 17 17 17 19 19 20 19 18 16 14 11 10 11 12 13 12 9 9 10 10 11 11 12 12 13 9 7 8 7 4 6 9 10 10 11 11 10 10 11 10 11 11 12 12 10 8 8 9 8 8 7 6 7 8 9 10 9 8 7 6 6 7 8 9 10 8 6 6 8 8 8 6 10 11 11 11 10 9 7 6 10 5 4 9 11 8 7 9 9 8 8 8 8 9 9 10 10 9 10 11 13 14 14 13 12 15 14 11 11 15 17 15 21 20 20 19 19 19 20 20 19 23 18 19 22 17 20 34 50 59 67 67 69 74 79 79 94 111 145 176 197 206 215 222 229 230 230 230 231 233 234 236 238 234 234 238 238 234 234 238 242 241 241 241 242 243 244 245 248 247 245 244 243 242 241 239 246 244 243 243 244 244 242 241 243 245 247 248 247 245 242 241 247 246 246 247 249 248 246 243 246 247 245 243 248 255 255 253 252 250 247 246 247 250 252 253 250 249 248 247
231 231 231 231 231 231 231 231 234 233 232 231 231 232 233 234 229 229 229 229 229 229 229 229 231 232 233 235 235 234 233 233 234 233 232 231 232 233 235 236 231 232 231 229 228 229 233 236 233 233 233 232 232 231 231 231 234 233 232 231 230 229 229 229 239 237 234 232 230 229 229 229 230 232 234 234 233 233 234 236 233 233 233 233 233 233 233 233 236 237 237 237 238 238 238 239 241 240 239 237 235 234 233 232 236 236 235 235 234 233 232 232 235 237 239 239 237 235 234 234 235 235 235 234 234 233 233 233 233 233 234 235 234 233 232 230 230 231 234 235 234 231 228 226 229 230 231 231 229 229 230 231 232 231 231 230 230 231 231 232 231 230 231 229 230 229 229 229 228 229 229 229 228 226 224 222 221 221 218 213 210 203 193 181 159 128 74 37 29 26 20 23 21 21 18 18 20 21 23 22 25 22 21 19 16 15 14 15 15 16 17 17 19 18 17 16 16 15 19 24 23 17 16 21 18 18 18 18 18 16 17 16 17 17 17 13 9 6 6 9 16 15 13 13 15 15 15 13 12 11 10 10 10 10 11 12 11 12 12 11 10 9 8 7 14 11 8 9 13 15 14 12 12 15 15 12 13 18 17 15 17 15 15 18 20 21 18 14 14 11 9 8 10 11 13 12 7 7 8 9 9 9 10 10 12 8 6 7 6 3 5 8 11 10 9 8 10 10 10 11 9 11 12 12 10 8 9 9 10 9 9 8 9 10 12 13 9 8 6 5 5 6 8 9 10 7 5 4 6 8 8 8 10 10 11 11 10 8 6 5 10 4 3 9 11 8 7 11 6 5 6 7 7 8 8 8 10 10 11 12 12 13 14 14 15 17 16 13 13 18 19 17 22 21 20 19 19 19 20 19 19 22 18 19 23 19 22 38 53 63 72 71 72 76 80 80 101 121 155 185 203 211 221 231 237 236 235 234 234 236 238 240 240 236 236 240 240 236 236 240 244 242 240 239 240 243 247 250 251 249 248 248 249 249 247 246 248 247 245 245 246 246 244 242 244 246 248 251 253 252 247 244 250 250 251 253 255 254 251 248 255 254 249 245 248 253 254 250 255 252 248 246 248 251 254 255 252 251 250 249
230 230 230 230 230 230 230 230 226 226 227 228 230 231 232 232 231 231 231 231 231 231 231 231 231 232 232 233 233 232 232 231 226 227 228 228 229 230 231 231 228 229 230 230 228 228 229 230 227 229 231 233 233 233 231 230 228 228 228 229 230 231 233 234 229 231 233 234 232 232 232 234 229 229 230 231 233 234 235 236 233 233 233 233 233 233 233 233 232 233 233 231 230 230 232 235 233 231 230 230 232 234 233 233 235 236 236 236 236 235 234 233 230 229 228 228 229 230 232 233 230 230 230 230 230 230 230 230 230 230 230 231 231 232 232 232 227 229 231 233 233 230 226 224 224 228 231 232 230 229 231 234 231 230 229 230 232 233 233 231 227 226 228 227 229 228 228 227 225 225 226 227 228 227 227 225 222 219 217 208 197 194 174 140 123 83 43 27 26 25 26 28 21 20 19 20 20 20 17 15 17 17 17 16 15 16 17 19 14 14 15 18 20 20 17 14 12 15 18 19 19 18 19 19 12 10 12 16 20 21 20 18 13 10 10 10 10 8 8 11 14 14 13 11 12 11 13 12 10 12 13 11 7 6 8 10 11 10 10 9 9 10 10 11 11 11 10 8 7 10 14 18 12 17 19 16 16 19 19 18 10 15 18 18 18 21 21 17 14 11 9 7 8 8 10 9 2 1 5 10 10 6 5 6 5 3 4 8 8 4 3 5 9 5 5 8 10 8 9 13 9 10 11 12 12 11 10 9 6 5 4 4 5 6 8 9 5 4 2 1 2 4 6 7 6 8 11 9 6 4 5 7 7 9 10 9 7 7 11 15 9 9 9 9 9 9 10 10 3 1 1 7 10 9 7 9 7 9 9 8 5 7 11 16 17 13 9 9 13 17 18 18 18 17 17 17 17 17 17 16 12 8 9 14 17 21 29 37 51 63 68 69 73 71 78 95 106 136 164 186 212 222 224 229 228 229 230 231 233 233 234 235 234 235 237 237 237 236 235 234 240 237 238 242 242 239 239 242 242 238 238 242 243 241 240 242 235 239 244 245 244 244 245 248 243 246 250 252 250 248 246 245 241 247 253 252 248 245 248 252 245 245 246 247 249 250 251 251 250 246 246 247 245 241 246 255 242 243 244 246
229 229 230 230 230 230 229 229 228 228 229 229 229 229 230 230 231 231 231 231 231 231 231 231 229 230 230 231 231 230 230 229 227 227 228 229 230 231 231 232 225 227 228 227 225 225 226 227 229 229 229 229 229 230 230 231 231 231 231 230 231 231 232 233 227 229 231 231 230 229 230 231 230 230 230 230 230 230 230 230 233 233 233 233 233 233 233 233 231 231 231 230 228 228 231 233 235 233 231 231 233 235 235 235 235 235 235 235 235 235 234 234 232 232 231 230 231 232 233 234 231 231 231 231 231 231 231 231 230 230 230 231 231 231 232 232 229 229 229 229 229 229 228 228 225 228 230 231 229 228 230 232 228 226 226 227 229 230 229 227 228 226 227 227 227 227 228 228 225 226 227 227 228 228 227 226 219 217 217 209 199 196 178 145 106 72 36 22 23 23 23 26 20 18 17 18 19 20 19 18 19 18 17 17 17 17 17 18 15 16 18 19 19 17 16 15 12 14 16 17 16 16 17 17 11 9 10 13 16 18 17 16 13 13 13 13 11 11 11 14 14 17 15 14 14 14 14 14 9 11 12 11 9 8 8 10 10 10 9 9 9 9 10 10 8 9 9 8 7 9 12 15 12 16 17 13 11 13 12 11 7 13 17 17 17 20 18 14 13 10 8 6 6 7 8 7 6 5 7 11 12 9 8 10 6 4 5 9 9 5 4 6 8 5 5 8 9 7 8 11 9 9 10 10 10 10 9 9 7 6 6 6 7 8 8 9 5 4 3 2 2 4 6 7 6 8 10 9 6 4 5 7 7 9 9 8 6 6 9 12 8 8 8 8 8 8 8 9 8 6 6 9 10 7 5 8 9 9 8 8 7 9 10 12 15 12 9 9 13 16 17 16 14 14 14 14 14 14 14 15 15 13 13 15 13 15 22 31 53 65 69 67 69 70 86 111 132 161 186 201 218 223 222 228 229 229 230 231 231 232 231 233 236 237 238 239 240 239 238 237 243 238 237 239 240 238 240 245 250 245 243 244 243 239 238 240 234 237 242 243 243 243 244 246 242 244 246 245 241 237 235 234 241 243 245 247 247 247 247 247 246 247 248 248 247 246 247 248 249 247 248 250 247 241 242 247 244 245 246 247
226 228 229 231 231 229 228 226 230 230 230 229 229 228 228 228 231 231 231 231 231 231 231 231 229 230 230 231 231 230 230 229 228 228 229 230 230 231 232 232 225 227 228 227 226 225 226 228 233 232 230 228 228 229 231 232 234 234 233 232 231 231 232 232 226 229 231 231 230 229 230 231 233 232 231 230 229 228 227 227 233 233 233 233 233 233 233 233 231 232 232 231 230 230 231 233 237 234 231 231 233 235 236 236 235 234 234 233 233 234 235 235 235 235 234 233 233 233 234 234 231 231 231 231 231 231 231 231 230 230 230 230 231 231 231 232 232 230 227 226 226 228 231 233 227 229 230 230 228 228 229 230 227 226 225 226 228 229 228 225 228 227 227 228 228 227 229 228 226 227 228 228 228 227 228 226 222 218 218 211 204 199 177 142 86 56 27 19 20 20 18 21 19 17 15 15 18 20 21 21 19 19 18 16 16 16 16 16 14 18 20 20 16 13 13 15 12 13 14 13 12 12 14 14 12 9 9 11 15 17 17 17 13 13 13 13 12 12 13 16 15 16 16 16 16 15 13 12 7 9 12 12 11 10 9 9 9 9 8 8 8 8 9 9 6 8 9 9 8 8 10 12 7 11 12 8 6 8 7 5 5 11 16 16 16 18 16 11 11 8 6 4 5 5 6 5 5 2 4 7 7 5 5 8 7 5 6 10 10 6 5 7 8 5 5 8 9 6 6 9 8 8 7 7 7 7 8 8 6 7 8 8 9 9 8 8 5 4 3 2 3 4 6 7 6 8 8 8 6 5 6 7 8 8 9 7 5 5 6 8 7 7 7 7 7 7 7 7 11 10 11 12 9 4 3 8 11 9 7 8 10 12 10 10 12 11 9 10 12 14 14 14 12 13 13 14 14 15 16 16 18 17 17 15 10 9 18 29 53 66 70 66 66 70 96 134 155 183 203 212 220 222 220 228 230 230 231 231 231 231 232 232 237 238 240 241 242 241 240 240 245 239 236 237 238 237 241 247 252 247 245 245 244 240 240 244 239 242 244 245 244 243 242 243 248 249 249 246 242 238 237 237 244 243 243 245 248 248 245 242 248 250 251 249 245 243 244 247 244 245 248 252 250 244 242 244 247 247 247 247
224 226 229 231 231 229 226 224 230 230 230 229 229 228 228 228 231 231 231 231 231 231 231 231 231 232 232 233 233 232 232 231 229 229 230 230 231 231 231 232 229 231 232 231 230 229 230 232 236 235 234 232 232 232 233 233 233 232 231 231 231 231 232 232 228 230 232 233 232 231 232 233 235 235 234 233 232 231 230 229 233 233 233 233 233 233 233 233 233 235 236 235 233 233 234 236 237 234 231 230 232 234 236 236 234 233 232 232 232 233 235 235 236 235 235 234 233 233 233 233 232 232 232 232 232 232 232 232 229 229 230 230 230 231 231 231 230 229 227 226 226 229 232 234 230 230 230 230 229 229 229 230 230 229 228 229 230 231 230 229 229 227 228 228 228 228 229 229 227 228 228 228 228 227 227 226 224 217 214 209 203 193 161 115 66 42 22 17 20 19 17 20 20 17 14 14 16 18 20 20 18 18 16 15 14 13 13 13 14 19 22 20 14 10 11 14 12 13 12 10 9 9 11 12 16 12 11 12 15 19 19 19 12 12 12 12 11 11 11 12 13 16 16 16 16 14 12 11 5 8 11 12 13 11 9 8 9 8 8 7 7 8 8 9 5 8 11 11 10 9 10 10 5 10 11 9 9 12 12 11 5 11 15 16 16 17 14 9 10 7 4 3 3 4 5 4 5 1 2 4 5 2 3 7 7 5 6 10 10 6 5 7 8 5 5 8 8 5 4 7 8 7 6 5 5 6 7 8 5 6 7 9 9 8 6 5 5 4 4 3 4 5 6 7 7 7 7 6 5 5 6 7 8 8 8 6 5 4 4 4 7 7 6 6 6 6 5 5 9 10 12 13 7 1 3 9 12 10 7 9 13 14 10 7 10 10 10 11 12 12 12 12 15 15 16 17 18 19 20 20 16 17 17 14 8 6 18 33 48 63 68 66 66 73 105 151 163 192 209 213 218 219 223 231 231 231 231 231 232 231 231 231 236 238 239 241 242 242 241 240 244 239 237 238 239 238 241 246 246 243 242 244 244 243 246 251 248 249 250 249 247 244 242 241 251 252 252 250 247 245 245 246 249 248 248 249 248 246 244 242 249 251 253 251 246 244 245 248 241 243 247 250 251 250 249 249 249 248 248 248
224 226 229 231 231 229 226 224 228 228 228 229 229 230 230 230 231 231 231 231 231 231 231 231 231 232 232 233 233 232 232 231 229 229 230 230 230 230 231 231 231 232 234 233 231 231 232 233 233 234 235 235 234 233 231 230 229 229 229 229 230 231 233 233 228 230 232 232 231 230 231 232 232 232 232 232 232 232 232 232 233 233 233 233 233 233 233 233 233 234 236 235 234 233 234 235 235 232 229 229 231 233 234 234 233 233 232 232 232 233 233 233 234 234 234 233 232 232 231 231 232 232 232 232 232 232 232 232 229 229 229 230 230 230 231 231 228 228 228 228 229 230 230 231 233 231 230 229 230 230 231 231 232 231 230 230 232 232 231 229 228 229 229 230 230 229 229 228 227 228 228 228 227 227 225 223 220 211 207 202 195 179 136 81 51 32 19 21 22 20 18 19 22 18 15 14 15 16 17 17 16 15 14 12 11 11 11 11 15 19 21 18 12 8 10 14 11 12 11 9 8 8 10 12 16 12 11 12 15 18 18 18 15 14 14 14 12 12 12 12 13 14 14 13 12 11 10 9 6 7 10 12 13 12 10 9 9 8 8 7 7 8 8 9 7 9 13 13 12 11 10 11 8 13 15 13 12 16 16 15 6 12 16 16 15 17 14 10 10 7 4 3 3 4 5 4 10 6 6 8 8 6 6 10 5 3 4 8 8 4 3 5 8 5 5 9 8 4 2 4 7 6 5 4 4 5 6 7 4 5 6 7 7 6 4 3 5 5 4 5 5 6 6 7 7 6 5 4 5 6 7 7 9 8 7 6 6 5 3 2 7 7 6 6 5 5 5 4 5 7 9 11 6 1 3 10 13 11 9 11 15 15 10 6 9 10 11 11 11 11 11 12 16 17 17 18 19 20 21 22 17 17 16 14 9 8 22 38 46 59 66 69 70 78 113 161 169 194 210 213 217 219 223 233 232 233 233 232 232 233 232 232 236 237 238 240 240 240 239 238 241 238 238 241 242 239 239 243 240 239 240 244 244 242 246 253 248 248 248 248 248 246 243 242 246 247 247 245 242 241 241 242 244 248 252 251 247 244 245 248 248 251 252 251 248 247 249 251 246 247 246 247 249 251 253 252 249 249 248 247
226 228 229 231 231 229 228 226 228 228 228 229 229 230 230 230 231 231 231 231 231 231 231 231 229 230 230 231 231 230 230 229 229 229 229 229 229 229 229 229 229 230 232 231 229 229 230 231 229 230 232 233 233 231 229 227 227 227 228 228 230 231 233 234 225 227 229 230 229 228 229 230 228 229 229 230 230 231 231 231 233 233 233 233 233 233 233 233 229 231 233 233 231 230 231 232 233 231 230 230 232 234 233 232 232 232 233 233 233 232 230 230 231 231 232 232 232 231 230 230 231 231 231 231 231 231 231 231 228 229 229 229 230 230 230 230 227 228 229 231 231 230 229 228 233 230 228 228 229 231 231 231 231 230 228 228 230 230 229 227 227 228 228 229 229 228 228 227 227 227 227 227 226 225 224 221 221 212 206 197 183 164 116 60 40 26 19 22 24 20 18 20 21 18 15 14 15 15 15 14 15 14 13 12 11 11 11 11 15 17 18 16 12 9 10 12 10 11 12 11 9 9 11 12 13 9 9 10 13 15 15 14 20 20 19 18 15 14 13 14 13 14 13 11 10 10 10 10 9 9 9 11 12 12 10 8 9 9 8 8 8 8 9 9 8 11 13 14 12 11 10 11 6 11 12 8 6 8 7 5 7 12 15 14 13 15 14 10 11 8 6 4 5 5 6 5 9 6 7 9 9 6 5 8 5 3 4 8 8 4 3 5 7 5 6 9 7 3 0 2 6 6 5 5 5 5 6 6 4 5 5 5 5 4 3 3 4 5 5 5 6 6 6 7 7 5 3 3 5 7 7 7 9 7 6 7 7 6 4 1 8 8 7 6 6 5 4 4 4 4 6 9 7 4 5 10 11 12 12 14 15 15 10 7 11 11 12 11 9 9 11 13 15 15 16 16 17 18 18 18 21 18 16 12 10 12 26 40 47 55 63 71 77 86 118 165 179 201 214 216 222 222 224 232 233 234 234 234 234 235 234 234 236 237 238 239 239 238 236 235 240 237 238 242 243 239 239 242 239 240 243 245 243 239 242 248 242 241 242 244 247 247 245 243 243 244 245 244 241 238 237 238 237 244 250 250 245 244 247 252 248 248 249 249 250 251 251 251 253 252 248 243 244 249 251 249 248 247 247 246
229 229 230 230 230 230 229 229 230 230 229 229 229 229 228 228 231 231 231 231 231 231 231 231 229 230 230 231 231 230 230 229 228 228 228 228 228 228 228 227 227 229 230 229 228 227 228 230 228 229 229 230 230 230 230 230 230 230 230 230 230 231 232 233 225 227 229 229 228 228 228 229 229 229 229 230 230 230 231 231 233 233 233 233 233 233 233 233 228 230 232 233 231 230 230 230 231 230 230 232 234 234 232 230 230 232 233 234 233 230 227 224 229 230 231 232 233 232 231 231 231 231 231 231 231 231 231 231 228 228 229 229 229 230 230 230 228 229 230 230 230 229 228 227 230 227 224 224 227 230 231 230 231 229 227 228 229 229 227 226 227 227 228 228 227 227 226 226 226 226 224 224 223 222 220 219 219 212 207 188 159 133 89 42 33 21 17 21 22 18 16 19 17 15 14 14 16 16 15 14 15 14 13 13 13 13 13 14 16 16 15 13 12 11 11 11 9 11 13 13 12 12 13 13 12 9 9 11 14 15 13 12 23 22 21 19 16 14 12 13 16 14 12 10 8 9 10 11 11 9 8 9 11 12 10 8 10 10 9 9 9 9 10 10 9 10 12 12 10 9 10 11 3 7 8 4 2 4 3 2 8 11 12 10 9 12 13 10 13 10 8 6 6 7 8 7 6 4 6 10 9 5 3 5 6 4 5 9 9 5 4 6 7 5 6 9 7 2 0 0 5 5 6 6 6 6 5 5 7 6 5 4 4 4 4 4 4 5 6 6 7 7 7 6 8 5 2 2 4 7 7 7 9 7 6 7 9 8 5 2 9 9 8 7 6 5 5 4 7 5 5 9 9 7 6 9 9 13 15 17 16 13 9 8 12 13 13 10 8 8 12 15 14 14 14 15 15 15 15 15 20 16 13 12 13 20 33 47 52 56 60 71 84 95 125 168 187 206 217 219 226 226 225 231 234 234 235 236 236 237 238 238 238 238 239 239 239 237 235 234 242 238 237 240 241 239 240 244 240 241 246 248 244 238 238 244 243 242 242 244 246 246 243 240 243 245 248 249 247 245 245 245 243 246 249 250 248 246 247 249 248 245 243 245 249 251 248 245 252 251 246 240 241 247 247 243 245 244 244 243
230 230 230 230 230 230 230 230 232 232 231 230 228 227 226 226 231 231 231 231 231 231 231 231 231 232 232 233 233 232 232 231 227 227 227 227 227 227 226 226 228 229 230 230 228 228 229 230 231 230 229 229 229 231 233 235 234 233 232 231 231 231 232 232 227 229 231 231 230 230 230 231 232 232 232 232 232 232 232 232 233 233 233 233 233 233 233 233 229 232 234 234 233 231 231 232 231 231 232 235 237 236 233 230 230 232 234 235 233 229 225 222 229 230 232 233 234 233 233 232 230 230 230 230 230 230 230 230 228 228 228 229 229 230 230 230 231 231 230 229 228 228 228 228 228 224 221 221 225 229 229 229 232 230 229 229 230 230 228 226 226 226 227 228 228 226 225 225 225 226 224 223 222 221 219 216 211 207 201 173 131 99 60 21 28 20 17 20 20 15 14 17 13 13 13 15 17 18 16 15 15 15 14 14 14 15 16 16 17 15 12 12 13 13 12 11 8 11 14 15 15 14 14 14 13 11 12 14 17 18 15 13 23 22 20 17 14 11 9 9 18 16 11 8 6 9 12 14 14 10 8 8 10 11 9 7 11 10 10 9 9 10 10 11 8 10 11 10 8 7 8 10 6 11 13 10 10 13 13 12 8 10 10 7 6 10 11 9 14 11 9 7 8 8 10 9 10 8 11 15 14 9 7 8 7 5 6 10 10 6 5 7 7 5 6 9 7 1 0 0 4 5 7 8 8 7 5 4 9 8 6 5 4 4 5 6 4 5 6 7 7 7 7 6 8 4 1 1 4 7 8 7 8 7 6 8 10 10 6 3 10 9 8 8 7 6 5 5 11 7 5 9 11 9 6 7 8 13 18 19 15 12 9 9 14 14 13 10 7 8 13 17 16 15 15 15 15 15 14 12 16 10 7 10 16 26 42 54 58 58 58 71 88 100 129 171 190 209 217 220 229 232 229 232 234 234 235 236 238 238 239 240 239 240 240 240 239 237 235 233 244 239 236 238 238 238 241 246 238 241 247 250 246 239 239 244 250 248 246 246 247 245 241 236 239 243 249 252 253 253 253 253 255 254 252 252 252 250 246 242 249 244 240 242 248 250 246 240 245 246 243 238 241 248 248 242 243 243 243 242
228 228 229 229 229 229 229 230 226 226 226 227 227 228 228 228 233 234 234 234 234 233 232 231 228 229 230 231 231 231 231 230 227 228 228 229 229 228 228 227 227 227 227 228 229 230 232 233 230 230 230 231 231 232 232 233 228 229 231 232 233 233 232 231 233 231 229 229 231 232 233 232 225 227 229 231 232 232 232 231 228 229 229 230 230 231 231 231 229 230 231 232 233 234 234 235 233 233 232 231 230 230 229 229 228 229 231 232 232 231 229 228 229 230 232 233 233 232 230 229 223 225 228 231 232 232 231 230 229 229 229 229 229 229 229 229 230 230 230 230 230 230 230 230 227 226 225 225 226 227 229 230 226 226 226 226 227 228 229 230 227 228 229 229 228 227 224 223 221 222 223 222 220 219 219 218 211 203 178 134 90 58 34 18 20 18 17 17 18 20 19 18 15 15 15 16 16 17 17 18 15 17 19 19 16 16 18 20 13 10 8 9 13 14 12 9 10 9 11 14 13 11 13 16 8 10 14 15 14 15 17 21 16 13 11 12 14 14 12 9 9 11 11 11 11 12 12 12 8 10 14 16 17 15 14 12 6 6 7 8 8 9 10 10 11 11 11 10 10 9 9 9 4 6 8 10 12 13 12 12 9 11 14 14 11 10 10 11 8 7 6 7 8 8 9 7 0 3 9 11 10 8 6 5 0 6 12 13 11 7 5 4 2 5 8 9 7 4 2 2 8 7 6 5 6 7 8 9 7 6 6 5 5 6 6 7 4 4 4 4 4 4 4 4 11 8 4 1 1 4 8 11 8 8 9 10 10 8 7 6 7 7 5 4 4 5 7 7 4 5 6 9 11 13 13 14 12 12 15 19 19 15 13 16 13 13 13 13 13 13 13 13 13 16 19 18 16 14 15 15 11 10 6 7 19 40 52 54 64 54 57 74 86 102 139 182 196 210 217 215 220 233 236 231 233 235 237 236 236 237 238 240 241 235 232 235 238 238 240 244 234 236 238 239 238 238 239 240 235 239 244 244 242 240 241 242 245 245 245 245 244 243 242 242 239 240 241 243 245 247 248 249 247 245 243 245 249 251 250 248 248 248 248 245 242 240 240 240 244 241 243 249 250 246 245 249 246 247 248 250
230 229 229 229 229 229 229 229 226 226 226 227 227 228 228 228 232 232 232 232 231 231 230 230 228 228 229 230 231 231 230 230 228 228 228 228 228 228 228 228 226 227 228 229 230 230 231 231 229 230 230 230 231 231 232 232 230 230 231 232 232 232 231 231 231 231 230 229 228 229 230 231 227 228 229 230 231 231 231 231 229 230 230 230 231 231 232 232 230 230 231 232 232 233 233 234 232 232 232 232 231 231 231 231 228 229 231 232 232 231 229 228 229 230 232 233 233 232 230 229 228 229 231 232 232 231 230 229 228 228 228 228 229 229 229 229 230 230 230 230 230 230 230 230 231 230 229 229 229 231 232 233 228 228 227 226 226 226 227 227 228 228 229 230 228 227 225 224 220 221 223 223 221 217 214 210 191 178 151 109 71 44 19 2 19 20 18 19 21 21 20 19 13 13 13 14 14 15 15 15 11 13 15 14 12 11 13 15 12 11 10 11 12 13 12 11 8 7 9 12 11 8 10 14 11 10 11 11 11 12 14 16 12 9 7 10 13 17 16 14 12 12 12 13 13 12 13 13 7 8 11 13 13 13 12 11 10 10 9 9 9 9 9 9 10 10 10 10 10 10 10 10 12 11 11 11 9 8 5 4 7 10 12 13 9 8 8 8 6 4 4 4 5 5 6 4 1 5 11 13 12 9 8 7 0 4 8 10 7 4 3 3 2 5 8 9 8 5 4 3 9 8 7 6 5 6 7 8 7 7 6 6 6 6 7 7 4 4 4 4 4 4 4 4 10 8 5 3 3 5 8 10 7 8 9 9 9 7 6 5 8 7 6 5 5 6 7 8 5 6 6 8 10 12 12 13 13 13 15 19 19 14 12 16 13 13 13 13 13 13 13 13 14 16 18 16 14 13 15 15 10 9 9 13 26 43 53 53 68 63 68 81 94 109 144 179 197 209 217 218 222 232 235 231 233 235 237 238 235 236 238 239 238 234 234 239 242 240 239 240 243 244 245 244 242 242 243 244 237 240 243 244 243 241 241 241 245 245 246 246 246 245 244 243 239 240 242 244 247 249 251 251 246 245 245 248 251 251 249 245 247 250 251 249 246 245 246 248 247 244 246 251 251 247 247 250 247 247 247 247
231 231 230 230 229 228 228 228 226 226 226 227 227 228 228 228 230 230 230 229 229 228 228 228 227 228 229 230 230 230 230 230 230 229 227 226 226 227 229 230 226 227 229 230 231 231 230 229 229 229 229 230 230 230 231 231 232 232 231 230 230 230 231 231 229 230 231 229 225 224 227 229 230 230 229 229 229 229 230 230 231 231 231 231 232 232 232 232 231 231 231 232 232 232 232 232 230 230 230 230 231 231 231 231 226 227 229 230 230 229 227 226 229 230 232 233 233 232 230 229 234 234 233 232 231 230 229 228 226 226 227 227 228 228 229 229 230 230 230 230 230 230 230 230 231 231 231 230 231 231 232 233 230 229 228 227 226 225 226 226 228 231 229 229 229 227 225 224 219 221 222 223 221 214 209 204 205 192 166 128 97 70 43 18 18 19 19 20 23 23 22 20 16 17 17 17 17 18 18 18 13 14 15 15 13 12 13 14 11 12 13 13 11 11 12 13 12 10 12 15 14 11 13 17 19 15 13 13 14 16 16 16 10 7 6 8 12 17 18 16 15 15 14 14 13 11 13 13 6 7 8 9 10 10 10 10 12 12 11 11 10 9 8 8 8 8 9 9 10 11 11 12 7 7 8 8 9 9 8 8 6 8 11 11 7 5 5 5 5 4 3 3 5 5 5 4 4 7 12 14 13 10 9 9 1 4 7 7 6 4 3 4 2 5 9 10 8 6 6 6 9 8 7 6 5 5 6 6 7 7 6 6 6 6 7 7 4 4 4 4 4 4 4 4 9 8 6 5 5 6 8 9 7 7 7 8 7 6 5 5 9 8 7 6 6 7 8 9 7 8 7 8 9 10 10 11 14 13 15 18 17 13 10 14 13 13 13 13 13 13 13 13 16 16 16 14 12 11 13 13 9 11 14 20 34 49 55 53 69 70 78 88 102 121 151 176 196 208 217 219 223 232 234 230 234 236 237 237 236 234 235 237 236 234 237 243 246 242 238 237 243 243 243 240 238 237 239 241 239 238 239 240 241 240 238 235 241 241 242 243 243 243 242 242 238 238 239 241 242 243 244 245 244 245 247 251 252 251 246 242 240 243 246 246 242 241 245 249 242 240 241 244 245 242 241 243 248 247 245 243
232 232 231 230 229 228 228 227 226 226 226 227 227 228 228 228 230 229 229 228 228 228 228 228 228 228 229 230 230 230 230 230 231 229 227 225 225 227 229 231 226 227 230 231 232 230 228 227 229 229 229 230 230 230 230 230 234 233 231 230 229 229 230 231 226 230 232 229 224 221 224 228 232 231 229 228 227 228 229 230 232 232 232 232 232 232 232 232 232 232 232 231 231 231 231 231 229 229 230 231 232 232 233 233 227 228 228 229 229 228 228 227 230 231 231 232 232 231 231 230 235 234 232 230 229 228 228 228 225 225 226 226 227 228 228 229 229 229 229 229 229 229 229 229 229 228 228 228 228 229 229 229 229 228 227 226 226 226 226 228 231 231 231 229 228 228 226 225 221 221 221 222 219 215 210 204 190 181 157 121 89 61 30 5 19 19 20 21 24 24 23 20 17 17 17 18 18 18 18 18 14 15 15 14 13 12 12 12 11 14 15 14 11 9 11 14 13 11 13 16 15 12 13 17 21 15 11 12 15 18 17 16 13 10 7 8 12 15 16 15 17 16 15 14 13 11 12 11 6 7 7 6 7 8 9 10 11 11 10 10 9 9 9 8 6 6 7 9 10 11 12 13 5 5 6 7 8 9 9 9 7 9 11 11 7 5 4 4 7 5 5 5 6 6 7 5 4 7 12 13 11 9 8 8 6 6 7 7 6 6 6 7 3 6 9 10 8 7 7 7 9 9 8 6 5 5 4 4 6 5 4 4 4 4 5 6 5 5 5 5 5 5 5 5 8 7 7 7 7 7 7 8 7 7 7 6 6 5 5 4 10 9 7 7 7 7 9 10 10 10 7 8 8 9 8 9 13 12 13 16 14 9 7 11 12 12 12 12 12 12 12 12 17 16 14 11 10 10 12 12 11 10 16 26 38 51 55 55 65 70 79 91 109 135 163 183 198 208 217 221 224 232 233 230 235 236 237 237 235 234 233 235 237 235 237 244 246 242 238 237 240 239 238 236 234 234 237 240 244 241 239 241 243 243 240 236 240 241 242 243 244 244 244 243 241 241 240 240 240 240 240 240 244 245 247 249 249 247 244 241 237 240 245 244 239 238 243 248 242 241 242 242 242 241 241 241 252 250 246 243
233 232 232 231 230 229 228 228 226 226 226 227 227 228 228 228 232 231 229 228 228 228 229 229 228 229 230 231 231 231 231 231 231 229 227 225 225 227 229 231 227 228 230 232 231 230 227 226 230 230 230 230 230 230 230 230 234 233 231 230 229 229 230 231 226 230 232 230 224 221 224 227 232 231 229 227 227 227 228 229 232 232 232 232 232 232 232 232 231 231 231 231 231 230 230 230 228 229 230 231 232 233 234 234 228 228 228 228 228 228 228 228 231 231 231 231 231 231 231 231 232 231 230 229 228 228 228 229 226 226 226 227 227 228 228 228 229 229 229 229 229 229 229 229 227 227 227 228 227 227 227 227 227 226 226 226 226 227 228 230 231 231 230 230 227 227 226 225 223 221 219 219 218 217 213 207 200 188 159 119 83 57 36 19 19 19 19 22 24 24 23 21 13 13 13 12 12 12 12 12 12 11 9 9 8 7 6 5 11 14 15 14 10 8 10 13 8 6 8 10 9 6 7 11 13 8 5 7 11 14 13 11 13 10 8 10 13 17 17 15 16 15 13 12 11 10 10 10 7 8 7 6 7 8 10 11 7 7 8 8 9 9 9 10 5 5 7 8 10 11 12 13 13 12 10 8 6 5 3 3 9 11 13 12 8 5 4 4 6 4 4 4 5 6 6 5 3 6 9 10 8 6 6 6 7 6 5 5 6 6 6 6 4 7 9 9 8 6 7 7 8 8 7 7 6 4 3 3 4 3 3 2 2 3 3 4 5 5 5 5 5 5 5 5 7 7 7 7 7 7 7 7 7 7 6 6 5 5 5 5 10 9 7 7 7 7 9 10 11 10 7 7 7 7 7 8 11 10 10 12 11 7 5 9 12 12 12 12 12 12 12 12 17 15 12 10 10 11 13 11 12 10 16 28 41 52 57 59 59 65 77 94 118 147 175 193 202 209 217 222 225 231 232 233 236 238 239 238 235 234 233 234 240 236 236 241 242 240 238 239 241 241 240 239 238 239 242 246 249 246 244 245 247 248 245 241 243 244 245 246 247 247 247 246 245 245 245 245 246 246 246 246 244 244 245 245 244 243 243 243 242 244 247 246 242 241 244 248 247 247 247 246 246 246 247 246 251 249 245 242
232 232 232 231 230 230 229 229 226 226 226 227 227 228 228 228 233 232 230 229 228 229 230 231 230 230 231 232 233 233 232 232 230 229 227 226 226 227 229 230 229 230 231 231 230 229 227 226 232 232 232 231 231 231 230 230 232 232 231 230 230 230 231 231 227 230 232 231 227 225 226 228 231 230 229 228 227 227 227 228 232 232 232 232 231 231 231 231 230 230 230 230 230 231 231 231 228 228 229 230 231 232 233 233 228 228 228 228 228 228 228 228 231 231 231 231 231 231 231 231 229 229 229 229 229 229 228 228 228 228 228 228 227 227 227 227 228 228 228 228 228 228 228 228 229 229 230 230 230 229 228 227 226 226 225 226 227 228 229 231 232 232 230 229 227 227 226 226 227 221 217 216 218 218 214 208 193 171 131 80 46 31 25 19 22 19 20 19 21 22 21 20 14 13 13 13 13 12 12 12 14 12 10 9 9 9 6 4 12 13 13 12 10 9 9 10 9 7 9 11 10 6 7 11 10 8 8 10 12 14 13 12 9 8 8 12 17 21 21 19 14 14 12 11 10 8 8 9 8 7 8 7 8 8 10 10 6 6 7 7 8 9 10 10 5 5 6 8 9 10 11 12 11 10 8 7 7 8 7 8 12 14 15 14 9 6 5 5 3 1 1 1 2 2 3 1 2 4 8 8 6 4 3 4 4 3 2 3 4 5 4 2 6 7 9 8 6 5 5 6 6 6 7 7 6 5 4 3 4 3 2 2 2 2 3 4 6 6 6 6 6 6 6 6 6 6 6 6 6 6 6 6 8 8 7 6 5 6 6 6 9 8 7 6 6 7 8 9 11 10 7 6 6 7 7 8 10 8 8 11 9 6 5 10 11 11 11 11 11 11 11 11 15 13 11 11 12 14 14 11 12 10 18 32 46 52 57 61 57 61 78 105 133 161 187 204 209 213 221 223 227 229 231 234 237 238 239 238 236 235 234 235 241 236 234 238 239 237 237 239 240 241 241 240 240 241 244 246 244 242 241 241 242 243 242 240 240 241 242 242 243 242 242 242 241 242 243 245 247 248 250 250 243 244 244 244 242 242 244 245 243 244 245 244 243 242 242 244 245 247 246 243 244 247 248 246 247 246 243 241
231 231 231 231 231 231 231 230 226 226 226 227 227 228 228 228 233 232 230 228 227 228 230 231 231 232 233 234 234 234 234 233 228 228 228 228 228 228 228 228 231 231 230 230 229 228 227 226 234 233 233 233 232 232 231 231 230 230 231 232 232 232 231 231 229 230 231 232 231 230 229 228 228 228 229 229 229 228 227 227 232 232 231 231 230 230 230 229 228 229 229 230 230 231 232 232 228 227 228 228 229 229 230 230 228 227 227 226 226 227 227 229 232 231 231 230 230 231 231 232 229 230 231 231 231 230 228 227 230 230 230 229 228 227 227 227 228 228 228 228 228 228 228 228 230 230 231 231 231 230 228 227 227 227 226 226 226 227 228 229 232 232 230 229 226 227 227 226 226 221 218 216 218 216 210 202 187 158 112 61 34 28 28 24 23 20 19 17 18 19 20 20 17 17 17 16 16 15 15 15 18 15 12 12 12 11 8 6 13 11 10 9 10 10 8 6 12 11 12 14 13 9 10 13 12 12 15 16 16 14 13 13 10 9 11 15 20 23 21 17 14 11 12 11 10 9 9 10 7 6 8 8 8 8 10 8 8 8 9 9 9 9 9 9 5 6 7 8 9 10 10 11 6 5 5 6 9 12 13 16 12 14 15 14 9 5 4 4 2 1 0 1 2 2 3 1 2 4 7 7 5 3 3 3 4 2 1 3 5 5 3 0 7 8 9 7 4 3 3 4 4 5 6 7 6 5 4 3 5 5 4 4 4 4 5 5 6 6 6 6 6 6 6 6 6 5 4 4 4 4 5 6 10 9 8 6 6 6 7 8 8 7 6 5 5 6 7 8 11 10 6 5 5 6 7 9 10 8 8 11 10 7 7 12 11 11 11 11 11 11 11 11 14 12 10 12 15 17 16 12 10 9 21 39 53 56 58 58 64 65 87 124 154 174 194 212 215 217 222 224 227 228 231 235 237 238 240 239 237 236 238 237 240 235 234 237 239 236 235 237 238 239 240 240 238 238 239 241 236 237 238 238 237 237 238 240 239 239 240 240 240 239 238 237 242 242 242 243 244 245 245 245 241 244 247 247 246 245 246 247 244 242 240 241 243 244 242 241 239 242 242 238 238 243 245 242 246 245 245 244
230 231 231 231 231 231 232 232 226 226 226 227 227 228 228 228 233 231 229 227 226 227 229 230 232 233 234 235 235 235 235 234 227 228 228 229 229 228 228 227 233 232 230 229 228 227 227 227 235 234 234 233 233 232 232 232 228 229 231 232 233 233 232 231 230 230 230 232 234 234 231 229 226 227 229 230 230 229 227 226 231 231 231 230 230 229 229 228 227 228 228 229 230 231 232 233 228 227 228 228 229 228 230 229 229 227 228 226 227 227 228 229 232 231 231 230 230 231 231 232 231 232 234 234 233 231 228 226 232 232 231 230 229 227 227 226 228 228 228 228 228 228 228 228 229 229 230 231 230 229 227 226 230 229 228 227 226 226 226 227 233 232 230 227 226 227 227 227 225 220 216 217 218 213 204 194 175 147 100 56 36 35 31 24 25 21 18 15 16 17 19 19 15 14 15 14 14 13 13 12 16 13 9 8 9 8 5 2 13 9 6 7 9 9 7 4 11 9 10 12 10 7 8 11 9 12 17 17 13 9 8 9 14 13 15 19 22 22 17 13 14 11 13 12 10 10 9 10 4 5 7 7 8 7 9 6 12 11 11 9 10 8 8 7 6 5 7 7 8 8 10 9 12 9 7 6 6 7 9 10 12 14 15 14 8 5 3 3 4 3 2 2 4 4 4 3 3 5 7 7 5 3 3 4 5 4 3 5 8 8 5 1 8 9 9 6 3 1 1 2 3 4 5 6 7 6 5 4 7 6 6 5 5 6 6 7 6 6 6 6 6 6 6 6 6 5 3 2 2 3 5 6 11 10 8 7 6 7 8 9 7 7 5 4 4 5 7 7 11 9 6 4 5 6 8 9 11 9 9 12 12 9 10 15 11 11 11 11 11 11 11 11 12 11 10 13 17 19 17 12 6 8 21 45 59 60 58 57 72 73 96 139 170 182 196 214 220 222 223 225 227 227 231 236 236 237 239 239 238 235 239 239 238 234 234 238 239 236 234 235 240 242 243 242 240 238 238 239 238 241 243 242 239 239 242 246 245 245 245 245 245 244 243 242 251 250 249 247 245 244 242 242 239 244 250 252 250 248 247 247 250 246 244 246 251 252 251 247 241 245 244 240 241 247 249 246 249 249 250 250
227 229 231 230 229 229 231 233 225 225 225 227 229 229 227 225 223 225 226 227 227 229 232 235 227 228 229 231 232 233 233 233 230 230 229 228 227 227 227 227 230 229 229 228 228 227 227 227 228 228 228 228 228 228 228 228 225 226 226 227 227 228 228 228 224 226 229 230 230 231 233 235 231 230 229 230 232 233 233 231 228 229 231 232 231 229 227 226 228 229 229 230 230 231 231 232 226 224 228 227 231 230 234 232 230 227 229 226 228 227 229 230 230 229 229 228 228 229 229 230 229 229 230 230 230 230 231 231 229 229 229 229 229 229 229 229 229 229 229 228 228 227 227 227 224 225 227 228 229 228 228 227 226 226 226 226 226 226 226 226 227 227 227 226 226 225 224 223 214 212 217 216 206 206 202 183 152 141 99 58 44 29 19 31 18 16 14 12 12 15 20 23 13 12 14 11 8 8 12 15 9 9 11 11 11 11 11 9 5 10 11 7 5 6 8 6 6 8 8 7 7 8 10 11 9 11 12 11 12 16 17 13 8 8 11 17 18 15 13 15 5 13 14 10 5 7 9 9 0 2 8 9 7 7 10 10 9 8 10 8 10 7 8 5 5 3 4 3 6 6 10 9 5 5 4 4 5 8 12 12 14 14 12 10 8 5 2 0 1 2 2 1 1 1 3 5 3 6 9 9 8 8 10 13 4 4 4 4 4 4 4 4 0 1 4 4 3 2 3 4 3 5 7 7 5 4 4 5 1 2 4 5 6 5 5 4 1 3 5 8 9 8 8 7 2 3 5 6 7 6 5 5 5 4 3 2 2 3 5 6 4 5 5 4 2 3 6 8 8 9 8 8 7 7 9 11 7 8 9 10 11 12 10 10 9 10 12 13 13 12 10 9 7 7 12 18 18 15 15 17 4 7 23 47 66 67 62 57 66 77 103 140 169 186 202 216 222 225 225 226 227 228 228 229 229 233 238 238 236 233 235 235 235 235 235 236 236 237 237 237 236 237 238 237 236 237 239 241 238 240 243 245 245 246 247 249 247 246 245 245 245 245 244 243 244 245 247 249 249 248 246 244 241 244 248 250 248 245 243 242 247 244 243 245 248 249 248 246 234 238 242 245 246 246 247 247 246 248 251 251
229 229 229 230 231 231 231 231 229 229 228 230 231 230 228 226 223 225 227 227 227 229 232 234 229 230 231 232 233 233 233 233 229 229 228 227 227 227 228 228 227 226 226 226 226 226 225 225 228 228 228 228 228 228 228 228 226 227 227 227 228 228 229 229 228 230 231 231 230 230 231 233 229 228 227 229 231 232 230 229 229 230 232 233 232 231 228 227 229 229 230 230 230 230 231 231 228 228 229 230 230 231 232 232 230 230 229 229 229 229 230 230 230 229 229 228 228 229 229 230 230 230 230 229 228 228 228 227 229 229 229 229 229 229 229 229 229 229 229 228 228 227 227 227 224 225 227 228 229 228 227 227 226 226 226 226 226 226 226 226 226 226 226 225 226 225 224 223 225 218 216 209 200 201 199 182 158 134 81 37 28 19 14 24 23 20 18 15 14 16 19 21 16 16 15 12 10 9 12 14 12 11 12 12 12 12 13 12 8 11 12 8 7 8 8 6 7 9 11 10 10 10 11 12 10 11 12 10 9 13 11 8 10 9 11 16 17 13 11 12 7 15 20 15 10 9 9 9 0 4 7 10 8 8 11 10 9 7 8 8 7 7 6 5 8 7 6 4 4 5 5 6 5 2 2 2 3 6 9 11 12 11 9 7 5 3 1 0 4 6 6 6 5 5 8 10 7 9 11 11 10 9 11 14 6 6 6 6 6 6 6 6 1 3 5 6 4 4 5 6 3 5 7 7 5 4 5 5 5 4 4 3 4 5 6 7 6 6 5 5 6 6 7 7 6 7 8 9 10 9 9 8 6 6 5 5 5 6 6 7 8 8 9 8 7 8 10 13 10 9 7 8 9 11 11 11 4 5 5 8 10 13 12 14 11 12 13 14 14 13 12 11 14 12 14 19 20 16 15 15 10 10 25 46 64 67 65 62 78 93 123 157 183 197 207 216 224 225 226 227 228 229 229 230 229 233 236 237 235 234 234 235 235 235 236 236 236 237 237 237 236 238 239 239 238 238 239 241 236 237 239 240 240 240 240 241 242 241 240 240 240 240 239 238 242 243 244 245 244 242 240 239 238 240 241 241 239 239 240 241 242 240 238 239 242 243 242 240 240 241 241 241 241 241 242 243 241 244 247 249
232 229 227 229 232 233 232 229 235 233 232 232 232 231 228 226 224 225 227 227 227 229 231 234 231 232 233 233 233 233 232 232 228 227 227 227 227 228 228 229 225 225 226 226 226 226 226 227 228 228 228 228 228 228 228 228 228 228 228 228 229 229 229 229 232 233 234 233 230 229 230 231 229 228 229 231 232 232 230 228 231 231 233 233 233 231 230 228 231 231 230 230 230 230 229 229 230 230 230 230 230 230 230 230 231 231 230 230 230 230 231 231 230 229 229 228 228 229 229 230 231 231 230 228 227 226 225 225 229 229 229 229 229 229 229 229 229 229 229 228 228 227 227 227 225 226 227 228 228 228 227 227 226 226 226 226 226 226 226 226 226 226 226 225 225 224 224 223 225 218 217 211 204 207 204 183 149 113 58 21 20 21 17 22 27 24 22 19 17 17 17 18 18 18 17 14 14 14 15 17 15 14 14 13 13 14 16 15 10 14 14 10 8 10 11 9 8 10 14 15 14 13 13 12 9 10 11 8 7 10 9 5 11 10 12 16 15 11 9 10 6 13 18 15 9 8 8 5 4 6 8 10 9 9 12 11 10 9 10 10 9 8 7 7 11 10 9 8 8 8 9 7 4 2 2 2 4 6 9 11 10 9 6 4 2 1 1 1 3 4 5 4 4 4 7 9 7 8 9 8 6 5 6 8 8 8 8 8 8 8 8 8 4 6 8 8 7 6 6 8 3 5 7 7 5 4 5 6 8 6 3 2 2 4 7 9 10 8 6 4 3 4 6 7 4 5 6 7 7 7 6 6 8 8 9 9 9 8 8 7 5 6 7 6 6 7 10 13 12 9 5 7 12 14 13 11 5 5 5 6 8 11 12 14 12 13 14 14 14 14 13 12 17 13 13 19 23 21 18 16 17 17 29 47 62 65 67 68 90 110 143 176 196 205 210 217 223 225 226 227 229 230 231 232 231 233 236 237 236 234 234 235 235 236 236 236 237 237 237 237 236 239 241 242 241 240 240 240 242 242 243 243 243 243 242 241 241 241 241 240 240 239 239 239 244 244 245 245 244 242 239 238 240 240 238 237 236 238 242 245 246 245 244 244 245 246 244 243 250 248 246 244 244 246 248 249 240 242 245 246
234 230 226 228 233 235 232 228 238 236 233 232 232 230 227 225 224 226 227 227 227 228 231 233 234 234 234 234 234 233 232 231 226 226 226 226 227 228 229 230 227 227 227 228 228 229 229 230 228 228 228 228 228 228 228 228 229 229 229 229 229 229 229 229 233 234 235 233 231 230 230 232 231 231 232 234 235 235 232 230 231 231 232 232 232 231 229 229 232 231 231 230 230 229 229 228 230 230 230 230 230 230 230 230 232 231 231 230 230 231 231 232 230 229 229 228 228 229 229 230 231 230 230 229 228 227 226 226 229 229 229 229 229 229 229 229 229 229 229 228 228 227 227 227 226 227 227 227 227 227 227 227 226 226 226 226 226 226 226 226 226 226 226 225 225 224 224 223 217 216 218 215 209 208 194 163 113 80 39 19 22 24 23 22 26 24 23 20 19 18 17 18 14 15 15 15 17 19 21 22 17 15 14 12 12 14 17 19 12 14 14 10 8 10 11 10 7 10 15 16 15 13 12 13 7 9 10 8 7 9 8 5 12 10 12 16 16 12 10 12 9 15 18 13 10 9 10 7 7 8 9 9 10 10 13 11 9 9 9 9 9 8 7 6 7 8 8 9 10 11 13 11 4 2 2 3 5 7 9 11 10 8 5 2 1 1 2 3 2 3 4 4 4 4 7 9 10 9 8 6 4 4 4 5 8 8 8 8 8 8 8 8 6 8 10 10 8 7 8 9 4 6 8 7 6 5 5 6 6 5 3 2 2 4 6 7 8 7 6 5 5 5 6 7 4 5 5 5 5 5 5 5 8 9 10 10 10 9 7 6 5 6 6 6 5 7 10 13 12 8 3 6 12 16 13 10 13 11 8 7 8 9 10 11 12 13 13 13 13 13 13 12 15 9 9 17 24 25 23 20 19 20 34 50 62 64 67 69 93 117 154 183 201 208 212 217 223 225 226 228 230 231 233 233 233 234 236 236 236 235 234 234 236 236 236 237 237 237 238 238 237 240 243 244 243 241 240 240 246 246 246 247 248 248 246 245 245 246 247 246 245 245 245 246 246 247 247 247 247 245 244 243 244 244 244 242 242 244 248 252 254 253 252 252 251 251 250 249 251 250 249 249 251 253 254 255 245 246 248 247
235 231 227 229 233 235 232 227 237 235 232 231 230 229 227 225 225 226 227 227 227 228 230 233 234 234 235 234 234 232 231 230 226 226 226 226 226 227 228 229 227 227 227 228 228 229 229 230 228 228 228 228 228 228 228 228 229 229 229 229 229 229 229 229 230 232 233 233 232 231 232 234 232 231 231 233 234 234 232 229 230 230 230 230 230 229 228 228 232 231 231 230 230 229 229 228 228 228 229 230 230 231 232 232 232 231 231 230 230 231 231 232 230 229 229 228 228 229 229 230 230 230 230 230 230 230 230 230 229 229 229 229 229 229 229 229 229 229 229 228 228 227 227 227 228 227 227 227 227 227 227 227 226 226 226 226 226 226 226 226 225 225 226 225 225 224 223 223 220 218 217 211 203 198 175 135 87 56 28 18 17 19 21 19 21 20 21 20 19 20 18 19 14 14 14 15 18 20 20 21 16 14 13 11 11 13 16 18 11 15 14 9 7 9 13 11 6 9 13 15 13 12 12 11 6 8 11 9 10 13 11 7 12 11 11 16 17 14 13 16 20 21 20 14 13 16 18 17 11 10 10 9 11 10 13 11 9 8 9 9 8 8 7 6 7 8 9 10 11 12 13 11 5 5 6 7 9 11 12 13 14 12 9 6 4 4 6 6 6 8 9 9 8 9 13 16 17 15 13 10 9 9 10 10 6 6 6 6 6 6 6 6 7 9 10 10 8 7 8 9 4 6 8 8 6 5 6 7 3 3 4 4 4 3 3 2 2 3 5 7 8 8 7 7 10 9 9 9 9 9 9 9 7 8 9 10 9 8 6 5 9 10 11 10 9 10 14 16 11 7 2 4 11 14 11 8 16 14 11 10 9 11 11 12 12 11 11 11 11 11 11 12 15 9 7 15 22 23 21 18 17 22 39 55 65 64 65 67 93 119 158 185 201 210 216 222 224 225 227 228 230 232 233 234 235 235 235 235 236 236 235 234 236 236 237 237 237 238 238 238 238 241 244 245 243 241 240 240 241 240 240 242 245 246 244 242 245 247 249 248 246 245 247 249 242 243 244 245 245 245 245 245 244 245 247 247 247 247 249 251 249 249 249 248 247 246 246 246 245 244 245 247 250 251 249 247 248 249 250 249
235 232 230 230 233 234 231 229 235 233 230 229 229 229 228 226 225 227 228 228 227 228 230 232 233 233 234 234 233 232 231 230 227 226 226 225 226 226 227 228 225 225 226 226 226 226 226 227 228 228 228 228 228 228 228 228 229 229 229 229 228 228 228 228 228 230 231 232 231 232 233 235 231 229 228 228 229 230 228 227 230 230 229 229 228 228 228 228 231 231 230 230 230 230 229 229 228 228 229 230 230 231 232 232 231 231 230 230 230 230 231 231 230 229 229 228 228 229 229 230 229 229 230 230 230 231 231 231 229 229 229 229 229 229 229 229 229 229 229 228 228 227 227 227 229 228 227 226 226 226 227 227 226 226 226 226 226 226 226 226 225 225 226 225 225 224 223 221 223 217 213 206 202 201 176 133 86 52 31 22 15 15 22 20 16 17 19 20 20 21 19 19 19 18 16 16 18 18 16 15 14 13 13 12 12 13 15 16 11 14 13 8 5 8 12 11 6 8 12 12 11 10 11 11 6 9 11 11 12 14 12 8 11 9 9 14 16 14 13 17 20 21 17 11 12 17 20 21 14 11 10 8 11 11 11 9 9 8 8 8 8 7 6 6 10 10 11 11 11 10 9 8 7 7 8 10 11 13 14 14 15 13 11 8 6 6 6 6 4 6 7 7 6 7 12 14 18 14 11 8 8 8 9 9 5 5 5 5 5 5 5 5 6 8 10 9 7 6 6 7 5 7 8 8 7 6 6 7 3 4 5 6 5 4 3 1 1 2 5 8 9 9 8 7 10 9 8 7 7 7 8 8 8 8 8 8 7 6 5 4 9 10 10 8 7 8 11 13 11 8 4 5 9 11 9 7 14 13 11 11 12 14 14 15 12 11 10 10 10 10 11 12 18 12 11 15 18 17 15 14 15 23 42 60 68 65 66 68 95 127 165 191 205 213 221 225 225 227 228 229 231 232 233 234 238 236 235 235 236 236 235 234 237 237 237 237 238 238 238 239 239 241 244 244 242 240 239 240 239 237 237 239 243 245 243 240 239 242 245 244 241 240 243 246 237 238 238 239 241 242 243 243 239 242 245 246 246 244 245 245 242 244 244 244 242 241 242 243 245 244 243 246 249 248 244 239 245 247 249 250
233 233 232 232 232 231 231 230 233 231 229 228 229 231 230 230 226 227 228 228 227 227 230 232 231 232 232 232 232 232 231 230 228 227 226 225 225 225 226 226 227 226 226 226 226 226 225 225 228 228 228 228 228 228 228 228 229 229 228 228 227 227 227 226 227 229 231 231 230 230 232 234 232 229 226 225 226 227 228 227 231 231 230 229 229 229 229 229 229 229 230 230 230 230 231 231 230 230 230 230 230 230 230 230 230 230 229 229 229 229 230 230 230 229 229 228 228 229 229 230 230 230 230 229 229 229 229 229 229 229 229 229 229 229 229 229 229 229 229 228 228 227 227 227 230 229 227 226 225 226 227 227 226 226 226 226 226 226 226 226 225 225 225 224 224 223 223 221 220 216 214 207 206 206 176 127 79 42 25 24 16 17 24 19 16 19 20 21 19 19 19 18 22 19 17 17 20 19 16 13 13 13 14 13 13 14 15 15 12 15 13 8 7 10 13 12 8 10 12 12 11 11 12 12 7 12 14 13 11 13 10 6 11 8 9 13 12 10 11 14 16 14 12 8 10 16 19 18 16 11 9 7 10 10 10 8 8 9 9 9 9 8 7 6 10 11 11 12 12 10 9 7 8 8 10 12 13 15 15 16 15 14 12 10 7 5 4 3 1 2 3 4 5 6 9 12 16 11 7 5 6 7 7 6 5 5 5 5 5 5 5 5 5 7 8 8 6 4 4 5 6 8 10 9 8 7 7 8 9 8 8 7 7 6 6 6 4 5 5 6 7 7 7 7 8 7 6 5 4 5 5 6 10 9 8 7 6 6 6 6 8 8 7 6 4 4 6 8 12 11 8 8 8 9 8 9 13 13 12 13 13 14 12 13 13 12 11 10 10 11 12 13 18 15 14 16 16 13 14 14 17 26 46 63 69 66 69 74 99 135 175 199 210 215 220 222 227 229 229 230 231 232 233 233 239 237 234 234 236 237 235 233 237 237 237 238 238 238 239 239 240 242 243 242 240 238 239 240 243 240 238 240 244 246 242 238 236 240 243 242 239 238 241 245 241 241 241 241 242 243 244 244 241 243 245 246 244 243 243 244 241 243 245 244 242 241 243 245 248 245 243 245 249 251 248 244 243 245 247 248
232 234 234 233 231 230 231 232 233 230 228 228 230 232 233 232 226 227 228 228 227 227 229 232 230 230 231 232 232 231 231 230 228 228 227 225 225 225 225 225 230 229 229 228 228 227 227 227 228 228 228 228 228 228 228 228 228 228 228 227 227 226 226 225 228 229 231 230 229 229 230 232 235 231 227 225 226 228 229 230 233 232 231 230 230 230 230 231 228 229 229 230 230 231 231 232 232 232 231 230 230 229 228 228 230 229 229 228 228 229 229 230 230 229 229 228 228 229 229 230 231 230 230 229 227 226 226 225 229 229 229 229 229 229 229 229 229 229 229 228 228 227 227 227 230 229 227 226 225 226 226 227 226 226 226 226 226 226 226 226 225 225 225 224 224 223 223 221 219 218 219 211 206 196 154 98 58 22 12 20 18 21 23 11 19 20 21 22 21 20 18 18 20 18 16 18 22 22 20 16 13 13 15 15 15 15 15 15 13 15 14 8 8 11 13 13 10 11 12 12 10 11 13 15 10 13 15 13 10 11 7 2 11 8 8 11 9 6 6 11 14 16 16 12 15 20 21 18 16 12 9 6 10 10 9 7 8 9 9 9 9 8 7 6 5 7 9 11 12 12 12 10 9 9 11 13 15 16 16 17 14 14 12 10 8 5 2 0 3 5 6 6 8 9 12 15 18 13 8 6 8 9 9 8 6 6 6 6 6 6 6 6 4 6 7 7 4 3 3 4 6 8 10 10 8 7 7 8 14 12 9 7 6 7 9 11 9 8 6 4 4 5 6 7 12 11 9 8 7 8 9 9 12 11 9 7 6 6 7 7 12 12 11 9 6 6 8 10 13 13 12 10 8 8 8 10 15 15 14 14 12 11 7 6 15 14 12 11 11 12 14 15 15 13 14 17 16 14 16 18 19 28 48 63 70 69 72 78 102 140 181 204 212 216 217 218 230 230 230 231 231 232 232 233 240 237 234 234 236 237 236 233 237 237 237 238 238 239 239 239 241 242 242 240 238 237 239 241 244 241 238 239 242 243 238 233 238 243 246 245 241 240 244 248 250 249 248 248 248 248 248 249 247 248 249 248 246 245 247 248 239 242 244 244 242 241 244 246 245 241 238 240 247 252 252 250 244 246 247 247
231 233 236 236 234 232 232 232 230 230 230 230 230 232 233 233 226 227 227 227 227 227 228 228 225 225 225 226 226 227 227 228 227 225 226 230 231 228 227 230 227 228 228 229 229 228 228 227 227 227 227 227 227 227 227 227 227 227 227 227 227 227 227 227 227 229 231 231 229 228 228 229 229 229 229 229 229 229 229 229 232 230 228 229 230 231 231 230 229 230 232 234 234 234 233 232 229 229 229 229 229 229 229 229 229 229 229 229 230 231 232 232 229 229 230 230 230 231 231 231 227 227 228 230 231 230 227 224 231 230 228 227 227 228 230 231 224 225 226 228 230 232 233 234 226 227 227 227 227 227 227 227 225 226 226 226 226 226 226 227 223 221 220 219 221 220 217 217 223 212 212 203 188 178 135 69 28 22 15 14 17 21 20 18 16 17 19 20 19 18 17 16 14 16 19 19 18 16 14 14 9 10 14 15 14 12 10 9 8 10 11 9 6 6 10 14 5 7 11 14 18 18 17 14 12 11 9 10 12 12 8 6 10 8 6 5 6 8 11 13 19 24 29 27 21 14 13 15 9 10 11 6 7 10 11 8 5 6 8 9 8 7 6 5 4 5 8 10 11 12 11 10 9 9 9 10 13 16 19 21 19 15 10 7 6 4 2 1 0 0 4 7 8 9 12 13 15 13 9 8 11 11 11 8 7 5 3 1 1 3 5 6 5 7 8 7 5 5 6 8 1 3 5 6 5 5 7 8 4 5 5 3 1 2 7 11 5 5 4 4 4 5 6 6 7 7 7 8 9 9 10 10 9 8 7 7 6 6 7 7 4 7 9 10 11 12 14 16 12 12 9 9 10 10 10 11 10 11 11 12 12 11 7 6 11 9 8 9 11 12 11 10 20 16 15 17 17 15 16 17 13 32 52 64 75 73 72 84 108 140 180 207 219 224 226 225 228 229 230 231 233 234 235 236 235 235 236 237 238 238 239 239 232 234 237 240 241 241 240 239 237 238 239 238 237 238 241 243 245 241 239 241 245 247 245 241 234 242 249 249 245 243 246 251 245 244 241 240 243 246 245 241 243 249 254 254 249 245 245 247 246 247 245 241 242 249 253 252 255 246 242 248 250 246 248 255 244 245 246 247
228 231 233 233 232 231 231 232 230 230 230 230 230 231 232 233 227 227 227 227 227 226 226 226 224 225 226 226 227 227 227 227 228 226 227 231 231 228 228 231 227 227 228 228 228 228 227 227 227 227 227 227 227 227 227 227 229 229 229 229 229 229 229 229 226 228 230 230 229 228 228 230 230 230 230 230 230 230 230 230 233 231 229 229 231 232 231 230 229 230 231 232 232 232 232 232 230 230 230 230 230 230 230 230 230 230 229 229 229 230 231 231 231 231 230 230 229 229 228 228 228 228 228 229 231 231 229 227 231 230 228 227 227 228 230 231 226 226 227 227 228 228 229 229 227 227 227 227 228 228 228 228 226 226 226 226 226 226 226 225 222 222 221 220 221 221 218 217 220 209 208 200 188 175 129 64 37 28 20 16 19 21 21 19 18 19 19 19 17 15 13 11 12 15 17 17 16 14 13 12 10 10 13 13 13 12 10 10 8 9 9 8 7 7 9 11 8 9 11 12 15 15 14 12 8 6 5 7 10 11 10 6 8 7 5 5 6 8 10 13 16 21 25 22 18 14 15 15 9 13 11 5 5 9 11 9 5 6 8 9 9 9 7 6 5 6 8 10 11 11 11 10 9 7 9 10 13 16 18 19 13 10 7 5 5 5 4 3 2 4 6 7 7 8 10 12 14 12 9 8 11 12 11 9 7 5 3 2 1 2 3 3 0 2 4 4 3 1 2 3 3 4 5 4 3 4 7 9 5 6 6 4 2 3 7 10 6 5 5 4 4 5 5 6 5 5 5 5 5 6 6 6 6 5 4 3 3 3 3 4 2 3 5 5 4 4 5 7 8 8 6 6 6 7 7 7 5 6 7 8 8 8 5 5 7 6 5 6 8 9 8 7 16 13 12 15 15 12 13 13 13 31 48 62 74 72 74 88 115 145 183 208 219 225 227 225 230 230 231 232 232 233 234 234 234 235 235 236 237 238 238 239 234 236 237 239 239 239 238 238 239 241 243 243 241 240 240 240 243 240 238 240 245 246 243 239 239 244 249 249 246 244 245 248 244 241 240 243 247 248 248 248 239 245 250 251 248 245 246 248 246 250 250 247 246 250 252 251 254 249 247 249 251 251 251 254 249 250 251 252
226 228 230 231 230 230 230 232 231 230 230 230 230 231 232 232 228 228 227 227 226 225 225 225 224 225 226 227 228 227 226 225 227 225 226 230 230 227 226 229 226 226 227 227 227 227 226 226 227 227 227 227 227 227 227 227 228 228 228 228 228 228 228 228 224 227 229 229 228 228 229 230 230 230 230 230 230 230 230 230 233 231 229 229 231 232 231 230 230 230 229 229 230 230 231 232 230 230 230 230 230 230 230 230 231 231 230 229 229 229 230 230 232 231 230 229 228 227 226 225 229 227 226 227 229 231 231 230 231 230 228 227 227 228 230 231 228 227 227 226 225 225 224 224 229 229 229 229 228 228 228 228 228 227 227 226 226 225 225 223 222 221 221 221 220 219 218 217 221 212 209 202 193 178 126 63 44 35 22 16 18 21 22 22 21 21 20 18 14 12 9 8 11 13 15 15 14 12 11 11 11 11 12 11 11 11 11 11 9 9 9 10 11 12 11 9 10 10 12 12 12 12 12 10 9 7 7 8 10 10 8 7 7 6 5 5 5 7 9 11 12 16 17 15 12 11 13 16 12 13 10 3 4 8 10 9 6 8 9 11 11 11 10 9 8 8 10 11 11 11 11 10 6 8 10 13 15 17 18 19 18 16 12 11 11 12 11 10 6 6 7 6 4 5 8 10 13 10 10 9 11 12 12 10 7 6 5 4 3 2 1 1 0 3 6 7 5 4 3 3 6 8 8 6 5 5 8 11 10 10 9 8 6 6 8 11 6 6 5 4 4 5 5 6 5 5 4 4 4 4 3 3 8 8 7 6 5 5 6 6 7 8 8 7 5 3 4 5 10 10 8 9 9 10 9 9 8 8 9 10 10 10 8 8 10 8 8 9 11 12 11 10 17 15 15 19 19 15 15 14 14 29 44 58 71 71 75 94 125 154 189 211 220 226 228 227 231 231 231 232 232 233 233 233 233 234 234 235 236 237 237 238 237 237 237 237 237 237 237 237 238 241 244 245 242 239 237 236 239 238 238 241 244 245 241 237 239 240 242 243 242 241 240 239 245 239 238 245 248 245 246 251 240 245 249 249 246 244 244 245 244 250 253 249 247 248 250 249 246 247 246 244 246 250 250 246 247 247 249 250
225 227 229 230 229 229 231 232 231 230 230 229 229 230 231 231 229 229 228 227 226 225 224 224 224 225 227 228 228 227 225 224 226 223 224 228 228 224 224 226 225 226 226 227 227 226 226 225 227 227 227 227 227 227 227 227 226 226 226 226 226 226 226 226 224 226 228 229 228 228 229 230 231 231 231 231 231 231 231 231 232 230 228 228 230 231 230 229 230 230 228 227 227 229 230 231 231 231 231 231 231 231 231 231 232 232 231 230 229 229 229 229 230 230 229 228 227 227 226 226 228 226 224 224 227 230 231 231 230 229 229 228 228 229 229 230 228 228 227 226 225 225 224 223 230 230 230 229 229 229 229 228 229 228 227 227 225 225 224 222 221 220 221 220 219 218 218 216 218 214 209 202 196 173 116 59 41 34 23 20 21 23 23 20 22 22 19 18 14 12 9 8 11 13 15 14 14 12 11 12 12 11 11 9 9 10 11 12 11 10 10 12 15 15 13 9 10 9 11 10 10 11 12 12 15 13 11 11 11 10 6 4 5 5 4 5 4 6 7 9 11 14 14 12 10 9 11 14 14 14 10 3 3 7 9 9 7 8 10 11 12 12 11 10 9 9 10 10 10 10 10 9 6 7 10 13 15 16 16 16 22 19 15 13 12 11 10 9 6 5 5 2 1 2 6 9 11 9 9 9 10 12 13 12 8 7 7 6 5 3 1 0 0 4 7 9 7 5 3 2 7 8 10 9 7 6 7 8 11 11 10 9 7 7 8 9 7 6 5 4 4 4 5 5 7 7 6 6 5 4 4 4 10 9 8 7 7 7 7 8 10 11 12 10 7 6 6 7 10 11 10 10 11 11 10 10 11 11 10 10 10 10 8 7 11 10 9 10 13 14 13 12 18 16 17 21 21 17 16 15 15 27 39 54 67 68 76 100 137 163 194 213 221 226 230 229 230 230 230 231 233 234 234 235 233 233 234 234 235 236 237 237 237 236 236 236 236 237 238 238 235 238 241 241 239 236 235 235 238 238 239 243 245 244 240 237 240 238 238 240 243 243 241 238 247 239 238 245 246 239 239 247 247 249 251 249 246 242 240 241 243 249 251 246 242 244 246 246 241 247 248 243 245 252 250 241 245 245 246 247
226 227 229 229 228 229 231 233 231 230 230 229 229 229 230 230 230 230 229 228 227 226 225 225 225 226 227 227 227 226 225 224 227 225 225 229 229 225 224 227 225 226 226 227 227 226 226 225 227 227 227 227 227 227 227 227 226 226 226 226 226 226 226 226 225 227 229 229 228 228 229 230 231 231 231 231 231 231 231 231 230 228 226 227 228 229 229 228 231 230 228 227 227 228 229 230 231 231 231 231 231 231 231 231 232 232 231 230 229 229 229 229 228 228 228 228 228 228 228 228 228 225 222 222 225 228 230 230 229 229 229 229 229 229 229 229 228 228 228 228 228 227 227 227 230 230 230 229 229 228 228 228 229 228 227 227 225 225 224 222 220 219 219 218 218 217 216 215 212 211 202 192 187 159 98 48 34 28 23 20 22 23 22 17 21 21 19 18 15 14 13 12 13 14 15 14 14 12 12 13 13 11 10 8 8 9 11 13 11 9 8 11 14 14 11 7 10 9 9 9 11 12 14 14 15 13 11 11 11 10 6 3 6 6 4 5 6 7 8 10 14 14 12 10 9 8 9 11 14 15 12 5 5 7 9 7 7 8 10 12 12 12 11 10 10 10 10 10 10 10 11 10 7 8 10 13 14 15 14 14 16 13 9 7 7 7 6 4 6 6 4 2 1 3 9 13 13 11 8 8 11 13 13 12 10 9 8 7 6 4 2 1 0 0 4 5 4 1 0 0 5 8 11 12 10 8 6 6 12 11 9 9 9 9 8 8 7 6 5 4 4 4 4 4 6 6 6 5 4 4 3 3 6 5 5 4 3 3 4 4 5 6 7 6 4 3 4 6 6 7 6 7 7 7 5 5 10 10 7 6 5 4 2 2 7 6 6 7 10 11 11 10 14 12 13 17 17 13 12 11 16 25 36 51 65 66 76 104 144 171 200 216 224 227 230 230 228 228 229 231 233 235 236 237 233 233 234 234 235 236 237 237 235 235 235 236 237 239 240 241 236 237 238 238 237 237 239 241 238 239 241 244 246 244 241 238 245 242 241 244 249 251 249 246 246 241 240 245 245 240 241 247 249 250 250 249 246 244 242 241 247 250 249 243 239 243 246 247 245 252 252 248 250 255 254 245 250 250 251 251
226 228 228 228 227 228 230 232 231 230 230 229 228 229 229 229 230 230 230 229 228 228 227 227 227 227 226 226 226 225 225 225 230 228 228 231 231 227 226 229 226 226 227 227 227 227 226 226 227 227 227 227 227 227 227 227 229 229 229 229 229 229 229 229 227 229 231 231 229 228 228 229 230 230 230 230 230 230 230 230 230 228 227 227 228 229 229 228 230 230 229 228 228 228 229 229 230 230 230 230 230 230 230 230 231 231 230 229 229 229 230 230 227 228 228 228 229 229 229 230 228 226 223 223 225 228 229 229 229 229 229 229 229 229 229 229 229 229 229 229 229 230 230 230 230 230 230 229 228 227 227 227 228 227 227 226 226 225 225 223 221 220 219 218 218 218 216 214 211 214 202 188 181 145 82 40 27 23 19 19 22 22 20 15 20 19 18 17 15 15 15 15 13 14 15 13 13 11 12 13 12 10 10 8 8 9 11 12 8 7 7 8 9 9 9 7 8 9 10 11 13 13 14 13 9 7 6 7 9 10 7 6 6 6 5 6 6 7 8 10 14 15 12 10 9 10 10 10 15 16 14 8 8 9 10 7 8 9 10 11 11 10 9 8 9 9 9 9 9 10 12 12 11 11 11 12 13 13 13 13 11 8 6 6 7 9 10 9 7 7 6 5 4 7 12 16 14 11 9 8 10 12 12 10 10 8 7 6 5 4 3 3 0 2 5 6 5 3 2 3 4 7 11 12 11 9 7 7 10 9 8 8 9 9 8 7 8 7 6 5 4 4 4 4 3 3 3 3 3 2 2 2 7 7 6 5 5 5 5 5 3 5 6 6 4 4 5 7 6 7 7 9 9 8 6 5 12 11 8 7 6 5 3 3 8 7 7 9 12 13 13 12 16 14 14 18 18 14 14 13 19 26 35 52 65 66 77 107 148 174 203 218 226 229 231 231 229 229 230 231 233 234 235 236 233 234 234 235 236 237 237 238 234 234 236 237 239 241 242 242 240 240 241 240 239 240 244 246 238 240 242 244 244 243 242 240 243 241 240 243 247 250 249 247 243 244 246 246 246 247 250 253 246 246 247 247 247 247 246 246 252 252 248 242 242 247 250 248 246 249 249 248 250 253 251 246 252 252 251 250
226 227 227 226 225 225 227 230 231 230 229 229 228 228 228 229 231 231 230 230 230 230 230 230 229 228 226 224 224 224 226 227 229 227 227 230 230 226 225 227 227 227 228 228 228 228 227 227 227 227 227 227 227 227 227 227 230 230 230 230 230 230 230 230 230 232 233 232 230 228 228 229 230 230 230 230 230 230 230 230 232 230 228 229 230 231 231 230 230 230 231 231 230 229 228 228 230 230 230 230 230 230 230 230 230 230 229 229 229 230 231 231 230 230 230 230 229 229 229 229 230 228 226 226 228 229 229 229 228 229 229 230 230 229 229 228 230 230 230 230 230 230 229 229 230 229 229 228 227 226 226 225 226 226 226 226 226 226 226 225 223 222 221 221 220 219 218 216 211 218 204 185 175 133 69 35 27 23 17 16 19 20 19 16 20 19 16 15 13 13 13 14 12 13 13 11 11 10 11 12 11 10 10 9 8 9 10 11 8 9 9 9 8 8 10 11 10 11 12 13 14 13 12 10 8 5 6 8 9 10 9 8 6 7 6 7 8 8 8 10 10 11 9 9 10 12 11 11 15 17 17 11 11 11 10 6 9 11 12 13 12 10 8 7 11 10 10 10 11 13 15 14 16 14 13 12 12 12 12 12 12 10 8 8 10 12 12 12 6 6 6 5 5 6 10 13 15 12 9 8 10 11 11 9 8 6 4 3 2 2 3 4 4 6 8 8 7 6 6 8 6 9 10 10 9 9 11 13 9 7 6 8 10 11 9 6 8 7 6 5 4 3 3 4 3 3 3 3 4 4 4 4 10 9 8 7 7 7 8 8 7 9 10 9 8 7 8 9 8 9 9 11 12 11 8 7 11 11 9 8 8 9 8 9 11 10 10 12 14 16 16 15 20 17 16 19 19 16 17 17 24 29 38 55 68 68 82 111 148 175 204 220 228 230 232 231 232 231 232 232 232 232 233 233 234 235 235 236 237 238 238 239 235 237 239 240 241 241 241 240 241 242 244 243 242 241 242 244 238 239 241 241 241 241 241 241 239 238 238 239 241 243 243 243 240 249 251 245 244 252 255 252 244 244 244 245 246 247 247 246 251 249 245 242 245 251 250 245 246 243 242 246 248 246 245 246 249 248 246 244
226 226 226 224 222 222 225 227 231 231 229 228 228 228 228 228 231 231 231 231 231 232 232 232 231 229 225 223 222 224 226 228 226 223 223 226 226 222 221 223 227 228 228 229 229 228 228 227 227 227 227 227 227 227 227 227 229 229 229 229 229 229 229 229 232 234 235 233 231 228 228 229 229 229 229 229 229 229 229 229 234 232 230 231 232 233 233 232 230 231 232 232 232 230 228 227 229 229 229 229 229 229 229 229 229 229 229 229 230 231 232 232 233 233 232 231 230 229 228 227 233 231 229 229 230 231 230 229 228 229 229 230 230 229 229 228 231 231 230 229 229 228 228 227 229 229 228 227 226 225 225 224 225 226 226 226 226 226 226 226 225 224 223 223 222 221 220 218 205 216 201 179 166 121 57 28 31 26 17 14 16 20 18 17 20 19 16 14 11 11 11 11 11 11 11 9 9 8 9 11 10 9 10 9 9 9 9 10 12 13 14 12 10 10 13 17 10 11 14 15 14 12 9 7 13 10 9 10 11 11 9 7 6 7 8 7 8 9 9 10 6 6 7 8 11 11 12 11 15 18 17 14 11 13 9 5 9 10 12 10 11 7 5 3 8 8 7 8 9 11 14 14 18 16 14 12 11 11 11 12 13 10 7 6 6 7 7 6 3 3 3 2 1 1 3 6 12 11 7 6 9 9 9 8 6 3 1 0 0 0 2 4 3 4 5 5 3 3 4 6 9 9 8 5 6 8 14 17 7 5 5 6 10 10 9 6 8 7 6 5 4 3 3 3 5 5 5 6 7 7 8 8 7 6 5 4 4 4 4 5 9 10 10 9 7 6 6 8 4 6 8 8 10 7 6 4 6 6 4 5 6 8 9 11 8 7 6 8 11 13 13 12 18 14 13 15 15 13 14 15 25 30 40 57 71 68 82 114 147 173 203 221 227 231 233 232 236 234 234 233 231 230 230 229 235 235 236 237 238 238 239 239 237 239 241 243 243 241 239 238 239 242 245 245 243 240 238 237 237 238 239 239 238 238 240 241 241 241 241 240 240 241 242 242 240 253 255 242 239 250 253 245 246 245 244 244 244 244 243 241 246 244 240 240 247 252 247 239 251 243 242 249 251 246 245 250 248 247 245 243
224 225 226 225 225 225 227 230 231 232 233 234 234 233 231 230 231 231 231 230 230 229 229 229 221 223 225 226 227 227 226 225 225 225 225 226 226 227 227 227 226 225 225 226 227 230 232 234 225 225 225 226 227 228 229 230 228 227 226 226 228 228 227 226 230 229 227 226 226 227 229 230 225 226 226 227 227 228 228 229 230 230 230 230 230 230 230 230 226 226 226 227 227 227 228 228 229 230 230 231 232 232 233 233 227 227 227 227 227 228 230 230 231 231 231 230 230 229 229 229 226 226 227 228 230 231 232 232 230 229 228 227 227 227 227 228 228 227 227 226 226 227 227 228 226 226 226 225 225 224 223 223 224 224 224 224 224 224 224 224 221 222 223 222 220 219 217 218 209 204 199 187 158 110 63 36 13 16 17 20 20 18 16 15 11 12 13 15 15 14 11 10 15 15 11 7 9 12 11 7 6 9 13 12 10 9 11 14 13 12 10 8 6 7 11 14 7 4 4 7 7 4 5 8 12 11 9 9 10 11 11 11 9 3 1 5 9 10 10 16 6 8 8 8 8 8 8 6 11 11 10 10 6 6 6 10 3 3 6 7 7 4 4 7 1 4 6 6 3 2 1 4 5 5 6 7 9 9 9 7 7 4 5 8 7 4 3 6 3 2 1 3 5 5 4 2 5 7 9 8 9 7 7 6 0 0 1 2 3 3 3 3 7 5 4 4 1 0 2 9 7 6 6 4 6 4 8 7 3 1 4 2 4 2 7 7 5 6 7 8 7 5 2 1 4 3 1 1 2 4 7 9 2 2 4 7 9 8 5 2 1 3 5 3 1 2 6 12 3 8 8 3 4 8 11 11 9 9 9 9 9 9 9 7 2 0 0 3 7 11 13 14 14 9 6 8 9 8 9 10 17 27 39 52 65 69 83 108 138 167 199 217 223 228 234 237 232 231 230 231 232 233 234 235 233 233 233 234 236 238 240 241 236 236 237 236 236 237 241 244 237 237 238 239 241 243 245 246 238 240 241 242 241 241 242 244 237 235 234 236 241 245 245 243 238 244 246 244 245 249 246 239 237 238 239 241 242 243 244 242 242 240 238 239 243 244 242 239 240 239 243 249 252 251 250 250 247 247 246 245
227 228 228 227 225 225 226 228 230 230 231 232 232 232 231 231 232 232 232 231 231 230 230 230 225 226 227 227 227 226 225 224 225 225 225 226 226 227 227 227 225 224 224 224 226 227 229 231 226 225 225 226 227 228 229 230 228 227 226 226 228 228 227 226 229 228 227 227 227 227 228 229 226 226 227 227 227 227 228 228 228 228 228 228 228 228 228 228 232 231 230 229 228 227 226 226 231 231 231 231 230 230 230 230 228 227 227 227 228 228 229 230 231 231 231 230 230 229 229 229 227 227 228 229 229 230 230 231 230 229 228 227 227 227 227 228 227 227 226 226 226 226 227 227 226 226 226 226 225 225 225 225 224 224 224 224 224 224 224 224 219 220 220 219 216 214 212 212 207 205 195 170 129 80 35 9 16 19 19 18 18 17 16 16 12 13 14 15 15 14 13 13 16 16 14 11 13 16 14 10 8 11 16 15 12 12 14 17 14 14 13 10 8 8 11 13 11 8 7 10 10 7 8 11 9 9 6 6 7 8 8 8 9 4 1 5 8 9 9 14 9 9 7 6 7 7 10 10 10 11 12 10 9 7 7 8 8 9 10 9 7 5 5 7 8 10 9 9 7 6 6 7 8 9 11 12 12 10 11 11 10 7 8 10 10 7 6 9 9 8 6 7 7 9 8 6 3 4 4 4 5 4 5 4 5 5 6 6 6 5 5 4 5 4 5 7 4 0 1 6 6 5 4 3 3 4 5 6 4 5 6 5 5 6 9 11 9 9 9 9 8 7 5 4 6 6 5 5 6 8 10 11 6 5 4 5 7 8 7 6 4 5 5 5 3 3 4 6 7 13 15 13 12 15 16 14 12 11 11 11 11 11 11 10 7 4 4 7 11 15 16 16 21 16 13 15 17 16 18 19 27 36 47 58 68 66 77 103 135 164 197 215 222 226 233 235 232 231 230 231 232 233 234 235 234 234 234 235 236 237 239 240 236 237 238 237 236 236 238 240 244 244 243 243 243 243 244 244 241 242 243 243 241 240 241 242 247 245 244 245 248 251 252 253 241 249 250 246 243 245 246 244 243 244 244 246 247 248 246 246 244 242 242 243 245 246 247 245 246 245 245 246 251 253 250 245 247 247 247 248
229 230 230 228 225 225 226 227 229 229 229 229 229 230 231 232 232 232 232 232 231 231 231 230 227 227 227 227 226 224 223 222 225 225 226 226 226 226 227 227 224 224 224 224 224 225 226 227 226 226 226 226 227 228 229 230 228 227 226 226 228 228 227 226 228 228 227 227 227 227 228 228 228 228 227 227 227 227 226 226 226 226 226 226 226 226 226 226 231 231 230 229 227 226 226 225 232 231 231 230 229 228 228 227 228 228 228 227 228 229 229 230 231 231 231 230 230 229 229 229 228 228 228 229 229 229 229 229 229 229 228 227 227 227 227 227 226 226 225 225 225 225 226 226 226 226 226 226 227 227 227 227 224 224 224 224 224 224 224 224 219 219 217 216 215 213 209 208 202 197 171 124 76 42 20 9 18 20 18 17 16 16 16 16 13 13 14 14 14 14 13 12 9 11 11 9 12 14 12 6 5 8 13 12 9 8 11 14 9 10 10 8 6 4 5 6 9 6 5 8 8 5 6 9 9 8 6 6 6 7 7 7 8 3 1 5 8 8 7 12 12 11 7 5 6 7 11 12 9 11 14 13 12 9 8 7 8 8 8 5 3 2 1 2 9 7 5 5 6 7 5 3 5 8 12 11 8 5 7 9 7 4 5 8 7 4 4 6 9 6 3 3 4 6 6 5 4 3 2 1 2 2 4 5 5 5 5 4 3 2 1 0 3 3 6 9 7 2 1 4 5 4 4 3 3 4 4 5 4 4 4 2 2 3 7 10 7 7 5 4 4 3 3 3 3 3 4 5 5 6 7 7 7 5 3 3 5 6 7 7 7 6 5 5 5 5 2 1 4 10 14 13 11 12 10 7 11 11 12 12 12 12 12 10 10 7 6 8 12 15 16 16 19 15 13 15 17 16 20 22 34 42 54 63 70 68 77 103 134 163 195 213 220 225 231 233 232 231 230 231 232 233 234 235 236 235 235 235 235 236 237 238 237 238 240 239 237 236 236 237 242 241 240 239 239 238 239 239 243 244 244 243 241 239 240 241 243 243 242 241 241 242 246 249 243 251 253 248 242 242 245 247 242 243 242 242 243 243 242 242 240 239 239 241 243 244 245 244 244 245 243 239 244 252 250 241 244 244 245 246
229 230 230 228 226 226 227 229 228 227 227 226 227 229 231 232 231 231 231 230 230 230 229 229 225 225 225 225 224 223 223 222 226 226 226 226 226 226 226 226 226 225 225 225 225 225 225 225 226 226 226 226 226 227 228 229 228 227 226 226 228 228 227 226 228 227 227 227 227 227 227 228 229 228 228 227 227 226 226 225 226 226 226 226 226 226 226 226 225 225 225 225 226 226 226 226 230 230 230 229 229 228 228 228 229 229 228 228 228 229 229 230 231 231 231 230 230 229 229 229 230 229 229 228 228 227 227 227 229 228 227 227 226 226 227 227 226 225 225 224 224 225 225 226 226 226 226 227 227 228 229 229 224 224 224 224 224 224 224 224 221 220 218 218 218 214 212 209 198 190 155 95 46 24 19 16 17 20 19 19 17 16 15 14 14 14 14 13 13 12 11 11 5 8 10 9 12 14 10 4 3 7 11 10 8 7 9 12 7 9 10 9 6 3 2 2 8 4 4 6 6 4 4 8 11 11 8 8 8 9 8 9 8 3 1 5 8 7 5 10 10 10 7 6 7 7 10 10 8 11 15 15 14 9 7 6 5 7 7 3 0 2 2 2 5 3 0 0 4 6 4 2 4 9 14 12 6 2 5 8 6 3 4 6 6 3 2 5 6 4 1 0 0 2 2 2 6 4 2 0 1 3 5 6 3 3 3 3 2 1 0 0 5 3 5 9 8 3 2 4 4 4 4 3 3 4 4 4 4 4 3 1 1 2 6 9 7 6 3 1 1 1 2 3 2 3 4 5 5 5 5 4 5 4 2 3 4 5 5 4 10 6 3 3 5 6 4 1 3 9 12 9 7 7 6 3 11 11 11 11 12 12 12 10 9 6 5 7 10 12 13 13 15 12 11 13 13 14 19 23 35 44 52 60 67 69 82 113 140 165 196 213 221 226 231 232 232 231 230 231 232 233 234 235 237 237 236 235 235 236 236 237 236 238 241 241 239 238 237 238 237 237 236 236 237 238 239 239 241 242 243 242 240 238 239 240 238 239 239 237 234 235 240 244 248 250 249 246 243 242 244 246 241 240 239 238 238 238 237 237 236 236 238 239 240 242 244 244 239 245 245 238 241 251 254 248 245 245 245 245
227 228 229 228 227 227 229 231 228 227 226 225 226 227 229 230 229 229 228 228 228 227 227 227 225 225 225 225 226 226 227 227 226 226 226 226 226 226 226 226 227 227 227 227 227 226 226 226 227 227 226 226 226 227 228 229 228 227 226 226 228 228 227 226 226 227 227 227 227 227 227 226 229 228 228 227 227 226 226 225 228 228 228 228 228 228 228 228 225 225 225 226 226 226 227 227 228 228 228 229 229 230 230 230 230 230 229 228 228 229 229 230 231 231 231 230 230 229 229 229 230 229 229 228 227 227 226 226 229 228 227 226 226 226 226 227 226 225 225 224 224 225 225 226 226 226 226 227 227 228 229 229 224 224 224 224 224 224 224 224 220 219 217 219 218 217 213 209 204 190 149 85 36 19 15 12 16 19 21 22 21 18 15 13 16 15 14 13 12 11 11 10 8 12 14 13 17 18 14 7 7 10 15 14 11 11 13 16 12 14 16 15 12 9 7 7 11 7 7 9 9 7 7 11 12 12 9 8 8 9 8 9 8 4 2 6 8 6 4 8 6 8 8 9 10 8 8 6 6 9 14 15 13 9 6 4 5 10 11 6 5 8 9 7 7 5 1 3 8 12 11 10 9 13 18 16 9 5 8 11 11 7 8 11 10 7 7 9 11 9 6 5 4 6 5 5 7 6 4 2 3 5 7 8 5 6 6 7 7 6 6 5 8 5 4 6 6 3 3 6 4 4 4 4 4 4 4 4 8 9 8 7 5 6 9 12 12 10 7 4 4 4 6 8 6 7 8 9 9 9 8 8 5 5 5 7 9 8 5 2 10 6 1 1 4 7 7 6 10 14 15 11 9 10 10 8 9 9 10 10 11 11 12 10 9 6 5 6 9 12 12 12 18 15 14 16 16 16 23 28 37 44 49 54 62 68 90 123 149 172 199 214 222 227 230 233 232 231 230 231 232 233 234 235 238 237 236 235 235 235 236 236 235 237 241 242 241 240 241 242 240 240 239 239 240 241 242 243 237 238 240 240 239 238 240 242 245 247 247 245 242 242 246 250 251 247 242 243 245 245 242 241 246 245 243 242 241 242 240 241 238 239 241 242 242 243 246 247 241 249 252 244 242 249 255 255 250 249 246 243
225 226 227 227 226 227 229 232 228 228 227 227 227 227 227 228 228 227 227 227 226 226 226 226 228 227 227 228 228 230 231 232 227 227 226 226 226 226 225 225 228 228 229 229 229 228 228 227 228 227 227 226 226 227 228 228 228 227 226 226 228 228 227 226 226 226 227 227 227 227 226 226 228 228 227 227 227 227 226 226 229 229 229 229 229 229 229 229 232 232 231 230 229 228 227 226 227 228 228 229 230 231 231 232 231 231 230 229 229 229 229 230 231 231 231 230 230 229 229 229 229 229 228 228 227 227 226 226 228 228 227 226 225 225 226 226 226 226 225 225 225 225 226 226 226 226 226 226 227 227 227 227 224 224 224 224 224 224 224 224 219 217 215 216 216 214 209 203 203 173 115 52 14 9 16 23 16 20 21 22 22 20 18 17 19 18 16 14 13 12 12 12 9 13 14 13 16 17 13 6 7 10 15 14 11 10 13 16 12 14 15 15 12 9 8 9 10 7 6 9 9 6 7 10 12 11 8 7 7 7 7 7 10 5 3 7 9 7 4 7 5 8 10 11 13 9 8 5 6 10 14 14 13 8 6 4 2 10 12 7 6 11 10 6 8 6 4 5 9 12 14 14 9 12 15 14 10 6 8 9 11 8 8 11 10 7 7 10 12 11 9 10 10 9 8 5 8 7 6 6 6 7 8 9 4 4 5 6 6 6 5 4 10 5 3 6 7 5 4 6 4 5 5 6 6 5 5 4 7 8 9 8 6 6 8 10 11 9 7 5 4 4 6 7 7 7 7 7 7 7 7 7 8 8 9 12 13 11 7 4 9 6 3 3 4 6 7 7 9 15 16 12 10 11 12 10 9 9 9 10 11 11 12 10 11 8 7 9 12 14 15 14 19 17 16 17 15 16 23 30 44 49 52 56 61 68 94 131 162 181 203 215 222 227 231 231 232 231 230 231 232 233 234 235 237 237 236 235 235 235 236 236 235 237 240 241 240 240 242 243 242 241 240 239 238 238 238 239 236 238 239 240 239 239 241 243 244 245 245 245 244 244 245 247 252 244 238 242 248 247 242 239 248 247 244 243 243 244 243 244 237 239 242 242 241 241 244 246 244 246 247 244 240 240 245 249 249 245 239 234
226 227 227 226 225 225 227 229 229 229 229 229 228 227 226 225 228 228 228 227 227 226 226 226 229 228 227 227 227 228 229 230 227 227 227 226 226 225 225 225 227 228 229 230 230 229 228 228 228 227 227 226 226 227 227 228 228 227 226 226 228 228 227 226 225 226 227 227 227 227 226 225 226 226 227 227 227 227 228 228 229 229 229 229 229 229 229 229 233 233 232 231 230 229 228 228 230 230 230 230 231 231 231 231 232 231 230 229 229 229 229 229 231 231 231 230 230 229 229 229 228 228 227 227 227 227 227 227 228 227 226 226 225 225 226 226 227 227 226 226 226 226 227 227 226 226 226 226 225 225 225 225 224 224 224 224 224 224 224 224 221 218 215 216 215 211 203 195 188 143 78 28 7 10 21 31 20 21 20 20 20 21 23 24 24 23 20 18 16 15 15 15 10 13 13 11 13 15 11 5 6 9 13 13 10 9 12 15 9 11 12 11 9 8 8 9 10 7 6 9 9 6 7 10 13 13 10 9 8 8 8 8 11 7 5 9 10 7 4 7 9 11 12 12 14 11 11 9 9 11 15 14 13 9 8 7 0 10 13 8 6 10 8 0 7 7 5 5 5 7 9 12 8 8 10 10 9 7 7 6 10 7 7 10 9 6 6 9 10 9 9 11 11 8 6 3 8 7 9 8 8 7 8 8 4 4 4 4 3 2 1 0 8 4 4 8 10 7 3 3 5 6 7 8 8 7 6 5 3 6 8 8 6 5 5 5 9 8 6 4 3 3 4 5 6 6 4 3 3 4 5 6 9 8 8 9 10 9 7 5 5 7 9 8 6 4 3 3 3 9 12 10 8 9 8 5 7 8 8 9 10 11 12 11 12 9 8 10 14 16 17 17 18 16 16 15 13 13 21 28 45 53 57 61 66 74 101 140 173 190 208 216 220 226 230 230 232 231 230 231 232 233 234 235 236 236 235 235 235 236 237 237 236 237 238 238 237 237 239 241 239 238 237 237 237 237 238 238 240 241 242 242 241 240 241 243 238 238 238 240 242 242 241 239 249 243 240 246 250 247 242 242 246 245 242 241 241 243 243 244 238 240 243 242 240 239 243 245 248 239 237 243 244 239 239 244 247 242 234 226
227 228 228 226 224 223 224 226 229 230 230 230 229 227 225 223 229 229 229 228 228 227 227 227 228 227 225 224 223 223 224 225 227 227 227 226 226 225 225 225 225 227 228 230 230 229 228 228 228 228 227 226 226 226 227 227 228 227 226 226 228 228 227 226 224 225 227 228 228 227 225 224 225 226 226 227 227 228 228 229 228 228 228 228 228 228 228 228 228 228 229 229 229 230 230 230 233 233 232 232 231 230 230 229 232 232 231 229 229 229 229 229 231 231 231 230 230 229 229 229 227 227 227 227 227 227 227 227 228 227 226 225 225 225 225 226 228 227 227 226 226 227 227 228 226 226 226 225 225 224 223 223 224 224 224 224 224 224 224 224 225 222 217 215 214 209 199 191 169 126 76 45 33 27 19 15 24 23 19 16 17 21 26 30 28 26 24 21 19 18 18 18 16 18 17 14 16 18 14 9 10 13 18 17 14 13 16 19 12 13 14 13 11 11 12 13 16 12 12 14 14 12 12 16 17 16 13 12 11 11 10 11 12 8 6 10 11 8 4 7 13 14 13 12 14 12 14 14 11 13 16 15 14 10 9 9 5 16 20 13 10 14 10 1 10 12 10 7 4 4 8 12 12 11 12 12 13 12 11 8 14 11 11 14 14 10 10 13 13 13 12 14 15 13 7 3 6 7 9 8 9 8 9 6 11 10 9 8 6 4 2 1 6 3 5 11 13 8 2 0 6 7 8 9 9 8 7 6 6 9 12 13 11 9 8 8 12 11 10 9 8 8 8 8 11 10 7 6 6 7 9 10 9 6 4 3 4 5 4 4 3 8 13 14 9 3 0 0 1 9 14 14 12 11 8 4 9 9 10 11 12 12 13 13 11 8 7 9 13 16 17 17 21 19 18 17 14 14 23 30 45 54 60 66 72 83 110 148 181 195 211 215 219 225 229 229 231 231 230 231 232 233 234 235 236 235 235 235 235 236 237 238 237 237 237 235 233 233 236 238 238 238 238 240 241 244 245 247 244 245 246 244 242 241 241 243 242 241 241 245 249 249 246 242 246 244 245 251 251 245 243 247 247 246 244 243 243 245 245 247 244 246 249 248 245 244 247 250 254 237 233 248 255 250 246 250 252 246 237 229
225 225 226 227 227 228 229 229 226 227 228 228 226 226 227 228 225 226 226 227 227 226 226 225 226 227 227 228 228 227 227 226 225 225 225 226 226 227 227 227 226 227 228 229 229 228 226 225 227 227 227 227 227 227 227 227 227 227 227 227 227 227 227 227 222 224 226 226 225 224 225 226 226 226 226 226 226 226 226 226 229 228 226 225 225 226 228 229 228 228 228 228 228 228 228 228 227 228 229 230 229 228 227 225 227 228 229 230 230 229 227 226 226 226 227 228 228 229 230 230 228 227 227 226 227 228 230 231 226 225 224 224 226 226 225 224 224 224 224 224 224 224 224 224 225 226 226 226 226 225 224 223 220 221 222 223 224 224 224 224 218 216 221 219 208 204 200 188 180 152 84 36 35 22 9 29 21 20 18 19 21 23 23 22 19 16 17 21 22 19 18 21 16 13 11 10 13 14 14 13 8 10 13 12 11 11 12 14 14 11 11 13 12 8 8 11 11 9 9 11 9 7 10 15 12 11 8 8 10 10 8 7 7 7 7 9 10 9 4 3 10 13 10 5 5 7 10 6 6 7 9 10 11 10 9 8 10 10 10 9 9 9 8 8 3 5 6 8 10 12 11 11 8 11 15 13 8 5 7 8 4 5 8 9 9 8 6 5 5 6 5 7 10 10 7 5 3 6 10 8 5 4 11 14 6 5 4 4 4 3 3 3 2 4 6 9 10 10 9 8 1 3 7 9 8 5 4 4 3 4 5 6 7 7 7 7 4 4 4 7 10 11 9 7 7 6 6 6 6 7 8 9 4 2 1 3 5 6 5 4 10 8 6 5 7 9 10 9 5 9 11 9 5 4 8 13 6 8 10 11 11 11 12 11 10 8 9 10 12 15 17 18 17 18 16 13 11 15 23 27 42 57 50 60 79 99 141 168 186 196 209 219 225 230 231 232 232 232 232 233 233 234 234 234 235 235 236 236 236 237 237 237 233 233 234 235 236 238 238 239 236 237 238 239 240 241 241 241 238 238 238 239 240 241 243 243 239 238 237 236 237 239 242 244 240 244 244 243 240 239 241 245 241 235 235 244 245 238 236 243 239 236 236 240 246 249 248 244 246 246 246 245 246 247 249 250 248 244 240 237
225 225 226 227 227 228 229 229 227 228 228 227 226 225 227 229 225 226 226 227 227 226 226 225 227 227 228 228 228 228 227 227 225 225 225 226 226 227 227 227 225 226 227 228 228 227 227 226 227 227 227 227 227 227 227 227 227 227 227 227 227 227 227 227 223 225 227 228 227 226 227 228 226 226 226 226 226 226 226 226 228 228 226 226 226 226 228 228 227 227 227 227 227 227 227 227 228 229 230 230 229 228 226 225 226 227 228 229 229 228 228 227 226 226 227 228 228 229 230 230 229 229 228 228 228 229 231 232 227 226 225 225 227 228 227 225 224 224 224 224 224 224 224 224 226 227 227 227 227 226 225 224 224 224 225 225 225 224 223 223 224 217 217 212 204 203 199 186 163 150 92 42 37 29 16 27 23 21 19 20 21 23 22 22 18 15 15 18 18 14 13 15 14 12 10 10 14 15 14 13 9 11 14 14 13 12 12 14 8 5 6 10 10 8 9 12 12 9 8 9 6 2 4 9 9 8 5 6 8 8 5 4 6 6 6 8 10 10 5 4 7 10 9 4 5 6 7 3 5 6 8 9 11 9 8 7 6 6 6 6 5 5 4 4 8 7 4 4 5 8 10 12 10 13 16 13 9 6 8 10 5 5 8 8 8 8 6 7 8 8 9 10 12 13 10 6 3 8 11 10 7 6 11 15 7 5 5 5 4 4 4 3 2 3 5 7 7 6 4 3 1 4 8 9 8 6 5 5 6 6 6 6 6 7 7 7 8 6 4 5 7 9 10 9 7 6 6 6 6 7 8 9 6 5 5 7 9 9 8 6 11 9 6 5 6 7 7 6 3 7 10 9 6 6 10 14 6 7 8 9 9 10 12 12 11 10 10 12 14 16 18 20 16 17 16 13 13 17 25 30 42 58 55 68 90 111 152 179 191 199 209 219 225 228 231 233 232 232 232 233 233 234 234 234 235 235 235 235 236 236 236 237 239 239 239 238 238 238 238 237 236 236 238 239 240 240 240 240 242 242 242 242 242 244 245 245 240 239 238 238 239 241 243 245 245 244 242 243 244 244 243 243 245 238 238 245 244 237 235 241 237 235 235 237 240 241 241 238 241 241 241 241 241 242 244 245 248 245 241 239
225 225 226 227 227 228 229 229 228 228 228 227 225 225 228 230 225 226 226 227 227 226 226 225 227 227 228 228 228 228 227 227 225 225 226 226 226 226 227 227 224 224 225 227 227 227 227 227 227 227 227 227 227 227 227 227 227 227 227 227 227 227 227 227 225 227 229 229 228 227 228 229 226 226 226 226 226 226 226 226 228 227 227 226 226 227 227 228 227 227 227 227 227 227 227 227 230 230 230 230 229 227 226 225 225 225 226 228 228 228 228 228 226 226 227 228 228 229 230 230 230 229 229 229 229 230 231 232 228 227 226 226 228 229 227 226 224 224 224 224 224 224 224 224 227 227 228 228 227 227 226 225 226 226 226 226 225 224 223 222 223 215 215 212 208 210 205 186 174 167 110 50 35 31 23 24 24 22 20 20 21 22 22 21 23 19 19 21 20 15 14 16 12 11 10 11 15 16 14 12 13 15 19 20 18 16 16 17 11 9 9 13 14 11 12 15 15 12 11 12 9 5 7 12 11 11 9 11 12 12 8 6 6 6 5 8 10 10 6 6 8 13 13 10 10 10 10 5 4 5 8 9 10 9 7 6 9 8 8 8 7 7 5 5 16 13 7 4 4 8 12 15 13 15 16 13 8 6 9 12 5 6 7 8 8 7 7 7 11 10 11 12 14 14 12 10 5 8 12 11 9 9 12 13 8 6 6 6 5 5 5 4 6 7 8 8 8 6 5 3 5 9 12 13 12 10 10 10 9 8 7 6 5 6 7 8 12 9 5 4 6 8 10 10 7 6 6 6 6 7 8 9 6 6 7 9 11 10 8 5 16 13 9 8 8 8 8 7 1 4 7 7 5 6 10 14 15 14 12 12 12 13 14 15 10 9 9 11 13 15 17 19 16 17 17 15 14 19 28 33 39 56 58 75 100 121 164 190 200 205 213 218 223 226 231 233 232 232 232 233 233 234 234 234 234 234 234 235 235 236 236 236 239 239 239 239 238 238 238 238 236 236 237 238 238 239 239 240 244 243 243 242 243 243 244 244 241 241 240 240 240 242 244 245 254 250 245 247 252 254 250 247 245 239 239 245 245 240 238 243 240 240 241 241 241 240 240 239 242 242 242 242 242 243 244 245 247 244 242 241
226 226 226 227 227 228 228 228 229 229 228 227 225 226 228 231 225 226 226 227 227 226 226 225 225 225 226 227 227 226 225 225 226 226 226 226 226 226 226 226 223 224 225 226 226 227 227 227 227 227 227 227 227 227 227 227 227 227 227 227 227 227 227 227 224 227 229 229 228 227 228 229 227 227 226 226 226 226 225 225 227 227 227 227 227 227 227 227 226 226 226 226 226 226 226 226 231 231 231 230 229 227 226 226 224 225 226 227 227 228 228 228 227 227 227 228 228 229 229 229 229 229 229 229 229 229 229 230 228 226 225 226 227 228 227 226 224 224 224 224 224 224 224 224 226 226 227 227 227 226 225 224 224 225 225 225 224 224 223 222 221 216 218 214 208 207 197 176 182 156 94 40 23 24 22 26 25 23 21 20 21 22 21 20 23 20 20 23 21 17 15 17 10 10 10 12 16 16 13 11 12 15 19 19 18 16 15 15 17 14 13 16 15 11 11 13 13 11 11 13 11 9 12 17 13 13 11 13 15 14 10 8 6 6 5 7 9 10 6 7 8 13 14 12 12 11 10 4 4 6 9 10 12 10 8 6 10 10 9 9 8 7 6 6 17 14 7 3 3 6 9 12 14 15 16 12 6 4 9 12 6 6 7 7 7 7 7 8 12 13 12 14 15 14 11 9 4 7 11 12 12 10 11 11 8 7 7 6 6 6 5 5 5 6 7 7 7 6 5 5 5 8 11 12 11 9 9 10 11 10 7 5 4 5 7 8 13 10 7 6 7 8 8 8 7 6 6 6 6 7 8 9 4 4 6 9 10 9 5 2 14 11 8 7 7 8 8 7 4 6 7 7 6 6 9 12 22 19 15 13 12 13 13 12 7 6 6 8 10 12 14 16 19 20 19 16 16 20 28 31 38 54 56 73 100 124 168 196 207 210 215 218 222 225 230 233 232 232 232 233 233 234 234 234 234 234 234 234 235 235 236 236 234 234 235 236 237 238 239 240 237 237 237 237 237 238 239 239 242 241 240 240 239 240 240 240 241 241 240 240 241 242 243 244 253 251 247 249 251 253 250 248 241 237 238 243 245 244 244 249 241 243 245 245 242 241 243 243 244 244 244 244 244 245 245 245 245 243 241 241
226 226 227 227 227 227 228 228 228 229 229 228 226 226 229 231 225 226 226 227 227 226 226 225 223 224 224 225 225 224 224 223 226 226 226 226 226 226 226 226 225 225 225 225 226 227 227 228 227 227 227 227 227 227 227 227 227 227 227 227 227 227 227 227 223 226 228 228 227 226 227 228 227 227 227 226 226 225 225 225 227 227 227 227 227 227 227 227 226 226 226 226 226 226 226 226 232 231 230 229 228 228 227 227 226 226 226 226 227 228 228 229 227 227 228 228 228 228 229 229 227 227 227 227 227 227 227 226 226 225 224 225 226 227 226 224 224 224 224 224 224 224 224 224 224 225 225 225 225 224 223 222 220 221 222 223 223 223 223 222 226 222 222 211 198 198 188 165 145 103 49 20 15 15 21 31 25 22 20 19 20 21 20 19 18 15 16 19 18 14 13 16 10 10 10 12 15 15 13 10 8 10 14 14 12 10 10 10 14 10 10 12 11 8 7 10 9 7 7 9 7 5 8 13 10 10 8 9 11 10 7 5 7 6 5 6 9 9 6 7 2 8 10 8 8 7 5 0 5 7 11 13 14 12 10 7 8 7 7 6 5 4 2 2 11 9 5 3 2 3 4 6 13 14 14 10 5 3 7 10 6 6 7 7 7 7 7 8 12 12 11 13 13 12 8 6 4 6 9 11 12 11 11 10 8 7 7 6 6 6 5 5 1 2 3 4 5 5 6 6 1 3 6 6 5 4 5 5 11 9 7 5 4 5 7 8 10 9 8 8 9 9 6 4 7 6 6 6 6 7 8 9 4 5 6 9 10 9 5 1 8 5 3 3 4 6 6 6 8 8 8 7 6 5 7 8 15 11 7 6 8 10 10 8 7 6 6 8 10 12 14 16 23 23 21 18 16 19 27 29 41 55 55 70 97 122 169 198 211 214 217 219 223 225 228 231 232 232 232 233 233 234 234 234 234 234 234 235 235 236 236 236 234 235 235 237 238 239 240 240 238 238 237 237 237 238 239 240 241 240 239 239 238 239 239 240 240 240 240 240 240 241 241 242 242 244 244 243 241 241 242 244 241 239 239 242 244 245 245 249 238 240 243 243 242 241 243 244 242 242 243 243 243 243 243 242 244 242 241 241
227 227 227 227 227 227 227 227 227 229 230 230 228 227 228 230 225 226 226 227 227 226 226 225 223 223 224 225 225 224 223 223 227 227 226 226 226 226 225 225 228 228 227 226 226 227 227 228 227 227 227 227 227 227 227 227 227 227 227 227 227 227 227 227 223 225 228 228 227 226 227 228 228 228 227 226 226 225 224 224 226 227 227 228 228 227 227 226 227 227 227 227 227 227 227 227 231 231 230 229 229 229 229 230 229 229 228 227 227 228 228 229 228 228 228 228 228 228 228 228 226 227 227 227 227 226 225 224 226 225 223 224 226 226 225 224 224 224 224 224 224 224 224 224 223 224 224 224 224 223 222 221 218 219 220 222 222 223 223 223 227 222 217 208 199 201 191 165 107 63 26 21 23 22 23 28 23 20 18 18 19 20 19 18 19 16 17 20 20 16 15 18 12 11 10 11 14 13 11 9 13 14 16 15 13 11 12 13 11 8 8 12 13 11 11 14 13 10 9 10 7 3 5 10 12 11 8 8 10 10 8 7 9 8 6 6 8 8 5 6 3 9 10 8 8 7 6 0 6 8 12 14 16 13 10 8 11 10 9 8 7 6 4 4 11 10 8 8 8 9 9 9 12 14 15 11 5 2 5 8 7 6 7 6 6 7 7 9 11 12 11 12 12 11 7 4 5 6 8 8 10 10 10 9 8 6 6 6 5 5 5 4 5 5 6 7 8 10 11 11 4 6 8 8 7 6 7 8 8 7 6 4 4 5 6 7 8 7 7 8 9 8 5 3 7 6 6 6 6 7 8 9 7 7 8 9 11 9 6 3 10 8 6 6 8 10 11 10 10 9 8 7 6 6 6 6 8 5 3 5 10 13 14 11 10 9 9 11 13 15 17 19 25 25 22 18 16 18 25 28 44 58 57 73 99 125 173 202 212 217 221 225 226 226 228 229 232 232 232 233 233 234 234 234 235 235 236 236 236 237 237 237 241 240 240 240 240 239 239 239 241 240 238 237 237 239 240 241 242 242 241 241 241 242 243 243 240 240 240 240 240 241 241 241 239 243 244 243 240 238 241 244 245 244 242 241 242 243 242 244 240 240 243 244 245 246 248 247 245 245 247 247 247 246 245 244 244 242 241 242
227 227 227 227 227 227 227 227 226 228 231 232 230 228 228 228 225 226 226 227 227 226 226 225 225 225 226 226 226 226 225 225 227 227 227 226 226 225 225 225 232 230 229 227 227 227 227 228 227 227 227 227 227 227 227 227 227 227 227 227 227 227 227 227 225 227 229 229 228 227 228 229 228 228 227 226 226 225 224 224 226 226 228 228 228 228 226 226 227 227 227 227 227 227 227 227 230 230 229 228 229 230 231 232 233 231 230 228 228 228 228 229 228 228 228 228 228 228 228 228 227 227 228 228 228 227 225 224 227 225 224 225 227 227 226 225 224 224 224 224 224 224 224 224 224 224 225 225 224 224 223 222 221 221 222 223 223 222 222 221 222 216 213 208 205 200 172 128 78 46 25 23 24 25 25 19 20 17 16 16 18 19 19 18 24 21 21 23 22 17 16 18 15 13 10 9 12 12 10 9 18 18 18 16 13 13 15 17 12 9 10 14 14 12 13 16 15 12 11 11 8 4 6 11 16 13 8 8 9 11 11 10 12 10 6 6 7 7 4 4 8 13 13 11 11 11 10 4 5 7 12 14 16 12 9 6 15 14 13 12 11 10 8 7 11 11 9 9 11 13 14 15 12 14 16 13 8 4 5 7 7 7 6 6 6 6 8 9 13 13 11 12 11 11 7 4 6 5 5 5 7 8 9 9 7 5 5 5 4 4 4 3 8 8 8 9 9 10 11 11 7 9 10 10 9 9 10 11 4 4 4 4 5 5 5 5 8 6 4 5 6 7 6 4 7 6 6 6 6 7 8 9 8 7 6 7 8 8 6 3 15 12 9 9 10 12 12 11 9 8 6 6 6 7 7 7 9 6 4 7 13 16 14 10 11 10 10 12 14 16 18 20 23 23 21 18 15 19 26 29 44 59 59 76 103 128 175 203 211 217 223 229 230 228 227 227 232 232 232 233 233 234 234 234 236 236 237 237 238 238 238 238 241 241 240 240 240 240 239 239 243 241 240 238 238 239 241 242 243 243 243 243 244 245 246 247 241 242 242 242 242 242 241 241 246 247 246 246 246 246 246 247 246 245 242 240 240 242 241 242 244 242 243 245 249 250 250 247 248 248 250 250 250 249 247 246 246 244 244 244
227 227 227 227 227 227 227 227 225 228 232 233 232 229 227 227 225 226 226 227 227 226 226 225 226 227 227 228 228 227 227 226 227 227 227 226 226 225 225 225 234 232 230 228 227 227 227 228 227 227 227 227 227 227 227 227 227 227 227 227 227 227 227 227 226 228 230 230 229 229 229 230 228 228 227 226 226 225 224 224 225 226 228 229 229 228 226 225 228 228 228 228 228 228 228 228 230 229 228 228 229 231 232 234 235 233 231 229 228 228 228 229 228 228 228 228 228 228 228 228 228 229 229 230 229 228 226 225 228 227 226 226 228 228 227 226 224 224 224 224 224 224 224 224 225 224 226 224 226 225 224 223 224 224 224 224 223 222 221 218 219 212 211 210 203 183 128 64 47 30 15 9 9 21 25 12 18 13 14 15 17 19 19 18 23 20 19 20 18 13 10 12 19 16 12 10 11 11 11 9 16 15 13 11 8 8 12 15 12 9 8 11 10 6 6 8 7 4 4 6 5 3 5 12 11 8 4 3 4 7 7 8 13 11 7 6 6 6 5 4 7 11 11 9 8 9 8 5 4 7 11 15 15 11 8 5 12 12 11 10 8 7 5 4 5 4 2 2 4 7 11 13 13 15 18 16 10 5 6 7 8 7 6 5 5 6 8 10 14 14 12 13 12 11 8 4 7 5 3 3 6 7 9 9 6 5 5 4 5 3 4 3 5 4 4 2 3 2 3 4 2 4 5 5 4 4 5 7 1 2 3 4 5 5 5 5 9 6 2 1 3 5 6 7 7 6 6 6 6 7 8 9 6 5 3 3 4 4 3 1 11 9 5 4 4 5 4 3 7 6 5 5 7 8 9 8 10 6 4 6 9 10 6 1 10 10 11 12 14 15 19 18 21 21 20 17 16 19 28 32 40 57 59 78 105 130 172 201 209 216 225 231 232 230 228 227 232 232 232 233 233 234 234 234 237 237 238 238 238 239 239 239 235 235 236 237 238 240 240 241 244 243 240 239 239 240 242 243 242 242 242 243 244 245 247 248 243 243 244 244 244 243 242 242 249 246 242 244 248 249 246 243 242 243 240 238 239 243 244 244 244 240 238 240 245 247 245 240 244 245 246 247 246 245 243 242 248 247 246 246
227 226 226 225 225 226 226 227 225 225 225 225 227 226 225 223 225 225 225 226 226 227 227 227 225 226 227 226 224 223 224 225 224 223 222 222 223 226 229 231 228 227 225 224 224 225 227 228 224 224 225 226 226 227 228 228 224 225 225 226 226 227 227 228 229 229 229 229 229 229 229 229 228 228 228 228 228 228 228 228 219 225 230 230 227 225 228 231 222 224 226 228 229 229 229 228 225 227 228 228 226 226 227 229 226 227 229 230 231 231 230 229 227 227 227 227 227 227 227 227 227 227 227 227 227 227 227 227 221 221 221 222 222 223 223 223 220 220 220 220 220 220 220 220 221 220 221 220 221 221 221 221 219 220 221 221 221 221 222 221 211 205 203 184 174 152 87 38 20 22 22 23 25 23 23 19 14 10 11 11 12 14 16 17 17 16 15 14 13 13 14 15 14 14 15 14 15 14 13 12 15 14 11 8 5 7 14 20 8 8 8 8 8 8 9 9 5 0 2 11 11 4 3 10 10 8 8 7 7 8 9 9 6 4 4 7 8 5 5 8 7 8 9 10 10 10 10 10 9 10 11 13 14 14 14 13 12 11 9 7 5 4 3 3 3 3 4 4 6 7 9 7 9 11 14 13 10 7 7 7 5 5 6 6 6 6 6 8 7 8 9 9 8 7 5 2 9 8 6 5 5 6 8 9 9 6 7 5 6 4 6 4 3 2 7 8 11 9 10 7 3 3 3 2 1 2 5 7 4 5 5 6 6 5 5 5 3 7 8 7 7 8 10 12 5 5 5 6 7 8 10 9 7 4 4 6 4 1 4 9 7 7 6 6 6 7 8 9 8 5 3 4 7 9 8 6 3 3 5 6 8 9 10 11 8 7 8 11 15 17 18 17 19 14 14 20 18 14 22 34 33 49 51 77 109 131 171 199 204 212 221 229 232 232 233 233 230 230 231 232 234 235 236 237 231 233 236 238 239 238 237 236 238 239 239 238 237 238 240 243 237 240 242 241 239 238 240 243 237 239 241 241 241 241 243 245 233 243 247 242 238 240 242 241 246 244 240 241 245 247 246 244 247 241 236 239 246 249 244 239 236 245 250 247 240 237 243 250 241 249 246 241 246 246 241 242 242 242 242 242
227 226 226 225 225 226 226 227 224 223 223 223 224 224 224 223 225 225 225 226 226 227 227 227 225 226 227 226 224 223 224 225 224 224 225 226 226 226 225 224 227 227 225 225 225 225 227 227 225 225 226 226 226 226 227 227 225 225 226 226 226 226 227 227 228 228 228 228 228 228 228 228 228 228 228 228 228 228 228 228 222 226 230 229 226 225 227 231 224 225 226 228 229 228 228 227 226 227 228 228 226 226 227 228 226 227 228 229 229 229 228 227 227 227 227 227 227 227 227 227 227 227 227 227 227 227 227 227 221 221 221 222 222 223 223 223 221 221 221 221 221 221 221 221 219 219 219 219 219 219 220 220 219 220 220 220 221 220 220 218 214 204 204 193 187 168 98 47 15 22 28 29 26 23 22 22 14 11 11 11 13 14 15 15 16 15 15 14 14 14 15 16 16 16 15 14 14 14 13 13 14 13 11 7 7 9 14 17 9 7 9 9 9 9 10 10 12 6 8 15 15 7 8 12 9 7 7 6 6 6 6 7 7 5 6 10 12 11 12 16 5 6 7 9 8 9 9 9 9 10 9 11 11 12 11 11 10 9 9 8 7 7 7 7 6 5 5 5 7 9 12 13 8 10 13 11 8 5 5 5 9 9 10 10 10 10 12 12 6 7 8 9 8 7 6 5 9 8 6 5 5 6 8 9 8 8 9 9 9 8 6 6 4 5 7 9 9 9 9 6 6 7 7 6 5 6 8 11 5 5 5 4 4 5 5 5 3 7 8 8 7 8 10 12 10 9 8 7 7 7 7 6 7 4 4 6 4 2 4 9 7 6 5 5 4 5 5 6 4 2 1 2 5 6 5 3 7 7 8 9 10 11 12 13 10 9 9 12 15 18 19 19 20 15 14 19 17 12 19 30 32 48 51 78 109 131 169 195 205 213 222 229 230 232 233 233 231 231 231 232 234 235 235 236 234 234 234 235 236 237 238 239 235 236 238 238 239 241 245 248 236 238 241 240 239 238 240 243 241 242 243 242 240 239 240 241 239 247 251 246 242 244 245 244 249 246 242 242 246 248 248 247 248 245 242 244 247 248 242 238 242 248 252 250 245 243 246 250 245 253 249 244 249 249 245 247 247 247 247 247
226 226 225 225 225 225 226 226 223 222 221 220 220 221 222 223 225 225 226 226 226 226 227 227 225 226 227 226 224 223 224 225 224 226 229 230 229 226 221 219 227 226 226 225 225 226 226 227 227 227 226 226 226 226 225 225 227 227 226 226 226 226 225 225 227 227 227 227 227 227 227 227 228 228 228 228 228 228 228 228 225 227 229 228 225 224 227 230 226 226 227 227 228 227 226 226 226 227 229 228 226 225 227 228 227 227 228 228 228 227 226 225 227 227 227 227 227 227 227 227 227 227 227 227 227 226 226 226 221 221 222 222 222 222 223 223 221 221 221 221 221 221 221 221 220 220 220 220 220 220 220 220 221 221 222 221 221 220 219 215 216 204 202 188 179 154 81 26 11 20 30 31 25 21 21 20 14 11 12 13 14 14 13 13 15 14 15 14 15 15 16 17 17 16 14 12 11 11 13 14 10 10 10 8 8 9 13 14 9 7 9 9 9 9 10 10 12 7 8 13 12 6 6 9 10 8 7 6 6 5 6 6 5 3 4 8 10 8 9 12 4 4 5 6 6 7 6 5 6 7 7 9 10 9 9 8 4 4 5 5 6 7 7 8 5 4 3 3 5 8 12 14 7 9 11 10 6 4 4 4 6 6 7 7 7 7 9 9 4 4 5 6 6 6 6 5 7 6 5 4 4 5 6 7 5 6 7 8 8 6 5 3 5 5 5 5 5 5 5 5 4 5 5 4 3 3 6 8 5 5 3 2 2 3 5 5 4 5 6 6 5 5 8 10 8 7 6 6 5 5 6 6 7 5 5 7 5 2 4 9 6 5 4 3 3 2 3 3 2 1 1 3 5 5 4 2 5 6 6 6 7 7 8 8 11 10 9 12 16 19 19 19 18 13 11 14 12 7 13 20 29 47 52 80 113 133 170 195 208 214 220 225 228 231 232 231 233 232 232 233 233 234 234 234 236 235 234 233 233 236 238 240 234 236 238 239 240 243 246 249 236 238 240 240 239 240 242 243 244 245 245 243 239 237 237 238 240 246 249 245 242 241 242 241 246 243 238 238 240 243 244 245 245 245 244 244 244 242 239 238 241 244 246 247 245 243 243 244 243 251 246 240 245 246 242 245 245 245 245 245
226 226 225 224 224 225 226 226 224 223 222 220 219 220 223 225 226 226 226 226 226 226 226 226 225 226 227 226 224 223 224 225 225 227 229 230 229 226 222 220 226 226 226 226 226 226 226 226 228 228 227 226 226 225 224 224 228 227 227 226 226 225 225 224 227 227 227 227 227 227 227 227 228 228 228 228 228 228 228 228 228 229 228 226 224 224 227 230 227 227 227 227 226 226 225 225 227 228 229 228 226 225 226 227 229 229 228 228 227 227 226 225 227 227 227 227 227 227 227 227 227 227 227 226 226 226 226 225 222 222 222 222 222 222 222 222 222 222 222 222 222 222 222 222 221 221 221 221 221 221 221 221 223 222 222 222 222 221 218 213 221 210 207 182 156 125 62 21 14 19 25 25 24 21 22 20 14 12 13 14 15 13 12 11 14 14 15 15 16 17 17 18 19 17 14 12 11 12 14 16 10 10 10 10 11 11 13 12 8 6 8 8 8 8 9 9 10 6 7 10 10 5 7 8 11 10 8 7 6 6 6 7 8 4 4 7 6 3 2 5 4 5 5 6 6 6 5 5 5 7 7 9 10 10 9 8 5 5 6 7 8 8 8 8 8 7 5 4 6 10 15 18 9 10 12 10 6 4 4 5 4 4 5 5 5 5 7 7 4 4 5 6 6 7 7 7 7 6 5 5 5 5 6 7 7 6 6 5 5 5 5 5 7 6 5 4 3 4 4 4 1 3 4 3 2 1 3 4 6 5 3 1 1 3 5 6 4 5 6 6 5 5 7 9 3 3 3 4 5 7 8 9 6 5 6 8 6 3 4 9 7 7 5 4 3 2 2 2 3 3 4 6 6 6 5 4 5 5 5 5 5 5 5 5 12 11 10 12 16 20 20 21 20 16 13 14 12 8 12 16 24 43 50 80 114 135 172 198 207 213 218 223 227 229 232 234 234 233 233 233 233 233 233 233 235 235 234 234 234 235 237 238 236 238 239 240 239 240 242 244 238 239 240 241 242 242 244 245 244 245 245 243 239 237 237 238 241 245 247 245 242 240 240 239 246 243 238 236 237 240 243 245 246 248 247 244 241 241 242 245 241 241 242 244 245 244 242 240 241 248 243 237 242 243 240 243 241 241 241 241
226 225 224 224 224 224 225 226 225 225 225 222 220 221 224 228 226 226 226 226 226 226 226 226 225 226 227 226 224 223 224 225 227 227 226 226 226 226 226 226 226 226 226 226 226 226 226 226 229 228 228 227 225 224 224 223 228 227 227 226 226 225 225 224 229 229 229 229 229 229 229 229 228 228 228 228 228 228 228 228 229 228 228 226 225 225 227 229 228 227 227 226 225 225 224 224 227 228 229 228 226 225 226 227 231 230 229 229 228 228 227 227 227 227 227 227 227 227 227 227 227 227 227 226 226 225 225 224 222 222 222 222 222 222 222 222 222 222 222 222 222 222 222 222 224 224 224 224 224 224 224 224 225 223 222 223 224 222 218 211 204 196 190 151 113 82 41 23 20 18 17 18 23 24 24 19 14 12 13 14 15 13 12 11 13 14 15 16 17 17 17 17 19 17 14 12 13 14 15 16 12 11 11 11 12 12 12 11 7 5 7 7 7 7 8 8 9 7 8 11 11 10 12 13 9 8 7 6 5 5 6 6 11 8 7 9 8 4 3 6 5 6 6 7 7 7 6 5 5 7 10 12 12 11 9 9 11 11 12 12 12 11 10 9 13 11 9 8 10 14 19 22 13 13 14 12 8 5 6 7 6 6 7 7 7 7 9 9 5 5 5 6 6 7 8 8 7 6 6 6 6 6 6 7 9 7 4 1 1 3 5 6 8 7 6 5 4 4 4 4 4 6 7 6 5 4 4 6 7 5 3 2 2 3 5 7 5 6 7 6 5 5 7 9 2 2 2 3 4 6 7 8 6 5 6 9 7 3 4 9 9 8 7 5 4 4 4 4 3 4 5 6 6 6 6 6 10 10 9 9 9 8 8 8 12 10 9 11 15 19 21 21 22 19 18 18 15 14 16 17 16 34 42 73 108 131 171 198 203 210 216 222 226 230 234 236 235 234 233 233 233 233 232 232 233 234 235 236 236 236 235 234 234 236 238 239 238 238 240 241 241 241 241 242 244 245 245 245 241 242 243 242 240 239 240 241 247 247 249 249 247 244 242 243 250 248 244 241 241 243 247 250 250 251 248 245 241 243 249 252 246 245 244 246 248 248 245 243 242 250 245 239 244 245 241 244 245 245 245 245
225 225 224 224 224 224 225 225 225 227 227 225 222 222 225 229 227 227 226 226 226 226 225 225 225 226 227 226 224 223 224 225 228 226 225 224 224 226 229 231 225 226 226 227 227 226 226 225 229 228 227 227 225 225 224 223 227 227 226 226 226 226 225 225 229 229 229 229 229 229 229 229 228 228 228 228 228 228 228 228 227 227 227 226 226 227 228 228 228 227 226 225 224 224 225 225 228 229 229 228 226 225 225 226 231 230 229 228 228 228 229 229 227 227 227 227 227 227 227 227 227 227 226 226 225 224 224 224 223 223 222 222 222 222 221 221 221 221 221 221 221 221 221 221 223 223 223 223 223 223 223 223 225 223 222 222 224 222 216 208 197 183 165 113 66 41 19 22 23 17 13 14 21 25 24 19 14 11 12 13 14 14 13 13 14 15 17 17 18 17 17 16 18 17 15 14 15 15 16 16 13 11 11 11 12 13 13 11 8 6 8 8 8 8 9 9 7 6 7 8 9 9 13 12 6 4 4 3 3 4 5 5 7 4 4 7 7 4 4 7 7 7 8 9 9 7 7 6 7 9 13 15 15 14 12 10 7 9 10 10 9 7 5 4 10 9 7 6 7 10 14 16 16 16 16 13 9 7 8 9 5 5 6 6 6 6 8 8 7 6 6 6 6 7 8 8 7 7 7 7 7 7 7 7 9 7 4 2 2 3 5 7 7 7 7 7 6 5 5 5 3 5 7 6 4 3 3 4 7 6 4 4 4 4 6 7 5 6 7 6 4 4 6 8 7 6 5 4 4 4 5 4 6 5 7 10 8 4 4 8 10 9 8 7 6 6 6 6 3 4 4 4 2 3 5 7 9 9 9 9 8 8 8 8 12 10 8 10 14 17 20 21 17 16 15 14 13 14 15 13 8 25 30 60 96 122 165 194 200 208 215 223 227 231 235 236 234 233 233 233 233 233 233 233 232 233 235 237 237 236 234 232 230 233 236 238 238 239 241 242 244 242 241 242 244 245 244 243 239 241 242 242 240 240 241 243 245 243 244 247 246 242 240 242 248 247 244 242 240 242 244 248 246 246 243 239 237 240 245 252 245 244 243 243 244 245 244 243 239 248 244 239 244 244 239 241 246 246 246 246
225 224 224 223 223 224 224 225 223 226 229 227 224 222 225 229 227 227 227 226 226 225 225 225 225 226 227 226 224 223 224 225 228 227 225 224 225 226 229 230 225 225 227 227 227 227 225 225 228 227 227 226 226 225 225 224 225 225 226 226 226 226 227 227 228 228 228 228 228 228 228 228 228 228 228 228 228 228 228 228 225 225 226 227 228 229 228 227 227 226 225 224 224 224 225 226 228 229 230 228 226 224 225 226 229 228 227 227 227 228 229 230 227 227 227 227 227 227 227 227 227 227 226 226 225 224 223 223 223 223 223 222 222 221 221 221 221 221 221 221 221 221 221 221 221 222 222 222 222 222 221 221 223 221 219 220 220 218 211 204 204 174 142 85 45 30 18 25 18 16 14 16 21 23 22 18 12 11 11 11 13 14 15 15 15 16 18 18 18 17 16 15 16 16 15 14 14 13 14 14 13 10 7 7 11 13 12 10 10 8 10 10 10 10 11 11 7 7 7 6 6 8 11 9 6 5 5 5 6 7 8 9 7 4 4 7 7 3 3 6 7 8 7 8 8 7 6 4 8 11 13 16 17 16 13 11 4 5 6 6 5 3 1 0 6 5 4 3 4 5 7 8 17 17 17 13 9 7 8 10 4 4 5 5 5 5 7 7 9 7 6 5 4 5 6 7 5 6 6 6 6 6 6 5 7 7 7 7 6 6 5 5 5 6 7 8 8 7 5 4 3 5 7 6 4 3 2 3 6 6 6 6 6 6 6 6 5 6 6 5 3 3 5 7 8 7 6 5 5 5 6 6 6 4 6 10 8 4 4 7 8 7 6 6 6 6 7 7 5 6 5 3 1 3 7 11 7 7 7 7 7 8 8 8 11 9 6 8 12 16 19 19 12 12 10 9 11 13 14 11 8 23 25 53 88 115 160 191 200 207 216 224 228 230 233 233 234 233 233 233 233 233 233 233 234 234 234 235 235 234 234 233 232 235 238 239 239 239 240 241 244 242 240 241 243 243 241 239 240 241 242 242 240 240 241 242 242 238 239 244 244 240 238 240 242 244 242 240 237 237 239 243 243 242 240 238 237 238 240 242 243 242 241 239 239 240 242 243 236 246 244 240 245 244 237 238 243 243 243 243
225 224 224 223 223 224 224 225 221 226 229 228 224 222 224 227 227 227 227 226 226 225 225 225 225 226 227 226 224 223 224 225 228 228 227 226 226 226 227 228 224 225 227 228 228 227 225 224 227 227 227 226 226 225 225 225 224 225 225 226 226 227 227 228 227 227 227 227 227 227 227 227 228 228 228 228 228 228 228 228 223 224 225 228 230 230 229 227 226 226 224 223 223 224 226 227 228 229 230 228 226 224 225 226 227 226 225 225 226 227 229 230 227 227 227 227 227 227 227 227 227 227 226 225 224 224 223 222 223 223 223 222 222 221 221 221 220 220 220 220 220 220 220 220 220 220 220 220 220 219 219 219 222 219 217 216 218 214 208 198 176 137 97 45 18 18 9 16 13 15 18 19 19 20 19 17 12 10 10 10 12 14 16 17 16 17 19 19 18 17 15 14 14 14 15 14 13 12 13 12 13 9 6 5 9 11 12 10 12 10 12 12 12 12 13 13 14 14 13 10 10 11 14 11 9 8 8 9 10 12 13 14 17 13 12 13 11 6 5 7 7 7 7 7 7 6 3 3 8 11 14 17 18 16 13 11 8 9 11 12 12 10 8 6 11 10 10 9 10 10 11 11 17 17 17 13 8 6 8 9 9 9 10 10 10 10 12 10 10 8 6 5 4 4 5 6 5 6 6 7 7 6 6 5 5 8 10 12 12 9 6 3 5 6 8 10 10 8 6 5 8 10 12 12 10 8 7 8 6 7 8 8 8 8 7 6 5 6 6 5 3 3 5 7 6 6 6 7 8 10 11 12 5 4 7 10 8 4 4 7 6 6 5 5 5 6 7 8 9 10 8 5 3 5 10 15 10 10 11 11 12 12 12 13 11 9 6 7 11 15 17 18 15 15 14 13 16 20 21 16 14 26 25 50 85 113 159 191 201 208 218 224 229 229 228 228 232 232 232 233 233 234 234 234 236 235 233 232 232 233 235 236 238 240 242 242 239 237 237 237 244 241 239 239 241 241 239 236 241 242 243 242 240 239 240 241 244 239 240 246 248 243 241 243 243 245 244 243 240 239 241 243 248 247 246 246 246 245 241 240 246 246 244 242 240 241 245 249 240 250 249 246 252 250 242 242 244 244 244 244
222 223 224 225 224 223 222 221 224 224 224 225 225 226 226 227 225 225 226 227 227 227 226 226 223 224 225 227 227 226 225 224 222 223 225 226 226 225 223 222 224 226 228 228 226 225 226 227 227 226 224 223 223 224 226 227 225 225 225 226 226 227 227 227 226 226 225 225 226 228 230 231 228 228 228 229 229 230 230 230 226 226 226 226 226 226 226 226 226 225 223 223 223 223 225 226 225 228 228 225 225 228 228 225 227 226 226 225 225 226 226 227 225 225 225 226 226 227 227 227 223 224 225 227 227 226 225 224 223 223 223 222 222 221 221 221 220 220 220 221 221 222 222 222 222 221 221 222 223 223 221 217 212 215 219 210 201 202 194 164 135 90 45 23 20 17 19 25 18 19 17 16 16 18 20 21 10 9 10 13 17 18 17 15 16 17 19 20 19 17 14 12 14 14 13 12 13 12 11 11 5 8 11 12 12 11 11 12 4 5 9 11 11 11 14 15 10 10 10 10 10 11 14 13 9 7 7 8 10 11 11 10 4 8 11 11 8 6 7 8 5 6 7 8 7 7 7 7 5 7 11 13 12 11 9 8 6 9 10 9 11 15 13 8 8 8 9 10 10 11 12 12 13 15 16 12 11 12 10 5 3 4 6 8 9 10 13 11 9 5 3 4 8 11 12 11 7 7 7 7 7 7 7 7 4 4 5 6 7 7 7 7 6 6 9 13 11 6 5 8 3 3 4 4 5 6 6 6 7 8 8 7 6 7 10 12 6 6 6 6 7 8 9 9 9 7 4 2 3 6 10 13 3 5 7 7 6 5 6 7 10 6 5 7 7 5 7 11 4 9 10 7 6 9 10 9 7 7 8 9 9 10 11 11 7 8 10 12 11 12 13 13 18 9 11 16 14 19 21 11 10 11 21 46 71 92 136 188 191 206 218 223 226 229 232 233 233 231 231 234 235 232 232 236 234 232 231 233 236 238 239 238 233 236 239 240 239 239 239 240 236 237 239 241 241 241 239 238 237 237 238 239 239 240 241 241 245 242 243 247 246 241 240 241 245 243 245 253 249 238 236 244 241 239 240 246 245 240 239 244 243 245 246 246 244 242 242 243 240 243 245 244 242 241 243 246 239 239 240 240
222 223 224 225 225 224 223 223 223 224 224 224 225 225 226 226 225 226 226 226 227 226 226 226 223 224 225 226 226 226 225 224 223 223 225 225 225 225 223 223 224 226 227 227 226 225 226 227 226 226 225 224 224 225 226 226 225 225 225 226 226 227 227 227 226 226 225 225 226 228 229 231 228 228 228 229 229 229 230 230 226 226 226 226 226 226 226 226 225 224 223 222 222 223 224 225 226 229 229 226 226 229 229 226 225 224 224 223 224 224 225 226 224 224 224 225 225 225 226 226 223 224 225 226 226 226 225 224 223 223 223 222 222 221 221 221 220 220 220 221 221 222 222 222 222 222 221 222 223 221 220 217 221 210 205 206 213 214 180 128 88 56 27 18 19 18 18 22 18 18 17 17 17 17 18 18 14 13 13 14 17 17 15 13 13 14 16 16 15 13 11 9 11 10 9 8 9 8 8 7 7 10 12 12 11 9 9 9 6 6 10 10 8 6 7 7 7 7 7 7 8 9 12 11 9 7 5 6 7 8 6 5 5 8 11 11 9 7 7 8 6 7 8 9 8 8 8 8 5 8 11 14 13 12 10 9 8 10 10 8 10 14 12 8 8 8 9 10 10 11 12 12 11 13 13 8 7 9 8 4 3 3 5 7 8 9 11 9 11 9 6 6 9 11 11 9 6 6 6 6 6 6 6 6 2 3 4 4 5 4 4 4 5 4 7 11 9 4 4 7 5 5 5 6 6 6 6 6 7 8 8 7 6 7 9 12 6 6 6 6 6 7 8 9 6 5 3 1 2 4 6 7 5 6 8 8 6 5 5 6 8 4 3 5 4 2 3 7 5 10 11 7 6 8 9 8 5 5 5 6 7 8 8 9 5 6 9 12 13 15 17 17 18 10 13 17 14 18 22 13 10 10 15 35 57 73 113 162 183 199 214 219 223 227 231 232 233 230 231 234 235 232 232 235 233 232 231 232 235 237 238 237 233 235 238 239 238 238 238 239 238 238 238 238 238 239 240 240 236 236 237 238 240 241 242 242 244 241 241 245 244 241 240 242 248 245 247 253 250 240 239 248 241 239 240 244 244 242 244 250 243 244 246 245 243 242 242 242 245 245 245 244 241 240 240 241 242 242 243 243
222 223 224 225 226 226 226 226 223 223 223 224 224 224 225 225 226 226 226 226 226 226 226 226 224 225 225 226 226 225 224 224 223 224 224 225 225 224 224 223 225 226 227 227 225 224 225 226 226 226 225 225 225 225 226 226 225 225 225 226 226 227 227 227 226 226 226 226 226 228 229 230 228 228 228 228 229 229 229 230 226 226 226 226 226 226 226 226 224 223 222 221 221 222 223 224 227 230 230 227 227 230 230 227 225 224 224 224 225 226 227 228 223 223 224 224 224 225 225 225 224 225 225 226 226 225 224 224 223 223 223 222 222 221 221 221 220 220 221 221 221 221 222 222 223 222 222 221 222 221 219 215 213 207 207 204 194 176 131 75 45 29 19 21 26 24 22 25 21 21 22 22 20 20 19 19 19 17 16 16 17 16 14 11 17 17 19 19 18 17 15 13 14 11 12 10 10 9 10 10 8 10 13 12 10 8 9 8 11 11 15 15 12 9 9 8 10 10 11 11 12 13 17 16 15 12 10 10 11 10 9 7 6 8 10 11 9 8 7 8 8 6 7 8 8 9 9 9 10 12 13 16 17 17 15 15 12 13 11 8 9 13 12 8 8 8 9 10 10 11 12 12 14 16 15 10 9 11 12 10 9 9 11 11 12 12 15 13 14 11 9 9 10 10 9 8 6 6 6 6 6 6 6 6 7 7 7 8 7 7 6 5 6 6 8 12 10 6 5 9 8 8 8 7 7 7 7 7 8 8 8 7 6 6 9 12 5 5 5 4 5 5 6 7 6 5 4 3 3 3 4 4 6 6 7 6 4 2 2 3 11 7 5 7 6 3 4 10 6 11 12 8 6 8 9 8 9 9 9 9 10 11 12 13 7 6 9 12 14 17 17 17 21 15 18 21 16 20 25 20 16 15 17 30 49 63 97 143 170 189 208 217 222 224 229 229 233 230 231 234 234 232 232 235 233 231 230 231 234 236 237 236 232 235 237 238 237 237 238 239 239 238 236 235 235 237 239 241 236 237 237 239 240 241 242 243 243 239 239 242 242 240 240 244 249 247 247 251 247 240 241 249 245 243 241 243 243 242 244 250 242 244 245 245 243 242 242 243 247 245 242 241 241 241 240 239 247 246 246 245
223 224 225 226 227 228 228 228 223 223 223 224 224 224 224 224 227 227 226 226 225 225 226 226 225 225 226 225 225 225 224 224 224 224 224 224 224 224 224 224 225 226 227 226 224 223 225 226 226 226 226 225 225 226 226 226 225 225 225 226 226 227 227 227 226 226 226 226 227 228 228 229 227 227 228 228 228 229 229 229 226 226 226 226 226 226 226 226 223 223 221 220 220 221 223 223 228 231 231 228 228 231 231 228 227 227 227 227 228 229 230 231 224 224 225 225 225 226 226 226 225 225 226 225 225 225 224 224 223 223 223 222 222 221 221 221 221 221 221 221 221 221 221 221 222 221 221 220 222 219 217 214 210 209 211 198 171 137 89 39 28 22 21 27 30 27 25 26 20 21 22 23 21 19 18 17 21 19 17 17 18 17 15 13 20 21 22 22 21 20 18 16 17 14 14 12 11 11 13 13 10 11 14 13 11 10 12 12 8 11 17 17 16 13 13 13 12 12 13 13 14 16 19 18 16 13 12 12 13 13 12 10 7 8 10 11 10 9 8 7 9 7 8 8 9 10 10 11 12 13 14 16 17 17 16 15 13 16 12 8 9 12 12 8 9 9 9 10 10 11 11 11 15 17 17 11 9 12 15 14 12 12 13 13 13 13 16 14 14 12 11 11 11 11 11 10 7 7 7 7 7 7 7 7 10 11 11 11 10 9 8 7 7 6 8 12 10 6 6 10 10 10 10 9 8 8 7 7 8 9 9 7 6 6 9 11 6 6 5 5 5 5 6 7 10 10 10 9 8 7 6 5 5 7 8 7 4 2 2 2 14 10 8 9 8 5 6 9 5 9 11 8 7 10 11 10 12 11 11 11 12 13 15 15 12 11 13 14 15 16 15 14 19 15 18 20 14 18 24 21 23 20 20 31 47 60 91 133 156 177 203 215 220 224 229 229 233 230 230 234 234 231 232 235 232 231 230 231 233 235 235 235 232 234 236 237 236 236 237 239 237 237 236 235 236 237 238 239 239 239 239 240 240 240 241 241 242 238 237 240 240 239 241 245 247 245 244 246 243 238 241 248 247 247 245 244 242 240 240 242 243 245 246 246 244 243 244 245 244 241 238 239 242 244 243 242 248 248 246 245
224 224 225 225 227 228 229 229 224 224 224 224 224 224 224 224 228 228 226 225 225 225 225 226 227 226 226 225 224 224 224 224 224 224 224 224 224 224 224 224 226 227 226 225 223 222 224 226 226 226 226 227 227 226 226 226 225 225 225 226 226 227 227 227 226 226 227 227 227 228 227 227 227 227 227 228 228 228 229 229 226 226 226 226 226 226 226 226 223 223 221 220 220 221 223 223 228 231 231 228 228 231 231 228 228 228 227 227 228 229 230 230 226 226 226 227 227 227 228 228 227 226 226 225 224 224 224 224 223 223 223 222 222 221 221 221 221 221 221 221 221 221 221 221 223 221 220 218 219 218 216 213 218 206 197 181 156 126 78 29 24 21 20 23 23 21 22 24 18 19 19 20 18 16 15 13 21 19 17 17 19 19 18 16 19 19 20 19 18 17 16 15 15 12 9 8 9 9 10 11 10 12 13 12 13 13 15 17 6 9 13 14 12 10 10 10 9 9 10 10 11 13 16 15 11 8 8 9 11 12 11 10 8 8 9 11 11 10 9 6 10 8 8 8 8 9 11 12 8 9 11 12 12 12 12 11 15 15 11 7 7 11 10 7 7 7 8 8 8 8 9 11 9 12 13 8 5 8 12 12 9 8 8 8 8 9 12 11 11 10 11 12 12 11 12 12 9 9 9 9 9 9 9 9 8 8 8 8 7 6 5 4 6 5 6 9 7 3 4 8 11 11 10 10 9 9 8 8 9 9 9 7 6 6 8 11 7 7 6 6 5 6 6 7 12 12 13 12 11 9 7 6 6 7 8 7 5 3 2 3 11 7 5 6 5 2 3 6 3 8 10 8 8 12 14 13 9 9 8 7 8 10 12 13 14 13 14 15 15 15 15 15 13 9 13 15 8 11 19 17 23 23 19 28 42 54 81 118 144 168 198 213 219 224 229 230 232 229 230 233 233 231 231 234 233 231 230 231 233 235 235 234 233 234 236 236 235 236 237 239 234 235 237 238 238 238 237 236 242 242 241 241 240 239 238 238 241 238 237 239 240 238 240 244 246 246 245 244 241 239 242 249 242 245 247 246 243 241 237 236 244 246 247 247 246 245 245 247 245 242 238 238 242 244 244 243 246 246 245 243
225 225 225 225 226 227 228 229 226 226 226 225 225 225 224 224 230 228 226 225 224 224 225 226 228 227 226 224 224 224 224 224 225 224 224 223 223 224 224 225 227 227 226 224 222 221 223 225 226 226 227 227 227 227 226 226 225 225 225 226 226 227 227 227 226 226 227 228 228 227 227 226 226 227 227 227 228 228 228 228 226 226 226 226 226 226 226 226 224 223 222 221 221 222 223 224 227 230 230 227 227 230 230 227 226 226 225 225 224 225 226 226 227 227 227 228 228 228 229 229 228 227 226 224 224 224 224 224 223 223 223 222 222 221 221 221 222 222 221 221 221 221 220 220 222 218 217 217 218 216 214 210 211 201 190 160 115 80 52 26 23 22 22 20 21 20 24 25 22 22 22 20 20 19 17 17 20 18 16 16 18 19 19 18 20 20 20 19 18 18 17 16 17 13 10 8 9 10 12 13 10 12 13 12 14 14 17 19 12 13 16 14 11 8 8 9 12 11 12 12 12 13 16 14 11 9 8 9 12 13 13 12 9 9 9 10 12 12 9 6 11 8 7 7 7 9 11 12 13 14 15 15 14 14 13 13 14 15 12 9 9 12 11 7 8 8 8 8 8 8 8 8 7 12 14 9 6 8 13 13 9 8 8 7 8 10 13 13 8 9 11 11 10 10 10 12 9 9 9 9 9 9 9 9 8 8 9 9 9 8 7 7 10 8 9 12 10 6 8 12 10 10 10 10 10 9 9 9 9 10 9 7 5 5 8 10 9 9 8 7 7 7 7 8 10 11 10 10 9 8 6 3 5 7 8 8 5 4 4 4 11 7 5 7 6 4 4 8 2 8 10 8 8 12 14 13 11 10 8 8 9 11 13 14 11 10 12 14 16 17 18 18 18 11 14 16 10 15 22 18 25 27 23 28 40 49 71 102 134 160 192 208 216 220 226 231 232 229 229 233 233 230 231 234 234 233 231 232 234 235 235 234 234 235 236 236 235 236 238 241 234 236 238 240 240 239 237 236 243 243 242 241 240 239 238 238 241 238 238 241 241 239 239 243 247 248 248 246 243 243 246 250 235 241 245 245 244 244 240 237 243 245 247 247 246 245 246 247 250 246 243 241 241 242 242 242 243 243 242 241
226 226 225 224 224 225 226 227 228 227 227 227 226 226 225 225 230 229 226 224 223 224 225 226 229 227 226 224 223 223 224 224 225 225 223 223 223 223 225 225 227 227 226 223 221 221 223 225 226 226 227 228 228 227 226 226 225 225 225 226 226 227 227 227 226 227 228 228 228 227 226 225 226 226 227 227 227 228 228 228 226 226 226 226 226 226 226 226 225 224 223 222 222 223 224 225 226 229 229 226 226 229 229 226 227 226 225 224 223 223 223 223 226 226 227 227 227 228 228 228 229 227 226 224 223 223 224 224 223 223 223 222 222 221 221 221 222 222 222 221 221 220 220 220 221 218 217 216 217 215 211 207 199 195 182 136 71 32 23 22 21 22 22 20 22 23 25 23 27 25 23 21 21 20 20 20 21 19 16 15 17 18 18 17 20 19 19 18 17 17 17 16 18 14 11 8 7 8 12 14 11 12 12 11 11 12 14 16 15 15 16 14 11 10 12 13 15 15 15 14 14 14 16 14 14 12 11 12 13 14 13 12 10 9 9 10 13 13 10 6 10 8 6 6 6 8 8 10 17 17 15 15 14 13 12 12 12 14 13 10 11 14 12 7 8 8 8 8 8 8 8 8 5 12 16 12 8 10 14 15 11 10 10 10 11 13 17 17 6 7 9 9 6 4 4 6 6 6 6 6 6 6 6 6 7 7 8 9 9 9 9 8 9 7 8 10 8 5 6 13 9 9 9 9 9 10 10 10 10 10 9 7 5 5 7 10 11 9 8 7 6 6 7 7 7 7 6 6 5 4 4 4 4 5 7 7 5 4 4 5 11 7 6 7 7 5 6 11 5 11 12 9 8 10 12 10 13 12 10 9 10 12 15 17 11 10 12 14 15 16 15 15 22 13 13 15 14 20 25 20 24 27 24 28 39 47 64 91 126 153 187 203 212 217 224 230 232 229 229 232 233 230 231 234 236 234 232 233 235 236 236 235 236 237 237 236 236 237 240 242 237 237 238 239 239 239 239 239 241 241 241 241 241 241 241 241 242 239 240 243 243 239 238 241 245 248 248 246 244 244 246 249 236 243 246 244 243 246 243 240 241 243 245 245 244 243 244 245 249 248 246 243 240 240 243 245 240 240 240 240
227 226 225 223 223 224 225 226 229 228 228 227 227 226 226 226 231 229 226 224 223 224 225 226 229 228 226 224 223 223 224 224 226 225 223 222 222 223 225 226 228 227 226 223 220 220 223 225 225 226 228 229 229 228 226 225 225 225 225 226 226 227 227 227 226 227 228 229 229 227 226 225 226 226 226 227 227 228 228 228 226 226 226 226 226 226 226 226 226 225 223 223 223 223 225 226 225 228 228 225 225 228 228 225 230 229 227 226 225 224 224 224 225 225 225 226 226 227 227 227 229 228 226 224 223 223 224 224 223 223 223 222 222 221 221 221 222 222 222 221 221 220 220 220 221 217 216 215 216 214 210 206 206 186 160 118 67 39 30 21 18 19 20 20 21 21 19 13 20 19 17 14 13 14 14 15 22 20 16 15 17 17 17 16 14 14 13 12 11 11 11 11 13 9 5 3 2 3 7 9 12 12 12 9 7 7 11 11 10 10 10 8 7 8 12 15 13 12 12 10 10 9 9 10 12 10 8 8 9 9 7 6 10 9 8 10 13 13 10 6 10 9 8 5 6 7 10 9 12 11 10 8 7 6 5 4 11 13 13 12 13 15 12 7 8 8 8 8 8 8 8 10 0 7 13 9 5 6 10 10 7 7 6 6 8 11 14 16 6 7 12 8 6 1 3 2 6 4 6 4 6 4 6 4 4 3 6 5 8 6 8 6 4 0 2 2 2 0 1 6 7 8 8 9 9 10 10 11 10 10 10 7 5 5 7 9 12 12 11 10 9 9 9 8 10 7 6 5 5 5 6 6 3 5 7 8 6 5 6 7 7 3 2 4 5 3 4 8 9 14 14 10 7 9 9 7 10 8 6 5 6 9 12 13 14 13 14 15 14 14 13 11 21 8 7 10 10 17 22 13 17 21 18 24 35 41 57 82 119 148 180 200 206 214 222 228 231 229 229 232 233 230 230 234 236 235 233 233 235 237 236 235 236 237 238 237 236 237 240 243 240 239 238 237 237 239 241 242 238 238 239 240 242 243 244 244 242 240 241 245 244 239 238 239 239 244 247 244 242 242 244 246 242 248 248 243 241 245 243 240 238 241 243 243 242 242 242 244 245 246 246 243 241 242 247 252 239 239 240 240
221 222 223 224 226 227 229 229 221 223 226 225 223 222 225 227 222 223 223 224 224 225 225 226 223 224 225 226 226 226 226 226 226 225 224 225 228 230 230 229 227 226 226 225 225 226 226 227 230 229 229 228 228 227 227 227 226 226 226 227 227 228 228 228 222 223 225 227 226 225 223 221 220 223 226 226 224 223 224 227 226 225 225 224 224 225 225 226 221 222 224 225 226 225 224 224 226 226 226 226 226 226 226 226 225 225 225 224 224 223 223 223 222 222 222 222 222 222 222 222 222 222 222 223 223 224 224 224 221 221 221 221 221 221 221 221 219 220 221 222 222 222 222 221 214 218 219 213 210 209 206 202 192 183 171 125 79 49 26 31 18 19 20 20 20 19 19 18 15 16 16 16 16 15 15 14 15 14 14 13 14 15 15 16 13 13 14 14 14 14 14 14 12 10 8 8 9 9 9 8 6 2 0 3 4 4 8 14 13 12 10 11 13 12 8 5 15 10 9 12 13 10 9 10 8 5 4 7 12 13 9 4 8 9 10 9 7 6 6 7 9 8 6 5 7 11 15 17 14 12 12 11 10 9 9 8 16 16 13 10 12 16 14 9 5 8 12 14 13 10 9 10 7 11 10 4 2 5 7 7 4 5 6 5 5 6 8 10 10 10 10 6 4 4 10 13 2 2 5 8 12 12 11 8 7 5 5 5 8 8 8 5 9 4 4 6 7 4 7 11 5 5 8 12 11 7 6 10 7 7 8 9 9 9 8 8 9 6 2 2 5 7 9 8 6 5 5 6 7 8 8 9 7 7 7 7 7 7 7 7 5 5 5 6 6 6 6 6 8 10 12 12 10 9 9 10 3 0 7 13 9 12 16 9 5 7 14 19 20 18 13 9 13 13 14 16 18 20 21 22 19 24 22 21 29 36 52 75 95 123 161 192 209 215 222 228 228 229 231 232 233 233 232 231 231 231 232 234 236 236 232 230 237 234 234 238 239 237 237 241 236 234 233 235 238 240 240 240 237 237 236 238 240 240 239 237 235 238 240 238 235 234 239 244 241 239 236 236 241 244 247 248 233 238 242 242 243 244 241 236 239 241 242 241 241 242 244 246 240 238 238 239 242 244 244 243 245 246 246 244
221 222 223 224 225 226 227 227 221 223 225 225 223 223 225 227 223 223 224 224 224 224 225 225 222 223 224 225 226 225 225 225 227 226 224 225 227 229 229 228 225 225 224 223 223 224 225 225 229 228 228 228 227 227 226 226 226 226 226 227 227 228 228 228 223 224 226 226 226 224 222 220 220 223 226 226 224 223 224 226 225 225 225 225 225 225 225 225 222 223 224 226 226 226 225 224 226 226 226 226 226 226 226 226 225 225 224 224 224 223 223 223 222 222 222 222 222 222 222 222 222 222 222 223 223 224 224 224 221 221 221 221 221 221 221 221 219 220 221 221 222 222 221 221 212 215 217 212 211 210 208 202 184 177 167 119 75 52 34 36 21 21 22 22 21 21 20 19 16 17 17 18 18 17 17 16 15 14 13 12 13 14 15 16 16 15 16 15 15 14 14 14 13 11 9 9 10 11 10 9 12 8 8 11 11 7 7 11 15 14 13 14 15 15 11 8 18 13 12 15 16 13 12 13 13 11 10 12 17 18 14 10 12 13 14 13 11 10 11 13 17 15 12 10 10 11 13 13 15 15 14 14 13 13 13 14 16 16 14 11 13 17 16 11 10 11 13 14 15 14 12 12 12 17 16 10 8 11 13 13 9 10 11 10 9 9 11 14 11 11 9 7 6 7 10 13 8 8 9 12 14 14 12 9 12 10 9 9 11 11 10 8 8 5 5 8 8 6 7 10 7 5 6 9 8 5 7 12 9 9 10 10 10 10 9 9 14 12 7 6 7 9 8 8 11 10 9 10 10 11 11 11 12 12 12 12 12 12 12 12 11 11 11 11 10 10 10 10 8 10 12 11 10 9 9 10 15 10 14 17 12 15 20 15 9 10 15 20 21 19 16 13 17 17 17 18 20 22 23 23 21 24 21 19 25 31 44 67 85 112 152 184 202 210 217 223 228 231 230 231 232 233 233 233 233 232 231 233 235 235 233 231 237 234 235 239 240 238 239 242 239 238 236 236 238 240 240 239 238 238 237 239 241 241 240 238 235 238 240 238 235 235 239 243 241 238 236 236 239 243 246 247 236 243 246 245 244 245 243 239 239 240 241 241 241 242 244 247 238 238 240 243 246 246 245 243 242 242 242 240
222 222 222 223 223 224 224 224 222 224 225 225 223 223 224 226 225 225 224 224 224 224 223 223 222 222 223 224 225 224 224 224 228 226 225 225 227 228 228 227 226 225 225 224 224 225 225 226 227 227 227 226 226 226 225 225 226 226 226 227 227 228 228 228 225 226 226 226 225 223 221 220 221 223 225 225 224 223 224 225 223 224 226 227 227 226 224 223 223 224 225 226 226 226 225 225 226 226 226 226 226 226 226 226 225 224 224 224 223 223 223 223 222 222 222 222 222 222 222 222 222 222 222 222 223 223 223 223 221 221 221 221 221 220 220 220 219 219 220 221 222 222 221 221 218 220 221 215 213 211 208 201 180 173 155 98 53 36 19 19 21 21 21 21 21 20 19 18 16 16 17 18 18 17 16 16 12 11 9 7 8 10 12 13 18 17 17 16 15 14 13 13 15 13 11 10 12 12 12 10 9 7 9 13 13 8 5 7 12 11 11 11 12 11 9 7 15 10 9 12 13 10 9 10 11 9 7 10 13 14 11 8 9 10 11 11 10 9 11 12 17 16 13 12 11 10 10 9 11 12 10 11 11 11 12 12 10 11 9 7 8 13 13 9 14 12 10 12 14 15 12 11 10 15 14 8 6 9 11 10 8 9 9 9 7 8 10 12 14 11 8 7 8 10 11 12 8 7 8 9 11 10 7 5 10 8 7 7 8 8 6 4 7 4 5 9 9 6 6 9 9 6 6 7 6 4 7 13 8 8 8 8 8 8 8 8 17 15 9 8 9 10 8 8 10 9 7 7 7 8 6 7 9 9 9 9 9 9 9 9 10 10 10 9 8 8 7 7 8 10 11 11 10 9 9 10 17 10 12 13 6 10 16 11 11 11 15 18 19 18 16 15 19 18 17 17 18 20 22 22 22 25 23 20 25 28 39 62 80 108 146 179 200 210 217 222 227 228 229 230 231 233 233 234 234 233 231 232 234 235 234 233 236 234 235 239 241 239 240 243 243 240 238 238 239 240 239 238 239 238 238 240 242 242 241 239 236 238 240 238 236 235 239 242 242 239 237 237 239 242 244 244 237 244 248 246 242 243 242 240 240 241 242 242 241 241 244 246 241 242 243 246 247 246 242 239 240 241 240 238
222 222 222 222 222 222 222 222 223 224 224 224 224 224 224 225 226 225 225 224 224 223 223 222 222 222 223 224 224 223 223 222 229 227 225 225 226 227 226 225 228 228 227 227 227 227 228 228 225 225 225 225 225 225 225 225 226 226 226 227 227 228 228 228 227 227 227 226 224 222 220 219 222 223 225 225 225 224 224 224 222 224 226 228 228 226 224 222 225 225 225 226 226 226 225 225 225 225 225 225 225 225 225 225 224 224 224 223 223 223 222 222 222 222 222 222 222 222 222 222 222 222 222 222 222 222 222 223 221 221 221 220 220 220 220 219 218 219 220 221 221 221 221 220 225 224 220 213 210 209 203 197 190 177 150 86 43 33 21 20 18 18 18 18 18 17 16 15 13 14 14 15 15 14 14 13 14 12 10 8 9 11 13 15 18 17 17 16 14 13 12 11 14 12 10 10 11 11 11 10 4 3 5 10 11 7 7 9 11 11 10 10 10 10 9 8 13 9 7 10 12 9 7 9 7 6 4 6 8 8 7 5 5 7 9 9 8 8 9 11 8 9 9 10 11 11 11 9 11 11 9 9 9 9 9 9 7 9 8 6 7 11 12 9 15 10 7 8 12 13 9 7 4 10 9 4 2 4 6 4 6 7 8 7 5 5 7 9 15 11 7 7 10 12 12 10 6 6 5 7 8 8 6 4 9 7 6 5 6 5 3 2 6 4 6 10 10 7 6 8 10 8 8 9 8 5 8 13 6 6 5 5 4 4 5 5 16 13 9 8 9 10 9 8 8 7 5 4 4 4 2 3 7 7 6 6 6 6 5 5 10 10 9 8 7 6 5 5 7 9 11 11 9 8 9 10 11 5 7 9 2 5 10 5 11 10 12 14 15 15 14 13 18 16 15 14 14 16 18 18 23 26 24 21 26 28 39 59 74 101 138 173 196 208 216 223 227 228 228 228 230 233 235 236 236 233 231 231 233 235 235 234 235 232 233 238 239 238 239 243 242 240 238 237 238 239 238 237 238 237 237 239 241 241 240 238 236 238 240 239 237 236 238 240 243 240 238 237 239 241 242 242 235 242 246 241 237 237 238 238 243 243 244 242 240 240 241 243 247 245 245 244 244 242 239 235 242 243 243 242
222 222 222 222 221 221 221 221 225 224 224 224 224 224 224 223 226 225 225 224 224 223 223 222 222 223 223 224 224 223 222 222 228 226 224 224 226 227 226 225 228 227 227 226 226 227 227 228 224 224 224 225 225 225 225 225 226 226 226 227 227 228 228 228 227 227 226 225 224 222 221 220 224 224 224 225 225 225 223 222 222 224 226 228 228 226 224 222 226 225 225 225 225 225 225 225 225 225 225 225 225 225 225 225 224 224 223 223 223 222 222 222 222 222 222 222 222 222 222 222 222 222 222 222 222 222 222 221 221 221 221 220 220 219 219 218 218 219 220 220 221 221 220 220 222 221 216 208 205 205 200 194 174 152 120 62 31 31 23 25 18 18 18 18 18 17 16 16 14 14 15 15 15 15 14 14 19 18 16 15 16 17 19 20 16 15 15 14 12 11 10 9 12 10 8 8 9 10 9 8 9 6 7 10 11 8 9 12 15 15 15 14 14 13 14 14 16 12 10 13 15 12 10 12 11 10 9 9 10 10 9 9 7 9 10 10 9 9 11 13 4 6 7 10 12 12 13 11 17 17 14 13 11 10 9 9 11 14 14 11 11 15 16 15 16 11 7 8 12 12 8 6 6 12 12 7 5 7 7 6 9 10 10 9 7 7 9 11 14 10 7 7 10 12 11 9 8 7 7 9 11 12 11 10 12 11 9 8 9 8 7 5 6 4 6 10 10 7 6 8 9 8 10 14 12 7 7 11 7 6 5 4 3 3 4 4 11 9 6 7 9 10 9 8 10 10 7 6 6 5 3 4 9 9 8 8 7 7 7 6 13 13 12 11 10 9 8 8 7 9 11 10 9 8 8 9 7 3 9 13 7 9 13 6 12 11 12 14 14 14 14 13 17 16 15 14 14 15 16 16 19 23 21 20 26 25 35 54 66 91 126 161 184 201 211 219 226 227 227 227 229 232 235 236 236 234 232 232 233 235 236 236 233 231 231 236 237 235 236 240 238 237 235 236 237 239 239 238 236 236 235 237 239 239 238 236 237 238 239 239 238 237 237 238 242 240 238 238 239 241 241 240 236 241 243 238 235 236 238 237 245 245 245 243 240 238 239 241 247 244 241 239 240 241 240 239 242 244 245 246
222 222 222 222 222 222 222 222 226 224 223 223 225 225 224 222 225 225 224 224 224 224 223 223 224 224 224 225 224 223 222 222 227 225 223 224 225 227 226 225 225 224 223 223 223 223 224 225 224 224 224 225 225 225 226 226 226 226 226 227 227 228 228 228 227 226 226 224 223 222 222 221 225 224 223 224 225 225 223 221 223 224 226 227 227 226 224 223 226 225 224 223 223 223 224 224 224 224 224 224 224 224 224 224 223 223 223 223 222 222 222 221 222 222 222 222 222 222 222 222 222 222 222 222 221 221 221 221 221 221 220 220 219 218 218 218 218 218 219 220 220 220 220 220 221 220 215 210 210 209 202 194 156 122 87 39 20 22 15 19 19 19 20 20 20 19 18 17 16 16 17 17 17 17 16 16 16 15 15 15 16 16 16 17 14 14 14 13 12 11 10 9 11 9 7 7 8 9 8 7 12 8 7 8 7 4 4 9 12 13 14 12 11 11 12 14 15 10 9 12 13 10 9 10 12 11 10 9 9 9 10 10 6 7 9 8 7 7 8 9 9 10 11 12 13 12 12 10 17 16 13 12 9 8 6 6 11 15 15 11 10 13 15 14 17 14 12 12 14 13 9 7 6 12 13 9 6 8 8 6 8 8 9 7 5 5 7 8 11 9 7 8 9 10 9 9 7 6 5 6 9 11 10 9 10 8 6 6 7 7 6 4 7 4 5 9 9 6 6 9 8 8 11 15 13 7 6 9 11 9 7 6 5 5 6 7 8 7 4 6 8 9 8 7 8 8 6 5 4 4 2 2 8 8 7 6 6 5 5 4 10 10 9 9 8 7 7 7 6 8 10 10 8 7 8 9 5 2 9 14 10 12 15 7 14 13 15 17 17 17 15 15 16 16 17 17 17 17 17 16 13 18 18 16 21 20 27 45 64 86 119 151 178 197 210 218 226 226 228 229 230 232 233 234 235 234 232 233 235 236 236 235 233 230 231 235 235 233 234 237 237 236 234 235 237 239 239 238 236 235 235 236 238 239 237 235 238 238 239 239 239 238 237 236 241 239 237 238 240 241 241 240 241 243 242 238 238 241 242 239 244 245 244 242 240 239 240 242 243 240 237 236 239 242 245 246 240 242 245 246
222 222 222 222 223 223 223 223 227 225 223 223 225 225 223 221 223 223 224 224 224 224 225 225 225 225 225 226 225 224 223 222 225 224 222 223 225 227 227 226 223 223 222 222 222 222 223 223 224 225 225 225 226 226 227 227 226 226 226 227 227 228 228 228 226 225 225 224 223 223 223 223 226 224 223 224 226 226 223 220 225 225 225 225 225 225 225 225 225 224 223 222 221 221 222 223 224 224 224 224 224 224 224 224 223 223 223 222 222 222 221 221 222 222 222 222 222 222 222 222 222 222 222 221 221 220 220 220 221 221 220 220 219 218 217 217 217 218 219 220 220 220 220 219 219 221 218 215 214 208 194 182 145 103 69 37 29 30 20 25 19 19 19 19 19 18 17 17 15 16 17 17 17 17 16 15 12 13 14 15 16 15 14 13 13 13 14 13 13 12 12 11 14 12 10 9 11 11 11 9 11 8 9 11 10 5 3 4 7 9 9 8 5 5 8 11 12 7 6 9 10 7 6 7 9 9 8 6 5 5 7 8 5 7 8 7 5 4 5 6 12 12 11 11 11 11 11 9 13 12 10 9 6 6 5 4 9 13 14 10 7 9 12 11 15 15 15 15 14 11 7 7 5 12 13 9 6 7 8 5 7 7 7 6 4 3 5 6 7 8 9 8 7 6 8 9 6 5 3 4 5 6 6 5 6 4 3 3 5 5 4 2 8 5 5 8 8 6 7 10 9 7 9 11 9 4 5 9 12 11 8 6 5 6 7 8 9 8 5 6 8 8 6 4 7 6 4 4 3 4 2 3 8 7 7 6 5 4 3 3 5 5 5 5 4 4 4 4 6 8 10 10 8 7 8 8 7 2 8 11 7 10 14 8 14 13 16 18 18 17 15 13 13 14 16 18 19 18 17 15 13 17 17 14 17 15 21 39 66 83 113 144 171 192 209 217 224 225 228 229 230 231 231 231 233 232 233 235 237 237 236 234 235 232 232 235 236 233 233 236 241 238 236 236 238 238 238 237 236 235 235 237 239 239 238 236 238 238 239 239 239 239 237 235 239 238 237 238 240 241 241 240 245 243 240 237 241 247 246 241 240 241 242 242 241 241 244 246 243 241 239 239 241 243 244 244 240 243 246 246
222 222 222 223 223 224 224 224 227 225 222 223 225 226 223 221 222 223 223 224 224 225 225 226 226 226 226 226 226 225 224 223 224 223 222 223 225 228 228 227 225 224 224 223 223 224 224 225 225 225 225 226 226 227 227 228 226 226 226 227 227 228 228 228 225 225 224 223 223 223 224 224 227 224 223 224 226 226 223 220 226 225 225 224 224 225 225 226 225 224 222 221 220 220 221 222 224 224 224 224 224 224 224 224 223 223 223 222 222 221 221 221 222 222 222 222 222 222 222 222 222 222 222 221 221 220 220 220 221 221 220 219 218 218 217 216 217 218 219 220 220 220 220 219 214 215 216 213 208 196 177 160 109 64 36 21 23 26 14 21 16 16 17 17 16 16 15 14 13 14 14 15 15 14 14 13 16 17 20 21 22 21 18 17 13 13 14 14 14 14 14 14 15 13 11 11 12 12 12 11 9 8 12 18 18 13 9 10 8 10 10 9 6 6 9 13 15 10 9 12 13 10 9 10 10 10 9 7 6 6 7 9 11 12 12 11 9 8 9 10 9 8 7 7 8 9 10 9 14 14 11 11 10 10 10 9 12 17 18 13 9 11 13 13 10 13 15 15 11 7 4 5 8 14 16 12 9 10 10 8 11 12 12 10 8 8 9 11 5 7 10 8 5 4 6 9 12 10 8 7 8 8 7 5 8 6 5 6 8 9 8 7 9 5 4 7 7 5 7 11 10 7 6 6 4 1 4 9 11 9 6 4 3 4 5 6 11 10 7 7 8 8 4 2 11 11 9 8 9 9 8 8 13 12 12 11 10 9 8 8 6 7 7 7 7 7 7 8 6 8 10 10 8 7 7 8 13 7 10 12 6 11 17 12 11 11 14 16 16 15 12 10 8 11 14 17 18 16 14 12 16 20 19 17 19 15 20 37 62 77 105 134 161 184 201 212 221 225 227 228 229 231 230 229 232 232 234 236 238 238 235 233 237 234 234 237 236 233 233 235 244 242 239 238 238 238 237 235 237 237 236 238 240 240 239 237 239 238 238 239 240 239 236 234 238 237 236 238 240 242 241 240 246 242 237 235 241 249 247 240 236 238 240 241 242 244 247 250 247 246 244 243 244 243 240 238 243 245 248 248
224 223 223 222 221 221 221 221 227 225 223 223 225 226 226 225 225 225 224 224 224 223 223 223 225 224 224 223 223 224 224 225 225 225 225 226 226 227 227 227 224 224 224 224 224 224 224 224 225 225 226 227 229 230 231 232 224 226 228 227 226 225 225 226 224 224 224 224 224 224 224 224 227 226 225 224 224 224 224 225 222 225 230 231 229 226 223 222 219 220 222 221 220 220 221 223 224 224 225 226 226 226 225 225 222 223 223 223 223 222 221 220 220 221 223 223 223 223 221 220 219 219 220 221 223 224 225 225 221 221 221 221 221 222 224 224 217 217 217 218 218 218 218 218 215 214 210 210 199 195 187 136 55 38 23 16 17 18 21 23 13 16 19 21 20 19 19 19 16 16 15 15 16 16 17 16 13 13 13 14 16 14 11 7 6 7 9 10 11 12 12 12 14 11 12 15 15 11 10 12 5 2 2 6 7 6 7 11 10 11 11 9 8 8 11 13 9 8 9 9 6 1 4 10 2 3 4 6 9 12 14 16 4 4 4 4 4 4 4 4 6 6 7 10 12 12 11 8 5 10 13 13 9 8 11 15 15 16 16 14 12 12 13 15 10 12 14 14 12 9 9 11 5 6 6 6 6 6 6 6 1 2 5 8 11 10 7 4 2 3 4 5 6 6 6 6 3 4 6 7 8 8 7 7 3 4 6 7 8 8 7 7 4 4 7 10 8 3 4 8 4 7 9 9 7 5 4 5 7 7 7 7 7 7 7 7 9 8 4 2 2 4 5 6 6 4 2 4 7 11 10 10 8 8 10 13 12 7 6 10 8 5 2 4 8 11 11 10 7 8 10 10 9 7 4 2 0 3 7 10 10 11 12 12 6 6 10 14 15 15 14 13 10 10 10 10 11 12 13 12 14 9 12 17 19 19 21 25 43 58 84 114 148 177 198 207 215 221 224 226 225 226 226 227 232 232 233 234 234 234 236 236 234 234 234 235 235 235 236 236 233 236 238 239 237 237 240 243 238 239 239 240 240 239 239 238 238 239 241 242 242 241 239 238 238 239 240 239 237 238 239 242 242 236 233 238 248 253 249 244 234 239 244 245 243 242 243 245 242 236 238 245 245 239 238 244 246 246 245 243
225 224 222 221 221 221 223 224 225 224 222 222 224 225 224 223 226 225 225 225 224 224 224 223 225 225 224 224 224 224 225 225 225 225 225 226 226 227 227 227 226 226 226 226 226 226 226 226 223 224 225 226 227 229 230 230 225 227 228 228 226 225 226 227 224 224 224 224 224 224 224 224 227 226 225 224 224 224 224 225 223 226 229 230 228 225 224 223 219 221 222 222 221 221 222 224 224 225 225 226 226 225 225 224 223 223 223 223 222 222 221 220 220 221 222 223 223 222 221 220 220 220 221 222 222 223 224 224 222 221 221 221 221 222 223 224 220 220 220 220 220 220 219 218 216 216 211 212 197 190 172 116 31 21 16 18 23 22 20 19 18 19 19 18 16 15 16 18 14 14 14 14 14 15 16 16 14 12 11 12 14 13 10 8 9 9 10 10 9 8 7 7 11 7 7 9 9 6 6 8 6 3 3 6 7 5 6 10 9 10 10 9 7 7 10 12 9 7 8 11 9 5 6 10 6 5 5 4 4 4 4 5 4 4 4 4 4 4 4 4 8 8 7 7 7 4 2 0 2 6 8 8 5 4 7 11 10 11 11 10 8 7 9 11 10 12 14 14 11 9 8 11 9 10 7 6 5 5 5 6 2 2 4 7 9 9 7 4 3 4 5 6 6 6 6 6 0 1 2 4 5 5 4 4 1 2 3 4 4 4 3 2 5 5 8 12 10 5 6 10 4 6 8 8 6 4 4 4 7 6 5 5 5 6 6 7 9 8 5 4 4 5 5 6 8 6 4 4 6 8 6 6 8 7 8 10 8 4 4 8 8 5 3 3 7 9 9 8 0 1 3 4 5 5 5 4 1 4 6 7 7 6 7 7 4 4 7 10 12 12 10 9 10 10 10 11 12 13 14 14 12 9 11 15 19 18 20 23 34 49 76 107 140 169 192 207 213 218 221 225 225 225 226 227 232 233 234 234 235 235 236 236 234 235 235 235 236 236 236 237 232 235 238 238 237 237 240 242 238 239 239 240 240 239 239 238 238 237 237 237 237 237 237 238 238 239 241 241 240 241 243 246 246 241 238 241 246 248 244 238 238 242 247 247 245 243 244 246 240 237 237 240 241 239 240 243 246 245 244 244
225 224 222 221 222 223 225 226 224 223 221 222 223 224 223 222 227 226 226 226 225 225 225 224 226 226 225 225 225 225 226 226 225 225 225 226 226 227 227 227 227 227 227 227 227 227 227 227 223 223 224 225 226 227 228 229 226 228 229 228 227 226 227 229 225 225 225 224 224 224 224 224 227 226 225 224 224 224 224 225 224 226 228 228 226 224 224 225 221 222 224 223 222 222 223 225 224 225 225 226 226 225 224 224 223 223 223 222 222 221 221 221 220 221 222 222 222 222 221 220 222 222 222 222 222 222 222 222 222 222 221 221 221 222 223 224 223 223 223 222 221 221 220 219 217 216 211 212 196 182 155 91 26 18 15 19 24 21 19 18 22 21 19 16 13 12 14 17 17 17 17 17 18 18 18 18 18 15 13 13 14 14 13 12 12 12 12 12 11 10 9 9 13 9 8 10 9 7 8 11 13 9 9 11 11 9 9 13 8 9 9 8 6 6 8 10 10 6 7 11 13 10 8 9 10 10 9 7 5 4 3 3 4 4 4 4 4 4 4 4 11 11 10 9 7 4 2 0 4 8 9 9 6 6 9 12 11 12 12 11 9 8 10 12 10 12 14 13 11 9 8 10 11 11 8 6 4 4 4 4 3 3 3 5 7 8 6 5 4 5 5 6 6 6 6 5 2 3 5 6 7 7 7 7 5 6 6 6 6 5 4 4 4 4 6 10 9 5 5 9 3 5 7 6 4 3 3 4 8 6 4 3 3 4 6 7 9 9 6 6 6 6 6 6 10 8 4 4 5 5 2 1 9 7 6 7 5 1 2 6 7 5 3 3 5 6 6 5 1 2 3 4 6 7 8 8 7 9 11 10 9 7 7 7 7 7 10 12 13 13 11 10 10 10 10 11 12 14 16 16 15 12 13 17 20 18 20 23 27 44 70 97 125 154 183 204 211 215 220 223 224 223 226 228 233 233 234 235 236 237 237 237 235 236 236 236 237 237 237 238 233 235 237 237 237 238 240 242 238 239 239 240 240 239 239 238 240 239 238 236 236 238 239 240 237 238 240 240 240 242 245 247 236 236 237 241 245 246 245 243 240 244 248 247 244 242 243 245 240 243 243 240 241 245 247 245 243 243 243 243
222 222 224 225 225 225 225 225 224 223 222 223 225 225 223 222 227 227 227 226 226 226 225 225 226 226 226 227 227 226 226 226 225 225 225 226 226 227 227 227 225 225 225 225 225 225 225 225 224 224 225 226 227 228 228 229 227 229 229 228 227 227 228 230 226 225 225 225 225 224 224 224 227 226 225 224 224 224 224 225 226 227 227 226 224 223 224 226 222 223 225 225 223 223 225 226 225 225 226 226 226 225 224 223 224 223 222 222 221 221 221 221 222 222 223 223 223 223 222 222 223 223 223 222 222 221 221 221 223 222 221 221 221 222 223 223 224 224 223 222 221 220 220 218 214 211 207 207 194 179 148 81 45 32 22 18 18 18 19 21 19 19 18 15 12 12 13 15 15 15 16 17 17 17 17 16 19 15 12 10 12 13 13 13 8 8 9 9 10 10 11 12 15 10 8 9 8 6 8 12 14 11 9 12 11 8 8 12 7 8 9 8 6 5 6 8 8 4 5 11 15 12 8 7 8 8 8 8 8 7 7 6 5 5 5 5 5 5 5 5 7 8 8 8 8 6 7 6 6 9 9 9 7 7 10 13 13 14 14 12 10 10 11 13 10 12 14 13 11 8 7 9 6 8 8 7 6 4 2 1 5 3 2 4 6 7 6 5 5 6 6 7 7 6 5 4 4 5 6 7 7 8 8 9 9 9 8 8 7 6 5 4 2 1 3 7 7 3 2 5 3 5 6 5 3 2 3 4 10 8 5 3 3 4 7 9 8 9 8 8 8 8 6 5 9 7 4 3 4 4 0 0 11 8 6 6 3 0 1 6 6 5 4 4 4 4 3 3 6 5 5 5 5 6 7 7 8 10 11 10 8 7 8 8 9 8 10 12 12 11 10 9 8 8 9 10 12 14 16 17 15 11 12 17 18 18 18 22 31 43 64 86 107 134 169 198 207 214 219 223 225 225 227 228 231 233 235 235 237 237 237 237 236 236 237 237 237 238 238 238 235 236 237 238 239 240 241 242 238 239 239 240 240 239 239 238 238 238 238 238 238 238 238 238 236 237 238 238 238 239 241 243 233 235 239 242 243 243 243 244 240 243 246 245 241 239 240 242 237 245 247 242 243 250 250 243 241 241 242 242
218 221 225 228 229 227 224 222 225 224 224 225 227 227 224 222 227 227 227 226 226 226 225 225 225 226 227 227 227 227 226 225 225 225 225 226 226 227 227 227 225 225 225 225 225 225 225 225 226 226 227 227 228 229 229 229 228 229 229 228 226 226 228 230 227 226 226 225 225 224 224 224 227 226 225 224 224 224 224 225 226 226 226 225 223 222 224 226 222 224 225 225 224 224 225 227 226 226 226 226 226 225 224 223 224 223 222 221 221 221 222 222 224 224 224 224 224 224 224 224 224 224 223 222 222 221 220 220 223 223 222 221 221 221 222 223 223 223 222 221 220 219 218 217 213 210 205 206 194 180 152 87 49 36 23 16 13 14 17 23 12 14 16 17 15 14 13 14 11 12 13 14 15 14 14 12 16 12 8 6 8 9 10 10 5 5 5 5 5 6 7 8 11 6 4 5 5 3 5 9 12 8 7 9 8 5 5 8 6 8 9 8 6 5 5 6 7 3 3 9 13 11 7 6 2 3 4 5 6 5 5 4 5 5 5 5 5 5 5 5 1 3 4 4 3 3 6 6 4 5 4 4 3 4 7 9 10 11 11 10 8 7 9 11 10 12 14 13 10 7 6 8 0 3 6 9 8 5 2 0 6 4 3 4 6 7 6 5 7 7 7 7 7 6 5 4 1 2 2 3 3 4 5 6 6 6 5 4 2 1 1 1 4 1 2 7 7 3 2 3 4 5 6 5 3 2 3 4 13 10 7 5 4 6 8 10 8 9 8 8 8 8 6 5 6 5 3 3 5 5 1 0 12 9 8 8 5 1 2 7 5 5 5 5 3 2 2 2 2 2 1 1 1 2 3 4 2 4 5 5 4 4 6 7 7 6 7 7 7 6 4 3 8 8 9 10 12 14 16 16 12 8 9 14 16 14 14 18 30 39 55 73 89 116 156 191 204 211 217 222 225 226 228 229 231 233 234 235 236 237 237 237 236 236 237 237 237 238 238 238 237 237 238 239 241 242 243 243 238 239 239 240 240 239 239 238 233 234 237 239 239 237 234 233 239 240 240 239 237 237 239 240 247 248 249 247 243 239 237 238 241 244 246 244 240 238 240 242 234 243 247 244 245 250 247 239 243 244 245 246
218 221 225 228 228 226 222 219 225 224 225 226 228 227 225 222 227 226 226 226 225 225 225 224 224 225 226 227 227 226 225 224 225 225 225 226 226 227 227 227 228 228 228 228 228 228 228 228 227 227 228 228 228 229 229 229 228 228 228 227 225 225 228 230 227 227 227 226 225 225 224 224 227 226 225 224 224 224 224 225 225 226 226 225 223 222 224 225 222 223 225 225 223 223 225 226 226 226 226 226 225 224 223 222 225 224 222 220 220 221 222 223 225 224 223 223 223 223 224 225 223 223 223 222 222 221 221 221 224 223 222 221 221 221 222 222 221 221 220 220 219 218 218 217 214 212 205 206 192 179 155 92 33 24 19 16 17 14 17 20 8 12 15 17 17 15 15 15 15 16 18 19 20 19 18 16 19 15 12 10 12 13 13 13 14 12 11 8 7 6 7 7 13 9 7 9 8 6 7 11 15 11 10 12 11 8 8 12 7 8 10 9 7 5 5 5 7 4 4 9 11 7 5 6 6 7 8 9 8 7 5 4 6 6 6 6 6 6 6 6 5 8 8 7 4 2 5 7 8 7 5 5 5 7 9 11 12 13 13 11 9 9 10 12 11 12 14 13 9 6 5 7 0 2 6 9 9 6 2 0 6 5 5 6 8 8 6 4 8 9 8 8 7 5 4 3 3 3 3 3 4 5 7 8 8 7 6 4 3 3 3 3 10 6 6 9 10 6 3 3 5 6 6 5 3 2 4 6 13 11 9 7 6 7 8 9 9 9 6 6 6 6 6 6 5 4 3 4 6 6 2 1 11 9 9 10 7 3 4 8 3 5 6 6 4 2 2 3 0 1 2 4 5 6 7 8 3 4 5 6 6 7 10 11 12 10 10 9 8 7 6 5 10 10 10 11 12 14 16 16 16 12 13 18 20 20 21 23 24 31 48 65 80 102 142 180 199 207 214 220 223 224 225 228 230 230 233 234 235 235 236 236 235 236 236 236 237 237 237 238 238 237 237 238 241 243 243 242 238 239 239 240 240 239 239 238 236 239 243 246 246 243 239 236 243 243 243 241 239 238 240 241 251 251 251 248 245 244 243 244 243 246 248 246 242 240 242 245 242 247 251 251 251 252 249 244 245 247 249 251
221 222 224 225 224 223 221 220 223 223 224 226 227 227 224 221 226 225 225 225 224 224 224 223 222 224 225 227 227 225 224 222 225 225 225 226 226 227 227 227 228 228 228 228 228 228 228 228 226 227 227 227 227 228 228 228 228 228 227 225 224 224 227 230 228 228 227 226 225 225 224 224 227 226 225 224 224 224 224 225 224 225 226 225 223 222 223 224 221 223 224 224 223 223 224 226 226 227 227 226 225 224 223 222 225 224 222 220 220 221 222 223 223 222 221 220 220 221 222 223 223 222 222 222 222 222 222 221 224 223 222 221 221 221 221 222 220 220 220 219 219 219 219 218 213 212 206 204 185 170 145 84 30 23 20 19 20 16 18 21 11 13 15 16 15 15 16 18 18 20 22 24 24 23 22 19 21 17 14 13 15 16 15 14 17 15 13 10 8 8 9 9 16 12 12 15 14 11 11 14 16 12 11 13 13 10 11 14 7 9 11 10 8 5 5 5 9 7 8 10 9 5 5 9 10 11 12 13 12 10 8 6 6 6 6 6 6 6 6 6 10 13 13 10 6 4 7 9 12 11 7 7 8 11 13 14 13 14 14 13 11 10 12 13 11 12 14 12 9 6 4 6 4 7 8 9 8 6 4 3 6 6 7 9 10 10 7 4 10 9 9 8 7 5 4 3 6 6 5 5 6 8 9 11 10 9 7 6 5 6 6 7 13 9 7 10 11 6 2 2 7 7 7 5 3 3 5 7 11 10 9 8 7 6 7 7 9 8 5 4 4 5 5 6 6 5 4 5 7 6 2 0 9 7 9 11 9 4 4 8 2 5 8 7 5 3 3 4 4 5 7 9 10 9 9 8 8 9 10 10 10 11 14 16 19 17 16 15 13 12 10 10 13 13 13 14 15 16 17 17 18 15 16 21 24 24 25 28 24 30 49 68 82 98 132 167 193 200 210 216 220 221 222 224 229 229 232 232 234 234 237 235 234 235 235 235 236 236 236 237 236 235 234 236 240 242 241 239 238 239 239 240 240 239 239 238 240 242 245 247 247 245 242 240 241 242 243 241 239 239 241 243 245 244 242 243 244 247 249 250 243 245 247 245 242 241 243 246 251 249 249 252 251 248 247 250 243 245 247 250
225 224 222 221 220 220 221 222 222 222 223 225 226 225 222 219 225 225 224 224 224 223 223 223 221 223 225 226 226 225 223 221 225 225 225 226 226 227 227 227 226 226 226 226 226 226 226 226 225 225 226 226 226 226 227 227 227 227 226 224 223 223 227 229 229 228 227 227 226 225 224 224 227 226 225 224 224 224 224 225 223 225 226 226 224 222 222 223 221 222 224 223 222 222 224 225 227 227 227 226 225 224 223 222 225 224 222 220 219 220 222 223 221 220 219 218 218 219 220 221 222 222 222 222 222 222 222 222 224 224 222 221 221 221 221 221 219 219 220 220 220 220 220 219 210 211 205 201 177 158 132 71 44 34 27 23 20 17 20 24 15 15 15 13 12 13 17 20 13 15 17 19 19 18 17 15 15 11 9 9 10 11 9 8 8 6 5 3 3 4 6 10 12 10 11 14 13 9 8 11 9 5 5 7 7 5 6 9 8 10 12 11 8 6 5 5 11 10 11 11 8 4 6 12 5 7 9 10 10 9 7 6 6 6 6 6 6 6 6 6 5 8 10 7 3 2 6 9 11 8 6 6 7 10 12 13 8 9 9 8 6 5 7 9 11 12 14 12 9 6 4 6 12 12 10 8 6 5 5 6 6 7 8 11 12 11 7 3 10 10 10 9 7 5 3 2 3 3 2 2 3 4 6 7 6 5 4 2 2 3 4 4 13 8 6 9 9 4 0 0 8 8 7 6 4 4 6 8 9 9 8 8 7 6 5 5 7 6 4 2 2 4 5 6 7 7 5 6 7 6 3 1 6 6 8 11 9 5 4 8 1 5 8 8 5 3 4 6 5 6 7 8 7 5 3 0 10 9 10 9 8 8 11 14 17 17 16 14 12 11 9 9 17 15 16 15 16 17 18 19 12 9 11 16 19 19 21 26 31 38 56 76 88 98 125 154 189 196 206 213 217 219 219 221 228 230 231 232 233 233 234 234 234 234 234 235 235 235 236 236 235 233 232 234 238 240 239 237 238 239 239 240 240 239 239 238 237 237 238 239 239 238 237 237 237 238 239 239 238 238 240 242 246 243 238 237 238 241 242 242 240 243 244 243 240 239 242 245 251 242 239 243 243 237 239 247 238 240 243 246
218 218 218 219 220 221 222 223 223 222 220 219 220 222 224 226 223 222 222 221 221 222 222 223 225 223 221 221 222 223 222 221 220 220 220 220 220 220 220 220 219 219 220 221 222 222 222 222 220 221 222 223 225 226 227 228 223 221 221 222 224 225 224 223 222 223 225 225 224 224 225 227 221 222 223 223 221 221 222 223 223 223 223 223 223 224 226 226 224 225 225 225 225 224 223 222 222 223 224 222 220 218 218 220 220 219 219 218 218 219 219 220 224 223 221 220 220 221 223 224 221 221 221 221 221 221 221 221 222 221 219 219 219 219 221 222 218 219 220 221 221 219 218 216 202 201 213 206 180 174 145 81 33 27 23 24 23 19 18 19 15 15 15 12 9 9 12 16 15 18 22 23 21 19 17 17 17 14 12 15 22 23 19 14 13 12 13 12 12 14 15 16 12 9 7 6 8 9 10 10 8 11 14 15 14 13 13 13 10 14 18 15 10 6 7 9 9 6 6 7 10 12 10 8 4 9 10 6 7 13 14 10 6 5 5 5 7 8 9 10 8 9 12 12 10 8 7 8 11 10 11 11 9 8 9 10 12 15 17 12 9 11 14 14 6 8 10 10 8 6 6 8 11 12 10 6 3 3 6 9 0 7 13 15 15 14 8 1 6 9 10 9 7 6 8 10 5 7 9 11 10 7 4 2 6 2 1 5 7 4 2 3 8 7 6 6 7 8 10 10 7 7 7 5 4 4 7 10 7 3 4 7 5 2 4 11 8 6 4 3 3 4 6 7 8 9 10 11 10 11 14 17 9 2 3 12 12 4 3 10 4 8 11 10 8 6 7 9 3 1 2 5 10 14 15 12 11 11 11 11 9 7 8 10 15 12 10 9 9 9 7 5 12 11 12 8 11 18 19 16 19 20 23 24 22 19 23 30 30 34 45 64 86 110 141 166 182 193 208 216 219 221 226 231 227 230 231 231 231 232 235 238 230 231 233 234 235 235 234 233 232 233 233 234 236 237 237 238 232 236 240 242 241 239 238 238 242 241 240 239 239 239 240 240 232 239 242 238 235 238 243 245 237 232 233 240 242 238 236 238 234 234 237 240 243 242 239 236 236 242 245 241 237 239 243 245 237 239 241 241
220 220 220 220 221 222 224 224 224 222 221 220 220 221 223 225 223 223 222 222 222 222 223 223 227 225 222 222 223 223 223 221 221 221 221 221 221 221 221 221 220 221 222 223 223 223 223 223 220 220 221 222 223 224 225 226 223 222 221 222 224 225 224 223 222 224 225 225 224 224 225 227 222 224 225 224 223 222 223 225 224 223 223 223 223 224 225 226 225 226 226 226 226 225 224 223 223 224 224 223 220 219 219 220 221 221 220 220 220 220 221 221 221 221 220 220 220 220 221 221 221 221 221 221 221 221 221 221 221 220 219 218 218 219 220 221 219 219 220 220 219 219 218 216 213 203 199 194 187 181 140 74 33 27 24 25 25 21 22 22 18 18 17 15 12 12 15 19 14 17 21 23 21 19 18 18 20 18 16 18 23 22 16 11 16 15 16 15 15 16 17 18 14 12 11 11 13 15 17 17 13 15 17 17 15 13 15 13 8 11 17 16 12 10 12 15 10 9 8 10 13 14 15 11 6 9 10 7 7 12 12 9 12 11 9 9 8 8 6 5 7 9 10 10 8 7 8 10 6 8 10 11 11 12 14 14 15 17 17 13 12 15 17 15 8 9 11 11 9 7 7 10 9 12 12 10 7 5 5 7 2 8 13 14 14 13 8 1 4 7 9 9 6 5 6 8 5 7 8 9 9 7 5 4 11 7 6 10 12 9 7 8 10 9 8 8 8 9 10 10 5 4 6 5 4 4 8 10 12 8 7 11 11 7 10 12 9 7 6 5 5 6 7 8 9 10 10 9 7 7 8 10 10 4 5 12 12 4 3 9 9 11 11 10 8 8 10 13 6 6 8 10 15 17 18 18 13 13 14 12 11 9 10 10 17 15 13 12 12 12 10 8 9 11 10 9 11 16 17 12 18 16 21 24 22 19 24 30 34 38 52 64 79 99 133 160 180 191 206 215 218 221 226 229 229 230 232 232 232 233 234 237 233 234 235 236 236 235 233 232 234 234 235 236 237 238 238 239 235 238 241 241 240 239 238 239 240 240 240 240 239 239 239 238 233 240 244 240 237 239 242 243 241 237 237 242 244 240 238 240 235 235 236 238 240 240 237 234 240 246 248 243 240 242 246 247 240 242 244 244
222 221 221 221 222 223 225 225 224 223 222 220 220 221 222 223 224 224 223 223 223 223 224 224 229 226 224 223 224 224 223 221 223 223 223 223 223 223 223 223 222 223 223 224 225 224 224 224 221 221 221 222 222 222 223 223 224 222 222 222 224 225 224 223 223 224 226 225 224 224 225 227 223 225 226 225 224 223 224 226 224 224 223 223 223 224 225 226 226 226 227 227 226 226 225 224 223 224 225 224 221 220 221 222 222 222 221 221 221 221 222 222 219 219 220 220 220 220 219 219 221 221 221 221 221 221 221 221 219 219 218 218 218 218 219 219 221 220 219 218 218 218 218 217 210 208 201 194 188 166 107 49 27 21 19 21 21 18 19 20 19 18 18 16 14 14 16 18 13 17 20 22 21 19 19 19 19 18 17 19 23 21 16 10 12 11 12 12 12 12 13 13 11 8 8 9 11 13 15 14 11 13 15 13 10 8 10 8 5 7 12 12 9 7 9 10 6 5 6 8 10 12 13 10 8 10 10 7 7 10 10 7 6 6 6 8 9 9 7 5 3 4 5 4 3 4 7 9 5 8 10 11 11 12 14 14 14 13 12 9 10 14 14 10 7 8 9 8 6 5 6 9 7 11 13 12 9 7 6 6 5 10 13 12 11 11 7 2 3 5 8 8 7 5 5 5 6 6 6 7 7 7 7 7 10 6 5 9 11 8 6 7 11 11 10 9 9 9 10 9 4 3 6 5 4 5 8 10 11 6 5 8 11 10 10 8 10 8 7 6 6 7 8 9 9 10 10 8 6 6 7 9 12 6 7 12 11 5 3 8 12 12 10 7 6 7 11 14 4 6 9 10 12 12 14 16 9 9 10 9 8 5 7 7 18 16 14 13 14 13 10 8 9 11 12 11 12 16 15 10 16 14 19 22 22 20 25 31 35 42 57 66 76 92 124 153 176 189 205 214 217 219 225 227 228 230 232 232 232 233 234 236 236 237 237 237 236 234 233 232 236 236 236 237 238 238 239 239 238 239 241 240 238 237 238 239 238 239 240 240 240 239 237 236 234 241 244 241 238 239 240 239 243 239 239 242 244 241 239 239 238 237 237 238 240 240 238 236 242 247 248 243 240 242 245 245 243 245 247 247
222 222 221 221 222 223 224 225 225 224 222 221 221 221 221 222 225 224 224 223 223 224 224 225 229 226 224 223 223 223 222 220 222 222 222 222 222 222 222 222 222 223 224 224 224 224 223 223 223 223 222 222 222 222 222 222 225 223 222 223 225 225 224 223 222 224 225 224 223 222 224 225 223 225 226 225 224 223 224 226 225 224 223 223 223 224 225 225 225 225 226 226 226 225 224 223 223 225 225 224 222 221 222 223 222 222 221 221 221 221 222 222 219 220 221 222 222 221 220 219 221 221 221 221 221 221 221 221 218 218 218 218 218 218 218 218 222 220 219 217 216 217 217 217 203 212 204 180 151 108 58 31 24 18 17 18 20 17 18 20 18 16 16 14 13 13 15 16 13 16 19 21 20 19 19 19 12 13 14 18 22 21 17 13 9 9 11 10 10 10 10 10 8 6 5 5 6 8 9 8 10 11 13 11 9 7 9 8 9 9 13 11 8 4 4 5 5 5 7 8 10 11 13 11 10 10 9 8 8 8 8 6 7 7 7 10 12 12 8 5 4 5 4 3 3 5 10 13 10 11 13 12 11 11 12 12 14 12 9 6 10 14 13 7 9 10 11 10 8 7 8 12 8 11 12 11 9 7 7 8 7 12 13 11 10 10 7 2 4 6 8 9 8 7 5 5 6 5 5 5 5 7 8 9 8 4 4 8 9 7 5 6 11 10 10 9 8 8 8 7 3 2 5 5 4 5 8 10 8 3 2 6 12 14 13 8 9 7 6 5 5 6 7 8 7 8 9 9 8 9 11 14 13 9 8 11 10 5 4 7 10 9 7 5 4 5 7 9 3 7 10 10 9 9 12 15 8 7 9 8 7 5 7 7 16 14 13 12 13 12 8 6 11 13 14 13 15 18 16 9 15 13 17 21 22 21 25 30 36 43 59 71 82 97 126 151 175 187 204 214 216 218 223 225 227 229 231 232 231 231 231 233 236 236 236 235 235 234 234 233 236 236 236 237 237 237 237 237 239 240 239 237 235 235 236 238 236 238 239 241 240 238 236 234 233 240 243 240 237 238 237 234 241 239 237 238 239 238 236 235 239 238 237 239 241 243 242 241 240 244 244 239 237 239 241 240 242 245 247 247
222 221 221 221 221 222 222 223 224 224 223 222 221 221 221 221 225 224 224 223 223 224 224 225 227 224 222 221 222 222 221 220 222 222 222 222 222 222 222 222 222 222 223 223 223 223 222 221 225 224 224 224 224 223 223 223 226 224 223 223 225 225 224 223 221 223 224 223 221 221 222 223 222 224 225 224 223 222 223 225 225 225 224 223 223 223 224 225 223 224 224 224 224 223 222 221 223 224 225 224 222 221 222 224 221 221 220 220 220 220 221 221 220 221 222 223 223 222 221 220 221 221 221 221 221 221 221 221 218 218 218 218 218 218 218 218 222 221 218 217 216 216 216 216 205 209 193 154 108 61 31 27 26 20 20 22 24 22 23 25 18 16 15 14 15 15 14 14 14 16 19 20 19 18 18 19 10 11 13 15 18 17 14 12 12 12 14 14 13 13 12 12 14 11 10 9 9 10 10 9 12 14 15 15 13 13 16 16 14 13 16 15 13 10 9 8 10 11 13 13 14 14 17 16 11 9 8 9 8 6 6 6 17 14 12 14 16 14 8 2 9 9 8 7 7 10 15 19 10 12 13 13 12 12 14 13 18 17 14 12 15 20 18 13 15 17 18 17 15 14 14 16 10 12 10 8 6 6 8 11 8 12 13 10 9 10 7 3 7 7 8 9 9 9 7 6 6 5 4 3 4 6 8 9 10 6 5 10 11 8 6 8 8 8 8 8 7 6 6 4 2 2 6 6 5 4 6 8 8 5 5 8 15 20 21 15 8 6 5 4 4 5 6 7 7 8 9 8 7 8 10 12 12 9 8 9 8 5 5 7 8 7 7 7 7 7 5 4 7 10 14 13 12 12 14 17 12 12 14 13 12 10 12 12 15 14 13 13 13 12 8 6 12 15 16 15 16 19 17 11 15 12 15 20 22 21 24 28 35 40 57 75 93 110 135 156 177 188 204 213 216 217 222 225 225 227 230 231 230 229 229 230 232 232 232 233 233 234 234 235 236 236 236 235 235 235 235 235 239 239 238 235 233 233 235 238 236 238 239 241 240 238 236 234 233 238 240 238 236 237 235 231 240 239 237 236 237 238 237 235 236 236 236 238 242 244 244 244 239 242 242 238 236 238 239 238 240 242 244 244
222 222 221 221 221 221 222 222 223 223 222 222 222 222 221 221 224 224 223 223 223 223 224 224 225 223 221 220 222 222 222 221 221 221 221 221 221 221 221 221 222 223 223 223 223 222 221 221 225 225 224 224 224 224 224 224 227 225 224 224 225 226 224 223 222 223 224 223 221 220 221 223 222 224 225 224 223 222 223 225 226 225 224 223 223 223 224 224 222 223 223 223 223 222 221 220 222 223 224 223 222 221 222 223 221 221 220 220 220 220 221 221 222 222 223 223 223 223 222 222 221 221 221 221 221 221 221 221 218 218 219 219 219 219 218 218 221 220 219 217 216 215 215 214 204 199 190 164 114 62 30 19 24 20 18 20 22 20 21 21 19 17 16 16 17 17 16 14 16 18 19 19 17 16 17 18 13 13 13 13 14 12 10 9 11 12 14 14 13 12 10 10 15 12 10 9 10 10 11 10 11 12 13 13 12 12 16 16 10 9 12 13 13 12 11 10 9 11 13 13 12 11 15 14 11 7 7 9 8 5 5 7 7 4 2 6 12 14 11 6 5 6 5 4 4 6 11 15 5 7 10 12 12 14 17 17 15 15 13 10 12 16 15 12 9 11 14 14 12 10 9 9 11 11 9 6 4 4 8 11 7 11 12 10 10 11 8 3 10 8 7 7 9 9 9 7 6 6 4 4 4 5 7 8 7 3 3 7 8 5 4 5 6 6 7 7 7 6 5 4 3 2 6 6 4 3 5 6 5 5 4 4 10 18 21 16 7 5 4 3 3 4 5 6 8 9 8 6 4 2 3 5 10 8 7 7 6 5 6 6 10 9 9 10 11 10 7 4 6 7 10 10 11 11 12 14 11 11 13 12 12 9 12 12 16 15 15 15 15 14 10 7 13 15 15 14 16 20 19 13 16 12 14 19 21 21 23 26 33 37 54 73 96 116 142 162 181 192 206 213 215 217 222 226 225 227 230 231 230 229 228 228 232 231 231 231 232 234 235 236 236 236 236 235 234 234 233 233 237 238 237 236 234 234 236 238 238 239 240 240 240 239 237 236 234 238 239 236 235 237 235 231 242 243 241 238 239 243 242 238 234 234 235 238 242 244 243 242 241 244 243 239 239 242 243 240 238 240 242 242
224 223 222 222 222 222 223 223 221 221 222 222 223 223 222 222 223 223 222 222 222 222 223 223 224 222 221 221 223 224 224 223 223 223 223 223 223 223 223 223 224 224 225 225 224 223 222 222 223 223 223 223 223 224 224 224 227 226 224 224 225 226 224 222 224 226 226 225 223 222 223 224 223 225 226 225 224 223 224 226 226 225 224 223 223 223 223 224 223 223 224 224 223 223 222 221 220 222 223 222 221 220 221 223 222 222 221 221 221 221 222 222 222 222 221 221 221 221 222 222 221 221 221 221 221 221 221 221 218 219 220 221 221 220 219 218 220 220 219 218 217 216 214 212 205 192 198 182 120 62 32 14 22 16 13 15 17 14 14 16 18 16 14 15 17 17 15 12 18 19 20 19 16 15 15 16 14 14 13 12 12 11 11 11 9 10 12 12 11 10 8 7 9 6 6 6 7 9 10 10 9 10 10 9 7 7 11 11 6 5 7 9 9 9 8 6 6 8 10 9 6 5 9 9 11 6 6 9 9 5 5 8 2 0 0 0 8 13 11 7 2 2 2 1 1 2 6 9 2 5 8 9 10 12 15 15 7 10 10 6 5 8 10 8 1 5 9 10 8 5 3 2 8 8 8 6 4 4 6 8 4 9 12 11 11 12 9 4 11 8 4 4 6 8 9 8 6 6 5 5 4 4 5 5 4 1 1 4 5 3 1 2 5 6 7 8 8 8 7 5 3 3 7 7 4 2 3 3 3 5 4 1 3 11 17 14 8 6 5 4 4 5 6 7 8 8 8 6 3 2 3 4 7 7 6 4 4 5 6 6 13 10 7 7 9 9 7 5 3 2 3 4 9 10 10 9 7 7 9 8 8 6 9 9 15 14 14 15 15 13 8 5 11 13 12 11 13 18 19 14 18 12 14 18 21 20 21 24 30 35 50 66 86 108 141 167 187 197 208 214 215 217 223 227 226 229 232 233 232 230 229 229 235 234 233 232 232 233 235 236 238 238 237 236 235 234 234 233 237 238 239 238 237 237 239 241 240 240 240 240 239 239 239 238 237 239 239 236 236 239 238 235 243 245 243 239 241 246 246 242 239 239 240 243 245 245 243 240 243 245 243 241 242 246 246 243 239 241 243 243
225 225 224 223 223 224 224 224 220 220 221 222 223 223 223 223 223 222 222 221 221 222 222 223 224 222 221 222 224 226 226 226 224 224 224 224 224 224 224 224 226 226 226 226 226 225 224 223 221 221 221 222 222 223 223 223 228 226 224 225 226 226 224 222 226 228 228 227 225 224 225 226 225 226 227 227 225 225 226 227 226 226 224 223 223 223 223 223 224 225 225 225 225 224 223 222 219 221 222 222 220 220 221 222 224 223 223 222 222 223 223 224 222 221 219 218 218 219 221 222 221 221 221 221 221 221 221 221 219 219 221 222 222 221 219 219 219 219 220 219 218 216 213 209 215 195 198 171 90 34 26 22 24 19 16 17 19 15 15 17 15 13 11 12 15 15 12 9 19 20 20 18 16 14 14 15 12 12 12 11 12 13 15 17 13 14 16 16 15 14 12 10 6 4 5 6 9 12 14 14 13 13 13 11 8 7 11 11 12 10 11 11 11 9 6 4 8 10 13 11 7 5 9 9 10 5 5 9 9 5 5 9 21 14 7 7 10 10 5 0 6 6 7 6 5 6 9 12 4 6 8 8 8 8 10 12 7 11 13 8 5 7 10 11 3 7 12 14 12 8 5 4 4 6 8 8 6 5 4 5 3 8 12 12 12 13 9 4 11 7 2 1 4 7 8 7 6 6 6 5 5 4 4 3 8 4 3 8 9 6 4 6 5 6 8 9 10 10 9 7 4 4 8 7 4 2 1 2 8 11 10 3 3 10 18 16 10 8 6 5 5 6 8 9 6 7 8 7 6 6 7 10 5 6 5 2 3 5 7 6 13 9 4 2 4 6 5 4 6 4 3 6 12 15 13 11 8 9 11 10 10 8 11 11 12 11 11 12 12 10 5 2 10 11 10 8 10 17 18 15 19 12 14 18 21 20 20 22 29 34 48 59 75 98 137 170 191 200 210 214 214 217 224 228 228 231 234 235 234 232 230 231 238 237 235 234 233 233 234 235 240 239 239 238 236 235 235 234 237 239 241 241 240 240 241 243 242 241 240 239 239 239 240 240 239 241 239 236 237 241 241 238 242 244 242 238 240 247 248 243 246 246 247 249 250 248 244 241 242 243 242 240 242 246 246 243 241 243 245 245
223 223 223 224 224 225 225 225 221 223 225 224 222 221 223 225 224 223 222 222 224 224 223 222 222 222 222 225 227 227 225 223 223 223 223 224 224 225 225 225 223 223 223 223 223 223 223 223 223 224 226 228 228 226 224 223 223 224 224 225 225 226 226 226 223 224 224 225 225 226 226 227 221 223 225 228 229 229 228 227 226 225 225 224 225 226 228 229 222 224 226 227 228 228 227 226 224 224 224 223 223 222 222 222 223 223 223 222 222 221 221 221 220 220 220 220 220 220 220 220 218 219 219 220 221 222 223 223 220 220 220 220 220 220 220 220 219 217 216 216 216 216 215 210 209 200 175 117 54 30 28 19 18 21 21 20 19 18 18 19 13 13 11 8 9 14 14 11 11 11 12 15 18 19 17 15 15 12 9 9 12 13 13 13 10 9 9 9 11 14 18 20 6 8 9 6 7 12 16 14 13 11 9 8 9 11 14 13 7 7 11 10 7 4 4 4 2 2 4 5 6 7 10 9 10 9 8 7 7 8 9 9 8 9 10 10 9 8 6 5 4 5 6 7 9 10 12 12 4 3 3 6 10 14 15 15 12 13 14 13 12 12 14 16 9 3 8 11 5 7 10 4 8 11 13 13 11 9 8 9 2 8 12 10 9 10 8 5 5 6 7 8 8 8 8 7 0 1 1 2 3 4 5 5 3 3 4 5 5 6 6 7 5 6 7 6 4 4 6 7 0 0 5 6 4 1 0 0 5 8 11 10 7 7 12 14 6 3 2 4 7 7 4 0 6 5 4 3 3 4 6 7 7 7 6 6 6 5 5 5 7 6 5 4 5 6 8 9 3 4 6 8 10 9 8 7 9 8 10 9 10 8 8 5 10 10 10 12 13 12 7 4 6 9 12 16 16 16 14 11 17 14 16 18 22 25 25 24 25 36 55 63 71 89 129 164 186 196 208 215 216 219 226 230 231 232 233 235 235 236 235 234 232 233 235 236 237 236 235 234 234 236 239 241 242 240 238 236 236 237 237 238 239 241 242 243 237 237 237 239 240 240 238 236 234 237 237 237 241 246 247 243 246 244 241 240 241 245 250 254 243 240 238 238 239 241 241 240 242 244 244 242 244 248 246 242 246 246 246 246
223 223 223 224 224 225 225 225 221 223 225 224 222 221 223 225 225 224 223 223 225 226 225 223 224 223 223 224 226 226 225 223 223 223 223 224 224 225 225 225 223 223 223 223 223 223 223 223 224 224 225 226 226 225 224 224 224 224 224 224 224 225 225 225 223 223 223 224 224 224 224 224 222 223 225 227 227 227 226 226 226 226 225 224 225 226 228 229 224 225 226 227 227 227 226 225 224 224 224 223 223 222 222 222 223 223 223 222 222 221 221 221 221 221 221 221 221 221 221 221 218 218 219 220 221 222 222 223 220 220 220 220 220 220 220 220 219 217 216 216 216 216 215 210 202 183 156 114 72 50 39 22 20 21 20 18 17 14 14 15 16 16 14 11 13 17 17 14 14 13 14 17 20 21 19 17 9 8 7 9 14 16 17 16 15 14 15 14 13 13 13 12 7 9 9 6 7 12 16 14 11 9 8 7 8 10 13 12 8 8 11 10 7 5 5 5 4 5 6 7 8 9 12 10 7 5 5 4 4 5 5 6 7 7 7 8 7 7 6 5 4 5 6 7 8 9 10 10 5 4 4 7 11 14 15 15 9 11 11 11 9 10 12 14 12 6 10 12 5 6 9 3 7 9 11 11 9 7 7 8 3 9 12 10 8 8 7 4 3 3 3 3 4 4 4 5 3 3 4 5 6 7 7 8 8 8 8 7 7 6 6 6 6 7 8 7 5 5 6 7 2 3 8 9 7 4 3 3 2 3 4 4 3 3 8 8 5 3 3 5 6 6 4 2 8 7 6 5 5 6 7 8 8 8 7 7 6 6 5 5 9 7 5 3 2 2 2 3 1 3 5 7 11 12 13 13 9 8 9 8 10 8 9 7 11 10 10 11 12 11 8 5 8 10 12 14 14 14 13 11 15 14 18 19 21 21 21 20 21 29 46 54 63 81 118 152 186 196 209 217 218 221 227 230 229 230 231 233 233 234 233 232 232 233 235 236 237 236 235 234 234 235 237 239 239 238 237 236 236 236 236 237 238 240 242 243 239 238 238 240 241 241 239 237 236 238 237 236 238 243 242 238 242 241 238 238 240 244 249 253 243 242 241 240 240 241 242 243 242 244 244 242 244 248 246 241 245 245 245 245
223 223 223 223 224 224 224 224 222 223 224 224 222 222 223 224 226 225 224 224 226 227 225 224 227 225 223 223 224 225 224 223 223 223 223 224 224 225 225 225 223 223 223 223 223 223 223 223 225 225 224 224 224 224 225 225 225 225 225 224 224 224 224 224 223 223 223 223 223 222 222 222 224 224 224 225 225 225 225 225 226 226 225 225 225 226 227 228 226 226 226 227 226 225 224 224 224 224 224 223 223 222 222 222 223 223 223 222 222 221 221 221 221 221 221 221 221 221 221 221 218 219 219 220 221 221 222 222 220 220 220 220 220 220 220 220 219 217 216 216 216 216 215 210 192 183 172 134 79 41 31 25 23 25 25 22 16 13 12 13 16 17 15 12 14 18 18 14 13 13 14 16 19 20 19 17 7 7 8 10 16 18 17 16 16 16 18 18 16 13 11 9 7 9 10 6 7 12 16 14 9 8 7 6 7 9 13 13 10 9 12 11 8 6 6 7 7 7 9 9 10 11 13 11 9 8 7 7 7 7 8 8 6 6 5 5 5 6 7 7 5 5 5 6 6 7 7 7 6 5 6 8 12 15 16 15 13 14 15 14 13 13 15 17 16 10 13 14 6 7 10 4 7 9 10 10 8 6 6 7 10 15 16 13 10 10 9 6 6 5 4 4 4 5 7 8 4 4 4 5 6 7 7 7 8 7 7 7 7 7 7 7 6 8 9 8 7 6 7 8 3 4 9 10 8 5 5 5 6 4 3 3 4 6 9 7 8 9 11 11 10 9 9 9 9 8 7 7 7 7 8 8 10 10 9 8 7 6 5 5 12 11 9 7 5 5 6 6 5 5 6 7 11 12 14 15 13 11 12 11 13 12 14 13 13 11 9 9 10 11 9 8 11 11 12 12 12 12 12 12 9 12 18 20 20 19 21 22 28 33 46 54 65 83 117 146 183 194 208 215 216 217 222 224 227 228 229 231 232 232 231 231 232 233 235 236 237 236 235 234 235 235 235 236 236 236 237 237 235 235 236 236 237 239 240 241 241 240 239 240 242 242 240 238 237 239 237 235 236 239 238 233 239 238 236 236 239 243 247 250 242 244 245 244 241 240 243 246 241 244 243 242 244 247 246 241 243 243 243 243
223 223 223 223 223 223 223 224 223 223 223 223 223 223 223 223 226 224 223 224 225 226 225 224 228 226 223 222 223 224 224 223 223 223 223 224 224 225 225 225 224 224 224 224 224 224 224 224 226 225 223 222 222 223 225 226 227 227 226 226 225 225 224 224 225 225 224 224 223 222 222 222 226 225 224 223 223 223 223 223 226 226 226 226 226 226 226 227 227 227 227 226 225 224 223 223 224 224 224 223 223 222 222 222 223 223 223 222 222 221 221 221 222 222 222 222 222 222 222 222 220 220 221 221 222 222 223 223 220 220 220 220 220 220 220 220 219 217 216 216 216 216 215 210 197 193 189 154 86 36 22 22 22 23 22 20 14 11 11 11 15 16 14 12 13 16 15 11 11 10 10 12 15 17 16 15 10 10 11 13 16 16 14 12 12 13 15 15 15 15 14 14 8 10 11 7 7 12 15 14 8 8 8 7 7 8 14 14 11 10 12 11 8 6 7 8 8 8 10 10 10 10 12 10 11 9 8 8 8 8 9 10 6 6 5 4 5 7 8 10 5 5 5 5 5 5 5 5 6 6 7 10 14 16 16 15 13 14 14 14 13 13 15 17 15 9 12 12 5 7 10 5 8 9 10 10 8 6 7 8 13 17 17 12 8 8 7 5 8 7 5 4 4 6 8 10 2 3 3 3 4 4 5 5 1 2 3 4 6 7 8 9 6 8 10 9 8 7 8 8 3 3 8 8 6 4 4 4 10 6 3 3 6 9 10 7 9 11 13 12 9 8 10 12 9 8 8 7 7 7 7 7 11 11 10 9 8 7 6 5 9 8 7 7 7 8 10 11 10 9 8 7 9 9 11 12 13 11 12 11 13 13 16 15 14 11 8 7 9 10 10 10 13 13 12 11 10 11 12 12 8 11 18 19 18 19 25 30 39 41 50 58 71 88 119 146 181 193 208 216 217 217 221 223 227 228 229 231 231 232 231 230 232 233 235 236 237 236 235 234 237 236 235 235 235 236 238 239 235 235 235 236 237 238 239 240 241 240 239 239 241 241 239 237 237 239 237 235 236 239 238 234 239 239 238 238 239 241 244 246 240 244 247 245 240 239 242 247 241 243 243 242 244 247 246 241 243 243 243 243
223 223 223 223 223 223 223 222 223 223 223 223 223 223 223 223 224 223 222 223 224 225 224 222 228 226 223 222 223 224 224 223 223 223 223 224 224 225 225 225 224 224 224 224 224 224 224 224 227 225 223 221 221 223 225 227 228 228 228 227 227 226 225 225 226 226 226 225 224 224 223 223 227 226 225 223 223 222 223 223 226 226 226 226 226 226 226 225 228 227 226 225 224 223 222 222 224 224 224 223 223 222 222 222 223 223 223 222 222 221 221 221 222 222 222 222 222 222 222 222 222 222 222 223 223 223 223 224 220 220 220 220 220 220 220 220 219 217 216 216 216 216 215 210 205 192 181 152 96 51 27 15 16 17 17 15 10 9 8 10 15 16 15 12 13 16 15 10 11 10 9 11 14 15 16 15 11 11 11 13 17 17 14 12 12 11 11 11 11 13 16 17 9 11 11 7 7 12 15 14 9 10 11 9 7 9 14 16 11 10 12 10 7 6 7 9 8 8 9 9 8 8 10 8 7 6 5 4 4 5 6 6 8 7 6 6 6 8 10 11 5 5 5 5 4 4 4 4 6 6 7 11 14 16 15 14 10 12 12 12 10 11 13 15 12 6 9 10 4 7 12 7 10 11 12 10 8 8 9 10 12 15 13 7 3 4 3 1 5 3 2 1 1 3 5 7 3 3 4 4 4 5 5 5 2 2 3 4 6 7 8 8 6 8 10 10 9 7 7 7 4 4 8 8 6 4 5 5 9 5 1 1 4 6 8 5 3 5 7 5 2 1 4 7 8 8 7 7 7 6 5 5 10 10 9 9 8 7 6 6 4 4 2 2 2 3 5 6 9 8 7 6 8 8 9 10 9 8 9 9 11 11 13 12 14 11 7 6 8 10 11 11 15 14 12 11 10 12 14 14 16 17 21 19 18 20 27 33 37 38 46 54 67 84 114 139 176 188 205 216 220 223 229 231 229 229 231 232 233 233 232 232 232 233 235 236 237 236 235 234 239 238 236 235 236 237 239 241 236 236 235 236 236 238 239 239 241 239 238 237 239 239 238 236 237 239 238 236 238 243 242 238 243 243 242 241 240 240 241 241 237 242 246 244 239 237 240 244 241 243 243 241 243 247 245 240 243 243 243 243
223 223 223 223 222 222 222 222 224 223 222 222 224 224 223 222 224 223 221 222 224 224 223 222 227 225 223 223 224 225 224 223 223 223 223 224 224 225 225 225 225 225 225 225 225 225 225 225 226 224 222 221 221 222 224 226 227 227 227 227 227 226 226 226 226 226 226 225 225 225 225 225 226 226 225 225 224 224 223 223 226 226 227 227 227 226 225 224 228 227 225 224 223 223 223 223 224 224 224 223 223 222 222 222 223 223 223 222 222 221 221 221 221 221 221 221 221 221 221 221 222 223 223 223 223 223 223 223 220 220 220 220 220 220 220 220 219 217 216 216 216 216 215 210 201 196 186 148 84 42 26 18 18 20 20 19 14 13 13 14 16 18 17 15 15 18 15 10 13 11 10 12 14 17 17 17 10 10 10 12 17 18 17 15 16 14 12 10 9 11 13 14 10 12 12 8 8 12 15 14 11 12 13 10 7 7 14 16 11 10 11 9 6 5 7 8 8 8 8 8 7 6 8 6 8 7 6 6 6 6 7 7 8 8 8 7 8 8 9 10 5 5 5 5 5 5 5 5 6 6 7 11 14 15 14 12 15 16 16 16 15 15 17 19 12 6 9 10 4 8 13 9 11 12 12 10 8 8 9 11 16 18 16 9 5 6 7 5 6 5 4 4 4 6 7 8 7 7 7 7 7 7 7 7 9 9 8 8 7 6 5 5 5 7 10 10 8 7 6 6 6 6 9 9 7 6 7 8 12 9 6 4 5 7 11 9 5 4 4 3 2 2 4 5 7 8 8 8 7 6 4 4 8 8 8 8 7 7 7 7 9 8 5 3 2 2 3 3 5 5 6 6 9 10 11 12 13 12 14 14 16 15 15 13 13 10 7 7 9 11 11 11 15 14 13 13 12 14 16 16 24 23 25 22 20 21 25 29 33 35 44 52 64 81 111 137 163 176 194 207 214 221 229 234 230 231 232 233 234 234 233 233 232 233 235 236 237 236 235 234 239 238 237 236 237 238 240 241 237 237 236 236 237 238 239 240 242 239 237 236 237 238 237 236 236 239 238 237 240 245 245 241 246 245 244 243 242 240 239 238 237 240 243 242 239 238 239 241 240 242 242 241 243 246 245 240 243 243 243 243
223 223 223 222 222 221 221 221 225 223 221 222 224 225 223 221 225 223 222 223 225 225 224 223 224 223 223 224 226 226 225 223 223 223 223 224 224 225 225 225 225 225 225 225 225 225 225 225 225 224 223 222 222 223 224 225 224 224 224 225 225 225 225 225 224 224 224 224 224 225 225 225 225 225 226 227 227 226 224 223 226 226 227 228 227 226 224 223 227 226 224 223 222 223 223 224 224 224 224 223 223 222 222 222 223 223 223 222 222 221 221 221 221 221 221 221 221 221 221 221 221 221 221 221 221 221 221 221 220 220 220 220 220 220 220 220 219 217 216 216 216 216 215 210 192 199 192 139 62 23 20 23 24 25 24 22 17 15 14 15 15 17 17 14 15 17 14 8 13 11 10 11 13 16 17 17 14 12 11 11 15 17 16 15 17 15 15 13 12 11 11 11 11 13 12 8 8 12 15 14 11 13 14 10 5 5 11 14 11 9 10 8 5 4 6 8 9 8 9 8 7 6 7 5 11 9 9 8 8 9 9 10 7 8 8 8 8 7 6 6 5 5 5 5 6 6 6 6 5 5 7 10 13 14 12 10 16 17 18 17 16 16 18 20 17 10 12 12 6 9 14 10 10 11 11 9 7 7 9 11 18 20 17 9 6 7 9 8 9 9 9 9 10 10 10 11 7 7 7 7 7 7 7 7 11 10 9 8 6 5 4 3 3 6 9 9 8 6 5 5 6 6 9 8 6 5 6 7 14 13 11 8 6 7 13 14 10 7 5 5 6 8 8 8 9 9 9 9 9 7 5 4 6 6 6 6 7 7 7 7 12 11 9 7 6 5 6 7 5 6 8 9 12 12 12 12 14 14 18 19 20 17 15 12 11 9 7 8 10 11 11 11 14 14 14 15 15 17 18 18 22 21 24 24 26 26 27 26 34 37 48 56 66 83 115 143 161 173 190 201 208 214 223 229 230 231 232 233 234 234 233 233 232 233 235 236 237 236 235 234 237 237 236 236 237 238 238 239 238 238 238 237 238 239 240 240 244 241 238 237 238 238 238 237 237 239 239 238 241 245 245 241 244 244 244 244 242 241 239 238 238 239 240 241 241 240 239 238 240 242 242 240 242 246 244 240 241 241 241 241
223 223 223 222 222 221 221 221 225 223 221 222 224 225 223 221 226 225 224 224 226 226 225 224 222 222 222 225 227 227 225 223 223 223 223 224 224 225 225 225 225 225 225 225 225 225 225 225 224 223 223 222 222 223 223 224 221 221 222 222 223 224 224 224 221 222 222 223 223 224 224 225 223 225 227 229 229 227 225 224 226 227 227 228 227 226 224 223 226 225 224 223 222 223 224 225 224 224 224 223 223 222 222 222 223 223 223 222 222 221 221 221 220 220 220 220 220 220 220 220 219 219 219 219 219 219 218 218 220 220 220 220 220 220 220 220 219 216 216 215 215 215 214 209 190 189 171 117 57 31 26 17 22 22 22 19 14 11 8 9 12 14 14 12 12 14 11 5 10 9 7 8 11 13 14 14 22 17 15 13 13 13 13 13 14 17 17 17 16 14 13 11 11 13 13 8 8 12 15 14 10 12 13 9 4 2 9 12 11 10 9 7 5 4 6 7 10 9 10 8 7 6 7 5 8 6 5 5 5 5 6 7 6 7 8 8 7 6 4 3 6 6 6 7 7 8 8 8 5 4 7 10 13 13 11 9 9 10 11 10 9 10 12 14 21 14 15 15 7 9 14 10 9 10 9 7 5 5 7 10 12 13 10 3 0 2 4 4 5 6 7 8 8 8 8 7 5 5 5 5 5 5 5 5 6 6 6 5 5 4 4 4 2 5 8 9 7 5 5 4 4 5 6 5 4 3 4 5 9 9 9 5 1 2 9 12 10 6 2 3 6 8 7 5 10 10 11 11 10 8 6 5 4 4 5 5 6 7 8 8 7 6 5 4 4 6 7 8 10 10 12 12 11 9 7 6 6 9 12 14 13 12 8 6 10 9 8 8 10 12 11 10 13 14 15 17 17 18 19 20 15 17 21 27 31 32 30 25 30 36 47 58 66 84 117 147 172 183 196 205 208 212 220 224 228 229 231 233 233 234 234 233 232 233 235 236 237 236 235 234 235 235 235 236 236 237 237 237 239 239 238 238 238 239 240 241 245 243 239 238 239 239 239 238 238 240 239 238 240 244 243 239 241 242 243 243 242 241 239 238 239 239 239 241 242 242 239 237 240 242 242 240 242 246 244 240 240 240 240 240
222 225 226 225 223 222 224 226 223 224 225 226 226 226 226 225 220 221 223 224 225 224 224 223 222 222 222 222 222 222 222 222 223 223 223 224 224 225 225 226 223 223 223 224 224 225 225 226 224 223 223 222 222 223 223 224 220 221 223 226 228 228 224 221 220 221 222 223 224 224 225 225 223 225 227 229 228 225 222 220 220 222 224 226 227 226 224 223 217 220 223 224 223 222 223 223 222 222 223 224 224 224 223 223 220 219 218 218 219 220 222 223 223 222 221 220 220 220 220 221 221 221 221 221 221 221 221 221 222 221 219 218 218 219 220 221 217 217 218 212 211 213 212 206 187 181 168 105 53 45 33 22 23 23 23 24 21 16 14 18 17 16 16 16 17 15 12 9 9 14 16 13 12 17 20 20 18 13 11 13 17 19 16 14 11 11 12 14 17 17 16 12 6 5 9 13 16 15 13 11 10 9 11 14 13 10 13 18 11 12 13 13 12 11 11 12 10 6 6 8 9 8 10 14 10 10 10 10 10 10 10 10 7 7 8 8 8 8 8 8 9 10 10 11 9 10 10 11 6 7 10 11 11 10 9 7 11 9 8 9 12 14 15 14 16 14 13 13 13 12 9 7 4 9 15 14 9 4 5 7 12 12 13 13 13 11 10 9 11 8 7 8 7 6 10 16 7 6 6 6 6 7 8 9 6 7 8 8 7 5 3 1 6 6 7 7 7 7 7 7 5 7 9 9 7 4 2 1 5 9 13 11 6 2 3 6 10 6 2 2 6 9 11 11 13 15 16 13 9 6 7 9 10 9 8 7 7 7 7 8 6 7 9 9 9 9 7 6 6 6 6 7 7 7 8 8 7 9 13 16 18 19 17 16 6 13 9 6 13 15 10 10 20 19 16 14 15 16 18 21 21 21 21 21 23 27 33 35 28 34 46 61 74 92 118 141 157 175 197 208 209 211 219 225 225 229 234 238 239 237 234 232 234 234 234 235 235 236 236 236 237 237 237 240 243 242 237 232 238 237 236 236 237 240 243 245 247 245 243 239 237 238 242 246 236 236 239 243 243 239 240 244 236 241 248 250 243 237 241 250 245 237 239 241 238 245 251 247 240 246 248 246 248 253 254 254 247 248 249 250
222 224 226 225 223 222 223 226 223 224 225 226 226 226 226 225 222 222 224 225 225 224 224 223 222 222 222 222 222 222 222 222 222 222 223 223 224 224 224 225 222 222 223 223 224 224 224 225 223 223 223 223 223 223 223 223 224 224 225 227 229 228 224 221 222 221 221 222 223 224 225 226 223 225 226 227 227 225 223 222 221 222 224 225 226 225 224 224 220 222 225 225 223 221 221 222 221 221 222 223 223 222 222 221 220 220 219 219 219 220 222 223 223 222 221 220 220 220 220 221 221 221 221 221 221 221 221 221 221 221 219 219 219 219 220 220 213 216 215 212 210 211 210 204 196 173 161 111 61 44 31 33 26 26 27 28 25 20 20 23 22 20 19 19 19 18 15 13 14 15 14 13 17 22 22 18 18 14 11 13 16 18 17 13 15 14 13 15 17 18 16 14 10 8 11 13 15 16 14 12 14 12 14 17 16 13 16 21 5 7 9 8 6 5 5 6 17 13 11 13 12 9 10 13 12 12 11 11 11 11 11 11 9 9 9 9 8 8 8 8 8 8 9 9 8 8 8 9 7 9 11 14 15 16 16 16 17 16 15 16 18 20 20 19 11 10 10 12 14 15 14 12 7 11 16 14 9 6 8 11 14 13 13 11 10 10 13 13 9 7 8 11 10 6 8 13 9 9 9 10 10 11 11 11 10 10 9 8 7 7 7 7 9 9 8 7 7 7 8 9 5 8 11 12 11 9 9 9 7 11 13 11 6 4 5 8 8 5 1 1 4 8 9 9 12 14 15 13 10 8 8 10 10 9 7 6 6 6 7 8 10 10 12 12 12 12 10 10 8 8 9 9 9 10 9 9 11 13 15 18 20 19 17 16 7 15 10 6 13 15 11 12 14 14 14 13 15 17 20 22 27 27 27 25 25 26 28 30 41 43 51 60 70 89 120 148 153 169 190 205 210 211 218 223 224 227 232 234 236 235 235 231 233 232 233 233 234 235 235 236 237 236 236 238 241 240 237 234 238 237 236 236 237 240 243 244 245 245 243 241 239 239 242 245 238 238 240 243 242 238 238 242 243 246 251 253 249 243 246 253 247 239 241 244 241 247 252 247 243 247 248 245 244 248 251 250 253 253 253 252
222 224 225 224 223 222 223 225 223 224 225 226 226 226 226 225 224 225 225 225 225 224 224 223 222 222 222 222 222 222 222 222 222 222 222 222 223 223 223 223 222 222 222 222 223 223 223 223 221 222 224 225 225 224 222 221 227 226 227 228 229 227 223 220 223 222 221 220 221 223 226 227 224 224 224 225 225 225 225 225 223 223 223 224 224 224 224 224 223 225 226 225 223 221 221 221 220 221 221 222 222 221 220 220 220 220 220 219 220 221 221 222 223 222 221 220 220 220 220 221 221 221 221 221 221 220 220 220 221 220 220 219 219 220 219 220 212 215 215 212 210 212 211 204 200 169 161 125 74 42 24 33 23 23 23 24 22 17 17 21 21 18 16 15 15 15 14 12 17 15 12 12 19 25 22 14 18 15 13 13 16 17 16 13 18 16 15 15 16 17 17 15 14 11 12 13 14 15 15 13 11 9 11 14 12 10 14 19 5 7 8 8 6 4 4 5 14 10 9 11 10 7 7 10 13 13 13 12 12 11 11 10 11 11 10 10 9 9 8 8 9 9 9 9 7 7 7 7 7 8 9 11 13 14 16 16 17 15 14 15 17 17 16 15 10 10 10 12 14 15 14 13 8 11 14 13 9 7 10 13 16 14 11 9 8 9 13 15 8 8 10 13 11 6 6 9 6 6 7 8 9 9 8 8 8 6 4 2 2 4 5 7 9 8 6 5 4 4 5 5 3 6 8 9 8 7 7 8 10 12 12 10 6 5 8 11 7 4 2 2 4 7 8 8 9 10 11 10 8 7 8 9 11 9 7 5 5 6 7 9 7 8 9 9 9 9 8 7 8 9 9 9 10 10 9 10 10 12 12 14 15 14 11 10 10 18 10 5 14 17 12 14 14 12 13 14 16 18 19 19 27 28 29 27 27 28 31 33 45 49 57 67 77 96 127 153 160 173 191 203 210 212 217 220 224 226 229 230 233 232 234 231 231 231 231 232 233 234 235 235 235 234 234 235 237 239 238 236 237 237 236 236 237 240 242 243 243 243 243 242 240 240 241 243 240 239 240 243 241 236 236 240 242 241 244 247 245 241 242 247 245 238 242 246 242 246 250 244 241 245 246 243 242 245 248 247 250 249 248 247
223 223 224 223 223 223 223 224 223 224 225 226 226 226 226 225 226 226 226 226 225 224 224 223 223 223 223 223 223 223 223 223 222 222 222 222 222 222 222 222 222 222 222 222 222 222 222 222 220 222 224 226 226 224 222 220 225 225 225 226 227 226 223 221 225 223 221 219 220 222 226 228 224 223 223 223 223 225 226 227 224 223 223 222 222 223 224 224 223 225 226 225 223 221 222 223 221 222 222 222 222 221 220 220 221 221 220 220 221 221 221 221 223 222 221 220 220 220 220 221 221 221 221 220 220 220 220 219 220 220 220 220 220 220 219 219 212 215 216 214 212 214 212 205 195 175 172 134 77 38 17 23 21 21 21 23 20 16 16 21 20 17 14 12 13 13 13 12 14 14 12 12 16 21 18 12 20 17 15 16 17 17 17 15 21 19 17 16 16 17 18 17 17 12 11 11 12 13 13 13 10 8 9 11 10 8 12 17 11 13 14 13 11 9 9 10 8 5 6 9 10 8 9 12 13 12 12 11 11 10 9 9 13 12 12 11 10 9 8 8 13 13 13 12 11 10 10 9 12 12 10 10 11 12 13 13 14 13 12 12 13 13 11 10 16 15 14 13 14 13 10 7 6 8 13 13 10 9 10 11 15 13 11 9 9 9 12 13 10 9 10 12 10 5 6 9 4 5 6 7 8 7 7 6 5 4 3 3 3 4 5 6 8 9 9 9 8 6 4 3 6 8 9 8 6 4 3 4 11 11 10 7 4 5 8 12 7 6 4 4 5 7 8 9 6 6 7 6 6 6 6 7 12 11 8 6 5 7 9 10 6 6 7 7 7 7 6 6 7 7 7 7 8 8 8 8 9 11 11 12 13 12 10 10 13 19 12 5 13 17 14 16 16 17 18 16 16 16 15 17 22 23 25 23 26 30 38 44 45 51 65 85 102 120 143 163 177 183 194 202 209 215 217 219 226 227 228 229 231 232 234 233 232 231 232 233 234 235 235 235 234 233 233 233 234 236 238 239 237 237 236 237 238 239 241 242 239 240 242 241 240 239 239 240 239 238 239 242 240 236 237 241 239 235 235 238 240 237 236 238 241 236 240 245 241 243 246 238 237 242 244 241 241 246 249 249 243 243 243 242
223 223 222 223 223 223 223 222 223 224 225 226 226 226 226 225 227 227 226 225 225 224 224 224 223 223 223 223 223 223 223 223 222 222 222 222 222 222 222 222 222 222 222 222 222 222 222 222 220 222 224 226 226 224 222 220 222 221 222 223 225 226 224 222 226 224 221 220 220 222 225 227 224 223 222 221 222 224 226 227 224 223 223 222 222 222 223 223 221 222 224 223 222 222 224 226 223 223 224 224 223 222 221 221 221 221 222 222 221 221 221 221 223 222 221 220 220 220 220 221 221 221 221 220 220 219 219 218 220 220 220 220 220 220 219 219 213 217 218 216 214 215 213 206 188 182 180 125 62 34 20 22 24 22 25 26 24 20 18 23 24 21 17 16 16 17 16 15 11 16 17 15 14 16 16 13 19 18 17 17 18 18 17 16 22 19 17 16 17 18 18 17 16 11 10 9 10 11 12 11 14 11 12 14 13 10 15 21 14 15 16 15 13 11 11 11 11 8 9 13 14 11 12 15 10 10 10 9 9 8 8 8 13 12 12 11 10 9 8 8 15 15 14 14 13 12 10 10 16 15 14 14 14 15 16 16 17 16 16 16 17 16 14 11 19 17 15 14 14 12 8 5 5 8 14 16 15 13 12 11 11 11 12 12 11 10 11 10 13 10 9 9 7 4 7 12 8 9 9 10 11 11 10 10 8 9 10 11 11 11 10 9 9 11 15 17 16 12 7 3 10 11 12 12 9 8 8 9 11 10 7 4 3 4 8 11 8 8 7 7 6 7 9 10 7 6 6 7 8 8 8 8 13 12 10 8 7 8 10 11 10 10 9 9 9 9 10 10 7 7 8 8 8 9 8 8 13 14 14 16 17 17 16 17 13 20 13 7 15 19 16 17 18 18 19 19 19 19 18 18 19 19 20 18 21 29 41 51 53 57 73 99 124 144 160 173 189 192 196 200 208 213 219 222 228 228 229 230 232 233 236 235 235 234 234 234 235 235 236 236 234 233 233 232 233 235 238 240 236 236 237 237 238 239 239 240 235 237 239 240 238 237 237 238 237 236 237 240 240 237 239 244 242 237 235 238 240 238 237 238 241 235 240 245 240 242 244 236 239 243 245 242 242 246 249 248 246 246 245 244
224 222 221 222 223 224 223 221 223 224 225 226 226 226 226 225 226 225 224 224 223 224 224 225 224 224 224 224 224 224 224 224 223 223 223 223 222 222 222 222 223 223 223 223 222 222 222 222 221 222 224 225 225 224 222 221 220 220 220 222 224 225 224 222 225 224 222 221 221 222 224 226 224 224 222 222 222 223 225 226 223 223 223 223 222 222 222 221 219 221 222 221 221 221 224 226 224 224 225 224 224 223 221 221 222 222 222 223 222 221 221 220 223 222 221 220 220 220 220 221 221 221 220 220 219 218 218 218 219 220 220 221 221 220 219 218 214 218 219 216 214 214 211 205 188 187 177 108 43 34 30 31 22 20 23 25 23 17 18 22 21 19 16 16 16 16 14 13 13 19 22 19 16 17 17 15 17 17 17 17 18 18 18 18 20 18 17 17 19 19 19 17 15 10 10 9 10 11 11 11 13 10 10 11 10 8 14 20 10 12 13 12 9 7 6 7 13 10 10 13 12 8 7 9 8 8 8 8 8 8 8 8 11 11 10 10 9 9 8 8 13 13 13 12 12 12 10 10 9 9 11 13 15 16 17 17 16 16 16 17 18 17 14 11 16 15 14 14 15 14 12 10 8 10 15 17 18 17 16 14 10 10 12 12 12 10 10 9 13 10 8 8 6 4 8 14 8 8 7 7 8 9 10 10 7 9 10 12 12 10 8 6 4 7 11 14 13 9 4 1 5 7 9 9 9 9 11 13 10 8 6 4 3 5 8 10 8 9 10 9 7 7 9 11 11 10 9 9 11 12 11 10 11 11 10 9 9 9 9 9 9 8 7 7 7 7 8 9 10 10 10 11 11 11 11 11 13 14 13 14 15 16 15 16 12 19 13 8 16 19 15 17 16 16 17 18 19 21 22 23 20 20 19 17 18 25 38 49 60 61 75 100 126 147 164 177 191 194 195 198 205 213 221 228 229 229 232 232 233 234 237 236 236 236 236 235 235 235 234 234 234 234 235 234 233 234 237 239 236 236 237 237 238 238 238 239 234 236 238 239 237 237 237 238 236 235 236 239 239 237 240 245 243 238 236 239 240 237 237 239 244 238 242 246 241 243 245 237 244 248 248 243 241 244 245 244 249 247 245 242
222 220 218 219 221 222 221 218 221 222 223 224 224 224 224 223 224 224 223 222 222 223 225 226 224 224 224 224 224 224 224 224 225 224 224 224 223 223 222 222 225 224 224 224 223 223 222 222 223 223 223 223 223 223 223 223 223 222 221 222 224 225 223 222 224 224 223 222 222 223 223 224 224 224 223 223 222 222 223 223 222 223 223 224 223 222 220 219 220 221 221 220 219 219 221 224 224 224 224 224 223 221 220 219 222 222 223 223 223 222 220 219 223 222 221 220 220 220 220 221 221 221 220 220 219 218 217 217 219 219 221 221 221 221 218 218 213 217 218 215 212 212 208 201 194 185 169 101 42 36 31 29 19 17 18 20 18 15 15 19 18 16 15 14 15 14 11 9 15 19 20 18 18 19 17 12 13 14 15 16 16 16 18 19 15 14 16 17 19 19 19 16 14 10 10 10 12 13 13 12 10 7 7 8 7 5 11 18 10 12 12 11 8 6 5 6 10 7 8 11 10 6 4 6 7 7 8 9 9 10 10 11 9 9 9 9 8 8 8 8 11 11 12 12 10 10 10 11 4 5 8 10 12 13 13 13 9 9 10 11 13 12 9 6 11 10 10 12 14 14 13 11 10 9 10 11 13 15 16 16 12 11 11 10 9 9 10 10 10 8 8 10 9 6 8 14 8 6 4 3 3 5 8 10 7 7 7 7 6 5 4 4 3 5 7 9 8 7 4 3 3 5 6 6 6 7 9 12 10 8 6 5 6 8 9 10 7 9 10 9 7 6 8 10 12 10 8 9 11 12 10 8 8 8 9 9 9 8 6 6 6 6 4 4 4 4 6 6 10 10 10 11 11 12 11 11 12 12 10 11 11 10 9 10 9 18 13 9 17 19 14 15 18 16 15 16 18 20 21 23 17 21 22 20 19 24 36 44 57 66 87 113 136 153 170 184 195 200 203 206 209 213 221 227 229 229 232 233 234 234 235 235 237 237 236 235 234 232 232 231 234 236 237 236 234 234 236 238 236 236 237 237 238 238 238 237 236 238 239 239 238 238 239 241 238 236 237 239 238 236 238 244 242 238 237 239 238 235 236 240 245 239 242 244 240 242 244 236 244 248 248 243 240 242 244 242 246 244 241 238
222 219 218 219 221 222 220 218 221 222 223 224 224 224 224 223 223 222 221 221 222 223 225 226 224 224 224 224 224 224 224 224 226 225 225 224 224 223 223 223 226 225 225 224 224 223 223 223 224 223 223 222 222 223 223 224 227 225 224 224 224 224 223 221 223 223 223 223 223 223 223 223 224 224 224 223 223 222 222 221 221 222 224 225 224 222 220 218 222 222 222 219 217 217 219 221 223 223 223 222 221 220 219 218 222 223 224 224 223 222 220 219 223 222 221 220 220 220 220 221 221 221 220 219 218 218 217 216 218 219 221 222 222 221 218 217 212 216 217 214 210 209 205 198 198 183 167 107 53 38 24 19 22 21 21 24 22 17 18 22 20 19 18 19 19 18 14 11 17 16 14 14 18 21 15 5 10 12 13 14 14 15 17 19 13 13 15 18 20 20 19 16 12 11 12 12 14 15 14 13 14 10 10 11 10 8 15 21 14 15 16 15 12 9 9 9 9 7 9 14 15 11 11 13 7 7 8 9 11 12 13 13 7 7 8 8 8 8 8 8 12 12 12 13 12 12 13 12 9 11 12 14 15 14 12 9 9 8 9 11 13 12 9 6 12 11 11 12 14 14 12 11 9 6 4 3 5 9 14 16 14 12 10 7 7 8 11 13 6 6 9 12 11 8 8 12 12 10 7 5 5 8 12 14 13 11 9 7 6 6 7 8 11 11 11 11 11 11 12 13 10 11 12 10 9 8 10 12 11 9 7 7 8 10 10 10 5 8 10 8 6 4 6 9 10 7 5 6 8 9 6 4 4 6 7 9 8 6 4 2 10 9 7 7 7 7 9 10 8 8 8 9 9 9 9 9 17 16 14 13 12 11 9 9 8 16 12 9 17 19 13 13 21 18 16 14 14 16 17 19 13 17 23 24 23 25 36 44 55 74 107 137 155 166 181 196 201 208 212 215 214 215 221 224 227 230 232 233 234 234 234 233 237 237 235 234 232 230 229 229 235 237 239 238 235 233 235 237 236 236 237 238 238 238 237 237 238 240 240 240 239 239 241 244 241 238 238 239 237 234 236 241 244 242 242 242 240 237 239 244 244 237 239 241 236 238 241 234 240 244 245 241 240 243 246 245 246 245 242 240
221 221 220 220 220 220 220 219 219 220 221 222 223 224 224 225 215 217 221 224 225 225 224 224 221 222 224 225 225 224 222 221 221 221 222 223 224 224 225 225 223 222 222 221 221 222 222 223 220 223 225 224 222 223 226 230 224 224 224 225 225 226 226 227 221 221 222 223 223 224 225 225 223 223 223 223 223 223 223 223 222 224 227 228 226 225 225 225 222 222 223 223 224 224 224 224 218 219 220 221 222 222 222 222 218 219 220 221 222 221 219 218 221 221 221 221 221 221 221 221 220 220 220 219 219 218 218 218 213 216 219 222 223 222 219 217 211 212 214 216 214 213 211 208 186 189 194 126 45 26 26 26 16 19 22 23 20 16 13 11 12 15 18 17 14 11 11 12 17 16 14 11 10 11 15 19 16 13 12 9 9 10 12 14 7 9 11 12 15 15 14 13 8 7 10 12 14 14 12 10 5 6 8 8 8 9 13 16 2 7 9 7 6 8 9 7 6 9 11 11 10 10 11 12 5 6 8 10 11 11 11 10 11 10 10 11 12 12 9 6 6 8 9 8 6 5 5 6 4 7 12 15 14 14 15 16 4 7 8 7 8 11 11 8 8 8 8 8 8 8 8 8 6 7 8 4 6 12 17 16 9 7 6 5 6 7 12 13 8 5 6 9 10 7 8 11 12 9 6 7 9 10 7 4 1 1 3 4 5 4 3 2 3 7 11 13 11 8 6 5 9 9 11 14 13 8 7 11 10 8 6 5 5 6 8 10 7 4 2 4 8 9 8 5 3 8 12 10 4 3 9 15 3 5 8 10 9 7 3 1 9 8 8 9 11 12 10 8 6 7 8 8 8 9 10 13 11 16 21 14 4 12 16 6 7 6 5 10 14 17 13 9 9 16 22 18 11 9 14 21 3 12 13 16 22 22 31 49 57 77 110 144 166 176 185 195 209 213 216 218 220 223 226 230 225 226 229 232 234 235 237 237 236 235 233 232 233 235 237 238 234 235 235 234 233 234 236 239 233 236 236 233 235 240 242 241 236 236 238 239 239 239 239 239 236 235 237 243 243 240 238 240 243 244 243 241 240 240 242 244 246 243 241 240 241 242 242 241 230 239 245 243 241 243 247 247 247 247 246 246
219 220 220 220 220 220 220 220 220 220 221 221 222 223 223 223 218 219 221 223 224 224 224 223 219 221 223 224 224 223 221 219 224 224 223 223 223 222 222 222 223 223 222 222 222 222 223 223 221 223 225 224 222 222 225 228 224 224 224 225 225 225 226 226 223 223 223 223 223 223 223 222 223 223 223 223 223 223 223 223 222 224 227 227 225 223 223 223 221 221 220 220 220 221 222 223 219 220 221 222 222 222 222 222 220 220 221 222 222 221 219 218 220 220 220 220 220 220 220 220 220 220 220 219 219 218 218 218 218 219 220 221 221 219 216 215 212 213 215 215 214 212 210 207 196 184 179 119 52 35 28 17 15 17 19 19 18 13 11 10 12 15 17 15 12 10 11 12 13 13 13 11 9 10 12 14 14 14 14 13 14 15 17 18 13 13 13 12 13 12 10 10 8 7 8 9 9 8 5 3 8 9 10 10 8 8 12 14 3 7 9 6 5 7 8 6 6 8 10 10 9 8 9 10 5 6 7 8 8 8 7 6 7 6 6 7 8 7 5 2 6 8 9 8 7 5 7 8 9 11 14 14 10 8 7 8 4 8 8 5 6 10 10 8 12 11 10 9 7 6 5 4 8 10 10 6 6 12 16 15 9 8 8 7 7 7 11 11 5 3 3 6 7 4 5 8 8 6 5 5 6 7 6 5 5 6 6 7 6 5 3 2 1 4 9 10 9 6 4 3 5 3 5 8 7 3 4 8 6 5 3 2 2 3 5 6 7 6 5 6 7 8 7 6 4 7 10 9 6 5 7 10 5 6 6 6 6 5 4 3 6 4 3 4 6 7 6 5 5 7 8 8 7 8 10 12 13 16 19 13 5 13 16 5 11 8 8 10 15 15 15 9 12 16 21 19 14 9 14 16 9 15 15 15 21 21 28 46 53 74 108 142 164 174 183 195 205 210 214 217 221 224 228 231 226 227 230 232 233 234 236 236 236 235 233 233 233 235 237 238 234 235 235 234 233 234 236 239 231 234 235 233 235 241 244 242 236 237 238 238 239 239 239 238 237 235 237 241 242 239 239 241 243 242 240 239 240 241 242 243 245 243 240 240 241 242 242 241 237 244 249 246 244 247 250 251 242 242 242 242
218 218 219 219 220 221 221 221 221 221 221 221 221 221 222 222 221 221 221 222 222 223 223 223 219 220 221 222 222 221 220 219 226 226 225 223 222 220 219 219 224 223 223 222 222 223 223 224 223 224 224 223 222 222 224 226 223 223 224 224 224 225 225 225 225 224 224 223 222 221 221 220 223 223 223 223 223 223 223 223 222 224 226 225 223 221 220 221 220 219 217 216 217 219 221 222 221 221 221 222 222 222 222 222 222 222 222 222 222 221 219 219 219 219 219 219 219 219 219 219 220 220 220 219 219 218 218 218 222 222 221 220 218 216 214 214 214 215 215 215 213 211 209 207 201 182 173 117 53 34 25 16 17 18 17 18 18 15 14 13 13 15 15 13 11 10 11 12 12 13 13 12 11 11 12 13 13 12 14 14 15 16 19 19 18 16 15 12 9 7 6 5 11 10 11 12 12 10 8 5 11 11 13 11 9 9 12 14 5 9 10 6 4 6 7 6 6 8 10 10 8 6 7 7 7 7 8 8 8 7 6 5 9 8 7 8 9 9 7 5 6 8 8 8 7 7 9 10 14 16 16 15 12 9 7 7 10 12 11 8 8 12 13 11 12 11 10 9 7 6 5 4 11 12 12 7 7 12 15 13 9 9 9 9 8 7 9 9 8 6 6 9 9 7 7 10 5 6 6 6 5 5 7 8 10 10 10 9 8 6 4 3 5 8 12 13 12 9 8 7 5 4 5 7 6 4 6 11 9 8 6 4 4 6 8 9 7 8 9 8 7 6 7 8 6 7 8 8 7 6 6 5 8 7 5 4 3 4 5 6 8 6 4 4 6 8 8 8 5 6 8 8 8 9 11 13 19 18 18 15 10 17 19 6 14 11 10 9 13 14 14 10 14 15 18 19 17 13 14 13 11 17 16 16 23 23 30 47 57 78 114 150 173 183 193 203 208 213 216 218 220 222 225 228 228 228 231 232 233 233 233 233 235 234 233 233 233 234 236 237 234 235 235 235 234 234 236 238 234 236 236 234 235 239 241 238 236 237 237 238 239 238 238 238 238 235 236 240 241 238 239 242 242 238 236 236 240 243 242 241 244 242 240 240 241 242 241 240 239 244 246 242 239 243 247 248 237 238 238 238
217 217 218 219 220 221 221 222 221 221 221 221 220 220 220 220 223 223 222 221 221 221 222 223 219 220 221 222 222 221 220 219 226 225 224 223 221 220 219 218 224 224 223 223 223 223 224 224 224 224 224 223 222 222 223 224 223 223 223 223 223 224 224 224 223 223 223 222 222 222 221 221 222 222 222 222 222 222 222 222 221 223 225 224 222 219 218 218 221 219 216 215 215 218 221 223 223 222 222 221 221 221 221 222 223 223 223 222 221 220 220 219 218 218 218 218 218 218 218 218 220 220 220 219 219 218 218 218 223 222 220 218 216 215 215 215 216 216 216 215 212 210 208 206 196 182 178 122 49 26 23 25 22 21 19 19 18 18 18 18 16 16 15 13 12 12 13 14 16 16 15 13 12 13 16 17 12 11 13 14 15 16 17 15 18 16 14 11 9 8 8 8 10 9 12 14 16 16 14 12 11 12 13 12 10 10 14 16 8 12 12 7 5 7 8 7 8 10 11 10 8 6 6 7 9 9 9 9 9 9 9 9 12 10 9 10 11 11 9 7 6 8 9 9 9 9 10 12 11 13 13 13 12 10 11 10 12 13 11 6 6 10 12 10 8 8 8 8 8 8 8 8 10 12 12 9 9 13 16 14 10 10 11 10 9 7 8 7 11 8 8 11 11 8 8 11 6 8 9 8 6 6 9 13 11 11 10 9 8 7 6 5 8 11 14 15 14 11 10 10 7 5 5 8 7 6 9 15 11 10 8 6 6 8 10 11 7 10 12 10 6 5 6 9 10 7 4 4 6 7 5 3 9 8 7 6 5 5 6 7 9 7 4 3 5 8 9 9 6 8 9 9 9 11 13 15 20 15 14 12 9 15 16 4 15 12 10 9 11 11 13 10 12 12 16 18 20 18 16 14 10 15 13 16 26 27 36 53 59 81 118 155 179 191 201 212 215 219 220 220 220 220 221 223 229 229 231 232 232 232 232 231 234 234 233 233 233 234 236 236 233 235 236 235 234 234 236 238 239 241 240 235 234 235 235 231 236 237 237 238 238 238 237 237 239 235 235 238 239 238 239 243 241 236 232 234 240 243 242 239 243 241 239 240 241 241 240 239 240 244 243 237 235 239 243 244 238 239 239 240
214 215 215 216 217 218 219 219 218 218 218 218 217 217 217 219 224 223 222 221 221 221 222 222 221 221 222 222 222 222 221 221 223 223 223 222 222 221 221 220 224 223 223 222 222 223 223 224 225 224 222 222 222 223 223 223 223 223 223 223 223 222 222 222 221 221 221 222 222 222 223 223 222 222 222 222 222 222 222 222 220 222 224 223 221 218 217 217 222 220 217 216 216 219 222 224 223 223 221 220 219 219 220 220 223 222 222 221 220 220 220 220 218 218 218 218 218 218 218 218 220 220 220 219 219 218 218 218 221 220 218 216 215 216 216 217 216 216 215 214 212 210 209 207 198 183 177 116 45 26 25 26 24 21 18 18 18 19 19 18 19 18 16 15 14 15 15 15 19 17 15 12 10 12 17 20 16 14 12 13 16 16 13 11 14 13 11 10 10 11 12 13 8 8 10 12 14 14 13 10 9 10 12 12 11 12 16 19 10 14 13 8 6 9 10 9 9 11 12 12 9 8 8 8 7 7 8 8 9 10 11 12 11 9 7 7 8 9 8 6 6 7 9 10 9 9 10 12 4 7 9 10 8 8 9 11 8 7 5 0 0 4 6 5 6 6 6 6 6 6 6 8 7 9 11 9 10 15 18 16 11 11 12 11 9 7 8 6 8 5 5 8 8 5 5 8 6 8 9 7 5 5 10 14 9 9 8 8 7 7 7 7 5 8 11 12 10 8 7 8 5 3 4 6 6 4 7 13 8 6 4 3 3 4 6 8 7 10 12 10 6 5 6 9 14 8 2 0 3 7 7 5 8 8 9 9 9 8 7 6 6 3 0 0 1 4 5 5 7 9 11 11 11 13 15 17 15 8 7 7 3 8 10 0 15 11 11 8 9 9 10 9 10 9 13 17 21 20 19 16 13 18 14 17 28 30 39 55 53 74 112 149 173 185 197 207 217 222 223 222 223 222 223 225 229 229 231 232 232 231 231 230 233 233 233 233 233 234 235 235 232 234 236 236 235 234 235 237 238 241 240 235 234 235 233 230 236 237 237 238 238 237 236 236 238 235 235 238 239 237 238 242 240 235 231 233 239 242 241 238 241 240 239 239 240 241 239 237 244 246 243 237 236 240 243 243 239 239 240 241
215 215 215 216 217 217 218 218 216 216 217 217 217 217 217 217 222 222 222 222 222 222 222 221 222 222 222 222 222 222 222 222 221 221 221 221 222 222 222 222 223 222 222 221 221 222 222 223 224 222 221 221 222 224 223 222 223 223 222 222 222 221 221 221 219 220 220 221 222 223 223 224 221 221 221 221 221 221 221 221 219 221 223 223 221 219 218 218 221 220 219 218 218 220 222 224 224 222 220 218 217 217 218 218 221 220 219 219 219 220 220 221 218 218 218 218 218 218 218 218 220 220 220 219 219 218 218 218 219 218 216 216 216 217 217 218 216 215 215 213 211 210 210 208 206 184 167 102 42 34 30 18 22 19 15 14 17 17 14 13 20 19 17 16 17 17 16 15 16 15 13 10 9 10 15 18 21 17 14 14 17 18 15 12 12 12 11 11 12 13 13 14 13 12 14 14 15 13 11 8 7 9 11 11 11 12 17 19 10 13 13 8 6 9 12 11 9 11 12 12 10 9 9 10 5 5 5 5 7 8 10 11 13 11 9 9 10 11 10 9 6 8 9 10 9 9 9 11 10 12 13 12 10 10 11 13 6 8 7 4 4 8 9 7 10 9 8 7 5 4 3 2 4 8 10 8 10 15 18 16 12 12 12 10 9 8 9 8 11 7 7 10 10 6 6 9 7 7 6 4 3 4 7 10 9 8 7 7 6 7 7 8 7 9 12 12 10 9 9 9 8 7 8 10 9 7 9 14 10 8 6 5 5 6 8 10 7 8 9 8 7 6 7 8 13 8 3 1 4 7 8 8 7 8 9 9 9 8 6 5 6 4 2 2 4 6 6 6 7 9 11 11 12 13 16 18 18 10 10 10 5 8 11 5 12 12 11 10 9 10 10 9 9 10 12 14 18 19 18 16 21 21 18 19 28 31 37 54 56 76 111 146 168 180 192 204 216 219 221 222 224 225 227 229 228 229 230 231 231 231 231 230 232 232 233 233 234 234 234 234 232 234 236 236 235 235 235 236 232 236 237 235 235 238 237 234 236 237 237 237 237 236 235 235 237 234 235 239 239 237 238 241 239 236 233 234 237 240 240 239 240 239 238 239 240 240 238 236 241 242 239 234 233 238 240 239 237 237 238 239
216 216 216 216 216 216 216 217 215 215 215 216 217 217 218 218 220 221 222 223 224 223 222 221 221 221 220 220 220 220 221 221 221 221 221 221 221 221 221 221 221 221 220 220 220 220 221 221 223 221 219 220 223 225 224 223 222 222 222 221 221 221 220 220 221 221 221 221 221 221 221 222 221 221 221 221 221 221 221 221 218 221 223 223 221 220 219 220 220 219 219 219 219 220 221 222 223 222 219 216 215 215 216 216 218 218 217 217 218 219 221 222 219 219 219 219 219 219 219 219 220 220 220 219 219 218 218 218 218 217 217 216 216 217 216 217 215 214 214 213 211 211 211 210 202 185 167 93 31 31 31 17 23 19 15 14 17 17 12 10 19 18 16 17 18 18 15 12 13 14 15 14 13 12 14 14 20 15 11 11 15 17 16 14 13 13 14 13 13 11 10 9 14 13 15 15 16 14 12 9 9 10 12 11 10 11 15 17 7 11 10 6 4 8 11 11 7 9 11 11 9 9 9 10 7 6 5 5 6 7 9 10 16 13 11 10 11 12 12 11 7 8 10 9 7 6 7 9 11 12 13 12 10 10 11 13 5 8 8 6 7 10 11 8 10 9 8 7 5 4 3 2 5 8 10 8 9 13 15 13 13 12 11 9 8 8 10 11 14 10 10 13 12 9 8 11 10 7 4 2 3 5 7 7 12 11 9 7 6 6 6 7 9 11 13 13 12 11 11 12 11 10 12 15 13 9 10 14 12 11 9 8 8 9 11 12 7 6 5 6 7 8 7 6 8 7 6 6 8 8 8 8 8 7 6 5 5 5 5 6 8 7 6 7 9 10 9 8 5 7 9 10 10 12 14 17 20 13 14 14 6 8 13 11 12 12 13 12 12 11 11 10 9 10 12 13 14 14 14 15 21 23 18 20 30 33 39 55 75 93 124 154 174 183 195 207 215 220 222 223 223 224 227 229 227 228 230 231 231 231 231 231 232 232 233 233 234 234 234 234 231 234 236 237 236 235 235 236 229 233 235 234 236 239 239 235 237 237 237 237 237 236 235 234 235 233 235 240 241 237 237 239 239 238 237 236 236 238 239 240 239 238 238 239 240 240 237 235 238 239 236 232 232 237 238 236 237 236 236 237
217 216 216 216 216 216 215 215 213 214 214 215 216 217 218 219 218 220 222 224 225 224 222 221 220 219 219 218 218 219 219 220 222 222 222 221 221 220 220 220 221 220 219 219 219 219 220 221 222 220 218 219 223 226 225 223 222 222 222 221 221 220 220 219 223 223 222 221 221 220 219 219 221 221 221 221 221 221 221 221 218 220 223 223 222 221 221 221 218 218 219 219 219 220 220 220 223 221 218 215 214 214 214 215 216 216 215 216 217 219 221 222 219 219 219 219 219 219 219 219 220 220 220 219 219 218 218 218 218 218 218 217 217 216 216 215 216 216 213 212 211 211 212 211 187 187 174 92 17 19 30 23 25 21 17 18 20 19 14 10 17 17 16 17 19 18 14 10 11 15 19 21 19 15 14 13 17 12 7 8 13 17 16 14 19 18 17 15 13 9 5 3 5 5 7 9 11 11 10 8 10 11 12 11 9 9 12 14 5 8 8 3 2 7 10 11 4 7 9 9 8 8 9 10 11 10 9 8 7 8 9 10 12 9 6 6 7 8 8 7 8 9 10 9 7 5 6 8 3 3 4 4 3 3 6 8 0 2 4 2 1 5 5 2 6 6 6 6 8 8 8 8 6 9 11 8 8 11 13 10 14 12 9 7 7 8 9 11 11 7 7 9 9 5 5 7 15 9 5 3 6 8 9 6 15 13 10 7 5 4 4 4 6 8 9 9 8 7 7 8 6 6 8 11 9 4 4 7 8 7 5 3 3 5 7 8 7 4 2 4 8 9 8 5 3 6 9 11 11 10 8 7 9 6 3 0 0 2 4 6 4 3 3 5 7 7 6 4 3 5 7 8 8 10 13 15 15 9 11 11 1 1 9 8 10 13 14 15 15 14 13 13 13 15 15 14 12 11 13 15 21 23 17 20 31 37 44 60 91 107 135 162 179 189 198 209 217 221 223 223 221 221 223 224 226 227 229 230 231 232 232 231 231 232 233 234 234 234 234 233 231 234 236 237 236 235 235 236 231 235 237 235 235 238 237 233 237 237 237 237 237 235 234 234 234 233 235 241 241 238 236 238 239 239 239 237 236 236 238 240 239 238 238 239 240 239 237 234 241 242 240 237 238 242 242 239 238 237 239 238
218 217 217 216 216 215 215 214 214 215 215 216 216 217 217 218 219 219 219 220 220 221 221 221 220 220 220 220 220 220 220 220 217 218 220 221 222 221 221 220 219 219 219 220 220 221 221 221 220 220 220 221 222 223 224 225 222 221 221 220 220 221 221 222 220 221 221 222 222 223 223 224 221 221 221 221 221 221 221 221 218 219 220 221 220 219 218 217 217 217 218 220 220 220 220 220 220 219 217 215 214 214 214 215 212 214 217 218 218 219 221 223 215 217 220 220 219 217 217 218 219 218 217 217 219 219 218 217 216 216 218 218 220 220 221 219 215 217 214 210 210 214 211 205 181 175 131 58 20 24 29 16 19 19 20 20 20 19 20 22 15 18 20 21 20 19 14 13 8 12 15 16 14 13 18 22 18 13 9 13 20 23 20 15 14 15 15 15 14 12 10 8 6 7 10 11 12 13 14 14 9 11 14 13 11 10 11 12 5 12 18 15 7 3 7 13 5 10 14 14 9 7 9 12 9 9 9 9 9 9 9 9 7 7 8 9 10 11 11 12 10 8 7 7 9 10 10 9 9 10 13 14 14 11 11 11 9 9 7 8 7 7 6 6 0 0 2 5 9 11 13 12 7 8 11 12 13 12 10 9 10 10 9 9 9 8 7 7 6 4 4 2 3 3 6 6 10 7 7 7 4 1 5 11 7 7 9 9 9 9 9 9 8 9 9 9 8 6 4 3 2 2 5 7 8 6 4 2 7 6 6 5 4 4 4 4 2 5 4 0 0 6 10 11 3 5 8 11 12 11 8 7 5 6 6 7 7 6 6 5 10 6 3 3 6 8 7 5 0 3 8 12 14 16 18 19 10 9 8 7 7 7 7 5 5 11 9 9 17 14 8 13 12 13 16 18 21 23 24 24 26 26 24 28 39 40 52 76 89 118 152 173 184 192 197 202 211 216 220 223 224 226 229 231 230 230 230 231 231 232 232 232 231 232 232 233 233 232 232 231 230 231 232 234 235 236 236 236 232 232 233 235 237 238 236 235 238 239 239 239 239 238 237 236 226 229 233 235 236 236 237 238 233 237 241 239 235 233 236 241 238 238 238 238 237 236 235 234 241 241 240 238 236 236 238 240 241 240 243 242
217 217 216 216 216 216 216 215 215 216 216 216 216 216 217 217 219 219 219 220 220 221 221 221 220 220 220 220 220 220 220 220 218 219 220 221 222 221 221 220 219 219 219 220 220 221 221 221 221 220 220 221 222 223 224 225 222 221 221 220 220 221 221 222 221 221 222 222 222 222 223 223 221 221 221 221 221 221 221 221 219 220 221 221 221 220 218 217 217 218 219 219 220 219 219 219 220 219 217 215 214 214 215 216 214 216 218 219 218 219 221 223 215 218 220 220 219 217 217 218 219 218 217 217 219 220 218 217 217 217 218 217 219 218 218 217 216 216 215 210 211 213 209 202 181 166 121 57 24 28 33 22 24 24 23 23 22 22 22 22 17 18 19 19 19 18 14 13 11 12 13 13 10 10 12 13 19 14 10 13 19 22 19 14 18 18 18 18 17 15 13 11 10 11 13 12 11 10 10 9 8 9 11 9 7 7 10 12 7 12 15 13 8 5 9 14 7 11 15 14 10 8 10 12 10 10 9 8 8 8 8 8 7 8 8 9 10 11 12 12 9 9 8 8 9 9 8 9 9 11 12 13 13 13 11 11 10 10 9 8 8 8 6 7 5 4 5 7 12 13 13 12 7 8 10 11 11 11 10 9 9 9 7 6 5 5 5 5 10 9 7 6 6 6 7 8 7 5 6 8 5 2 5 9 2 1 3 3 4 4 6 6 7 8 10 10 10 8 6 4 0 0 3 5 5 4 2 0 8 6 5 3 3 4 5 7 5 9 9 4 3 8 12 13 6 7 8 8 7 6 3 2 5 6 6 7 7 6 6 5 8 6 5 5 6 7 7 6 0 2 6 8 11 12 14 15 12 11 10 8 8 8 8 7 3 9 7 7 15 13 7 12 11 12 14 16 19 20 21 21 21 23 21 26 36 40 56 81 97 123 157 177 190 197 204 207 213 218 222 224 225 226 228 230 229 229 229 230 230 230 231 231 231 232 233 233 233 233 232 231 231 232 233 234 235 235 235 235 235 234 233 233 234 235 236 236 238 238 238 238 237 235 234 233 229 232 235 237 237 236 236 236 235 237 239 238 235 234 236 238 237 238 238 238 237 236 235 234 241 239 238 236 237 237 238 239 239 240 242 243
216 216 216 216 217 217 217 217 217 217 217 217 216 216 216 216 220 220 220 220 221 221 221 221 220 220 220 220 220 220 220 220 219 219 220 221 221 221 221 220 220 220 220 220 221 221 221 221 221 221 221 221 222 223 224 225 222 222 221 221 221 221 222 222 223 223 222 222 222 222 221 221 221 221 221 221 221 221 221 221 221 222 222 222 222 221 219 219 218 219 219 219 219 218 217 217 220 219 217 216 215 215 216 217 218 219 221 220 219 219 220 222 217 218 220 220 218 217 218 218 220 218 217 218 219 220 219 217 218 216 217 217 218 216 215 215 213 216 216 212 213 212 207 197 179 150 101 48 24 25 27 19 22 21 21 20 18 17 16 16 18 18 18 18 17 17 14 14 16 14 13 13 11 11 10 8 19 14 11 12 17 19 16 13 15 15 15 14 13 11 10 9 12 12 13 13 11 9 9 8 9 10 10 8 6 6 10 13 11 11 12 10 9 9 12 15 5 8 11 11 7 6 7 9 7 7 6 6 6 8 10 11 8 8 9 9 10 11 11 12 5 8 10 10 7 6 6 8 9 10 10 12 13 13 11 10 9 9 9 8 9 9 8 8 8 6 6 6 10 10 9 7 7 8 8 8 9 9 9 9 9 8 6 4 3 3 4 5 8 7 6 5 4 4 4 5 4 3 5 9 8 5 6 8 0 0 1 2 3 3 4 4 7 8 10 11 11 10 8 6 1 2 5 6 7 6 4 3 5 4 2 1 1 3 5 7 4 8 7 2 1 5 8 8 7 7 7 6 5 4 4 3 5 5 6 6 6 6 5 5 4 6 7 7 6 5 5 6 3 4 5 7 9 11 13 13 11 10 8 6 5 5 5 4 2 8 7 7 15 13 8 13 12 12 13 14 16 17 18 18 14 17 16 22 33 39 60 89 107 132 164 182 195 202 211 214 216 221 224 225 225 226 227 229 228 228 229 229 229 230 230 230 232 232 233 234 234 233 232 232 233 234 234 235 235 235 234 233 237 236 234 233 233 235 237 239 238 238 237 236 235 233 231 230 231 234 238 240 239 236 235 235 238 238 239 238 237 236 235 235 237 238 238 238 238 237 237 236 241 238 234 235 238 240 240 238 239 239 241 243
215 215 216 216 217 218 218 218 218 218 218 217 216 216 215 215 220 221 221 221 221 221 221 221 221 221 221 221 221 221 221 221 220 220 221 221 221 221 221 221 220 221 221 221 221 221 221 221 221 221 221 221 221 222 223 224 223 222 221 221 221 221 222 223 224 223 223 222 222 221 221 220 221 221 221 221 221 221 221 221 223 223 223 223 222 221 220 220 219 219 220 220 219 218 217 216 221 219 218 216 216 216 217 218 221 222 223 222 220 219 220 221 218 220 221 220 218 217 218 219 220 219 217 218 220 220 219 217 218 216 217 217 217 218 217 217 215 218 219 215 214 212 203 194 177 136 84 41 24 21 21 16 18 18 18 17 15 14 14 14 18 18 17 16 15 15 14 14 19 16 13 14 14 15 12 9 19 15 11 11 14 16 14 11 13 13 13 12 10 9 8 7 9 9 12 12 12 11 11 10 10 11 13 12 10 9 12 13 13 11 9 8 10 12 14 15 7 9 11 10 8 7 8 10 4 3 3 4 6 9 12 14 7 7 8 8 9 9 10 10 3 8 11 11 6 3 3 6 10 9 8 10 12 13 10 9 9 9 9 8 9 9 8 9 11 9 9 8 11 11 10 8 8 7 7 7 7 8 9 10 10 8 6 4 3 4 5 6 5 5 4 4 5 5 5 5 2 2 5 10 11 8 7 8 2 2 4 5 6 5 7 6 5 7 9 10 10 10 8 8 5 4 8 8 10 7 8 5 5 3 5 4 6 5 8 9 6 9 7 2 0 2 5 4 7 6 6 6 6 8 10 11 4 5 6 6 6 6 5 4 2 6 9 9 6 4 5 7 9 8 8 9 11 13 14 13 13 11 9 7 5 6 7 5 4 9 7 7 16 14 10 15 15 15 15 14 16 17 17 17 13 16 15 19 29 37 61 94 116 140 170 186 198 205 215 219 219 224 226 227 226 226 227 228 229 229 230 230 230 231 231 231 233 233 234 234 234 234 233 233 237 237 237 237 237 236 235 234 236 236 237 237 237 238 240 242 240 239 238 237 235 232 230 229 230 234 239 241 240 238 237 236 242 240 240 240 241 239 237 234 239 240 240 241 241 240 239 239 243 238 234 235 241 244 243 239 241 241 242 243
216 216 216 217 218 218 219 219 219 219 218 218 217 216 216 216 222 221 221 221 221 221 221 221 221 221 221 221 221 221 221 221 222 222 221 221 221 221 221 221 222 221 221 221 221 221 221 221 222 222 221 221 221 222 223 224 223 223 222 221 221 222 223 223 224 223 223 222 222 221 221 220 221 221 221 221 221 221 221 221 225 225 224 222 222 221 220 220 220 220 221 220 220 219 218 217 221 220 218 217 217 217 218 219 222 223 224 223 220 219 219 220 220 221 221 220 218 217 218 219 220 219 218 218 220 221 219 217 218 216 218 218 219 219 221 221 217 221 221 217 215 212 202 192 171 127 76 41 29 25 25 22 19 19 19 19 18 18 18 18 18 17 16 15 14 15 13 13 17 14 12 13 15 16 14 12 19 16 12 11 13 14 13 12 17 16 15 14 12 11 11 11 9 9 12 12 12 11 11 10 8 10 14 14 12 10 11 11 13 10 7 7 10 13 14 14 11 12 12 12 11 11 12 13 6 6 5 5 6 7 9 10 6 7 7 7 7 8 8 8 3 8 11 11 6 2 3 5 10 9 6 8 11 13 10 8 10 10 10 9 10 10 8 9 15 12 12 11 14 15 15 14 8 7 7 7 7 8 9 10 11 10 9 7 6 6 7 7 6 7 8 9 10 11 11 12 2 1 4 11 13 10 8 7 4 4 7 8 8 7 7 6 4 5 8 9 9 8 7 6 5 5 7 8 9 8 8 6 7 8 11 12 13 12 11 10 10 13 12 6 4 6 7 6 7 6 5 4 5 7 9 11 4 4 5 6 6 5 4 4 2 6 9 9 6 4 5 7 11 9 9 10 13 15 13 12 17 15 12 10 9 10 11 11 3 9 6 5 13 12 8 14 17 16 15 14 15 16 16 17 15 19 18 20 26 33 59 94 121 144 173 188 199 206 215 219 222 226 228 228 227 226 227 228 231 231 231 232 232 232 233 233 234 234 235 235 235 235 234 234 239 239 240 239 239 238 236 236 231 236 241 243 243 242 243 244 242 242 241 239 236 234 231 230 229 233 238 240 240 240 239 240 243 242 242 243 243 242 238 236 242 243 243 243 243 242 241 241 246 241 237 238 243 247 245 242 245 245 244 243
217 217 217 217 218 218 218 218 218 218 218 218 217 217 217 217 222 222 222 222 221 221 221 221 222 222 222 222 222 222 222 222 223 223 222 221 221 221 221 222 222 222 222 222 221 221 221 221 223 222 222 221 221 222 223 223 223 223 222 222 222 222 223 223 223 223 222 222 222 222 221 221 221 221 221 221 221 221 221 221 226 225 223 222 221 220 220 220 221 221 221 222 221 221 220 219 221 220 219 218 218 218 220 221 222 223 224 222 220 218 219 220 221 222 222 220 218 217 218 220 221 219 218 219 220 221 220 217 216 216 218 219 220 220 223 221 219 221 220 216 213 210 200 190 157 116 70 37 27 25 27 26 17 17 18 18 17 17 17 17 16 16 15 15 15 14 12 12 11 10 10 12 12 13 13 12 19 16 12 11 12 13 14 14 15 14 13 11 10 9 9 9 12 12 13 13 11 9 9 8 6 8 11 11 9 8 9 10 12 10 8 8 9 11 11 11 9 8 7 7 7 7 8 9 12 11 10 9 7 5 4 3 7 7 7 7 7 7 7 8 5 9 10 9 6 4 3 5 11 8 5 6 10 12 9 7 12 12 11 9 10 9 7 7 10 8 7 6 10 11 12 12 7 8 8 8 9 9 9 9 12 12 11 11 10 9 8 8 5 6 7 9 10 11 11 11 4 2 4 10 13 10 8 7 5 5 7 8 7 5 4 3 5 5 8 8 8 7 6 5 3 3 4 5 6 6 5 5 4 6 8 10 10 9 7 6 8 11 11 6 3 4 5 3 8 7 5 3 2 3 3 4 4 4 5 5 5 5 4 4 4 6 7 7 6 5 5 6 9 8 8 11 14 15 12 8 13 11 8 6 5 7 10 9 3 8 4 3 10 9 5 11 17 16 14 12 14 15 16 16 17 22 21 21 24 29 55 91 122 145 174 189 198 205 213 217 223 227 229 229 228 227 228 229 232 232 232 233 233 233 234 234 234 235 236 236 236 236 235 234 240 240 240 240 239 238 237 237 230 236 243 246 245 243 243 244 243 243 242 240 238 235 233 232 229 232 236 238 239 239 241 242 241 242 244 245 244 242 239 238 245 245 245 245 244 243 241 240 247 244 240 241 244 246 246 244 247 247 245 243
219 218 218 218 218 218 217 217 217 217 218 218 218 218 218 219 223 223 223 222 222 221 221 221 222 222 222 222 222 222 222 222 224 223 222 221 220 221 221 222 223 223 223 222 222 221 221 221 223 222 222 221 221 222 222 223 224 223 223 222 222 223 223 224 221 221 222 222 222 222 223 223 221 221 221 221 221 221 221 221 226 225 223 221 219 219 219 219 221 221 222 223 223 223 222 222 221 220 219 218 218 219 221 222 221 222 223 222 219 218 219 220 222 223 222 220 217 217 218 220 221 220 218 219 221 221 220 218 217 216 216 218 219 219 219 219 220 221 218 213 210 206 197 187 148 115 72 36 22 21 23 21 17 17 17 16 14 14 13 13 14 15 15 16 16 14 11 10 10 11 13 13 11 11 12 14 19 16 13 11 12 14 15 16 13 11 9 7 6 6 6 6 10 11 13 12 11 10 10 9 10 10 10 7 6 6 11 13 9 9 9 9 8 8 8 9 7 5 4 3 4 5 6 6 11 11 12 11 10 7 4 2 9 9 9 9 9 9 9 9 9 10 8 7 6 6 4 4 11 7 3 5 9 12 9 7 14 14 12 10 10 8 6 6 9 6 4 3 6 7 8 8 7 8 10 11 11 11 10 9 11 11 12 13 12 10 8 6 6 6 7 8 8 7 6 5 7 3 3 9 13 11 8 7 7 7 9 9 8 4 3 0 7 8 9 10 9 7 6 4 5 6 6 7 7 7 7 7 7 7 6 5 5 5 6 6 4 8 8 3 1 2 3 1 7 6 5 4 3 3 3 3 3 4 4 5 5 4 4 3 8 6 5 5 6 7 7 6 9 6 7 11 16 16 11 6 8 6 3 1 1 4 7 8 7 12 7 5 12 10 6 12 19 17 15 14 16 16 18 19 15 22 22 21 21 25 51 88 123 146 175 190 199 204 211 214 223 227 230 230 229 228 229 230 231 231 232 232 232 233 233 233 234 234 235 236 236 235 234 234 236 237 237 237 237 237 236 235 232 237 243 244 240 238 239 242 242 241 241 239 237 235 233 232 232 234 236 236 236 237 239 242 236 240 245 245 242 239 238 239 246 245 245 244 242 241 239 238 246 245 243 242 242 243 244 245 247 246 244 243
220 219 219 218 218 217 217 216 216 217 217 218 218 219 219 220 223 223 223 222 222 221 221 221 222 222 222 222 222 222 222 222 225 224 222 221 220 221 221 222 223 223 223 222 222 221 221 221 223 223 222 221 221 221 222 222 224 223 223 222 222 223 223 224 220 221 221 222 222 223 223 224 221 221 221 221 221 221 221 221 226 225 222 220 219 218 219 219 221 222 223 224 224 224 224 224 221 220 219 218 219 220 221 222 220 221 222 221 219 218 219 220 223 223 222 220 217 217 218 220 221 220 219 219 221 221 220 218 218 216 217 216 216 216 216 215 218 220 216 210 206 201 193 183 152 124 82 42 23 20 21 17 24 23 22 20 17 16 15 14 12 14 16 17 16 14 10 8 12 15 17 17 12 11 13 16 19 16 13 12 12 14 17 18 16 14 12 10 9 9 9 10 6 7 10 11 12 13 14 14 16 14 11 6 4 7 15 19 7 9 11 10 7 6 6 7 13 11 9 8 9 11 11 11 5 7 10 12 13 11 8 7 12 12 11 11 11 11 11 11 13 10 6 6 7 7 6 4 12 7 2 4 9 12 9 6 15 15 13 10 10 8 5 5 16 12 10 8 11 11 12 11 7 8 11 12 13 12 10 9 9 11 13 14 13 10 7 5 12 12 13 13 11 9 7 5 9 4 3 8 12 10 8 7 10 10 12 12 9 5 3 1 9 10 11 11 10 8 6 5 9 9 10 10 10 11 11 11 18 15 10 7 6 8 12 14 7 11 11 7 4 6 6 5 4 4 5 6 7 7 8 8 3 4 4 5 5 4 4 3 10 6 3 3 6 8 7 4 9 8 10 16 21 21 14 8 12 10 8 6 7 10 14 15 13 17 12 9 15 13 9 15 22 21 19 17 19 20 22 24 13 21 22 20 20 22 49 86 123 146 176 190 199 203 210 212 223 228 230 230 230 229 230 231 230 230 230 231 231 232 232 232 234 235 235 236 236 235 235 234 234 234 235 236 236 235 235 234 236 240 243 241 236 234 236 240 240 240 240 239 237 235 233 232 235 236 236 235 234 235 237 240 232 238 244 244 240 236 237 240 245 245 244 243 241 238 236 235 245 245 245 243 240 240 242 244 245 244 243 242
217 217 217 217 217 217 217 217 215 217 218 219 219 217 215 213 220 220 220 220 220 220 220 220 218 217 219 221 224 225 223 221 221 221 221 221 221 221 221 221 222 222 222 222 222 222 222 222 222 221 221 221 221 222 223 224 222 222 222 223 223 224 224 224 222 223 223 224 224 223 223 222 222 222 222 222 222 222 222 222 224 221 222 225 224 220 219 221 219 219 220 221 223 224 225 225 218 218 219 219 220 221 221 221 220 220 220 220 220 220 220 220 214 217 220 222 221 219 219 219 221 220 220 219 219 220 220 220 218 215 215 213 215 216 217 218 216 218 220 214 202 200 195 176 152 117 88 39 16 28 24 13 17 17 17 18 17 18 19 19 16 15 15 16 17 17 12 9 8 9 10 12 12 14 15 16 15 13 11 12 15 18 19 19 9 14 16 11 8 10 11 11 10 9 10 9 8 7 8 8 11 11 12 12 13 14 17 18 3 7 11 12 11 8 6 5 9 9 9 9 9 9 8 8 6 7 7 8 8 7 7 6 6 3 4 7 8 5 6 9 7 7 6 7 8 8 7 6 1 3 4 7 9 11 10 10 10 11 10 9 9 7 5 4 12 10 10 8 10 10 11 12 7 7 8 11 15 16 13 10 13 14 16 17 16 13 9 7 8 7 7 6 6 7 7 8 10 9 9 10 11 10 8 3 1 3 7 7 5 3 4 3 12 12 12 11 10 9 8 7 8 8 7 6 5 8 12 16 10 12 13 10 7 6 10 13 10 13 12 7 4 6 7 6 7 8 9 9 8 7 5 4 6 7 8 9 9 7 6 5 4 6 9 10 9 8 9 8 3 3 7 14 21 22 16 10 5 6 5 4 3 4 8 9 4 4 6 10 13 13 10 7 14 14 15 16 19 20 20 21 12 14 12 17 27 32 50 76 109 144 183 199 206 208 212 210 221 225 228 231 232 232 231 230 228 229 231 232 233 232 231 230 232 232 232 233 233 233 234 234 238 237 236 237 239 238 237 235 235 235 236 238 238 238 238 238 241 241 241 240 238 236 234 233 228 231 235 237 237 240 245 250 233 236 236 235 239 245 243 235 235 245 254 253 243 237 239 245 245 243 240 238 238 239 242 244 238 239 242 245
217 217 217 217 217 217 217 217 216 218 219 220 219 218 216 214 221 221 221 221 221 221 221 221 220 220 220 222 225 225 224 222 221 221 221 221 221 221 221 221 222 222 222 222 222 222 222 222 223 223 222 222 223 223 224 225 222 222 222 223 223 224 224 224 222 223 223 224 224 223 223 222 223 223 223 223 223 223 223 223 225 222 223 226 225 221 220 223 222 222 222 222 222 222 222 222 220 220 220 221 221 221 221 221 220 220 220 220 220 220 220 220 215 218 221 222 221 219 219 219 220 220 219 219 219 219 220 219 217 216 216 215 217 217 217 217 215 213 215 210 200 203 203 186 177 131 91 41 16 23 19 13 19 19 18 17 15 13 13 12 14 13 13 14 15 15 10 8 9 10 11 12 12 13 14 15 10 8 6 7 10 13 14 14 8 12 13 8 5 8 10 9 10 9 9 8 7 8 9 10 9 9 9 9 9 9 11 12 7 9 10 10 9 8 8 9 11 11 11 11 11 11 11 12 6 7 7 8 8 7 7 6 5 3 3 6 7 4 5 8 10 10 9 10 11 11 9 9 4 5 4 5 6 7 6 6 12 13 12 11 11 9 7 6 12 11 11 9 11 10 10 10 10 9 10 12 15 15 11 8 13 14 16 16 15 12 9 7 7 6 6 5 5 6 6 7 11 9 7 7 9 10 10 7 5 6 9 8 5 3 5 5 4 4 5 6 6 6 6 7 9 10 9 8 7 9 12 15 10 10 9 7 5 5 7 9 9 11 10 4 0 2 3 2 6 6 7 7 6 6 5 5 9 9 9 7 6 4 2 1 6 7 7 6 5 5 8 9 2 2 6 11 15 15 12 8 7 7 7 6 5 6 10 11 4 3 4 7 10 11 8 6 12 12 12 12 13 13 13 13 12 16 14 15 21 24 46 77 103 138 178 197 208 213 215 212 217 221 225 229 232 233 234 234 229 230 231 233 233 233 232 231 232 232 232 233 233 234 234 235 236 235 235 236 238 238 237 235 235 236 237 238 238 238 238 238 240 240 239 239 238 236 235 234 243 244 245 241 236 233 235 237 238 240 240 237 239 243 240 233 242 246 249 248 244 240 239 239 241 241 240 240 241 243 246 248 239 240 241 242
217 217 217 217 217 217 217 217 218 219 220 220 220 219 217 216 222 222 222 222 222 222 222 222 223 222 222 223 225 225 223 221 221 221 221 221 221 221 221 221 222 222 222 222 222 222 222 222 224 223 223 223 223 224 225 226 222 222 222 223 223 224 224 224 222 223 223 224 224 223 223 222 223 223 223 223 223 223 223 223 226 223 224 227 226 223 222 224 225 224 224 223 221 220 220 219 223 222 222 222 222 222 221 221 220 220 220 220 220 220 220 220 218 220 223 223 221 219 219 219 219 219 218 218 218 218 219 218 216 215 216 216 217 216 217 217 215 213 213 207 199 205 206 191 159 103 65 30 16 23 21 22 26 25 23 21 17 15 13 12 18 17 16 17 18 18 14 12 10 11 11 12 11 12 13 13 11 9 7 8 11 14 15 15 13 16 15 10 8 11 14 14 10 9 9 7 7 8 11 12 12 12 12 11 10 10 11 11 11 11 11 9 8 8 11 13 9 10 10 11 11 12 13 13 7 7 8 8 8 8 7 7 9 6 6 9 10 7 7 10 11 11 10 11 11 11 10 9 8 7 5 3 3 4 3 3 12 13 12 11 11 9 7 6 8 8 10 10 13 12 12 11 13 12 12 13 14 13 10 8 13 14 15 16 15 12 9 7 6 6 5 5 5 5 6 6 11 9 6 6 8 11 12 11 8 8 9 7 5 4 7 8 5 5 7 7 7 8 8 8 7 8 9 8 7 7 8 10 15 12 9 8 8 9 8 8 9 12 11 4 1 3 4 3 5 5 5 4 5 5 6 7 10 9 7 5 4 3 2 2 9 8 7 4 2 3 7 9 6 9 13 15 15 14 13 13 8 8 9 8 7 9 12 13 11 9 8 10 13 14 14 12 17 16 15 14 14 13 12 11 11 17 15 13 15 17 40 74 104 135 173 191 204 212 218 216 217 221 224 228 231 232 233 233 231 231 232 233 234 233 233 233 229 229 230 231 232 233 234 234 234 233 233 234 236 237 237 236 234 234 235 236 236 236 236 235 236 236 236 235 235 234 234 234 242 243 244 242 237 236 238 241 239 241 241 240 241 243 240 235 247 244 242 244 248 249 245 241 241 241 242 243 244 245 246 247 245 244 243 242
217 217 217 217 217 217 217 217 219 220 220 221 220 219 218 217 223 223 223 223 223 223 223 223 225 223 222 222 224 223 222 220 221 221 221 221 221 221 221 221 222 222 222 222 222 222 222 222 223 222 222 222 222 223 224 225 222 222 222 223 223 224 224 224 222 223 223 224 224 223 223 222 224 224 224 224 224 224 224 224 225 222 223 226 226 222 222 224 225 224 224 223 221 220 220 219 225 224 224 223 223 222 222 221 221 221 220 220 220 220 219 219 220 222 223 223 220 219 218 219 219 218 218 217 217 218 218 218 215 215 217 218 219 217 218 216 218 215 215 208 198 202 198 182 118 60 32 20 19 26 23 27 25 24 23 21 19 17 16 15 19 18 17 17 18 18 15 13 11 12 12 12 10 11 11 11 12 10 9 10 12 15 16 16 16 17 15 9 8 12 15 15 10 8 8 7 7 9 12 14 11 11 13 12 12 11 12 12 12 12 13 11 10 10 12 14 6 7 7 8 9 10 11 12 7 7 8 9 9 8 7 7 9 6 6 9 9 6 6 9 9 10 8 9 9 9 7 7 10 9 5 3 2 3 3 4 10 11 10 9 9 7 5 4 4 5 9 11 15 15 15 15 13 13 13 14 14 13 11 10 13 14 15 15 14 11 9 7 8 7 7 6 6 7 7 8 8 7 6 7 10 13 13 11 7 7 7 5 3 4 9 12 11 11 11 10 8 7 7 6 4 5 8 7 7 4 5 4 17 12 8 6 9 10 9 7 6 9 8 3 0 3 5 4 6 5 4 4 5 6 8 9 7 6 5 4 4 6 7 8 10 10 8 6 4 4 6 8 8 14 21 22 18 14 13 14 7 8 9 9 9 10 13 13 16 13 11 11 15 16 17 16 18 18 16 15 16 14 13 12 12 16 13 13 16 17 35 65 103 136 173 188 197 205 216 219 221 224 226 227 228 229 229 228 232 232 233 233 234 234 234 234 229 229 230 231 232 233 234 235 236 234 234 235 238 239 240 239 235 235 236 237 237 236 236 235 235 235 234 234 234 235 235 235 234 237 240 240 238 239 243 247 237 239 240 241 243 244 243 241 246 242 239 243 250 254 253 250 244 244 245 245 245 243 242 240 251 250 247 244
217 217 217 217 217 217 217 217 220 220 220 220 219 219 218 218 223 223 223 223 223 223 223 223 225 223 221 221 221 222 220 219 221 221 221 221 221 221 221 221 222 222 222 222 222 222 222 222 221 221 220 220 220 221 222 223 222 222 222 223 223 224 224 224 222 223 223 224 224 223 223 222 224 224 224 224 224 224 224 224 223 220 221 225 225 221 221 223 222 222 222 222 222 222 222 222 225 225 224 224 223 222 222 222 221 221 221 220 220 219 219 219 220 221 222 222 219 218 218 219 219 218 218 217 217 218 218 218 215 215 217 218 219 217 216 214 216 214 215 209 199 199 190 170 115 53 26 19 21 25 19 24 15 15 15 15 15 15 15 15 15 13 12 12 13 13 10 9 12 12 12 12 10 10 10 10 11 9 7 8 11 13 15 15 12 12 9 4 4 9 11 9 10 9 9 8 8 10 13 14 5 6 8 9 9 9 11 10 10 12 14 14 13 12 12 13 6 7 7 8 9 10 11 12 7 8 9 9 9 9 8 7 6 3 3 6 6 3 3 6 9 10 8 9 9 8 6 6 10 8 5 4 4 6 6 8 10 11 10 9 9 7 5 4 5 6 10 12 15 15 15 14 12 12 14 14 14 14 14 14 14 14 14 14 12 11 9 7 10 9 9 8 8 9 9 10 5 6 8 11 14 15 13 8 4 3 4 3 2 5 11 15 9 8 9 8 6 5 4 4 4 4 9 8 8 4 5 3 11 5 3 0 4 3 4 2 1 4 4 0 0 3 5 5 8 7 6 6 7 8 10 11 8 8 7 6 6 8 10 11 9 10 11 11 8 7 7 7 4 10 19 21 15 9 6 7 4 6 7 8 7 8 11 13 14 11 8 8 11 13 13 13 13 13 13 12 13 13 13 12 14 14 10 14 22 23 34 55 88 129 176 194 199 204 213 218 222 225 226 227 228 228 228 228 232 232 232 233 233 234 234 235 230 230 231 232 233 234 234 235 235 233 232 233 236 238 238 238 236 236 237 237 237 236 236 235 235 235 234 234 234 235 236 237 238 240 241 239 236 235 237 240 238 239 241 243 243 242 241 242 241 240 240 242 246 250 252 252 243 244 245 245 244 242 240 238 252 250 247 245
217 217 217 217 217 217 217 217 220 219 219 219 218 218 218 218 223 223 223 223 223 223 223 223 224 222 220 219 220 221 220 219 221 221 221 221 221 221 221 221 222 222 222 222 222 222 222 222 220 220 219 219 220 220 221 222 222 222 222 223 223 224 224 224 222 223 223 224 224 223 223 222 223 223 223 223 223 223 223 223 222 219 220 224 224 221 221 223 220 221 221 222 222 223 223 224 224 224 223 223 223 223 223 222 222 222 221 220 220 219 218 218 218 220 221 220 218 217 218 219 219 219 218 218 218 218 219 218 216 215 216 216 217 216 215 215 210 208 212 207 200 199 186 163 123 58 27 16 17 22 17 23 14 14 15 16 16 17 17 18 16 14 12 12 13 14 11 10 11 11 11 11 10 10 10 10 14 12 10 11 14 16 18 17 12 12 9 5 6 11 11 8 10 9 11 10 10 10 12 12 5 7 10 11 12 12 13 13 10 12 15 15 13 12 12 12 9 10 10 11 11 12 13 13 8 8 9 9 9 9 8 8 11 8 7 10 10 6 6 9 11 11 10 10 10 9 7 6 8 7 6 5 6 8 7 8 12 13 12 11 11 9 7 6 10 10 12 12 14 13 12 11 12 13 15 15 14 14 15 17 14 14 13 13 12 10 8 8 11 11 10 10 10 10 11 11 4 6 9 13 16 16 12 7 3 3 4 3 3 5 11 15 7 7 8 9 9 9 10 9 4 7 9 10 8 7 7 7 8 6 3 2 3 4 5 4 4 9 9 5 4 8 11 10 9 9 8 8 8 9 10 10 12 11 10 9 8 7 7 7 8 10 12 12 11 9 8 8 6 12 19 21 16 9 7 7 3 5 8 9 9 9 12 13 15 11 9 9 11 13 13 13 13 13 13 13 15 15 16 16 15 14 10 17 28 29 36 54 70 118 173 199 208 209 214 214 220 223 225 226 228 230 232 233 232 232 232 231 232 233 234 234 232 232 232 232 233 233 233 233 234 232 230 230 232 234 235 235 237 237 237 238 237 236 236 235 237 236 235 234 234 236 237 238 236 239 240 239 235 235 237 241 242 242 243 245 243 238 237 239 240 241 242 241 240 241 243 245 240 241 242 244 244 244 243 242 246 245 244 243
217 217 217 217 217 217 217 217 219 219 218 217 217 217 217 217 222 222 222 222 222 222 222 222 225 223 220 220 221 222 222 221 221 221 221 221 221 221 221 221 222 222 222 222 222 222 222 222 221 220 220 220 220 221 222 223 222 222 222 223 223 224 224 224 222 223 223 224 224 223 223 222 223 223 223 223 223 223 223 223 222 220 221 225 225 222 222 225 221 221 221 222 222 223 223 223 222 222 222 222 223 223 223 223 222 222 221 220 220 219 218 218 216 218 218 218 216 216 218 220 220 220 219 219 219 219 220 219 216 215 214 214 215 215 215 215 210 208 211 206 199 198 185 160 111 52 26 15 18 25 21 24 21 21 21 20 19 18 18 18 20 18 15 15 16 17 15 14 10 10 10 11 9 10 10 11 16 14 13 14 16 19 20 20 15 15 13 9 11 15 14 10 9 10 12 12 12 10 10 9 10 11 14 16 16 15 15 14 12 13 13 12 11 11 12 14 11 11 11 11 11 11 11 12 8 9 9 10 10 9 9 8 14 11 10 13 12 9 9 11 10 10 9 9 8 7 5 5 6 7 6 6 6 7 5 5 12 13 12 11 11 9 7 6 9 9 11 10 13 14 15 16 14 16 17 16 13 12 14 16 14 14 13 12 11 9 8 8 11 10 10 9 9 10 10 11 7 7 9 12 15 15 12 8 6 6 7 6 5 5 10 12 8 9 10 10 10 11 11 10 3 4 6 6 6 5 6 8 8 8 8 7 6 7 9 13 9 13 13 8 6 9 11 10 8 8 9 9 9 8 7 7 9 9 9 9 8 7 6 6 8 9 10 9 8 8 10 10 11 12 16 16 12 9 8 9 4 7 10 11 11 12 14 14 15 12 10 11 13 14 13 12 14 14 14 14 16 16 16 16 15 16 14 19 29 30 40 61 74 115 164 191 206 213 217 214 222 225 225 227 229 231 233 234 232 231 230 230 230 232 233 234 234 233 232 232 232 231 231 231 236 233 230 230 231 233 234 234 236 237 237 237 236 236 235 234 239 238 236 234 234 235 237 239 233 236 239 239 237 238 242 246 242 241 243 246 242 235 235 239 242 242 242 242 241 241 240 240 242 243 244 244 244 244 244 244 241 242 243 244
217 217 217 217 217 217 217 217 219 218 217 216 216 216 216 217 221 221 222 221 222 221 222 221 226 222 221 220 222 223 224 224 221 221 221 221 221 221 221 221 222 222 222 222 222 222 222 222 222 221 221 221 221 222 223 224 222 222 222 223 223 224 224 224 222 223 223 224 224 223 223 222 222 222 222 222 222 222 222 222 223 221 222 226 227 224 223 226 222 222 222 222 222 222 222 222 220 221 221 222 222 223 223 224 222 222 221 220 220 219 218 218 215 216 217 217 216 216 218 220 221 220 220 219 219 220 220 220 218 215 214 212 213 214 215 216 215 211 211 205 197 194 181 156 97 47 27 22 26 33 23 20 24 22 20 18 16 14 13 12 19 16 13 13 14 15 13 12 10 9 11 11 11 12 13 13 13 11 9 10 13 15 17 17 12 13 11 8 11 14 12 6 9 10 14 14 13 11 9 7 9 11 12 13 13 11 8 7 14 13 11 8 7 9 13 17 9 9 9 9 9 9 8 8 8 9 9 10 10 9 9 8 9 5 5 8 7 3 3 6 5 6 6 6 5 4 2 1 6 6 6 6 6 5 4 3 9 11 10 11 9 7 7 4 4 4 7 8 12 15 20 22 17 19 19 16 12 11 12 15 14 14 13 12 10 9 8 8 10 9 9 8 8 9 9 10 10 9 9 10 12 14 13 12 10 10 10 9 6 5 8 10 8 7 7 6 5 4 3 2 0 0 2 2 1 2 4 6 5 8 9 8 5 6 10 14 6 9 8 1 0 0 2 0 7 7 9 8 8 6 5 4 3 4 6 8 9 9 8 8 8 8 7 5 5 5 9 11 10 8 7 5 3 3 4 6 6 8 11 13 13 14 15 16 10 8 6 7 9 10 8 7 11 11 10 10 9 9 11 10 14 18 16 21 27 28 43 68 92 120 154 177 197 213 220 217 227 229 228 228 229 229 230 231 231 231 230 229 229 231 232 233 235 234 234 232 233 231 231 230 241 237 235 233 235 236 238 237 238 237 238 237 238 236 235 234 242 239 238 235 236 236 238 239 238 241 242 241 238 237 240 243 238 237 240 245 243 236 237 243 244 242 241 243 247 248 245 242 249 248 247 246 244 243 242 242 240 241 244 247
213 214 216 217 218 219 219 219 215 216 218 219 219 218 216 215 217 218 221 219 219 217 220 219 221 219 221 220 222 221 223 223 220 221 221 222 222 223 223 224 220 220 221 223 224 223 220 217 218 219 221 222 223 223 222 221 221 222 222 223 223 222 222 221 225 224 222 221 221 222 224 225 222 222 221 221 221 220 220 220 220 221 223 224 225 225 224 223 223 222 221 220 220 220 220 221 220 220 220 220 220 220 220 220 220 219 218 218 218 220 222 223 217 217 217 218 218 219 219 219 220 220 220 220 220 220 220 220 217 214 215 215 216 216 213 209 211 210 212 204 191 191 185 165 91 46 21 23 22 19 21 24 13 11 11 12 13 14 16 16 15 13 13 14 16 17 16 15 13 11 12 11 11 13 14 15 15 15 11 5 7 16 19 16 15 15 15 14 14 13 13 13 15 14 14 14 15 14 10 8 8 10 13 13 13 11 11 10 9 10 10 9 9 10 12 15 9 9 9 9 9 8 10 8 11 9 7 6 7 8 9 9 3 2 2 4 7 8 7 5 1 6 8 7 9 12 12 8 7 14 17 12 7 8 11 11 12 15 16 13 14 14 13 9 6 6 10 15 15 12 13 18 12 11 11 11 11 12 13 14 9 10 10 10 10 9 8 9 6 8 11 12 12 10 7 4 4 3 7 13 15 12 11 13 8 10 11 9 6 8 14 21 3 4 6 7 8 7 6 5 3 7 9 4 3 9 12 10 2 7 12 13 11 10 11 14 7 4 5 2 4 4 7 6 0 0 3 3 6 4 6 5 3 4 6 8 10 11 10 10 10 8 8 8 10 6 9 13 6 8 11 12 11 8 7 7 4 2 8 8 5 12 18 11 14 12 11 9 9 10 11 11 11 11 12 12 12 12 13 13 10 14 17 25 32 35 53 86 107 133 161 178 193 210 221 225 224 226 227 228 230 231 232 232 229 233 236 234 230 228 231 235 234 232 235 234 236 233 235 233 236 233 234 231 234 234 239 239 233 231 233 233 237 236 236 231 238 237 238 234 239 240 238 232 229 232 233 233 237 242 241 237 234 234 235 235 236 241 247 252 239 240 240 238 242 248 249 246 244 243 242 240 239 240 243 245 239 240 243 245
215 215 216 217 218 218 218 218 217 217 218 218 218 218 217 217 217 219 220 219 218 217 218 220 218 218 218 219 219 219 220 220 221 221 222 222 222 222 222 223 221 220 220 222 223 223 221 218 219 220 221 222 222 222 221 220 221 222 222 223 223 222 222 221 224 223 222 222 222 222 223 224 223 223 222 221 221 221 221 221 221 222 223 224 224 224 223 222 223 222 221 221 220 220 221 221 221 221 221 221 221 221 221 221 221 220 220 220 220 221 221 222 218 218 219 219 220 220 220 221 220 220 220 220 220 220 220 220 217 216 216 217 218 218 215 211 212 207 209 205 200 199 188 161 70 32 15 23 28 22 24 21 16 14 13 14 15 17 18 18 16 14 14 15 17 18 17 15 14 14 14 15 16 17 19 19 20 20 15 8 9 15 17 14 13 13 13 12 12 12 11 11 16 15 15 15 16 15 12 9 13 15 17 17 16 14 14 15 12 12 13 11 8 7 9 11 15 15 15 15 15 14 16 14 10 9 8 7 6 7 9 10 9 9 8 10 11 10 8 5 12 15 16 13 12 13 11 7 8 14 16 12 9 11 13 13 8 12 14 13 14 18 17 14 10 9 12 15 12 8 9 12 15 14 14 14 14 14 14 14 10 11 11 11 11 10 9 8 12 13 15 15 15 13 11 10 8 5 6 12 15 13 12 14 9 10 10 8 7 9 13 16 9 10 11 12 12 12 12 10 4 8 9 5 4 9 14 13 7 6 7 7 9 10 11 11 7 5 3 2 2 3 5 6 0 1 3 4 5 5 4 6 3 4 5 7 8 9 8 8 10 8 6 8 7 5 8 11 11 12 14 14 12 11 11 11 8 7 14 16 11 17 21 12 15 14 13 12 11 12 12 13 14 14 14 15 16 16 16 17 17 19 19 25 35 38 54 85 119 145 174 186 195 207 216 219 224 226 227 229 230 231 232 232 230 232 234 233 231 230 232 235 232 233 234 235 235 235 235 235 236 235 234 234 234 237 239 241 235 235 235 237 239 240 238 236 239 241 239 236 237 240 240 235 230 234 236 235 237 241 241 239 234 235 237 238 239 241 244 247 240 242 242 240 242 246 245 241 242 242 241 239 239 240 243 245 243 242 241 239
217 217 217 217 217 217 217 217 219 219 218 218 218 218 219 219 218 219 220 220 218 218 219 220 217 217 217 218 218 218 218 219 222 222 222 222 221 221 221 221 222 221 220 220 222 222 221 220 221 221 222 222 222 221 220 219 221 222 222 223 223 222 222 221 223 223 222 222 222 222 223 223 225 224 222 221 221 221 222 223 223 223 224 224 224 223 222 221 223 223 222 221 220 220 221 221 222 222 222 222 222 222 222 222 221 222 222 222 222 221 221 220 220 220 220 220 221 221 221 221 220 220 220 220 220 220 220 220 217 216 216 218 220 220 217 214 218 208 207 204 199 194 172 134 69 32 15 23 27 23 25 21 19 17 15 15 16 18 19 19 17 15 15 16 18 19 17 15 13 13 13 14 16 17 19 20 16 15 11 6 7 11 12 10 14 14 14 13 13 12 12 12 14 13 12 13 13 13 10 8 11 13 15 15 13 12 13 14 14 14 15 12 9 7 9 10 12 12 13 13 12 12 14 11 8 9 11 9 6 6 8 11 10 9 9 10 10 8 3 0 12 15 15 11 9 10 8 4 6 9 10 7 8 11 12 9 4 8 10 9 10 14 13 10 13 12 13 15 11 6 6 10 14 14 14 14 13 12 11 10 11 12 12 12 12 11 10 9 12 12 12 12 11 11 10 10 13 8 6 10 14 14 13 14 12 10 8 8 10 11 10 10 9 8 8 8 8 9 10 8 4 7 9 6 5 8 13 12 14 8 3 3 7 11 11 9 8 7 5 4 4 5 6 7 6 6 7 7 8 7 6 6 5 6 7 8 8 8 7 6 9 7 6 8 7 5 7 11 11 11 11 10 7 7 8 10 7 7 15 17 12 16 18 8 11 10 9 8 8 8 8 9 13 14 14 15 16 17 18 19 22 20 19 26 38 41 62 93 134 161 186 193 196 204 211 216 223 226 228 229 230 231 231 231 230 231 232 232 233 233 234 234 231 232 233 235 236 236 236 236 236 236 235 234 235 237 239 240 239 238 238 239 241 241 240 238 239 242 242 238 236 239 240 239 231 238 241 239 238 240 243 243 234 237 239 240 240 240 241 242 243 245 244 241 242 244 242 237 242 241 240 240 240 242 244 245 242 241 240 240
219 218 218 217 216 216 216 216 221 220 218 217 217 218 220 221 218 220 221 220 219 218 219 221 218 218 218 218 218 218 219 219 223 223 222 222 221 220 220 220 223 221 219 219 221 222 222 221 222 222 222 222 221 220 220 219 221 222 222 223 223 222 222 221 223 222 222 222 222 222 222 223 226 225 223 221 221 222 223 224 224 224 224 224 223 222 222 221 224 223 222 221 221 221 221 222 222 222 222 222 222 222 222 222 222 223 224 224 224 222 220 219 220 220 220 220 221 221 221 221 220 220 220 220 220 220 220 220 217 216 217 219 221 222 219 216 217 208 207 203 196 186 158 117 85 45 21 20 22 20 25 22 21 18 16 15 16 18 19 19 18 16 16 18 19 19 17 15 10 10 11 11 13 15 17 18 11 9 7 6 8 12 13 12 17 16 16 16 15 15 15 14 15 14 12 13 14 14 12 10 10 11 13 12 11 10 11 12 11 12 14 13 11 10 12 13 8 8 8 8 7 7 9 7 7 10 12 10 7 5 8 12 9 9 9 10 10 8 3 0 6 9 9 7 7 10 10 7 7 9 8 7 9 14 14 10 7 11 11 9 9 12 9 5 13 11 12 14 10 5 6 10 15 15 15 15 14 12 10 8 11 11 12 12 11 10 9 9 12 11 9 8 8 8 9 9 17 10 6 9 14 14 13 15 16 12 8 9 12 13 10 5 7 6 4 3 3 5 6 5 4 5 7 6 5 6 10 11 15 11 8 7 9 11 11 10 8 7 6 5 4 5 6 7 7 7 7 7 7 6 5 5 8 8 9 9 9 9 7 6 9 7 5 7 7 5 7 13 12 11 9 7 4 4 6 8 11 9 15 16 10 14 17 8 9 9 8 8 7 7 7 7 9 10 11 12 14 15 16 17 16 18 17 23 33 41 70 110 149 172 193 199 202 209 213 215 223 226 228 230 231 231 231 231 231 230 230 231 234 236 235 234 231 232 234 236 237 238 238 238 237 236 236 235 236 237 238 239 240 239 238 239 241 241 240 238 236 243 245 242 238 239 240 239 234 242 247 243 240 242 245 246 237 238 239 239 237 237 238 240 247 247 245 241 241 244 244 239 243 242 241 241 243 245 245 245 240 241 244 246
220 219 218 216 215 215 216 216 221 220 218 217 217 218 220 221 218 219 220 220 218 218 219 220 220 220 220 220 220 220 219 219 222 222 222 221 220 220 219 219 223 221 219 219 221 222 222 221 223 222 222 221 220 220 220 220 221 222 222 223 223 222 222 221 221 222 222 222 222 222 222 221 226 225 223 222 222 222 223 224 225 224 224 223 222 222 222 222 224 223 222 222 221 221 222 222 220 220 220 220 220 220 220 220 222 223 224 224 224 222 220 219 220 220 220 220 219 219 219 219 220 220 220 220 220 220 220 220 217 216 217 219 221 222 220 216 208 204 209 206 196 186 162 126 84 46 21 18 19 19 23 19 20 17 14 13 14 16 18 18 18 16 17 18 20 19 16 14 10 10 10 11 13 14 16 17 15 12 11 13 15 16 16 16 16 16 16 15 15 14 14 14 18 16 15 15 16 16 15 14 12 13 14 13 12 11 13 14 10 12 15 14 11 10 11 12 10 10 10 10 10 9 11 9 8 10 12 11 8 7 9 11 11 11 11 13 14 13 9 6 6 9 9 7 9 13 14 12 10 12 11 10 12 17 17 13 10 13 14 12 12 14 12 8 11 9 10 13 9 6 8 12 19 18 18 17 15 13 12 11 10 10 10 10 10 9 8 7 14 13 11 9 9 9 11 12 17 10 6 9 12 13 14 16 19 13 9 10 14 14 10 4 11 10 8 7 7 8 9 8 3 3 6 7 5 4 7 9 10 11 13 11 8 7 8 10 9 8 6 5 4 5 6 6 8 7 6 6 5 4 4 4 8 8 8 8 8 7 5 5 9 6 5 7 6 4 6 12 17 16 14 10 7 7 9 12 19 16 18 17 11 17 23 16 14 14 14 14 13 13 12 12 8 9 10 11 13 14 15 16 14 18 16 20 25 34 69 116 161 180 198 205 211 217 220 216 224 226 228 230 232 232 231 230 232 231 230 232 235 236 236 235 232 233 235 237 238 239 240 240 237 237 237 237 237 237 238 238 240 239 237 238 239 240 239 238 233 241 247 244 241 240 239 236 237 245 250 246 242 243 246 247 240 239 238 235 234 235 238 241 249 248 244 239 240 246 248 245 246 244 242 243 246 247 247 245 240 243 246 248
220 219 217 216 215 215 216 217 219 219 218 218 218 218 219 219 217 218 219 219 217 216 218 219 221 221 221 220 220 220 220 219 220 221 221 221 220 220 220 220 222 221 220 220 222 222 221 220 223 222 221 220 220 220 221 221 221 222 222 223 223 222 222 221 221 221 222 222 222 222 221 221 223 223 223 223 222 222 222 221 225 224 223 222 222 222 223 223 224 224 223 222 222 222 222 222 220 220 220 220 220 220 220 220 221 222 222 222 222 221 221 220 220 220 220 220 219 219 219 219 220 220 220 220 220 220 220 220 218 217 218 219 221 221 219 215 207 205 210 204 190 180 161 129 67 35 17 18 21 21 22 13 19 15 12 11 12 15 18 18 17 16 17 18 20 18 15 12 13 13 13 13 14 15 16 17 17 13 12 14 15 12 10 11 13 13 12 12 12 11 11 11 13 11 9 9 10 11 11 10 10 11 12 11 9 9 11 13 12 13 16 14 11 8 8 8 11 11 11 11 11 10 12 10 10 9 10 10 11 10 9 9 10 9 8 9 11 11 10 8 7 9 9 5 5 9 10 7 5 9 9 7 7 11 12 9 2 6 8 7 9 13 11 8 9 7 8 11 9 7 9 15 16 14 13 11 9 9 8 9 9 9 10 10 9 9 8 7 11 10 9 7 7 7 8 9 13 9 8 10 11 10 13 18 19 14 9 9 12 13 9 5 11 11 10 9 9 9 9 7 4 3 6 8 7 3 6 9 5 8 12 10 5 3 5 9 9 8 6 5 4 4 5 6 8 7 6 5 4 4 4 5 5 6 6 7 7 6 4 4 8 6 4 7 6 4 6 12 16 15 13 9 6 5 6 9 18 13 15 12 7 14 21 15 12 13 13 13 13 12 11 10 11 11 12 13 14 15 16 18 17 21 19 19 21 28 59 103 154 178 202 212 218 224 223 217 223 225 228 231 232 232 231 230 232 232 233 233 234 234 235 236 233 234 235 237 238 239 239 239 237 237 238 238 238 238 238 238 241 239 237 236 238 238 238 237 234 240 244 243 241 241 238 234 239 245 248 244 242 243 245 244 241 240 238 235 234 237 241 245 248 247 243 238 240 246 249 247 248 245 243 244 247 248 246 243 237 240 244 247
220 218 216 215 215 216 217 219 217 217 218 218 218 218 217 217 215 217 218 217 216 215 216 218 220 220 220 219 219 219 218 218 218 219 219 219 219 219 220 220 220 219 219 221 222 222 220 217 221 220 219 219 219 220 221 222 220 221 221 222 222 221 221 220 219 220 221 221 221 221 220 219 220 221 222 223 222 221 219 217 224 223 222 222 222 223 224 225 225 224 223 222 222 222 222 223 221 221 221 221 221 221 221 221 221 220 220 220 220 221 221 222 222 222 221 221 220 220 220 219 220 220 220 220 220 220 220 220 218 217 218 219 220 220 217 213 212 208 209 200 187 178 162 131 71 39 21 20 22 23 23 12 18 14 11 10 12 16 19 20 16 15 16 18 19 17 14 10 15 14 14 13 13 14 15 15 13 8 8 12 13 8 6 7 12 11 11 11 10 10 10 9 9 7 5 4 6 7 8 7 9 10 10 8 7 7 9 11 9 11 14 13 10 8 8 8 10 10 11 10 10 10 11 9 12 9 7 9 13 14 10 6 9 7 4 4 6 7 7 6 7 9 8 3 3 6 7 4 2 8 10 6 3 5 7 7 0 4 6 5 7 11 9 6 10 8 8 11 8 6 9 14 15 13 10 7 6 7 9 10 10 10 11 11 10 9 9 8 8 8 7 6 6 6 6 6 7 7 9 12 10 7 12 20 16 12 7 6 7 9 8 6 8 8 8 8 7 7 6 3 7 4 7 11 10 4 6 11 8 8 7 5 4 5 7 10 11 10 8 6 5 5 6 6 10 9 7 6 6 7 8 8 7 7 8 9 9 9 7 7 8 6 4 6 6 4 6 12 13 13 11 7 4 2 3 4 11 7 11 9 4 11 17 10 8 9 9 10 9 8 7 6 13 13 13 14 14 15 15 17 20 21 18 21 27 29 48 83 122 158 198 216 219 222 222 221 223 225 228 231 233 232 230 229 231 234 236 235 233 232 234 236 233 233 234 235 236 236 236 235 238 238 238 238 238 238 238 237 242 239 237 236 237 238 238 237 238 240 240 237 238 241 239 234 238 242 243 240 240 242 241 238 240 241 241 240 240 242 246 249 243 244 243 240 241 245 245 241 248 244 242 243 246 246 243 238 239 240 242 244
219 218 216 215 215 216 218 220 215 216 218 219 219 218 216 215 215 216 217 217 215 214 216 217 219 219 219 218 218 217 217 217 217 218 218 219 219 220 220 221 219 219 220 222 223 222 219 216 220 219 218 218 219 220 222 223 220 221 221 222 222 221 221 220 218 219 221 222 222 221 219 218 218 219 222 223 223 221 218 215 223 222 221 221 222 223 225 226 225 224 223 222 222 222 222 223 222 222 222 222 222 222 222 222 220 219 218 218 218 220 222 223 223 223 223 222 222 221 221 221 220 220 220 220 220 220 220 220 219 218 218 218 219 219 215 211 213 206 206 200 193 191 178 148 92 56 30 22 20 22 25 16 18 14 11 11 12 17 20 22 15 14 16 18 19 17 13 9 14 13 12 11 11 11 11 12 11 6 7 14 16 12 10 13 13 13 13 12 12 11 11 11 13 11 9 9 10 12 12 12 14 14 14 12 11 11 14 16 4 6 11 12 11 10 11 12 13 13 14 13 13 13 14 12 14 8 6 9 15 16 10 4 14 11 7 6 7 9 9 9 10 12 11 7 7 11 12 10 7 14 17 12 7 8 11 13 10 13 14 12 12 14 12 8 11 9 9 11 7 5 8 13 22 20 16 13 12 14 16 19 11 12 12 12 12 11 10 9 12 12 12 11 11 11 10 10 3 6 10 13 9 6 12 21 13 10 6 3 4 5 6 7 8 9 10 10 9 8 6 3 9 6 9 14 12 6 8 13 16 10 4 2 6 10 12 12 11 10 8 6 5 5 6 6 11 10 8 7 7 8 10 11 10 11 12 13 13 13 12 12 8 6 4 6 5 4 6 11 16 16 15 11 7 5 5 6 10 8 13 13 8 14 19 10 10 10 11 12 12 10 9 7 12 12 13 13 13 13 13 15 21 18 16 22 34 34 45 69 86 137 189 215 216 218 223 224 223 225 229 232 233 232 230 229 231 235 238 236 232 230 233 237 232 232 233 234 234 233 233 232 238 238 239 239 239 238 237 237 243 241 238 237 238 239 239 238 243 241 236 232 235 240 240 236 237 239 239 236 238 240 238 233 239 241 244 246 246 247 249 251 239 242 243 242 243 244 240 233 247 243 240 241 244 244 240 235 250 247 243 240
217 217 217 217 217 217 217 217 216 217 217 218 218 217 217 216 217 217 217 217 217 217 217 217 217 217 217 217 217 217 217 217 216 216 216 216 216 216 216 216 217 217 217 217 217 217 217 217 215 216 218 219 220 220 219 218 218 217 217 216 217 218 220 221 215 217 219 219 217 216 216 217 214 215 217 218 219 219 218 219 221 221 222 223 224 224 225 226 221 221 221 221 221 221 221 221 221 221 221 220 220 219 219 219 221 220 219 219 220 221 223 224 222 222 222 221 221 221 220 220 218 219 219 220 220 219 219 218 216 215 216 218 220 221 218 214 211 208 207 197 191 193 179 144 89 60 31 20 23 22 20 16 15 11 9 8 10 15 19 21 15 13 12 10 9 9 10 10 11 12 12 13 13 13 12 12 10 12 14 12 10 10 13 16 13 12 12 12 12 12 12 12 10 10 11 11 11 11 12 12 11 10 8 7 7 8 10 11 2 5 10 12 13 12 12 10 6 6 8 8 8 8 9 7 7 7 9 10 11 11 10 9 12 10 8 8 8 8 6 4 7 8 8 9 9 8 8 7 5 8 10 10 9 9 13 17 9 9 9 9 9 9 7 7 2 7 11 11 5 4 7 10 13 11 10 11 13 15 15 15 16 14 11 10 10 9 7 5 8 7 6 7 9 9 7 5 3 6 9 10 9 9 9 10 8 8 8 9 9 8 7 6 6 7 7 8 8 7 7 4 4 3 4 4 5 6 9 9 9 8 8 5 5 6 10 13 4 7 7 4 4 8 9 6 2 2 3 5 7 9 10 11 0 5 11 11 8 5 6 9 0 4 8 9 7 7 10 14 9 10 10 8 6 5 6 8 6 12 16 13 12 14 16 16 13 13 10 6 8 13 14 11 5 5 6 8 10 13 16 17 12 20 20 18 24 28 43 66 88 129 176 207 216 219 222 222 228 227 226 226 227 230 233 235 232 232 232 233 233 234 234 234 231 229 230 234 235 233 234 237 233 235 238 239 238 237 237 238 236 233 231 231 233 235 236 235 237 237 237 238 239 241 242 243 235 234 234 234 237 240 243 246 241 237 237 241 243 242 243 247 240 241 241 240 239 240 242 245 239 243 246 245 241 240 243 247 238 242 246 248
216 216 216 216 216 216 216 216 216 217 217 218 218 217 217 216 217 217 217 217 217 217 217 217 217 217 217 217 217 217 217 217 217 217 217 217 217 217 217 217 214 214 214 214 214 214 214 214 216 217 218 219 219 219 218 217 218 218 217 216 217 218 220 221 216 217 218 218 216 216 217 218 215 216 217 217 218 218 218 218 219 220 220 221 222 223 224 224 221 221 221 221 221 221 221 221 221 221 221 220 220 219 219 219 222 221 219 218 218 219 220 221 221 221 221 221 220 220 219 219 218 219 219 220 220 219 219 218 216 215 216 218 220 220 218 214 215 211 209 198 190 191 176 142 83 55 26 15 19 20 21 18 17 14 12 12 14 17 20 21 17 14 12 10 9 9 11 12 10 10 10 9 9 8 8 8 6 8 9 9 7 7 9 12 13 13 13 12 12 11 11 10 13 12 12 11 11 10 10 10 9 8 6 5 5 6 8 9 6 6 9 10 11 12 13 13 8 9 11 12 12 12 13 11 5 5 6 7 6 5 4 3 6 5 4 5 7 8 7 5 6 6 6 6 6 6 6 6 4 5 6 6 6 7 9 11 7 8 8 9 9 8 6 5 0 4 7 6 1 1 4 8 12 10 9 10 12 14 14 13 6 5 4 6 7 7 6 4 6 5 5 5 7 7 6 4 1 3 6 6 6 5 7 8 8 9 9 9 7 7 7 8 4 4 5 6 6 5 4 2 4 3 3 3 3 4 7 8 7 6 5 2 1 3 6 8 2 4 4 1 1 5 6 4 2 2 3 4 5 7 8 8 3 6 9 9 8 6 6 7 4 8 10 10 6 5 7 10 11 11 11 9 6 5 6 7 10 15 17 12 10 12 13 12 13 13 11 7 8 13 14 11 4 5 5 7 9 11 13 15 12 19 19 18 24 29 43 69 110 142 183 204 212 217 223 229 230 229 229 228 229 231 232 233 232 232 232 233 233 234 234 234 234 231 232 235 236 234 234 238 234 236 238 238 237 236 237 238 237 235 234 234 236 238 237 237 237 237 237 238 238 239 240 241 234 236 238 240 242 243 243 243 234 233 234 238 239 237 238 243 242 242 242 241 239 240 242 244 242 245 247 245 240 237 239 242 236 239 243 245
216 216 216 216 216 216 216 216 216 217 217 218 218 217 217 216 217 217 217 217 217 217 217 217 217 217 217 217 217 217 217 217 217 217 217 217 217 217 217 217 217 217 217 217 217 217 217 217 218 218 219 219 219 218 217 216 218 218 217 217 217 218 219 220 217 218 218 216 215 215 217 220 217 217 216 216 216 217 218 219 219 219 219 220 221 221 222 222 221 221 221 221 221 221 221 221 221 221 221 220 220 219 219 219 222 221 220 218 217 217 217 218 220 220 220 219 219 219 218 218 218 219 219 220 220 219 219 218 216 215 216 217 219 220 217 213 211 206 205 195 187 187 173 141 85 60 31 18 20 21 24 22 17 15 13 13 15 17 19 19 19 16 13 11 10 11 12 13 14 13 12 11 10 10 10 11 9 10 11 11 10 10 11 13 14 14 13 12 11 10 9 9 15 14 13 12 11 10 9 8 12 11 10 9 9 10 11 12 9 9 10 9 10 12 15 16 9 10 12 13 14 14 15 13 9 8 9 9 8 6 5 3 10 9 8 9 11 12 11 9 10 9 8 7 7 8 9 10 9 8 7 7 9 10 10 10 6 7 8 9 9 8 5 4 2 4 5 4 0 0 4 8 11 9 8 9 11 13 13 13 5 5 6 8 10 10 8 6 9 8 7 7 9 9 8 7 6 8 9 8 8 8 10 12 9 10 11 8 5 4 7 10 8 8 9 10 10 9 8 6 8 7 7 6 6 6 9 9 11 9 7 5 5 5 7 8 6 9 8 5 6 10 11 8 5 5 4 4 5 5 6 7 9 7 6 7 8 8 5 4 6 9 10 10 7 6 7 9 13 13 12 10 7 6 6 8 12 15 16 11 9 12 13 12 12 12 10 6 8 13 13 9 11 11 12 12 14 15 17 18 12 20 19 18 23 30 46 70 116 148 184 203 209 215 223 227 231 231 231 231 231 231 231 231 232 232 232 233 233 234 234 234 237 234 234 237 237 234 234 237 237 238 238 237 235 235 236 238 238 237 237 238 240 241 239 238 237 237 237 237 237 238 238 238 236 238 242 245 246 245 242 240 238 238 240 243 239 234 234 238 243 244 244 242 241 240 242 244 244 246 247 245 241 239 240 242 238 240 242 242
215 215 215 215 215 215 215 215 216 217 217 218 218 217 217 216 217 217 217 217 217 217 217 217 217 217 217 217 217 217 217 217 218 218 218 218 218 218 218 218 219 219 219 219 219 219 219 219 219 219 219 219 218 217 217 216 218 218 218 218 218 218 218 219 218 218 217 215 214 215 218 221 218 217 216 215 215 216 218 219 218 219 220 220 221 221 222 222 221 221 221 221 221 221 221 221 221 221 221 220 220 219 219 219 221 220 220 219 219 218 218 218 219 219 219 218 218 217 217 217 218 219 219 220 220 219 219 218 216 215 216 217 219 219 216 213 207 201 202 195 188 188 177 149 89 67 40 23 21 20 22 19 15 13 12 12 13 15 15 14 17 16 15 14 14 13 12 12 14 13 12 11 12 12 14 14 11 12 13 14 14 14 14 14 15 14 13 12 10 9 8 8 14 14 13 12 11 11 10 10 15 14 13 12 12 13 14 15 9 9 11 11 12 13 15 15 8 9 11 12 13 13 15 13 10 10 11 12 11 10 8 7 17 15 13 12 13 12 10 8 11 10 7 6 6 7 10 11 14 10 7 8 11 12 11 8 6 7 9 10 10 9 5 4 7 8 8 6 3 4 8 12 11 10 8 9 12 14 14 13 10 9 9 11 12 11 7 5 9 7 6 6 7 8 8 6 10 11 11 10 9 10 13 15 10 11 11 8 3 3 7 11 11 11 12 12 12 12 11 9 9 7 7 6 5 5 7 8 13 11 9 7 7 7 8 7 8 11 10 7 8 12 13 10 8 7 6 5 5 5 6 6 13 9 4 5 8 9 5 1 4 7 8 10 9 9 10 13 11 12 12 10 8 7 8 10 8 11 12 9 9 14 16 15 9 10 8 5 6 10 10 6 15 15 14 15 15 17 18 18 16 22 19 18 23 28 44 70 101 137 180 206 214 215 218 220 229 230 231 231 232 232 231 231 232 232 232 233 233 234 234 234 238 235 235 237 237 233 233 236 239 239 239 236 234 234 236 238 238 238 238 240 242 242 240 238 238 238 238 238 237 236 236 235 238 240 243 245 245 243 240 238 244 244 246 246 239 229 227 231 241 242 244 243 242 242 244 246 242 244 246 246 244 243 245 247 245 245 244 242
215 215 215 215 215 215 215 215 216 217 217 218 218 217 217 216 217 217 217 217 217 217 217 217 217 217 217 217 217 217 217 217 217 217 217 217 217 217 217 217 214 214 214 214 214 214 214 214 219 218 218 217 216 216 216 216 217 217 217 217 217 217 217 216 217 217 216 214 213 214 217 220 218 217 215 214 214 215 216 218 220 221 221 221 222 222 222 222 221 221 221 221 221 221 221 221 221 221 221 220 220 219 219 219 219 220 220 221 221 222 222 222 219 219 218 218 217 217 217 217 218 219 219 220 220 219 219 218 216 215 216 217 218 218 215 211 209 203 204 199 192 190 181 157 90 72 45 24 18 17 17 13 15 13 12 12 13 15 15 14 14 15 17 18 17 15 11 9 7 7 7 8 9 11 12 13 9 10 10 12 13 13 12 11 14 14 13 12 10 9 8 7 12 12 12 12 12 12 12 12 11 11 11 10 10 11 11 11 7 9 13 14 15 14 13 12 9 10 12 13 14 14 15 13 6 7 8 10 10 10 9 8 14 12 10 10 10 9 8 6 10 8 6 5 5 6 8 10 11 8 5 5 8 9 8 5 9 9 10 11 11 10 7 7 10 10 9 8 6 7 11 14 13 11 10 11 13 15 15 14 8 7 7 8 9 8 5 3 7 5 3 2 4 5 5 4 9 9 9 8 6 7 10 12 11 12 11 7 4 3 7 10 8 8 9 10 10 9 8 6 6 4 4 3 2 2 4 5 10 7 4 3 4 5 4 2 5 7 7 4 4 8 9 7 12 11 8 6 6 6 7 8 15 9 4 4 8 10 5 0 5 7 8 10 11 12 12 13 9 10 11 10 9 9 11 13 8 11 11 9 11 15 16 13 10 11 9 7 8 12 11 7 12 11 11 11 12 13 14 14 20 24 20 18 21 26 42 67 93 132 178 206 216 217 218 220 223 226 228 230 231 232 232 232 232 232 232 233 233 234 234 234 238 235 234 236 236 232 231 234 239 239 239 236 234 234 236 238 237 237 238 240 242 242 239 237 238 238 238 238 238 236 235 234 242 241 241 241 240 240 240 239 241 241 242 242 236 227 224 227 238 240 242 244 243 244 246 248 242 243 244 244 243 243 244 245 247 247 245 242
216 216 216 216 216 216 216 216 216 217 217 218 218 217 217 216 217 217 217 217 217 217 217 217 217 217 217 217 217 217 217 217 216 216 216 216 216 216 216 216 216 216 216 216 216 216 216 216 219 218 217 216 216 216 217 217 217 217 218 218 218 217 216 215 216 217 217 215 214 214 216 219 218 217 216 215 215 215 216 217 220 221 222 222 222 222 222 222 221 221 221 221 221 221 221 221 221 221 221 220 220 219 219 219 218 219 220 222 223 223 223 222 219 219 219 218 218 217 217 217 218 219 219 220 220 219 219 218 217 215 216 217 218 218 215 211 209 202 202 197 188 184 176 154 105 87 59 31 20 18 21 17 17 15 13 13 15 17 19 19 13 14 17 19 18 15 11 8 7 8 9 11 12 13 13 12 11 10 11 13 15 15 13 10 13 13 12 11 10 9 8 8 11 12 12 12 13 13 14 14 12 12 12 12 12 12 12 12 6 8 13 15 15 13 11 9 13 14 15 16 16 15 16 14 8 8 10 12 13 13 12 12 12 10 9 10 12 13 12 11 14 13 11 11 11 11 13 14 12 11 9 9 10 11 10 10 11 11 11 11 11 11 9 9 9 8 8 7 6 8 10 11 13 12 10 11 14 15 16 15 9 7 6 8 10 11 10 9 12 10 7 7 8 10 10 10 11 12 12 11 10 10 12 13 13 11 9 7 6 6 6 6 9 10 11 11 11 11 10 7 9 7 7 7 6 7 9 9 10 7 5 5 7 8 6 3 5 8 8 5 5 9 10 7 14 12 9 7 6 6 8 9 13 8 5 5 9 9 5 0 9 10 9 11 11 12 11 11 9 11 11 10 9 9 11 13 12 14 14 11 13 15 13 8 12 14 13 11 12 16 15 10 13 13 13 13 14 15 16 16 20 24 20 15 20 23 39 63 101 136 178 202 212 217 222 228 223 225 226 228 230 231 232 233 232 232 232 233 233 234 234 234 237 234 234 236 236 232 232 234 237 238 238 237 235 235 236 238 238 237 237 238 240 241 239 238 237 238 239 240 239 237 236 234 243 241 239 237 236 237 239 241 240 238 238 241 241 237 235 236 237 239 242 243 243 244 245 247 244 243 242 241 240 239 238 238 243 243 243 242
216 216 216 216 216 216 216 216 216 217 217 218 218 217 217 216 217 217 217 217 217 217 217 217 217 217 217 217 217 217 217 217 216 216 216 216 216 216 216 216 219 219 219 219 219 219 219 219 218 217 216 216 216 217 218 219 217 217 218 219 218 217 215 214 215 216 217 217 215 215 216 217 217 217 217 217 216 216 215 215 220 220 220 220 220 220 220 220 221 221 221 221 221 221 221 221 221 221 221 220 220 219 219 219 218 219 221 222 222 221 220 219 220 219 219 219 218 218 218 218 218 219 219 220 220 219 219 218 217 216 216 216 217 217 214 210 207 199 200 196 186 182 175 155 134 113 76 38 21 18 22 21 17 14 12 12 14 17 20 21 15 15 15 15 14 13 11 10 10 12 14 16 16 14 12 10 11 11 11 14 16 16 13 10 12 11 11 10 10 9 9 9 13 13 13 13 13 13 12 12 14 14 15 15 15 15 14 14 7 8 11 12 12 11 11 10 14 15 16 16 15 14 14 12 12 12 14 15 15 14 13 12 14 12 11 12 14 15 14 13 14 14 14 14 14 14 14 14 14 14 15 14 13 13 15 17 12 11 9 8 8 9 9 10 7 7 7 8 8 9 9 9 12 11 9 10 13 14 15 14 13 11 8 7 9 11 12 11 17 14 11 10 12 14 15 14 13 15 16 16 15 14 14 15 14 10 7 7 9 9 6 2 12 12 13 13 13 13 12 10 10 9 9 9 9 10 13 14 12 8 6 7 11 12 10 6 7 12 11 8 8 12 13 11 15 13 10 7 7 8 10 9 9 7 6 8 9 9 4 1 8 9 8 10 13 14 13 13 13 13 13 11 9 8 9 11 12 14 15 14 16 18 13 7 12 14 13 11 13 16 14 10 17 17 17 17 18 20 21 21 19 23 19 13 17 23 37 63 97 131 174 197 208 215 222 227 227 228 228 228 229 231 233 234 232 232 232 233 233 234 234 234 238 235 234 237 237 234 234 237 234 236 238 238 237 236 237 238 240 238 237 237 239 241 241 240 237 238 240 241 241 239 237 236 243 241 239 237 237 238 240 241 243 238 236 242 247 247 245 245 238 241 243 244 242 241 241 242 245 244 243 242 241 241 239 238 239 241 242 241
217 217 217 217 217 217 217 217 216 217 217 218 218 217 217 216 217 217 217 217 217 217 217 217 217 217 217 217 217 217 217 217 215 215 215 215 215 215 215 215 216 216 216 216 216 216 216 216 217 216 215 215 216 217 219 220 217 218 218 219 218 217 215 214 214 216 218 218 216 215 215 216 216 217 218 218 217 216 214 214 218 218 219 218 219 218 219 218 221 220 221 220 221 220 221 220 221 220 221 219 220 218 219 218 219 219 221 220 220 218 217 215 220 219 220 218 219 218 218 217 218 218 219 219 220 218 219 217 217 216 215 215 216 216 214 210 208 201 202 202 193 191 185 168 154 130 85 38 11 9 14 15 15 13 10 8 11 15 18 20 17 16 13 11 10 11 12 13 9 11 13 15 13 10 5 2 6 5 6 9 12 12 8 4 10 10 10 10 10 10 10 9 16 15 15 14 12 11 11 10 10 10 11 12 12 11 10 8 10 9 10 9 8 9 11 12 13 13 14 13 12 10 9 8 9 10 11 11 10 9 7 5 14 12 10 9 10 8 7 5 6 6 8 8 9 7 7 6 9 11 14 12 10 9 13 15 12 10 8 6 6 8 8 10 8 8 8 10 12 11 12 11 11 9 8 9 11 13 13 13 15 11 6 3 2 3 4 3 12 10 7 6 7 9 10 10 9 12 14 15 13 11 11 11 15 10 5 7 11 11 6 0 8 8 9 10 10 9 8 8 4 4 4 4 4 5 6 7 7 4 1 4 8 10 7 4 5 8 7 4 5 8 9 5 14 9 6 4 4 5 7 9 6 7 7 9 10 9 4 2 4 5 5 10 14 18 18 18 16 16 15 12 8 6 6 8 8 10 13 14 18 20 16 8 9 11 10 8 10 13 11 7 15 14 15 15 17 17 20 20 17 21 17 13 17 23 38 65 84 121 167 194 206 212 218 221 231 232 230 228 229 230 232 234 232 232 232 233 233 234 234 234 238 235 235 239 239 236 236 239 233 235 238 239 238 237 237 238 242 240 237 237 239 241 242 242 237 238 240 242 242 240 238 237 241 241 240 239 239 239 240 241 245 236 232 238 245 246 244 243 240 242 244 244 241 239 238 238 245 244 244 244 246 247 246 245 240 242 242 241
214 213 213 215 217 218 216 215 214 214 214 215 215 216 216 216 217 217 217 217 217 217 218 218 216 216 216 216 216 216 216 216 214 215 217 217 217 217 215 214 216 216 216 216 216 216 216 216 217 215 213 213 215 218 218 218 214 215 217 218 219 219 218 217 213 215 218 219 218 217 217 218 216 216 216 216 216 216 216 216 215 216 220 219 221 218 218 215 216 216 220 218 219 217 220 219 219 218 220 219 219 215 214 211 217 215 217 214 216 213 215 213 217 215 216 214 218 216 218 215 217 215 217 215 217 215 217 215 213 213 214 214 214 213 212 211 205 207 206 205 204 202 192 179 157 119 67 30 19 11 14 30 19 18 16 14 13 13 14 15 6 10 11 9 9 11 10 6 4 3 3 7 11 12 9 6 7 8 10 13 15 13 9 5 5 10 16 18 17 15 15 16 10 11 12 12 10 10 11 12 10 10 10 10 10 10 10 10 11 11 13 14 14 13 14 13 13 9 9 10 10 7 8 12 14 14 14 14 14 14 13 13 11 11 13 12 14 11 9 9 8 11 13 8 11 12 14 10 7 7 10 7 7 5 10 11 6 9 12 11 10 10 14 18 12 10 10 13 16 14 11 7 1 6 11 11 8 7 11 15 9 7 5 5 6 8 8 8 7 11 5 4 12 12 8 13 7 8 9 10 10 10 10 9 9 4 0 1 5 7 6 2 8 9 11 12 12 12 12 11 8 6 5 5 5 7 9 10 6 4 5 5 6 9 12 15 10 9 6 7 9 10 9 7 8 5 3 4 7 9 9 9 6 5 4 5 7 8 6 5 16 14 11 12 15 18 18 18 7 9 10 10 8 8 8 10 7 7 11 12 14 15 15 15 7 11 14 16 16 14 12 10 16 15 18 15 15 12 15 17 12 20 22 23 23 19 31 56 80 122 165 194 214 217 219 229 225 226 227 227 226 228 231 234 226 227 229 231 232 232 231 231 235 236 237 238 238 237 236 235 231 233 237 238 237 237 237 238 238 237 236 237 239 240 239 238 233 236 239 241 241 240 241 242 238 237 236 238 240 243 244 244 242 242 242 242 242 242 243 243 235 240 242 239 237 239 240 238 241 240 240 241 243 246 250 252 237 237 237 237
216 215 214 215 217 216 215 213 214 214 214 215 215 216 216 216 216 216 216 216 216 216 216 217 216 216 216 216 216 216 216 216 215 216 217 218 218 217 216 215 216 216 216 216 216 216 216 216 217 215 213 213 215 217 218 218 215 216 217 217 217 216 215 214 212 214 217 218 217 216 216 217 216 216 216 216 216 216 216 216 216 216 218 218 218 218 216 216 214 216 218 218 217 217 217 219 218 217 216 215 214 214 214 214 216 216 216 215 215 215 214 214 215 215 214 214 215 216 215 214 214 214 214 214 214 214 214 214 212 213 213 213 211 210 209 209 206 208 204 202 203 203 196 184 155 118 68 36 24 16 14 23 18 19 17 13 12 12 12 13 12 15 16 12 11 12 10 6 8 6 6 8 11 12 10 8 11 10 9 10 11 12 10 9 8 12 15 15 13 11 11 12 11 11 11 11 11 12 12 11 10 10 9 9 9 9 10 10 5 6 8 9 10 9 10 9 14 10 10 11 11 8 9 13 11 11 11 11 11 11 10 10 11 12 11 12 12 11 9 8 7 10 11 8 8 12 12 9 8 10 11 10 8 8 11 13 7 7 8 7 6 6 7 9 13 13 14 15 17 16 13 11 7 10 12 11 9 8 11 13 9 7 4 4 6 7 7 7 11 14 8 6 13 11 6 10 7 7 8 9 10 10 9 8 12 6 3 3 7 9 10 7 6 7 8 9 9 9 9 8 8 7 5 6 5 6 7 8 7 6 7 6 7 9 12 13 11 10 6 7 8 9 7 5 10 8 4 4 6 8 6 6 9 8 7 8 10 10 8 7 22 22 21 22 23 21 16 13 7 8 9 9 7 6 6 8 9 10 12 13 11 9 7 6 7 9 12 13 13 12 10 9 8 9 11 11 11 12 14 16 22 24 21 26 33 32 42 64 79 118 158 185 205 211 215 224 226 227 228 228 227 229 232 235 226 228 229 231 232 232 231 231 233 234 235 236 236 235 234 233 232 234 236 237 236 236 237 239 236 236 236 236 237 238 238 237 233 236 239 240 239 238 238 239 242 239 237 236 238 241 245 246 239 239 239 238 238 237 237 237 236 242 244 241 240 243 243 242 241 240 239 240 241 244 247 249 237 237 238 238
218 216 215 215 216 215 213 211 214 214 214 215 215 216 216 216 215 215 215 215 215 215 215 215 216 216 216 216 216 216 216 216 216 217 217 218 218 217 217 216 216 216 216 216 216 216 216 216 218 215 213 213 215 217 217 217 216 216 216 216 215 214 213 212 211 214 216 217 216 215 215 215 216 216 216 216 216 216 216 216 216 217 217 218 218 217 217 216 214 216 218 218 217 216 217 218 218 216 214 213 213 214 216 218 217 217 216 216 216 215 215 215 215 215 215 215 215 214 214 214 213 213 213 213 213 213 213 213 213 213 213 212 210 209 207 206 209 208 203 200 201 202 198 187 152 119 78 46 29 20 14 16 17 15 13 12 11 10 11 11 12 15 14 9 7 8 5 1 12 10 8 9 10 11 11 10 15 12 8 7 8 11 12 13 12 13 14 12 10 8 8 9 12 10 8 10 13 15 13 11 10 9 9 8 8 9 9 10 3 4 6 7 7 7 9 9 11 7 7 10 9 7 7 10 10 10 10 10 10 10 9 9 11 12 11 11 11 11 9 8 6 10 10 7 8 11 11 8 5 6 7 6 5 5 7 10 10 7 5 4 4 4 3 2 10 13 15 16 14 13 12 12 14 13 12 10 9 10 11 12 11 9 7 7 8 9 9 8 14 17 11 8 14 11 5 8 7 7 8 9 9 9 9 7 8 3 0 0 3 6 8 6 7 7 9 9 8 8 7 6 7 7 6 7 6 5 5 5 6 4 5 4 5 5 8 8 12 10 7 7 7 7 5 3 12 10 6 5 6 7 5 4 8 6 5 5 7 7 5 3 9 13 17 23 27 25 18 13 9 10 11 10 7 6 6 7 8 10 12 12 10 7 4 2 9 9 10 11 11 11 11 10 7 9 10 10 10 11 13 16 25 21 13 19 35 40 52 72 93 127 158 180 200 210 215 223 223 224 226 226 225 226 229 232 227 228 229 231 231 231 231 231 231 232 233 233 233 233 232 231 234 235 236 236 235 235 238 240 235 235 235 236 236 236 237 237 233 236 238 239 237 236 236 236 244 241 238 235 236 239 243 247 238 237 237 236 236 235 235 235 233 238 241 238 238 241 242 240 241 240 240 239 240 242 244 245 237 238 239 239
217 215 215 215 216 216 214 212 214 214 214 215 215 216 216 216 215 215 214 214 214 214 213 213 216 216 216 216 216 216 216 216 217 217 217 218 218 217 217 217 216 216 216 216 216 216 216 216 218 215 213 213 214 216 216 216 216 216 216 216 215 215 214 214 212 215 217 218 216 215 215 215 216 216 216 216 216 216 216 216 217 217 217 217 217 217 217 217 215 217 219 219 217 216 217 218 217 216 215 215 215 217 218 219 216 216 215 215 215 214 214 214 214 215 216 215 214 213 213 214 212 212 212 212 212 212 212 212 214 214 214 213 210 209 207 206 209 208 203 199 199 200 195 186 153 128 97 60 29 15 15 11 15 15 13 11 9 9 10 11 11 13 12 8 5 6 5 1 14 12 10 9 9 9 10 10 16 13 9 8 9 12 13 14 15 14 12 10 9 8 9 10 13 9 7 9 14 17 14 10 10 9 8 7 7 8 9 10 5 6 7 8 9 9 12 12 11 8 9 11 11 8 9 12 12 12 12 12 12 12 11 11 10 11 9 9 9 9 8 7 6 9 10 7 7 11 11 8 4 4 4 4 4 5 6 7 13 10 6 6 8 8 6 3 12 16 19 19 15 14 15 17 17 14 10 9 10 11 12 11 13 12 10 10 11 12 11 10 13 17 11 8 15 11 5 8 7 8 9 9 9 9 8 7 6 2 0 0 1 4 7 7 10 10 11 11 10 9 8 7 7 7 7 7 6 5 3 2 5 4 6 5 6 7 9 10 13 11 7 7 7 6 3 1 10 8 4 4 5 7 5 5 7 5 4 4 5 6 3 2 1 5 11 19 24 23 17 12 12 13 13 12 9 7 7 8 2 5 8 11 11 9 6 5 12 12 12 12 12 12 12 12 14 14 14 12 11 10 12 16 23 19 8 13 31 43 62 88 115 146 168 182 201 211 215 223 223 225 227 227 227 228 230 232 228 229 229 230 231 231 231 231 232 232 232 232 232 232 232 232 235 236 236 235 234 235 238 240 235 236 237 237 236 236 237 238 235 237 239 239 237 235 234 235 242 241 238 236 235 236 240 243 238 238 238 238 238 238 239 239 232 237 240 238 238 241 243 241 243 242 241 240 240 241 242 243 237 238 240 241
214 213 213 215 217 217 216 214 214 214 214 215 215 216 216 216 215 215 214 214 213 213 213 212 216 216 216 216 216 216 216 216 217 217 217 217 217 217 217 217 216 216 216 216 216 216 216 216 218 215 213 212 214 215 215 215 216 216 216 216 217 217 218 218 214 217 219 219 217 216 215 216 216 216 216 216 216 216 216 216 217 217 217 217 217 217 217 217 215 217 219 219 217 216 216 217 215 216 217 219 220 219 219 218 214 214 214 213 213 213 212 212 214 215 216 215 212 211 212 214 212 212 212 212 212 212 212 212 216 215 215 214 212 210 208 207 208 208 204 201 200 198 190 180 161 144 123 78 27 10 17 13 16 15 13 11 10 10 11 12 13 16 15 11 10 12 12 9 13 12 11 9 7 7 9 10 14 12 11 11 13 14 13 12 16 14 12 11 11 12 13 14 14 10 7 10 15 17 14 10 11 10 8 7 7 8 10 11 8 8 9 9 10 10 13 13 14 11 13 16 16 13 13 16 12 12 12 12 12 12 11 11 9 9 7 7 7 7 6 6 7 10 10 7 8 11 11 9 9 8 7 8 8 10 10 10 14 10 7 8 11 12 11 8 18 21 24 23 20 18 20 22 16 13 10 9 10 12 13 13 13 12 11 11 12 12 10 8 9 14 9 8 16 13 7 10 9 9 10 10 10 9 9 7 10 7 5 4 5 7 10 11 10 10 11 11 11 10 8 8 7 8 7 8 7 5 4 3 6 6 9 9 12 13 15 16 14 12 8 7 7 6 3 1 7 5 2 3 5 7 6 6 10 9 8 8 10 10 8 7 12 13 14 17 19 18 12 9 11 12 13 11 8 7 6 7 1 3 7 10 11 11 9 8 12 12 12 12 12 12 12 12 17 17 16 14 12 12 15 17 24 22 13 14 28 42 72 107 133 162 180 186 201 210 212 217 226 228 231 231 231 231 233 235 230 230 229 230 230 230 231 231 234 234 233 233 233 233 234 234 236 236 236 235 234 234 237 240 235 237 239 239 237 236 238 240 237 239 241 240 238 236 235 235 236 238 239 238 236 235 236 238 237 237 238 239 240 241 242 242 236 242 245 243 243 246 248 246 244 244 243 242 242 242 242 242 238 239 240 242
213 213 213 215 217 218 217 215 214 214 214 215 215 216 216 216 216 216 215 214 214 213 212 212 216 216 216 216 216 216 216 216 217 216 216 215 215 216 216 217 216 216 216 216 216 216 216 216 218 216 213 212 213 215 215 214 216 216 216 216 217 218 219 220 215 218 220 220 218 216 216 216 216 216 216 216 216 216 216 216 218 217 217 216 216 217 217 218 216 218 219 219 217 215 216 217 214 215 218 220 220 220 218 217 213 213 213 212 212 212 211 211 213 216 217 215 211 210 211 214 212 212 212 212 212 212 212 212 215 215 215 215 212 211 210 209 207 208 204 201 200 199 190 179 170 160 147 95 27 9 20 14 16 17 15 13 12 12 13 14 11 14 13 10 10 13 14 12 11 12 12 10 8 8 9 10 13 12 13 14 16 15 13 10 16 13 11 12 14 16 17 16 15 12 10 11 14 15 13 10 13 11 9 8 8 9 11 13 9 8 8 8 8 8 11 11 10 7 9 13 13 10 10 12 10 10 10 10 10 10 9 9 10 9 6 6 6 6 6 7 8 11 11 8 9 12 13 10 9 8 6 7 9 10 10 9 11 10 9 9 11 13 13 12 17 18 19 18 17 16 17 19 15 15 14 12 12 12 14 15 12 10 9 10 11 10 8 5 6 13 9 10 18 16 10 14 11 11 12 12 11 11 10 8 9 7 8 7 6 6 8 8 8 8 10 10 10 9 8 8 8 9 7 8 7 7 6 6 3 3 7 8 11 11 14 14 15 13 9 8 8 7 4 2 7 5 2 3 6 8 8 8 9 8 7 8 10 11 9 8 11 10 9 10 13 15 13 12 9 10 11 9 7 6 6 7 7 8 10 11 10 10 9 9 9 12 12 13 12 11 10 10 12 13 13 12 11 13 17 21 21 21 15 15 24 36 68 108 142 175 193 197 207 215 216 218 222 225 227 228 228 228 229 231 231 230 230 229 229 230 231 231 236 235 234 234 234 234 235 236 235 236 237 236 235 234 236 238 235 238 240 240 237 236 239 242 236 238 241 240 238 236 235 236 233 237 240 240 237 234 235 237 236 236 237 238 239 240 241 241 236 241 244 242 241 244 245 244 244 244 243 243 242 242 242 241 239 240 241 243
215 214 214 215 217 217 215 213 214 214 214 215 215 216 216 216 217 217 216 215 214 213 213 212 216 216 216 216 216 216 216 216 216 215 214 213 213 214 215 216 216 216 216 216 216 216 216 216 218 216 213 212 213 214 214 213 217 216 215 215 215 216 217 218 215 217 219 219 217 215 214 215 216 216 216 216 216 216 216 216 218 218 216 216 216 216 218 218 216 218 219 219 217 215 215 216 215 215 216 216 216 216 216 216 214 214 213 213 213 212 212 212 212 216 218 216 211 208 211 214 213 213 213 213 213 213 213 213 213 213 213 213 212 211 210 209 209 208 204 200 200 201 196 187 178 170 162 109 35 16 24 12 17 17 15 13 15 15 17 17 11 13 12 8 8 12 13 11 10 12 14 13 11 9 10 12 14 13 13 14 16 16 14 11 16 14 12 13 15 17 16 15 15 14 14 13 13 12 11 11 14 13 10 8 8 10 13 14 11 10 9 8 7 7 10 10 7 5 7 11 12 8 8 10 11 11 11 11 11 11 10 10 12 11 8 7 7 8 8 9 9 12 12 10 10 13 14 11 9 6 4 5 8 10 9 7 11 12 13 12 11 12 14 16 16 15 14 14 15 16 15 15 18 20 21 19 15 12 14 16 13 12 12 12 13 12 9 7 9 14 11 12 20 18 12 15 12 12 12 12 12 11 10 9 7 7 9 8 6 4 5 5 8 8 10 11 11 11 10 10 9 9 7 7 7 8 9 10 3 3 7 7 10 9 11 11 15 13 9 9 10 9 6 5 10 8 5 5 8 10 8 8 6 5 5 7 10 11 10 9 8 7 6 8 12 16 17 17 10 11 12 12 10 9 9 11 13 12 12 12 10 10 11 11 12 13 15 16 15 13 11 10 14 14 14 12 13 15 20 22 21 23 19 17 24 32 59 95 139 176 199 204 213 219 221 224 219 222 225 226 226 226 227 228 232 231 230 229 229 229 230 231 236 235 234 233 233 234 235 236 234 236 238 238 236 235 235 236 233 237 240 239 236 234 237 241 234 236 239 239 237 235 235 235 235 239 242 240 237 235 238 242 239 239 239 239 239 238 238 238 233 238 240 238 237 239 240 238 242 242 242 242 242 241 240 240 240 240 242 243
217 216 215 215 216 216 213 211 214 214 214 215 215 216 216 216 218 217 216 216 215 214 213 213 216 216 216 216 216 216 216 216 215 214 213 212 212 213 214 215 216 216 216 216 216 216 216 216 218 216 213 212 213 214 214 213 218 217 215 214 213 213 214 215 214 216 218 218 216 213 213 213 216 216 216 216 216 216 216 216 219 218 216 215 215 216 218 219 216 218 220 219 217 215 215 216 216 215 213 212 212 213 215 216 215 215 215 214 214 213 213 213 212 216 218 216 210 208 210 214 213 213 213 213 213 213 213 213 211 211 212 212 211 210 209 209 210 209 203 199 200 204 201 195 182 174 169 116 41 22 28 8 18 18 16 15 16 17 18 19 16 18 17 12 12 16 17 15 9 13 16 16 14 12 12 14 16 14 13 13 14 15 15 13 16 14 12 13 16 16 14 12 15 16 16 14 12 10 10 11 15 14 11 9 9 11 14 15 14 12 11 9 8 8 10 11 12 10 13 17 18 14 13 16 14 14 14 14 14 14 13 13 14 13 9 9 9 9 10 11 10 13 13 10 11 14 15 12 13 10 8 9 12 14 13 11 14 17 18 16 13 12 15 18 23 20 17 18 21 23 21 19 21 25 27 24 17 12 13 16 17 16 16 17 17 16 13 10 12 17 15 15 23 20 13 16 13 13 13 13 13 12 11 8 11 12 15 14 12 8 8 7 10 11 13 14 14 15 14 14 10 10 7 7 7 9 11 13 12 12 15 15 16 15 16 15 15 14 10 10 11 10 8 6 15 12 9 8 9 10 9 8 10 9 9 11 14 16 15 14 22 20 16 16 17 18 16 15 14 15 16 16 15 14 15 16 14 13 12 11 11 12 14 15 17 18 21 22 22 19 16 14 21 21 19 16 15 16 20 23 26 29 26 25 32 35 55 87 125 168 197 201 210 219 220 222 224 227 231 232 232 231 232 233 232 231 230 228 228 229 230 231 236 235 233 233 233 233 235 236 233 236 238 239 237 235 235 235 232 236 239 238 234 233 236 240 232 234 237 237 236 234 234 235 238 241 242 240 236 236 241 247 244 243 242 241 240 238 237 237 235 240 242 239 238 240 240 238 239 240 240 241 241 240 239 239 240 241 242 243
214 214 213 212 213 214 215 217 210 211 213 214 215 215 214 213 216 216 216 216 216 216 216 216 212 213 215 216 216 215 213 212 212 213 215 215 213 213 215 216 216 215 215 214 214 215 216 216 218 214 210 210 213 216 216 215 214 214 214 215 215 216 216 216 214 214 214 214 214 214 214 214 215 216 216 217 217 216 216 215 217 216 214 213 213 214 216 217 215 215 215 215 215 215 215 215 212 213 213 214 214 215 215 216 217 217 216 215 215 216 217 217 215 215 214 213 213 212 211 211 211 211 211 212 212 213 213 214 210 211 212 211 208 207 208 209 207 206 204 203 202 201 200 199 194 173 165 122 39 39 20 20 22 23 21 18 17 16 18 20 15 15 14 15 15 17 18 19 13 14 16 17 18 17 17 16 14 14 14 15 15 15 16 16 18 14 14 18 17 14 17 24 14 16 16 13 9 7 9 11 14 14 13 11 10 10 14 17 13 13 14 14 13 10 10 8 10 8 12 17 19 16 16 19 12 12 12 14 17 17 14 11 16 16 11 7 9 14 13 10 13 11 9 11 15 18 18 16 11 12 12 10 13 17 16 12 15 16 16 15 15 17 21 24 15 16 17 18 21 23 25 27 14 21 22 14 8 10 17 21 9 12 14 13 15 17 14 8 10 12 13 12 14 19 17 13 12 13 13 14 14 15 15 13 9 10 12 12 10 8 10 11 12 8 15 18 13 14 17 11 10 14 14 12 8 8 13 18 13 14 16 10 7 8 17 24 15 17 14 9 8 12 12 10 16 13 9 9 12 14 12 10 10 9 9 11 15 18 19 18 12 15 16 17 16 15 15 15 13 15 17 17 16 16 16 18 9 13 18 18 15 13 13 14 15 15 14 14 14 15 17 17 18 20 22 22 20 20 23 23 20 23 29 34 39 49 64 77 118 153 191 209 211 213 220 228 228 229 230 231 231 231 231 231 233 229 228 230 230 228 229 233 230 230 230 230 230 229 229 229 232 232 234 235 236 237 237 237 238 236 235 235 237 239 239 238 237 234 235 238 239 237 237 241 238 238 240 242 243 243 243 243 235 238 241 241 238 236 237 238 234 236 238 240 241 240 238 237 238 242 246 249 248 245 244 243 236 236 237 238
215 214 213 213 213 214 216 217 212 212 213 214 214 214 213 213 215 215 215 215 215 215 215 215 212 213 215 216 216 215 213 212 212 213 215 215 213 213 215 216 215 215 214 214 214 214 215 215 217 215 212 212 213 214 214 214 214 214 214 215 215 216 216 216 214 214 214 214 214 214 214 214 215 215 216 216 216 216 215 215 216 216 214 214 214 214 216 216 215 215 215 215 215 215 215 215 215 215 215 215 215 216 216 216 213 212 212 211 211 212 212 213 215 215 214 213 213 212 211 211 210 210 211 211 212 212 212 213 209 210 211 210 207 206 207 208 205 204 201 200 199 197 196 195 191 177 164 120 57 58 31 18 16 16 16 14 12 13 15 16 18 18 17 17 17 18 19 20 15 16 17 18 19 18 17 16 12 12 13 15 16 18 19 19 20 16 16 18 17 13 16 22 17 17 17 15 12 11 11 12 15 15 15 13 12 12 15 17 14 14 16 16 14 13 13 12 12 10 13 18 19 17 16 19 16 15 15 16 18 19 16 15 14 15 11 8 10 16 16 13 14 12 11 12 16 19 19 17 11 13 12 11 13 17 17 13 16 17 17 16 15 15 17 19 13 14 15 16 19 22 24 25 13 19 20 13 6 9 14 18 15 16 14 11 12 15 14 9 14 16 16 15 17 21 19 15 12 12 13 13 14 14 14 12 13 14 15 13 10 7 8 8 16 11 16 19 13 15 18 12 11 14 14 13 9 9 13 18 13 14 17 14 12 11 16 19 17 19 16 11 11 14 14 12 14 11 7 7 9 11 8 7 14 12 11 12 15 17 16 15 14 17 17 17 17 16 16 18 10 12 13 13 11 11 11 13 12 15 18 19 16 14 15 17 15 15 15 16 16 16 17 17 18 20 22 22 21 21 25 24 28 26 27 35 45 62 83 101 130 160 193 208 209 213 223 230 227 228 229 230 230 230 229 229 232 229 228 230 230 228 229 232 232 232 232 232 232 232 232 233 233 233 234 235 236 236 236 236 236 234 233 233 235 237 236 236 236 234 234 238 238 235 235 237 237 237 238 238 238 237 236 235 235 238 241 241 238 237 237 238 236 237 238 239 239 239 238 238 237 239 241 242 240 239 240 241 238 238 238 238
215 215 214 214 214 215 216 217 214 214 213 212 212 212 213 213 213 213 213 213 213 213 213 213 212 213 214 215 215 214 213 212 212 213 215 215 213 213 215 216 215 214 213 213 213 213 214 214 214 215 216 214 212 211 212 213 214 214 214 214 215 215 215 215 214 214 214 214 214 214 214 214 214 214 215 215 215 215 214 214 216 215 215 214 214 215 215 216 215 215 215 215 215 215 215 215 217 217 217 216 216 216 216 216 211 211 210 209 209 210 211 211 215 215 214 213 213 212 211 211 210 210 210 210 211 211 211 211 209 210 211 210 207 206 207 208 206 205 202 200 198 196 195 193 188 183 164 127 87 80 41 20 18 18 18 17 17 18 18 20 19 19 18 17 17 17 17 18 16 17 17 18 17 17 16 15 14 15 15 16 17 18 18 19 20 18 17 18 16 14 16 21 21 19 17 17 17 16 15 13 13 14 15 14 13 12 13 15 14 14 15 15 15 14 14 14 16 13 15 19 20 17 16 19 18 16 15 15 17 18 17 16 16 17 12 9 12 17 16 13 13 12 11 12 15 17 17 17 12 14 13 11 14 18 18 13 17 18 19 18 15 13 13 14 11 12 13 15 17 20 22 24 18 24 24 17 12 13 18 20 19 19 15 10 10 14 14 11 13 15 15 13 15 18 17 12 10 11 11 11 11 12 12 12 14 15 16 14 11 8 9 9 19 12 16 18 11 13 17 12 15 18 18 17 13 13 17 21 11 12 16 15 15 13 13 11 17 19 15 11 10 14 14 12 17 15 12 11 12 12 10 9 18 16 13 13 14 15 13 12 15 17 16 16 15 15 17 19 13 15 16 15 13 12 12 13 14 15 17 17 15 14 16 17 14 15 16 17 18 17 17 16 21 23 26 26 28 28 31 30 30 24 23 32 46 70 101 127 146 171 197 207 207 213 224 231 225 226 227 228 228 228 228 227 231 228 227 230 230 227 228 231 233 233 233 233 234 235 236 237 235 235 235 235 235 235 235 235 236 234 233 233 235 237 236 236 235 232 234 237 237 233 231 233 235 236 236 236 236 235 234 234 235 237 240 240 239 237 237 238 240 239 239 238 238 238 238 238 239 239 239 237 235 235 238 240 241 240 238 237
215 215 215 215 215 216 216 217 216 215 213 212 211 211 212 213 213 213 213 213 213 213 213 213 212 213 214 214 214 214 213 212 212 213 215 215 213 213 215 216 214 214 213 212 212 212 213 213 213 216 218 216 212 209 210 212 214 214 214 214 214 214 214 215 214 214 214 214 214 214 214 214 213 214 214 215 215 214 214 213 215 215 215 215 215 215 215 215 215 215 215 215 215 215 215 215 217 217 217 216 215 215 214 214 213 213 212 211 211 212 213 213 214 214 214 213 213 212 212 212 210 210 210 210 210 210 210 210 210 212 212 211 208 207 208 210 209 208 204 202 200 198 196 194 186 183 167 144 119 88 43 24 19 19 18 20 20 22 24 22 18 17 16 15 14 13 13 14 16 16 16 15 15 14 13 13 20 20 19 18 17 15 14 14 18 18 17 17 16 15 18 21 21 18 16 17 19 19 16 12 10 12 14 13 12 11 11 12 12 12 13 13 13 13 14 14 18 15 16 20 19 16 16 19 17 15 12 12 14 15 15 14 18 19 14 11 12 16 14 10 11 10 10 10 12 13 14 15 12 14 13 12 14 18 18 14 14 16 19 18 15 13 11 11 11 12 12 14 16 19 21 22 22 26 27 20 15 17 20 21 18 18 15 11 11 15 15 11 12 14 13 11 12 15 13 8 12 12 12 12 13 13 13 13 11 13 15 15 13 11 13 14 20 13 15 15 8 10 15 10 14 16 15 15 13 13 15 18 12 11 12 12 14 12 10 7 14 16 12 8 8 12 12 10 18 17 15 14 14 13 10 9 18 16 14 13 14 15 13 12 15 16 14 13 12 14 16 19 16 17 18 17 15 13 13 14 14 14 14 14 13 13 15 16 14 16 18 19 20 18 16 15 19 21 24 25 27 27 31 30 27 23 26 33 45 71 111 147 160 181 203 210 210 215 225 230 226 224 225 226 227 227 226 226 230 227 227 230 230 227 227 230 233 233 233 233 234 236 237 239 236 236 235 235 234 234 235 235 238 236 235 235 237 239 239 238 234 232 233 237 236 231 229 231 234 234 236 238 239 239 239 239 235 237 239 240 240 239 238 238 243 241 239 237 236 237 238 239 241 242 241 240 237 237 238 240 242 240 237 235
214 214 214 215 215 216 216 216 216 215 213 212 211 211 212 213 213 213 213 213 213 213 213 213 212 213 213 213 213 213 213 212 212 213 215 215 213 213 215 216 215 214 213 212 212 212 212 212 212 215 217 216 212 209 210 212 214 214 214 214 214 214 214 213 214 214 214 214 214 214 214 214 213 214 214 215 215 214 214 213 215 215 215 215 215 215 215 215 215 215 215 215 215 215 215 215 216 216 215 215 214 213 213 213 214 214 213 213 213 213 214 214 214 214 213 213 213 213 212 212 210 210 210 210 210 210 210 210 212 213 214 213 210 209 210 211 209 208 204 202 200 198 196 194 183 178 169 161 138 81 43 30 18 16 15 17 18 20 22 20 18 17 16 14 13 13 13 13 17 17 16 15 15 14 14 14 21 20 19 18 16 15 14 13 14 16 16 15 14 17 20 22 18 16 14 15 18 18 14 10 10 12 14 14 12 11 12 13 13 13 14 13 13 13 15 15 19 15 16 18 18 15 15 18 17 14 12 11 13 14 13 13 14 16 12 10 12 16 14 10 11 11 11 11 11 12 14 15 12 13 13 11 14 18 17 13 10 13 16 17 15 13 12 11 13 13 14 14 16 18 20 21 18 22 22 16 13 15 17 17 13 15 14 12 14 17 16 11 11 13 12 10 12 14 13 8 14 14 14 14 14 14 14 14 12 13 16 15 13 12 14 14 21 14 17 17 9 11 15 10 8 9 9 10 8 9 10 11 16 13 12 10 12 11 12 11 12 15 11 7 8 12 12 10 13 13 12 11 10 8 6 6 15 13 12 12 14 15 14 13 16 17 15 14 13 15 17 19 13 14 15 14 12 10 10 11 16 15 14 14 14 15 16 16 15 14 16 17 18 17 16 14 14 16 19 21 22 23 25 24 27 28 37 45 51 72 118 162 170 189 209 216 217 218 224 226 226 224 225 226 227 227 226 226 230 227 228 231 231 228 227 230 233 232 231 231 232 234 237 238 237 236 235 234 234 234 235 236 238 236 235 235 237 239 239 238 234 232 233 236 235 231 229 231 235 236 237 239 240 241 241 241 235 236 237 239 240 240 239 237 244 242 239 237 236 237 239 240 240 242 243 243 240 239 238 239 240 238 236 233
212 213 214 215 215 215 214 214 214 214 213 212 212 212 213 213 213 213 213 213 213 213 213 213 212 212 212 212 212 212 212 212 212 213 215 215 213 213 215 216 216 215 214 213 212 212 212 212 213 214 214 213 211 210 211 212 214 214 214 214 213 213 213 213 214 214 214 214 214 214 214 214 214 214 215 215 215 215 214 214 214 215 215 216 216 215 215 214 215 215 215 215 215 215 215 215 214 214 214 214 214 213 213 213 213 213 212 212 212 212 213 213 213 213 213 213 213 213 213 213 211 211 211 211 210 210 210 210 212 213 214 213 210 209 210 211 207 206 203 201 199 197 196 194 179 174 173 170 144 81 61 41 23 19 16 17 19 21 23 21 20 19 18 16 15 15 15 15 18 18 17 16 16 16 16 17 16 16 16 16 17 17 17 17 12 16 16 13 12 16 19 19 14 13 13 14 15 14 12 9 13 14 15 14 13 12 13 15 15 15 15 13 13 13 15 16 17 13 13 15 15 13 13 17 17 15 13 13 14 15 13 12 8 10 8 7 10 15 14 10 11 13 13 13 12 12 14 16 10 12 12 10 13 17 16 12 7 10 14 15 14 13 12 13 15 15 14 14 15 16 17 18 16 20 21 16 14 17 18 17 11 13 13 11 13 17 15 11 11 13 13 11 13 16 14 9 15 14 14 14 14 13 13 13 15 16 18 16 12 9 10 10 21 15 19 19 12 13 17 11 10 11 10 11 11 11 11 11 18 15 15 11 11 12 16 18 14 16 13 9 10 14 14 12 11 13 13 12 10 9 6 7 13 11 10 10 13 14 13 13 17 18 17 17 16 17 18 20 13 14 15 14 12 11 11 13 17 16 15 16 17 18 17 15 14 14 15 15 17 15 15 14 16 18 23 24 24 25 26 25 22 25 39 50 56 74 121 167 177 194 212 220 221 224 225 225 227 226 227 228 228 228 228 227 231 228 229 233 233 229 228 231 234 232 231 230 231 233 235 237 236 235 234 233 233 235 236 237 236 234 233 233 235 237 236 236 236 233 233 235 235 232 232 235 238 238 238 239 238 237 237 236 236 235 236 239 241 241 239 237 243 241 239 237 237 238 240 241 237 239 241 242 240 238 238 238 239 237 236 234
210 211 213 214 214 214 213 212 212 212 213 214 214 214 213 213 211 211 211 211 211 211 211 211 213 212 212 212 212 212 212 213 212 213 215 215 213 213 215 216 218 217 215 214 213 213 213 213 215 213 211 210 211 212 213 212 214 214 214 213 213 212 212 212 214 214 214 214 214 214 214 214 215 215 216 216 216 216 215 215 214 214 216 216 216 216 214 214 215 215 215 215 215 215 215 215 214 214 214 215 215 215 215 215 213 213 212 212 212 212 213 213 213 213 213 213 213 213 213 213 213 212 212 212 211 211 210 210 210 211 212 211 208 207 208 209 207 206 203 202 201 199 198 197 181 179 183 173 145 97 96 61 28 22 15 15 18 21 23 21 19 18 17 16 15 15 15 15 15 14 13 13 13 14 15 16 14 14 15 15 16 16 17 17 14 18 17 11 9 13 15 13 10 12 14 15 13 11 10 10 11 12 12 10 9 9 11 14 14 13 12 10 9 9 11 11 14 10 10 12 13 10 12 16 15 13 12 13 14 14 11 9 8 10 7 6 7 11 8 4 8 10 11 10 8 8 11 14 9 11 11 9 11 16 15 11 8 10 13 13 12 11 11 12 16 15 14 13 13 13 13 13 15 19 20 17 16 19 20 18 14 14 11 8 9 14 14 10 7 9 9 8 10 14 13 8 12 12 11 11 11 10 10 10 14 16 17 15 11 9 10 10 17 11 16 18 11 12 15 9 12 12 11 13 14 14 13 12 13 13 15 12 10 9 15 19 13 15 12 9 9 14 14 13 10 13 15 14 12 10 8 10 12 10 9 9 11 12 11 10 13 15 15 16 15 15 15 17 11 13 14 14 12 12 12 14 14 13 13 15 17 17 15 11 15 13 14 13 14 13 15 14 20 22 26 26 26 26 29 28 21 21 33 50 63 83 126 171 183 197 213 219 222 226 228 227 229 228 229 230 230 230 229 229 231 229 230 234 234 230 229 231 236 234 232 230 230 232 235 237 235 234 233 232 233 235 237 239 236 234 233 233 235 237 236 236 239 235 233 235 236 234 236 240 238 238 238 239 238 237 237 236 236 235 235 238 241 242 240 237 241 240 239 238 239 240 241 242 238 239 239 239 237 237 239 241 238 238 237 237
209 210 212 213 214 213 212 211 210 211 213 214 215 215 214 213 210 210 210 210 210 210 210 210 213 212 212 211 211 212 212 213 212 213 215 215 213 213 215 216 218 218 216 215 214 213 213 214 216 212 208 208 211 214 214 213 214 214 214 213 213 212 212 212 214 214 214 214 214 214 214 214 215 216 216 217 217 216 216 215 213 214 216 217 217 216 214 213 215 215 215 215 215 215 215 215 214 215 215 216 216 217 217 218 215 215 214 213 213 214 215 215 213 213 213 213 213 213 213 213 214 213 213 212 212 211 211 211 208 209 210 209 206 205 206 207 210 208 208 207 206 205 204 202 185 188 193 170 145 115 130 76 25 17 10 8 11 16 18 16 16 15 14 13 13 13 13 14 10 9 8 8 8 10 12 13 17 16 16 15 14 14 13 13 16 20 18 11 8 11 12 8 10 12 16 16 12 10 10 11 8 8 7 5 3 4 7 10 10 8 7 5 3 3 5 5 12 8 8 10 11 9 11 15 11 10 10 11 12 11 7 4 13 14 10 5 4 5 1 0 4 6 7 6 4 3 6 9 8 10 10 8 11 15 14 10 9 11 13 12 11 10 10 10 15 15 13 12 10 10 10 10 10 13 14 12 12 16 17 14 18 16 11 5 5 10 12 10 4 5 7 5 8 11 11 6 11 10 11 9 10 8 9 7 10 12 14 14 12 10 12 13 11 6 12 15 8 9 11 4 7 5 6 8 9 9 8 6 5 8 11 10 6 4 9 14 9 11 10 6 7 10 12 10 4 7 10 10 8 4 5 7 11 10 8 8 10 9 9 8 8 8 12 13 12 10 10 11 5 6 8 8 7 7 8 9 9 8 9 12 15 14 11 6 15 13 13 11 12 13 14 14 16 18 20 21 20 19 22 20 26 21 30 52 74 97 140 180 187 201 212 217 221 224 229 229 230 229 230 231 231 231 231 231 232 230 231 235 235 231 230 232 238 236 233 231 231 232 235 237 235 234 233 232 233 236 238 240 238 236 235 235 237 239 239 238 240 236 234 235 236 235 239 244 235 236 238 239 241 241 241 241 236 235 235 238 241 242 240 237 239 239 239 239 240 241 242 242 241 241 239 237 236 238 243 247 238 238 239 240
211 211 211 211 211 211 211 211 213 214 214 214 214 213 212 211 212 212 212 212 212 212 212 212 212 210 210 211 213 214 213 212 212 211 210 210 211 214 217 219 212 215 217 216 212 211 213 216 215 215 214 215 216 215 212 210 208 211 215 216 215 213 213 213 210 211 212 212 214 214 215 216 213 213 213 213 213 213 213 213 210 211 212 212 213 214 215 215 213 214 214 214 214 214 214 215 216 214 213 215 218 219 215 211 214 214 214 214 214 214 214 214 211 211 211 211 212 213 214 214 209 210 212 213 213 212 210 209 211 210 210 209 209 210 211 211 208 209 208 205 206 208 205 199 189 188 191 165 134 143 140 91 22 17 10 8 11 15 19 21 13 12 10 9 10 12 14 15 12 13 13 13 13 14 16 18 17 16 17 18 18 17 15 12 12 12 13 14 15 13 12 10 7 10 14 15 13 11 13 14 9 8 8 8 10 13 16 16 9 8 8 6 6 7 10 10 6 7 10 11 12 11 10 9 11 7 6 10 12 9 7 9 12 12 12 12 10 9 7 6 7 11 13 11 7 6 10 15 12 15 15 12 12 14 14 11 4 14 21 17 13 11 10 6 3 6 9 12 11 13 14 15 8 10 11 11 10 11 13 15 17 15 13 11 10 10 10 11 5 10 13 9 13 16 15 6 9 10 15 12 11 8 12 12 13 11 10 10 11 12 13 12 8 10 13 14 13 12 12 12 6 3 16 12 11 16 7 13 11 8 7 11 10 7 6 11 4 10 13 10 9 12 15 14 3 11 16 10 6 7 8 8 5 8 10 11 9 9 10 9 9 10 11 11 10 7 8 9 2 0 3 8 10 9 10 13 9 11 12 14 15 13 14 10 13 11 14 15 16 16 15 16 17 17 20 24 23 19 17 18 12 27 29 52 81 106 153 186 191 198 209 216 222 224 224 227 224 225 227 229 231 232 233 233 230 231 232 234 234 233 232 232 236 235 234 233 234 235 237 238 233 233 232 233 234 237 239 240 235 236 237 238 238 238 238 237 233 234 232 229 233 241 244 242 232 234 236 239 241 241 241 241 239 233 232 237 239 235 234 238 234 239 240 237 236 240 243 242 233 236 238 240 240 242 245 247 235 237 240 241
211 211 211 211 211 211 211 211 213 214 214 214 214 213 212 211 212 212 212 212 212 212 212 212 212 211 210 211 213 214 213 212 214 212 211 210 210 211 213 214 213 214 215 215 213 213 214 215 214 213 213 214 215 215 213 210 208 211 215 216 215 213 213 213 211 212 212 213 213 214 214 215 213 213 213 213 213 213 213 213 211 211 212 213 214 214 215 215 214 214 214 214 214 214 214 214 213 212 213 214 215 215 213 211 213 213 213 213 213 213 213 213 212 212 211 211 211 212 213 213 210 210 212 212 212 212 210 210 210 210 209 209 209 209 210 211 208 210 209 206 207 209 207 200 197 188 188 169 152 166 156 104 40 27 15 12 13 12 16 20 15 15 15 15 14 13 12 11 9 10 11 12 12 12 13 14 7 7 10 12 15 16 16 14 12 13 15 15 15 14 14 11 10 12 14 14 11 10 10 11 11 10 9 8 9 11 13 12 13 12 11 10 10 10 13 13 8 8 10 10 11 11 11 11 12 8 8 11 13 10 9 10 10 10 10 11 11 11 12 12 8 11 13 11 7 6 9 13 12 14 13 9 9 12 14 11 10 17 20 13 9 8 8 8 3 5 10 11 13 12 14 14 11 11 12 12 11 12 14 16 15 13 11 10 8 8 8 9 7 11 11 10 12 15 12 6 10 12 12 12 10 8 8 7 11 9 9 9 11 11 12 11 8 10 12 12 10 9 10 10 7 2 11 5 4 9 2 10 12 8 7 9 9 5 5 9 5 11 12 8 5 7 8 7 6 13 14 10 6 7 8 8 6 7 9 9 9 9 7 8 6 8 10 10 6 5 6 7 6 4 5 10 10 8 8 11 13 14 16 18 18 18 18 14 10 8 11 13 15 15 16 15 17 16 17 21 19 17 18 22 20 36 39 65 97 119 159 186 194 200 212 218 224 224 225 225 224 225 227 228 230 231 231 232 229 230 231 233 233 233 232 231 235 234 233 233 233 235 236 237 233 233 232 233 234 236 237 239 234 235 237 238 239 238 237 236 235 237 235 231 231 237 240 240 236 236 237 238 239 239 238 238 239 234 233 238 240 237 237 239 236 240 242 238 237 240 241 239 239 241 241 240 239 238 238 240 237 239 241 241
211 211 211 211 211 211 211 211 213 214 214 214 214 213 212 211 211 211 211 211 211 211 211 211 213 211 211 211 213 214 213 212 215 214 212 210 209 208 209 210 215 213 212 213 214 215 214 213 212 211 211 213 214 215 213 211 209 212 215 215 214 213 213 213 213 213 213 213 213 213 213 213 213 213 213 213 213 213 213 213 212 212 212 213 214 214 215 215 216 215 215 214 214 213 213 212 209 211 213 213 212 211 211 211 212 212 212 212 212 212 212 212 214 213 213 212 212 212 212 213 211 212 212 213 213 212 212 211 210 209 209 208 208 208 209 210 209 210 209 207 208 210 208 200 200 185 179 168 165 183 165 112 65 41 21 17 16 11 14 21 18 18 19 19 17 14 10 8 8 9 11 13 13 13 12 12 4 4 7 10 14 16 16 15 13 13 15 15 14 14 14 12 11 12 13 12 10 8 8 8 12 10 9 8 8 9 10 9 11 9 9 8 7 8 10 10 10 9 9 9 9 10 12 13 14 9 8 12 14 11 10 11 12 11 10 9 10 11 13 14 8 11 13 11 7 5 7 10 11 13 11 6 6 11 13 12 14 18 17 9 5 7 9 10 5 7 11 11 13 11 13 13 12 12 13 13 12 12 14 16 15 14 12 11 9 9 9 9 10 12 12 11 12 14 12 7 12 11 9 8 8 8 6 2 10 9 10 11 13 13 13 10 11 12 13 11 9 8 9 10 9 3 10 2 0 6 1 9 13 9 8 10 9 5 5 9 4 10 10 6 5 7 6 5 10 15 14 9 5 7 8 8 8 7 6 7 9 10 7 6 8 9 11 11 7 6 7 7 10 8 8 11 11 7 6 9 11 12 13 14 15 15 15 12 7 5 9 11 13 14 16 15 17 15 15 17 17 17 21 26 30 46 53 85 122 139 168 185 196 203 214 221 226 226 226 225 225 225 226 227 228 229 230 230 229 229 230 231 232 231 231 231 233 233 233 232 233 234 235 235 233 233 233 233 233 234 236 236 233 235 237 239 239 238 236 235 238 242 241 234 231 235 239 241 239 239 238 237 236 236 236 236 237 234 233 238 240 239 239 240 236 242 244 240 238 240 239 236 241 242 242 240 237 235 235 236 240 241 242 241
212 212 212 212 212 212 212 212 213 214 214 214 214 213 212 211 211 211 211 211 211 211 211 211 214 212 211 212 214 214 213 212 215 214 212 211 210 209 209 210 216 213 210 212 215 216 214 211 211 210 210 211 213 214 213 212 210 213 215 215 213 212 213 213 214 213 213 213 213 213 213 212 213 213 213 213 213 213 213 213 212 213 213 214 214 215 215 215 217 216 215 215 213 213 212 211 209 212 214 213 210 209 210 213 211 211 211 211 211 211 211 211 215 214 213 212 211 211 211 211 212 212 212 212 212 212 212 212 210 210 209 208 208 208 208 209 209 211 210 207 208 211 209 203 201 186 177 170 173 185 163 115 83 52 25 20 18 10 12 23 19 19 18 17 15 13 10 9 10 11 13 15 17 16 14 11 11 10 11 12 14 15 14 13 12 12 13 13 13 12 14 11 11 10 10 10 9 8 8 8 10 9 8 8 8 8 9 8 9 7 8 7 7 7 9 9 12 10 9 8 8 10 13 15 14 9 8 11 12 10 10 12 16 14 11 8 7 8 9 10 9 11 12 11 8 5 6 7 9 12 11 8 8 12 13 11 13 16 15 8 6 9 10 10 8 10 12 11 12 10 12 12 11 11 13 13 12 11 13 14 17 16 15 14 13 12 11 11 15 15 15 15 15 16 13 10 12 9 6 6 9 10 8 3 10 9 11 14 15 15 14 11 14 14 14 12 9 8 9 10 12 4 12 4 3 9 3 12 14 10 8 9 8 5 5 8 4 8 9 7 7 10 10 8 13 16 13 8 5 7 8 7 9 7 5 6 8 9 6 5 11 13 14 14 10 9 9 10 11 9 9 12 12 8 7 10 9 9 10 11 12 12 13 11 7 7 10 11 15 15 17 16 17 15 15 17 17 15 20 25 33 50 61 101 144 161 182 190 198 206 215 222 226 225 225 224 226 226 226 226 227 228 228 229 228 229 229 230 230 231 231 231 232 232 232 232 233 233 234 234 234 233 233 233 233 234 234 234 232 234 237 239 239 238 236 234 239 244 245 238 233 236 241 244 240 239 237 235 235 235 236 237 235 233 233 236 239 240 240 240 235 241 244 242 240 241 240 237 236 238 239 239 237 237 238 239 239 241 242 241
212 212 212 212 212 212 212 212 213 214 214 214 214 213 212 211 211 211 211 211 211 211 211 211 215 213 212 212 214 214 213 212 214 213 213 212 212 212 213 213 215 212 210 211 214 216 213 210 212 210 209 210 213 214 214 213 212 213 215 214 213 212 212 213 214 213 213 213 213 213 213 212 213 213 213 213 213 213 213 213 213 214 214 214 214 215 215 215 217 216 215 215 213 213 212 211 211 213 215 214 211 210 212 215 211 211 211 211 211 211 211 211 216 215 214 213 213 213 213 213 214 214 214 214 214 214 214 214 211 211 209 209 208 208 208 209 209 211 210 208 209 212 210 204 204 194 185 178 181 186 163 127 89 59 28 18 14 8 11 18 17 16 14 12 11 11 12 12 11 11 12 14 17 16 13 10 15 13 13 13 13 13 13 11 12 11 12 11 11 10 12 10 9 8 7 8 9 10 10 10 7 7 8 8 9 10 11 9 11 10 11 11 11 10 12 11 13 11 9 7 8 10 14 16 13 8 6 9 10 9 9 11 15 13 10 7 6 7 8 9 10 11 12 11 9 7 6 6 7 11 13 11 11 14 14 10 8 13 14 10 10 12 12 10 11 11 13 11 11 10 11 12 9 9 12 12 11 10 10 11 16 16 15 14 13 11 10 10 17 15 14 15 16 15 13 11 11 8 5 7 10 13 12 8 8 7 9 12 14 13 13 10 13 13 14 11 8 6 7 7 9 3 13 8 7 13 6 14 15 10 7 8 7 4 4 8 5 8 8 6 7 11 10 6 13 16 12 7 5 7 8 6 10 9 7 6 7 8 6 6 12 13 15 14 10 8 9 9 9 7 8 12 13 10 10 13 11 11 11 12 13 14 15 13 9 9 12 13 17 16 18 18 18 17 17 20 20 16 18 22 30 48 62 109 158 177 193 197 203 209 215 221 224 223 223 223 226 226 226 225 226 227 229 230 229 229 229 229 230 230 231 231 231 232 232 233 233 234 234 234 233 234 234 234 234 234 234 234 233 234 236 238 238 237 236 235 235 241 242 236 232 236 242 246 238 237 236 235 235 237 238 239 234 234 234 235 238 241 240 239 233 239 243 242 241 243 242 240 235 237 238 238 237 237 239 241 237 239 241 241
213 213 213 213 213 213 213 213 213 214 214 214 214 213 212 211 212 212 212 212 212 212 212 212 216 214 213 213 214 215 213 212 212 212 212 213 214 214 214 215 213 212 211 212 213 214 213 211 214 212 210 211 213 214 214 213 213 214 215 214 212 211 212 213 213 213 213 213 213 213 213 213 213 213 213 213 213 213 213 213 214 214 214 215 215 215 215 215 216 215 215 214 214 213 213 212 214 214 215 213 212 212 214 216 211 211 211 211 211 211 211 211 215 214 213 213 212 213 213 214 215 214 214 213 213 214 214 215 213 212 211 210 209 209 209 209 209 211 211 209 210 213 211 205 198 197 189 183 187 185 164 140 93 68 39 21 13 8 10 13 15 13 11 9 9 10 12 14 11 9 8 10 13 14 10 7 10 8 9 9 11 12 13 12 12 12 12 11 10 10 13 11 10 7 6 7 9 11 11 11 7 7 8 9 10 11 12 10 10 9 10 11 10 9 10 9 13 11 10 8 9 11 14 16 13 8 5 8 9 8 8 11 11 10 9 8 9 10 11 12 10 11 12 12 11 10 8 7 8 11 12 10 11 14 14 11 8 13 15 13 14 15 12 8 12 12 13 11 11 10 12 12 8 9 11 12 10 9 8 9 12 12 12 11 10 8 7 6 15 10 9 12 13 11 10 11 10 9 7 8 10 13 14 13 5 4 5 7 10 10 10 8 9 10 12 11 8 5 4 5 6 1 12 7 6 13 6 13 15 10 7 7 6 3 4 9 8 9 8 4 5 7 4 0 11 13 10 6 5 8 7 4 10 11 10 8 6 6 7 9 9 11 12 11 7 5 5 6 7 5 7 12 13 11 11 14 10 10 10 10 11 12 13 12 11 11 14 17 18 18 19 18 19 18 19 22 20 16 18 20 30 49 63 113 165 186 202 206 208 211 217 219 221 221 223 224 227 226 225 225 226 228 230 232 230 230 230 229 230 231 232 232 232 232 233 234 235 234 234 234 233 234 235 236 236 236 236 236 234 234 235 236 236 236 236 236 231 235 236 231 230 235 241 243 236 236 236 237 238 239 241 241 235 236 236 235 238 242 241 238 233 239 242 241 240 243 244 242 240 241 241 240 237 236 236 237 237 239 241 241
213 213 213 213 213 213 213 213 213 214 214 214 214 213 212 211 213 213 213 213 213 213 213 213 216 215 213 213 214 215 213 211 211 211 212 213 213 213 213 213 211 212 213 213 211 211 212 213 217 214 212 211 213 214 214 213 214 215 215 213 211 211 212 213 211 212 212 213 213 214 214 215 213 213 213 213 213 213 213 213 215 215 215 215 215 215 215 215 214 214 214 214 214 214 214 214 216 214 212 212 213 214 215 214 212 212 212 212 212 212 212 212 213 214 213 213 213 214 215 216 216 216 214 214 214 214 216 215 214 214 212 211 210 210 210 210 209 211 211 209 211 214 212 206 197 197 189 184 188 181 158 142 107 90 62 31 16 15 13 10 13 12 12 11 11 11 11 11 13 9 7 8 12 13 10 7 7 5 6 7 9 12 13 13 15 14 13 12 12 12 15 14 13 9 7 7 9 11 11 10 10 10 11 11 11 11 10 8 7 6 8 8 8 7 7 7 12 11 10 9 10 12 14 15 15 9 6 8 10 9 9 12 11 11 12 12 12 13 13 13 10 11 12 13 14 13 10 8 10 11 9 5 6 12 15 14 14 17 17 14 14 15 11 6 12 12 13 11 11 10 13 14 9 9 12 13 11 9 9 9 10 11 11 10 9 7 5 4 13 8 7 11 13 10 10 12 10 10 10 9 8 10 13 13 7 5 5 7 9 10 12 11 8 10 14 14 12 8 6 6 10 5 14 7 6 13 7 16 18 13 9 9 7 4 5 9 10 10 8 4 6 8 5 0 7 10 8 6 6 9 7 3 10 13 15 11 5 4 7 13 9 10 11 10 6 4 4 5 7 5 6 11 12 10 10 13 10 9 9 9 9 11 13 12 15 13 17 17 18 18 18 17 21 19 18 21 19 18 23 26 38 55 67 115 166 188 208 212 213 216 220 220 220 221 223 225 227 226 225 226 227 230 233 234 232 231 230 230 230 232 233 234 232 233 234 236 236 236 235 234 232 233 235 237 238 238 238 238 235 235 234 234 234 235 237 237 234 235 234 230 231 237 241 240 237 237 238 240 240 241 241 241 238 240 240 237 239 244 243 238 237 241 243 240 239 242 243 242 243 244 244 241 238 235 235 236 238 240 242 243
213 213 213 213 213 213 213 213 213 214 214 214 214 213 212 211 214 214 214 214 214 214 214 214 217 215 213 214 215 215 213 211 210 211 211 212 212 211 210 210 210 213 215 214 210 209 211 214 219 216 213 212 213 214 214 213 214 215 215 213 211 210 212 214 210 211 212 212 214 214 215 216 213 213 213 213 213 213 213 213 215 215 215 215 215 215 215 215 213 214 214 214 214 214 214 215 217 213 210 210 213 215 214 212 212 212 212 212 212 212 212 212 212 213 213 213 213 215 216 216 217 216 214 213 213 214 216 216 215 215 213 212 211 210 210 211 210 212 211 210 211 215 213 208 203 204 192 188 192 183 157 141 121 110 81 43 24 21 17 9 11 13 14 14 14 11 9 7 17 12 8 9 13 15 13 9 10 8 7 7 9 11 13 12 17 16 15 14 13 14 17 16 17 12 8 8 9 11 10 8 13 13 13 12 11 10 9 6 10 9 11 12 12 10 11 10 12 11 11 10 11 12 14 15 16 10 7 9 11 10 11 14 16 16 16 16 15 13 11 10 10 11 12 14 15 15 12 9 12 11 6 0 1 9 15 17 20 21 19 13 13 14 10 5 12 12 13 11 11 11 13 14 10 11 14 14 13 10 9 9 11 12 12 12 11 9 7 5 15 8 7 12 15 12 12 15 11 12 12 9 6 6 10 12 11 8 8 9 12 14 16 15 10 14 19 20 17 14 11 9 17 10 15 6 4 12 8 18 18 13 9 8 6 4 5 9 9 10 8 6 9 13 11 5 5 8 7 5 7 9 6 1 10 15 18 13 5 3 8 16 10 12 13 12 8 6 5 6 8 6 7 11 12 9 9 11 15 14 13 13 14 16 18 17 15 14 17 18 18 17 17 16 22 18 17 17 17 18 26 32 46 60 72 118 167 188 209 215 218 221 221 221 220 222 225 228 227 226 225 226 228 231 234 236 233 232 231 230 231 232 234 235 233 234 235 237 237 236 235 235 232 233 236 238 240 240 240 239 236 235 233 232 233 235 237 238 239 239 236 232 234 241 243 240 238 239 240 242 242 241 240 239 241 244 243 239 241 246 245 239 240 244 244 240 238 240 242 241 243 244 244 242 239 237 237 237 240 242 244 244
211 212 214 216 216 214 212 211 208 211 214 215 214 212 211 211 209 211 213 213 213 213 215 217 215 214 212 211 211 212 214 215 210 210 210 211 211 212 212 212 213 212 212 211 211 212 212 213 211 212 212 213 213 212 212 211 215 214 213 212 211 210 210 210 212 213 213 214 214 213 213 212 212 212 212 212 212 212 212 212 210 211 211 212 212 213 213 214 211 213 216 215 213 212 215 217 211 212 212 213 215 216 217 217 208 209 210 211 212 213 213 212 214 216 214 210 210 213 214 212 211 212 213 213 211 211 212 213 209 210 212 213 214 214 213 212 210 210 210 212 213 212 208 205 201 197 198 202 196 179 159 148 133 114 93 49 25 23 13 15 14 12 10 13 17 16 10 4 6 8 10 12 13 13 13 12 10 5 7 12 13 12 15 21 14 13 15 16 14 10 15 19 9 8 9 10 11 12 12 13 9 10 11 11 11 9 7 4 9 8 11 12 12 11 11 11 7 8 10 11 12 13 13 13 11 6 12 15 9 11 15 9 6 7 9 9 9 9 7 6 5 8 10 10 9 9 10 11 11 11 12 13 13 13 12 12 11 12 12 12 12 10 7 6 7 8 10 10 13 13 15 14 6 6 9 11 12 15 19 22 17 13 9 7 8 10 11 12 10 10 12 14 17 17 14 12 11 7 6 9 9 8 10 12 11 9 9 9 10 12 16 17 9 7 11 16 16 11 8 9 5 8 11 11 9 8 9 11 8 10 11 11 9 9 10 12 6 7 9 9 8 9 11 13 9 7 4 4 6 8 6 6 3 6 9 9 7 5 5 7 9 11 12 9 3 2 4 7 0 2 5 7 7 7 9 10 12 9 8 10 15 18 17 14 11 14 16 14 16 21 22 18 23 13 16 19 15 18 29 27 43 60 94 132 166 190 208 216 221 222 222 222 224 225 226 227 224 226 228 228 228 228 230 232 231 230 230 232 235 236 236 235 232 233 234 235 236 237 237 237 234 235 236 237 238 239 239 240 233 238 238 234 235 241 241 237 234 237 241 241 239 238 240 242 232 235 239 242 241 241 241 241 239 241 240 238 241 247 245 237 241 241 241 240 239 239 242 245 239 240 240 241 243 244 244 245 238 238 239 240
210 212 213 215 215 213 212 210 209 211 214 215 213 212 211 211 209 211 213 213 213 213 215 216 213 212 211 210 210 211 212 213 209 210 210 210 211 211 212 212 212 211 211 210 210 210 210 211 211 211 213 213 213 213 211 211 215 214 213 212 211 210 210 211 212 212 213 213 213 213 212 212 212 212 212 212 212 212 212 212 211 211 212 212 212 212 213 213 211 213 215 215 213 213 214 217 212 212 213 213 214 215 215 216 211 211 212 212 212 211 211 210 211 213 213 207 209 210 213 209 209 209 213 211 211 208 211 210 209 210 212 213 214 213 212 212 211 210 210 212 213 212 209 206 202 200 200 202 196 179 160 149 141 131 116 69 35 27 13 15 17 14 11 11 12 12 9 6 6 8 9 11 12 12 12 11 10 7 9 13 13 9 10 14 10 9 11 12 10 7 11 14 6 5 6 6 7 8 9 9 6 7 8 8 8 7 6 3 9 9 11 11 11 11 12 11 8 9 12 13 14 14 14 14 10 5 10 13 8 10 14 8 8 8 10 10 10 10 8 8 7 9 11 11 9 9 9 11 8 8 8 8 9 10 10 10 9 9 9 8 7 5 2 1 5 5 6 5 8 8 10 10 6 6 7 8 8 10 13 15 13 11 8 7 10 12 14 14 11 11 12 14 16 15 13 10 11 8 7 10 9 6 7 8 8 7 8 8 9 10 13 14 6 5 8 13 13 9 7 8 2 5 8 8 6 5 6 8 7 8 9 8 6 6 8 10 5 6 7 7 6 7 8 10 9 7 4 4 6 8 6 6 7 9 11 10 8 8 8 10 12 12 10 7 1 0 0 0 3 5 7 8 7 8 9 11 12 11 10 11 14 16 16 13 11 14 16 15 18 21 22 19 18 11 12 16 14 17 27 28 49 70 106 145 178 200 210 215 221 221 222 224 225 226 226 226 228 230 231 231 229 228 228 229 232 230 229 231 233 235 235 234 232 233 234 235 236 237 237 236 234 235 236 236 237 238 238 238 233 237 237 234 235 240 240 237 235 237 240 240 239 238 240 242 236 239 242 242 240 238 237 237 236 238 237 236 241 247 245 239 242 243 243 242 239 239 240 242 241 241 241 241 241 240 240 240 240 241 242 243
210 211 212 213 213 212 211 210 209 212 214 215 213 211 211 211 210 211 213 213 212 212 214 216 211 211 210 209 209 210 211 211 211 211 212 212 212 213 213 213 211 211 211 210 209 209 209 208 210 211 213 214 214 213 211 210 215 214 213 212 211 211 211 211 211 211 212 212 212 212 211 211 212 212 212 212 212 212 212 212 213 213 212 212 212 212 211 211 212 213 214 214 213 213 214 216 213 213 213 213 213 213 213 213 214 213 213 212 211 210 209 209 209 211 211 206 206 209 210 206 206 207 210 210 209 207 208 208 209 210 212 213 214 213 212 211 211 210 210 212 213 212 210 207 207 204 201 203 196 180 164 153 156 153 139 84 41 30 15 16 18 17 13 10 8 8 8 8 7 8 9 10 11 11 11 11 7 6 9 13 13 9 8 10 12 10 11 13 12 9 13 15 9 8 8 9 10 10 11 11 8 8 9 10 10 10 9 7 7 6 8 9 9 8 9 9 8 8 11 12 12 13 12 12 8 4 9 12 6 9 12 7 7 8 9 9 9 9 8 7 9 11 12 11 9 8 9 11 10 9 9 9 10 12 14 15 13 13 12 10 9 7 4 3 10 9 8 6 9 9 12 12 11 11 12 12 11 11 12 14 14 12 9 9 10 12 13 12 12 11 11 13 14 13 10 8 11 8 8 11 10 6 4 5 5 4 6 8 8 9 11 11 9 8 11 15 16 12 11 13 7 9 11 11 10 9 10 11 10 10 9 7 6 6 9 12 5 6 6 5 4 4 5 6 9 7 4 4 6 8 6 6 9 10 10 9 8 9 9 12 17 15 11 9 6 5 3 2 7 8 9 8 7 7 9 11 11 12 13 13 13 13 14 13 11 15 18 16 19 22 23 20 19 16 15 19 22 25 36 42 56 77 115 155 188 208 215 215 222 223 225 227 227 227 225 225 228 231 233 233 231 229 229 229 233 231 229 229 231 233 234 234 232 233 234 235 236 236 236 236 234 235 236 236 236 236 236 235 233 235 236 234 235 238 239 237 236 237 239 239 239 239 240 242 237 239 242 242 240 238 237 237 236 237 236 236 241 246 244 238 243 244 245 244 241 238 238 239 244 243 242 241 239 237 236 236 240 241 242 244
210 210 211 212 212 211 210 210 210 212 214 214 212 211 211 212 210 211 213 213 212 212 213 215 211 211 210 210 210 210 211 211 214 214 214 214 214 214 214 214 212 212 212 211 210 209 209 208 209 211 213 215 215 213 211 209 214 213 212 211 211 211 211 211 210 211 211 212 212 211 211 210 212 212 212 212 212 212 212 212 214 213 213 212 212 211 211 210 213 213 214 213 213 213 213 214 214 214 213 213 212 212 211 211 213 213 212 211 210 209 209 209 208 210 210 205 206 208 209 205 205 206 210 210 209 206 207 207 209 210 211 213 213 212 211 210 211 210 210 211 212 212 210 210 210 206 203 203 195 180 167 158 170 161 144 87 46 36 19 17 13 16 14 11 8 7 8 10 10 10 10 11 11 11 11 11 2 4 10 14 15 13 12 11 14 11 11 14 13 10 13 15 10 10 10 10 11 12 12 12 7 8 9 9 10 10 11 9 4 3 5 5 5 5 6 6 5 5 8 8 9 9 9 8 9 4 9 12 7 9 13 7 7 7 7 7 7 7 7 7 11 12 12 11 9 8 9 10 11 10 9 9 10 13 16 18 14 14 14 12 11 10 8 8 14 12 11 8 10 11 14 14 12 12 14 14 13 12 13 14 18 16 13 11 11 10 8 7 13 12 11 12 12 11 9 6 8 6 7 11 11 7 5 5 3 4 7 8 9 9 10 10 11 8 10 14 15 12 12 15 9 10 12 12 12 12 12 12 14 13 12 9 7 8 12 15 6 7 7 5 3 3 3 5 9 7 4 4 6 8 6 6 10 9 7 6 6 8 8 10 15 12 8 8 9 10 8 5 8 9 9 7 6 6 8 10 10 14 16 15 12 10 12 15 12 15 18 16 19 23 24 21 19 18 17 19 29 33 44 58 64 84 118 156 188 207 216 219 222 224 227 229 228 227 225 222 224 227 230 232 232 231 231 232 233 231 228 228 230 232 232 232 233 234 235 236 236 236 236 236 234 235 236 236 236 235 234 233 233 234 235 235 236 237 238 237 237 238 238 238 239 239 241 242 234 237 240 240 240 239 240 241 240 238 237 239 242 245 242 238 241 243 245 245 242 240 239 239 245 244 243 241 239 238 236 236 240 241 241 241
210 211 211 211 211 211 211 210 210 212 214 213 212 211 212 213 210 211 213 212 211 211 212 214 211 211 212 212 212 212 211 211 213 213 213 212 212 212 212 212 212 212 213 213 213 211 210 209 210 211 213 214 214 213 211 210 214 213 212 211 211 211 212 212 210 211 211 212 212 211 211 210 212 212 212 212 212 212 212 212 214 213 213 212 212 211 211 210 213 213 212 213 213 213 213 212 213 213 213 212 211 211 210 210 211 210 209 208 208 209 210 210 206 207 209 204 206 206 208 202 205 205 209 208 208 205 207 207 207 209 210 211 211 210 208 207 210 209 208 209 211 211 210 210 212 208 206 203 195 181 171 165 173 157 142 99 71 58 27 16 11 15 15 14 11 9 9 10 13 12 12 11 11 11 11 11 4 7 12 14 15 15 14 12 11 7 7 10 10 8 10 11 8 7 7 7 7 8 8 8 3 3 3 4 4 5 6 4 5 4 5 5 5 5 7 7 5 6 7 8 8 8 8 7 10 5 10 13 8 10 13 8 9 9 9 8 8 9 9 9 12 12 12 10 8 7 9 11 7 6 5 5 6 9 12 14 11 11 10 8 9 9 7 8 12 10 8 5 7 8 11 12 6 7 10 11 10 10 11 12 17 16 14 13 13 11 8 6 14 13 11 11 12 11 8 6 5 4 6 11 12 9 8 8 5 5 8 10 11 10 12 11 7 4 5 8 8 6 7 11 7 7 8 9 10 10 9 8 15 14 12 9 7 8 11 14 8 9 9 7 5 4 4 6 9 7 4 4 6 8 6 6 11 9 7 6 7 9 9 10 10 6 3 3 4 5 4 1 7 8 8 7 5 4 6 7 10 14 17 16 12 10 11 13 11 15 19 18 20 24 24 21 15 19 14 14 29 35 47 68 84 100 128 158 185 203 215 222 223 225 227 229 228 227 226 223 223 226 229 230 230 229 230 231 234 232 229 229 230 231 231 230 233 234 235 236 236 236 235 235 233 235 236 237 237 235 234 232 234 234 234 236 237 237 237 239 238 238 237 237 239 240 241 242 236 238 240 240 239 239 240 241 240 237 237 241 246 247 245 243 239 242 244 245 243 242 241 242 244 244 243 242 241 240 239 239 243 243 242 241
212 212 211 211 211 211 212 212 211 212 213 213 211 211 212 213 210 211 213 212 211 210 211 213 211 211 212 213 213 212 211 211 209 209 209 209 208 208 208 208 210 211 213 214 214 213 212 211 211 212 212 213 213 212 212 211 213 213 212 211 211 212 212 213 211 211 212 212 212 212 211 211 212 212 212 212 212 212 212 212 213 213 212 212 212 212 211 211 214 213 212 212 213 213 212 210 212 212 212 211 211 210 210 209 209 208 207 206 206 207 209 209 205 206 206 204 203 205 204 200 204 205 206 205 204 203 204 208 205 207 208 209 209 207 206 205 209 207 206 207 209 210 209 210 213 209 206 202 194 183 175 172 170 149 143 125 110 90 43 21 14 17 16 15 14 12 10 9 14 13 12 11 10 10 10 10 10 13 15 12 11 13 13 10 14 9 8 11 13 11 12 12 9 8 8 9 9 9 9 9 6 6 5 5 5 6 7 5 9 7 7 7 7 7 10 11 8 9 10 11 11 11 10 9 10 5 10 13 8 10 14 8 13 12 12 11 11 12 12 13 10 10 10 8 6 6 9 11 8 7 7 7 8 10 12 13 13 13 11 9 10 9 8 9 11 9 9 7 9 10 12 12 6 7 11 12 12 12 13 14 12 11 12 14 15 15 12 10 15 13 12 11 12 11 10 8 6 4 6 11 12 10 11 12 7 7 9 10 11 11 13 13 10 6 6 8 7 5 7 11 9 9 9 10 12 12 11 9 12 12 10 8 5 5 8 11 9 10 10 8 6 5 6 7 9 7 4 4 6 8 6 6 14 12 10 10 12 14 12 12 12 10 7 6 3 3 1 0 4 6 8 8 6 5 5 6 11 13 15 15 14 12 12 12 10 14 17 16 19 23 23 21 17 24 15 12 30 39 51 82 112 127 151 171 188 200 213 223 225 226 228 229 230 227 227 224 228 229 230 229 227 226 227 228 234 233 231 231 232 232 230 229 234 234 235 236 236 235 235 234 233 234 236 238 238 237 235 233 236 234 235 238 239 237 238 240 240 238 236 236 238 241 242 242 241 242 242 240 238 236 236 238 238 234 235 242 248 249 248 249 240 242 244 244 243 242 243 244 244 243 243 242 242 241 241 241 248 247 245 243
213 213 212 212 212 212 213 213 211 212 213 212 211 210 212 214 210 212 213 212 210 210 211 212 209 210 211 212 212 211 210 209 209 209 209 209 208 208 207 207 207 209 211 213 214 213 212 211 213 213 211 211 211 211 213 213 213 212 212 211 211 212 212 213 212 212 213 213 213 213 212 212 212 212 212 212 212 212 212 212 211 211 212 212 212 212 213 213 215 213 211 211 213 213 212 209 211 211 211 210 210 210 210 210 210 208 206 204 203 204 205 205 199 202 203 200 200 202 200 196 202 202 202 200 198 199 202 205 204 205 206 207 206 205 203 202 207 206 204 205 207 209 208 209 214 211 207 203 194 184 179 178 173 146 146 149 145 117 60 37 24 22 17 14 13 13 10 7 13 11 10 8 7 7 7 8 12 14 13 7 6 11 14 11 18 12 11 14 16 15 16 15 12 11 11 11 11 11 11 11 12 11 10 9 9 9 10 9 8 7 7 6 6 7 10 10 9 10 11 12 12 11 10 10 8 4 9 12 6 9 12 7 13 12 11 10 10 11 12 13 8 8 8 6 5 6 9 12 10 10 10 11 11 12 12 13 18 16 14 10 9 8 6 7 8 8 9 8 11 11 13 13 9 10 14 15 15 14 14 15 10 10 12 14 17 16 13 11 16 14 12 11 12 13 12 10 10 7 7 11 12 10 11 13 8 7 8 9 9 11 14 14 16 11 9 10 9 7 9 13 13 11 11 12 15 16 14 11 11 11 11 9 7 6 7 9 8 9 9 8 6 6 6 8 9 7 4 4 6 8 6 6 14 12 10 11 14 15 12 10 14 14 13 10 6 4 5 6 2 5 9 10 9 7 6 6 11 11 12 14 16 15 13 10 8 12 16 15 18 22 22 20 21 30 17 11 33 43 57 95 127 147 174 191 200 204 216 224 227 227 228 228 229 227 227 226 230 231 230 228 226 226 229 231 234 233 233 234 235 233 230 227 234 235 235 236 236 235 235 234 232 234 237 239 240 239 237 235 238 235 235 240 241 238 238 242 241 238 235 235 238 241 242 242 241 242 242 240 237 236 236 238 241 235 235 242 247 246 245 246 243 244 244 243 241 241 242 244 243 243 243 242 241 240 239 239 249 247 246 244
214 212 213 211 212 212 213 213 212 212 213 211 210 209 212 214 210 212 213 212 210 209 210 211 206 207 209 210 210 209 207 205 210 210 210 209 209 208 208 209 204 205 208 211 212 212 211 210 214 213 211 210 210 211 213 214 212 212 211 211 211 212 213 213 212 213 213 214 214 213 213 212 212 212 212 212 212 212 212 212 212 213 213 214 214 215 215 214 215 213 210 211 213 214 211 208 208 208 208 208 208 208 208 208 209 207 204 201 199 199 200 199 194 196 197 195 195 196 195 191 198 198 197 194 193 194 198 203 199 200 201 202 201 202 200 199 204 203 201 202 204 206 207 206 212 208 205 201 194 184 182 182 180 149 149 159 159 127 72 53 31 24 14 9 11 11 9 6 11 12 10 8 7 4 5 5 9 11 9 2 3 11 17 15 15 9 7 10 14 13 11 12 8 8 8 8 8 8 7 7 12 11 9 8 8 8 9 9 5 5 3 2 4 5 7 7 9 9 10 10 11 10 9 8 8 2 7 10 5 7 11 5 9 9 7 6 6 7 9 9 6 7 6 5 4 5 9 12 6 7 8 9 9 8 8 7 15 13 10 5 2 1 0 0 1 1 3 4 5 7 7 7 7 8 11 13 12 9 9 9 11 12 13 16 17 15 11 7 14 12 10 10 11 12 13 12 14 10 9 11 11 9 11 13 9 7 7 7 8 10 14 15 16 10 8 8 7 4 6 10 10 8 7 9 12 13 11 8 12 13 14 12 10 8 9 10 7 8 8 7 6 5 6 8 9 7 4 4 6 8 6 6 9 7 6 8 11 12 10 7 6 9 10 9 6 5 8 11 2 6 11 13 12 9 7 6 12 10 11 14 17 17 14 7 6 10 13 12 16 20 21 18 17 29 12 6 28 38 56 96 131 156 188 207 210 209 216 225 228 228 228 228 228 227 228 229 229 229 228 227 227 229 234 237 234 234 235 236 237 234 230 226 235 235 236 236 236 235 234 234 231 234 237 240 241 240 238 237 239 235 236 241 242 238 239 244 241 238 234 235 238 242 242 241 238 239 240 239 238 238 239 241 247 240 238 243 245 241 237 238 246 246 245 243 240 239 241 243 244 243 242 241 239 238 237 236 246 245 244 243
210 208 208 208 211 211 211 209 212 210 211 211 214 213 212 210 209 210 210 210 210 209 210 210 204 208 208 205 201 201 202 202 194 206 201 190 195 202 202 205 202 203 208 210 206 200 205 216 209 210 210 210 211 211 212 213 209 209 210 211 211 211 212 213 211 211 211 211 211 211 211 211 210 209 209 210 213 214 214 215 216 216 214 217 216 214 215 219 214 213 212 213 213 213 211 209 200 198 204 204 196 199 205 200 192 198 199 190 182 182 185 185 173 169 168 174 182 187 188 184 185 185 185 185 190 194 199 202 190 191 191 189 186 186 185 185 189 190 193 196 199 201 204 204 204 205 207 205 194 184 186 195 170 164 165 164 149 130 104 76 53 21 12 11 0 1 14 12 7 15 13 12 17 14 11 18 18 16 13 11 10 11 12 13 9 9 9 9 10 10 10 9 6 5 9 10 10 9 8 7 6 9 10 9 7 8 11 15 14 12 10 9 10 11 13 15 9 10 11 11 11 10 12 13 6 6 7 11 16 18 17 14 12 8 5 5 8 10 8 6 9 9 9 10 10 11 11 12 4 5 5 6 7 8 9 9 7 8 8 8 7 6 4 3 3 3 5 6 8 10 11 12 9 8 9 10 11 10 10 10 12 11 9 9 9 10 11 12 9 6 4 5 9 11 11 9 11 8 9 12 11 7 7 8 4 4 5 6 6 7 9 9 2 8 14 13 8 5 8 12 8 8 8 9 9 9 10 10 5 7 9 7 5 6 10 14 6 4 3 4 6 8 7 6 7 2 0 4 7 8 9 13 6 8 10 12 13 12 10 9 2 12 17 10 3 2 7 11 3 7 12 11 9 7 8 10 10 11 11 13 15 16 16 15 11 9 12 12 14 15 16 16 20 12 14 25 29 36 62 94 149 163 185 203 213 214 217 220 226 227 228 228 226 227 228 228 229 231 230 231 232 233 234 235 231 230 229 230 232 233 232 231 234 233 233 232 232 233 233 234 233 233 233 234 234 234 235 235 238 236 236 239 243 243 240 236 231 234 238 239 238 238 238 239 238 238 238 239 239 240 240 240 239 238 236 236 238 240 242 242 236 240 240 236 234 237 240 240 238 239 239 236 233 233 237 240 237 238 240 242
210 208 208 209 211 212 211 209 212 210 210 211 212 212 211 209 210 211 210 211 211 212 213 214 202 205 205 203 201 204 206 204 186 191 186 182 186 182 182 192 181 182 190 199 205 204 202 203 207 208 210 210 211 211 210 209 207 208 208 209 209 210 211 211 210 210 210 210 210 210 210 210 211 210 209 210 212 213 214 212 211 209 209 212 212 209 210 213 209 209 209 206 204 201 201 198 197 191 198 198 193 190 192 180 178 181 183 172 160 151 158 162 148 145 140 130 123 127 140 151 153 158 167 174 178 175 170 164 168 176 184 183 172 160 149 145 167 169 173 182 191 197 199 198 199 201 204 204 198 187 184 186 176 173 177 177 162 148 128 102 68 32 17 20 13 11 17 12 9 15 12 9 14 14 11 19 15 14 11 9 8 9 10 11 11 11 10 9 9 10 11 11 6 7 10 11 11 10 10 9 7 11 15 14 11 9 12 12 14 12 10 9 9 11 14 15 9 11 14 13 12 11 13 14 13 10 10 11 14 15 13 11 10 7 6 8 11 12 9 6 7 7 8 9 10 10 11 11 7 7 8 9 9 10 10 11 6 6 8 9 9 7 5 4 5 6 7 8 9 10 11 12 10 9 10 11 10 11 10 10 15 14 14 13 14 14 17 15 12 9 8 8 12 13 12 12 10 7 9 12 12 8 8 9 6 6 7 8 8 9 11 11 8 9 12 12 12 10 9 9 10 10 10 11 11 12 12 12 7 9 9 7 3 2 5 9 8 8 8 7 7 8 8 9 7 4 2 7 10 9 7 9 2 5 8 11 14 14 13 12 5 12 17 12 7 7 11 12 7 10 13 13 8 6 6 7 7 9 8 10 12 14 15 14 11 9 9 10 15 16 16 14 19 11 15 24 32 43 72 108 152 167 187 205 213 215 218 219 226 226 227 228 226 227 228 228 230 229 229 230 230 232 233 234 232 230 230 231 233 234 233 232 233 232 232 231 231 232 232 233 234 234 234 234 235 235 236 236 236 235 234 235 236 238 237 237 232 234 236 236 236 235 236 237 235 235 235 236 236 237 237 237 235 235 235 237 240 243 245 246 236 236 234 233 237 243 244 240 237 238 238 236 233 233 235 238 235 237 239 241
211 209 208 209 211 212 212 210 212 210 209 210 211 212 211 209 213 212 211 210 210 211 211 212 202 202 197 192 192 199 201 198 195 179 154 137 128 117 124 150 179 185 191 194 199 203 205 207 206 207 209 209 210 209 207 206 206 206 207 208 209 209 210 210 211 211 211 211 210 210 210 210 212 210 209 209 211 212 212 211 211 208 206 209 208 204 205 206 205 206 207 205 201 195 192 191 187 178 183 188 187 187 185 173 171 168 167 157 138 121 125 138 79 83 87 83 74 63 58 57 81 93 115 136 152 159 160 159 151 155 160 162 154 132 102 83 104 115 133 156 175 186 190 188 190 197 206 208 200 190 191 195 175 175 181 181 167 160 147 126 77 39 18 20 18 15 15 10 11 16 9 6 13 13 11 19 15 14 12 10 9 9 10 11 14 13 11 9 9 11 13 14 8 8 11 12 12 11 11 11 9 13 18 17 13 10 11 10 13 11 10 9 9 10 12 13 11 12 15 15 13 12 15 15 16 13 11 11 12 13 12 11 8 7 7 11 14 15 11 7 11 11 11 10 10 10 9 9 11 11 11 11 11 11 11 11 5 7 9 12 12 10 8 6 9 10 10 10 11 11 12 12 11 10 11 12 11 12 11 11 13 13 14 13 14 13 15 12 9 8 9 8 9 8 9 10 10 7 9 12 12 10 10 11 9 8 10 11 11 11 12 12 13 11 11 12 14 14 10 6 7 7 8 8 8 9 9 9 9 10 11 8 4 3 6 9 10 12 13 11 8 7 9 12 9 6 5 10 12 8 4 5 5 7 10 12 14 14 12 11 7 12 15 11 9 10 11 10 11 13 15 14 10 8 7 7 7 8 9 11 12 14 15 15 16 10 8 10 17 20 18 15 22 15 19 29 39 54 86 121 157 172 190 205 212 215 219 219 226 226 227 228 226 227 228 228 229 229 229 229 230 231 232 233 233 232 231 232 234 235 234 233 232 232 231 230 230 231 232 232 235 235 235 236 236 236 237 237 236 236 235 234 233 234 237 240 235 236 237 236 235 234 236 238 235 235 236 236 236 237 237 237 235 235 236 239 243 246 246 245 240 237 233 233 240 248 246 239 238 239 240 239 237 236 237 238 237 238 240 241
211 210 209 210 212 213 212 211 212 210 209 209 211 211 211 210 214 213 210 209 208 208 206 205 210 209 202 194 193 199 198 191 189 171 134 99 79 62 68 89 132 158 180 187 188 196 206 208 207 207 206 206 205 207 207 208 206 206 208 208 209 209 210 210 212 212 212 212 211 211 211 211 212 210 209 207 210 209 208 206 213 208 206 206 205 201 198 200 203 202 201 201 197 188 176 166 164 149 146 154 157 163 164 155 143 133 126 120 102 82 81 93 71 58 45 38 39 38 34 29 26 35 54 75 98 117 130 135 126 116 115 124 131 117 83 52 52 64 83 108 131 154 174 185 175 190 205 205 196 187 191 199 174 175 183 178 167 163 156 138 81 48 24 20 18 12 10 13 12 17 11 8 16 16 11 17 17 16 15 13 12 12 13 13 15 13 10 8 8 10 13 15 8 8 11 11 11 11 11 11 9 13 16 15 12 9 13 13 13 11 10 9 9 9 11 11 12 13 16 16 14 14 16 16 13 11 10 10 11 13 14 15 10 8 7 10 14 16 13 10 17 16 14 13 11 9 8 7 12 12 12 12 12 11 11 11 4 6 10 13 13 12 9 7 11 11 11 11 10 10 10 10 12 11 13 13 12 13 12 12 11 11 13 13 14 12 13 9 8 9 11 9 7 5 7 9 9 7 9 13 13 11 11 13 9 9 11 12 12 11 12 12 12 12 13 13 13 11 9 7 7 7 8 8 8 9 9 9 8 11 12 10 7 7 11 15 10 14 16 13 8 6 9 13 11 8 5 9 10 6 2 2 11 11 12 12 13 10 7 5 9 11 12 9 9 12 11 7 12 14 15 16 13 12 11 10 9 9 11 13 13 16 18 18 19 11 7 10 19 23 20 14 24 20 25 35 46 63 95 129 164 179 195 206 212 216 220 220 226 226 227 228 226 227 228 228 230 230 230 230 231 232 233 234 234 233 232 233 235 236 235 234 233 232 232 231 231 232 232 233 236 236 236 237 237 238 238 238 238 240 241 239 236 236 239 243 240 240 239 238 236 236 238 241 239 239 239 240 240 240 240 240 239 238 238 241 245 245 243 240 245 243 239 237 241 246 245 239 242 243 244 244 243 242 241 241 242 242 243 243
211 210 209 210 212 213 212 211 212 210 208 208 209 211 211 210 213 211 209 209 209 208 205 202 198 201 195 182 173 166 149 130 109 113 93 61 47 34 27 26 39 77 115 140 166 191 201 194 207 207 204 202 202 205 207 211 207 207 208 208 210 210 210 210 215 215 213 213 212 212 211 211 211 208 206 205 207 206 204 201 208 200 197 199 199 195 193 194 193 187 183 185 186 178 159 144 116 91 76 76 76 81 84 78 87 72 63 63 55 39 36 43 49 40 30 25 27 29 28 24 21 22 24 28 38 47 55 58 51 44 43 54 68 69 53 37 25 28 29 33 44 70 107 131 140 151 166 182 193 195 192 187 180 183 189 181 169 167 161 140 96 77 50 29 19 10 11 18 10 17 13 13 22 20 13 16 17 16 15 14 13 13 13 13 14 12 9 7 7 9 12 14 8 8 9 9 9 9 11 11 9 11 13 10 8 8 15 18 13 11 10 10 9 9 10 10 12 14 17 16 15 14 16 17 13 12 11 10 10 11 14 15 14 10 6 7 11 15 15 14 13 12 12 11 10 9 9 8 11 11 11 11 11 10 10 10 5 7 9 12 12 11 9 8 10 10 10 10 9 9 9 9 12 11 13 14 13 13 13 13 14 14 16 16 16 14 15 11 11 13 15 14 12 10 11 13 10 8 10 14 14 12 12 14 8 8 11 12 12 10 11 9 8 12 16 15 10 6 7 9 13 13 13 14 14 14 15 15 9 11 12 10 7 7 11 15 10 13 16 13 7 6 8 13 14 8 3 5 6 3 2 4 11 12 13 12 12 9 5 3 8 9 10 7 9 12 10 5 10 11 11 13 15 15 12 11 11 11 10 12 14 17 17 18 19 11 10 13 21 24 20 15 21 21 28 40 53 74 106 135 173 188 201 208 212 218 222 220 226 226 227 228 226 227 228 228 232 231 231 232 233 234 235 236 234 233 232 233 235 236 236 234 235 234 234 233 233 234 234 235 236 236 237 237 238 238 238 238 236 240 243 243 240 237 238 240 239 240 239 237 235 236 238 240 241 241 241 241 241 241 241 241 240 238 237 241 245 246 243 239 240 243 242 238 237 241 243 241 243 243 243 243 244 243 241 240 245 244 243 242
211 209 208 209 211 212 212 210 212 210 207 207 208 210 210 210 210 209 208 210 212 211 206 201 186 189 178 150 123 98 67 40 26 39 32 16 18 21 18 15 8 26 42 62 111 173 201 195 203 202 199 199 200 204 207 210 205 207 209 209 210 210 210 210 214 214 212 212 211 211 210 208 209 206 204 203 204 202 200 197 202 195 191 192 191 188 185 184 171 162 155 159 168 169 162 152 98 64 41 30 24 20 22 14 43 29 25 27 31 23 21 21 6 15 25 27 20 13 12 12 24 22 20 17 15 13 11 9 4 7 11 12 13 15 21 26 17 19 18 11 5 11 30 44 81 84 98 134 178 206 202 186 182 186 189 181 169 170 159 135 115 111 80 41 21 11 8 15 10 16 12 15 25 22 13 14 14 14 14 13 12 11 11 10 13 11 9 8 8 9 11 13 8 8 9 8 8 9 11 11 10 11 11 8 6 8 16 20 13 12 12 11 10 10 10 10 12 13 16 16 14 14 16 16 15 15 14 13 10 9 10 11 16 11 6 5 9 13 15 15 4 5 6 7 8 10 11 11 9 10 10 10 10 10 10 10 6 7 9 10 10 9 8 8 10 10 10 9 9 9 9 9 12 11 13 13 12 13 12 12 14 14 14 13 14 12 13 10 11 11 13 13 14 12 11 11 12 9 11 15 15 12 12 13 7 7 10 12 11 9 9 7 5 11 17 15 9 5 7 11 13 13 13 14 14 14 15 15 10 12 12 8 3 2 4 8 10 12 13 11 8 7 9 12 14 8 3 4 5 4 4 7 8 10 11 12 14 12 9 8 8 10 11 8 9 12 11 6 6 6 6 9 12 13 10 8 10 10 8 9 10 13 13 14 17 12 11 13 20 22 20 15 18 19 28 40 56 81 117 148 183 198 208 210 212 219 223 220 226 226 227 228 226 227 228 228 233 232 232 233 233 235 236 237 234 233 232 233 235 236 235 234 236 235 234 234 234 234 235 236 236 236 236 237 237 238 238 238 234 237 240 240 239 236 235 235 234 235 236 235 233 233 235 237 239 239 239 239 238 238 238 238 237 234 233 238 245 248 246 242 231 236 238 234 234 238 242 243 242 240 239 239 240 240 239 237 244 243 241 239
210 208 208 209 211 212 211 209 212 210 207 206 208 210 210 210 208 207 206 208 210 206 195 188 171 169 146 106 73 55 36 16 24 28 20 14 25 28 28 33 20 26 14 9 53 134 188 197 195 195 196 199 200 202 202 205 205 204 206 206 207 207 207 207 210 210 210 210 209 209 208 206 208 205 202 200 200 198 196 193 199 189 181 179 177 170 163 161 146 131 116 109 113 121 129 134 105 74 53 45 36 29 27 20 25 22 22 23 27 26 26 24 28 29 26 18 12 15 26 36 17 19 24 25 25 23 20 16 21 24 26 22 16 16 21 28 25 31 36 35 28 20 17 14 33 31 40 72 121 168 189 190 181 184 187 181 172 173 159 131 125 138 104 50 28 18 8 7 10 15 11 13 24 22 14 14 14 14 14 14 13 12 11 10 13 12 11 11 11 11 12 13 10 9 10 9 9 10 12 13 12 13 14 11 9 9 16 18 14 13 13 12 12 10 10 10 11 13 16 15 14 13 15 16 12 13 15 14 11 9 10 12 15 11 6 6 9 12 12 11 6 6 7 8 9 10 11 12 8 9 9 10 10 11 12 12 11 10 10 9 9 9 9 9 12 12 12 13 13 13 13 13 11 10 12 13 12 13 12 12 15 14 13 11 11 10 12 10 9 7 8 10 14 13 11 8 14 11 13 15 15 12 12 13 7 8 11 12 12 10 9 7 8 11 15 15 12 10 10 11 10 10 10 11 11 12 12 12 10 11 11 7 2 1 3 6 11 11 11 10 10 11 11 12 12 8 4 8 10 8 7 9 10 12 14 15 16 14 12 11 9 13 15 11 10 13 13 10 8 7 7 10 12 13 11 8 12 11 10 9 9 11 14 13 16 13 14 15 18 19 18 16 22 22 29 38 55 85 126 158 192 207 214 213 213 220 224 219 226 226 227 228 226 227 228 228 232 232 232 232 233 234 235 236 234 232 231 232 234 235 235 233 235 234 234 233 233 234 234 235 235 236 236 236 237 237 237 237 236 235 235 235 236 235 234 232 230 232 234 235 234 233 234 236 238 238 237 237 236 236 236 235 238 234 231 235 243 247 246 242 234 236 235 233 235 241 243 241 242 239 236 235 237 239 238 237 243 242 240 239
209 208 207 208 210 211 210 209 213 210 207 206 207 209 210 210 209 207 205 206 204 197 182 172 124 117 86 43 21 26 34 34 37 33 28 34 41 26 12 15 7 25 21 0 26 99 161 182 188 189 195 199 201 201 200 198 202 203 203 203 205 205 205 206 207 207 208 207 207 206 204 203 206 202 200 198 198 197 194 192 193 182 170 163 156 144 134 129 130 111 82 55 45 49 65 78 80 53 41 41 37 31 30 24 19 24 27 23 23 24 25 21 31 29 27 30 34 34 26 18 24 26 28 30 31 31 29 29 25 20 17 20 26 29 24 19 22 20 19 20 23 25 24 21 14 16 18 23 52 100 150 178 182 185 191 184 179 180 166 134 133 151 119 59 39 31 15 5 11 13 8 8 20 20 14 16 17 17 17 16 16 14 13 12 13 13 13 13 13 13 13 13 12 11 11 10 10 11 14 15 13 15 18 16 12 10 14 15 15 14 14 13 12 11 11 10 11 12 15 15 13 13 15 15 6 9 13 14 13 12 13 15 13 10 7 8 11 12 10 7 14 14 13 13 12 11 10 10 8 9 9 10 11 12 13 14 12 11 9 7 7 7 8 9 13 13 13 14 14 15 15 15 11 10 11 12 11 12 11 11 21 19 17 14 15 14 17 15 13 9 10 13 19 19 15 11 15 12 14 16 15 12 11 12 8 9 12 13 13 10 9 7 11 11 12 14 16 16 13 11 12 12 13 13 13 14 14 14 8 10 10 8 5 4 8 11 12 11 9 10 12 14 13 12 10 7 7 13 15 13 9 10 16 17 18 18 18 15 12 10 10 15 18 14 12 13 15 13 13 11 11 13 16 15 12 9 15 14 12 11 11 13 15 15 14 13 15 15 16 17 18 17 31 29 30 36 53 84 126 161 196 212 218 214 213 221 225 219 226 226 227 228 226 227 228 228 231 231 230 231 232 233 234 235 233 232 231 232 234 235 234 233 234 233 233 232 232 233 233 234 235 235 235 236 236 236 237 237 241 236 232 232 234 236 235 233 229 232 236 237 236 236 236 237 238 238 238 237 237 236 236 236 243 237 232 234 240 245 242 238 244 241 236 234 239 245 243 237 244 240 236 235 237 240 240 238 244 243 242 241
208 209 209 210 210 209 209 208 209 208 207 208 210 211 211 209 201 216 199 200 197 178 157 110 51 44 36 28 24 24 24 25 23 23 24 27 29 29 26 21 17 19 24 20 14 34 100 166 159 172 177 178 187 188 190 199 192 196 199 201 200 197 198 202 203 205 208 207 206 203 204 204 203 196 194 192 189 181 179 181 172 160 142 127 118 109 98 90 56 53 46 38 32 27 26 25 23 27 30 26 28 28 29 23 27 26 27 23 27 28 29 25 28 31 32 30 26 24 25 25 27 27 27 27 27 27 27 25 23 23 24 26 26 25 24 23 22 22 22 22 22 22 22 20 19 10 12 15 11 13 42 79 137 155 169 171 181 190 177 151 142 147 127 91 63 39 19 16 10 11 14 15 17 18 19 19 17 15 15 17 18 18 15 13 9 11 12 13 13 11 9 7 13 13 14 13 12 12 16 18 17 14 12 11 12 13 16 15 11 10 12 16 16 12 13 16 14 12 14 17 17 13 13 14 12 11 11 14 16 16 14 12 13 12 13 14 15 15 12 10 14 12 10 10 12 13 13 12 7 8 10 12 13 13 12 11 8 11 11 9 10 13 14 11 13 13 13 14 15 16 18 18 8 10 13 12 8 10 15 21 18 17 15 13 13 12 14 12 9 8 13 19 20 14 11 12 8 8 10 11 12 13 14 13 11 10 12 12 12 12 14 14 11 12 13 12 10 10 12 14 10 9 8 9 12 13 13 12 12 11 9 7 6 7 8 9 8 12 12 8 7 10 11 10 10 9 7 8 8 10 10 11 16 17 18 18 18 16 14 13 14 13 14 13 12 12 12 12 9 11 13 12 11 12 12 14 11 15 16 15 12 13 19 23 21 13 12 16 20 20 19 20 21 28 30 38 58 86 123 164 189 199 210 218 220 220 224 225 224 225 226 227 227 228 229 229 232 232 231 230 230 232 233 235 230 233 235 236 235 234 234 235 231 233 234 235 236 235 234 233 232 231 231 233 236 237 236 234 237 232 230 234 238 239 242 246 239 240 237 232 231 235 237 235 237 238 238 239 239 238 238 237 238 237 241 247 248 243 241 243 245 244 242 241 240 241 242 243 239 240 240 239 238 238 239 241 238 239 240 242
208 209 209 210 210 209 209 208 208 207 207 208 210 211 210 209 200 206 191 192 175 133 101 60 34 30 28 25 25 25 25 25 24 25 22 23 25 27 26 24 21 18 20 19 13 21 62 106 128 141 148 151 163 168 174 189 186 188 193 195 196 196 198 201 200 201 201 202 199 194 187 180 187 185 185 186 180 163 149 142 126 108 82 61 50 44 39 35 34 32 29 26 23 21 21 21 24 28 29 27 27 29 28 24 26 27 26 24 26 29 28 25 30 33 34 32 29 27 27 29 27 27 27 27 27 25 27 25 23 24 25 26 26 26 24 23 22 22 22 22 22 23 23 21 20 16 17 18 11 1 8 21 34 58 109 161 182 169 156 151 147 149 128 99 83 60 29 9 8 10 12 15 17 18 21 19 17 15 15 17 19 19 17 14 14 14 15 15 15 14 12 12 10 10 12 11 11 11 13 14 13 12 11 11 12 14 17 16 14 13 16 19 17 13 15 20 16 13 15 17 17 13 14 16 12 11 12 14 16 16 14 12 12 11 11 13 15 15 12 10 15 13 11 10 11 12 11 9 10 11 11 12 12 12 12 12 11 14 14 11 10 12 11 7 10 10 10 11 12 13 14 15 9 11 14 13 10 11 16 21 22 20 18 15 14 12 14 12 10 8 12 17 18 12 9 10 12 12 15 15 14 12 9 6 14 13 14 14 14 14 16 15 12 13 16 15 13 13 14 15 14 13 13 15 17 18 17 16 9 10 11 11 12 13 13 14 9 13 13 9 7 10 10 9 10 10 8 8 9 10 11 12 14 14 13 12 13 11 9 8 13 13 13 12 11 11 11 11 10 12 14 14 12 12 14 15 11 14 15 13 10 9 13 16 20 14 13 16 18 18 18 20 31 35 36 45 67 89 126 169 192 202 212 219 220 221 224 226 225 226 227 228 227 229 229 230 232 231 230 229 230 231 233 234 232 234 236 237 236 235 235 236 231 232 234 235 236 235 235 234 232 235 238 238 236 235 237 239 238 233 232 236 239 239 240 243 237 238 235 230 231 237 242 241 235 236 237 238 238 238 237 237 235 234 238 243 245 242 241 243 240 240 240 240 241 242 244 245 236 236 236 235 235 235 236 237 235 236 237 238
208 209 209 210 210 209 209 208 208 207 207 208 210 210 209 207 206 205 194 188 153 94 56 28 24 23 23 25 28 28 26 24 25 23 20 20 22 25 25 26 28 23 24 26 21 16 29 48 89 104 113 120 130 139 152 173 178 183 189 193 196 198 199 200 201 200 199 200 200 196 188 181 177 170 164 160 147 124 101 90 86 71 49 34 28 28 28 27 25 25 24 24 25 24 24 24 27 31 32 29 29 32 31 27 25 27 26 23 25 29 27 23 31 33 34 33 30 29 29 30 25 25 25 25 25 23 24 24 24 26 27 28 27 25 24 23 24 24 23 23 23 23 21 21 18 18 19 19 17 11 5 0 0 0 37 115 176 186 171 158 160 158 136 115 109 89 44 7 8 8 11 13 16 18 21 20 17 15 15 17 19 20 18 16 17 16 15 15 14 14 14 15 11 11 14 14 14 14 14 14 9 10 11 13 14 15 18 17 14 14 18 21 17 12 15 22 19 14 15 17 16 14 16 18 13 12 12 14 16 16 14 11 14 14 14 15 18 18 17 15 20 17 15 14 14 14 13 11 14 13 13 12 12 12 12 12 12 16 17 14 13 15 13 8 14 14 14 15 16 16 17 17 14 15 18 18 15 17 21 25 25 23 20 16 15 13 15 13 12 9 10 14 16 10 8 9 12 13 17 18 16 13 9 5 15 14 15 15 15 13 14 14 10 13 16 16 15 13 13 14 13 13 13 16 18 18 17 15 9 10 12 14 15 14 13 13 10 14 14 9 7 9 10 8 12 11 9 10 10 12 12 13 17 16 15 12 13 11 11 10 12 12 12 11 10 10 10 10 11 13 15 15 14 13 15 17 13 16 19 17 11 9 10 11 17 15 17 19 17 15 16 21 37 37 36 49 73 93 125 165 194 203 212 218 219 221 226 228 227 227 228 229 228 230 230 231 232 231 230 229 230 231 233 234 233 235 237 237 236 235 236 237 231 231 233 234 235 236 236 236 231 237 242 240 235 232 236 240 239 235 235 239 241 238 237 238 235 236 234 231 233 240 245 245 234 235 236 237 237 237 237 237 236 234 236 241 241 238 237 239 239 239 239 240 240 241 241 242 236 235 235 234 234 235 235 236 238 238 240 241
208 209 209 210 210 209 209 208 207 206 206 208 210 210 207 203 202 204 193 166 119 68 40 26 26 25 25 27 29 28 25 22 25 23 21 21 23 25 25 24 29 24 27 34 31 22 21 25 50 64 76 87 101 107 122 145 157 165 176 184 189 193 192 189 193 193 194 193 190 187 183 180 160 143 123 109 95 75 55 47 46 39 33 30 31 34 33 30 30 30 31 30 32 31 29 29 26 29 30 27 27 30 29 26 24 26 24 22 24 27 26 22 30 32 32 31 30 28 28 26 25 24 24 23 23 21 21 22 27 27 27 27 26 26 23 23 25 24 24 23 23 21 21 21 21 24 22 16 19 25 24 15 22 4 4 46 115 164 176 165 166 167 147 126 126 106 53 4 7 9 11 13 16 18 21 20 17 15 15 17 19 20 19 18 17 16 13 12 11 12 14 15 10 10 13 14 15 15 13 11 10 11 14 15 15 15 18 17 12 13 17 19 14 8 13 21 20 16 15 16 16 14 17 20 14 13 13 15 16 16 14 11 13 12 12 14 17 18 17 16 18 15 13 13 14 14 13 12 17 16 14 12 11 11 12 13 9 13 15 14 15 18 16 13 15 15 16 17 18 18 18 18 14 14 17 18 16 18 20 23 23 21 19 15 15 14 17 15 16 10 10 13 15 11 8 9 8 10 14 15 16 16 15 13 13 13 14 14 13 11 11 10 7 10 14 15 14 12 11 11 8 8 9 12 14 14 12 10 14 13 13 12 11 10 9 8 12 15 15 10 7 9 9 8 13 13 10 11 12 13 13 14 21 19 16 13 13 13 13 13 12 11 12 10 10 9 9 11 12 14 15 16 15 15 16 17 17 20 22 21 17 14 14 14 15 13 17 19 16 14 18 24 35 33 34 51 77 93 119 155 192 201 209 216 218 221 227 230 229 229 230 230 229 230 231 231 233 232 231 231 231 232 234 235 232 234 236 236 235 234 235 237 231 231 232 234 235 236 236 237 232 235 239 238 233 231 233 236 239 235 236 240 241 236 233 233 236 238 237 234 236 241 243 241 234 235 236 238 238 238 238 238 239 237 237 240 240 235 234 236 241 241 241 240 239 238 237 236 240 238 237 237 238 239 239 238 240 240 241 242
208 209 209 210 210 209 209 208 206 206 206 208 209 209 206 201 190 189 170 115 64 38 26 24 29 27 26 25 26 26 25 23 22 22 22 24 26 26 25 23 24 22 25 30 29 22 21 26 20 34 45 58 71 76 86 108 124 136 152 165 175 183 181 174 176 179 181 173 158 144 132 126 110 91 70 57 49 39 30 27 28 26 25 26 28 28 24 20 29 29 29 29 29 28 27 26 23 25 25 22 22 25 25 23 23 25 24 21 23 26 25 21 28 27 27 27 27 25 24 23 24 22 22 21 21 19 19 19 27 28 26 26 25 25 23 23 24 24 24 21 21 20 20 20 24 29 25 14 14 22 24 18 21 16 11 10 27 62 109 139 151 161 150 130 129 112 57 7 7 9 10 10 15 17 21 22 18 16 15 16 18 19 18 17 18 16 14 12 11 12 15 16 9 8 10 11 14 13 11 9 13 15 18 18 16 14 17 16 14 13 16 17 13 8 12 19 20 16 15 16 16 14 17 20 15 14 14 15 17 16 14 11 10 9 8 9 12 14 14 13 11 9 7 8 10 12 12 11 18 16 14 12 11 11 11 12 9 13 15 14 14 17 17 13 11 12 13 14 15 14 13 13 9 10 12 13 13 15 16 17 18 16 14 12 13 14 18 18 18 11 10 14 17 13 10 9 9 9 11 12 13 16 19 19 13 12 14 14 13 11 11 9 7 10 14 15 14 12 11 11 8 8 9 11 13 14 12 10 18 15 11 8 7 8 10 11 12 16 15 10 8 9 10 8 13 13 11 11 12 13 13 14 18 16 14 11 11 11 11 11 12 11 12 10 10 9 9 11 12 16 17 18 15 15 16 17 18 20 21 22 21 20 20 18 13 13 16 19 19 16 21 28 33 35 38 55 83 103 123 149 187 196 206 213 217 221 228 232 230 230 230 231 230 230 231 231 234 234 233 232 232 234 235 237 231 233 234 233 232 232 234 236 232 232 233 233 234 235 236 237 235 235 235 236 236 236 234 233 237 234 235 239 240 235 231 230 238 241 242 239 238 239 237 232 237 237 239 239 240 240 240 239 238 236 238 242 242 238 236 238 241 241 240 239 238 237 237 237 242 240 238 238 240 242 241 239 237 237 238 239
208 209 209 210 210 209 209 208 205 205 206 208 209 208 204 199 188 174 143 74 28 23 19 23 26 23 21 21 22 24 25 24 22 22 23 25 27 26 24 21 24 23 27 29 26 22 27 31 15 21 29 42 54 54 59 77 94 109 127 141 156 166 166 159 160 160 157 145 120 92 67 55 47 36 27 26 26 24 22 22 29 27 25 25 29 30 31 30 23 23 23 25 26 26 27 28 26 28 28 24 24 28 28 26 23 25 23 21 23 26 25 21 26 24 23 22 23 23 22 18 22 21 20 20 19 17 17 18 26 28 26 25 24 24 22 22 24 23 21 20 20 18 17 18 20 28 28 19 17 20 20 14 13 11 18 18 2 0 33 79 109 138 145 134 137 123 71 22 7 8 10 10 14 17 20 22 19 16 14 14 16 17 16 15 20 18 16 14 14 15 16 18 15 12 12 14 17 18 16 13 14 16 19 17 14 12 16 17 18 15 15 16 15 11 14 19 19 14 15 17 16 14 16 18 16 14 14 16 17 16 13 11 14 12 11 12 14 16 16 15 12 10 9 10 13 15 16 15 16 15 14 12 11 11 11 11 14 17 16 12 11 14 13 10 13 14 15 16 16 15 14 13 12 12 14 16 17 18 18 19 15 13 11 9 11 13 19 19 17 11 10 15 20 16 11 9 14 12 12 10 10 13 16 16 13 14 16 17 16 14 14 12 10 13 16 16 15 13 13 14 15 13 13 14 16 18 17 16 18 15 10 8 8 11 15 18 11 15 15 10 8 10 11 9 13 13 11 11 12 13 13 14 17 17 15 14 15 14 14 14 12 12 12 11 10 10 10 11 11 15 17 17 14 14 15 17 16 17 17 18 19 20 20 18 16 13 15 19 21 21 24 29 37 44 46 59 91 119 137 153 184 195 205 213 217 220 227 230 230 230 230 231 229 230 230 230 234 233 232 232 232 234 235 236 231 232 233 232 231 231 233 235 234 234 233 233 233 234 235 236 238 237 236 237 240 240 238 235 237 233 234 239 240 236 232 232 239 242 243 239 237 237 234 228 239 240 240 241 241 240 239 239 233 233 237 243 245 242 240 241 238 237 236 236 238 240 242 244 242 238 236 236 239 241 240 237 239 239 240 240
208 209 209 210 210 209 209 208 205 205 206 208 209 207 203 198 187 149 110 50 22 26 18 27 23 22 21 21 22 23 23 21 22 21 20 21 24 24 23 22 28 26 28 28 27 24 29 31 21 20 21 31 42 41 43 59 72 85 97 105 120 134 135 127 124 116 102 87 70 52 32 19 17 13 13 19 23 23 23 25 18 17 17 18 21 23 26 27 21 20 20 21 21 23 25 28 27 29 28 25 25 28 29 27 22 24 23 20 22 26 24 20 23 21 19 19 22 23 21 17 22 21 20 19 18 15 14 16 27 29 26 24 23 23 22 22 23 23 20 19 17 16 16 16 18 23 24 24 25 23 20 16 21 14 15 21 16 6 10 20 42 88 120 126 139 133 81 28 6 8 10 9 14 16 21 23 20 17 14 13 14 14 14 13 18 17 16 14 14 14 15 16 18 14 13 14 18 20 18 15 11 14 16 14 10 10 16 19 20 14 11 13 15 13 13 15 16 13 15 17 17 13 14 16 17 15 15 16 17 16 13 11 17 15 13 13 14 16 16 15 14 13 11 12 14 16 16 15 12 13 13 13 12 11 10 9 15 16 14 9 9 12 13 11 15 16 18 19 19 18 16 15 15 14 17 19 20 22 21 21 17 14 12 9 10 12 18 18 14 8 8 15 21 17 10 7 14 13 13 11 10 11 11 10 12 12 16 17 17 15 15 13 12 13 16 15 13 13 14 15 16 14 12 12 14 17 18 18 15 13 10 8 8 10 13 15 10 14 15 10 9 11 12 11 12 12 10 10 11 12 13 13 16 16 16 16 18 17 16 15 13 13 13 12 11 11 11 12 10 14 16 16 13 13 15 17 17 16 15 16 17 18 19 17 21 16 16 21 23 23 23 26 40 51 50 54 90 130 151 159 186 197 208 216 219 220 225 227 230 230 230 230 229 229 229 229 232 232 231 230 230 232 233 234 232 233 233 232 231 232 234 236 236 235 234 233 232 233 234 235 235 236 238 239 239 239 239 239 237 234 234 239 241 238 236 237 238 240 239 235 234 237 236 233 240 240 241 240 240 238 237 236 233 233 238 245 246 241 237 237 238 237 235 235 237 241 245 248 242 238 234 235 239 241 239 236 241 242 243 243
208 209 209 210 210 209 210 208 204 205 206 206 207 205 201 196 174 117 76 36 23 28 15 26 26 24 24 24 24 23 21 17 24 21 18 17 20 21 23 22 21 21 21 23 24 23 22 23 25 18 14 20 33 31 33 48 58 67 72 76 87 102 103 95 84 63 40 27 27 28 21 14 23 21 20 23 25 22 24 26 19 19 20 21 22 19 17 14 20 20 17 16 15 17 20 21 20 22 22 17 19 20 24 20 23 22 23 19 22 24 25 20 23 21 18 19 22 23 22 17 22 22 20 19 17 17 16 16 29 29 27 24 23 23 24 22 23 22 21 18 17 15 15 15 26 22 18 20 20 18 14 11 16 20 15 3 7 20 13 0 0 43 92 114 137 133 82 25 10 10 10 9 13 15 20 22 21 17 13 12 12 13 12 11 15 14 13 12 12 12 12 10 13 8 3 4 10 13 11 8 6 9 12 10 7 8 15 20 18 10 6 9 12 11 10 10 14 12 12 15 17 13 12 14 17 15 15 16 17 16 13 11 12 9 7 6 8 9 9 8 10 8 6 6 7 8 8 7 10 11 12 13 12 11 9 8 11 12 10 7 7 13 16 16 12 13 15 16 16 14 11 10 9 9 11 12 16 18 16 15 19 16 13 9 10 12 15 17 11 7 8 16 21 17 11 7 11 11 13 13 12 11 10 10 8 10 13 15 15 14 13 11 11 12 13 12 10 10 12 13 13 10 7 6 9 12 14 15 14 13 11 8 7 6 5 5 10 14 14 10 9 12 13 12 12 11 9 10 11 12 13 13 11 10 12 13 14 13 12 11 14 13 12 11 12 10 12 12 9 11 13 13 11 12 13 15 20 17 16 15 16 18 19 19 26 20 17 20 22 22 21 21 36 50 46 45 83 133 156 161 189 201 211 218 221 222 223 224 229 229 230 230 228 228 228 229 230 230 229 228 228 230 231 232 233 234 234 233 232 233 235 238 238 236 234 233 232 232 233 234 229 234 239 239 235 233 237 242 238 235 235 240 243 241 240 242 236 237 234 230 231 237 241 240 240 240 240 239 238 237 235 234 237 237 242 247 245 237 230 229 243 240 237 235 236 239 244 247 243 239 235 236 240 243 240 237 238 239 239 240
209 210 211 211 211 210 210 208 203 211 206 207 197 194 196 170 123 78 42 33 25 21 26 26 24 22 21 21 23 24 24 23 18 18 19 20 20 21 22 22 21 23 23 23 23 23 24 23 18 18 20 21 22 24 27 30 26 37 43 43 44 48 50 47 37 33 26 21 19 19 21 23 22 21 19 18 20 22 24 26 20 20 20 21 21 22 22 22 20 24 23 20 20 23 24 21 20 20 22 20 19 17 19 19 18 17 19 19 20 20 22 22 21 22 23 23 23 24 24 23 21 19 21 23 22 18 20 25 22 21 21 22 25 24 21 16 20 20 20 21 20 17 15 14 21 20 19 19 21 22 21 17 15 17 12 12 19 14 11 19 0 1 23 58 87 86 55 24 10 11 12 14 15 17 17 17 14 13 13 13 13 13 13 14 9 10 10 11 10 8 7 6 12 11 10 9 9 9 12 14 10 7 7 11 10 7 10 19 10 11 13 16 17 16 12 9 13 10 11 15 17 15 16 20 8 7 6 7 8 9 8 7 11 12 11 10 9 11 14 18 10 10 10 11 11 12 12 12 10 11 13 14 15 15 14 13 11 11 11 13 14 14 15 15 12 13 15 17 17 14 13 11 2 8 14 15 18 22 22 17 14 12 11 8 8 9 12 13 7 8 11 15 18 16 14 10 15 7 3 9 13 12 13 16 12 11 13 15 18 19 17 15 6 5 7 10 9 6 8 12 7 4 5 12 14 12 16 21 15 14 12 10 9 8 9 9 8 9 10 8 5 5 8 12 11 11 12 12 12 11 10 7 8 12 16 18 18 16 15 15 9 7 5 5 8 9 11 11 4 6 9 10 9 9 13 14 15 12 13 14 16 17 16 15 22 25 20 14 20 18 17 24 29 44 50 61 95 131 156 176 196 206 212 215 218 220 224 230 229 229 229 230 229 229 228 228 228 229 230 230 232 232 233 234 233 234 235 236 235 234 232 231 236 234 232 232 234 235 234 233 234 234 234 233 232 234 238 241 233 235 237 238 239 239 238 237 234 235 237 238 238 237 235 234 235 236 236 237 237 238 238 239 234 240 245 244 238 236 239 244 241 239 238 239 241 243 244 243 235 236 238 242 245 245 242 238 234 239 246 251
209 209 211 211 211 211 210 209 210 211 201 203 201 190 173 128 79 44 24 25 24 21 23 21 24 22 21 21 23 24 23 22 24 23 23 22 21 21 20 20 21 21 21 21 21 21 20 20 14 16 18 20 20 21 24 26 17 26 31 29 27 29 28 25 28 27 25 23 22 21 22 22 23 22 20 19 20 21 23 25 21 21 21 22 22 23 23 23 20 22 22 19 19 22 22 20 18 20 21 21 19 17 18 18 18 18 18 18 18 18 17 18 19 20 20 21 21 21 22 22 23 21 22 24 23 19 20 26 25 25 23 25 26 26 23 19 20 20 20 21 20 19 15 14 18 17 16 17 18 19 18 16 19 21 16 16 22 17 13 22 18 8 0 3 13 18 15 8 12 12 14 14 15 15 15 15 14 13 13 13 13 13 13 13 12 11 9 8 8 8 10 11 11 12 11 11 10 9 10 11 9 6 7 10 9 6 10 17 12 13 13 14 14 14 13 11 11 8 9 13 13 11 12 15 10 9 9 11 15 17 17 16 14 12 10 10 10 12 14 15 11 11 11 11 12 12 12 12 9 10 12 13 14 14 13 11 10 9 9 9 11 12 13 13 12 13 15 16 17 14 12 9 3 8 13 15 18 21 21 17 14 12 11 8 9 10 11 13 13 13 14 16 17 17 15 12 17 11 8 12 13 10 11 14 17 16 16 17 17 15 11 8 11 9 10 13 11 7 7 9 7 3 5 11 13 11 14 19 15 14 12 10 9 9 9 9 8 10 11 10 7 7 9 12 15 15 14 13 12 12 11 9 10 12 16 18 17 15 14 14 15 12 9 7 8 8 8 7 6 8 10 10 9 8 10 11 11 12 12 13 15 15 16 16 21 25 20 17 22 20 17 23 35 50 56 70 104 137 157 172 201 210 218 221 223 224 229 232 230 230 230 231 230 230 228 228 229 230 230 231 231 232 232 233 235 235 236 237 237 235 234 232 236 234 232 232 234 235 234 233 234 236 236 236 235 236 239 241 235 236 237 237 237 236 234 233 235 235 235 235 236 236 236 236 237 238 238 238 238 238 239 239 238 243 247 244 238 235 237 242 241 239 238 239 241 243 243 243 241 244 247 246 243 240 240 241 239 243 247 249
209 209 211 211 211 210 209 209 207 209 201 204 204 194 174 125 64 34 20 25 25 24 26 22 23 21 20 21 23 24 24 23 19 19 19 18 17 16 16 16 20 21 21 20 20 19 18 17 11 14 18 19 19 18 19 20 15 20 23 21 18 18 16 13 17 19 21 23 24 23 21 20 24 22 21 20 19 20 21 22 21 21 21 21 22 22 22 22 18 21 21 18 18 21 21 18 17 19 22 22 20 18 17 18 19 19 18 17 16 16 15 16 18 20 20 20 21 21 21 22 24 22 22 24 22 18 18 25 25 26 26 27 28 27 24 21 20 20 21 21 20 19 18 17 18 16 15 15 17 17 16 15 18 19 14 14 19 13 10 18 21 17 10 3 2 3 8 11 14 14 14 14 15 15 15 15 15 15 14 13 12 12 12 12 15 12 8 6 6 9 13 16 13 13 13 13 12 11 10 10 10 8 9 10 10 8 11 16 16 16 14 12 11 12 13 13 12 9 9 12 12 9 9 12 10 9 9 11 14 16 16 15 17 13 9 9 12 13 12 11 13 13 13 13 12 12 12 12 8 9 11 12 13 13 13 11 10 8 7 6 8 9 11 11 12 14 15 15 16 14 12 9 4 9 13 14 18 21 19 15 16 14 11 9 9 10 11 12 17 16 14 15 16 16 15 14 12 11 12 14 13 10 11 15 18 18 18 18 18 14 9 5 15 14 14 16 13 7 7 8 7 4 6 10 11 10 13 16 15 14 12 10 9 9 10 10 9 11 12 12 11 10 10 11 14 13 11 9 8 8 8 7 12 14 17 18 16 15 14 14 17 14 10 9 9 10 9 8 10 12 13 13 11 9 9 10 11 14 16 16 13 12 15 18 15 22 18 16 24 21 16 22 34 49 56 73 110 143 157 168 202 211 220 224 226 225 228 230 231 231 231 232 230 230 229 228 231 231 231 231 231 231 231 231 235 236 237 238 237 236 234 233 236 234 232 232 234 235 235 234 235 237 239 239 238 238 239 241 238 237 237 236 235 233 231 230 235 235 234 234 235 236 237 238 239 239 239 239 239 238 238 238 240 244 247 244 238 234 235 238 241 239 238 239 241 243 243 242 241 246 249 246 240 237 240 245 242 244 246 245
208 209 210 210 211 210 209 208 201 211 207 204 197 190 183 144 80 50 31 28 23 22 27 24 22 20 20 20 22 23 23 22 14 14 15 16 16 17 18 18 21 21 22 21 20 19 17 16 14 16 20 22 21 19 19 19 21 23 25 25 24 25 24 23 16 18 21 24 25 25 23 22 23 22 21 20 19 19 20 20 21 21 21 21 21 21 21 22 18 21 21 19 19 21 21 18 18 19 22 22 20 18 17 17 19 18 18 18 17 17 16 17 20 21 22 22 23 23 23 23 24 22 23 24 21 17 17 23 25 26 27 28 27 26 23 21 20 20 20 20 19 19 19 18 17 15 14 14 16 16 15 13 17 19 13 13 17 12 7 16 0 7 17 20 17 12 9 8 13 13 13 13 14 14 14 14 17 16 14 12 11 11 11 12 15 12 9 7 8 11 15 18 11 11 11 12 12 11 8 6 10 10 10 10 9 9 12 15 17 17 16 14 12 11 12 13 16 12 12 15 14 11 10 13 14 12 11 11 13 13 12 10 19 14 9 9 13 14 11 7 14 14 14 13 13 13 12 12 8 9 10 11 12 12 13 11 11 9 7 5 8 8 10 11 13 14 14 15 16 14 12 10 7 11 14 14 16 19 17 13 15 14 11 9 10 10 11 12 18 17 16 17 18 17 15 12 4 7 11 13 12 11 14 18 13 13 15 17 18 16 12 8 15 13 15 17 14 9 8 9 9 7 9 10 11 11 13 14 15 13 12 11 10 10 10 11 8 10 12 12 12 11 10 9 13 11 9 7 7 8 10 9 15 16 19 19 17 15 15 15 13 11 8 8 10 11 12 11 10 12 14 14 12 11 11 12 10 14 18 17 12 11 15 19 15 21 19 20 29 29 23 25 35 49 55 74 115 149 164 174 198 208 219 223 226 223 225 226 232 233 232 233 231 231 229 229 232 231 231 231 231 231 231 230 234 235 236 237 236 235 233 232 235 233 232 232 234 235 235 234 233 236 240 241 240 238 238 238 238 238 237 236 235 234 233 232 235 235 236 237 238 239 239 239 240 239 239 238 238 237 237 236 238 241 243 241 236 233 234 237 241 239 238 238 240 242 242 241 235 238 240 239 237 237 242 247 242 242 242 240
208 208 210 210 210 210 209 208 205 214 205 199 190 183 171 127 73 47 30 25 19 19 23 21 23 21 20 20 22 23 22 21 19 19 20 21 21 22 23 23 22 23 24 24 23 21 18 16 15 18 22 23 22 21 20 20 24 23 23 25 26 26 26 27 21 22 23 23 24 24 24 24 23 22 21 20 20 19 19 19 23 23 23 23 23 23 23 22 20 23 24 22 22 24 23 18 18 21 23 22 20 19 18 19 18 19 19 19 20 20 21 21 20 21 21 22 22 22 23 23 24 22 22 24 21 16 17 23 23 24 25 25 24 23 20 20 22 22 20 20 20 20 19 20 19 18 16 16 17 17 16 14 23 24 19 18 23 17 13 19 7 10 14 14 11 9 9 9 13 13 14 14 14 14 14 14 18 16 14 12 11 11 12 12 12 11 11 11 12 13 14 15 10 9 9 10 12 11 8 5 11 12 12 10 9 10 13 14 14 16 18 17 14 11 11 12 17 13 13 15 14 11 10 13 17 15 14 14 15 15 14 12 19 14 9 10 13 14 11 6 13 13 13 13 13 13 13 13 10 10 10 10 11 11 12 10 11 9 9 7 10 10 12 13 13 14 14 14 15 13 13 11 9 13 16 14 15 17 17 13 14 13 13 11 10 10 11 11 15 16 17 20 21 18 13 9 2 7 12 12 10 11 13 16 11 12 13 16 18 17 13 10 10 10 12 16 14 10 9 10 10 10 12 11 12 13 15 15 15 13 13 11 10 11 11 12 8 9 10 11 12 11 9 7 15 14 13 12 12 15 17 17 17 18 20 20 18 17 17 17 13 10 8 7 9 10 10 10 8 12 15 15 15 15 16 17 11 15 19 17 13 12 15 18 18 23 23 27 38 39 35 37 50 62 65 81 123 158 174 185 196 206 218 223 225 223 224 225 233 233 233 233 231 230 229 228 232 231 231 231 231 231 231 230 233 233 234 235 235 233 232 230 235 233 232 232 234 236 236 235 231 235 238 240 238 236 235 235 237 237 237 236 236 237 237 237 235 237 239 242 242 241 239 238 238 237 237 236 236 235 235 234 233 236 238 238 235 234 235 237 241 239 238 238 240 241 241 240 235 234 233 234 238 241 244 245 241 242 241 239
208 208 209 209 210 209 208 208 207 209 197 196 197 189 158 94 43 27 22 24 21 22 24 19 22 20 19 19 21 22 21 20 21 21 21 20 19 18 18 18 21 22 24 24 24 22 19 17 14 17 20 20 19 19 19 20 27 22 20 22 23 21 21 22 23 22 21 20 20 20 20 21 20 20 20 20 20 19 19 19 23 23 23 23 22 22 22 22 19 23 25 23 23 25 23 19 20 21 22 21 19 18 19 20 18 18 19 20 21 21 22 22 18 18 19 19 19 20 20 20 22 21 21 23 21 17 17 21 20 23 25 24 22 20 18 18 22 22 19 19 19 20 20 21 20 18 17 17 17 17 16 14 20 22 17 16 22 16 12 21 20 16 14 13 13 14 15 14 12 12 13 13 13 13 13 13 17 15 13 11 10 11 13 14 10 11 12 14 14 13 12 11 11 8 7 8 12 12 10 6 11 14 13 9 8 11 13 15 12 16 19 18 14 12 12 14 15 12 11 14 13 10 9 12 11 10 10 11 13 15 14 13 17 14 11 11 13 13 10 7 11 11 12 12 13 13 13 14 13 13 12 11 10 11 11 9 9 9 10 10 13 13 14 14 14 14 14 14 14 13 13 13 12 14 16 14 13 15 15 11 14 13 13 12 11 11 11 11 12 14 16 20 21 19 13 9 10 13 14 10 9 10 11 10 16 15 14 15 15 14 11 8 6 7 10 15 15 10 10 11 10 12 13 11 12 15 17 15 14 13 13 11 11 11 12 13 10 9 8 9 11 11 9 8 14 13 13 12 13 15 16 16 17 18 20 20 18 17 18 19 17 14 10 8 8 7 6 6 9 11 14 15 15 15 16 18 14 16 19 18 16 15 17 18 15 20 20 25 40 44 41 44 68 79 80 89 125 156 172 184 197 207 219 224 227 226 228 229 232 233 232 232 230 229 227 227 231 231 231 231 231 231 231 231 232 232 233 234 234 232 231 230 234 232 231 232 234 236 236 236 231 234 237 238 236 234 234 234 236 236 236 236 237 238 240 240 237 238 240 242 242 240 238 237 236 236 236 235 235 235 235 235 230 232 235 236 236 236 237 239 241 239 238 238 239 241 240 239 242 239 236 237 240 243 243 242 242 243 243 242
207 208 209 209 210 209 208 207 203 207 197 196 196 184 145 74 31 23 24 28 24 25 27 21 21 19 19 19 22 23 23 22 17 17 16 16 15 14 14 13 18 19 22 23 23 21 19 17 14 16 18 18 18 18 20 21 29 22 18 21 22 20 19 21 21 21 21 20 20 19 19 18 18 18 19 20 20 20 20 19 23 23 23 22 22 21 21 21 18 22 24 22 22 24 22 18 22 22 21 19 17 17 20 22 19 19 19 19 19 19 20 20 18 18 18 19 19 20 20 20 21 19 20 22 21 17 18 22 19 22 24 24 20 18 17 18 22 22 21 20 19 20 22 23 21 19 17 17 18 18 16 14 17 19 14 14 19 15 11 20 9 8 9 12 16 15 12 9 13 13 13 13 15 15 15 15 16 15 12 10 10 12 14 16 10 11 12 13 13 12 10 9 15 11 8 10 15 17 16 13 13 17 17 11 10 14 16 15 13 16 18 16 12 11 14 18 15 12 12 15 15 11 11 14 10 8 8 9 11 12 12 11 13 13 13 13 12 12 10 10 9 9 10 11 12 13 14 14 17 16 14 12 11 10 10 9 6 6 10 11 15 15 14 14 14 14 14 13 14 13 13 14 13 17 17 13 14 15 14 10 14 14 13 12 13 13 12 12 12 12 14 17 18 18 14 11 16 18 15 10 10 14 14 9 19 17 14 13 13 12 10 8 6 7 11 16 15 11 10 11 8 11 13 10 11 15 18 15 14 13 13 11 11 12 13 14 13 11 8 9 11 12 11 10 12 12 12 11 11 10 10 8 15 15 17 17 16 16 18 19 19 15 12 9 9 8 7 7 10 13 15 16 15 14 14 15 17 17 18 18 16 17 17 17 14 19 17 25 43 50 48 52 83 95 97 102 130 156 170 182 198 208 219 224 228 228 231 233 232 232 232 232 229 228 226 226 229 230 230 231 231 232 232 233 232 233 234 235 234 233 231 230 234 232 231 232 234 236 237 236 232 234 237 237 235 234 233 234 235 235 234 234 235 237 239 240 241 240 238 236 236 236 237 237 235 235 236 236 236 236 236 237 231 233 236 237 238 238 239 240 241 239 237 238 239 240 240 239 244 244 243 242 241 241 242 242 241 242 244 243
207 208 209 209 210 209 208 207 202 214 205 195 180 160 126 63 40 30 28 27 20 21 24 18 21 19 18 18 22 23 23 22 15 15 16 17 17 18 19 19 15 17 20 22 22 21 18 16 17 17 18 18 18 19 22 24 27 19 15 19 22 19 19 23 20 21 22 23 23 21 19 18 17 17 18 19 20 20 20 20 23 23 23 22 22 21 21 21 16 20 22 21 21 22 20 16 25 23 21 18 16 17 20 23 20 20 19 18 18 17 16 18 20 20 21 21 21 22 22 22 20 18 20 22 21 17 19 23 20 23 25 24 21 18 18 19 22 21 21 20 19 20 22 23 23 20 18 18 18 18 16 14 19 21 16 17 23 18 15 24 20 17 15 14 15 15 14 14 13 13 13 13 15 15 15 15 16 14 11 10 10 12 15 17 12 12 12 12 11 10 9 9 17 13 9 11 16 20 19 17 13 18 17 11 9 14 16 14 15 17 17 13 9 10 16 23 18 15 15 18 18 15 15 18 18 16 14 14 14 14 12 11 11 13 14 14 12 10 11 11 7 7 9 10 12 13 14 15 19 18 15 12 11 10 10 8 3 4 9 12 16 15 14 13 15 15 14 13 14 13 13 14 14 17 17 13 14 15 13 9 14 14 13 12 14 13 12 12 13 12 12 13 15 16 15 14 18 18 14 9 12 19 19 13 19 16 13 11 11 12 11 10 8 8 12 17 16 11 10 11 5 9 11 8 9 15 18 14 14 13 13 12 11 12 13 14 16 12 9 9 12 14 13 12 17 17 16 15 13 11 9 6 12 13 15 15 15 15 17 19 16 14 11 10 11 12 12 12 12 15 16 16 14 11 12 12 19 18 17 16 18 18 18 14 20 23 23 30 51 59 58 63 93 108 111 115 139 162 175 188 197 206 217 222 227 227 231 234 231 232 231 231 228 227 225 225 228 229 230 230 232 232 233 234 233 234 235 236 235 234 232 231 234 232 231 232 234 236 237 236 233 235 237 236 235 234 234 235 235 235 234 233 234 235 237 238 244 241 235 231 230 232 236 238 235 236 236 237 237 238 238 239 234 236 237 239 239 240 240 240 241 239 237 237 239 240 239 238 239 243 247 245 240 237 241 245 238 240 242 241
207 205 204 204 207 210 210 210 208 199 196 189 170 138 94 48 24 25 24 22 22 21 22 22 17 18 21 22 21 20 18 17 16 17 19 20 21 20 19 19 19 17 17 18 21 23 22 19 15 16 18 20 21 21 20 20 21 20 18 17 18 20 22 24 19 21 24 25 24 23 23 24 21 20 19 20 22 23 23 21 21 20 20 21 23 24 24 22 21 22 23 22 20 19 20 21 17 18 19 18 18 18 20 22 18 19 19 20 20 19 19 18 21 20 18 18 20 23 24 24 16 17 18 19 20 20 20 20 14 16 18 21 24 24 22 21 20 20 21 21 21 22 22 20 17 16 17 19 21 21 18 16 17 16 15 17 19 21 20 18 11 14 15 12 12 15 15 12 13 13 15 16 16 17 18 17 13 13 12 11 11 11 12 12 10 13 13 10 10 14 15 12 12 12 12 12 12 14 15 16 14 14 13 10 9 10 14 18 19 18 17 15 13 13 16 19 11 11 13 14 14 14 14 14 9 10 12 14 16 17 17 17 13 13 13 12 11 11 11 10 10 10 9 9 9 9 10 10 12 16 17 11 9 12 16 15 11 9 10 9 12 13 14 15 15 15 14 14 15 15 15 16 14 14 14 14 14 14 15 15 15 12 14 17 16 12 11 14 16 16 16 16 15 14 14 13 9 8 7 9 11 12 12 11 11 11 11 13 16 16 14 12 8 10 12 13 14 12 10 7 6 13 14 7 9 17 18 9 12 9 9 11 12 11 12 17 9 7 6 8 12 14 13 11 15 14 12 11 11 12 14 13 6 6 8 11 15 18 20 22 17 15 12 9 9 10 12 15 12 13 14 16 16 16 14 11 15 16 17 16 15 14 19 18 14 16 18 27 45 55 69 88 112 130 143 140 147 170 185 188 198 204 212 218 225 228 230 230 232 231 229 228 227 228 229 230 235 233 230 230 232 234 235 235 232 233 234 235 235 235 235 235 235 235 235 236 236 237 237 237 233 233 234 235 235 236 237 237 235 234 234 234 235 237 239 241 235 235 235 236 237 238 239 240 234 234 235 238 240 240 239 237 230 229 231 236 238 237 237 241 236 238 241 241 240 238 238 239 235 241 242 236 233 236 242 245 236 242 245 244
213 211 209 208 209 208 206 204 206 204 204 189 156 116 72 34 23 25 23 22 22 21 22 22 21 21 24 25 25 24 23 22 18 19 20 21 22 22 21 20 20 19 20 21 24 25 24 22 16 17 18 20 21 21 20 20 21 20 18 18 18 20 22 23 20 22 24 25 24 22 23 23 22 20 20 21 23 24 23 22 23 22 21 22 24 25 24 22 18 19 20 20 19 18 19 21 20 20 20 19 18 18 20 22 18 19 19 20 20 19 19 18 23 22 20 19 20 21 21 21 18 18 19 20 21 20 20 20 14 16 19 21 24 23 22 21 21 21 21 22 22 22 23 23 19 17 18 19 22 22 20 18 18 17 16 17 19 20 19 18 11 14 15 12 12 15 15 12 13 13 16 16 16 17 18 17 14 11 10 9 8 8 8 9 11 14 13 10 11 15 16 13 15 14 13 13 12 13 13 14 15 15 14 12 10 11 14 17 14 14 14 12 10 10 12 14 9 10 11 12 12 12 12 12 10 11 13 14 15 16 16 16 16 15 15 15 14 14 13 13 14 14 13 13 13 13 14 14 13 17 17 12 9 12 16 14 8 6 7 7 10 10 11 12 14 14 13 13 14 14 15 16 19 19 18 17 16 15 16 15 15 12 14 17 16 12 11 14 20 18 16 13 12 12 12 13 10 10 9 11 14 15 15 13 12 12 12 14 16 16 13 11 8 10 11 13 13 12 10 7 4 10 12 6 7 15 16 8 12 9 8 11 11 9 11 15 10 9 7 9 12 14 13 11 14 13 12 11 11 12 13 12 8 8 10 12 14 16 18 19 16 14 11 8 7 8 10 12 14 15 16 16 17 15 13 11 15 17 20 18 17 16 18 18 16 20 23 34 52 62 75 93 124 144 157 154 158 176 190 193 202 207 214 219 225 226 228 227 230 230 229 229 227 228 228 228 232 231 230 230 232 234 233 232 233 233 234 234 234 234 233 233 234 234 234 235 235 235 236 236 233 233 234 235 235 236 237 237 236 235 234 234 234 235 236 237 236 236 236 236 237 238 239 240 238 238 239 239 239 238 236 234 233 231 232 237 238 236 236 239 235 238 241 243 243 242 243 245 241 247 249 244 241 243 247 248 244 248 248 243
207 206 208 210 213 213 211 209 209 207 208 194 161 122 80 42 22 25 24 23 22 22 23 23 23 24 25 26 27 26 26 25 21 22 23 23 24 23 23 23 22 22 23 26 28 28 26 22 17 17 19 20 21 21 21 20 21 20 19 18 18 20 21 23 21 24 26 25 24 22 22 23 23 22 21 22 24 25 24 22 26 24 23 23 25 25 24 22 22 24 25 25 25 25 26 26 22 23 23 22 20 19 21 23 20 20 20 20 20 20 20 20 24 23 22 20 19 19 19 19 21 21 21 21 21 20 19 19 15 16 19 20 21 21 22 21 21 21 22 23 23 23 24 23 20 19 20 22 24 25 24 23 22 20 19 19 21 21 20 16 11 15 15 13 14 16 16 12 15 16 17 17 18 18 18 17 18 15 14 12 11 11 11 11 11 14 14 11 11 15 16 14 17 17 16 14 14 13 13 13 17 18 17 16 13 13 14 16 14 16 17 16 14 13 13 14 10 11 12 12 13 12 12 12 12 13 14 15 15 15 15 14 16 16 15 15 15 14 14 14 16 16 16 15 15 16 16 16 15 18 17 12 10 13 15 12 10 9 10 10 13 13 14 14 14 14 13 13 14 13 14 15 22 21 20 18 18 16 15 14 17 14 15 18 17 13 11 14 22 19 15 11 9 9 11 12 9 9 9 12 15 16 16 14 14 13 13 14 16 15 12 10 8 9 11 12 12 11 9 6 2 7 9 5 6 12 14 9 13 9 9 11 10 8 9 13 12 11 10 11 12 13 12 11 14 13 11 10 10 11 13 12 11 10 11 12 13 15 17 18 21 19 16 13 11 11 12 14 16 17 17 16 16 14 13 10 18 19 23 23 21 20 19 16 13 18 25 38 60 71 84 103 133 153 168 165 167 181 195 201 207 211 217 220 224 224 225 224 228 229 229 229 228 228 227 226 230 229 230 232 234 234 232 230 233 233 234 234 234 233 232 232 233 233 233 234 234 234 235 235 233 233 234 235 235 236 237 237 238 237 236 235 235 235 236 236 236 236 237 237 238 239 239 240 238 239 240 240 239 237 235 234 234 232 233 238 239 236 236 239 237 240 242 243 243 242 243 245 238 244 246 241 238 239 241 241 246 248 246 239
204 205 208 211 214 213 210 207 214 205 199 187 162 129 85 44 22 24 23 22 22 22 23 24 21 22 22 23 24 24 24 24 22 22 22 23 23 23 23 22 21 22 24 27 29 28 25 22 20 19 19 20 20 21 21 21 21 20 19 19 19 20 21 23 23 25 26 25 22 21 21 22 22 21 20 21 22 23 22 21 25 23 22 22 23 23 21 19 22 24 26 27 26 26 28 30 23 24 24 22 20 20 21 23 20 20 20 20 20 20 20 20 22 22 22 21 19 18 18 19 23 23 23 22 22 20 19 18 16 17 19 20 20 20 21 20 19 20 21 21 22 22 22 23 20 19 19 21 23 25 24 23 24 22 20 20 20 20 18 16 12 15 16 13 14 17 16 12 16 16 17 18 18 18 19 19 22 19 17 15 14 13 12 12 11 13 13 10 10 14 15 13 18 17 16 15 15 15 15 15 18 19 19 18 15 13 14 15 14 16 19 19 17 15 14 14 14 14 15 15 16 15 15 14 13 14 14 15 15 14 13 13 14 14 14 14 13 13 13 13 13 14 14 14 14 14 14 13 17 19 18 13 11 14 14 10 12 11 13 13 16 16 16 16 13 13 13 12 13 13 14 15 20 19 18 17 16 15 14 13 17 14 15 18 17 13 11 14 18 17 14 12 10 10 11 11 7 6 8 10 14 15 14 12 15 14 14 15 16 15 12 9 9 10 11 11 11 10 9 6 2 6 10 7 7 11 14 11 16 11 11 12 11 9 10 13 14 13 12 12 12 12 11 10 13 12 11 10 10 11 12 11 12 11 11 12 13 16 18 19 23 21 18 15 13 13 13 13 15 16 17 16 14 11 11 11 21 23 27 27 25 22 21 18 16 21 27 39 63 79 95 116 134 154 172 173 173 184 197 204 210 213 218 220 224 224 225 225 227 228 229 230 229 228 226 225 229 230 231 234 236 235 232 229 230 231 232 233 234 234 233 233 233 233 234 234 235 235 235 235 233 233 234 235 235 236 237 237 238 238 238 238 237 238 238 238 237 237 238 239 239 240 240 239 234 236 238 239 238 237 236 236 234 232 234 238 240 237 237 240 241 242 243 242 240 238 239 240 236 240 239 234 231 234 236 236 239 242 241 235
213 212 212 212 211 206 200 195 213 204 195 172 136 97 57 20 23 25 24 23 23 23 25 25 21 21 22 22 22 22 23 23 22 22 22 21 21 21 21 22 21 21 23 26 28 27 23 20 22 22 22 22 22 23 23 23 23 22 22 22 21 22 22 22 24 25 25 24 21 20 21 23 22 20 19 19 21 21 20 19 26 25 23 23 24 24 22 21 18 20 22 22 21 22 24 26 23 24 24 22 20 20 21 23 21 20 20 19 19 20 20 21 18 20 22 21 19 18 19 21 23 23 23 23 21 20 18 17 18 18 19 19 19 19 18 18 18 18 20 20 21 22 22 21 19 18 17 19 21 23 23 22 24 22 20 20 20 20 18 16 13 16 17 15 15 17 18 15 16 16 18 18 18 19 20 19 19 16 15 13 11 10 10 10 10 12 12 9 9 13 14 12 16 16 15 15 16 17 18 18 18 19 19 18 15 13 14 15 11 13 17 17 15 13 11 11 15 15 16 16 16 16 15 14 14 14 15 15 15 14 13 12 14 14 14 14 14 14 15 15 13 13 14 15 15 14 13 13 17 19 18 13 13 15 15 9 9 8 10 11 14 13 13 13 14 14 13 13 14 13 14 15 19 19 18 17 17 16 17 17 17 14 15 18 17 13 12 14 12 13 14 15 14 13 12 11 7 7 9 12 15 15 13 11 15 15 14 15 16 15 12 10 11 11 11 11 10 10 9 6 4 8 12 10 9 11 14 14 18 14 13 14 14 11 12 16 14 14 14 13 12 11 10 11 14 13 11 10 10 11 13 12 11 10 10 11 13 17 20 22 18 17 14 12 10 9 9 9 14 16 17 14 12 10 12 13 18 20 25 27 29 30 30 31 32 34 35 46 68 83 101 124 141 160 178 181 181 190 201 206 210 213 218 220 225 225 227 227 227 228 229 231 229 228 226 225 230 231 233 237 239 237 234 230 228 229 231 233 235 236 236 236 235 235 235 235 236 236 237 237 233 233 234 235 235 236 237 237 234 234 235 236 237 238 238 238 238 238 239 240 241 240 240 239 233 235 238 238 236 234 233 234 234 232 234 239 241 239 239 242 242 243 243 242 240 239 240 242 244 246 243 237 236 240 243 243 235 240 243 241
210 210 210 211 210 207 201 197 207 207 204 174 123 77 45 19 24 26 25 23 23 22 24 24 26 25 25 24 23 23 24 24 23 22 21 21 20 21 21 21 21 21 22 24 25 25 22 19 23 23 22 22 22 22 23 24 23 23 23 22 22 22 21 21 23 24 24 22 21 20 22 24 22 21 19 20 21 21 20 18 28 27 25 26 27 27 26 25 20 22 23 23 23 23 24 26 22 23 23 22 20 19 21 23 22 21 19 18 18 19 21 22 16 19 22 22 19 17 19 21 22 22 22 22 21 19 18 17 20 19 19 18 19 18 18 17 18 18 20 20 22 22 22 22 22 19 18 18 20 21 21 20 24 22 20 20 20 20 18 16 13 17 17 15 15 17 19 15 17 17 18 18 19 19 20 20 21 18 17 15 14 13 13 13 10 13 12 9 10 14 15 12 16 16 16 16 17 18 19 20 17 18 17 16 13 13 14 16 14 16 19 20 18 15 14 14 14 14 15 15 15 14 13 12 14 14 15 15 15 14 13 13 16 17 17 17 17 18 18 18 15 16 17 18 18 17 16 15 17 18 17 14 15 18 16 9 10 10 12 13 16 15 15 14 15 15 14 14 15 15 15 16 20 20 20 19 18 18 19 19 17 14 15 18 17 13 12 14 10 11 14 17 17 15 13 11 10 11 12 15 17 17 15 12 15 14 14 16 17 16 14 11 13 13 12 11 11 10 10 7 7 10 14 13 11 10 13 15 18 14 14 15 15 13 14 18 12 13 14 13 10 9 10 11 15 14 12 11 11 12 14 13 12 10 10 11 13 17 21 24 18 17 15 14 12 11 11 11 15 15 17 15 12 11 14 16 20 21 25 29 34 38 45 48 56 58 54 58 76 90 106 129 157 171 187 192 194 199 205 208 212 214 218 220 225 226 229 230 229 230 230 231 229 229 228 227 232 232 234 237 239 238 235 231 229 231 232 234 236 237 237 237 235 235 236 236 236 237 237 237 233 233 234 235 235 236 237 237 230 231 232 234 235 236 236 236 238 239 241 242 242 241 240 239 237 240 242 240 234 230 229 230 236 234 235 240 241 239 239 242 240 241 243 243 243 245 248 251 249 250 247 242 242 246 249 248 239 246 250 249
204 204 207 209 212 212 209 207 209 207 205 182 141 100 65 35 28 29 26 24 22 21 22 22 29 28 27 25 24 24 26 26 25 24 23 22 21 21 22 23 23 22 21 22 24 24 22 20 24 24 22 22 21 22 23 24 23 23 23 23 22 22 21 20 22 22 23 21 20 21 23 25 25 23 22 22 23 23 21 20 26 25 24 24 26 27 26 25 25 27 28 27 26 26 27 28 20 21 21 20 19 19 21 23 22 21 19 18 18 19 21 22 17 21 24 23 18 15 16 19 20 21 21 21 20 19 18 17 21 18 19 18 17 16 17 17 20 20 22 22 23 24 26 24 25 22 19 19 20 21 21 20 23 21 20 20 20 20 19 17 14 17 18 15 15 18 19 16 18 18 18 19 20 20 21 20 23 20 19 18 18 18 18 18 12 15 15 12 12 16 17 14 18 18 17 17 17 18 18 19 16 16 15 13 11 12 15 18 19 21 23 23 21 19 19 19 15 15 16 16 15 14 13 13 13 13 14 15 15 15 14 14 17 17 17 18 18 19 19 19 16 18 19 21 21 19 18 16 16 17 16 14 16 19 17 10 13 13 16 17 20 19 18 17 16 16 15 15 16 16 16 17 22 21 20 18 17 15 16 16 18 15 15 18 18 14 12 14 14 14 15 16 16 15 13 12 12 12 14 16 18 17 13 10 14 13 14 16 17 17 15 13 15 14 13 12 11 11 11 9 9 11 15 15 11 8 11 15 16 13 12 15 15 13 15 19 9 11 13 12 9 8 10 12 16 15 14 13 13 14 15 14 14 12 11 11 13 16 20 22 20 20 19 18 17 16 16 15 14 17 20 18 15 14 17 21 33 32 32 33 37 42 51 57 71 71 67 71 87 97 111 133 163 174 188 197 201 205 208 208 215 215 219 220 225 226 229 229 232 232 230 230 229 230 230 230 232 232 233 235 237 237 234 232 234 234 235 236 236 236 236 235 234 234 235 235 235 236 236 236 233 233 234 235 235 236 237 237 232 233 234 236 236 236 235 235 239 240 242 243 243 242 240 238 239 243 245 242 236 231 230 232 240 237 238 241 241 237 236 239 239 241 242 243 244 246 250 253 242 245 245 243 244 247 247 243 245 250 252 248
210 209 210 210 212 211 208 205 216 203 193 183 161 127 79 32 29 30 27 24 22 20 21 21 30 28 27 24 23 22 24 24 27 26 24 23 22 23 24 24 25 23 22 22 24 24 23 21 25 24 23 22 21 22 23 24 23 23 23 23 22 22 20 20 21 22 22 21 20 21 24 26 27 25 24 24 25 25 23 22 21 20 20 21 23 24 23 22 24 26 27 26 24 23 24 25 18 19 20 19 19 19 21 23 22 21 19 18 18 19 21 22 19 23 26 24 18 13 14 16 19 19 20 20 19 19 20 17 22 21 19 18 17 16 16 17 20 20 23 24 24 26 26 26 27 24 21 20 21 22 21 20 22 20 19 19 21 21 20 18 14 17 18 15 15 18 19 16 18 18 18 19 19 20 21 20 19 17 16 15 15 15 16 16 14 17 17 14 14 18 19 19 20 20 19 18 17 17 17 17 15 15 14 11 10 11 15 19 17 19 20 20 18 16 17 17 18 18 18 18 18 17 16 15 12 13 14 15 15 15 15 14 15 15 15 16 16 17 17 17 17 18 20 20 20 19 17 16 15 16 15 14 17 22 19 12 9 10 13 14 16 16 14 12 16 16 16 16 15 17 17 19 21 20 20 16 15 13 11 10 18 15 15 18 18 14 12 14 18 17 16 15 14 14 13 13 11 11 12 15 16 14 10 7 13 13 13 16 18 18 16 14 16 16 14 13 12 11 11 11 10 12 16 15 10 6 10 14 15 11 11 14 14 13 15 19 8 10 12 11 9 8 9 12 17 16 15 14 14 15 16 15 17 15 14 11 13 15 19 20 18 17 18 16 17 15 16 14 18 19 21 19 14 14 18 22 45 41 38 34 35 41 50 55 71 74 72 77 94 104 117 138 160 170 184 195 205 211 212 210 218 218 220 223 225 225 228 228 233 232 231 230 229 230 231 233 232 231 232 234 236 236 234 231 238 238 238 237 237 235 234 233 233 233 233 234 234 235 235 235 233 233 234 235 235 236 237 237 237 238 239 240 240 238 237 236 239 240 242 244 243 242 240 238 237 242 245 244 238 234 235 238 244 241 240 242 241 236 234 236 240 241 242 242 241 243 246 249 236 241 245 245 247 248 244 238 247 250 248 241
203 203 203 205 207 206 204 201 197 199 204 191 166 153 115 59 36 32 26 24 24 22 21 18 25 24 24 24 26 26 27 26 23 21 21 22 24 26 25 24 14 18 22 24 24 23 22 21 23 23 23 24 24 25 25 25 26 25 24 23 23 23 23 24 22 18 23 25 17 19 24 20 22 23 24 25 25 25 25 24 21 17 17 21 24 22 22 24 22 21 21 23 25 26 25 23 18 19 19 21 22 23 24 24 24 22 20 18 17 18 20 21 19 20 20 21 21 20 21 20 20 23 28 29 27 25 25 24 22 21 20 18 19 19 18 17 21 21 21 20 22 22 21 21 20 20 23 23 21 19 19 19 17 19 21 21 19 18 19 20 18 17 17 18 20 20 18 16 18 17 17 16 17 18 21 21 16 18 20 19 17 16 18 20 16 15 15 14 14 15 15 16 16 17 16 14 15 19 18 13 12 14 16 17 18 18 17 16 12 15 18 18 16 15 16 19 19 17 18 20 18 13 14 18 15 14 13 14 16 17 17 15 14 13 12 13 15 16 15 15 12 16 17 17 19 23 19 14 13 12 14 16 19 20 19 16 16 13 13 14 16 18 16 14 12 14 16 15 15 16 18 20 16 16 17 15 16 15 15 14 15 15 14 14 14 13 13 13 12 15 19 19 17 14 12 11 11 12 13 13 14 14 13 13 15 14 14 17 20 20 16 12 10 13 18 22 18 13 15 19 10 12 13 12 10 9 12 13 17 15 14 13 14 16 18 19 10 10 11 8 5 6 13 19 14 14 13 12 13 14 16 17 12 13 16 13 14 13 18 19 16 14 16 15 17 16 18 16 16 25 22 20 24 25 21 25 48 51 58 64 66 65 70 73 89 97 93 94 114 133 142 149 164 175 191 202 209 212 213 214 219 220 221 224 226 228 229 230 229 230 230 229 227 227 229 231 231 230 231 233 235 235 232 230 233 232 232 234 235 235 233 230 227 228 229 230 232 233 234 234 233 234 235 236 238 239 240 240 235 236 237 238 239 240 241 241 238 242 243 241 241 243 242 238 236 239 241 239 236 233 234 236 244 239 238 240 241 237 236 238 235 239 242 243 243 244 247 250 235 239 244 243 241 240 244 249 245 242 240 240
199 198 198 199 201 201 199 197 189 188 193 183 164 154 118 57 38 33 27 25 26 28 29 28 25 24 23 24 26 26 27 24 26 24 22 22 23 23 21 19 16 19 23 25 25 24 23 22 23 23 23 24 24 24 25 25 27 26 25 25 24 24 25 25 26 22 27 29 22 23 29 25 24 24 25 26 26 26 26 26 26 22 21 24 26 23 22 24 22 21 21 22 24 25 23 21 20 20 21 21 22 23 23 23 24 23 22 21 21 22 23 23 17 18 18 18 18 18 19 18 16 18 23 24 23 22 21 21 23 22 19 18 20 19 16 15 16 16 18 19 22 22 24 23 15 15 18 19 18 17 18 18 17 19 21 21 19 18 19 20 19 18 17 18 20 20 18 16 18 17 17 16 17 18 19 20 18 20 21 20 18 17 18 20 16 16 15 15 15 15 16 16 17 18 17 15 17 20 19 15 16 16 17 17 17 16 15 15 13 15 18 17 16 15 16 18 18 16 17 19 17 13 14 18 14 12 12 13 15 16 15 14 15 13 13 14 16 17 17 17 17 19 18 15 17 20 19 15 17 16 17 18 20 21 21 17 16 13 13 14 16 16 14 12 10 12 14 15 15 15 18 20 18 18 18 18 18 18 18 18 17 16 16 16 16 16 16 16 9 12 17 18 18 16 15 15 13 13 15 16 17 18 18 18 17 16 16 17 19 18 14 11 11 13 18 21 17 12 13 18 13 14 17 18 16 13 14 14 17 16 14 12 13 14 16 16 10 10 11 9 6 7 13 18 13 12 11 10 10 12 14 16 12 14 17 17 16 15 15 16 18 19 19 19 20 20 20 20 19 24 19 19 27 30 30 37 63 69 76 82 87 91 95 93 110 118 118 117 131 145 153 164 168 180 195 207 213 215 218 218 221 221 223 224 226 227 229 229 230 231 231 230 229 228 230 232 232 232 232 234 236 236 234 232 233 232 232 233 234 234 231 229 228 228 229 231 232 233 234 235 236 236 237 238 240 241 242 242 236 237 237 238 239 240 241 241 237 241 241 239 238 240 239 235 238 241 242 241 238 236 236 237 243 240 239 241 241 238 237 239 244 246 247 246 244 244 246 249 248 251 251 248 243 240 243 246 245 243 242 244
199 198 197 197 199 199 198 196 198 194 198 191 178 171 130 64 35 29 22 20 23 26 28 27 25 23 23 24 25 26 25 23 25 23 21 21 22 22 20 18 19 21 23 25 26 25 24 23 23 23 23 23 24 24 24 25 28 27 26 25 25 25 25 26 25 21 26 28 20 22 27 23 19 20 20 20 21 21 21 21 25 20 19 21 22 19 17 18 23 22 21 22 23 23 21 19 21 21 21 21 21 21 21 22 18 18 18 18 19 19 19 19 17 15 18 18 18 18 18 18 14 16 21 21 20 18 18 18 23 21 19 18 19 19 16 14 13 13 16 17 22 23 25 25 12 13 16 18 17 17 18 19 13 15 17 17 15 14 15 16 19 18 18 19 21 21 19 17 18 17 17 17 17 18 19 19 20 21 22 20 18 17 18 19 17 17 16 16 16 16 17 17 18 19 18 16 18 21 20 16 19 18 17 16 15 14 14 15 14 16 17 17 15 15 16 18 17 15 16 18 16 12 13 17 13 12 11 12 14 15 14 12 14 13 13 15 17 19 18 18 23 23 20 15 15 17 17 12 15 13 13 15 16 16 16 13 16 13 13 14 16 16 14 12 11 13 14 15 14 15 17 18 18 18 17 17 16 16 16 16 13 13 13 13 13 13 14 14 10 13 17 18 17 16 16 16 9 10 12 14 15 16 17 17 19 18 17 18 18 16 13 10 13 14 17 19 16 11 11 15 9 11 15 17 15 11 11 10 16 15 14 12 11 12 14 13 11 10 11 9 7 8 12 17 13 11 9 7 7 9 12 14 11 14 17 18 16 14 12 11 15 15 15 15 16 16 17 17 18 22 18 21 33 37 38 47 69 82 96 104 115 122 121 109 121 133 136 133 141 149 157 173 173 184 197 207 214 217 220 222 221 222 223 224 226 227 228 229 230 231 232 231 229 229 231 233 233 233 233 234 236 237 235 233 235 234 233 233 234 234 232 230 229 229 230 231 232 233 234 235 236 236 237 238 239 240 241 242 237 237 237 238 239 239 240 240 238 241 241 238 238 239 238 235 241 242 243 243 240 239 239 239 242 239 239 242 241 238 238 241 244 244 244 242 240 240 243 245 244 246 246 244 241 241 245 249 243 241 241 242
208 207 205 205 206 207 206 204 207 201 203 198 187 177 131 59 34 29 22 20 21 22 22 20 24 23 23 23 25 26 24 23 20 19 18 20 22 23 23 22 20 21 22 24 25 25 23 21 22 22 23 23 23 24 24 24 27 26 25 24 24 24 24 25 23 19 24 26 18 20 25 21 18 18 18 18 18 19 20 20 23 18 16 19 20 17 15 16 24 22 21 21 22 21 19 17 21 21 20 20 19 19 19 18 15 15 16 17 17 17 17 15 20 18 19 19 19 19 21 21 16 18 22 22 21 20 20 21 22 20 19 17 18 19 15 14 12 13 16 17 19 22 24 23 13 16 18 19 18 17 18 18 13 15 16 16 15 14 14 15 20 19 18 19 21 21 19 17 17 17 17 17 17 17 18 18 20 20 20 19 17 17 16 17 17 17 17 18 18 17 17 17 17 19 18 15 17 21 19 15 19 18 16 15 14 15 16 17 16 16 16 16 15 15 16 17 15 14 15 17 15 12 13 17 14 13 12 12 14 15 14 12 13 12 12 14 16 18 18 17 23 24 22 17 16 17 16 9 15 13 11 12 15 17 16 15 16 13 13 14 16 16 14 12 11 13 15 15 14 14 15 17 20 20 19 18 16 15 14 14 12 12 13 13 13 14 14 14 15 17 19 19 16 14 12 12 9 10 11 13 14 14 14 14 18 17 17 17 17 16 14 12 15 14 16 18 15 10 10 12 8 10 13 14 12 9 10 10 16 15 14 12 11 10 11 11 12 11 11 10 8 9 12 16 14 11 8 6 7 9 12 14 12 14 17 17 14 11 10 10 12 12 13 13 14 14 14 14 18 20 17 24 39 43 46 56 69 86 106 122 138 149 145 128 120 135 142 141 147 151 161 179 180 187 197 207 214 219 222 222 222 222 223 224 226 227 228 228 230 231 231 230 228 228 230 232 233 232 232 233 235 236 235 233 238 236 235 235 236 235 233 231 230 231 231 232 233 234 235 235 234 234 235 236 237 237 238 238 236 236 236 237 237 237 237 237 238 241 242 239 239 242 242 239 241 242 242 242 241 240 239 239 239 237 238 240 239 236 236 240 240 240 239 238 239 241 243 245 241 241 241 239 238 240 246 250 246 243 241 240
215 213 212 212 213 213 211 210 217 210 212 207 194 182 132 59 35 30 26 24 25 24 21 17 24 23 21 22 25 25 24 23 20 17 16 18 20 21 21 20 19 18 18 19 22 22 20 19 22 22 22 23 23 23 24 24 25 24 23 22 22 22 23 23 25 21 26 28 20 22 27 23 23 23 22 22 22 23 24 25 24 20 19 22 24 21 20 22 24 23 21 21 22 21 18 16 20 20 19 18 18 17 16 16 18 19 20 20 20 20 19 18 20 17 16 16 18 18 19 20 18 20 21 21 21 20 21 22 21 20 18 17 18 18 15 14 15 15 17 17 18 18 20 20 15 18 20 20 17 15 15 15 15 17 19 19 17 16 17 18 19 18 18 19 21 21 19 17 17 17 17 17 17 17 16 16 18 17 16 16 16 16 15 14 16 17 18 18 18 18 17 16 16 18 16 14 16 19 18 14 17 16 15 14 15 16 18 19 18 17 15 15 15 16 16 16 15 13 15 17 16 12 13 18 16 15 13 14 15 16 15 13 12 11 10 12 14 16 15 14 16 20 21 22 25 27 24 18 19 17 15 17 19 21 23 22 14 13 13 14 16 16 14 12 12 14 15 14 13 13 14 15 20 20 19 19 19 19 19 19 19 19 19 19 19 19 19 19 17 19 20 19 16 14 13 13 15 16 16 17 16 16 15 14 15 16 17 17 16 16 16 16 17 15 15 17 15 10 9 12 15 14 14 13 12 11 13 15 16 15 15 13 12 10 10 9 13 11 11 10 10 10 12 14 15 13 10 9 8 10 13 14 15 16 15 13 11 9 10 12 15 16 16 16 17 17 17 17 18 17 13 17 34 47 62 83 81 95 111 127 148 165 170 161 133 148 154 154 158 159 168 187 187 191 198 206 213 219 221 221 222 223 223 224 226 227 227 228 228 229 229 228 226 226 228 230 233 231 230 231 233 234 234 233 236 234 233 233 234 234 233 231 232 232 232 233 234 234 235 235 234 234 235 235 236 237 237 237 236 235 235 235 235 235 234 234 236 239 240 238 239 243 244 242 240 240 240 240 240 240 239 238 236 235 236 238 236 232 233 238 243 242 241 241 243 245 246 247 250 249 246 242 239 239 242 244 249 246 243 241
206 205 205 206 207 206 202 200 204 200 204 198 184 175 132 65 32 27 23 22 23 24 22 19 24 22 21 22 24 25 24 21 23 21 19 19 20 20 18 16 20 18 16 18 21 22 19 16 20 22 22 22 23 23 23 23 24 23 22 22 21 21 22 22 23 19 24 26 18 20 25 21 23 22 21 21 21 22 24 25 23 19 18 22 23 21 20 22 24 23 22 22 23 22 19 17 19 19 19 18 17 17 16 16 20 19 19 18 18 18 17 16 16 15 14 13 15 16 17 18 17 18 19 19 19 19 20 21 21 19 16 17 17 16 15 13 16 16 17 16 16 15 17 16 15 17 19 18 15 12 11 11 12 14 15 15 14 13 13 14 18 17 17 18 19 20 18 16 16 17 17 17 17 16 15 15 16 14 13 14 15 16 15 14 15 16 17 18 18 17 16 15 15 17 16 13 15 19 18 13 15 14 14 15 16 17 18 19 20 17 14 14 15 16 16 16 15 14 15 18 16 13 14 19 17 16 14 15 16 16 15 13 12 11 10 11 13 14 13 12 10 15 21 25 33 38 37 31 22 19 17 17 18 21 22 22 14 13 13 14 16 16 14 12 13 14 15 14 12 12 13 14 9 11 12 14 16 18 19 20 20 20 20 19 19 18 18 17 15 17 18 18 17 16 16 17 16 16 16 16 15 14 12 12 14 15 17 16 15 15 17 18 19 15 14 16 15 12 11 13 15 14 12 10 9 9 12 15 16 16 16 14 13 12 10 9 14 12 11 11 11 11 12 13 15 14 13 11 11 12 13 13 16 16 15 13 10 9 11 13 14 14 15 15 16 16 16 16 17 13 5 7 24 42 74 108 100 103 110 124 143 163 181 189 159 167 167 169 172 171 175 191 195 198 201 207 214 218 220 220 223 223 224 225 225 226 227 227 227 228 228 227 226 225 227 229 233 231 229 230 232 233 233 233 233 231 229 229 231 232 231 231 233 233 233 234 234 235 235 235 236 236 237 237 238 238 239 239 236 236 236 235 234 234 233 233 234 237 237 234 235 240 242 239 239 238 237 238 240 240 238 236 235 235 237 238 234 229 230 236 243 241 240 241 242 242 241 239 244 242 241 239 239 241 243 244 244 241 239 238
179 179 180 182 183 181 176 172 162 161 168 163 151 151 123 67 36 29 21 17 19 20 21 20 21 20 21 21 23 24 22 21 24 22 20 20 21 21 19 17 23 19 17 18 22 23 20 16 20 20 21 21 21 22 22 22 24 23 22 21 21 21 21 22 20 16 22 23 16 18 23 19 20 19 17 16 17 18 21 22 23 18 17 19 20 17 16 17 23 22 21 22 23 22 20 18 19 19 19 18 18 18 18 18 20 19 17 15 13 13 14 14 16 14 13 12 12 13 17 18 16 17 19 18 16 16 18 19 20 19 16 16 17 16 14 12 15 14 15 16 16 15 16 16 14 15 17 17 15 13 12 12 9 10 12 12 11 9 10 11 15 14 14 15 16 16 15 13 14 15 15 16 15 14 13 12 13 11 10 11 15 16 15 13 11 13 14 16 16 14 13 11 14 16 15 12 14 18 17 12 13 13 14 15 15 15 14 14 19 16 12 11 13 14 14 13 14 12 14 17 15 12 14 18 15 13 12 12 13 13 11 10 13 11 10 10 11 12 10 9 9 14 20 24 31 37 38 32 24 21 16 15 16 18 17 17 14 13 13 14 16 16 14 12 13 15 15 14 12 11 12 13 9 10 11 12 13 15 16 16 18 17 17 16 14 13 12 12 16 15 17 16 14 13 14 15 10 10 11 11 11 10 9 8 14 16 17 16 13 12 14 17 19 14 13 15 15 12 12 14 11 10 10 9 7 7 9 11 14 13 15 15 13 12 12 10 15 12 11 11 12 12 12 11 14 14 14 13 13 12 12 11 12 13 14 13 11 9 10 11 10 11 11 11 12 12 12 13 15 13 7 8 18 27 56 92 113 108 114 131 144 155 174 191 183 184 178 178 185 181 181 194 203 203 204 208 215 219 221 220 223 223 224 225 225 226 227 227 228 228 229 228 226 226 228 230 234 232 230 230 232 234 234 234 232 230 229 229 231 234 234 234 234 234 234 235 235 235 235 236 236 237 237 237 237 238 238 238 239 238 238 237 236 235 234 234 237 239 238 234 234 238 239 237 239 237 236 238 240 241 238 236 237 237 238 238 233 227 229 235 237 236 236 239 242 242 238 235 234 234 235 237 241 244 246 247 241 239 237 237
156 157 160 162 163 160 154 149 150 152 161 156 147 156 140 94 50 40 27 19 19 21 24 24 21 20 21 21 23 23 22 21 20 19 19 20 22 24 23 22 25 21 17 19 23 25 21 17 20 20 20 21 21 22 22 22 25 24 23 22 22 22 22 23 25 21 26 28 20 22 27 23 23 21 20 19 19 21 23 25 29 24 22 24 24 20 17 18 23 22 22 22 24 23 21 19 20 20 20 20 20 20 20 20 26 24 21 18 16 16 17 16 18 16 15 14 14 15 19 21 18 19 20 19 18 17 19 21 20 17 16 15 15 15 13 12 13 13 14 13 15 15 17 15 14 16 19 20 18 17 17 17 14 16 18 18 16 15 16 17 14 13 13 14 15 16 14 12 14 15 15 16 15 14 12 11 13 11 10 12 16 18 17 15 10 12 14 15 15 14 12 10 16 17 16 14 15 19 18 13 14 15 16 16 15 14 12 10 20 16 11 11 13 15 14 13 14 13 14 17 16 13 15 19 14 12 10 10 11 12 10 8 15 13 12 12 12 12 11 8 12 13 16 18 23 30 29 25 29 25 22 18 17 17 18 16 14 13 13 14 16 16 14 12 14 15 15 14 12 11 11 12 22 21 21 20 19 18 17 17 21 21 20 18 16 15 14 13 18 19 19 17 13 11 11 12 11 12 13 14 14 14 14 14 17 18 19 16 12 11 12 15 19 15 13 15 16 14 13 14 11 13 15 15 13 11 11 12 13 13 16 15 15 13 13 11 13 12 11 12 12 13 12 11 12 13 14 14 14 12 10 9 9 12 15 16 14 11 10 9 14 14 15 15 15 16 16 16 12 16 17 15 15 11 27 58 118 114 126 147 156 154 166 183 198 194 184 187 196 193 191 201 210 208 208 209 216 220 221 220 223 224 224 225 225 226 226 227 229 230 230 229 227 227 229 231 236 234 231 231 233 235 236 235 235 233 231 232 235 238 239 239 234 235 235 235 235 235 236 236 234 234 234 235 235 235 235 235 241 241 240 239 238 236 236 235 243 244 242 237 235 238 238 236 240 238 237 238 241 242 239 236 238 238 240 240 233 227 228 234 234 235 237 242 247 248 245 241 243 243 242 243 245 246 246 245 248 246 244 244
169 171 173 175 176 176 176 176 176 181 186 191 196 192 176 161 98 69 45 29 18 21 28 24 15 17 18 15 17 20 19 16 14 14 15 17 18 19 19 19 19 17 15 15 17 19 20 19 19 18 16 18 20 22 23 22 19 18 17 17 17 18 20 21 21 21 21 22 22 22 23 23 14 15 16 17 17 16 15 14 15 16 18 19 20 19 18 17 18 17 15 13 13 13 14 15 12 14 17 20 20 19 17 15 15 16 17 18 18 17 16 15 16 17 18 17 15 14 16 17 19 19 20 21 21 19 18 16 15 17 17 14 14 17 14 8 12 15 17 17 17 15 16 17 14 14 16 17 17 16 14 12 9 11 13 15 16 16 15 15 11 13 16 16 15 13 13 13 14 14 14 14 14 13 13 13 15 14 12 13 15 15 14 13 12 13 14 14 14 13 12 11 6 8 11 14 16 16 15 14 15 15 15 15 15 15 14 14 12 14 13 7 5 9 12 13 12 11 11 12 13 16 18 20 11 6 7 13 16 11 9 12 11 11 12 12 13 14 15 15 15 8 8 13 16 17 21 28 25 29 29 22 19 20 22 22 9 13 15 13 13 14 13 9 9 9 10 11 12 11 11 11 15 17 17 17 15 16 18 20 13 14 15 15 15 14 12 11 20 18 16 13 10 9 11 14 10 11 13 14 15 14 13 13 16 16 17 17 16 14 12 11 14 13 16 22 22 18 15 15 8 7 8 7 8 9 14 19 13 13 15 17 15 10 11 16 12 13 13 12 10 11 14 16 9 14 16 11 9 12 14 13 8 12 17 19 18 15 13 12 11 14 14 13 13 16 17 17 14 15 23 24 17 9 18 31 72 103 127 139 155 165 168 175 186 196 199 194 194 203 203 197 202 209 216 218 217 216 219 222 223 223 223 224 225 226 227 228 226 229 231 230 228 227 229 232 233 233 233 233 233 233 233 233 228 228 230 231 233 234 235 236 233 233 233 234 234 235 235 235 234 234 235 236 237 237 237 237 231 232 234 236 237 237 236 236 233 235 236 235 235 235 238 240 233 236 239 239 237 233 231 230 227 231 234 233 229 227 231 235 233 242 245 240 240 247 246 237 235 235 235 236 239 240 239 237 238 238 239 240
138 134 137 140 148 149 148 142 145 145 149 150 157 155 147 134 97 70 45 29 19 22 27 20 20 23 24 21 22 25 25 20 17 17 18 19 20 20 20 20 22 20 18 18 20 22 22 22 20 19 17 18 20 22 22 21 20 20 20 20 20 21 22 22 24 24 23 22 21 20 19 18 19 20 21 22 22 21 20 19 20 21 22 23 23 23 22 21 21 20 19 19 18 19 19 19 15 16 18 20 20 19 18 17 18 19 20 20 20 20 19 18 18 19 20 19 17 16 18 19 20 20 21 21 22 21 20 20 20 22 21 19 18 20 18 13 14 16 18 19 19 17 19 18 16 16 18 19 19 18 17 15 14 14 15 16 17 17 17 17 13 16 18 18 17 15 15 16 16 16 16 16 16 16 16 16 17 15 14 15 16 17 16 14 13 14 15 16 17 16 15 14 12 13 15 16 16 15 14 13 19 19 17 16 16 16 16 17 14 18 19 14 12 13 14 13 13 13 13 13 14 16 18 19 16 11 12 17 19 16 14 16 11 12 13 14 14 14 14 13 13 9 9 13 15 16 19 25 28 31 31 23 19 18 18 17 22 25 24 20 18 19 18 14 14 14 15 16 17 16 16 16 18 19 20 19 18 18 20 22 18 18 19 20 19 18 17 14 20 20 18 15 13 12 14 17 12 13 15 16 16 16 15 14 15 17 17 17 16 15 13 13 15 14 16 20 21 17 16 16 11 10 11 10 11 12 17 21 17 16 18 20 20 15 16 21 16 16 16 15 13 14 17 20 13 18 20 17 15 16 16 13 16 18 21 21 19 16 14 13 20 17 13 11 11 14 20 26 28 25 25 27 20 12 16 26 58 84 108 127 155 169 171 176 194 203 207 200 201 206 206 202 203 209 216 217 218 217 220 223 225 224 224 224 225 226 227 228 226 229 230 230 228 228 229 232 233 233 233 233 233 233 233 233 231 231 232 233 234 235 236 237 233 233 233 234 234 235 235 235 235 235 236 236 237 236 236 236 232 234 236 237 238 238 237 237 238 239 240 238 235 234 234 235 232 235 238 239 237 234 232 231 229 232 235 233 229 228 230 234 231 239 241 237 237 244 242 235 238 237 236 235 235 237 239 240 239 239 238 238
124 117 115 118 127 127 121 112 119 117 115 113 118 121 117 109 113 86 62 44 32 33 34 24 25 28 28 25 24 27 26 23 21 21 21 22 22 22 22 22 23 21 20 20 22 24 24 23 23 21 19 19 21 22 22 21 22 22 23 24 24 24 24 24 25 24 23 22 21 20 19 19 22 23 24 25 25 24 23 22 23 24 24 25 25 24 23 22 21 21 22 23 23 23 22 22 19 19 19 20 20 20 20 20 21 22 22 23 23 22 22 21 21 21 22 21 20 19 20 21 20 20 21 21 22 22 23 23 23 25 23 22 21 23 20 16 17 19 21 22 22 20 21 21 18 18 19 21 22 21 20 19 20 19 18 17 17 18 19 20 16 18 20 20 19 17 18 19 19 19 19 19 19 19 19 19 19 17 16 17 18 19 18 16 15 16 17 18 19 19 19 19 17 17 17 17 17 17 17 17 25 23 20 18 17 17 18 19 15 20 22 18 15 16 15 12 15 15 15 14 15 16 17 18 18 15 15 19 21 19 17 18 12 14 15 16 16 14 12 11 16 11 10 13 14 15 17 22 34 37 38 30 25 23 23 19 21 23 22 17 15 17 17 14 17 17 18 19 20 20 19 19 16 17 18 17 16 16 18 20 19 19 20 20 19 18 17 16 21 21 20 18 16 16 18 20 14 15 16 17 17 17 17 16 17 17 16 15 14 14 14 14 15 12 13 16 16 14 14 16 12 12 14 13 13 14 19 22 17 16 18 21 19 16 17 22 18 18 18 16 15 16 20 23 19 24 25 23 23 24 21 16 19 21 23 23 22 20 21 22 26 19 16 17 17 15 22 33 43 34 27 26 21 15 16 23 41 59 77 105 144 167 172 178 194 203 209 205 205 211 213 207 205 210 218 219 219 219 222 224 227 226 226 226 226 226 227 228 227 228 230 230 228 228 230 231 233 233 233 233 233 233 233 233 234 235 235 235 236 236 237 237 233 233 233 234 234 235 235 235 236 236 236 236 236 235 235 235 234 235 237 238 239 239 238 237 238 240 241 240 238 235 234 234 233 236 239 240 238 236 235 235 232 234 236 234 230 229 230 233 230 237 239 236 236 242 241 235 242 243 242 238 235 236 240 245 240 239 239 238
121 117 115 119 124 125 119 113 119 117 113 109 111 115 112 107 112 94 75 52 33 28 28 19 25 28 29 25 24 27 26 23 24 24 23 22 22 21 22 22 21 20 19 19 21 23 22 21 26 24 22 22 23 24 24 22 23 24 26 27 27 27 26 25 22 23 23 23 23 24 24 24 21 22 23 24 24 23 22 21 22 22 22 22 22 21 21 21 18 19 21 22 23 23 22 21 23 22 21 20 20 21 22 23 23 23 23 24 24 23 23 22 21 22 23 22 21 20 21 22 22 22 23 22 23 25 26 28 22 23 23 19 19 22 20 15 18 20 23 22 21 22 23 23 17 18 20 21 22 22 22 21 23 21 18 16 16 18 20 22 18 20 21 21 19 18 19 20 19 20 20 20 20 21 21 21 19 18 17 17 19 19 18 17 16 17 18 19 20 21 21 22 17 16 17 17 19 20 22 23 27 25 21 18 16 17 19 20 12 17 18 15 13 15 15 13 16 15 15 15 15 15 15 15 17 15 14 16 18 18 16 16 14 15 17 18 17 15 11 9 16 15 14 13 14 14 17 17 29 33 35 31 27 26 25 22 15 17 16 12 12 16 17 15 16 16 17 18 19 19 18 18 13 15 15 15 13 14 16 18 19 19 18 18 17 16 16 15 20 20 20 19 17 17 19 21 15 15 16 16 17 17 17 17 19 18 16 14 14 14 16 16 17 13 12 14 14 12 14 16 14 13 14 14 15 16 20 22 15 12 14 17 17 15 16 20 17 17 16 15 14 16 20 24 22 23 22 20 23 26 25 19 15 18 21 23 25 27 31 34 29 22 22 27 25 18 22 34 46 35 24 25 25 18 18 22 27 36 48 74 113 140 156 174 187 197 203 205 207 215 216 214 208 212 218 220 221 221 223 225 229 228 227 226 226 226 227 227 228 228 229 229 229 229 230 230 233 233 233 233 233 233 233 233 236 236 236 236 236 236 236 236 233 233 233 234 234 235 235 235 237 237 236 235 234 234 234 234 234 235 237 238 239 238 237 236 232 235 239 241 240 239 239 239 235 238 241 242 240 239 238 239 234 236 237 235 232 230 231 232 233 238 239 237 238 242 241 237 244 247 248 244 239 237 241 246 241 241 240 240
104 105 107 110 113 115 115 115 115 115 113 110 112 116 114 110 107 100 90 66 38 29 32 24 25 28 28 24 24 26 26 22 25 23 21 20 19 19 20 20 20 19 18 20 22 22 21 20 27 25 23 23 24 25 24 23 22 23 25 26 26 26 25 24 23 23 24 24 24 25 25 25 19 20 21 22 22 21 20 19 20 20 19 19 19 19 19 19 17 18 20 21 22 22 21 20 24 23 21 20 20 21 22 23 22 22 22 22 22 22 22 22 21 22 23 22 20 19 21 22 24 23 22 22 25 26 28 29 21 23 22 18 19 22 19 12 16 20 22 22 21 19 22 22 18 18 18 19 20 20 20 20 22 20 17 14 14 16 19 21 16 17 18 17 16 15 17 18 17 17 17 18 18 19 19 19 17 16 15 15 17 17 16 15 15 15 15 16 17 18 19 20 16 16 16 16 17 19 20 21 25 22 19 15 14 14 16 18 11 14 14 9 9 13 16 17 13 13 13 13 13 12 12 11 15 14 13 12 14 15 14 12 13 14 16 17 16 13 10 9 16 16 16 13 12 13 15 15 15 21 24 21 20 24 24 22 21 23 22 18 18 22 23 21 15 15 16 17 18 18 17 17 13 15 15 15 13 14 16 18 19 19 18 17 16 15 15 15 17 16 17 16 14 14 15 17 12 12 12 12 12 13 13 16 19 18 16 15 14 15 16 17 18 13 12 13 13 11 13 16 14 12 12 13 15 16 17 17 15 11 10 13 15 14 15 18 16 16 16 15 15 18 24 28 24 21 16 14 19 27 28 23 14 14 17 20 23 27 33 36 34 28 27 28 23 18 24 38 38 29 22 24 25 20 20 24 23 28 30 46 74 100 130 165 184 194 202 208 211 216 217 216 212 214 218 220 221 222 224 225 229 228 227 226 226 226 227 227 228 228 228 229 229 230 230 230 233 233 233 233 233 233 233 233 235 235 235 235 234 234 234 234 233 233 233 234 234 235 235 235 238 237 235 234 233 233 234 234 233 234 236 237 237 236 235 234 230 233 238 241 241 240 241 242 235 237 239 240 238 237 237 238 236 237 237 236 234 232 232 233 234 237 238 237 238 240 240 238 239 244 248 246 241 237 238 241 242 242 242 242
100 100 100 98 97 96 97 99 98 100 101 100 102 106 105 102 101 102 99 78 49 40 41 30 28 30 30 26 26 28 27 23 24 22 21 19 18 19 20 21 21 21 21 22 24 25 23 21 25 23 22 22 24 25 25 24 21 21 22 23 23 23 23 23 27 27 26 25 24 23 22 21 20 21 22 23 23 22 21 20 20 20 19 19 20 21 22 22 21 21 22 23 23 23 22 22 25 24 22 21 20 21 22 23 23 22 22 21 21 22 22 23 21 22 23 22 20 19 21 22 25 25 24 24 26 27 28 28 23 25 23 21 21 23 20 15 16 18 21 22 21 19 22 20 20 19 19 18 18 18 18 18 20 18 16 14 14 16 19 21 16 17 17 16 15 15 17 19 16 16 17 18 18 19 20 20 18 16 15 16 17 18 17 15 16 16 16 16 16 18 19 20 19 19 18 18 17 16 16 15 22 21 18 16 15 15 16 17 15 17 16 11 10 15 20 20 13 13 14 14 14 14 13 12 17 18 16 13 14 17 17 13 14 15 17 17 16 14 11 11 15 18 17 14 12 14 15 12 9 15 18 17 19 22 25 24 28 30 29 24 22 24 24 20 16 16 17 18 18 18 18 18 16 17 18 17 16 16 18 20 22 21 20 18 17 17 16 16 13 15 15 14 12 11 12 13 11 10 10 10 10 11 12 13 16 17 16 15 15 16 16 17 17 13 12 13 13 11 12 15 13 11 10 11 14 15 15 13 17 12 10 13 15 14 15 18 17 17 17 16 18 23 29 35 35 29 20 17 25 34 36 30 16 16 18 19 20 22 26 29 41 39 33 24 18 20 29 41 26 22 22 28 26 20 21 27 32 33 32 39 54 70 109 159 191 197 207 211 215 215 216 216 217 217 220 220 222 223 224 224 227 226 226 226 226 226 227 228 229 228 227 228 230 231 230 229 233 233 233 233 233 233 233 233 234 234 233 233 233 233 233 233 233 233 233 234 234 235 235 235 237 236 234 233 233 233 235 235 233 234 235 236 236 236 234 233 234 236 239 240 238 237 237 238 233 234 236 236 234 233 233 234 237 237 237 236 235 235 234 234 234 234 235 235 236 237 238 238 235 239 243 243 239 235 234 234 241 242 242 243
125 120 113 109 108 108 107 106 103 105 105 102 103 106 105 102 98 100 99 81 57 47 40 22 28 31 31 27 25 27 26 23 24 22 20 19 19 20 21 23 20 20 20 22 24 24 22 20 21 20 19 19 21 23 23 23 19 19 19 19 19 20 21 21 26 25 24 23 22 21 20 20 19 20 21 22 22 21 20 19 19 19 18 18 20 21 23 25 24 24 23 22 22 22 23 23 24 23 23 22 21 21 21 22 24 23 22 22 22 22 23 24 22 23 24 23 21 20 22 23 24 24 26 26 26 25 26 26 24 26 24 22 22 24 21 16 17 19 22 23 22 20 22 21 22 21 20 19 18 18 18 18 19 18 16 15 16 18 20 22 17 18 18 17 15 15 17 20 17 17 18 18 19 20 21 21 20 18 17 18 19 20 19 17 19 18 17 17 17 18 19 20 16 17 18 18 17 15 13 12 20 20 18 17 17 17 17 18 17 21 21 16 14 16 18 17 14 15 16 17 17 17 16 15 18 19 17 12 13 18 18 13 15 16 16 16 15 14 13 14 14 17 17 13 11 15 15 12 15 19 21 18 19 23 27 26 23 26 26 22 20 21 19 15 15 16 17 17 18 18 17 17 15 16 17 16 15 15 17 19 23 22 19 17 16 16 16 16 13 14 15 14 11 9 9 10 11 10 9 9 9 10 12 13 14 14 15 15 15 15 14 14 15 12 11 13 13 10 10 13 13 10 9 11 14 14 14 11 18 11 9 12 15 14 14 16 14 14 15 15 18 24 32 38 40 33 23 21 28 37 35 27 17 16 18 18 17 16 17 19 37 45 43 29 21 25 30 32 16 20 26 33 26 17 17 27 33 35 36 39 44 52 88 142 191 199 208 214 216 216 217 218 223 222 222 222 222 223 223 223 225 224 224 224 225 226 227 228 230 228 226 228 230 232 230 228 233 233 233 233 233 233 233 233 233 233 233 233 233 234 234 234 233 233 233 234 234 235 235 235 236 234 233 232 232 234 236 237 234 235 237 237 237 236 235 234 237 239 239 238 235 234 234 235 234 236 237 236 233 232 232 233 238 237 236 236 237 237 236 236 235 235 235 236 237 237 238 239 236 237 239 239 238 236 235 233 240 241 241 241
149 141 133 133 141 147 147 144 133 134 130 124 122 123 121 117 127 126 121 105 84 74 59 33 27 29 29 25 24 25 24 21 25 23 22 20 21 21 24 25 18 17 18 19 22 21 20 18 18 17 15 17 19 21 22 21 18 17 16 16 16 17 19 20 20 20 20 21 21 21 22 22 17 18 19 20 20 19 18 17 15 15 15 15 17 19 22 24 25 24 22 20 20 20 21 22 23 23 23 22 22 21 21 20 26 25 23 22 22 23 25 26 24 25 26 25 23 22 23 24 25 26 27 27 26 25 25 24 23 25 24 20 22 24 22 16 21 23 24 25 23 23 24 24 25 23 22 20 20 18 19 18 19 17 18 17 19 20 23 24 18 19 19 17 16 16 18 21 18 18 19 20 20 21 22 22 21 20 19 19 21 22 20 19 21 20 19 18 17 18 19 20 11 12 17 17 18 17 15 14 19 19 19 18 18 18 18 17 17 21 22 18 14 14 13 10 15 17 18 20 20 20 19 18 17 19 18 11 14 17 17 12 16 16 16 15 15 15 14 14 12 19 17 13 13 16 16 12 18 21 20 16 15 18 22 21 16 20 21 19 19 21 20 15 13 13 14 15 16 16 15 15 12 14 14 14 12 13 15 17 22 20 18 16 16 14 16 15 13 15 15 14 11 9 8 8 11 11 10 9 9 11 14 15 12 13 14 16 16 15 14 13 15 12 11 14 13 10 9 12 13 11 10 11 14 15 13 11 17 10 8 10 13 12 11 13 10 10 11 12 16 23 31 37 34 27 17 15 22 29 24 14 14 14 18 16 17 13 16 15 28 45 54 39 32 31 29 18 13 18 29 35 26 13 16 26 23 27 28 33 35 36 69 120 184 191 201 210 215 215 217 220 225 223 223 222 223 223 223 222 223 223 225 224 227 226 229 228 232 228 228 227 233 232 232 230 233 233 233 233 233 233 233 233 233 233 233 234 234 235 235 235 233 233 233 234 234 235 235 235 235 234 232 231 232 234 236 238 236 237 238 239 239 237 236 235 237 238 238 236 234 233 235 236 238 238 240 236 236 232 234 233 237 234 236 234 238 236 238 237 239 237 237 239 240 239 241 243 241 240 238 238 239 239 239 237 240 237 239 236
166 172 177 176 174 175 177 179 165 165 168 167 159 154 163 177 165 164 161 149 132 119 89 48 22 27 30 27 20 16 18 22 18 20 20 15 16 19 22 20 16 17 21 21 22 20 18 15 11 13 14 15 16 15 14 14 11 13 15 18 19 18 17 17 13 15 17 18 19 17 15 14 18 18 19 19 20 21 21 20 14 12 12 14 17 18 17 17 17 20 21 18 14 15 17 18 17 22 25 21 17 15 16 15 19 15 13 16 16 15 18 26 24 13 16 23 17 12 17 19 10 15 20 22 21 20 21 23 25 24 24 25 26 26 23 19 23 29 32 29 29 32 30 24 21 18 23 24 24 19 22 25 19 11 12 15 21 19 21 20 9 19 19 18 21 17 13 20 14 16 19 20 20 20 20 20 16 11 12 19 22 20 19 22 21 18 16 17 16 14 18 23 13 16 20 20 18 16 13 12 7 16 14 10 14 13 12 22 15 26 34 26 14 8 10 12 16 16 18 21 24 25 25 25 18 19 21 22 22 20 18 17 14 13 12 14 15 16 15 15 13 15 17 17 16 14 14 14 18 16 14 14 14 15 17 19 13 16 17 15 16 20 21 18 16 15 14 13 14 16 19 20 9 11 15 15 16 15 16 18 24 19 13 9 11 12 16 15 15 14 14 11 8 9 13 17 15 7 10 14 12 16 20 13 12 12 12 14 16 16 13 10 15 14 12 11 11 12 14 15 13 15 16 13 12 11 11 12 12 11 10 10 12 14 15 18 11 12 12 11 12 16 22 27 20 22 21 15 14 18 22 23 9 12 19 20 17 13 15 18 51 39 37 45 47 34 23 19 4 15 28 30 23 18 19 20 14 28 35 37 32 30 54 92 141 169 192 202 212 214 214 221 219 223 223 219 220 226 228 228 226 228 230 230 232 230 230 228 232 231 232 231 232 231 232 232 235 235 235 236 236 235 235 235 232 233 235 236 237 236 235 234 234 234 234 235 235 236 236 236 231 234 237 239 238 238 239 239 230 233 237 238 238 238 239 240 236 238 240 241 242 241 239 237 237 237 239 236 235 233 235 235 232 233 236 235 236 235 238 240 235 238 241 241 240 239 239 239 238 242 245 245 242 241 242 245 236 235 237 237
182 188 192 189 179 172 175 180 176 174 175 176 173 171 178 187 177 175 176 165 150 136 105 63 35 31 28 25 23 22 21 20 19 22 22 18 17 19 20 18 15 17 19 21 21 19 17 15 12 13 15 16 16 16 15 15 13 13 13 14 14 15 16 17 16 17 18 18 17 15 13 11 13 13 13 13 13 13 13 11 10 9 9 11 13 15 14 14 20 22 24 22 21 22 26 25 10 12 18 22 23 20 19 19 18 21 22 21 19 20 24 29 22 21 20 23 25 22 21 24 25 29 32 32 28 24 22 22 23 24 25 27 29 29 28 26 22 26 27 25 25 28 25 16 20 19 21 25 24 20 21 25 27 22 20 22 23 19 18 20 16 23 21 20 24 20 15 21 16 18 19 19 19 18 18 18 19 13 12 17 18 15 13 16 15 13 15 19 21 19 21 25 20 22 23 22 19 16 13 13 11 18 15 11 12 9 8 17 27 37 43 35 21 12 9 6 11 11 15 21 28 33 33 32 16 17 15 14 13 13 11 11 15 14 13 14 14 15 14 13 13 15 17 18 17 16 15 15 15 14 13 13 13 14 15 16 15 18 18 15 16 19 19 16 18 18 18 17 17 16 15 13 10 12 15 15 15 14 15 16 19 15 12 9 10 12 13 12 13 12 12 11 8 8 11 14 15 7 11 14 13 17 20 13 13 12 11 12 14 14 13 11 11 10 10 9 9 10 10 11 18 19 21 20 16 14 13 14 9 8 7 7 9 10 14 15 9 9 7 5 6 10 17 22 12 15 15 10 9 12 15 15 10 14 18 18 15 12 14 18 61 49 44 49 48 35 23 19 7 13 19 19 16 13 15 18 12 25 33 34 34 32 52 86 136 164 189 201 210 212 212 220 221 225 226 223 223 228 228 226 228 230 231 233 233 233 233 232 232 232 232 232 232 232 232 232 236 235 234 233 233 234 235 236 234 235 237 238 239 238 238 237 233 233 234 234 234 235 235 235 236 238 239 239 238 237 238 239 233 236 238 238 237 236 236 236 237 238 239 241 240 239 237 236 234 234 234 233 231 231 232 234 233 235 237 237 236 236 237 240 242 244 246 245 243 240 239 239 233 235 237 238 237 236 237 237 238 237 236 236
193 193 195 191 177 163 166 177 187 183 181 184 186 187 190 193 181 180 183 175 163 151 124 85 49 37 24 18 20 22 20 16 17 20 20 17 16 18 17 13 14 15 18 19 19 18 15 14 14 15 16 17 17 17 17 16 16 15 13 12 12 13 15 17 15 16 17 18 17 16 14 13 17 17 16 15 14 14 13 12 11 8 9 10 13 16 14 14 17 17 18 19 18 16 16 16 21 16 17 23 23 18 18 23 14 24 28 23 22 28 31 30 23 36 27 22 35 33 22 25 29 30 30 28 23 18 14 13 24 23 23 24 25 25 23 21 22 24 25 26 29 33 29 23 28 25 26 30 31 27 27 30 25 23 24 27 27 24 25 30 20 24 20 19 26 23 17 21 12 12 13 13 13 14 14 14 20 15 13 15 16 14 13 14 15 13 15 19 19 14 12 13 20 22 21 21 19 17 16 17 16 23 19 14 15 11 7 15 29 39 46 43 36 28 22 16 13 13 18 27 38 42 40 35 25 24 21 18 16 16 16 17 15 13 12 12 13 13 12 11 13 14 15 15 15 15 14 13 13 13 13 14 14 15 15 16 15 18 17 14 14 16 16 13 13 14 16 16 16 13 11 8 8 9 12 12 13 11 11 12 17 14 12 11 12 13 14 11 10 10 11 10 9 8 9 11 11 4 8 11 8 11 15 8 14 12 11 11 13 14 13 11 9 9 10 10 10 10 9 9 16 16 19 18 14 11 9 9 8 7 7 6 7 8 13 14 9 8 6 3 3 6 13 18 8 13 14 10 8 11 12 10 12 15 17 15 12 12 15 18 70 58 51 52 48 36 26 22 13 13 14 12 12 11 14 16 11 21 26 28 30 28 41 68 128 160 187 202 213 216 218 226 225 229 230 227 226 229 229 226 227 228 229 230 231 232 232 232 230 230 230 230 230 230 230 230 236 234 231 229 229 231 234 236 232 233 235 236 237 238 237 237 234 234 234 235 235 235 236 236 237 238 239 238 237 236 238 240 238 240 241 240 237 235 234 234 238 239 240 240 240 238 236 234 231 232 232 231 229 230 232 235 237 238 239 239 238 237 238 240 242 244 246 246 243 241 241 241 237 236 236 238 239 240 239 237 242 242 241 240
197 189 186 184 175 164 168 181 195 189 184 186 190 192 190 187 184 180 182 177 169 165 148 119 80 63 41 27 24 26 25 23 18 21 21 19 20 22 19 14 14 15 16 17 17 16 15 14 14 14 15 15 16 16 16 16 17 16 14 13 13 14 15 16 11 12 14 16 17 18 18 18 19 18 18 18 17 17 16 16 14 13 13 15 17 18 17 16 14 14 18 22 21 17 15 15 17 12 13 21 22 21 31 48 71 82 85 81 86 98 97 87 89 111 97 85 104 103 85 89 89 87 83 78 73 71 71 71 66 64 63 61 61 59 57 54 52 49 49 48 51 49 45 37 42 37 36 40 41 38 35 35 34 35 37 39 36 32 34 40 30 32 25 24 32 31 24 27 29 28 27 27 29 31 31 31 26 23 20 21 23 24 24 25 26 23 22 26 25 20 16 17 13 15 16 16 16 17 18 20 17 24 19 14 15 10 6 14 25 33 40 41 40 37 32 24 14 15 21 30 39 39 31 23 23 22 20 18 17 16 15 16 15 14 13 14 15 16 15 14 16 16 16 16 17 17 15 14 13 14 15 17 17 18 17 17 17 20 20 17 17 20 20 17 12 13 15 16 17 16 15 14 10 10 12 14 16 16 16 16 18 16 15 14 15 16 16 13 9 8 9 10 9 8 8 8 11 5 9 12 7 10 14 9 12 12 12 14 15 14 11 9 11 12 14 15 15 14 12 11 13 14 17 16 12 9 6 6 11 10 9 8 9 10 14 15 10 10 10 8 7 8 12 15 11 16 19 15 14 15 15 12 12 16 16 13 12 16 20 22 59 49 41 40 37 29 22 19 17 14 13 12 15 16 17 17 18 26 28 29 33 28 33 51 122 157 189 206 218 222 224 233 227 232 233 230 230 232 231 226 224 225 226 227 228 229 230 230 230 230 230 230 230 230 230 230 234 233 231 230 230 231 233 234 230 230 232 233 234 235 235 236 235 235 235 235 236 236 237 237 235 236 236 235 234 235 238 241 241 242 242 240 237 235 235 236 239 239 239 239 238 236 234 233 232 230 230 229 228 229 233 235 237 238 239 239 237 236 237 238 234 237 240 242 241 241 241 242 241 239 238 240 243 244 242 239 241 240 240 240
200 188 179 179 180 180 185 194 198 194 188 187 188 189 184 178 192 186 184 180 176 181 178 160 125 107 79 54 39 32 30 30 19 22 21 20 23 25 23 17 14 14 15 16 16 15 14 15 14 16 16 16 16 17 17 18 18 19 20 21 20 19 18 17 14 15 16 18 19 20 21 21 15 15 16 16 17 17 17 17 16 15 15 17 19 20 19 17 21 22 25 29 27 21 21 26 19 27 44 62 71 81 102 124 141 147 148 148 160 174 169 153 159 180 167 156 175 174 158 163 171 165 155 147 144 145 148 150 156 154 153 149 150 147 146 142 150 144 141 136 133 124 117 109 99 92 88 92 94 91 86 84 80 79 79 77 69 60 58 61 66 66 57 52 58 55 48 50 51 47 43 42 43 45 44 43 41 38 34 32 33 36 37 36 39 34 31 33 34 31 28 29 23 24 25 25 23 23 26 28 24 31 28 22 22 18 16 24 18 22 25 24 25 25 19 12 21 24 31 39 44 40 29 19 22 23 24 24 24 23 21 20 14 13 13 14 16 18 17 17 21 20 18 18 20 20 18 16 15 16 17 18 18 18 18 18 18 21 22 20 21 25 25 23 21 21 20 19 19 20 22 22 15 15 17 20 24 25 25 24 20 18 17 16 16 17 17 14 10 10 11 12 12 12 11 10 15 10 15 17 11 13 18 13 11 12 15 17 19 16 10 6 14 15 16 17 17 16 15 14 16 17 19 18 14 12 10 10 12 11 11 9 11 11 15 16 10 12 14 14 12 11 11 12 12 18 20 17 15 16 15 12 12 16 16 13 14 21 26 26 34 27 22 21 20 17 14 12 15 13 13 14 19 21 20 18 26 32 32 33 38 34 33 46 122 159 193 211 222 224 224 234 229 234 234 232 232 234 233 226 226 224 224 225 226 227 228 229 228 228 228 228 228 228 228 228 228 229 231 232 232 231 229 228 229 229 229 230 231 232 233 235 236 236 236 236 237 237 238 238 239 240 239 237 235 235 237 239 241 242 242 241 238 237 238 240 239 239 238 238 237 235 234 234 232 233 233 232 231 232 235 237 238 239 240 239 237 237 238 239 233 236 239 240 239 238 239 240 238 235 234 236 240 241 238 235 235 235 236 236
198 188 177 175 182 190 194 195 197 197 195 190 187 186 182 176 195 186 183 181 180 189 194 183 155 139 112 80 54 36 28 26 19 20 18 16 19 22 19 13 16 16 17 17 17 17 16 17 17 16 16 16 16 17 18 19 18 20 22 23 23 22 20 19 20 20 20 19 19 18 18 18 15 15 16 17 18 18 19 19 18 18 18 19 21 22 21 17 24 22 22 23 15 8 15 28 54 74 100 121 135 148 165 178 162 164 164 167 180 190 183 168 171 185 180 175 187 185 178 185 201 192 179 170 167 170 174 177 173 169 168 167 168 168 168 166 176 172 172 171 168 158 155 154 166 157 153 157 162 160 154 150 143 140 139 139 133 125 121 122 119 119 109 101 103 98 92 96 92 86 78 74 74 74 72 70 71 68 62 55 54 57 58 55 61 52 44 42 39 31 25 23 28 29 29 26 21 19 19 19 17 24 20 14 14 9 6 14 25 28 30 28 30 31 29 25 12 16 23 28 29 24 16 11 19 21 23 24 24 23 20 18 13 12 11 12 14 15 15 14 23 20 16 16 19 20 18 15 19 19 19 19 19 19 19 19 13 16 17 15 16 21 21 19 27 25 21 19 17 17 18 18 14 14 16 19 24 26 25 23 22 19 17 14 15 16 16 15 15 12 11 12 13 14 13 12 13 9 14 16 9 11 16 12 13 14 16 19 20 17 11 7 14 14 15 15 15 15 14 14 16 16 18 17 13 12 12 13 13 12 11 9 11 11 15 15 9 12 14 14 13 11 11 11 10 15 17 13 11 12 11 8 12 17 17 13 16 25 29 26 20 17 14 14 15 16 15 14 13 11 12 15 20 20 19 17 23 30 30 29 37 35 34 44 118 158 192 210 221 221 221 230 230 234 234 231 231 234 233 229 231 229 228 228 229 229 230 231 229 229 229 229 229 229 229 229 227 229 232 234 234 232 229 227 233 232 232 231 232 233 234 234 234 235 236 236 236 237 237 237 245 246 245 242 238 236 236 237 240 241 241 240 238 238 239 241 239 238 238 237 237 236 236 235 232 233 235 234 233 233 234 235 236 238 239 238 237 237 238 239 240 242 243 242 240 237 236 236 236 236 236 237 239 239 238 236 238 238 239 240
193 192 184 175 178 188 189 181 188 196 199 192 186 185 184 182 194 186 186 186 184 191 193 183 175 163 143 115 86 61 44 35 29 27 23 19 21 24 20 14 19 19 19 19 19 19 19 20 19 20 19 19 19 20 22 23 20 21 22 23 23 24 24 24 24 24 23 21 20 20 19 19 22 22 23 23 23 23 23 23 23 22 22 22 25 24 23 22 21 19 21 24 21 25 50 77 114 130 144 151 160 173 179 176 174 174 175 180 185 185 181 176 179 181 183 184 182 178 180 187 202 194 183 177 177 181 185 187 190 187 186 184 186 187 187 186 178 178 184 187 185 178 179 185 185 175 171 178 186 185 180 175 183 180 179 182 182 177 173 172 159 162 154 147 149 145 143 151 158 150 142 138 138 139 138 136 127 125 118 109 107 112 113 109 114 105 97 93 87 76 65 60 56 57 57 55 50 46 43 43 42 49 44 36 36 30 26 32 20 26 29 26 23 24 24 21 23 25 29 28 26 22 21 20 27 27 27 27 26 25 23 23 28 26 25 25 25 25 24 23 32 27 23 22 25 27 25 21 27 26 24 22 21 22 22 23 14 17 17 15 15 19 19 17 25 24 22 20 19 18 17 16 16 15 15 18 23 24 21 18 27 23 19 15 15 16 17 17 19 16 13 13 14 16 16 15 11 8 13 15 6 8 13 10 17 16 16 16 17 16 13 10 14 13 13 12 12 13 13 15 18 17 17 16 13 14 15 18 16 15 14 12 13 14 17 18 13 13 14 12 11 11 13 16 11 15 16 12 10 11 11 8 13 19 19 13 15 25 27 21 19 19 17 16 17 19 19 17 14 13 17 17 18 18 18 18 21 29 29 27 34 34 33 41 101 145 182 203 217 217 219 228 228 233 232 229 227 232 233 231 233 231 229 228 228 228 229 230 229 229 229 229 229 229 229 229 229 230 231 232 232 231 230 229 233 233 231 230 230 230 231 233 232 233 233 234 234 234 235 235 240 242 243 241 239 237 236 237 239 240 239 237 235 235 237 239 239 238 238 237 237 237 237 238 231 234 237 237 235 233 232 232 237 239 240 240 239 239 241 243 242 244 245 243 240 237 235 235 238 239 241 242 241 240 241 242 245 245 245 245
193 201 197 182 178 185 183 170 179 192 199 193 185 184 187 189 195 189 192 194 191 193 191 178 197 188 174 154 129 103 79 64 47 44 37 31 32 35 31 24 20 20 20 20 20 20 20 20 22 22 21 20 21 22 24 25 22 21 20 20 21 23 25 27 23 22 22 21 21 22 23 23 25 25 24 24 23 22 22 21 27 27 26 28 29 29 27 26 19 21 31 46 58 81 127 169 183 190 186 177 182 197 198 186 183 183 187 191 188 181 180 184 191 184 190 194 181 173 180 187 198 192 186 184 187 192 196 196 193 190 187 185 185 185 184 183 179 181 186 189 182 172 173 181 191 182 178 187 198 199 194 189 199 193 191 193 192 186 179 177 174 181 176 171 175 175 177 188 187 180 172 170 173 177 177 175 183 182 175 166 166 173 175 172 174 168 165 167 165 156 145 139 138 140 142 140 136 132 129 128 127 134 128 119 117 110 106 113 106 112 114 106 96 90 86 82 87 88 87 80 74 71 74 79 71 69 66 63 62 61 61 62 54 52 49 48 47 46 43 41 47 44 39 38 42 43 41 38 35 33 30 28 27 27 28 29 26 29 29 25 25 28 28 24 26 27 29 30 30 28 26 25 25 24 23 24 28 28 24 21 33 27 22 18 17 18 19 20 22 18 14 13 15 18 18 17 18 15 21 22 13 14 20 17 22 19 15 14 14 15 15 15 16 15 13 12 12 13 15 16 22 22 22 20 18 20 23 26 21 19 18 16 17 17 21 22 18 17 14 11 10 13 18 22 15 19 20 15 12 14 14 13 15 21 20 13 14 23 23 15 18 18 17 15 15 16 16 14 19 18 20 18 17 17 19 21 29 38 38 35 40 39 37 44 82 127 170 196 212 216 220 231 226 228 228 223 225 228 231 230 232 230 229 227 226 226 227 228 230 230 230 230 230 230 230 230 232 231 231 231 231 231 231 232 232 231 229 228 227 227 228 228 230 231 231 232 232 232 233 233 229 232 236 238 238 237 238 239 239 239 238 236 233 232 234 236 238 238 237 237 237 238 239 239 230 233 237 237 235 232 230 229 237 239 241 241 241 241 243 245 238 240 242 242 239 237 236 236 236 239 243 242 240 238 240 243 242 241 241 240
189 191 189 184 182 185 185 183 179 181 183 180 177 178 185 191 201 187 182 191 196 190 181 179 184 186 182 171 159 147 131 119 91 84 74 64 53 40 31 26 19 22 17 17 23 20 16 24 23 24 21 16 19 25 24 18 19 16 17 21 21 19 20 23 21 20 21 22 15 9 17 29 19 19 20 22 23 23 24 27 28 23 27 29 22 27 35 33 34 61 92 112 136 167 188 196 185 184 184 186 188 189 188 186 178 184 190 190 187 187 190 195 187 187 188 186 185 184 186 188 187 193 199 199 194 192 195 200 197 196 196 195 192 188 184 181 180 183 188 190 182 173 171 178 178 187 196 197 192 189 191 195 197 195 195 196 194 192 196 203 203 197 191 189 191 195 197 197 193 189 185 184 186 185 182 179 181 186 190 189 191 194 194 190 189 187 188 192 194 193 191 190 183 172 162 160 167 174 176 175 178 175 172 169 168 170 172 172 166 176 178 168 157 153 154 154 157 163 171 171 165 159 157 158 149 154 153 146 149 157 153 143 131 128 121 117 121 127 121 111 118 117 112 104 99 97 90 83 75 69 71 79 78 66 59 61 53 57 56 46 36 31 28 26 15 19 27 32 29 25 31 40 30 28 26 28 32 32 29 25 18 18 24 23 20 27 30 17 22 24 25 26 22 19 19 23 15 14 15 18 17 14 17 24 21 24 19 18 27 24 16 18 21 20 23 25 21 14 17 27 21 19 20 22 20 19 22 28 20 24 22 12 10 15 23 23 13 18 16 15 20 16 12 20 2 10 19 24 22 19 17 18 19 8 8 14 15 21 24 18 12 8 15 20 13 14 20 17 17 16 17 17 17 19 22 24 31 31 37 44 44 43 47 53 74 104 133 155 171 177 184 199 205 207 210 209 209 208 211 213 211 216 219 216 215 220 225 226 214 221 228 230 228 226 229 232 226 226 226 227 229 232 234 236 230 234 238 239 236 231 228 228 233 234 236 235 232 229 228 227 218 221 225 224 221 222 227 232 240 239 239 240 241 241 239 237 235 232 235 242 243 237 235 238 226 230 236 238 236 232 228 226 230 235 239 239 236 235 238 242 237 239 240 242 242 241 239 237 232 232 235 237 235 232 234 240 239 242 246 248
194 195 192 186 184 187 188 186 173 177 180 181 180 183 190 196 196 190 188 194 199 197 189 185 187 189 187 180 173 169 162 155 156 134 103 75 55 45 41 41 24 29 26 22 25 20 15 22 20 21 21 17 23 28 30 23 20 15 18 19 22 18 21 22 14 15 22 22 20 15 21 25 32 25 23 20 24 25 31 34 26 21 25 24 18 30 51 58 91 119 146 159 169 182 189 189 196 194 191 190 189 188 185 182 187 192 197 199 197 196 197 199 195 197 198 195 191 189 191 195 194 198 201 200 196 195 196 199 193 192 192 191 189 186 184 182 190 189 191 196 197 190 185 186 179 188 198 202 199 195 194 195 188 188 192 197 197 195 197 202 202 199 195 191 190 190 191 192 193 191 189 191 193 192 187 183 190 196 199 194 192 195 200 202 200 198 196 196 195 192 188 186 172 173 175 178 181 182 180 177 181 180 178 176 174 173 172 172 173 182 187 181 174 172 174 174 174 178 185 186 184 183 183 185 188 195 194 187 186 190 187 179 163 166 166 164 165 168 165 158 164 164 159 151 147 149 150 148 132 130 131 134 133 126 122 121 125 123 116 105 95 84 69 56 43 51 52 44 39 40 36 28 18 19 22 25 30 31 30 28 20 19 28 28 18 18 24 21 18 20 24 22 20 18 20 24 22 22 20 21 22 24 23 21 14 19 15 16 26 26 21 24 16 16 20 22 19 14 17 26 28 24 23 24 23 20 20 23 16 19 18 12 13 19 26 26 23 26 20 19 23 19 15 24 27 18 8 6 10 14 15 14 20 11 12 14 10 15 22 20 22 16 18 20 16 19 26 25 19 20 23 23 23 23 24 25 33 32 36 42 44 45 48 54 59 77 93 103 113 114 115 127 124 127 132 136 140 141 145 148 159 167 171 171 174 181 188 189 188 192 197 199 199 201 206 210 205 207 212 217 221 225 227 228 227 231 234 236 236 236 237 238 238 239 241 237 235 230 230 229 233 233 235 230 229 227 234 237 246 241 241 237 239 236 235 231 236 231 235 238 239 231 230 232 234 236 238 237 234 231 229 228 236 240 244 243 238 235 236 239 242 243 242 241 239 239 240 242 229 229 231 235 234 232 236 242 235 238 242 245
195 196 192 185 184 187 188 187 173 177 182 183 184 186 190 195 189 193 194 194 195 196 192 186 190 192 188 180 174 173 172 171 173 158 135 111 90 70 51 39 36 39 30 21 21 18 16 23 22 23 22 18 19 22 22 17 25 21 22 24 25 21 22 24 24 26 28 23 21 21 22 21 23 20 20 21 25 25 23 20 21 26 36 44 46 67 99 114 146 167 187 189 183 184 185 183 203 200 196 193 192 190 188 186 191 194 197 199 200 199 198 197 199 203 205 201 192 188 192 197 199 198 197 196 195 194 194 194 190 190 191 191 190 189 188 187 192 186 187 197 205 202 193 187 182 189 199 206 206 202 198 196 188 189 195 202 202 198 197 200 196 198 197 194 189 187 188 190 193 192 193 196 199 199 194 189 194 199 199 192 186 191 199 204 202 200 197 194 192 190 185 181 170 176 184 188 188 185 182 182 182 183 184 185 186 183 179 175 176 185 192 191 188 188 191 191 189 190 192 194 196 197 198 199 193 201 201 192 186 188 187 183 168 175 181 183 182 182 180 175 179 182 181 176 173 175 175 173 173 177 179 177 176 177 174 170 175 171 166 163 162 156 137 117 108 117 114 100 94 96 84 64 48 50 50 47 43 37 33 31 40 25 28 33 27 23 26 26 24 26 28 28 27 32 38 44 31 34 32 29 33 40 36 27 30 35 31 31 40 39 35 40 45 45 46 45 39 32 32 38 43 37 35 37 37 34 31 31 25 25 23 20 23 27 31 28 22 24 19 20 26 20 16 25 27 22 18 18 22 23 21 17 23 18 21 20 13 18 28 27 26 22 17 14 15 20 25 27 19 23 26 28 29 27 27 25 44 40 40 45 49 50 52 55 69 79 82 88 99 100 98 105 108 111 115 116 116 115 116 119 118 124 128 129 133 140 146 147 146 146 147 148 151 155 159 162 157 161 167 172 177 179 179 178 182 184 187 189 191 193 198 202 216 218 221 220 222 223 227 228 220 220 221 218 216 215 221 224 228 226 226 226 231 233 236 235 237 235 238 240 240 235 233 234 232 233 234 233 230 229 229 230 235 239 243 243 240 237 237 238 245 245 243 240 237 238 244 249 247 244 243 244 241 238 239 244 243 245 246 244
193 193 189 182 180 184 186 184 181 184 187 187 186 185 186 189 188 197 200 194 191 194 190 182 184 187 184 175 168 168 170 170 158 160 157 150 137 116 87 64 64 60 40 25 28 30 28 32 28 27 27 24 24 23 23 20 24 19 20 21 20 15 16 17 24 25 21 12 12 17 21 18 20 19 20 22 32 40 43 40 58 65 86 103 110 130 156 166 169 183 191 186 177 179 186 190 198 196 194 194 196 197 197 197 194 193 192 193 196 197 196 195 197 203 205 199 188 182 186 193 197 194 190 189 191 192 191 190 192 192 192 193 193 194 194 195 183 178 180 192 202 201 193 187 187 192 198 204 207 205 202 199 200 199 202 206 204 198 195 196 188 194 198 196 190 187 191 196 193 192 192 196 200 202 199 196 196 198 195 188 186 191 196 197 197 197 195 193 193 194 192 186 179 182 184 184 185 184 186 188 179 183 189 193 196 193 189 186 182 187 194 196 196 195 197 197 194 194 194 196 198 197 194 191 194 200 200 190 181 182 185 187 178 183 190 195 195 192 185 179 187 191 194 194 194 192 182 172 172 182 187 184 184 190 188 181 181 180 180 184 193 194 182 167 164 170 171 164 160 158 146 133 124 123 117 106 94 83 78 77 71 37 26 36 37 32 30 27 31 47 66 81 90 94 95 94 106 116 117 110 113 123 121 109 105 110 104 101 107 104 100 105 90 90 89 86 80 73 70 73 83 74 67 66 64 58 50 46 53 49 45 41 42 40 38 33 35 37 35 39 44 32 21 27 17 23 28 30 27 25 25 26 21 18 22 21 15 21 28 22 34 34 27 21 27 31 31 33 25 29 32 33 34 33 34 36 47 42 41 50 58 61 63 63 79 82 81 86 103 106 103 107 114 116 119 118 116 112 111 113 121 126 128 127 129 135 137 136 137 135 133 133 135 138 139 139 136 138 140 141 142 141 140 138 141 143 146 147 147 148 151 153 142 144 147 149 151 156 161 165 172 175 178 178 178 178 181 183 185 184 184 187 193 200 204 206 204 205 207 210 211 210 209 211 212 214 218 218 218 218 220 221 223 227 233 235 236 235 237 238 242 244 245 244 242 244 251 254 249 245 243 243 242 239 240 245 248 249 248 246
190 191 187 181 180 184 185 184 187 189 190 190 188 185 183 184 187 198 200 193 190 193 190 184 176 183 185 178 168 169 172 177 178 176 168 159 154 150 139 126 98 92 69 54 59 59 46 39 32 31 34 32 33 30 32 31 30 25 26 27 28 22 24 24 20 20 21 17 21 25 31 29 28 28 33 38 61 86 107 112 126 127 143 156 159 170 181 181 180 186 189 184 180 184 193 201 191 190 191 194 199 202 204 204 197 194 190 189 191 195 197 198 196 202 204 198 186 181 184 191 197 193 189 189 193 195 194 191 197 197 196 197 198 199 201 203 180 180 185 195 201 199 195 194 192 193 195 198 200 202 203 203 208 204 201 202 200 195 193 195 187 194 199 196 190 188 193 200 195 192 190 192 197 201 201 200 205 202 196 193 197 202 200 193 198 201 199 196 197 202 201 195 184 180 181 183 187 190 193 193 183 188 196 202 203 200 195 190 191 192 195 198 200 198 198 198 195 197 201 203 204 200 193 188 200 204 203 193 185 186 193 200 191 190 193 201 204 198 185 174 194 194 194 195 200 200 187 172 163 177 185 185 186 191 189 182 184 185 184 184 187 189 184 176 174 174 180 188 186 174 170 174 182 180 174 164 156 150 150 152 99 65 53 56 47 36 38 43 61 89 123 148 161 163 155 146 147 162 166 156 151 156 157 152 163 168 162 158 163 162 160 167 165 167 167 164 160 157 154 153 172 161 152 148 142 133 123 118 141 135 129 125 123 117 113 108 92 91 87 89 86 60 37 36 30 27 24 25 30 37 43 46 51 47 50 49 45 49 46 31 32 43 37 30 38 38 30 32 26 30 34 33 31 32 36 41 46 42 42 52 62 65 68 69 76 79 76 79 96 97 92 92 92 95 99 102 101 101 103 105 125 129 131 130 133 138 139 137 146 145 144 145 146 147 146 144 146 145 144 144 144 144 144 144 144 146 150 151 150 149 149 150 149 150 150 149 148 150 153 156 141 145 150 153 153 152 151 151 157 154 151 150 151 153 154 154 155 157 159 160 161 163 162 161 160 164 170 171 173 170 172 170 176 177 184 186 191 190 193 194 198 204 208 210 211 213 217 221 226 223 224 230 235 236 240 245 245 247 250 251
189 191 190 185 185 188 189 187 189 190 190 190 189 188 186 186 180 186 188 186 185 187 187 184 182 191 192 183 170 166 169 172 193 189 175 157 152 158 161 158 126 127 112 100 104 96 71 53 53 50 49 48 42 34 32 34 36 33 32 34 33 29 28 31 18 19 24 29 28 24 23 27 27 45 67 87 113 140 155 156 164 159 164 168 166 171 179 178 186 190 194 194 192 192 194 196 187 187 189 193 198 201 201 200 192 190 187 186 187 190 194 197 200 204 205 200 191 186 189 194 201 198 196 196 199 201 200 197 200 199 197 196 197 199 202 204 181 182 189 196 198 195 195 198 196 196 195 194 194 197 202 207 207 201 196 196 196 194 194 196 192 196 198 194 188 187 194 201 198 194 190 191 196 200 202 202 207 202 195 195 202 208 201 189 200 203 200 193 194 199 197 189 181 180 185 192 198 201 200 198 192 195 202 205 205 200 196 191 196 191 191 194 196 193 192 192 192 196 204 208 207 203 197 193 200 203 202 196 189 189 195 203 190 185 186 195 199 192 178 168 193 189 183 182 188 194 189 180 171 181 190 192 192 193 193 191 193 194 189 182 179 181 180 177 173 166 173 188 187 175 175 187 194 192 187 181 179 177 179 182 133 116 114 109 82 64 74 90 130 145 157 160 162 167 169 164 176 187 192 181 170 170 172 171 166 173 169 167 174 175 177 187 184 186 184 178 173 169 164 159 176 168 162 162 160 156 153 153 174 168 164 162 159 152 150 149 159 153 143 139 130 96 67 65 61 53 50 64 86 100 99 91 83 79 80 77 70 71 62 40 61 83 80 71 81 76 62 66 69 72 75 73 68 68 74 80 80 75 75 77 77 72 69 71 75 80 77 79 92 92 87 90 91 93 96 96 97 98 99 102 105 109 111 112 117 124 125 121 126 127 129 130 131 131 132 132 136 136 136 137 139 142 145 147 145 148 152 154 153 152 151 152 148 149 151 151 151 152 155 158 148 151 154 157 157 154 151 149 158 155 152 151 151 151 150 149 147 150 151 148 148 150 150 147 143 146 151 151 150 146 146 144 147 147 149 150 153 152 154 154 158 162 165 169 171 172 171 170 161 158 160 166 171 171 172 175 196 199 203 205
187 191 191 189 189 193 192 189 192 191 191 190 190 189 187 188 183 181 180 183 185 183 183 186 189 197 198 185 168 163 167 171 183 187 181 166 159 164 166 162 151 161 154 143 144 135 112 96 97 94 92 90 81 70 66 69 65 60 56 54 49 41 38 39 31 26 30 40 37 29 34 49 72 98 125 142 155 167 169 160 170 167 173 174 166 169 178 178 187 188 191 193 194 192 191 190 183 185 187 192 196 197 195 193 185 187 190 189 188 189 193 197 199 201 201 198 192 190 191 194 201 200 199 199 200 199 197 196 198 197 194 192 192 194 197 199 188 188 191 197 198 196 196 198 197 198 198 194 191 193 201 208 205 198 194 195 197 195 195 197 193 194 192 188 185 188 196 204 201 198 195 196 200 203 202 201 203 199 193 192 198 204 199 189 201 204 199 188 186 191 188 178 183 186 192 196 200 200 200 200 196 199 204 206 206 202 198 194 198 191 188 192 195 192 191 192 191 198 206 209 207 203 202 202 206 208 210 209 203 200 201 205 194 191 193 202 204 197 188 184 197 196 193 188 190 195 198 196 187 189 194 198 195 191 193 199 196 195 189 182 180 184 185 183 183 177 178 187 192 189 190 195 195 192 187 184 184 183 181 179 172 164 169 166 143 129 138 147 180 185 176 159 151 156 163 162 178 181 183 178 170 166 167 171 178 185 179 175 180 181 183 193 192 195 193 186 182 179 172 165 175 170 168 169 169 170 173 178 187 182 181 181 179 172 174 179 190 179 166 165 162 138 119 124 118 117 122 135 149 157 154 148 162 161 163 156 146 146 139 118 130 160 159 147 156 148 132 138 147 151 155 151 145 141 144 148 138 135 135 131 124 112 105 106 105 111 109 106 114 112 111 119 130 129 126 122 119 117 117 120 116 118 117 117 119 123 121 115 114 116 117 115 113 113 117 121 122 123 124 126 128 129 130 131 132 134 135 135 134 133 135 136 130 133 137 141 143 145 148 151 148 148 148 149 150 150 148 147 152 151 151 153 157 159 159 158 152 156 157 153 153 157 157 155 161 163 165 164 163 160 161 161 160 157 156 155 156 156 157 158 158 157 155 157 159 157 151 146 150 146 145 149 151 147 143 142 127 130 133 135
185 189 191 190 191 194 193 189 196 194 192 190 190 188 186 187 198 188 185 190 192 186 186 191 185 194 196 185 173 170 181 188 180 190 190 177 172 178 182 180 174 188 184 171 170 167 155 148 140 138 140 143 139 131 131 136 134 127 120 113 103 91 84 83 77 65 67 81 83 81 101 131 157 172 179 172 168 173 176 172 178 181 192 192 178 175 184 184 187 184 182 186 190 191 192 191 179 181 186 191 196 195 193 189 187 192 199 200 198 196 199 202 196 195 196 192 190 188 190 190 197 197 198 197 196 192 190 189 196 193 190 187 186 188 191 193 199 195 195 200 203 201 200 201 197 201 202 197 192 192 201 209 209 202 198 200 201 198 196 197 189 188 186 183 183 189 200 209 203 201 199 201 206 206 205 200 203 201 196 193 196 201 200 195 203 207 201 189 186 191 188 178 191 194 200 198 192 190 195 201 195 197 202 204 205 204 202 200 206 195 193 196 203 201 200 202 198 204 212 212 207 203 206 208 199 203 207 209 204 197 193 194 192 189 197 203 204 197 193 195 190 197 201 196 191 191 194 195 200 196 197 200 195 188 192 204 198 195 187 181 183 188 188 184 191 189 185 186 195 205 204 197 202 200 198 198 200 198 192 187 194 183 185 192 189 184 184 177 178 192 197 190 181 180 173 161 177 173 173 175 175 170 171 176 193 197 190 180 181 177 178 186 184 188 192 189 192 195 193 186 194 189 184 180 176 171 174 181 185 182 181 183 178 173 175 184 190 178 167 173 182 173 169 183 181 185 183 172 159 157 170 183 188 192 196 187 173 175 174 158 161 197 195 182 190 181 164 173 177 182 185 183 173 166 166 169 176 176 181 181 175 166 164 167 172 179 174 164 162 156 157 167 175 174 170 166 161 159 162 163 164 163 159 153 152 149 143 134 140 140 140 133 128 127 134 140 135 136 138 138 136 133 129 127 133 133 131 127 125 125 128 130 122 125 128 130 130 129 130 131 131 129 128 128 131 134 136 136 133 133 134 137 141 142 142 141 137 142 143 141 142 148 150 146 148 149 149 147 147 148 151 154 153 150 147 146 146 147 149 149 150 145 138 136 137 133 127 119 125 121 122 128 130 126 121 120 114 118 124 128
185 183 183 189 196 197 190 183 186 190 192 189 185 184 188 192 196 195 194 194 197 193 187 182 177 181 185 188 188 187 189 189 185 187 189 191 190 187 184 182 177 173 178 189 187 173 164 165 162 159 161 165 165 166 173 181 163 168 168 157 143 137 139 144 129 117 132 160 163 160 171 184 176 182 188 186 181 179 183 188 177 180 188 194 189 179 178 185 183 180 182 191 195 189 182 183 186 187 187 186 192 197 197 191 189 197 203 200 198 198 202 201 200 197 195 191 191 189 191 190 194 192 193 194 196 195 193 191 192 201 203 198 193 193 196 196 197 192 197 210 211 199 193 195 195 197 198 197 201 207 208 205 201 205 206 202 200 202 202 199 199 196 194 193 193 195 196 198 195 197 200 201 201 199 200 199 209 209 207 206 207 207 202 197 198 198 197 197 201 202 193 179 186 195 200 194 190 195 203 205 198 207 211 202 198 203 207 204 205 200 200 203 206 203 202 203 198 202 208 211 211 208 206 205 198 203 210 210 198 185 185 195 192 196 201 200 198 198 202 206 204 201 200 203 203 197 192 191 198 204 209 204 195 189 192 197 192 185 183 187 188 186 190 197 204 194 187 190 194 195 196 199 191 191 190 191 192 194 197 198 205 194 189 192 192 185 189 199 187 184 187 193 192 183 176 174 183 174 173 181 184 180 185 197 201 185 178 181 186 179 179 182 190 193 192 179 174 179 191 195 198 202 202 198 196 196 194 189 197 186 187 193 191 194 200 199 192 187 186 190 189 188 193 201 187 192 194 188 178 174 181 189 199 199 188 172 172 184 186 178 169 188 194 190 190 185 182 189 175 177 181 180 170 162 168 181 207 201 196 184 171 178 182 172 186 191 193 191 187 184 186 189 199 202 197 187 187 196 200 195 182 199 213 205 195 186 184 179 173 189 195 177 171 181 192 189 169 178 183 176 168 165 166 165 162 155 152 154 151 146 151 163 161 142 139 145 136 130 134 138 136 132 125 120 121 123 122 118 115 116 118 117 114 112 118 125 112 120 125 123 122 126 132 135 132 127 131 132 119 115 121 122 113 119 118 125 119 119 140 133 115 124 118 119 128 117 107 120 102 120 113 113 107 128 125 134 129 125 136 147
193 189 186 188 191 193 191 188 183 185 188 188 187 187 189 191 192 192 193 194 194 191 187 184 173 177 181 183 183 183 183 183 195 194 192 189 187 186 186 186 186 180 180 187 184 172 166 168 160 163 170 176 175 168 166 168 182 181 174 160 150 150 159 168 157 148 159 177 175 172 180 186 186 189 191 189 185 183 185 188 191 190 193 197 193 185 181 184 182 182 189 199 200 191 183 182 191 190 185 182 186 193 194 190 194 201 205 201 197 199 201 201 197 197 196 196 195 194 193 192 194 194 194 194 194 192 187 184 195 202 205 201 197 199 201 202 201 194 195 205 207 196 186 185 195 198 199 198 201 206 205 200 205 207 206 201 199 202 203 199 196 197 198 197 196 194 195 196 199 200 201 201 201 201 202 203 207 204 202 202 204 204 200 194 197 199 199 199 201 202 195 183 191 198 201 194 188 190 196 198 197 203 207 202 199 199 202 202 203 200 201 205 207 203 199 199 202 205 210 213 213 211 209 207 205 207 210 209 199 189 190 199 198 199 201 200 199 200 203 206 207 203 202 205 205 200 196 196 203 208 212 208 197 188 185 184 199 192 190 193 192 189 190 195 202 197 191 191 196 200 200 199 198 195 197 196 199 200 204 203 198 187 186 189 190 184 189 197 197 188 182 184 184 182 181 184 184 178 180 189 191 187 188 196 202 190 186 194 199 195 194 197 201 200 191 179 176 185 195 199 194 192 190 191 195 199 201 202 192 182 185 192 191 195 203 202 201 194 189 186 183 180 185 193 187 192 196 196 192 189 189 191 189 183 172 165 176 192 190 176 181 196 201 196 198 195 192 197 189 189 189 185 175 169 178 191 208 202 197 185 175 183 188 179 193 198 202 201 195 189 188 188 202 206 202 192 191 200 206 203 195 205 211 205 197 195 196 195 187 204 209 195 189 200 208 207 192 191 191 192 191 189 186 184 183 176 170 169 170 171 174 180 185 167 164 165 152 143 147 151 148 148 145 139 134 130 128 124 122 115 112 106 106 104 108 109 110 118 126 121 119 119 128 132 129 123 125 128 121 120 119 114 118 124 119 122 114 115 138 138 121 122 119 122 129 124 121 129 119 125 117 121 115 142 146 148 131 127 138 149
189 185 181 177 176 178 181 183 184 184 185 187 189 189 187 185 189 191 193 193 191 188 186 185 177 180 184 186 185 184 184 184 195 194 193 191 190 189 188 188 188 180 177 180 179 173 170 174 168 171 177 182 179 170 164 164 177 179 179 175 169 165 166 169 177 172 180 187 181 181 186 184 192 192 190 189 189 190 191 192 192 190 190 193 192 186 181 180 184 186 192 197 196 190 186 188 196 193 185 180 183 191 194 192 198 203 204 199 195 197 199 199 197 198 199 200 198 196 193 191 194 194 195 197 197 194 188 184 196 202 205 202 199 201 202 202 199 191 192 200 203 195 187 184 198 200 201 200 201 204 201 196 207 208 204 198 197 200 201 197 195 197 198 195 191 190 194 199 201 199 198 196 197 199 202 204 205 201 198 200 203 203 198 193 192 197 201 200 201 202 198 191 193 198 200 195 190 191 195 197 203 203 205 206 203 198 199 204 202 199 201 207 208 202 197 196 204 205 208 210 211 210 209 207 210 209 207 205 198 192 194 199 205 202 200 199 201 204 205 205 208 203 202 206 206 203 200 201 204 208 212 211 204 196 188 183 199 195 193 194 193 189 188 190 194 197 195 190 195 203 203 195 198 196 197 197 200 201 205 206 196 189 189 193 194 189 192 199 198 188 179 179 182 183 183 184 187 185 189 199 200 194 192 196 199 191 191 199 204 200 198 201 203 200 191 182 182 190 196 197 199 187 181 188 197 200 205 212 193 183 188 196 196 202 210 209 209 202 193 187 181 179 185 192 196 198 200 200 196 189 183 178 182 179 174 172 182 192 189 179 186 197 194 189 194 194 191 195 199 199 198 193 183 177 181 190 202 197 194 185 179 189 195 184 189 195 203 205 200 193 187 185 199 204 202 193 190 198 204 204 205 210 213 209 206 205 202 199 198 212 216 205 200 207 212 211 208 197 193 202 208 203 196 193 192 186 178 176 184 192 190 183 180 171 173 175 162 156 164 168 157 161 163 156 143 131 127 126 132 121 109 99 98 98 99 95 98 109 118 113 108 111 122 129 129 120 120 124 122 126 121 108 119 128 122 123 115 114 140 149 127 120 122 127 125 126 131 130 126 122 120 132 120 149 154 144 132 127 137 148
182 180 177 172 168 169 174 179 189 186 184 186 189 188 182 176 184 188 191 191 187 184 184 186 184 187 190 191 189 188 188 188 185 187 190 192 193 192 190 188 187 179 176 179 182 180 180 183 182 178 178 179 177 173 174 177 173 175 179 182 179 171 167 167 179 179 186 187 181 186 191 184 189 186 184 185 189 193 195 195 180 184 189 192 191 186 183 183 191 191 191 189 186 186 190 198 195 193 187 182 187 195 199 197 198 201 201 196 194 196 199 199 201 202 201 200 198 195 192 191 193 195 198 202 204 202 196 192 195 201 203 200 197 199 199 197 188 187 191 199 202 198 197 199 206 207 205 202 202 205 203 199 207 208 205 201 200 202 200 194 194 195 194 189 184 186 197 207 205 201 197 195 196 200 204 206 203 199 199 204 207 204 197 192 185 193 200 200 200 202 202 199 191 195 198 197 196 197 201 204 209 205 206 212 210 201 201 209 205 202 202 207 207 203 199 199 202 202 203 204 206 206 205 203 207 205 203 200 197 194 193 194 208 203 198 199 204 208 209 207 208 203 202 205 206 203 201 202 204 206 209 212 212 208 202 197 197 196 196 197 196 194 192 191 186 195 196 189 192 203 202 191 193 193 194 193 196 197 201 202 204 198 199 201 201 195 196 199 195 189 186 188 192 191 185 180 191 190 195 202 203 198 195 198 202 197 196 200 200 196 195 197 195 196 195 191 189 191 194 196 210 192 183 194 202 200 203 211 202 192 196 204 203 207 214 213 210 205 199 193 189 189 193 199 201 203 203 199 192 186 183 182 181 185 189 187 183 182 181 181 188 194 188 182 191 195 194 198 202 204 206 203 194 186 185 187 196 194 196 193 190 201 205 192 184 193 203 209 206 198 190 185 192 197 196 189 185 191 197 199 210 213 216 218 217 212 202 194 207 215 217 209 204 205 207 205 211 195 191 204 211 202 193 193 186 183 176 175 187 198 189 171 163 164 175 179 167 165 175 177 164 170 175 168 149 131 126 130 145 135 122 107 102 98 96 89 86 96 106 100 97 102 120 132 130 123 123 123 123 132 129 114 117 134 130 134 128 122 144 159 135 123 129 132 122 125 133 124 123 116 127 145 123 145 147 128 131 126 135 146
185 187 187 184 179 178 181 185 190 186 183 185 189 188 182 175 181 185 188 188 184 182 183 185 187 189 190 189 188 187 189 190 187 186 185 184 185 187 188 190 190 184 181 184 188 188 187 186 185 179 176 178 180 180 184 189 188 182 177 176 173 169 173 181 182 183 190 189 183 190 196 187 186 181 178 180 185 190 190 189 171 186 199 201 194 189 188 190 194 196 195 192 189 191 197 201 186 187 185 185 192 200 203 199 198 201 201 197 196 200 203 202 202 201 199 196 195 194 195 195 196 197 201 205 207 205 200 196 192 198 201 199 199 201 201 198 184 188 195 201 202 202 206 213 211 211 206 200 200 204 205 202 205 207 208 206 206 206 200 190 188 192 196 194 191 192 201 209 208 204 199 197 200 204 207 208 200 197 200 207 208 200 193 191 181 190 198 199 199 203 206 204 191 193 197 199 199 199 204 208 211 206 208 214 213 205 205 212 210 205 203 205 206 204 203 205 203 201 199 199 202 204 203 202 202 202 202 200 198 197 195 192 207 201 197 199 206 212 213 211 207 202 201 205 205 201 199 199 209 208 208 209 211 211 208 204 199 201 203 204 205 205 204 202 186 197 199 192 195 205 203 192 193 193 194 192 196 196 200 199 213 208 208 206 205 198 197 196 199 197 196 197 200 199 192 185 194 194 196 201 201 199 198 199 210 207 205 203 200 197 198 201 192 197 200 196 189 187 195 205 211 194 188 199 205 199 197 202 208 198 200 206 202 203 207 204 205 206 204 201 198 198 200 201 199 202 203 197 190 190 199 207 189 190 195 197 193 187 185 186 195 199 192 186 197 204 204 209 207 208 208 204 200 199 200 201 199 199 205 205 204 211 209 192 190 199 210 217 215 205 194 187 193 195 194 189 187 191 197 199 214 211 211 215 218 214 205 199 212 215 215 212 208 207 207 208 210 197 196 208 213 203 198 202 189 186 182 182 193 198 182 158 159 167 184 186 174 174 181 179 175 180 186 182 163 143 137 141 159 155 144 125 111 102 95 86 86 96 102 95 91 100 120 133 129 127 128 123 122 135 137 123 118 142 141 147 143 126 139 156 138 128 134 135 124 127 134 122 124 120 133 151 124 141 145 132 133 127 136 146
191 194 197 196 191 188 187 188 185 182 181 184 189 190 186 181 182 184 186 186 185 184 185 185 191 191 190 188 186 187 191 194 199 192 182 175 174 179 187 192 190 185 180 181 184 185 182 178 180 175 176 183 187 187 187 190 181 178 178 180 174 167 169 178 186 184 189 189 181 185 191 184 186 183 179 179 182 184 183 182 172 189 203 200 190 183 183 185 187 194 199 199 199 200 198 195 181 183 184 186 193 200 201 196 201 204 203 201 201 205 206 204 198 197 194 193 193 194 196 198 199 200 201 204 204 202 197 193 192 197 201 202 205 208 208 205 191 195 200 201 201 202 207 213 208 208 203 198 198 202 203 200 203 206 208 208 209 209 201 189 183 191 202 207 206 203 202 203 203 198 195 194 198 201 202 201 198 196 200 206 202 192 188 192 183 192 199 199 200 205 207 207 195 193 196 199 198 195 197 201 208 205 205 208 208 207 208 211 211 206 202 205 206 205 206 209 208 204 199 199 202 205 205 204 200 204 205 202 201 202 201 197 205 200 197 200 208 213 214 212 207 203 203 206 205 199 194 193 215 212 208 204 203 202 201 199 200 202 204 203 203 205 204 201 192 199 202 199 200 205 204 197 195 194 193 193 193 195 196 197 214 212 209 206 203 199 197 196 200 199 194 189 188 191 190 187 193 193 195 196 198 198 198 198 208 208 207 203 199 197 200 204 198 201 202 196 185 182 195 211 199 191 190 199 204 199 195 195 206 195 197 201 195 194 196 192 199 204 206 204 201 201 200 197 201 204 203 194 185 186 199 211 204 194 194 204 210 204 198 195 192 197 189 183 193 200 203 209 207 206 200 194 195 203 211 214 202 201 206 206 203 207 201 181 194 201 211 217 214 205 193 184 202 200 198 196 197 201 204 205 216 207 201 204 209 212 213 214 209 206 206 208 209 208 209 212 204 198 199 208 211 205 203 205 194 192 189 192 197 193 173 153 158 169 187 188 179 185 193 187 186 189 198 201 189 168 157 159 168 169 160 138 121 108 97 84 96 103 107 99 95 102 119 130 126 128 130 123 123 141 143 124 123 150 146 152 150 126 129 148 135 131 131 127 122 125 128 122 128 126 130 142 120 137 144 145 137 132 140 149
193 195 196 196 192 187 184 182 185 183 182 184 188 189 188 186 186 185 185 186 188 189 188 187 189 188 185 181 180 184 190 195 202 196 186 178 177 181 188 193 192 185 178 177 181 184 182 176 178 175 177 184 189 188 187 187 169 170 178 185 178 165 164 173 190 184 188 190 182 181 186 183 187 186 185 185 185 185 184 183 178 192 200 194 185 181 182 182 182 189 195 197 200 203 198 190 186 187 186 187 192 198 198 192 201 204 204 201 202 204 203 199 197 196 195 193 192 191 190 190 199 199 200 201 202 201 197 194 197 202 205 205 208 211 209 204 202 200 198 197 200 203 203 202 201 203 201 199 200 203 201 197 202 204 205 205 208 209 201 190 188 193 202 207 207 204 201 199 197 193 191 193 197 199 197 194 202 200 202 204 195 184 187 199 192 198 202 202 203 206 207 204 199 196 197 201 201 195 194 198 205 206 204 201 205 211 214 212 208 203 202 205 208 207 207 209 212 206 200 199 202 206 207 206 200 206 207 202 201 205 207 206 203 201 200 203 208 211 212 211 208 205 205 208 206 198 191 188 210 208 205 202 199 198 199 199 202 204 203 198 197 198 197 192 197 200 202 203 203 203 202 201 201 200 199 197 197 198 199 199 210 210 208 205 203 202 202 200 196 198 193 183 179 182 185 185 189 191 194 195 196 198 197 196 202 206 208 204 197 194 196 199 197 198 201 198 188 180 185 196 190 190 193 198 201 200 197 194 204 194 195 200 194 193 195 191 195 202 206 203 202 204 203 199 205 206 204 196 188 187 193 200 204 199 201 207 205 193 190 197 191 196 188 180 189 195 198 206 208 207 201 195 197 206 210 209 203 201 204 203 200 205 200 179 191 197 206 212 212 205 195 187 209 203 199 200 205 208 208 208 215 204 197 200 205 209 215 221 206 200 198 203 206 205 207 213 205 203 202 204 206 205 200 196 195 191 191 197 199 190 175 165 169 180 193 190 183 194 205 198 189 191 204 218 213 192 175 171 171 170 161 141 131 123 112 94 99 106 112 105 104 107 119 124 125 127 129 125 131 151 147 120 128 153 144 148 152 127 128 151 143 146 134 120 123 125 124 127 134 134 126 135 124 138 137 146 138 132 139 148
195 195 195 193 190 185 179 176 188 187 185 185 186 187 186 186 190 187 185 187 191 193 191 189 181 179 174 170 170 174 182 188 194 192 190 188 188 188 189 190 196 189 181 178 184 191 191 187 182 176 174 178 183 183 184 186 177 174 175 176 168 161 170 188 195 185 189 195 186 182 188 189 185 186 188 189 189 189 189 189 189 197 199 193 187 188 189 187 181 185 186 187 192 199 197 191 195 194 191 189 192 197 196 191 200 202 202 199 199 200 197 192 200 200 199 196 192 186 182 179 197 197 198 200 203 203 202 200 204 208 209 207 207 207 203 197 208 201 193 192 200 205 201 193 196 200 202 202 204 206 201 195 202 203 202 201 205 207 202 191 197 196 196 196 198 199 200 200 199 197 197 200 204 205 201 196 209 205 205 203 192 182 190 208 200 204 206 204 205 207 206 202 201 198 199 204 204 198 197 200 204 208 205 198 203 214 218 213 203 200 201 207 209 207 206 207 212 206 198 197 201 206 206 205 200 206 206 199 197 204 210 211 203 203 203 205 207 209 209 209 210 207 208 211 208 198 189 185 199 200 201 201 200 201 204 207 210 211 208 200 196 196 194 188 199 197 200 204 203 198 198 204 213 211 209 207 206 207 207 208 206 207 206 204 204 207 208 208 197 202 201 191 184 184 186 185 185 189 193 196 197 198 197 194 202 209 213 208 200 195 194 195 189 191 199 203 195 179 171 172 188 194 198 198 200 202 200 195 205 195 198 204 199 199 202 198 192 200 204 203 203 208 209 206 202 203 203 202 201 201 202 203 192 198 208 204 179 155 163 188 200 207 198 189 195 200 203 212 210 213 213 209 209 211 205 196 206 202 204 203 202 211 208 189 189 195 204 213 216 213 205 199 209 202 196 199 206 209 208 206 212 203 200 205 208 208 210 215 212 203 199 205 208 205 207 213 213 211 205 202 204 205 196 184 194 188 190 201 203 192 184 184 196 202 207 197 187 197 206 197 184 187 203 223 225 204 182 172 170 167 156 141 140 140 128 108 94 102 110 109 109 113 120 121 127 128 130 129 140 162 151 116 131 154 140 144 152 130 135 162 162 168 146 124 131 131 127 137 141 144 131 140 137 145 132 139 137 131 138 147
191 193 194 195 192 187 182 179 186 191 194 191 184 183 189 195 190 186 185 188 187 184 185 188 186 183 179 174 175 181 187 189 189 186 187 190 190 188 188 191 188 187 189 191 188 182 183 186 187 183 179 179 182 185 185 184 168 174 177 172 170 175 182 185 187 190 193 196 197 195 191 187 180 188 187 186 192 190 187 194 192 192 196 201 202 199 200 205 184 176 178 181 181 190 200 197 194 200 203 199 194 194 194 192 197 197 197 197 196 195 194 193 194 198 203 204 202 198 194 192 196 193 192 196 203 209 210 210 203 204 204 203 205 208 203 195 203 195 190 194 200 201 200 201 203 205 205 205 210 214 212 205 204 200 196 195 197 199 197 193 190 190 194 198 201 200 197 193 197 199 205 209 211 209 204 200 204 204 204 199 191 188 198 212 203 204 202 208 213 203 195 205 212 202 198 203 206 201 201 204 205 201 210 214 209 211 214 207 194 197 199 203 210 217 217 212 205 208 213 213 206 197 198 204 203 201 205 211 213 209 204 203 199 203 207 208 207 206 207 209 208 207 209 212 210 203 200 201 201 207 209 206 204 207 211 212 194 200 210 214 207 199 198 204 204 203 206 210 209 205 205 208 204 211 215 213 208 207 212 218 209 210 211 210 208 206 206 204 200 202 205 206 205 201 197 194 197 206 203 197 201 202 200 204 209 207 201 195 191 190 194 197 195 200 208 211 199 185 181 187 204 210 212 208 203 202 202 200 207 205 201 196 198 201 199 194 202 212 213 211 214 209 204 210 207 200 203 205 200 203 209 205 193 196 202 183 137 114 133 155 193 209 205 197 205 200 191 198 209 212 214 213 213 211 202 191 206 210 209 207 212 218 213 202 197 197 194 202 217 217 211 216 213 196 194 203 208 214 215 206 202 209 212 208 205 205 206 205 213 211 204 207 213 207 206 219 214 209 206 207 209 208 201 195 196 194 202 211 205 190 189 199 203 217 213 191 184 197 203 195 182 180 181 188 193 193 194 199 167 168 165 135 145 167 137 95 92 90 97 104 111 109 113 114 113 124 131 129 142 170 159 117 126 148 138 164 168 129 138 155 166 178 163 132 124 130 137 144 152 137 137 141 139 144 151 149 120 141 148 143
189 190 191 191 189 185 182 179 186 191 193 189 182 182 188 196 193 190 190 193 193 189 188 191 185 182 179 180 183 188 188 187 193 190 189 192 192 189 189 192 188 187 189 191 188 183 183 187 187 182 179 179 181 184 184 184 176 182 184 179 176 179 183 186 188 189 191 194 195 192 188 183 182 189 187 185 190 189 187 194 193 193 196 200 199 195 195 199 189 181 182 185 183 190 198 194 188 195 198 194 192 194 196 196 199 199 198 197 196 195 195 195 196 199 202 202 199 195 193 192 196 194 192 196 202 207 208 208 205 206 206 205 208 210 205 198 201 193 190 195 201 202 201 201 202 203 202 202 206 211 210 204 200 197 195 195 198 200 200 197 192 193 196 200 203 203 199 196 197 199 202 203 202 201 201 202 200 198 198 201 200 198 200 205 202 203 202 207 213 202 194 204 209 200 198 204 207 202 201 204 206 202 209 212 207 209 213 206 205 205 204 203 206 211 210 205 204 205 207 208 202 196 196 201 203 201 203 210 212 209 205 205 201 204 208 208 207 206 207 208 208 207 209 212 209 201 198 199 204 210 211 206 203 205 208 208 192 198 208 211 205 196 196 202 202 201 204 208 207 202 202 207 204 210 212 211 208 208 212 216 207 208 208 208 206 205 204 201 197 198 201 202 201 197 193 190 195 204 201 195 199 200 197 201 204 203 200 196 193 193 196 199 201 203 206 207 198 188 187 193 200 207 210 206 201 201 201 199 205 203 199 195 197 201 200 194 200 210 210 208 211 205 200 206 207 200 203 205 200 203 209 205 198 196 201 191 158 139 150 164 189 206 203 196 206 202 194 201 204 208 210 211 213 213 205 195 208 212 210 207 211 218 215 205 193 193 189 197 212 212 205 209 210 197 198 208 210 211 209 199 204 211 216 213 209 209 208 206 208 209 207 212 218 209 204 214 213 207 202 201 205 207 205 201 198 194 198 204 197 185 189 203 214 218 210 195 195 206 208 199 191 185 184 188 192 194 198 205 189 176 168 150 153 157 122 96 97 96 99 105 109 109 111 113 117 125 129 125 138 169 161 121 125 149 141 166 168 129 139 157 165 180 168 140 132 134 136 141 149 134 133 137 135 141 150 147 124 144 151 145
187 187 187 186 185 183 181 180 187 190 191 186 179 180 188 197 194 192 193 197 197 192 190 191 184 180 179 185 193 195 191 185 197 194 192 194 193 190 190 193 189 187 188 190 188 183 183 187 184 182 179 179 181 183 184 185 185 191 193 189 185 185 186 185 188 188 189 191 192 189 184 179 186 192 187 183 188 187 186 195 195 194 196 198 196 190 190 193 194 186 188 190 187 192 197 191 182 188 191 189 189 194 200 201 202 201 198 196 195 196 197 198 199 200 201 199 195 192 191 191 197 194 192 195 200 205 206 205 201 202 201 201 204 206 202 194 198 192 190 197 204 204 202 201 202 202 199 197 202 208 208 203 195 194 193 195 199 202 203 201 194 195 198 202 206 205 202 199 197 199 201 197 192 192 197 203 195 191 193 203 211 208 202 197 200 201 200 206 211 200 193 202 205 198 198 206 211 205 201 203 211 205 209 211 204 207 211 205 212 210 207 202 203 206 205 201 204 201 199 200 199 194 194 197 203 200 202 208 211 209 207 208 204 206 208 208 206 205 206 206 208 208 209 211 207 199 195 196 208 213 213 207 202 203 205 204 191 197 206 210 204 195 195 200 200 200 202 206 205 201 201 205 206 206 206 206 207 208 209 210 202 203 204 204 203 201 200 198 195 197 200 201 200 196 192 189 194 203 200 194 198 199 196 199 199 199 199 197 195 196 199 201 208 205 203 202 198 193 194 198 196 203 207 204 200 200 200 198 202 201 197 194 196 201 200 195 198 208 208 205 207 200 195 201 207 200 203 205 200 203 209 205 202 194 198 198 180 167 169 171 187 205 202 197 208 206 197 205 199 203 206 209 213 215 209 200 212 215 212 208 211 219 218 209 192 191 186 193 209 208 201 203 206 198 204 214 210 206 202 193 205 214 220 218 214 213 211 208 202 206 209 218 224 212 201 208 214 206 198 196 201 207 209 209 202 195 194 196 189 181 190 208 226 217 205 201 207 215 213 205 202 194 189 190 194 198 204 211 209 181 170 164 162 147 110 98 103 100 100 104 106 106 108 111 121 126 126 120 135 168 163 125 124 151 145 170 168 127 139 161 166 182 175 151 142 138 136 138 145 129 128 131 130 137 148 147 129 149 154 148
