231 230 229 229 231 231 230 229 230 230 230 230 230 230 230 230 230 229 229 231 233 235 235 234 230 230 231 232 233 234 234 235 228 229 231 232 233 232 231 230 229 230 232 234 235 235 234 234 232 232 232 232 232 232 232 232 230 230 231 232 232 233 234 234 228 228 227 227 227 228 229 229 228 229 231 232 232 231 229 228 232 233 233 231 229 230 235 239 230 231 233 234 234 233 231 230 229 228 229 232 236 237 234 231 231 231 232 233 234 234 235 235 235 237 238 237 234 233 236 239 241 240 239 238 238 238 240 240 236 236 236 236 236 236 236 236 236 235 234 235 237 238 237 234 230 230 232 233 234 234 233 232 230 231 232 233 234 235 236 237 235 238 238 238 238 238 239 239 236 236 236 237 237 238 238 238 236 236 236 237 237 238 238 238 236 237 238 239 240 239 238 237 235 235 236 237 238 238 238 237 239 238 238 238 239 240 241 241 232 235 238 239 237 235 235 235 237 238 238 237 235 235 237 237 232 231 232 233 233 233 236 236 232 235 239 239 237 237 239 242 235 236 237 237 237 237 236 235 235 235 235 235 235 235 235 235 236 237 239 240 240 239 237 236 240 239 238 237 238 239 240 241 239 239 239 240 241 241 242 242 238 237 236 236 238 239 237 236 235 237 238 238 237 236 237 238 235 234 234 234 235 237 239 241 237 238 240 239 237 237 238 239 239 238 237 237 238 238 236 233 234 234 234 234 234 235 237 237 234 236 238 238 235 233 233 231 231 230 230 230 230 229 228 227 228 227 226 226 226 226 227 228 227 228 230 231 232 232 231 230 231 221 223 229 225 226 232 230 235 231 230 235 238 237 236 238 230 232 234 235 236 236 235 234 235 236 236 237 237 236 236 235 236 236 237 238 238 239 240 240 233 235 237 239 240 239 237 236 233 236 239 240 239 237 236 236 236 237 237 238 238 237 237 236 239 239 239 239 239 239 239 239 239 239 240 240 240 239 238 238 238 238 238 238 238 238 238 238 239 239 239 239 239 239 239 239 237 237 236 237 238 239 240 239 236 234 234 235 235 236 238 238 231 231 234 240 244 241 239 240 243 244 248 251 246 240 240 244 236 239 238 235 236 241 243 241 248 248 248 249
231 230 229 229 231 231 230 229 230 230 230 230 230 230 230 230 231 230 230 231 233 234 234 233 230 230 231 231 232 232 233 233 229 230 231 233 233 233 232 231 229 231 232 234 235 235 234 234 230 230 230 230 230 230 230 230 230 230 231 232 232 233 234 234 230 229 229 228 228 228 229 229 231 231 232 232 232 231 230 230 233 235 235 234 232 232 235 238 233 233 234 234 234 234 233 233 229 228 229 232 235 235 232 229 230 231 231 232 233 234 234 235 234 235 236 235 233 232 235 237 240 239 238 237 237 238 239 239 235 235 235 235 235 235 235 235 237 236 235 236 238 239 238 235 232 231 232 233 233 233 232 232 230 230 230 231 232 233 233 234 235 237 237 237 237 237 236 236 236 236 236 237 237 238 238 238 237 237 237 238 238 239 239 239 234 235 236 238 238 238 238 237 237 237 238 239 240 240 239 239 239 239 239 239 239 240 241 242 236 239 242 242 241 239 238 238 237 238 238 237 236 236 237 237 234 233 234 234 234 235 238 238 235 237 241 240 237 236 238 240 237 237 237 236 236 237 237 237 236 236 236 236 236 236 236 236 237 238 238 239 239 238 238 237 236 236 236 237 238 241 243 244 239 239 239 239 239 240 240 240 240 238 236 236 238 239 238 237 234 236 237 237 236 235 236 237 235 235 235 235 236 237 238 239 236 238 239 238 237 236 237 239 238 237 236 237 238 238 236 235 236 236 235 235 236 237 238 238 233 235 237 237 235 234 234 234 232 230 230 229 229 228 228 228 228 228 227 227 227 227 228 228 227 228 230 231 231 231 230 230 234 224 226 231 226 225 230 229 229 226 227 231 232 230 230 233 234 234 235 235 235 234 233 233 234 234 235 236 236 235 234 234 237 237 237 237 237 237 236 236 233 234 236 237 237 237 236 235 234 237 239 240 238 236 235 235 237 237 238 238 238 238 237 237 238 239 239 240 240 239 239 238 237 237 237 237 237 237 237 237 238 238 238 238 238 238 238 238 239 239 239 239 239 239 239 239 238 238 238 238 239 240 241 240 237 235 236 236 236 237 239 239 240 242 239 235 237 240 238 232 240 247 251 246 243 243 244 242 236 239 238 236 237 243 245 244 246 246 245 245
231 230 229 229 231 231 230 229 230 230 230 230 230 230 230 230 233 232 231 231 233 233 232 231 230 230 230 230 231 231 231 231 231 231 232 233 234 233 233 233 230 231 232 234 234 234 234 234 231 231 231 231 231 231 231 231 230 230 231 232 232 233 234 234 232 231 231 230 229 229 228 228 234 234 233 232 231 231 231 231 234 236 236 236 234 233 234 235 236 236 235 235 235 235 236 236 229 229 229 231 233 232 230 228 229 230 230 231 232 233 233 234 233 234 235 234 232 232 234 236 237 237 236 236 236 236 237 238 234 234 234 234 234 234 234 234 238 237 236 237 239 240 239 235 234 234 233 232 232 232 233 233 232 232 232 232 232 232 232 232 235 237 237 236 235 235 234 234 236 236 236 237 237 238 238 238 238 238 238 239 239 239 240 240 232 233 235 236 237 238 238 237 239 239 240 241 241 241 241 240 239 239 239 238 239 239 240 241 237 240 242 242 241 239 239 239 238 239 239 238 236 236 238 238 237 235 235 235 235 237 240 241 238 239 241 240 238 236 237 238 238 237 236 235 235 236 237 238 237 237 237 237 237 237 237 237 239 238 238 237 237 238 238 239 236 236 236 237 238 240 242 243 239 239 238 238 238 238 238 237 241 238 236 235 237 238 239 238 234 236 237 236 234 234 235 236 235 236 236 237 237 236 236 235 235 236 238 237 235 235 236 237 237 236 235 236 238 238 237 236 237 237 236 236 237 237 238 239 232 234 236 237 235 234 235 236 234 233 231 230 229 230 231 231 232 231 231 230 230 231 231 232 230 231 231 232 233 232 232 232 235 226 229 233 225 223 226 223 227 226 228 232 232 229 230 234 237 236 235 234 233 232 232 233 233 233 234 235 235 234 233 233 238 238 237 236 235 235 234 234 234 234 234 235 235 235 236 236 235 238 240 239 237 235 234 234 238 238 238 238 238 238 238 238 237 238 239 240 240 239 238 237 237 236 235 235 236 237 239 240 238 238 238 238 238 238 238 238 239 239 239 239 239 239 239 239 239 239 239 239 240 241 242 241 238 237 237 237 237 238 240 240 238 243 243 237 238 244 243 234 238 245 245 238 237 243 243 236 240 242 241 238 238 243 245 243 248 247 247 246
231 230 229 229 231 231 230 229 230 230 230 230 230 230 230 230 234 233 231 231 233 233 231 230 230 230 230 230 230 230 229 229 232 232 233 233 234 234 234 234 231 232 232 233 234 234 234 234 234 234 234 234 234 234 234 234 231 231 231 232 232 233 233 233 233 233 233 232 231 230 228 228 235 234 232 230 230 230 231 232 234 235 236 235 234 233 232 232 238 237 235 234 234 235 237 238 232 232 232 232 232 231 230 228 229 229 230 230 231 232 233 233 235 235 234 234 233 233 235 236 235 235 235 235 235 236 236 236 235 235 235 235 235 235 235 235 238 236 235 236 238 238 237 234 238 235 233 232 231 231 232 233 234 234 234 233 233 232 232 232 239 239 238 237 236 235 234 234 236 236 236 237 237 238 238 238 238 238 238 238 238 238 238 238 233 234 235 236 237 238 239 239 239 239 240 241 241 241 240 240 238 238 237 237 237 238 238 239 234 237 239 239 237 236 236 237 238 239 239 238 237 237 238 238 238 236 235 235 235 237 241 242 236 237 239 238 237 236 236 237 237 236 234 232 232 234 236 237 237 237 237 237 237 237 237 237 240 239 237 236 236 237 239 240 239 239 238 238 238 238 238 238 239 238 238 237 237 236 236 235 240 237 234 234 235 237 238 237 236 237 238 237 235 234 235 237 236 236 237 238 237 236 234 233 234 235 236 236 234 234 235 236 236 235 234 235 237 238 238 237 237 237 236 236 236 237 237 238 232 234 236 236 235 235 236 237 235 233 231 229 228 229 231 232 233 232 232 231 231 232 232 233 231 231 231 231 232 232 231 231 231 223 226 229 220 216 219 216 224 224 228 233 233 230 232 237 237 236 234 233 232 233 234 235 233 234 235 235 235 235 234 233 238 237 237 237 236 236 235 235 235 235 234 234 235 236 237 237 237 238 240 239 236 234 233 234 237 237 236 236 236 236 237 237 236 237 239 240 240 239 237 236 239 238 237 236 237 240 242 244 238 238 238 238 238 238 238 238 239 239 239 239 239 239 239 239 238 238 238 238 239 241 242 243 238 236 237 237 237 237 239 239 232 236 241 243 241 239 239 238 236 232 227 228 234 239 238 235 245 246 245 240 239 243 243 241 245 245 246 247
231 230 229 229 231 231 230 229 230 230 230 230 230 230 230 230 235 233 232 232 232 232 231 229 230 230 230 230 230 230 229 229 232 232 232 233 233 234 234 235 233 233 232 233 233 233 234 234 234 234 234 234 234 234 234 234 231 231 232 232 232 232 233 233 233 233 233 233 232 230 229 228 233 232 230 229 228 229 230 231 233 233 233 233 233 232 230 229 236 235 234 233 233 234 235 236 234 234 235 234 233 232 231 231 229 229 230 230 231 232 233 233 237 236 235 235 235 236 236 236 233 233 234 234 235 235 235 235 237 237 237 237 237 237 237 237 237 235 234 234 236 236 235 232 238 235 233 232 231 231 232 233 233 233 232 231 231 230 230 229 240 240 239 238 237 236 235 235 236 236 236 237 237 238 238 238 236 236 236 236 236 236 236 236 236 236 236 237 238 239 240 240 238 238 239 239 239 238 238 237 237 237 236 235 235 235 236 236 233 235 237 236 235 234 234 236 238 239 239 238 236 236 238 238 236 234 234 234 234 235 239 240 233 233 235 236 237 237 237 237 236 234 232 230 230 232 234 236 235 235 235 235 235 235 235 235 240 239 237 236 236 237 239 240 239 239 239 238 238 237 237 236 238 238 238 237 236 236 235 235 238 235 233 233 235 236 236 235 239 240 240 238 236 235 237 239 236 237 238 238 237 236 234 232 233 235 236 235 234 233 234 236 236 235 233 234 236 238 238 237 236 236 235 235 234 235 235 236 233 234 235 235 234 234 236 238 235 233 231 229 228 229 231 232 233 233 232 232 232 232 233 233 231 231 231 231 230 230 231 231 228 220 223 225 214 210 213 212 213 214 219 227 230 229 231 236 235 234 233 232 233 234 236 237 235 235 236 237 237 236 235 235 236 237 237 237 238 238 239 239 237 236 236 236 236 237 238 239 237 238 239 238 235 233 233 234 236 236 235 234 234 235 236 236 236 237 238 239 239 238 237 236 239 238 237 236 237 240 242 244 238 238 238 238 238 238 238 238 239 239 239 239 239 239 239 239 237 237 237 237 238 239 240 241 238 238 237 237 237 237 237 237 238 234 237 243 238 228 230 242 223 211 210 226 240 241 241 245 244 246 244 240 240 244 246 244 239 239 240 241
231 230 229 229 231 231 230 229 230 230 230 230 230 230 230 230 235 233 231 232 232 233 231 229 230 230 230 230 231 231 231 231 232 232 232 231 232 233 234 234 234 233 233 232 232 233 234 234 231 231 231 231 231 231 231 231 232 232 232 232 232 232 232 232 231 232 233 233 232 231 229 228 230 230 229 229 229 230 230 231 233 232 230 230 232 232 231 230 234 234 233 233 233 233 234 234 234 235 236 235 233 232 232 234 229 230 230 231 232 233 233 234 238 236 235 235 236 237 237 236 232 232 234 235 236 236 236 235 238 238 238 238 238 238 238 238 236 235 233 234 235 235 234 232 236 234 233 232 232 232 233 233 230 230 229 229 228 228 227 229 240 240 239 239 238 237 237 237 236 236 236 237 237 238 238 238 236 236 236 235 235 235 234 234 238 238 237 237 237 238 239 240 237 237 237 238 237 237 236 235 237 237 236 235 235 235 235 236 235 237 238 237 235 235 236 238 237 237 238 237 235 235 237 237 233 232 234 234 235 235 237 237 233 232 234 235 238 239 238 237 234 233 232 231 231 232 233 234 235 235 235 235 235 235 235 235 239 238 238 237 237 238 238 239 234 235 237 238 239 239 239 239 238 237 237 237 237 237 236 236 236 235 234 235 236 237 236 234 241 241 241 238 236 236 238 240 237 237 237 237 236 235 234 234 234 235 236 236 234 234 235 236 238 235 233 233 235 236 237 237 236 236 235 234 234 234 234 235 234 235 236 235 233 234 236 238 234 233 231 230 229 230 231 231 233 232 232 231 231 232 232 233 232 231 231 230 229 230 230 230 228 219 221 220 206 201 206 206 203 202 208 220 230 233 235 237 233 232 232 233 234 235 236 237 235 236 237 237 237 237 236 235 236 236 237 238 239 239 240 240 236 236 237 237 238 238 238 238 236 237 238 236 234 233 234 235 237 236 235 234 234 235 236 237 238 237 237 237 237 237 237 238 237 236 235 235 236 237 239 240 238 238 238 238 238 238 238 238 239 239 239 239 239 239 239 239 237 236 236 237 237 239 240 241 238 237 237 237 237 236 236 236 243 236 234 239 240 237 241 250 194 195 209 232 247 248 250 255 239 242 242 240 241 247 249 248 241 241 240 239
231 230 229 229 231 231 230 229 230 230 230 230 230 230 230 230 234 232 231 231 233 233 232 230 230 230 231 231 232 232 233 233 232 231 230 230 230 232 233 234 235 234 233 232 232 232 233 234 230 230 230 230 230 230 230 230 232 232 232 232 232 232 232 232 229 230 232 233 232 231 229 228 228 229 230 231 232 232 232 232 234 232 229 229 232 234 233 232 233 233 234 234 234 234 233 233 232 234 235 234 231 231 232 235 230 231 231 232 233 234 234 235 238 235 233 233 236 237 236 234 231 232 234 236 237 237 236 236 237 237 237 237 237 237 237 237 237 236 234 234 235 236 234 232 234 234 235 236 236 236 235 235 233 233 233 232 232 232 232 232 238 238 237 237 237 237 237 237 236 236 236 237 237 238 238 238 237 237 237 236 236 235 235 235 239 239 237 236 236 236 237 238 237 237 237 237 237 236 235 234 239 239 238 237 236 236 237 237 236 237 238 237 236 235 237 239 235 236 237 236 234 234 236 236 231 232 235 236 237 236 236 235 238 235 236 237 239 241 239 237 234 234 234 234 234 234 234 234 236 236 236 236 236 236 236 236 237 238 238 239 239 238 238 237 234 235 237 238 239 239 238 238 237 237 237 237 238 238 238 238 236 236 237 238 240 239 237 234 241 241 240 237 235 235 237 239 237 237 236 235 235 235 236 236 234 236 237 236 235 234 235 237 239 236 233 232 234 235 236 235 238 237 236 235 235 235 235 235 236 236 236 235 233 233 235 237 234 234 234 233 233 232 232 232 234 234 233 233 233 233 234 234 235 234 232 231 231 231 232 232 229 219 218 214 197 191 196 197 189 187 193 210 226 233 234 235 231 231 232 233 233 233 232 232 234 235 236 236 236 236 235 234 237 237 237 237 237 237 238 238 234 235 236 238 238 237 237 236 235 236 237 235 234 233 235 236 239 238 236 235 235 236 238 239 239 238 236 235 235 236 238 239 237 237 237 237 237 237 237 237 238 238 238 238 238 238 238 238 239 239 239 239 239 239 239 239 237 237 237 238 238 240 241 242 241 241 240 240 238 237 237 237 236 239 234 233 241 248 236 217 158 193 227 241 245 250 252 248 241 244 243 240 241 245 247 246 244 244 244 243
231 230 229 229 231 231 230 229 230 230 230 230 230 230 230 230 233 232 231 231 233 233 232 231 230 230 231 232 233 234 234 235 231 231 230 229 229 231 232 233 235 234 233 231 231 232 233 234 232 232 232 232 232 232 232 232 232 232 232 232 232 232 232 232 227 228 231 232 232 231 229 228 227 229 231 233 234 234 234 233 236 232 229 229 232 235 236 235 232 233 235 236 236 235 233 232 231 233 234 233 230 229 232 235 231 231 232 233 234 234 235 235 237 234 231 232 235 236 235 233 231 232 234 236 237 237 236 236 236 236 236 236 236 236 236 236 239 237 235 235 237 237 235 233 232 233 235 236 237 237 236 235 236 236 236 236 236 236 236 236 235 235 236 236 236 236 236 237 236 236 236 237 237 238 238 238 238 238 238 237 237 236 236 236 240 238 236 235 234 234 235 236 237 238 238 238 237 236 235 235 241 241 240 239 238 238 238 239 235 236 237 236 234 234 236 238 234 235 236 235 233 233 235 235 231 232 236 238 238 237 236 235 242 239 239 239 241 242 239 236 235 236 236 237 237 236 236 235 237 237 237 237 237 237 237 237 236 237 239 240 240 239 237 236 238 238 239 239 238 236 234 233 236 237 237 238 238 239 239 240 237 238 239 242 243 242 238 235 241 240 239 236 233 233 236 238 238 237 235 234 234 235 237 238 235 236 237 237 235 235 236 237 240 237 233 232 233 234 235 235 239 239 238 236 236 236 236 236 237 237 237 235 232 232 234 236 233 234 234 234 234 233 232 231 234 233 233 232 232 233 233 234 235 234 232 231 230 230 231 232 227 216 213 206 187 179 185 186 176 173 179 199 219 228 229 228 232 233 234 234 233 232 230 228 233 234 234 235 235 234 234 233 238 238 237 236 236 235 234 234 231 233 235 237 238 237 235 233 234 235 236 235 234 234 235 237 242 240 238 237 237 238 240 242 240 238 236 234 234 236 238 240 239 239 240 240 240 239 238 238 238 238 238 238 238 238 238 238 239 239 239 239 239 239 239 239 239 239 239 239 240 241 242 243 242 242 242 241 241 238 238 238 229 243 239 228 237 244 207 153 132 197 246 246 238 247 247 233 247 249 246 241 239 241 242 239 241 241 242 243
228 228 228 229 229 230 230 230 228 229 230 230 232 232 233 234 230 230 230 230 230 232 233 233 232 232 232 232 232 232 232 232 228 229 231 232 233 232 232 231 231 230 230 229 229 230 230 231 229 230 232 233 234 235 235 236 232 231 231 230 230 231 231 232 225 226 228 230 231 231 231 230 232 232 232 233 233 234 234 235 233 233 233 233 233 233 233 233 234 233 233 232 233 234 236 237 230 231 231 232 232 231 231 230 228 231 234 236 235 234 233 233 235 235 235 235 235 235 235 235 236 235 235 234 234 235 235 236 233 234 236 237 238 238 237 236 233 237 240 238 234 232 235 239 235 233 232 234 237 237 234 231 230 231 233 234 235 235 234 233 229 232 235 237 236 236 237 238 233 234 236 239 240 239 235 231 241 240 238 239 240 240 239 237 237 236 236 235 235 236 236 237 235 236 238 239 239 238 236 235 238 240 243 244 242 240 241 242 234 236 238 239 239 238 236 234 236 235 234 237 241 241 238 233 234 233 234 234 234 234 236 236 234 232 235 239 240 237 237 239 238 237 236 235 236 237 239 240 233 238 239 235 234 236 237 236 235 235 234 234 235 236 238 240 237 236 235 237 240 242 243 242 237 238 239 239 237 237 238 239 235 234 233 235 239 242 243 243 237 239 241 240 236 234 234 236 235 235 235 236 236 237 237 237 234 234 234 235 235 236 236 236 232 233 233 234 236 237 237 238 234 235 237 238 238 237 236 235 237 236 235 234 234 234 234 235 231 231 232 233 235 236 237 237 232 232 233 233 233 233 234 234 234 235 232 229 229 232 230 225 229 216 199 199 194 157 145 176 168 159 151 163 196 229 241 237 231 223 221 229 237 237 235 235 236 233 231 234 239 242 239 235 236 234 234 236 238 240 240 238 235 235 235 236 237 239 240 241 234 237 240 242 243 241 239 237 237 236 235 234 235 236 238 239 237 237 237 237 237 237 237 237 237 238 239 240 240 240 240 239 237 238 240 240 239 239 240 242 238 237 236 235 236 238 241 243 238 240 241 242 243 242 241 241 244 240 240 243 245 240 232 230 232 231 251 240 221 211 149 73 175 240 254 233 243 250 242 245 247 242 240 243 244 242 242 244 241 244 246 247
228 228 228 229 229 230 230 230 229 230 230 231 231 232 232 233 230 230 230 230 230 231 232 233 232 232 232 232 232 232 232 232 230 231 232 233 234 233 233 232 232 231 231 230 230 231 231 232 233 232 231 231 231 233 235 237 233 232 232 232 232 232 232 233 227 228 230 231 232 232 231 231 231 231 232 232 233 233 233 234 234 234 234 234 234 234 234 234 235 235 234 233 234 235 236 237 231 232 233 233 233 233 232 231 229 232 235 236 235 233 232 233 235 235 235 235 235 235 235 235 237 236 236 235 235 236 236 237 234 235 236 237 237 237 236 235 233 236 238 237 235 234 236 239 235 234 233 235 237 237 235 232 230 231 232 233 234 233 233 232 232 234 237 238 237 236 237 238 237 236 236 237 239 239 237 235 241 239 238 238 239 239 238 236 237 237 237 237 237 237 237 237 239 239 240 240 240 240 239 239 237 236 236 240 244 245 244 241 237 238 240 241 241 240 238 237 236 236 236 238 240 240 238 235 235 234 235 235 235 235 237 237 237 235 237 241 240 237 236 238 236 235 234 234 234 236 237 238 234 238 240 236 234 237 238 236 236 236 236 237 239 241 244 245 245 243 240 239 240 240 239 238 237 238 239 239 237 237 238 239 243 241 238 238 239 239 238 237 238 240 241 239 236 234 235 237 235 235 235 236 236 237 237 237 235 235 236 236 236 237 237 237 236 236 236 236 236 237 237 237 235 235 236 236 236 236 235 235 238 237 237 236 235 235 236 236 232 232 233 234 234 235 236 236 236 235 235 234 234 233 233 233 229 232 234 232 233 236 234 230 221 214 198 189 173 134 120 144 154 147 137 142 174 214 231 228 236 234 237 243 243 234 226 224 235 234 233 235 238 239 237 235 236 235 235 236 238 239 239 238 237 236 236 236 237 238 240 240 235 236 239 240 241 240 239 238 238 237 236 235 236 237 239 240 238 238 238 238 238 238 238 238 237 238 239 240 240 240 240 239 237 239 240 240 239 239 240 242 239 238 237 237 238 240 242 244 237 238 240 241 241 241 240 239 238 236 238 244 244 240 235 236 229 248 218 236 230 167 65 81 220 255 254 230 239 246 237 240 251 245 242 244 244 241 241 242 242 244 247 248
228 228 229 229 229 229 230 230 231 231 231 231 231 231 231 231 231 230 230 230 230 231 232 232 232 232 232 232 232 232 232 232 231 232 233 234 234 234 233 233 233 232 231 231 231 231 232 233 236 234 231 229 229 231 234 236 233 233 233 233 233 233 233 233 230 231 231 232 232 232 231 231 230 230 231 231 231 232 232 232 235 235 235 235 235 235 235 235 236 236 235 234 234 234 235 235 232 233 234 234 234 234 233 232 231 233 235 236 234 232 231 232 235 235 235 235 235 235 235 235 237 237 236 236 236 236 237 237 236 236 237 237 237 236 235 234 234 235 235 236 236 237 237 238 237 236 236 237 238 238 237 235 234 234 235 236 237 236 236 235 235 237 239 239 237 236 237 238 240 238 236 236 238 239 238 237 239 238 236 237 238 238 237 235 237 238 239 240 240 239 238 237 242 241 241 240 240 241 241 242 239 235 232 236 244 247 243 238 237 238 239 240 240 239 238 237 235 236 238 239 238 237 237 236 236 235 236 236 236 236 238 238 240 237 239 242 241 237 236 238 236 235 234 234 234 236 237 238 234 239 240 236 234 237 238 236 238 238 238 238 240 241 243 244 245 243 240 238 238 238 236 235 237 238 239 239 237 237 238 239 246 244 241 240 240 238 236 234 239 240 240 238 236 235 236 238 235 235 236 236 236 236 237 237 236 236 237 237 237 238 238 238 238 238 238 237 237 237 236 236 235 235 234 234 234 234 235 235 239 238 237 237 236 236 237 237 236 236 236 236 236 236 236 236 240 240 239 237 236 235 234 234 229 234 237 236 235 236 235 232 224 215 196 181 162 127 105 110 135 134 127 126 154 198 223 224 223 223 225 229 230 229 232 239 233 235 237 237 236 235 235 236 238 236 235 236 238 239 238 236 238 238 237 236 237 237 238 238 236 236 237 237 237 238 238 238 238 238 237 236 236 238 239 240 239 239 239 239 239 239 239 239 237 238 239 240 240 240 240 239 238 239 241 240 239 239 240 242 240 239 238 238 239 241 243 244 236 237 238 239 239 239 239 239 239 241 243 247 247 241 238 241 237 251 220 236 204 91 41 135 244 255 245 230 244 250 241 243 250 244 240 242 243 241 241 243 243 245 247 247
229 229 229 229 229 229 229 229 232 231 231 231 231 231 231 230 231 230 230 229 229 230 231 231 231 231 231 231 231 231 231 231 231 232 232 232 232 232 232 232 232 231 231 230 230 231 231 232 235 234 232 231 230 231 232 233 231 232 232 232 232 232 232 231 231 231 231 231 231 231 230 230 230 230 230 230 230 230 230 230 235 235 235 235 235 235 235 235 235 235 234 234 233 232 232 232 232 232 233 234 234 233 232 232 232 234 236 235 233 231 231 231 235 235 235 235 235 235 235 235 236 235 235 234 234 235 235 236 237 237 237 237 236 235 235 234 235 234 234 235 237 238 238 237 236 235 235 236 236 236 235 235 237 237 238 238 238 238 238 238 236 238 239 238 236 235 235 236 241 239 238 239 240 240 239 237 238 237 235 235 237 237 235 234 235 237 239 240 240 239 237 235 241 240 239 238 238 239 240 241 241 238 235 237 240 241 238 234 235 236 237 237 237 237 236 235 233 236 238 238 235 233 235 236 236 235 235 235 235 234 236 236 239 236 238 241 241 237 236 238 237 236 235 235 235 237 238 239 233 237 238 235 233 236 237 235 239 239 238 237 236 235 235 235 237 235 234 234 236 237 237 236 237 238 239 239 237 237 238 239 241 239 238 239 240 240 238 236 239 238 237 236 235 235 236 237 236 236 236 236 236 236 236 236 236 236 236 236 237 237 238 238 237 237 237 237 237 237 237 237 236 235 234 232 232 233 234 235 239 238 237 236 236 236 236 236 237 237 237 236 236 235 235 235 238 238 237 236 235 235 234 234 233 237 239 234 230 230 229 227 226 209 185 165 145 116 89 76 94 104 104 99 121 169 207 219 233 232 232 232 231 230 231 233 232 236 240 238 234 232 234 237 239 237 236 236 238 238 237 235 238 237 236 235 235 235 235 235 237 236 235 235 235 236 237 238 237 237 236 235 235 237 238 240 239 239 239 239 239 239 239 239 237 238 239 240 240 240 240 239 237 239 240 239 238 237 239 240 239 239 238 238 239 240 241 242 237 238 238 239 239 239 239 241 243 244 247 248 244 238 236 238 236 235 250 208 124 44 130 217 242 246 236 236 252 253 242 242 245 239 235 237 239 239 241 244 243 244 246 246
229 229 229 229 229 229 229 229 232 231 231 231 231 231 231 230 231 230 230 229 229 229 230 230 231 231 231 231 231 231 231 231 231 230 230 230 230 230 230 230 230 229 229 228 228 229 229 230 232 233 234 234 233 231 229 228 229 230 231 231 231 231 230 229 230 230 229 229 229 229 229 229 230 230 230 230 230 229 229 229 233 233 233 233 233 233 233 233 233 233 233 233 232 231 231 230 230 231 232 232 232 232 231 230 233 234 235 235 232 231 231 232 235 235 235 235 235 235 235 235 234 233 233 232 232 233 233 234 238 237 237 236 235 235 235 235 236 235 234 235 237 238 237 236 234 234 234 234 234 234 234 235 237 237 237 236 236 236 237 237 236 237 238 236 234 233 234 235 239 239 240 242 243 241 237 234 238 236 235 235 236 236 235 233 234 235 237 239 239 237 235 234 238 237 236 235 235 236 237 238 239 239 239 238 237 236 237 237 235 235 236 236 236 236 235 235 232 235 237 235 232 231 233 234 234 233 234 233 233 232 234 234 235 232 235 239 240 237 237 239 236 235 234 233 234 235 237 238 231 236 237 233 232 234 235 234 237 237 237 236 235 234 233 232 234 233 232 233 236 238 239 238 237 238 239 239 237 237 238 239 236 235 235 237 239 240 238 236 237 236 235 234 235 235 235 235 236 236 236 236 236 236 236 236 234 234 235 235 236 236 236 236 233 233 234 235 236 237 237 238 237 236 234 232 232 232 233 234 237 237 236 235 234 234 235 235 238 238 237 236 236 235 234 234 234 234 234 234 234 234 234 234 238 240 238 231 228 228 228 226 223 205 180 148 109 77 57 44 40 54 56 47 62 114 170 199 212 217 225 230 232 230 224 218 231 236 240 238 233 230 233 237 239 237 236 236 238 238 237 235 237 236 235 234 233 233 233 233 238 237 235 234 234 235 236 237 236 235 234 233 234 235 237 238 237 237 237 237 237 237 237 237 237 238 239 240 240 240 240 239 236 238 239 238 236 236 237 238 238 238 238 238 238 239 239 240 239 239 239 239 239 240 240 243 241 241 243 245 239 232 231 233 231 227 234 143 50 85 219 248 244 244 239 242 250 246 237 237 241 234 229 230 232 233 236 240 243 244 245 244
230 230 229 229 229 229 228 228 231 231 231 231 231 231 231 231 231 230 230 229 228 229 229 229 230 230 230 230 230 230 230 230 231 230 229 228 228 228 229 229 229 229 228 227 227 228 229 229 229 231 234 235 235 232 229 227 227 228 230 231 231 230 228 227 229 229 228 228 228 229 229 230 231 231 230 230 230 229 229 229 233 233 233 233 233 233 233 233 232 232 233 233 233 232 231 231 230 230 231 232 232 231 230 230 233 234 235 234 232 231 232 234 235 235 235 235 235 235 235 235 232 232 231 231 231 231 232 232 238 237 236 235 235 235 236 236 236 236 236 236 236 236 236 236 234 235 235 234 233 233 234 236 236 235 234 234 233 233 234 234 236 237 237 235 233 232 234 235 238 239 240 243 244 241 236 232 238 237 235 235 237 237 235 234 234 235 236 237 237 236 235 234 236 235 235 234 234 235 235 236 235 237 239 238 236 237 240 243 238 238 237 237 237 237 238 238 234 235 235 234 232 232 233 233 234 233 233 233 232 231 233 232 233 231 234 239 240 237 237 240 234 233 232 231 232 233 235 236 232 236 237 234 232 234 236 234 234 235 236 237 238 238 237 237 240 238 236 236 238 239 239 238 237 238 239 239 237 237 238 239 236 236 236 237 239 238 235 233 236 235 235 236 237 237 235 233 237 237 236 236 236 236 235 235 234 234 234 235 235 235 236 236 232 232 233 234 235 237 238 238 237 236 235 234 233 233 233 233 237 236 235 234 234 234 234 235 237 237 237 236 236 235 235 235 232 232 233 233 233 234 234 234 238 238 235 230 230 231 229 224 216 196 173 132 75 39 34 32 15 22 21 11 20 64 123 162 202 210 217 219 220 224 225 225 228 235 238 237 233 231 234 237 238 236 235 236 238 239 238 236 236 235 234 233 233 233 233 233 238 237 236 235 234 235 236 237 235 234 233 232 233 234 236 237 237 237 237 237 237 237 237 237 237 238 239 240 240 240 240 239 237 238 239 238 236 235 236 238 237 238 238 238 238 238 238 238 239 239 239 239 239 240 241 244 243 242 243 245 241 237 235 237 244 235 171 83 32 179 238 236 246 243 240 241 241 241 242 243 239 231 225 225 226 227 231 236 244 245 245 243
230 230 230 229 229 228 228 228 229 230 230 231 231 232 232 233 231 230 229 229 228 228 228 229 230 230 230 230 230 230 230 230 232 231 230 229 228 229 229 230 230 229 229 228 228 229 229 230 230 231 232 233 233 232 230 229 228 229 231 232 232 231 229 228 229 229 228 228 229 230 232 233 232 232 231 231 230 230 230 229 234 234 234 234 234 234 234 234 232 233 234 235 236 235 234 234 231 231 232 233 233 232 231 231 232 233 234 233 232 232 233 235 235 235 235 235 235 235 235 235 233 232 232 231 231 232 232 233 237 236 235 235 235 236 237 238 236 238 240 238 234 232 234 236 236 237 238 236 234 234 236 239 238 237 236 234 234 234 235 236 236 237 237 235 234 233 236 238 240 239 239 240 241 239 236 233 239 237 236 236 237 237 236 234 237 237 237 237 237 237 237 237 236 236 237 237 237 237 236 236 239 238 236 237 238 240 241 241 238 237 237 237 237 237 237 238 239 237 234 234 234 235 235 233 235 234 234 233 232 232 233 233 236 234 236 240 240 237 236 239 236 235 234 233 234 235 237 238 234 238 239 236 234 236 237 236 233 234 236 238 239 239 238 238 242 240 238 237 238 239 238 237 237 238 239 239 237 237 238 239 237 236 237 238 240 239 236 233 236 235 236 239 241 241 237 233 237 237 237 236 236 235 235 235 235 235 235 236 236 236 237 237 234 235 235 235 236 237 237 237 237 237 237 237 236 234 233 233 238 237 236 235 235 235 235 236 237 238 238 238 238 238 238 237 236 236 236 236 236 236 235 235 238 237 233 231 232 232 223 213 187 148 118 90 48 27 30 28 15 16 14 9 9 28 63 92 184 204 221 222 217 217 221 225 228 233 236 236 234 233 235 237 236 235 235 236 238 239 239 238 237 236 235 235 234 235 235 236 238 238 237 236 236 236 236 236 235 235 234 233 233 235 236 238 238 238 238 238 238 238 238 238 237 238 239 240 240 240 240 239 239 241 241 240 238 237 238 239 238 239 239 239 239 239 238 238 239 238 237 237 237 238 240 243 248 245 242 245 243 239 235 234 219 174 95 46 39 221 228 226 241 238 238 239 237 242 246 242 231 223 218 220 224 228 234 240 247 247 247 245
230 230 230 229 229 228 228 228 228 229 230 230 232 232 233 234 231 231 229 228 228 228 228 228 230 230 230 230 230 230 230 230 234 233 231 230 229 230 230 231 231 230 230 229 229 230 230 231 231 231 231 230 230 231 231 232 229 230 232 233 233 232 230 229 230 229 229 229 230 232 234 235 233 232 232 231 231 230 230 230 235 235 235 235 235 235 235 235 233 234 236 237 238 238 237 236 232 233 233 234 234 233 233 232 231 232 233 233 232 232 234 237 235 235 235 235 235 235 235 235 234 233 233 232 232 233 233 234 236 235 234 234 235 236 238 239 236 239 242 239 233 230 233 236 238 239 240 238 235 235 238 242 242 241 239 238 237 238 239 239 237 238 238 236 235 235 238 240 242 240 238 237 238 238 236 235 239 238 236 237 238 238 236 235 239 238 238 237 237 238 238 239 237 238 240 241 241 240 238 237 247 241 235 235 240 242 239 235 236 235 235 234 234 235 235 236 242 238 235 234 237 238 237 235 236 236 235 234 234 233 234 234 240 237 239 242 241 237 236 236 240 237 238 235 238 237 241 240 236 238 241 235 236 236 239 238 235 236 237 238 237 236 235 234 239 237 235 235 237 238 238 237 237 238 239 239 237 237 238 239 235 235 237 239 242 241 239 236 237 237 238 242 245 244 238 233 237 237 237 236 236 235 235 235 236 236 236 237 237 238 238 238 238 238 237 237 237 237 236 236 237 236 238 236 237 233 233 230 239 236 237 234 236 234 236 237 236 236 238 236 238 236 238 236 240 237 239 236 236 233 235 232 236 232 231 227 231 225 212 194 141 76 39 30 23 22 26 13 19 15 16 17 10 4 9 20 72 123 181 212 218 217 218 219 228 232 234 237 237 237 238 239 238 236 234 236 238 238 238 236 238 237 237 236 236 237 238 238 238 238 238 238 237 236 236 236 237 236 235 234 235 236 238 239 239 239 239 239 239 239 239 239 237 238 239 240 240 240 240 239 241 243 243 242 240 239 240 241 240 240 241 241 241 240 239 239 237 237 236 235 236 237 238 240 249 243 237 238 236 229 224 221 154 63 37 18 34 205 233 242 241 240 241 241 236 240 236 222 220 215 212 217 224 234 243 251 249 247 249 245
230 231 231 232 232 231 231 230 230 230 231 232 233 234 234 235 233 233 233 232 232 231 231 231 230 230 230 230 230 230 230 230 231 230 230 230 230 230 230 229 231 233 234 233 230 229 232 235 233 232 231 230 231 232 234 235 231 230 232 237 237 232 229 230 230 231 231 232 232 233 233 233 233 233 235 236 236 235 233 233 234 234 234 234 234 234 234 234 228 229 232 234 235 236 235 235 233 234 234 235 235 236 236 237 233 235 236 238 238 237 236 236 232 231 232 234 236 237 236 235 238 236 235 234 234 236 238 240 236 237 238 239 239 239 239 239 233 234 236 238 239 239 239 238 234 235 235 236 237 237 238 238 234 234 234 235 235 236 236 236 235 234 233 232 233 236 238 240 236 237 239 240 239 238 235 234 237 237 237 238 238 239 239 239 241 242 242 241 241 240 238 238 234 236 238 239 240 240 240 239 237 237 237 237 237 237 237 237 229 234 239 241 239 237 237 238 234 234 235 236 237 238 238 239 236 236 237 238 239 240 240 241 236 236 236 237 237 238 238 238 235 237 240 237 234 234 241 245 235 230 233 239 242 236 235 237 233 237 240 239 237 237 239 242 244 241 239 241 244 246 244 241 239 238 238 238 239 241 243 245 244 240 236 234 234 234 234 234 230 233 236 237 236 235 236 236 235 235 235 235 235 235 235 235 237 235 236 240 241 238 238 240 235 239 243 242 239 236 236 237 232 230 233 231 233 232 234 232 235 231 232 230 234 234 236 235 235 235 237 234 236 233 235 233 235 233 236 234 236 233 234 232 231 227 229 222 216 213 201 171 68 20 16 30 20 14 23 11 17 15 15 16 16 16 16 16 7 5 62 182 217 187 203 216 216 221 230 237 240 241 243 244 237 236 234 234 235 234 232 231 235 237 237 238 239 240 242 242 244 243 242 241 240 239 239 239 235 235 235 235 235 235 235 235 236 236 238 239 239 239 239 239 237 239 239 239 239 241 245 248 240 240 241 240 240 242 245 248 246 241 238 239 243 245 239 235 231 235 237 240 240 241 241 244 243 233 237 247 238 210 167 127 38 26 28 0 106 247 209 250 243 246 244 239 238 236 231 228 203 207 211 220 236 252 255 253 243 243 246 246
230 231 231 232 232 231 231 230 230 231 231 232 233 234 235 235 233 233 232 232 232 231 231 231 229 229 229 229 229 229 229 229 230 230 230 230 230 230 230 230 231 233 234 232 230 229 232 234 230 230 229 228 229 230 231 232 229 228 230 235 235 231 228 230 231 231 231 231 232 232 233 234 232 233 234 235 235 234 233 232 233 233 233 233 233 233 233 233 230 231 232 233 234 234 234 234 234 234 235 235 235 235 236 236 234 234 235 236 236 236 236 236 233 233 233 234 237 237 236 234 235 234 232 232 232 234 236 238 231 232 233 234 234 234 234 233 233 234 236 238 239 238 238 237 236 236 236 235 235 235 235 235 234 234 234 235 235 235 236 236 234 233 232 231 232 234 236 237 235 236 238 239 238 237 235 233 237 237 237 238 238 239 239 239 236 237 237 238 238 238 237 237 232 233 234 236 237 237 237 236 239 239 238 238 237 237 237 237 233 236 240 241 238 235 234 234 233 233 234 234 235 236 236 236 235 235 236 237 238 239 239 240 234 234 235 235 236 236 236 236 232 234 235 233 230 231 236 241 235 231 231 236 237 232 228 230 229 234 237 237 235 234 235 237 239 238 237 238 240 241 240 239 237 237 236 236 237 238 240 241 242 239 236 235 235 236 235 234 234 236 238 238 236 234 233 233 236 236 236 236 236 236 236 236 238 236 237 241 241 238 238 240 235 237 240 240 239 236 235 235 233 231 231 232 232 232 233 233 232 230 229 230 232 233 233 234 235 235 234 234 234 233 233 233 235 235 235 235 234 233 232 231 226 230 231 224 219 214 172 110 46 14 16 28 14 14 26 19 20 20 20 20 20 20 20 20 0 7 13 105 204 205 194 206 218 222 230 236 237 238 239 240 240 238 237 235 235 233 228 228 235 237 237 237 238 240 241 242 243 242 241 239 238 238 238 238 236 236 236 236 236 236 236 236 236 237 238 238 239 239 239 238 238 239 240 240 239 241 244 246 240 241 242 242 241 241 243 246 246 243 239 240 242 243 238 236 233 231 228 231 236 238 231 228 240 233 237 234 196 138 85 48 17 21 19 20 140 246 231 242 238 242 245 245 240 234 221 212 198 205 214 225 238 250 255 250 243 242 243 244
230 231 231 232 232 231 231 230 231 231 232 232 233 234 234 235 233 232 232 232 231 231 231 231 229 229 229 229 229 229 229 229 228 229 229 230 230 231 231 232 231 232 233 232 230 230 232 234 230 229 229 229 229 230 231 232 227 226 228 233 234 230 229 230 233 232 231 230 231 232 233 234 232 233 234 234 234 234 233 232 232 232 232 232 232 232 232 232 234 233 233 232 232 233 233 234 236 236 235 235 235 235 234 234 234 234 233 233 234 234 235 236 235 234 233 235 236 237 235 233 236 236 235 235 236 238 240 241 232 232 233 234 235 235 234 234 232 233 235 237 238 237 236 236 236 236 235 235 234 233 232 232 234 234 234 234 235 235 235 236 235 234 233 232 232 233 235 236 234 235 236 237 237 235 234 232 237 237 237 237 238 238 238 238 234 235 235 236 237 238 238 238 231 232 233 235 235 235 235 235 239 239 238 238 237 236 236 236 238 240 242 242 239 235 233 232 235 235 235 235 235 235 235 235 234 235 235 236 236 237 238 238 235 235 235 236 236 236 237 237 231 233 235 233 231 231 235 239 235 232 232 235 236 232 229 229 231 236 239 240 239 237 237 237 236 237 238 238 237 237 238 240 238 238 237 237 237 237 238 239 239 238 236 236 237 237 236 234 233 235 238 238 236 234 234 235 237 237 237 237 237 237 237 237 238 236 237 240 241 238 237 240 236 236 236 237 238 237 234 232 233 233 233 234 234 234 235 235 233 231 230 230 232 234 233 233 235 234 234 234 233 233 233 233 236 236 236 236 235 233 232 231 227 220 222 223 209 177 116 54 24 10 18 23 9 12 26 21 19 19 19 19 19 19 19 19 18 19 0 46 150 194 198 203 214 219 227 233 237 236 237 237 241 239 238 235 234 232 230 227 235 237 237 237 238 239 240 241 241 240 239 238 237 237 237 237 237 237 237 237 237 237 237 237 236 237 237 238 239 238 238 238 239 240 241 240 239 240 242 244 240 241 243 243 242 241 241 242 243 243 241 240 240 240 237 237 235 235 234 237 239 238 230 226 237 236 236 198 115 44 27 36 8 24 17 65 167 232 246 230 240 242 245 245 239 228 212 204 196 207 222 232 241 249 253 248 247 245 246 246
230 231 231 232 232 231 231 230 230 230 231 231 232 232 233 233 232 232 232 231 231 231 230 230 228 228 228 228 228 228 228 228 227 228 229 229 231 231 232 233 232 232 231 231 230 230 231 232 231 231 231 232 232 233 233 233 227 226 228 233 234 231 230 232 234 233 231 230 230 231 233 234 232 232 233 233 233 233 232 232 232 232 232 232 232 232 232 232 237 235 233 232 231 231 232 233 237 236 236 235 235 234 234 233 234 233 232 231 232 233 235 236 234 233 233 234 235 235 233 231 236 236 236 236 237 239 241 242 233 234 235 236 236 236 235 235 232 233 235 236 237 236 235 235 234 234 234 233 233 232 232 232 233 233 234 234 234 235 235 235 236 236 235 234 233 234 235 235 234 234 235 235 235 234 233 232 237 237 237 237 237 237 237 238 237 237 237 237 238 238 239 240 234 234 235 235 236 236 236 236 235 235 236 236 236 236 236 236 241 242 243 242 240 238 235 234 237 237 237 237 236 236 236 236 234 234 234 235 235 236 236 236 238 238 238 238 239 239 239 239 235 234 237 234 234 233 238 238 235 231 234 234 239 236 237 236 235 237 240 242 242 240 238 236 235 238 241 240 237 236 239 242 241 241 240 239 239 238 238 238 236 235 235 236 237 237 235 233 229 232 236 237 237 237 238 239 236 236 236 236 236 236 236 236 237 235 235 239 239 236 235 238 236 234 233 234 237 237 233 230 231 232 232 232 233 233 233 234 233 231 229 229 231 232 232 231 234 234 234 233 233 233 232 232 234 234 234 234 234 233 232 231 243 219 220 214 163 86 37 16 19 14 23 20 10 14 25 17 20 18 20 18 20 17 19 17 35 14 7 17 49 108 170 180 199 205 216 225 232 236 237 239 240 238 237 236 236 234 232 230 235 237 236 236 237 238 239 240 241 240 239 238 237 237 238 238 237 237 237 237 237 237 237 237 236 237 237 238 238 238 237 237 240 241 242 241 239 239 240 241 240 242 244 244 242 240 239 239 241 243 241 240 238 237 236 238 241 240 235 233 231 231 231 234 229 170 117 82 43 18 17 26 23 37 43 106 179 217 244 230 243 240 236 232 225 214 204 201 200 214 232 238 245 248 251 250 248 246 249 248
230 231 231 232 232 231 231 230 229 230 230 230 230 231 231 231 232 232 231 231 231 230 230 230 228 228 228 228 228 228 228 228 227 228 229 229 231 231 232 233 232 231 230 230 230 231 231 231 231 231 232 232 233 233 233 233 229 227 229 234 235 232 232 235 234 233 232 231 231 231 232 233 232 232 231 231 231 231 232 232 234 234 234 234 234 234 234 234 238 236 234 232 231 230 231 232 237 236 236 235 235 234 234 233 233 232 231 231 231 233 234 235 233 232 231 232 234 234 232 230 230 231 231 231 232 233 235 235 231 232 233 233 234 234 233 233 232 234 235 236 237 236 235 234 231 232 232 232 233 233 234 234 233 233 233 234 234 234 235 235 234 234 233 233 233 233 233 233 234 234 234 234 234 233 233 232 237 237 237 237 237 237 237 236 240 239 238 237 237 237 237 238 234 234 234 234 235 235 236 236 231 232 232 233 235 236 236 237 238 238 238 238 238 237 236 234 236 236 236 236 235 235 235 235 234 234 234 235 235 235 235 235 238 238 238 238 238 238 238 238 235 235 238 235 237 235 238 238 236 234 236 235 239 239 240 238 233 234 236 238 239 237 234 231 234 237 240 239 236 235 238 241 240 240 240 240 239 238 237 237 235 234 233 234 236 236 234 232 230 233 236 238 238 237 238 239 234 234 234 234 234 234 234 234 236 233 234 237 237 234 233 235 236 234 231 233 235 236 233 230 230 230 231 231 231 232 232 232 233 231 229 229 231 232 231 230 234 234 233 233 233 232 232 232 230 230 231 232 232 231 231 229 215 209 214 187 105 27 13 30 20 20 23 19 17 22 25 16 23 22 23 21 22 20 21 20 31 21 26 12 0 35 108 157 181 189 202 214 223 229 234 237 236 235 235 235 238 237 236 234 237 236 236 236 236 237 238 238 241 240 240 239 239 239 239 240 235 235 235 235 235 235 235 235 236 237 237 238 238 237 236 236 239 241 242 241 239 238 239 240 240 242 244 244 241 239 238 238 240 242 241 240 238 237 235 237 245 236 226 225 229 226 213 202 151 80 25 15 20 23 29 31 37 49 86 137 183 215 232 237 241 235 231 224 213 198 195 199 206 219 235 238 243 246 250 250 247 246 249 249
230 231 231 232 232 231 231 230 230 230 230 230 230 230 230 231 231 231 231 231 230 230 230 229 229 229 229 229 229 229 229 229 228 229 229 230 230 231 231 232 232 230 229 229 230 231 231 230 228 229 230 231 231 231 230 230 231 229 230 234 235 232 232 235 233 233 233 232 232 232 231 231 232 231 230 230 230 230 231 232 234 234 234 234 234 234 234 234 237 236 235 233 232 231 230 230 236 236 235 235 235 235 234 234 233 232 232 232 232 233 234 235 232 231 231 232 234 234 233 231 232 232 232 233 233 233 233 234 233 234 235 236 236 236 236 236 234 235 236 237 237 236 235 234 231 231 232 233 233 234 235 235 232 233 233 233 234 234 234 234 231 231 231 231 231 231 231 231 235 235 234 234 234 233 233 233 237 237 237 237 236 236 236 236 240 239 237 235 234 234 235 236 233 233 232 232 232 233 233 234 231 231 232 233 234 235 236 237 233 232 232 233 235 235 233 232 233 233 234 234 234 234 234 234 235 235 235 235 235 235 235 235 236 235 235 235 235 234 234 234 235 235 235 235 235 235 235 235 238 239 237 235 235 238 236 232 236 236 237 238 240 238 235 232 233 235 236 236 235 235 236 237 237 237 237 237 237 236 235 234 237 235 234 234 235 235 233 232 236 238 240 239 237 235 234 234 233 233 233 233 233 233 233 233 236 234 234 237 237 233 232 235 235 234 233 233 234 234 233 231 230 230 231 231 232 232 232 232 234 232 230 229 231 232 231 230 233 233 233 233 232 232 232 231 229 229 230 230 230 230 229 227 203 218 214 151 62 19 25 37 22 23 21 21 26 30 28 25 28 28 28 27 26 25 25 25 23 41 38 17 22 24 51 133 171 177 193 208 219 227 233 237 233 234 235 237 240 239 240 237 236 236 235 235 235 236 236 237 241 240 239 239 239 239 240 240 235 235 235 235 235 235 235 235 236 237 237 237 237 236 235 235 238 240 241 241 239 238 238 239 240 242 243 242 240 238 239 239 241 241 238 238 238 237 235 235 236 231 230 242 245 218 164 121 51 28 27 40 37 31 35 40 42 67 126 156 186 215 217 233 234 231 231 224 208 192 192 202 211 224 236 237 241 244 248 248 243 244 246 248
230 231 231 232 232 231 231 230 232 232 232 232 232 232 232 232 231 231 231 230 230 230 229 229 229 229 229 229 229 229 229 229 230 230 230 230 230 230 230 230 233 230 228 228 230 232 231 229 227 228 230 231 231 231 230 230 232 229 230 233 233 230 230 233 231 232 234 234 234 232 230 229 232 231 230 229 229 230 231 232 233 233 233 233 233 233 233 233 235 235 235 234 233 232 230 229 234 234 235 235 235 235 236 236 232 232 233 234 234 234 234 234 233 232 232 234 236 237 236 234 236 236 237 237 236 236 235 235 236 237 238 238 239 239 238 238 235 236 237 238 238 237 236 235 233 233 233 234 234 234 234 234 232 232 233 233 233 234 234 234 231 231 232 233 234 234 234 234 236 236 235 234 234 234 234 234 237 237 237 236 236 235 235 235 240 239 237 235 235 236 238 239 235 234 233 232 232 233 234 235 236 236 235 235 235 235 235 235 234 232 230 232 234 235 233 230 234 235 235 236 236 237 237 238 236 236 236 236 236 235 235 235 235 235 234 234 233 233 233 232 236 237 237 238 238 238 237 236 241 243 241 237 237 241 240 235 241 239 238 239 241 241 238 235 236 234 234 235 236 237 237 236 235 236 237 237 237 236 235 234 242 239 236 234 235 235 235 234 238 240 241 240 237 234 233 233 234 234 234 234 234 234 234 234 238 236 236 239 238 234 233 236 234 235 235 234 232 232 233 234 234 234 235 235 235 236 236 236 237 235 233 232 233 234 233 232 233 233 233 232 232 232 231 231 233 233 232 232 230 228 227 224 227 219 181 100 29 14 18 10 23 24 21 23 30 29 26 32 28 27 27 26 25 24 24 23 15 25 26 13 24 19 16 78 149 158 176 192 206 219 226 231 232 233 235 237 239 240 239 237 236 236 235 234 234 235 235 236 239 239 238 237 238 238 239 239 238 238 238 238 238 238 238 238 239 239 239 239 239 238 237 236 236 238 241 241 240 239 239 239 240 241 242 240 239 238 240 241 242 240 235 236 238 239 235 232 227 228 226 220 196 149 90 50 25 9 15 36 45 43 35 22 72 115 161 174 195 214 214 222 225 221 220 210 190 176 187 207 220 229 240 242 246 248 248 246 246 247 248 249
230 231 231 232 232 231 231 230 235 235 234 234 234 234 234 234 231 231 231 230 230 229 229 229 230 230 230 230 230 230 230 230 231 230 230 230 230 230 230 229 233 230 227 228 231 232 231 229 229 231 232 234 234 233 232 232 232 229 229 232 231 228 228 231 230 232 234 236 235 233 229 227 231 231 229 228 228 229 231 231 232 232 232 232 232 232 232 232 234 234 235 235 234 232 230 229 233 234 234 235 235 236 236 237 231 233 234 236 236 235 234 233 234 233 234 236 238 239 238 237 235 235 235 235 234 233 232 231 232 233 234 235 235 235 234 234 236 237 238 239 239 238 236 235 236 236 235 234 234 233 233 232 232 232 232 233 233 234 234 234 234 235 236 238 239 239 239 239 237 236 235 235 234 234 235 235 237 237 237 236 236 235 235 235 241 240 238 238 238 240 243 245 238 237 236 235 235 235 237 237 241 240 239 238 236 235 234 234 238 236 233 234 236 237 234 232 238 238 239 240 241 242 243 243 236 236 236 236 236 236 236 236 236 236 236 235 235 234 234 234 241 240 240 240 241 241 240 238 240 243 242 238 240 247 247 242 239 237 234 235 237 237 235 232 239 237 235 236 240 242 240 237 236 237 239 240 240 239 238 237 246 242 238 236 236 236 236 236 235 238 240 240 238 236 235 235 235 235 235 235 235 235 235 235 240 237 238 241 240 236 235 237 234 236 237 235 232 230 233 236 236 236 237 237 237 238 238 238 238 235 233 233 234 234 233 232 233 233 233 232 232 231 231 231 237 236 235 233 230 227 225 221 203 159 99 44 16 25 37 29 27 28 25 27 32 25 23 36 26 25 25 24 23 22 21 21 33 8 29 25 9 17 23 40 121 131 152 171 189 203 215 220 232 233 234 237 239 239 237 235 238 236 235 234 234 234 235 235 237 237 236 236 236 237 238 238 239 239 239 239 239 239 239 239 239 239 239 239 239 237 236 236 235 238 240 241 240 239 239 240 240 241 241 239 237 238 241 243 243 239 233 235 239 240 235 230 229 225 200 152 93 48 28 27 30 30 38 36 19 21 43 58 117 172 191 191 205 216 222 219 212 205 197 184 162 153 176 206 225 235 245 250 252 255 252 247 250 251 251 252
230 231 231 232 232 233 233 234 229 229 230 231 233 234 235 235 230 231 232 232 230 230 231 232 230 230 231 232 232 233 234 234 229 231 233 232 230 229 231 233 231 231 231 232 232 233 233 233 229 232 234 234 233 231 231 232 230 231 231 232 232 231 231 230 233 232 231 229 229 230 231 231 232 232 232 232 232 232 232 232 233 233 233 233 233 233 233 233 232 233 235 236 237 237 236 235 233 234 235 236 236 236 235 235 233 234 235 236 237 237 237 237 234 234 234 234 234 235 236 237 237 237 237 237 237 237 237 237 233 233 234 235 235 234 233 233 231 233 234 236 237 237 236 235 234 234 234 235 235 236 236 236 231 232 234 235 236 235 235 234 234 235 237 238 238 237 235 234 231 232 233 234 235 235 235 235 237 237 237 236 236 235 234 234 234 235 235 236 236 237 237 238 230 233 236 237 236 236 236 237 234 236 238 238 236 235 235 236 234 234 234 236 239 239 237 235 230 235 239 238 233 231 234 238 233 234 236 238 239 239 238 238 237 237 237 237 237 237 237 237 236 237 238 239 241 242 243 244 241 240 240 238 237 236 235 235 233 234 236 237 238 238 238 238 233 236 238 238 237 237 240 243 233 236 238 237 238 240 236 229 234 237 239 239 238 236 236 237 232 235 237 237 235 236 240 243 234 234 236 238 241 240 238 235 233 234 236 237 238 237 237 236 235 237 238 238 236 234 235 235 236 237 238 239 239 238 236 235 235 235 235 235 235 235 235 235 233 233 233 233 233 233 233 233 229 231 243 227 229 235 216 225 187 68 20 20 12 23 31 28 20 25 29 28 25 24 28 32 22 24 25 25 24 20 17 14 17 18 21 25 27 25 24 22 49 90 126 147 171 193 205 213 223 236 239 234 238 238 238 241 237 236 237 237 235 235 236 237 234 235 235 236 236 237 237 237 237 237 237 238 238 239 239 239 238 238 238 239 239 240 240 240 239 237 237 238 240 241 240 239 228 238 243 239 236 240 243 242 239 226 242 253 230 229 242 235 224 154 73 34 29 32 32 34 25 25 32 37 35 38 64 95 154 163 158 157 179 200 202 199 183 173 155 140 143 164 193 210 223 237 247 246 243 244 250 251 246 246 246 246
231 231 232 232 232 232 233 233 233 233 233 233 232 232 232 232 229 230 231 231 229 228 230 231 230 230 230 231 231 231 231 232 229 231 233 232 230 229 231 233 231 231 231 232 232 233 233 233 228 230 233 233 232 230 230 230 231 231 232 232 232 232 231 231 234 233 232 230 230 230 231 232 233 233 233 233 233 233 233 233 233 233 233 233 233 233 233 233 234 234 235 235 236 236 235 235 236 236 236 236 236 235 233 233 235 235 236 236 235 235 234 233 234 234 233 233 234 235 236 236 236 236 236 236 236 236 236 236 234 234 235 235 235 235 234 234 232 233 234 235 236 235 234 234 233 233 233 234 234 234 235 235 231 232 233 234 235 234 233 233 234 235 237 238 238 237 235 234 233 234 234 235 235 235 235 234 237 237 237 237 236 236 236 236 235 235 236 237 237 237 236 236 230 233 236 237 236 235 236 237 234 236 238 238 236 235 236 237 236 236 236 238 240 240 238 236 232 236 238 238 235 233 235 237 234 235 236 238 239 239 239 239 238 238 238 237 237 237 237 237 236 239 239 240 240 241 241 242 240 240 240 240 240 240 240 240 235 236 237 238 239 240 240 240 234 238 241 241 239 238 238 239 234 237 238 237 239 242 240 235 233 235 237 238 236 235 235 235 235 237 238 237 234 234 236 239 240 239 238 239 240 239 236 234 235 236 237 238 239 238 238 237 235 237 238 238 236 234 235 235 233 234 236 236 237 236 235 234 234 234 234 234 234 234 234 234 232 232 232 232 232 232 232 232 233 225 233 226 229 232 221 238 161 56 18 20 12 22 28 25 23 26 27 26 22 21 23 25 21 22 24 24 23 20 17 15 14 14 16 19 20 20 19 17 30 68 108 131 154 171 188 208 215 228 232 230 236 236 236 240 236 235 236 236 234 233 234 236 235 235 236 236 237 237 237 238 237 237 237 238 238 238 239 239 238 238 238 239 239 239 240 240 239 238 237 238 240 241 241 239 242 243 240 235 233 236 239 240 240 237 236 227 219 231 221 183 140 92 41 23 27 32 31 33 32 29 31 34 33 44 76 109 145 159 160 162 177 187 182 176 156 150 137 130 140 167 196 214 227 239 249 248 244 244 248 249 251 251 251 252
233 233 232 232 232 232 231 231 234 234 234 233 233 232 232 232 228 229 231 230 228 228 229 230 231 231 230 230 230 229 229 229 230 231 232 232 230 230 231 232 231 231 231 231 232 232 232 232 227 229 232 232 231 229 229 229 232 232 233 233 233 233 232 232 234 234 233 232 231 232 232 232 234 234 234 234 234 234 234 234 233 233 233 233 233 233 233 233 236 235 235 234 234 234 234 235 237 237 237 236 235 234 232 231 237 237 236 235 234 232 230 229 234 234 233 233 234 234 235 236 235 235 235 235 235 235 235 235 235 236 236 237 237 236 236 235 234 235 235 235 235 234 233 232 232 232 232 233 233 233 234 234 233 233 234 234 234 233 232 232 234 235 236 237 237 236 235 234 235 235 236 236 236 235 234 234 237 237 237 237 238 238 238 238 235 236 237 238 238 237 235 234 231 233 236 236 235 235 236 237 235 237 239 239 237 236 236 237 239 238 238 239 241 242 240 238 236 236 237 237 237 236 236 236 237 237 237 237 238 239 240 241 236 236 236 235 234 234 233 233 238 238 238 238 238 238 238 238 237 237 238 239 240 241 242 242 238 238 239 240 240 241 241 242 236 239 243 244 242 239 237 236 236 238 238 237 240 244 244 240 234 236 238 238 236 235 236 237 239 239 239 237 234 233 234 235 243 240 238 238 239 239 238 236 236 237 238 239 239 239 238 238 235 237 238 238 236 234 235 235 233 234 235 236 237 237 236 236 236 236 236 236 236 236 236 236 232 232 232 232 232 232 232 232 236 222 229 230 231 228 220 231 127 44 22 28 21 28 30 28 30 30 28 26 24 22 20 20 19 20 22 23 23 21 18 17 18 19 19 19 20 21 21 17 14 48 87 116 135 146 166 198 206 224 229 229 238 238 237 241 235 234 235 235 233 232 234 235 236 236 237 237 237 238 238 238 239 239 239 239 240 240 240 241 240 240 240 240 241 241 241 242 240 239 238 239 241 242 241 240 243 239 236 238 240 240 241 244 238 243 239 235 240 232 177 114 60 39 22 25 33 36 33 35 38 31 28 31 39 61 97 130 153 167 167 162 166 164 154 148 130 126 120 122 142 172 198 213 232 245 253 252 249 249 249 248 250 250 250 250
234 233 233 232 232 231 231 230 231 231 232 233 234 235 235 236 229 230 231 231 229 229 230 231 233 232 232 231 230 229 228 228 231 231 231 231 231 231 231 231 231 231 231 231 231 231 231 232 228 230 232 233 231 230 229 230 232 233 233 234 234 233 233 232 235 234 234 233 233 232 232 232 234 234 234 234 234 234 234 234 233 233 233 233 233 233 233 233 238 236 234 233 232 233 234 234 236 237 237 236 235 234 233 232 237 237 236 236 235 233 231 230 236 236 235 235 235 235 236 237 235 235 235 235 235 235 235 235 236 237 237 238 238 237 237 236 237 237 237 236 235 234 233 233 232 232 233 233 234 234 234 234 236 236 236 235 234 234 233 233 234 235 236 236 236 236 235 234 236 236 237 236 236 235 234 233 237 237 237 238 238 239 240 240 236 237 239 239 239 237 235 233 232 234 236 236 235 235 236 237 235 237 239 239 237 236 237 238 240 238 238 239 240 241 239 238 238 237 237 237 239 238 236 234 239 238 237 236 237 238 240 241 239 238 238 237 236 236 235 235 235 235 238 236 238 236 239 237 238 236 239 237 240 239 242 242 240 240 240 241 241 242 243 243 238 240 241 242 242 240 239 239 239 240 239 236 238 243 243 240 238 239 241 240 239 238 239 240 241 240 239 237 236 235 235 236 239 237 235 235 237 239 241 241 236 237 237 237 237 237 237 237 235 237 238 238 236 234 235 235 232 233 234 235 236 237 237 237 237 237 237 237 237 237 237 237 233 233 233 233 233 233 233 233 234 229 234 235 232 229 217 202 84 27 22 29 24 28 26 25 34 30 28 25 25 22 20 16 15 15 18 18 19 17 17 14 19 20 20 17 18 20 21 17 9 28 60 95 117 121 141 175 195 213 222 225 236 238 235 239 233 235 236 235 234 233 234 235 237 237 237 237 237 238 238 238 238 238 239 239 239 240 240 240 239 239 240 240 240 241 241 241 241 240 239 239 241 242 241 239 235 233 236 243 243 238 236 239 241 243 232 213 181 123 62 33 29 26 27 34 37 34 31 33 36 26 21 34 55 81 111 133 155 165 158 143 138 128 120 119 113 113 113 123 145 177 199 209 232 242 250 251 249 249 249 247 247 247 249 248
234 233 233 232 232 231 231 230 231 232 232 233 233 234 234 235 231 232 233 233 231 231 232 233 235 234 233 232 231 230 229 229 231 231 231 231 231 231 231 231 231 231 231 231 231 231 231 230 229 231 234 234 233 231 231 231 232 233 233 234 234 233 233 232 234 234 234 234 233 233 232 232 232 232 232 232 232 232 232 232 233 233 233 233 233 233 233 233 237 236 234 232 232 232 233 234 234 235 235 236 236 235 235 234 235 235 236 237 236 236 235 235 238 237 237 236 236 236 237 237 237 237 237 237 237 237 237 237 237 237 238 238 238 238 237 237 240 239 238 237 236 235 235 234 234 234 234 234 235 235 236 236 238 237 237 236 235 235 235 235 234 235 235 235 235 235 235 234 236 236 236 236 235 234 233 233 237 237 237 238 238 239 240 240 237 238 239 239 238 237 235 234 233 235 236 235 234 234 235 237 235 237 239 239 237 236 236 237 239 237 236 236 238 238 237 236 239 238 237 237 238 238 236 234 239 238 237 236 236 238 239 240 243 243 242 242 241 241 241 240 233 231 234 233 237 236 239 237 237 235 237 235 236 234 236 236 242 241 240 240 240 241 242 243 240 239 238 238 239 241 243 244 242 242 239 234 235 240 240 236 238 240 241 240 238 238 239 241 240 239 238 238 238 239 239 239 238 235 232 232 234 237 239 240 236 235 235 235 235 235 235 235 235 237 238 238 236 234 235 235 234 234 235 236 237 238 239 240 239 239 239 239 239 239 239 239 234 234 234 234 234 234 234 234 231 237 238 231 228 237 222 176 47 11 18 22 21 22 19 17 32 28 27 23 24 20 19 15 12 11 15 14 16 14 15 12 15 16 17 11 13 16 19 13 6 10 29 69 100 106 117 147 179 198 211 218 231 234 232 235 235 236 237 236 235 234 235 237 237 237 237 237 237 237 237 237 238 238 238 239 239 239 240 240 239 239 239 240 240 240 241 241 241 240 239 239 241 241 240 238 235 236 239 241 236 230 228 231 243 227 185 128 68 20 11 34 27 30 32 34 30 25 24 29 30 21 19 39 69 93 107 110 121 130 123 111 105 95 89 91 100 105 113 126 152 182 200 207 224 234 243 245 244 246 244 242 247 248 250 248
233 233 232 232 232 232 231 231 235 234 233 232 231 230 230 229 232 233 234 234 232 231 233 234 235 234 234 233 232 231 230 230 232 231 230 230 232 232 231 230 231 231 231 231 230 230 230 230 229 232 234 235 233 232 231 232 232 232 233 233 233 233 232 232 233 233 233 234 233 232 231 231 232 232 232 232 232 232 232 232 233 233 233 233 233 233 233 233 235 234 233 233 233 233 233 233 233 234 235 236 236 236 236 235 233 234 235 237 238 238 238 238 238 238 237 236 236 236 236 237 237 237 237 237 237 237 237 237 236 237 237 238 238 237 237 236 240 239 238 236 235 235 235 235 234 234 235 235 235 236 236 236 237 237 236 235 235 235 236 236 234 234 234 234 234 234 234 234 234 234 235 235 235 234 233 232 237 237 237 237 238 238 238 238 238 238 238 238 237 237 237 237 235 235 236 235 233 233 235 237 234 236 238 237 236 235 235 236 239 236 234 234 235 236 236 235 237 238 238 238 237 235 234 234 237 237 236 236 236 237 237 238 238 238 238 238 238 238 238 238 230 230 232 233 235 236 238 238 237 236 235 234 233 231 230 230 239 240 239 238 238 239 241 242 241 238 235 235 237 241 244 245 242 242 238 234 234 238 237 233 236 237 237 236 235 235 236 238 239 237 236 237 239 241 241 240 241 238 234 232 233 234 235 235 236 235 234 233 233 233 234 234 235 237 238 238 236 234 235 235 237 237 236 237 237 238 240 240 239 239 239 239 239 239 239 239 233 233 233 233 233 233 233 233 231 239 233 226 223 237 220 147 28 10 20 22 21 25 17 19 27 26 25 22 19 17 16 15 10 11 12 12 12 12 12 11 12 18 18 13 14 20 20 13 12 0 8 50 92 104 108 125 163 184 201 213 229 234 233 236 235 236 238 237 235 235 236 237 237 237 236 236 236 235 235 235 237 238 238 238 239 239 239 239 238 239 239 239 240 240 240 240 241 239 238 238 239 240 238 237 237 240 240 236 235 237 237 235 250 192 111 50 24 28 36 40 28 32 33 30 24 22 24 29 26 21 26 46 74 91 91 84 80 89 88 87 90 83 78 84 93 102 115 134 159 187 203 210 227 234 243 244 244 248 248 246 245 245 246 246
231 231 232 232 232 232 233 233 234 233 232 231 230 229 228 228 231 232 234 233 231 231 232 233 233 233 232 232 231 230 230 230 233 231 229 230 232 233 231 229 231 231 231 230 230 229 229 229 228 231 233 234 232 231 230 231 231 231 232 232 232 232 231 231 231 232 233 233 233 231 230 229 233 233 233 233 233 233 233 233 233 233 233 233 233 233 233 233 232 232 233 234 234 234 233 233 235 235 236 236 236 235 234 234 232 233 234 236 237 237 237 237 237 236 235 234 234 234 234 234 236 236 236 236 236 236 236 236 236 236 237 237 237 237 236 236 238 237 235 234 233 233 234 235 233 233 234 234 234 235 235 235 234 234 233 232 233 234 235 236 235 234 234 234 234 234 234 235 231 232 233 233 234 233 233 232 237 237 237 237 236 236 236 236 239 238 237 236 236 237 239 241 235 236 236 234 233 233 235 237 233 235 236 236 235 234 234 235 239 237 234 234 235 236 235 234 235 238 240 238 234 232 233 235 235 236 236 236 236 236 235 235 232 232 233 233 234 235 235 235 231 231 232 232 234 234 235 236 236 235 234 233 232 230 229 230 238 239 237 236 236 237 239 240 241 238 235 235 238 241 241 240 239 240 238 235 236 239 238 234 236 236 236 235 233 233 236 238 238 236 234 235 237 239 238 237 240 238 235 234 235 236 235 234 237 236 235 234 233 234 234 235 235 237 238 238 236 234 235 235 239 240 239 238 238 239 241 241 239 239 239 239 239 239 239 237 231 231 231 231 231 231 231 231 233 235 228 231 224 220 188 95 27 19 29 26 26 33 24 27 29 31 31 27 21 17 16 18 13 13 14 14 13 13 13 12 13 21 23 18 19 26 25 14 21 3 0 39 86 102 100 107 140 166 187 203 224 232 232 238 234 236 237 236 234 234 235 236 236 236 235 235 234 234 234 233 237 238 239 239 239 240 240 240 239 239 240 240 240 241 241 240 240 238 237 237 238 238 237 235 233 239 238 233 237 243 231 211 207 120 47 25 24 31 24 2 26 31 33 31 26 24 24 26 22 27 40 58 79 90 87 78 68 74 72 72 82 81 77 86 98 110 127 144 165 190 208 216 232 238 244 244 245 249 249 248 241 241 242 242
230 231 231 232 232 233 233 234 229 229 230 230 230 230 230 230 232 231 234 232 232 230 233 232 233 231 232 230 232 229 231 229 233 231 229 230 232 233 231 229 231 231 231 230 230 229 229 229 227 230 232 232 231 229 229 230 230 231 231 232 232 231 231 230 230 231 232 233 232 231 229 228 234 234 234 234 234 234 234 234 233 233 233 233 233 233 233 233 230 231 233 234 235 235 234 233 237 237 237 236 235 234 232 231 232 233 234 235 235 235 235 234 235 234 233 232 232 232 232 232 235 235 235 235 235 235 235 235 235 236 236 237 237 236 236 235 235 234 233 231 231 232 233 233 232 232 232 233 233 234 234 234 232 231 230 230 231 232 234 235 235 234 234 233 233 234 234 235 229 230 231 232 233 233 233 233 237 237 237 236 236 235 234 234 240 238 236 234 235 238 241 243 236 236 236 234 233 233 235 237 232 234 236 235 234 233 233 234 240 237 235 234 235 236 236 235 233 237 241 238 233 230 232 235 233 234 236 237 236 235 234 233 234 235 235 237 238 239 240 240 234 233 234 233 234 233 234 233 236 235 235 233 233 232 232 232 238 238 236 234 234 236 237 239 240 238 236 237 240 240 237 235 237 239 238 236 237 241 240 235 237 238 238 236 235 235 237 240 238 235 232 233 235 237 235 233 237 235 234 235 237 239 239 238 239 238 238 235 236 235 237 236 237 237 240 238 238 234 237 237 239 240 239 238 237 238 239 240 237 237 237 237 237 237 237 235 231 229 229 229 229 229 229 229 235 231 227 242 228 201 149 44 26 21 30 23 25 33 23 27 33 36 37 31 23 17 18 21 15 15 15 14 14 13 13 13 7 16 19 15 18 26 25 14 26 6 0 30 76 94 88 91 116 144 168 188 212 221 223 230 233 234 235 235 233 233 234 235 235 235 235 234 234 233 233 234 237 237 238 238 239 239 240 239 239 238 239 239 240 240 241 240 239 238 236 236 237 237 236 234 230 239 237 229 233 232 200 159 109 34 12 37 28 13 24 35 22 28 34 31 29 23 20 17 22 32 48 65 79 88 90 85 75 74 64 62 72 76 81 92 108 122 140 155 172 194 211 219 229 235 239 238 238 243 243 241 247 245 246 246
228 229 229 230 230 231 231 232 230 230 230 231 231 232 232 234 232 232 234 232 234 232 234 232 233 231 233 231 233 231 233 231 231 231 231 231 231 231 231 231 219 237 228 235 232 226 244 235 223 234 231 224 229 232 230 235 237 226 229 237 235 235 235 228 230 236 230 229 235 229 222 230 226 220 225 236 227 236 239 231 228 230 232 232 230 230 232 234 229 230 232 233 233 232 230 230 233 231 236 231 231 236 229 229 227 227 226 235 224 236 224 235 230 230 231 232 233 235 235 236 233 234 236 237 238 238 237 236 234 235 235 236 236 235 235 234 230 233 237 240 240 237 233 230 227 232 238 238 233 230 232 234 231 231 233 236 239 239 237 234 240 239 237 235 234 234 234 235 230 232 234 236 236 235 234 233 230 231 232 233 234 234 234 234 232 233 234 235 235 235 234 234 228 235 237 232 231 237 241 241 232 237 241 240 235 232 234 237 236 236 235 235 235 234 234 234 230 233 236 238 237 235 235 235 238 241 245 245 242 237 234 232 236 237 237 238 238 239 239 238 236 234 236 234 236 234 236 234 233 232 234 233 235 234 236 237 236 235 235 234 235 236 238 239 237 235 233 234 234 234 233 231 238 234 235 240 239 233 232 235 236 235 234 234 235 236 238 239 238 238 238 238 238 238 238 238 237 237 237 237 237 237 237 237 236 237 239 238 240 239 241 239 235 235 239 239 242 240 242 239 236 236 236 236 236 236 236 236 232 232 233 232 232 234 237 240 234 233 232 232 234 234 231 230 231 222 231 227 222 193 92 26 18 23 20 22 29 25 20 26 36 36 33 28 24 22 19 16 14 18 17 12 10 14 11 6 2 9 14 19 20 20 22 23 12 13 9 9 37 72 85 79 92 106 143 183 202 204 218 239 229 232 233 236 237 238 238 237 229 234 237 236 235 237 240 242 237 240 237 234 244 241 237 239 234 235 238 235 240 242 244 239 236 235 236 236 234 232 231 230 230 231 228 240 239 174 84 39 19 25 31 34 31 28 27 28 24 26 28 27 29 24 21 19 20 31 43 48 52 60 60 55 50 59 69 74 76 82 95 105 118 133 155 172 184 200 211 218 227 229 234 238 243 248 252 252 250 248 246 243
229 229 230 230 230 230 231 231 230 230 230 231 231 232 232 232 232 234 234 234 234 234 234 234 234 234 234 234 234 234 234 232 230 230 230 230 230 230 230 230 233 242 230 237 237 228 239 229 238 233 223 225 236 232 224 228 222 226 237 240 227 221 230 238 232 217 224 252 208 225 235 234 233 240 244 233 232 220 221 227 229 230 232 232 230 230 232 233 231 232 233 234 233 232 231 230 232 232 235 230 232 241 239 233 234 233 227 238 228 235 225 238 235 235 235 236 237 237 238 238 234 235 236 236 236 236 236 236 234 235 235 236 236 235 235 234 235 236 237 237 237 237 236 235 231 236 239 238 233 231 232 234 233 233 233 235 238 238 236 234 243 242 240 238 237 237 238 238 232 233 235 237 238 237 235 234 228 230 232 234 236 238 239 239 236 235 234 234 234 235 237 238 233 238 239 234 232 236 239 239 236 239 242 240 236 234 235 239 240 239 239 238 238 237 237 236 234 236 237 236 235 235 237 239 237 240 243 243 240 236 234 234 239 239 239 239 240 240 240 240 237 237 237 237 237 237 237 237 235 235 235 236 236 236 236 236 236 236 235 234 235 236 238 239 236 234 233 233 235 235 234 232 240 237 238 242 242 237 236 239 238 238 237 237 237 238 240 241 238 238 238 238 238 238 238 238 237 237 237 237 237 237 237 237 237 239 240 240 241 241 241 242 237 238 239 240 241 241 241 241 236 236 236 236 236 236 236 236 233 234 235 235 234 235 237 239 236 235 232 232 234 234 231 230 233 228 234 229 221 172 67 15 23 26 23 22 28 25 23 32 37 36 33 29 26 24 22 22 16 20 17 12 9 12 11 9 9 13 21 22 23 23 26 26 17 14 10 10 29 62 82 88 88 93 123 164 191 201 212 227 237 235 232 232 235 235 232 228 230 234 238 238 236 235 234 234 234 235 231 230 238 240 239 243 240 236 232 231 228 228 232 238 234 234 233 231 230 230 232 233 230 234 240 231 180 93 31 19 22 24 28 29 30 31 32 33 29 30 31 31 29 27 24 22 24 32 40 38 41 43 41 35 47 52 59 65 74 86 102 111 119 134 157 171 182 198 208 215 229 230 235 239 244 249 253 255 249 247 245 244
231 231 230 230 230 230 229 229 230 230 231 231 231 231 232 232 232 232 232 232 232 232 232 232 233 233 233 233 233 233 233 233 229 229 229 229 229 229 229 229 232 236 229 237 238 230 233 226 221 241 246 237 230 224 226 236 244 238 233 232 228 226 228 232 221 242 234 232 222 244 233 226 220 226 226 221 239 233 231 236 229 231 232 232 230 230 231 233 234 234 234 234 234 233 232 231 233 233 238 237 227 225 227 220 223 236 228 239 231 235 227 240 237 237 237 237 237 237 237 238 236 236 235 234 234 234 235 235 234 235 235 236 236 235 235 234 240 238 236 235 235 236 238 240 236 238 240 237 233 231 232 234 235 234 233 234 236 236 235 234 239 239 237 236 235 235 235 236 231 232 233 235 235 235 233 233 231 232 233 235 237 238 239 240 238 237 234 233 233 235 238 241 234 237 236 231 229 231 233 233 235 237 238 236 232 231 234 238 238 238 237 236 235 234 233 233 238 238 237 235 234 235 239 242 236 238 240 239 237 235 235 236 239 239 239 239 239 238 238 238 237 237 237 237 237 237 237 237 237 237 237 236 236 236 236 236 236 236 235 235 235 236 237 238 235 234 233 233 235 236 235 234 236 234 235 239 239 236 235 238 238 238 237 237 237 238 239 240 238 238 238 238 238 238 238 238 237 237 237 237 237 237 237 237 238 238 239 239 239 240 240 240 238 238 237 237 237 237 238 238 236 236 236 236 236 236 236 236 234 236 237 237 236 235 235 236 236 235 232 232 234 234 231 230 231 232 234 228 219 140 39 11 23 26 22 20 24 20 24 38 46 44 40 36 33 28 24 23 15 20 19 14 9 10 11 11 11 12 17 17 19 19 22 21 20 16 12 11 19 44 74 96 98 94 113 150 187 204 215 225 239 233 229 231 237 240 236 231 231 232 233 232 230 228 229 231 242 239 234 231 233 236 238 239 233 231 232 235 234 231 232 236 226 227 229 232 234 233 230 226 232 197 175 156 102 42 19 23 30 28 26 26 29 32 34 34 28 28 27 26 24 22 19 18 31 35 39 34 34 33 31 27 45 47 51 59 73 90 108 116 128 142 164 177 186 200 210 216 230 234 237 241 245 249 252 254 249 248 246 244
232 231 231 230 230 229 229 228 231 231 231 231 231 231 231 231 232 232 232 232 232 232 232 232 233 233 233 233 233 233 233 233 230 230 230 230 230 230 230 230 228 230 230 235 232 226 229 230 235 249 229 186 160 136 95 61 47 59 67 76 95 130 185 235 240 219 230 239 239 224 230 227 238 236 227 221 157 151 141 139 230 231 232 232 230 230 231 232 234 234 234 233 233 232 231 230 231 229 238 240 193 148 150 152 182 231 232 236 228 237 233 236 236 236 235 235 234 234 233 233 238 237 235 233 233 233 234 235 234 235 235 236 236 235 235 234 239 238 236 234 234 236 238 239 236 237 237 235 232 232 233 236 237 235 233 233 234 235 234 233 237 237 236 235 235 234 234 234 233 234 235 236 236 236 235 235 236 236 235 235 235 235 235 236 237 236 234 233 234 235 237 239 235 235 234 231 230 231 232 232 235 235 235 233 231 232 237 241 237 237 236 235 234 233 232 231 237 237 237 236 235 235 237 240 235 236 237 236 235 235 236 238 237 237 237 236 235 235 234 234 238 238 238 238 238 238 238 238 237 237 236 236 235 234 234 234 236 236 236 236 236 236 236 237 234 233 232 234 236 237 236 235 234 233 234 236 236 236 236 237 236 236 236 235 236 236 236 237 237 237 237 237 237 237 237 237 236 236 236 236 236 236 236 236 239 239 239 239 239 240 240 240 240 239 237 236 235 236 237 238 236 236 236 236 236 236 236 236 233 236 238 238 236 233 233 233 236 235 232 232 234 234 231 230 228 232 231 224 213 108 22 19 24 27 25 23 24 18 25 44 60 56 52 49 43 32 24 22 18 22 24 19 12 10 8 10 9 9 11 12 14 16 19 19 20 17 14 14 10 23 56 91 95 86 95 127 165 188 205 216 226 226 228 231 234 235 232 230 239 234 229 227 226 226 231 236 235 229 228 229 227 230 233 230 223 229 229 227 233 242 240 230 235 220 202 193 191 188 180 173 144 91 59 49 28 20 27 27 37 32 27 27 29 30 30 28 26 25 24 23 21 21 21 21 38 38 38 35 34 34 34 34 43 47 54 63 77 94 114 124 141 156 174 185 195 206 216 221 230 234 237 241 244 247 249 251 249 248 246 243
232 231 231 230 230 229 229 228 231 231 231 231 231 231 231 231 232 232 232 232 232 232 232 232 231 231 231 231 231 231 231 231 232 232 232 232 232 232 232 232 232 233 235 229 226 230 233 240 245 192 98 20 0 0 0 0 9 12 2 0 3 1 7 27 138 228 238 217 230 233 214 238 223 228 226 216 8 0 0 2 230 232 233 232 230 229 230 232 233 233 232 231 231 230 230 230 242 231 232 222 115 3 0 0 131 223 235 231 223 239 238 230 235 235 234 234 233 232 232 231 238 237 235 234 233 233 234 235 234 235 235 236 236 235 235 234 235 235 236 236 236 236 235 235 232 233 233 233 232 233 235 236 236 234 232 232 234 234 234 233 239 239 239 239 239 238 238 238 238 238 239 240 240 240 240 240 237 236 235 234 233 233 234 234 233 233 234 235 235 235 235 235 237 235 233 234 234 235 236 237 237 236 235 233 233 236 241 245 240 240 239 238 237 236 236 235 233 235 237 238 236 234 234 235 235 236 236 235 234 234 237 239 237 237 237 236 235 235 234 234 238 238 238 238 238 238 238 238 236 236 235 235 234 233 233 233 236 236 236 236 236 236 236 235 235 234 233 234 236 238 237 236 237 238 238 238 238 240 241 240 236 236 236 236 236 236 235 235 237 237 237 237 237 237 237 237 236 236 236 236 236 236 236 236 239 239 239 239 239 239 239 239 240 239 237 235 235 235 236 237 236 236 236 236 236 236 236 236 232 234 236 236 234 231 231 231 236 235 232 232 234 234 231 230 230 231 229 220 201 78 14 28 25 30 30 29 28 19 29 54 72 67 65 63 57 42 33 31 29 30 31 27 18 11 6 7 9 8 10 13 17 18 21 21 19 18 18 16 7 8 36 68 88 81 86 110 141 167 193 208 210 218 227 230 226 222 222 223 227 221 217 218 216 212 212 216 205 198 206 213 208 213 217 207 210 224 222 210 218 234 220 189 169 135 90 62 55 54 49 42 30 19 23 22 10 18 32 26 33 30 28 28 30 30 27 23 28 27 25 24 25 27 30 32 40 39 37 35 34 34 36 38 41 52 65 75 84 98 118 132 150 162 179 188 197 207 216 221 229 233 236 240 243 245 246 246 244 243 243 242
231 231 230 230 230 230 229 229 232 232 231 231 231 231 230 230 232 232 232 232 232 232 232 232 231 231 231 231 231 231 231 231 233 233 233 233 233 233 233 233 230 228 233 223 229 243 227 215 152 77 0 0 11 14 1 0 0 1 0 0 9 1 0 3 9 156 215 240 222 246 216 235 231 234 238 248 0 0 0 5 231 232 233 232 230 229 230 231 232 231 230 230 230 231 231 232 228 220 232 236 119 0 0 7 108 223 236 230 223 238 240 228 236 236 236 235 235 234 234 233 237 237 236 236 235 235 236 236 234 235 235 236 236 235 235 234 232 234 236 237 237 236 234 232 230 230 231 232 233 234 235 236 234 233 232 233 234 235 234 232 237 237 238 238 238 238 237 236 236 236 236 236 237 237 237 238 235 234 233 232 233 234 236 237 231 232 234 235 236 235 234 233 234 230 228 231 234 234 235 237 235 234 231 230 231 233 236 238 237 237 237 237 236 236 236 236 232 235 238 238 236 234 233 233 235 236 237 236 234 234 236 238 239 239 239 239 239 238 238 238 237 237 237 237 237 237 237 237 236 235 235 235 235 235 234 234 236 236 237 237 237 236 235 234 236 235 234 235 237 237 236 235 236 239 238 235 235 239 240 238 238 238 239 239 239 238 237 236 236 236 236 236 236 236 236 236 235 235 235 235 235 235 235 235 239 239 238 238 238 237 237 237 239 238 237 236 235 235 235 236 236 236 236 236 236 236 236 236 232 233 235 234 232 230 230 231 236 235 232 232 234 234 231 230 235 230 230 218 187 52 12 30 22 27 27 27 23 15 30 61 84 78 75 76 71 57 50 51 50 45 40 36 27 16 8 8 6 5 7 9 14 18 19 18 17 19 20 18 8 4 19 41 64 61 66 81 102 124 150 167 192 206 221 227 224 221 226 232 224 220 222 228 226 214 205 204 182 172 184 192 179 179 181 164 172 199 213 208 210 209 170 119 81 57 30 18 20 22 16 8 10 22 35 32 24 29 31 19 23 24 25 28 30 29 27 24 25 23 21 21 23 28 33 36 42 39 36 34 32 27 29 35 42 56 73 85 93 105 124 138 151 165 180 187 196 205 215 220 232 234 237 240 242 243 243 243 238 238 240 241
229 229 230 230 230 230 231 231 232 232 232 231 231 230 230 230 230 230 230 230 230 230 230 230 230 230 230 230 230 230 230 230 232 232 232 232 232 232 232 232 230 225 232 223 235 236 164 103 0 8 7 0 0 0 33 86 74 95 81 51 27 0 0 13 13 0 104 232 228 215 239 229 232 228 220 234 0 6 0 0 231 232 233 232 230 229 230 231 231 231 230 230 231 232 234 235 240 232 233 232 115 0 2 0 124 232 233 233 230 234 238 233 236 236 236 236 236 236 235 235 236 237 237 238 238 238 238 237 234 235 235 236 236 235 235 234 234 235 237 238 238 237 235 234 231 232 233 235 236 236 235 233 231 231 231 234 236 236 234 232 231 232 233 234 234 234 232 232 232 232 232 232 232 233 234 234 237 236 234 233 234 235 237 238 234 234 234 234 235 235 236 236 237 230 228 232 235 234 234 237 239 237 233 231 230 231 231 232 233 233 233 234 234 234 235 235 235 237 238 237 235 234 234 235 234 235 236 236 234 233 234 235 237 237 237 237 238 238 238 238 237 237 237 237 237 237 237 237 236 237 237 237 237 237 238 238 236 236 237 238 237 236 234 233 238 236 235 235 237 237 236 234 235 238 237 232 232 236 237 234 238 239 239 240 239 238 237 236 236 236 236 236 236 236 236 236 235 235 235 235 235 235 235 235 236 236 235 235 234 234 234 233 234 234 235 235 235 234 233 233 236 236 236 236 236 236 236 236 233 234 234 233 231 231 232 234 236 235 232 232 234 234 231 230 234 224 230 217 176 37 15 28 23 26 26 23 18 12 34 72 109 98 94 93 88 77 74 80 79 63 49 40 32 21 14 13 6 5 7 9 14 15 14 11 17 19 21 18 12 9 13 21 24 22 25 31 39 49 64 74 74 83 96 102 101 103 110 117 122 116 118 127 128 116 107 107 80 67 79 86 67 65 66 44 52 73 94 101 100 86 51 15 15 13 14 21 29 32 27 21 26 29 22 16 23 24 16 11 18 21 24 26 25 24 24 25 21 19 16 15 18 24 31 35 44 40 36 36 35 29 31 38 44 53 69 83 98 112 131 143 158 171 184 192 198 207 217 222 233 235 238 241 243 243 241 240 240 241 242 243
228 229 229 230 230 231 231 232 232 232 232 231 231 230 230 230 230 230 230 230 230 230 230 230 231 231 231 231 231 231 231 231 231 231 231 231 231 231 231 231 241 233 239 228 237 211 81 0 0 0 0 28 126 218 239 221 236 237 220 223 230 159 47 0 0 0 10 31 248 234 224 231 230 238 229 226 0 0 0 2 231 232 233 232 230 229 230 231 232 231 231 231 232 234 236 238 233 230 231 236 142 56 71 53 149 242 231 238 237 231 235 238 235 235 235 235 235 235 235 235 235 236 238 240 240 240 239 238 234 235 235 236 236 235 235 234 237 237 237 237 237 237 237 237 234 234 235 237 238 237 234 231 229 229 231 234 237 237 234 232 234 235 237 238 238 237 236 235 238 238 237 237 238 239 240 240 243 241 238 235 234 234 235 236 238 236 234 233 233 235 238 240 247 239 236 241 244 242 241 244 250 247 243 240 238 237 235 234 235 235 236 237 238 238 239 239 239 239 238 236 234 234 236 239 234 236 238 237 235 233 233 234 234 235 235 236 236 237 237 238 236 236 236 236 236 236 236 236 238 238 238 239 240 240 241 241 236 237 237 238 237 236 234 233 239 237 236 236 236 237 235 233 239 242 241 235 234 239 240 236 236 236 237 238 237 236 234 233 236 236 236 236 236 236 236 236 235 235 235 235 235 235 235 235 235 235 235 234 234 233 233 232 232 233 235 236 236 235 233 232 236 236 236 236 236 236 236 236 234 235 235 233 232 232 235 237 236 235 232 232 234 234 231 230 229 216 228 218 171 31 20 28 34 35 32 28 22 18 45 88 133 121 110 107 100 89 92 101 98 77 56 43 36 27 20 19 13 12 14 16 20 19 17 13 17 21 21 18 15 14 14 10 16 14 13 13 12 11 13 15 12 14 17 17 15 14 18 21 32 21 19 28 31 26 25 31 31 16 31 41 24 27 33 11 18 17 20 25 26 23 23 27 30 30 28 25 23 25 29 34 24 31 23 23 32 22 14 29 20 23 25 24 20 19 20 23 24 21 18 16 19 25 32 37 46 39 38 41 39 36 39 46 44 51 64 80 99 118 135 144 166 179 193 200 206 215 226 228 235 237 240 243 244 244 241 241 248 248 247 247
230 231 231 232 232 233 233 234 229 230 231 232 232 230 229 228 227 228 228 229 230 231 232 232 227 228 228 229 229 230 230 230 225 227 230 233 235 235 235 235 225 238 220 246 239 136 5 7 19 0 64 209 234 232 246 224 234 229 238 226 221 243 165 3 12 0 7 0 109 241 230 242 232 230 233 230 2 0 2 0 234 226 229 241 240 227 224 233 230 234 230 235 244 231 222 238 239 226 221 225 239 237 227 241 232 228 236 238 222 244 221 241 245 234 215 242 236 221 248 229 238 229 237 247 240 235 240 243 240 231 238 238 228 237 243 223 223 234 244 222 242 236 237 227 234 237 229 233 248 240 229 237 245 223 233 229 240 225 239 236 229 230 230 231 232 233 234 234 236 236 235 234 234 235 236 236 234 234 234 234 234 235 237 237 232 234 235 235 235 235 236 238 240 238 236 234 234 236 239 241 239 236 234 233 234 235 235 234 234 235 237 238 238 237 235 234 233 233 234 235 235 236 236 236 233 233 234 235 236 236 236 236 236 235 236 239 241 241 240 237 235 239 240 236 235 239 241 240 235 234 233 232 233 234 236 237 231 233 236 236 234 234 237 239 235 234 234 233 233 234 234 235 234 236 237 237 237 237 238 240 235 234 233 232 232 233 234 235 233 233 233 233 233 233 233 233 234 231 231 235 236 233 234 237 233 233 233 233 233 233 233 233 233 233 234 235 236 236 236 236 232 233 233 234 234 235 235 235 235 234 232 231 231 232 234 235 234 235 233 233 232 232 231 232 234 222 222 218 156 31 18 34 29 29 32 30 22 22 55 95 128 115 100 91 83 79 84 89 76 66 57 49 47 41 33 27 13 12 10 9 10 10 13 16 16 19 16 19 27 19 12 16 15 14 14 18 20 23 22 19 15 16 17 16 13 12 15 18 17 17 21 26 26 23 25 29 25 29 34 34 30 26 23 23 23 23 23 22 22 25 29 33 25 27 29 31 31 29 26 24 20 20 21 21 20 19 17 16 18 18 18 18 18 18 18 18 16 21 22 18 18 26 36 42 38 32 32 41 42 40 49 64 48 58 62 70 97 119 135 150 175 187 196 203 211 222 231 235 232 245 239 231 239 246 240 238 245 246 248 250
230 230 230 231 231 231 231 231 229 230 230 231 231 231 230 230 228 229 229 230 231 232 232 233 228 229 229 229 230 230 231 231 230 230 231 232 233 233 233 233 232 212 255 215 181 24 13 1 0 43 168 239 228 221 235 231 224 224 238 232 223 243 215 131 0 2 0 1 0 213 234 228 232 230 233 230 1 0 1 0 231 232 228 224 227 234 235 229 224 235 241 229 217 225 234 230 224 231 235 230 233 236 231 237 226 219 226 245 237 245 217 222 213 230 236 234 235 231 231 243 227 231 235 232 230 239 238 223 234 227 234 236 227 235 244 235 245 246 225 246 233 229 220 234 229 231 234 232 227 228 231 229 212 227 242 237 234 232 236 232 231 231 232 232 233 234 234 234 233 233 233 233 233 233 233 233 235 234 234 234 235 235 236 237 233 235 236 236 234 234 235 237 237 236 234 233 233 234 236 237 237 235 232 231 233 234 233 233 234 233 233 233 233 233 233 234 234 234 234 233 234 234 235 236 234 234 235 236 236 236 235 235 235 234 234 236 238 239 238 236 232 234 233 230 231 235 236 233 232 231 230 230 230 231 233 234 234 236 238 236 234 232 234 236 235 235 234 234 234 234 235 235 235 237 238 238 236 236 237 239 236 235 234 233 233 234 235 236 235 235 235 235 235 235 235 235 236 233 233 236 236 233 233 236 233 233 233 233 233 233 233 233 234 234 235 236 236 236 235 235 232 232 233 233 234 234 234 235 235 234 232 231 231 232 234 235 235 236 235 235 234 232 229 229 224 222 226 215 133 23 8 14 28 28 30 29 22 21 48 77 119 105 91 83 79 74 72 72 64 59 51 42 37 32 24 20 12 11 10 9 10 11 14 15 15 19 15 18 24 19 10 16 15 14 16 17 21 22 22 19 18 17 17 16 15 15 17 18 15 15 19 24 24 21 22 26 20 24 29 31 29 27 27 28 26 27 27 26 24 23 24 26 23 24 25 26 26 24 22 20 19 19 20 20 19 18 16 15 18 18 18 18 18 18 18 18 15 20 21 17 17 25 35 38 40 31 28 32 32 30 42 56 51 65 71 79 102 121 136 150 171 184 195 203 212 223 232 234 231 243 238 231 240 244 240 239 243 244 245 246
230 230 230 230 230 229 229 229 229 229 229 229 230 231 232 233 228 228 228 229 230 231 231 231 228 228 228 229 229 229 230 230 235 234 233 232 231 231 231 231 229 230 226 201 38 0 0 0 51 159 235 235 225 225 225 228 226 224 231 230 222 230 235 222 141 0 0 16 10 130 227 229 233 231 234 230 1 0 0 0 229 231 235 234 224 217 229 247 232 228 237 235 222 235 246 231 229 243 244 233 229 235 236 229 241 233 224 238 230 238 240 239 251 227 243 227 224 246 229 226 241 240 240 236 229 227 236 246 239 233 241 245 235 234 239 237 223 242 221 244 231 233 237 234 245 237 237 236 232 239 241 228 242 246 232 225 233 243 235 229 231 232 232 232 232 232 232 232 230 231 231 232 232 231 231 230 235 235 235 234 235 236 236 237 234 236 237 236 234 233 234 236 235 235 235 235 235 235 235 235 237 235 233 233 234 235 234 233 236 234 232 231 231 232 234 236 236 235 234 233 233 233 234 235 233 234 234 234 234 233 233 232 232 231 229 230 233 235 235 234 233 233 231 229 232 237 236 231 235 234 234 234 234 235 236 237 238 239 239 237 233 231 231 232 236 236 235 235 235 235 236 236 236 238 239 238 236 235 236 238 238 237 235 234 234 235 237 238 237 237 237 237 237 237 237 237 239 236 235 237 237 233 232 235 231 231 231 231 231 231 231 231 233 233 234 234 234 233 232 234 233 233 233 233 234 234 234 234 235 234 232 231 231 232 234 235 235 236 235 235 234 231 226 224 226 224 217 188 82 16 17 22 28 28 31 32 27 23 38 54 76 68 65 70 74 71 64 60 53 48 44 36 29 21 16 14 10 9 9 9 9 10 13 15 18 20 16 18 23 18 12 19 19 18 17 18 22 23 22 19 20 16 14 14 16 17 16 16 14 14 17 22 22 19 20 26 20 23 26 27 27 28 29 30 26 28 29 29 26 23 22 22 24 24 23 22 21 20 19 18 18 18 18 18 17 16 15 14 18 18 18 18 18 18 18 18 14 19 20 17 18 25 34 35 43 33 26 24 22 23 35 49 58 76 86 94 114 129 141 157 169 183 196 203 211 220 227 228 230 242 239 233 240 245 241 240 246 245 244 243
232 232 231 231 230 229 229 229 230 229 229 229 230 232 234 235 229 229 229 230 230 231 231 231 230 230 230 230 230 230 230 230 236 235 233 231 230 230 231 231 236 233 219 88 0 0 4 9 193 227 233 222 232 232 223 226 237 231 225 227 231 225 224 233 223 43 18 0 0 59 234 224 236 233 236 231 2 0 0 0 237 228 223 228 238 240 234 228 227 221 230 241 234 224 229 240 235 240 236 237 231 230 239 230 229 249 234 232 218 230 253 224 235 225 247 242 238 242 223 235 230 236 236 235 239 237 231 231 238 235 241 248 244 236 234 234 236 246 242 236 239 217 251 233 219 230 237 247 253 241 228 234 216 228 237 229 238 224 228 241 234 233 233 233 233 233 232 232 232 233 234 234 234 234 233 232 236 236 235 235 235 236 236 237 235 237 237 236 234 233 233 235 236 237 238 239 238 237 236 235 240 238 236 236 238 238 237 235 238 237 236 235 235 236 237 238 239 238 236 234 233 234 235 236 235 235 235 235 234 233 232 231 233 231 229 229 232 234 235 235 240 239 235 234 239 245 242 236 236 236 236 236 237 237 238 238 238 238 238 236 234 232 232 232 237 236 236 235 235 236 236 237 237 239 239 238 236 235 235 237 239 238 236 235 235 236 238 239 237 237 237 237 237 237 237 237 239 236 235 238 237 234 234 236 232 232 232 232 232 232 232 232 234 234 234 234 233 232 231 231 235 235 235 235 235 235 236 236 234 233 233 232 232 233 233 234 235 235 232 232 232 230 226 224 221 218 202 156 39 14 28 31 30 31 35 36 35 30 33 38 44 52 68 85 93 85 75 69 58 55 49 39 28 19 16 13 8 8 8 9 9 10 13 13 21 22 18 17 25 20 14 21 23 21 19 20 22 23 24 21 20 15 12 13 16 18 16 14 16 16 19 24 24 21 21 25 26 26 26 26 26 27 28 29 24 26 27 27 25 24 25 26 26 25 23 20 19 18 18 19 17 17 17 16 15 14 13 13 17 17 17 17 17 17 17 17 15 20 21 19 20 27 34 34 40 33 30 28 25 23 33 42 58 80 95 105 125 139 150 166 174 189 201 208 213 217 222 221 231 243 241 237 243 246 241 244 250 248 245 243
233 233 233 232 231 231 230 230 230 230 229 229 230 232 234 236 229 230 230 230 230 231 231 231 231 231 231 230 230 230 230 230 234 233 232 230 230 231 232 233 238 232 221 0 16 0 9 77 232 220 223 234 233 226 226 229 232 233 226 228 239 234 224 229 232 93 8 0 0 95 234 236 237 234 237 233 3 0 1 0 220 242 230 164 86 33 6 0 33 139 213 226 233 236 234 240 239 235 229 229 178 124 126 124 167 237 237 236 230 234 237 118 114 142 167 203 247 234 159 98 20 15 0 26 120 210 240 237 234 233 232 236 240 238 235 239 236 229 241 250 239 165 124 57 0 14 0 3 50 77 128 221 250 246 249 219 238 226 240 233 234 234 234 233 233 233 233 233 233 233 233 234 234 233 233 233 237 237 236 235 235 236 236 237 235 237 237 236 234 233 233 235 236 237 239 239 239 237 235 234 239 238 237 237 238 238 237 235 237 237 239 239 239 239 237 237 240 239 237 236 235 235 236 237 235 235 235 235 235 234 233 232 234 232 230 231 233 235 236 236 242 240 237 235 240 246 244 237 232 232 233 233 234 234 234 234 237 236 235 235 235 235 234 233 237 236 236 235 235 236 236 237 237 239 239 238 236 235 235 237 239 238 237 236 236 237 238 239 235 235 235 235 235 235 235 235 236 234 234 237 238 235 236 239 232 232 232 232 232 232 232 232 234 234 234 234 233 232 231 231 237 237 237 237 237 237 237 237 233 233 233 233 233 233 233 233 239 236 231 230 231 232 229 227 214 207 191 137 27 16 20 14 27 31 35 37 40 38 35 29 29 53 87 112 116 102 88 79 84 78 67 52 36 23 17 14 7 5 6 7 9 10 10 12 18 19 16 17 24 19 14 21 22 20 18 18 19 18 20 17 16 13 10 11 14 15 14 12 16 15 19 23 23 19 20 24 27 26 25 26 27 29 30 30 27 27 26 23 21 22 25 27 25 23 20 18 16 16 17 17 17 16 15 15 14 13 13 13 17 17 17 17 17 17 17 17 17 22 23 21 24 30 35 33 34 33 35 35 32 28 33 37 49 72 90 104 126 141 153 169 179 192 204 210 215 221 225 224 233 245 244 242 247 247 243 248 248 247 245 243
233 233 233 232 232 232 232 232 231 230 230 231 231 232 233 234 229 229 229 229 230 230 230 230 231 231 231 230 230 230 229 229 232 232 231 231 231 232 233 233 228 247 182 0 4 3 0 177 226 212 225 237 226 227 235 228 224 234 233 229 232 231 228 233 241 156 122 191 230 237 234 226 236 233 237 232 3 0 2 0 253 162 55 5 0 0 0 10 0 0 11 131 239 250 226 234 235 236 236 228 119 3 0 3 124 226 229 233 241 241 218 13 16 0 129 255 170 26 1 9 0 5 6 0 0 25 113 222 237 245 238 229 235 237 235 241 238 250 225 150 29 3 0 0 0 6 0 0 19 2 0 45 208 221 247 229 232 235 248 221 233 233 233 233 233 233 233 233 232 231 230 230 230 230 231 232 238 238 237 236 236 236 236 237 234 236 237 236 234 233 234 236 235 236 237 237 236 234 233 231 236 235 234 235 236 236 233 231 233 235 237 238 238 237 235 233 237 237 237 237 237 236 236 236 234 235 235 236 235 235 234 233 235 233 232 233 235 237 237 236 236 236 233 231 235 240 239 234 232 233 234 235 235 235 235 234 236 234 233 234 236 237 236 234 236 236 235 235 235 235 236 236 236 238 239 238 236 235 236 238 239 238 236 235 235 236 238 239 234 234 234 234 234 234 234 234 235 232 233 237 237 235 236 239 233 233 233 233 233 233 233 233 233 233 234 234 234 233 232 232 236 238 238 237 237 237 237 236 233 233 233 233 233 233 233 233 241 237 231 231 232 232 228 225 225 198 169 103 23 17 16 11 21 27 32 34 42 47 41 30 33 64 109 142 146 130 119 114 107 98 82 60 42 28 17 9 7 5 6 7 9 9 9 8 13 15 10 12 22 17 11 17 19 17 14 13 12 14 14 11 13 11 10 10 11 12 12 11 12 12 15 19 18 15 15 19 21 22 22 24 28 31 32 32 30 29 26 22 18 18 21 23 20 18 16 14 13 13 14 14 17 16 15 14 13 13 13 13 16 16 16 16 16 16 16 16 18 22 24 23 26 32 35 32 27 29 34 35 34 32 35 37 44 68 86 102 127 142 152 165 179 193 206 211 219 225 231 232 235 246 245 245 248 246 242 249 242 243 243 244
231 231 231 231 231 232 232 232 231 231 232 232 233 232 232 232 229 227 227 227 226 226 226 226 229 228 228 228 227 227 226 228 231 232 232 233 233 232 232 231 230 234 146 1 5 0 30 223 236 226 224 226 228 233 234 226 226 229 231 229 225 225 227 230 230 218 230 224 246 226 229 235 233 230 234 230 1 0 1 0 145 55 0 0 9 0 0 0 0 8 9 0 33 162 248 233 226 232 239 238 120 0 0 0 116 233 228 226 238 239 226 0 0 0 131 157 33 0 11 0 12 5 0 0 3 0 16 88 213 243 246 234 237 237 233 238 245 162 93 31 0 11 1 3 0 3 2 2 5 0 0 1 14 76 180 253 225 224 229 233 231 230 230 231 232 232 233 233 233 231 229 227 227 229 231 234 239 238 237 236 236 236 236 236 233 235 236 236 234 234 235 237 236 237 236 236 235 234 233 232 234 233 233 234 235 235 232 230 233 233 234 234 234 234 233 233 232 233 235 237 237 236 234 233 233 233 234 235 235 235 234 234 232 231 231 233 236 237 235 235 232 234 234 231 232 236 236 234 233 234 236 237 237 237 236 235 237 235 233 234 236 237 235 233 235 235 234 234 234 234 235 235 235 237 238 238 236 236 237 239 238 237 236 235 235 236 237 238 234 234 234 234 234 234 234 234 236 233 233 236 236 233 233 236 233 231 231 231 231 231 231 231 230 230 231 232 232 232 231 233 235 237 236 236 235 235 235 234 232 233 233 234 234 233 233 232 237 234 230 230 231 227 218 211 204 157 120 54 19 19 19 22 16 25 31 33 45 56 53 41 49 77 118 151 160 154 145 144 105 92 72 53 38 25 15 6 7 6 7 8 7 6 7 6 7 10 9 12 20 15 10 16 20 17 12 11 12 13 11 11 10 9 9 8 7 7 9 10 9 8 11 15 14 11 11 17 19 20 19 22 26 29 28 27 25 26 25 22 19 18 19 21 17 16 15 15 14 14 14 14 18 17 15 14 13 13 14 14 16 16 16 16 16 16 16 16 18 21 23 23 27 32 34 29 28 29 31 31 32 36 44 49 58 79 95 110 136 150 157 167 182 195 207 211 219 226 234 235 234 245 247 246 248 243 238 247 241 242 243 245
228 229 229 230 230 231 231 232 231 232 233 234 234 232 231 228 226 226 226 226 226 226 226 225 228 228 228 227 227 226 226 225 230 233 234 234 233 232 230 229 236 227 101 8 0 9 73 220 229 232 227 228 240 230 221 231 234 222 225 232 233 232 234 229 231 230 240 228 235 231 220 233 230 226 231 226 0 0 0 0 0 2 3 28 97 164 167 129 31 0 1 0 0 96 222 229 237 233 230 230 120 2 2 0 109 239 238 232 235 232 238 3 5 9 46 5 0 15 21 135 164 178 116 29 3 2 0 0 163 217 241 235 241 241 234 237 179 18 0 0 4 0 34 123 165 171 177 120 24 0 9 0 0 0 56 227 219 245 224 233 229 229 229 230 231 232 233 234 236 234 230 228 228 230 234 236 239 239 238 236 236 236 236 236 232 234 235 235 235 235 236 238 240 239 238 237 237 236 235 235 236 235 235 236 237 236 234 231 236 235 233 232 232 233 235 236 228 230 233 236 236 235 233 231 233 232 234 235 236 235 236 235 232 230 232 234 237 236 235 233 233 237 238 234 233 236 239 238 229 230 232 233 233 233 232 231 238 236 233 234 236 237 234 232 235 234 234 233 233 234 234 235 232 236 237 237 237 237 238 240 238 237 235 234 234 235 237 238 235 235 235 235 235 235 235 235 237 234 233 236 235 231 231 234 233 231 233 231 233 231 233 231 231 229 232 231 234 232 234 234 233 235 235 234 234 233 233 232 232 233 233 234 234 233 233 232 230 229 226 228 227 220 206 196 147 97 73 23 25 22 15 16 16 24 32 34 46 62 61 49 41 58 91 117 129 123 116 114 87 71 52 36 26 20 12 6 8 7 10 8 9 8 6 5 7 10 8 13 23 17 10 16 21 18 14 11 14 14 14 14 7 10 11 10 6 6 9 12 10 10 12 16 16 12 12 18 21 21 20 21 24 25 22 19 17 20 22 23 22 21 21 22 17 17 17 17 17 17 17 16 19 17 16 14 13 13 14 15 14 14 14 14 14 14 14 14 17 18 22 22 26 32 32 27 32 31 30 24 29 39 53 61 79 96 109 123 148 161 166 174 188 199 208 211 216 225 230 231 234 244 247 245 248 240 238 247 245 245 246 246
232 231 229 228 228 229 231 232 233 230 229 230 234 235 234 229 224 224 224 225 225 224 224 223 226 225 225 224 224 225 225 227 228 228 228 229 229 230 230 231 228 231 83 0 0 5 78 237 231 229 231 230 232 229 231 229 228 227 231 230 232 229 229 226 227 226 227 227 228 228 229 228 229 226 231 227 0 0 1 0 12 0 137 226 229 241 226 240 230 48 0 0 5 32 245 233 228 228 235 229 116 2 1 1 120 232 235 234 231 234 234 2 0 6 4 0 11 162 228 239 230 236 238 230 48 0 9 0 39 239 220 246 238 234 247 235 55 0 14 0 4 141 227 244 238 231 235 242 229 166 22 0 0 3 5 215 223 238 244 227 226 225 227 229 232 233 232 230 229 229 229 230 230 231 231 231 236 237 237 234 231 232 236 240 233 234 236 237 237 236 234 233 239 238 237 236 235 236 237 238 230 231 231 232 232 233 233 233 231 232 232 233 234 235 236 236 236 234 233 234 236 237 236 235 237 234 235 233 234 233 235 234 231 230 234 233 236 234 235 234 229 230 231 233 235 237 238 239 229 230 230 231 231 232 232 232 228 229 232 235 238 237 234 231 227 229 233 236 237 236 234 233 233 233 233 233 233 233 235 235 230 229 231 233 237 239 239 238 236 236 236 236 236 236 236 236 233 232 232 231 231 232 232 233 230 229 231 230 232 231 233 232 233 231 233 230 232 230 231 231 230 231 232 231 229 230 232 234 227 230 232 231 228 227 228 232 227 235 231 222 220 219 195 167 96 55 22 22 26 16 9 13 12 8 18 30 43 61 64 51 27 31 62 89 90 79 79 79 70 59 47 37 27 18 12 13 12 9 10 7 9 10 12 11 1 3 8 10 11 8 7 6 14 11 8 5 8 8 8 8 7 6 5 5 5 7 8 9 8 7 6 6 6 8 9 12 12 15 16 17 18 20 21 21 15 17 20 23 24 22 20 18 17 14 13 14 17 17 14 11 12 11 10 10 11 14 17 19 12 12 12 12 11 10 9 8 10 12 19 23 26 29 33 35 25 30 28 21 29 34 46 63 77 104 122 133 155 168 174 179 196 204 210 211 214 223 228 228 235 238 243 248 250 247 240 235 244 243 243 242
232 231 229 228 228 229 231 232 232 230 229 230 233 235 233 229 226 225 226 226 226 226 225 225 227 227 226 225 225 226 227 228 229 229 229 229 230 230 231 231 229 229 75 0 0 6 93 239 232 231 229 228 228 229 231 232 230 231 232 233 233 232 231 230 225 225 225 225 226 226 227 227 228 226 230 227 0 0 0 0 0 101 218 249 234 229 230 231 235 148 0 2 9 0 224 235 233 233 238 231 117 2 0 0 117 229 233 233 230 232 232 0 7 1 0 0 106 220 241 226 233 221 246 228 149 2 0 2 7 214 232 234 231 243 238 190 0 2 0 0 125 228 237 226 227 242 232 229 239 253 164 16 0 0 0 194 224 235 243 234 230 228 227 228 230 230 229 227 230 230 231 231 231 232 232 233 234 234 234 232 230 230 234 237 231 232 232 233 233 232 232 231 236 235 234 233 233 234 236 236 233 233 233 234 234 234 235 235 233 234 234 235 236 237 238 238 233 231 230 231 232 233 231 230 231 231 230 230 230 230 231 232 230 231 232 233 234 233 232 231 231 231 231 232 232 233 233 233 232 232 232 233 233 233 233 233 231 231 232 235 237 238 235 233 230 231 234 236 237 236 235 235 230 230 232 232 232 232 234 234 232 231 233 235 237 239 241 238 237 235 235 235 235 235 235 235 234 233 233 232 233 233 234 235 231 231 232 232 232 232 233 233 234 234 233 233 233 232 232 232 230 231 233 232 230 229 230 232 228 231 233 232 229 228 229 230 230 231 227 224 223 210 173 137 65 39 19 21 23 16 11 13 15 10 18 28 35 49 50 35 23 23 48 73 70 59 58 53 49 42 40 38 32 24 19 19 16 15 14 14 14 14 14 15 8 8 10 9 7 6 5 6 11 8 5 4 5 7 7 7 7 7 6 6 6 7 9 10 10 9 8 8 8 9 10 13 12 15 16 17 18 19 20 21 16 18 21 23 23 22 19 18 18 18 18 19 20 19 17 14 11 10 10 9 10 12 14 13 11 9 9 9 9 9 10 9 11 13 16 21 27 31 33 32 26 32 26 20 27 31 43 60 76 99 113 125 151 168 175 180 195 204 211 213 218 225 231 231 235 236 239 242 244 243 242 239 244 244 244 243
232 231 229 228 228 229 231 232 232 231 230 231 233 233 233 229 227 227 228 228 228 228 227 227 229 229 228 227 227 228 229 229 229 229 229 230 230 230 230 231 232 228 64 2 0 5 110 236 233 230 227 225 225 227 230 233 231 232 233 233 233 233 232 231 230 230 231 231 231 232 232 232 229 227 231 228 0 0 0 0 29 209 250 234 240 232 242 230 236 235 32 8 10 0 172 238 238 237 242 234 118 2 0 0 115 228 233 234 231 233 231 0 2 0 0 42 196 246 241 233 231 225 246 226 234 39 0 4 0 170 237 229 232 245 231 175 1 4 2 42 227 255 232 231 235 235 222 231 221 241 235 49 0 0 0 167 229 232 241 240 239 236 234 233 233 233 232 231 232 232 233 233 233 234 234 234 237 238 237 236 234 235 237 239 236 235 235 234 234 235 235 236 234 233 233 233 234 235 236 237 235 235 235 236 236 236 236 237 235 236 236 237 238 238 239 239 238 237 235 235 236 236 234 233 232 232 232 232 233 234 235 236 235 235 236 236 236 235 234 234 237 237 236 236 235 234 234 233 235 235 235 234 234 234 234 234 234 233 232 234 236 237 237 235 233 233 234 235 235 236 236 236 234 234 236 236 236 236 238 238 235 234 235 236 238 239 240 237 236 234 234 234 234 234 234 234 234 233 233 233 234 235 236 237 233 233 232 232 232 232 231 231 234 234 233 233 233 232 232 232 230 232 234 233 231 229 228 229 230 231 233 232 230 229 229 229 229 222 216 215 205 172 119 79 35 27 20 21 23 20 15 13 18 15 21 28 28 37 38 26 24 22 40 61 59 52 47 38 25 24 28 33 30 23 19 19 14 14 14 14 13 12 11 11 15 15 15 13 10 8 9 11 15 12 9 9 10 11 11 10 11 10 10 10 10 11 12 13 14 14 13 12 12 13 13 14 14 16 17 18 19 20 21 21 18 20 22 23 23 21 19 17 14 16 19 19 18 15 14 13 12 12 12 12 12 13 13 11 11 9 9 10 10 10 13 13 16 15 17 22 29 33 35 31 29 35 29 23 30 33 43 58 78 99 110 120 145 163 171 177 192 202 212 216 221 228 234 234 242 240 241 242 244 245 247 246 244 244 244 245
231 230 230 229 229 230 230 231 231 231 231 231 232 232 232 229 229 227 228 228 228 228 227 227 229 228 227 227 227 227 228 229 228 228 228 228 229 229 229 229 235 228 57 4 0 1 118 230 232 231 228 226 226 228 231 232 231 232 232 232 232 232 232 231 232 232 232 233 233 233 233 233 229 227 231 227 0 0 0 0 119 244 234 218 245 236 241 238 232 245 89 3 6 5 117 240 237 237 241 233 117 2 0 0 116 230 236 237 234 235 233 0 0 0 11 111 234 240 231 240 226 245 237 226 242 92 0 3 3 128 233 234 241 237 232 212 174 137 126 157 237 224 239 248 240 228 238 253 240 225 240 82 0 0 0 148 237 233 237 241 240 237 234 232 233 233 233 232 232 232 232 232 233 233 234 234 238 238 237 237 236 236 238 239 238 237 236 235 235 236 237 238 234 234 235 235 237 238 239 239 236 236 236 236 236 236 236 236 236 236 236 237 237 238 238 238 243 241 239 239 239 239 237 235 234 234 234 234 235 237 238 239 237 237 237 236 236 235 234 234 238 238 237 236 235 234 234 233 236 235 235 234 234 233 233 232 235 233 231 231 234 235 236 235 235 234 233 232 233 234 235 236 235 235 237 237 237 237 239 239 235 234 235 235 237 237 238 234 235 233 233 233 233 233 233 233 233 232 232 233 233 234 236 236 234 233 233 232 232 231 231 230 233 232 232 232 231 231 231 230 229 232 234 234 231 228 227 226 230 230 231 231 229 228 227 227 228 219 209 199 168 115 60 30 25 27 24 23 25 28 22 15 23 17 24 29 26 31 33 27 27 24 35 51 52 51 44 30 25 23 25 27 25 19 17 19 13 13 14 15 14 12 10 9 17 18 18 16 14 12 12 13 19 17 14 14 15 16 15 14 13 13 13 13 14 14 15 15 16 16 16 15 15 15 15 15 18 19 19 20 21 22 23 23 21 22 23 23 23 21 19 17 14 18 22 22 18 15 14 15 17 17 17 17 17 16 15 14 13 11 11 12 13 14 17 17 22 19 19 24 33 37 38 32 31 38 35 32 38 42 47 61 83 106 118 123 141 155 162 169 187 198 209 215 221 229 234 234 243 241 241 241 243 245 247 247 244 244 245 246
230 230 230 230 230 230 230 230 231 231 231 231 230 230 230 229 228 226 227 227 227 227 226 226 227 227 226 225 225 226 227 227 227 227 227 227 227 227 227 227 231 226 57 5 0 0 116 229 231 231 231 230 230 231 231 231 231 230 230 230 230 230 230 231 228 228 228 228 228 228 227 227 228 226 230 227 0 0 0 0 170 228 240 234 242 234 229 238 234 228 127 0 3 11 108 236 233 233 238 231 116 1 0 0 116 230 236 237 234 235 233 0 3 0 1 170 238 242 230 230 229 243 232 231 228 117 3 0 12 110 235 237 241 231 235 245 241 236 236 243 239 236 245 224 241 233 238 227 232 242 223 86 0 0 1 140 240 234 231 236 231 229 226 225 227 228 229 228 230 230 231 231 232 232 232 232 233 233 232 232 232 233 233 233 235 234 233 232 232 233 234 235 233 234 235 236 237 238 238 238 235 235 235 235 234 234 234 234 235 235 235 235 235 236 236 236 237 236 234 233 234 234 232 230 229 229 229 229 230 232 233 234 232 232 231 230 230 229 229 229 231 231 231 230 230 230 230 230 234 234 233 233 232 231 231 231 235 232 229 229 231 233 234 234 235 233 232 230 230 231 232 234 230 230 232 232 232 232 234 234 234 233 233 233 235 235 236 232 235 233 233 233 233 233 233 233 232 232 231 231 232 233 234 234 234 233 233 232 232 231 231 230 231 231 231 230 230 230 229 229 229 231 234 234 231 228 226 226 229 228 228 228 228 226 225 223 233 223 207 181 131 72 31 19 27 28 23 21 27 35 32 26 29 21 24 27 22 26 29 23 25 22 31 47 56 65 62 47 52 43 34 29 25 21 20 23 17 18 19 19 19 17 16 14 14 17 21 21 19 17 15 14 20 18 16 16 17 18 17 15 15 16 16 17 17 17 17 17 17 17 17 17 17 17 17 16 22 22 22 23 24 24 25 25 23 24 24 24 24 22 21 20 21 25 28 27 23 20 20 21 19 19 19 19 18 17 16 15 16 16 16 16 17 19 21 22 26 23 23 28 36 40 38 34 34 42 40 40 46 48 49 60 84 112 129 133 144 153 160 170 185 195 207 212 219 227 233 232 235 235 237 238 240 241 241 239 243 244 245 246
230 230 230 230 230 230 230 230 230 231 232 231 229 229 229 231 228 226 227 227 227 227 226 226 227 226 225 225 225 225 226 227 228 228 228 227 227 227 227 226 226 226 67 5 0 0 104 230 230 231 232 232 232 232 231 230 231 230 229 229 229 229 230 231 229 229 228 228 228 227 227 227 228 226 230 227 0 0 0 0 211 219 245 235 229 242 231 231 240 229 129 0 2 0 132 230 230 230 236 229 115 1 0 0 115 228 233 234 231 233 231 0 4 0 0 213 229 238 234 233 237 222 235 236 236 111 7 0 1 118 243 233 233 235 236 240 237 243 229 224 233 244 234 242 223 230 247 233 232 216 142 42 0 0 2 139 235 236 225 230 229 227 226 226 229 230 230 229 230 230 230 231 231 231 232 232 234 233 232 233 234 235 234 232 236 235 235 234 234 235 235 236 231 231 233 234 235 235 234 234 234 234 234 233 233 233 233 232 233 233 234 234 234 234 234 234 234 232 231 231 232 232 230 228 229 229 228 229 229 230 232 232 232 232 231 230 230 230 231 231 230 230 230 231 231 231 231 231 231 231 231 231 231 230 230 230 234 231 229 229 230 232 232 232 234 233 231 230 229 230 230 231 229 229 231 231 231 231 233 233 233 231 232 232 234 234 235 232 235 233 233 233 233 233 233 233 233 232 232 231 231 231 232 232 233 233 232 232 232 232 231 231 231 231 231 231 230 230 229 229 228 230 232 232 230 228 227 227 229 227 226 226 227 226 223 221 229 215 188 147 94 47 26 28 27 25 19 18 25 36 41 42 43 28 26 25 18 18 20 15 17 20 36 54 76 99 108 97 70 53 36 27 24 22 21 22 16 17 17 18 18 18 17 17 14 18 23 24 22 19 16 15 18 16 15 15 16 17 15 13 15 16 17 18 18 18 17 17 16 16 18 19 19 19 19 20 23 23 24 24 25 25 26 26 25 25 26 26 25 25 24 23 24 25 26 25 22 20 20 20 19 19 18 17 17 16 16 16 18 18 17 17 18 20 22 23 26 25 26 30 35 38 37 33 35 41 38 37 47 49 49 59 85 113 131 136 149 158 165 175 187 197 207 212 217 225 232 232 234 235 238 240 242 242 241 238 242 243 244 244
229 230 230 231 231 230 230 229 230 232 233 232 229 227 229 231 229 229 230 230 230 230 229 229 230 229 228 228 228 228 229 230 230 230 230 229 229 229 228 228 228 234 85 7 0 0 82 228 231 231 230 229 229 230 231 231 232 231 230 229 229 230 231 232 234 233 233 233 232 232 231 231 230 227 231 228 0 0 1 0 241 226 235 226 225 244 238 230 240 231 126 2 1 0 138 230 230 230 236 229 115 0 0 0 117 229 233 233 230 232 232 0 0 1 3 230 230 229 232 242 239 221 237 236 241 115 3 0 0 130 242 232 232 241 234 230 224 234 249 214 209 174 122 120 111 88 62 43 12 3 0 0 0 0 4 145 227 240 226 231 234 233 233 234 236 237 236 234 233 233 233 234 234 234 235 235 238 236 235 236 239 239 237 235 237 238 238 239 239 238 238 237 231 232 233 234 234 234 233 232 234 234 234 234 233 233 232 232 234 234 234 233 233 233 233 233 235 233 232 233 234 235 233 232 235 234 234 233 233 234 235 235 235 234 233 232 233 234 235 236 234 234 234 234 234 234 234 234 230 230 230 230 231 231 231 231 234 232 230 230 232 233 232 231 235 234 233 232 231 230 230 230 231 231 233 233 233 233 235 235 233 231 232 233 235 236 237 233 236 234 234 234 234 234 234 234 235 235 233 232 232 231 232 232 231 231 232 232 232 232 233 233 233 233 233 232 232 232 231 231 228 230 231 230 228 228 228 230 230 228 226 226 227 227 223 220 220 195 151 103 60 34 26 28 27 24 20 20 23 31 43 58 57 36 28 25 19 19 18 13 14 20 36 54 78 108 121 110 61 44 25 20 22 22 18 15 14 14 14 14 15 16 17 18 21 24 26 25 23 20 18 18 20 18 17 18 19 19 17 15 15 15 17 18 18 18 17 17 16 17 19 21 22 22 22 22 23 23 23 23 24 24 24 24 26 26 27 27 27 27 27 27 25 22 20 18 18 18 17 16 20 20 18 17 17 17 19 19 21 20 18 18 16 18 21 22 23 24 25 27 30 32 33 33 34 37 32 31 44 51 56 67 91 113 126 133 152 167 174 181 194 202 211 214 219 227 234 234 239 238 241 242 244 245 245 242 241 242 242 243
229 230 230 231 231 230 230 229 229 232 233 232 228 227 228 231 230 231 231 232 232 231 231 230 231 230 230 229 229 230 230 231 233 232 232 231 231 230 230 230 235 245 101 10 0 0 64 222 233 231 227 225 225 227 231 233 234 233 231 230 230 231 233 234 231 231 231 230 229 229 229 228 229 227 231 228 0 0 1 0 233 231 235 241 237 229 232 238 234 222 132 3 0 6 121 234 232 231 237 230 115 0 0 0 120 232 235 234 231 234 234 2 0 8 0 223 245 234 228 234 235 240 234 233 230 132 0 0 0 135 232 235 238 243 232 235 247 227 213 56 0 0 13 6 0 2 0 16 0 0 9 3 4 0 6 151 222 246 231 237 234 233 233 235 236 236 233 231 234 234 234 235 235 236 236 236 236 234 233 234 237 238 235 232 233 234 236 237 237 236 234 233 234 235 236 237 237 235 234 233 235 235 235 234 234 233 233 232 234 234 234 234 234 234 234 233 233 232 231 232 234 234 234 232 237 236 235 234 234 234 235 235 232 231 230 230 231 232 234 235 234 233 233 232 231 231 230 230 229 229 230 231 231 232 232 232 234 233 232 232 234 234 233 231 236 235 235 234 233 231 230 230 229 229 231 231 231 231 233 233 233 232 233 234 236 237 238 235 236 234 234 234 234 234 234 234 238 237 235 234 233 232 232 232 230 231 231 232 232 233 233 234 235 235 235 234 234 234 233 233 228 229 230 229 227 228 230 232 232 229 227 227 228 228 224 221 217 182 125 73 42 31 26 24 29 27 26 26 22 25 42 66 64 41 28 28 24 22 24 17 18 22 31 40 52 75 84 71 50 33 17 17 25 25 19 12 18 17 17 17 18 20 23 24 27 27 26 23 20 17 17 18 22 20 20 20 22 21 19 17 12 13 15 16 17 16 15 14 14 16 18 21 22 23 23 23 21 21 22 22 22 22 22 23 27 27 27 28 29 29 30 30 29 25 19 18 19 21 20 18 24 22 20 19 19 20 22 24 20 19 17 16 17 17 19 20 20 23 24 26 27 28 30 31 28 30 26 26 42 55 66 82 100 114 121 130 154 172 176 180 200 207 215 216 221 229 236 237 238 237 238 238 240 242 243 242 241 241 241 242
225 226 227 228 229 229 229 229 229 229 229 229 229 229 229 229 227 226 226 225 225 225 226 227 231 230 228 227 227 228 230 231 225 226 229 232 233 233 232 231 227 226 129 7 5 0 27 235 228 221 242 232 227 235 223 237 228 232 230 225 223 228 232 231 233 231 189 223 238 238 230 231 226 224 229 227 0 0 3 2 227 228 229 230 231 233 234 234 232 232 124 1 3 1 125 234 231 228 233 229 115 0 0 1 112 225 230 232 230 233 233 0 0 0 0 230 229 230 234 232 229 230 233 231 231 128 0 3 1 124 238 236 240 230 222 245 234 118 0 13 0 0 7 0 0 0 20 0 4 29 76 51 1 0 0 145 231 232 233 231 230 231 233 234 234 233 231 230 229 231 233 235 236 236 236 235 232 233 233 234 234 235 235 236 230 231 233 235 235 234 233 232 232 232 233 234 234 235 235 235 233 234 234 235 235 236 236 237 235 235 235 235 235 235 235 235 234 232 230 230 232 235 235 235 232 230 230 231 233 234 233 232 231 231 231 232 232 232 232 232 233 234 235 234 232 231 232 233 230 228 228 229 231 232 231 230 232 232 233 234 233 232 231 229 226 229 233 234 233 231 231 231 227 228 231 232 232 232 233 233 232 232 236 237 237 237 239 237 232 231 233 234 234 233 231 230 232 232 232 232 232 232 232 232 230 230 230 230 230 230 230 230 231 231 231 231 231 231 231 231 230 230 230 229 229 228 228 228 228 226 226 227 227 223 219 217 213 186 132 75 44 40 37 32 25 23 21 24 27 33 43 58 56 38 28 25 21 23 27 21 16 18 35 51 48 48 53 52 26 23 18 18 20 21 19 16 18 19 21 24 27 29 31 32 28 30 30 25 17 14 18 23 19 20 21 21 21 19 18 17 14 17 19 18 15 14 16 18 19 16 17 21 22 21 21 25 23 23 25 27 30 30 27 25 19 23 27 30 31 31 33 35 33 32 30 28 27 26 27 28 23 23 23 23 23 23 23 23 21 23 25 25 27 27 25 25 17 27 31 28 29 40 46 45 40 36 35 33 38 50 64 76 98 109 117 130 152 165 174 185 194 205 216 220 225 231 235 234 230 232 238 241 242 241 241 239 242 242 242 243
226 227 228 228 228 228 228 227 230 230 230 230 230 230 230 230 227 226 226 225 226 226 227 228 227 227 226 226 226 226 227 227 225 226 229 231 231 231 229 228 236 226 151 0 0 0 23 223 235 231 231 226 232 232 224 241 233 231 228 227 229 232 232 229 232 213 25 9 48 146 214 233 227 225 230 227 0 0 2 0 234 234 233 233 233 233 232 232 233 233 124 1 3 1 124 234 232 228 233 229 115 0 0 1 114 227 232 233 230 233 233 0 0 0 0 232 231 232 235 232 230 231 233 232 231 128 0 2 2 124 228 227 233 236 244 232 76 31 0 0 13 2 0 2 7 0 59 112 170 220 238 86 1 0 1 146 232 233 234 231 233 232 232 232 232 233 233 234 232 232 233 234 235 235 235 235 232 232 232 232 233 233 233 233 232 232 232 232 232 233 234 234 233 233 233 233 234 234 234 234 233 233 233 233 234 234 234 234 233 233 233 233 233 233 233 233 236 234 232 232 234 236 236 235 233 231 231 232 234 235 234 233 233 233 233 233 233 232 232 232 231 232 233 232 231 230 231 232 230 229 228 229 231 232 231 230 231 232 232 233 232 231 230 229 226 228 231 231 230 229 230 231 230 230 232 231 231 231 233 233 231 231 234 234 234 234 237 235 234 233 234 235 235 234 233 232 232 232 232 232 232 232 232 232 231 231 231 231 231 231 231 231 231 231 231 231 231 231 231 231 228 228 228 228 227 227 227 226 226 223 222 224 225 223 218 214 213 179 123 73 45 37 31 25 19 20 22 27 28 28 32 42 45 29 23 23 20 21 24 17 25 24 34 42 33 31 31 25 23 19 13 14 21 26 25 22 20 20 20 21 23 26 28 30 34 32 28 24 19 17 17 18 18 19 19 20 19 18 17 16 14 16 18 17 14 13 15 17 17 15 16 20 21 19 20 24 23 22 21 23 26 27 26 24 21 23 27 28 28 28 28 30 29 28 26 24 23 22 23 23 20 20 20 20 20 20 20 20 20 21 23 25 24 24 22 22 14 23 28 24 28 39 45 42 40 37 39 42 48 58 64 69 95 112 123 135 157 167 175 189 195 204 214 219 224 229 234 233 234 235 239 241 242 241 242 241 239 239 240 240
228 228 229 229 229 228 227 227 232 232 232 232 232 232 232 232 228 228 228 228 228 229 230 231 228 228 229 229 229 229 228 228 226 227 228 229 230 229 227 226 233 219 210 5 3 0 10 123 224 233 231 224 217 234 244 210 231 227 227 232 237 236 233 231 247 188 0 0 2 13 141 220 231 229 233 230 2 0 2 0 237 236 236 236 235 235 235 234 235 235 125 1 2 0 123 233 232 229 234 230 115 0 0 0 117 230 234 234 231 234 232 0 0 0 0 234 233 234 236 233 232 233 235 232 231 127 0 0 0 126 229 234 235 235 241 155 4 0 0 8 98 138 156 188 223 240 229 241 250 228 241 80 2 0 1 146 233 234 236 233 237 236 234 233 234 236 238 240 237 237 236 236 236 236 237 237 234 234 234 234 234 233 233 233 236 235 233 232 233 235 237 238 234 234 234 234 234 233 233 233 235 235 235 234 234 234 234 234 233 233 233 233 233 233 233 233 238 236 234 234 235 236 236 235 234 233 232 233 235 236 235 234 236 235 235 234 234 233 232 232 231 233 234 233 232 232 233 234 233 231 231 231 233 234 233 232 233 233 233 234 233 232 231 231 229 231 231 231 230 230 231 233 234 233 233 231 231 231 234 234 234 233 234 233 233 233 236 235 235 234 235 235 235 235 234 233 232 232 232 232 232 232 232 232 232 232 232 232 232 232 232 232 231 231 231 231 231 231 231 231 229 229 229 229 228 228 227 227 227 224 221 222 223 220 212 203 189 147 94 59 42 33 25 22 20 19 20 22 22 20 23 33 33 20 16 21 20 20 24 17 25 38 57 56 34 24 31 35 29 22 15 15 21 26 26 24 26 23 20 18 18 20 23 26 36 32 25 21 20 18 15 12 16 16 17 17 17 16 15 14 15 17 18 17 16 15 16 17 17 15 16 20 21 19 20 23 20 19 18 20 22 24 23 22 21 23 25 25 24 23 23 24 24 23 21 19 18 17 17 17 16 16 16 16 16 16 16 16 18 21 20 21 22 20 17 17 12 21 24 22 28 39 47 46 47 45 46 51 58 68 73 77 98 116 131 143 161 166 172 185 195 204 214 218 222 228 233 232 238 239 241 241 241 241 243 243 243 243 243 244
231 231 231 231 231 229 228 228 231 231 231 231 231 231 231 231 229 228 228 228 229 230 232 232 231 232 233 234 234 233 232 231 228 229 230 230 229 228 227 226 226 228 240 75 0 2 0 22 208 239 225 238 248 222 227 238 228 229 231 234 233 229 229 232 220 118 11 4 7 5 199 247 235 232 236 232 3 0 2 0 234 235 235 236 237 238 238 239 237 236 126 1 2 0 123 233 233 230 235 230 115 0 0 0 119 232 236 236 232 234 232 0 0 0 1 236 235 236 237 233 234 235 236 233 231 126 0 0 0 131 234 242 238 233 235 77 12 0 9 100 209 249 251 254 243 236 247 219 231 241 200 83 2 0 2 147 234 235 237 234 237 236 235 235 236 237 239 240 240 239 237 235 235 235 236 237 239 238 238 237 237 236 236 235 238 237 237 236 237 238 239 240 237 237 236 236 235 234 234 234 239 239 238 238 237 236 236 236 237 237 236 236 236 235 235 235 239 237 235 235 236 236 235 233 236 234 233 234 236 236 235 234 238 237 236 235 234 233 233 232 234 236 237 237 235 235 236 238 236 235 234 235 236 237 236 235 235 235 235 235 235 234 234 233 235 235 234 233 231 232 235 238 236 234 234 231 230 231 234 235 239 237 237 235 234 235 239 238 235 234 234 234 234 234 234 233 233 233 233 233 233 233 233 233 233 233 233 233 233 233 233 233 231 231 231 231 231 231 231 231 232 232 232 231 231 231 230 230 232 229 224 222 222 217 201 184 142 99 54 38 36 30 24 25 24 20 14 13 13 15 24 38 29 16 15 19 18 22 25 22 27 61 95 81 35 14 26 37 28 25 20 19 21 27 32 35 32 28 22 17 14 15 18 20 27 24 20 17 14 12 9 8 12 12 12 11 11 10 10 10 14 15 15 15 15 14 15 15 15 13 13 18 19 17 18 21 17 17 18 21 23 23 21 19 19 20 22 22 20 19 20 22 20 19 18 16 15 14 13 12 12 12 12 12 12 12 12 14 18 18 19 17 17 17 15 13 12 19 22 22 28 43 53 51 54 53 54 54 60 73 86 96 106 126 142 153 166 170 174 185 197 205 215 218 223 229 234 233 241 240 241 240 240 240 243 244 246 246 246 246
233 233 233 233 233 232 231 230 231 231 231 231 231 231 231 231 230 230 229 229 230 231 232 233 232 233 235 236 236 235 233 232 231 231 231 231 230 229 228 227 232 238 226 175 0 3 0 4 94 234 239 215 245 226 216 244 231 234 234 230 226 228 234 239 244 50 0 0 0 61 249 242 238 235 238 234 4 0 3 0 234 235 235 236 236 237 237 237 238 237 126 0 2 0 124 234 234 231 235 231 116 0 0 0 120 233 237 236 232 234 232 0 0 0 2 236 236 236 238 234 235 236 237 233 231 127 0 0 1 133 234 235 236 238 246 53 10 0 1 179 242 242 237 215 226 235 224 243 232 244 248 41 1 0 1 147 234 235 237 235 235 236 237 239 239 239 238 237 241 240 238 236 235 235 236 237 239 239 238 238 237 237 236 236 234 235 237 238 238 238 237 236 239 238 238 237 237 236 236 235 239 239 238 238 237 236 236 236 238 237 237 237 236 236 235 235 237 235 234 234 235 235 233 231 237 235 234 235 236 237 235 234 238 238 237 236 235 234 233 233 235 237 238 237 236 235 236 238 236 235 234 234 236 236 235 234 235 235 234 234 233 233 233 233 236 236 235 232 231 232 235 238 236 234 234 231 230 231 234 235 239 238 237 235 234 235 239 238 235 232 232 232 232 232 232 233 233 233 233 233 233 233 233 233 233 233 233 233 233 233 233 233 231 231 231 231 231 231 231 231 232 232 232 231 231 231 230 230 232 229 224 222 222 213 187 161 104 65 30 27 33 29 24 26 21 17 12 12 12 17 27 42 28 14 12 16 14 17 25 24 35 69 101 83 34 10 12 11 22 25 25 22 22 27 38 48 35 30 24 17 13 12 13 14 15 18 19 15 10 7 9 12 12 11 11 10 10 10 10 10 14 13 13 13 13 14 13 13 13 11 12 16 17 15 16 20 14 16 19 23 26 24 20 16 15 17 19 19 18 19 21 23 19 19 18 16 15 13 11 10 10 10 10 10 10 10 10 12 16 16 16 16 14 15 13 11 10 17 19 20 29 48 57 57 57 61 66 64 65 72 89 103 112 131 146 156 169 173 178 190 200 208 217 219 224 230 235 235 241 240 240 239 239 240 243 244 243 243 243 242
233 233 234 234 234 233 232 231 230 230 230 230 230 230 230 230 232 232 231 230 230 231 231 232 231 232 232 233 233 232 232 231 232 232 231 230 230 229 229 229 237 218 237 225 74 0 0 2 0 128 229 241 224 234 242 213 229 234 232 228 233 243 238 223 179 11 0 19 0 98 224 217 238 235 239 234 5 0 3 1 238 238 237 236 235 234 233 233 238 237 126 0 2 1 125 236 235 231 236 231 116 0 0 0 120 232 236 236 232 234 232 0 0 0 1 235 235 236 238 235 235 236 237 234 232 127 0 0 0 126 238 235 241 240 240 35 2 0 0 206 233 222 245 244 221 253 218 235 243 239 218 11 0 0 0 146 234 235 237 234 235 236 238 240 240 238 236 234 240 239 238 237 237 236 237 237 236 235 235 235 235 235 234 234 230 232 234 236 236 235 234 232 238 238 238 237 237 237 237 237 235 235 235 234 234 234 234 234 236 236 236 235 234 233 233 233 235 234 234 235 236 236 234 232 237 235 234 234 236 236 235 233 237 236 236 235 235 234 234 233 234 235 236 235 233 232 233 234 234 233 231 232 233 233 232 230 233 233 231 231 230 230 231 231 234 234 233 230 229 229 232 235 234 233 233 231 231 231 234 234 236 235 235 234 234 234 238 236 235 232 231 231 231 231 232 233 234 234 234 234 234 234 234 234 233 233 233 233 233 233 233 233 231 231 231 231 231 231 231 231 229 229 229 229 228 228 227 227 226 225 221 219 218 204 168 132 83 54 29 28 32 28 22 23 14 14 13 17 17 18 24 33 26 14 12 14 7 11 19 19 23 43 61 58 46 47 41 22 34 34 31 24 17 18 26 34 29 26 22 17 13 11 10 10 10 15 19 16 10 7 11 16 14 14 13 12 11 11 12 12 13 11 10 11 12 13 12 11 13 10 11 15 16 14 15 19 14 16 19 24 26 25 20 16 14 15 17 18 18 20 23 25 20 20 19 18 16 13 11 10 10 10 10 10 10 10 10 12 15 16 14 14 13 14 13 12 11 15 17 17 31 52 62 61 60 68 76 79 77 80 90 99 109 125 137 145 163 169 176 189 202 209 218 220 224 230 236 236 240 239 240 239 239 241 244 245 244 244 244 243
230 231 232 232 232 232 232 231 232 232 232 232 232 232 232 232 234 234 232 231 231 230 231 231 231 231 230 230 230 230 231 231 230 230 229 229 229 229 229 229 233 209 250 230 188 70 6 0 11 4 122 231 230 226 239 234 228 233 229 228 241 236 181 117 10 0 2 0 16 175 253 238 236 233 237 232 3 0 2 0 239 239 238 237 235 234 233 233 238 236 125 0 2 2 127 238 236 232 236 232 116 0 0 0 118 231 235 235 232 234 232 0 0 0 0 233 233 235 239 237 234 235 236 234 232 128 0 1 0 120 243 234 244 239 228 32 0 3 10 186 238 231 235 237 244 224 248 216 235 224 68 2 0 0 0 145 233 234 236 234 238 238 238 237 237 236 235 234 238 238 238 239 238 238 237 237 234 234 234 234 234 235 235 235 233 233 234 234 235 235 235 235 235 235 235 236 236 236 236 236 233 233 233 233 234 234 234 234 237 237 236 235 234 233 233 232 235 234 234 236 238 238 236 234 237 235 234 234 235 235 234 232 235 235 235 234 234 234 234 234 235 236 236 235 232 230 231 232 235 234 232 232 233 234 232 231 235 234 233 231 231 231 232 233 233 233 233 231 229 229 231 233 230 230 232 231 231 231 233 233 233 233 235 235 236 236 238 237 236 233 232 231 231 232 233 234 234 234 234 234 234 234 234 234 232 232 232 232 232 232 232 232 231 231 231 231 231 231 231 231 228 228 228 228 227 227 227 226 223 223 219 215 210 189 141 95 60 44 29 28 30 27 22 21 16 15 13 14 13 12 17 26 27 15 13 14 7 7 12 10 8 13 22 30 49 78 77 48 43 37 29 19 13 10 10 12 16 16 16 15 14 12 10 9 10 14 16 15 13 11 13 14 16 15 14 13 12 13 14 14 14 12 10 11 14 15 13 11 14 12 13 17 18 16 17 21 17 16 17 19 22 22 21 19 15 17 18 18 18 20 23 26 20 20 20 19 17 14 11 10 11 11 11 11 11 11 11 13 14 15 14 14 13 15 15 14 15 18 19 21 36 58 71 70 72 76 81 89 94 100 106 109 118 128 133 137 156 165 174 188 202 209 217 219 223 229 235 235 239 239 241 242 242 243 246 247 246 246 245 245
227 228 229 230 231 231 231 231 233 233 233 233 233 233 233 233 236 235 233 232 231 230 230 230 233 232 230 229 229 230 232 233 229 228 228 227 227 228 228 229 227 235 224 234 231 198 27 7 0 0 13 60 175 239 216 231 233 236 229 227 234 202 91 0 2 0 0 13 153 234 237 228 234 231 235 230 1 0 1 0 236 237 237 237 237 237 237 237 237 236 124 0 2 2 128 240 236 232 237 232 116 0 0 0 117 230 234 234 231 234 232 0 0 0 0 231 231 234 239 237 234 235 236 234 233 129 0 2 10 121 241 221 237 240 238 63 10 0 0 117 227 251 233 231 234 236 229 248 144 10 0 0 0 0 0 144 232 233 236 233 239 237 235 232 231 231 232 233 234 235 237 238 238 237 235 234 234 235 235 236 236 237 237 238 238 235 234 233 233 235 237 238 232 233 233 234 234 235 235 235 233 234 234 235 235 236 236 237 240 239 239 238 237 236 235 235 235 235 235 238 240 240 238 236 237 235 233 233 234 234 233 231 233 233 234 234 234 234 234 234 238 239 239 237 233 231 231 232 239 237 236 236 237 237 235 233 239 238 236 235 234 235 236 237 234 235 235 233 231 231 232 233 227 228 231 232 232 232 233 233 234 234 236 237 239 239 239 239 236 235 233 232 232 233 235 236 234 234 234 234 234 234 234 234 232 232 232 232 232 232 232 232 231 231 231 231 231 231 231 231 230 230 230 229 229 228 228 228 225 226 221 214 205 177 121 69 35 29 23 23 25 26 23 22 25 19 10 6 2 4 14 26 28 17 18 19 10 6 9 5 10 9 8 9 27 61 67 40 35 26 15 11 12 14 11 7 5 8 11 14 14 13 11 9 10 9 10 9 12 10 10 5 14 10 11 8 9 8 11 9 14 9 9 8 13 12 12 8 14 10 13 15 18 14 17 19 19 17 15 15 17 20 21 21 18 19 19 19 18 20 23 26 22 22 22 19 19 14 11 9 12 12 12 12 12 12 12 14 14 14 13 14 13 15 16 15 21 22 22 24 41 63 77 78 85 80 81 90 106 120 129 133 141 146 144 145 160 171 178 191 201 210 216 218 221 228 234 234 239 240 243 244 245 246 246 247 242 242 241 241
230 230 230 231 231 232 232 232 233 232 231 231 233 234 232 231 229 230 232 233 232 230 228 227 230 234 236 235 231 229 230 232 230 230 230 231 231 232 230 230 231 222 228 235 237 223 120 0 4 0 0 0 1 42 137 229 236 214 205 156 90 0 0 7 7 0 23 135 227 246 235 235 222 236 233 231 2 0 0 8 232 232 232 233 233 234 234 234 228 244 130 0 0 0 124 237 228 233 240 235 113 1 10 0 109 235 230 236 225 235 225 4 6 0 1 233 239 230 236 246 227 245 235 232 233 121 0 6 0 117 246 232 245 242 218 111 0 1 0 28 137 231 248 233 227 240 241 105 4 3 0 19 1 0 0 130 225 228 241 236 232 232 232 233 234 235 237 238 229 231 234 234 233 233 234 235 232 233 236 238 237 238 237 237 234 236 237 237 235 235 237 239 232 235 237 238 239 239 238 237 234 235 237 238 238 237 235 234 233 237 240 239 236 234 234 236 235 233 231 234 238 241 240 238 232 233 234 235 235 235 235 234 234 233 232 232 232 232 233 234 233 234 236 237 237 236 234 233 236 235 233 232 232 233 235 236 233 234 236 237 237 236 235 234 233 233 233 233 233 233 233 233 230 231 233 234 234 233 231 230 227 228 231 234 237 237 236 233 230 230 230 231 231 232 234 234 234 234 236 236 236 236 236 236 232 234 236 236 234 233 234 235 235 236 236 236 235 233 231 228 231 231 229 226 226 227 231 234 215 234 219 208 215 174 100 61 29 24 21 18 16 17 19 20 14 12 10 9 9 10 12 13 25 22 18 16 16 16 14 13 16 15 10 3 0 4 16 27 34 30 23 16 12 11 12 13 1 1 4 8 13 16 16 14 9 11 10 3 5 7 11 7 7 5 7 6 8 7 9 7 3 3 8 9 12 10 11 8 4 5 11 13 17 15 16 15 18 15 14 18 21 22 23 26 13 13 15 18 23 27 28 28 22 22 20 15 14 10 12 13 5 7 8 11 12 12 10 9 8 9 9 9 10 13 15 17 19 10 7 16 36 58 75 79 82 81 86 99 120 136 144 147 150 158 165 169 170 175 183 190 199 207 215 221 225 229 234 239 233 235 238 240 243 244 244 246 241 241 241 241
230 230 230 231 231 232 232 232 233 231 230 231 232 233 232 230 228 229 230 231 231 229 227 226 226 228 230 231 231 231 232 233 230 230 231 231 231 232 230 230 232 226 230 231 229 233 178 82 0 0 4 2 1 3 1 0 0 5 4 0 0 2 7 0 0 21 119 223 249 216 216 253 237 234 228 240 0 6 0 0 232 232 232 233 233 234 234 234 230 237 124 0 8 6 126 228 247 233 228 225 113 1 5 0 113 248 225 238 236 243 241 3 0 7 0 235 234 240 244 226 228 236 233 244 245 127 0 3 3 117 232 220 240 246 244 173 0 0 0 0 14 43 87 130 126 60 12 6 9 1 5 30 0 0 0 96 246 234 240 236 233 232 232 232 233 235 236 237 236 238 238 236 233 231 230 232 237 238 238 239 236 235 233 232 235 234 231 232 234 235 234 235 233 236 237 239 239 238 237 236 235 235 237 237 237 237 235 235 235 237 239 238 235 233 233 235 234 233 233 234 237 238 238 237 233 233 234 234 235 235 235 235 234 234 233 233 233 233 234 234 233 234 236 237 237 236 234 233 235 235 234 233 233 234 235 235 235 236 236 236 236 236 235 235 234 234 234 234 234 234 234 234 232 232 233 233 233 233 232 232 228 230 232 234 235 234 233 232 228 228 230 231 231 232 234 234 234 234 236 236 236 236 238 238 232 234 236 236 234 233 234 235 235 235 235 235 234 233 232 230 226 224 226 226 227 227 229 230 227 232 217 207 202 146 77 50 27 23 20 17 16 16 17 18 13 12 10 9 10 11 13 14 22 19 15 13 13 12 10 9 13 12 10 5 3 5 13 19 27 24 18 13 10 9 10 11 3 3 5 9 13 15 15 13 8 9 8 4 3 7 8 5 5 5 5 6 6 7 7 7 2 4 6 9 10 9 8 8 5 6 10 13 15 16 15 15 22 17 15 19 21 21 22 24 21 20 21 24 27 30 30 29 25 25 23 19 16 14 12 14 11 11 10 11 10 9 8 7 8 9 10 9 9 12 14 17 17 10 8 18 40 60 76 80 77 82 96 110 131 148 160 166 168 173 178 180 180 182 187 194 204 212 220 225 228 232 237 241 237 238 240 242 243 244 243 243 242 242 242 242
230 230 231 231 231 231 232 232 232 230 229 230 231 232 231 229 228 228 229 230 230 228 227 225 222 223 224 228 231 234 234 233 230 231 231 231 232 232 230 230 231 229 235 230 221 235 229 191 136 70 11 0 0 0 0 4 0 0 0 15 10 7 0 4 63 148 225 240 231 235 239 232 227 229 232 244 0 0 2 6 232 232 233 233 233 233 234 234 235 236 129 0 0 0 122 235 228 227 238 236 118 0 0 5 124 250 219 244 244 234 228 0 5 17 0 241 236 227 237 236 243 236 228 237 231 116 0 0 1 128 244 232 235 227 248 235 124 49 0 0 0 2 1 0 0 25 0 0 26 91 177 175 0 10 6 55 240 220 229 236 234 234 233 234 234 235 236 237 231 233 235 235 235 235 237 239 239 239 239 238 235 234 232 232 236 232 230 232 234 236 233 232 234 237 238 239 239 237 236 235 235 236 236 237 237 236 236 235 236 237 237 235 232 231 232 233 232 233 234 234 234 234 235 237 233 233 234 234 235 235 235 235 236 235 235 234 234 235 235 236 233 234 236 237 237 236 234 233 235 235 234 234 234 234 235 235 238 237 236 235 234 234 234 234 234 234 234 234 234 234 234 234 234 234 233 233 233 233 234 234 230 231 233 234 234 233 231 230 228 228 230 231 231 232 234 234 234 234 236 236 236 236 238 238 232 234 236 236 234 233 233 234 235 235 234 233 233 233 234 232 229 229 230 230 230 229 228 227 230 222 200 186 166 103 44 34 23 20 19 17 16 15 15 15 12 11 10 9 10 11 13 15 17 15 11 10 9 8 6 5 10 9 8 7 7 7 8 9 16 14 12 9 7 7 7 8 5 5 6 8 11 13 12 11 5 8 8 4 4 6 6 3 5 5 6 6 6 6 7 7 4 5 7 8 9 9 8 7 8 9 10 12 15 16 18 18 24 18 16 19 21 20 21 24 24 23 22 24 25 26 24 23 24 24 22 19 15 13 12 13 13 13 10 9 9 9 9 10 9 10 10 10 9 10 13 14 17 11 11 21 44 63 76 79 77 85 103 120 140 158 173 182 187 191 194 195 193 194 196 201 211 218 225 229 232 235 240 245 241 242 243 243 244 243 243 242 248 248 248 248
231 231 231 231 231 231 231 231 231 230 228 229 231 231 230 229 229 230 230 230 230 229 228 227 224 222 223 227 233 236 235 233 231 231 231 232 232 232 231 231 228 230 237 232 219 227 237 231 238 234 176 74 5 0 1 0 5 0 0 10 0 0 74 196 218 228 235 235 234 235 234 232 246 245 235 221 13 1 0 0 233 233 233 233 233 233 233 233 230 219 123 12 0 15 133 235 241 241 244 223 113 8 0 0 97 240 240 230 227 245 219 1 0 0 8 230 242 233 235 240 235 236 240 244 228 127 14 3 0 119 234 246 253 229 232 233 241 241 182 58 0 0 18 0 0 0 12 152 239 225 236 226 17 7 0 28 225 242 247 236 234 233 233 233 233 234 234 235 226 228 230 232 233 235 238 241 236 237 237 237 235 235 235 235 234 233 233 233 233 234 233 234 235 238 239 239 238 237 235 234 236 236 236 236 236 236 236 236 237 236 234 232 231 230 231 232 230 233 236 235 232 231 233 236 234 234 234 234 234 235 236 236 237 236 236 235 235 236 236 237 234 235 235 236 236 235 235 234 235 235 235 234 234 235 235 235 238 237 235 233 232 232 232 233 235 235 235 235 235 235 235 235 236 235 233 232 232 233 235 236 232 233 233 233 233 232 230 230 228 228 230 231 231 232 234 234 234 234 236 236 236 236 238 238 233 235 236 236 234 233 233 234 235 234 233 232 232 234 235 236 237 233 232 230 230 227 225 222 225 207 174 145 115 63 26 24 21 18 17 16 15 14 13 12 9 9 8 8 9 10 12 13 12 10 8 7 8 8 6 5 10 8 7 7 8 7 5 3 7 6 6 5 5 5 5 5 6 5 5 6 8 9 8 7 3 7 7 4 4 6 5 1 6 6 6 6 6 6 6 6 5 6 7 8 8 8 7 6 11 11 11 12 14 17 20 21 23 18 16 19 22 21 22 25 25 24 23 23 23 22 19 16 19 20 19 17 14 12 11 12 12 11 8 8 9 11 14 16 11 11 12 10 9 9 11 11 15 10 13 25 48 67 77 79 83 90 104 124 146 167 182 190 201 204 207 207 205 205 207 209 217 224 230 232 234 236 241 246 241 241 242 243 243 243 243 243 250 250 250 250
231 231 231 231 231 231 231 231 231 230 228 229 231 231 230 229 231 232 232 232 231 231 230 229 229 227 226 229 234 236 234 231 231 231 232 232 232 233 231 231 230 230 232 232 224 224 228 228 231 217 222 243 236 182 113 71 72 62 57 107 144 196 216 239 245 238 234 234 233 230 231 235 228 229 231 246 211 229 234 238 233 233 233 233 233 233 233 233 229 246 236 222 238 222 226 231 228 225 231 243 232 229 244 238 250 237 221 242 236 223 241 224 253 245 219 248 223 234 235 228 245 240 232 223 234 230 214 239 227 248 248 223 234 229 235 243 243 215 218 222 178 130 119 123 160 199 225 235 233 234 239 229 238 252 240 219 241 219 226 235 234 233 232 231 231 231 232 232 234 235 234 233 231 230 232 234 237 239 237 237 237 237 235 236 232 237 239 238 234 232 234 240 235 238 239 239 238 237 235 234 236 236 236 236 236 236 236 236 237 235 233 231 231 231 231 232 230 233 235 234 231 230 233 235 235 235 234 234 234 235 237 237 237 237 236 236 236 236 237 237 235 235 235 235 235 235 235 235 235 235 235 236 236 235 235 235 236 235 233 231 230 230 230 231 235 235 235 235 235 235 235 235 236 235 233 232 232 233 235 236 233 233 233 233 232 231 230 230 228 228 230 231 231 232 234 234 234 234 236 236 236 236 238 238 233 235 236 236 234 232 232 233 235 234 233 232 232 234 235 236 236 233 230 228 227 224 223 219 219 193 148 103 69 41 25 23 19 17 16 15 14 13 12 11 7 7 7 7 8 9 9 10 7 6 6 7 9 10 9 7 11 9 7 6 6 6 5 3 2 2 3 4 4 4 4 4 7 5 3 4 5 6 5 4 3 7 7 4 4 6 5 1 6 6 6 6 6 6 6 6 6 6 7 7 8 7 7 7 12 12 12 12 15 18 21 23 22 17 16 20 23 22 23 26 28 27 26 26 26 24 20 17 15 17 17 17 15 15 13 15 13 12 9 8 9 12 15 17 12 12 13 12 10 9 10 10 12 10 15 29 53 72 82 86 94 93 101 123 152 177 190 194 208 210 213 214 215 214 215 216 222 228 232 234 234 235 240 244 239 239 240 241 242 243 244 245 244 244 244 244
232 232 231 231 231 231 230 230 232 230 229 230 231 232 231 229 233 233 232 232 232 231 231 231 232 231 231 232 234 234 233 231 232 232 232 232 233 233 231 232 235 231 226 227 230 230 228 229 217 242 243 216 209 230 238 224 213 228 233 234 225 234 236 239 216 234 240 230 228 239 240 229 244 242 234 225 243 235 229 230 234 234 233 233 233 233 232 232 228 231 231 232 246 242 237 232 240 239 236 231 228 238 241 226 226 230 245 232 225 240 238 231 230 225 238 236 229 241 235 234 233 237 244 232 234 243 234 243 237 236 232 230 243 239 232 227 233 242 249 241 226 228 236 233 226 229 250 240 236 245 231 236 241 240 232 241 240 252 243 230 235 234 233 232 231 231 231 231 235 235 235 234 233 233 236 241 242 242 238 237 236 235 233 233 231 238 242 240 233 230 234 243 234 237 238 239 239 237 236 235 237 236 236 235 235 236 236 237 236 234 232 232 233 234 233 232 231 232 233 233 233 233 234 235 236 235 234 234 234 235 237 238 237 236 236 235 235 236 236 237 235 235 235 235 235 235 235 235 235 235 236 236 236 236 235 235 234 233 232 231 231 230 231 231 234 234 234 234 234 234 234 234 234 234 233 233 233 233 234 234 234 233 233 232 232 231 231 231 228 228 230 231 231 232 234 234 234 234 236 236 236 236 238 238 234 236 237 236 234 232 232 232 235 235 234 233 233 233 234 234 235 232 229 229 230 227 224 219 213 173 119 71 44 34 30 25 20 17 15 13 12 12 11 12 8 8 8 8 8 8 8 7 6 5 6 8 10 11 10 8 11 11 9 8 7 6 6 7 4 4 4 4 4 5 5 5 7 5 3 3 4 5 4 3 5 8 8 4 4 6 6 3 7 7 6 6 6 6 5 5 6 6 6 7 7 8 8 9 12 12 12 13 15 18 21 22 24 19 17 20 23 22 23 26 23 23 23 24 25 23 19 16 18 20 21 21 19 19 17 18 17 16 12 10 10 11 12 14 12 13 14 13 11 10 11 12 12 8 14 31 54 76 87 88 95 93 101 126 159 188 200 201 212 213 216 219 221 221 220 221 226 231 234 234 233 234 239 243 239 239 239 240 241 243 245 246 244 244 244 244
232 232 232 231 231 230 230 230 233 231 230 231 232 233 232 230 233 232 231 231 230 230 230 231 232 233 235 234 233 231 231 232 232 232 232 233 233 233 232 232 234 234 225 224 231 233 230 233 235 227 231 245 247 235 229 234 239 235 241 238 238 224 229 234 244 220 220 244 246 225 224 245 228 234 237 230 236 229 232 238 234 234 234 233 233 232 232 232 238 234 236 231 223 226 231 239 222 233 247 241 233 236 234 233 234 230 238 237 233 233 228 230 247 233 228 242 232 230 230 247 243 234 239 227 223 235 233 239 241 238 242 244 232 227 231 233 229 226 225 237 250 244 235 238 243 228 238 240 244 246 231 238 234 242 242 244 230 240 231 234 239 239 237 236 235 235 234 235 233 234 235 235 235 238 242 245 242 241 239 238 235 236 236 237 232 236 240 238 233 232 235 240 233 236 237 239 239 238 237 236 237 237 235 235 235 235 237 237 234 232 231 233 236 236 234 232 232 231 231 232 235 236 236 235 237 236 234 234 234 236 238 239 236 236 235 235 235 235 236 236 236 235 235 234 234 235 235 236 235 235 236 237 237 236 235 235 233 233 234 234 234 233 233 232 234 234 234 234 234 234 234 234 232 232 233 233 233 233 232 232 233 233 232 232 231 231 232 232 228 228 230 231 231 232 234 234 234 234 236 236 236 236 238 238 234 236 237 236 234 232 231 232 235 235 235 235 234 233 232 232 234 232 232 233 232 225 214 205 191 133 77 47 35 29 28 25 21 17 15 12 11 11 12 13 11 11 11 10 10 9 8 7 7 7 7 8 10 10 7 5 8 11 14 13 9 7 8 9 8 8 7 6 5 6 6 7 9 7 4 4 5 6 5 5 8 9 8 4 3 7 8 5 7 7 7 6 6 5 5 5 5 5 5 6 7 8 10 10 11 11 12 14 16 18 20 21 28 22 19 21 22 20 20 22 18 19 20 23 25 24 20 17 21 23 24 23 21 18 16 16 17 16 13 11 11 12 13 13 10 12 15 15 13 12 12 13 14 11 13 26 48 66 76 77 81 85 101 130 165 194 208 210 218 220 222 225 226 226 224 224 229 233 235 235 233 234 238 242 243 242 241 241 242 243 244 245 247 247 247 247
232 232 232 231 231 230 230 230 233 232 231 231 233 234 232 231 232 231 230 229 229 229 229 230 230 233 236 235 231 229 231 233 232 232 232 233 233 234 232 232 229 236 229 224 231 231 226 230 231 233 232 228 227 230 234 235 236 230 234 219 237 233 240 227 232 238 238 232 230 233 235 232 239 230 232 241 229 237 238 228 234 234 234 233 233 232 232 232 244 229 230 233 228 238 233 230 241 233 234 231 233 235 229 233 231 237 227 234 240 237 240 227 224 247 222 244 228 241 240 229 240 223 236 241 238 242 234 235 242 228 233 243 229 232 238 232 238 246 233 224 238 239 231 238 232 233 236 238 236 231 231 234 233 242 236 225 231 238 230 245 242 241 239 238 237 236 236 236 239 239 237 234 231 231 233 235 237 237 236 237 238 238 241 242 233 234 235 235 234 234 235 237 234 235 237 238 239 239 238 237 238 237 235 234 234 235 237 238 232 231 231 234 238 238 236 232 233 230 229 232 236 239 238 235 237 236 234 233 234 236 238 239 236 235 235 234 234 235 235 236 236 235 235 234 234 235 235 236 234 235 237 238 238 237 235 234 233 234 236 237 237 236 235 234 233 233 233 233 233 233 233 233 230 231 233 234 234 233 231 230 233 232 232 231 231 232 232 233 228 228 230 231 231 232 234 234 234 234 236 236 236 236 238 238 234 236 237 236 234 232 231 232 235 236 236 236 235 233 231 230 227 226 227 228 224 212 194 181 167 95 43 34 31 23 22 21 21 18 14 11 10 11 13 14 13 13 13 13 11 10 8 7 9 8 8 8 9 8 5 2 5 11 17 17 12 8 8 10 12 11 9 7 6 7 7 8 11 8 5 5 6 7 7 7 9 11 8 3 3 7 9 7 7 7 7 6 6 5 5 5 4 4 5 5 7 9 10 11 10 10 12 14 16 18 19 20 32 25 21 22 22 18 17 19 20 21 24 27 30 30 27 24 22 24 24 22 19 15 12 12 13 13 11 12 13 14 16 17 10 12 16 16 14 13 13 14 20 15 12 22 39 54 60 61 67 78 102 134 169 195 210 216 222 223 225 229 231 229 227 225 231 235 237 236 233 234 238 242 247 246 244 243 242 243 244 244 245 245 245 245
228 228 229 231 231 231 231 231 231 231 232 232 232 233 233 233 233 233 233 231 230 230 232 235 229 230 232 233 234 233 233 232 232 231 229 228 228 229 229 230 231 231 229 229 229 229 228 228 230 230 231 232 232 233 234 234 229 230 232 233 233 232 230 228 230 230 230 230 230 230 230 230 232 231 230 231 232 232 230 228 229 230 231 232 234 235 236 237 234 233 231 230 231 234 238 240 229 231 234 235 234 232 231 230 232 234 237 238 236 234 234 234 233 232 235 241 241 237 234 235 234 235 238 240 236 231 234 241 238 235 232 232 235 237 239 239 248 242 237 235 238 238 235 231 233 233 234 236 238 238 236 234 234 235 235 236 236 235 235 234 238 237 237 236 236 235 235 234 236 236 236 236 236 236 236 236 234 237 238 236 235 235 235 238 235 236 234 235 235 234 234 233 231 233 237 240 239 236 234 236 238 236 235 235 236 237 236 235 232 231 231 231 233 236 238 240 233 232 232 234 236 237 236 234 228 229 231 233 235 237 239 239 234 234 234 234 234 234 234 234 237 236 235 235 237 238 237 235 236 235 233 232 232 233 235 236 233 233 232 232 232 231 231 231 233 233 233 233 234 235 236 237 233 232 231 231 233 233 232 231 233 233 233 233 233 233 233 233 230 229 230 229 229 229 231 232 233 233 235 236 236 237 239 239 235 234 234 233 233 234 234 235 235 235 236 236 235 234 232 231 231 229 225 222 217 204 176 151 97 69 40 30 30 27 20 17 12 17 18 12 9 11 13 12 12 14 12 7 6 8 7 4 13 12 10 8 7 7 7 8 9 11 16 18 15 11 11 14 4 5 5 6 6 5 5 4 6 4 3 4 6 6 5 4 5 5 5 6 6 7 7 8 13 12 10 9 8 7 7 7 7 8 8 8 7 8 11 14 11 10 10 11 13 17 20 23 23 24 23 21 19 18 20 22 21 21 23 26 28 29 28 26 19 25 30 29 23 20 20 25 17 21 17 12 12 18 19 16 9 14 21 21 16 13 16 16 15 16 18 21 25 32 42 47 44 72 100 129 171 202 214 220 221 224 227 228 230 229 229 229 233 236 238 237 236 236 237 239 239 240 242 243 244 245 245 245 241 242 245 249
228 229 230 231 231 231 231 231 229 229 230 230 230 231 231 231 232 232 232 231 229 230 232 234 229 230 232 233 234 233 232 232 233 232 231 230 230 231 230 231 231 231 229 229 229 229 228 228 230 230 231 232 232 233 234 234 230 231 233 235 235 234 232 231 227 227 227 227 228 228 228 228 234 233 232 233 234 234 232 230 229 230 231 232 234 235 236 236 234 233 232 231 232 234 236 238 229 231 234 235 234 232 231 231 235 237 237 236 235 235 236 238 233 231 233 238 238 235 233 235 234 235 237 239 235 230 233 240 235 234 232 233 235 237 238 237 245 240 235 234 236 237 235 231 234 233 233 235 237 237 236 234 235 236 236 237 237 237 237 236 234 234 235 236 236 237 238 238 235 235 235 235 235 235 234 236 237 238 239 238 235 235 237 237 236 236 235 235 235 235 234 234 233 235 239 241 239 236 235 236 239 236 233 232 234 236 237 237 232 232 232 233 234 236 237 237 232 231 230 230 232 233 232 231 230 231 232 233 235 236 238 238 234 234 234 234 234 234 234 234 235 233 232 233 234 235 234 232 237 236 235 234 234 235 236 237 235 235 234 234 234 233 233 233 235 235 234 233 233 233 234 234 233 231 230 231 232 233 232 230 232 232 232 232 232 232 232 232 230 229 230 230 229 229 232 232 233 233 235 236 236 237 239 239 235 235 234 234 234 234 235 235 234 234 235 235 234 233 231 230 228 231 227 217 204 182 138 96 62 46 29 24 23 20 18 18 13 17 17 12 9 11 13 12 12 14 13 8 7 10 10 7 9 10 11 12 11 9 7 6 8 9 12 14 12 10 9 10 6 6 7 7 7 7 6 6 8 6 5 6 8 8 7 6 6 6 6 6 7 7 8 8 10 9 8 7 7 6 7 7 7 7 8 7 6 7 10 13 12 11 10 10 12 14 17 19 22 22 21 19 17 17 20 23 20 20 21 22 24 25 25 24 21 25 27 26 22 21 21 24 21 24 20 14 13 17 17 14 8 12 19 18 13 10 13 15 13 15 15 15 14 16 21 21 26 51 79 111 161 197 210 218 226 228 231 233 233 234 232 234 237 238 240 239 238 238 239 241 240 241 242 243 244 244 244 244 244 243 243 245
229 229 230 231 231 231 231 230 227 227 228 228 229 229 229 229 231 232 232 231 229 229 231 233 230 231 232 233 233 233 232 232 234 233 232 231 231 232 231 232 232 232 230 230 230 230 229 229 230 230 231 232 232 233 234 234 231 233 235 236 237 236 235 234 230 230 230 231 232 232 233 233 236 235 234 235 236 235 233 231 230 230 231 232 233 234 235 235 234 234 233 233 233 234 234 234 231 232 233 234 234 233 232 231 238 238 237 235 234 234 238 240 234 231 231 235 235 233 233 236 233 233 235 237 234 230 232 238 233 233 233 234 237 238 237 235 241 237 234 233 236 236 234 232 236 234 233 233 235 237 236 235 236 236 236 237 238 238 238 239 236 237 237 238 238 239 239 240 238 237 237 236 236 235 235 235 239 240 240 239 237 234 236 238 237 237 238 238 236 236 235 235 236 238 241 241 239 238 237 237 239 235 231 230 232 236 238 240 232 233 234 236 236 236 235 234 234 232 229 229 230 231 231 230 232 233 233 234 235 236 236 236 234 234 234 234 234 234 234 234 237 236 235 235 237 238 236 235 237 237 236 235 235 236 237 237 237 237 236 236 235 235 235 235 237 236 235 234 233 232 233 233 232 231 230 230 232 232 231 230 232 232 232 232 232 232 232 232 230 230 231 230 229 229 232 232 233 233 235 235 236 236 238 238 236 235 235 234 234 235 235 236 232 233 234 234 233 231 229 228 224 230 223 206 184 148 90 41 36 31 26 24 21 17 18 22 13 17 17 12 10 12 13 11 13 15 14 10 9 12 13 10 6 8 12 15 15 12 8 5 10 10 11 12 13 13 10 8 8 8 8 8 8 8 8 8 10 9 8 8 10 10 9 8 6 6 6 7 7 7 7 8 8 7 6 6 5 6 6 7 6 7 7 7 6 7 10 13 13 12 10 10 10 11 12 13 19 19 18 15 14 16 19 23 24 24 24 24 24 25 26 27 24 24 23 22 22 22 21 22 26 27 22 17 15 16 15 12 9 12 17 16 14 10 12 14 14 16 16 14 10 9 7 6 14 37 64 100 157 199 215 223 230 232 234 237 236 237 236 236 238 240 241 241 240 240 241 243 242 242 243 243 243 243 242 242 249 245 242 240
230 230 231 232 232 231 231 230 227 227 228 228 228 229 229 229 230 231 232 231 230 229 231 232 231 232 232 232 232 232 232 232 234 233 232 231 231 232 231 232 232 232 230 230 230 230 229 229 231 231 231 232 232 233 233 233 232 233 234 236 236 236 236 236 232 232 233 233 234 235 235 236 235 234 234 234 235 235 233 231 231 231 231 232 233 233 234 234 233 234 235 235 234 233 232 231 232 232 232 233 234 234 232 231 236 237 237 235 234 234 236 239 235 232 231 233 234 232 233 237 233 232 233 236 234 230 231 236 233 233 234 237 239 239 237 234 238 236 234 234 236 237 235 233 238 235 233 232 234 236 236 236 235 235 235 236 237 238 238 239 241 240 239 239 237 237 236 235 239 239 238 237 237 236 236 235 240 241 241 239 237 236 235 237 239 238 238 238 236 236 236 237 238 242 243 240 238 239 240 238 236 233 231 231 233 236 238 239 232 234 236 238 238 236 233 231 239 236 232 230 231 232 232 232 235 235 235 235 235 235 235 235 234 234 234 234 234 234 234 234 237 236 235 236 237 238 237 235 236 236 236 235 235 236 236 236 237 237 236 236 236 235 235 235 236 235 234 233 233 233 233 234 232 230 229 230 231 232 231 229 231 231 231 231 231 231 231 231 231 230 231 230 230 230 232 233 233 233 235 235 235 235 237 238 236 236 235 235 235 235 236 236 231 231 232 232 232 230 228 227 230 227 219 203 170 120 64 29 31 31 28 26 22 19 19 21 14 17 16 11 10 13 13 11 13 16 15 11 11 14 15 12 6 8 12 14 15 12 9 7 15 15 13 13 16 18 15 9 8 8 7 7 7 7 8 8 12 10 9 9 10 11 9 8 5 5 5 5 6 6 6 6 7 6 6 6 6 7 7 8 7 8 8 7 7 8 11 14 13 12 10 9 8 8 8 8 17 16 15 12 12 14 18 22 25 25 24 23 22 23 25 27 27 24 20 20 22 24 22 20 26 26 22 18 16 15 13 12 15 17 21 19 18 15 16 17 14 16 20 19 15 12 11 7 12 35 59 98 156 202 222 229 232 233 235 238 239 237 237 236 239 240 242 241 240 240 241 243 243 243 243 243 243 242 241 240 250 246 241 239
231 231 232 232 232 231 231 230 228 229 229 229 230 230 230 231 230 231 233 232 231 230 231 232 233 232 232 232 232 232 232 232 233 232 231 230 230 231 230 231 232 232 230 230 230 230 229 229 231 231 232 232 232 232 233 233 232 232 233 234 234 234 234 234 229 229 230 230 231 231 232 232 234 233 232 232 234 233 231 229 231 231 232 232 232 232 232 232 233 234 235 235 234 233 230 229 234 233 232 233 235 235 233 231 231 234 236 236 235 233 233 234 237 233 232 234 234 233 235 239 233 231 232 235 234 230 231 235 233 233 235 238 241 240 237 235 237 236 236 236 237 237 236 235 238 236 233 233 234 236 236 235 235 235 234 234 234 236 237 238 241 241 240 239 237 236 235 235 240 240 240 239 239 238 238 238 240 243 243 242 237 237 236 238 241 241 238 237 237 238 239 239 238 243 244 239 237 241 242 240 233 232 233 235 237 238 237 236 232 234 237 239 239 236 233 231 240 236 232 230 231 232 232 232 236 236 236 235 235 235 234 234 234 234 234 234 234 234 234 234 233 231 230 231 232 233 232 230 234 234 234 235 235 234 234 234 236 235 235 235 234 234 234 233 234 233 233 233 233 234 235 236 232 231 230 230 232 232 231 230 231 231 231 231 231 231 231 231 231 230 231 231 230 230 233 233 233 233 235 235 235 235 237 236 236 235 235 234 234 235 235 236 230 231 231 231 231 229 227 226 236 223 216 205 163 101 56 42 33 30 23 19 16 16 15 13 15 17 15 11 11 13 13 10 13 16 15 11 11 14 15 12 9 9 10 11 11 11 10 10 16 17 15 12 15 19 16 9 8 7 6 5 5 6 7 8 11 10 8 8 9 9 8 6 4 4 4 4 4 4 4 4 8 7 7 7 7 7 8 9 8 9 9 8 8 9 12 15 12 12 10 9 7 6 5 5 14 14 13 11 11 12 16 20 19 20 20 18 17 17 20 23 28 24 19 20 23 26 22 20 23 22 19 19 18 16 14 14 19 19 22 20 20 18 19 19 13 14 17 17 15 13 12 12 11 32 54 91 147 192 213 219 229 232 235 235 237 237 235 235 237 239 240 240 239 239 240 242 243 243 243 243 242 241 240 239 246 244 243 243
232 232 232 233 232 231 231 230 230 230 230 231 231 231 232 232 230 232 234 234 232 231 231 232 234 233 232 231 231 231 232 232 233 232 231 230 230 231 230 231 231 231 229 229 229 229 228 228 232 232 232 232 232 232 232 232 233 232 232 232 232 232 232 232 232 232 232 232 232 232 232 231 232 231 230 231 232 232 230 228 232 232 232 232 231 231 231 231 232 233 234 234 234 232 230 229 236 233 231 232 235 236 234 231 230 232 236 236 235 233 232 232 237 233 232 234 235 233 235 239 234 231 231 234 234 231 231 234 233 233 235 237 240 240 237 235 236 237 237 238 237 237 236 235 238 236 234 234 235 236 235 234 237 236 234 233 233 234 235 236 238 238 238 238 238 238 238 238 240 240 240 240 240 240 240 240 242 243 243 242 238 238 237 239 241 240 237 236 236 237 238 239 237 243 243 237 236 242 245 242 233 233 235 238 240 240 237 234 233 235 237 239 239 237 234 232 237 234 231 230 231 231 231 230 237 237 236 236 235 235 235 234 234 234 234 234 234 234 234 234 234 233 232 232 234 234 233 232 233 233 234 235 235 234 233 233 234 234 234 233 233 233 232 232 233 233 232 233 234 235 236 237 233 232 231 231 233 234 232 231 232 232 232 232 232 232 232 232 231 231 232 231 231 231 233 233 233 233 235 235 234 234 236 236 235 234 234 233 233 234 234 235 230 230 231 231 231 229 227 228 228 209 195 179 135 76 41 37 34 30 20 14 15 19 18 13 16 16 14 10 11 14 13 9 13 15 14 10 9 12 13 10 11 10 8 7 7 8 9 10 11 15 14 8 8 14 12 5 8 7 6 5 5 6 7 8 11 9 8 7 8 8 7 5 5 5 5 4 4 4 4 3 9 8 8 7 7 7 8 8 7 8 9 8 7 8 11 14 11 10 9 8 7 6 5 5 13 13 14 12 11 12 14 16 17 20 22 21 18 18 21 25 28 25 21 22 25 26 23 21 23 21 19 22 21 17 16 18 18 17 18 17 18 17 18 18 19 20 19 17 16 15 16 15 16 37 57 89 140 182 200 208 226 228 231 234 234 235 233 233 236 238 239 239 238 237 239 240 242 242 243 243 242 241 240 239 242 242 244 247
232 233 233 233 232 232 231 230 230 230 230 231 231 231 232 232 231 233 235 235 234 233 233 233 235 234 232 231 230 231 232 232 234 233 232 231 231 232 231 232 230 230 228 228 228 228 227 227 232 232 232 232 232 232 232 232 235 234 233 232 231 231 231 231 235 235 235 234 233 232 232 232 232 231 230 231 232 232 229 227 233 232 232 231 231 230 230 230 232 232 233 233 233 232 231 231 237 233 230 231 235 237 235 232 232 234 235 235 234 233 233 235 234 231 231 234 234 232 233 237 236 232 231 235 235 233 232 235 232 231 232 234 237 237 235 233 235 236 237 237 236 234 233 233 237 235 235 235 236 236 234 232 240 238 236 234 233 234 235 236 238 238 238 238 238 238 238 238 237 238 238 239 239 240 241 241 241 242 243 242 238 239 240 243 241 239 238 236 234 236 237 239 235 243 242 234 234 243 247 244 237 236 236 238 239 239 238 236 233 235 237 238 238 237 235 234 236 234 233 233 234 234 232 231 237 236 236 236 236 235 235 235 234 234 234 234 234 234 234 234 238 237 236 237 238 239 238 236 233 234 235 236 236 235 234 233 234 234 234 233 233 233 232 232 234 234 233 233 233 234 235 235 235 233 232 233 234 235 234 232 232 232 232 232 232 232 232 232 232 231 232 231 231 231 233 234 233 233 235 234 234 233 235 235 233 233 232 232 232 232 233 233 230 231 232 232 231 229 227 228 218 197 160 122 85 53 32 26 34 32 23 16 15 21 19 16 16 16 13 10 11 15 13 9 12 14 13 8 7 10 10 7 11 10 8 6 6 6 7 8 6 13 13 5 2 8 9 3 10 9 7 5 5 7 9 10 12 10 8 8 8 8 7 5 7 7 7 6 6 6 5 5 9 8 7 6 5 5 5 5 5 6 6 6 5 6 9 12 8 9 9 9 8 7 7 6 12 14 15 14 12 11 12 13 18 23 27 27 24 23 26 29 26 26 25 26 27 27 23 22 26 23 22 26 25 19 18 20 16 15 15 15 17 19 19 18 26 25 21 16 15 15 19 22 26 47 68 95 139 176 193 202 222 224 227 231 232 233 232 232 236 238 239 239 238 237 239 240 241 241 242 242 242 241 240 240 243 243 244 246
233 233 233 233 233 232 230 230 229 229 230 230 230 231 231 231 231 234 236 237 235 233 233 234 235 234 232 231 230 231 231 232 236 235 233 232 232 233 233 234 229 229 227 227 227 227 227 227 230 232 232 232 232 232 232 232 237 236 234 233 231 231 231 231 233 232 231 230 229 228 227 227 232 231 230 231 232 232 230 228 233 233 232 231 231 230 229 229 232 232 232 232 232 232 232 232 238 234 230 231 235 237 235 232 236 236 236 234 232 233 236 238 232 230 230 233 234 231 231 234 236 232 232 235 236 234 233 235 230 229 230 231 234 235 234 232 234 235 237 237 235 232 231 231 236 235 235 236 237 236 233 231 242 241 238 235 234 234 235 236 242 242 240 239 237 236 234 234 235 235 236 237 239 240 241 241 240 241 242 242 239 239 241 244 242 239 239 235 235 237 239 240 234 242 241 233 233 243 248 245 241 239 237 236 238 239 239 238 233 234 236 237 238 237 236 236 238 236 236 237 238 238 235 233 236 236 236 236 236 236 236 236 234 234 234 234 234 234 234 234 237 236 235 235 237 237 236 235 234 235 237 238 238 237 235 234 235 235 234 234 234 233 233 233 237 236 235 234 233 233 233 233 235 234 233 233 235 236 234 233 233 233 233 233 233 233 233 233 234 233 232 231 231 231 233 234 233 233 235 234 234 233 235 235 233 232 231 231 231 231 232 233 231 231 232 232 231 230 228 226 220 192 135 75 44 41 37 24 29 31 25 16 12 16 16 12 16 16 13 10 12 15 14 8 12 14 12 7 6 8 7 4 10 9 8 7 6 5 5 5 4 13 14 4 0 6 8 4 9 8 6 5 5 6 8 9 11 9 7 7 7 7 5 3 10 9 9 8 8 7 7 7 8 8 6 5 4 3 3 3 3 4 4 4 3 4 7 10 7 7 8 9 9 9 8 8 10 12 16 14 14 9 11 9 14 18 25 24 23 20 25 28 25 27 28 28 29 27 25 23 32 26 27 29 29 21 21 22 18 15 15 15 18 18 20 17 24 20 17 11 10 13 20 23 33 54 74 96 135 168 183 193 214 218 224 228 231 233 232 232 237 238 240 239 238 238 239 241 240 241 241 242 242 241 241 240 247 245 243 243
231 231 231 231 231 231 231 231 229 229 228 228 228 229 230 230 230 230 230 230 230 230 230 230 233 234 234 234 234 233 232 231 227 228 230 231 232 232 231 230 231 232 233 232 230 229 230 229 231 230 229 229 231 232 232 231 228 230 235 237 238 238 237 236 231 233 236 238 239 237 235 233 234 233 233 232 232 233 233 234 230 230 230 232 234 233 231 228 230 230 232 233 234 235 235 235 232 232 233 235 237 237 235 233 232 232 232 232 232 232 231 231 230 232 233 233 233 233 234 235 233 233 233 234 234 235 235 235 233 236 239 240 239 237 236 236 233 232 232 234 236 236 235 233 233 234 236 237 237 236 234 233 234 237 239 239 237 237 239 242 239 238 237 236 236 236 236 237 233 234 235 237 237 237 237 237 242 238 238 242 245 243 243 245 240 236 237 237 240 242 243 242 237 235 236 237 239 240 241 241 232 234 236 236 236 236 238 240 238 238 238 238 238 239 239 239 238 237 237 236 236 237 238 238 234 234 234 234 234 235 237 237 230 233 236 235 233 232 235 238 233 232 232 231 231 232 233 233 232 232 232 232 232 232 232 234 234 235 235 234 234 235 235 236 236 235 233 232 232 233 235 236 232 232 233 234 234 235 236 236 232 233 235 236 236 235 233 232 228 230 233 236 237 235 235 234 237 236 236 235 234 235 237 237 230 231 232 233 233 233 232 232 227 233 228 225 232 229 220 220 221 175 114 69 45 33 29 26 20 21 20 19 16 15 16 18 15 13 9 7 7 9 13 15 10 9 8 6 6 5 5 6 4 4 3 3 3 2 2 2 6 5 4 3 4 5 7 8 1 2 3 5 5 4 3 2 0 1 2 4 4 3 2 1 3 4 5 7 9 9 6 4 4 4 5 6 6 5 5 4 7 7 6 7 8 10 13 14 5 5 5 5 5 5 3 5 4 5 9 9 12 10 11 9 12 12 16 16 20 19 22 22 27 30 33 30 28 23 25 26 30 25 24 26 30 24 21 17 16 13 14 18 19 17 20 21 20 20 20 17 13 15 22 25 30 53 71 85 115 141 160 175 192 211 218 222 233 236 230 234 235 239 241 243 245 246 247 247 240 241 241 241 245 250 247 240 240 240 241 242
231 231 231 231 230 230 230 230 231 231 230 230 230 230 230 230 233 233 233 233 233 233 233 233 233 233 232 232 231 231 231 231 230 230 231 232 232 232 232 231 231 233 233 232 230 229 230 230 231 228 228 229 230 231 232 230 227 228 232 234 234 233 231 230 232 233 235 237 237 236 235 234 234 233 233 232 232 233 233 234 231 230 230 231 232 233 231 229 230 231 232 233 234 234 234 234 233 232 232 233 235 236 235 233 233 233 233 233 233 233 233 232 234 234 235 235 235 235 235 236 233 233 233 234 234 235 235 235 235 238 241 242 240 238 238 238 235 234 234 235 237 238 236 235 234 234 235 235 235 235 234 234 232 235 237 237 235 235 237 240 239 238 237 236 236 236 236 237 237 237 237 237 237 238 238 238 240 238 238 242 245 243 242 243 243 242 240 240 242 243 243 239 237 235 235 235 234 234 234 234 233 234 236 236 235 235 237 239 237 237 237 237 237 237 237 237 240 239 237 236 235 235 235 235 236 235 235 235 236 236 237 238 233 235 235 235 234 233 234 235 234 233 232 231 231 231 231 232 232 232 232 232 232 232 232 234 236 235 235 234 234 235 235 236 235 234 234 233 233 234 234 235 234 234 234 234 234 234 234 234 233 233 234 234 234 234 233 233 229 231 233 234 234 233 234 233 235 234 235 234 233 234 235 235 235 233 233 232 232 232 231 231 225 235 235 233 234 225 212 212 160 119 69 40 30 28 25 23 26 24 21 18 16 15 15 15 14 12 10 8 8 10 12 14 12 11 10 9 8 8 8 8 4 4 4 3 3 3 2 2 4 4 3 3 4 4 5 6 0 0 0 2 4 5 5 4 2 2 3 3 3 2 2 2 3 5 6 7 10 10 8 6 7 7 7 7 7 7 7 7 9 11 8 8 8 9 9 10 6 6 6 6 6 6 4 4 5 6 7 9 10 10 9 9 9 10 12 15 17 19 20 23 29 30 29 29 29 27 26 25 30 24 23 28 30 27 22 19 16 14 15 19 19 16 16 18 16 18 20 18 16 18 25 29 33 55 72 80 97 115 130 145 160 182 196 204 223 227 227 231 235 238 239 241 242 242 243 242 241 243 242 242 246 250 247 240 243 244 245 245
231 231 231 230 230 229 229 228 233 233 233 233 232 231 230 229 234 234 234 234 234 234 234 234 233 232 231 229 229 230 231 231 234 233 232 232 231 232 232 232 232 233 234 233 231 230 231 230 230 227 227 228 229 230 231 229 228 229 232 233 232 231 229 228 234 234 234 235 235 236 236 236 234 234 233 233 233 233 234 234 233 231 229 230 231 232 232 231 232 232 233 234 234 234 233 233 234 232 231 231 233 235 234 233 234 234 234 234 234 234 234 234 238 238 237 237 237 237 237 236 234 234 234 234 235 235 235 235 235 238 240 241 239 237 237 238 237 236 236 237 239 239 238 236 235 234 234 233 233 234 234 235 233 234 236 236 236 236 237 239 239 238 237 236 236 236 236 237 241 240 238 237 237 238 239 239 240 237 236 240 242 239 238 239 244 242 240 240 240 240 238 236 237 235 234 234 233 233 233 233 234 235 236 236 234 234 235 236 235 235 235 235 235 235 235 235 237 237 235 235 234 234 234 235 237 236 236 236 236 237 238 238 237 235 234 235 236 236 235 233 236 236 235 233 233 233 233 233 234 234 234 234 234 234 234 234 236 235 235 234 234 235 235 236 233 234 234 235 235 234 234 233 236 236 235 234 234 233 232 232 233 233 232 232 232 232 233 233 233 232 232 232 232 231 233 233 233 233 234 233 232 232 234 233 237 234 233 232 231 231 231 231 230 233 229 228 226 202 166 148 96 64 31 19 24 29 28 24 32 26 19 16 15 16 14 12 13 12 11 11 11 11 12 13 12 12 10 9 8 8 8 8 5 5 4 4 4 3 3 3 1 2 3 3 4 4 3 3 0 0 0 2 4 4 5 5 7 6 5 4 4 3 3 4 4 5 6 8 10 11 10 9 9 8 6 5 5 6 7 8 10 10 10 10 8 7 4 3 7 7 7 7 7 7 5 5 6 6 8 9 10 10 10 9 7 8 10 13 16 18 20 23 33 28 24 24 28 30 28 24 25 20 19 22 25 22 18 15 16 14 16 20 20 15 13 14 12 14 17 17 17 19 24 27 31 56 74 78 86 96 106 120 134 158 175 187 210 219 222 229 236 239 240 241 241 241 241 240 243 244 243 242 246 249 245 239 242 242 243 243
232 231 231 230 229 229 228 228 233 233 233 233 232 230 229 228 232 232 232 232 232 232 232 232 235 233 231 229 229 230 231 233 235 234 232 230 230 230 231 232 232 234 234 233 231 230 231 230 229 227 226 227 229 229 230 229 230 231 234 235 235 234 233 232 235 235 234 233 234 235 236 237 235 234 233 233 233 233 234 235 234 231 229 228 230 232 232 232 233 233 234 234 234 233 232 232 235 233 230 230 232 234 234 233 234 234 235 235 235 235 236 236 240 239 238 237 238 238 236 235 234 235 235 235 235 235 235 235 233 235 237 237 236 235 235 236 237 236 236 237 239 239 237 236 235 234 233 232 232 233 234 235 236 236 237 238 238 239 240 241 239 238 237 236 236 236 236 237 243 241 238 236 236 237 238 239 241 237 237 241 242 239 236 237 243 241 240 240 240 239 237 233 236 235 235 236 237 238 238 239 235 236 237 236 234 233 233 235 234 234 234 234 234 233 233 233 231 231 232 233 234 236 237 238 236 236 235 235 235 236 237 237 237 234 232 234 237 238 236 234 234 234 233 233 233 234 235 235 234 234 234 234 234 234 234 234 236 235 235 234 234 235 235 236 232 233 235 236 236 235 233 232 236 236 235 234 234 233 232 232 234 233 231 230 230 231 233 234 236 235 233 232 231 231 233 234 233 233 234 233 233 233 234 233 236 233 232 231 230 231 231 232 232 226 216 219 218 177 112 71 55 36 18 17 24 28 27 25 32 25 16 12 14 16 14 11 12 12 13 13 13 13 12 12 11 10 8 7 6 6 6 6 6 5 5 5 4 4 4 4 0 1 2 4 4 4 2 2 2 2 2 2 2 1 1 1 9 7 5 3 2 2 3 4 6 5 5 7 9 11 10 9 8 7 4 3 2 4 6 7 10 10 11 11 10 8 3 2 6 6 6 6 6 6 4 4 7 8 8 9 9 10 10 10 6 7 9 11 14 17 19 23 31 29 25 24 26 28 28 27 20 13 12 15 20 16 13 12 16 15 17 21 20 14 11 11 9 11 14 15 15 16 20 21 26 55 76 78 82 87 96 110 125 147 164 176 201 213 219 228 237 240 241 242 243 243 243 243 242 243 242 241 244 247 243 236 241 241 242 243
231 231 231 230 230 229 229 229 233 233 232 232 231 229 228 227 230 230 230 230 230 230 230 230 236 235 232 230 230 231 233 234 234 232 231 229 228 229 230 230 232 233 234 233 231 230 231 230 229 227 226 227 229 229 230 229 230 231 234 235 236 236 237 237 236 235 234 233 233 235 237 238 235 235 234 233 233 234 235 235 234 231 229 228 230 232 232 232 233 233 234 234 234 233 232 232 236 234 231 231 232 234 234 233 234 234 235 235 236 236 236 237 240 238 236 236 237 238 236 233 236 235 235 235 235 235 235 235 234 236 238 237 236 235 235 237 237 236 236 237 238 238 236 234 236 235 233 232 232 233 235 236 236 236 236 237 239 240 240 240 239 238 237 236 236 236 236 237 242 240 237 235 235 236 237 238 240 237 237 242 243 239 237 237 239 238 238 239 240 240 238 234 238 236 237 237 238 239 239 239 236 237 238 236 234 233 233 234 235 235 234 234 233 233 233 232 231 231 231 232 234 235 237 238 235 235 234 233 233 234 234 235 235 232 231 233 237 239 238 235 232 232 232 233 234 235 237 238 234 234 234 234 234 234 234 234 236 235 235 234 234 235 235 236 232 233 235 236 236 235 233 232 234 234 234 234 234 234 234 234 234 233 231 230 230 231 233 234 239 237 234 232 231 231 234 235 233 233 235 235 235 234 234 233 233 231 230 230 230 230 231 231 226 224 218 218 207 154 84 43 33 26 21 22 23 21 21 23 28 21 13 11 13 16 15 13 12 13 14 15 15 14 13 12 11 10 9 8 7 7 7 7 6 6 6 6 5 5 5 4 0 2 3 5 5 4 3 2 4 3 3 2 2 1 1 1 8 6 4 2 1 1 2 3 5 4 3 5 7 9 9 8 10 9 6 4 4 5 6 8 6 7 8 9 9 8 6 5 6 6 6 6 6 6 6 6 9 9 9 9 9 10 10 10 7 8 8 10 13 16 19 22 28 28 28 26 24 22 26 30 18 11 9 12 17 13 11 10 16 15 17 21 21 15 12 12 13 14 15 15 15 16 18 18 23 53 75 77 79 84 92 107 119 141 157 168 194 208 216 227 234 237 239 241 242 244 244 244 241 242 241 240 243 246 242 235 245 246 247 247
231 231 231 231 231 231 231 231 233 232 231 230 229 229 229 230 232 232 232 232 232 232 232 232 236 235 233 232 232 232 233 234 231 231 230 229 229 229 230 230 231 232 233 232 230 229 230 229 230 227 227 228 229 230 231 229 228 228 231 232 234 235 236 236 236 235 234 233 234 235 237 238 235 235 234 234 234 234 235 235 233 231 229 230 231 232 232 231 232 232 233 234 234 234 233 233 237 235 233 233 234 235 234 233 233 233 234 235 235 236 237 237 239 236 233 234 237 238 236 233 236 236 236 236 235 235 235 235 238 240 241 240 238 238 239 241 238 237 236 237 238 238 236 234 236 235 235 234 234 235 235 236 235 234 233 235 237 238 238 237 239 238 237 236 236 236 236 237 240 239 237 236 236 236 237 238 240 237 238 243 245 241 238 238 237 237 237 240 242 242 240 236 239 238 238 237 236 235 234 233 236 238 238 237 235 234 235 236 237 237 236 235 235 234 233 233 236 235 234 233 233 233 233 233 235 234 233 233 232 232 233 233 233 232 232 233 235 236 236 235 232 232 232 233 234 235 237 238 234 234 234 234 234 234 234 234 236 235 235 234 234 235 235 236 233 234 234 235 235 234 234 233 234 234 234 234 234 234 234 234 233 233 232 232 232 232 233 233 237 236 234 232 231 231 234 234 233 233 236 236 235 234 234 233 231 229 230 230 230 229 228 227 220 222 213 197 166 109 59 42 28 27 28 30 26 21 22 26 23 19 14 12 14 16 17 16 13 14 15 15 15 15 14 13 14 13 12 10 9 9 9 9 7 7 7 6 6 6 5 5 3 4 5 6 6 6 6 6 2 2 2 2 3 4 5 6 6 5 4 3 2 2 2 4 5 5 4 4 6 7 7 6 14 13 11 9 9 9 9 10 7 5 8 9 10 10 10 10 7 7 7 7 7 7 7 7 10 10 9 9 9 9 10 11 10 9 9 10 12 15 18 20 23 28 30 26 22 22 26 29 21 13 11 15 18 16 14 14 16 14 16 21 21 17 15 17 20 19 18 18 18 20 22 22 25 53 73 74 75 80 89 103 113 136 154 167 194 208 216 226 230 233 235 237 240 241 242 242 240 241 240 240 243 246 243 236 245 245 246 246
230 231 231 232 233 233 234 234 235 233 231 229 229 230 233 234 233 233 233 233 233 233 233 233 233 233 233 232 232 232 231 231 229 230 231 231 232 231 231 231 230 231 232 231 229 228 228 228 231 228 228 229 230 231 232 230 229 229 231 231 232 233 234 234 235 234 234 234 235 235 236 237 236 235 235 234 234 235 235 236 231 230 230 231 232 233 231 229 230 231 232 233 234 234 234 234 237 236 235 235 237 236 234 232 232 232 233 234 235 236 236 237 238 235 232 234 238 240 237 234 237 237 237 236 236 235 235 235 240 241 242 241 239 239 240 242 240 239 238 239 240 240 237 235 236 236 237 237 237 237 236 236 236 234 233 234 237 239 238 236 239 238 237 236 236 236 236 237 238 238 238 238 239 239 239 239 237 235 237 243 245 241 238 238 237 237 238 240 242 242 239 237 238 238 237 236 235 233 232 232 237 238 239 238 236 236 237 238 239 239 238 237 236 236 235 235 238 237 236 234 233 233 233 233 236 235 234 233 233 233 233 233 233 234 235 234 232 231 231 232 237 237 236 235 235 236 236 237 236 236 236 236 236 236 236 236 236 235 235 234 234 235 235 236 235 234 234 233 233 234 234 235 236 236 235 234 234 233 232 232 233 233 234 234 234 234 233 233 233 233 232 231 230 230 232 232 231 232 234 235 234 233 233 231 231 230 231 231 229 225 222 219 211 197 166 135 102 61 35 38 30 29 30 32 30 24 24 27 22 20 18 17 16 17 17 18 15 15 15 15 15 15 15 15 14 13 12 11 10 9 10 10 8 8 7 7 7 6 6 6 7 7 7 7 7 8 9 9 6 5 5 5 5 7 8 9 6 7 7 7 7 7 6 6 8 6 3 3 4 5 5 4 13 12 11 11 10 9 8 8 8 6 7 7 8 9 9 10 7 7 9 9 9 9 9 9 11 11 9 9 8 9 10 11 12 12 11 11 12 15 17 19 24 25 26 24 24 24 25 24 24 17 14 15 18 16 13 14 13 11 13 18 19 17 18 21 20 18 16 16 18 21 25 24 29 54 70 70 73 79 88 102 116 142 164 179 205 215 219 225 231 234 235 237 239 239 240 240 241 242 242 241 245 249 246 239 243 243 244 245
230 231 231 233 234 235 236 236 237 234 231 229 229 232 235 238 232 232 232 232 232 232 232 232 231 231 232 232 232 231 230 229 229 230 232 233 234 234 233 232 229 230 231 230 228 227 228 227 231 229 229 229 231 232 232 231 233 232 233 232 232 232 233 233 234 234 234 235 235 236 236 236 236 235 235 234 234 235 235 236 230 230 230 232 234 233 231 228 230 230 232 233 234 235 235 235 237 236 236 237 238 237 235 232 231 232 233 233 234 235 236 236 239 235 232 234 239 242 239 235 237 237 237 236 236 235 235 235 239 240 240 239 238 237 239 241 242 241 240 240 241 241 239 237 235 236 238 239 239 238 236 235 238 236 235 236 240 242 240 238 239 238 237 236 236 236 236 237 238 238 240 241 241 241 241 241 237 235 237 244 246 243 240 240 240 240 241 243 244 243 240 237 236 236 236 236 236 236 236 237 237 238 240 239 237 237 238 239 241 240 240 239 238 237 236 236 236 235 235 234 234 235 236 236 237 237 235 234 234 234 234 234 234 236 237 234 229 226 227 229 240 239 238 236 235 234 233 233 236 236 236 236 236 236 236 236 236 235 235 234 234 235 235 236 236 235 233 232 232 233 235 236 238 238 236 235 233 232 230 230 232 233 235 236 236 235 233 232 230 230 229 229 229 228 230 230 229 230 233 234 233 232 231 229 232 231 232 232 228 223 217 213 198 161 107 73 58 39 29 37 31 26 25 27 27 22 19 20 23 23 23 21 18 17 18 19 16 15 15 14 14 15 15 16 12 11 10 9 8 7 7 8 8 8 8 7 7 7 6 6 10 9 8 7 8 9 11 12 11 10 8 6 5 5 6 6 6 7 8 10 10 9 8 7 11 8 5 4 5 6 5 4 11 11 11 11 10 8 7 6 9 8 7 6 5 8 10 11 9 9 11 11 11 11 11 11 12 11 10 9 8 9 10 11 14 13 12 11 12 14 17 19 26 24 21 23 27 28 23 20 25 18 12 15 17 15 12 13 13 11 12 17 20 19 20 24 18 16 13 13 17 22 26 26 32 54 68 68 73 82 92 106 126 154 178 195 219 225 223 226 235 238 239 240 240 240 240 240 242 243 243 243 247 252 249 242 246 247 248 248
228 228 229 230 231 233 234 234 231 232 232 233 233 232 232 231 234 232 229 229 231 233 234 233 231 231 231 231 231 231 231 231 231 231 231 231 231 231 231 231 231 227 230 236 232 220 219 225 229 227 228 230 231 231 231 228 230 231 235 235 233 233 235 236 230 233 236 239 239 237 234 232 230 231 233 234 235 234 233 232 226 228 231 234 235 235 234 233 228 229 231 233 234 234 233 233 228 231 234 233 231 230 232 236 231 231 231 232 233 234 236 237 234 235 237 238 238 237 235 234 235 235 235 236 237 238 240 241 237 236 235 235 237 237 236 235 234 238 241 241 238 236 237 239 238 237 236 236 238 238 237 236 233 235 237 237 237 237 239 241 234 236 238 237 235 234 235 238 240 239 239 238 238 239 239 240 232 232 235 242 243 238 236 237 239 237 236 239 242 243 241 237 231 234 237 238 237 236 237 237 235 237 239 238 236 235 234 235 233 234 236 238 239 240 239 239 231 231 232 233 235 236 237 237 235 235 234 234 234 235 236 236 232 232 233 233 232 232 231 230 233 235 236 236 234 234 235 237 236 236 236 235 235 234 234 234 233 233 233 233 233 233 233 233 232 233 235 236 236 235 234 233 236 235 235 234 234 233 233 233 232 233 233 234 234 233 233 232 232 228 228 233 232 227 228 232 222 229 235 233 231 231 230 225 222 235 236 220 212 217 217 209 180 127 68 40 33 31 31 33 29 30 32 34 34 31 25 21 21 21 20 18 16 16 19 21 17 16 15 16 17 17 15 12 11 11 11 12 14 14 13 11 12 12 12 10 8 8 10 12 10 10 9 9 9 9 9 9 3 3 4 5 7 8 9 9 7 8 10 12 12 12 11 10 5 7 8 10 10 9 8 7 5 5 6 7 8 10 11 10 8 10 9 5 5 10 12 10 6 9 10 6 7 13 14 8 10 10 11 13 14 15 16 17 11 14 17 18 17 17 17 18 22 25 26 26 25 23 22 23 16 16 13 13 13 13 12 12 13 11 12 17 19 19 21 26 23 18 16 18 18 16 21 28 21 43 68 75 75 84 99 111 128 159 184 199 219 223 224 229 231 238 240 237 237 241 243 242 242 241 240 242 245 247 247 246 245 246 247 248
231 231 231 231 232 232 232 232 231 232 232 233 233 232 232 231 233 231 229 230 232 234 234 234 232 232 232 232 232 232 232 232 228 229 229 229 229 229 229 230 232 228 230 236 232 222 221 226 230 228 230 231 233 232 232 229 230 231 235 235 233 233 235 236 232 233 235 237 236 234 231 229 232 232 233 234 235 235 234 234 230 231 233 235 235 234 232 231 229 231 232 234 234 234 233 233 232 233 234 234 233 233 235 236 232 232 232 232 233 234 235 236 235 235 237 237 237 237 235 235 237 237 236 236 236 237 238 238 238 237 236 236 238 239 238 236 235 237 240 241 240 238 237 237 236 234 233 234 236 237 236 234 234 235 237 237 237 237 239 240 236 238 239 238 236 235 237 239 238 238 238 237 237 238 238 238 236 234 235 240 240 237 237 240 239 237 235 235 237 238 238 238 234 234 234 235 235 234 233 233 236 236 236 235 233 232 234 236 233 234 236 237 238 238 237 237 235 235 235 234 234 234 234 234 235 234 233 233 233 233 233 234 233 233 233 233 233 232 232 231 233 234 235 234 233 232 233 234 236 236 236 235 235 234 234 234 233 233 233 233 233 233 233 233 232 233 234 235 235 234 233 232 233 232 232 232 232 232 231 231 229 230 230 231 231 230 230 229 229 226 227 232 232 228 229 233 228 232 234 231 230 231 230 224 220 218 212 204 199 185 153 121 104 75 47 39 39 37 35 37 28 27 26 26 27 25 22 19 19 19 18 16 14 14 17 19 18 16 15 16 17 18 16 15 12 10 9 9 11 11 10 9 9 9 9 7 5 5 7 9 8 7 7 7 6 5 5 5 5 5 5 5 5 6 6 6 7 8 9 10 10 10 9 8 6 7 7 8 9 9 8 8 6 8 10 12 13 13 12 9 4 5 4 1 0 1 1 0 5 7 8 5 7 11 12 7 9 9 9 9 9 9 9 10 10 12 15 16 15 14 15 15 23 24 24 22 22 22 23 22 22 21 18 14 12 10 9 9 12 10 11 16 18 17 18 22 20 16 16 18 18 16 20 26 20 40 64 72 72 81 95 107 129 159 184 199 219 224 225 231 232 239 241 238 238 242 244 243 243 244 246 247 246 245 244 244 246 246 246 246
234 234 233 233 232 232 231 231 231 232 232 233 233 232 232 231 232 230 229 230 232 234 235 234 233 233 233 233 233 233 233 233 228 228 228 229 230 230 231 231 233 229 231 236 233 225 224 228 231 229 231 232 234 233 233 230 230 231 235 235 233 233 235 236 237 237 237 236 235 233 231 230 235 234 234 234 234 235 236 237 235 235 236 236 235 233 230 229 232 233 234 234 234 234 233 233 236 235 234 235 236 237 237 236 234 234 233 233 233 233 234 234 235 236 236 237 237 236 236 235 239 238 237 236 236 236 236 237 239 238 237 237 239 240 238 237 236 236 238 241 242 240 237 234 235 234 233 234 236 238 237 236 234 236 237 237 237 237 238 240 237 238 240 239 237 237 238 239 237 237 237 237 237 237 237 237 239 235 234 236 236 235 236 240 242 241 239 236 235 236 239 242 239 236 233 233 235 235 233 231 237 236 235 233 231 231 234 237 234 235 235 236 236 236 235 234 236 236 235 235 235 234 234 234 237 236 235 234 233 233 233 233 235 235 234 234 234 233 233 233 235 238 239 237 235 234 235 236 238 238 238 237 237 236 236 236 233 233 233 233 233 233 233 233 232 232 233 233 233 233 232 231 231 231 232 232 232 232 232 233 229 229 230 231 231 230 229 229 230 228 228 230 230 227 229 232 228 228 228 225 224 224 219 210 205 198 188 171 145 111 78 56 48 39 36 40 40 33 29 31 27 25 22 21 22 21 20 19 19 19 18 16 14 14 17 19 21 19 17 18 19 21 20 19 15 12 9 8 9 10 9 9 7 8 8 7 5 4 6 8 10 10 9 8 7 6 5 5 12 11 10 9 8 7 6 6 10 11 11 11 11 10 10 7 7 5 4 4 5 5 6 7 6 8 11 14 15 13 11 8 10 11 12 10 9 9 9 5 11 12 13 11 14 17 16 12 16 16 15 14 13 12 11 10 11 13 15 15 14 13 13 14 25 26 25 24 26 27 26 23 28 24 21 18 15 14 13 13 11 9 11 16 18 15 15 17 16 15 16 19 19 17 20 25 21 38 60 69 70 78 92 103 130 160 184 198 219 224 226 233 234 241 243 240 240 243 245 244 243 248 252 252 249 244 242 242 247 246 245 244
234 234 234 233 233 233 232 232 231 232 232 233 233 232 232 231 231 229 229 230 233 235 235 234 233 233 233 233 233 233 233 233 230 230 231 232 232 233 233 234 234 231 232 235 234 229 228 229 230 229 230 232 233 233 232 230 230 231 235 235 233 233 235 236 240 239 238 237 236 236 236 236 237 236 235 234 234 236 238 239 236 236 236 236 235 233 231 230 234 234 235 235 234 234 234 233 238 235 233 234 237 239 237 234 236 235 234 233 233 233 233 233 236 236 236 236 236 236 236 236 238 237 237 236 236 237 237 238 239 237 236 237 238 239 238 237 237 236 237 240 243 242 237 232 237 236 235 237 239 240 240 239 234 236 238 238 236 236 238 240 237 238 238 238 237 237 238 238 237 237 238 238 238 238 237 237 240 237 236 238 237 235 236 239 241 242 242 239 235 235 238 242 243 238 233 233 237 240 237 234 236 237 237 235 233 233 234 236 235 235 235 235 234 233 233 232 233 234 234 235 236 237 237 238 241 240 238 237 236 235 235 235 236 236 235 235 234 234 234 234 241 242 242 241 238 236 237 238 238 238 238 237 237 236 236 236 233 233 233 233 233 233 233 233 232 232 232 232 232 232 231 231 233 233 233 234 234 235 235 236 232 232 233 234 234 233 232 232 235 232 230 228 227 226 229 231 224 225 226 225 225 223 212 198 184 162 136 110 80 52 38 38 38 35 36 39 36 29 25 27 27 25 23 22 23 22 20 19 20 21 20 18 16 16 18 21 23 21 20 20 22 23 23 23 19 16 11 9 9 10 10 10 8 9 10 8 6 6 7 8 15 15 14 12 11 9 8 8 13 13 12 11 10 9 8 8 12 12 12 11 11 10 9 7 7 4 3 2 3 4 6 7 7 8 10 12 12 12 11 9 6 8 9 6 8 11 13 9 14 15 15 14 17 18 17 14 19 19 18 17 16 15 14 13 14 16 17 16 15 14 14 17 28 27 28 31 33 31 28 25 29 25 22 18 18 16 17 17 12 10 13 18 19 15 13 15 17 19 21 23 22 22 23 25 24 36 56 67 70 77 89 101 128 158 182 197 218 224 227 235 236 242 244 242 241 244 246 245 241 248 255 255 250 244 242 243 248 246 244 242
232 232 233 233 233 234 234 234 231 232 232 233 233 232 232 231 231 230 229 231 234 235 234 233 231 231 231 231 231 231 231 231 231 231 232 232 233 233 233 234 234 232 231 234 234 232 231 230 229 227 229 230 232 231 231 229 230 231 235 235 233 233 235 236 238 238 237 236 236 237 238 239 237 236 235 234 235 236 238 239 234 234 235 235 235 234 234 233 235 235 234 234 234 234 234 234 237 234 232 233 236 237 235 232 237 236 235 234 233 233 233 233 236 236 236 236 236 236 236 236 236 235 235 236 237 238 239 240 237 236 235 236 237 238 237 235 237 236 237 239 243 242 237 233 238 237 236 237 239 240 240 238 235 237 238 238 236 236 237 239 237 236 236 236 237 237 236 236 238 238 239 240 240 239 238 238 238 236 236 240 240 236 235 237 233 236 238 237 233 231 232 235 241 236 232 233 238 241 240 237 234 237 240 240 238 236 235 235 236 235 235 234 233 232 232 232 235 235 235 236 237 237 238 238 241 240 238 237 236 235 235 235 238 237 235 234 234 234 235 235 241 242 242 241 238 236 237 238 238 238 238 237 237 236 236 236 233 233 233 233 233 233 233 233 234 233 232 232 231 231 231 231 233 233 233 234 234 235 235 236 233 233 234 235 235 234 233 233 235 233 229 225 224 225 229 229 224 224 224 218 212 201 182 164 141 102 64 49 44 36 29 28 32 30 31 34 35 32 29 30 24 23 23 23 24 22 18 15 19 19 19 17 15 15 17 19 21 19 17 18 20 21 20 19 18 15 10 8 8 9 9 8 6 8 9 8 6 5 5 6 13 12 11 10 9 7 6 6 9 8 8 8 8 8 8 8 10 9 8 8 7 7 6 4 6 3 2 2 2 3 5 6 8 7 6 6 6 8 10 10 6 7 6 4 7 13 16 14 14 13 13 13 15 13 11 10 11 11 11 10 10 10 10 10 13 14 15 14 12 12 13 16 23 27 31 35 37 33 28 23 27 23 21 17 17 15 15 13 10 8 11 16 16 12 10 12 16 20 22 22 22 22 23 22 22 31 49 62 67 73 85 96 123 153 179 195 217 224 227 235 237 244 245 242 242 245 246 245 239 246 253 254 249 245 244 246 248 247 245 243
231 231 232 232 233 233 234 234 231 232 232 233 233 232 232 231 231 231 230 232 234 234 233 231 231 231 231 231 231 231 231 231 231 231 231 231 230 230 230 230 233 232 231 232 234 234 233 230 228 227 228 230 231 231 230 228 230 231 235 235 233 233 235 236 234 234 233 233 234 235 236 236 236 235 235 235 236 236 237 238 232 232 233 233 234 234 235 235 234 234 233 232 233 233 234 235 235 234 233 233 234 234 233 231 237 236 235 234 233 233 234 234 237 236 236 235 235 236 236 237 235 235 235 236 237 238 240 241 237 236 234 235 237 237 236 235 238 237 237 239 240 240 238 236 238 236 235 236 237 238 237 235 236 237 238 238 236 236 237 238 237 236 234 235 237 237 236 235 238 239 240 241 241 240 239 238 236 234 235 239 240 236 235 237 233 235 238 238 236 235 234 234 236 233 231 233 237 239 238 236 233 237 242 243 241 238 235 234 236 236 234 233 233 233 233 233 240 240 239 238 237 236 235 234 237 236 235 234 233 233 233 233 238 237 235 234 233 234 235 238 237 238 239 237 235 234 235 236 238 238 238 237 237 236 236 236 233 233 233 233 233 233 233 233 235 234 233 232 231 231 231 232 231 231 232 232 232 232 232 233 230 231 231 232 232 231 231 230 228 230 228 223 220 219 218 214 214 208 195 173 150 126 101 80 66 47 31 29 29 25 22 24 24 25 28 31 32 29 24 20 19 19 19 20 20 18 14 11 15 15 15 13 11 11 13 15 15 14 13 14 15 14 12 10 13 10 7 5 5 5 4 3 2 4 5 5 3 1 2 2 6 5 4 3 2 1 1 0 2 3 3 4 4 5 5 5 5 4 3 3 2 3 3 2 2 2 2 2 2 3 4 5 7 6 4 3 4 8 11 13 9 10 10 8 10 13 15 14 21 15 16 17 18 14 11 11 6 6 7 7 8 8 9 9 8 9 10 9 7 7 9 13 18 23 30 34 33 28 25 22 23 22 21 16 14 11 9 6 6 4 6 11 11 8 7 10 14 18 20 17 16 17 18 15 15 22 38 54 61 67 78 90 114 146 174 192 216 224 226 233 238 244 246 243 242 244 246 245 240 244 248 249 246 245 245 247 248 247 246 246
232 232 232 232 231 231 231 231 231 232 232 233 233 232 232 231 233 232 232 233 234 233 231 229 232 232 232 232 232 232 232 232 233 232 232 231 230 230 229 229 233 231 230 230 233 235 234 230 229 228 229 231 232 232 231 229 230 231 235 235 233 233 235 236 234 234 234 234 233 233 233 233 234 234 235 236 236 236 236 236 232 232 232 232 232 233 234 234 232 232 231 231 232 233 235 236 234 235 235 234 232 231 232 233 236 236 235 234 234 234 235 235 237 237 235 235 235 235 237 237 236 236 236 236 236 237 239 239 238 236 235 236 238 238 237 236 237 238 239 238 237 237 238 239 240 238 236 236 237 237 235 234 236 237 238 238 236 236 237 238 238 236 235 236 238 239 237 235 236 237 239 240 240 239 237 236 236 231 231 234 235 233 234 238 237 236 235 236 237 238 238 237 235 235 236 236 237 237 236 235 234 237 240 241 239 236 235 235 237 236 234 233 233 234 235 235 241 240 240 238 237 236 235 235 235 234 233 233 233 233 233 234 238 236 234 232 232 233 234 238 235 238 239 238 237 236 237 238 240 240 240 239 239 238 238 236 233 233 233 233 233 233 233 233 237 236 234 233 232 232 232 233 233 232 232 232 232 232 231 231 228 228 229 230 230 229 228 228 224 230 230 223 214 205 194 182 176 165 141 106 75 52 34 20 22 26 32 31 24 18 21 27 24 28 30 29 25 21 17 15 19 17 15 15 15 14 12 11 13 14 13 11 9 9 11 14 12 12 12 13 14 11 7 4 9 7 5 4 5 5 3 1 1 3 5 5 3 1 1 1 4 3 3 3 2 1 1 1 2 2 3 3 4 4 4 4 4 3 2 2 2 3 4 3 1 0 1 2 2 2 2 2 5 5 5 6 8 10 13 13 6 11 17 18 21 23 22 19 29 22 22 23 23 16 14 13 8 9 9 9 10 10 10 11 5 6 7 6 5 6 9 13 17 26 33 33 29 23 24 27 22 21 21 20 18 15 12 6 7 3 4 8 9 7 8 11 13 18 18 13 11 13 14 11 12 16 31 49 58 64 75 87 106 139 170 190 215 223 225 232 238 244 246 242 241 244 245 244 243 243 242 242 242 243 244 246 247 248 249 249
234 234 233 231 230 229 228 228 231 232 232 233 233 232 232 231 234 233 232 233 234 233 230 227 233 233 233 233 233 233 233 233 236 236 235 234 233 231 231 230 232 231 229 229 232 236 235 232 231 230 230 232 235 235 233 230 230 231 235 235 233 233 235 236 237 237 237 236 235 234 232 231 232 233 235 236 237 236 235 234 233 232 232 231 231 231 232 232 231 230 230 230 231 233 235 236 233 234 237 236 232 230 232 235 236 235 235 234 234 235 235 236 238 237 235 234 234 235 237 238 239 238 237 236 236 236 237 237 239 238 237 237 239 239 238 237 237 239 240 238 235 235 238 242 243 241 239 239 239 239 237 235 236 238 239 238 236 235 236 238 240 238 236 237 239 240 239 236 235 236 238 239 239 238 236 233 237 231 228 230 231 231 235 241 238 234 230 230 234 237 238 237 237 239 241 241 239 236 236 236 236 237 238 237 235 234 235 236 237 236 234 233 234 235 236 237 238 238 238 238 238 238 238 239 235 235 234 234 234 235 236 236 237 236 233 232 231 232 234 237 235 237 240 238 238 236 239 239 240 238 240 237 239 236 238 236 235 233 233 233 233 233 233 233 238 237 235 233 232 232 233 233 236 235 235 234 234 233 233 233 228 229 229 230 230 229 229 228 225 233 234 224 210 192 171 153 134 122 95 63 41 31 28 26 31 28 25 25 29 32 28 21 24 29 31 26 19 18 22 26 22 18 14 12 12 13 14 13 14 15 14 12 10 10 12 15 13 13 14 16 16 12 7 2 8 7 6 6 7 7 4 2 2 4 7 7 5 3 2 3 8 7 7 7 7 7 7 7 6 6 6 6 6 6 6 6 6 5 4 4 5 6 8 7 0 0 1 2 3 2 1 0 4 4 6 6 9 9 10 10 24 34 43 47 50 51 47 42 20 15 15 18 18 12 9 13 11 9 9 9 9 9 9 6 6 7 7 6 6 7 10 15 20 29 33 31 24 21 26 33 19 21 24 24 24 22 19 15 14 9 7 11 12 11 15 19 21 26 23 16 11 13 12 9 12 17 29 49 61 67 75 88 98 134 163 188 213 222 224 230 238 244 245 242 241 243 245 243 246 243 239 238 239 241 243 244 247 248 250 252
230 231 231 232 232 233 233 234 231 231 231 231 231 231 231 231 229 230 230 231 231 230 230 229 229 229 229 229 229 229 229 229 230 230 231 233 233 233 233 233 232 232 232 232 232 232 232 232 233 233 232 232 234 235 236 237 230 233 236 235 233 232 234 237 235 232 234 240 240 234 232 235 234 236 237 236 234 233 234 236 233 234 234 235 235 236 236 237 235 235 236 237 238 239 239 238 226 229 235 235 232 231 232 234 232 233 234 233 233 233 235 237 235 235 235 236 236 237 237 237 235 236 235 234 233 235 238 241 237 235 236 239 240 236 236 238 234 234 234 234 234 236 237 237 241 240 240 239 238 237 236 236 237 236 235 234 235 238 241 242 235 234 234 233 233 234 234 235 231 232 233 234 236 237 238 239 233 234 236 237 239 239 239 239 240 238 236 235 235 236 238 239 237 238 238 238 238 237 236 235 235 235 235 235 235 235 235 235 237 237 235 234 234 234 234 234 234 234 236 239 242 241 237 234 233 232 231 232 233 233 231 230 237 236 234 233 232 233 234 235 235 236 238 237 239 236 238 235 240 237 239 236 237 234 235 234 235 236 236 237 237 236 236 235 235 235 235 235 235 235 235 235 234 235 235 235 235 234 233 232 237 233 231 233 235 234 231 230 221 224 223 222 229 216 160 100 89 70 46 31 30 31 29 26 24 24 24 26 27 26 22 19 19 20 20 18 16 15 17 18 13 12 10 9 8 8 9 9 7 6 6 6 7 8 10 10 7 7 7 8 8 8 8 8 7 6 5 3 3 3 5 5 4 4 5 6 6 7 8 8 0 1 4 7 8 7 6 5 2 2 3 3 4 5 5 5 2 3 3 4 4 5 5 4 0 0 0 0 0 4 5 1 0 0 14 4 4 0 21 35 50 81 107 114 113 114 104 89 63 37 11 10 21 10 2 10 12 9 10 8 4 0 0 5 5 5 4 7 8 12 15 16 19 22 27 28 27 27 28 29 24 24 23 19 17 15 14 14 4 11 13 10 6 10 22 33 28 37 30 19 20 18 11 11 10 26 38 54 68 69 70 84 102 127 152 178 209 223 230 235 234 238 242 242 241 241 243 247 239 240 242 243 243 243 242 241 245 247 249 251
231 231 232 232 232 232 233 233 231 231 231 231 231 231 231 231 229 229 230 230 230 230 229 229 229 229 229 229 229 229 229 229 229 230 231 231 232 231 231 231 231 231 231 231 231 231 231 231 233 233 233 233 233 234 235 236 233 234 235 234 233 234 235 237 233 230 232 236 236 230 228 231 234 236 237 237 235 235 236 237 234 234 235 235 235 235 236 236 233 233 234 235 236 236 237 235 230 230 232 232 232 232 232 233 233 234 235 234 234 234 235 237 235 235 235 236 236 237 237 237 237 238 237 235 233 233 236 239 234 231 232 236 236 233 233 235 235 235 234 234 234 235 236 237 240 239 239 238 237 236 236 235 237 236 234 233 233 235 237 238 235 234 234 233 233 234 234 235 232 233 233 234 236 237 237 238 233 233 234 235 236 236 237 237 237 236 234 233 234 235 237 238 235 236 236 236 236 235 234 233 234 234 235 235 235 235 235 235 237 236 236 235 235 235 235 235 231 231 232 235 237 236 234 232 233 232 231 232 234 234 232 231 234 234 233 232 232 232 233 233 234 234 235 236 236 235 234 234 233 233 233 232 231 231 230 230 234 234 235 236 236 235 234 234 235 235 235 235 235 235 235 235 234 234 234 234 234 233 232 232 234 232 231 232 232 231 229 229 231 232 221 208 208 195 143 85 58 46 32 24 24 26 25 23 23 24 28 31 33 29 23 18 19 20 20 19 16 15 16 18 17 15 12 10 10 10 11 12 13 12 12 12 13 14 15 16 11 11 11 11 11 11 10 10 9 8 6 5 4 5 6 7 6 6 6 6 6 6 6 6 6 6 8 9 9 8 7 7 4 4 4 5 5 5 5 5 4 4 4 4 4 5 5 3 0 2 3 0 0 4 4 1 26 0 6 17 55 79 126 152 154 164 170 165 155 158 158 153 140 127 82 34 16 13 17 22 14 12 10 10 8 2 0 4 3 3 4 4 10 12 16 16 18 19 25 27 28 27 27 27 29 27 24 20 20 19 19 17 22 15 10 10 18 25 31 34 32 40 34 26 22 16 6 9 13 30 44 62 78 78 77 86 92 118 141 167 199 217 224 232 234 237 240 241 241 242 243 245 247 246 245 245 245 246 248 249 248 248 248 248
233 233 232 232 232 232 231 231 231 231 231 231 231 231 231 231 228 229 229 230 230 229 229 228 229 229 229 229 229 229 229 229 230 230 230 231 230 230 229 228 230 230 230 230 230 230 230 230 232 232 231 231 232 233 234 234 237 235 233 233 235 237 237 237 235 234 235 238 237 233 231 232 232 234 235 235 234 234 236 238 236 236 235 235 235 235 234 234 231 232 232 233 234 234 235 233 234 232 230 230 232 232 232 231 233 235 238 237 236 235 236 238 235 235 236 236 236 236 237 237 239 239 238 236 233 233 235 237 232 230 231 235 236 233 232 235 237 236 235 235 234 235 235 236 238 238 238 237 236 235 235 235 237 235 234 232 232 232 233 234 235 234 234 233 233 234 234 235 234 234 234 235 235 236 236 236 233 233 233 233 233 233 233 233 235 234 233 232 233 234 236 238 234 234 234 234 234 233 232 231 233 233 234 234 235 235 236 236 235 236 236 236 236 236 237 237 232 231 230 232 233 234 233 232 234 233 232 233 234 235 234 232 231 232 232 233 233 233 232 232 233 233 234 235 235 234 233 233 231 231 231 231 231 231 231 231 233 233 234 235 235 234 233 233 235 235 235 235 235 235 235 235 233 233 233 234 233 232 231 231 231 231 230 229 229 228 226 225 218 221 208 184 171 154 105 50 30 27 23 22 23 24 23 23 22 25 30 35 36 32 24 17 20 21 21 20 17 16 16 17 18 16 12 10 9 10 12 14 11 11 10 10 10 11 12 13 14 13 13 12 12 11 11 10 11 9 8 7 6 7 8 9 8 8 7 6 6 5 4 4 7 6 6 5 4 4 5 5 7 7 7 6 6 6 6 6 5 5 5 5 5 4 4 2 0 0 0 0 0 1 1 0 6 0 18 86 156 167 179 183 183 178 177 166 146 143 151 154 175 181 151 95 55 29 17 16 15 13 10 11 12 6 2 3 3 3 4 4 9 11 15 15 16 18 25 28 29 27 26 26 28 24 19 18 19 19 17 13 6 13 21 20 15 13 20 28 28 29 28 26 21 12 9 9 9 25 39 60 80 80 76 82 87 112 135 161 195 215 223 231 237 237 238 240 243 244 244 243 247 246 243 242 242 244 247 250 253 252 249 248
234 233 233 232 232 231 231 230 232 232 232 232 232 232 232 232 228 228 229 229 229 229 228 228 230 230 230 230 230 230 230 230 231 231 232 231 231 230 229 228 231 231 231 231 231 231 231 231 232 232 232 232 232 233 234 234 239 236 232 232 236 239 238 237 235 235 236 237 237 236 235 235 229 231 233 233 233 233 235 237 237 236 236 235 235 234 234 233 232 232 232 233 233 234 234 232 238 233 228 228 232 233 232 230 233 235 239 238 237 236 237 238 236 236 236 236 236 236 236 236 237 238 238 236 234 233 235 237 235 233 234 238 239 236 236 239 238 237 236 235 235 235 235 235 237 237 237 236 236 235 235 235 235 235 234 233 233 233 234 235 235 234 234 233 233 234 234 235 235 235 235 235 235 235 235 235 235 234 234 233 232 232 232 232 234 233 233 233 234 235 237 238 233 234 234 234 234 233 232 231 232 233 233 234 235 235 236 236 234 235 236 237 237 237 238 237 237 235 233 232 234 236 236 235 235 233 232 233 235 236 235 234 231 232 233 235 235 234 233 232 233 234 235 235 235 235 234 233 234 234 234 234 234 235 235 235 233 234 235 235 235 235 234 233 236 236 235 235 235 235 234 234 232 232 233 233 232 232 231 230 229 231 231 228 226 225 222 217 213 210 182 138 109 93 61 24 24 25 26 25 24 23 23 23 21 23 28 32 33 29 22 17 20 21 22 21 18 16 16 17 16 14 10 7 7 8 10 12 9 9 8 7 7 7 8 8 13 13 12 11 10 9 9 8 12 11 9 8 7 8 9 10 8 8 7 6 6 5 4 4 8 7 5 3 3 4 6 8 9 9 9 8 7 7 6 6 7 7 7 6 5 5 4 2 0 0 0 0 0 3 4 1 7 0 15 107 182 184 179 178 189 176 172 155 120 115 138 151 161 170 169 149 113 54 11 3 17 13 10 12 14 9 3 2 4 3 4 4 9 11 15 14 15 18 26 29 30 27 26 25 29 25 20 19 19 18 13 5 0 2 9 9 5 7 18 32 30 17 18 22 19 11 11 14 9 20 32 54 77 80 76 80 88 112 133 159 195 217 228 236 240 238 238 241 245 248 246 243 245 244 242 241 242 243 246 247 254 253 252 252
234 233 233 232 232 231 231 230 232 232 232 232 232 232 232 232 228 229 229 230 230 229 229 228 230 230 230 230 230 230 230 230 232 233 233 233 232 231 230 229 233 233 233 233 233 233 233 233 233 233 233 232 233 234 235 235 239 235 232 233 237 239 238 236 229 230 231 232 233 234 235 234 231 233 234 235 234 235 237 238 237 236 236 235 235 234 234 233 234 234 234 234 235 235 235 233 238 234 229 229 232 233 234 232 233 235 239 239 238 236 238 239 236 236 236 236 236 236 236 236 234 235 236 236 235 235 237 239 236 234 236 240 241 238 238 241 239 238 237 236 235 235 235 235 237 236 236 236 236 235 235 235 234 234 234 235 236 237 238 238 235 234 234 233 233 234 234 235 236 236 235 235 235 235 234 234 238 237 235 234 233 233 233 234 235 235 235 235 235 236 237 237 235 235 235 236 235 234 233 233 232 233 233 234 234 235 235 235 233 234 236 237 237 237 237 236 239 236 234 233 234 236 236 236 235 233 232 232 234 236 236 235 233 234 235 237 237 236 234 233 235 235 236 237 237 236 235 235 235 236 236 236 236 236 237 237 235 235 236 237 237 236 235 235 236 236 236 235 235 234 234 234 232 232 233 233 232 232 231 230 230 233 232 227 226 224 215 205 208 189 143 85 49 39 33 24 25 26 27 25 22 20 21 23 21 22 23 25 26 24 20 17 20 22 23 22 19 16 16 16 16 14 11 8 8 9 11 12 14 14 12 11 11 11 11 11 14 13 13 12 11 10 9 9 12 11 9 8 7 8 9 10 6 6 6 6 6 6 6 6 11 10 8 8 8 11 14 16 10 10 9 9 8 8 7 7 8 8 7 7 6 5 5 5 3 0 2 4 7 6 7 7 9 0 9 110 183 180 178 187 193 179 176 150 101 96 135 158 162 170 166 156 136 87 30 4 15 13 9 11 13 8 3 2 5 4 6 5 10 12 15 15 16 19 27 30 31 28 27 26 29 27 22 20 18 17 12 3 8 0 0 9 34 54 61 60 53 22 11 21 17 14 19 16 15 21 26 47 74 82 80 84 87 108 128 153 191 216 227 236 241 240 239 242 247 249 248 245 245 245 246 247 247 247 247 247 248 249 251 253
233 233 232 232 232 232 231 231 233 233 233 233 233 233 233 233 229 230 230 231 231 230 230 229 231 231 231 231 231 231 231 231 232 232 233 233 233 232 231 231 234 234 234 234 234 234 234 234 233 233 233 233 233 234 235 235 235 234 234 235 237 237 236 235 230 233 233 232 233 236 237 235 234 236 238 238 237 237 239 240 236 236 235 235 235 235 234 234 236 236 236 236 236 236 236 234 236 233 231 231 232 232 234 233 232 234 239 239 237 236 237 238 237 237 236 236 236 236 235 235 233 234 236 236 236 236 238 239 234 232 234 238 240 237 237 240 238 237 237 236 236 236 236 237 237 237 237 237 236 236 236 236 234 235 236 237 238 239 240 240 235 234 234 233 233 234 234 235 235 235 235 235 235 235 235 235 239 238 236 234 234 234 235 236 236 236 236 236 236 236 235 235 236 236 237 237 236 235 235 234 234 234 234 233 233 233 233 233 233 234 235 236 237 236 235 234 237 235 232 231 233 234 234 233 234 232 230 231 233 235 236 236 236 237 237 237 236 235 234 234 235 236 237 237 237 237 236 235 235 235 235 235 235 234 234 234 235 236 237 237 237 237 236 235 237 237 236 235 235 234 233 233 233 233 233 234 233 232 231 231 232 234 231 226 225 222 206 187 148 126 90 55 32 24 24 24 21 21 21 19 17 17 19 21 23 21 19 20 21 21 20 19 21 23 24 23 20 17 15 15 17 16 14 13 12 12 13 13 17 16 14 13 12 11 11 11 15 15 14 14 13 12 12 11 11 9 8 7 6 7 8 9 6 6 6 6 6 6 6 6 9 8 7 7 8 11 13 15 9 9 9 9 9 8 8 8 8 8 8 7 7 7 7 7 9 6 5 7 7 4 5 6 0 2 12 126 200 193 181 186 175 174 191 170 111 98 127 133 153 172 165 145 143 122 59 2 14 15 11 11 11 7 4 6 7 6 7 7 11 13 16 16 19 21 28 30 31 29 29 28 24 21 18 15 11 10 10 7 11 17 41 74 106 121 118 116 97 39 11 21 19 19 26 19 18 17 17 37 67 79 77 81 81 100 118 143 183 209 221 230 240 240 241 244 247 248 248 247 242 243 245 246 247 246 245 244 242 244 246 249
231 231 232 232 232 232 233 233 233 233 233 233 233 233 233 233 231 231 232 232 232 232 231 231 231 231 231 231 231 231 231 231 230 230 231 232 232 232 231 231 233 233 233 233 233 233 233 233 232 232 231 231 232 233 234 234 230 233 236 237 236 235 234 234 235 238 238 234 234 238 238 235 235 236 238 237 236 235 236 238 234 234 235 235 235 235 236 236 236 236 236 236 236 236 236 234 232 231 233 233 234 234 234 235 232 235 240 240 239 237 236 237 237 237 237 236 236 235 235 235 234 236 237 237 236 235 236 237 233 231 233 238 239 237 237 240 237 237 236 236 236 237 238 238 237 237 237 237 238 238 238 238 236 236 237 238 238 239 239 239 235 234 234 233 233 234 234 235 235 235 235 235 235 235 235 235 238 237 235 234 233 235 236 237 236 236 236 235 235 234 233 232 236 236 237 237 236 235 234 234 235 235 234 233 233 232 232 231 232 233 235 236 236 234 232 231 235 233 231 231 232 233 232 230 234 231 229 229 232 234 236 236 239 238 236 235 234 233 233 233 234 235 236 236 236 236 235 234 236 235 235 234 234 233 233 232 234 235 236 236 236 236 235 234 237 237 236 235 235 234 233 233 234 234 234 234 234 233 232 232 233 233 228 223 224 220 196 170 95 67 43 39 38 30 22 22 21 20 18 18 18 19 19 19 25 23 21 21 22 22 21 20 21 23 25 24 20 17 15 15 16 16 15 15 14 13 12 12 15 14 13 11 9 9 8 8 13 13 13 13 12 12 12 12 9 8 6 5 4 5 6 7 8 8 7 6 6 5 4 4 6 5 4 4 4 6 7 9 8 8 8 8 8 9 9 9 7 7 7 8 8 8 8 8 9 6 6 9 8 5 5 7 5 10 0 108 189 195 185 190 178 185 214 198 136 126 145 133 139 163 159 146 150 131 62 0 16 18 14 12 10 5 6 12 9 8 9 8 13 14 18 17 21 23 29 30 31 31 31 31 23 19 15 9 4 8 19 21 23 45 84 117 131 139 146 153 136 52 9 17 21 26 32 21 19 14 12 32 64 76 74 76 79 97 113 138 178 205 218 227 237 239 242 243 244 244 246 247 243 243 243 243 243 244 245 245 244 244 244 244
230 231 231 232 232 233 233 234 233 233 233 233 233 233 233 233 231 232 233 233 233 233 232 231 231 231 231 231 231 231 231 231 228 228 229 230 231 231 231 231 232 232 232 232 232 232 232 232 231 230 230 230 230 231 232 233 227 232 237 238 236 233 233 234 235 238 237 230 229 233 232 228 232 234 235 234 232 231 232 233 233 234 234 235 235 236 236 237 236 235 235 235 235 235 235 235 228 230 235 235 234 233 234 236 231 234 239 240 238 236 236 236 237 237 237 236 236 235 235 235 236 237 239 238 236 234 234 235 234 232 234 239 240 238 238 241 236 236 236 236 237 238 239 239 238 238 238 238 238 238 238 239 237 237 238 238 238 237 236 236 235 234 234 233 233 234 234 235 234 234 234 235 235 236 236 236 237 236 234 233 233 234 236 238 235 235 235 234 233 232 230 229 235 236 236 236 236 235 234 233 236 236 235 234 232 231 230 230 232 233 235 236 235 233 230 229 236 234 233 233 234 234 232 230 233 230 228 228 231 234 235 236 240 238 236 233 231 231 231 232 233 234 234 235 235 234 234 233 238 237 237 236 235 234 233 232 233 234 234 235 235 234 234 233 237 237 236 235 235 234 233 233 234 235 235 235 235 234 233 232 233 232 226 221 223 218 190 158 106 58 20 21 31 28 23 27 26 24 22 22 23 23 21 19 26 24 23 24 25 25 23 21 21 23 25 24 21 17 15 14 12 13 14 14 13 11 9 8 17 16 14 12 10 10 9 9 9 9 9 10 10 10 10 10 7 6 5 3 3 3 5 5 10 10 8 7 5 4 2 2 9 8 7 6 6 6 7 7 6 7 7 8 8 9 9 10 6 7 7 8 8 9 9 10 11 7 7 12 15 12 14 15 0 6 0 105 195 203 184 176 180 177 193 168 111 118 148 137 151 158 153 152 152 116 47 0 16 21 17 13 10 5 8 16 10 9 10 9 14 15 18 18 23 24 29 32 32 32 32 32 29 27 19 9 6 13 30 39 66 62 69 82 101 123 143 159 153 57 3 12 20 30 38 25 23 17 14 35 68 80 76 77 82 99 114 138 179 206 219 228 234 238 242 242 241 241 244 247 250 249 246 245 246 248 250 252 250 248 244 241
230 231 231 232 232 233 233 234 233 231 230 231 233 235 236 235 232 231 231 231 231 231 231 230 232 232 231 231 231 230 230 230 225 227 231 234 235 234 232 231 230 231 231 232 232 231 231 230 232 233 233 234 234 233 233 232 229 232 236 238 237 236 236 236 235 235 234 233 232 231 231 230 233 233 233 233 233 233 233 233 233 233 234 235 235 236 237 237 233 234 234 235 235 236 236 237 231 232 234 235 235 234 234 233 237 238 239 240 242 242 242 240 237 236 235 234 234 236 238 239 233 235 238 240 240 239 237 235 233 233 235 240 244 244 240 235 233 237 238 234 233 236 239 238 233 234 236 238 238 237 236 235 235 234 233 233 234 235 237 238 235 235 234 233 233 234 234 235 232 234 236 238 238 236 234 232 232 233 234 234 235 235 234 234 232 232 232 233 233 234 234 234 232 232 233 234 234 235 236 236 230 231 232 233 233 232 231 230 231 232 234 235 235 234 232 231 231 232 232 233 233 232 232 231 232 231 231 232 234 235 235 233 229 230 230 231 231 232 232 232 232 232 233 233 233 233 233 233 233 234 234 235 235 234 234 233 234 234 234 234 235 235 236 236 232 233 235 236 236 235 233 232 226 229 231 233 232 232 232 232 224 231 219 211 226 220 169 118 68 53 34 25 26 29 27 24 25 25 24 24 23 22 21 20 25 26 27 28 27 25 22 21 15 17 19 19 17 16 15 16 14 16 17 16 13 10 9 9 10 11 11 10 8 8 10 12 7 11 15 16 12 9 8 8 9 7 6 4 4 5 6 6 6 6 7 8 8 8 7 7 8 7 7 6 6 7 7 8 4 6 8 9 9 10 12 14 8 6 6 7 9 10 9 8 9 11 14 12 10 9 12 13 2 11 0 35 222 179 174 204 178 174 177 137 116 129 134 158 156 158 167 150 148 125 45 8 14 17 13 13 13 9 9 14 4 4 6 7 14 18 25 25 19 23 32 36 36 33 32 32 16 43 12 0 1 61 91 88 94 50 63 73 86 120 129 145 151 67 15 17 22 24 31 27 19 16 17 38 69 79 76 77 86 99 113 135 171 208 227 227 234 235 237 239 241 243 245 246 247 245 243 243 244 248 252 255 240 241 242 243
232 232 232 232 233 233 233 233 233 231 230 231 233 235 235 235 231 231 231 231 231 231 231 231 233 232 232 232 231 231 231 230 227 229 231 233 233 233 232 231 232 232 232 233 233 232 232 232 234 234 234 235 235 234 234 234 229 232 236 238 237 236 236 236 236 236 236 235 234 234 233 233 235 235 235 235 235 235 235 235 234 234 235 236 237 237 238 238 234 234 235 235 235 235 236 236 233 234 235 236 236 235 236 235 238 239 239 240 242 242 243 241 239 237 236 236 237 237 238 239 236 236 236 236 236 237 238 239 237 236 235 237 240 241 240 237 234 238 239 235 234 237 239 238 239 239 237 236 235 234 234 233 237 237 236 235 235 236 238 239 235 235 235 234 234 234 235 235 233 234 236 237 237 236 234 233 233 233 234 235 235 235 235 235 233 233 234 234 234 235 235 235 234 234 234 234 234 234 234 234 232 233 234 235 235 234 233 232 232 233 235 236 236 235 233 232 232 233 234 234 234 234 233 232 235 234 233 234 236 236 235 234 232 232 232 233 233 233 234 234 235 235 235 235 235 234 234 234 233 234 234 234 234 234 234 233 240 238 235 233 232 233 235 237 233 234 234 235 235 234 234 233 232 233 234 234 233 232 231 231 237 235 220 212 210 179 118 73 48 38 27 23 25 27 26 24 26 25 24 22 21 21 21 22 24 25 26 27 27 25 22 21 19 19 18 16 14 14 16 19 14 16 17 16 13 10 9 10 9 10 10 9 6 6 7 9 9 13 17 17 14 11 10 10 9 8 6 5 4 5 6 7 7 7 8 8 8 8 7 7 8 7 6 6 6 6 7 8 8 9 10 10 8 8 9 10 8 7 6 7 9 10 9 8 8 11 12 12 11 11 13 14 13 0 7 12 165 203 183 184 189 169 156 126 125 149 149 160 170 163 164 147 142 113 37 3 16 20 17 17 17 12 11 15 10 9 9 8 13 14 19 18 22 24 32 33 33 32 33 34 36 21 5 4 26 146 162 135 87 38 47 62 76 109 121 135 156 68 14 19 22 21 24 20 19 15 15 35 65 77 76 79 84 97 114 137 173 209 227 226 235 236 238 240 242 243 244 245 242 243 243 244 245 247 248 248 243 244 246 248
234 234 233 233 233 233 233 232 233 231 230 231 233 235 235 234 229 230 230 231 231 232 232 233 234 233 233 233 232 232 232 231 231 231 231 231 231 231 231 231 233 233 233 233 233 233 233 233 235 235 235 235 235 235 235 235 230 233 236 237 236 235 236 236 237 237 237 237 237 236 236 236 237 237 237 237 237 237 237 237 235 235 236 236 237 238 238 239 236 236 235 235 235 235 234 234 234 235 238 238 238 238 239 238 240 239 241 241 241 242 243 241 238 237 238 238 239 239 238 238 240 237 234 232 233 236 239 242 240 238 235 235 237 238 239 238 234 238 239 235 234 237 239 238 241 239 236 234 233 233 234 235 240 239 238 238 237 238 238 239 235 235 235 235 235 235 235 235 234 235 235 235 235 235 235 234 234 234 235 235 235 236 236 236 234 235 235 235 235 236 236 236 236 236 235 234 234 233 232 232 235 235 236 237 237 236 235 235 234 235 236 237 237 236 235 234 233 234 235 235 235 235 234 233 238 237 235 236 237 237 236 234 234 234 234 235 235 235 235 236 238 238 237 237 236 235 235 235 234 234 234 234 234 234 234 234 243 241 236 232 231 233 235 237 234 234 233 233 233 233 234 234 238 237 236 235 233 232 231 230 235 229 215 203 184 133 72 39 30 27 24 23 24 25 24 23 27 25 23 21 20 21 22 23 23 24 25 26 25 24 23 21 23 21 18 13 11 12 17 21 14 16 17 16 13 11 10 11 14 15 15 13 10 9 10 11 11 14 17 18 16 14 12 12 9 8 7 5 5 6 7 7 6 6 7 7 7 6 6 5 7 7 6 6 6 6 7 7 11 12 12 10 8 6 6 7 9 7 7 7 9 10 9 8 9 10 12 11 12 12 14 14 17 1 11 0 78 176 201 186 178 174 175 156 151 163 162 167 177 168 161 141 127 90 24 1 17 20 19 19 19 13 10 12 12 11 10 8 12 13 16 15 24 24 30 30 31 34 34 34 39 10 16 0 5 144 158 128 93 41 42 60 74 102 122 138 152 60 5 18 27 23 25 26 15 14 13 33 63 76 77 81 84 97 116 142 179 213 228 228 237 238 240 242 243 244 244 244 244 246 249 251 252 250 248 246 248 249 249 250
235 235 234 234 233 232 232 232 233 231 230 230 232 234 234 233 228 229 230 230 232 232 233 234 234 234 234 233 233 233 232 232 234 233 231 230 229 230 230 231 233 233 232 232 232 232 233 233 235 235 234 234 234 234 235 235 231 234 236 237 236 235 235 236 236 236 237 237 237 237 237 237 237 237 237 237 237 237 237 237 235 235 235 236 236 237 237 237 237 236 236 235 235 234 234 233 234 235 237 237 237 237 239 238 239 239 240 239 239 240 241 242 236 235 237 238 239 238 237 236 239 237 234 232 233 235 239 241 240 239 237 236 236 237 237 237 233 237 237 234 233 236 238 237 236 235 234 234 234 235 237 238 240 240 239 238 237 237 237 237 232 233 233 234 234 234 234 234 236 235 234 233 233 234 235 236 235 235 235 235 235 236 236 237 234 234 235 235 235 235 235 235 235 235 235 234 234 233 233 233 236 236 236 236 236 236 236 236 234 234 235 236 236 235 234 234 233 233 234 235 235 234 233 233 239 237 236 236 236 237 235 233 235 235 235 235 235 235 235 235 239 238 238 237 236 235 234 233 234 233 233 233 233 233 233 234 241 239 237 234 233 234 235 237 235 234 233 232 232 233 234 235 239 237 234 233 232 231 230 228 228 227 209 181 148 97 49 30 28 28 27 25 23 21 22 23 27 25 22 19 19 20 22 24 22 22 23 24 24 23 22 21 23 21 18 14 11 12 16 20 15 16 17 15 13 11 11 12 17 17 16 14 11 9 10 12 12 14 15 16 16 14 13 12 10 9 8 6 6 6 7 8 5 5 5 6 5 5 4 3 7 7 6 6 6 6 7 7 11 12 12 10 8 6 6 7 10 8 7 8 10 10 9 8 8 8 10 12 12 14 14 15 9 24 0 0 11 84 188 207 170 177 185 175 169 173 173 176 173 171 159 136 105 59 15 7 15 19 18 20 19 12 7 9 9 8 8 8 12 15 19 19 23 22 29 30 34 34 33 32 22 8 21 0 28 131 157 133 106 58 54 70 79 101 130 145 146 53 3 19 28 22 25 27 13 14 16 37 67 78 78 82 85 97 117 146 183 214 229 229 238 239 241 243 244 244 244 243 246 248 250 252 252 250 247 245 251 250 249 247
235 234 234 233 233 232 232 231 233 231 230 230 232 233 233 232 228 229 230 230 232 232 233 234 234 234 234 233 233 233 232 232 235 233 231 229 229 229 230 231 232 232 231 230 230 231 232 232 234 234 233 232 232 233 234 234 233 234 236 236 235 234 235 236 235 235 235 235 236 236 236 236 235 235 235 235 235 235 235 235 233 233 234 234 234 235 235 235 237 236 236 235 235 234 234 233 236 235 235 235 235 235 237 238 240 240 239 239 240 240 240 239 234 234 235 237 237 236 235 234 236 235 235 234 235 236 237 238 237 238 239 239 237 236 235 234 231 235 236 232 231 235 237 236 232 233 235 236 236 236 235 234 238 237 237 237 236 235 235 234 230 231 232 233 234 233 233 232 236 235 233 232 232 233 235 236 235 235 234 234 234 235 236 237 234 234 233 233 233 233 233 233 233 233 233 234 234 235 235 235 235 235 234 234 234 234 235 235 233 233 234 234 234 234 233 233 231 232 233 233 233 233 232 231 237 235 234 234 235 235 233 231 234 234 234 234 233 233 233 233 237 236 236 235 234 233 232 232 234 233 232 232 232 232 233 234 235 235 236 237 237 236 236 235 234 233 232 231 231 232 233 234 235 232 230 230 230 229 227 224 223 225 195 143 101 65 37 25 30 30 28 24 21 20 22 24 26 24 21 19 18 20 23 24 22 22 22 22 22 21 21 20 19 20 19 17 15 14 15 17 15 16 16 15 13 12 13 14 12 12 12 9 6 5 6 7 11 11 12 13 14 13 12 11 11 10 8 7 7 7 8 9 7 8 8 8 7 6 5 5 8 8 7 6 6 7 8 8 8 10 11 10 8 7 8 10 11 9 8 8 10 10 9 6 6 6 8 10 13 15 14 13 8 23 0 1 0 7 104 182 187 179 167 162 171 183 184 174 165 174 155 125 80 30 9 14 16 19 19 21 20 13 8 10 8 7 8 8 14 16 21 21 20 20 28 32 36 35 31 27 26 14 0 0 95 148 170 132 116 82 75 90 93 112 147 157 140 55 8 22 25 14 15 18 9 15 22 44 73 82 79 82 84 94 113 143 180 209 225 227 238 239 242 244 245 244 244 243 244 244 244 244 243 243 243 242 249 248 246 243
233 232 232 232 232 232 231 231 233 231 230 230 231 233 232 231 229 230 230 231 231 232 232 233 234 233 233 233 232 232 232 231 234 233 231 230 229 230 230 231 232 231 230 229 229 230 231 232 234 233 232 231 231 232 233 234 234 235 236 236 234 234 235 236 235 235 234 234 234 234 234 234 234 234 234 234 234 234 234 234 233 233 233 233 233 233 233 233 236 236 235 235 235 235 234 234 236 235 234 234 234 234 237 238 239 240 240 240 241 240 239 237 234 233 234 235 235 235 235 235 233 234 235 236 237 236 236 235 235 237 239 239 237 235 234 234 231 236 236 233 231 235 237 236 235 236 237 237 236 234 231 229 234 235 235 236 235 235 234 233 229 230 232 234 234 234 233 232 235 234 233 232 232 233 234 235 235 234 233 232 232 234 235 237 234 233 233 233 233 232 232 232 232 232 233 234 234 235 236 236 234 234 233 232 232 233 234 234 233 233 233 233 233 233 233 233 231 231 232 233 233 232 231 231 234 233 232 232 233 234 232 231 233 233 233 232 232 232 232 231 234 234 234 233 232 232 231 231 234 233 232 231 231 232 233 234 231 233 235 237 238 237 235 233 233 233 232 232 232 232 233 233 231 228 226 227 228 227 222 217 203 196 152 94 61 45 33 30 28 27 25 22 20 21 24 26 24 23 21 19 19 20 22 24 23 22 21 21 20 19 18 18 15 17 20 20 18 16 15 15 16 16 16 15 13 12 14 15 12 13 13 10 8 7 8 9 10 9 9 10 12 13 11 10 12 11 9 8 7 8 9 10 12 12 12 12 11 10 9 8 10 9 8 8 8 8 9 10 6 8 10 9 9 8 10 12 12 10 9 9 10 11 9 6 5 4 4 8 11 13 14 12 16 2 12 13 5 0 6 94 165 178 177 181 178 172 173 158 156 163 131 91 52 13 8 14 20 21 21 23 23 17 13 15 14 12 12 10 14 16 19 19 19 19 27 31 37 36 30 25 29 21 0 0 113 145 163 130 130 110 104 118 118 133 163 159 105 38 7 23 21 13 15 16 10 18 27 50 78 84 80 82 82 88 105 135 171 200 217 222 235 237 241 243 245 245 243 242 246 245 243 242 242 243 244 245 246 245 243 242
230 230 230 231 231 231 231 231 233 231 229 230 231 232 232 231 231 231 231 231 231 231 231 231 233 232 232 232 231 231 231 230 232 232 231 230 230 230 231 231 234 233 231 230 230 231 233 234 236 235 233 232 232 233 235 236 235 236 236 235 234 233 235 237 236 236 235 235 234 233 233 233 234 234 234 234 234 234 234 234 234 234 234 234 234 234 234 234 234 234 235 235 235 235 236 236 237 236 235 234 236 237 238 239 240 241 243 244 245 243 240 237 237 234 234 234 234 235 236 237 234 234 235 235 236 236 236 236 236 237 238 237 234 233 236 238 233 237 238 234 233 237 239 238 237 236 236 235 234 233 231 231 232 233 235 236 236 235 234 234 230 231 234 236 237 236 235 234 234 233 233 232 232 233 233 234 234 233 231 230 231 232 234 236 235 235 234 234 234 233 233 233 234 234 234 234 234 234 234 234 235 234 233 232 232 233 234 235 234 234 234 233 233 234 234 234 232 232 233 234 234 233 232 232 233 232 231 231 233 234 233 232 233 233 233 233 232 232 231 231 233 233 233 232 232 232 232 232 234 233 231 230 230 231 233 234 233 234 234 235 235 234 233 232 231 232 232 233 233 232 232 231 230 227 226 227 228 224 216 209 180 150 95 52 40 34 30 33 28 27 24 23 23 24 25 25 22 21 21 20 20 21 22 22 24 23 21 20 18 17 16 16 13 16 19 19 18 17 17 17 16 16 16 14 13 12 14 17 15 16 16 14 12 11 13 14 11 9 8 9 12 13 12 10 12 11 10 8 8 8 10 10 13 13 13 13 12 11 9 9 11 11 10 9 9 10 11 11 7 8 10 10 8 8 10 11 12 11 9 9 10 11 9 5 4 1 3 7 11 13 13 10 21 2 17 13 14 2 0 10 74 121 156 178 169 149 155 144 138 132 78 38 20 6 14 12 20 20 20 22 23 18 15 18 18 16 15 12 15 16 19 18 21 19 25 28 35 35 30 26 14 12 0 0 75 146 166 158 140 133 124 137 138 145 159 128 61 17 7 24 21 15 17 15 12 21 29 51 77 83 80 84 84 87 101 129 165 194 213 221 233 235 239 243 244 244 243 242 248 247 246 246 246 247 248 249 246 245 243 241
228 228 229 229 230 231 231 231 233 231 229 229 231 232 231 230 232 231 231 231 231 231 231 230 232 232 231 231 231 230 230 230 231 231 231 231 231 231 231 231 235 234 232 231 231 232 234 235 237 236 234 233 233 234 236 237 235 236 236 235 233 233 235 237 238 237 236 235 234 233 233 232 235 235 235 235 235 235 235 235 235 235 235 235 235 235 235 235 233 234 234 235 235 236 236 237 239 238 236 235 235 238 240 241 238 243 246 248 247 245 241 238 239 236 235 234 234 236 238 239 235 235 234 234 234 235 236 237 238 238 237 234 231 232 237 242 235 239 240 236 235 239 241 240 235 234 233 232 232 234 236 237 232 233 235 236 237 236 236 235 231 233 236 238 239 239 237 236 233 233 233 233 233 233 233 233 233 232 230 229 230 231 234 235 236 236 236 235 235 234 234 234 236 236 235 234 234 233 232 232 235 235 233 232 232 233 235 235 236 235 235 234 234 235 235 236 233 234 234 235 235 234 234 233 232 231 231 232 234 235 234 233 234 234 234 233 233 232 232 231 232 232 233 233 233 233 233 233 234 233 231 230 230 231 233 234 237 236 234 232 231 231 231 231 230 231 233 234 234 233 231 230 231 228 227 227 228 223 212 204 174 123 59 31 32 26 19 24 33 28 28 26 28 25 24 20 20 19 21 19 21 19 21 21 25 24 21 19 17 16 15 15 13 15 17 18 17 17 18 20 16 17 16 14 13 13 15 17 12 13 13 12 10 10 12 13 11 9 8 9 13 14 13 10 13 12 10 9 8 9 10 11 11 9 11 8 9 6 7 4 12 10 11 8 10 9 12 12 8 9 11 10 8 7 9 10 13 11 9 10 11 11 9 5 3 0 1 6 11 13 10 8 16 12 6 8 8 3 29 0 0 43 83 128 146 144 156 141 124 107 35 0 0 7 21 7 18 16 15 20 19 16 15 18 17 16 15 13 14 15 19 20 21 20 21 25 30 34 31 28 22 7 3 0 23 141 148 145 148 145 136 147 147 149 144 90 40 11 10 29 20 12 11 4 14 23 29 49 74 82 78 85 87 88 99 126 161 191 211 221 231 234 238 242 244 244 243 242 243 244 244 245 245 246 246 246 249 247 244 241
228 227 228 230 232 232 229 227 229 230 230 231 231 230 230 229 227 227 228 229 231 232 233 233 230 230 232 233 233 233 233 233 234 234 234 235 235 236 236 237 236 235 235 234 234 235 235 236 236 235 234 233 233 233 233 234 233 233 233 234 234 235 235 235 232 232 232 232 232 233 235 235 235 234 234 234 234 235 236 237 233 233 233 235 236 235 231 228 232 232 234 235 235 234 232 232 235 234 234 234 234 236 236 235 235 236 237 239 241 244 243 242 238 238 238 238 238 238 238 238 235 237 239 241 242 241 240 238 236 237 237 236 234 234 236 238 233 233 234 236 238 238 236 233 236 236 236 236 236 236 236 236 239 237 235 234 236 237 236 235 231 232 234 235 235 234 232 231 229 231 235 238 238 236 234 232 235 235 235 235 235 235 235 235 237 237 237 237 237 237 238 238 233 233 233 234 234 235 235 235 234 233 233 232 232 233 233 234 233 233 232 232 232 233 234 234 234 234 234 234 234 234 234 234 234 234 234 234 234 234 234 234 231 234 236 237 235 233 233 234 237 235 233 233 234 234 234 233 230 231 231 232 232 233 233 233 232 232 233 235 235 235 235 235 230 230 231 232 232 232 231 231 224 225 231 230 223 227 223 207 151 100 48 29 30 29 24 21 17 17 21 21 24 22 24 21 18 17 20 19 20 15 14 13 19 14 11 12 11 10 12 17 14 14 14 13 12 13 17 20 15 19 22 19 14 12 15 18 8 8 8 9 10 11 11 12 9 9 9 9 10 12 13 14 11 10 9 8 8 8 8 8 6 3 4 1 2 0 2 1 2 0 1 0 2 1 4 5 10 9 7 5 5 5 6 7 5 5 6 8 10 11 9 4 2 0 2 4 8 8 6 4 9 8 6 4 5 8 12 12 0 0 0 18 60 86 84 72 32 24 12 9 10 14 12 8 13 8 7 11 13 13 15 18 13 14 15 13 12 11 11 12 14 17 25 32 35 34 33 29 16 20 0 0 0 83 140 156 153 139 140 155 157 122 68 29 10 14 19 21 22 19 17 15 13 16 32 59 74 74 74 82 74 82 91 116 161 193 207 221 228 233 237 240 241 241 243 244 242 242 242 243 244 245 247 248 248 248 248 249
229 229 229 231 233 233 231 229 232 232 231 231 231 231 231 231 228 229 229 230 230 231 232 232 230 231 231 232 232 232 232 231 233 233 234 234 235 235 235 236 235 235 234 234 234 234 235 235 236 235 234 234 233 233 234 234 234 234 235 235 235 236 236 236 234 233 233 233 234 235 235 236 235 235 234 234 235 236 237 237 234 234 234 235 236 235 232 230 232 233 234 235 235 234 233 232 233 233 235 235 235 235 237 238 237 236 237 238 241 242 243 242 238 238 238 238 238 238 238 238 237 238 240 242 242 241 239 238 236 237 238 237 236 236 238 240 237 235 234 235 237 238 238 237 237 237 237 237 237 237 237 237 237 235 234 235 237 237 237 235 232 233 235 236 236 235 233 232 234 234 235 235 235 236 236 236 236 236 236 236 236 236 236 236 236 236 236 236 236 236 236 237 233 233 233 234 234 234 235 235 235 234 234 233 233 234 234 235 235 235 234 233 233 234 234 235 234 234 234 234 234 234 234 234 234 234 234 234 234 234 234 234 232 234 237 237 235 234 234 234 237 235 233 233 234 234 234 233 232 233 233 233 234 234 235 235 232 233 234 235 235 235 234 234 231 232 232 233 233 233 232 231 232 229 229 225 220 219 200 166 109 71 35 26 30 30 27 26 18 18 20 22 23 22 21 20 18 19 20 21 20 18 16 17 25 20 18 20 19 17 18 22 19 19 17 15 12 12 15 17 17 20 22 19 14 11 13 16 13 13 13 14 14 14 14 15 10 10 10 11 12 13 14 15 13 12 11 11 10 10 11 11 9 7 7 8 9 10 10 11 8 8 8 8 8 8 9 11 14 13 12 11 11 11 12 13 9 8 9 11 13 14 12 10 11 8 8 10 11 11 9 7 10 8 7 6 7 10 13 15 25 13 4 7 17 18 7 0 14 9 5 5 9 11 10 8 18 15 14 19 21 19 19 20 17 18 19 17 15 13 14 17 18 23 27 31 33 32 30 25 15 22 20 5 0 41 102 139 156 147 143 131 106 65 27 8 12 15 18 19 21 20 18 15 14 16 35 61 73 72 74 79 77 83 90 114 160 192 208 223 233 238 242 244 245 246 247 249 243 243 243 244 244 245 246 246 251 251 251 252
230 230 230 231 233 234 232 230 235 234 232 231 230 230 231 232 230 230 230 230 230 231 231 231 230 231 231 231 231 231 230 229 233 233 233 233 234 234 234 234 234 234 233 233 233 233 234 234 236 236 235 234 233 233 234 234 235 236 236 236 236 237 237 237 234 235 235 235 235 236 236 236 236 236 235 235 235 236 237 238 236 234 233 233 234 235 233 231 233 233 234 235 235 234 233 233 232 232 235 235 236 237 239 240 240 237 237 237 239 240 243 242 238 238 238 238 238 238 238 238 238 239 240 241 241 240 238 237 236 237 238 237 237 237 239 241 240 237 234 234 236 238 239 239 236 236 236 236 236 236 236 236 234 234 234 235 237 238 237 235 234 235 236 237 237 236 235 234 240 238 235 233 232 234 237 238 237 237 237 237 237 237 237 237 235 235 235 235 235 235 235 235 233 233 233 233 234 234 234 235 236 235 234 234 234 234 235 236 237 237 235 234 234 234 234 234 234 234 234 234 234 233 233 233 234 234 234 234 234 234 234 234 232 234 236 236 234 233 234 235 237 235 233 233 234 234 234 233 234 235 235 235 235 236 236 236 233 234 234 235 234 234 233 232 232 233 233 234 234 233 232 232 236 230 226 221 217 209 170 118 64 43 27 27 31 30 29 30 20 22 24 26 26 25 22 20 22 23 24 25 25 24 23 21 22 18 18 21 20 17 17 20 20 20 19 17 14 14 16 18 20 22 23 20 15 11 12 14 19 19 19 18 18 18 17 17 13 12 12 13 13 14 16 16 16 15 14 13 13 13 13 14 8 9 10 11 12 12 12 11 11 11 11 11 10 10 10 10 13 12 12 11 12 12 13 14 13 12 12 14 17 18 17 15 13 12 11 11 12 11 9 6 15 13 12 11 11 13 16 15 15 14 13 12 13 12 11 9 12 12 13 14 15 14 12 11 22 20 21 27 28 24 19 18 18 19 20 18 16 15 16 17 22 24 29 33 34 31 28 25 21 18 29 14 0 0 49 87 114 105 94 73 46 19 5 4 17 19 21 21 22 21 18 18 15 20 40 64 74 72 74 78 80 85 91 114 160 193 212 228 233 238 241 243 243 243 245 247 245 245 246 247 247 246 246 246 249 249 249 249
230 229 229 230 232 233 232 230 235 234 231 229 228 229 230 232 232 232 232 231 231 230 230 229 231 231 231 231 230 229 228 227 233 233 233 233 233 233 233 233 234 233 233 232 232 233 233 234 237 236 235 234 234 234 234 235 235 235 236 236 236 236 236 236 234 234 235 235 235 235 235 235 236 236 235 235 236 237 238 238 236 234 231 231 232 233 232 231 232 232 233 233 233 233 232 232 230 231 233 234 235 236 239 240 240 237 236 235 236 238 241 241 238 238 238 238 238 238 238 238 238 239 239 239 239 237 236 235 235 236 237 237 236 236 239 241 239 237 235 234 236 238 238 237 235 235 235 235 235 235 235 235 233 232 233 235 238 239 237 235 234 234 235 236 236 235 234 234 240 238 235 232 231 233 235 236 236 236 236 236 236 236 236 236 235 235 234 234 234 234 233 233 232 232 233 233 233 234 234 234 235 234 234 233 233 234 234 235 237 236 235 234 233 232 232 232 234 234 234 233 233 233 233 232 234 234 234 234 234 234 234 234 231 233 234 234 232 231 232 234 237 235 233 233 234 234 234 233 235 235 235 235 235 235 235 235 234 234 234 234 234 233 232 231 232 232 233 233 233 232 231 230 230 226 225 219 210 193 144 84 43 35 31 33 33 30 29 32 22 24 27 28 28 25 22 19 23 24 25 26 26 26 25 24 18 16 17 20 20 15 14 16 17 18 19 18 17 18 21 23 21 22 23 21 17 15 16 17 22 21 21 20 19 18 17 17 15 15 14 14 15 16 17 18 17 16 15 15 14 14 15 15 10 11 11 11 10 8 6 5 9 9 9 9 8 8 7 6 11 11 11 12 12 13 14 14 15 14 14 16 19 20 20 18 15 13 11 11 11 10 7 5 16 15 13 12 12 13 15 16 11 14 17 16 14 14 18 22 18 21 24 23 20 18 18 20 21 20 24 31 32 26 19 17 17 19 19 19 17 16 17 18 20 22 27 31 33 33 31 28 31 14 22 10 7 0 21 32 53 41 29 22 20 20 18 17 23 23 24 24 26 23 23 21 16 26 48 69 75 73 74 77 79 86 93 117 163 194 212 228 233 237 239 240 240 241 243 244 246 247 248 248 248 247 246 245 245 245 247 245
230 228 227 228 230 231 231 230 233 231 229 227 226 227 229 230 233 233 232 232 231 230 230 229 231 231 231 231 230 229 228 227 233 233 233 233 233 233 233 233 234 233 233 232 232 233 233 234 237 236 235 235 234 234 235 235 235 235 234 234 234 234 234 234 232 233 234 235 234 234 233 232 236 235 235 235 235 236 237 238 234 232 230 230 231 232 231 230 231 231 231 231 231 231 231 231 228 229 232 233 234 235 237 238 238 235 234 233 234 236 239 239 238 238 238 238 238 238 238 238 237 237 237 237 236 235 234 234 233 235 235 235 234 234 236 238 235 235 235 236 237 237 235 232 233 233 233 233 233 233 233 233 233 232 232 234 237 238 237 236 233 233 234 234 234 234 233 233 235 235 234 233 232 232 232 232 234 234 234 234 234 234 234 234 235 235 234 234 233 233 233 232 232 232 232 233 233 233 234 234 233 232 232 231 231 232 232 233 236 235 233 232 231 230 230 230 234 234 234 233 233 232 232 231 234 234 234 234 234 234 234 234 230 231 232 231 230 229 231 232 237 235 233 233 234 234 234 233 234 234 233 233 233 233 233 233 234 234 234 234 233 232 231 230 231 231 231 231 231 230 229 228 221 221 224 216 194 164 114 60 39 37 37 36 33 29 29 32 24 26 28 29 28 26 23 21 23 23 24 24 24 24 24 24 22 20 21 25 25 20 18 20 17 18 20 19 19 19 21 23 21 22 22 22 21 20 21 21 20 20 19 18 17 16 15 14 17 16 16 16 16 17 18 18 17 16 15 14 14 14 15 15 16 16 15 15 13 12 10 10 12 13 13 13 13 11 10 9 14 14 15 16 16 17 17 17 16 14 14 16 19 21 21 20 25 22 19 18 17 16 14 12 16 15 14 13 12 13 14 14 17 18 18 15 12 10 11 14 12 15 18 18 16 18 23 28 22 22 27 35 37 30 24 21 21 22 24 23 22 21 23 22 22 23 27 30 33 31 30 28 31 15 22 10 17 9 20 6 19 12 7 9 20 26 27 23 25 26 25 25 24 24 24 23 19 32 56 72 77 74 74 77 79 88 98 124 169 201 215 228 237 240 242 242 241 242 244 246 244 244 244 244 244 243 243 242 248 248 249 248
230 228 226 227 229 230 230 230 230 229 227 227 227 228 229 230 233 233 232 232 231 231 230 230 230 231 231 231 231 231 230 229 234 234 234 234 233 233 233 233 234 234 233 233 233 233 234 234 237 237 236 235 235 235 235 235 235 234 234 234 234 233 233 233 232 233 234 235 234 233 231 230 235 234 234 234 234 235 236 237 233 232 231 231 232 232 231 229 232 232 231 230 230 231 232 232 228 229 231 232 233 233 236 236 236 234 233 233 235 237 239 238 238 238 238 238 238 238 238 238 236 236 236 236 236 235 235 235 234 235 235 234 233 232 234 236 234 234 235 237 238 237 233 230 233 233 233 233 233 233 233 233 235 233 232 232 235 236 237 236 233 233 233 233 233 233 233 233 231 232 233 234 234 233 231 230 233 233 233 233 233 233 233 233 236 236 235 234 234 233 232 232 231 232 232 232 233 233 233 233 232 232 231 230 230 231 232 232 234 233 232 231 230 230 230 230 234 234 233 233 232 231 231 231 234 234 234 234 234 234 234 234 230 231 232 231 229 229 231 233 237 235 233 233 234 234 234 233 232 232 232 232 231 231 231 231 232 233 233 233 233 232 232 231 230 230 231 230 230 228 227 227 219 218 222 210 172 126 81 43 38 37 35 33 30 29 30 32 27 27 28 29 28 27 25 24 23 23 22 22 22 22 22 22 23 21 22 25 25 21 19 21 20 22 22 21 19 17 18 19 21 21 21 22 22 22 23 23 18 18 17 16 15 14 14 13 18 17 17 16 16 17 18 18 17 16 15 14 14 14 14 15 15 14 13 13 13 13 14 15 11 12 14 14 14 13 11 10 13 14 14 15 15 15 15 14 15 14 13 15 18 20 21 21 28 25 22 20 20 19 17 15 16 15 15 14 14 14 14 15 15 14 16 17 19 21 22 23 16 17 16 13 11 12 17 22 21 20 24 31 32 27 21 20 19 21 22 22 21 21 23 22 27 25 28 28 30 29 25 25 21 20 28 18 16 19 26 12 9 16 22 21 21 24 26 25 25 24 23 22 22 21 22 20 21 39 65 79 80 76 76 78 82 91 102 131 176 206 219 230 236 240 240 240 239 239 242 244 240 240 239 239 239 240 241 243 248 248 248 248
231 229 227 227 229 231 231 231 227 227 228 228 229 230 231 231 232 232 232 232 232 232 231 231 230 231 231 232 232 232 232 231 236 235 235 235 234 234 233 233 235 235 234 234 234 234 235 235 238 237 236 235 235 235 235 236 236 236 235 235 235 234 234 234 233 234 235 236 236 234 232 230 233 233 233 233 233 234 235 236 234 233 233 234 235 235 232 229 235 234 233 232 232 233 234 235 230 231 233 233 233 233 235 235 235 234 235 236 238 240 241 240 238 238 238 238 238 238 238 238 237 237 237 237 237 237 238 239 236 237 237 235 233 232 233 235 238 236 235 236 237 237 235 233 234 234 234 234 234 234 234 234 238 235 231 230 232 235 236 236 234 234 234 233 233 234 234 234 231 232 233 234 234 234 233 232 234 234 234 234 234 234 234 234 237 237 236 235 234 233 233 232 231 231 232 232 232 233 233 233 233 232 232 231 231 232 232 233 233 233 232 231 231 231 232 232 234 234 233 233 232 231 230 230 234 234 234 234 234 234 234 234 233 233 233 232 230 230 233 235 237 235 233 233 234 234 234 233 233 232 232 232 231 231 230 230 231 231 232 233 233 233 232 232 231 231 231 231 230 229 228 227 225 217 219 205 156 98 57 35 37 35 31 29 29 31 31 29 31 30 30 29 29 29 29 30 26 25 24 23 23 23 22 23 21 18 19 22 21 18 17 19 19 21 22 21 19 17 17 18 22 21 20 20 21 21 20 20 18 18 17 17 16 15 15 15 18 18 17 16 16 17 17 18 18 17 16 15 15 15 15 16 15 13 11 9 9 10 13 14 10 12 13 15 15 14 13 11 12 13 14 14 14 13 12 11 16 14 13 14 18 21 22 22 28 25 21 19 19 18 17 15 18 18 18 18 18 19 19 17 14 15 16 16 15 13 12 11 25 24 21 17 14 14 15 17 24 22 22 27 28 23 19 18 17 19 21 21 21 21 23 23 24 24 27 27 27 26 25 24 19 25 28 30 15 25 29 27 19 28 32 28 24 26 29 29 27 27 25 22 22 21 22 20 24 44 70 82 81 78 77 78 85 93 103 129 174 205 219 231 236 239 239 238 237 237 240 242 243 241 239 238 239 241 244 248 248 250 250 249
233 231 228 228 230 232 233 232 226 227 229 230 232 232 232 232 232 232 232 232 232 232 232 232 230 230 232 233 233 233 233 233 237 236 236 235 235 234 234 234 236 235 235 234 234 235 235 236 238 237 236 235 235 235 235 236 237 237 237 236 236 235 235 235 234 235 237 238 237 235 233 231 233 232 232 232 232 233 234 235 235 235 235 237 238 237 234 230 237 236 235 234 234 235 236 237 233 232 234 234 234 234 236 235 235 234 237 239 241 242 243 242 238 238 238 238 238 238 238 238 238 238 238 238 239 240 241 242 239 239 239 237 234 233 233 235 242 239 236 234 235 237 237 237 236 236 236 236 236 236 236 236 240 236 231 229 231 233 235 236 236 235 235 234 234 235 235 236 233 233 233 233 234 235 236 236 235 235 235 235 235 235 235 235 238 237 236 236 235 234 233 233 231 231 231 232 232 233 233 233 234 233 233 232 232 233 233 234 233 233 232 232 232 233 234 234 234 234 233 232 231 231 230 229 234 234 234 234 234 234 234 234 235 235 235 233 232 232 235 237 237 235 233 233 234 234 234 233 233 233 233 232 232 231 231 230 230 230 231 232 233 233 233 233 233 233 233 232 231 230 229 228 232 218 217 204 149 86 49 35 39 35 30 27 30 33 30 25 32 31 29 28 28 30 31 32 27 26 25 24 22 22 22 22 23 19 19 22 21 18 18 21 15 17 20 20 19 19 20 21 22 21 19 19 19 19 17 16 19 19 18 18 18 17 17 17 18 18 17 16 16 16 17 17 19 18 17 16 16 16 16 17 20 17 13 9 7 8 10 12 11 13 15 17 18 17 15 14 17 18 19 19 18 17 15 14 16 14 13 15 18 21 23 23 27 24 21 19 18 18 17 16 19 19 19 20 20 21 21 21 9 13 18 20 19 18 19 20 16 16 15 16 17 19 21 22 32 28 26 29 29 24 20 20 20 22 24 24 24 24 26 26 20 21 24 25 28 26 27 28 26 24 18 36 17 29 28 33 39 39 34 26 27 33 31 24 32 31 27 24 22 21 22 21 24 48 74 85 82 77 76 79 84 91 99 126 170 202 219 232 243 244 244 242 241 241 244 246 248 246 243 242 243 246 250 255 254 255 255 255
230 230 231 231 231 231 232 232 232 230 229 229 231 233 232 232 233 233 233 233 233 233 233 233 227 228 230 231 232 231 230 230 231 232 233 234 235 234 233 232 232 232 232 233 233 233 234 234 236 236 235 235 235 235 235 235 235 235 236 236 236 235 234 234 234 235 237 238 238 237 235 234 238 235 232 230 230 232 235 237 231 232 234 235 235 234 232 231 233 233 233 234 234 235 235 235 230 233 237 236 235 235 240 244 239 238 238 237 237 238 242 243 236 237 237 238 238 239 239 239 235 236 238 239 240 239 238 237 236 235 234 236 238 240 240 238 234 234 234 234 233 236 240 243 234 234 234 236 237 237 235 233 235 234 233 233 233 233 234 235 233 234 234 234 234 234 234 235 236 237 238 237 235 234 235 236 236 236 236 236 236 236 236 236 235 236 236 236 236 235 234 233 230 231 232 232 230 229 231 232 233 233 232 231 230 229 229 228 228 229 230 231 231 230 229 228 232 232 232 231 231 230 230 230 231 232 232 233 233 234 234 235 231 231 232 233 234 234 234 234 234 233 233 233 233 234 235 236 234 233 233 232 232 233 233 234 231 231 231 233 234 234 232 230 230 233 232 228 227 229 228 225 221 217 201 140 85 60 38 36 34 33 32 31 31 32 33 34 29 28 26 26 26 28 31 32 24 24 24 25 26 27 27 27 22 21 23 27 26 20 16 17 16 14 15 19 20 17 17 19 19 17 17 20 23 23 21 17 20 17 18 21 21 17 17 19 14 17 18 15 14 17 16 12 14 16 17 16 15 14 15 16 13 12 12 11 12 12 13 13 14 16 18 19 18 18 18 20 8 10 12 14 16 16 16 15 16 15 15 15 17 20 24 26 23 24 25 25 25 23 22 21 14 17 20 19 18 17 20 23 12 11 14 18 16 11 12 19 15 13 11 12 15 18 19 19 16 18 20 22 23 23 21 20 18 22 25 25 23 22 24 25 27 25 26 25 26 24 24 23 22 27 32 30 29 29 35 41 37 34 31 31 31 33 32 31 33 26 22 23 24 21 22 23 29 60 79 78 81 79 75 77 83 91 99 125 175 213 226 233 230 238 242 241 243 247 246 240 247 245 244 244 246 247 248 250 251 252 252 253
232 232 232 231 231 230 230 230 232 230 229 229 231 233 232 232 233 233 233 233 233 233 233 233 228 229 231 232 232 232 231 231 232 233 234 235 234 233 232 231 233 233 233 233 234 234 235 235 235 236 236 237 237 237 236 236 231 231 232 233 233 233 232 232 234 235 237 238 238 237 235 234 237 236 236 235 236 236 237 238 232 233 234 234 234 234 233 232 233 233 233 234 234 235 235 235 228 230 234 233 231 231 236 239 238 238 238 238 238 238 242 242 238 239 239 239 240 240 241 241 236 237 238 239 240 239 238 238 234 233 232 234 236 238 237 236 237 237 236 235 233 234 237 240 237 236 235 236 237 236 233 231 237 236 235 235 235 235 236 237 234 234 234 234 234 234 234 234 232 234 234 233 231 230 231 233 234 234 234 234 234 234 234 234 235 235 235 236 235 235 234 234 232 233 234 234 232 231 233 234 234 234 233 232 231 230 230 229 231 231 232 233 233 232 231 231 232 232 232 231 231 231 230 230 232 232 232 232 233 233 233 233 234 233 232 231 231 233 234 235 231 231 231 230 231 232 233 233 234 233 233 232 232 233 233 234 231 231 231 233 234 234 232 229 227 230 229 225 225 226 226 222 206 199 175 105 52 40 33 39 26 27 28 28 28 27 26 25 26 27 28 29 30 30 29 28 22 22 23 23 24 24 25 25 19 17 17 20 19 15 13 15 17 14 14 18 18 15 15 18 15 14 13 16 18 19 17 14 14 10 8 11 11 10 13 17 14 17 17 13 12 14 13 10 12 14 15 15 13 13 14 16 12 11 11 10 10 11 12 12 10 12 14 14 12 12 12 13 10 11 12 12 11 10 9 8 10 10 10 11 12 15 17 18 20 22 23 24 25 24 23 22 13 14 16 14 12 11 12 14 15 12 14 18 16 11 13 18 16 14 13 13 15 17 16 15 14 16 18 20 21 20 19 18 17 21 25 25 23 22 25 25 22 23 23 24 25 24 25 25 21 24 28 27 23 24 29 33 36 33 30 29 31 31 32 31 31 25 24 21 19 16 17 21 36 65 81 80 82 80 76 79 86 95 104 130 180 214 226 232 236 242 245 243 244 246 244 239 244 241 239 239 242 245 244 245 248 249 247 248
234 234 233 232 230 229 228 228 232 230 229 229 231 233 232 232 232 232 232 232 232 232 232 232 230 231 232 233 233 233 232 232 234 234 235 235 234 233 232 231 234 234 234 235 235 235 236 236 234 235 237 238 239 238 238 237 232 233 234 235 236 236 236 236 234 235 237 238 238 237 235 234 233 235 236 238 238 238 237 236 233 233 234 234 234 234 233 233 233 233 234 234 234 234 235 235 233 234 236 235 234 234 238 240 238 237 239 238 238 239 241 242 240 241 241 241 241 242 242 242 236 237 238 239 240 239 239 239 238 237 236 237 240 241 240 239 240 240 239 236 233 233 234 236 239 237 236 236 236 235 233 230 239 238 237 237 237 237 238 239 236 235 235 234 234 233 233 232 234 235 236 235 233 232 233 234 238 238 238 238 238 238 238 238 234 235 235 235 235 235 235 235 234 235 236 236 234 234 235 236 235 235 234 234 233 232 232 231 233 234 234 235 235 234 234 233 232 232 232 232 231 231 231 230 233 232 232 232 232 232 231 231 237 235 232 230 229 231 234 236 235 234 234 234 234 235 236 237 234 233 233 232 232 233 233 234 232 231 231 233 234 234 231 229 229 232 232 229 228 230 229 225 218 205 170 91 38 35 34 41 27 28 31 32 31 29 26 24 24 27 30 33 33 31 28 26 21 21 22 22 22 22 23 23 21 17 16 18 17 14 14 17 17 13 12 15 14 12 12 16 15 15 15 16 18 18 17 15 15 10 7 9 10 11 15 21 12 15 14 11 10 12 11 7 9 11 12 12 11 11 13 15 12 12 11 11 10 11 11 12 12 14 15 15 13 12 12 13 14 14 14 13 12 11 9 8 12 12 13 13 14 15 16 16 18 19 22 24 25 25 25 25 20 21 20 18 15 13 14 13 14 13 15 18 17 14 14 18 18 16 15 16 17 17 15 12 13 15 17 18 19 19 18 17 17 21 25 25 24 23 26 27 17 18 19 22 23 24 25 25 21 24 28 27 24 24 27 30 31 29 28 27 30 30 29 28 29 26 25 19 15 12 18 26 46 70 81 79 79 79 76 79 84 95 107 133 181 212 226 232 239 243 245 245 245 247 245 241 249 245 241 243 247 250 248 246 253 251 250 249
233 233 232 231 231 230 229 229 232 230 229 229 231 233 232 232 232 232 232 232 232 232 232 232 232 233 233 233 233 233 233 233 236 236 235 235 234 232 231 231 235 235 235 236 236 237 237 237 231 233 235 237 238 238 237 237 233 234 235 237 238 238 238 238 234 235 237 238 238 237 235 234 232 233 234 235 236 236 236 235 233 234 234 234 234 234 234 233 234 234 234 234 234 234 234 234 236 236 237 236 236 236 239 239 237 237 239 239 239 239 241 241 241 241 241 241 241 241 241 241 237 238 238 239 239 240 240 239 239 238 237 238 240 242 241 240 240 240 239 237 234 233 235 236 238 237 235 236 237 236 235 233 239 238 238 237 237 238 238 239 237 236 235 235 233 233 232 231 234 236 237 236 234 233 233 235 238 238 238 238 238 238 238 238 235 235 234 234 235 235 236 236 234 236 237 236 235 234 235 237 236 236 235 235 234 234 234 233 234 234 235 235 235 235 234 234 233 233 232 232 232 231 231 231 233 233 233 232 231 231 230 230 236 235 233 232 231 231 232 233 237 236 236 236 236 237 238 239 234 233 233 232 232 233 233 234 232 232 232 233 234 234 231 228 229 233 233 231 230 231 230 226 220 200 158 82 39 40 33 32 29 30 31 32 31 29 27 25 23 25 28 30 30 28 25 22 19 19 19 19 19 18 18 18 18 15 15 18 17 13 13 16 16 12 11 12 12 9 9 13 14 14 13 14 15 15 14 14 17 12 10 12 12 12 15 20 9 11 11 7 7 10 10 7 7 8 10 10 9 9 11 13 11 10 10 9 9 9 9 10 11 13 14 13 11 10 10 10 10 11 11 11 11 11 11 11 13 13 14 15 16 15 15 14 12 14 17 20 22 23 23 23 23 22 20 18 16 15 15 16 12 12 13 15 14 13 13 13 13 12 12 14 15 14 11 9 11 12 13 14 15 15 15 15 14 18 22 22 20 20 22 23 16 17 18 19 20 21 23 23 20 22 25 24 22 22 24 25 26 24 22 24 25 27 26 23 28 26 23 19 12 11 22 35 56 71 77 76 77 74 73 78 78 93 109 137 181 210 223 229 236 239 242 244 246 248 247 246 253 248 244 246 252 254 251 246 255 255 255 254
231 231 231 231 231 231 231 231 232 230 229 229 231 233 232 232 232 232 232 232 232 232 232 232 234 234 233 233 233 233 233 233 237 237 236 234 233 233 232 232 235 235 236 236 237 237 237 237 230 231 233 235 236 236 236 235 230 231 232 234 235 235 235 235 234 235 237 238 238 237 235 234 235 234 234 234 234 235 237 237 235 234 234 234 234 234 234 235 234 234 234 234 234 234 234 234 233 232 233 232 233 233 235 235 237 237 239 239 239 239 241 241 240 240 239 239 239 239 239 239 239 238 238 239 239 240 240 241 235 234 233 234 235 236 235 234 237 238 239 238 236 235 237 239 236 235 234 235 237 238 238 237 237 237 236 236 236 236 237 237 237 236 235 235 233 233 232 231 231 232 233 232 230 229 230 231 234 234 234 234 234 234 234 234 236 235 234 234 234 235 236 236 233 235 236 235 234 233 234 236 236 236 236 236 235 235 235 235 234 234 234 233 233 234 234 234 233 233 233 232 232 232 231 231 234 233 233 232 232 231 231 230 233 234 235 235 234 233 231 230 233 233 232 232 233 234 235 235 234 233 233 232 232 233 233 234 233 232 232 233 234 233 230 228 226 229 230 227 226 226 224 219 197 163 117 54 28 36 26 20 25 24 23 22 22 22 22 22 25 25 24 24 23 22 22 22 18 18 18 17 16 16 15 15 9 8 10 15 14 9 7 8 14 10 9 11 11 7 7 10 8 8 8 7 7 7 7 8 12 8 8 10 9 6 6 9 5 7 7 4 5 9 10 8 6 7 9 9 8 7 9 11 10 10 9 8 7 7 7 8 6 7 9 8 6 4 4 5 5 5 4 4 5 5 5 5 6 7 8 8 8 8 7 7 8 10 12 15 17 18 18 18 16 14 11 10 10 11 12 12 10 11 11 11 11 12 10 9 8 7 8 10 12 12 9 7 9 10 11 12 13 13 13 13 12 16 19 19 17 16 18 21 17 18 19 19 20 19 19 18 13 14 15 15 15 16 18 20 20 18 17 20 21 24 22 20 25 22 20 15 10 12 29 46 66 76 77 74 78 74 73 78 75 94 114 144 186 215 225 231 237 237 240 243 245 245 246 247 248 244 242 243 247 248 245 241 252 251 252 251
230 230 230 231 231 232 232 232 232 230 229 229 231 233 232 232 233 233 233 233 233 233 233 233 235 234 233 232 232 232 233 233 237 236 235 234 233 233 234 234 235 235 235 236 236 237 237 237 232 232 232 233 233 234 235 235 233 233 235 236 236 236 236 236 234 235 237 238 238 237 235 234 239 239 237 236 236 237 238 239 235 235 234 234 234 234 235 235 235 235 234 234 234 234 233 233 234 232 233 233 235 236 238 237 236 237 239 240 240 239 241 240 238 238 238 238 237 237 237 237 239 239 239 238 239 240 241 242 236 235 234 235 236 237 236 234 235 237 238 238 237 237 239 240 236 234 233 234 237 239 240 239 236 236 235 234 234 235 236 236 236 235 235 234 234 233 233 232 233 234 235 234 232 231 232 233 234 234 234 234 234 234 234 234 238 237 235 234 233 234 235 236 233 234 235 235 233 232 234 235 236 236 236 236 236 236 235 235 234 233 232 232 232 232 233 234 234 233 233 233 232 232 232 232 234 234 233 233 233 233 233 232 230 232 235 237 236 234 231 229 234 234 233 233 233 234 235 236 234 233 233 232 232 233 233 234 233 233 232 233 234 233 230 227 227 231 231 228 226 226 222 217 193 142 89 37 24 35 25 22 22 21 20 19 19 20 21 22 27 25 22 20 19 19 21 22 19 18 18 17 16 15 14 13 8 7 10 16 16 10 7 7 10 8 8 12 12 8 7 9 9 9 10 8 6 6 7 9 10 7 7 10 8 4 2 4 4 6 5 2 3 7 9 8 6 8 9 8 6 6 7 8 10 10 8 7 7 6 7 7 5 7 9 8 7 5 6 6 9 8 6 5 4 3 3 3 4 4 4 5 5 5 5 6 7 9 11 13 14 15 14 14 13 10 7 7 8 11 12 12 9 11 10 8 10 12 10 5 7 6 6 7 9 10 9 7 9 9 10 11 11 12 13 13 12 16 18 18 15 13 15 17 19 19 20 20 20 17 16 15 13 13 14 15 16 18 20 19 15 14 16 18 21 22 22 20 18 15 14 10 10 18 38 58 76 82 80 77 82 77 74 81 80 103 128 157 198 222 230 236 242 240 241 244 245 242 242 244 245 244 244 244 245 245 243 241 251 250 249 251
232 232 231 231 231 231 230 230 232 230 229 229 231 233 232 232 234 234 234 234 234 234 234 234 235 234 233 231 231 231 232 233 237 236 235 234 233 234 235 236 234 235 235 235 236 236 236 236 236 234 233 232 232 233 235 236 237 237 238 239 239 239 238 238 234 235 237 238 238 237 235 234 239 239 239 239 238 237 236 235 236 235 234 234 234 234 235 236 235 235 235 234 234 233 233 233 236 234 234 235 238 240 241 240 236 236 240 240 240 240 240 240 239 238 238 238 237 237 236 236 240 240 239 238 239 240 241 242 240 239 238 238 240 240 239 237 235 237 239 239 238 237 238 240 238 236 234 234 237 239 239 239 236 236 235 234 234 235 236 236 234 234 234 234 234 234 234 234 236 238 239 238 236 235 235 237 238 238 238 238 238 238 238 238 240 238 236 233 232 232 233 234 233 234 236 235 233 233 234 235 235 235 235 235 235 235 235 235 235 234 233 232 232 233 234 235 234 234 233 233 233 232 232 232 234 234 234 234 234 235 235 235 231 232 233 235 235 234 233 232 235 235 235 235 235 236 237 237 234 233 233 232 232 233 233 234 234 233 233 233 234 233 230 227 230 233 234 230 227 225 221 215 183 125 73 35 28 35 25 29 21 22 23 24 24 25 25 25 29 29 26 23 21 22 23 24 22 21 20 19 18 17 16 13 11 10 11 16 16 12 10 12 7 6 8 13 13 9 7 8 13 14 14 12 10 9 11 14 13 9 8 10 9 6 6 10 7 9 6 2 1 5 6 4 8 9 9 8 6 4 5 6 11 12 11 9 9 8 8 8 9 11 13 13 12 11 12 11 11 10 9 8 7 7 8 9 8 7 6 6 7 8 10 11 10 13 14 16 16 15 14 13 20 16 12 11 14 16 17 15 11 13 11 9 10 14 12 5 10 8 7 6 8 8 8 7 10 12 12 13 13 14 16 16 17 20 22 21 17 14 15 17 19 20 20 19 19 19 16 16 15 14 14 15 17 19 22 20 14 13 14 16 20 20 21 19 18 13 12 10 15 28 52 72 79 83 80 78 82 78 74 81 89 113 141 168 207 226 235 239 244 241 241 246 246 243 243 246 246 248 251 250 248 246 246 247 252 251 250 251
234 233 233 232 230 229 229 228 232 230 229 229 231 233 232 232 235 235 235 235 235 235 235 235 235 234 232 231 230 230 231 232 236 235 234 233 234 235 236 237 234 234 234 235 235 235 236 236 239 237 234 232 232 233 236 238 235 235 236 236 236 235 234 233 234 233 237 236 238 235 235 232 235 235 239 238 239 234 232 227 237 236 234 233 233 234 236 237 235 235 235 234 234 233 233 233 232 229 230 231 235 237 239 237 235 236 240 241 241 240 238 237 239 237 239 236 238 235 237 234 241 238 239 236 239 238 242 241 238 237 236 236 238 238 237 235 236 238 240 240 238 237 237 238 240 238 235 235 236 238 238 237 237 236 236 235 235 236 236 237 233 234 234 234 234 234 234 235 234 235 236 235 233 232 233 234 236 236 236 236 236 236 236 236 241 239 236 233 232 232 233 233 234 235 236 236 234 234 235 236 235 235 235 235 235 235 235 235 236 235 233 232 232 233 235 236 234 234 234 233 233 232 232 232 232 234 234 235 236 236 237 237 232 232 232 232 233 234 235 237 231 231 231 231 231 232 233 234 234 233 233 232 232 233 233 234 234 233 233 233 234 233 230 227 226 230 230 226 223 221 215 209 145 90 49 25 24 28 19 29 18 20 23 26 28 27 25 24 29 28 28 24 24 21 23 21 23 20 21 18 18 15 16 13 10 7 7 10 10 7 8 11 5 4 8 14 15 10 7 8 12 13 14 11 8 7 10 13 13 8 5 6 6 5 8 14 10 11 10 2 2 3 6 1 11 10 12 8 8 4 6 7 11 10 11 8 9 6 8 6 5 5 10 8 9 7 10 9 5 5 4 5 6 8 11 12 8 7 6 5 6 8 11 13 12 13 16 15 16 13 13 10 23 16 13 10 14 14 17 14 12 15 13 10 12 16 13 6 15 12 9 7 7 8 7 6 11 11 13 11 14 13 16 15 19 20 24 20 18 13 15 17 17 18 19 18 19 19 17 17 14 13 12 12 14 15 18 15 13 13 13 16 21 23 21 21 24 17 13 13 20 36 61 82 77 79 74 74 81 77 73 80 94 122 147 175 210 227 232 237 242 239 240 246 248 246 247 252 245 249 253 252 247 244 245 248 252 250 249 248
234 233 231 230 229 230 230 231 229 229 230 231 233 234 235 235 231 230 229 229 231 231 230 229 228 229 229 230 230 231 231 232 234 232 230 230 232 235 235 235 230 231 232 232 233 233 232 232 232 233 233 232 230 230 232 234 231 231 231 232 232 234 235 236 230 230 234 231 232 230 234 234 232 230 233 232 234 233 236 236 232 233 234 235 235 235 235 234 227 233 239 240 235 231 232 234 233 232 233 233 233 233 235 235 231 232 236 237 238 237 237 236 239 234 233 230 234 235 238 236 240 235 233 231 234 234 237 235 237 234 231 231 234 236 235 233 233 232 232 235 238 239 236 233 234 235 236 236 234 234 235 236 231 230 232 234 237 238 236 234 234 236 234 230 233 238 236 229 233 234 234 235 235 234 234 233 234 233 231 230 231 233 235 237 236 236 236 235 235 234 234 234 230 231 233 234 235 235 234 233 231 231 232 233 235 236 237 237 231 231 231 232 232 233 233 233 231 232 233 234 234 232 230 229 231 231 231 231 231 231 233 233 232 231 232 233 235 236 235 234 231 231 232 233 233 234 235 235 233 233 233 233 233 233 233 233 229 229 229 228 228 227 227 227 220 224 223 232 228 222 211 167 66 45 25 21 24 23 20 19 11 15 19 21 21 21 21 21 16 18 23 20 20 17 21 22 16 15 18 14 13 10 14 15 7 7 7 8 8 8 9 9 7 7 7 7 7 7 7 7 4 4 5 6 8 9 10 10 7 7 6 4 3 3 7 9 5 6 8 7 9 6 8 5 12 9 9 4 5 3 6 4 6 5 8 6 7 3 3 0 2 0 3 2 5 5 8 6 6 6 6 6 6 6 6 6 2 3 3 3 4 5 5 5 8 7 10 10 14 12 12 7 9 8 12 11 13 10 10 7 12 11 9 8 7 7 8 9 3 5 7 9 9 9 7 6 0 5 12 10 9 7 12 14 14 16 20 16 14 10 14 18 19 18 17 14 14 16 17 18 17 16 16 16 16 17 18 17 12 7 9 15 21 20 20 21 16 17 12 9 25 55 77 78 73 74 78 78 75 77 78 81 99 124 156 182 210 231 240 235 237 238 240 242 242 242 244 245 240 243 245 245 243 242 245 247 246 246 246 246
234 233 231 230 229 230 231 231 230 231 231 232 232 233 234 234 231 230 229 229 231 232 230 229 229 230 230 230 230 230 231 231 234 232 230 231 233 235 235 234 231 231 232 233 234 233 233 233 231 233 233 232 231 231 232 234 235 235 234 233 233 233 233 234 229 230 232 232 231 230 232 234 232 232 232 232 232 232 232 232 234 234 234 234 234 234 234 234 231 235 239 239 236 234 234 233 233 232 233 233 233 233 235 235 234 235 238 239 240 239 238 238 236 234 231 231 233 236 237 237 237 235 232 232 233 235 235 234 238 235 232 232 235 236 236 235 236 235 234 236 238 238 235 232 234 235 236 236 234 234 235 236 232 232 232 234 237 237 235 233 233 235 233 230 233 238 236 230 235 235 236 236 236 236 235 235 234 233 232 231 231 233 235 237 236 236 236 235 235 234 234 234 231 232 233 233 234 234 234 234 234 234 234 234 234 234 235 235 231 231 231 232 232 233 233 233 232 233 233 233 232 232 231 230 230 230 232 232 232 232 234 234 231 230 231 232 234 235 236 235 231 231 232 233 233 234 235 235 232 232 232 232 232 232 232 232 229 229 229 228 228 227 227 227 235 229 233 234 213 220 212 134 42 32 24 23 24 22 22 26 22 24 25 23 19 16 14 14 20 22 23 22 20 19 21 23 10 12 14 13 10 9 10 12 10 10 9 9 8 8 7 7 7 7 7 7 8 8 8 8 7 7 7 7 7 7 7 7 6 6 6 4 2 3 6 9 5 7 7 7 7 7 7 7 12 12 12 12 12 13 14 12 8 8 9 9 8 6 5 4 3 3 3 4 4 4 4 4 5 5 5 5 5 5 5 5 4 4 4 5 5 5 6 6 7 6 5 7 9 9 8 7 6 7 8 9 9 8 7 6 11 10 8 7 7 7 8 8 6 7 9 11 11 11 9 8 3 7 10 10 7 6 10 14 9 13 16 15 11 10 12 16 16 15 14 14 14 15 17 17 17 17 16 16 17 17 18 17 10 4 8 14 20 19 19 20 19 20 17 17 34 61 78 76 74 74 76 76 73 75 77 79 107 133 165 189 214 233 240 238 239 241 242 242 241 241 243 245 240 243 246 247 247 247 250 253 253 253 252 252
233 232 231 230 230 230 231 231 232 232 232 232 232 233 233 233 232 230 229 230 231 232 231 229 231 231 231 231 230 230 230 230 234 232 231 231 233 234 234 234 232 232 233 234 234 234 234 234 231 233 234 233 232 231 232 234 240 238 237 235 233 232 232 232 229 231 232 232 231 230 232 233 234 234 233 232 232 231 230 230 236 235 234 233 232 233 234 235 236 236 237 237 236 236 236 234 232 231 232 232 232 232 234 234 236 237 239 240 239 239 238 237 236 234 232 232 235 238 239 239 237 235 234 234 235 235 233 232 236 234 233 233 234 235 235 234 238 237 237 238 238 237 234 232 234 235 236 236 234 234 235 236 234 233 233 234 236 236 234 232 232 233 233 231 233 237 237 233 235 235 235 235 235 235 235 235 234 233 232 232 232 233 235 236 236 236 236 235 235 234 234 234 233 233 232 232 232 233 234 235 235 235 234 233 232 231 230 230 232 232 232 232 233 233 233 233 234 233 232 232 231 231 231 232 230 230 232 232 232 232 234 234 230 229 230 231 233 234 235 234 231 231 232 233 233 234 235 235 231 231 231 231 231 231 231 231 229 229 229 228 228 227 227 227 231 220 231 231 203 221 210 102 21 22 25 27 23 19 22 27 22 23 24 22 20 18 18 19 19 20 20 19 17 16 16 17 6 8 11 11 10 9 9 10 12 12 11 10 8 7 6 6 7 7 8 8 9 9 10 10 10 9 9 8 6 5 5 4 6 6 6 4 3 3 6 8 6 5 4 3 3 4 5 6 6 7 8 8 9 9 8 8 6 6 6 6 5 4 2 2 6 6 6 5 5 4 4 4 4 4 4 4 4 4 4 4 5 6 6 6 6 7 7 7 7 5 3 3 5 7 7 7 6 6 7 8 8 7 6 6 10 9 8 7 7 7 8 8 9 10 12 13 13 13 11 11 7 9 10 9 6 6 10 14 11 13 15 14 10 8 10 13 15 15 14 14 15 16 17 17 17 17 16 16 17 18 19 17 10 4 8 14 18 19 20 21 19 20 20 26 43 66 78 75 75 73 73 74 74 75 78 81 114 145 179 200 217 233 240 240 241 242 241 240 238 239 241 243 244 245 247 248 248 249 251 252 244 243 242 241
232 231 231 231 231 231 231 231 234 234 234 233 233 232 232 231 232 231 229 230 232 232 231 230 232 232 232 231 230 230 229 229 234 233 231 232 234 234 234 232 232 233 234 235 235 235 235 234 231 233 234 234 232 232 232 233 241 240 238 236 234 233 233 233 230 232 233 233 231 231 232 233 233 233 233 232 232 231 231 231 235 234 232 231 232 234 236 238 238 236 234 234 235 236 237 234 232 231 232 232 232 232 234 234 236 236 238 237 237 236 235 235 236 234 233 234 236 239 239 239 237 236 235 235 236 235 233 231 234 233 232 232 233 233 233 233 237 237 238 239 239 238 236 234 234 235 236 236 234 234 235 236 236 235 233 234 235 235 233 231 233 233 234 234 236 238 238 237 233 233 232 232 232 232 233 233 235 234 233 233 233 233 235 235 236 236 236 235 235 234 234 234 234 233 232 231 231 232 234 235 233 232 232 231 229 228 228 227 232 233 233 233 233 233 233 233 235 234 232 230 230 231 232 233 229 229 231 231 231 231 233 233 231 230 231 232 234 235 236 235 232 232 232 233 233 234 234 234 232 232 232 232 232 232 232 232 229 229 229 228 228 227 227 227 219 216 222 226 208 207 174 73 20 25 29 29 23 18 18 22 20 21 22 22 21 21 23 25 20 20 19 18 16 15 14 14 5 7 10 12 12 11 9 9 12 11 11 10 9 8 7 7 7 8 8 9 10 10 11 11 10 9 9 8 6 5 5 4 6 7 7 6 5 5 7 9 8 6 4 3 3 4 6 8 7 7 8 8 7 5 2 2 5 5 5 4 3 2 1 1 7 7 6 6 6 5 5 5 4 4 5 5 5 6 6 6 7 7 8 8 8 8 8 8 8 5 2 1 3 6 8 8 7 7 7 8 8 7 7 7 10 10 10 9 9 9 10 10 11 12 13 13 14 13 12 12 10 11 10 8 6 7 11 14 15 16 17 14 10 8 8 10 15 15 15 16 16 17 18 19 18 17 17 17 17 18 19 18 12 8 9 14 18 18 19 21 17 22 27 37 53 71 77 72 72 69 69 73 76 79 86 93 125 156 190 207 219 231 238 240 240 240 239 238 236 237 241 244 248 248 248 247 246 246 246 246 252 252 251 251
230 231 231 231 231 231 231 231 235 235 234 234 233 232 232 231 232 231 230 230 232 233 231 230 233 233 232 232 231 230 230 230 234 233 232 233 234 234 233 231 232 233 234 235 235 235 235 234 231 233 235 235 234 232 232 233 239 238 237 236 235 235 236 236 231 233 234 233 231 231 232 233 231 231 231 232 232 233 233 233 233 232 231 231 232 235 238 240 237 235 232 232 233 235 235 233 232 231 232 232 232 232 234 234 237 237 238 237 236 236 236 236 235 234 233 234 237 239 239 238 237 236 235 236 237 236 234 232 234 235 235 235 235 234 235 235 234 236 238 239 239 238 237 237 234 235 236 236 234 234 235 236 237 235 234 233 234 234 233 231 234 234 236 237 238 238 239 241 234 233 232 232 232 232 233 234 235 235 234 234 234 234 234 234 236 236 236 235 235 234 234 234 235 234 232 231 231 232 233 234 232 232 232 231 231 231 231 231 234 233 233 233 233 233 233 233 235 234 232 230 230 231 232 233 227 227 229 229 229 229 231 231 233 232 233 234 236 237 238 237 232 232 233 233 233 233 234 234 234 234 234 234 234 234 234 234 229 229 229 228 228 227 227 227 222 232 222 224 213 170 110 44 30 31 31 27 23 20 19 17 24 25 25 23 20 19 20 22 26 24 23 22 21 19 18 17 7 8 10 12 14 13 11 9 9 9 9 9 9 9 9 9 8 8 8 9 9 10 10 10 7 7 7 7 7 7 7 7 7 8 9 8 7 6 8 10 9 8 6 4 4 6 8 9 12 12 13 13 12 10 7 6 9 9 8 7 6 5 5 5 5 6 6 6 7 7 7 7 6 6 6 7 7 8 8 8 9 9 9 9 9 8 8 8 10 7 3 2 4 7 9 10 9 9 9 8 8 9 9 9 12 12 12 13 13 13 12 12 12 12 12 12 12 12 11 11 12 11 10 8 7 9 12 14 15 15 16 15 13 12 12 13 15 16 17 18 19 19 20 20 18 18 17 17 18 18 19 18 16 9 10 15 19 19 19 21 18 25 37 50 64 74 76 71 73 69 72 77 79 80 91 104 140 172 203 217 224 232 240 242 240 241 241 240 239 241 246 249 249 248 248 247 247 247 246 245 254 255 255 255
229 230 231 232 232 232 231 231 235 235 234 234 233 233 232 232 233 231 230 231 232 233 232 230 232 232 232 232 231 231 231 231 234 233 232 233 235 234 232 230 232 232 233 234 234 234 234 234 231 233 236 236 235 233 233 233 236 236 235 235 235 236 237 237 232 234 234 234 232 231 232 233 230 230 231 232 232 233 234 234 232 231 231 232 233 236 238 239 235 234 233 232 232 233 234 234 233 232 233 233 233 233 235 235 239 239 240 239 239 239 240 240 236 234 234 235 237 237 236 235 237 235 234 235 236 237 236 235 236 238 240 240 238 237 237 238 232 234 237 238 238 237 237 238 234 235 236 236 234 234 235 236 238 235 233 233 234 234 233 232 236 235 236 239 238 236 237 241 238 237 236 235 235 236 237 238 235 235 235 235 235 234 234 234 236 236 236 235 235 234 234 234 235 234 233 232 232 232 233 233 233 234 234 235 235 236 236 236 234 234 234 234 233 233 233 233 234 233 232 232 231 231 231 232 227 227 229 229 229 229 231 231 234 233 234 235 237 238 239 238 233 233 233 233 233 233 233 233 235 235 235 235 235 235 235 235 229 229 229 228 228 227 227 227 224 239 222 218 200 129 64 31 33 33 29 24 23 24 22 18 17 19 22 22 22 23 25 26 24 22 20 19 19 18 16 14 11 10 11 12 14 14 12 10 7 7 7 8 8 9 9 9 9 9 9 9 8 8 8 8 5 6 6 7 7 8 8 9 6 8 9 9 7 6 7 9 9 8 7 6 6 7 8 9 10 10 11 12 12 12 12 11 8 8 6 5 4 4 4 4 5 5 5 6 6 7 7 7 6 6 7 7 8 9 9 10 9 9 9 9 8 8 8 8 11 8 4 4 6 8 10 11 10 10 9 8 8 9 10 10 12 13 14 15 15 15 14 14 12 12 12 12 11 11 11 11 11 11 10 9 10 11 13 14 11 12 13 14 15 16 17 17 14 15 16 18 19 20 20 20 18 18 18 18 18 19 20 18 16 9 10 13 16 17 17 19 21 32 49 64 75 78 78 76 76 73 77 81 79 81 96 115 161 190 216 225 230 238 246 246 243 244 245 245 245 247 251 254 247 246 246 248 251 252 252 251 243 246 250 253
228 229 231 232 233 232 231 231 234 234 234 234 234 234 233 233 233 232 230 231 233 233 232 231 231 231 232 232 232 232 232 233 234 233 233 234 235 234 232 229 231 231 232 233 234 233 233 233 231 233 236 237 235 233 233 233 236 236 235 235 235 235 236 236 233 234 235 234 232 231 232 233 232 232 232 232 232 232 232 232 233 233 233 234 234 234 235 235 233 236 237 236 233 232 235 236 234 233 234 234 234 234 236 236 239 238 239 239 239 240 241 242 236 235 234 234 236 236 234 232 237 235 233 233 236 238 238 238 234 237 240 240 237 236 236 238 232 235 238 238 236 234 235 236 234 235 236 236 234 234 235 236 237 235 232 232 233 235 234 234 235 234 236 239 236 232 234 240 240 238 237 235 235 237 238 240 236 236 236 236 235 234 234 233 236 236 236 235 235 234 234 234 234 234 234 234 233 233 232 231 234 234 234 235 235 235 236 236 235 235 235 234 234 233 233 233 232 233 233 233 232 232 231 230 229 229 231 231 231 231 233 233 233 232 233 234 236 237 238 237 233 233 233 233 233 233 233 233 234 234 234 234 234 234 234 234 229 229 229 228 228 227 227 227 222 230 219 207 160 90 50 27 28 31 29 23 20 23 22 18 10 14 18 22 24 26 28 30 18 16 13 13 15 14 12 10 14 12 10 11 13 13 12 9 7 7 7 7 7 6 6 6 9 9 9 8 7 6 6 6 6 6 6 7 7 8 8 8 4 6 7 7 6 5 5 6 5 5 5 5 5 5 5 5 5 4 4 4 4 5 6 6 6 5 4 2 1 1 2 2 6 6 6 6 5 5 5 5 5 5 6 7 8 8 9 9 9 9 9 9 8 8 7 7 10 8 5 4 6 9 10 10 10 9 8 7 7 8 9 10 11 12 14 15 15 15 14 14 14 13 13 12 11 11 11 11 10 9 10 11 13 14 14 14 13 12 12 13 14 15 14 14 11 12 14 16 18 18 18 18 19 18 18 18 18 19 20 19 16 10 8 11 14 13 13 15 21 38 58 73 78 76 77 77 75 74 81 86 83 84 105 130 179 201 224 230 232 240 248 247 244 246 247 248 247 247 249 251 246 244 244 246 251 253 253 251 252 252 252 253
228 229 231 232 233 232 232 231 234 234 234 234 234 234 234 234 233 232 231 231 233 233 232 231 230 231 231 232 232 233 233 234 234 233 233 234 235 234 231 229 230 231 232 232 233 233 232 232 230 233 236 237 236 234 233 233 237 236 235 234 234 234 234 234 233 235 235 234 232 231 232 233 234 234 233 232 232 231 230 230 235 236 236 235 234 233 232 231 232 237 240 238 234 232 235 237 235 234 235 235 235 235 237 237 236 235 236 236 237 238 240 241 236 235 234 234 235 234 232 230 237 234 232 232 235 238 240 240 230 234 237 237 234 232 233 234 233 236 239 238 235 232 232 233 234 235 236 236 234 234 235 236 237 234 232 232 233 235 235 235 235 233 234 238 235 229 231 238 238 237 235 234 234 235 237 238 236 236 236 236 236 235 233 233 236 236 236 235 235 234 234 234 233 234 235 235 234 233 231 230 232 232 232 232 232 232 232 232 235 235 235 234 234 233 233 233 231 232 233 234 234 232 230 229 231 231 233 233 233 233 235 235 232 231 232 233 235 236 237 236 233 233 233 233 233 233 233 233 233 233 233 233 233 233 233 233 229 229 229 228 228 227 227 227 227 223 220 198 121 60 45 16 23 30 31 23 17 18 18 16 16 19 23 24 23 21 21 21 19 16 14 14 16 16 14 11 16 12 9 9 11 12 11 8 9 8 7 6 5 4 3 3 10 9 9 7 6 5 4 4 7 7 7 7 7 7 7 7 2 4 6 5 4 3 3 4 3 4 4 5 5 4 4 3 9 7 5 3 2 1 2 3 10 9 7 5 4 4 5 6 8 8 7 6 4 3 2 2 4 4 5 6 6 7 8 8 9 9 9 8 8 7 7 7 9 7 5 5 7 8 9 9 9 8 6 5 5 6 8 9 10 11 13 14 15 15 14 13 15 15 13 12 12 12 12 12 8 8 9 12 14 16 15 14 18 16 14 12 12 10 8 6 9 10 12 15 16 16 16 16 19 18 18 18 18 19 20 19 14 8 6 9 12 11 11 13 20 35 60 75 76 72 73 77 70 71 82 90 87 89 114 144 186 207 226 230 234 242 247 245 243 245 247 247 245 244 245 246 246 244 242 244 247 249 248 246 255 253 249 244
226 230 235 236 235 233 234 236 233 230 229 232 233 231 232 236 234 231 231 234 234 231 231 234 228 229 229 230 230 231 231 232 232 233 235 236 236 235 233 232 227 230 234 237 238 237 235 233 234 234 234 235 235 236 237 237 232 233 233 234 234 233 233 232 232 233 234 235 234 233 231 230 233 231 229 229 231 232 232 231 233 235 237 239 238 236 232 230 237 236 236 236 237 238 239 237 230 233 237 238 236 234 237 239 232 233 238 239 240 238 237 235 234 235 237 238 238 237 235 234 237 238 239 240 240 241 240 240 235 235 238 240 237 232 234 239 234 233 234 239 239 234 233 234 231 232 233 235 237 237 238 238 234 234 236 237 237 236 234 234 235 235 234 234 234 233 233 233 231 232 234 235 235 234 232 231 234 233 233 234 235 236 238 238 234 235 236 236 234 234 235 236 230 231 232 232 231 231 233 235 233 233 233 232 232 232 231 231 230 230 231 232 232 233 234 234 233 232 231 232 233 233 231 229 228 230 234 234 232 231 233 234 231 231 233 233 233 233 235 235 232 232 233 234 234 235 236 236 233 232 232 231 231 232 232 233 228 222 228 234 229 228 230 225 228 217 218 152 58 28 26 24 24 27 28 23 21 21 18 14 18 18 19 21 25 26 26 24 21 20 18 17 15 15 15 15 11 11 11 10 10 9 9 9 3 5 8 10 10 7 3 1 10 6 5 9 10 8 7 9 5 7 8 8 6 6 7 9 4 4 4 4 5 7 10 11 3 4 6 7 8 8 7 6 2 5 5 2 3 6 6 3 5 5 5 4 3 2 0 0 7 5 3 3 4 6 6 6 3 4 6 7 9 9 10 10 12 12 12 11 11 11 11 11 6 3 3 7 8 7 8 12 9 8 8 7 7 8 8 9 11 11 11 11 11 11 12 12 4 5 8 11 10 7 10 16 5 6 7 9 10 11 12 12 12 11 10 9 9 11 13 14 7 11 16 20 21 20 17 15 15 17 20 22 22 20 18 14 13 13 13 12 11 12 13 12 25 54 73 75 82 83 79 79 72 72 82 77 91 110 130 170 198 214 231 238 240 243 245 243 240 247 250 248 246 248 249 249 238 244 247 247 248 252 255 254 250 250 250 250
226 229 233 234 233 231 232 233 232 229 228 231 232 230 231 234 233 230 230 233 233 230 230 233 229 229 230 230 230 230 231 231 233 233 234 235 235 234 233 233 230 231 232 233 234 234 234 234 234 234 234 234 235 235 235 235 232 233 233 234 234 233 233 232 232 233 234 235 234 233 231 230 232 231 230 230 232 233 231 230 232 234 236 237 237 234 232 230 235 235 234 234 235 236 237 235 231 233 237 237 235 234 237 239 236 237 240 241 240 238 236 235 234 235 236 237 237 236 235 234 232 233 234 235 235 235 234 234 235 234 236 239 238 234 234 238 234 233 234 239 239 234 233 234 234 235 236 236 236 236 235 235 233 234 235 236 236 235 234 233 236 235 235 235 234 234 234 233 233 234 235 236 236 235 234 233 233 233 233 233 234 235 237 238 233 234 235 235 233 232 233 235 232 234 235 234 233 233 235 237 234 234 233 233 233 232 232 232 230 230 231 232 232 233 234 234 233 232 231 232 233 233 232 230 228 230 234 233 232 231 233 234 231 231 233 233 233 233 235 235 236 236 235 234 234 233 232 232 233 232 232 231 231 232 232 233 229 223 228 232 227 227 229 222 214 213 200 116 32 19 24 24 15 20 22 20 20 23 23 20 14 14 14 17 20 21 20 19 20 19 18 16 15 14 14 14 9 8 8 8 7 7 7 7 4 5 8 9 9 7 5 3 11 6 5 8 9 6 4 6 5 6 7 6 5 4 5 6 4 3 2 1 1 3 4 5 3 4 5 6 6 6 5 4 0 1 2 1 2 6 7 5 5 5 5 5 5 4 2 2 5 3 0 0 2 3 4 3 2 3 4 4 5 5 4 4 5 5 5 5 5 5 5 5 8 5 5 8 9 7 8 12 2 2 3 3 5 6 8 9 8 9 9 9 9 9 8 7 7 6 9 12 11 9 11 17 5 6 8 9 11 11 12 12 4 5 6 7 7 8 8 8 9 12 17 20 21 20 17 14 15 17 20 22 22 21 19 17 11 10 10 11 10 8 10 9 23 52 68 72 78 78 73 75 67 73 85 80 96 124 150 189 210 223 236 238 239 241 243 242 241 246 247 244 242 246 248 248 244 249 252 249 248 251 252 251 252 252 252 252
227 229 232 232 231 229 229 229 231 228 227 230 231 228 229 233 232 229 229 232 232 229 229 232 231 231 230 230 230 230 229 229 233 233 234 234 234 234 233 233 233 232 231 230 230 231 233 234 234 234 234 234 233 233 233 233 233 233 234 234 234 234 233 233 232 233 234 235 234 233 231 230 231 231 231 232 234 233 231 229 231 233 235 236 236 234 231 230 234 233 233 233 233 234 235 233 232 233 236 236 235 234 237 238 239 239 242 242 240 238 236 234 232 232 233 234 234 233 232 232 231 231 232 232 232 231 230 230 236 232 232 237 239 236 235 237 235 233 234 238 238 234 233 235 235 235 235 235 234 232 231 230 233 233 234 234 234 234 233 233 237 236 236 236 235 235 235 234 234 235 236 236 236 236 235 234 232 232 232 232 233 234 235 236 232 233 234 234 232 231 233 234 232 234 235 235 233 233 235 236 234 234 233 233 233 232 232 232 230 230 231 232 232 233 234 234 232 231 230 232 233 233 232 230 228 230 233 233 232 231 233 234 231 231 233 233 233 233 235 235 236 236 235 234 234 233 232 232 233 232 232 231 231 232 232 233 229 223 227 230 225 227 228 219 231 227 188 85 18 20 24 25 13 19 22 21 21 24 26 25 19 18 18 20 23 24 23 21 19 19 18 17 16 14 14 13 12 12 12 12 11 11 10 10 5 6 7 8 8 7 7 6 12 7 5 8 8 4 2 3 5 6 6 5 3 2 2 4 5 4 3 1 1 1 2 3 2 2 3 3 3 2 1 1 2 5 6 4 4 8 9 6 3 4 4 5 4 4 3 3 9 6 4 3 5 6 7 6 4 4 4 4 4 3 2 1 6 6 7 7 8 9 9 9 11 7 7 9 9 7 8 11 7 7 7 7 8 10 11 12 8 9 9 10 9 8 6 5 9 8 10 13 13 10 12 17 6 7 9 10 11 12 12 12 6 7 10 13 14 13 12 11 14 16 20 23 24 22 19 17 16 17 20 22 22 21 19 18 10 12 12 12 11 9 9 9 23 51 66 70 74 73 69 68 68 78 89 81 102 142 170 206 220 229 237 239 240 243 245 244 240 244 244 240 240 244 247 247 246 250 251 248 247 249 250 249 250 250 250 250
230 231 232 232 231 229 228 228 232 229 228 231 231 229 229 233 231 228 228 231 231 228 228 231 232 231 231 230 230 229 229 228 233 233 233 234 234 233 233 233 235 234 233 231 231 231 232 232 234 234 234 233 233 232 231 231 233 233 234 235 235 234 233 233 232 233 234 235 234 233 231 230 230 230 231 234 235 234 231 228 232 234 235 236 236 235 233 232 234 234 233 233 233 234 235 233 234 234 235 236 235 235 237 237 238 238 240 240 239 238 236 235 231 231 231 231 231 231 231 231 234 235 235 235 234 233 232 231 236 231 230 236 239 238 236 235 235 233 234 238 238 234 233 235 233 233 233 232 231 230 228 227 233 233 233 233 233 233 233 233 237 237 237 236 236 236 235 235 234 235 235 235 235 235 235 234 232 232 232 232 232 233 234 235 232 234 235 234 233 232 233 234 230 232 233 233 232 231 232 233 233 232 232 232 231 231 231 230 231 231 231 232 232 233 233 233 231 231 230 231 233 233 231 229 227 229 233 233 231 230 233 234 231 231 233 233 233 233 235 235 232 232 233 234 234 235 236 236 233 232 232 231 231 232 232 233 229 224 227 229 225 228 229 218 236 212 150 57 19 28 23 27 20 25 28 24 22 24 26 25 25 24 23 25 27 27 26 24 20 20 19 19 17 16 15 14 15 15 14 14 13 13 13 13 7 7 7 7 7 8 9 9 12 7 5 8 9 6 4 5 6 7 8 6 3 2 2 3 9 8 6 5 4 5 6 7 4 4 4 4 3 2 2 1 8 11 10 6 5 7 7 3 1 2 3 3 4 3 3 3 11 9 6 6 7 8 8 8 6 7 7 7 7 6 5 4 10 10 11 12 13 14 15 15 14 10 9 11 11 8 8 11 16 16 14 13 12 11 12 12 10 11 12 12 11 9 7 5 11 9 10 13 13 10 11 15 7 8 10 11 12 12 12 12 11 13 15 16 18 18 17 17 19 21 24 26 27 25 22 20 17 18 20 22 22 21 20 19 14 16 17 16 12 10 10 12 27 54 69 70 73 71 67 68 74 82 92 84 112 158 183 209 221 231 238 239 241 245 246 245 239 243 244 241 242 245 246 244 241 245 247 244 243 247 249 249 246 246 246 246
234 233 233 232 232 231 230 229 234 231 230 232 232 230 230 234 231 228 228 231 231 228 228 231 232 231 231 230 230 229 229 228 233 233 233 232 232 233 233 233 234 235 235 235 234 233 232 231 234 234 234 233 233 232 231 231 233 234 235 235 235 235 234 233 232 233 234 235 234 233 231 230 231 231 232 234 236 235 231 229 234 235 236 237 237 237 236 235 237 236 236 235 235 235 236 234 236 234 235 234 235 235 237 237 235 235 237 238 238 238 237 237 235 234 234 234 234 234 234 235 237 237 238 237 237 236 235 234 236 231 230 235 239 237 235 234 236 233 234 237 237 234 233 236 232 232 233 233 233 233 232 231 233 233 233 233 233 233 233 233 237 237 237 236 236 236 235 235 234 233 233 233 233 233 233 234 233 233 232 232 232 233 234 234 234 235 236 235 234 233 234 236 230 232 234 234 232 231 231 232 231 231 231 230 230 230 229 229 231 231 232 232 232 232 233 233 232 231 230 231 232 232 230 228 227 229 233 232 231 230 232 233 231 231 233 233 233 233 235 235 232 232 233 234 234 235 236 236 233 232 232 231 231 232 232 233 228 225 228 229 226 231 229 214 193 140 77 25 22 32 21 27 22 28 30 25 20 22 24 24 23 22 21 22 23 23 21 19 21 21 21 21 19 18 16 15 12 11 11 11 10 10 10 10 9 9 8 7 7 8 9 10 11 7 6 10 11 9 8 9 8 9 10 8 6 4 4 6 9 8 7 6 7 8 10 11 7 6 6 5 4 4 4 4 4 7 6 2 1 3 2 0 4 4 5 6 6 6 5 5 9 6 3 2 3 4 4 3 6 7 8 9 9 9 9 8 8 8 9 10 11 12 12 13 16 12 11 13 12 9 9 12 17 16 15 13 12 11 10 10 11 12 12 12 11 9 7 6 12 9 8 12 12 10 10 12 9 10 11 12 13 13 13 12 12 12 11 11 12 14 15 17 19 20 23 25 25 23 21 19 19 20 21 22 22 21 20 19 17 20 20 17 12 10 13 16 34 60 74 73 76 74 70 71 76 81 90 90 127 176 192 208 224 233 239 242 243 245 244 241 239 243 245 244 246 249 247 243 242 246 247 243 243 247 249 249 249 249 249 249
236 234 233 233 234 234 232 231 235 232 231 233 233 230 230 234 232 229 229 232 232 229 229 232 231 231 230 230 230 230 229 229 233 233 232 232 232 232 233 233 234 235 236 236 236 234 232 231 234 234 234 234 233 233 233 233 234 234 235 235 235 235 234 234 232 233 234 235 234 233 231 230 232 232 232 233 235 235 232 230 235 236 237 237 238 238 237 237 239 238 237 237 236 237 237 235 238 235 234 234 235 236 237 236 234 234 236 236 237 237 238 238 240 239 238 238 238 238 239 240 236 236 237 237 237 236 235 234 236 232 232 236 237 234 233 234 237 234 233 236 236 233 234 237 234 234 235 236 237 237 237 237 234 234 233 233 233 233 234 234 237 236 236 236 235 235 235 234 234 233 232 232 232 232 233 234 234 234 233 233 233 233 234 235 234 235 237 236 234 234 235 236 232 234 237 237 235 233 232 233 231 231 231 231 230 230 229 229 232 232 232 232 232 232 232 232 234 232 231 231 231 230 228 225 226 228 232 232 230 229 232 233 231 231 233 233 233 233 235 235 236 236 235 234 234 233 232 232 233 232 232 231 231 232 232 233 228 226 230 229 226 230 225 206 147 77 31 17 28 34 20 24 17 24 26 21 17 19 23 25 23 21 20 20 21 20 18 15 20 21 21 21 20 18 15 14 13 13 12 12 11 11 11 11 11 11 10 9 8 8 8 9 11 7 6 10 12 10 10 11 9 11 11 10 8 7 7 8 8 7 6 5 6 7 9 10 7 7 6 5 5 5 6 6 0 3 4 1 2 6 7 4 8 9 9 9 9 9 8 7 10 7 4 3 4 5 4 4 5 5 6 7 8 8 7 7 7 8 8 9 9 10 11 11 17 13 12 14 14 11 11 14 18 17 16 16 15 15 16 16 11 11 10 9 8 8 8 8 14 9 8 11 13 10 9 10 10 11 12 13 13 13 13 13 14 12 11 9 10 12 14 15 14 16 18 20 21 20 18 17 22 22 22 22 21 20 19 18 16 19 19 16 11 9 16 21 42 65 75 73 74 76 72 76 73 79 93 105 150 192 200 214 232 237 243 243 243 244 241 236 242 245 245 245 247 250 249 244 249 252 252 246 244 247 249 249 255 255 255 255
236 234 232 232 234 235 234 232 235 231 230 232 232 229 229 232 233 230 230 233 233 230 230 233 229 229 230 230 230 230 231 231 233 233 232 231 231 232 233 233 235 234 233 233 232 233 233 234 234 234 234 234 235 235 235 235 234 235 235 236 236 235 235 234 232 233 234 235 234 233 231 230 234 233 232 232 234 234 233 232 235 235 236 236 237 237 237 237 240 239 238 237 237 237 237 235 239 235 233 233 235 236 237 235 237 236 238 237 237 237 237 238 239 239 237 237 237 237 239 239 233 234 235 236 236 236 235 235 236 234 235 237 235 231 230 234 237 234 233 236 236 233 234 237 234 235 236 236 237 237 236 236 236 235 234 233 233 234 235 236 236 235 235 235 234 234 234 233 235 234 233 232 232 233 234 235 235 235 234 234 234 234 235 235 233 235 236 235 233 233 234 235 232 235 237 237 235 233 232 232 233 233 233 232 232 232 231 231 232 232 232 232 232 232 232 232 236 234 232 231 231 229 226 223 226 228 232 232 230 229 232 232 231 231 233 233 233 233 235 235 236 236 235 234 234 233 232 232 233 232 232 231 231 232 232 233 229 228 231 229 224 226 217 193 113 47 27 30 30 32 23 23 15 23 26 20 15 17 22 25 26 24 23 22 22 21 18 16 18 19 19 20 18 16 13 11 15 14 14 14 13 13 13 12 12 12 11 10 9 8 7 7 12 8 7 10 11 9 7 9 9 10 11 10 9 8 9 10 9 8 7 5 5 6 7 8 6 3 2 2 2 3 4 5 0 3 4 2 3 8 9 8 9 9 9 9 9 8 6 6 12 9 6 5 5 6 6 5 6 6 7 7 7 6 5 4 9 9 9 10 10 10 10 10 17 14 13 15 15 12 13 16 21 20 19 18 17 17 17 18 13 11 10 8 8 9 11 12 16 11 9 12 14 11 9 10 11 12 13 13 14 14 13 13 16 15 15 14 14 14 14 14 13 14 17 19 20 20 19 18 25 24 23 22 20 19 17 16 16 18 18 15 12 14 24 31 43 67 75 70 72 73 73 79 71 81 106 129 171 202 208 224 237 242 245 243 245 248 245 241 246 246 243 240 243 249 250 247 249 253 252 247 245 249 251 251 253 253 253 253
236 233 230 231 234 235 234 232 234 230 229 231 230 227 228 231 234 231 231 234 234 231 231 234 228 229 229 230 230 231 231 232 234 233 231 230 230 231 233 234 236 233 230 228 228 231 234 236 234 234 234 235 235 236 237 237 234 235 235 236 236 235 235 234 232 233 234 235 234 233 231 230 235 233 231 231 233 234 234 233 234 234 234 235 235 236 236 236 239 239 238 237 236 236 236 237 240 235 233 232 234 236 237 235 241 240 238 237 238 235 237 235 236 235 233 232 232 233 235 236 233 234 235 236 236 236 236 236 235 235 237 238 234 228 229 234 237 234 233 236 236 233 234 237 232 233 233 234 234 233 232 232 237 236 234 234 234 234 236 237 235 235 234 234 234 233 233 233 237 236 234 233 233 234 236 237 236 236 235 234 234 235 235 236 232 233 234 234 232 232 233 234 230 232 235 235 233 231 229 229 235 235 235 234 234 234 233 233 232 232 232 232 232 232 232 232 237 235 233 231 230 228 224 221 226 228 232 232 230 229 231 232 231 231 233 233 233 233 235 235 232 232 233 234 234 235 236 236 233 232 232 231 231 232 232 233 231 230 233 228 221 222 209 183 80 26 27 35 23 26 25 22 19 27 29 22 16 17 22 25 25 23 21 21 21 19 16 13 16 16 18 18 17 14 11 9 11 11 10 10 10 9 9 9 13 13 13 12 10 8 6 5 14 9 7 9 10 6 4 5 7 9 10 10 9 8 9 11 13 12 9 7 6 6 6 7 4 1 2 0 3 2 6 5 2 3 5 0 2 4 6 3 7 7 7 6 5 4 2 1 8 5 2 1 1 2 2 1 10 10 9 9 7 6 4 3 7 7 7 7 7 6 6 6 17 14 13 16 16 13 14 18 21 19 17 14 12 10 9 9 16 14 12 10 10 12 15 17 18 13 10 14 16 13 10 11 12 12 13 14 14 14 13 13 13 14 15 15 15 13 10 9 15 16 19 21 22 23 22 22 26 26 24 22 20 18 16 15 16 18 19 17 13 19 31 41 44 66 73 68 69 73 75 81 73 86 119 148 184 206 210 230 238 242 243 241 244 251 251 249 250 247 240 236 239 248 251 250 244 247 248 244 244 249 254 254 246 246 246 246
233 232 230 229 228 228 229 230 232 230 228 229 233 234 232 230 232 232 232 232 232 232 232 232 229 230 230 231 231 232 232 233 225 226 228 230 232 233 233 233 229 231 230 227 228 233 235 234 227 229 231 233 234 233 231 230 234 231 229 228 230 231 232 231 230 232 234 236 236 234 232 230 236 232 229 231 235 237 234 230 233 232 231 232 233 235 237 239 235 233 231 231 234 236 236 236 237 237 236 236 235 234 234 233 233 232 231 231 234 233 237 237 231 231 231 231 231 232 233 234 238 233 229 229 234 236 234 231 230 232 234 236 237 236 234 233 235 235 235 235 235 235 235 235 231 230 229 230 232 233 232 230 231 232 234 235 236 237 237 237 234 234 233 234 236 236 234 232 235 234 232 231 231 232 234 235 231 232 232 233 233 234 234 235 232 231 230 230 231 234 237 238 235 234 232 231 230 230 231 232 230 231 231 232 232 233 233 233 228 228 229 230 230 231 231 231 227 228 230 230 230 230 228 227 224 225 229 230 231 230 231 231 231 231 233 233 233 233 235 235 231 231 231 232 232 233 233 233 229 230 231 232 232 232 232 232 233 210 238 230 219 218 218 146 45 36 25 19 21 25 27 27 18 19 21 23 24 24 24 23 25 24 24 25 25 24 21 18 14 14 14 15 15 16 16 16 11 8 6 6 8 9 8 7 5 4 4 6 8 9 7 6 6 6 10 13 11 7 8 12 5 7 9 9 9 10 12 13 6 9 11 11 9 7 6 7 7 5 6 4 6 5 8 7 8 4 4 1 4 4 8 10 8 9 9 8 8 6 5 4 2 6 7 5 5 7 6 2 3 3 4 5 5 6 7 7 8 7 6 5 6 7 9 10 11 11 12 13 14 14 15 15 22 14 17 21 13 11 13 9 7 7 7 7 8 8 8 8 15 11 8 10 14 16 13 10 8 8 8 9 9 9 10 10 7 9 12 14 16 16 16 16 10 10 11 13 15 17 18 19 16 17 19 20 20 19 18 17 10 14 21 14 5 25 48 53 51 56 60 64 68 71 75 78 75 96 128 162 194 216 227 227 237 239 243 242 242 242 246 247 238 240 242 243 243 243 246 248 243 241 239 241 245 249 250 250 253 251 250 248
234 233 232 231 230 231 231 232 232 230 228 230 232 234 232 230 232 232 232 232 232 232 232 232 232 232 232 232 232 233 233 233 228 229 230 231 232 232 232 232 229 232 232 230 231 235 236 234 230 231 232 234 234 234 233 232 234 232 230 230 232 233 232 231 231 232 235 237 237 235 232 231 235 232 229 231 235 237 234 231 234 234 234 235 235 236 238 238 234 233 233 235 236 237 235 233 230 231 231 232 233 233 234 234 234 234 233 232 232 232 233 233 232 232 232 232 232 233 234 235 236 232 228 228 232 235 233 230 231 233 235 236 237 236 235 234 234 234 234 234 234 234 234 234 233 232 230 231 232 233 232 230 232 233 234 235 236 236 236 236 235 234 234 235 236 236 235 233 234 234 232 232 232 232 234 234 232 232 233 233 233 233 234 234 233 232 231 230 231 233 235 237 235 234 232 231 231 232 233 233 231 231 232 232 233 233 233 234 230 230 230 230 231 231 231 231 228 229 230 231 231 230 229 228 225 226 229 231 231 231 232 231 231 231 233 233 233 233 235 235 231 231 231 232 232 233 233 233 235 234 233 232 229 227 225 224 226 220 241 224 224 229 205 115 40 34 27 24 26 28 27 25 18 19 20 21 22 21 21 20 24 23 23 23 24 24 21 19 17 17 17 17 17 17 16 16 12 10 9 10 12 13 11 10 7 6 6 7 9 10 8 6 6 6 9 13 11 7 7 12 5 7 9 9 8 8 10 11 6 7 9 8 6 5 5 6 7 6 6 6 6 7 8 9 5 4 4 3 3 5 6 7 8 8 8 8 7 6 4 3 2 6 7 5 5 7 6 2 3 3 4 4 5 6 7 7 6 5 5 4 5 6 7 8 10 10 11 12 13 14 15 15 25 16 19 23 16 13 15 12 15 15 15 15 15 15 15 15 15 11 8 9 13 14 12 8 12 12 13 13 13 14 14 14 11 12 13 14 14 14 14 14 14 14 15 16 16 17 16 16 15 16 17 18 18 17 16 15 10 12 17 10 3 19 47 58 56 57 61 63 64 66 72 73 82 105 139 170 198 218 227 228 234 237 241 241 243 243 244 244 239 241 243 244 243 244 245 247 246 247 246 244 242 241 243 245 250 249 248 247
235 235 234 233 233 233 233 234 231 230 229 230 232 233 232 231 232 232 232 232 232 232 232 232 234 234 234 233 233 233 233 233 231 231 232 232 232 232 231 230 230 234 235 233 233 237 237 234 232 232 233 233 234 234 234 234 233 232 232 233 234 235 233 231 232 233 236 237 237 236 233 232 234 232 230 232 235 237 235 233 236 237 237 238 238 238 237 237 235 235 236 237 239 238 234 231 229 230 230 231 232 232 233 233 234 235 235 234 233 232 231 230 237 236 236 236 236 237 238 238 234 231 228 228 231 233 232 229 233 234 236 237 237 237 235 235 234 234 234 234 234 234 234 234 236 234 232 232 233 233 232 230 234 234 235 235 235 235 234 234 235 234 234 235 236 236 235 233 234 233 233 232 232 233 233 234 234 234 233 233 233 233 232 232 235 234 232 231 231 232 234 235 234 233 233 232 233 233 234 235 232 232 233 233 233 234 234 234 232 232 232 232 231 231 231 231 230 230 231 231 231 231 230 230 226 227 230 231 231 231 232 232 231 231 233 233 233 233 235 235 231 231 232 232 232 232 233 233 232 232 232 232 232 232 232 232 220 229 236 213 221 222 170 74 28 25 23 23 25 24 21 17 18 18 19 19 19 18 17 16 20 19 18 19 21 21 19 16 17 17 17 16 15 14 14 14 6 5 6 8 10 11 9 7 8 7 6 7 8 8 6 4 6 6 8 12 11 6 6 10 5 7 8 7 6 5 7 8 6 6 7 5 3 3 4 6 6 6 5 5 6 6 7 8 3 3 3 3 4 4 5 5 6 7 7 6 6 4 3 2 2 6 6 4 4 6 6 2 3 3 3 4 5 6 6 7 4 4 3 3 4 5 6 6 8 9 10 11 12 14 15 15 21 12 15 19 11 9 12 9 14 14 14 14 14 14 14 14 14 11 8 9 11 11 9 6 10 10 10 11 11 12 12 12 15 14 13 12 11 11 11 11 15 16 16 17 16 14 12 11 14 15 15 16 16 15 14 14 14 9 14 12 4 15 42 60 59 61 65 63 62 63 69 73 72 101 141 176 201 219 230 233 235 237 240 242 246 247 243 241 239 240 242 242 241 241 242 244 248 250 250 246 240 237 240 244 250 249 248 247
234 234 234 234 233 234 234 234 230 230 230 231 231 232 232 232 232 232 232 232 232 232 232 232 234 234 234 233 232 232 231 231 231 232 232 233 233 233 232 231 229 233 235 233 234 236 235 231 233 233 232 232 232 232 233 234 233 233 233 235 236 236 234 231 233 234 236 237 237 236 234 233 233 232 231 232 235 237 236 234 237 237 238 239 238 237 235 234 238 237 236 237 238 237 235 232 235 235 234 233 233 232 231 231 232 233 234 235 234 233 231 230 236 236 235 235 235 236 236 237 233 231 229 230 232 233 232 230 235 235 236 237 237 237 236 235 235 235 235 235 235 235 235 235 238 236 234 234 234 234 232 230 235 235 235 235 235 234 233 232 234 233 232 234 235 235 233 232 233 233 233 233 233 233 233 233 235 234 234 233 233 232 232 231 235 235 233 232 232 232 232 233 233 233 233 234 234 235 236 236 233 233 233 233 233 234 234 234 234 234 233 232 232 231 231 231 231 231 231 231 231 231 231 231 228 228 230 231 231 231 232 232 231 231 233 233 233 233 235 235 232 232 232 232 232 232 232 232 229 229 229 230 231 232 233 234 222 229 224 212 213 185 114 44 22 21 20 21 23 22 18 15 19 19 19 18 17 16 15 15 16 15 14 15 16 17 15 14 15 15 14 12 11 10 9 8 2 2 4 7 9 10 7 5 6 4 4 4 5 5 2 0 7 5 7 11 10 6 5 8 5 7 7 6 4 3 4 5 6 7 6 4 2 2 4 7 5 5 4 4 5 6 7 7 2 3 4 5 5 5 5 4 5 5 6 5 4 3 2 1 2 6 6 3 3 6 6 2 2 2 3 4 5 5 6 6 4 4 4 4 4 5 6 6 7 7 8 10 11 13 14 15 18 9 11 15 8 6 10 7 11 11 11 10 10 10 10 9 13 10 8 8 9 9 6 4 7 7 8 8 9 9 9 9 13 12 10 9 8 9 10 11 11 12 14 14 13 12 9 8 15 15 15 15 15 14 14 14 16 9 13 15 6 11 37 56 59 62 68 70 68 65 70 74 70 104 147 181 205 218 229 233 237 238 240 244 250 250 244 240 242 243 245 244 243 243 244 245 247 247 246 245 243 243 245 247 249 249 249 249
232 232 232 233 233 233 233 232 230 230 231 231 231 231 232 232 232 232 232 232 232 232 232 232 233 233 232 232 231 230 230 230 229 230 231 233 233 234 234 233 227 231 233 231 231 234 232 229 233 232 231 230 230 231 231 232 234 233 234 235 237 236 234 231 234 235 236 236 236 236 235 234 234 233 233 233 235 236 236 235 235 236 237 237 237 235 233 232 241 238 235 233 234 236 236 236 235 235 234 233 233 232 231 231 230 231 233 234 235 234 233 232 231 231 230 230 229 230 230 231 233 232 232 232 234 234 233 232 236 236 237 237 237 236 236 235 236 236 236 236 236 236 236 236 238 236 234 234 235 234 232 231 235 235 235 235 234 233 232 231 233 232 231 232 234 234 232 230 233 233 233 233 233 233 233 233 235 234 234 233 233 232 232 231 235 235 234 233 232 232 232 232 232 233 233 234 235 235 235 235 233 233 233 233 233 233 233 233 234 234 233 232 232 231 231 231 231 231 231 231 231 231 231 231 229 228 230 230 230 230 232 232 231 231 233 233 233 233 235 235 232 232 232 232 232 232 232 232 233 231 229 227 225 224 223 223 225 224 219 224 201 135 59 29 25 24 23 23 24 24 23 21 21 20 19 18 18 17 17 17 18 16 15 15 16 17 16 14 14 13 12 11 9 8 7 6 4 5 7 10 12 12 10 7 6 4 4 4 5 5 2 0 7 5 5 10 10 6 4 6 5 6 7 6 3 2 3 4 7 7 7 5 3 3 5 7 4 4 4 4 4 5 6 6 4 4 5 6 7 7 6 6 5 5 5 5 4 3 2 1 3 5 5 2 2 5 5 3 2 2 3 3 4 5 6 6 4 4 5 6 6 6 6 6 6 7 7 9 10 11 12 13 21 11 14 17 10 9 13 11 13 13 13 12 12 11 11 11 11 9 8 7 7 7 5 4 9 9 9 9 10 10 11 11 9 8 7 7 8 9 11 13 10 11 12 13 13 13 12 11 17 17 16 15 15 14 14 14 19 9 14 21 11 14 35 50 60 65 73 72 69 64 68 72 83 117 158 187 206 217 226 227 235 236 238 242 246 246 242 238 247 249 250 250 248 248 249 251 250 245 241 243 248 251 250 247 247 247 248 249
230 230 231 232 232 232 232 231 229 230 232 232 230 230 232 233 232 232 232 232 232 232 232 232 231 231 231 231 231 230 230 230 228 229 230 232 233 233 233 233 227 230 231 228 228 231 230 227 231 231 231 231 231 230 230 230 235 233 233 234 236 236 234 232 234 234 235 235 235 235 234 234 235 235 235 235 235 235 234 234 234 235 235 235 234 233 232 231 242 237 233 231 232 235 237 238 229 230 230 231 232 232 233 233 230 231 232 233 234 235 235 234 234 233 233 232 231 232 232 232 232 233 234 234 234 234 233 232 236 236 236 236 235 235 235 235 235 235 235 235 235 235 235 235 237 235 234 234 235 234 233 231 234 234 235 235 234 233 232 231 233 232 231 232 234 234 232 230 232 233 233 234 234 233 233 232 234 234 233 233 233 233 232 232 234 234 234 233 233 232 232 231 232 233 233 234 234 234 234 233 233 233 232 232 232 231 231 231 232 232 232 232 231 231 231 231 231 231 230 230 230 230 231 231 229 228 229 228 228 228 231 231 231 231 233 233 233 233 235 235 233 233 232 232 232 232 231 231 234 232 230 229 228 228 229 230 225 224 218 219 166 88 27 25 24 24 22 21 21 21 21 21 19 19 18 18 18 19 20 21 24 21 19 18 19 19 18 17 14 14 13 11 10 9 8 7 4 4 5 7 9 9 7 5 8 7 6 7 8 8 6 4 8 4 4 8 10 6 3 4 5 6 7 5 3 2 3 4 6 6 7 5 3 3 4 6 4 3 3 3 3 4 5 6 5 5 6 6 6 7 7 7 5 5 5 5 4 3 2 1 3 5 5 1 1 5 5 3 1 2 2 3 4 5 5 5 4 4 5 6 7 7 6 6 6 7 7 8 9 9 10 10 19 9 12 15 8 8 12 11 13 13 12 12 11 10 10 9 9 9 8 8 7 6 6 6 6 6 6 7 7 8 8 8 6 6 7 8 10 12 14 15 12 13 13 14 15 16 17 17 18 17 16 15 14 14 14 14 18 10 17 20 14 23 40 47 61 66 70 68 64 62 67 74 87 120 159 187 206 217 226 229 233 233 236 239 241 241 239 238 243 245 246 246 245 245 246 248 254 246 240 242 249 252 248 243 243 244 246 247
229 230 231 232 233 233 232 231 228 231 232 232 230 230 231 234 232 232 232 232 232 232 232 232 231 231 231 232 232 232 232 232 229 230 231 231 231 231 230 230 228 230 230 226 226 230 230 228 231 232 233 234 233 232 230 229 235 233 232 232 233 235 234 233 233 233 234 234 234 234 233 233 236 237 237 236 234 233 233 234 235 234 233 233 233 233 233 234 238 235 232 231 233 235 236 237 230 231 231 232 233 233 234 234 233 233 232 232 232 233 234 234 237 236 235 234 234 234 234 234 230 232 233 234 233 232 232 231 236 236 235 234 234 234 234 234 233 233 233 233 233 233 233 233 235 233 232 233 234 235 233 232 233 233 234 234 234 233 232 232 235 234 233 234 236 236 234 232 232 232 234 234 234 234 232 232 232 232 233 233 233 233 234 234 233 233 234 234 233 233 232 232 232 233 233 234 234 233 231 231 232 232 231 231 230 230 230 229 230 230 230 230 231 231 231 231 231 230 229 228 228 229 230 231 228 227 228 227 226 226 229 230 231 231 233 233 233 233 235 235 233 233 233 232 232 231 231 231 231 230 230 229 231 233 236 238 222 228 208 174 94 48 19 26 19 20 20 20 18 16 16 15 17 16 16 17 18 20 22 24 26 23 20 18 18 18 17 16 12 12 11 10 9 8 7 7 4 2 2 2 4 5 4 2 7 6 6 7 9 10 8 6 8 4 3 7 9 6 2 2 4 5 6 6 4 3 4 5 3 4 6 5 3 2 2 3 3 3 2 2 3 4 4 5 6 5 4 4 4 5 7 8 6 6 6 6 5 4 2 2 3 5 4 0 0 4 5 3 1 1 2 3 4 4 5 5 2 3 4 5 6 5 5 4 7 7 7 7 7 7 8 8 17 7 9 12 6 5 11 9 11 10 10 9 8 7 7 6 8 8 9 8 7 7 7 8 6 6 6 7 7 7 8 8 10 11 13 15 16 17 18 16 16 15 14 13 14 16 18 20 17 16 14 13 12 12 12 13 17 11 15 15 15 33 50 49 59 63 66 63 61 64 76 90 103 132 166 191 209 223 229 231 234 235 239 239 239 239 240 242 238 239 241 242 241 242 243 245 251 245 240 241 245 248 246 242 244 246 248 250
229 230 232 233 234 233 232 232 228 231 233 232 230 229 231 234 232 232 232 232 232 232 232 232 231 232 232 233 233 234 234 235 231 231 231 231 230 229 228 227 229 231 230 226 226 229 231 229 232 233 235 236 235 233 231 229 236 233 231 230 232 234 234 233 233 233 233 233 233 233 233 233 237 238 238 236 234 232 232 233 235 234 233 232 232 233 235 236 234 232 231 232 235 236 236 235 237 237 236 236 235 234 234 233 237 235 233 232 231 231 232 233 232 231 230 229 228 228 229 229 229 231 233 233 232 231 230 230 236 235 234 233 233 233 233 233 231 231 231 231 231 231 231 231 234 232 231 232 234 235 234 232 232 233 233 234 234 233 233 232 237 236 235 236 238 238 236 234 231 232 234 235 235 234 232 231 231 232 232 233 233 234 234 235 232 233 233 234 234 233 233 232 232 233 233 234 233 232 230 229 231 231 231 230 230 229 229 228 228 228 229 230 230 231 231 231 230 230 228 227 227 228 230 230 228 227 227 226 225 225 228 229 231 231 233 233 233 233 235 235 233 233 233 232 232 231 231 231 233 231 228 225 224 224 225 226 219 231 193 122 29 20 22 27 20 22 24 24 22 18 16 15 14 14 14 15 18 21 23 25 25 22 18 16 15 15 14 12 9 8 8 7 6 6 5 5 9 7 5 5 6 7 6 5 5 4 4 6 8 9 7 6 8 3 3 7 9 6 2 1 4 5 6 6 4 4 5 6 0 2 5 5 3 1 0 0 3 2 2 2 2 3 4 5 5 4 2 1 2 4 6 8 6 7 7 6 5 4 3 2 3 5 4 0 0 4 5 3 1 1 2 3 3 4 5 5 0 1 3 4 5 4 3 2 8 8 7 7 7 6 6 6 21 11 12 16 9 9 15 14 12 12 11 10 9 9 8 7 7 8 9 9 8 7 8 9 10 10 11 11 11 12 12 12 12 14 16 18 20 20 19 17 19 15 12 11 11 13 16 18 16 15 13 11 10 10 10 11 17 11 10 10 15 40 58 54 57 58 59 59 60 70 90 109 139 163 189 207 219 225 229 228 237 239 243 242 240 240 244 247 240 242 244 245 245 246 248 250 243 242 240 240 242 244 245 245 248 249 252 254
230 230 230 231 234 237 240 242 225 231 236 236 233 232 234 238 233 232 231 229 229 230 231 232 235 234 232 231 232 234 236 237 232 232 231 230 230 230 231 231 230 230 230 231 231 232 232 232 230 232 234 233 231 230 232 234 230 231 233 233 233 233 235 237 234 235 235 235 235 234 233 232 238 236 232 230 230 232 236 238 231 231 231 233 236 237 236 235 232 233 235 237 238 238 238 237 234 237 237 234 233 236 236 233 237 236 236 235 235 234 234 234 236 230 232 240 239 231 229 234 232 233 234 234 232 232 233 234 237 237 236 235 233 232 231 230 232 232 233 234 236 237 238 238 235 236 237 238 238 237 236 235 232 232 232 232 232 233 235 235 235 236 237 238 238 236 235 234 232 234 237 238 238 237 234 232 233 234 235 235 235 235 234 233 227 230 234 236 236 236 237 238 235 235 234 234 235 235 236 237 232 232 231 231 231 232 233 233 231 232 233 233 233 233 232 231 229 229 229 229 230 231 232 233 228 228 230 231 231 232 234 234 231 232 234 234 234 233 234 233 232 232 232 232 232 232 233 233 225 236 229 227 242 238 221 222 207 161 96 38 10 22 34 24 19 18 17 18 20 21 20 19 13 13 14 15 17 18 19 19 12 14 18 18 17 15 14 14 5 2 3 8 9 8 9 12 7 6 6 5 5 6 6 7 6 6 6 5 4 3 2 1 1 3 5 6 5 5 6 8 4 3 2 0 0 0 3 6 4 3 3 3 3 3 3 2 3 2 2 2 2 3 4 5 1 2 2 3 5 6 7 7 0 2 4 4 3 2 3 4 2 3 3 4 4 5 5 6 4 4 3 2 3 4 6 7 6 5 4 3 3 3 3 4 0 4 7 7 5 5 8 12 14 14 14 14 13 13 13 13 8 9 9 10 10 9 8 7 3 6 9 10 9 8 9 10 9 9 10 11 12 13 13 14 10 12 15 18 20 20 19 16 12 11 10 8 12 18 19 16 4 8 10 8 9 12 12 9 8 16 24 22 20 43 66 67 64 51 44 49 57 72 102 134 158 191 208 211 220 224 227 235 236 240 243 246 247 246 241 240 239 247 252 249 246 248 252 253 241 245 249 249 246 246 248 252 241 246 252 255
232 231 231 231 232 233 236 237 227 232 236 236 233 231 233 236 232 231 230 230 230 231 232 233 235 234 232 232 232 234 236 237 234 233 232 231 230 229 229 229 233 233 233 233 234 234 234 235 230 232 234 233 231 230 232 234 229 231 233 233 232 232 234 236 235 235 236 236 235 234 233 233 237 235 233 231 231 233 235 237 236 235 235 236 239 240 239 237 231 232 233 235 236 236 236 235 233 236 236 233 233 237 237 234 236 235 235 235 234 234 233 233 241 239 240 244 243 238 236 237 234 235 236 236 234 234 235 236 241 240 239 237 236 235 235 235 233 233 233 234 234 234 235 235 234 235 236 237 237 236 235 234 233 232 232 232 232 233 234 235 232 233 234 235 237 237 238 238 232 233 235 236 236 235 233 232 233 233 234 234 234 234 233 233 228 231 234 235 234 233 233 234 234 234 233 233 234 235 236 236 233 232 232 231 231 232 232 233 231 231 232 232 232 232 231 231 231 231 230 229 229 229 230 230 228 228 230 231 231 232 234 234 232 232 233 233 233 232 234 234 231 231 231 231 231 231 231 232 230 225 223 230 234 222 221 237 158 78 20 18 28 28 20 11 24 22 20 20 21 21 20 18 17 17 17 17 17 17 17 17 14 16 18 18 16 14 14 14 8 5 5 8 9 6 6 9 4 4 3 3 3 3 4 4 7 6 5 4 4 3 2 2 3 5 7 8 6 6 7 8 5 5 4 3 1 2 4 7 3 3 3 3 3 3 3 3 1 1 1 1 2 2 3 3 2 2 3 3 4 5 5 5 1 3 5 5 3 2 2 3 3 3 4 4 4 4 5 5 2 2 1 1 1 2 4 5 7 6 5 5 4 4 5 5 1 3 4 5 5 6 8 9 7 7 7 7 7 7 7 8 10 11 11 11 10 9 8 8 4 7 9 10 8 7 8 8 5 6 6 7 8 9 10 10 7 9 11 13 14 14 14 13 14 13 12 10 14 20 21 18 11 14 15 13 13 16 16 13 4 14 27 30 30 51 70 68 66 59 56 58 60 71 100 133 155 189 208 213 222 226 228 235 236 238 240 242 243 242 238 237 239 245 248 246 245 248 251 252 249 248 246 246 248 250 251 252 246 250 254 255
234 233 232 230 230 231 232 232 230 233 236 235 232 231 232 235 231 230 230 230 231 232 233 234 234 233 232 232 232 233 235 236 235 234 233 232 230 229 228 227 229 229 230 230 230 231 231 231 231 232 233 233 231 231 232 233 228 230 232 232 231 231 233 235 235 235 236 236 235 234 234 233 235 234 234 233 233 234 234 235 235 234 233 233 235 236 235 233 230 230 232 233 234 234 234 233 231 235 235 233 233 237 238 235 234 234 234 233 233 233 232 232 236 239 240 238 236 237 235 231 234 235 236 236 234 233 234 236 242 241 239 237 236 236 236 237 235 234 234 233 233 232 232 232 233 234 234 235 235 234 234 233 233 233 232 232 232 233 234 235 232 232 232 233 234 236 237 238 233 233 233 233 233 233 233 233 232 232 232 232 232 232 232 232 230 232 234 234 232 231 231 232 233 233 232 232 233 233 234 235 233 233 232 231 231 232 232 233 230 230 230 230 230 230 230 230 233 232 230 229 228 228 228 228 228 228 230 230 231 231 233 233 233 232 233 231 231 231 234 235 230 230 230 230 230 230 230 230 225 232 234 224 223 232 217 181 76 21 0 21 29 18 15 20 25 23 21 20 20 20 18 16 20 20 19 18 17 16 15 15 17 18 18 17 14 12 13 13 12 8 7 9 8 4 3 5 8 7 7 6 6 7 7 8 8 7 5 3 3 3 3 4 6 8 10 9 7 6 6 6 5 6 7 6 5 4 5 7 1 2 2 3 3 4 4 5 0 0 1 1 1 2 2 2 3 3 3 3 3 3 3 3 3 4 6 5 3 1 1 2 5 5 4 4 4 4 3 3 6 5 5 5 5 6 7 7 8 7 6 5 5 5 5 6 3 2 2 4 6 8 8 7 7 7 7 8 9 9 10 10 13 13 13 13 12 10 9 8 6 8 10 9 7 6 6 7 8 11 11 12 13 13 14 14 13 13 14 14 15 15 15 14 12 11 11 9 12 18 19 15 13 16 16 13 12 15 15 10 8 18 37 43 42 58 72 69 62 61 65 65 61 65 89 119 148 183 203 210 220 222 221 227 233 234 237 238 237 237 236 236 240 243 243 241 242 248 250 249 254 248 243 243 247 250 251 249 251 253 255 255
235 234 232 231 230 231 232 232 232 234 236 235 232 231 231 233 229 230 230 231 232 233 234 235 233 233 232 232 232 233 235 235 233 233 233 232 231 230 229 228 227 227 228 228 228 229 229 229 232 232 232 232 232 232 232 232 228 230 231 231 230 230 232 233 234 234 234 235 234 233 232 232 233 234 234 235 235 234 234 233 235 233 232 231 232 233 232 230 230 231 232 232 233 233 233 233 230 233 234 232 233 237 238 235 232 232 232 232 232 232 232 232 227 234 235 229 229 234 233 226 231 232 233 233 231 231 232 233 239 238 235 233 232 233 234 234 235 235 235 234 234 234 233 233 233 233 233 233 233 233 233 233 234 233 232 232 232 233 234 234 236 235 233 232 231 232 233 234 233 233 231 231 231 231 233 233 232 231 231 231 231 231 231 232 231 232 234 233 232 231 232 233 232 232 231 231 231 232 233 234 234 233 232 231 231 231 232 232 230 229 229 229 229 229 229 230 231 231 230 229 228 228 229 229 228 228 230 230 230 230 232 233 234 232 232 230 229 231 234 236 230 230 229 229 229 229 228 228 223 227 232 219 205 199 150 72 21 21 30 30 16 15 23 24 21 19 17 17 18 17 16 14 18 18 17 16 16 15 14 14 18 18 17 15 11 9 10 11 12 9 8 9 8 3 2 5 10 9 9 8 8 9 9 10 9 7 4 3 2 3 5 6 8 9 10 9 6 4 3 4 3 6 8 8 6 5 5 6 0 1 2 2 4 4 5 6 1 1 2 2 3 3 3 3 4 4 3 3 2 2 2 1 4 5 6 5 3 0 0 1 6 5 5 4 4 3 3 2 6 6 6 6 6 6 7 7 7 6 5 4 4 4 4 5 6 3 2 4 8 10 8 6 8 9 9 10 11 12 13 14 16 16 15 14 13 11 9 8 8 10 10 9 7 5 5 6 13 13 13 14 14 15 15 15 16 15 14 14 14 14 15 13 12 12 12 10 13 18 18 15 13 16 15 12 12 15 15 11 15 25 44 52 50 60 70 66 57 61 68 69 64 66 81 103 147 181 205 214 222 225 224 227 232 233 235 237 237 239 240 240 242 242 240 237 240 247 249 246 250 246 243 243 245 247 246 245 253 254 254 253
235 234 233 232 232 233 235 236 234 235 235 234 232 231 231 232 229 230 231 232 233 234 234 235 232 232 232 232 232 233 234 234 229 230 231 232 232 232 231 230 231 231 231 231 232 232 233 233 232 232 232 232 232 232 232 232 229 230 232 231 230 230 231 233 232 233 233 233 233 232 231 230 233 233 235 235 235 235 233 233 240 237 235 234 235 235 235 234 233 233 233 233 233 234 234 235 230 233 234 232 233 237 238 235 231 231 231 232 232 232 232 232 227 234 235 229 230 237 237 230 230 232 233 232 231 230 231 233 236 235 233 232 231 231 232 233 235 235 235 236 236 236 237 237 233 233 233 232 232 233 233 233 234 234 233 232 232 232 233 234 235 234 232 231 231 231 233 234 234 233 231 230 230 231 233 234 232 231 230 230 230 230 231 232 231 232 234 234 233 233 235 237 231 231 231 231 231 232 233 234 234 233 232 231 231 231 231 231 230 229 228 228 228 228 229 230 228 228 228 228 228 229 230 231 228 228 230 230 230 230 232 231 233 232 231 229 229 230 234 235 230 230 229 229 228 228 228 227 230 215 221 213 156 91 45 14 17 25 31 22 14 25 27 9 17 16 15 16 17 18 17 15 13 13 13 14 14 14 15 15 17 17 16 13 9 7 8 9 10 7 6 9 8 5 4 7 6 6 5 5 5 5 6 6 8 7 5 3 3 4 6 7 8 9 9 8 4 2 1 1 1 4 7 7 6 4 3 4 0 1 2 2 4 4 5 6 2 3 4 5 5 5 4 4 5 5 4 3 3 2 1 1 4 5 6 5 3 0 0 1 6 5 5 4 4 3 3 2 2 2 2 2 2 2 1 1 5 4 3 2 2 2 3 3 7 5 3 5 9 10 9 6 4 5 6 6 8 8 9 10 16 16 16 15 14 12 10 9 10 11 11 9 7 5 6 7 11 11 11 12 12 12 12 12 13 12 11 10 10 10 11 9 15 15 15 14 17 21 20 16 13 16 16 14 15 20 22 17 21 27 44 51 48 55 68 66 59 63 72 76 75 78 86 98 145 182 208 217 228 234 234 240 235 236 236 238 239 242 245 246 243 243 241 237 240 245 247 244 243 246 249 249 246 244 244 245 252 252 252 250
234 233 233 232 233 235 236 238 235 235 234 232 232 232 232 232 230 231 232 233 234 234 234 233 231 231 232 232 233 233 233 233 227 229 231 232 233 233 232 231 230 230 230 231 231 232 232 232 233 232 231 231 233 233 232 231 230 232 233 232 231 230 231 233 233 233 233 233 233 232 231 230 233 234 234 235 235 234 234 233 238 235 233 232 233 234 234 233 235 235 234 234 234 235 235 236 230 233 234 232 232 236 236 234 231 231 231 232 232 232 233 233 230 233 233 231 232 235 236 233 232 234 235 234 233 232 233 235 235 235 235 235 234 234 233 233 235 236 236 237 237 238 238 238 234 233 233 232 232 233 233 234 235 234 233 232 232 232 233 233 231 231 231 232 233 234 236 237 234 233 231 230 230 231 233 234 233 232 230 229 229 230 232 233 232 233 234 234 233 234 236 239 232 231 231 231 231 232 233 234 235 234 233 232 231 231 231 231 231 230 228 227 227 228 230 231 227 227 227 227 228 229 231 231 228 228 230 230 229 229 231 231 232 231 231 230 230 230 233 234 231 231 230 229 229 228 227 227 228 235 228 172 79 16 8 21 24 17 19 22 18 21 23 15 18 17 16 17 19 20 19 18 9 10 11 12 13 15 15 16 15 16 16 14 10 8 7 8 9 6 6 9 8 5 5 8 7 6 6 5 5 6 6 7 7 6 5 4 4 5 6 7 7 8 9 7 4 1 0 1 0 3 5 6 4 3 2 3 1 2 2 3 3 4 4 5 2 3 5 6 7 6 5 4 6 5 5 4 4 3 3 3 3 4 6 5 3 1 1 2 5 5 4 4 4 4 3 3 2 3 3 3 3 2 1 1 4 3 2 2 1 1 2 2 6 5 4 5 7 8 7 6 5 5 5 6 7 7 8 8 16 16 16 15 14 12 11 10 12 12 12 10 8 7 8 11 15 15 15 15 15 15 15 15 14 14 14 14 14 13 13 11 12 13 13 12 14 18 17 13 10 14 15 14 18 25 29 26 27 29 44 51 46 51 64 66 58 62 69 74 77 85 96 107 141 177 203 215 227 235 238 246 239 239 237 239 239 243 246 248 244 246 245 241 240 244 245 243 242 248 254 255 251 247 247 249 251 252 252 250
234 233 232 231 232 233 235 236 235 234 232 231 232 233 233 233 231 232 233 234 234 234 233 232 231 231 232 232 233 233 233 233 228 230 232 233 233 232 231 229 228 229 229 229 230 230 230 230 234 232 230 231 233 234 232 230 231 233 234 233 232 231 232 233 234 235 235 235 235 234 233 232 234 234 234 234 234 234 234 234 235 232 229 228 230 231 232 231 236 235 234 233 233 234 235 236 231 234 234 232 232 235 235 232 231 232 232 232 233 233 234 234 235 231 231 233 232 229 229 232 232 234 235 234 232 232 233 234 234 235 236 237 237 235 233 232 237 237 237 236 236 236 235 235 235 234 233 232 232 233 234 235 235 234 233 232 232 232 232 233 230 231 232 234 235 236 236 236 233 233 232 232 232 232 233 233 234 232 231 229 229 231 232 234 233 234 234 233 231 231 234 236 232 232 232 232 232 233 234 234 235 234 233 232 231 230 230 231 232 230 229 227 227 229 230 232 229 228 228 227 227 228 229 229 228 228 230 229 229 228 230 230 230 230 232 231 231 230 232 232 232 232 231 230 229 228 228 227 216 233 193 100 32 16 23 29 25 16 21 28 19 14 20 23 19 18 16 17 18 18 17 16 10 10 11 12 14 15 16 16 14 16 17 16 13 10 9 9 10 6 6 9 8 5 5 7 8 8 7 7 7 7 8 8 6 6 6 6 6 6 6 6 8 9 10 8 5 3 2 2 1 3 5 5 3 2 3 4 3 3 3 3 3 3 3 3 1 2 4 6 6 6 4 3 6 6 6 5 5 5 5 5 1 3 5 5 3 2 2 3 3 3 4 4 4 4 5 5 6 6 7 7 7 6 4 3 5 4 3 2 2 2 2 3 2 3 5 4 3 3 4 6 9 9 9 9 10 10 10 10 14 14 14 14 14 13 12 11 13 13 13 11 9 8 10 14 19 20 20 20 20 20 20 20 17 18 19 20 21 20 19 17 12 13 13 12 15 18 17 12 14 18 21 22 28 38 44 42 42 40 54 59 52 51 61 60 60 64 69 67 72 87 109 129 147 180 203 211 221 229 234 242 243 242 239 238 237 239 240 242 245 250 251 246 241 242 243 243 246 248 251 252 252 251 251 251 252 254 255 254
234 233 232 230 230 231 232 233 235 233 231 231 232 233 234 234 232 233 234 235 235 233 232 231 230 231 232 233 233 233 233 232 230 231 233 234 233 231 229 227 232 232 233 233 234 234 234 234 234 232 230 231 233 234 232 230 232 234 235 234 232 232 233 234 234 237 237 237 237 236 235 234 235 234 234 233 233 234 234 235 238 235 232 231 233 235 236 235 236 235 234 233 232 233 234 235 232 235 235 232 231 234 234 231 232 232 232 233 233 234 234 235 243 235 235 238 238 228 229 234 232 231 234 232 232 229 233 234 231 233 236 237 237 235 232 230 238 238 237 236 234 233 232 232 236 235 233 233 233 233 235 236 235 235 233 232 232 232 232 232 233 234 235 236 236 234 233 232 233 233 233 233 233 233 233 233 235 233 231 230 230 231 233 235 235 235 234 232 229 229 230 232 233 233 232 232 232 233 234 235 235 234 233 232 231 230 230 230 233 231 229 228 228 229 231 233 231 230 229 228 227 227 227 227 230 230 230 229 229 228 230 230 229 229 232 232 232 231 230 229 233 232 231 231 230 229 228 228 211 185 112 46 31 30 19 18 30 21 20 20 18 23 21 6 19 17 15 15 15 15 13 11 12 12 13 13 14 15 16 16 14 17 19 19 16 13 11 11 11 8 7 9 8 4 3 6 5 4 3 3 3 3 4 5 5 5 6 7 7 7 6 6 8 10 11 9 6 4 4 4 3 4 5 5 3 2 4 5 4 3 3 3 3 3 3 2 0 1 3 5 6 5 3 2 6 6 6 6 6 6 6 6 0 2 4 4 3 2 3 4 2 3 3 4 4 5 5 6 4 4 5 6 5 4 2 1 6 5 4 3 3 3 3 4 0 2 4 3 0 0 2 5 10 10 9 9 9 9 9 8 13 13 14 14 14 13 12 12 14 14 13 12 10 10 12 16 17 18 18 18 18 18 18 18 13 14 17 18 19 18 16 13 20 21 21 21 21 24 22 16 23 27 31 34 42 53 61 58 56 54 67 69 57 53 58 57 66 73 74 70 71 91 125 151 166 197 215 218 225 228 232 240 244 242 239 236 234 235 237 238 245 252 255 249 242 241 242 242 250 246 244 246 251 253 252 250 254 255 255 255
233 233 233 232 232 231 231 231 231 235 237 235 235 238 236 232 229 230 232 233 234 234 233 232 230 230 230 231 231 232 232 232 228 228 228 229 229 230 230 231 230 232 232 229 225 225 228 231 230 230 230 230 230 231 233 233 229 230 230 231 231 232 232 233 234 231 229 229 230 232 234 233 234 232 232 231 232 237 242 245 236 235 233 232 232 233 235 236 230 231 232 233 235 236 237 238 234 234 234 234 234 234 234 234 232 233 233 234 234 235 235 236 236 235 236 233 236 235 238 237 236 235 237 236 238 235 237 234 232 233 234 235 234 233 231 230 234 234 234 233 233 232 232 232 232 231 231 232 233 233 232 230 231 231 232 233 233 234 235 235 232 231 229 230 232 232 231 230 231 232 233 233 231 231 232 233 232 232 232 232 232 233 235 235 234 234 234 234 234 234 234 234 231 232 233 234 235 236 236 236 231 232 234 235 235 234 232 231 231 231 231 232 232 233 233 234 230 230 230 230 230 230 230 230 227 229 230 229 226 225 228 231 228 229 230 231 231 230 228 227 230 223 227 230 217 210 213 212 164 78 33 34 21 17 27 22 18 18 18 19 20 20 21 21 17 14 13 15 14 11 12 15 11 12 12 13 14 15 16 16 13 13 12 11 11 11 12 12 11 7 7 11 10 3 1 4 2 3 4 5 6 7 7 7 4 4 5 5 6 7 7 8 8 10 12 10 6 4 6 8 4 5 6 6 4 4 5 6 4 5 5 4 2 2 4 6 1 1 0 1 2 4 7 8 1 1 2 2 4 6 7 8 1 1 1 2 2 2 2 2 5 5 5 5 5 5 5 5 0 0 1 2 4 5 6 6 4 5 6 7 7 5 4 3 1 6 2 1 9 7 1 5 7 7 6 5 5 5 6 6 18 12 11 16 17 13 12 15 13 11 9 9 10 11 12 14 13 13 12 12 12 13 12 11 11 8 13 16 16 15 18 21 25 25 24 27 30 33 33 32 38 40 46 54 58 60 66 70 64 61 61 63 63 62 58 55 58 66 72 74 78 100 136 171 192 204 216 224 224 224 228 231 224 235 244 249 248 243 239 238 235 242 247 248 250 254 255 253 250 249 247 244 243 246 251 255 250 251 252 253
233 233 233 232 232 231 231 231 233 236 237 234 234 236 236 232 229 230 231 233 233 233 232 231 230 230 231 231 231 232 232 232 228 227 228 228 228 228 228 229 229 230 230 229 228 227 229 230 231 230 230 230 230 231 232 233 230 230 231 231 231 231 232 232 233 230 229 229 231 232 234 233 233 232 233 233 234 235 237 238 235 235 233 233 233 233 235 235 237 236 235 234 233 232 232 232 235 235 235 235 235 235 235 235 233 233 234 234 234 234 235 235 237 236 235 234 234 235 236 237 236 237 237 238 238 237 237 236 232 233 234 235 234 233 231 230 234 234 234 233 233 232 232 232 233 232 231 232 234 234 233 231 231 231 232 233 233 234 235 235 236 234 233 234 235 236 235 233 231 232 233 233 231 231 232 233 233 232 232 232 232 233 234 235 233 234 234 234 234 234 234 235 232 232 233 233 234 235 236 236 232 232 233 234 234 233 232 232 230 230 231 231 232 232 232 233 231 231 231 231 231 231 231 231 227 229 230 228 226 226 228 231 229 229 229 229 228 227 226 225 225 228 229 219 213 222 215 188 107 45 20 26 16 14 23 18 18 18 18 18 18 19 19 19 18 14 13 16 15 12 12 16 15 15 16 17 18 19 19 20 18 18 16 15 14 13 13 13 11 8 8 12 10 5 3 5 3 4 5 6 7 8 8 8 4 4 5 6 7 8 9 9 10 11 11 10 8 6 7 7 3 5 6 5 4 3 4 6 4 5 5 4 2 2 4 6 4 3 2 2 2 3 4 5 2 2 2 3 4 6 7 8 3 3 3 3 3 2 2 2 5 5 5 5 5 5 5 5 3 3 3 3 4 4 4 4 2 3 4 5 5 5 3 3 1 6 2 1 9 7 1 5 7 7 6 6 6 6 7 8 12 7 7 12 15 12 12 15 14 12 10 10 11 12 12 14 15 14 15 14 15 13 15 13 14 11 14 18 19 15 20 23 29 29 34 38 43 46 49 48 49 47 53 59 60 57 61 61 65 62 65 64 65 63 63 61 55 70 85 89 89 105 143 177 199 210 221 226 226 224 227 229 228 233 241 245 245 242 241 240 237 243 247 247 247 251 253 251 246 247 247 246 245 245 247 250 251 251 250 250
233 233 233 232 232 231 231 231 235 238 237 233 232 235 235 232 229 229 230 231 232 231 231 230 230 231 231 231 232 232 232 232 229 229 229 228 228 228 228 228 230 229 229 230 231 232 230 229 231 231 230 230 230 231 232 233 232 232 231 231 231 231 230 230 232 231 230 230 231 232 234 233 232 232 235 235 235 234 234 233 235 234 234 233 233 234 234 235 240 238 236 233 232 231 231 232 235 235 235 235 235 235 235 235 235 235 234 234 234 234 233 233 236 235 235 234 234 234 235 235 236 236 237 237 237 237 236 236 232 233 234 235 234 233 231 230 234 234 234 234 233 233 233 233 233 232 231 232 235 236 235 234 231 231 232 233 233 234 235 235 237 235 234 235 236 237 236 234 231 232 233 233 231 231 232 233 233 233 232 232 232 233 234 235 233 233 233 234 234 235 235 235 233 233 232 232 232 234 236 237 232 232 233 233 233 233 232 232 230 230 230 230 231 231 231 231 232 232 232 232 232 232 232 232 228 229 229 228 226 226 228 230 229 229 227 226 225 224 224 224 228 223 222 219 219 216 182 132 50 19 16 26 18 18 25 18 17 17 17 17 17 16 16 16 18 15 15 17 17 13 13 16 16 16 17 18 18 19 20 20 20 19 18 16 15 13 12 12 12 10 10 12 10 6 5 6 5 6 6 7 8 8 9 9 4 4 5 7 8 9 10 11 11 10 8 8 9 8 7 5 3 4 5 5 3 3 4 5 4 5 5 4 2 2 4 6 7 6 4 3 2 1 1 1 2 2 2 3 4 6 7 8 6 5 5 4 4 3 2 2 5 5 5 5 5 5 5 5 7 7 6 5 4 3 2 2 0 1 3 4 5 4 4 3 2 6 2 1 9 7 2 5 7 6 6 6 7 8 9 10 10 7 6 9 11 10 9 11 14 13 13 12 12 12 13 14 12 12 13 12 12 11 14 13 14 11 13 18 19 16 22 26 30 34 42 50 55 57 57 56 61 58 61 66 66 61 61 61 61 61 66 66 66 63 66 68 59 72 89 100 112 131 160 181 209 216 226 229 228 226 228 229 229 230 234 238 242 244 245 243 237 242 244 241 241 244 246 244 246 249 251 251 249 247 247 247 247 247 246 245
233 233 233 232 232 231 231 231 237 239 237 232 230 234 234 232 229 229 230 230 230 230 230 230 231 231 231 232 232 232 233 233 231 230 230 229 229 228 228 227 229 227 227 230 234 234 231 228 232 231 230 230 230 231 232 232 233 232 232 231 231 230 230 229 232 231 230 231 232 233 234 233 233 233 235 235 235 235 235 235 234 234 234 234 234 234 234 234 235 234 233 232 232 234 235 237 236 236 236 236 236 236 236 236 236 235 235 234 234 233 233 232 236 236 236 235 235 235 235 235 235 236 237 237 237 237 236 235 232 233 234 235 234 233 231 230 234 234 234 234 234 234 234 233 234 233 232 233 235 236 236 235 232 232 232 233 233 234 234 234 234 232 231 232 233 234 233 231 231 232 233 233 231 231 232 233 234 233 232 232 232 233 234 234 232 232 233 234 234 235 236 236 234 233 231 230 231 233 235 237 232 232 232 233 233 232 232 232 230 230 230 230 230 230 230 230 232 232 232 232 232 232 232 232 228 228 228 227 227 227 228 229 229 228 226 224 224 224 225 226 232 213 214 226 209 164 105 59 26 16 20 27 22 24 26 16 17 17 16 16 15 14 14 14 18 15 15 18 18 14 14 16 13 14 14 15 15 16 16 16 15 15 15 14 13 12 11 10 13 12 11 11 10 8 7 7 6 6 6 6 6 7 8 9 4 5 6 7 9 10 12 12 11 8 5 6 8 8 6 2 2 4 5 4 3 2 3 5 4 5 5 4 2 2 4 6 6 6 4 3 2 1 1 1 3 3 3 3 4 6 7 8 8 7 6 5 4 3 3 2 6 6 5 5 5 5 4 4 8 8 7 6 5 4 3 2 0 0 2 4 5 5 5 4 2 7 2 2 10 8 2 6 6 6 6 7 8 9 11 12 15 12 10 10 10 9 7 6 13 14 15 14 13 13 14 15 12 12 13 13 11 13 15 18 12 12 15 19 22 23 28 33 41 45 53 61 63 63 61 60 66 60 61 69 71 69 65 64 57 59 69 72 71 68 70 77 75 79 87 110 144 174 189 192 216 221 228 231 230 229 231 232 229 227 229 233 239 245 248 247 241 245 246 241 239 242 244 243 246 248 250 250 248 246 245 245 245 246 247 249
233 233 233 232 232 231 231 231 237 238 236 231 230 233 234 231 230 230 230 230 229 230 230 230 231 231 232 232 232 233 233 233 233 232 232 231 231 230 230 229 229 227 227 230 234 234 231 228 232 232 231 230 230 230 231 232 233 232 232 231 231 230 230 229 232 231 231 232 233 234 234 233 235 234 235 235 235 237 239 241 234 234 234 234 234 234 234 234 232 232 232 232 233 235 237 239 236 236 236 236 236 236 236 236 236 235 235 234 234 233 233 232 238 238 238 237 237 236 235 235 235 235 236 237 237 236 235 235 232 233 234 235 234 233 231 230 234 234 234 234 234 234 234 235 235 233 232 232 234 236 236 235 232 232 233 233 233 233 234 234 232 231 230 230 232 233 231 230 231 232 233 233 231 231 232 233 234 234 233 232 232 232 233 234 233 233 233 234 234 235 235 235 235 233 231 230 230 232 234 236 232 232 232 231 231 232 232 232 230 230 230 230 230 230 230 230 230 230 230 230 230 230 230 230 229 228 227 227 227 228 228 228 228 227 225 224 225 226 227 228 226 220 225 213 158 89 40 14 23 19 20 20 20 24 23 13 16 16 15 15 14 14 13 13 18 15 16 19 19 15 13 15 12 12 13 13 13 13 14 14 11 12 13 14 14 13 12 12 13 14 12 10 9 9 8 7 6 5 4 4 4 5 6 7 5 5 6 7 9 10 11 12 9 6 3 4 6 7 4 1 3 4 5 5 3 3 4 5 4 5 5 4 2 2 4 6 3 3 3 3 3 3 3 2 4 4 4 4 5 6 7 8 8 8 7 6 5 4 3 3 6 6 6 5 5 4 4 4 6 5 5 5 5 5 5 5 0 2 4 6 7 7 6 6 3 7 3 2 10 8 3 6 6 6 6 7 8 9 11 12 16 15 13 12 12 12 10 7 12 15 16 16 14 13 14 16 15 16 16 16 15 18 21 25 18 15 19 26 31 34 39 45 51 57 65 69 69 68 65 64 65 60 59 68 73 73 69 65 60 62 72 78 76 70 72 79 86 91 103 126 163 196 212 211 219 222 228 231 232 232 235 236 234 231 230 232 237 241 244 244 247 251 251 246 244 246 247 246 245 246 246 245 243 242 243 244 245 248 253 255
233 233 233 232 232 231 231 231 234 237 236 232 231 234 234 231 232 232 231 230 229 230 230 231 232 232 232 232 233 233 233 234 232 232 232 232 232 231 231 231 230 229 229 230 231 232 230 229 233 232 231 230 230 230 231 231 232 232 231 231 231 231 230 230 232 231 232 233 234 234 234 233 236 235 235 235 236 238 241 243 233 234 234 235 235 234 234 233 234 234 234 234 234 234 234 234 235 235 235 235 235 235 235 235 235 235 234 234 234 234 233 233 238 238 239 238 238 237 235 234 235 235 236 236 236 236 235 235 232 233 234 235 234 233 231 230 234 234 234 234 235 235 235 235 237 234 231 231 233 234 234 234 233 233 233 233 233 233 233 233 234 233 232 232 234 234 233 232 231 232 233 233 231 231 232 233 235 234 233 232 232 232 233 233 234 234 234 234 234 234 234 234 234 233 232 231 231 232 233 234 232 232 231 231 231 231 232 232 231 231 231 231 230 230 230 230 230 230 230 230 230 230 230 230 230 228 226 226 228 229 229 228 227 226 226 225 225 226 226 227 216 226 221 168 90 41 25 15 27 25 21 18 21 24 22 19 15 15 15 14 14 14 14 14 16 14 15 19 18 14 12 14 14 14 14 14 14 14 14 15 12 13 15 17 18 17 17 16 13 14 13 9 7 9 9 7 6 5 4 3 3 4 6 7 6 6 6 7 8 9 9 9 8 6 5 4 5 5 3 2 4 5 7 6 4 4 5 6 4 5 5 4 2 2 4 6 1 1 3 4 4 4 4 4 5 5 5 5 5 6 7 8 7 6 6 5 5 4 4 3 7 7 6 5 5 4 3 3 3 3 4 4 5 5 6 6 2 3 5 7 7 7 6 5 3 8 3 2 10 9 3 7 7 6 6 6 7 8 9 10 11 13 12 11 13 16 15 12 11 14 17 17 13 12 13 13 13 14 14 14 13 16 20 26 19 18 20 28 33 38 45 53 52 57 64 69 67 66 67 68 70 62 58 66 73 74 71 66 65 64 69 77 77 71 72 81 89 111 131 145 163 190 213 222 221 222 227 229 232 234 237 237 241 238 237 235 235 236 237 236 243 247 248 244 242 244 245 243 248 250 251 250 248 247 248 249 242 245 250 255
233 233 233 232 232 231 231 231 231 235 235 232 232 235 234 231 234 233 232 230 230 230 231 232 232 232 232 233 233 233 234 234 232 233 233 233 233 233 234 234 232 233 233 232 231 230 232 233 233 232 231 230 230 230 230 231 230 230 231 231 231 231 232 232 232 231 232 233 235 235 235 232 235 235 237 237 237 237 237 237 233 233 235 235 235 235 233 233 233 234 236 236 236 234 232 230 235 235 235 235 235 235 235 235 233 233 234 234 234 234 235 235 237 238 238 238 237 236 234 233 234 235 235 236 236 235 235 234 232 233 234 235 234 233 231 230 234 234 234 235 235 236 236 236 238 235 231 230 231 232 232 232 233 233 233 233 233 233 233 233 235 234 232 233 235 235 234 233 231 232 233 233 231 231 232 233 235 234 233 232 232 232 232 233 236 236 235 234 234 233 232 232 232 232 232 232 232 232 232 232 232 232 231 230 230 231 232 232 233 232 232 232 231 231 230 230 231 231 231 231 231 231 231 231 231 228 226 226 228 230 229 227 227 227 227 226 224 223 221 220 205 184 149 97 45 27 27 21 26 29 25 22 24 21 19 25 14 14 14 15 15 15 15 15 15 13 15 18 18 13 11 13 15 15 15 15 15 15 15 15 15 17 19 20 20 19 18 17 12 15 13 7 6 9 9 6 8 7 5 4 4 5 6 8 6 6 6 6 7 7 7 7 7 8 9 7 5 4 4 5 5 7 8 7 6 5 6 8 4 5 5 4 2 2 4 6 1 2 3 4 5 4 3 3 6 5 5 5 5 6 7 8 5 5 5 4 4 4 4 4 7 7 6 5 5 4 3 3 2 3 3 3 4 4 4 5 2 3 5 6 6 5 4 3 3 8 4 3 11 9 3 7 7 7 6 6 6 6 7 8 7 10 10 7 10 15 15 10 9 14 17 17 13 11 12 13 12 13 16 15 13 16 23 30 28 27 30 37 39 44 52 58 55 59 62 65 62 61 65 69 73 63 57 65 76 77 75 72 75 68 69 80 84 84 92 105 118 145 170 175 177 192 212 222 223 223 226 228 231 233 236 236 240 240 242 240 236 234 235 235 236 242 245 242 241 243 243 241 248 251 255 255 255 253 252 251 244 244 246 247
233 233 233 232 232 231 231 231 229 233 235 233 233 235 234 230 235 234 232 231 230 231 232 232 232 232 232 233 233 234 234 234 230 231 231 232 232 233 233 234 233 235 235 232 228 228 231 234 233 233 231 230 230 230 230 230 229 230 230 231 231 232 232 233 232 231 232 234 235 235 235 232 233 235 238 239 238 236 233 231 232 233 235 236 236 235 233 232 231 233 235 237 237 235 233 231 234 234 234 234 234 234 234 234 232 233 233 234 234 235 235 236 236 236 237 237 236 234 232 231 234 235 235 236 236 235 235 234 232 233 234 235 234 233 231 230 234 234 234 235 235 236 236 236 238 235 231 229 230 231 231 230 233 233 233 233 233 233 233 233 234 233 232 232 234 234 233 232 231 232 233 233 231 231 232 233 235 235 233 232 232 232 232 232 237 237 236 235 233 232 231 231 231 232 233 233 233 232 231 231 233 232 230 229 229 230 232 233 234 233 233 232 232 231 231 231 232 232 232 232 232 232 232 232 231 228 225 226 229 230 229 227 228 228 228 226 223 220 216 214 192 118 56 35 28 22 17 10 20 26 25 24 23 13 10 22 13 14 14 15 15 16 16 17 14 12 14 18 18 13 10 12 14 14 14 14 14 14 14 13 17 18 20 21 20 18 16 14 11 14 12 6 4 9 9 5 10 8 6 5 5 6 8 9 7 7 6 6 6 5 5 5 8 10 12 10 6 4 6 8 6 7 9 8 6 6 7 8 4 5 5 4 2 2 4 6 2 3 4 5 5 4 2 1 6 6 5 5 5 6 7 7 3 3 4 4 4 4 4 4 7 7 6 5 5 4 3 3 3 3 3 3 3 3 3 3 2 3 4 5 4 3 2 1 3 8 4 3 11 9 3 7 7 7 6 5 5 5 6 6 7 10 9 5 6 11 10 4 8 13 17 17 12 10 11 11 20 20 23 22 21 23 31 38 43 39 42 47 51 52 62 68 65 65 69 66 63 63 67 73 74 63 57 66 79 85 83 80 90 80 80 91 103 108 124 140 161 183 202 203 205 214 223 222 227 224 226 227 229 231 234 234 234 237 243 242 238 235 237 239 239 245 249 248 247 249 249 246 239 244 251 254 253 250 246 245 253 251 249 247
231 231 231 232 232 233 233 233 235 236 236 236 237 237 237 238 235 234 232 231 230 231 232 233 231 231 232 232 232 233 233 233 228 228 229 230 232 233 234 234 231 232 232 233 233 232 232 231 230 229 229 229 229 229 228 228 232 231 229 230 232 232 231 230 225 228 230 227 228 233 236 234 229 229 233 236 239 241 239 238 230 232 233 235 235 234 233 232 232 232 232 234 237 237 235 233 232 236 236 232 231 234 236 235 229 230 230 231 232 233 234 234 231 232 234 236 237 237 237 236 236 236 236 236 236 236 236 236 233 232 232 233 234 237 239 241 232 233 233 234 234 235 235 236 234 233 233 232 232 233 233 234 232 233 233 233 233 233 233 234 231 230 229 230 232 233 232 231 235 235 235 234 234 234 233 233 234 233 232 231 232 233 234 235 233 233 233 233 233 233 233 233 227 233 238 236 229 226 228 232 231 231 231 231 231 231 231 231 232 232 233 234 233 232 231 229 231 230 229 229 229 230 231 231 227 227 229 230 230 230 230 230 233 212 208 230 219 202 210 196 118 60 25 30 30 19 15 16 19 22 23 21 17 15 16 19 16 19 19 15 13 17 19 19 13 13 14 16 17 16 13 10 12 17 19 16 16 20 19 14 8 11 16 20 22 22 20 19 15 13 11 9 8 9 11 12 2 4 6 8 9 10 9 9 4 4 6 7 7 7 7 6 3 4 5 6 6 6 5 5 2 4 6 6 4 3 3 4 4 2 0 1 4 6 8 8 0 1 3 5 6 7 6 6 5 13 14 7 7 13 12 3 7 10 9 6 6 8 8 5 3 3 3 3 4 5 6 7 3 4 4 5 5 6 7 7 5 5 5 5 6 7 8 9 9 6 4 5 7 8 6 3 7 11 13 10 5 3 7 11 12 11 11 10 10 9 9 8 6 8 11 13 14 15 17 15 16 26 41 48 46 44 50 56 51 50 56 64 65 61 66 70 78 71 67 65 66 67 69 70 68 71 72 75 85 101 111 113 118 118 122 127 139 156 175 188 200 210 221 227 226 223 222 218 213 219 231 233 229 225 229 232 232 233 238 245 250 249 244 236 238 246 252 251 252 254 251 244 243 248 253 254 251 248 247 248 252 252 252 252
230 230 230 231 231 232 232 232 229 229 230 230 230 231 231 231 234 233 232 231 231 231 231 232 229 229 229 230 230 230 231 231 229 229 230 231 231 232 233 233 231 232 232 233 233 232 232 231 229 229 229 229 229 229 229 230 231 230 229 229 231 232 231 229 228 230 231 228 228 232 234 232 231 231 233 235 237 237 236 233 231 231 232 233 234 234 234 234 232 232 232 234 236 236 234 231 232 236 236 232 231 234 236 235 230 231 231 232 233 234 235 235 232 233 235 236 237 237 236 235 236 236 236 236 236 236 236 236 233 233 233 233 234 236 238 239 233 233 234 234 234 234 235 235 234 233 233 232 232 233 233 234 233 233 233 233 233 233 233 233 232 230 230 231 233 234 233 231 234 234 234 234 233 233 232 232 235 234 233 232 232 232 233 234 232 232 232 232 232 232 232 232 228 232 235 234 230 228 230 232 231 231 231 231 231 231 231 231 230 231 232 232 232 231 229 228 230 230 230 230 230 230 230 230 228 228 228 228 228 228 227 227 230 229 222 222 215 214 200 141 71 32 14 22 23 19 20 22 19 20 21 19 17 16 17 18 15 19 19 15 14 17 19 17 13 13 14 15 17 16 13 11 7 11 13 10 11 14 13 9 8 11 14 17 19 19 18 17 12 11 10 9 8 9 9 10 2 3 4 6 7 6 6 5 6 6 6 6 6 6 6 6 5 5 6 6 6 6 5 4 2 4 6 6 4 3 4 4 2 0 0 0 1 3 4 4 0 1 3 4 5 5 4 4 0 8 9 3 3 9 8 1 2 5 5 1 1 4 3 0 1 1 0 0 0 1 2 2 5 5 5 4 3 3 3 2 6 5 5 4 4 4 5 5 9 6 4 5 7 7 5 3 0 3 6 5 3 3 7 11 11 11 10 10 10 10 9 9 8 9 10 10 10 12 17 16 14 24 41 50 51 49 55 61 60 58 61 67 68 64 65 68 74 72 72 73 73 73 71 70 72 77 81 87 101 120 137 142 145 147 153 159 170 184 200 211 208 215 224 228 230 227 226 222 216 220 229 231 229 227 229 230 233 235 240 245 248 247 244 239 236 240 241 239 241 245 244 238 240 243 247 248 247 247 248 251 251 250 249 248
229 229 230 230 230 231 231 231 230 231 231 231 232 232 232 232 232 232 232 232 232 231 230 230 229 229 229 230 230 230 231 231 233 233 233 233 233 233 233 233 233 234 234 235 235 234 234 231 228 228 228 229 230 230 231 231 231 230 229 229 231 232 231 229 230 232 232 228 228 231 233 231 234 233 234 234 235 235 232 230 231 231 231 232 233 234 235 236 234 233 233 233 235 235 233 231 232 236 237 233 231 234 235 234 232 232 233 234 234 235 235 236 234 234 235 236 236 236 235 234 236 236 236 236 236 236 236 236 234 234 234 233 234 235 236 237 235 235 234 234 234 234 233 233 234 233 233 232 232 233 233 234 235 234 234 233 233 232 232 231 233 231 230 231 233 234 234 232 233 233 233 232 232 232 231 231 236 235 234 232 232 232 232 232 231 231 231 231 231 231 231 231 231 231 231 230 230 231 232 233 231 231 231 231 231 231 231 231 230 230 230 230 230 229 228 227 228 229 230 231 231 230 229 228 230 229 228 226 225 225 225 225 213 222 221 222 214 209 179 102 42 25 21 25 20 19 21 19 19 18 17 17 18 18 17 16 13 18 20 17 15 17 17 15 13 13 13 15 17 16 14 11 8 11 12 11 11 14 13 10 10 11 13 14 15 15 15 14 9 9 10 10 9 8 8 7 4 4 5 6 6 5 5 4 8 7 6 6 6 6 6 7 7 7 7 7 6 5 4 3 2 4 6 6 4 3 4 5 8 5 3 2 4 6 6 6 1 2 3 3 3 3 2 2 0 4 5 1 1 7 7 1 4 7 6 3 2 5 5 2 5 5 4 3 3 3 4 4 3 3 3 3 3 3 2 2 7 6 5 3 3 2 2 2 8 6 5 5 6 6 5 3 0 3 6 7 6 6 10 13 9 9 10 10 10 10 11 11 11 11 9 8 7 10 16 16 16 26 45 55 56 56 61 65 66 63 64 67 69 67 65 64 66 69 70 73 74 73 70 69 77 85 96 106 125 149 169 176 180 182 186 190 198 205 216 224 218 220 225 231 233 233 232 227 221 221 226 229 229 229 229 228 234 237 244 246 245 243 244 243 243 242 238 236 238 243 243 240 244 245 246 245 245 246 249 252 249 249 248 247
231 231 231 231 231 231 231 231 233 233 233 234 234 235 235 235 231 231 233 233 233 231 230 228 231 231 232 232 232 233 233 233 234 234 234 233 233 232 232 232 233 234 234 235 235 234 234 231 229 228 228 229 230 231 232 232 233 231 230 231 232 233 232 230 229 232 232 228 228 232 234 232 235 233 234 234 235 235 233 231 232 231 231 231 232 234 236 238 237 235 234 234 235 235 233 231 233 237 237 233 231 233 235 234 234 234 234 235 235 236 236 236 235 235 235 235 235 235 234 234 237 237 236 236 236 236 235 235 235 235 234 234 234 234 234 234 236 235 235 234 234 233 233 232 234 233 233 232 232 233 233 234 236 235 234 234 232 232 231 230 233 232 231 232 234 235 234 233 232 232 232 231 231 230 230 230 236 235 234 233 232 231 231 231 231 231 231 231 231 231 231 231 233 230 227 228 231 233 234 232 231 231 231 231 231 231 231 231 230 230 230 230 230 229 229 228 227 229 231 232 232 230 228 226 229 228 227 225 225 225 225 226 227 222 223 224 182 128 92 43 33 28 29 28 20 21 22 13 19 16 14 15 19 20 18 15 13 18 20 17 16 17 16 13 14 13 13 14 16 16 14 12 10 12 12 12 12 13 13 12 14 13 13 13 13 13 13 14 8 9 11 12 11 10 8 6 8 8 8 8 7 7 6 5 7 6 5 5 6 7 8 9 9 9 9 8 6 5 3 2 3 5 7 6 5 4 4 5 11 8 6 5 6 7 7 6 3 3 3 2 2 1 1 0 0 4 5 2 3 8 9 5 6 8 8 5 4 7 7 4 8 7 6 5 4 4 5 5 0 0 1 3 4 5 7 7 6 6 5 4 3 3 4 4 7 6 5 5 5 5 4 4 4 6 8 9 7 7 8 10 8 9 9 10 10 11 11 12 12 12 12 10 10 12 16 15 21 31 51 61 62 60 62 66 70 68 67 72 77 78 73 70 71 73 75 74 77 79 81 83 91 105 119 136 156 179 199 206 207 209 212 213 215 217 220 223 227 227 226 231 235 236 234 231 227 223 224 226 229 230 230 227 234 239 246 246 242 240 244 247 250 246 241 239 242 245 245 242 253 252 251 250 249 248 249 250 249 249 249 250
233 233 233 233 233 233 233 233 229 229 229 230 230 231 231 231 230 231 232 233 232 231 229 228 231 231 232 232 232 233 233 233 235 235 234 233 233 232 231 231 233 234 234 235 235 234 234 231 230 228 229 230 231 232 232 233 234 233 231 232 234 234 233 232 227 230 231 228 229 234 237 235 234 233 234 234 236 237 237 236 232 232 231 231 232 234 236 237 239 237 235 235 236 236 235 233 233 237 237 233 231 233 234 233 235 235 235 235 235 236 236 236 236 236 235 235 235 235 235 235 237 237 237 236 236 235 235 235 234 234 234 234 234 233 233 233 236 235 235 234 234 233 233 232 234 233 233 232 232 233 233 234 236 235 234 234 232 232 231 230 233 232 231 232 234 235 234 233 232 232 231 231 230 230 230 230 235 235 235 234 233 232 231 230 233 233 233 233 233 233 233 233 234 230 226 227 231 234 234 232 231 231 231 231 231 231 231 231 232 231 231 230 230 230 230 230 228 229 231 232 231 229 227 225 228 227 226 226 225 225 225 225 226 219 217 204 127 48 27 11 22 20 23 20 17 25 27 14 19 16 14 15 19 20 18 15 13 18 20 17 15 16 15 12 15 14 13 14 15 16 14 12 9 8 8 9 10 10 10 11 17 16 15 14 13 13 14 15 9 10 12 14 13 11 9 7 9 9 8 7 6 6 6 6 4 4 5 6 7 9 11 12 9 9 9 8 6 4 2 1 3 5 7 7 5 4 5 6 8 5 2 1 2 3 3 2 4 4 3 2 1 1 0 0 2 4 5 4 5 8 9 7 3 6 6 3 2 5 5 1 5 4 3 2 1 1 1 2 1 2 3 4 5 7 7 8 5 5 5 5 5 6 7 8 5 6 6 5 4 4 4 4 1 3 5 6 5 5 5 6 8 9 9 10 10 11 11 12 12 13 15 15 15 15 17 14 21 32 53 64 65 63 65 69 72 73 76 80 84 85 81 76 87 86 84 80 84 91 102 112 118 134 152 169 186 205 220 224 226 228 229 228 227 225 226 227 232 229 227 228 232 234 233 231 230 226 224 225 228 230 230 227 233 239 246 245 241 239 244 248 247 243 240 241 243 242 241 239 253 253 253 253 253 252 251 250 252 252 253 253
235 235 234 234 234 233 233 233 228 229 229 229 230 230 230 230 231 231 231 231 231 230 229 229 229 229 229 230 230 230 231 231 234 234 234 233 233 232 232 232 233 234 234 235 235 234 234 231 231 229 230 230 231 232 232 232 234 232 231 232 233 234 233 232 227 230 231 229 230 235 238 236 234 232 233 234 237 239 239 238 233 233 232 232 232 233 234 235 238 236 234 234 235 236 236 235 234 238 238 233 231 233 234 233 235 235 235 235 235 235 235 235 236 235 234 234 234 235 236 236 238 238 237 236 236 235 234 234 233 233 234 234 234 234 233 232 235 235 234 234 234 234 233 233 234 233 233 232 232 233 233 234 235 234 234 233 233 232 232 231 233 231 230 231 233 234 234 232 232 232 232 231 231 230 230 230 234 234 234 234 234 232 231 230 233 233 233 233 233 233 233 233 233 230 228 229 232 234 232 230 231 231 231 231 231 231 231 231 233 232 231 230 230 230 230 230 229 229 230 230 230 228 226 225 226 226 226 226 225 223 222 221 214 212 199 164 85 30 31 21 25 21 21 18 15 24 27 15 19 18 17 17 18 18 17 16 14 18 20 16 13 15 15 13 15 14 13 13 15 15 14 13 13 10 10 12 12 11 12 15 18 17 16 15 15 15 15 15 10 11 13 14 13 12 9 8 7 6 5 4 4 4 4 4 3 4 6 8 9 10 10 10 8 8 7 6 5 3 2 1 4 6 7 7 6 5 5 6 8 6 3 2 3 4 4 3 5 4 3 2 1 1 2 2 3 3 3 3 3 5 6 6 5 8 8 5 4 7 6 3 6 5 4 4 3 3 4 4 7 7 6 6 5 4 3 3 5 5 5 5 6 7 8 9 4 6 6 5 3 2 3 5 0 2 5 8 9 10 10 10 9 9 10 10 10 10 11 11 11 13 16 17 17 17 19 16 17 29 51 64 67 68 71 77 72 78 84 88 89 89 83 76 91 89 88 83 88 100 116 130 144 159 177 189 202 214 223 227 230 231 232 231 230 229 231 233 235 233 229 229 230 232 233 233 233 228 225 224 226 228 229 228 231 236 244 244 241 240 244 248 245 243 243 246 245 241 240 242 246 246 247 250 253 255 253 252 255 254 254 254
234 234 234 233 233 232 232 232 232 232 232 232 233 233 233 234 232 231 230 230 229 229 230 230 229 229 229 230 230 230 231 231 234 233 233 233 233 233 233 232 233 234 234 235 235 234 234 231 232 231 231 231 231 231 231 231 232 231 229 230 232 232 231 230 229 231 232 229 230 234 237 235 234 232 232 233 235 237 238 238 233 233 234 234 234 233 232 231 236 234 231 232 233 235 235 235 234 238 238 233 230 232 234 232 235 235 235 234 234 234 234 234 235 234 233 233 234 235 237 238 238 238 237 236 236 235 234 234 231 232 233 234 235 234 233 232 233 233 234 234 234 234 235 235 234 233 233 232 232 233 233 234 233 233 233 233 233 233 233 233 232 230 230 231 233 234 233 231 233 232 232 232 231 231 231 231 232 233 234 234 234 233 232 231 232 232 232 232 232 232 232 232 232 231 231 231 232 232 230 229 231 231 231 231 231 231 231 231 232 231 229 228 228 228 229 230 230 230 229 229 228 227 226 226 225 226 226 226 223 218 214 211 211 187 147 106 51 25 33 13 30 25 26 23 16 19 24 17 19 20 21 19 17 16 17 18 15 19 19 14 12 14 15 13 16 14 12 13 14 15 14 13 16 12 11 14 15 12 13 18 16 16 16 16 16 15 15 15 10 11 11 12 12 10 9 8 7 6 5 4 3 4 5 6 4 6 9 11 11 10 7 6 5 6 5 5 4 2 1 0 4 6 8 7 6 5 5 6 9 6 4 3 5 6 6 5 5 5 3 2 2 3 4 4 5 4 3 3 3 3 4 6 7 10 9 6 6 8 8 5 7 7 6 6 6 7 8 8 8 7 6 5 3 2 1 0 6 5 5 4 5 5 6 7 3 5 7 5 3 1 3 5 5 7 9 12 14 14 13 11 11 11 10 10 10 10 9 9 11 13 14 15 15 17 20 19 19 32 52 65 68 70 75 80 79 91 99 103 105 105 98 91 104 105 108 106 112 123 139 152 171 183 196 204 210 219 227 231 232 232 231 229 229 229 234 237 234 234 232 231 230 231 231 234 234 230 227 224 224 225 229 229 228 233 240 243 242 241 244 246 247 246 249 251 247 242 244 251 245 244 243 245 250 254 254 254 253 253 253 252
233 233 233 232 232 231 231 231 231 231 231 232 232 233 233 233 233 232 230 228 228 229 230 231 231 231 232 232 232 233 233 233 233 233 233 233 233 233 233 233 233 234 234 235 235 234 234 231 232 232 231 231 231 231 231 230 230 229 227 228 230 230 229 228 231 234 234 230 230 233 235 233 234 232 231 231 233 235 236 235 233 234 235 235 234 233 231 229 233 231 229 229 231 233 234 234 235 238 238 233 230 232 233 232 234 234 234 234 234 234 234 234 232 231 231 231 234 236 238 239 238 238 237 236 236 235 234 234 230 231 233 234 235 234 233 233 232 233 233 234 234 235 235 236 234 233 233 232 232 233 233 234 232 233 233 233 233 233 233 234 231 230 229 230 232 233 232 231 233 233 233 232 232 232 231 231 231 232 233 234 235 234 233 232 231 231 231 231 231 231 231 231 231 232 233 233 232 230 229 228 231 231 231 231 231 231 231 231 231 229 230 227 228 227 230 228 233 230 231 228 229 226 228 226 225 226 227 225 221 214 208 204 170 117 63 44 25 21 34 17 22 19 25 23 16 16 24 24 19 22 23 21 17 15 16 19 16 20 19 13 10 13 15 14 16 14 12 12 14 15 15 14 13 7 6 10 11 8 9 15 14 15 16 16 16 15 15 14 9 10 10 10 9 9 8 7 9 8 6 6 6 7 8 9 6 8 11 13 12 8 4 2 4 4 4 4 3 2 1 0 4 6 8 8 6 5 5 6 4 2 0 0 1 2 3 2 6 5 3 3 3 4 5 6 8 6 4 4 4 3 5 7 2 5 5 1 1 4 3 0 3 3 3 3 3 4 6 6 4 4 4 3 3 2 2 2 7 6 5 4 3 3 3 3 3 5 7 6 2 1 3 5 8 8 9 10 11 9 6 3 12 11 11 10 10 9 9 8 12 12 12 11 12 15 21 22 25 38 56 66 67 68 74 79 91 106 124 129 131 133 129 123 133 139 145 149 153 163 176 188 196 207 216 216 218 227 236 239 239 238 235 231 228 230 236 238 233 236 235 233 230 230 232 235 235 234 229 224 222 223 228 231 226 230 238 242 243 243 242 242 246 246 248 249 244 238 244 255 252 247 243 243 247 252 254 254 249 249 250 251
233 232 230 229 229 230 232 233 229 230 230 231 231 232 232 233 232 232 232 232 232 232 232 232 229 230 231 233 233 232 231 230 229 230 231 232 233 234 234 234 236 235 233 232 232 233 235 236 230 230 230 231 231 232 232 232 231 230 230 230 231 233 235 236 233 233 234 233 233 233 234 234 234 235 238 238 238 238 237 236 232 235 238 238 237 236 234 235 236 232 227 228 231 235 236 235 230 230 230 231 231 232 232 232 231 231 231 232 232 233 233 233 228 229 231 233 235 234 233 233 230 233 236 234 235 239 240 237 235 235 235 234 234 233 233 233 232 232 232 233 233 234 234 234 229 230 231 231 232 232 231 231 231 232 232 233 233 234 234 235 230 230 230 230 230 230 230 230 230 230 230 231 231 232 232 232 232 232 232 231 231 230 230 230 229 229 229 229 229 229 229 229 229 229 229 230 231 232 234 235 230 230 230 230 230 230 230 230 232 231 231 227 230 229 234 233 230 229 233 232 232 229 231 230 218 216 224 228 220 211 196 175 89 49 24 24 26 28 26 21 21 26 28 24 24 24 23 19 20 20 18 18 18 18 19 19 13 13 15 16 15 15 13 12 11 10 9 8 8 9 10 12 8 9 10 9 8 8 10 13 10 8 7 7 10 12 13 12 7 7 8 9 9 10 11 11 5 8 11 10 7 4 4 6 7 5 7 12 12 8 6 7 3 3 4 5 5 6 6 6 0 3 8 8 5 4 6 9 9 4 3 7 7 3 4 9 2 2 3 4 5 5 5 5 1 4 6 6 4 3 6 8 2 4 7 7 5 3 2 3 5 5 5 5 5 5 5 5 3 3 3 4 5 6 7 8 6 5 4 5 7 8 7 6 0 2 7 9 8 6 5 5 7 8 9 9 7 6 8 9 11 16 17 15 15 16 14 9 11 8 9 12 14 15 21 27 23 40 59 67 64 67 81 98 108 130 156 174 184 185 177 167 173 181 192 198 200 202 207 212 221 221 223 222 225 228 235 239 235 234 232 230 228 229 233 234 231 233 235 234 232 230 230 230 230 234 236 236 233 231 230 231 226 229 236 242 246 248 248 249 241 246 249 246 244 246 249 248 245 243 241 240 242 247 253 255 248 250 253 255
233 232 230 229 229 230 232 233 230 230 231 231 231 231 232 232 231 231 231 231 231 231 231 231 229 230 231 232 232 232 231 230 230 230 232 233 234 234 234 234 235 234 233 233 233 233 234 235 230 230 230 231 231 232 232 232 228 229 232 234 234 234 233 232 233 232 233 233 232 232 234 233 234 234 236 236 236 236 236 236 233 235 237 237 236 235 234 235 236 233 228 228 231 234 234 234 230 230 230 231 231 232 232 232 231 231 231 232 232 232 233 233 230 230 232 232 233 232 234 234 231 235 237 234 235 238 238 236 235 235 235 234 234 233 233 233 232 232 232 233 233 234 234 234 233 233 234 235 235 235 235 235 232 232 233 233 233 233 233 234 231 231 231 231 231 231 231 231 230 230 230 231 231 232 232 232 232 232 232 231 231 230 230 230 229 229 229 229 229 229 229 229 230 230 229 230 230 232 233 234 230 230 230 230 230 231 231 231 232 233 231 230 230 231 232 233 227 228 228 228 227 226 226 225 231 221 222 223 211 190 157 123 64 34 20 24 25 25 24 20 24 29 29 27 27 30 28 26 19 19 17 18 17 17 16 16 11 13 15 16 16 15 14 12 18 17 16 16 16 16 16 17 12 14 15 15 14 13 15 17 14 12 9 8 10 13 14 14 9 9 10 10 10 11 11 11 7 10 13 12 10 8 8 9 10 8 10 14 13 8 5 7 5 5 5 5 6 6 6 6 0 3 8 8 5 4 6 9 9 4 4 7 7 4 4 9 3 3 4 5 5 5 4 4 1 4 6 5 3 3 5 7 4 6 8 7 5 4 3 4 4 4 4 4 4 4 4 4 7 6 6 7 8 9 10 11 5 4 3 4 6 7 6 5 0 3 6 8 7 6 6 6 7 9 10 9 8 7 8 10 8 13 14 13 13 15 13 9 11 9 10 14 16 16 21 26 29 42 61 67 63 67 84 101 125 150 181 198 209 210 202 195 197 203 210 213 213 215 220 225 228 229 228 228 228 231 236 240 232 232 230 227 225 226 230 233 233 234 234 233 232 232 234 236 236 234 234 235 237 236 233 229 230 232 235 239 243 246 248 249 242 248 250 246 244 247 249 248 247 247 247 247 248 249 251 252 250 251 252 253
233 232 230 229 229 230 232 233 232 232 231 231 231 231 230 230 231 231 231 231 231 231 231 231 230 231 231 232 232 231 230 230 230 230 232 233 234 234 234 233 234 234 233 233 233 233 234 234 230 230 231 231 231 231 232 232 225 228 233 237 237 235 232 229 232 231 232 232 231 231 233 232 235 234 234 234 234 234 236 237 233 234 235 234 233 233 233 235 235 233 229 229 231 234 234 233 231 231 231 231 232 232 232 232 231 231 231 231 232 232 232 233 232 231 232 231 231 231 234 234 232 235 237 234 235 238 238 235 235 235 235 234 234 233 233 233 232 232 233 233 233 233 234 234 233 234 235 236 236 236 236 236 233 233 233 233 232 232 232 232 231 231 231 231 231 231 231 231 230 230 231 231 231 231 232 232 232 232 232 231 231 230 230 230 229 229 229 229 229 229 229 229 231 231 230 230 230 230 231 232 231 231 231 231 231 231 231 231 231 231 230 229 229 228 228 228 230 229 229 229 229 229 229 229 222 217 223 221 193 150 100 56 38 21 20 29 27 25 25 22 27 31 30 27 27 30 28 25 19 19 18 18 17 16 14 13 9 11 15 17 18 16 14 12 16 16 16 16 15 14 13 13 11 13 15 15 14 13 14 15 19 16 12 11 12 14 14 14 12 12 11 11 11 10 10 10 3 5 7 8 6 6 6 7 12 10 11 15 14 8 5 6 7 7 7 7 6 6 6 6 0 3 7 8 5 4 5 7 8 5 4 6 6 4 5 8 4 4 5 5 5 4 3 3 2 4 5 5 4 3 5 6 5 7 8 8 6 4 4 5 3 3 3 3 3 3 3 3 4 4 4 4 5 6 7 8 5 3 2 3 5 6 5 4 2 4 6 6 5 5 7 8 8 10 11 10 9 8 9 11 5 9 11 10 11 13 12 9 11 10 12 17 18 18 21 26 32 42 59 65 63 69 88 105 134 162 195 212 221 221 217 213 218 220 223 222 221 223 228 232 231 232 232 231 231 233 238 241 234 233 232 229 227 228 231 233 236 236 235 233 232 233 236 239 239 234 231 234 240 241 235 229 233 233 234 235 238 242 245 247 244 248 250 246 245 248 249 248 250 251 252 253 252 251 249 248 250 251 251 251
232 231 231 230 230 231 231 232 233 232 232 231 231 230 230 229 230 230 230 230 230 230 230 230 231 231 232 231 231 231 230 230 229 229 230 231 232 232 232 231 234 233 233 233 233 233 233 234 231 231 231 231 231 231 231 231 226 229 233 236 237 235 231 229 231 231 231 231 231 230 232 232 235 233 233 232 232 233 235 237 233 234 234 233 232 232 233 236 234 233 230 230 231 233 233 233 231 232 232 232 232 232 232 232 230 230 231 231 231 232 232 232 232 231 230 229 229 229 233 233 231 234 237 234 235 238 239 236 235 235 235 234 234 233 233 233 233 233 233 233 233 233 233 233 231 231 232 233 234 233 233 233 234 234 233 233 232 231 231 231 232 232 232 232 232 232 232 232 231 231 231 231 231 231 231 231 232 232 232 231 231 230 230 230 229 229 229 229 229 229 229 229 232 232 231 230 229 229 229 230 232 232 232 231 231 231 231 231 230 230 230 230 229 227 226 225 233 231 229 228 227 224 221 219 217 206 197 175 128 81 45 18 27 20 27 35 29 26 28 27 27 31 30 28 28 29 24 19 21 22 20 20 18 16 13 11 8 11 14 17 18 17 14 12 11 12 13 13 12 10 9 7 11 13 16 16 15 14 14 15 19 17 15 15 15 15 13 11 12 12 11 10 9 9 8 8 2 3 4 4 4 5 5 6 10 8 10 14 13 8 6 7 9 9 8 7 7 6 6 6 1 4 7 8 6 4 4 6 6 5 4 5 5 4 5 6 5 5 5 5 4 3 2 2 5 5 6 6 5 5 6 6 4 6 7 6 4 3 4 5 3 3 3 3 3 3 3 3 3 3 2 2 3 4 5 6 6 5 4 4 6 7 6 4 4 5 5 5 4 5 8 10 9 10 12 11 9 9 10 11 3 8 9 8 10 13 13 10 12 11 14 19 20 19 22 25 33 41 55 61 60 68 89 106 135 165 201 217 223 224 223 222 226 227 228 228 226 227 230 233 232 233 233 232 232 233 237 240 236 236 235 233 230 230 232 235 236 237 237 235 233 233 234 236 237 234 233 235 239 240 236 232 232 232 233 234 236 239 241 242 243 247 248 245 245 248 249 246 251 251 251 251 251 250 249 248 250 250 250 250
231 231 231 231 231 231 231 231 233 232 232 231 231 230 230 229 230 230 230 230 230 230 230 230 233 232 232 231 230 230 230 230 227 228 229 230 230 230 229 229 232 233 233 233 233 233 233 232 231 231 231 231 231 231 231 231 230 231 232 233 233 233 232 232 231 231 231 231 231 230 232 232 234 233 233 231 231 233 235 236 233 234 234 233 232 232 233 236 233 234 232 232 231 232 232 233 233 232 232 232 232 232 232 232 230 230 230 231 231 231 232 232 230 229 229 227 227 228 232 233 229 232 235 234 235 240 241 238 235 235 235 234 234 233 233 233 233 233 233 233 233 233 233 233 229 230 231 232 232 232 232 231 233 233 233 232 231 231 230 230 232 232 232 232 232 232 232 232 231 231 231 231 231 231 231 231 232 232 232 231 231 230 230 230 229 229 229 229 229 229 229 229 232 232 230 229 229 228 229 229 232 232 232 231 231 230 230 230 229 229 229 229 228 226 225 224 227 226 225 225 224 220 212 207 217 174 126 83 42 22 20 17 29 25 32 37 28 25 29 28 27 32 34 34 37 38 31 23 26 26 23 22 19 16 13 11 10 12 15 17 17 16 14 12 13 13 14 15 14 13 11 10 15 17 19 19 18 18 19 20 17 17 18 19 18 16 10 6 11 11 10 9 8 6 6 5 7 6 6 7 8 9 9 9 6 5 7 12 13 9 7 9 9 9 8 7 7 6 6 6 3 5 7 7 6 4 4 4 5 6 5 4 4 5 6 5 5 5 5 5 4 3 2 2 8 7 7 7 7 7 7 6 3 4 5 4 2 1 2 4 5 5 5 5 5 5 5 5 7 6 6 6 6 7 8 8 8 7 6 6 8 8 7 5 5 6 6 5 4 5 9 12 9 10 12 11 9 9 10 11 4 8 10 9 10 14 15 12 13 12 15 20 20 19 22 25 31 39 53 58 56 65 87 106 137 169 204 220 226 227 227 229 225 227 229 230 230 230 230 231 231 232 232 231 230 231 234 236 235 236 235 233 230 230 231 233 235 237 239 239 236 232 230 230 232 234 236 238 238 237 237 237 232 233 236 238 239 240 240 240 242 245 245 243 245 249 249 246 250 249 247 245 245 247 249 251 251 250 250 249
231 231 231 231 231 231 231 231 232 232 231 231 231 231 230 230 231 231 231 231 231 231 231 231 234 233 232 230 230 230 230 230 228 228 229 229 230 229 229 228 232 232 233 233 233 233 232 232 232 232 231 231 231 231 230 230 234 233 231 230 230 231 233 234 232 231 232 232 231 231 233 232 233 233 233 232 232 233 235 235 233 234 235 234 233 233 233 235 233 234 233 233 231 231 231 232 233 233 233 233 232 232 232 232 229 230 230 230 231 231 231 231 228 228 228 228 229 230 233 233 229 233 236 234 235 239 240 238 235 235 235 234 234 233 233 233 234 234 233 233 233 233 232 232 231 232 233 234 234 234 233 233 232 232 232 232 231 231 231 231 231 231 231 231 231 231 231 231 232 232 231 231 231 231 230 230 232 232 232 231 231 230 230 230 229 229 229 229 229 229 229 229 232 231 230 229 228 228 228 229 232 231 231 230 230 229 228 228 229 228 228 227 226 226 225 225 222 224 227 231 232 226 214 205 161 106 55 28 17 22 31 30 32 27 30 31 23 23 27 25 29 34 36 40 45 49 42 34 30 29 25 21 18 15 13 12 13 14 15 15 15 14 13 12 12 13 14 14 14 14 13 13 15 16 16 15 14 15 17 19 18 18 19 20 20 17 11 7 10 9 9 8 7 6 5 5 8 6 5 5 7 8 8 7 4 3 6 11 12 9 8 10 7 7 7 7 6 6 6 6 5 6 7 7 6 5 3 2 4 6 5 2 2 5 6 4 4 4 5 5 5 4 3 3 9 7 6 6 7 8 6 5 3 4 4 2 0 0 1 3 5 5 5 5 5 5 5 5 5 5 4 4 4 5 5 6 10 8 7 7 8 9 7 6 5 6 6 5 5 6 9 11 8 10 11 10 9 8 9 11 6 10 11 9 10 15 16 13 14 13 14 18 19 18 21 25 30 41 56 59 55 61 85 107 139 169 204 220 227 228 229 230 227 228 231 233 234 234 233 233 231 233 233 232 231 231 233 235 233 234 234 231 229 228 228 230 233 237 240 241 238 233 230 228 231 235 239 240 239 238 239 241 235 237 239 242 243 244 244 243 241 244 244 243 246 251 251 247 251 248 244 242 242 246 251 254 251 251 250 248
230 231 231 232 232 231 231 230 230 230 231 231 231 231 232 232 231 231 231 231 231 231 231 231 235 233 232 230 229 229 230 230 230 230 231 231 231 231 230 229 231 232 233 233 233 233 232 231 232 232 232 231 231 230 230 230 234 233 231 230 230 231 233 234 233 232 233 233 232 232 234 233 233 233 235 234 234 235 235 235 233 235 237 237 236 235 234 235 232 234 234 234 231 230 230 232 234 234 234 233 233 232 232 232 229 229 230 230 230 231 231 231 227 227 230 231 232 233 235 235 233 236 238 235 234 237 237 234 235 235 235 234 234 233 233 233 234 234 234 233 233 232 232 232 232 233 234 234 235 235 234 234 230 231 231 231 231 231 232 232 231 231 231 231 231 231 231 231 232 232 232 231 231 230 230 230 232 232 232 231 231 230 230 230 229 229 229 229 229 229 229 229 231 230 229 228 228 228 229 229 231 231 230 229 228 227 227 226 226 225 224 223 223 223 225 225 219 217 216 211 201 180 155 138 73 41 25 28 32 35 37 32 32 24 25 26 22 26 28 22 33 35 34 35 40 46 41 34 33 31 24 19 15 13 11 11 16 16 15 14 13 13 13 13 11 11 10 11 11 13 14 14 12 12 11 10 8 10 14 17 22 21 20 19 19 18 15 12 9 9 9 8 8 7 7 6 9 6 3 3 5 7 6 4 6 5 7 12 13 9 8 9 5 5 5 5 6 6 6 6 6 6 6 7 7 5 2 0 3 6 6 1 1 6 6 3 3 3 4 5 5 5 4 4 8 5 3 4 6 6 4 2 4 5 4 3 1 0 2 4 4 4 4 4 4 4 4 4 3 3 2 1 1 2 2 3 10 8 6 7 8 8 6 5 4 6 7 7 6 6 9 11 7 9 10 9 8 7 8 10 7 10 11 8 9 14 15 13 15 13 13 16 17 16 21 25 31 45 63 65 56 61 87 111 143 171 204 220 229 231 230 230 233 232 231 232 233 235 236 236 235 236 237 236 234 233 235 236 235 236 236 234 231 229 229 231 234 236 239 240 238 236 234 234 236 237 239 241 243 244 243 242 237 237 238 239 241 243 245 246 242 244 244 244 249 255 255 251 253 251 247 244 245 248 252 255 248 249 250 251
230 231 231 232 232 231 231 230 229 230 230 231 231 232 232 233 232 232 232 232 232 232 232 232 235 234 232 230 229 229 230 230 232 232 233 233 233 232 231 231 230 231 233 234 234 233 231 230 232 232 232 231 231 230 230 230 233 232 232 232 232 232 232 232 233 233 234 233 233 233 234 234 232 233 235 236 236 235 235 234 232 235 238 238 237 236 234 235 232 234 235 234 231 230 230 232 234 234 234 233 233 232 232 232 229 229 229 230 230 231 231 231 226 228 232 234 236 236 238 238 236 239 240 235 234 235 234 231 235 235 235 234 234 233 233 233 234 234 234 233 233 232 232 232 231 232 233 234 234 234 233 233 229 230 230 231 231 232 232 233 230 230 230 230 230 230 230 230 232 232 232 231 231 230 230 230 232 232 232 231 231 230 230 230 229 229 229 229 229 229 229 229 230 229 229 228 228 229 229 230 230 230 229 228 227 226 226 225 226 224 223 221 221 223 225 227 215 207 193 171 139 97 54 27 24 15 24 35 26 18 21 24 30 21 21 24 24 30 31 22 36 34 28 25 29 34 31 25 34 31 23 17 13 10 10 10 19 17 15 13 12 12 12 13 13 12 12 12 13 15 17 19 16 15 13 10 9 11 16 20 27 24 20 18 18 19 19 18 10 10 10 9 9 8 8 8 15 11 7 7 9 10 9 7 9 8 10 14 14 9 7 9 3 3 4 5 5 6 6 6 7 7 6 7 7 5 2 0 3 7 6 1 1 6 7 3 2 2 3 4 5 5 5 5 6 4 1 2 4 4 2 0 5 6 5 3 1 1 4 6 3 3 3 3 3 3 3 3 6 6 5 4 4 5 5 6 9 7 5 5 7 7 5 3 4 5 7 8 7 7 8 10 7 8 9 9 7 6 8 9 7 10 10 7 8 12 14 11 16 13 13 15 15 15 21 26 34 50 69 70 59 62 89 115 151 178 209 225 235 238 236 235 238 234 231 229 231 234 236 237 238 239 240 239 237 236 237 239 239 240 240 238 235 233 233 234 234 236 238 239 238 238 240 241 242 238 237 242 248 251 247 242 237 235 234 233 235 239 244 247 243 245 245 246 252 255 255 254 255 254 251 249 248 250 253 255 244 247 251 255
229 230 231 232 232 232 232 231 230 229 229 229 229 230 231 232 229 230 231 232 233 234 234 234 230 231 234 235 235 233 230 228 232 233 234 235 235 233 232 230 234 234 234 235 235 236 236 236 226 228 230 232 233 233 233 232 231 231 231 232 232 233 233 233 230 230 231 231 231 231 233 233 236 232 231 231 234 236 235 234 234 234 234 235 235 236 234 234 234 231 229 232 233 232 232 236 232 233 233 234 234 233 233 232 227 230 231 229 230 234 234 232 223 227 230 229 231 236 238 235 230 230 233 233 234 235 235 235 234 234 234 234 234 234 234 234 232 232 232 232 232 232 232 232 229 232 232 231 234 238 237 232 232 232 232 231 231 230 230 230 230 232 231 229 230 234 233 229 230 230 230 230 230 230 230 230 229 229 229 229 229 229 229 229 230 229 228 228 230 230 229 228 227 227 228 229 229 230 231 231 230 227 224 225 229 231 229 226 228 223 218 216 218 221 223 224 206 192 169 121 61 30 30 33 23 22 21 22 26 30 31 31 21 19 19 21 25 28 29 31 30 30 26 24 25 27 28 30 30 26 19 16 14 13 12 11 10 12 13 13 11 9 10 10 14 15 15 14 13 12 14 16 9 9 9 10 13 17 21 24 21 22 21 18 19 21 18 13 6 6 6 7 8 9 10 11 8 9 9 9 9 9 8 8 11 6 5 9 12 9 7 7 2 0 2 7 8 6 6 10 0 2 6 7 5 3 1 1 4 5 6 6 6 4 2 1 5 5 5 5 5 5 5 5 4 3 1 0 1 3 5 7 2 3 3 4 4 3 3 2 4 4 4 4 4 4 4 4 5 5 6 6 7 7 8 8 2 4 6 4 1 0 2 4 3 5 7 7 7 7 9 11 6 6 6 7 8 9 11 12 6 13 10 8 13 12 10 18 13 16 18 19 19 20 23 23 25 44 65 74 70 63 81 116 145 175 210 226 233 235 236 238 236 235 233 232 233 235 237 239 237 238 238 238 236 236 239 241 232 234 237 239 238 236 232 230 234 235 237 239 240 239 239 238 238 235 234 240 248 252 250 246 238 240 238 235 240 249 250 246 244 241 240 242 247 251 252 252 252 251 253 255 252 248 250 255 248 249 251 253
229 230 231 232 232 232 232 231 231 231 230 230 231 232 232 233 231 231 231 231 231 233 234 235 233 234 236 236 236 234 232 231 233 233 233 233 233 232 231 231 233 233 233 234 234 234 235 235 228 229 231 232 233 233 232 232 231 231 231 232 232 232 233 233 229 230 233 234 234 233 233 232 236 233 233 233 235 237 236 235 235 235 236 236 236 237 235 235 235 231 229 232 233 231 231 235 232 233 233 233 233 233 233 232 228 231 232 230 230 234 235 232 229 232 233 230 230 233 235 232 233 233 235 235 236 236 236 236 234 234 234 234 235 235 235 235 233 233 233 233 233 233 233 233 230 232 232 231 234 238 236 232 232 232 232 231 231 230 230 230 233 235 233 230 231 234 233 228 230 230 230 230 230 230 230 230 230 230 230 230 230 230 230 230 231 229 228 229 230 231 230 228 229 229 229 229 230 230 230 230 228 226 225 226 228 228 226 223 221 226 229 228 226 221 214 207 202 171 132 85 41 26 29 28 35 32 28 26 26 25 24 23 25 23 21 22 24 26 26 27 27 27 26 27 28 31 33 35 29 25 19 16 15 14 13 12 11 13 14 14 12 10 10 11 10 11 12 11 9 9 11 13 9 9 10 11 14 17 20 22 17 19 18 17 18 22 20 15 9 8 7 7 7 7 8 9 9 8 7 6 5 4 5 5 6 2 1 6 8 5 3 3 7 4 4 8 7 3 2 5 0 3 6 6 5 3 3 3 0 0 0 1 2 2 2 2 4 4 4 4 4 4 4 4 5 4 3 3 3 4 6 7 1 1 2 2 2 2 1 1 3 3 3 3 3 3 3 3 1 1 2 2 3 3 3 4 2 4 5 4 2 1 2 4 2 4 5 4 3 3 4 6 4 4 4 5 6 7 8 9 6 13 10 7 12 10 8 16 11 13 15 16 16 17 20 20 23 41 62 71 69 63 83 119 145 174 208 223 230 234 237 240 237 236 234 233 233 234 236 238 235 237 238 237 236 236 237 239 236 236 237 236 236 235 233 233 237 238 239 241 241 241 240 240 238 239 240 243 246 247 248 247 243 243 240 236 240 248 250 246 243 241 241 243 247 250 249 248 242 243 248 252 251 247 247 251 248 249 251 252
229 230 231 232 232 232 232 231 232 232 231 231 232 232 233 234 233 232 231 231 231 232 233 233 235 235 235 235 234 234 233 233 233 233 232 231 231 231 231 231 232 232 232 233 233 233 234 234 230 230 231 232 232 231 231 230 231 231 231 231 232 232 232 233 230 231 234 236 236 234 234 233 236 234 235 235 236 237 237 236 236 236 236 237 237 237 236 236 236 233 230 233 233 230 230 234 233 233 233 233 233 233 233 233 229 232 233 231 231 235 236 233 233 235 234 230 229 232 235 233 234 234 236 236 235 235 235 235 234 234 234 235 235 236 236 237 234 234 234 234 234 234 234 234 230 232 232 231 233 237 236 231 232 232 232 231 231 230 230 230 236 237 235 231 231 234 232 227 230 230 230 230 230 230 230 230 230 230 230 230 230 230 230 230 231 230 229 229 231 231 230 229 231 231 231 230 230 230 229 229 226 227 227 227 227 227 226 225 216 218 216 213 213 208 189 169 140 103 64 36 20 26 34 29 36 34 31 30 30 30 29 27 25 23 22 22 24 26 25 27 26 28 28 30 32 34 33 34 26 23 17 15 15 15 14 13 11 13 14 14 12 10 10 11 13 14 14 13 11 11 13 15 10 11 12 13 15 17 18 19 19 21 20 18 19 22 20 15 13 13 11 10 9 8 8 8 8 7 7 6 6 7 8 9 9 6 6 11 12 9 6 7 8 6 5 8 7 2 1 3 3 5 6 6 4 4 5 6 4 4 3 3 3 4 4 5 4 4 4 4 4 4 4 4 6 6 6 6 5 5 5 5 5 5 6 6 6 6 5 5 5 5 5 5 5 5 5 5 3 3 3 4 4 4 5 5 4 6 7 6 5 5 6 7 9 10 11 10 8 7 8 9 5 5 5 5 6 7 8 9 9 15 12 8 13 11 8 16 14 16 18 19 19 20 22 22 21 39 58 68 68 66 88 124 149 176 207 220 227 231 236 241 238 236 235 234 234 234 236 237 236 238 240 240 239 238 239 240 240 238 236 235 234 234 235 235 240 241 242 243 244 244 244 244 239 242 246 246 245 244 246 248 246 245 241 238 240 246 249 248 244 243 243 245 248 250 250 249 241 242 247 252 251 246 244 246 248 249 250 252
229 230 231 232 232 232 232 231 231 231 231 231 231 232 233 234 231 232 233 234 234 232 231 230 234 233 232 231 230 231 232 232 234 232 231 229 229 230 231 232 232 232 233 233 234 234 234 234 232 232 232 232 231 230 230 229 230 230 231 231 231 232 232 232 231 231 233 233 233 233 234 234 234 234 235 235 236 236 236 236 235 235 235 236 236 236 235 235 237 233 230 233 233 230 229 233 233 232 232 232 232 232 232 233 230 234 234 231 232 235 236 233 233 234 233 229 229 234 238 237 234 234 235 235 234 233 233 233 233 234 234 235 236 236 237 237 234 234 234 234 234 234 234 234 231 233 233 231 233 237 236 231 232 232 232 231 231 230 230 230 234 235 233 230 231 234 232 227 230 230 230 230 230 230 230 230 231 231 231 231 231 231 231 231 232 230 229 230 231 232 231 229 233 232 232 231 230 229 228 228 227 227 227 227 228 229 231 232 216 213 207 204 202 185 143 104 62 38 22 18 20 33 40 32 35 34 32 32 33 34 33 31 22 20 20 22 25 27 28 30 28 30 31 32 32 31 28 27 21 19 14 13 14 15 14 13 10 11 13 12 10 9 9 10 14 15 15 14 12 12 14 16 12 13 14 15 16 16 16 16 25 27 25 21 21 22 19 13 16 15 14 12 11 11 11 11 5 7 10 13 16 17 17 17 12 10 11 16 16 12 10 11 6 4 4 7 7 4 3 5 6 7 7 5 4 4 6 9 12 10 7 5 3 2 2 3 3 3 3 3 3 3 3 3 6 6 7 7 6 5 4 3 6 7 7 8 8 7 7 6 7 7 7 7 7 7 7 7 4 4 4 5 5 5 5 5 7 8 9 9 9 10 11 11 12 14 15 14 12 12 13 14 9 9 8 8 8 9 10 10 12 18 14 11 15 12 10 17 17 19 21 21 21 22 24 24 22 38 56 66 69 69 92 129 159 184 211 220 225 228 233 238 238 237 236 235 234 235 236 236 238 241 243 244 243 243 243 244 240 239 237 236 235 235 235 236 241 241 243 245 246 248 249 249 241 243 245 246 246 246 247 247 246 244 241 238 239 244 248 250 246 245 245 245 248 251 254 255 252 251 252 255 253 247 245 246 250 250 250 250
229 230 231 232 232 232 232 231 230 230 229 229 230 231 232 232 228 230 234 237 237 234 229 226 235 234 232 230 230 230 232 233 234 232 231 229 229 230 231 232 234 234 234 234 235 235 236 236 233 233 232 231 230 230 230 229 230 230 230 231 231 231 232 232 233 231 230 229 229 230 234 236 232 232 235 235 234 234 234 234 233 233 234 234 234 235 233 233 237 233 230 233 233 230 229 233 233 232 231 231 231 231 232 233 231 234 234 232 232 235 235 232 233 235 234 229 229 234 238 236 235 235 237 236 235 235 234 234 234 234 234 235 235 236 236 236 232 232 232 232 232 232 232 232 231 233 233 231 233 237 235 230 232 232 232 231 231 230 230 230 230 231 230 228 229 233 232 228 230 230 230 230 230 230 230 230 231 231 231 231 231 231 231 231 231 230 229 229 231 231 230 229 233 232 232 231 229 228 227 227 229 227 226 226 227 230 233 234 220 220 218 207 181 136 80 39 30 23 26 31 29 34 38 32 37 35 32 31 30 28 25 22 22 21 20 22 25 27 28 29 27 29 30 30 30 28 24 23 17 15 12 12 13 13 12 11 8 10 11 11 9 8 8 8 10 11 11 10 8 8 10 12 13 14 15 16 16 16 16 15 24 25 24 20 20 21 18 13 14 13 12 11 11 11 11 11 5 9 15 20 22 22 19 17 6 6 8 13 12 7 5 7 7 4 4 8 7 3 2 5 7 7 7 5 4 4 7 10 9 7 4 2 0 0 0 0 3 3 3 3 3 3 3 3 5 6 6 6 5 4 3 2 2 3 3 4 4 3 3 2 6 6 6 6 6 6 6 6 1 1 1 1 1 1 1 1 7 7 7 8 10 11 12 11 6 8 9 10 9 9 11 13 11 10 9 9 8 9 9 10 11 17 13 10 14 11 9 16 15 17 18 19 18 19 21 21 25 39 56 67 70 71 94 130 168 192 217 224 225 227 230 234 237 237 236 236 236 236 236 236 238 240 243 243 243 243 244 245 237 238 238 239 238 237 236 235 240 241 242 244 247 249 251 252 243 241 240 243 249 251 249 245 243 241 239 239 239 242 246 250 245 244 242 242 244 249 255 255 255 255 254 255 254 251 250 252 251 251 250 248
229 230 231 232 232 232 232 231 230 229 229 229 229 230 231 232 226 229 234 238 238 235 230 227 237 236 234 233 232 233 234 235 233 233 232 231 231 231 231 231 234 234 235 235 235 236 236 236 233 233 231 230 230 230 230 230 229 230 230 230 231 231 231 231 232 231 230 228 228 230 234 235 230 232 235 235 234 233 233 234 232 232 233 233 233 234 232 232 236 233 230 233 233 230 230 234 233 232 231 230 230 231 232 233 231 234 234 231 231 234 234 231 235 236 235 230 229 231 234 231 236 236 238 238 238 237 237 237 234 234 234 234 234 234 234 234 232 232 232 232 232 232 232 232 232 234 233 231 233 236 235 230 232 232 232 231 231 230 230 230 228 229 229 227 229 233 232 228 230 230 230 230 230 230 230 230 230 230 230 230 230 230 230 230 230 229 227 228 230 230 229 228 231 231 230 229 228 227 227 226 230 226 222 222 224 224 221 218 218 208 190 160 113 62 30 20 27 26 35 37 28 29 36 35 27 26 25 25 26 25 23 20 27 25 23 23 24 25 24 25 24 26 27 28 28 27 24 23 16 15 11 12 13 13 12 10 8 10 12 11 9 8 8 9 11 12 12 11 9 9 11 13 15 15 15 15 16 16 16 17 16 18 18 17 19 22 21 16 11 10 9 8 8 7 8 8 7 11 15 19 19 16 11 8 4 5 9 13 12 6 4 7 10 7 6 8 6 1 0 1 6 7 7 5 4 4 6 9 5 4 4 3 4 4 5 5 4 4 4 4 4 4 4 4 5 5 5 4 4 4 4 4 4 4 5 5 5 5 4 4 3 3 3 3 3 3 3 3 4 4 4 3 3 3 2 2 4 3 3 5 8 10 10 9 4 5 7 8 8 8 10 12 10 9 8 7 6 6 6 7 8 14 10 7 12 9 7 15 17 19 21 21 20 21 22 22 28 41 57 67 70 70 91 126 168 193 220 227 229 229 230 232 235 236 236 236 237 237 238 238 236 237 238 238 238 239 241 244 236 237 238 240 240 239 238 238 240 240 241 242 244 246 248 250 244 240 238 242 249 252 248 243 243 240 240 241 240 239 242 248 243 242 241 240 241 245 252 255 255 252 249 251 253 253 254 255 252 251 249 248
229 230 231 232 232 232 232 231 231 230 230 230 230 231 232 233 228 229 232 234 235 234 232 231 236 235 234 234 233 233 234 234 233 233 233 233 233 232 231 231 233 233 234 234 234 235 235 235 233 232 231 230 230 230 231 232 229 229 230 230 230 231 231 231 230 230 232 233 233 232 233 233 230 233 237 237 235 233 234 235 233 233 233 234 234 234 233 233 235 231 229 232 233 231 231 235 233 232 230 229 229 230 232 233 230 233 233 230 230 233 233 230 232 234 234 230 229 232 233 230 233 233 236 236 236 236 236 237 235 234 234 233 232 232 231 231 233 233 233 233 233 233 233 233 232 234 234 232 233 236 234 229 232 232 232 231 231 230 230 230 230 232 230 228 229 232 231 227 230 230 230 230 230 230 230 230 230 230 230 230 230 230 230 230 229 227 226 227 228 229 228 226 229 229 229 228 227 227 226 226 228 222 217 217 217 211 197 186 174 136 99 75 48 19 13 24 25 21 27 29 23 26 34 34 22 22 23 25 27 28 26 24 27 25 23 23 24 24 24 25 27 28 27 27 26 24 21 20 17 16 13 13 15 14 12 10 10 12 14 13 11 10 10 11 13 14 14 13 12 11 13 15 16 15 14 14 15 16 18 19 16 18 18 18 20 24 23 19 14 13 11 9 7 6 6 6 8 9 11 12 11 9 6 4 7 9 14 18 16 10 8 11 9 6 6 8 7 2 0 2 5 6 7 6 4 4 5 7 5 5 6 7 8 8 8 8 4 4 4 4 4 4 4 4 7 6 5 4 4 5 7 8 8 8 9 9 9 9 8 8 5 5 5 5 5 5 5 5 8 8 7 7 6 6 6 5 5 4 3 6 10 12 12 11 8 10 12 11 11 10 12 14 11 10 9 7 6 6 6 6 8 14 11 8 13 11 10 17 21 23 24 24 23 24 25 25 29 42 57 66 69 67 86 119 158 186 217 228 232 233 233 235 233 234 235 237 238 239 239 239 235 236 235 234 234 236 241 244 236 236 237 237 239 240 242 243 243 242 241 240 240 241 242 243 243 242 241 243 246 247 245 242 246 244 244 246 243 237 238 244 244 245 246 246 244 245 249 252 254 248 247 251 254 254 254 255 252 251 249 248
229 230 231 232 232 232 232 231 232 231 231 231 231 232 233 234 230 230 230 231 232 233 234 235 233 233 233 232 232 231 231 231 232 233 234 235 235 233 232 230 232 232 232 233 233 234 234 234 232 232 230 229 229 230 232 233 229 229 229 230 230 231 231 231 228 231 235 238 238 235 233 230 230 234 239 239 236 234 235 236 234 234 234 235 235 236 234 234 234 231 229 232 233 232 233 237 233 232 230 229 229 230 232 233 230 233 233 229 229 232 232 229 226 230 232 230 231 234 236 232 228 228 231 231 232 233 233 233 235 234 234 232 231 230 229 229 234 234 234 234 234 234 234 234 232 234 234 232 233 236 234 229 232 232 232 231 231 230 230 230 234 235 233 229 230 232 230 225 230 230 230 230 230 230 230 230 229 229 229 229 229 229 229 229 228 227 225 226 228 228 227 226 228 228 227 227 227 226 226 226 226 220 214 214 212 200 177 159 110 55 21 25 38 26 20 23 34 23 26 27 26 29 34 26 34 32 31 30 29 26 22 19 23 22 21 22 24 26 27 28 34 32 30 25 24 19 17 16 19 18 15 15 16 16 14 11 12 14 16 15 13 12 12 13 9 10 11 10 8 8 10 12 17 16 14 13 14 16 19 20 22 24 24 22 23 26 25 20 20 18 16 13 10 8 7 6 8 7 7 6 6 6 7 7 7 9 15 19 16 10 8 12 5 2 3 7 8 4 4 7 4 5 6 6 4 4 5 6 4 4 5 6 5 4 2 1 5 5 5 5 5 5 5 5 8 7 5 4 5 7 9 11 6 7 7 8 8 7 7 6 8 8 8 8 8 8 8 8 5 5 5 4 4 3 3 3 8 6 6 9 13 16 16 14 11 12 13 12 10 9 10 11 14 13 11 10 9 8 8 8 10 17 14 12 17 16 14 22 18 20 21 21 20 20 22 22 28 42 55 66 69 66 81 113 149 179 210 226 233 234 239 239 232 233 235 237 239 240 240 240 237 237 236 234 234 237 242 247 238 237 235 234 236 240 244 247 246 244 241 239 237 236 237 237 242 244 246 245 242 241 241 242 250 248 248 250 244 236 235 241 247 250 254 254 251 248 248 249 255 250 249 254 255 253 250 250 251 250 249 249
228 229 229 230 230 231 231 232 229 229 229 230 230 231 231 232 229 229 229 229 229 229 229 229 230 231 232 233 233 233 233 232 232 232 231 230 228 227 226 225 227 229 232 235 236 234 232 230 229 228 228 228 228 229 230 231 229 229 229 230 230 231 231 231 230 232 232 233 233 234 234 234 232 232 232 232 233 234 235 236 228 228 229 230 231 231 232 233 229 231 233 233 233 233 235 234 231 232 232 233 233 232 232 231 230 231 233 234 234 233 231 230 230 233 233 234 234 235 235 236 230 232 234 233 231 230 231 234 231 231 231 232 232 233 233 233 227 227 228 228 230 231 233 234 231 231 230 230 230 231 232 232 227 227 228 228 229 230 230 231 228 230 233 233 231 229 228 229 227 227 227 227 227 228 229 230 232 234 235 233 230 229 231 234 229 227 228 232 233 230 230 232 234 234 233 233 232 229 227 225 226 221 217 216 208 180 134 94 66 44 33 33 37 28 25 25 27 28 32 31 31 27 29 30 32 31 30 28 26 25 23 22 19 15 16 21 23 20 18 19 24 28 31 26 21 13 12 14 10 10 11 13 16 16 15 12 14 13 12 11 9 9 9 9 7 9 12 12 11 9 9 9 9 8 8 9 13 16 19 20 17 17 19 22 25 24 19 15 15 14 12 11 10 11 12 13 11 10 9 8 9 10 12 13 6 8 12 14 14 12 8 6 3 6 9 10 9 7 6 6 3 4 5 6 6 6 6 5 3 3 3 3 3 3 3 3 0 2 4 4 3 4 5 7 2 1 1 4 9 10 8 4 1 1 1 2 3 4 4 5 3 3 4 4 6 8 9 10 4 1 2 5 6 3 3 6 0 6 10 6 5 10 13 12 8 8 10 13 15 15 11 7 11 7 5 5 8 10 9 6 9 9 10 10 12 14 15 16 9 14 20 23 22 21 22 20 22 45 67 76 73 65 82 116 144 174 206 224 230 235 239 240 233 232 234 235 236 239 243 247 235 235 235 236 237 238 239 240 236 241 243 242 243 246 244 240 246 246 246 245 241 239 242 247 250 249 247 246 246 247 249 250 250 252 252 247 240 236 238 242 244 250 254 252 245 243 246 251 247 248 249 250 252 253 254 255 251 251 250 249
229 229 230 230 230 230 231 231 228 229 229 229 230 230 231 231 230 230 230 230 230 230 230 230 229 230 231 232 232 232 232 232 228 228 228 229 229 230 230 230 229 230 232 234 234 233 232 230 231 230 230 229 230 230 231 232 230 230 230 231 231 231 232 232 232 232 232 233 233 234 234 234 233 232 232 232 232 232 233 234 229 229 230 230 231 232 233 233 230 232 233 233 232 233 235 237 231 231 232 232 232 232 231 231 229 230 231 232 232 231 230 229 233 233 233 233 234 234 234 234 232 234 235 234 232 231 233 235 232 232 233 233 233 234 234 234 234 234 233 233 233 233 234 234 233 233 232 232 231 232 232 233 231 231 231 231 231 231 230 230 230 232 234 234 232 230 230 230 230 230 229 229 230 231 232 232 232 234 234 233 230 229 231 234 230 228 229 233 233 230 230 232 236 233 230 229 229 231 233 234 217 219 222 219 201 162 110 72 54 40 32 36 37 30 24 26 26 28 29 29 28 27 28 29 29 28 27 26 25 23 22 22 20 16 14 18 21 20 21 24 23 27 29 25 19 14 14 16 15 16 17 17 16 15 15 14 16 15 15 14 14 13 12 12 9 11 12 12 10 9 10 11 15 15 14 15 18 21 23 24 19 19 20 23 25 24 19 15 16 15 13 11 9 7 6 6 7 6 5 5 5 7 8 9 8 10 12 14 13 11 7 5 3 6 9 10 8 6 6 6 5 5 6 6 7 7 7 7 6 6 5 5 5 5 6 6 5 7 9 9 8 8 10 12 6 4 4 7 12 13 11 8 6 7 7 8 9 9 10 10 8 7 7 6 6 7 8 8 6 3 4 7 7 5 5 8 8 12 12 8 10 16 18 16 9 9 10 13 16 15 11 8 11 10 9 10 11 12 11 9 12 11 11 11 12 13 14 15 16 20 25 27 26 24 24 21 19 40 62 75 77 70 83 115 152 180 210 225 231 235 239 239 235 235 236 237 236 237 240 243 240 239 238 238 238 238 239 239 240 245 248 247 246 247 243 238 244 245 246 244 241 239 243 247 253 253 251 250 249 248 248 248 255 255 253 250 246 245 248 250 243 249 254 252 246 242 244 248 252 251 251 251 251 251 252 252 254 254 253 253
231 231 230 230 230 230 229 229 228 228 228 229 229 229 230 230 230 230 230 230 230 230 230 230 228 229 230 231 231 231 231 230 227 227 228 229 230 231 232 232 232 232 232 232 232 231 231 231 233 232 232 231 231 231 232 232 230 230 231 231 231 232 232 232 232 232 233 233 233 233 234 234 233 232 232 231 231 231 231 232 230 230 231 231 232 233 233 233 232 233 233 232 231 232 235 238 231 231 231 231 231 231 231 231 229 229 230 231 231 230 229 229 234 233 233 233 233 233 232 232 233 234 236 235 233 233 234 235 233 234 234 234 234 235 235 235 238 237 236 234 233 232 232 232 236 235 234 233 232 232 232 232 235 235 234 233 232 231 231 231 231 233 235 234 232 231 231 231 231 230 230 230 230 231 232 232 233 233 234 232 230 230 231 233 230 228 229 232 233 230 229 232 234 232 228 227 228 229 228 227 221 210 190 165 133 98 65 46 39 33 32 37 36 28 23 25 24 25 26 26 25 25 27 29 26 25 25 24 23 22 21 21 21 15 13 16 20 22 25 29 20 21 21 18 12 9 10 13 15 16 17 14 9 7 9 11 10 11 12 13 13 12 10 9 11 12 13 12 10 10 11 13 14 14 13 13 15 17 19 21 21 21 23 24 25 23 19 15 13 13 12 10 8 6 4 3 6 5 4 4 4 6 7 8 10 11 13 13 12 9 6 4 4 6 9 9 7 6 5 6 6 6 6 7 7 7 8 8 4 4 3 3 3 3 4 4 3 5 6 6 6 6 7 9 4 2 1 4 8 10 8 5 4 4 5 6 7 7 8 8 12 11 9 8 7 6 6 6 8 5 5 9 9 7 7 10 13 13 10 8 10 15 17 16 11 9 9 13 16 16 12 8 6 8 10 10 9 8 7 8 14 13 13 12 12 13 14 14 18 21 24 25 24 22 21 18 18 36 56 71 78 73 85 114 156 183 210 225 230 234 239 241 237 237 239 239 237 236 237 238 243 242 241 240 239 238 238 238 241 247 251 251 250 249 243 237 241 243 244 242 239 240 243 247 250 249 249 248 246 244 242 241 255 254 250 249 250 253 255 255 243 248 253 252 246 242 242 244 251 250 249 248 248 249 250 251 255 255 255 255
232 231 231 230 230 229 229 228 228 228 228 229 229 229 229 229 229 229 229 229 229 229 229 229 227 228 229 230 230 230 230 229 230 230 230 230 230 230 230 229 234 233 232 230 230 230 230 231 233 233 232 231 230 231 231 231 229 229 230 230 231 231 231 231 233 233 233 233 233 233 233 233 233 233 231 230 230 230 230 230 230 230 230 231 231 232 232 232 233 234 234 232 231 232 235 238 231 231 230 230 230 230 231 231 230 230 230 231 231 230 230 230 234 234 234 233 232 232 231 231 233 234 234 234 233 233 234 234 233 233 234 234 234 234 234 234 235 234 233 231 230 230 230 230 236 235 234 232 231 231 231 231 234 234 234 233 233 232 232 232 231 233 234 233 231 230 230 231 229 229 228 228 228 228 229 230 233 233 233 232 231 231 231 232 229 227 227 231 231 228 227 230 230 228 228 229 228 223 216 210 217 184 137 93 61 41 35 36 33 31 33 36 33 26 23 26 24 25 25 24 23 24 27 30 24 23 23 22 22 21 21 21 19 14 13 18 22 23 26 30 18 18 17 13 9 8 10 12 12 15 16 11 5 3 7 11 6 8 10 12 12 11 9 7 13 13 13 11 10 10 13 15 11 11 11 11 10 12 14 16 23 24 25 25 25 22 18 16 8 9 10 11 10 9 7 6 9 8 7 7 7 8 10 11 13 13 13 12 11 8 6 4 5 7 8 8 6 5 5 6 5 5 5 5 6 6 7 7 5 4 3 2 2 3 4 5 1 3 4 4 3 3 4 6 3 1 0 2 6 8 6 3 1 1 2 2 3 4 5 5 11 10 9 7 6 6 6 6 9 6 6 9 10 7 7 11 11 13 14 13 13 14 16 16 13 10 9 12 17 18 13 9 4 8 12 13 9 7 7 8 14 13 13 13 14 15 16 17 20 22 24 25 25 24 23 19 21 35 51 65 76 74 88 116 151 178 205 219 226 232 239 242 237 238 240 240 239 237 236 237 243 242 241 240 239 239 239 239 238 244 249 250 249 248 242 236 238 243 244 240 238 240 244 246 245 246 246 246 245 243 240 239 255 250 245 244 249 253 254 252 245 248 250 248 243 240 242 244 245 244 244 244 246 248 251 253 253 253 254 254
232 231 231 230 230 229 229 228 229 229 229 229 229 229 229 229 227 227 227 227 227 227 227 227 227 227 228 229 230 230 229 229 231 230 230 230 230 230 230 230 234 233 231 229 228 229 230 231 232 231 230 230 230 230 231 231 228 228 229 229 230 230 230 230 233 233 233 233 233 233 233 233 233 233 231 230 230 230 230 230 230 230 230 230 231 231 231 231 234 234 235 233 232 233 235 238 232 232 231 230 230 231 232 232 232 232 232 231 231 232 232 232 235 234 234 233 233 232 232 231 233 232 232 232 233 233 232 232 233 233 232 232 232 232 232 232 231 231 230 229 229 230 230 231 235 234 232 231 230 229 229 229 230 230 231 231 232 232 232 233 231 232 232 231 229 228 229 231 230 230 229 228 228 229 229 230 234 233 232 231 231 232 232 231 228 225 226 229 229 226 225 227 228 227 226 227 228 224 215 208 202 163 111 72 50 38 37 41 34 33 34 33 29 24 24 27 26 26 26 25 24 25 28 31 23 23 23 22 22 21 21 20 16 13 14 20 24 23 24 26 22 21 18 15 13 13 15 17 13 16 18 15 9 8 12 17 9 11 13 15 15 14 12 11 13 13 13 11 10 10 13 15 14 16 16 15 13 14 17 20 24 25 26 25 23 20 18 16 10 11 12 13 12 11 9 8 10 10 9 8 8 10 11 12 15 14 13 11 9 7 6 5 5 7 8 7 5 4 4 5 4 4 3 3 3 4 5 6 11 10 8 7 7 8 10 11 7 8 9 9 8 7 9 10 7 5 3 4 8 10 9 6 5 5 6 6 7 8 9 9 7 7 6 6 5 6 6 7 8 6 6 9 10 7 7 10 10 16 23 25 21 16 17 21 15 11 9 12 18 19 15 9 9 13 18 18 15 12 12 14 12 12 13 14 16 18 20 21 25 26 28 30 31 32 31 26 26 36 48 61 72 74 90 120 150 176 203 217 223 230 237 241 236 237 240 240 239 238 238 239 241 240 239 239 239 239 240 240 238 244 247 246 244 243 238 231 238 244 245 240 237 241 245 245 247 248 249 250 249 248 246 245 255 248 242 242 247 251 250 247 247 248 247 244 241 240 243 247 246 246 246 246 248 250 252 254 254 254 254 254
231 231 230 230 230 230 229 229 231 231 231 230 230 230 229 229 227 227 227 227 227 227 227 227 227 228 229 230 230 230 229 229 228 228 229 230 231 232 233 233 233 232 230 229 229 229 231 231 230 230 229 229 230 231 232 232 229 229 229 230 230 230 231 231 234 234 233 233 233 233 232 232 233 232 232 231 231 231 231 232 231 231 231 231 232 232 232 232 233 235 236 236 234 233 234 236 234 233 231 230 230 231 233 234 233 233 232 231 231 232 233 233 235 235 234 234 234 234 234 233 233 232 230 231 233 233 232 231 233 232 232 232 232 231 231 231 231 231 231 231 231 232 234 234 233 233 231 230 230 229 230 230 228 228 229 230 231 231 232 232 231 231 231 230 228 227 229 231 233 233 232 231 231 231 231 232 235 233 231 231 232 232 232 231 228 226 226 229 229 225 224 227 231 227 223 223 224 221 213 206 197 153 102 69 52 44 43 46 35 34 33 30 27 25 25 26 27 28 28 27 26 25 27 29 23 23 22 21 20 19 19 18 16 13 15 21 24 21 20 21 20 19 16 13 12 13 14 15 11 13 15 14 11 10 13 16 10 11 12 12 12 11 10 9 11 12 13 12 10 10 11 13 14 16 18 16 14 14 18 22 22 24 25 24 22 19 18 18 17 16 15 14 12 10 8 7 9 8 7 6 7 8 10 11 16 14 12 10 8 7 7 6 6 7 8 6 4 3 4 5 4 3 2 1 2 3 5 6 10 9 7 5 5 7 9 10 8 9 10 10 8 8 9 11 7 4 1 2 6 8 7 5 6 6 7 8 9 9 10 10 5 5 5 5 5 6 7 8 9 6 6 10 10 8 8 11 7 12 20 26 23 16 15 18 17 12 8 12 18 21 16 10 10 12 14 15 14 12 12 12 11 12 13 15 17 20 22 24 25 24 25 27 30 31 31 25 29 39 50 61 71 72 89 120 154 180 206 219 224 230 236 239 236 236 239 240 239 239 240 242 240 240 239 239 239 240 241 241 243 246 246 242 239 239 235 230 238 246 247 240 237 242 246 244 247 248 248 249 249 248 248 247 254 249 244 245 249 251 249 245 247 247 246 244 242 242 245 248 251 252 252 252 252 252 252 252 255 255 255 255
229 229 230 230 230 230 231 231 233 232 232 232 231 231 230 230 229 229 229 229 229 229 229 229 228 228 229 230 231 231 230 230 230 230 230 231 231 232 232 232 230 230 229 229 230 230 231 231 230 230 230 230 231 233 234 235 231 231 232 232 232 233 233 233 234 234 234 233 233 232 232 232 233 232 232 232 232 232 233 234 234 234 234 234 234 234 234 234 232 234 237 238 236 234 234 234 236 234 232 231 231 232 234 236 233 232 231 230 230 231 232 233 235 235 235 235 235 236 236 236 234 232 231 232 234 235 233 231 234 234 233 233 233 232 232 232 233 232 232 232 232 233 234 235 233 232 232 231 231 231 232 232 230 230 230 230 230 231 231 231 232 232 232 230 228 228 230 232 234 233 232 231 231 231 231 232 236 233 230 230 232 233 232 230 230 228 228 231 230 226 225 228 232 229 225 223 217 204 185 170 157 117 73 49 39 34 35 41 32 32 30 28 27 27 26 24 27 28 30 29 26 25 25 25 22 22 21 19 18 17 16 15 20 16 14 18 20 18 17 19 16 14 12 11 11 11 11 11 10 11 12 12 12 11 11 11 10 9 9 8 8 7 7 6 9 11 12 12 10 9 10 11 10 13 15 14 11 11 16 21 20 23 25 23 20 17 17 19 18 17 15 13 11 9 9 8 8 7 6 5 6 7 9 10 16 14 11 9 7 7 8 8 7 8 8 6 3 2 3 5 5 4 2 2 2 4 6 7 7 5 2 1 1 2 5 7 4 5 6 6 4 3 4 6 5 1 0 0 2 5 4 2 4 4 5 6 6 7 8 8 6 6 6 6 6 7 8 9 11 8 8 12 12 9 10 13 9 6 9 18 22 18 13 12 19 13 8 11 19 22 17 10 9 8 7 8 9 10 9 7 14 14 15 16 18 20 22 23 23 21 20 22 25 26 24 18 29 42 55 66 73 71 86 117 152 179 206 220 226 232 238 240 238 238 239 239 238 238 241 243 244 243 242 241 240 240 240 241 244 246 244 239 238 241 242 240 240 249 249 240 237 243 246 243 250 249 248 247 247 247 247 247 250 248 247 248 251 252 250 247 243 245 246 247 246 246 246 246 250 251 253 254 254 253 251 250 255 255 255 254
228 229 229 230 230 231 231 232 234 233 233 232 232 231 231 231 231 231 231 231 231 231 231 231 228 229 230 231 231 231 231 230 235 234 233 232 230 229 228 228 228 229 229 230 230 231 231 231 230 230 230 231 233 235 237 238 233 233 234 234 234 235 235 235 234 234 234 233 233 232 232 232 232 232 232 232 233 234 235 236 237 237 236 236 236 236 236 236 231 234 238 239 237 235 233 233 237 235 233 232 232 233 235 237 232 231 229 228 228 229 231 232 235 235 235 236 237 237 238 238 236 234 232 233 235 236 235 232 235 235 235 234 234 233 233 233 233 232 232 231 231 231 232 232 233 233 232 232 232 233 234 234 233 232 232 231 231 230 229 229 233 234 233 231 229 229 232 234 232 231 230 229 229 229 229 229 236 233 230 230 232 233 232 230 232 229 230 233 232 228 227 229 230 230 229 226 212 183 148 122 86 62 40 36 35 30 29 34 27 28 28 28 29 29 26 21 26 28 30 29 26 24 23 22 22 21 19 18 16 14 13 12 24 18 14 15 16 15 16 19 17 15 14 13 14 14 14 13 16 15 15 17 18 17 14 11 15 14 12 11 10 9 9 9 7 9 12 12 11 9 9 9 10 14 16 15 12 12 18 23 19 22 24 22 19 17 17 19 15 14 12 11 10 11 12 13 9 8 7 6 7 8 10 11 15 14 11 8 7 7 8 9 7 8 7 5 3 2 3 4 6 5 3 2 3 5 7 8 8 6 4 2 2 4 6 8 3 4 5 5 3 2 3 5 8 5 1 2 5 8 7 5 5 5 6 7 8 8 9 9 9 9 8 7 7 8 8 9 13 10 10 13 14 11 12 15 18 7 4 15 27 26 18 13 20 13 8 11 19 22 17 11 13 10 7 8 11 12 11 9 16 16 16 17 18 19 21 22 27 24 22 23 25 26 23 17 27 43 59 71 76 71 84 114 146 174 203 219 227 234 240 243 241 240 239 238 237 237 240 242 248 247 245 243 241 240 240 240 241 242 241 237 240 247 252 253 241 250 251 241 237 244 247 243 255 255 254 252 250 250 250 250 246 246 247 249 251 252 250 248 239 243 247 251 251 249 246 244 242 244 248 252 253 253 251 250 253 253 252 251
227 228 230 231 231 230 228 227 231 231 231 231 231 231 231 231 231 231 231 231 231 231 231 231 229 232 232 229 230 233 233 230 230 230 229 231 233 233 232 230 231 231 230 230 230 231 232 232 226 227 229 230 231 231 230 229 234 232 230 228 228 230 232 234 234 233 233 233 234 234 232 230 230 232 234 236 236 234 232 230 232 232 233 235 235 235 235 235 231 237 242 241 236 233 233 235 238 235 233 233 234 234 234 232 228 230 232 232 231 230 231 232 233 236 238 238 236 234 236 238 230 231 232 232 234 234 235 236 230 231 233 235 236 235 233 232 234 233 232 231 231 231 231 232 235 234 232 231 230 231 232 233 230 230 230 230 230 230 230 230 232 232 232 232 232 232 232 232 228 228 228 228 229 230 231 231 233 233 233 232 232 231 231 231 226 228 230 230 228 227 227 227 224 224 224 220 208 182 144 114 77 54 36 35 38 36 38 44 26 27 27 28 29 29 30 30 26 26 26 25 25 25 25 25 20 19 18 17 17 18 19 20 19 16 13 14 18 20 19 17 14 11 9 12 17 18 15 11 11 12 14 15 15 14 12 11 13 12 12 11 10 9 8 8 9 10 10 10 10 11 14 17 9 11 13 15 15 17 19 22 14 16 19 19 18 17 17 17 14 15 14 13 11 11 14 16 12 8 4 3 6 10 11 10 16 15 13 11 10 9 8 8 8 8 7 6 4 3 2 2 2 3 4 4 4 5 8 10 4 5 6 6 6 6 5 4 1 1 2 3 5 7 10 11 6 8 6 4 5 9 8 3 5 3 5 9 9 6 5 7 1 5 9 10 8 6 8 10 9 11 14 16 16 15 13 11 10 4 1 9 21 27 21 13 19 15 11 13 18 20 19 16 9 11 10 6 7 11 13 12 13 15 16 17 16 16 18 20 17 20 26 29 26 21 24 27 35 40 52 73 83 72 78 108 142 170 200 218 227 233 236 236 231 237 241 238 235 236 236 234 237 241 246 248 246 242 238 236 242 240 240 241 245 249 250 251 251 251 249 242 235 233 238 243 246 248 248 248 250 253 249 242 242 245 249 251 250 250 251 252 240 246 247 243 244 251 253 250 242 239 242 248 248 245 247 254 249 254 255 253
228 229 229 230 230 229 229 228 231 231 231 231 231 231 231 231 231 231 231 231 231 231 231 231 230 233 233 230 229 232 232 229 230 230 229 231 233 233 232 230 234 233 232 231 230 230 230 231 229 230 231 232 232 231 229 229 233 232 230 230 230 230 232 233 235 233 233 233 235 234 232 230 231 232 234 235 235 234 232 231 232 233 234 235 235 235 235 235 229 235 242 243 239 234 232 233 237 234 232 232 233 234 233 232 226 228 231 232 232 233 234 236 232 235 238 237 235 233 233 235 231 232 232 233 233 234 234 235 230 231 233 235 235 234 233 232 234 233 232 231 231 231 231 232 234 233 232 231 230 231 232 232 230 230 231 231 231 231 230 230 231 231 232 232 232 232 232 232 229 229 228 227 228 229 231 232 233 233 232 232 232 231 231 231 232 230 229 228 228 227 224 222 216 214 210 204 191 164 129 103 65 48 35 36 38 34 34 39 26 26 27 27 27 27 28 28 24 24 24 24 23 22 21 21 14 14 13 13 13 13 14 14 16 13 11 13 17 19 17 15 11 7 6 8 12 14 11 7 10 11 12 13 13 12 11 10 7 6 6 5 5 4 3 3 4 5 6 5 4 5 8 10 9 11 12 12 11 11 13 14 13 16 19 19 18 15 15 15 14 14 13 11 8 8 9 11 11 8 4 3 6 9 10 10 16 15 13 10 9 7 7 7 7 7 6 5 5 4 3 3 2 4 6 6 5 5 6 8 5 5 4 4 4 4 5 5 6 5 5 4 4 5 5 6 3 5 4 3 5 10 9 5 6 3 4 7 7 2 1 3 3 4 6 7 7 7 8 10 7 9 11 13 14 12 10 8 8 4 2 8 18 22 18 11 17 14 11 11 15 19 22 23 10 12 11 7 7 10 11 9 8 9 11 11 11 11 12 14 18 19 23 28 26 23 26 27 37 45 57 71 79 72 83 113 145 172 202 220 229 235 239 239 230 234 238 237 237 240 240 238 243 246 248 248 245 241 240 239 246 244 243 243 246 248 249 248 247 249 248 244 239 238 242 247 245 247 248 247 250 254 251 245 245 248 251 252 251 250 250 251 251 251 247 244 247 253 252 247 248 244 245 250 253 251 252 255 250 255 255 253
230 229 229 228 228 229 229 230 231 231 231 231 231 231 231 231 231 231 231 231 231 231 231 231 231 234 233 230 229 232 231 228 230 230 229 231 233 233 232 230 236 235 234 232 231 230 230 230 233 233 233 233 232 231 229 229 232 231 231 231 231 231 231 232 235 234 233 234 235 235 232 230 232 233 234 234 234 234 233 232 233 233 234 235 235 235 235 234 228 235 241 243 240 235 232 231 235 233 231 231 232 233 232 231 228 231 233 234 233 233 234 235 232 234 237 237 235 232 231 230 233 233 233 233 233 233 233 233 230 231 233 235 235 234 233 232 234 233 232 231 231 231 231 232 234 233 232 231 231 231 231 232 230 231 232 233 233 232 231 230 230 230 231 231 232 232 233 233 231 229 228 226 227 228 231 232 233 232 232 232 231 231 231 231 235 232 228 227 228 227 223 219 223 213 197 174 145 109 75 54 49 39 34 36 35 29 28 32 26 26 25 25 25 24 24 24 21 21 22 22 21 19 17 15 10 10 11 11 11 11 10 10 16 13 12 14 18 20 18 16 12 10 8 9 13 14 12 9 10 10 11 12 12 11 10 10 8 8 8 8 8 7 7 7 8 9 9 8 7 7 9 11 8 10 11 11 10 10 11 13 14 17 21 21 19 16 14 13 15 15 13 10 7 6 7 9 10 7 4 3 5 8 9 9 16 14 12 9 7 5 5 4 5 5 5 5 5 5 5 5 3 5 7 8 6 5 5 5 5 4 3 2 2 3 4 5 7 6 5 4 3 3 3 4 3 5 4 2 4 8 7 3 6 3 3 5 4 0 0 0 5 3 2 3 6 8 10 10 12 13 15 16 16 15 12 11 8 7 7 10 15 17 14 11 13 12 10 9 11 16 22 28 14 16 14 9 7 10 10 7 10 12 14 14 13 13 15 17 21 19 20 25 27 25 26 26 38 53 63 68 72 72 88 118 144 172 200 217 226 233 238 238 234 235 237 237 240 243 242 238 245 246 247 246 244 244 244 246 250 248 246 246 247 248 248 247 244 246 247 245 241 240 243 246 244 247 248 248 250 254 252 247 248 250 253 253 252 250 250 251 252 247 241 239 244 251 249 243 249 244 243 247 252 252 252 252 251 255 255 252
231 230 228 227 227 228 230 231 231 231 231 231 231 231 231 231 231 231 231 231 231 231 231 231 231 234 234 230 229 231 231 228 230 230 229 231 233 233 232 230 235 235 234 233 232 232 232 232 232 232 232 232 232 231 230 230 231 231 232 233 233 232 231 231 235 234 233 234 235 235 233 231 234 234 234 234 234 234 234 234 234 234 235 236 236 235 235 234 231 235 239 240 238 234 232 232 233 231 230 230 231 232 231 230 234 236 237 235 233 230 230 230 233 235 237 237 236 233 230 228 234 233 233 233 233 233 233 232 231 232 233 234 234 234 233 233 234 233 232 231 231 231 231 232 233 233 232 232 231 231 231 231 230 231 233 234 234 233 231 230 229 230 230 231 232 232 233 233 232 230 228 226 226 228 230 232 232 232 232 231 231 231 230 230 232 231 229 228 227 225 224 223 209 195 171 140 104 71 51 44 37 32 31 32 29 24 24 29 25 25 24 23 22 21 21 20 20 20 21 21 19 17 14 12 10 11 13 14 14 13 11 10 18 16 15 17 21 23 21 18 13 11 9 10 12 13 12 11 11 11 11 12 12 11 11 11 11 11 11 12 12 12 12 12 12 13 14 13 11 10 11 12 8 10 12 13 14 14 17 19 17 20 23 24 21 17 15 14 14 14 13 10 7 7 8 10 8 6 5 4 5 7 8 9 16 14 12 9 6 4 3 2 4 4 4 5 5 6 6 6 3 6 9 9 7 5 3 3 5 4 2 0 0 2 4 5 4 4 4 3 4 4 5 6 7 8 6 2 2 5 3 0 6 2 2 4 4 0 0 1 7 3 0 0 5 9 11 10 15 16 17 18 18 16 14 13 10 11 12 13 14 13 12 10 7 10 12 10 8 10 18 24 22 22 17 9 7 10 12 10 14 16 18 18 17 17 19 21 23 19 18 22 25 24 25 24 37 57 69 68 69 72 91 120 148 174 202 218 226 233 238 239 240 239 238 237 240 244 241 234 238 241 244 245 246 247 249 251 251 249 247 248 249 249 248 247 245 247 248 246 242 240 240 241 246 249 250 249 250 253 252 248 248 250 253 254 253 252 252 253 248 244 240 239 243 248 251 250 252 246 242 245 251 254 252 250 252 255 255 252
231 230 228 227 227 228 230 231 231 231 231 231 231 231 231 231 231 231 231 231 231 231 231 231 231 234 233 230 229 232 231 228 230 230 229 231 233 233 232 230 232 232 232 232 233 234 235 235 230 230 230 230 230 231 232 232 231 232 233 233 233 233 232 231 236 234 234 234 236 235 233 231 234 234 234 234 234 234 234 234 235 235 236 236 236 235 235 234 235 236 236 235 234 233 234 235 232 230 229 229 231 232 232 231 235 236 237 236 232 230 229 230 235 236 236 237 236 234 231 229 234 233 233 233 233 233 233 232 231 232 233 233 234 234 234 234 234 233 232 231 231 231 231 232 233 233 233 233 232 232 231 231 231 232 233 234 234 233 232 231 229 230 230 231 231 232 232 232 232 230 228 227 227 228 230 231 232 232 231 231 231 230 230 230 225 228 231 229 225 222 222 224 218 197 162 121 78 48 40 45 31 29 28 28 24 22 24 29 24 23 23 22 20 19 19 18 20 20 20 20 18 16 14 13 12 13 14 15 15 14 13 12 20 18 17 19 22 23 20 17 10 9 7 6 7 8 8 8 13 13 13 12 12 13 13 13 8 8 8 8 9 9 9 9 9 10 11 10 8 6 6 7 10 12 14 15 15 16 18 20 16 19 22 22 19 16 14 13 10 11 10 8 7 7 9 11 7 7 6 6 6 7 8 10 15 14 11 8 5 3 2 2 3 3 4 5 5 6 7 7 4 7 10 10 8 5 3 3 5 4 2 0 0 2 4 5 5 4 3 3 3 3 4 5 7 8 6 2 2 5 3 0 5 2 2 5 5 2 2 6 9 4 0 0 5 9 11 11 11 12 13 14 14 13 12 11 10 11 12 12 11 9 8 7 4 9 13 12 7 6 10 15 28 26 19 10 8 12 15 15 11 13 15 15 14 14 16 18 25 19 17 20 23 23 24 24 37 58 70 69 69 71 90 120 155 181 206 221 228 235 241 242 241 240 238 237 240 244 241 235 234 238 243 246 246 246 246 247 247 246 246 247 250 251 250 248 246 248 249 248 246 245 244 244 250 253 253 250 249 251 250 247 245 248 252 254 254 254 255 255 250 250 250 248 246 247 254 255 255 252 248 248 254 255 255 253 252 255 255 252
230 229 229 228 228 229 229 230 231 231 231 231 231 231 231 231 231 231 231 231 231 231 231 231 229 232 232 229 230 233 233 230 230 230 229 231 233 233 232 230 230 230 230 231 232 234 235 236 229 229 229 229 230 231 233 233 233 233 233 232 232 233 233 233 236 235 234 235 236 236 234 232 234 234 235 236 236 235 234 234 236 236 236 237 236 235 235 234 238 236 234 232 232 233 235 236 232 230 229 229 231 232 232 231 230 232 234 234 233 232 232 233 237 236 234 235 236 235 233 231 233 233 233 233 233 233 233 233 232 232 232 233 233 234 234 234 234 233 232 231 231 231 231 232 232 233 233 233 233 232 231 230 232 232 231 231 231 231 232 232 231 231 231 230 230 230 230 230 230 230 229 229 228 228 229 229 231 231 231 231 230 230 230 229 223 226 229 228 223 217 214 213 223 190 143 99 59 32 27 34 31 30 28 26 24 24 26 28 23 22 22 21 20 19 18 18 20 20 19 18 17 16 15 15 12 13 13 14 14 13 13 12 20 18 17 18 21 21 17 13 13 12 10 9 8 9 10 11 14 14 13 12 12 13 14 14 8 8 8 8 8 8 8 8 7 9 10 9 7 6 6 6 13 14 15 14 12 11 12 14 14 16 18 17 15 13 12 13 8 9 8 7 5 6 8 11 7 8 9 8 7 7 9 11 15 13 11 8 6 4 3 3 4 4 4 5 5 6 6 6 5 7 9 9 7 5 4 5 5 4 3 2 2 3 4 5 8 7 5 3 2 1 1 1 3 5 4 2 4 8 7 3 6 3 2 5 6 4 5 8 9 7 4 3 5 8 10 11 11 12 13 14 14 14 14 14 9 9 10 10 9 7 5 3 4 9 13 12 7 4 6 8 26 26 21 13 11 15 17 16 11 13 14 14 14 14 16 17 24 20 18 21 23 24 28 30 42 58 68 70 71 70 90 123 158 182 205 218 225 231 237 238 237 237 237 236 239 244 244 241 238 241 245 246 244 241 240 239 243 243 243 246 249 250 249 248 246 247 249 250 252 252 253 253 252 255 255 251 248 250 250 248 243 246 251 253 254 255 255 255 252 253 254 252 245 242 248 255 255 254 250 247 250 255 255 252 252 255 255 252
228 229 229 230 230 229 229 228 231 231 231 231 231 231 231 231 231 231 231 231 231 231 231 231 228 231 231 229 230 234 234 231 230 230 229 231 233 233 232 230 231 230 230 230 231 232 233 234 233 232 231 230 230 231 233 233 234 234 232 231 231 232 234 234 236 235 234 235 236 236 234 232 233 234 236 237 237 236 234 233 236 237 237 237 236 236 235 234 237 236 233 232 233 234 234 234 232 231 229 230 232 233 233 232 228 230 232 233 232 231 232 233 237 234 231 231 233 235 234 232 231 232 232 233 233 234 234 235 232 232 232 232 233 233 234 235 234 233 232 231 231 231 231 232 232 232 233 234 233 232 231 230 233 231 230 228 228 230 231 233 232 232 231 230 230 229 229 228 229 230 230 230 230 229 227 227 231 231 231 230 230 230 229 229 230 227 224 223 220 212 200 190 176 134 87 59 45 36 35 39 31 31 30 28 28 28 28 26 22 21 21 20 20 19 19 18 20 18 16 14 14 15 16 17 15 14 14 13 13 14 14 15 22 20 19 20 22 21 16 11 16 16 14 12 11 11 13 15 14 13 12 11 11 12 13 14 13 12 12 11 11 10 9 9 8 10 12 12 10 9 9 9 12 13 14 13 11 10 11 12 15 16 17 16 14 14 15 17 13 13 12 10 8 8 10 12 7 9 11 10 8 8 10 12 14 13 11 9 7 6 5 5 4 5 5 5 5 5 5 6 6 8 9 8 6 5 6 7 5 5 4 4 4 4 5 5 6 6 4 3 2 1 1 1 3 5 4 3 5 10 9 5 8 4 3 5 5 2 3 7 9 9 8 7 5 6 9 12 11 12 13 14 15 16 17 17 12 11 10 10 11 10 6 3 8 10 12 11 7 6 7 9 18 21 21 17 16 17 16 12 14 15 17 17 16 17 18 20 20 19 21 24 25 28 36 42 53 59 65 70 73 69 91 130 162 185 207 218 224 230 235 237 234 237 239 236 237 241 243 242 243 244 245 244 241 239 238 239 241 241 242 244 247 248 247 245 246 246 247 249 251 253 254 254 251 255 255 251 248 250 252 251 244 247 251 253 253 253 254 255 250 248 248 249 245 240 244 251 251 253 250 244 244 250 252 250 252 255 255 253
227 228 230 231 231 230 228 227 231 231 231 231 231 231 231 231 231 231 231 231 231 231 231 231 226 230 231 229 230 234 235 233 230 230 229 231 233 233 232 230 232 232 231 230 230 230 231 231 236 235 233 232 231 231 232 233 236 234 232 230 230 232 234 236 234 233 235 233 236 234 234 230 232 232 236 236 238 234 234 232 237 237 237 237 237 236 234 234 235 234 234 234 235 235 233 232 233 231 230 230 232 234 234 233 231 232 234 233 231 229 229 229 236 232 228 228 231 234 234 233 230 231 232 232 234 234 235 236 233 232 232 232 232 233 234 235 234 233 232 231 231 231 231 232 231 232 233 234 233 232 230 229 233 231 228 227 227 228 231 233 233 233 232 231 229 228 227 227 228 229 231 232 233 231 229 227 231 231 231 230 230 229 229 229 237 228 219 218 219 209 189 170 154 104 53 34 34 32 26 23 32 32 32 31 32 32 28 24 21 21 20 20 20 19 19 19 19 17 14 12 12 13 16 18 18 17 16 15 15 16 17 18 26 23 22 23 24 22 17 12 14 13 12 9 8 8 11 13 13 12 10 9 9 10 12 13 13 12 11 11 9 9 8 7 6 8 11 11 10 8 8 9 9 11 13 13 13 13 15 17 19 20 20 18 17 17 20 23 20 20 18 15 12 11 13 14 7 10 12 11 9 8 11 13 14 12 11 9 8 7 6 6 5 5 5 5 5 5 5 5 7 8 8 7 5 5 7 9 4 5 6 6 6 6 5 4 2 2 1 2 3 4 5 6 6 8 6 4 5 9 8 3 10 6 4 5 3 0 1 4 9 11 12 9 6 5 8 12 7 7 8 10 12 13 14 15 17 15 13 14 16 15 11 6 12 12 11 9 7 8 10 13 10 16 21 20 20 19 14 8 13 15 16 16 16 16 17 19 20 19 22 26 28 32 41 51 59 58 61 70 72 69 94 137 175 197 218 228 231 237 243 244 237 240 242 237 234 236 239 240 244 244 243 241 239 239 241 244 240 240 241 243 245 246 244 242 247 246 245 245 247 248 249 248 249 254 255 251 249 251 254 254 245 248 251 253 252 252 252 253 251 246 245 250 251 248 249 253 253 255 255 248 246 251 255 253 252 255 255 254
226 226 227 228 228 229 230 230 228 229 231 232 233 233 232 231 230 231 232 233 233 233 233 233 231 230 229 230 232 233 232 231 229 229 230 231 233 234 235 235 230 230 230 230 230 230 230 230 227 233 238 238 233 230 231 234 233 233 233 234 234 235 235 233 231 230 232 231 232 232 233 232 231 231 233 232 232 230 229 228 228 228 229 230 232 233 234 234 228 231 233 233 231 231 233 236 233 232 230 228 228 230 232 233 231 231 232 233 235 236 237 237 228 229 229 230 230 231 231 231 225 223 223 226 232 235 235 233 226 227 228 229 229 228 227 226 230 230 230 231 231 232 232 232 233 233 233 233 233 233 233 233 231 230 229 227 227 228 229 229 223 225 229 228 227 227 231 233 230 230 230 230 232 232 232 232 230 234 237 237 233 229 228 229 227 229 226 222 219 212 193 174 153 101 57 43 38 39 39 32 37 36 36 34 31 28 25 21 19 21 22 21 18 15 14 13 14 15 16 18 18 19 18 18 9 13 16 17 17 18 22 25 23 25 25 23 19 16 15 15 10 9 7 6 7 9 11 13 7 7 8 8 10 12 13 14 11 11 12 11 10 9 8 7 2 5 7 9 9 10 11 12 9 11 13 12 10 10 13 17 20 21 21 21 20 21 23 24 21 19 15 12 10 10 12 13 3 7 10 9 6 7 13 18 15 10 7 9 10 8 7 8 0 0 1 6 7 4 3 4 4 4 5 5 6 7 8 8 0 3 6 7 5 5 7 9 7 6 5 4 4 4 5 5 9 7 5 5 7 9 8 7 3 2 0 1 3 5 5 4 2 3 5 5 6 7 10 12 3 4 6 8 10 13 14 15 7 9 9 9 13 17 15 9 4 7 10 10 7 5 5 7 10 11 14 17 19 18 14 10 10 11 12 14 14 18 22 25 23 20 18 21 22 29 42 52 51 58 66 70 73 78 104 142 172 195 219 228 230 233 238 240 237 238 241 240 238 239 243 247 239 237 238 241 240 238 240 245 243 241 240 240 241 243 244 243 242 242 243 244 244 243 242 242 244 245 248 250 247 243 246 253 238 242 246 249 250 250 250 251 249 246 243 244 247 250 250 248 251 251 250 249 250 253 255 255 249 249 251 252
230 229 229 229 229 229 229 229 229 230 231 232 233 232 231 230 231 231 232 233 234 234 233 233 231 230 229 230 233 234 233 232 230 230 231 231 231 231 231 231 230 230 230 230 230 230 230 230 228 233 237 237 233 230 231 234 230 230 230 231 231 232 232 232 229 228 228 229 229 229 230 230 231 231 231 231 230 230 229 228 230 230 231 231 231 231 231 231 230 232 233 232 230 229 230 232 234 232 231 229 229 231 232 234 232 232 233 234 234 235 235 236 230 230 230 230 230 231 232 232 224 223 223 226 230 233 232 231 227 228 229 230 230 229 228 227 230 230 230 231 231 232 232 232 232 232 232 232 232 232 232 232 232 231 230 228 228 228 229 230 225 226 230 230 229 229 232 234 230 230 232 232 232 232 234 234 230 233 235 235 232 229 229 230 230 226 219 213 212 209 195 179 142 96 59 46 40 38 37 30 32 33 33 32 31 29 27 23 20 22 23 22 20 17 16 16 16 16 16 17 17 17 18 18 13 16 18 18 18 19 23 26 21 22 23 21 17 14 13 13 11 9 8 7 7 8 10 12 10 10 10 11 12 14 16 17 13 13 13 13 12 10 9 8 4 5 7 8 9 10 11 12 12 15 17 16 14 14 17 21 15 16 17 17 17 17 18 19 20 18 16 13 11 11 11 12 3 7 9 8 6 7 13 18 14 9 6 9 9 7 6 7 10 7 7 10 9 3 1 3 8 8 9 9 9 9 10 10 1 4 6 6 5 4 6 8 7 7 5 4 4 4 4 4 9 7 5 5 6 7 7 6 7 5 4 4 6 7 7 6 3 3 4 4 5 6 8 10 6 6 7 8 9 10 10 11 10 12 12 12 15 19 17 11 7 10 13 12 10 8 8 9 8 9 10 13 15 14 11 6 13 12 16 16 20 22 27 30 26 22 19 21 22 26 40 48 53 58 65 67 72 77 104 143 173 196 219 229 231 235 240 242 240 238 238 240 242 243 243 243 243 241 241 242 240 236 237 241 242 242 241 242 242 242 241 240 244 244 244 245 245 244 244 244 245 246 249 250 247 242 245 252 243 245 248 248 247 246 246 246 251 247 244 244 246 248 247 246 246 244 242 241 242 245 248 249 252 253 253 254
232 232 231 230 229 229 228 228 230 230 232 232 232 231 229 228 231 231 232 233 233 233 233 232 231 230 229 231 233 235 234 233 232 232 231 230 229 228 227 227 230 230 230 230 230 230 230 230 229 232 236 236 233 231 231 233 230 230 231 231 231 232 232 232 229 229 229 230 230 230 231 231 233 232 231 230 230 230 231 231 235 235 234 233 232 231 230 230 233 235 235 234 231 230 230 231 234 233 232 231 231 232 233 234 233 233 233 234 234 234 234 234 232 231 230 230 230 231 233 234 225 224 224 225 228 230 230 229 229 230 230 231 231 230 230 229 230 230 230 231 231 232 232 232 230 230 230 230 230 230 230 230 232 232 231 230 229 230 230 230 226 228 231 231 230 229 233 234 230 230 232 232 232 231 233 233 230 231 232 232 230 229 230 231 231 228 223 216 206 183 148 120 98 65 43 38 33 33 34 28 25 26 27 27 27 27 26 25 20 22 23 23 21 19 19 20 19 18 16 15 15 15 16 17 11 12 13 13 13 14 18 20 19 20 20 18 14 12 10 11 11 10 9 7 7 8 9 10 7 7 7 8 9 10 12 13 8 8 8 8 7 6 5 4 6 6 7 8 9 10 11 11 10 13 15 14 12 12 15 19 13 14 15 17 17 16 15 14 18 18 16 15 13 12 11 10 4 7 9 8 7 8 12 17 13 7 5 7 8 5 4 6 10 7 5 7 5 0 0 0 7 7 7 6 6 6 5 5 4 5 6 6 4 4 5 6 8 7 6 4 3 3 3 3 9 7 5 4 5 6 5 3 9 6 5 4 6 7 6 5 4 4 3 3 4 5 6 7 8 8 8 7 7 7 6 6 6 9 9 8 10 13 12 7 6 7 9 8 6 5 5 6 9 8 8 10 12 12 11 7 11 10 14 14 18 19 22 25 29 26 23 25 26 30 43 51 56 60 66 68 75 82 111 152 178 200 220 230 231 235 240 241 241 237 236 239 244 246 243 239 243 241 241 243 241 236 237 241 242 242 244 245 245 245 245 244 244 244 245 245 245 245 244 244 247 247 249 250 247 242 244 250 250 250 251 249 246 244 244 244 254 251 248 247 248 248 248 247 255 254 250 249 252 254 254 253 249 249 249 249
230 230 230 229 229 228 228 228 230 231 232 232 232 230 228 227 230 230 231 232 232 231 231 230 231 230 229 231 234 235 235 234 232 232 231 230 229 228 227 227 230 230 230 230 230 230 230 230 229 232 235 234 232 231 231 233 234 234 234 235 235 235 235 235 231 231 232 232 232 233 233 233 233 232 230 229 229 230 231 232 238 237 237 236 234 233 233 232 236 237 237 236 235 234 235 235 234 234 233 232 232 233 234 234 235 234 234 233 233 232 232 232 234 233 231 230 230 231 233 235 226 226 226 227 228 229 229 229 231 231 231 231 231 231 231 231 230 230 230 231 231 232 232 232 231 231 231 231 231 231 231 231 233 232 232 231 231 230 230 230 226 228 231 230 229 228 232 233 230 230 232 231 231 231 233 232 230 230 229 229 229 229 230 231 229 226 221 214 197 160 111 75 64 43 33 33 29 29 31 26 24 24 24 25 25 25 25 25 18 20 22 21 20 19 20 21 21 19 16 14 13 14 15 16 10 10 9 9 9 11 14 16 18 19 19 17 14 11 10 10 12 11 9 8 8 8 8 9 6 5 5 6 7 8 9 10 7 7 7 7 6 5 3 3 8 7 7 7 9 10 11 10 7 10 12 12 10 10 14 18 15 16 17 19 20 19 17 14 17 17 17 16 15 12 10 8 6 7 8 8 7 8 12 16 12 6 4 6 7 4 3 5 6 2 1 4 4 1 2 5 7 6 6 5 4 3 2 2 6 6 6 5 4 4 4 5 8 7 6 4 3 2 2 2 9 7 5 4 4 4 3 2 6 4 2 1 2 3 2 0 6 4 3 3 3 4 4 4 8 7 7 6 6 5 5 5 5 7 7 5 6 9 8 5 6 6 6 6 5 4 3 3 12 10 9 10 12 13 13 10 10 10 13 14 16 18 21 23 31 26 25 27 31 37 49 57 56 59 65 71 82 93 125 165 187 205 223 230 231 235 239 239 238 235 236 240 243 243 240 237 239 238 240 243 242 239 240 245 243 244 245 245 246 248 251 253 249 249 248 248 248 248 249 249 249 247 248 250 247 243 244 248 251 252 251 249 247 245 246 248 255 253 251 250 250 251 251 252 255 249 244 245 250 253 251 248 247 247 247 247
226 226 226 227 227 228 228 228 230 230 231 232 231 230 228 227 228 229 229 230 230 229 228 228 231 230 229 231 233 235 234 233 231 231 231 231 230 230 230 230 230 230 230 230 230 230 230 230 231 232 233 233 232 231 231 232 236 236 236 236 236 236 236 236 231 231 232 232 232 233 233 233 232 231 230 229 229 230 232 233 234 234 234 234 234 233 233 233 234 234 234 235 236 236 236 236 234 233 233 233 233 233 233 234 235 234 234 233 232 232 231 231 234 233 232 231 231 231 232 233 227 228 228 229 229 229 230 230 232 231 231 231 231 231 231 232 230 230 230 231 231 232 232 232 231 231 231 231 231 231 231 231 232 232 232 232 231 231 230 230 225 227 230 229 227 227 230 231 230 230 232 231 231 230 232 231 229 228 227 227 228 229 229 229 229 220 211 203 188 159 123 97 59 45 41 39 31 28 28 21 25 25 24 23 23 22 22 22 16 18 19 18 17 17 19 20 21 19 16 14 13 13 14 15 14 13 12 12 14 16 17 18 18 19 20 18 14 11 10 10 11 11 10 9 8 8 8 8 10 9 9 9 10 11 12 13 12 12 12 12 11 9 8 7 11 9 7 7 9 11 10 9 9 12 15 14 12 13 17 21 18 17 18 20 22 21 18 14 16 17 17 17 15 12 10 8 7 7 8 7 7 9 12 14 11 6 4 6 7 4 3 5 7 4 4 7 8 6 8 11 10 10 9 8 7 6 5 5 8 7 5 4 4 4 4 4 7 6 5 3 2 2 2 2 9 7 5 4 4 4 3 2 5 2 0 0 1 1 0 0 7 5 2 2 4 5 4 2 5 5 5 6 6 6 6 6 8 11 11 8 7 10 10 8 12 11 10 9 8 8 7 6 12 10 8 9 11 12 12 10 14 14 18 19 20 20 24 26 24 22 22 28 36 43 56 62 56 60 65 70 83 97 131 172 191 209 223 230 232 235 240 241 233 235 239 240 239 237 237 238 238 238 240 244 243 240 241 245 246 246 245 243 241 243 249 253 252 251 250 249 249 250 251 252 249 247 247 249 248 244 244 248 246 247 248 247 246 246 248 250 251 251 250 249 249 250 252 254 252 247 244 245 251 254 252 249 249 249 250 251
224 224 225 226 227 227 228 228 228 229 230 231 231 230 228 227 229 229 230 230 229 229 228 227 231 230 229 230 232 233 232 231 229 229 230 230 231 231 232 232 230 230 230 230 230 230 230 230 231 231 231 231 231 231 231 232 234 234 234 234 233 233 233 233 229 229 229 230 230 230 231 231 231 231 230 230 230 231 232 233 229 229 229 230 230 231 231 232 230 229 229 230 232 234 233 232 232 232 233 233 233 233 232 232 234 234 233 233 232 232 231 231 232 232 232 232 232 231 231 230 226 228 230 230 229 229 230 232 232 231 231 230 230 231 231 232 230 230 230 231 231 232 232 232 232 232 232 232 232 232 232 232 231 231 231 232 231 230 229 229 225 227 230 229 227 226 229 230 230 230 231 231 230 229 231 231 229 227 226 227 228 228 227 226 227 219 211 202 182 148 111 88 50 40 39 38 31 31 32 24 26 25 24 22 21 21 21 19 15 16 17 16 14 15 17 19 19 18 16 14 13 13 14 14 11 11 11 13 16 17 17 16 19 20 20 18 15 12 11 11 10 10 9 9 9 9 8 8 9 9 9 9 9 10 11 12 11 12 12 11 11 9 8 7 14 10 6 6 9 11 10 8 8 11 14 13 12 12 16 20 19 17 16 18 21 21 17 13 17 17 17 16 15 12 10 8 8 8 7 7 8 10 12 13 12 6 4 6 7 4 3 5 8 5 5 8 7 4 4 7 8 8 7 6 5 4 4 3 9 7 4 3 4 5 5 4 5 4 4 3 2 3 3 3 9 7 5 4 5 6 5 3 6 4 2 2 3 4 4 2 8 5 2 2 5 7 5 3 4 4 5 6 6 7 7 8 8 11 11 6 4 7 8 7 13 11 8 7 8 8 7 5 10 8 7 7 9 10 10 7 11 13 17 18 20 19 22 22 18 15 18 29 39 46 58 65 59 61 63 70 83 99 134 174 195 209 224 230 231 238 244 243 231 236 240 240 236 234 236 240 242 241 243 246 244 238 237 241 247 247 246 241 237 237 241 246 245 244 242 241 241 242 244 245 249 246 246 249 248 245 245 248 242 243 245 245 244 244 246 247 246 247 247 246 246 247 250 253 253 251 249 250 254 255 255 254 248 248 249 249
226 227 227 227 227 227 227 227 227 228 229 231 231 230 229 228 231 231 231 231 231 230 229 228 232 230 229 229 230 231 229 228 228 228 229 229 230 230 230 230 230 230 230 230 230 230 230 230 232 231 230 230 231 232 231 231 233 233 232 232 231 231 231 230 231 231 231 232 232 232 233 233 231 232 233 233 234 234 234 234 229 229 230 230 230 231 231 231 230 228 227 228 230 231 230 228 231 231 232 232 232 232 231 231 233 233 232 232 232 232 232 232 230 231 232 233 232 231 229 227 224 226 229 229 228 228 230 233 232 231 230 229 229 230 231 232 230 230 230 231 231 232 232 232 230 230 230 230 230 230 230 230 229 230 231 231 231 229 228 227 227 228 231 230 228 227 229 231 230 230 231 231 230 229 230 230 228 227 226 227 229 228 225 221 219 212 203 188 158 113 71 48 37 29 29 29 24 28 32 25 24 23 21 20 19 19 20 20 16 15 15 13 11 11 13 16 15 15 14 13 13 12 12 12 8 8 9 13 17 19 17 14 18 19 20 18 14 11 10 10 8 8 9 9 10 10 9 9 8 8 8 7 8 9 9 10 9 9 9 9 8 7 6 5 16 11 6 6 9 12 10 8 7 10 13 13 12 12 16 21 22 18 15 16 19 20 17 13 18 17 17 15 14 12 10 9 9 8 7 7 8 10 11 12 12 7 5 7 8 5 4 6 6 4 4 7 6 2 0 1 5 4 4 3 3 2 2 1 9 6 2 2 4 6 6 5 3 3 2 2 2 3 4 5 9 7 5 5 6 7 7 6 7 5 3 4 5 7 7 6 9 5 1 3 7 9 7 4 6 6 6 6 7 7 7 8 6 10 10 4 1 3 5 5 12 8 5 3 4 5 3 2 7 6 6 7 9 10 9 7 8 11 16 17 18 17 18 19 17 16 21 34 44 51 60 65 61 62 64 71 88 106 142 183 204 216 227 231 231 235 239 240 237 238 239 239 238 238 239 240 242 241 244 247 244 239 238 240 242 245 247 245 240 239 242 245 242 240 239 237 237 239 240 242 248 245 244 248 249 247 246 249 246 248 249 248 246 243 242 243 248 249 249 247 245 246 249 252 245 245 244 244 245 245 245 245 247 247 247 247
230 230 229 228 228 227 226 226 226 227 229 230 231 231 230 229 233 233 233 233 233 232 231 230 232 230 229 228 229 229 227 226 228 228 228 228 228 228 228 228 230 230 230 230 230 230 230 230 233 231 230 230 231 232 231 231 233 233 233 232 232 231 231 231 233 233 234 234 234 235 235 235 230 231 233 234 235 235 234 233 233 233 233 233 233 233 233 233 234 231 228 229 231 231 229 226 230 231 231 232 232 231 231 230 232 232 232 232 232 232 232 232 228 230 232 233 233 230 227 225 222 225 228 228 226 226 229 232 231 231 229 228 228 229 231 231 230 230 230 231 231 232 232 232 229 229 229 229 229 229 229 229 228 229 230 231 230 229 227 226 228 230 232 231 229 228 231 232 230 230 231 230 229 229 230 229 228 227 226 228 229 228 223 219 210 196 178 156 124 86 58 47 43 33 30 27 20 24 28 19 23 22 21 20 19 20 21 22 15 16 15 13 11 11 13 15 13 13 14 14 14 13 12 11 10 11 13 18 23 24 21 18 17 18 19 17 13 10 9 9 7 7 8 9 10 10 10 10 12 12 12 11 12 12 13 14 12 12 12 12 11 9 8 7 18 12 6 6 9 12 10 7 12 15 18 18 17 18 22 26 25 20 16 17 20 22 19 16 18 18 16 15 13 12 11 10 10 8 6 6 8 10 11 11 13 7 5 7 8 5 4 6 7 5 7 11 11 6 4 5 7 7 7 6 6 6 5 5 9 5 2 1 4 6 7 6 2 2 2 2 3 4 5 6 9 7 5 5 7 9 8 7 5 4 2 3 5 7 7 6 9 5 1 3 8 10 8 5 8 8 7 7 7 7 7 6 10 14 14 8 4 6 8 8 16 13 8 7 8 9 8 5 9 9 9 10 12 13 11 9 12 14 19 20 21 20 21 19 19 18 26 39 49 56 63 66 62 64 67 75 95 116 153 196 214 225 233 232 230 231 232 230 243 239 236 237 241 243 242 239 238 238 242 246 246 241 241 244 235 242 248 250 248 246 248 251 250 248 246 245 245 246 248 250 248 244 244 248 249 247 247 249 253 255 255 254 249 245 241 240 252 254 254 251 248 247 250 253 254 255 255 254 252 250 251 252 251 251 250 250
226 226 226 226 226 226 226 226 228 229 230 231 231 230 229 228 230 230 230 230 230 230 230 230 229 228 227 226 227 228 230 231 225 227 228 229 230 229 228 228 227 229 231 232 230 230 230 232 230 230 230 231 231 232 232 232 230 230 229 229 229 230 231 231 229 230 231 233 233 232 231 231 229 231 233 233 232 232 233 235 232 232 232 232 232 232 232 232 229 229 229 230 230 231 231 231 230 230 231 232 233 233 234 234 227 229 233 237 238 238 236 235 226 228 231 232 231 230 230 231 227 227 227 228 228 229 229 229 231 229 228 227 226 227 228 228 230 230 229 229 228 227 226 226 224 226 228 228 228 228 230 232 227 228 230 232 232 230 228 227 225 225 227 228 228 229 231 231 228 229 231 231 230 228 228 227 222 225 226 226 228 228 221 211 204 199 173 136 104 72 51 50 32 29 26 24 24 25 24 23 19 19 18 18 18 19 19 20 15 15 16 16 15 15 14 13 10 15 16 11 9 14 16 13 8 11 15 20 22 22 20 19 19 19 19 17 13 10 10 11 9 8 7 9 12 14 14 14 13 12 11 11 11 11 12 13 6 7 8 10 11 12 12 12 14 11 8 9 13 15 14 12 7 12 15 16 18 22 21 18 21 19 19 22 26 27 24 20 23 20 16 14 14 14 13 12 8 8 8 9 9 9 10 10 6 4 6 10 10 6 5 7 5 6 8 9 8 6 4 3 4 6 7 7 5 3 3 4 4 5 7 8 9 9 8 7 5 4 3 2 2 3 4 5 6 4 2 3 6 8 9 9 7 6 5 4 4 5 7 8 4 8 7 4 6 12 11 5 2 4 7 10 10 9 7 5 3 10 17 16 10 6 7 10 6 10 12 10 10 13 12 8 8 8 9 10 12 14 16 18 6 17 14 10 20 22 15 14 17 17 26 43 55 60 64 69 67 65 71 84 104 132 172 203 217 222 229 233 235 235 233 231 234 238 238 234 234 238 238 234 235 237 241 244 245 244 242 240 235 239 244 243 241 241 245 250 247 246 246 248 251 253 253 252 249 248 247 247 247 246 244 241 243 243 245 248 251 251 249 247 246 252 254 251 248 251 254 253 255 255 255 252 247 247 253 255 252 251 250 249
227 227 227 227 227 227 227 227 225 226 227 228 228 227 226 225 230 230 230 230 230 230 230 230 228 227 226 226 226 227 229 230 226 227 229 230 230 230 229 229 227 229 230 231 229 229 230 231 230 230 230 231 231 232 232 232 231 230 230 229 229 230 231 231 226 227 230 232 234 235 235 235 231 232 234 233 232 232 233 235 231 231 231 231 231 231 231 231 230 230 230 230 231 231 231 232 232 232 232 232 232 231 231 231 228 230 232 234 235 234 233 232 227 229 231 231 230 229 230 231 228 228 229 229 230 230 230 231 232 231 229 228 228 228 229 230 232 231 230 229 228 228 228 228 225 227 229 229 228 228 230 232 226 228 229 231 231 229 228 226 225 225 227 228 228 229 231 231 228 228 230 230 229 228 229 229 222 224 224 223 223 222 214 204 204 203 183 152 119 80 48 40 36 33 28 25 24 23 21 20 22 21 20 20 20 21 21 20 16 16 17 17 16 15 14 14 11 16 17 12 10 13 15 13 17 17 17 16 16 15 15 15 21 21 21 18 15 12 12 13 11 10 8 8 10 11 10 9 12 12 13 13 13 13 12 12 7 7 9 10 11 11 11 11 12 10 9 9 11 12 12 12 5 10 14 14 16 20 20 16 19 19 19 21 23 23 23 21 24 21 18 15 15 15 14 13 7 8 8 8 9 9 9 9 8 5 6 10 10 7 6 8 5 6 8 8 8 6 4 3 4 6 8 7 5 4 4 5 3 4 5 6 6 6 5 4 6 5 4 3 3 4 5 6 7 5 4 5 7 9 9 8 8 7 6 5 5 6 7 8 6 8 7 4 6 11 10 5 4 5 7 8 9 8 6 5 4 9 14 15 11 8 8 10 4 8 10 8 8 11 10 6 9 9 9 11 12 15 17 18 8 18 15 11 20 21 15 13 17 19 30 48 59 61 63 67 67 70 78 93 115 142 177 203 218 222 227 231 233 232 230 229 233 236 236 233 233 236 236 233 238 239 240 241 242 242 242 241 237 241 244 243 239 238 241 245 242 241 241 243 246 248 248 247 245 246 246 246 245 245 244 245 243 243 243 246 248 248 246 244 254 255 255 253 249 248 248 245 251 252 252 248 244 244 249 254 248 247 246 245
229 229 229 229 229 229 229 229 225 225 226 227 227 226 225 225 230 230 230 230 230 230 230 230 229 228 228 228 228 229 230 231 227 228 229 230 230 230 230 229 226 228 229 229 228 228 229 231 231 231 231 231 232 232 232 232 231 231 230 230 230 230 231 231 229 230 232 234 235 236 236 236 234 236 237 236 234 233 234 233 230 230 230 230 230 230 230 230 226 227 227 227 228 228 228 228 233 233 232 231 230 230 229 229 230 230 231 231 230 230 230 230 228 229 230 229 228 228 230 232 230 230 230 230 231 231 231 231 233 232 231 230 230 230 230 230 234 233 231 229 228 228 229 230 228 230 231 230 229 228 229 231 226 227 228 229 229 228 227 226 225 225 228 228 228 228 231 231 228 228 229 228 228 228 231 231 225 226 225 222 221 219 209 199 202 192 158 119 89 59 39 37 37 31 27 24 23 22 20 19 22 22 21 20 20 21 21 22 17 15 16 16 15 15 14 13 11 15 15 12 9 11 11 12 15 14 12 12 13 17 20 23 21 22 22 19 15 13 13 13 16 14 11 10 11 11 9 8 12 13 14 15 15 14 13 12 9 9 10 10 10 10 9 9 9 10 10 10 9 9 11 13 5 9 12 12 14 18 18 14 18 19 20 20 19 20 22 24 27 24 20 17 17 16 15 13 8 8 8 8 9 9 10 10 9 7 7 11 11 7 6 9 6 7 8 8 8 7 5 4 5 7 8 8 6 4 4 5 5 5 6 6 6 5 4 4 8 7 5 4 4 5 7 8 8 7 6 7 9 9 8 6 9 8 8 7 7 7 8 9 8 9 7 5 6 9 8 4 7 7 7 7 7 6 6 6 6 8 11 13 13 12 11 10 5 7 8 6 6 9 9 5 8 8 9 10 11 13 15 16 11 19 16 12 18 18 14 16 20 25 37 55 63 64 64 64 65 71 85 109 135 161 188 208 220 225 229 231 233 232 230 229 232 237 237 234 234 237 237 234 241 240 239 238 238 239 241 242 238 241 243 243 240 240 242 245 240 239 238 240 243 244 244 243 244 246 248 247 244 244 247 250 245 244 243 244 246 246 245 243 249 254 255 253 251 252 251 248 248 250 250 248 244 244 247 251 247 246 245 244
228 228 228 228 228 228 228 228 227 228 228 228 228 228 228 227 230 230 230 230 230 230 230 230 231 231 231 231 231 232 232 233 227 227 228 228 229 229 229 229 226 227 228 228 227 227 229 231 231 232 232 232 232 232 232 232 232 232 231 230 230 230 230 231 234 234 233 233 233 232 231 231 234 235 236 235 232 231 232 231 231 229 229 229 229 229 229 229 227 227 227 228 228 229 229 229 233 232 232 231 230 230 229 229 231 231 230 229 229 230 231 232 230 230 230 228 227 228 230 233 230 230 230 230 231 231 231 231 232 231 231 230 230 230 230 230 234 232 230 228 227 228 229 230 230 232 232 231 229 228 229 230 226 226 227 228 228 227 226 226 226 226 228 228 228 228 230 230 228 227 228 227 227 229 232 233 228 229 228 225 223 220 211 200 192 171 124 80 57 41 33 37 33 28 25 23 24 25 24 23 23 23 22 21 21 21 21 22 16 16 17 17 17 16 15 14 13 15 16 14 11 10 10 10 13 12 12 12 15 19 24 27 21 22 21 19 15 13 12 13 20 17 15 14 14 14 13 12 12 13 15 17 17 15 13 12 12 13 13 12 12 10 9 8 9 11 13 12 9 9 12 15 6 10 12 12 13 17 18 15 18 21 22 21 18 19 23 27 28 25 21 18 17 17 15 14 9 9 10 10 10 11 11 11 11 8 8 11 11 7 7 10 7 7 8 8 8 7 5 5 6 7 9 8 6 5 5 6 9 9 9 9 8 7 6 6 9 8 6 5 5 6 8 9 9 8 8 9 10 10 7 4 10 10 9 9 8 8 8 9 9 9 7 6 7 8 6 4 11 10 9 7 7 7 7 8 7 7 7 11 15 16 13 8 9 10 11 8 9 12 12 9 11 10 11 11 12 14 15 16 13 21 17 14 19 18 15 20 25 32 45 57 64 65 64 65 61 71 92 125 155 180 201 217 225 227 230 231 232 232 232 233 237 240 240 239 239 240 240 239 241 241 240 239 238 239 240 240 237 239 242 243 243 244 247 250 242 241 240 241 243 245 244 243 245 249 251 249 244 243 248 253 249 247 244 244 245 246 245 244 246 251 253 251 251 253 252 248 250 251 252 250 248 248 250 252 250 249 248 246
228 228 228 228 228 228 228 228 229 228 228 228 228 228 228 229 230 230 230 230 230 230 230 230 229 230 230 231 231 232 232 232 227 227 227 227 227 228 228 229 227 228 228 227 226 227 229 231 233 232 232 232 232 232 232 232 233 233 232 231 230 230 230 231 234 233 232 231 230 230 229 229 233 234 234 233 231 230 231 230 231 229 229 229 229 229 229 229 231 231 231 232 232 233 233 233 231 231 231 231 231 231 231 231 232 231 230 229 230 232 234 236 231 232 231 229 228 228 230 233 230 230 230 230 229 229 229 229 230 230 230 230 230 229 229 228 232 231 229 227 227 227 227 228 231 232 233 231 229 228 228 229 226 227 227 227 227 227 227 226 226 226 228 228 228 228 230 230 228 227 228 227 227 229 232 233 228 229 228 225 225 222 213 203 180 161 121 85 68 50 36 33 32 27 24 23 24 25 24 23 23 22 21 20 20 20 20 20 17 17 17 17 17 16 15 14 14 15 16 16 14 11 10 11 20 20 19 19 19 19 19 19 23 24 23 21 17 15 14 15 18 16 14 14 16 17 16 15 12 13 15 17 17 15 13 12 15 15 15 14 13 12 10 9 10 13 15 13 11 10 14 17 9 13 14 13 15 19 19 17 20 22 24 22 20 21 25 29 27 24 20 18 17 17 15 14 11 11 11 12 12 13 13 13 12 9 8 11 10 7 7 10 8 8 8 8 8 7 6 6 6 8 10 9 7 6 6 7 10 10 9 8 8 7 7 7 9 8 7 6 6 7 8 9 9 9 9 9 10 9 6 3 10 10 10 10 9 9 8 8 10 8 6 7 8 7 5 5 14 12 10 8 8 8 10 10 9 7 6 10 15 17 15 9 10 11 11 8 9 12 13 10 13 13 12 13 13 14 15 16 14 20 18 16 20 18 16 25 35 40 51 56 61 65 67 66 65 79 108 145 175 195 210 220 226 229 229 230 230 230 231 232 238 239 239 240 240 239 239 240 240 240 241 241 241 240 239 238 238 240 241 242 243 244 246 247 244 243 242 242 244 245 244 243 246 249 252 249 243 241 244 248 248 246 244 243 244 244 243 242 253 255 254 250 248 248 245 240 252 252 252 252 251 251 252 254 252 251 250 249
227 227 227 227 227 227 227 227 228 227 227 226 226 227 227 228 230 230 230 230 230 230 230 230 227 228 229 230 230 230 229 229 228 227 227 227 227 228 229 230 228 229 229 227 226 227 230 232 233 233 233 233 232 232 232 232 234 234 232 231 230 230 230 231 232 231 231 230 230 231 232 232 232 233 234 233 231 231 231 231 231 229 229 229 229 229 229 229 228 229 229 229 230 230 230 230 232 232 232 232 232 232 232 232 232 231 231 231 232 233 235 237 232 233 233 232 230 230 231 233 230 230 230 230 229 229 229 229 230 230 230 230 230 229 228 227 230 229 229 228 228 227 226 225 230 231 232 231 228 227 228 229 228 228 227 227 227 227 228 228 227 227 228 228 228 228 229 229 228 228 229 228 228 228 231 231 225 226 226 223 223 220 211 201 180 158 115 81 66 51 36 31 32 29 25 22 22 22 20 19 23 22 21 19 19 18 19 17 16 17 17 17 17 16 15 14 14 14 16 18 16 11 10 13 14 18 20 22 23 22 22 21 26 27 26 24 20 18 17 18 14 12 11 12 14 15 15 15 12 13 14 15 15 14 13 12 16 16 16 15 13 12 10 9 13 13 14 13 13 13 15 17 12 15 16 14 15 20 21 18 21 23 23 23 23 24 26 28 24 21 18 16 16 16 15 14 11 11 12 12 12 13 13 13 13 9 8 9 9 6 6 9 9 9 8 8 7 7 7 7 7 9 11 10 8 7 7 8 8 7 6 6 5 6 6 7 9 8 6 5 5 6 8 9 9 8 7 8 9 8 6 4 10 10 10 10 10 8 7 6 10 6 5 8 9 7 5 6 13 11 10 9 9 9 10 11 9 8 7 10 14 16 15 10 7 10 10 6 7 11 12 10 15 15 14 14 14 15 15 16 15 20 18 17 21 18 19 30 42 50 58 58 60 64 68 69 78 96 127 163 188 202 212 223 229 230 228 227 227 227 229 230 236 236 236 238 238 236 236 238 239 240 242 243 243 242 241 240 243 243 242 242 241 240 240 240 244 243 242 242 243 244 242 241 244 246 248 247 243 240 240 242 246 244 243 243 244 244 242 241 251 252 250 247 248 251 250 245 252 251 250 249 250 251 253 254 252 251 250 248
229 229 229 229 229 229 229 229 230 229 228 227 227 228 229 230 230 230 230 230 230 230 230 230 228 229 230 232 232 232 231 230 230 230 229 229 229 230 232 233 229 230 229 228 227 228 231 234 234 234 234 233 233 232 232 232 235 234 233 232 231 230 230 230 235 234 233 232 232 232 233 234 232 234 235 235 234 233 234 234 232 230 230 230 230 230 230 230 227 227 228 228 228 229 229 229 235 235 234 234 233 232 232 232 233 233 232 232 232 233 233 234 233 234 236 235 233 231 232 233 232 232 231 231 230 230 230 229 230 231 232 232 232 231 229 228 229 230 231 231 230 228 226 225 228 229 230 229 228 227 228 229 229 229 228 228 228 228 229 229 227 227 229 228 228 227 229 229 228 228 230 230 229 228 229 229 225 226 225 222 221 218 209 199 182 151 96 56 44 38 31 31 30 25 21 19 19 19 17 16 21 20 19 18 17 17 17 17 16 15 15 15 15 14 13 13 13 12 14 19 17 11 10 15 9 13 16 20 23 25 26 26 25 25 25 22 19 16 16 17 14 12 11 11 13 15 15 14 12 12 13 13 13 13 12 12 14 14 14 13 12 10 9 8 14 12 11 11 13 15 15 14 13 16 16 14 15 20 21 19 21 21 21 23 25 26 25 24 20 18 14 13 14 15 14 13 10 10 10 10 11 11 12 12 13 9 7 8 7 4 5 8 9 9 8 8 7 7 7 7 8 10 11 11 9 7 7 8 7 7 6 5 6 7 8 9 8 7 6 5 5 6 7 8 9 7 5 5 7 7 7 5 9 10 10 10 9 8 6 5 9 4 3 8 10 7 6 8 9 8 8 8 8 9 9 10 10 9 10 11 13 14 14 11 8 10 9 6 6 10 12 10 16 15 15 14 14 14 15 15 15 19 17 18 22 19 21 35 49 57 64 62 63 67 70 71 90 111 144 178 200 209 219 227 234 234 231 229 229 228 230 232 236 234 234 238 238 234 234 238 242 241 241 241 242 243 244 245 248 247 245 244 243 242 241 239 246 244 243 243 244 244 242 241 243 245 247 248 247 245 242 241 247 246 246 247 249 248 246 243 248 249 247 245 250 255 255 255 254 252 249 248 249 252 254 255 252 251 250 249
230 230 230 230 230 230 230 230 233 232 231 230 230 231 232 233 230 230 230 230 230 230 230 230 232 233 234 236 236 235 234 234 233 232 231 230 231 232 234 235 230 231 230 228 227 228 232 235 234 234 234 233 233 232 232 232 235 234 233 232 231 230 230 230 242 240 237 235 233 232 232 232 233 235 237 237 236 236 237 237 232 230 230 230 230 230 230 230 233 234 234 234 235 235 235 236 239 238 237 235 233 232 231 230 234 234 233 233 232 231 230 230 233 235 237 237 235 233 232 232 233 233 233 232 232 231 231 231 232 232 233 234 233 232 231 229 229 230 233 234 233 230 227 225 227 228 231 229 229 227 230 229 232 229 231 228 230 229 231 230 227 227 229 228 228 227 229 229 228 229 231 231 230 228 228 227 227 229 227 223 222 218 209 198 175 144 89 50 41 36 29 29 25 21 20 18 21 20 22 19 24 21 22 19 20 17 19 17 15 15 16 16 16 15 14 13 13 12 15 20 19 13 12 17 17 19 19 19 19 19 20 20 21 21 21 19 17 14 14 15 17 15 13 14 15 16 15 14 13 12 11 11 11 11 12 13 11 12 12 11 10 9 8 7 14 11 8 9 13 15 14 12 13 16 16 13 14 19 20 18 21 19 19 22 26 27 24 20 18 15 12 11 13 14 14 13 8 8 8 9 9 9 10 10 12 8 6 7 6 3 4 7 10 9 8 7 7 7 7 8 8 10 11 11 9 7 8 8 9 8 8 7 8 9 11 12 8 7 5 4 4 5 7 8 9 6 4 3 5 7 7 7 9 9 10 10 9 7 5 4 9 3 2 8 10 7 6 10 5 5 6 7 7 8 8 8 10 10 11 12 12 13 14 12 11 13 12 9 9 14 15 13 18 17 16 15 15 15 16 16 16 19 19 18 23 18 21 36 50 59 67 66 67 70 72 72 97 118 155 187 206 214 225 234 241 240 238 236 232 233 235 237 238 236 236 240 240 236 236 240 244 242 240 239 240 243 247 250 251 249 248 248 249 249 247 246 248 247 245 245 246 246 244 242 244 246 248 251 253 252 247 244 250 250 251 253 255 254 251 248 255 255 251 247 250 255 255 252 255 254 250 248 250 253 255 255 254 253 252 251
228 228 228 228 228 228 228 228 224 224 225 226 228 229 230 231 230 230 230 230 230 230 230 230 230 231 231 232 232 231 231 230 225 226 227 227 228 229 230 230 227 228 229 229 227 227 228 229 226 228 230 232 232 232 230 229 227 227 227 228 229 230 232 233 230 232 234 235 233 233 233 235 230 230 231 232 234 235 236 237 232 232 232 232 232 232 232 232 231 232 232 230 229 229 231 234 231 229 228 228 230 232 231 231 233 234 234 234 234 233 232 231 229 228 227 227 228 229 231 232 229 229 229 229 229 229 229 229 229 229 229 230 230 231 231 231 226 228 230 232 232 229 225 223 224 228 233 232 232 229 233 234 233 230 231 230 234 233 235 231 224 224 225 226 228 227 227 228 226 228 229 230 232 231 232 230 227 223 223 216 208 207 189 157 138 98 57 38 34 31 30 31 24 21 22 21 23 21 20 16 20 18 20 17 19 18 21 20 13 13 14 17 18 18 15 12 10 13 16 17 17 16 17 17 13 13 15 19 23 24 25 24 19 18 18 18 20 19 19 19 16 13 12 11 11 11 12 12 10 12 13 11 7 6 9 11 11 10 10 9 9 10 10 11 11 11 10 8 7 10 14 18 13 18 20 17 17 20 22 21 14 19 22 22 24 27 27 23 18 15 12 10 11 11 11 10 3 2 5 10 10 6 5 6 5 3 4 8 8 4 3 5 9 5 5 8 9 7 8 12 8 9 10 11 11 10 9 8 5 4 3 3 4 5 7 8 4 3 1 0 1 3 5 6 5 7 10 8 5 3 4 6 6 8 9 8 6 6 10 14 8 8 8 8 8 8 9 9 2 0 0 6 9 8 7 9 7 9 10 9 6 8 12 17 16 12 8 8 12 16 17 17 17 16 16 16 16 16 16 17 15 13 12 15 17 18 26 32 45 55 60 63 67 67 74 91 102 135 163 185 212 224 225 232 230 233 234 233 235 234 235 236 234 235 237 237 237 236 235 234 240 237 238 242 242 239 239 242 242 238 238 242 243 241 240 242 235 239 244 245 244 244 245 248 243 246 250 252 250 248 246 245 241 247 253 252 248 245 248 252 245 245 246 247 249 250 251 251 250 246 246 247 245 241 246 255 242 243 244 246
227 227 228 228 228 228 227 227 226 226 227 227 227 227 228 229 230 230 230 230 230 230 230 230 228 229 229 230 230 229 229 228 226 226 227 228 229 230 230 231 224 226 227 226 224 224 225 226 228 228 228 228 228 229 229 230 230 230 230 229 230 230 231 232 228 230 232 232 231 230 231 232 231 231 231 231 231 231 231 231 232 232 232 232 232 232 232 232 230 230 230 229 227 227 230 232 233 231 229 229 231 233 233 233 233 233 233 233 233 233 232 232 231 231 230 229 230 231 232 233 230 230 230 230 230 230 230 230 229 229 229 230 230 230 231 231 228 228 228 228 228 228 227 227 227 230 232 233 231 230 232 234 230 228 228 229 231 232 231 228 225 224 226 226 228 228 227 229 226 229 230 230 232 232 232 231 224 221 223 217 210 210 193 162 123 87 49 33 30 27 26 27 23 21 20 21 22 23 22 21 22 21 20 20 20 20 20 21 15 16 18 19 19 17 16 15 12 14 16 17 16 16 17 18 12 12 13 16 19 21 23 22 21 21 23 23 22 22 23 22 16 14 14 13 13 13 13 13 9 11 12 11 9 8 9 11 10 10 9 9 9 9 10 10 8 9 9 8 7 9 12 15 13 17 18 14 12 14 15 14 11 17 21 21 23 26 24 20 17 14 11 9 9 10 9 8 7 6 7 11 12 9 8 10 6 4 5 9 9 5 4 6 8 5 5 8 9 7 8 11 8 8 9 9 9 9 8 8 6 5 5 5 6 7 7 8 4 3 2 1 1 3 5 6 5 7 9 8 5 3 4 6 6 8 8 7 5 5 8 11 7 7 7 7 7 7 7 8 5 3 5 8 9 6 5 8 9 9 9 9 8 10 13 15 16 13 10 10 14 17 18 17 15 15 15 15 15 15 15 18 22 20 18 16 13 12 17 24 45 57 61 60 63 66 82 109 129 160 183 199 217 223 223 229 231 231 234 235 234 235 236 236 236 237 238 239 240 239 238 237 243 238 237 239 240 238 240 245 250 245 243 244 243 239 238 240 234 237 242 243 243 243 244 246 242 244 246 245 241 237 235 234 241 243 245 247 247 247 247 247 246 247 248 248 247 246 247 248 249 247 248 250 247 241 242 247 244 245 246 247
225 227 228 230 230 228 227 225 229 229 229 228 228 227 227 227 230 230 230 230 230 230 230 230 228 229 229 230 230 229 229 228 227 227 228 229 229 230 231 231 224 226 227 226 225 224 225 227 232 231 229 227 227 228 230 231 233 233 232 231 230 230 231 231 227 230 232 232 231 230 231 232 234 233 232 231 230 229 228 228 232 232 232 232 232 232 232 232 230 231 231 230 229 229 230 232 235 232 229 229 231 233 234 234 233 232 232 231 231 232 233 233 234 234 233 232 232 232 233 233 230 230 230 230 230 230 230 230 229 229 229 229 230 230 230 231 231 229 226 225 225 227 230 232 229 231 232 232 230 230 231 232 229 228 227 228 230 231 230 226 227 226 226 227 229 228 230 229 227 228 231 231 233 232 232 231 227 224 225 221 215 213 192 157 101 71 40 29 27 24 21 22 22 20 18 18 21 23 24 24 22 22 21 19 19 19 19 19 14 18 20 20 16 13 13 15 12 13 14 13 12 12 14 15 13 12 12 14 18 20 23 23 21 21 23 23 23 23 25 24 17 15 15 15 15 14 13 12 7 9 12 12 11 10 10 10 9 9 8 8 8 8 9 9 6 8 9 9 8 8 10 12 8 12 13 9 7 9 10 8 9 15 20 20 22 24 22 17 15 12 9 7 8 8 7 6 6 3 4 7 7 5 5 8 7 5 6 10 10 6 5 7 8 5 5 8 9 6 6 9 7 7 6 6 6 6 7 7 5 6 7 7 8 8 7 7 4 3 2 1 2 3 5 6 5 7 7 7 5 4 5 6 7 7 8 6 4 4 5 7 6 6 6 6 6 6 6 6 8 7 10 11 8 3 3 8 11 9 8 9 11 13 13 13 13 12 10 11 13 15 15 15 13 14 14 15 15 16 17 19 25 24 22 16 9 4 13 22 45 58 62 61 60 66 92 130 154 182 200 210 219 222 221 229 232 232 235 235 234 234 235 235 237 238 240 241 242 241 240 240 245 239 236 237 238 237 241 247 252 247 245 245 244 240 240 244 239 242 244 245 244 243 242 243 248 249 249 246 242 238 237 237 244 243 243 245 248 248 245 242 248 250 251 249 245 243 244 247 244 245 248 252 250 244 242 244 247 247 247 247
223 225 228 230 230 228 225 223 229 229 229 228 228 227 227 227 230 230 230 230 230 230 230 230 230 231 231 232 232 231 231 230 228 228 229 229 230 230 230 231 228 230 231 230 229 228 229 231 235 234 233 231 231 231 232 232 232 231 230 230 230 230 231 231 229 231 233 234 233 232 233 234 236 236 235 234 233 232 231 230 232 232 232 232 232 232 232 232 232 234 235 234 232 232 233 235 235 232 229 228 230 232 234 234 232 231 230 230 230 231 233 233 235 234 234 233 232 232 232 232 231 231 231 231 231 231 231 231 228 228 229 229 229 230 230 230 229 228 226 225 225 228 231 233 232 232 232 232 231 231 231 232 232 231 230 231 232 233 232 229 228 226 227 227 229 229 230 230 228 229 231 231 233 232 231 229 230 223 222 219 214 207 175 130 81 56 33 27 27 23 20 21 23 20 17 17 19 21 23 23 21 21 19 18 17 16 16 16 14 19 22 20 14 10 11 14 12 13 12 10 9 9 11 13 17 15 14 15 18 22 25 25 20 20 22 22 22 22 23 22 16 15 15 15 15 13 12 11 5 8 11 12 13 11 10 9 9 8 8 7 7 8 8 9 5 8 11 11 10 9 10 10 6 11 12 10 10 13 15 14 9 15 19 20 22 23 20 15 14 11 7 6 6 7 6 5 6 2 2 4 5 2 3 7 7 5 6 10 10 6 5 7 8 5 5 8 8 5 4 7 7 6 5 4 4 5 6 7 4 5 6 8 8 7 5 4 4 3 3 2 3 4 5 6 6 6 6 5 4 4 5 6 7 7 7 5 4 3 3 3 6 6 5 5 5 5 4 4 6 7 11 12 6 0 3 9 12 10 8 10 14 15 13 10 11 11 11 12 13 13 13 13 16 16 17 18 19 20 21 21 21 22 20 16 7 3 14 27 42 56 62 61 60 67 101 147 162 191 208 213 219 219 222 232 233 233 235 235 234 234 234 234 236 238 239 241 242 242 241 240 244 239 237 238 239 238 241 246 246 243 242 244 244 243 246 251 248 249 250 249 247 244 242 241 251 252 252 250 247 245 245 246 249 248 248 249 248 246 244 242 249 251 253 251 246 244 245 248 241 243 247 250 251 250 249 249 249 248 248 248
223 225 228 230 230 228 225 223 227 227 227 228 228 229 229 229 230 230 230 230 230 230 230 230 230 231 231 232 232 231 231 230 228 228 229 229 229 229 230 230 230 231 233 232 230 230 231 232 232 233 234 234 233 232 230 229 228 228 228 228 229 230 232 232 229 231 233 233 232 231 232 233 233 233 233 233 233 233 233 233 232 232 232 232 232 232 232 232 232 233 235 234 233 232 233 234 233 230 227 227 229 231 232 232 231 231 230 230 230 231 231 231 233 233 233 232 231 231 230 230 231 231 231 231 231 231 231 231 228 228 228 229 229 229 230 230 227 227 227 227 228 229 229 230 235 233 232 231 232 232 233 233 234 233 232 232 234 234 233 229 227 226 228 229 229 228 230 229 228 229 231 231 230 230 230 228 228 218 215 212 206 193 150 96 65 46 30 29 29 24 21 22 25 21 18 17 18 19 20 20 19 18 17 15 14 14 14 14 15 19 21 18 12 8 10 14 11 12 11 9 8 8 10 13 17 15 14 15 18 21 24 24 23 22 24 24 23 23 24 22 16 14 14 13 12 11 10 9 6 7 10 12 13 12 10 9 9 8 8 7 7 8 8 9 7 9 13 13 12 11 10 11 9 14 16 14 13 17 19 18 10 16 20 20 21 23 20 16 14 11 7 6 6 7 6 5 11 7 6 8 8 6 6 10 5 3 4 8 8 4 3 5 8 5 5 9 8 4 2 4 6 5 4 3 3 4 5 6 3 4 5 6 6 5 3 2 4 4 3 4 4 5 5 6 6 5 4 3 4 5 6 6 8 7 6 5 5 4 2 1 6 6 5 5 4 4 4 3 2 4 8 10 5 0 3 10 13 11 10 12 16 16 13 9 10 11 12 12 12 12 12 13 17 18 18 19 20 21 22 23 22 22 20 14 8 5 18 32 40 52 60 64 66 74 109 157 168 193 209 213 218 219 222 234 234 236 236 236 234 235 233 233 236 237 238 240 240 240 239 238 241 238 238 241 242 239 239 243 240 239 240 244 244 242 246 253 248 248 248 248 248 246 243 242 246 247 247 245 242 241 241 242 244 248 252 251 247 244 245 248 248 251 252 251 248 247 249 251 246 247 246 247 249 251 253 252 249 249 248 247
225 227 228 230 230 228 227 225 227 227 227 228 228 229 229 229 230 230 230 230 230 230 230 230 228 229 229 230 230 229 229 228 228 228 228 228 228 228 228 228 228 229 231 230 228 228 229 230 228 229 231 232 232 230 228 226 226 226 227 227 229 230 232 233 226 228 230 231 230 229 230 231 229 230 230 231 231 232 232 232 232 232 232 232 232 232 232 232 228 230 232 232 230 229 230 231 231 229 228 228 230 232 231 230 230 230 231 231 231 230 228 228 230 230 231 231 231 230 229 229 230 230 230 230 230 230 230 230 227 228 228 228 229 229 229 229 226 227 228 230 230 229 228 227 235 232 230 230 231 233 233 233 233 232 230 230 232 232 231 227 226 225 227 228 228 227 229 228 228 228 230 230 229 228 229 226 227 220 216 208 196 177 130 75 54 39 29 30 30 24 21 23 24 21 18 17 18 18 18 17 18 17 16 15 14 14 14 14 15 17 18 16 12 9 10 12 10 11 12 11 9 9 11 13 14 12 12 13 16 18 21 20 28 28 29 28 26 25 25 24 18 15 13 11 10 10 10 10 9 9 9 11 12 12 10 8 9 9 8 8 8 8 9 9 8 11 13 14 12 11 10 11 7 12 13 9 7 9 10 8 11 16 19 18 19 21 20 16 15 12 9 7 8 8 7 6 10 7 7 9 9 6 5 8 5 3 4 8 8 4 3 5 7 5 6 9 7 3 0 2 5 5 4 4 4 4 5 5 3 4 4 4 4 3 2 2 3 4 4 4 5 5 5 6 6 4 2 2 4 6 6 6 8 6 5 6 6 5 3 0 7 7 6 5 5 4 3 3 1 1 5 8 6 3 5 10 11 12 13 15 16 16 13 10 12 12 13 12 10 10 12 14 16 16 17 17 18 19 19 19 26 22 18 14 11 10 23 36 42 50 58 66 73 82 114 163 178 202 214 217 222 223 225 234 236 237 237 237 236 237 235 235 236 237 238 239 239 238 236 235 240 237 238 242 243 239 239 242 239 240 243 245 243 239 242 248 242 241 242 244 247 247 245 243 243 244 245 244 241 238 237 238 237 244 250 250 245 244 247 252 248 248 249 249 250 251 251 251 253 252 248 243 244 249 251 249 248 247 247 246
230 230 231 231 231 231 230 230 231 231 230 230 230 230 229 229 230 230 230 230 230 230 230 230 228 229 229 230 230 229 229 228 227 227 227 227 227 227 227 226 226 228 229 228 227 226 227 229 227 228 228 229 229 229 229 229 229 229 229 229 229 230 231 232 226 228 230 230 229 229 229 230 230 230 230 231 231 231 232 232 232 232 232 232 232 232 232 232 227 229 231 232 230 229 229 229 230 229 229 231 233 233 231 229 229 231 232 233 232 229 226 223 228 229 230 231 232 231 230 230 230 230 230 230 230 230 230 230 227 227 228 228 228 229 229 229 227 228 229 229 229 228 227 226 232 229 226 226 229 232 233 232 233 231 229 230 231 231 229 226 225 225 228 228 228 228 227 227 227 227 227 227 226 225 225 225 226 222 217 199 172 146 103 56 46 34 27 29 28 22 19 22 20 18 17 17 19 19 18 17 18 17 16 16 16 16 16 17 16 16 15 13 12 11 11 11 9 11 13 13 12 12 13 14 13 12 12 14 17 18 19 18 31 30 31 29 27 25 24 23 21 17 13 11 9 10 11 12 12 10 8 9 11 12 10 8 10 10 9 9 9 9 10 10 9 10 12 12 10 9 10 11 4 8 9 5 3 5 6 5 12 15 16 14 15 18 19 16 17 14 11 9 9 10 9 8 7 5 6 10 9 5 3 5 6 4 5 9 9 5 4 6 7 5 6 9 7 2 0 0 4 4 5 5 5 5 4 4 6 5 4 3 3 3 3 3 3 4 5 5 6 6 6 5 7 4 1 1 3 6 6 6 8 6 5 6 8 7 4 1 8 8 7 6 5 4 4 3 4 2 4 8 8 6 6 9 9 13 16 18 17 14 12 11 13 14 14 11 9 9 13 16 15 15 15 16 16 16 16 16 23 20 15 13 13 17 31 44 49 52 55 66 80 91 121 165 187 209 217 220 226 227 226 233 237 237 238 239 238 239 238 238 238 238 239 239 239 237 235 234 242 238 237 240 241 239 240 244 240 241 246 248 244 238 238 244 243 242 242 244 246 246 243 240 243 245 248 249 247 245 245 245 243 246 249 250 248 246 247 249 249 246 244 246 250 252 249 246 253 252 247 241 242 248 248 244 246 245 245 244
231 231 231 231 231 231 231 231 233 233 232 231 229 228 227 227 230 230 230 230 230 230 230 230 230 231 231 232 232 231 231 230 226 226 226 226 226 226 225 225 227 228 229 229 227 227 228 229 230 229 228 228 228 230 232 234 233 232 231 230 230 230 231 231 228 230 232 232 231 231 231 232 233 233 233 233 233 233 233 233 232 232 232 232 232 232 232 232 228 231 233 233 232 230 230 231 230 230 231 234 236 235 232 229 229 231 233 234 232 228 224 221 228 229 231 232 233 232 232 231 229 229 229 229 229 229 229 229 227 227 227 228 228 229 229 229 230 230 229 228 227 227 227 227 230 226 223 223 227 231 231 231 234 232 231 231 232 232 230 228 226 226 227 228 228 227 226 226 226 227 227 226 225 224 222 222 219 218 212 184 144 112 74 34 41 31 25 27 26 19 17 20 16 16 16 18 20 21 19 18 18 18 17 17 17 18 19 19 17 15 12 12 13 13 12 11 8 11 14 15 15 14 14 15 14 14 15 17 20 21 21 19 31 30 30 27 25 22 21 19 24 19 14 11 9 10 13 15 15 11 8 8 10 11 9 7 11 10 10 9 9 10 10 11 8 10 11 10 8 7 8 10 7 12 14 11 11 14 16 15 12 14 14 11 12 16 17 15 18 15 12 10 11 11 11 10 11 9 11 15 14 9 7 8 7 5 6 10 10 6 5 7 7 5 6 9 7 1 0 0 3 4 6 7 7 6 4 3 8 7 5 4 3 3 4 5 3 4 5 6 6 6 6 5 7 3 0 0 3 6 7 6 7 6 5 7 9 9 5 2 9 8 7 7 6 5 4 4 8 4 4 8 10 8 6 7 8 13 19 20 16 13 12 12 15 15 14 11 8 9 14 18 17 16 16 16 16 16 15 15 19 12 9 12 17 25 41 51 56 54 53 66 84 96 125 170 191 212 219 222 231 233 231 234 237 237 238 239 239 238 239 240 239 240 240 240 239 237 235 233 244 239 236 238 238 238 241 246 238 241 247 250 246 239 239 244 250 248 246 246 247 245 241 236 239 243 249 252 253 253 253 253 255 254 252 252 252 250 246 242 250 245 241 243 249 251 247 241 246 247 244 239 242 249 249 243 244 244 244 243
229 229 230 230 230 230 230 231 227 227 227 228 228 229 229 229 232 233 233 233 233 232 231 230 227 228 229 230 230 230 230 229 226 227 227 228 228 227 227 226 226 226 226 227 228 229 231 232 229 229 229 230 230 231 231 232 227 228 230 231 232 232 231 230 234 232 230 230 232 233 234 233 226 228 230 232 233 233 233 232 227 228 228 229 229 230 230 230 228 229 230 231 232 233 233 234 232 232 231 230 229 229 228 228 227 228 230 231 231 230 228 227 228 229 231 232 232 231 229 228 222 224 227 230 231 231 230 229 228 228 228 228 228 228 228 228 229 229 229 229 229 229 229 229 229 228 227 227 228 229 231 232 228 228 228 228 229 230 231 232 228 227 228 229 228 227 225 224 224 225 226 225 224 223 223 224 221 216 191 147 103 71 47 31 31 28 25 24 24 24 22 21 18 18 18 19 19 20 20 21 18 20 22 22 19 19 21 23 13 10 8 9 13 14 12 9 10 9 11 14 13 11 13 17 9 13 17 18 17 18 23 27 24 21 21 22 25 25 24 20 17 15 15 15 15 15 15 15 9 11 14 16 17 15 13 11 6 6 7 8 8 9 10 10 11 11 11 10 10 9 9 9 5 7 9 11 13 14 15 15 13 15 18 18 17 16 16 17 12 11 9 10 11 11 10 8 0 4 9 11 10 8 6 5 0 6 12 13 11 7 5 4 2 5 8 9 7 4 2 2 7 6 5 4 5 6 7 8 6 5 5 4 4 5 5 6 3 3 3 3 3 3 3 3 10 7 3 0 0 3 7 10 7 7 8 9 9 7 6 5 6 6 4 3 3 4 6 6 1 2 5 8 10 12 13 14 12 12 16 20 20 16 16 19 14 14 14 14 14 14 14 14 14 17 20 19 17 15 16 18 12 12 8 9 22 40 53 52 62 51 54 70 84 99 136 179 197 213 220 219 224 236 238 234 234 236 238 239 237 236 238 238 241 235 232 235 238 238 240 244 234 236 238 239 238 238 239 240 235 239 244 244 242 240 241 242 245 245 245 245 244 243 242 242 239 240 241 243 245 247 248 249 247 245 243 245 249 251 250 248 249 249 249 246 243 241 241 241 245 242 244 250 251 247 246 250 247 248 249 251
231 230 230 230 230 230 230 230 227 227 227 228 228 229 229 229 231 231 231 231 230 230 229 229 227 227 228 229 230 230 229 229 227 227 227 227 227 227 227 227 225 226 227 228 229 229 230 230 228 229 229 229 230 230 231 231 229 229 230 231 231 231 230 230 232 232 231 230 229 230 231 232 228 229 230 231 232 232 232 232 228 229 229 229 230 230 231 231 229 229 230 231 231 232 232 233 231 231 231 231 230 230 230 230 227 228 230 231 231 230 228 227 228 229 231 232 232 231 229 228 227 228 230 231 231 230 229 228 227 227 227 227 228 228 228 228 229 229 229 229 229 229 229 229 233 232 231 231 231 233 234 235 230 230 229 228 228 228 229 229 229 229 230 229 228 227 226 225 223 224 226 227 225 219 216 215 202 192 164 122 84 57 32 13 29 28 25 25 25 25 23 22 16 16 16 17 17 18 18 18 14 16 18 17 15 14 16 18 12 11 10 11 12 13 12 11 8 7 9 12 11 8 10 15 12 13 14 14 14 15 20 22 20 17 17 20 24 28 28 25 20 18 18 17 17 16 16 16 8 9 11 13 13 13 11 10 10 10 9 9 9 9 9 9 10 10 10 10 10 10 10 10 13 12 12 12 10 9 8 7 11 14 16 17 15 14 14 14 10 8 7 7 8 8 7 5 2 6 11 13 12 9 8 7 0 4 8 10 7 4 3 3 2 5 8 9 8 5 4 3 8 7 6 5 4 5 6 7 6 6 5 5 5 5 6 6 3 3 3 3 3 3 3 3 9 7 4 2 2 4 7 9 6 7 8 8 8 6 5 4 7 6 5 4 4 5 6 7 2 3 5 7 9 11 12 13 13 13 16 20 20 15 15 19 14 14 14 14 14 14 14 14 15 17 19 17 15 14 16 18 12 11 12 16 29 45 55 54 67 60 65 78 91 106 139 177 198 212 221 222 227 235 239 234 234 236 238 237 236 235 235 237 238 234 234 239 242 240 239 240 243 244 245 244 242 242 243 244 237 240 243 244 243 241 241 241 245 245 246 246 246 245 244 243 239 240 242 244 247 249 251 251 246 245 245 248 251 251 249 245 248 251 252 250 247 246 247 249 248 245 247 252 252 248 248 251 248 248 248 248
234 234 233 233 232 231 231 231 229 229 229 230 230 231 231 231 229 229 229 228 228 227 227 227 226 227 228 229 229 229 229 229 229 228 226 225 225 226 228 229 225 226 228 229 230 230 229 228 228 228 228 229 229 229 230 230 231 231 230 229 229 229 230 230 230 231 232 230 226 225 228 230 231 231 230 230 230 230 231 231 230 230 230 230 231 231 231 231 230 230 230 231 231 231 231 231 231 231 231 231 232 232 232 232 227 228 230 231 231 230 228 227 228 229 231 232 232 231 229 228 233 233 232 231 230 229 228 227 225 225 226 226 227 227 228 228 229 229 229 229 229 229 229 229 233 233 233 232 233 233 234 235 232 231 230 229 228 227 228 228 231 230 230 230 230 229 226 225 222 224 224 225 223 218 213 209 218 207 180 142 110 83 54 29 28 27 26 26 27 27 25 23 19 20 20 20 20 21 21 21 16 17 18 18 16 15 16 17 11 12 13 13 11 11 12 13 12 10 12 15 14 11 13 18 20 18 16 16 17 19 22 22 18 15 16 18 23 28 30 27 24 22 21 20 19 17 17 16 7 8 8 9 9 9 9 9 12 12 11 11 10 9 8 8 8 8 9 9 10 11 11 12 8 8 9 9 10 10 11 11 10 12 15 15 13 11 11 11 9 8 6 6 8 8 6 5 5 8 12 14 13 10 9 9 1 4 7 7 6 4 3 4 2 5 9 10 8 6 6 6 8 7 6 5 4 4 5 5 6 6 5 5 5 5 6 6 3 3 3 3 3 3 3 3 8 7 5 4 4 5 7 8 6 6 6 7 6 5 4 4 8 7 6 5 5 6 7 8 4 5 6 7 8 9 10 11 14 13 16 19 18 14 13 17 14 14 14 14 14 14 14 14 17 17 17 15 13 12 14 16 11 13 17 23 36 51 58 56 70 71 77 87 99 118 148 174 199 213 221 223 228 237 239 234 236 238 238 236 235 233 232 234 236 234 237 243 246 242 238 237 243 243 243 240 238 237 239 241 239 238 239 240 241 240 238 235 241 241 242 243 243 243 242 242 238 238 239 241 242 243 244 245 244 245 247 251 252 251 246 242 241 246 249 249 245 244 248 252 245 243 244 247 248 245 244 246 251 250 248 246
235 235 234 233 232 231 231 230 229 229 229 230 230 231 231 231 229 228 228 227 227 227 227 227 227 227 228 229 229 229 229 229 230 228 226 224 224 226 228 230 225 226 229 230 231 229 227 226 228 228 228 229 229 229 229 229 233 232 230 229 228 228 229 230 227 231 233 230 225 222 225 229 233 232 230 229 228 229 230 231 231 231 231 231 231 231 231 231 231 231 231 230 230 230 230 230 230 230 231 232 233 233 234 234 228 229 229 230 230 229 229 228 229 230 230 231 231 230 230 229 234 233 231 229 228 227 227 227 224 224 225 225 226 227 227 228 228 228 228 228 228 228 228 228 231 230 230 230 230 231 231 231 231 230 229 228 228 228 228 229 232 232 230 230 229 229 226 226 224 224 223 224 223 219 212 208 204 196 172 136 103 74 41 15 27 26 26 27 28 28 26 23 20 20 20 21 21 21 21 21 17 18 18 17 16 15 15 15 11 14 15 14 11 9 11 14 13 11 13 16 15 12 13 18 22 18 14 15 18 21 23 22 21 18 17 18 23 26 28 26 26 23 22 21 19 17 16 15 9 8 7 6 6 7 8 9 11 11 10 10 9 9 9 8 6 6 7 9 10 11 12 13 6 6 7 8 9 10 12 12 11 13 15 15 13 11 10 10 11 9 8 8 9 9 8 6 5 8 12 13 11 9 8 8 6 6 7 7 6 6 6 7 3 6 9 10 8 7 7 7 8 8 7 5 4 4 3 3 5 4 3 3 3 3 4 5 4 4 4 4 4 4 4 4 7 6 6 6 6 6 6 7 6 6 6 5 5 4 4 3 9 8 6 6 6 6 8 9 7 7 6 7 7 8 8 9 13 12 14 17 15 10 10 14 13 13 13 13 13 13 13 13 18 17 15 12 11 11 13 13 13 13 19 29 42 53 60 59 67 72 80 90 106 130 159 180 201 213 223 227 231 236 237 234 237 238 238 236 234 231 230 232 237 235 237 244 246 242 238 237 240 239 238 236 234 234 237 240 244 241 239 241 243 243 240 236 240 241 242 243 244 244 244 243 241 241 240 240 240 240 240 240 244 245 247 249 249 247 244 242 238 243 248 247 242 241 246 251 245 244 245 245 245 244 244 244 255 253 249 246
236 235 235 234 233 232 231 231 229 229 229 230 230 231 231 231 231 230 228 227 227 227 228 228 227 228 229 230 230 230 230 230 230 228 226 224 224 226 228 230 226 227 229 231 230 229 226 225 229 229 229 229 229 229 229 229 233 232 230 229 228 228 229 230 227 231 233 231 225 222 225 228 233 232 230 228 228 228 229 230 231 231 231 231 231 231 231 231 230 230 230 230 230 229 229 229 229 230 231 232 233 234 235 235 229 229 229 229 229 229 229 229 230 230 230 230 230 230 230 230 231 230 229 228 227 227 227 228 225 225 225 226 226 227 227 227 228 228 228 228 228 228 228 228 229 229 229 230 229 229 229 229 229 228 228 228 228 229 230 231 232 232 231 231 228 228 226 226 226 224 221 221 220 219 216 213 215 205 176 134 97 70 47 29 27 26 25 26 27 27 26 24 16 16 16 15 15 15 15 15 15 14 12 12 11 10 9 8 11 14 15 14 10 8 10 13 8 6 8 10 9 6 7 12 14 11 8 10 14 17 19 17 21 18 18 20 24 28 29 26 26 23 21 20 18 16 14 14 10 9 7 6 6 7 9 10 7 7 8 8 9 9 9 10 5 5 7 8 10 11 12 13 14 13 11 9 7 6 6 6 13 15 17 16 14 11 10 10 10 8 7 7 8 9 7 6 4 7 9 10 8 6 6 6 7 6 5 5 6 6 6 6 4 7 9 9 8 6 7 7 7 7 6 6 5 3 2 2 3 2 2 1 1 2 2 3 4 4 4 4 4 4 4 4 6 6 6 6 6 6 6 6 6 6 5 5 4 4 4 4 9 8 6 6 6 6 8 9 8 7 6 6 6 6 7 8 11 10 11 13 12 8 8 12 13 13 13 13 13 13 13 13 18 16 13 11 11 12 14 12 14 13 19 32 46 55 62 63 61 67 78 93 117 144 173 190 205 216 225 228 232 236 236 235 237 239 239 236 234 231 230 231 240 236 236 241 242 240 238 239 241 241 240 239 238 239 242 246 249 246 244 245 247 248 245 241 243 244 245 246 247 247 247 246 245 245 245 245 246 246 246 246 244 244 245 245 244 243 243 244 243 247 250 249 245 244 247 251 250 250 250 249 249 249 250 249 254 252 248 245
235 235 235 234 233 233 232 232 229 229 229 230 230 231 231 231 232 231 229 228 227 228 229 230 229 229 230 231 232 232 231 231 229 228 226 225 225 226 228 229 228 229 230 230 229 228 226 225 231 231 231 230 230 230 229 229 231 231 230 229 229 229 230 230 228 231 233 232 228 226 227 229 232 231 230 229 228 228 228 229 231 231 231 231 230 230 230 230 229 229 229 229 229 230 230 230 229 229 230 231 232 233 234 234 229 229 229 229 229 229 229 229 230 230 230 230 230 230 230 230 228 228 228 228 228 228 227 227 227 227 227 227 226 226 226 226 227 227 227 227 227 227 227 227 231 231 232 232 232 231 230 229 228 228 227 228 229 230 231 232 233 232 231 230 228 228 226 227 228 224 219 220 220 220 217 214 206 189 148 97 60 44 36 29 29 26 24 23 24 25 24 23 17 16 16 16 16 15 15 15 17 15 13 12 12 12 9 7 12 13 13 12 10 9 9 10 9 7 9 11 10 6 7 12 11 11 11 13 15 17 19 18 17 16 18 22 28 32 33 30 24 22 20 19 17 15 14 13 11 10 8 7 7 7 9 9 6 6 7 7 8 9 10 10 5 5 6 8 9 10 11 12 12 11 9 8 8 9 10 11 16 18 19 18 15 12 11 11 7 5 4 4 5 5 4 2 3 5 8 8 6 4 3 4 4 3 2 3 4 5 4 2 6 7 9 8 6 5 5 6 5 5 6 6 5 4 3 2 3 2 1 1 1 1 2 3 5 5 5 5 5 5 5 5 5 5 5 5 5 5 5 5 7 7 6 5 4 5 5 5 8 7 6 5 5 6 7 8 8 7 6 5 5 6 7 8 10 8 9 12 10 7 8 13 12 12 12 12 12 12 12 12 16 14 12 12 13 15 15 12 12 12 19 34 51 57 63 65 61 65 79 104 132 157 183 203 212 220 227 231 233 234 235 236 238 239 239 236 235 232 231 232 241 236 234 238 239 237 237 239 240 241 241 240 240 241 244 246 244 242 241 241 242 243 242 240 240 241 242 242 243 242 242 242 241 242 243 245 247 248 250 250 243 244 244 244 242 242 244 246 246 247 248 247 246 245 245 247 248 250 249 246 247 250 251 249 250 249 246 244
234 234 234 234 234 234 234 233 229 229 229 230 230 231 231 231 232 231 229 227 226 227 229 230 230 231 232 233 233 233 233 232 227 227 227 227 227 227 227 227 230 230 229 229 228 227 226 225 233 232 232 232 231 231 230 230 229 229 230 231 231 231 230 230 230 231 232 233 232 231 230 229 229 229 230 230 230 229 228 228 231 231 230 230 229 229 229 228 227 228 228 229 229 230 231 231 229 229 230 230 231 231 232 232 230 229 229 228 228 229 229 230 231 230 230 229 229 230 230 231 228 229 230 230 230 229 227 226 229 229 229 228 227 226 226 226 227 227 227 227 227 227 227 227 232 232 233 233 233 232 230 229 229 229 228 228 228 229 230 230 233 233 231 230 227 228 229 227 227 222 220 220 220 219 212 208 200 176 129 78 48 41 39 34 30 27 23 21 21 22 23 23 20 20 20 19 19 18 18 18 21 18 15 15 15 14 11 9 13 11 10 9 10 10 8 6 12 11 12 14 13 9 10 14 13 15 18 19 19 17 19 19 18 17 21 25 31 34 33 28 24 21 20 19 17 16 15 14 10 9 8 8 7 7 7 7 8 8 9 9 9 9 9 9 5 6 7 8 9 10 10 11 7 6 6 7 10 13 16 19 16 18 19 18 15 11 10 10 6 5 3 4 5 5 4 2 3 5 7 7 5 3 3 3 4 2 1 3 5 5 3 0 7 8 9 7 4 3 3 4 3 4 5 6 5 4 3 2 4 4 3 3 3 3 4 4 5 5 5 5 5 5 5 5 5 4 3 3 3 3 4 5 9 8 7 5 5 5 6 7 7 6 5 4 4 5 6 7 8 7 5 4 4 5 7 9 10 8 9 12 11 8 10 15 12 12 12 12 12 12 12 12 15 13 11 13 16 18 17 13 10 11 22 41 58 61 64 64 68 69 88 123 153 170 190 210 220 226 230 232 233 233 237 239 238 239 240 237 236 233 233 234 240 235 234 237 239 236 235 237 238 239 240 240 238 238 239 241 236 237 238 238 237 237 238 240 239 239 240 240 240 239 238 237 242 242 242 243 244 245 245 245 241 244 247 247 246 245 246 248 247 246 244 245 247 248 246 245 243 246 246 242 242 247 249 246 250 249 249 248
233 234 234 234 234 234 235 235 229 229 229 230 230 231 231 231 232 230 228 226 225 226 228 229 231 232 233 234 234 234 234 233 228 227 229 228 230 227 227 226 232 231 229 228 227 226 226 226 232 233 233 232 232 231 231 231 227 228 230 231 232 232 231 230 231 231 231 233 235 235 232 230 227 228 230 231 231 230 228 227 230 230 230 229 229 228 228 227 226 227 227 228 229 230 231 232 229 229 229 230 230 230 231 231 230 229 229 228 228 229 229 230 231 230 230 229 229 230 230 231 230 231 233 233 232 230 227 225 231 231 230 229 228 226 226 225 227 227 227 227 227 227 227 229 231 231 232 233 232 231 229 228 232 231 230 229 228 228 228 228 234 233 231 228 227 228 229 228 226 222 220 222 223 217 208 201 190 165 118 73 51 48 42 32 32 27 22 19 19 20 22 22 18 18 18 17 17 16 16 15 19 16 12 11 12 11 8 5 14 10 7 8 10 10 7 4 11 9 10 12 10 7 8 12 10 15 20 20 16 13 14 15 22 21 25 29 33 33 28 24 24 21 21 20 18 17 16 16 8 8 8 7 7 6 6 5 12 12 11 10 10 9 8 8 6 6 7 8 8 9 10 10 13 12 10 9 9 10 12 14 16 18 19 18 14 11 9 9 8 7 5 5 7 7 5 4 4 6 7 7 5 3 3 4 5 4 3 5 8 8 5 1 8 9 9 6 3 1 1 2 2 3 4 5 6 5 4 3 6 5 5 4 4 5 5 6 5 5 5 5 5 5 5 5 5 4 2 1 1 2 4 5 10 9 7 6 5 6 7 8 6 6 4 3 3 4 6 6 8 6 5 3 4 5 8 9 11 9 10 13 13 10 13 18 12 12 12 12 12 12 12 12 13 12 11 14 18 20 18 13 8 10 24 45 61 63 60 61 76 77 101 142 172 181 193 214 224 228 231 232 232 232 235 238 238 238 240 238 237 234 236 238 238 234 234 238 239 236 234 235 240 242 243 242 240 238 238 239 238 241 245 242 241 239 244 246 247 245 247 245 247 244 245 242 251 250 249 247 245 244 242 242 239 244 250 252 250 248 247 248 253 249 247 249 254 255 254 250 244 248 247 243 244 250 252 249 252 252 253 253
228 230 232 231 230 230 232 234 226 226 226 228 230 230 228 226 224 226 227 228 228 230 233 236 228 229 230 232 233 234 234 234 231 231 232 229 230 228 228 228 231 230 228 227 227 226 225 225 226 227 227 227 227 227 229 229 226 227 229 230 230 231 231 231 223 225 228 229 229 230 232 234 230 229 228 229 231 232 232 230 229 230 232 233 232 230 228 227 229 230 230 231 231 232 232 233 227 227 229 230 232 233 235 235 231 230 230 229 229 230 230 231 231 230 230 229 229 230 230 231 230 230 231 231 231 231 232 232 228 228 228 228 228 228 228 228 228 228 228 227 227 226 226 228 226 229 231 232 233 232 232 231 230 230 230 230 230 230 230 228 228 228 228 225 225 224 224 224 215 216 223 223 216 215 211 195 170 161 117 75 59 42 29 39 25 22 18 16 16 19 24 27 17 18 18 15 12 12 16 19 12 12 12 12 12 12 12 12 8 13 14 10 8 9 9 7 7 9 9 8 7 8 10 12 12 16 17 16 18 22 23 21 16 16 20 26 27 24 22 24 15 23 26 22 17 17 19 19 7 10 13 12 9 8 9 11 10 11 11 11 11 10 9 8 6 6 5 6 7 9 11 12 11 11 10 10 11 14 18 20 22 22 20 18 16 13 10 8 5 6 6 5 4 4 6 8 4 7 10 10 8 8 10 13 4 4 4 4 4 4 4 4 0 1 4 4 3 2 3 4 3 5 7 7 5 4 4 5 1 2 4 5 6 5 5 4 0 2 4 7 8 7 7 6 1 2 4 5 6 5 4 4 4 3 2 1 1 2 4 5 3 4 4 3 1 2 5 7 5 6 7 7 6 6 9 11 7 8 10 11 12 13 13 13 10 11 13 14 14 13 11 10 8 8 13 19 19 16 16 20 8 10 24 46 62 65 59 56 68 84 113 149 175 191 205 218 225 228 228 229 229 232 232 232 232 234 239 239 237 235 236 235 235 235 235 236 236 237 237 237 236 237 238 237 236 237 239 241 240 242 247 247 249 248 251 251 251 248 249 247 249 247 248 245 246 247 249 251 251 250 248 246 243 246 250 252 250 247 245 244 250 247 246 248 251 252 251 249 237 241 245 248 249 249 250 250 249 251 254 254
230 230 230 231 232 232 232 232 230 230 229 231 232 231 229 227 224 226 228 228 228 230 233 235 230 231 232 233 234 234 234 234 232 232 231 230 230 230 229 229 228 227 225 225 225 225 223 223 226 226 227 227 227 227 229 229 227 228 230 230 231 231 232 232 227 229 230 230 229 229 230 232 228 227 226 228 230 231 229 228 230 231 233 234 233 232 229 228 230 230 231 231 231 231 232 232 229 229 230 231 231 232 233 233 231 231 230 230 230 230 231 231 231 230 230 229 229 230 230 231 231 231 231 230 229 229 229 228 228 228 228 228 228 228 228 228 228 228 228 227 227 226 226 228 226 229 231 232 233 232 231 231 230 230 230 230 230 230 230 228 226 226 226 225 225 224 224 224 226 222 222 217 210 214 212 197 178 154 99 54 42 32 24 32 29 26 22 19 18 20 23 25 22 22 21 18 14 13 16 18 15 14 13 13 13 13 14 15 11 15 16 12 10 11 11 9 8 10 12 11 10 10 11 13 13 16 17 15 15 19 19 16 18 17 20 25 26 22 20 21 17 25 30 27 22 21 21 19 9 12 13 13 10 9 10 11 10 10 11 11 10 10 9 8 11 10 9 7 7 8 8 9 11 10 10 10 11 14 17 19 20 19 17 15 13 11 9 8 8 10 10 10 8 8 11 13 8 10 12 12 10 9 11 14 6 6 6 6 6 6 6 6 1 3 5 6 4 4 5 6 3 5 7 7 5 4 5 5 5 4 4 3 4 5 6 7 5 5 4 4 5 5 6 6 5 6 7 8 9 8 8 7 5 5 4 4 4 5 5 6 7 7 8 7 6 7 9 12 7 6 6 7 8 10 11 11 4 5 6 9 11 14 15 17 12 13 14 15 15 14 13 12 15 13 15 20 21 17 16 18 15 15 26 43 59 61 59 59 82 99 134 169 192 203 210 220 225 227 228 229 230 231 231 232 231 235 238 239 237 236 236 237 235 235 236 236 236 237 237 237 236 238 239 239 238 238 239 241 238 241 243 244 244 244 244 245 246 245 244 244 244 244 243 242 244 245 246 247 246 244 242 241 240 242 243 243 241 241 242 243 244 242 240 241 244 245 244 242 242 243 243 243 243 243 244 245 243 246 249 251
233 230 228 230 233 234 233 230 236 234 233 233 233 232 229 227 225 226 228 228 228 230 232 235 232 233 234 234 234 234 233 233 231 230 230 230 230 231 229 230 226 226 225 225 225 225 224 225 226 226 227 227 227 227 229 229 229 229 231 231 232 232 232 232 231 232 233 232 229 228 229 230 228 227 228 230 231 231 229 227 232 232 234 234 234 232 231 229 232 232 231 231 231 231 230 230 231 231 231 231 231 231 231 231 232 232 231 231 231 231 232 232 231 230 230 229 229 230 230 231 232 232 231 229 228 227 226 226 228 228 228 228 228 228 228 228 228 228 228 227 227 226 226 228 227 228 229 230 230 230 229 229 228 228 228 228 228 228 228 228 226 226 226 225 225 224 224 224 226 222 223 219 214 220 217 198 167 133 76 38 34 32 27 30 33 30 26 23 21 21 23 24 24 24 23 20 18 18 19 21 18 17 15 14 14 15 17 18 13 18 18 14 11 13 14 12 9 11 14 15 14 13 13 13 12 15 16 13 13 16 15 11 19 18 20 24 24 20 18 19 15 23 28 25 21 20 18 15 13 14 14 13 11 10 11 12 10 10 11 11 10 9 8 8 12 11 10 9 9 9 10 10 10 10 10 10 12 14 17 19 18 17 14 12 10 9 9 9 7 8 9 8 7 7 10 12 8 9 9 8 6 5 6 8 8 8 8 8 8 8 8 8 4 6 8 8 7 6 6 8 3 5 7 7 5 4 5 6 8 6 3 2 2 4 7 9 9 7 5 3 2 3 5 6 3 4 5 6 6 6 5 5 7 7 8 8 8 7 7 6 4 5 6 5 5 6 9 12 9 6 4 6 11 13 13 11 5 5 6 7 9 12 15 17 13 14 15 15 15 15 14 13 18 14 14 20 24 22 19 19 22 22 30 44 57 59 61 65 94 116 154 187 205 211 213 219 224 227 228 229 231 232 233 234 233 235 238 239 238 236 236 237 235 236 236 236 237 237 237 237 236 239 241 242 241 240 240 240 244 244 245 245 245 245 244 243 243 243 243 242 242 241 241 241 246 246 247 247 246 244 241 240 242 242 240 239 238 240 244 247 248 247 246 246 247 248 246 245 252 250 248 246 246 248 250 251 242 244 247 248
235 231 227 229 234 236 233 229 239 237 234 233 233 231 228 226 225 227 228 228 228 229 232 234 235 235 235 235 235 234 233 232 229 229 229 229 230 231 230 231 228 228 226 227 227 228 227 228 226 226 227 227 227 227 229 229 230 230 232 232 232 232 232 232 232 233 234 232 230 229 229 231 230 230 231 233 234 234 231 229 232 232 233 233 233 232 230 230 233 232 232 231 231 230 230 229 231 231 231 231 231 231 231 231 233 232 232 231 231 232 232 233 231 230 230 229 229 230 230 231 232 231 231 230 229 228 227 227 228 228 228 228 228 228 228 228 228 228 228 227 227 226 226 226 228 229 229 229 229 229 229 229 228 228 228 228 228 228 228 228 226 226 226 225 225 224 224 224 220 220 224 223 219 221 207 178 131 98 56 34 35 35 31 29 32 30 27 24 23 22 23 24 20 21 21 21 21 23 25 26 20 18 15 13 13 15 18 20 15 18 18 14 11 13 14 13 8 11 15 16 15 13 12 13 10 14 15 13 13 15 14 11 20 18 20 24 25 21 19 21 18 24 27 23 20 21 20 17 16 16 15 14 12 12 12 12 9 10 10 10 10 9 8 7 8 9 9 10 11 12 14 14 10 10 10 11 13 15 17 19 18 16 13 10 9 9 10 11 6 7 8 8 7 7 10 12 11 10 8 6 4 4 4 5 8 8 8 8 8 8 8 8 6 8 10 10 8 7 8 9 4 6 8 7 6 5 5 6 6 5 3 2 2 4 6 7 7 6 5 4 4 4 5 6 3 4 4 4 4 4 4 4 7 8 9 9 9 8 6 5 4 5 5 5 4 6 9 12 9 5 2 5 11 15 13 10 13 11 9 8 9 10 13 14 13 14 14 14 14 14 14 13 16 10 10 18 25 26 24 23 24 25 35 47 57 58 61 66 97 123 164 194 209 214 214 219 224 227 228 230 232 233 235 235 235 236 238 238 238 237 236 236 236 236 236 237 237 237 238 238 237 240 243 244 243 241 240 240 248 248 248 249 250 250 248 247 247 248 249 248 247 247 247 248 248 249 249 249 249 247 246 245 246 246 246 244 244 246 250 254 255 255 254 254 253 253 252 251 253 252 251 251 253 255 255 255 247 248 250 249
236 232 228 230 234 236 233 228 238 236 233 232 231 230 228 226 226 227 228 228 228 229 231 234 235 235 236 235 235 233 232 231 229 229 229 229 229 230 229 230 228 228 226 227 227 228 227 228 226 226 227 227 227 227 229 229 230 230 232 232 232 232 232 232 229 231 232 232 231 230 231 233 231 230 230 232 233 233 231 228 231 231 231 231 231 230 229 229 233 232 232 231 231 230 230 229 229 229 230 231 231 232 233 233 233 232 232 231 231 232 232 233 231 230 230 229 229 230 230 231 231 231 231 231 231 231 231 231 228 228 228 228 228 228 228 228 228 228 228 227 227 226 226 226 230 229 229 229 229 229 229 229 228 228 228 228 228 228 228 228 226 226 226 225 225 224 224 224 223 222 223 219 213 211 188 150 104 74 45 33 30 30 29 26 27 26 25 24 23 24 24 25 20 20 20 21 22 24 24 25 19 17 14 12 12 14 17 19 14 18 17 12 10 12 14 12 7 10 13 15 13 12 11 11 9 13 16 14 15 18 17 13 18 17 19 24 25 22 22 25 28 30 29 24 23 26 28 27 20 18 16 14 13 12 12 12 9 9 10 10 9 9 8 7 8 9 10 11 12 13 14 14 11 11 12 13 15 17 18 19 20 18 15 12 10 10 12 12 9 11 12 12 11 12 14 17 18 16 13 10 9 9 9 9 6 6 6 6 6 6 6 6 7 9 10 10 8 7 8 9 4 6 8 8 6 5 6 7 3 3 4 4 4 3 3 2 1 2 4 6 7 7 6 6 9 8 8 8 8 8 8 8 6 7 8 9 8 7 5 4 8 9 10 9 8 9 13 15 8 4 1 3 10 13 11 8 16 14 12 11 10 12 14 15 13 12 12 12 12 12 12 13 16 10 8 16 23 24 22 21 22 27 40 52 60 58 59 64 96 125 168 196 209 216 218 223 225 227 229 230 232 234 235 236 237 237 237 237 238 238 237 236 236 236 237 237 237 238 238 238 238 241 244 245 243 241 240 240 243 242 242 244 247 248 246 244 247 249 251 250 248 247 249 251 244 245 246 247 247 247 247 247 246 247 249 249 249 249 251 253 251 251 251 250 249 248 248 248 247 246 247 249 252 253 251 249 250 251 252 251
236 233 231 231 234 235 232 230 236 234 231 230 230 230 229 227 226 228 229 229 228 229 231 233 234 234 235 235 234 233 232 231 230 229 229 228 229 229 228 229 226 226 225 225 225 225 224 225 226 226 227 227 227 227 229 229 230 230 232 232 231 231 231 231 227 229 230 231 230 231 232 234 230 228 227 227 228 229 227 226 231 231 230 230 229 229 229 229 232 232 231 231 231 231 230 230 229 229 230 231 231 232 233 233 232 232 231 231 231 231 232 232 231 230 230 229 229 230 230 231 230 230 231 231 231 232 232 232 228 228 228 228 228 228 228 228 228 228 228 227 227 226 226 226 229 230 229 228 228 228 229 229 228 228 228 228 228 228 228 228 226 226 226 225 225 224 224 224 226 223 220 214 212 214 190 148 103 69 46 36 26 25 30 27 22 23 23 24 24 25 25 25 25 24 22 22 22 22 20 19 17 16 14 13 13 14 16 17 14 17 16 11 8 11 13 12 7 9 12 12 11 10 10 11 9 14 16 16 17 19 18 14 17 15 17 22 24 22 22 26 28 29 25 20 21 27 30 30 22 19 15 13 13 13 12 10 9 9 9 9 9 8 7 7 11 11 12 12 12 11 10 9 12 13 14 16 17 19 20 20 21 19 17 14 12 12 12 12 7 9 10 10 9 10 13 15 19 15 11 8 8 8 8 8 5 5 5 5 5 5 5 5 6 8 10 9 7 6 6 7 5 7 8 8 7 6 6 7 3 4 5 6 5 4 3 1 0 1 4 7 8 8 7 6 9 8 7 6 6 6 7 7 7 7 7 7 6 5 4 3 8 9 9 7 6 7 10 12 8 5 3 4 8 10 9 7 14 13 12 12 13 15 17 18 13 12 11 11 11 11 12 13 19 13 12 16 19 18 16 17 20 28 44 57 63 59 60 65 98 131 175 200 211 218 221 226 226 229 230 231 233 234 235 236 240 238 237 237 238 238 237 236 237 237 237 237 238 238 238 239 239 241 244 244 242 240 239 240 241 239 239 241 245 247 245 242 241 244 247 246 243 242 245 248 239 240 240 241 243 244 245 245 241 244 247 248 248 246 247 247 244 246 246 246 244 243 244 245 247 246 245 248 251 250 246 241 247 249 251 252
234 234 233 233 233 232 232 231 234 232 230 229 230 232 231 231 227 228 229 229 228 228 231 233 232 233 233 233 233 233 232 231 231 230 229 228 228 228 227 227 228 227 225 225 225 225 223 223 226 226 227 227 227 227 229 229 230 230 231 231 230 230 230 229 226 228 230 230 229 229 231 233 231 228 225 224 225 226 227 226 232 232 231 230 230 230 230 230 230 230 231 231 231 231 232 232 231 231 231 231 231 231 231 231 231 231 230 230 230 230 231 231 229 228 228 227 227 228 228 229 229 229 229 228 228 228 228 228 228 228 228 228 228 228 228 228 228 228 228 227 227 226 226 226 230 229 227 226 225 226 227 227 226 226 226 226 226 226 226 226 226 226 226 225 225 224 224 224 223 222 221 217 217 219 190 142 96 59 40 38 27 27 32 26 22 23 24 25 25 25 25 24 28 25 23 23 24 23 20 17 16 16 15 14 14 15 16 16 15 18 16 11 8 11 14 13 8 10 11 11 10 10 11 12 10 15 17 16 16 18 15 11 17 14 15 19 20 18 19 22 22 22 20 17 19 25 28 27 24 19 14 12 12 12 11 9 8 9 9 9 9 8 7 6 10 11 11 12 12 10 9 8 13 14 16 18 19 21 21 22 21 20 18 16 13 11 10 9 4 5 6 7 6 7 10 13 16 11 6 4 5 6 6 5 5 5 5 5 5 5 5 5 5 7 8 8 6 4 4 5 5 7 9 8 7 6 6 7 8 7 7 6 6 5 5 5 3 4 4 5 6 6 6 6 7 6 5 4 3 4 4 5 9 8 7 6 5 5 5 5 7 7 6 5 3 3 5 7 9 8 7 7 7 8 8 9 13 13 13 14 14 15 15 16 14 13 12 11 11 12 13 14 19 16 15 17 17 14 15 17 22 31 48 60 64 60 63 71 102 139 184 207 215 219 220 223 228 231 231 232 233 234 235 235 241 239 236 236 238 239 237 235 237 237 237 238 238 238 239 239 240 242 243 242 240 238 239 240 243 240 238 240 244 246 242 238 236 240 243 242 239 238 241 245 243 243 243 243 244 245 246 246 243 245 247 248 246 245 245 246 243 245 247 246 244 243 245 247 250 247 245 247 251 253 250 246 245 247 249 250
233 235 235 234 232 231 232 233 234 231 229 229 231 233 234 233 227 228 229 229 228 228 230 233 231 231 232 233 233 232 232 231 231 231 230 228 228 228 226 226 231 230 228 227 227 226 225 225 226 226 227 227 227 227 229 229 229 229 231 230 230 229 229 228 227 228 230 229 228 228 229 231 234 230 226 224 225 227 228 229 234 233 232 231 231 231 231 232 229 230 230 231 231 232 232 233 233 233 232 231 231 230 229 229 231 230 230 229 229 230 230 231 229 228 228 227 227 228 228 229 230 229 229 228 226 225 225 224 228 228 228 228 228 228 228 228 228 228 228 227 227 226 226 226 230 229 227 226 225 226 226 227 226 226 226 226 226 226 226 226 226 226 226 225 225 224 224 224 223 224 226 221 217 210 169 113 73 37 26 33 28 29 30 17 23 24 25 26 27 26 24 24 26 24 22 24 26 26 24 20 16 16 16 16 16 16 16 16 16 18 17 11 9 12 14 14 10 11 11 11 9 10 12 14 12 16 18 16 15 16 12 7 17 14 14 17 17 14 14 17 20 22 22 20 23 29 30 27 24 20 14 11 12 12 10 8 8 9 9 9 9 8 7 6 5 7 9 11 12 12 12 11 14 15 17 19 21 22 22 23 20 20 18 16 14 11 8 6 6 8 9 9 9 10 13 16 18 13 7 5 7 8 8 7 6 6 6 6 6 6 6 6 4 6 7 7 4 3 3 4 5 7 9 9 7 6 6 7 13 11 8 6 5 6 8 10 8 7 5 3 3 4 5 6 11 10 8 7 6 7 8 8 11 10 8 6 5 5 6 6 11 11 10 8 5 5 7 9 10 10 11 9 7 7 8 10 15 15 15 15 13 12 10 9 16 15 13 12 12 13 15 16 16 14 15 18 17 15 17 22 24 34 50 61 65 61 66 75 105 144 190 212 217 218 216 217 230 232 232 233 233 234 234 235 242 239 236 236 238 239 238 235 237 237 237 238 238 239 239 239 241 242 242 240 238 237 239 241 244 241 238 239 242 243 238 233 238 243 246 245 241 240 244 248 252 251 250 250 250 250 250 251 249 250 251 250 248 247 249 250 241 244 246 246 244 243 246 248 247 243 240 242 249 254 254 252 246 248 249 249
232 234 237 237 235 233 233 233 231 231 231 231 231 233 234 234 227 228 228 228 228 228 229 229 226 226 226 227 227 228 228 229 230 228 229 233 234 231 228 231 228 229 227 228 228 227 226 225 225 225 226 226 226 226 228 228 228 228 230 230 230 230 230 230 226 228 230 230 228 227 227 228 228 228 228 228 228 228 228 228 233 231 229 230 231 232 232 231 230 231 233 235 235 235 234 233 230 230 230 230 230 230 230 230 230 230 230 230 231 232 233 233 228 228 229 229 229 230 230 230 226 226 227 229 230 229 226 223 230 229 227 226 226 227 229 230 223 224 225 227 229 231 232 233 226 227 227 227 227 227 227 227 225 226 226 226 226 226 226 227 224 224 223 222 222 221 220 220 227 219 220 214 201 192 150 84 43 36 28 25 27 29 27 24 20 21 23 24 25 24 24 23 20 22 25 25 22 20 18 18 12 13 15 16 15 13 11 10 9 11 12 10 7 7 10 14 4 6 10 13 15 15 14 13 14 13 12 13 15 15 13 11 15 13 12 11 12 14 17 19 24 29 34 33 27 22 21 23 17 18 16 11 9 12 12 9 5 6 8 9 8 7 6 5 4 5 8 10 11 12 11 11 14 14 14 15 18 21 24 26 24 20 15 12 11 9 7 6 0 1 5 8 9 10 12 13 14 12 8 7 8 8 8 7 7 5 3 1 1 3 5 6 5 7 8 7 5 5 6 8 0 2 4 5 4 4 6 7 3 4 4 2 0 1 6 10 4 4 3 3 3 4 5 5 6 6 6 7 8 8 9 9 8 7 6 6 5 5 6 6 3 6 8 9 10 11 13 15 9 9 8 8 9 9 10 11 10 11 12 13 13 12 10 9 12 10 9 10 12 13 12 11 21 17 16 18 18 16 17 21 18 38 54 62 70 65 66 80 109 143 187 213 223 226 223 223 228 231 232 233 235 236 237 238 237 237 238 239 240 240 241 241 232 234 237 240 241 241 240 239 237 238 239 238 237 238 241 243 245 241 239 241 245 247 245 241 234 242 249 249 245 243 246 251 247 246 243 242 245 248 247 243 245 251 255 255 251 247 247 249 248 249 247 243 244 251 255 254 255 248 244 250 252 248 250 255 246 247 248 249
229 232 234 234 233 232 232 233 231 231 231 231 231 232 233 234 228 228 228 228 228 227 227 227 225 226 227 227 228 228 228 228 231 229 230 234 234 231 229 232 228 228 227 227 227 227 225 225 225 225 226 226 226 226 228 228 230 230 232 232 232 232 232 232 225 227 229 229 228 227 227 229 229 229 229 229 229 229 229 229 234 232 230 230 232 233 232 231 230 231 232 233 233 233 233 233 231 231 231 231 231 231 231 231 231 231 230 230 230 231 232 232 230 230 229 229 228 228 227 227 227 227 227 228 230 230 228 226 230 229 227 226 226 227 229 230 225 225 226 226 227 227 228 228 227 227 227 227 228 228 228 228 226 226 226 226 226 226 226 226 225 225 224 223 222 222 221 221 224 216 216 211 201 189 144 79 51 41 31 26 27 28 27 25 22 23 23 23 23 21 20 18 18 21 23 23 20 18 17 16 13 13 14 14 14 13 11 11 9 10 10 9 8 8 9 11 7 8 10 11 12 12 11 11 9 8 8 10 13 14 13 11 13 12 11 11 12 14 16 18 19 24 28 27 23 20 21 23 17 19 16 10 8 11 12 10 5 6 8 9 9 9 7 6 5 6 8 10 11 11 11 10 12 12 14 15 18 21 23 24 18 15 12 10 10 10 9 8 3 5 7 8 8 9 10 12 13 11 8 7 8 9 8 8 6 5 3 2 1 2 3 3 0 2 4 4 3 1 2 3 2 3 4 3 2 3 6 8 4 5 5 3 1 2 6 9 5 4 4 3 3 4 4 5 4 4 4 4 4 5 5 5 5 4 3 2 2 2 2 3 1 2 4 4 3 3 4 6 5 5 5 5 5 6 7 7 5 6 8 9 9 9 8 8 8 7 6 7 9 10 9 8 17 14 13 16 16 13 14 17 19 37 52 60 69 64 68 84 116 148 190 214 223 226 223 223 230 232 233 234 234 235 236 236 236 237 237 238 239 240 240 241 234 236 237 239 239 239 238 238 239 241 243 243 241 240 240 240 243 240 238 240 245 246 243 239 239 244 249 249 246 244 245 248 246 243 242 245 249 250 250 250 241 247 252 253 250 247 248 250 248 252 252 249 248 252 254 253 255 251 249 251 253 253 253 255 251 252 253 254
227 229 231 232 231 231 231 233 232 231 231 231 231 232 233 233 229 229 228 228 227 226 226 226 225 226 227 228 229 228 227 226 230 228 229 233 233 230 227 230 227 227 226 226 226 226 224 224 225 225 226 226 226 226 228 228 229 229 231 231 231 231 231 231 223 226 228 228 227 227 228 229 229 229 229 229 229 229 229 229 234 232 230 230 232 233 232 231 231 231 230 230 231 231 232 233 231 231 231 231 231 231 231 231 232 232 231 230 230 230 231 231 231 228 227 226 225 224 223 222 226 224 223 224 226 228 228 227 230 229 227 226 226 227 229 230 227 226 226 225 224 224 223 223 227 227 227 227 226 226 226 226 226 225 225 224 224 223 223 222 225 225 224 224 223 222 221 221 225 219 217 213 206 192 141 78 57 46 33 26 26 28 28 26 24 24 24 22 20 18 16 15 17 19 21 21 18 16 15 15 14 14 13 12 12 12 12 12 10 10 9 10 11 12 10 8 9 9 9 9 9 9 9 9 10 9 9 10 12 13 11 10 12 11 10 10 11 13 15 16 14 18 20 20 17 17 19 22 18 19 15 8 7 10 11 10 5 7 8 10 10 10 9 8 7 7 9 10 10 10 10 10 9 11 13 16 18 20 21 22 21 19 15 14 14 15 14 13 7 7 7 6 4 5 7 9 12 9 7 6 8 9 9 9 6 6 5 4 3 2 1 1 0 3 6 7 5 4 3 3 5 5 5 3 2 2 5 8 7 7 6 5 3 3 5 8 5 5 4 3 3 4 4 5 4 4 3 3 3 3 2 2 7 7 6 5 4 4 5 5 6 7 7 6 4 2 3 4 7 7 7 8 8 9 9 9 8 8 10 11 11 11 11 11 11 9 9 10 12 13 12 11 18 16 16 20 20 16 16 18 20 35 48 56 66 63 69 90 126 156 195 216 222 225 223 224 231 233 233 234 234 235 235 235 235 236 236 237 238 239 239 240 237 237 237 237 237 237 237 237 238 241 244 245 242 239 237 236 237 236 236 239 242 243 239 235 237 238 240 241 240 239 238 239 247 241 240 247 250 247 248 253 242 247 251 251 248 246 246 247 246 252 255 251 249 250 252 251 248 249 248 246 248 252 252 248 249 249 251 252
226 228 230 231 230 230 232 233 232 231 231 230 230 231 232 232 230 230 229 228 227 226 225 225 225 226 228 229 229 228 226 225 229 226 227 231 231 227 225 227 226 227 225 226 226 225 224 223 225 225 226 226 226 226 228 228 227 227 229 229 229 229 229 229 223 225 227 228 227 227 228 229 230 230 230 230 230 230 230 230 233 231 229 229 231 232 231 230 231 231 229 228 228 230 231 232 232 232 232 232 232 232 232 232 233 233 232 231 230 230 230 228 229 227 226 225 224 224 223 223 225 223 221 221 224 227 228 228 229 228 228 227 227 228 228 229 227 227 226 225 224 224 223 222 228 228 228 227 227 227 227 226 227 226 225 225 223 223 222 221 224 224 224 223 222 221 221 220 224 221 217 213 209 188 133 74 54 45 33 28 28 29 27 24 25 25 23 22 20 18 16 15 17 19 21 20 18 16 15 16 15 14 12 10 10 11 12 13 12 11 10 12 15 15 12 8 9 8 8 7 7 8 9 9 16 15 13 13 13 12 9 7 10 10 9 10 10 12 13 14 13 15 16 15 13 14 17 20 20 20 15 8 6 10 11 10 6 7 9 10 11 11 10 9 8 8 9 9 9 9 9 9 8 10 13 16 18 19 19 19 25 22 18 16 15 14 13 12 7 6 5 2 1 2 5 8 10 8 6 6 7 9 10 9 7 7 7 6 5 3 1 0 0 4 7 9 7 5 3 2 4 5 7 6 4 3 4 5 8 8 7 6 4 4 5 6 6 5 4 3 3 3 4 4 6 6 5 5 4 3 3 3 9 8 7 6 6 6 6 7 9 10 11 9 6 5 5 6 7 8 9 9 10 10 10 10 11 11 11 11 11 11 11 10 12 11 10 11 14 15 14 13 19 17 18 22 22 18 17 19 21 33 43 52 62 60 70 94 137 165 200 218 222 224 223 224 229 232 232 233 235 236 236 237 235 235 236 236 237 238 239 239 237 236 236 236 236 237 238 238 235 238 241 241 239 236 235 235 236 236 237 241 243 242 238 235 238 236 236 238 241 241 239 236 249 241 240 247 248 241 241 249 249 251 253 251 248 244 242 243 245 251 253 248 244 246 248 248 243 249 250 245 247 254 252 243 247 247 248 249
227 228 230 230 229 230 232 234 232 231 231 230 230 230 231 231 231 231 230 229 228 227 226 226 226 227 228 228 228 227 226 225 230 228 228 232 232 228 225 228 226 227 225 226 226 225 224 223 225 225 226 226 226 226 228 228 227 227 229 229 229 229 229 229 224 226 228 228 227 227 228 229 230 230 230 230 230 230 230 230 231 229 227 228 229 230 230 229 232 231 229 228 228 229 230 231 232 232 232 232 232 232 232 232 233 233 232 231 230 230 230 228 227 225 225 225 225 225 225 225 225 222 219 219 222 225 227 227 228 228 228 228 228 228 228 228 227 227 227 227 227 226 226 226 228 228 228 227 227 226 226 226 227 226 225 225 223 223 222 221 223 223 223 222 221 220 220 219 218 219 212 205 201 174 115 63 45 38 31 28 29 29 26 21 24 24 23 22 21 20 20 19 19 20 21 20 18 16 16 17 16 14 11 9 9 10 12 14 11 9 8 11 14 14 10 6 7 6 6 6 7 8 10 11 16 14 13 13 13 12 9 6 9 9 9 10 11 12 13 13 15 15 14 13 12 13 15 17 20 21 17 10 8 10 11 9 6 7 9 11 11 11 10 9 9 9 9 9 9 9 10 10 9 11 13 16 17 18 17 17 19 16 12 10 10 10 9 7 6 6 4 2 1 3 8 12 10 8 5 5 7 9 9 9 9 9 8 7 6 4 2 1 0 0 4 5 4 1 0 0 2 5 8 9 7 5 3 3 9 8 6 6 6 6 5 5 6 5 4 3 3 3 3 3 5 5 5 4 3 3 2 2 5 4 4 3 2 2 3 3 4 5 6 5 3 2 3 5 3 4 5 6 6 6 5 5 10 10 8 7 6 5 5 5 8 7 7 8 11 12 12 11 15 13 14 18 18 14 13 15 22 31 40 49 60 58 70 98 144 171 204 220 223 225 223 225 227 230 231 233 235 237 238 239 235 235 236 236 237 238 239 239 235 235 235 236 237 239 240 241 236 237 238 238 237 237 239 241 236 237 239 242 244 242 239 236 243 240 239 242 247 249 247 244 248 243 242 247 247 242 243 249 251 252 252 251 248 246 244 243 249 252 251 245 241 245 248 249 247 254 254 250 252 255 255 247 252 252 253 253
227 229 229 229 228 229 231 233 232 231 231 230 229 230 230 230 231 231 231 230 229 229 228 228 228 228 227 227 227 226 226 226 233 231 231 234 234 230 227 230 227 227 226 226 226 226 224 224 225 225 226 226 226 226 228 228 230 230 232 232 232 232 232 232 226 228 230 230 228 227 227 228 229 229 229 229 229 229 229 229 231 229 228 228 229 230 230 229 231 231 230 229 229 229 230 230 231 231 231 231 231 231 231 231 232 232 231 230 230 230 231 229 224 225 225 225 226 226 226 227 225 223 220 220 222 225 226 226 228 228 228 228 228 228 228 228 228 228 228 228 228 229 229 229 228 228 228 227 226 225 225 225 226 225 225 224 224 223 223 222 224 224 223 222 221 221 220 220 217 222 212 201 195 160 99 55 38 33 27 26 28 28 24 19 23 22 22 21 21 21 22 22 19 20 21 19 17 15 16 17 15 13 11 9 9 10 12 13 8 7 7 8 9 9 8 6 5 6 7 8 9 9 10 10 8 8 8 9 11 12 10 9 9 9 10 11 11 12 13 13 15 14 13 12 12 13 15 16 21 22 19 13 11 12 12 9 7 8 9 10 10 9 8 7 8 8 8 8 8 9 11 11 13 14 14 15 16 16 16 16 14 11 9 9 10 12 13 12 7 7 6 5 4 7 11 15 11 8 6 5 6 8 8 7 9 8 7 6 5 4 3 3 0 2 5 6 5 3 2 2 1 4 8 9 8 6 4 4 7 6 5 5 6 6 5 4 7 6 5 4 3 3 3 3 2 2 2 2 2 1 1 1 6 6 5 4 4 4 4 4 2 4 5 5 3 3 4 6 3 4 6 8 8 7 6 5 12 11 9 8 7 6 6 6 9 8 8 10 13 14 14 13 17 15 15 19 19 15 15 17 25 32 39 50 61 58 71 101 148 174 207 222 225 226 224 226 228 231 232 233 235 236 237 238 235 236 236 237 238 239 239 240 234 234 236 237 239 241 242 242 240 240 241 240 239 240 244 246 236 238 240 242 242 241 240 238 241 239 238 241 245 248 247 245 243 246 248 248 248 249 252 255 248 248 249 249 249 249 248 248 254 254 250 244 244 249 252 250 248 251 251 250 252 255 253 248 254 254 253 252
227 228 228 227 226 226 228 231 232 231 230 230 229 229 229 230 232 232 231 231 231 231 231 231 230 229 227 225 225 225 227 228 232 230 230 233 233 229 226 228 228 228 227 227 227 227 225 225 225 225 226 226 226 226 228 228 231 231 233 233 233 233 233 233 229 231 232 231 229 227 227 228 229 229 229 229 229 229 229 229 233 231 229 230 231 232 232 231 231 231 232 232 231 230 229 229 231 231 231 231 231 231 231 231 231 231 230 230 230 231 232 230 227 226 226 226 225 225 225 225 226 224 222 222 224 225 225 226 227 228 228 229 229 228 228 227 229 229 229 229 229 229 228 228 226 225 225 224 223 222 222 221 222 222 222 222 222 222 222 224 226 226 225 225 224 223 222 222 217 226 214 198 189 148 86 50 38 31 24 23 25 26 23 19 23 22 20 19 19 19 20 21 18 19 19 17 15 14 15 16 14 13 11 10 9 10 11 12 8 9 9 9 7 7 9 10 7 8 9 10 10 9 8 7 7 6 7 9 11 12 11 10 9 10 11 12 13 13 13 13 11 10 10 11 13 15 16 16 21 23 22 16 14 14 12 8 8 8 9 10 9 7 5 4 8 7 7 7 8 10 12 13 18 17 16 15 15 15 15 15 15 13 11 11 13 15 15 15 6 6 6 5 4 5 9 12 12 9 6 5 6 7 7 6 7 6 4 3 2 2 3 4 4 6 8 8 7 6 6 7 3 5 6 6 5 5 7 9 5 3 2 4 6 7 5 3 7 6 5 4 3 2 2 3 2 2 2 2 3 3 3 3 9 8 7 6 6 6 7 7 6 8 9 8 7 6 7 8 5 6 8 10 11 10 8 7 11 11 10 9 9 10 11 12 12 11 11 13 15 17 17 16 21 18 17 20 20 17 18 21 30 35 42 53 64 60 74 105 148 175 208 224 227 227 225 226 231 233 234 234 234 234 235 235 236 237 237 238 239 240 240 241 235 237 239 240 241 241 241 240 241 242 244 243 242 241 242 244 236 235 237 237 237 237 237 237 235 234 234 235 237 239 239 241 240 251 253 247 246 254 255 254 246 246 246 247 248 249 249 248 253 251 247 244 247 253 252 247 248 245 244 248 250 248 247 248 251 250 248 246
227 227 227 225 223 223 226 228 232 232 230 229 229 229 229 229 232 232 232 232 232 233 233 233 232 230 226 224 223 225 227 229 229 226 226 229 229 225 222 224 228 229 227 228 228 227 227 225 225 225 226 226 226 226 228 228 230 230 232 232 232 232 232 232 231 233 234 232 230 227 227 228 228 228 228 228 228 228 228 228 235 233 231 232 233 234 234 233 231 232 233 233 233 231 229 228 230 230 230 230 230 230 230 230 230 230 230 230 231 232 233 231 230 229 229 227 227 225 225 223 230 227 226 225 227 227 227 226 227 228 228 229 229 228 228 227 230 230 229 228 228 227 227 226 227 225 226 223 224 221 223 220 223 222 224 222 224 222 224 225 228 228 227 227 226 225 224 224 212 224 211 192 180 136 74 43 41 33 24 20 22 24 22 20 23 22 20 18 17 17 18 18 17 17 17 15 13 12 13 15 13 12 11 10 10 10 10 11 12 13 14 12 9 9 12 16 9 10 11 12 11 9 6 4 12 11 10 11 13 13 11 9 9 10 11 12 13 14 14 13 7 7 8 10 14 16 17 17 21 24 23 19 16 16 12 7 10 9 9 9 8 6 4 2 7 7 6 7 8 10 13 14 21 19 17 15 14 14 14 15 16 13 10 9 9 10 10 9 3 3 3 2 1 1 3 6 12 10 6 5 6 6 6 5 5 3 1 0 0 0 2 4 3 4 5 5 3 3 4 5 6 6 4 2 2 5 10 14 5 2 1 3 6 7 5 3 7 6 5 4 3 2 2 2 4 4 4 5 6 6 7 7 6 5 4 3 3 3 3 4 8 9 9 8 6 5 5 7 1 3 5 7 7 6 5 3 5 5 4 5 6 8 10 12 9 8 7 9 12 14 14 13 19 15 14 16 14 12 13 15 30 36 42 56 67 64 78 110 147 175 208 223 228 228 228 229 235 236 236 235 233 232 232 231 237 237 238 239 240 240 241 239 237 237 241 241 243 239 239 236 239 240 245 243 243 238 238 235 235 234 237 235 236 234 238 237 239 237 239 236 238 237 240 240 240 255 255 244 241 252 255 247 248 247 246 246 246 246 245 244 249 247 243 243 249 254 249 241 253 245 244 251 253 248 247 252 250 249 247 245
221 222 223 222 222 222 226 229 230 231 234 235 235 234 232 231 232 232 232 231 231 230 230 230 222 224 226 227 228 228 227 226 226 226 226 227 227 228 228 228 227 226 226 227 228 231 233 233 223 223 224 225 226 227 230 231 229 228 229 229 231 231 230 229 233 232 230 229 229 230 232 233 228 229 229 230 230 231 231 232 231 231 231 231 231 231 231 231 227 227 227 228 228 228 229 229 230 231 231 232 233 233 234 234 228 228 228 228 228 229 231 231 230 228 230 227 229 226 228 226 225 223 226 225 229 228 231 231 229 228 227 226 226 226 226 227 227 226 226 225 225 226 226 227 225 225 227 224 226 223 224 222 225 223 225 223 225 223 225 225 224 225 226 225 224 223 223 224 216 212 209 200 172 125 78 50 21 22 23 24 24 22 20 19 15 16 17 19 19 18 17 16 21 21 17 13 13 16 15 11 9 12 14 13 11 10 12 15 13 12 10 8 6 7 11 14 7 4 3 6 6 3 4 7 9 8 8 8 9 10 11 11 9 4 2 6 10 11 13 17 6 7 7 8 9 11 14 14 19 19 20 18 14 13 13 15 5 5 7 9 8 6 6 9 3 6 9 9 6 5 6 9 8 8 9 10 12 12 10 8 8 5 5 8 7 4 3 6 3 2 2 4 6 8 7 6 9 10 10 9 9 7 6 5 0 0 1 2 3 3 3 3 7 5 4 4 1 0 2 9 4 3 1 3 3 5 7 8 4 2 3 1 1 0 2 4 4 5 6 7 6 4 1 0 3 2 0 0 1 3 6 8 2 2 4 7 9 8 5 2 1 3 5 3 1 2 6 11 0 4 4 0 0 5 8 8 6 6 6 6 6 6 6 6 1 0 0 6 10 16 18 19 19 12 9 9 8 6 7 7 17 27 38 51 64 68 82 108 141 169 203 219 224 228 233 236 233 231 230 231 232 233 234 235 233 233 233 234 236 238 240 241 234 232 235 232 234 233 239 240 235 233 236 235 239 239 243 244 236 238 241 240 241 239 242 242 237 233 234 234 241 243 245 243 239 245 247 245 246 250 248 241 239 240 242 244 245 246 247 247 247 245 243 244 246 247 245 242 243 242 245 251 254 253 252 252 249 249 248 247
223 224 225 224 222 222 225 227 229 229 232 233 233 233 232 232 233 233 233 232 232 231 231 231 226 227 228 228 228 227 226 225 226 226 226 227 227 228 228 228 226 225 225 225 227 228 230 230 225 223 224 225 226 227 230 231 229 228 229 229 231 231 230 229 232 231 230 230 230 230 231 232 229 229 230 230 230 230 231 231 229 229 229 229 229 229 229 229 233 232 231 230 229 228 227 227 232 232 232 232 231 231 231 231 229 228 228 228 229 229 230 231 230 230 230 229 229 228 228 228 226 226 227 228 228 229 229 230 229 228 227 226 226 226 226 227 226 226 225 225 225 225 226 226 227 227 227 227 226 226 226 226 225 225 225 225 225 225 225 225 222 223 223 222 220 218 218 218 214 213 205 181 142 94 49 22 23 23 23 22 22 21 20 20 16 17 18 19 19 18 17 17 22 22 20 17 17 20 18 14 11 14 17 16 13 13 15 18 14 14 13 10 8 8 11 13 11 8 7 10 10 7 8 11 6 6 5 5 6 7 8 8 9 4 2 6 9 10 12 15 9 8 7 7 8 11 16 18 19 20 22 20 17 15 15 15 12 11 12 11 9 7 8 10 11 13 14 14 12 11 12 13 12 13 14 15 15 13 12 12 11 8 8 10 10 7 6 9 9 8 7 8 10 12 12 12 9 8 7 7 6 5 5 4 5 5 6 6 6 5 5 4 5 4 5 7 4 0 1 4 3 0 1 0 4 5 8 9 7 8 7 4 4 3 4 6 8 8 8 8 7 6 4 3 5 5 4 4 5 7 9 10 6 5 4 5 7 8 7 6 4 5 5 5 3 3 4 5 4 9 11 9 8 11 12 10 8 7 7 7 7 7 7 5 6 3 5 8 16 20 21 21 26 19 16 14 16 12 14 14 24 35 44 57 67 67 79 105 138 167 199 217 223 228 234 236 233 231 230 231 232 233 234 235 234 234 234 235 236 237 239 240 234 233 234 233 232 232 234 236 240 240 239 239 239 239 240 242 241 242 243 243 241 240 241 242 247 245 244 245 248 251 252 253 240 248 251 247 244 246 248 246 245 246 247 249 250 251 251 251 250 248 247 248 250 251 250 248 249 248 247 248 253 255 252 247 249 249 249 250
225 226 227 225 222 222 225 226 228 228 230 230 230 231 232 233 233 233 233 233 232 232 232 231 228 228 228 228 227 225 224 223 226 226 227 227 227 227 228 228 225 225 225 225 225 226 227 226 225 224 225 225 226 227 230 231 229 228 229 229 231 231 230 229 231 231 230 230 230 230 231 231 231 231 230 230 230 230 229 229 227 227 227 227 227 227 227 227 232 232 231 230 228 227 227 226 233 232 232 231 230 229 229 228 229 229 229 228 229 230 230 231 230 230 230 229 229 228 228 228 227 227 227 228 228 228 228 228 228 228 227 226 226 226 226 226 225 225 224 224 224 224 225 225 227 227 227 227 228 228 228 228 225 225 225 225 225 225 225 225 222 222 221 220 219 217 215 214 209 205 181 135 89 56 34 20 25 24 22 21 20 20 20 20 17 17 18 18 18 18 17 16 15 17 17 15 16 18 16 10 8 11 14 13 10 9 12 15 9 10 10 8 6 4 5 6 9 6 5 8 8 5 6 9 6 5 5 5 5 6 7 7 8 3 2 6 9 9 10 13 12 10 7 6 7 11 17 20 18 20 24 23 20 17 16 14 12 10 10 7 5 4 4 5 12 10 10 10 11 12 11 9 9 12 15 14 11 8 8 10 8 5 5 8 7 4 4 6 8 6 4 4 7 9 10 9 8 7 5 4 3 3 4 4 5 5 5 4 3 2 1 0 3 3 6 9 7 2 1 2 2 0 1 0 4 5 7 8 7 7 5 1 1 0 2 5 6 6 4 3 3 2 2 2 2 2 3 4 4 5 6 6 7 5 3 3 5 6 7 7 7 6 5 5 5 5 2 0 1 7 11 10 8 9 7 4 8 8 9 9 9 9 9 7 9 6 7 9 17 20 21 21 24 18 16 14 16 12 16 17 29 39 51 62 70 68 79 105 137 166 198 216 223 227 232 234 233 231 230 231 232 233 234 235 236 235 235 235 235 236 237 238 235 236 238 237 235 234 234 235 240 239 238 237 237 236 237 237 243 244 244 243 241 239 240 241 243 243 242 241 241 242 246 249 242 250 254 249 243 243 247 249 244 245 245 245 246 246 247 247 246 245 244 246 248 249 248 247 247 248 245 241 246 254 252 243 246 246 247 248
225 226 227 225 223 223 226 228 227 226 228 227 228 230 232 233 232 232 232 231 231 231 230 230 226 226 226 226 225 224 224 223 227 227 227 227 227 227 227 227 227 226 226 226 226 226 226 224 225 224 225 225 225 226 229 230 229 228 229 229 231 231 230 229 231 230 230 230 230 230 230 231 232 231 231 230 230 229 229 228 227 227 227 227 227 227 227 227 226 226 226 226 227 227 227 227 231 231 231 230 230 229 229 229 230 230 229 229 229 230 230 231 230 230 230 229 229 228 228 228 229 228 228 227 227 226 226 226 228 227 226 226 225 225 226 226 225 224 224 223 223 224 224 225 227 227 227 228 228 229 230 230 225 225 225 225 225 225 225 225 224 223 222 222 222 220 218 216 206 200 165 106 57 37 32 27 24 24 23 23 21 20 19 18 18 18 18 17 17 16 15 15 11 14 16 15 16 18 14 8 6 10 12 11 9 8 10 13 7 9 10 9 6 3 2 2 8 4 4 6 6 4 4 8 8 8 7 7 7 8 8 9 8 3 2 6 9 8 8 11 10 9 7 7 8 11 16 18 17 20 25 25 22 17 15 13 9 9 9 5 2 4 5 5 8 6 4 5 9 11 10 8 8 13 17 15 9 5 6 9 7 4 4 6 6 3 2 5 5 3 1 0 3 5 6 6 10 8 5 3 2 3 4 5 3 3 3 3 2 1 0 0 5 3 5 9 8 3 2 2 1 0 1 0 4 5 7 7 7 7 4 0 0 0 1 4 6 5 2 0 0 0 1 2 1 2 3 4 4 4 4 3 5 4 2 3 4 5 5 4 10 6 3 3 5 6 4 1 0 6 9 6 4 4 3 0 8 8 8 8 9 9 9 7 8 5 6 8 15 17 18 18 20 15 14 12 12 10 15 18 30 40 49 59 67 69 84 115 143 168 199 216 224 228 233 233 233 231 230 231 232 233 234 235 237 237 236 235 235 236 236 237 234 236 239 239 237 236 235 236 235 235 234 234 235 236 237 237 241 242 243 242 240 238 239 240 238 239 239 237 234 235 240 244 247 249 250 247 244 243 246 248 243 242 242 241 241 241 242 242 242 242 243 244 245 247 247 247 242 248 247 240 243 253 255 250 247 247 247 247
223 224 226 225 224 224 228 230 227 226 227 226 227 228 230 231 230 230 229 229 229 228 228 228 226 226 226 226 227 227 228 228 227 227 227 227 227 227 227 227 228 228 228 228 228 227 227 225 226 225 225 225 225 226 229 230 229 228 229 229 231 231 230 229 229 230 230 230 230 230 230 229 232 231 231 230 230 229 229 228 229 229 229 229 229 229 229 229 226 226 226 227 227 227 228 228 229 229 229 230 230 231 231 231 231 231 230 229 229 230 230 231 230 230 230 229 229 228 228 228 229 228 228 227 226 226 225 225 228 227 226 225 225 225 225 226 225 224 224 223 223 224 224 225 227 227 227 228 228 229 230 230 225 225 225 225 225 225 225 225 223 222 221 223 224 223 219 216 212 200 159 96 47 30 26 22 22 23 25 26 25 22 19 17 20 19 18 17 16 15 15 14 14 18 20 19 21 22 18 11 10 13 16 15 12 12 14 17 12 14 16 15 12 9 7 7 11 7 7 9 9 7 7 11 9 9 8 7 7 8 8 9 8 4 3 7 9 7 7 9 6 7 8 10 11 12 14 14 15 18 24 25 21 17 14 11 9 12 13 8 7 10 12 10 10 8 6 8 13 17 17 16 13 17 21 19 12 8 9 12 12 8 8 11 10 7 7 9 10 8 6 6 7 9 9 9 11 10 7 5 4 5 6 7 5 6 6 7 7 6 6 5 8 5 4 6 6 3 3 4 1 0 1 1 5 5 7 7 11 12 9 6 4 3 4 7 11 9 6 3 3 3 5 7 5 6 7 8 8 8 7 7 5 5 5 7 9 8 5 2 10 6 1 1 4 7 7 6 7 11 12 8 6 7 7 5 6 6 7 7 8 8 9 7 8 5 6 7 14 17 17 17 23 18 17 15 15 12 19 23 32 40 46 53 62 68 92 127 152 176 202 217 225 229 234 234 233 231 230 231 232 233 234 235 238 237 236 235 235 235 236 236 233 235 239 240 239 238 239 240 238 238 237 237 238 239 240 241 237 238 240 240 239 238 240 242 245 247 247 245 242 242 246 250 250 246 243 244 246 246 244 243 248 247 246 245 244 245 245 246 244 245 246 247 247 248 249 250 244 252 254 246 244 251 255 255 252 251 248 245
221 222 224 224 223 224 228 231 227 227 228 228 228 228 228 229 229 228 228 228 227 227 227 227 229 228 228 229 229 231 232 233 228 228 227 227 227 227 226 226 229 229 230 230 230 229 229 226 227 225 226 225 225 226 229 229 229 228 229 229 231 231 230 229 229 229 230 230 230 230 229 229 231 231 230 230 230 230 229 229 230 230 230 230 230 230 230 230 233 233 232 231 230 229 228 227 228 229 229 230 231 232 232 233 232 232 231 230 230 230 230 231 230 230 230 229 229 228 228 228 228 228 227 227 226 226 225 225 227 227 226 225 224 224 225 225 225 225 224 224 224 224 225 225 227 227 227 227 228 228 228 228 225 225 225 225 225 225 225 225 222 220 219 220 222 221 216 211 213 183 125 62 25 20 27 31 22 24 25 26 26 24 22 21 23 22 20 18 17 16 16 16 15 19 20 19 20 21 17 10 10 13 16 15 12 11 14 17 12 14 15 15 12 9 8 9 10 7 6 9 9 6 7 10 9 8 7 6 6 6 7 7 10 5 4 8 10 8 7 8 5 7 10 12 14 13 14 13 15 19 24 24 21 16 14 11 6 12 14 9 8 13 13 9 11 9 9 10 14 17 20 20 13 16 18 17 13 9 9 10 12 9 8 11 10 7 7 10 11 10 9 10 11 12 11 9 12 11 9 7 6 7 7 8 4 4 5 6 6 6 5 4 10 5 3 6 7 5 4 4 1 0 2 3 7 6 8 7 10 11 10 7 5 3 3 5 10 8 6 4 3 3 5 6 6 6 6 6 6 6 6 6 8 8 9 12 13 11 7 4 9 6 3 3 4 6 7 7 8 12 13 9 7 8 9 7 6 6 6 7 8 8 9 7 10 7 8 10 17 19 20 19 24 20 19 16 14 12 19 25 39 45 49 53 60 70 98 136 165 185 208 218 225 229 234 234 233 231 230 231 232 233 234 235 237 237 236 235 235 235 236 236 233 235 238 239 238 238 240 241 240 239 238 237 236 236 236 237 236 238 239 240 239 239 241 243 244 245 245 245 244 244 245 247 251 243 239 243 249 248 244 241 250 249 247 246 246 247 248 249 243 245 247 247 246 246 247 249 247 249 249 246 242 242 247 251 251 247 241 236
222 223 224 223 222 222 226 228 228 228 230 230 229 228 227 226 229 229 229 228 228 227 227 227 230 229 228 228 228 229 230 231 228 228 228 227 227 226 226 226 228 229 230 231 231 230 229 227 227 225 226 225 225 226 228 229 229 228 229 229 231 231 230 229 228 229 230 230 230 230 229 228 229 229 230 230 230 230 231 231 230 230 230 230 230 230 230 230 234 234 233 232 231 230 229 229 231 231 231 231 232 232 232 232 233 232 231 230 230 230 230 230 230 230 230 229 229 228 228 228 227 227 226 226 226 226 226 226 227 226 225 225 224 224 225 225 226 226 225 225 225 225 226 226 227 227 227 227 226 226 226 226 225 225 225 225 225 225 225 225 224 221 219 220 221 218 211 205 198 153 88 38 17 20 31 39 26 25 24 24 24 25 27 28 28 27 24 22 20 19 19 19 16 19 19 17 17 19 15 9 9 12 14 14 11 10 13 16 9 11 12 11 9 8 8 9 10 7 6 9 9 6 7 10 10 10 9 8 7 7 8 8 11 7 6 10 11 8 7 8 9 10 12 13 15 15 17 17 18 20 25 24 21 17 16 14 4 12 15 10 8 12 11 3 10 10 10 10 10 12 15 18 12 12 13 13 12 10 8 7 11 8 7 10 9 6 6 9 9 8 9 11 12 11 9 6 11 10 10 9 8 7 7 7 4 4 4 4 3 2 1 0 8 4 4 8 10 7 3 1 2 1 4 5 9 8 9 8 6 9 9 7 5 2 0 0 8 7 5 3 2 2 3 4 5 5 3 2 2 3 4 5 9 8 8 9 10 9 7 5 5 7 9 8 6 4 3 3 2 8 11 9 7 8 7 4 6 7 7 8 9 10 11 9 11 8 9 11 19 21 22 22 23 19 19 14 12 9 17 23 42 50 54 58 67 75 104 143 177 194 211 220 223 228 233 233 233 231 230 231 232 233 234 235 236 236 235 235 235 236 237 237 236 237 238 238 237 237 239 241 239 238 237 237 237 237 238 238 240 241 242 242 241 240 241 243 238 238 238 240 242 242 241 239 248 242 241 247 251 248 244 244 248 247 245 244 244 246 248 249 244 246 248 247 245 244 246 248 251 242 239 245 246 241 241 246 249 244 236 228
223 224 225 223 221 220 223 225 228 229 231 231 230 228 226 224 230 230 230 229 229 228 228 228 229 228 226 225 224 224 225 226 228 228 228 227 227 226 226 226 226 228 229 231 231 230 229 227 227 226 226 225 225 225 228 228 229 228 229 229 231 231 230 229 227 228 230 231 231 230 228 227 228 229 229 230 230 231 231 232 229 229 229 229 229 229 229 229 229 229 230 230 230 231 231 231 234 234 233 233 232 231 231 230 233 233 232 230 230 230 230 230 230 230 230 229 229 228 228 228 226 226 226 226 226 226 226 226 227 226 225 224 224 224 224 225 227 226 226 225 225 226 226 227 227 227 227 226 226 225 224 224 225 225 225 225 225 225 225 225 228 225 221 221 221 217 209 201 179 136 86 55 43 35 27 22 30 27 23 20 21 25 30 34 32 30 28 25 23 22 22 22 22 24 23 20 20 22 18 13 13 16 19 18 15 14 17 20 12 13 14 13 11 11 12 13 16 12 12 14 14 12 12 16 14 13 12 11 10 10 10 11 12 8 7 11 12 9 7 8 13 13 13 13 15 16 20 22 20 22 26 25 22 18 17 16 9 18 22 15 12 16 13 4 13 15 15 12 9 9 14 18 16 15 15 15 16 15 12 9 15 12 11 14 14 10 10 13 10 10 11 14 15 14 10 6 9 10 10 9 9 7 6 5 10 10 9 8 6 4 2 1 6 3 5 11 13 8 2 0 3 2 5 6 10 9 10 9 9 12 13 12 10 6 3 3 11 10 9 8 7 7 7 7 10 9 6 5 5 6 8 9 9 6 4 3 4 5 4 4 3 8 13 14 9 3 0 0 0 8 13 13 11 10 7 3 8 8 9 10 11 11 12 11 10 7 8 10 18 21 22 22 26 22 21 16 13 10 19 25 42 51 57 63 73 84 113 151 185 200 214 219 222 227 232 230 231 231 230 231 232 233 234 235 236 235 235 235 235 236 237 238 237 237 237 235 233 233 236 238 238 238 238 240 241 244 245 247 244 245 246 244 242 241 241 243 242 241 241 245 249 249 246 242 245 243 246 252 252 246 245 249 249 248 247 246 246 248 250 252 250 252 254 253 250 249 250 253 255 240 235 250 255 252 248 252 254 248 239 231
221 221 223 224 224 225 228 228 225 226 229 229 227 227 228 229 226 227 227 228 228 227 227 226 227 228 228 229 229 228 228 227 226 226 226 227 227 228 228 228 227 228 229 230 230 229 227 224 226 225 226 226 226 226 228 228 228 228 230 230 230 230 230 230 225 227 229 229 228 227 228 229 229 229 229 229 229 229 229 229 230 229 227 226 226 227 229 230 229 229 229 229 229 229 229 229 228 229 230 231 230 229 228 226 228 229 230 231 231 230 228 227 225 225 226 227 227 228 229 229 227 226 226 225 226 227 229 230 225 224 223 223 225 225 224 223 223 223 223 223 223 223 223 223 226 227 227 227 227 226 225 224 221 222 223 224 225 225 225 225 221 219 225 225 215 212 210 199 191 163 94 46 43 29 16 35 25 24 22 23 25 27 27 26 23 20 21 25 26 23 22 25 22 19 17 16 17 18 18 17 11 13 14 13 12 12 13 15 14 11 11 13 12 8 8 11 11 9 9 11 9 7 10 15 9 8 7 7 9 9 8 7 7 7 8 10 11 10 7 4 10 12 10 6 6 11 16 14 15 16 19 20 19 18 17 15 14 12 12 11 11 11 11 11 6 8 11 13 15 17 17 17 12 15 18 16 11 8 8 9 5 6 8 9 9 8 6 5 2 3 4 7 10 11 10 8 6 9 11 8 4 3 8 13 5 5 4 4 4 3 3 3 2 4 6 9 10 10 9 6 0 0 4 6 9 6 7 7 6 7 6 5 6 4 2 2 3 3 3 6 9 10 8 6 6 5 5 5 5 6 7 8 4 2 1 3 5 6 5 4 10 8 6 5 7 9 10 9 4 8 10 8 4 3 7 12 5 7 9 10 10 10 11 9 9 7 10 11 17 20 22 23 22 21 19 12 10 11 19 22 39 53 47 59 80 102 144 172 192 200 213 223 230 232 232 233 232 232 232 233 233 234 234 234 235 235 236 236 236 237 237 237 233 233 234 235 236 238 238 239 236 237 238 239 240 241 241 241 238 238 238 239 240 241 243 243 239 238 237 236 237 239 242 244 239 243 245 244 241 240 243 247 243 237 238 247 248 241 241 248 245 242 241 245 251 254 251 247 249 249 248 247 248 249 251 252 250 246 242 239
221 221 223 224 224 225 228 228 226 227 229 228 227 226 228 230 226 227 227 228 228 227 227 226 228 228 229 229 229 229 228 228 226 226 226 227 227 228 228 228 226 227 228 229 229 228 228 225 226 225 226 226 226 226 228 228 228 228 230 230 230 230 230 230 226 228 230 231 230 229 230 231 229 229 229 229 229 229 229 229 229 229 227 227 227 227 229 229 228 228 228 228 228 228 228 228 229 230 231 231 230 229 227 226 227 228 229 230 230 229 229 228 225 225 226 227 227 228 229 229 228 228 227 227 227 228 230 231 226 225 224 224 226 227 226 224 223 223 223 223 223 223 223 223 227 228 228 228 228 227 226 225 225 225 226 226 226 225 224 224 227 221 221 219 212 213 210 197 174 161 102 50 44 35 22 31 27 25 23 24 25 27 26 26 22 19 19 22 22 18 17 19 20 18 16 16 18 19 18 17 12 14 15 15 14 13 13 15 8 5 6 10 10 8 9 12 12 9 8 9 6 2 4 9 6 5 4 5 7 7 5 4 6 6 7 9 11 11 8 5 7 9 9 5 6 10 13 11 14 15 18 19 19 17 16 14 10 8 8 8 7 7 7 7 11 10 9 9 10 13 16 18 14 17 19 16 12 9 9 11 6 6 8 8 8 8 6 6 5 5 6 9 12 13 11 9 6 9 11 10 6 5 8 12 6 5 5 5 4 4 4 3 2 3 5 7 7 6 4 1 0 0 5 6 9 7 8 8 9 9 7 5 5 4 2 2 7 5 3 4 6 8 9 8 6 5 5 5 5 6 7 8 6 5 5 7 9 9 8 6 11 9 6 5 6 7 7 6 2 6 9 8 5 5 9 13 5 6 7 8 8 9 11 10 10 9 11 13 19 21 23 25 21 20 19 12 12 13 21 24 37 54 52 67 91 114 156 183 197 205 215 222 228 230 232 234 232 232 232 233 233 234 234 234 235 235 235 235 236 236 236 237 239 239 239 238 238 238 238 237 236 236 238 239 240 240 240 240 242 242 242 242 242 244 245 245 240 239 238 238 239 241 243 245 244 243 243 244 245 245 245 245 247 240 241 248 247 240 240 246 243 241 240 242 245 246 244 241 244 244 243 243 243 244 246 247 250 247 243 241
221 221 223 224 224 225 228 228 227 227 229 228 226 226 229 231 226 227 227 228 228 227 227 226 228 228 229 229 229 229 228 228 226 226 227 227 227 227 228 228 225 225 226 228 228 228 228 226 226 225 226 226 226 226 228 228 228 228 230 230 230 230 230 230 228 230 232 232 231 230 231 232 229 229 229 229 229 229 229 229 229 228 228 227 227 228 228 229 228 228 228 228 228 228 228 228 231 231 231 231 230 228 227 226 226 226 227 229 229 229 229 229 225 225 226 227 227 228 229 229 229 228 228 228 228 229 230 231 227 226 225 225 227 228 226 225 223 223 223 223 223 223 223 223 228 228 229 229 228 228 227 226 227 227 227 227 226 225 224 223 226 219 219 219 216 220 216 199 187 178 120 58 42 37 27 28 28 26 24 24 25 26 26 25 27 23 23 25 24 19 18 20 18 17 16 17 19 20 18 16 16 18 20 21 19 17 17 18 11 9 9 13 14 11 12 15 15 12 11 12 9 5 7 12 8 8 8 10 11 11 8 6 6 6 6 9 11 11 9 7 8 12 13 11 11 14 16 13 13 14 18 19 18 17 15 13 13 10 10 10 9 9 8 8 19 16 12 9 9 13 18 21 17 19 19 16 11 9 10 13 6 7 7 8 8 7 7 6 8 7 8 11 14 14 13 11 6 9 12 11 8 6 8 10 7 6 6 6 5 5 5 4 6 7 8 8 8 6 5 1 2 4 9 10 13 11 13 13 12 11 8 5 4 3 2 3 11 8 4 3 5 7 9 9 6 5 5 5 5 6 7 8 6 6 7 9 11 10 8 5 16 13 9 8 8 8 8 7 1 4 7 7 5 6 10 14 15 14 12 12 12 13 14 13 9 8 10 12 18 20 22 24 21 20 20 14 13 15 24 27 34 54 55 74 102 124 168 195 204 210 217 223 226 228 232 234 232 232 232 233 233 234 234 234 234 234 234 235 235 236 236 236 241 241 241 241 240 240 240 240 238 238 239 240 240 241 241 242 244 243 243 242 243 243 244 244 241 241 240 240 240 242 244 245 253 249 246 248 253 255 252 249 247 241 242 248 248 243 243 248 246 246 246 246 246 245 243 242 245 245 244 244 244 245 246 247 249 246 244 243
222 222 223 224 224 225 227 227 228 228 229 228 226 227 229 232 226 227 227 228 228 227 227 226 226 226 227 228 228 227 226 226 227 227 227 227 227 227 227 227 224 225 226 227 227 228 228 226 226 225 226 226 226 226 228 228 228 228 230 230 230 230 230 230 227 230 232 232 231 230 231 232 230 230 229 229 229 229 228 228 228 228 228 228 228 228 228 228 227 227 227 227 227 227 227 227 232 232 232 231 230 228 227 227 225 226 227 228 228 229 229 229 226 226 226 227 227 228 228 228 228 228 228 228 228 228 228 229 227 225 224 225 226 227 226 225 223 223 223 223 223 223 223 223 227 227 228 228 228 227 226 225 225 226 226 226 225 225 224 223 224 220 222 221 216 218 210 189 195 169 105 48 30 28 25 29 29 27 25 24 25 26 25 24 27 24 24 27 25 21 19 21 16 16 16 18 20 20 17 15 15 18 20 20 19 17 16 16 17 14 13 16 15 11 11 13 13 11 11 13 11 9 12 17 10 10 10 12 14 13 10 8 6 6 6 8 10 11 9 8 8 12 14 13 13 15 16 12 13 15 19 20 20 18 16 13 14 12 11 11 10 9 9 9 20 17 12 8 8 11 15 18 18 19 19 15 9 7 10 13 7 7 7 7 7 7 7 7 9 9 9 11 14 14 12 10 5 8 11 11 9 7 7 8 7 7 7 6 6 6 5 5 5 6 7 7 7 6 5 3 2 3 8 9 12 10 12 13 14 13 8 4 3 2 2 3 12 9 6 5 6 7 7 7 6 5 5 5 5 6 7 8 4 4 6 9 10 9 5 2 14 11 8 7 7 8 8 7 4 6 7 7 6 6 9 12 22 19 15 13 12 13 13 11 6 5 7 9 15 17 19 21 24 23 22 15 15 16 24 26 33 50 53 72 102 128 171 200 212 216 221 223 224 227 231 234 232 232 232 233 233 234 234 234 234 234 234 234 235 235 236 236 236 236 237 238 239 240 241 242 239 239 239 239 239 240 241 241 242 241 240 240 239 240 240 240 241 241 240 240 241 242 243 244 252 250 248 250 252 254 252 250 243 239 241 246 248 247 249 254 247 249 250 250 247 246 246 246 247 247 246 246 246 247 247 247 247 245 243 243
222 222 224 224 224 224 227 227 227 228 230 229 227 227 230 232 226 227 227 228 228 227 227 226 224 225 225 226 226 225 225 224 227 227 227 227 227 227 227 227 226 226 226 226 227 228 228 227 226 225 226 226 226 226 228 228 228 228 230 230 230 230 230 230 226 229 231 231 230 229 230 231 230 230 230 229 229 228 228 228 228 228 228 228 228 228 228 228 227 227 227 227 227 227 227 227 233 232 231 230 229 229 228 228 227 227 227 227 228 229 229 230 226 226 227 227 227 227 228 228 226 226 226 226 226 226 226 225 225 224 223 224 225 226 225 223 223 223 223 223 223 223 223 223 225 226 226 226 226 225 224 223 221 222 223 224 224 224 224 223 229 226 226 218 208 209 201 179 159 116 60 28 21 19 22 32 28 26 24 23 24 25 24 23 22 19 20 23 22 18 17 20 16 16 16 18 19 19 17 14 11 13 15 15 13 11 11 11 14 10 10 12 11 8 7 10 9 7 7 9 7 5 8 13 7 7 7 8 10 9 7 5 7 6 6 7 10 10 9 8 2 7 10 9 9 11 11 6 14 16 21 23 22 20 18 14 12 9 9 8 7 6 5 5 14 12 10 8 7 8 10 12 17 18 17 13 8 6 8 11 7 7 7 7 7 7 7 7 9 8 8 10 12 12 9 7 5 7 9 10 9 8 7 7 7 7 7 6 6 6 5 5 1 2 3 4 5 5 6 4 0 0 3 3 6 5 8 8 14 12 8 4 3 2 2 3 9 8 7 7 8 8 5 3 6 5 5 5 5 6 7 8 4 5 6 9 10 9 5 1 8 5 3 3 4 6 6 6 8 8 8 7 6 5 7 8 15 11 7 6 8 10 10 7 6 5 7 9 15 17 19 21 28 26 24 17 15 15 23 24 36 51 52 69 99 126 174 202 218 222 223 224 225 227 230 233 232 232 232 233 233 234 234 234 234 234 234 235 235 236 236 236 236 237 237 239 240 241 242 242 240 240 239 239 239 240 241 242 241 240 239 239 238 239 239 240 240 240 240 240 240 241 241 242 241 243 245 244 242 242 244 246 243 241 242 245 247 248 250 254 244 246 248 248 247 246 246 247 245 245 245 245 245 245 245 244 246 244 243 243
223 223 224 224 224 224 226 226 226 228 231 231 229 228 229 231 226 227 227 228 228 227 227 226 224 224 225 226 226 225 224 224 228 228 227 227 227 227 226 226 229 229 228 227 227 228 228 227 226 225 226 226 226 226 228 228 228 228 230 230 230 230 230 230 226 228 231 231 230 229 230 231 231 231 230 229 229 228 227 227 227 228 228 229 229 228 228 227 228 228 228 228 228 228 228 228 232 232 231 230 230 230 230 231 230 230 229 228 228 229 229 230 227 227 227 227 227 227 227 227 225 226 226 226 226 225 224 223 225 224 222 223 225 225 224 223 223 223 223 223 223 223 223 223 224 225 225 225 225 224 223 222 219 220 221 223 223 224 224 224 230 226 223 215 209 214 205 179 121 76 37 29 29 25 24 29 26 24 22 22 23 24 23 22 23 20 21 24 24 20 19 22 18 17 16 17 18 17 15 13 16 17 17 16 14 12 13 14 11 8 8 12 13 11 11 14 13 10 9 10 7 3 5 10 9 8 7 7 9 9 8 7 9 8 7 7 9 9 8 7 3 8 10 9 9 11 12 8 15 17 22 24 24 21 18 15 15 12 11 10 9 8 7 7 14 13 13 13 13 14 15 15 16 18 18 14 8 5 6 9 8 7 7 6 6 7 7 8 8 8 8 9 11 10 7 5 6 6 7 7 7 7 6 6 7 6 6 6 5 5 5 4 5 5 6 7 8 10 11 9 1 1 5 5 8 7 10 11 11 10 7 3 3 2 1 2 7 6 6 7 8 7 4 2 6 5 5 5 5 6 7 8 7 7 8 9 11 9 6 3 10 8 6 6 8 10 11 10 10 9 8 7 6 6 6 6 8 5 3 5 10 13 14 10 9 8 10 12 18 20 22 24 30 28 25 17 15 14 21 23 39 56 54 71 100 127 176 207 218 223 226 228 228 228 230 231 232 232 232 233 233 234 234 234 235 235 236 236 236 237 237 237 243 242 242 242 242 241 241 241 243 242 240 239 239 241 242 243 242 242 241 241 241 242 243 243 240 240 240 240 240 241 241 241 238 242 245 244 241 239 243 246 247 246 245 244 245 246 247 249 246 246 248 249 250 251 251 250 248 248 249 249 249 248 247 246 246 244 243 244
223 223 224 224 224 224 226 226 225 227 232 233 231 229 229 229 226 227 227 228 228 227 227 226 226 226 227 227 227 227 226 226 228 228 228 227 227 226 226 226 233 231 230 228 228 228 228 227 226 225 226 226 226 226 228 228 228 228 230 230 230 230 230 230 228 230 232 232 231 230 231 232 231 231 230 229 229 228 227 227 227 227 229 229 229 229 227 227 228 228 228 228 228 228 228 228 231 231 230 229 230 231 232 233 234 232 231 229 229 229 229 230 227 227 227 227 227 227 227 227 226 226 227 227 227 226 224 223 226 224 223 224 226 226 225 224 223 223 223 223 223 223 223 223 225 225 226 226 225 225 224 223 222 222 223 224 224 223 223 222 225 220 219 216 215 213 186 143 92 59 36 31 30 28 26 20 23 21 20 20 22 23 23 22 28 25 25 27 26 21 20 22 21 19 16 15 16 16 14 13 21 21 19 17 14 14 16 18 12 9 10 14 14 12 13 16 15 12 11 11 8 4 6 11 13 10 7 7 8 10 11 10 12 10 7 7 8 8 7 5 8 12 13 12 12 15 16 12 14 16 22 24 24 20 17 13 19 16 15 14 13 12 11 10 14 14 14 14 16 18 20 21 16 18 19 16 11 7 6 8 8 8 6 6 6 6 8 8 9 9 8 9 10 10 7 4 6 5 4 4 4 5 5 5 6 5 5 5 4 4 4 3 8 8 8 9 9 10 11 9 4 4 7 7 10 10 13 14 7 7 5 3 4 2 0 0 7 5 3 4 5 6 5 3 6 5 5 5 5 6 7 8 8 7 6 7 8 8 6 3 15 12 9 9 10 12 12 11 9 8 6 6 6 7 7 7 9 6 4 7 13 16 14 9 10 9 11 13 19 21 23 25 28 26 24 17 14 15 22 24 39 57 56 76 105 132 179 208 217 223 230 234 232 230 227 227 232 232 232 233 233 234 234 234 236 236 237 237 238 238 238 238 243 245 244 244 244 244 243 243 247 245 244 242 242 243 245 244 243 243 243 243 244 245 246 247 241 242 242 242 242 242 241 241 245 246 247 247 247 247 248 249 248 247 245 243 243 245 246 247 250 248 248 250 254 255 253 250 251 251 252 252 252 251 249 248 248 246 246 246
224 224 224 224 224 224 226 226 224 227 233 234 233 230 228 228 226 227 227 228 228 227 227 226 227 228 228 229 229 228 228 227 228 226 228 225 227 224 226 224 235 231 231 227 228 226 228 227 226 226 226 226 226 226 228 228 228 228 230 230 230 230 230 230 229 231 233 233 232 232 232 233 231 231 230 229 229 228 227 227 226 227 229 230 230 229 227 226 229 229 229 229 229 229 229 229 231 230 229 229 230 232 233 235 236 234 232 230 229 229 229 230 227 227 227 227 227 227 227 227 227 228 228 229 228 227 225 224 227 226 225 225 227 227 226 225 223 223 223 223 223 223 223 223 226 227 227 227 227 226 225 224 225 225 225 225 224 223 222 221 223 218 218 218 214 196 142 78 60 41 25 16 13 22 25 12 21 19 18 19 21 23 23 22 27 24 23 24 22 17 14 16 23 20 16 14 14 14 14 12 17 16 14 11 8 8 12 15 12 9 8 11 10 6 6 8 7 4 4 6 5 3 5 11 10 7 3 2 3 6 7 8 13 11 8 7 7 7 6 5 7 10 11 9 9 12 14 11 12 15 21 23 23 19 15 12 15 14 13 12 10 9 8 7 8 7 7 7 9 12 16 19 17 19 21 19 13 8 7 8 9 8 6 5 5 6 8 9 10 10 9 10 11 10 7 4 6 4 2 2 3 4 5 5 5 5 4 4 4 3 3 3 4 4 3 2 2 2 2 3 0 1 2 4 3 5 6 8 4 3 4 3 4 2 2 2 8 5 1 0 2 4 5 6 6 5 5 5 5 6 7 8 6 5 3 3 4 4 3 1 11 9 5 4 4 5 4 3 7 6 5 5 7 8 9 8 10 6 4 6 9 10 6 1 9 9 10 13 15 20 22 23 26 24 23 18 15 17 26 27 35 55 56 78 106 132 177 204 215 220 230 234 234 232 227 226 232 232 232 233 233 234 234 234 237 237 238 238 238 239 239 239 237 237 238 239 240 242 242 243 246 245 242 241 241 242 244 245 242 242 242 243 244 245 247 248 243 243 244 244 244 243 242 242 248 245 243 245 249 250 248 245 244 245 243 241 242 246 249 249 249 245 243 245 250 252 248 243 247 248 248 249 248 247 245 244 250 249 248 248
228 227 227 226 226 227 227 228 226 226 226 226 228 227 226 224 226 226 226 227 227 228 228 228 226 227 228 227 225 224 225 226 223 221 221 220 222 224 228 229 227 225 224 222 223 223 226 227 223 225 226 227 227 228 229 229 225 226 226 227 227 228 228 229 230 230 230 230 230 230 230 230 229 229 229 229 229 229 229 229 220 226 231 231 228 226 229 232 223 225 227 229 230 230 230 229 224 226 227 227 225 225 226 228 225 226 228 229 230 230 229 228 228 228 228 228 228 228 228 228 228 228 228 228 228 228 228 228 224 224 224 225 225 226 226 226 223 223 223 223 223 223 223 223 224 224 224 224 224 224 224 224 222 223 224 224 222 222 223 224 218 213 213 195 185 165 100 51 31 30 28 26 25 22 20 18 18 17 17 17 18 20 22 23 21 20 18 17 16 16 17 18 17 17 18 17 16 15 14 13 15 14 11 7 4 6 13 19 9 9 9 9 9 9 9 9 5 0 1 10 10 3 2 9 9 8 8 7 7 8 9 9 6 4 4 7 8 5 5 8 8 9 10 12 12 13 13 13 14 15 16 18 19 19 19 18 15 12 10 8 6 5 4 4 4 4 5 5 7 8 10 10 12 14 15 14 11 8 7 7 5 5 5 5 5 5 5 5 4 5 6 6 5 4 2 1 6 5 3 2 2 3 5 6 6 5 4 4 3 3 3 3 0 1 4 7 8 8 7 6 2 3 3 2 1 2 5 7 6 5 5 6 6 5 5 4 2 4 5 4 4 5 7 9 2 2 2 3 4 5 7 8 7 4 4 6 4 1 4 9 7 7 6 6 6 7 8 9 8 5 3 4 7 9 8 6 3 3 5 6 8 9 10 11 8 7 8 11 15 18 18 18 20 15 17 23 19 15 23 33 30 45 48 76 109 134 175 202 208 214 223 230 232 231 230 230 231 232 233 234 236 237 238 239 233 235 238 240 241 240 239 236 236 237 237 236 235 236 238 241 235 238 240 239 237 236 238 241 237 241 243 243 243 243 245 247 235 245 249 244 240 242 244 243 245 243 241 242 246 248 248 246 249 243 239 242 249 252 249 244 241 248 253 250 243 240 246 253 244 252 249 244 249 249 244 245 245 245 245 245
228 227 227 226 226 227 227 228 225 224 224 224 225 225 225 224 226 226 226 227 227 228 228 228 226 227 228 227 225 224 225 226 223 222 223 224 224 224 223 222 225 225 223 223 223 223 225 226 226 226 227 227 227 227 228 228 226 226 227 227 227 227 228 228 229 229 229 229 229 229 229 229 229 229 229 229 229 229 229 229 223 227 231 230 227 226 228 232 225 226 227 229 230 229 229 228 225 226 227 227 225 225 226 227 225 226 227 228 228 228 227 226 228 228 228 228 228 228 228 228 228 228 228 228 228 228 228 228 224 224 224 225 225 226 226 226 224 224 224 224 224 224 224 224 223 223 223 223 223 223 223 223 222 223 223 223 222 221 221 222 221 214 215 204 200 181 111 58 25 29 32 30 25 20 18 19 18 18 18 18 19 20 21 21 20 19 18 17 17 17 18 19 17 17 16 15 14 14 13 13 13 12 10 6 4 6 11 16 10 10 10 10 10 10 10 10 12 6 7 14 14 6 5 11 8 7 7 6 6 6 6 7 7 5 6 10 12 11 12 16 6 7 8 10 10 11 11 11 12 13 14 16 16 17 16 16 11 10 10 9 8 8 8 8 7 6 6 6 8 10 13 14 11 13 14 12 9 6 5 5 9 9 9 9 9 9 9 9 3 4 5 6 5 4 3 2 6 5 3 2 2 3 5 6 5 5 6 6 6 5 3 3 1 2 4 6 6 6 6 5 6 7 7 6 5 6 8 11 5 5 5 4 4 5 5 5 2 4 5 5 4 5 7 9 7 6 5 4 4 4 4 5 7 4 4 6 4 2 4 9 7 6 5 5 4 5 5 6 4 2 1 2 5 6 5 3 7 7 8 9 10 11 12 13 9 8 8 11 15 18 19 19 21 16 17 22 20 15 22 31 29 44 48 77 110 133 171 197 210 215 224 228 230 229 229 229 232 233 233 234 236 237 237 238 236 236 236 237 238 239 240 239 233 232 234 234 235 237 241 244 232 234 237 236 235 234 236 241 241 244 245 244 242 241 242 243 241 249 253 248 244 246 247 246 248 245 243 243 247 249 250 249 250 247 245 247 250 251 247 243 245 251 255 253 248 246 249 253 248 255 252 247 252 252 248 250 250 250 250 250
227 227 226 226 226 226 227 227 224 223 222 221 221 222 223 224 226 226 227 227 227 227 228 228 226 227 228 227 225 224 225 226 223 225 228 229 228 225 220 218 226 225 225 224 224 225 225 226 228 228 227 227 227 227 226 226 228 228 227 227 227 227 226 226 228 228 228 228 228 228 228 228 229 229 229 229 229 229 229 229 226 228 230 229 226 225 228 231 227 227 228 228 229 228 227 227 225 226 228 227 225 224 226 227 226 226 227 227 227 226 225 224 228 228 228 228 228 228 228 228 228 228 228 228 228 227 227 227 224 224 225 225 225 225 226 226 224 224 224 224 224 224 224 224 223 223 223 223 223 223 223 223 222 222 223 222 222 221 220 219 223 214 213 199 192 167 92 37 21 27 34 32 25 18 17 19 18 18 19 20 20 20 19 19 19 18 18 17 18 18 19 20 18 17 15 13 12 12 13 14 10 10 9 7 5 6 10 13 10 10 10 10 10 10 10 10 12 7 7 12 11 5 3 8 9 8 7 6 6 5 6 6 5 3 4 8 10 8 9 12 5 5 7 8 8 9 9 8 9 10 12 14 15 14 14 13 5 5 6 6 7 8 8 9 6 5 4 4 6 9 13 15 10 12 12 11 7 5 4 4 6 6 6 6 6 6 6 6 3 3 4 5 5 5 5 4 6 5 4 3 3 4 5 6 4 5 6 7 7 5 4 2 4 4 4 4 4 4 4 4 4 5 5 4 3 3 6 8 5 5 3 2 2 3 5 5 3 4 5 5 4 4 7 9 7 6 5 5 4 4 5 5 7 5 5 7 5 2 4 9 6 5 4 3 3 2 3 3 2 1 1 3 5 5 4 2 5 6 6 6 7 7 8 8 10 9 9 12 16 19 20 20 19 14 14 17 15 10 16 21 28 43 49 79 113 135 172 197 213 216 224 226 228 228 228 228 234 234 234 235 235 236 236 236 238 237 236 235 235 238 240 240 232 234 236 237 238 241 244 247 234 236 238 238 237 238 240 241 244 247 247 245 241 239 239 240 242 248 251 247 244 243 244 243 245 242 239 239 241 244 246 247 247 247 247 247 247 245 244 243 244 247 249 250 248 246 246 247 246 254 249 243 248 249 245 248 248 248 248 248
227 227 226 225 225 226 227 227 225 224 223 221 220 221 224 226 227 227 227 227 227 227 227 227 226 227 228 227 225 224 225 226 224 226 228 229 228 225 221 219 225 225 225 225 225 225 225 225 229 229 228 227 227 226 225 225 229 228 228 227 227 226 226 225 228 228 228 228 228 228 228 228 229 229 229 229 229 229 229 229 229 230 229 227 225 225 228 231 228 228 228 228 227 227 226 226 226 227 228 227 225 224 225 226 228 228 227 227 226 226 225 224 228 228 228 228 228 228 228 228 228 228 228 227 227 227 227 226 225 225 225 225 225 225 225 225 225 225 225 225 225 225 225 225 224 224 224 224 224 224 224 224 224 223 223 223 223 222 219 217 228 220 218 193 169 138 73 31 22 26 29 28 24 20 19 19 18 19 20 21 21 19 18 17 18 18 18 18 19 20 20 21 20 18 15 13 12 13 14 16 10 10 9 9 8 8 10 11 9 9 9 9 9 9 9 9 10 6 6 9 9 4 4 7 10 10 8 7 6 6 6 7 8 4 4 7 6 3 2 5 5 6 7 8 8 8 8 8 8 10 12 14 15 15 14 13 6 6 7 8 9 9 9 9 9 8 6 5 7 11 16 19 12 13 13 11 7 5 4 5 4 4 4 4 4 4 4 4 3 3 4 5 5 6 6 6 6 5 4 4 4 4 5 6 6 5 5 4 4 4 4 4 6 5 4 3 2 3 3 3 1 3 4 3 2 1 3 4 6 5 3 1 1 3 5 6 3 4 5 5 4 4 6 8 2 2 2 3 4 6 7 8 6 5 6 8 6 3 4 9 7 7 5 4 3 2 2 2 3 3 4 6 6 6 5 4 5 5 5 5 5 5 5 5 11 10 10 12 16 20 21 22 21 17 16 17 15 11 15 17 23 40 49 79 114 137 174 200 210 215 220 224 227 228 229 231 235 235 235 235 235 235 235 235 237 237 236 236 236 237 239 238 236 236 237 238 237 238 240 242 236 237 238 239 240 240 242 243 246 247 247 245 241 239 239 240 243 247 249 247 244 242 242 241 245 242 239 237 238 241 245 247 248 250 250 247 244 244 247 250 244 244 245 247 248 247 245 243 244 251 246 240 245 246 243 246 244 244 244 244
227 226 225 225 225 225 226 227 226 226 226 223 221 222 225 229 227 227 227 227 227 227 227 227 226 227 228 227 225 224 225 226 226 226 225 225 225 225 225 225 225 225 225 225 225 225 225 225 230 229 229 228 226 225 225 224 229 228 228 227 227 226 226 225 230 230 230 230 230 230 230 230 229 229 229 229 229 229 229 229 230 229 229 227 226 226 228 230 229 228 228 227 226 226 225 225 226 227 228 227 225 224 225 226 230 229 228 228 227 227 226 226 228 228 228 228 228 228 228 228 228 228 228 227 227 226 226 225 225 225 225 225 225 225 225 225 225 225 225 225 225 225 225 225 225 225 225 225 225 225 225 225 226 224 223 224 225 223 219 215 211 206 201 162 124 93 51 33 28 25 21 21 23 23 21 19 18 19 20 21 21 19 18 17 17 18 18 19 20 20 20 20 22 20 17 15 14 15 16 17 12 11 10 10 11 11 11 11 8 8 8 8 8 8 8 8 9 7 7 10 10 9 9 12 8 8 7 6 5 5 6 6 11 8 7 9 8 4 3 6 7 8 8 9 9 9 9 8 10 12 15 17 18 17 15 14 12 12 13 13 13 12 11 10 14 12 10 9 11 15 20 23 16 16 15 13 9 6 6 7 6 6 6 6 6 6 6 6 4 4 4 5 5 6 7 7 6 5 5 5 5 5 5 6 8 6 3 0 0 2 4 5 7 6 5 4 3 3 3 3 4 6 7 6 5 4 4 6 7 5 3 2 2 3 5 7 4 5 6 5 4 4 6 8 1 1 1 2 3 5 6 7 6 5 6 9 7 3 4 9 9 8 7 5 4 4 4 4 3 4 5 6 6 6 6 6 10 10 9 9 9 8 8 8 12 10 9 11 15 19 22 22 25 22 21 21 19 18 20 20 15 32 40 73 110 133 173 200 206 212 218 223 227 229 233 235 236 236 235 235 235 235 234 234 235 236 237 238 238 238 237 234 234 234 236 237 236 236 238 239 239 239 239 240 242 243 243 243 243 244 245 244 242 241 242 243 249 249 251 251 249 246 244 245 249 247 245 242 242 244 249 252 252 253 251 248 244 246 254 255 249 248 247 249 251 251 248 246 245 253 248 242 247 248 244 247 248 248 248 248
226 226 225 225 225 225 226 226 226 228 228 226 223 223 226 230 228 228 227 227 227 227 226 226 226 227 228 227 225 224 225 226 227 225 224 223 223 225 228 230 224 225 225 226 226 225 225 224 230 229 228 228 226 226 225 224 228 228 227 227 227 227 226 226 230 230 230 230 230 230 230 230 229 229 229 229 229 229 229 229 228 228 228 227 227 228 229 229 229 228 227 226 225 225 226 226 227 228 228 227 225 224 224 225 230 229 228 227 227 227 228 228 228 228 228 228 228 228 228 228 228 228 227 227 226 225 225 225 226 226 225 225 225 225 224 224 224 224 224 224 224 224 224 224 224 224 224 224 224 224 224 224 226 224 223 223 225 223 217 212 205 193 176 124 77 52 29 30 30 23 17 17 22 25 23 19 18 18 19 20 20 20 19 19 18 19 20 20 21 20 20 19 21 20 18 17 16 16 17 17 13 11 10 10 11 12 12 11 9 9 9 9 9 9 9 9 7 6 6 7 8 8 10 11 5 4 4 3 3 4 5 5 7 4 4 7 7 4 4 7 9 9 10 11 11 10 10 9 12 14 18 20 21 20 18 16 10 10 11 11 10 8 6 5 11 10 8 7 8 11 15 17 19 19 17 14 10 8 8 9 5 5 5 5 5 5 5 5 6 5 5 5 5 6 7 7 6 6 6 6 6 6 6 6 8 6 3 1 1 2 4 6 6 6 6 6 5 4 4 4 3 5 7 6 4 3 3 4 7 6 4 4 4 4 6 7 4 5 6 5 3 3 5 7 6 5 4 3 3 3 4 4 6 5 7 10 8 4 4 8 10 9 8 7 6 6 6 6 3 4 4 4 2 3 5 7 9 9 9 9 8 8 8 8 12 10 8 10 14 18 21 22 20 19 18 17 17 18 19 16 8 25 30 62 98 125 167 196 203 208 217 222 228 230 234 235 235 235 235 235 235 235 235 235 234 235 237 239 239 238 236 234 230 231 234 236 236 237 239 240 242 240 239 240 242 243 242 243 241 243 244 244 242 242 243 245 247 245 246 249 248 244 242 244 247 246 245 243 241 243 246 250 248 248 246 242 240 243 250 255 248 247 246 246 247 248 247 246 242 251 247 242 247 247 242 244 249 249 249 249
226 225 225 224 224 225 225 226 224 227 230 228 225 223 226 230 228 228 228 227 227 226 226 226 226 227 228 227 225 224 225 226 229 228 226 225 226 227 230 231 226 226 228 228 228 228 226 226 229 228 228 227 227 226 226 225 226 226 227 227 227 227 228 228 229 229 229 229 229 229 229 229 229 229 229 229 229 229 229 229 226 226 227 228 229 230 229 228 228 227 226 225 225 225 226 227 227 228 229 227 225 223 224 225 228 227 226 226 226 227 228 229 228 228 228 228 228 228 228 228 228 228 227 227 226 225 224 224 226 226 226 225 225 224 224 224 224 224 224 224 224 224 224 224 222 222 222 222 222 222 222 222 224 222 220 221 223 221 214 208 212 185 152 95 55 40 26 33 25 22 18 19 22 23 22 19 18 18 18 18 19 20 21 21 19 20 21 21 21 20 19 18 19 19 18 17 17 16 15 15 14 11 7 7 10 12 11 10 11 11 11 11 11 11 11 11 7 7 6 5 5 7 8 8 5 5 5 5 6 7 8 9 7 4 4 7 7 3 3 6 9 10 10 11 11 10 9 9 13 16 19 22 23 22 19 17 7 8 9 9 8 6 4 2 9 8 7 6 7 8 10 11 20 20 18 14 10 8 8 10 4 4 4 4 4 4 4 4 8 7 6 5 4 5 6 7 5 6 6 6 6 6 6 5 7 7 7 7 6 6 5 5 5 6 7 8 8 7 5 4 3 5 7 6 4 3 2 3 6 6 6 6 6 6 6 6 5 6 6 5 3 3 5 7 8 7 6 5 5 5 6 6 6 5 7 11 9 5 5 8 9 8 7 7 7 7 8 8 5 6 5 3 1 3 7 11 7 7 7 7 7 8 8 8 11 9 7 9 13 17 20 22 15 15 14 13 15 17 18 14 10 24 26 55 90 117 162 193 203 208 218 223 229 229 232 232 235 235 235 235 235 235 235 235 236 236 236 237 237 236 236 235 232 235 238 239 239 239 240 241 244 242 240 241 243 243 241 239 242 243 244 244 242 242 243 244 244 240 241 246 246 242 240 242 241 243 243 241 238 238 241 245 245 244 243 241 240 241 245 247 246 245 244 242 242 243 245 246 239 249 247 243 248 247 240 241 246 246 246 246
226 225 225 224 224 225 225 226 222 227 230 229 225 223 225 228 228 228 228 227 227 226 226 226 226 227 228 227 225 224 225 226 229 229 228 227 227 227 228 229 225 226 228 229 229 228 226 225 228 228 228 227 227 226 226 226 225 226 226 227 227 228 228 229 228 228 228 228 228 228 228 228 229 229 229 229 229 229 229 229 224 225 226 229 231 231 230 228 227 227 225 224 224 225 227 228 227 228 229 227 225 223 224 225 226 225 224 224 225 226 228 229 228 228 228 228 228 228 228 228 228 228 227 226 225 225 224 223 226 226 226 225 225 224 224 224 223 223 223 223 223 223 223 223 220 220 220 220 220 220 220 220 223 220 218 219 221 218 211 204 186 148 107 55 28 26 17 23 19 21 22 23 22 21 20 20 18 17 17 17 18 20 22 23 20 21 22 22 21 20 18 17 17 17 18 17 16 15 14 13 14 10 6 5 8 10 11 10 13 13 13 13 13 13 13 13 14 14 12 9 9 10 11 10 8 8 8 9 10 12 13 14 17 13 12 13 11 6 5 7 9 9 10 10 10 9 8 8 13 16 20 23 24 22 19 17 11 12 14 15 15 13 11 9 14 13 13 12 13 13 14 14 20 20 18 14 9 7 8 9 9 9 9 9 9 9 9 9 9 8 6 5 4 4 5 6 5 6 6 7 7 6 6 5 5 8 10 12 12 9 6 3 5 6 8 10 10 8 6 5 8 10 12 12 10 8 7 8 6 7 8 8 8 8 7 6 5 6 6 5 3 3 5 7 6 6 6 7 8 10 11 12 6 5 8 11 9 5 5 8 7 7 6 6 6 7 8 9 9 10 8 5 3 5 10 15 10 10 11 11 12 12 12 13 11 9 7 8 12 16 20 21 18 18 18 17 20 24 25 21 17 30 29 52 87 115 161 191 202 209 219 224 228 229 229 229 234 234 234 235 235 236 236 236 238 237 235 234 234 235 237 238 238 240 242 242 239 237 237 237 244 241 239 239 241 241 239 236 243 244 245 244 242 241 242 243 246 241 242 248 250 245 243 245 242 244 245 244 241 240 243 245 250 249 249 249 249 248 246 245 249 249 247 245 243 244 248 252 243 253 252 249 255 253 245 245 247 247 247 247
223 224 225 226 225 224 223 222 225 225 225 226 226 227 227 228 226 226 227 228 228 228 227 227 224 225 226 228 228 227 226 225 223 224 226 227 227 226 224 223 225 227 229 229 227 226 227 228 228 227 225 224 224 225 227 228 226 226 226 227 227 228 228 228 227 227 226 226 227 229 231 232 229 229 229 230 230 231 231 231 227 227 227 227 227 227 227 227 227 226 224 224 224 224 226 227 224 227 227 224 224 227 227 224 226 225 225 224 224 225 225 226 226 226 226 227 227 228 228 228 224 225 226 228 228 227 226 225 226 226 226 225 225 224 224 224 223 223 223 224 224 225 225 225 222 221 221 222 224 224 222 220 215 218 222 214 205 208 198 171 145 101 55 33 28 25 26 31 24 23 21 20 20 21 23 24 16 16 17 20 23 24 23 21 20 21 22 23 22 20 17 15 18 18 17 16 16 15 14 14 6 9 12 13 12 11 11 12 5 8 10 12 12 12 14 15 10 10 9 9 9 10 11 12 8 7 7 8 10 11 11 10 4 8 11 11 8 6 7 8 8 9 10 11 12 12 12 12 11 13 17 19 20 19 17 16 10 13 14 13 15 19 17 12 12 12 13 14 14 15 16 16 16 18 17 13 12 13 10 5 3 4 5 7 8 9 10 10 8 5 3 4 8 11 12 11 7 7 7 7 7 7 7 7 4 4 5 6 7 7 7 7 6 6 9 13 11 6 5 8 3 3 4 4 5 6 6 6 7 8 8 7 6 7 10 12 6 6 6 6 7 8 9 9 9 7 4 2 3 6 10 13 4 6 8 8 7 6 7 8 11 7 6 8 8 6 8 12 4 9 10 7 6 9 10 9 7 7 8 9 9 10 11 11 8 9 11 13 14 15 16 16 22 13 15 20 20 25 27 16 15 15 25 48 73 94 136 188 192 207 220 223 225 229 234 237 235 233 233 236 237 234 234 238 236 234 233 235 238 240 241 240 233 236 239 240 239 239 239 240 236 237 239 241 241 241 239 238 239 239 240 241 241 242 243 243 247 244 245 249 248 243 242 243 244 242 246 254 250 239 238 246 243 241 243 249 248 243 244 249 246 248 249 249 247 245 245 246 243 246 248 247 245 244 246 249 242 242 243 243
223 224 225 226 226 225 224 224 224 225 225 225 226 226 227 227 226 227 227 227 228 227 227 227 224 225 226 227 227 227 226 225 224 224 226 226 226 226 224 224 225 227 228 228 227 226 227 228 227 227 226 225 225 226 227 227 226 226 226 227 227 228 228 228 227 227 226 226 227 229 230 232 229 229 229 230 230 230 231 231 227 227 227 227 227 227 227 227 226 225 224 223 223 224 225 226 225 228 228 225 225 228 228 225 224 223 223 222 223 223 224 225 225 225 225 226 226 226 227 227 224 225 226 227 227 227 226 225 226 226 226 225 225 224 224 224 223 223 223 224 224 225 225 225 223 222 221 223 224 224 223 221 225 214 209 212 219 221 187 136 98 67 37 28 27 25 24 28 22 22 21 21 21 21 22 22 20 20 20 21 23 23 21 19 17 18 19 19 18 16 14 12 15 14 13 12 12 11 11 10 8 11 13 13 11 9 9 10 7 9 11 11 9 7 7 7 7 7 6 6 7 8 9 10 8 7 5 6 7 8 6 5 5 8 11 11 9 7 7 8 9 10 11 12 13 13 13 13 11 14 17 20 21 20 18 17 12 14 14 12 14 18 16 12 12 12 13 14 14 15 16 16 14 16 14 9 8 10 8 4 3 3 4 6 7 8 8 8 11 9 6 6 9 11 11 9 6 6 6 6 6 6 6 6 2 3 4 4 5 4 4 4 5 4 7 11 9 4 4 7 5 5 5 6 6 6 6 6 7 8 8 7 6 7 9 12 6 6 6 6 6 7 8 9 6 5 3 1 2 4 6 8 6 7 9 9 7 6 6 7 9 5 4 6 5 3 4 8 5 10 11 7 6 8 9 8 5 5 5 6 7 8 8 9 6 7 10 13 16 18 20 20 22 14 17 21 20 24 28 18 16 16 21 39 59 75 113 162 184 198 214 221 224 230 235 236 235 232 233 236 237 234 234 237 235 234 233 234 237 239 240 239 233 235 238 239 238 238 238 239 238 238 238 238 238 239 240 240 238 238 239 240 242 243 244 244 246 243 243 247 246 243 242 244 247 244 248 254 251 241 241 250 243 241 243 247 247 245 249 255 246 247 249 248 246 245 245 245 248 248 248 247 244 243 243 244 245 245 246 246
223 224 225 226 227 227 227 227 224 224 224 225 225 225 226 226 227 227 227 227 227 227 227 227 225 226 226 227 227 226 225 225 226 227 227 228 228 227 227 226 228 229 230 230 228 227 228 229 227 227 226 226 226 226 227 227 226 226 226 227 227 228 228 228 227 227 227 227 227 229 230 231 229 229 229 229 230 230 230 231 227 227 227 227 227 227 227 227 225 224 223 222 222 223 224 225 226 229 229 226 226 229 229 226 224 223 223 223 224 225 226 227 224 224 225 225 225 226 226 226 225 226 226 227 227 226 225 225 226 226 226 225 225 224 224 224 223 223 224 224 224 224 225 225 224 223 223 224 225 225 223 221 219 214 214 212 202 184 139 85 56 40 29 31 34 31 28 29 25 25 26 26 26 26 25 25 26 24 23 23 23 22 20 17 21 21 22 22 21 20 18 16 18 17 16 14 14 13 13 13 11 13 14 13 11 9 9 9 12 14 16 16 13 10 9 8 10 10 10 10 11 12 14 15 14 12 10 10 11 10 9 7 6 8 10 11 9 8 7 8 11 11 12 13 13 14 15 15 16 18 21 24 25 25 24 23 16 17 15 12 13 17 16 12 12 12 13 14 14 15 16 16 17 19 16 11 10 12 12 10 9 9 10 10 11 11 12 12 14 12 10 10 11 11 10 9 7 7 7 7 7 7 7 7 8 8 8 9 8 8 7 6 7 7 9 13 11 7 6 10 8 8 8 7 7 7 7 7 8 8 8 7 6 6 9 12 6 6 6 5 6 6 7 8 7 6 5 4 4 4 5 5 7 9 10 9 7 5 5 6 14 10 8 10 9 6 7 11 6 11 12 8 6 8 9 8 9 9 9 9 10 11 12 13 8 9 12 15 17 20 21 21 25 19 24 27 22 26 32 27 24 23 23 36 51 65 97 143 169 188 208 219 223 229 234 234 235 232 233 236 236 234 234 237 235 233 232 233 236 238 239 238 234 237 239 240 239 239 240 241 241 240 238 237 237 239 241 243 238 239 239 241 242 243 244 245 245 241 241 244 244 242 242 246 248 246 248 252 248 241 243 251 247 245 244 246 246 245 249 255 245 247 248 248 246 245 245 246 250 248 245 244 244 244 243 242 250 249 249 248
224 225 226 227 228 229 229 229 224 224 224 225 225 225 225 225 228 228 227 227 226 226 227 227 226 226 227 226 226 226 225 225 227 227 227 227 227 227 227 227 228 229 230 229 227 226 228 229 227 227 227 226 226 227 227 227 226 226 226 227 227 228 228 228 227 227 227 227 228 229 229 230 228 228 229 229 229 230 230 230 227 227 227 227 227 227 227 227 224 224 222 221 221 222 224 224 227 230 230 227 227 230 230 227 226 226 226 226 227 228 229 230 225 225 226 226 226 227 227 227 226 226 227 226 226 226 225 225 226 226 226 225 225 224 224 224 224 224 224 224 224 224 224 224 225 224 224 224 226 225 223 221 217 217 219 208 181 148 100 50 39 33 31 35 37 33 29 30 24 25 26 27 27 26 25 24 28 26 24 24 24 23 21 19 24 25 25 25 24 23 21 20 21 20 18 16 15 15 16 16 13 14 15 14 12 11 12 13 11 14 18 18 17 14 13 13 12 12 12 12 13 15 16 17 15 13 12 12 13 13 12 10 7 8 10 11 10 9 8 8 12 12 13 13 14 15 16 17 18 19 22 24 25 25 25 24 19 20 16 12 13 16 16 12 13 13 13 14 14 15 15 15 18 20 18 12 10 13 15 14 12 12 12 12 12 12 13 13 14 13 12 12 12 12 12 11 8 8 8 8 8 8 8 8 11 12 12 12 11 10 9 8 8 7 9 13 11 7 7 11 10 10 10 9 8 8 7 7 8 9 9 7 6 6 9 11 7 7 6 6 6 6 7 8 11 11 11 10 9 8 7 6 8 10 11 10 7 5 5 5 17 13 11 12 11 8 9 12 5 9 11 8 7 10 11 10 12 11 11 11 12 13 15 16 13 14 16 17 18 19 19 18 23 19 24 26 20 24 31 28 31 30 28 36 51 62 91 133 155 178 203 217 222 229 234 234 237 232 232 236 236 233 234 237 234 233 232 233 235 237 237 237 234 236 238 239 238 238 239 241 239 239 238 237 238 239 240 241 241 241 241 242 242 242 243 243 244 240 239 242 242 241 243 247 246 244 245 247 244 239 243 250 249 249 248 247 245 243 245 247 246 248 249 249 247 246 247 248 247 244 241 242 245 247 246 245 251 251 249 248
225 225 226 226 228 229 230 230 225 225 225 225 225 225 225 225 229 229 227 226 226 226 226 227 228 227 227 226 225 225 225 225 227 227 227 227 227 227 227 227 229 230 229 228 226 225 227 229 227 227 227 228 228 227 227 227 226 226 226 227 227 228 228 228 227 227 228 228 228 229 228 228 228 228 228 229 229 229 230 230 227 227 227 227 227 227 227 227 224 224 222 221 221 222 224 224 227 230 230 227 227 230 230 227 227 227 226 226 227 228 229 229 227 227 227 228 228 228 229 229 228 227 227 226 225 225 225 225 226 226 226 225 225 224 224 224 224 224 224 224 224 224 224 224 226 225 224 224 225 225 223 221 228 217 208 194 169 139 92 43 35 32 30 31 30 27 26 27 21 22 23 24 24 23 22 21 28 26 24 24 25 25 24 22 23 23 23 22 21 20 19 19 19 18 15 14 13 13 14 15 13 15 16 15 14 14 16 18 9 12 14 15 13 11 10 10 9 9 9 9 10 12 13 14 10 8 8 9 11 12 11 10 8 8 9 11 11 10 9 7 13 13 13 13 14 15 17 18 16 17 19 20 21 21 21 20 21 21 17 13 13 17 16 13 13 13 14 14 14 14 15 15 12 15 14 9 6 9 12 12 9 8 7 7 7 8 9 10 11 11 12 13 13 12 13 13 10 10 10 10 10 10 10 10 9 9 9 9 8 7 6 5 7 6 7 10 8 4 5 9 11 11 10 10 9 9 8 8 9 9 9 7 6 6 8 11 8 8 7 7 6 7 7 8 13 13 14 13 12 10 8 7 9 10 11 10 8 6 5 6 14 10 8 9 8 5 6 9 3 8 10 8 8 12 14 13 9 9 8 7 8 10 12 14 15 16 17 18 19 19 19 19 19 15 19 21 15 18 26 24 33 33 27 34 48 56 81 117 143 169 198 215 223 229 234 235 236 231 232 235 235 233 233 236 235 233 232 233 235 237 237 236 235 236 238 238 237 238 239 241 236 237 239 240 240 240 239 238 244 244 243 243 242 241 240 240 243 240 239 241 242 240 242 246 245 245 246 245 242 240 244 251 244 247 250 249 246 244 242 241 247 249 250 250 249 248 248 250 248 245 241 241 245 247 247 246 249 249 248 246
226 226 226 226 227 228 229 230 227 227 227 226 226 226 225 225 231 229 227 226 225 225 226 227 229 228 227 225 225 225 225 225 228 227 227 226 226 227 227 228 230 230 229 227 225 224 226 228 227 227 228 228 228 228 227 227 226 226 226 227 227 228 228 228 227 227 228 229 229 228 228 227 227 228 228 228 229 229 229 229 227 227 227 227 227 227 227 227 225 224 223 222 222 223 224 225 226 229 229 226 226 229 229 226 225 225 224 224 223 224 225 225 228 228 228 229 229 229 230 230 229 228 227 225 225 225 225 225 226 226 226 225 225 224 224 224 225 225 224 224 224 224 223 223 226 224 223 224 225 224 222 220 222 214 203 174 129 95 67 41 36 33 30 28 27 26 27 28 25 25 26 26 26 26 25 25 27 25 23 23 24 25 25 24 24 24 23 22 21 21 20 20 21 19 16 14 13 14 16 17 13 15 16 15 15 15 18 20 15 16 17 15 12 9 8 9 12 11 11 11 11 12 13 13 10 9 8 9 12 13 13 12 9 9 9 10 12 12 9 7 14 13 12 12 13 15 17 18 21 22 23 23 23 23 22 22 20 21 18 15 15 18 17 13 14 14 14 14 14 14 14 14 10 15 15 10 7 9 13 13 9 8 7 6 7 9 10 12 8 10 12 12 11 11 11 13 10 10 10 10 10 10 10 10 9 9 10 10 10 9 8 8 11 9 10 13 11 7 9 13 10 10 10 10 10 9 9 9 9 10 9 7 5 5 8 10 10 10 9 8 8 8 8 9 11 12 11 11 10 9 7 6 8 10 11 11 8 7 7 7 14 10 8 10 9 7 7 11 3 8 10 8 8 12 14 13 11 10 8 8 9 11 13 15 12 13 15 17 20 21 22 22 24 17 20 22 17 22 29 27 37 37 33 34 46 51 71 101 133 159 192 211 220 228 234 237 236 231 231 235 235 232 233 236 236 235 233 234 236 237 237 236 236 237 238 238 237 238 240 243 236 238 240 242 242 241 239 238 245 245 244 243 242 241 240 240 243 240 240 243 243 241 241 245 246 247 249 247 244 244 248 252 237 243 248 248 247 247 245 242 246 248 250 250 249 248 249 250 253 249 246 244 244 245 245 245 246 246 245 244
227 227 226 225 225 226 227 228 229 228 228 228 227 227 226 226 231 230 227 225 224 225 226 227 230 228 227 225 224 224 225 225 228 228 226 226 226 226 228 228 230 230 229 226 224 224 226 228 227 227 228 229 229 228 227 227 226 226 226 227 227 228 228 228 227 228 229 229 229 228 227 226 227 227 228 228 228 229 229 229 227 227 227 227 227 227 227 227 226 225 224 223 223 224 225 226 225 228 228 225 225 228 228 225 226 225 224 223 222 222 222 222 227 227 228 228 228 229 229 229 230 228 227 225 224 224 225 225 226 226 226 225 225 224 224 224 225 225 225 224 224 223 223 223 225 224 223 223 224 223 221 218 210 208 196 151 86 49 40 37 34 33 30 28 28 29 28 26 28 28 27 27 27 27 28 28 28 26 23 22 23 24 24 23 24 23 22 21 20 20 20 20 22 20 17 14 13 14 16 18 14 15 15 14 12 13 15 17 18 18 17 15 12 11 12 13 15 15 14 13 13 13 13 13 13 12 11 12 13 14 13 12 10 9 9 10 13 13 10 7 13 13 11 11 12 14 16 18 25 25 24 24 23 22 21 21 18 20 19 16 17 20 18 13 14 14 14 14 14 14 14 14 8 15 17 13 9 11 14 15 11 10 9 9 10 12 14 16 7 10 12 12 9 7 7 9 9 9 9 9 9 9 9 9 10 10 11 12 12 12 12 11 12 10 11 13 11 8 9 14 9 9 9 9 9 10 10 10 10 10 9 7 5 5 7 10 12 12 11 10 9 9 10 10 10 10 9 9 8 7 7 7 7 9 11 11 9 8 8 9 15 11 10 11 11 9 10 14 6 11 12 9 8 10 12 10 13 12 10 9 10 12 15 18 12 13 15 17 19 20 21 21 28 19 20 22 21 27 32 29 36 39 36 36 45 49 64 90 124 152 187 205 216 225 232 236 236 231 231 234 235 232 233 236 238 236 234 235 237 238 238 237 240 241 241 240 240 241 244 246 241 241 242 243 243 243 243 243 243 243 243 243 243 243 243 243 244 241 242 245 245 241 240 243 244 247 249 247 245 245 248 251 238 245 249 247 246 249 248 245 244 246 248 248 247 246 247 248 252 251 249 246 243 243 246 248 243 243 243 243
228 227 226 224 224 225 226 227 230 229 229 228 228 227 227 227 232 230 227 225 224 225 226 227 230 229 227 225 224 224 225 225 229 228 226 225 225 226 228 229 231 230 229 226 223 223 226 228 226 227 229 230 230 229 227 226 226 226 226 227 227 228 228 228 227 228 229 230 230 228 227 226 227 227 227 228 228 229 229 229 227 227 227 227 227 227 227 227 227 226 224 224 224 224 226 225 224 227 227 224 224 227 227 224 229 228 226 225 224 223 223 223 226 226 226 227 227 228 228 228 230 229 227 225 224 224 225 225 226 226 226 225 225 224 224 224 225 225 225 224 224 223 223 223 225 223 222 222 223 222 220 217 217 199 174 132 82 54 45 35 29 29 28 27 28 27 23 17 23 22 21 20 20 21 22 23 29 27 23 22 23 23 23 22 18 18 16 15 14 14 14 14 17 15 11 9 8 9 11 13 15 15 15 12 10 10 12 14 11 11 11 9 8 9 12 15 13 12 11 9 9 8 8 9 12 10 8 8 9 9 7 6 10 9 8 10 13 13 10 6 13 12 11 10 11 13 16 17 20 19 18 17 16 15 14 13 17 19 19 18 19 21 18 13 14 14 14 14 14 14 14 14 2 10 14 10 6 7 10 10 7 7 6 6 7 10 13 15 7 10 13 11 7 4 4 5 7 7 7 7 7 7 7 7 5 6 7 8 9 9 9 9 5 3 3 5 3 0 2 7 7 8 8 9 9 10 10 11 10 10 10 7 5 5 7 9 13 13 12 11 10 10 10 11 11 10 9 8 8 8 9 9 8 10 12 11 11 8 9 10 10 6 5 7 8 6 7 11 10 14 14 10 7 9 9 7 10 8 6 5 6 9 12 14 15 16 17 18 18 18 17 17 25 14 13 16 16 23 28 22 28 33 30 32 41 45 59 83 120 148 181 202 212 222 230 234 235 231 231 234 235 232 232 236 238 237 235 235 237 239 238 237 240 241 242 241 240 241 244 247 244 243 242 241 241 243 245 246 240 240 241 242 244 245 246 246 244 242 243 247 246 241 240 241 240 245 248 246 243 244 246 248 244 250 251 246 244 248 248 245 241 244 246 246 245 245 245 247 248 249 249 246 244 245 250 255 242 242 243 243
222 223 224 225 227 228 230 230 222 224 227 226 224 223 226 228 223 224 224 225 225 226 226 227 224 225 226 227 227 227 227 227 227 226 225 226 229 231 231 230 228 227 227 226 226 227 227 228 231 230 230 229 229 228 228 228 227 227 227 228 228 229 229 229 225 226 228 230 229 228 226 224 223 226 229 229 227 226 227 230 229 228 228 227 227 228 226 227 222 223 223 224 225 224 223 222 225 225 225 225 225 225 227 227 226 226 228 227 227 226 226 226 225 225 225 225 225 225 225 225 225 225 225 226 226 227 227 227 224 224 224 224 224 224 224 224 222 223 224 225 225 225 225 224 217 221 223 219 217 217 216 213 203 194 184 138 90 60 37 41 26 27 27 27 27 26 25 24 21 22 22 23 23 22 22 21 22 21 21 20 20 21 21 22 17 17 17 17 17 17 17 17 16 14 12 12 13 13 13 12 10 6 4 7 8 8 11 17 14 12 10 11 13 12 8 5 15 10 9 12 13 10 9 10 8 5 4 7 12 13 9 4 8 9 10 9 7 6 6 7 11 10 8 8 10 14 20 23 20 20 20 19 19 18 18 17 24 24 21 18 20 24 22 17 13 16 20 22 21 18 17 16 10 12 11 5 3 6 8 8 5 6 7 6 5 6 8 10 10 11 10 7 4 5 10 14 2 3 5 9 12 13 11 9 7 6 5 6 8 9 8 6 9 5 4 7 7 5 7 11 5 5 8 12 11 7 6 10 7 7 8 9 9 9 8 8 8 5 2 2 5 7 9 9 6 6 6 7 8 9 11 14 12 12 12 10 12 10 10 10 8 8 6 7 7 7 7 7 8 10 12 12 10 9 9 10 3 0 7 13 9 12 16 10 6 10 17 22 23 21 16 13 16 17 18 20 22 24 25 28 29 33 30 28 35 42 56 80 100 127 165 197 216 225 231 234 231 230 232 233 234 234 233 232 233 233 234 236 238 238 235 233 239 236 236 240 241 239 239 243 238 236 235 237 240 242 242 242 240 240 239 241 243 243 242 240 238 241 243 241 238 237 242 247 243 241 238 239 243 247 250 251 236 241 245 245 246 247 244 239 242 244 245 244 244 245 247 249 243 241 241 242 245 247 247 246 248 249 249 247
222 223 224 225 226 227 228 228 222 224 226 226 224 224 226 228 224 224 225 225 225 225 226 226 223 224 225 226 227 226 226 226 228 227 225 226 228 230 230 229 226 226 225 224 224 225 226 226 230 229 229 229 228 228 227 227 227 227 227 228 228 229 229 229 226 227 229 229 229 227 225 223 223 226 229 229 227 226 227 229 228 228 228 228 228 228 226 226 223 224 223 225 225 225 223 222 224 224 225 225 225 225 227 227 226 226 227 227 227 226 226 226 225 225 225 225 225 225 225 225 225 225 225 226 226 227 227 227 224 224 224 224 224 224 224 224 222 223 224 224 225 225 224 224 213 218 220 218 217 218 216 212 195 188 178 130 85 62 42 44 28 28 29 29 28 28 27 26 23 24 24 25 25 24 24 23 22 21 20 19 19 20 21 22 20 19 19 18 18 17 17 17 17 15 13 13 14 15 14 13 16 12 12 15 15 11 11 14 16 14 13 14 15 15 11 8 18 13 12 15 16 13 12 13 13 11 10 12 17 18 14 10 12 13 14 13 11 10 11 13 18 16 14 12 12 14 16 18 21 21 22 22 22 22 22 23 24 24 22 19 21 25 24 19 18 19 21 22 23 22 20 18 15 18 17 11 9 12 14 14 10 11 12 11 10 10 12 15 11 11 9 7 6 7 10 13 8 8 9 12 14 14 12 9 12 10 9 9 11 11 10 8 8 5 5 8 8 6 7 10 7 5 6 9 8 5 7 12 9 9 10 10 10 10 9 9 11 9 6 5 6 8 8 8 11 10 10 11 11 12 14 16 16 17 16 16 16 16 14 14 13 13 11 11 10 10 10 10 8 10 12 11 10 9 9 10 15 10 14 17 12 15 20 16 10 13 18 23 24 22 19 16 20 20 20 21 23 25 26 27 29 33 29 26 32 37 50 73 91 118 157 190 210 218 226 229 231 230 231 232 233 234 234 234 235 234 233 235 237 237 236 234 239 236 237 241 242 240 241 244 241 240 238 238 240 242 242 241 241 241 240 242 244 244 243 241 238 241 243 241 238 238 242 246 244 241 239 239 242 246 249 250 239 246 249 248 247 248 246 242 242 243 244 244 244 245 247 250 241 241 243 246 249 249 248 246 245 245 245 243
223 223 223 224 224 225 225 225 223 225 226 226 224 224 225 227 226 226 225 225 225 225 224 224 223 223 224 225 226 225 225 225 229 227 226 226 228 229 229 228 227 226 226 225 225 226 226 227 228 228 228 227 227 227 226 226 227 227 227 228 228 229 229 229 228 229 229 229 228 226 224 223 224 226 228 228 227 226 227 228 226 227 229 230 230 229 225 224 224 225 224 225 225 225 223 223 224 224 225 225 225 225 227 227 226 225 227 227 226 226 226 226 225 225 225 225 225 225 225 225 225 225 225 225 226 226 226 226 224 224 224 224 224 223 223 223 222 222 223 224 225 225 224 224 219 223 224 221 219 219 216 211 191 184 166 109 63 46 27 27 28 28 28 28 28 27 26 25 23 23 24 25 25 24 23 23 19 18 16 14 14 16 18 19 22 21 20 19 18 17 16 16 18 16 14 13 15 15 15 13 12 10 12 16 16 11 8 10 13 11 11 11 12 11 9 7 15 10 9 12 13 10 9 10 11 9 7 10 13 14 11 8 9 10 11 11 10 9 11 12 18 17 15 14 13 13 13 14 17 18 18 19 20 20 21 21 18 19 17 15 16 21 21 17 22 20 18 20 22 23 20 17 13 16 15 9 7 10 12 11 9 10 10 10 8 9 11 13 14 11 8 7 8 10 11 12 8 7 8 9 11 10 7 5 10 8 7 7 8 8 6 4 7 4 5 9 9 6 6 9 9 6 6 7 6 4 7 13 8 8 8 8 8 8 8 8 14 12 8 7 8 9 8 8 10 9 8 8 8 9 9 12 13 14 13 13 13 13 11 11 12 12 10 9 8 8 7 7 8 10 11 11 10 9 9 10 17 10 12 13 6 10 16 12 12 14 18 21 22 21 19 18 22 21 20 20 21 23 25 26 30 34 31 27 33 34 45 67 85 112 151 185 206 218 226 230 231 229 230 231 232 234 235 236 236 235 233 234 236 237 237 236 238 236 237 241 243 241 242 245 245 242 240 240 241 242 241 240 242 241 241 243 245 245 244 242 239 241 243 241 239 238 242 245 245 242 240 240 242 245 247 247 240 247 251 249 245 246 245 243 243 244 245 245 244 244 247 249 244 245 246 249 250 249 245 242 243 244 243 241
223 223 223 223 223 223 223 223 224 225 225 225 225 225 225 226 227 226 226 225 225 224 224 223 223 223 224 225 225 224 224 223 230 228 226 226 227 228 227 226 229 229 228 228 228 228 229 229 226 226 226 226 226 226 226 226 227 227 227 228 228 229 229 229 230 230 230 229 227 225 223 222 225 226 228 228 228 227 227 227 225 227 229 231 231 229 225 223 226 226 224 225 225 225 223 223 223 223 224 224 224 224 226 226 225 225 227 226 226 226 225 225 225 225 225 225 225 225 225 225 225 225 225 225 225 225 225 226 224 224 224 223 223 223 223 222 221 222 223 224 224 224 224 223 226 227 224 219 217 217 213 207 201 188 161 97 53 43 29 28 25 25 25 25 25 24 23 22 20 21 21 22 22 21 21 20 21 19 17 15 15 17 19 21 22 21 20 19 17 16 15 14 17 15 13 13 14 14 14 13 7 6 8 13 14 10 10 12 11 11 10 10 10 10 9 8 13 9 7 10 12 9 7 9 7 6 4 6 8 8 7 5 5 7 9 9 8 8 9 11 9 10 11 12 13 14 14 14 17 17 17 17 18 18 18 18 15 17 16 14 15 19 20 17 23 18 15 16 20 21 17 13 7 11 10 5 3 5 7 5 7 8 9 8 6 6 8 10 15 11 7 7 10 12 12 10 6 6 5 7 8 8 6 4 9 7 6 5 6 5 3 2 6 4 6 10 10 7 6 8 10 8 8 9 8 5 8 13 6 6 5 5 4 4 5 5 13 10 8 7 8 9 9 8 8 7 6 5 5 5 5 8 11 12 10 10 10 10 7 7 12 12 9 8 7 6 5 5 7 9 11 11 9 8 9 10 11 5 7 9 2 5 10 6 12 13 15 17 18 18 17 16 21 19 18 17 17 19 21 22 29 35 32 28 34 33 43 64 79 105 143 179 202 215 226 230 229 229 229 229 231 234 237 238 238 235 233 233 235 237 238 237 237 234 235 240 241 240 241 245 244 242 240 239 240 241 240 239 241 240 240 242 244 244 243 241 239 241 243 242 240 239 241 243 246 243 241 240 242 244 245 245 238 245 249 244 240 240 241 241 246 246 247 245 243 243 244 246 250 248 248 247 247 245 242 238 245 246 246 245
223 223 223 223 222 222 222 222 226 225 225 225 225 225 225 224 227 226 226 225 225 224 224 223 223 224 224 225 225 224 223 223 229 227 225 225 227 228 227 226 229 228 228 227 227 228 228 229 225 225 225 226 226 226 226 226 227 227 227 228 228 229 229 229 230 230 229 228 227 225 224 223 227 227 227 228 228 228 226 225 225 227 229 231 231 229 225 223 227 226 224 224 224 224 223 223 223 223 224 224 224 224 226 226 225 225 226 226 226 225 225 225 225 225 225 225 225 225 225 225 225 225 225 225 225 225 225 224 224 224 224 223 223 222 222 221 221 222 223 223 224 224 223 223 225 224 220 214 212 213 210 204 185 163 130 72 39 39 30 32 24 24 24 24 24 23 22 22 20 20 21 21 21 21 20 20 26 25 23 22 22 23 25 26 20 19 18 17 15 14 13 12 15 13 11 11 12 13 12 11 12 9 10 13 14 11 12 15 15 15 15 14 14 13 14 14 16 12 10 13 15 12 10 12 11 10 9 9 10 10 9 9 7 9 10 10 9 9 11 13 5 7 9 12 14 15 16 16 23 23 22 21 20 19 18 18 19 22 22 19 19 23 24 23 24 19 15 16 20 20 16 12 9 13 13 8 6 8 8 7 10 11 11 10 8 8 10 12 14 10 7 7 10 12 11 9 8 7 7 9 11 12 11 10 12 11 9 8 9 8 7 5 6 4 6 10 10 7 6 8 9 8 10 14 12 7 7 11 7 6 5 4 3 3 4 4 8 6 5 6 8 9 9 8 10 10 8 7 7 6 6 9 13 14 12 12 11 11 9 8 15 15 12 11 10 9 8 8 7 9 11 10 9 8 8 9 7 3 9 13 7 9 13 7 13 14 15 17 17 17 17 16 20 19 18 17 17 18 19 20 25 32 29 26 32 30 39 60 72 95 131 167 190 208 219 225 229 229 229 229 231 234 237 238 238 236 234 234 235 237 238 238 235 233 233 238 239 237 238 242 240 239 237 238 239 241 241 240 239 239 238 240 242 242 241 239 240 241 242 242 241 240 240 241 245 243 241 241 242 244 244 243 239 244 246 241 238 239 241 240 248 248 248 246 243 241 242 244 250 247 244 242 243 244 243 242 245 247 248 249
223 223 223 223 223 223 223 223 227 225 224 224 226 226 225 223 226 226 225 225 225 225 224 224 225 225 225 226 225 224 223 223 228 226 224 225 226 228 227 226 226 225 224 224 224 224 225 226 225 225 225 226 226 226 227 227 227 227 227 228 228 229 229 229 230 229 229 227 226 225 225 224 228 227 226 227 228 228 226 224 226 227 229 230 230 229 225 224 227 226 223 222 222 222 222 222 222 222 223 223 223 223 225 225 224 224 226 226 225 225 225 224 225 225 225 225 225 225 225 225 225 225 225 225 224 224 224 224 224 224 223 223 222 221 221 221 221 221 222 223 223 223 223 223 224 224 221 217 217 217 212 204 167 133 97 49 28 30 22 26 25 25 26 26 26 25 24 23 22 22 23 23 23 23 22 22 23 22 22 22 22 22 22 23 18 18 17 16 15 14 13 12 14 12 10 10 11 12 11 10 15 11 10 11 10 7 7 10 12 13 14 12 11 11 12 14 15 10 9 12 13 10 9 10 12 11 10 9 9 9 10 10 6 7 9 8 7 7 8 9 10 11 13 14 15 15 15 15 23 22 21 20 18 17 15 15 19 23 23 19 18 21 23 22 25 22 20 20 22 21 17 13 9 13 14 10 7 9 9 7 9 9 10 8 6 6 8 9 11 9 7 8 9 10 9 9 7 6 5 6 9 11 10 9 10 8 6 6 7 7 6 4 7 4 5 9 9 6 6 9 8 8 11 15 13 7 6 9 11 9 7 6 5 5 6 7 5 4 3 5 7 8 8 7 8 8 7 6 5 5 5 7 12 13 11 10 10 9 7 6 12 12 9 9 8 7 7 7 6 8 10 10 8 7 8 9 5 2 9 14 10 12 15 8 15 16 18 20 20 20 18 18 19 19 20 20 20 20 20 20 19 27 25 22 27 26 33 51 70 92 126 159 184 203 217 226 229 229 230 231 232 234 235 236 237 236 234 235 237 238 238 237 235 232 233 237 237 235 236 239 239 238 236 237 239 241 241 240 239 238 238 239 241 242 240 238 241 241 242 242 242 241 240 239 244 242 240 241 243 244 244 243 244 246 245 241 241 244 245 242 247 248 247 245 243 242 243 245 246 243 240 239 242 245 248 249 243 245 248 249
223 223 223 223 224 224 224 224 228 226 224 224 226 226 224 222 224 224 225 225 225 225 226 226 226 226 226 227 226 225 224 223 226 225 223 224 226 228 228 227 224 224 223 223 223 223 224 224 225 226 226 226 227 227 228 228 227 227 227 228 228 229 229 229 229 228 228 227 226 226 226 226 229 227 226 227 229 229 226 223 228 228 228 228 228 228 226 226 226 225 222 221 220 220 220 221 222 222 223 223 223 223 225 225 224 224 226 225 225 225 224 224 225 225 225 225 225 225 225 225 225 225 225 224 224 223 223 223 224 224 223 223 222 221 220 220 220 221 222 223 223 223 223 222 223 225 224 222 221 216 204 192 156 114 79 47 37 37 26 31 25 25 25 25 25 24 23 23 21 22 23 23 23 23 22 21 19 20 21 22 22 21 20 19 17 17 17 16 16 15 15 14 15 13 11 10 12 12 12 10 12 9 10 12 11 6 4 5 7 9 9 8 5 5 8 11 12 7 6 9 10 7 6 7 9 9 8 6 5 5 7 8 5 7 8 7 5 4 5 6 13 13 13 13 13 14 14 14 19 18 18 17 15 15 14 13 17 21 22 18 15 17 20 19 23 23 23 23 22 19 15 13 8 13 14 10 7 8 9 6 8 8 8 7 5 4 6 7 7 8 9 8 7 6 8 9 6 5 3 4 5 6 6 5 6 4 3 3 5 5 4 2 8 5 5 8 8 6 7 10 9 7 9 11 9 4 5 9 12 11 8 6 5 6 7 8 6 5 4 5 7 7 6 4 7 6 5 5 4 5 5 8 12 12 11 10 9 8 5 5 7 7 5 5 4 4 4 4 6 8 10 10 8 7 8 8 7 2 8 11 7 10 14 9 15 16 19 21 21 20 18 16 16 17 19 21 22 21 20 19 19 26 24 22 24 21 26 45 72 89 120 152 178 200 215 224 229 230 231 232 233 234 234 234 236 235 235 237 239 239 238 236 237 234 234 237 238 235 235 238 243 240 238 238 240 240 240 239 239 238 238 240 242 242 241 239 241 241 242 242 242 242 240 238 242 241 240 241 243 244 244 243 248 246 243 240 244 250 249 244 243 244 245 245 244 244 247 249 246 244 242 242 244 246 247 247 243 246 249 249
223 223 223 224 224 225 225 225 228 226 223 224 226 227 224 222 223 224 224 225 225 226 226 227 227 227 227 227 227 226 225 224 225 224 223 224 226 229 229 228 226 225 225 224 224 225 225 226 226 226 226 227 227 228 228 229 227 227 227 228 228 229 229 229 228 228 227 226 226 226 227 227 230 227 226 227 229 229 226 223 229 228 228 227 227 228 226 227 226 225 221 220 219 219 219 220 222 222 223 223 223 223 225 225 224 224 226 225 225 224 224 224 225 225 225 225 225 225 225 225 225 225 225 224 224 223 223 223 224 224 223 222 221 221 220 219 220 221 222 223 223 223 223 222 218 221 222 220 216 206 187 170 120 75 46 29 30 33 20 27 22 22 23 23 22 22 21 20 19 20 20 21 21 20 20 19 23 24 27 28 28 27 24 23 17 17 17 17 17 17 17 17 16 14 12 12 13 13 13 12 10 9 13 19 19 14 10 11 8 10 10 9 6 6 9 13 15 10 9 12 13 10 9 10 10 10 9 7 6 6 7 9 11 12 12 11 9 8 9 10 10 9 9 9 10 12 13 14 20 20 19 19 19 19 19 18 20 25 26 21 17 19 21 21 18 21 23 23 19 15 12 11 11 15 17 13 10 11 11 9 12 13 13 11 9 9 10 12 5 7 10 8 5 4 6 9 12 10 8 7 8 8 7 5 8 6 5 6 8 9 8 7 9 5 4 7 7 5 7 11 10 7 6 6 4 1 4 9 11 9 6 4 3 4 5 6 8 7 6 6 7 7 4 2 11 11 10 9 10 10 11 13 17 17 16 15 14 13 10 10 8 9 7 7 7 7 7 8 6 8 10 10 8 7 7 8 13 7 10 12 6 11 17 13 12 14 17 19 19 18 15 13 11 14 17 20 21 19 17 16 22 29 26 23 25 21 26 42 67 83 112 141 169 191 207 218 227 230 232 233 234 234 233 232 235 235 236 238 240 240 237 235 239 236 236 239 238 235 235 237 246 244 241 240 240 240 239 237 240 240 239 241 243 243 242 240 242 241 241 242 243 242 239 237 241 240 239 241 243 245 244 243 249 245 240 238 244 252 250 243 239 241 243 244 245 247 250 253 250 249 247 246 247 246 243 241 246 248 251 251
225 224 224 223 222 222 222 222 228 226 224 224 226 227 227 226 226 226 225 225 225 224 224 224 226 225 225 224 224 225 225 226 226 226 226 227 227 228 228 228 225 225 225 225 225 225 225 225 226 226 227 228 230 231 232 233 225 227 229 228 227 226 226 227 227 227 227 227 227 227 227 227 230 229 228 227 227 227 227 228 225 228 233 234 232 229 224 223 220 221 221 220 219 219 219 221 222 222 224 225 225 225 226 226 223 224 226 226 226 225 224 223 223 224 226 226 226 226 224 223 222 222 223 224 226 227 228 228 224 224 224 224 224 225 227 227 220 220 220 221 221 221 221 221 219 220 216 217 207 205 197 147 65 48 31 24 24 24 25 27 17 20 23 25 24 23 23 23 20 20 19 19 20 20 21 22 20 20 20 21 22 20 17 13 10 11 12 13 14 15 15 15 15 12 13 16 16 12 11 13 6 3 3 7 8 7 8 12 10 11 11 9 8 8 11 13 9 8 9 9 6 1 4 10 2 3 4 6 9 12 14 16 4 4 4 4 4 4 4 4 7 7 9 12 14 15 14 13 11 16 21 21 18 17 20 24 23 24 24 22 20 20 21 23 18 20 22 22 20 17 17 17 8 7 7 7 7 7 7 7 2 3 6 9 12 11 8 5 2 3 4 5 6 6 6 6 3 4 6 7 8 8 7 7 3 4 6 7 8 8 7 7 4 4 7 10 8 3 4 8 4 7 9 9 7 5 4 5 7 7 7 7 7 7 7 7 6 5 3 1 1 3 5 6 6 4 3 5 8 12 13 15 12 13 14 17 16 11 8 12 10 7 2 4 8 11 11 10 7 8 10 10 9 7 4 2 0 3 7 10 10 11 12 13 7 9 13 17 18 18 17 16 13 13 13 13 14 15 16 16 20 18 19 23 25 25 29 32 50 65 91 121 156 185 204 213 222 227 230 232 231 231 231 232 235 235 235 236 236 236 237 237 236 236 236 237 237 237 238 238 235 238 240 241 239 239 242 245 241 242 242 243 243 242 242 241 241 242 244 245 245 244 242 241 241 242 243 242 240 241 242 245 245 239 236 241 251 255 252 247 237 242 247 248 246 245 246 248 245 239 241 248 248 242 241 247 249 249 248 246
226 225 223 222 222 222 224 225 226 225 223 223 225 226 225 224 227 226 226 226 225 225 225 224 226 226 225 225 225 225 226 226 226 226 226 227 227 228 228 228 227 227 227 227 227 227 227 227 224 225 226 227 228 230 231 231 226 228 229 229 227 226 227 228 227 227 227 227 227 227 227 227 230 229 228 227 227 227 227 228 226 229 232 233 231 228 225 224 220 222 221 221 220 220 220 222 222 223 224 225 225 224 226 225 224 224 226 226 225 225 224 223 223 224 225 226 226 225 224 223 223 223 224 225 225 226 227 227 225 224 224 224 224 225 226 227 223 223 223 223 223 223 222 222 222 223 218 220 207 200 183 127 41 31 24 26 29 28 24 23 22 23 23 22 20 19 20 22 18 18 18 18 18 19 20 20 20 19 18 19 20 19 16 14 13 13 13 13 12 11 10 10 12 8 8 10 10 7 7 9 7 4 4 7 8 6 7 11 9 10 10 9 7 7 10 12 9 7 8 11 9 5 6 10 6 5 5 4 4 4 4 5 4 4 4 4 4 4 4 4 9 9 9 9 9 7 5 3 8 12 16 16 14 13 16 20 18 19 19 18 16 15 17 19 18 20 22 22 19 17 16 17 12 11 8 7 6 6 6 7 3 3 5 8 10 10 8 5 3 4 5 6 6 6 6 6 0 1 2 4 5 5 4 4 1 2 3 4 4 4 3 2 5 5 8 12 10 5 6 10 4 6 8 8 6 4 4 4 7 6 5 5 5 6 6 7 6 5 4 3 3 4 5 6 8 6 5 5 7 9 9 11 12 12 12 14 12 8 6 10 10 7 3 3 7 9 9 8 0 1 3 4 5 5 5 4 1 4 6 7 7 6 7 8 5 7 10 13 15 15 13 12 13 13 13 14 15 16 17 18 20 18 18 23 25 24 27 31 42 56 83 114 146 175 200 214 221 226 229 231 231 231 231 232 235 236 236 236 237 237 237 237 236 237 237 237 238 238 238 239 234 237 240 240 239 239 242 244 241 242 242 243 243 242 242 241 241 240 240 240 240 240 240 241 241 242 244 244 243 244 246 249 249 244 241 244 249 251 247 241 241 245 250 250 248 246 247 249 243 240 240 243 244 242 243 246 249 248 247 247
226 225 223 222 223 224 226 227 225 224 222 223 224 225 224 223 228 227 227 227 226 226 226 225 227 227 226 226 226 226 227 227 226 226 226 227 227 228 228 228 228 228 228 228 228 228 228 228 224 224 225 226 227 228 229 230 227 229 230 229 228 227 228 230 228 228 228 227 227 227 227 227 230 229 228 227 227 227 227 228 227 229 231 231 229 227 225 226 222 223 223 222 221 221 221 223 222 223 224 225 225 224 225 225 224 224 226 225 225 224 224 224 223 224 225 225 225 225 224 223 225 225 225 225 225 225 225 225 225 225 224 224 224 225 226 227 226 226 226 225 224 224 223 223 223 223 218 220 206 192 166 102 36 28 23 27 30 27 23 21 25 24 22 19 16 15 17 20 20 20 20 20 21 21 21 22 24 22 20 20 20 20 19 18 16 16 15 15 14 13 12 12 14 9 8 10 9 7 8 11 13 9 9 11 11 9 9 13 8 9 9 8 6 6 8 10 10 6 7 11 13 10 8 9 10 10 9 7 5 4 3 3 4 4 4 4 4 4 4 4 12 12 12 11 9 7 5 4 10 14 17 17 15 15 18 21 19 20 20 19 17 16 18 20 18 20 22 21 19 17 16 16 14 12 9 7 5 5 5 5 4 4 4 6 8 9 7 6 4 5 5 6 6 6 6 5 2 3 5 6 7 7 7 7 5 6 6 6 6 5 4 4 4 4 6 10 9 5 5 9 3 5 7 6 4 3 3 4 8 6 4 3 3 4 6 7 6 6 5 5 5 5 6 6 10 8 5 5 6 6 5 6 13 12 10 11 9 5 4 8 9 7 3 3 5 6 6 5 1 2 3 4 6 7 8 8 7 9 11 10 9 7 7 8 8 10 13 15 16 16 14 13 13 13 13 14 15 17 19 20 23 21 20 25 26 24 27 31 35 52 77 104 132 159 190 212 219 224 229 231 232 231 232 233 236 236 236 237 237 238 238 238 237 238 238 238 239 239 239 240 235 237 239 239 239 240 242 244 241 242 242 243 243 242 242 241 243 242 241 239 239 241 242 243 240 241 243 243 243 245 248 250 239 239 240 244 248 249 248 246 243 247 251 250 247 245 246 248 243 246 246 243 244 248 250 248 246 246 246 246
223 223 225 226 226 226 226 226 225 224 223 224 226 226 224 223 228 228 228 227 227 227 226 226 227 227 227 228 228 227 227 227 226 226 226 227 227 228 228 228 226 226 226 226 226 226 226 226 225 225 226 227 228 229 229 230 228 230 230 229 228 228 229 231 229 228 228 228 228 227 227 227 230 229 228 227 227 227 227 228 229 230 230 229 227 226 225 227 223 224 224 224 222 222 223 224 223 223 225 225 225 224 225 224 225 224 225 225 224 224 224 224 225 225 226 226 226 226 225 225 226 226 226 225 225 224 224 224 226 225 224 224 224 225 226 226 227 227 226 225 224 223 223 222 220 219 215 217 204 189 159 92 55 42 30 25 24 22 22 24 22 22 21 18 15 15 16 18 18 18 19 20 20 20 20 20 25 22 19 17 18 19 19 19 12 12 12 12 13 13 14 15 15 10 8 9 8 6 8 12 14 11 9 12 11 8 8 12 7 8 9 8 6 5 6 8 8 4 5 11 15 12 8 7 8 8 8 8 8 7 7 6 5 5 5 5 5 5 5 5 8 9 10 10 10 9 10 11 12 15 17 17 16 16 19 22 21 22 22 20 18 18 19 21 18 20 22 21 19 16 15 15 9 9 9 8 7 5 3 2 6 4 3 5 7 8 7 6 5 6 6 7 7 6 5 4 4 5 6 7 7 8 8 9 9 9 8 8 7 6 5 4 2 1 3 7 7 3 2 5 3 5 6 5 3 2 3 4 10 8 5 3 3 4 7 9 5 6 7 7 7 7 6 5 9 7 5 4 5 5 3 4 15 13 10 10 7 4 3 8 8 7 4 4 4 4 3 3 6 5 5 5 5 6 7 7 8 10 11 10 8 7 8 9 10 11 13 15 15 14 13 12 11 11 12 13 15 17 19 21 23 20 19 24 26 24 26 29 38 51 71 93 112 140 175 205 215 223 228 232 233 233 233 234 236 236 237 237 238 238 238 238 238 238 239 239 239 240 240 240 237 238 239 240 241 242 243 244 241 242 242 243 243 242 242 241 241 241 241 241 241 241 241 241 239 240 241 241 241 242 244 246 236 238 242 245 246 246 246 247 243 246 249 248 244 242 243 245 240 248 250 245 246 253 253 246 244 244 245 245
219 222 226 229 230 228 225 223 226 225 225 226 228 228 225 223 228 228 228 227 227 227 226 226 226 227 228 228 228 228 227 226 226 226 226 227 227 228 228 228 226 226 226 226 226 226 226 226 227 227 228 228 229 230 230 230 229 230 230 229 227 227 229 231 230 229 229 228 228 227 227 227 230 229 228 227 227 227 227 228 229 229 229 228 226 225 225 227 223 225 224 224 223 223 223 225 224 224 225 225 225 224 225 224 225 224 225 224 224 224 225 225 227 227 227 227 227 227 227 227 227 227 226 225 225 224 223 223 226 226 225 224 224 224 225 226 226 226 225 224 223 222 221 221 220 218 213 216 204 191 163 98 59 46 31 23 19 18 20 24 15 17 19 20 18 17 16 17 14 15 16 17 18 17 17 16 22 19 15 13 14 15 16 16 9 9 8 8 8 9 10 11 11 6 4 5 5 3 5 9 12 8 7 9 8 5 5 8 6 8 9 8 6 5 5 6 7 3 3 9 13 11 7 6 2 3 4 5 6 5 5 4 5 5 5 5 5 5 5 5 2 4 6 6 5 6 9 11 10 11 12 12 12 13 16 18 18 19 19 18 16 15 17 19 18 20 22 21 18 15 14 14 2 4 7 10 9 6 3 0 7 5 4 5 7 8 7 6 7 7 7 7 7 6 5 4 1 2 2 3 3 4 5 6 6 6 5 4 2 1 1 1 4 1 2 7 7 3 2 3 4 5 6 5 3 2 3 4 13 10 7 5 4 6 8 10 5 6 7 7 7 7 6 5 6 5 4 4 6 6 4 5 16 14 12 12 9 5 4 9 7 7 5 5 3 2 2 2 2 2 1 1 1 2 3 4 2 4 5 5 4 4 6 8 8 9 10 10 10 9 7 6 11 11 12 13 15 17 19 20 20 17 18 21 23 20 22 25 37 47 62 80 95 120 160 196 212 221 227 232 234 234 234 235 236 236 236 237 237 238 238 238 238 238 239 239 239 240 240 240 239 239 240 241 243 244 245 245 241 242 242 243 243 242 242 241 236 237 240 242 242 240 237 236 242 243 243 242 240 240 242 243 250 251 252 250 246 242 240 241 244 247 249 247 243 241 243 245 237 246 250 247 248 253 250 242 246 247 248 249
219 222 226 229 229 227 223 220 226 225 226 227 229 228 226 223 228 227 227 227 226 226 226 225 225 226 227 228 228 227 226 225 226 226 226 227 227 228 228 228 229 229 229 229 229 229 229 229 228 228 229 229 229 230 230 230 229 229 229 228 226 226 229 231 230 230 230 229 228 228 227 227 230 229 228 227 227 227 227 228 228 229 229 228 226 225 225 226 223 224 224 224 222 222 223 224 224 224 225 225 224 223 224 223 226 225 225 223 223 224 225 226 228 227 226 226 226 226 227 228 226 226 226 225 225 224 224 224 227 226 225 224 224 224 225 225 224 224 223 223 222 221 221 221 221 220 215 216 203 190 166 103 43 34 26 23 21 18 18 21 11 15 18 20 20 18 18 18 18 19 21 22 23 22 21 20 25 22 19 17 18 19 19 19 18 16 14 11 10 9 10 10 13 9 7 9 8 6 7 11 15 11 10 12 11 8 8 12 7 8 10 9 7 5 5 5 7 4 4 9 11 7 5 6 6 7 8 9 8 7 5 4 6 6 6 6 6 6 6 6 6 9 10 9 6 5 8 12 14 13 13 13 14 16 18 20 20 21 21 19 17 17 18 20 19 20 22 21 17 14 13 13 0 3 7 10 10 7 3 0 7 6 6 7 9 9 7 5 8 9 8 8 7 5 4 3 3 3 3 3 4 5 7 8 8 7 6 4 3 3 3 3 10 6 6 9 10 6 3 3 5 6 6 5 3 2 4 6 13 11 9 7 6 7 8 9 6 6 5 5 5 5 6 6 5 4 4 5 7 7 5 6 15 14 13 14 11 7 6 10 5 7 6 6 4 2 2 3 0 1 2 4 5 6 7 8 3 4 5 6 6 7 10 12 13 13 13 12 11 10 9 8 13 13 13 14 15 17 19 20 24 21 22 27 27 27 29 31 31 39 56 70 86 108 147 186 208 217 224 230 232 233 233 234 235 235 235 236 236 236 237 237 237 238 238 238 239 239 239 240 240 239 239 240 243 245 245 244 241 242 242 243 243 242 242 241 239 242 246 249 249 246 242 239 246 246 246 244 242 241 243 244 254 254 254 251 248 247 246 247 246 249 251 249 245 243 245 248 245 250 254 254 254 255 252 247 248 250 252 254
222 223 225 226 225 224 222 221 224 224 225 227 228 228 225 222 227 226 226 226 225 225 225 224 223 225 226 228 228 226 225 223 226 226 226 227 227 228 228 228 229 229 229 229 229 229 229 229 227 228 228 228 228 229 229 229 229 229 228 226 225 225 228 231 231 231 230 229 228 228 227 227 230 229 228 227 227 227 227 228 227 228 229 228 226 225 224 225 222 224 223 223 222 222 222 224 224 225 226 225 224 223 224 223 226 225 225 223 223 224 225 226 226 225 224 223 223 224 225 226 226 225 225 225 225 225 225 224 227 226 225 224 224 224 224 225 223 223 223 222 222 222 222 222 220 220 216 214 196 181 156 95 40 33 27 26 24 20 19 22 14 16 18 19 18 18 19 21 21 23 25 27 27 26 25 23 27 24 21 20 21 22 21 20 21 19 16 13 11 11 12 12 16 12 12 15 14 11 11 14 16 12 11 13 13 10 11 14 7 9 11 10 8 5 5 5 9 7 8 10 9 5 5 9 10 11 12 13 12 10 8 6 6 6 6 6 6 6 6 6 11 14 15 12 8 7 10 14 18 17 15 15 17 20 22 23 21 22 22 21 19 18 20 21 19 20 22 20 17 14 12 12 7 8 9 10 9 7 5 4 7 7 8 10 11 11 8 5 10 9 9 8 7 5 4 3 6 6 5 5 6 8 9 11 10 9 7 6 5 6 6 7 13 9 7 10 11 6 2 2 7 7 7 5 3 3 5 7 11 10 9 8 7 6 7 7 6 5 4 3 3 4 5 6 6 5 5 6 8 7 5 5 13 12 13 15 13 8 6 10 4 7 8 7 5 3 3 4 4 5 7 9 10 9 9 8 8 9 10 10 10 11 14 17 20 20 19 18 16 15 13 13 16 16 16 17 18 19 20 21 26 24 25 30 33 31 33 36 31 38 57 73 88 104 137 173 202 212 220 226 229 230 230 230 234 234 234 234 235 235 236 236 236 237 237 237 238 238 238 239 238 237 236 238 242 244 243 241 241 242 242 243 243 242 242 241 243 245 248 250 250 248 245 243 244 245 246 244 242 242 244 246 248 247 245 246 247 250 252 253 246 248 250 248 245 244 246 249 254 252 252 255 254 251 250 253 246 248 250 253
226 225 223 222 221 221 222 223 223 223 224 226 227 226 223 220 226 226 225 225 225 224 224 224 222 224 226 227 227 226 224 222 224 224 226 225 227 226 228 226 227 225 227 225 227 225 227 227 226 226 227 227 227 227 228 228 228 228 227 225 224 224 228 230 232 229 230 228 229 226 227 225 230 227 228 225 227 225 227 228 226 228 229 229 227 225 223 224 222 223 225 222 223 221 223 224 226 226 226 225 224 223 224 223 226 225 225 223 222 223 225 226 224 223 222 221 221 222 223 224 225 225 225 225 225 225 225 225 227 227 225 224 224 224 224 224 222 222 223 223 223 223 223 223 217 219 215 211 188 169 143 82 54 44 35 29 24 20 21 25 18 18 18 16 15 16 20 23 16 18 20 22 22 21 20 19 21 18 16 16 16 17 15 14 12 10 8 6 6 7 9 11 13 10 11 14 13 9 8 11 9 5 5 7 7 5 6 9 8 10 12 11 8 6 5 5 11 10 11 11 8 4 6 12 5 7 9 10 10 9 7 6 6 6 6 6 6 6 6 6 7 10 12 9 5 5 9 14 16 14 12 12 15 18 20 21 16 17 17 16 14 13 15 17 21 20 22 20 17 14 12 10 15 13 11 9 7 6 6 7 7 8 9 12 13 12 8 4 10 10 10 9 7 5 3 2 3 3 2 2 3 4 6 7 6 5 4 2 2 3 4 4 13 8 6 9 9 4 0 0 8 8 7 6 4 4 6 8 9 9 8 8 7 6 5 4 6 5 3 1 1 3 5 6 7 7 6 7 8 7 4 4 10 10 12 13 13 7 6 10 3 7 8 8 5 3 4 6 5 6 7 8 7 5 2 0 9 9 10 9 8 9 12 15 20 20 19 17 15 14 12 12 20 19 19 19 20 21 22 23 21 18 20 25 28 26 29 32 37 44 62 81 92 104 131 162 196 206 214 221 226 227 227 227 233 233 233 234 234 234 235 235 236 236 236 237 237 237 238 238 237 235 234 236 240 242 241 239 241 242 242 243 243 242 242 241 240 240 241 242 242 241 240 240 240 241 242 242 241 241 243 245 249 246 241 240 241 244 245 245 243 246 247 246 243 242 245 248 254 245 242 246 246 240 242 250 241 243 246 249
217 217 217 218 219 220 221 222 222 221 219 218 219 221 223 225 224 223 223 222 222 223 223 224 226 224 222 222 223 224 223 222 221 219 221 219 221 219 221 219 220 218 221 220 223 221 223 223 221 222 223 224 226 227 228 229 224 222 222 223 225 226 225 224 223 222 226 224 225 223 226 226 222 221 224 222 222 220 223 224 224 224 224 224 224 225 227 227 225 226 226 224 226 223 222 221 223 224 225 223 221 219 219 221 221 220 220 219 219 220 220 221 225 224 222 221 221 222 224 225 222 222 222 222 222 222 222 222 223 222 220 220 220 220 222 223 219 220 221 222 222 220 219 218 209 209 223 216 191 187 158 94 44 37 31 30 27 22 19 20 18 19 19 16 13 13 16 20 19 22 26 27 25 23 21 21 23 20 18 21 26 27 23 18 16 15 14 13 13 15 16 17 13 10 8 7 9 10 10 10 8 11 13 14 13 12 12 12 11 15 19 16 11 7 7 9 9 6 5 6 9 11 9 7 4 9 10 6 7 13 14 10 6 5 5 5 7 8 9 10 8 10 13 13 11 9 8 9 12 13 14 14 12 11 12 14 16 21 23 20 17 21 24 24 17 18 20 18 16 12 12 12 14 13 11 7 4 4 7 10 1 8 14 16 16 15 9 2 6 9 10 9 7 6 8 10 5 7 9 11 10 7 4 2 5 1 0 4 6 3 1 2 7 6 5 5 6 7 9 10 8 8 8 6 5 5 7 10 7 3 3 6 4 1 3 10 7 6 4 3 3 4 6 7 8 9 10 11 10 11 14 17 11 4 5 12 14 4 3 10 4 8 11 10 8 6 7 9 3 1 1 4 9 13 12 11 8 10 11 11 10 10 12 14 18 15 13 12 12 12 11 9 16 17 16 14 17 24 25 23 29 32 35 34 31 26 30 36 36 40 51 69 90 116 147 172 188 201 214 221 225 225 229 232 228 230 233 233 233 234 239 240 232 231 233 234 235 235 234 233 232 233 233 234 236 237 237 238 232 236 240 242 241 239 238 238 242 241 240 239 239 239 240 240 235 242 245 241 238 241 246 248 240 235 236 243 245 241 239 241 237 237 240 243 246 245 242 239 239 245 248 244 240 242 246 248 238 240 242 242
219 219 219 219 220 221 223 223 223 221 220 219 219 220 222 224 224 224 223 223 223 223 224 224 228 226 223 223 224 224 224 222 220 220 220 220 220 220 220 220 219 220 221 222 222 222 222 222 221 221 222 223 224 225 226 227 224 223 222 223 225 226 225 224 221 223 224 224 223 223 224 226 221 223 224 223 222 221 222 224 225 224 224 224 224 225 226 227 226 227 227 227 227 226 225 224 224 225 225 224 221 220 220 221 222 222 221 221 221 221 222 222 222 222 221 221 221 221 222 222 222 222 222 222 222 222 222 222 222 221 220 219 219 220 221 222 220 220 221 221 220 220 219 218 220 211 209 204 198 194 153 87 44 37 32 31 29 24 22 23 21 22 21 19 16 16 19 23 18 21 25 27 25 23 22 22 26 24 22 24 27 26 20 15 19 18 17 16 16 17 18 19 17 15 12 12 14 16 17 17 13 15 16 16 14 12 12 12 9 14 18 17 13 11 12 15 10 9 7 9 12 13 12 10 5 9 10 7 7 12 12 9 12 11 9 9 8 8 6 5 8 10 11 11 9 8 9 11 7 9 11 12 12 13 15 17 17 21 23 19 22 25 28 26 19 20 21 19 17 13 11 12 12 13 13 11 8 6 6 8 3 9 14 15 15 14 9 2 4 7 9 9 6 5 6 8 5 7 8 9 9 7 5 4 10 6 5 9 11 8 6 7 9 8 7 7 7 8 9 10 6 7 7 6 5 5 8 10 12 8 6 10 10 6 7 11 8 7 6 5 5 6 7 8 9 10 10 9 7 7 8 10 10 4 5 12 12 4 3 9 9 11 11 10 8 8 10 13 6 6 7 9 12 14 15 15 10 12 13 13 12 13 14 16 20 18 16 15 15 15 14 12 15 17 16 15 18 23 24 20 30 30 33 34 31 26 29 34 38 42 56 69 82 105 138 166 186 197 212 220 222 223 227 230 229 230 234 234 234 235 239 240 235 234 235 236 236 235 233 232 234 234 235 236 237 238 238 239 235 238 241 241 240 239 238 239 240 240 240 240 239 239 239 238 236 243 247 243 240 242 245 246 244 240 240 245 247 243 241 243 238 238 239 241 243 243 240 237 243 249 251 246 243 245 249 250 241 243 245 245
221 220 220 220 221 222 224 224 223 222 221 219 219 220 221 222 225 225 224 224 224 224 225 225 230 227 225 224 225 225 224 222 222 222 222 222 222 222 222 222 221 222 222 223 224 223 223 223 222 222 222 223 223 223 224 224 225 223 223 223 225 226 225 224 222 223 225 224 223 223 224 226 222 224 225 224 223 222 223 225 225 225 224 224 224 225 226 227 227 227 228 228 227 227 226 225 224 225 226 225 222 221 222 223 223 223 222 222 222 222 223 223 220 220 221 221 221 221 220 220 222 222 222 222 222 222 222 222 220 220 219 219 219 219 220 220 222 221 220 219 219 219 219 219 217 216 211 204 199 177 120 62 38 31 27 27 25 21 19 21 22 22 22 20 18 18 20 22 17 21 24 26 25 23 23 23 25 24 23 25 27 25 20 14 15 14 13 13 13 13 14 14 14 11 9 10 12 14 15 14 11 13 14 12 9 7 7 7 6 10 13 13 10 8 9 10 6 5 5 7 9 11 10 9 7 10 10 7 7 10 10 7 6 6 6 8 9 9 7 5 4 5 6 5 4 5 8 10 6 9 11 12 12 13 15 17 16 17 18 15 20 24 25 21 18 19 19 16 14 11 10 11 10 12 14 13 10 8 7 7 6 11 14 13 12 12 8 3 3 5 8 8 7 5 5 5 6 6 6 7 7 7 7 7 9 5 4 8 10 7 5 6 10 10 9 8 8 8 9 9 5 6 7 6 5 6 8 10 11 6 4 7 10 9 7 7 9 8 7 6 6 7 8 9 9 10 10 8 6 6 7 9 12 6 7 12 11 5 3 8 12 12 10 7 6 7 11 14 4 6 8 9 9 9 11 13 6 8 9 10 9 9 11 13 21 19 17 16 17 16 14 12 15 17 18 17 19 23 22 18 28 28 31 32 31 27 30 35 39 46 61 71 79 98 129 159 182 195 211 219 221 221 226 228 228 230 234 234 234 235 239 239 238 237 237 237 236 234 233 232 236 236 236 237 238 238 239 239 238 239 241 240 238 237 238 239 238 239 240 240 240 239 237 236 237 244 247 244 241 242 243 242 246 242 242 245 247 244 242 242 241 240 240 241 243 243 241 239 245 250 251 246 243 245 248 248 244 246 248 248
221 221 220 220 221 222 223 224 224 223 221 220 220 220 220 221 226 225 225 224 224 225 225 226 230 227 225 224 224 224 223 221 221 221 221 221 221 221 221 221 221 222 223 223 223 223 222 222 224 224 223 223 223 223 223 223 226 224 223 224 226 226 225 224 221 223 224 223 222 221 223 224 222 224 225 224 223 222 223 225 226 225 224 224 224 225 226 226 226 226 227 227 227 226 225 224 224 226 226 225 223 222 223 224 223 223 222 222 222 222 223 223 220 221 222 223 223 222 221 220 222 222 222 222 222 222 222 222 219 219 219 219 219 219 219 219 223 221 220 218 217 218 218 219 210 222 214 190 162 119 71 42 34 28 24 24 24 20 19 21 21 20 20 18 17 17 19 20 17 20 23 25 24 23 23 23 18 19 20 24 26 25 21 17 12 12 12 11 11 11 11 11 11 9 6 6 7 9 9 8 10 11 12 10 8 6 6 7 10 12 14 12 9 5 4 5 5 5 6 7 9 10 10 10 9 10 9 8 8 8 8 6 7 7 7 10 12 12 8 5 5 6 5 4 4 6 11 14 11 12 14 13 12 12 13 15 16 16 15 12 20 24 24 18 20 21 21 18 16 13 12 14 11 12 13 12 10 8 8 9 8 13 14 12 11 11 8 3 4 6 8 9 8 7 5 5 6 5 5 5 5 7 8 9 7 3 3 7 8 6 4 5 10 9 9 8 7 7 7 7 4 5 6 6 5 6 8 10 8 3 1 5 11 13 10 7 8 7 6 5 5 6 7 8 7 8 9 9 8 9 11 14 13 9 8 11 10 5 4 7 10 9 7 5 4 5 7 9 3 7 9 9 6 6 9 12 5 6 8 9 8 9 11 13 19 17 16 15 16 15 12 10 17 19 20 19 22 25 23 17 27 27 29 31 31 28 30 34 40 47 63 76 85 103 131 157 181 193 210 219 220 220 224 226 227 229 233 234 233 233 236 236 238 236 236 235 235 234 234 233 236 236 236 237 237 237 237 237 239 240 239 237 235 235 236 238 236 238 239 241 240 238 236 234 236 243 246 243 240 241 240 237 244 242 240 241 242 241 239 238 242 241 240 242 244 246 245 244 243 247 247 242 240 242 244 243 243 246 248 248
221 220 220 220 220 221 221 222 223 223 222 221 220 220 220 220 226 225 225 224 224 225 225 226 228 225 223 222 223 223 222 221 221 221 221 221 221 221 221 221 221 221 222 222 222 222 221 220 226 225 225 225 225 224 224 224 227 225 224 224 226 226 225 224 220 222 223 222 220 220 221 222 221 223 224 223 222 221 222 224 226 226 225 224 224 224 225 226 224 225 225 225 225 224 223 222 224 225 226 225 223 222 223 225 222 222 221 221 221 221 222 222 221 222 223 224 224 223 222 221 222 222 222 222 222 222 222 222 219 219 219 219 219 219 219 219 223 222 219 218 217 217 217 218 213 219 203 165 119 72 42 38 36 30 27 28 28 25 24 26 21 20 19 18 19 19 18 18 18 20 23 24 23 22 22 23 16 17 19 21 22 21 18 16 15 15 15 15 14 14 13 13 17 14 11 10 10 11 10 9 12 14 14 14 12 12 13 15 15 16 17 16 14 11 9 8 10 11 12 12 13 13 14 15 10 9 8 9 8 6 6 6 17 14 12 14 16 14 8 2 10 10 9 8 8 11 16 20 11 13 14 14 13 13 15 16 20 19 18 16 23 28 27 22 24 26 26 23 21 18 16 18 13 13 11 9 7 7 9 12 9 13 14 11 10 11 8 4 7 7 8 9 9 9 7 6 6 5 4 3 4 6 8 9 9 5 4 9 10 7 5 7 7 7 7 7 6 5 5 4 3 5 7 7 6 5 6 8 8 5 4 7 14 19 18 14 7 6 5 4 4 5 6 7 7 8 9 8 7 8 10 12 12 9 8 9 8 5 5 7 8 7 7 7 7 7 5 4 7 10 13 12 9 9 11 14 9 11 13 14 13 14 16 18 18 17 16 16 16 15 12 10 18 21 22 21 23 26 24 19 27 26 27 30 31 28 29 32 39 44 61 80 96 116 140 162 183 194 210 218 220 219 223 226 225 227 232 233 232 231 234 233 234 232 232 233 233 234 234 235 236 236 236 235 235 235 235 235 239 239 238 235 233 233 235 238 236 238 239 241 240 238 236 234 236 241 243 241 239 240 238 234 243 242 240 239 240 241 240 238 239 239 239 241 245 247 247 247 242 245 245 241 239 241 242 241 241 243 245 245
221 221 220 220 220 220 221 221 222 222 221 221 221 221 220 220 225 225 224 224 224 224 225 225 226 224 222 221 223 223 223 222 220 220 220 220 220 220 220 220 221 222 222 222 222 221 220 220 226 226 225 225 225 225 225 225 228 226 225 225 226 227 225 224 221 222 223 222 220 219 220 222 221 223 224 223 222 221 222 224 227 226 225 224 224 224 225 225 223 224 224 224 224 223 222 221 223 224 225 224 223 222 223 224 222 222 221 221 221 221 222 222 223 223 224 224 224 224 223 223 222 222 222 222 222 222 222 222 219 219 220 220 220 220 219 219 222 221 220 218 217 216 216 216 212 209 201 175 125 73 41 30 34 28 25 26 26 23 22 24 23 21 20 20 21 21 20 18 20 22 23 23 21 20 21 22 19 19 19 19 18 16 14 13 14 15 15 15 14 13 11 11 18 15 11 10 11 11 11 10 11 12 12 12 11 11 13 15 11 12 13 14 14 13 11 10 9 11 12 12 11 10 12 13 10 7 7 9 8 5 5 7 7 4 2 6 12 14 11 6 6 7 6 5 5 7 12 16 6 8 11 13 13 15 18 20 16 17 17 14 20 24 24 21 18 20 22 20 18 14 11 11 12 12 10 7 5 5 9 12 8 12 13 11 11 12 9 4 10 8 7 7 9 9 9 7 6 6 4 4 4 5 7 8 6 2 2 6 7 4 3 4 5 5 6 6 6 5 4 4 4 5 7 7 5 4 5 6 5 5 3 3 9 17 18 15 6 5 4 3 3 4 5 6 8 9 8 6 4 2 3 5 10 8 7 7 6 5 6 6 10 9 9 10 11 10 7 4 6 7 9 9 8 8 9 11 8 10 12 13 13 13 16 18 19 18 18 18 18 17 14 11 19 21 21 20 23 27 26 21 28 26 26 29 30 28 28 30 37 41 58 78 99 122 147 168 187 198 212 218 219 219 223 227 225 227 232 233 232 231 233 231 234 231 231 231 232 234 235 236 236 236 236 235 234 234 233 233 237 238 237 236 234 234 236 238 238 239 240 240 240 239 237 236 237 241 242 239 238 240 238 234 245 246 244 241 242 246 245 241 237 237 238 241 245 247 246 245 244 247 246 242 242 245 246 243 239 241 243 243
223 222 221 221 221 221 222 222 220 220 221 221 222 222 221 221 224 224 223 223 223 223 224 224 225 223 222 222 224 225 225 224 222 222 222 222 222 222 222 222 223 223 224 224 223 222 221 221 224 224 224 224 224 225 225 225 228 227 225 225 226 227 225 223 223 225 225 224 222 221 222 223 222 224 225 224 223 222 223 225 227 226 225 224 224 224 224 225 224 224 225 225 224 224 223 222 221 223 224 223 222 221 222 224 223 223 222 222 222 222 223 223 223 223 222 222 222 222 223 223 222 222 222 222 222 222 222 222 219 220 221 222 222 221 220 219 221 221 220 219 218 217 215 214 213 203 209 193 131 73 42 24 30 24 20 21 21 18 17 19 22 20 18 19 21 21 19 16 22 23 24 23 20 19 19 20 20 20 19 18 16 15 15 15 12 13 13 13 12 11 9 8 12 9 7 7 8 10 10 10 9 10 9 8 6 6 8 10 7 8 8 10 10 10 8 6 6 8 9 8 5 4 6 8 10 6 6 9 9 5 5 8 2 0 0 0 8 13 11 7 3 3 3 2 2 3 7 10 3 6 9 10 11 13 16 18 8 12 14 10 13 16 19 17 10 14 17 16 14 9 5 4 9 9 9 7 5 5 7 9 5 10 13 12 12 13 10 5 11 8 4 4 6 8 9 8 6 6 5 5 4 4 5 5 3 0 0 3 4 2 0 1 4 5 6 7 7 7 6 5 4 6 8 8 5 3 3 3 3 5 3 0 2 10 14 13 7 6 5 4 4 5 6 7 8 8 8 6 3 2 3 4 7 7 6 4 4 5 6 6 13 10 7 7 9 9 7 5 3 2 2 3 6 7 7 6 4 6 8 9 9 10 13 15 18 17 17 18 18 16 12 9 17 19 18 17 20 25 26 22 30 26 26 28 30 27 26 28 34 39 54 71 89 114 146 173 193 203 214 219 219 219 224 228 226 229 234 235 234 232 234 232 237 234 233 232 232 233 235 236 238 238 237 236 235 234 234 233 237 238 239 238 237 237 239 241 240 240 240 240 239 239 239 238 240 242 242 239 239 242 241 238 246 248 246 242 244 249 249 245 242 242 243 246 248 248 246 243 246 248 246 244 245 249 249 246 240 242 244 244
224 224 223 222 222 223 223 223 219 219 220 221 222 222 222 222 224 223 223 222 222 223 223 224 225 223 222 223 225 227 227 227 223 223 223 223 223 223 223 223 225 225 225 225 225 224 223 222 222 222 222 223 223 224 224 224 229 227 225 226 227 227 225 223 225 227 227 226 224 223 224 225 224 225 226 226 224 224 225 226 227 227 225 224 224 224 224 224 225 226 226 226 226 225 224 223 220 222 223 223 221 221 222 223 225 224 224 223 223 224 224 225 223 222 220 219 219 220 222 223 222 222 222 222 222 222 222 222 220 220 222 223 223 222 220 220 220 220 221 220 219 217 214 213 225 206 209 182 101 45 36 30 32 26 22 23 23 19 18 20 19 17 15 16 19 19 16 13 23 24 24 22 20 18 18 19 18 18 18 17 16 17 19 21 16 17 17 17 16 15 13 11 9 7 6 7 10 13 14 14 13 13 12 10 7 6 8 10 13 13 12 12 12 10 6 4 8 10 12 10 6 4 6 8 9 5 5 9 9 5 5 9 21 14 7 7 10 10 5 0 7 7 8 7 6 7 10 13 5 7 9 9 9 9 11 13 8 13 17 12 13 15 19 20 12 16 20 20 18 12 7 5 5 7 9 9 7 6 5 6 4 9 13 13 13 14 10 5 11 7 2 1 4 7 8 7 6 6 6 5 5 4 4 3 7 3 2 7 8 5 3 5 4 5 7 8 9 9 8 7 5 7 9 8 5 3 1 2 8 11 9 2 2 9 15 15 9 8 6 5 5 6 8 9 6 7 8 7 6 6 7 10 5 6 5 2 3 5 7 6 13 9 4 2 4 6 5 4 6 4 2 5 9 12 10 8 5 8 10 11 11 12 15 17 15 14 14 15 15 13 9 6 16 17 16 14 17 24 25 23 31 26 26 28 30 27 25 26 33 38 52 64 78 104 142 176 197 206 216 219 218 219 225 229 228 231 236 237 236 234 235 234 240 237 235 234 233 233 234 235 240 239 239 238 236 235 235 234 237 239 241 241 240 240 241 243 242 241 240 239 239 239 240 240 242 244 242 239 240 244 244 241 245 247 245 241 243 250 251 246 249 249 250 252 253 251 247 244 245 246 245 243 245 249 249 246 242 244 246 246
222 222 222 223 223 224 224 224 220 222 224 223 221 220 222 224 225 224 223 223 225 225 224 223 223 223 223 226 228 228 226 224 222 222 222 223 223 224 224 224 222 222 222 222 222 222 222 222 224 225 227 229 229 227 225 224 224 225 225 226 226 227 227 227 222 223 223 224 224 225 225 226 220 222 224 227 228 228 227 226 227 226 226 225 226 227 229 230 223 225 227 228 229 229 228 227 225 225 225 224 224 223 223 223 224 224 224 223 223 222 222 222 221 221 221 221 221 221 221 221 219 220 220 221 222 223 224 224 221 221 221 221 221 221 221 221 220 218 217 217 217 217 216 214 219 213 188 128 65 40 36 27 25 27 27 26 23 22 22 23 17 17 15 12 13 18 18 15 15 15 16 19 22 23 21 19 21 18 15 15 16 17 17 17 13 12 10 10 12 15 19 21 9 11 10 7 8 13 16 14 13 11 8 7 8 10 11 12 8 10 12 11 8 5 4 4 2 2 3 4 5 6 7 8 9 9 8 7 7 8 9 9 8 9 10 10 9 8 6 5 5 6 7 8 10 11 13 13 5 4 4 7 11 15 16 16 13 14 17 16 19 19 22 24 17 11 15 16 10 10 11 5 9 12 14 14 12 10 9 10 3 9 13 11 10 11 9 6 5 6 7 8 8 8 8 7 0 1 1 2 3 4 5 5 2 2 3 4 4 5 5 6 4 5 6 5 3 3 5 7 0 3 6 7 5 2 0 0 5 8 10 9 6 6 9 13 5 3 2 4 7 7 4 0 6 5 4 3 3 4 6 7 7 7 6 6 6 5 5 5 7 6 5 4 5 6 8 9 3 4 5 7 7 6 5 4 6 7 9 10 11 12 12 11 13 13 13 15 16 15 11 8 12 15 18 22 23 23 21 19 29 28 28 28 31 32 30 28 29 40 59 68 74 95 134 170 192 202 214 220 220 221 227 231 231 232 235 237 237 238 240 237 234 233 235 236 237 236 235 234 234 236 239 241 242 240 238 236 236 237 237 238 239 241 242 243 237 237 237 239 240 240 238 236 237 240 240 240 244 249 250 246 249 247 244 243 244 248 253 255 246 243 241 241 242 244 244 243 245 247 247 245 247 251 249 245 247 247 247 247
222 222 222 223 223 224 224 224 220 222 224 223 221 220 222 224 226 225 224 224 226 227 226 224 225 224 224 225 227 227 226 224 222 222 222 223 223 224 224 224 222 222 222 222 222 222 222 222 225 225 226 227 227 226 225 225 225 225 225 225 225 226 226 226 222 222 222 223 223 223 223 223 221 222 224 226 226 226 225 225 227 227 226 225 226 227 229 230 225 226 227 228 228 228 227 226 225 225 225 224 224 223 223 223 224 224 224 223 223 222 222 222 222 222 222 222 222 222 222 222 219 219 220 221 222 223 223 224 221 221 221 221 221 221 221 221 220 218 217 217 217 217 216 214 212 196 169 127 82 60 47 29 26 27 26 24 21 18 18 19 20 20 18 15 17 21 21 18 18 17 18 21 24 25 23 21 15 14 13 15 18 20 21 20 18 17 16 15 14 14 14 13 10 12 10 7 8 13 16 14 11 9 7 6 7 9 10 11 9 11 12 11 8 6 5 5 4 5 5 6 7 8 9 9 6 5 5 4 4 5 5 6 7 7 7 8 7 7 6 5 5 6 7 8 9 10 11 11 6 5 5 8 12 15 16 16 10 12 14 14 16 17 20 22 20 14 17 17 10 9 10 4 8 10 12 12 10 8 8 9 4 10 13 11 9 9 8 5 3 3 3 3 4 4 4 5 3 3 4 5 6 7 7 8 7 7 7 6 6 5 5 5 5 6 7 6 4 4 5 7 3 6 9 10 8 5 3 3 2 3 3 3 2 2 5 7 4 3 3 5 6 6 4 2 8 7 6 5 5 6 7 8 8 8 7 7 6 6 5 5 9 7 5 3 2 2 2 3 1 3 4 6 8 9 10 10 6 7 8 9 11 12 13 13 14 13 13 14 15 14 12 9 14 16 18 20 21 21 20 19 27 28 30 29 30 28 26 24 25 33 50 59 66 87 123 158 192 202 215 222 222 223 228 231 229 230 233 235 235 236 238 235 234 233 235 236 237 236 235 234 234 235 237 239 239 238 237 236 236 236 236 237 238 240 242 243 239 238 238 240 241 241 239 237 239 241 240 239 241 246 245 241 245 244 241 241 243 247 252 255 246 245 244 243 243 244 245 246 245 247 247 245 247 251 249 244 246 246 246 246
222 222 222 222 223 223 223 223 221 222 223 223 221 221 222 223 227 226 225 225 227 228 226 225 228 226 224 224 225 226 225 224 222 222 222 223 223 224 224 224 222 222 222 222 222 222 222 222 226 226 225 225 225 225 226 226 226 226 226 225 225 225 225 225 222 222 222 222 222 221 221 221 223 223 223 224 224 224 224 224 227 227 226 226 226 227 228 229 227 227 227 228 227 226 225 225 225 225 225 224 224 223 223 223 224 224 224 223 223 222 222 222 222 222 222 222 222 222 222 222 219 220 220 221 222 222 223 223 221 221 221 221 221 221 221 221 220 218 217 217 217 217 216 214 203 197 185 147 89 51 39 32 29 29 29 26 22 19 18 19 20 21 19 16 18 22 22 18 17 17 18 20 23 24 23 21 13 13 14 16 20 22 21 20 19 19 19 19 17 14 12 10 10 12 11 7 8 13 16 14 9 8 6 5 6 8 10 12 11 12 13 12 9 7 6 7 7 7 8 8 9 10 10 10 8 8 7 7 7 7 8 8 6 6 5 5 5 6 7 7 6 6 6 7 7 8 8 8 7 6 7 9 13 16 17 16 12 13 16 15 18 18 21 23 22 16 18 17 9 8 9 3 8 10 11 11 9 7 7 8 11 16 17 14 11 11 10 7 6 5 4 4 4 5 7 8 4 4 4 5 6 7 7 7 7 6 6 6 6 6 6 6 5 7 8 7 6 5 6 8 4 7 10 11 9 6 5 5 6 4 2 2 3 5 6 6 7 9 11 11 10 9 9 9 9 8 7 7 7 7 8 8 10 10 9 8 7 6 5 5 12 11 9 7 5 5 6 6 5 5 5 6 8 9 11 12 10 10 11 12 14 16 18 19 16 14 12 12 13 14 13 12 17 17 18 18 19 19 19 20 21 26 30 30 29 26 26 26 32 37 50 59 68 89 122 152 189 200 214 220 220 219 223 225 227 228 231 233 234 234 236 234 234 233 235 236 237 236 235 234 235 235 235 236 236 236 237 237 235 235 236 236 237 239 240 241 241 240 239 240 242 242 240 238 240 242 240 238 239 242 241 236 242 241 239 239 242 246 250 253 245 247 248 247 244 243 246 249 244 247 246 245 247 250 249 244 244 244 244 244
222 222 222 222 222 222 222 223 222 222 222 222 222 222 222 222 227 225 224 225 226 227 226 225 229 227 224 223 224 225 225 224 222 222 222 223 223 224 224 224 223 223 223 223 223 223 223 223 227 226 224 223 223 224 226 227 228 228 227 227 226 226 225 225 224 224 223 223 222 221 221 221 225 224 223 222 222 222 222 222 227 227 227 227 227 227 227 228 228 228 228 227 226 225 224 224 225 225 225 224 224 223 223 223 224 224 224 223 223 222 222 222 223 223 223 223 223 223 223 223 221 221 222 222 223 223 224 224 221 221 221 221 221 221 221 221 220 218 217 217 217 217 216 214 208 207 202 165 96 44 29 28 26 27 26 24 20 17 17 17 19 20 18 16 17 20 19 15 15 14 14 16 19 21 20 19 16 16 17 19 20 20 18 16 15 16 16 16 16 16 15 15 11 13 12 8 8 13 15 14 8 8 7 6 6 7 11 13 12 13 13 12 9 7 7 8 8 8 9 9 9 9 9 9 10 9 8 8 8 8 9 10 6 6 5 4 5 7 8 10 6 6 6 6 6 6 6 6 7 7 8 11 15 17 17 16 12 13 15 15 18 18 21 23 21 15 17 15 8 8 9 4 9 10 11 11 9 7 8 9 14 18 18 13 9 9 8 6 8 7 5 4 4 6 8 10 2 3 3 3 4 4 5 5 0 1 2 3 5 6 7 8 5 7 9 8 7 6 7 8 4 6 9 9 7 5 4 4 10 6 2 2 5 8 7 6 8 11 13 12 9 8 10 12 9 8 8 7 7 7 7 7 11 11 10 9 8 7 6 5 9 8 7 7 7 8 10 11 10 9 7 6 6 6 8 9 10 10 11 12 14 17 20 21 17 14 11 10 12 13 14 14 19 19 18 17 17 18 19 20 20 25 30 29 27 26 30 34 43 45 54 63 74 94 124 152 187 199 214 221 221 219 222 224 227 228 231 233 233 234 236 233 234 233 235 236 237 236 235 234 237 236 235 235 235 236 238 239 235 235 235 236 237 238 239 240 241 240 239 239 241 241 239 237 240 242 240 238 239 242 241 237 242 242 241 241 242 244 247 249 243 247 250 248 243 242 245 250 244 246 246 245 247 250 249 244 244 244 244 244
222 222 222 222 222 222 222 221 222 222 222 222 222 222 222 222 225 224 223 224 225 226 225 223 229 227 224 223 224 225 225 224 222 222 222 223 223 224 224 224 223 223 223 223 223 223 223 223 228 226 224 222 222 224 226 228 229 229 229 228 228 227 226 226 225 225 225 224 223 223 222 222 226 225 224 222 222 221 222 222 227 227 227 227 227 227 227 226 229 228 227 226 225 224 223 223 225 225 225 224 224 223 223 223 224 224 224 223 223 222 222 222 223 223 223 223 223 223 223 223 223 223 223 224 224 224 224 225 221 221 221 221 221 221 221 221 220 218 217 217 217 217 216 214 218 206 194 163 106 59 34 21 20 21 21 19 16 15 15 16 19 20 19 16 17 20 19 14 15 14 13 15 18 19 20 19 17 17 17 19 21 21 18 16 15 14 12 12 12 14 17 18 12 14 12 8 8 13 15 14 9 10 10 8 6 8 11 15 12 13 13 11 8 7 7 9 8 8 8 8 7 7 7 7 6 6 5 4 4 5 6 6 8 7 6 6 6 8 10 11 6 6 6 6 5 5 5 5 7 7 8 12 15 17 16 15 9 11 13 13 15 16 19 21 18 12 14 13 7 8 11 6 11 12 13 11 9 9 10 11 13 16 14 8 4 5 4 2 5 3 2 1 1 3 5 7 3 3 4 4 4 5 5 5 1 1 2 3 5 6 7 7 5 7 9 9 8 6 6 7 5 7 9 9 7 5 5 5 9 5 0 0 3 5 5 4 2 5 7 5 2 1 4 7 8 8 7 7 7 6 5 5 10 10 9 9 8 7 6 6 4 4 2 2 2 3 5 6 9 8 6 5 5 5 6 7 6 7 8 10 12 15 17 18 17 14 10 9 11 13 15 15 21 20 18 17 17 19 21 22 28 31 33 29 27 27 32 37 41 42 50 59 70 90 119 145 182 194 211 221 224 225 230 232 229 229 233 234 235 235 237 235 234 233 235 236 237 236 235 234 239 238 236 235 236 237 239 241 236 236 235 236 236 238 239 239 241 239 238 237 239 239 238 236 240 242 241 239 241 246 245 241 246 246 245 244 243 243 244 244 240 245 249 247 242 240 243 247 244 246 246 244 246 250 248 243 244 244 244 244
222 222 222 222 221 221 221 221 223 222 221 221 223 223 222 221 225 224 222 223 225 225 224 223 228 226 224 224 225 226 225 224 222 222 222 223 223 224 224 224 224 224 224 224 224 224 224 224 227 225 223 222 222 223 225 227 228 228 228 228 228 227 227 227 225 225 225 224 224 224 224 224 225 225 224 224 223 223 222 222 227 227 228 228 228 227 226 225 229 228 226 225 224 224 224 224 225 225 225 224 224 223 223 223 224 224 224 223 223 222 222 222 222 222 222 222 222 222 222 222 223 224 224 224 224 224 224 224 221 221 221 221 221 221 221 221 220 218 217 217 217 217 216 214 214 211 200 159 94 49 32 24 22 24 24 23 20 19 20 21 20 22 21 19 19 22 19 14 17 15 14 16 18 21 21 21 16 16 16 18 21 22 21 19 19 17 13 11 10 12 14 15 13 15 13 9 9 13 15 14 11 12 12 9 6 6 11 15 12 13 12 10 7 6 7 8 8 8 7 7 6 5 5 5 7 7 6 6 6 6 7 7 8 8 8 7 8 8 9 10 6 6 6 6 6 6 6 6 7 7 8 12 15 16 15 13 14 15 17 17 20 20 23 25 18 12 14 13 7 9 12 8 12 13 13 11 9 9 10 12 17 19 17 10 6 7 8 6 6 5 4 4 4 6 7 8 7 7 7 7 7 7 7 7 8 8 7 7 6 5 4 4 4 6 9 9 7 6 5 6 7 9 10 10 8 7 7 8 12 9 5 3 4 6 8 8 4 4 4 3 2 2 4 5 7 8 8 8 7 6 4 4 8 8 8 8 7 7 7 7 9 8 5 3 2 2 3 3 5 5 5 5 6 7 8 9 10 11 13 15 17 19 19 19 16 13 10 10 12 14 15 15 21 20 19 19 19 21 23 24 36 37 37 32 29 28 30 33 37 39 48 57 67 87 116 143 169 182 200 212 218 223 230 235 230 231 234 235 236 236 238 236 234 233 235 236 237 236 235 234 239 238 237 236 237 238 240 241 237 237 236 236 237 238 239 240 242 239 237 236 237 238 237 236 239 242 241 240 243 248 248 244 249 248 247 246 245 243 242 241 240 243 246 245 242 241 242 244 243 245 245 244 246 249 248 243 244 244 244 244
222 222 222 221 221 220 220 220 224 222 220 221 223 224 222 220 226 224 223 224 226 226 225 224 225 224 224 225 227 227 226 224 222 222 222 223 223 224 224 224 224 224 224 224 224 224 224 224 226 225 224 223 223 224 225 226 225 225 225 226 226 226 226 226 223 223 223 223 223 224 224 224 224 224 225 226 226 225 223 222 227 227 228 229 228 227 225 224 228 227 225 224 223 224 224 225 225 225 225 224 224 223 223 223 224 224 224 223 223 222 222 222 222 222 222 222 222 222 222 222 222 222 222 222 222 222 222 222 221 221 221 221 221 221 221 221 220 218 217 217 217 217 216 214 205 214 206 150 72 30 26 27 27 28 28 26 23 21 21 22 19 21 21 18 19 21 18 12 17 15 14 15 17 20 21 21 20 18 17 17 19 21 20 19 20 18 16 14 13 12 12 12 14 16 13 9 9 13 15 14 11 13 13 9 4 4 8 13 12 12 11 9 6 5 6 8 9 8 8 7 6 5 4 4 10 9 9 8 8 9 9 10 7 8 8 8 8 7 6 6 6 6 6 6 7 7 7 7 6 6 8 11 14 15 13 11 15 16 19 18 21 21 24 26 23 16 17 15 9 10 13 9 11 12 12 10 8 8 10 12 19 21 18 10 7 8 10 9 9 9 9 9 10 10 10 11 7 7 7 7 7 7 7 7 10 9 8 7 5 4 3 2 2 5 8 8 7 5 4 5 7 9 10 9 7 6 6 7 14 13 10 7 5 6 10 13 9 7 5 5 6 8 8 8 9 9 9 9 9 7 5 4 6 6 6 6 7 7 7 7 12 11 9 7 6 5 6 7 5 6 7 8 9 9 9 9 11 13 17 20 21 21 19 18 14 12 10 11 13 14 15 15 20 20 20 21 22 24 25 26 34 35 36 34 35 33 32 30 38 41 52 61 69 89 120 149 167 179 196 206 212 216 224 230 230 231 234 235 236 236 238 236 234 233 235 236 237 236 235 234 237 237 236 236 237 238 238 239 238 238 238 237 238 239 240 240 244 241 238 237 238 238 238 237 240 242 242 241 244 248 248 244 247 247 247 247 245 244 242 241 241 242 243 244 244 243 242 241 243 245 245 243 245 249 247 243 242 242 242 242
222 222 222 221 221 220 220 220 224 222 220 221 223 224 222 220 227 226 225 225 227 227 226 225 223 223 223 226 228 228 226 224 222 222 222 223 223 224 224 224 224 224 224 224 224 224 224 224 225 224 224 223 223 224 224 225 222 222 223 223 224 225 225 225 220 221 221 222 222 223 223 224 222 224 226 228 228 226 224 223 225 228 228 229 228 227 225 222 225 224 223 222 221 222 223 224 225 225 225 224 224 223 223 223 224 224 224 223 223 222 222 222 221 221 221 221 221 221 221 221 220 220 220 220 220 220 219 219 221 221 221 221 221 221 221 221 220 218 217 217 217 217 216 214 204 204 185 130 67 39 32 21 25 25 25 22 18 15 14 15 16 18 18 16 16 18 15 9 14 13 11 12 15 17 18 18 26 23 19 17 17 17 17 16 17 18 18 18 17 15 13 12 14 16 14 9 9 13 15 14 10 12 12 8 3 1 6 11 11 11 10 8 5 4 6 7 10 9 9 7 6 5 4 4 7 6 5 5 5 5 6 7 6 7 8 8 7 6 4 3 6 4 6 5 7 6 8 6 5 3 7 9 14 12 12 8 10 11 12 13 12 15 17 19 27 19 20 18 10 10 15 11 10 11 10 8 6 6 8 11 13 14 11 4 0 2 4 4 5 6 7 8 8 8 8 7 5 5 5 5 5 5 5 5 5 5 5 4 4 3 3 3 1 4 7 8 6 4 4 4 5 6 7 6 4 3 4 5 9 9 8 4 0 1 6 11 10 6 2 3 6 8 7 5 10 10 11 11 10 8 6 5 4 4 5 5 6 7 8 8 7 6 5 4 4 6 7 8 10 10 11 11 10 8 6 5 5 8 12 15 16 15 12 10 13 12 11 11 13 15 15 14 19 20 21 23 24 25 26 27 24 28 30 36 38 38 34 30 34 40 52 61 70 89 123 153 180 192 204 211 213 216 223 227 229 230 233 235 235 236 236 235 234 233 235 236 237 236 235 234 235 235 235 236 236 237 237 237 239 239 238 238 238 239 240 241 245 243 239 238 239 239 239 238 241 243 242 241 243 247 246 242 244 245 246 246 245 244 242 241 242 242 242 244 245 245 242 240 243 245 245 243 245 249 247 243 241 241 241 241
219 222 223 222 220 219 221 223 220 221 222 223 223 223 223 222 219 220 222 223 224 223 223 222 221 221 221 221 221 221 221 221 222 222 222 223 223 224 224 225 222 222 222 223 223 224 224 225 225 224 224 223 223 224 224 225 221 222 224 227 229 229 225 222 219 219 220 221 222 222 223 223 221 223 225 227 226 223 220 219 221 223 225 227 228 227 225 222 216 219 222 223 221 220 221 221 221 221 222 223 223 223 222 222 219 218 217 217 218 219 221 222 222 221 220 219 219 219 219 220 220 220 220 220 220 220 220 220 223 222 220 219 219 220 222 223 219 221 220 216 215 217 216 212 201 196 182 118 63 53 39 26 26 24 24 25 22 17 17 21 20 19 19 19 20 18 15 12 12 17 19 16 15 20 23 23 23 19 16 18 22 24 21 17 14 13 14 16 19 19 17 14 7 8 10 14 17 16 13 11 10 9 10 13 12 9 10 15 10 12 13 13 11 10 10 11 9 5 5 7 8 7 9 13 9 9 9 9 9 9 9 9 6 6 7 7 7 7 7 7 4 3 5 4 6 5 7 6 3 3 7 7 9 6 7 5 12 12 11 12 15 17 18 17 21 17 16 16 16 15 12 8 7 12 16 15 10 5 5 7 12 12 13 13 12 10 9 8 10 7 6 7 6 5 9 15 6 5 5 5 5 6 7 8 5 6 7 7 6 4 2 0 5 5 6 6 6 6 6 6 5 7 9 9 6 3 1 0 4 8 12 10 5 1 2 5 10 6 2 2 6 9 11 11 13 15 16 13 9 6 7 9 10 9 8 7 7 7 7 8 6 7 9 9 9 9 7 6 6 6 6 7 7 7 8 8 7 10 14 19 21 22 21 20 9 16 12 9 17 19 14 14 26 25 23 21 22 23 25 27 27 27 25 25 27 32 37 39 31 37 51 66 79 98 124 149 167 188 208 219 219 219 225 231 229 232 235 238 239 236 233 233 236 236 236 237 237 238 238 238 239 239 239 242 245 244 239 234 240 239 238 238 239 242 245 247 249 247 245 241 239 240 244 248 239 239 242 246 246 242 243 247 239 244 251 253 246 240 244 253 248 240 242 244 241 248 254 250 243 249 251 249 251 255 255 255 249 250 251 252
219 221 223 222 220 219 220 223 220 221 222 223 223 223 223 222 221 221 223 224 224 223 223 222 221 221 221 221 221 221 221 221 221 221 222 222 223 223 223 224 221 221 222 222 223 223 223 224 224 224 224 224 224 224 224 224 225 225 226 228 230 229 225 222 221 219 219 220 221 222 223 224 221 223 224 225 225 223 221 221 222 223 225 226 227 226 223 223 218 220 223 223 219 217 217 218 220 220 221 222 222 221 221 220 219 219 218 218 218 219 221 222 222 221 220 219 219 219 219 220 220 220 220 220 220 220 220 220 222 222 220 220 220 220 222 222 217 220 219 216 215 216 215 212 210 190 175 124 72 52 38 37 29 27 27 28 25 20 21 24 25 23 22 22 22 21 18 16 17 18 17 16 20 25 25 21 23 19 16 18 21 23 20 16 17 16 15 17 18 19 17 16 11 11 12 14 16 17 14 12 14 12 13 16 15 12 13 18 4 6 8 7 5 4 4 5 16 12 10 12 11 8 9 12 11 11 10 10 10 10 10 10 8 8 8 8 7 7 7 7 2 0 1 1 1 1 1 2 2 4 6 9 11 12 12 14 18 19 18 19 21 23 23 22 14 13 13 15 17 18 17 15 10 14 17 15 10 7 8 11 14 13 12 10 9 9 10 10 8 6 7 10 9 5 7 12 8 8 8 9 9 10 10 10 9 9 8 7 6 6 6 6 8 8 7 6 6 6 7 8 4 7 10 11 10 8 8 8 6 10 12 10 5 3 4 7 8 5 1 1 4 8 9 9 12 14 15 13 10 8 8 10 10 9 7 6 6 6 7 8 10 10 12 12 12 12 10 10 8 8 9 9 9 10 10 10 12 14 18 21 23 22 21 20 10 18 13 9 17 19 15 16 20 20 20 20 22 24 27 28 32 30 31 27 29 30 32 34 44 46 55 64 74 93 126 156 163 183 203 216 220 221 225 229 228 230 233 235 235 234 232 230 234 234 235 235 236 237 237 238 239 238 238 240 243 242 239 236 240 239 238 238 239 242 245 246 247 247 245 243 241 241 244 247 241 241 243 246 245 241 241 245 246 249 254 255 252 246 249 255 250 242 244 247 244 250 255 250 246 250 251 248 247 251 254 253 255 255 255 254
219 221 222 221 220 219 220 222 220 221 222 223 223 223 223 222 223 224 224 224 224 223 223 222 221 221 221 221 221 221 221 221 221 221 221 221 222 222 222 222 221 221 221 221 222 222 222 222 222 223 225 226 226 225 223 222 228 227 228 229 230 228 224 221 222 221 220 219 220 222 225 226 223 223 223 224 224 224 224 224 224 224 224 225 225 225 223 223 221 223 224 223 219 217 217 217 219 220 220 221 221 220 219 219 219 219 219 218 219 220 220 221 222 221 220 219 219 219 219 220 220 220 220 220 220 219 219 219 222 221 221 220 220 221 221 222 216 219 219 216 215 217 216 212 214 186 175 138 85 50 31 37 26 24 24 25 23 18 18 22 24 21 19 18 18 18 17 15 20 18 15 15 22 28 25 17 23 20 18 18 21 22 19 16 21 19 17 17 18 19 18 17 15 14 13 14 15 16 15 13 11 9 10 13 11 9 11 16 4 6 7 7 5 3 3 4 13 9 8 10 9 6 6 9 12 12 12 11 11 10 10 9 10 10 9 9 8 8 7 7 3 3 3 3 2 2 2 2 4 5 7 9 11 12 14 14 18 18 17 18 20 20 19 18 13 13 13 15 17 18 17 16 11 14 15 14 10 8 10 13 16 14 10 8 7 8 10 12 7 7 9 12 10 5 5 8 5 5 6 7 8 8 7 7 7 5 3 1 1 3 4 6 8 7 5 4 3 3 4 4 2 5 7 8 7 6 6 7 9 11 11 9 5 4 7 10 7 4 2 2 4 7 8 8 9 10 11 10 8 7 8 9 11 9 7 5 5 6 7 9 7 8 9 9 9 9 8 7 8 9 9 9 10 10 10 11 11 13 15 17 18 17 15 14 13 19 13 8 17 20 16 18 18 18 19 20 22 24 25 25 32 31 33 30 31 32 35 37 48 54 61 71 83 102 132 161 170 186 202 214 220 222 224 226 228 229 230 231 232 231 231 230 232 233 233 234 235 236 237 237 237 236 236 237 239 241 240 238 239 239 238 238 239 242 244 245 245 245 245 244 242 242 243 245 243 242 243 246 244 239 239 243 245 244 247 250 248 244 245 250 248 241 245 249 245 249 253 247 244 248 249 246 245 248 251 250 252 251 250 249
220 220 221 220 220 220 220 221 220 221 222 223 223 223 223 222 225 225 225 225 224 223 223 222 222 222 222 222 222 222 222 222 221 221 221 221 221 221 221 221 221 221 221 221 221 221 221 221 221 223 225 227 227 225 223 221 226 226 226 227 228 227 224 222 224 222 220 218 219 221 225 227 223 222 222 222 222 224 225 226 225 224 224 223 223 224 223 223 221 223 224 223 219 217 218 219 220 221 221 221 221 220 219 219 220 220 219 219 220 220 220 220 222 221 220 219 219 219 219 220 220 220 220 219 219 219 219 218 221 221 221 221 221 221 221 221 216 219 220 218 217 219 217 213 209 190 186 147 87 46 23 27 24 22 22 24 21 17 17 22 23 20 17 15 16 16 16 15 17 17 15 15 19 24 21 15 25 22 20 21 22 22 20 18 24 22 19 18 18 19 19 19 18 15 12 12 13 14 13 13 10 8 8 10 9 7 9 14 10 12 13 12 10 8 8 9 7 4 5 8 9 7 8 11 12 11 11 10 10 9 8 8 12 11 11 10 9 8 7 7 8 7 7 6 6 5 5 4 9 9 8 8 9 10 11 11 17 16 15 15 16 16 14 13 19 18 17 16 17 16 13 10 9 11 14 14 11 10 10 11 15 13 10 8 8 8 9 10 9 8 9 11 9 4 5 8 3 4 5 6 7 6 6 5 4 3 2 2 2 3 4 5 7 8 8 8 7 5 3 2 5 7 8 7 5 3 2 3 10 10 9 6 3 4 7 11 7 6 4 4 5 7 8 9 6 6 7 6 6 6 6 7 12 11 8 6 5 7 9 10 6 6 7 7 7 7 6 6 7 7 7 7 8 8 9 9 10 12 14 15 16 15 14 13 14 20 13 8 16 20 17 20 20 21 22 22 22 22 21 21 27 27 29 26 30 34 42 48 48 56 69 89 108 126 148 169 187 196 205 213 219 223 224 225 230 230 229 229 230 231 231 232 233 233 234 235 236 237 237 237 236 235 235 235 236 238 240 241 239 239 238 239 240 241 243 244 241 242 244 243 242 241 241 242 242 241 242 245 243 239 240 244 242 238 238 241 243 240 239 241 244 239 243 248 244 246 249 241 240 245 247 244 244 249 252 252 245 245 245 244
220 220 219 220 220 220 220 219 220 221 222 223 223 223 223 222 226 226 225 224 224 223 223 223 222 222 222 222 222 222 222 222 221 221 221 221 221 221 221 221 221 221 221 221 221 221 221 221 221 223 225 227 227 225 223 221 223 222 223 224 226 227 225 223 225 223 220 219 219 221 224 226 223 222 221 220 221 223 225 226 225 224 224 223 223 223 222 222 219 220 222 221 218 218 220 222 222 222 223 223 222 221 220 220 220 220 221 221 220 220 220 220 222 221 220 219 219 219 219 220 220 220 220 219 219 218 218 217 221 221 221 221 221 221 221 221 217 221 222 220 219 220 218 214 202 197 194 138 72 42 26 26 27 25 26 27 25 21 21 26 27 24 20 19 19 20 19 18 14 19 20 18 17 19 19 16 25 24 23 23 23 23 22 21 25 22 19 18 19 20 20 19 17 14 11 10 11 12 12 11 14 11 11 13 12 9 12 18 13 14 15 14 12 10 10 10 10 7 8 12 13 10 11 14 9 9 9 8 8 7 7 7 12 11 11 10 9 8 7 7 10 10 9 9 8 7 7 7 13 12 12 12 12 13 15 15 20 19 19 19 20 19 17 14 22 20 18 17 17 15 11 8 8 11 15 17 16 14 12 11 11 11 11 11 10 9 8 7 12 9 8 8 6 3 6 11 7 8 8 9 10 10 9 9 7 8 9 10 10 10 9 8 8 10 14 16 15 11 6 2 9 10 11 11 8 7 7 8 10 9 6 3 2 3 7 10 8 8 7 7 6 7 9 10 7 6 6 7 8 8 8 8 13 12 10 8 7 8 10 11 10 10 9 9 9 9 10 10 7 7 8 8 8 9 9 9 14 15 17 19 20 20 20 20 14 20 13 8 16 20 17 20 21 22 23 23 23 23 22 22 24 23 24 21 25 33 45 55 56 62 78 104 130 150 166 181 200 203 206 210 216 221 226 228 232 231 230 230 231 232 233 234 236 236 236 236 237 237 238 238 236 235 235 234 235 237 240 242 238 238 239 239 240 241 241 242 237 239 241 242 240 239 239 240 240 239 240 243 243 240 242 247 245 240 238 241 243 241 240 241 244 238 243 248 243 245 247 239 242 246 248 245 245 249 252 251 248 248 247 246
221 219 218 219 220 221 220 218 220 221 222 223 223 223 223 222 225 224 223 223 222 223 223 224 223 223 223 223 223 223 223 223 222 222 222 222 221 221 221 221 222 222 222 222 221 221 221 221 222 223 225 226 226 225 223 222 221 221 221 223 225 226 225 223 224 223 221 220 220 221 223 225 223 223 221 221 221 222 224 225 224 224 224 224 223 223 221 220 217 219 220 219 217 217 220 222 223 223 224 223 223 222 220 220 221 221 221 222 221 220 220 219 222 221 220 219 219 219 219 220 220 220 219 219 218 217 217 217 220 221 221 222 222 221 221 220 218 222 223 220 219 219 216 211 201 201 190 119 53 41 36 35 25 23 24 26 24 20 21 25 24 22 19 19 19 19 17 16 16 22 25 22 19 20 20 18 23 23 23 23 23 23 23 23 23 21 19 19 21 21 21 20 16 13 11 10 11 12 11 11 13 10 9 10 9 7 11 17 9 11 12 11 8 6 5 6 12 9 9 12 11 7 6 8 7 7 7 7 7 7 7 7 10 10 9 9 8 8 7 7 8 8 8 7 7 7 7 7 6 7 9 11 13 14 16 18 19 19 19 20 21 20 17 14 19 18 17 17 18 17 15 13 11 13 16 18 19 18 16 14 10 10 11 11 11 9 7 6 12 9 7 7 5 3 7 13 7 7 6 6 7 8 9 9 6 8 9 11 11 9 7 5 3 6 10 13 12 8 3 0 4 6 8 8 8 8 10 12 9 7 5 3 2 4 7 9 8 9 10 9 7 7 9 11 11 10 9 9 11 12 11 10 11 11 10 9 9 9 9 9 9 8 7 7 7 7 8 9 10 10 10 11 11 11 12 12 14 15 16 17 18 19 19 19 13 19 13 8 17 20 16 18 19 19 20 22 23 25 26 27 25 24 23 20 22 29 42 53 64 66 80 105 132 153 172 185 202 204 205 208 213 220 227 232 232 232 232 232 232 233 234 235 238 238 238 237 237 237 236 236 236 236 237 236 235 236 239 241 238 238 239 239 240 240 240 241 236 238 240 241 239 239 239 240 239 238 239 242 242 240 243 248 246 241 239 242 243 240 240 242 247 241 245 249 244 246 248 240 247 251 251 246 244 247 248 247 251 249 247 244
221 219 217 218 220 221 220 217 220 221 222 223 223 223 223 222 223 223 222 221 221 222 224 225 223 223 223 223 223 223 223 223 224 223 223 223 222 222 221 221 224 223 223 223 222 222 221 221 224 224 224 224 224 224 224 224 224 223 222 223 225 226 224 223 225 225 224 223 223 224 224 225 225 225 224 224 223 223 224 224 223 224 224 225 224 223 219 218 218 219 219 218 215 215 217 220 223 223 223 223 222 220 219 218 221 221 222 222 222 221 219 218 222 221 220 219 219 219 219 220 220 220 219 219 218 217 216 216 220 220 222 222 222 222 220 220 217 221 222 219 217 217 213 207 207 199 182 112 52 43 37 33 22 20 21 23 21 18 18 23 21 19 18 17 18 17 14 12 18 22 23 21 21 22 20 15 19 20 21 22 22 22 23 24 20 19 19 20 22 22 21 19 15 13 11 11 13 14 13 12 10 7 6 7 6 4 8 15 9 11 11 10 7 5 4 5 9 6 7 10 9 5 3 5 6 6 7 8 8 9 9 10 8 8 8 8 7 7 7 7 8 8 9 9 9 9 9 10 4 5 8 11 13 14 14 14 14 14 15 16 18 17 14 11 16 15 15 17 19 19 18 16 13 12 11 12 14 16 16 16 12 11 10 9 8 8 7 7 9 7 7 9 8 5 7 13 7 5 3 2 2 4 7 9 6 6 6 6 5 4 3 3 2 4 6 8 7 6 3 2 2 4 5 5 5 6 8 11 9 7 5 4 5 7 8 9 7 9 10 9 7 6 8 10 12 10 8 9 11 12 10 8 8 8 9 9 9 8 6 6 6 6 4 4 4 4 6 6 10 10 10 11 11 12 12 12 13 13 13 14 14 13 13 13 10 18 13 9 17 19 15 16 19 19 18 19 21 23 25 27 21 25 26 24 25 28 40 48 61 72 93 119 142 159 178 193 204 208 211 214 216 220 227 231 232 232 232 233 233 233 234 234 239 239 238 237 236 234 234 233 236 238 239 238 236 236 238 240 238 238 239 239 240 240 240 239 238 240 241 241 240 240 241 243 241 239 240 242 241 239 241 247 245 241 240 242 241 238 239 243 248 242 245 247 243 245 247 239 247 251 251 246 243 245 247 245 249 247 244 241
221 218 217 218 220 221 219 217 220 221 222 223 223 223 223 222 222 221 220 220 221 222 224 225 223 223 223 223 223 223 223 223 225 224 224 223 223 222 222 222 225 224 224 223 223 222 222 222 225 224 224 223 223 224 224 225 228 226 225 225 225 225 224 222 224 224 224 224 224 224 224 224 225 225 225 224 224 223 223 222 222 223 225 226 225 223 219 217 220 220 220 217 213 213 215 217 222 222 222 221 220 219 218 217 221 222 223 223 222 221 219 218 222 221 220 219 219 219 219 220 220 220 219 218 217 217 216 215 219 220 222 223 223 222 220 219 216 220 221 218 215 214 210 204 211 196 178 117 61 45 30 23 25 24 24 27 25 21 22 26 23 22 21 22 22 21 17 14 20 19 17 17 21 24 18 8 16 18 19 20 20 21 22 24 18 18 18 21 23 23 21 19 15 14 13 13 15 16 14 13 14 10 9 10 9 7 12 18 13 14 15 14 11 8 8 8 8 6 8 13 14 10 10 12 6 6 7 8 10 11 12 12 6 6 7 7 7 7 7 7 9 9 9 10 11 11 12 12 9 11 13 15 16 15 13 12 14 13 14 16 18 17 14 11 17 16 16 17 19 19 17 16 12 9 5 4 6 10 14 16 14 12 9 6 6 7 8 10 5 5 8 11 10 7 7 11 11 9 6 4 4 7 11 13 12 10 8 6 5 5 6 7 10 10 10 10 10 10 11 12 9 10 11 9 8 7 9 11 10 8 6 6 7 9 9 9 5 8 10 8 6 4 6 9 10 7 5 6 8 9 6 4 4 6 7 9 8 6 4 2 10 9 7 7 7 7 9 10 8 8 8 9 9 9 10 10 18 17 17 16 15 14 13 12 9 16 12 9 17 19 14 14 22 21 19 17 17 19 21 23 17 23 28 28 29 31 42 49 59 80 113 145 161 174 189 205 209 216 220 222 221 221 225 228 230 231 232 233 233 233 233 232 239 239 237 236 234 232 231 231 237 239 241 240 237 235 237 239 238 238 239 240 240 240 239 239 240 242 242 242 241 241 243 246 244 241 241 242 240 237 239 244 247 245 245 245 243 240 242 247 247 240 242 244 239 241 244 237 243 247 248 244 243 246 249 248 249 248 245 243
221 221 220 220 220 220 220 219 219 220 221 222 223 224 224 225 214 216 220 223 224 224 223 223 220 221 223 224 224 223 221 220 220 220 221 222 223 223 224 224 222 221 221 220 220 221 221 222 221 224 226 225 223 224 227 231 225 225 225 226 226 227 227 228 222 222 223 224 224 225 226 226 224 224 224 224 224 224 224 224 223 225 228 229 227 226 224 224 220 220 221 221 220 220 220 220 217 218 219 220 221 221 221 221 217 218 219 220 221 220 218 217 220 220 220 220 220 220 220 220 219 219 219 218 218 217 217 217 214 217 220 223 224 223 221 219 215 216 218 220 219 218 216 214 197 202 205 136 53 33 32 30 19 22 25 26 24 20 17 15 15 18 21 20 17 14 14 15 20 19 17 14 13 14 18 22 22 21 20 17 15 16 18 20 12 14 16 17 18 18 17 16 11 10 11 13 15 15 12 10 5 6 7 7 7 8 10 13 1 6 8 6 5 7 8 6 5 8 10 10 9 9 10 11 4 5 7 9 10 10 10 9 10 9 9 10 11 11 8 5 5 7 8 7 5 4 5 6 4 8 13 16 17 17 18 19 9 13 14 13 14 17 17 14 14 14 14 14 14 14 14 14 9 10 9 5 7 13 17 16 9 7 5 4 5 6 9 10 7 4 5 8 9 6 7 10 11 8 5 6 8 9 6 3 0 0 2 3 4 3 2 1 2 6 10 12 10 7 5 4 8 8 10 13 12 7 6 10 9 7 5 4 4 5 7 9 7 4 2 4 8 9 8 5 3 8 12 10 4 3 9 15 3 5 8 10 9 7 3 1 9 8 8 9 11 12 10 8 6 7 8 8 8 9 11 14 12 17 24 17 7 15 20 9 8 6 5 10 15 18 14 10 12 19 25 22 15 13 18 25 9 18 18 20 28 28 37 54 63 83 116 152 173 185 194 204 215 220 223 224 226 227 230 233 226 227 229 232 234 235 236 236 238 237 235 234 235 237 239 240 236 237 237 236 235 236 238 241 235 238 238 235 237 242 244 243 238 238 240 241 241 241 241 241 239 238 240 246 246 243 241 243 246 247 246 244 243 243 245 247 249 246 244 243 244 245 245 244 233 242 248 246 244 246 250 250 250 250 249 249
219 220 220 220 220 220 220 220 220 220 221 221 222 223 223 223 217 218 220 222 223 223 223 222 218 220 222 223 223 222 220 218 223 223 222 222 222 221 221 221 222 222 221 221 221 221 222 222 222 224 226 225 223 223 226 229 225 225 225 226 226 226 227 227 224 224 224 224 224 224 224 223 224 224 224 224 224 224 224 224 223 225 228 228 226 224 222 222 219 219 218 218 216 217 218 219 218 219 220 221 221 221 221 221 219 219 220 221 221 220 218 217 219 219 219 219 219 219 219 219 219 219 219 218 218 217 217 217 219 220 221 222 222 220 218 217 216 217 219 219 219 217 215 213 207 197 190 129 60 42 32 21 18 20 22 23 22 19 17 16 16 18 20 18 15 13 14 15 16 16 16 14 12 13 15 18 22 22 22 21 20 21 23 24 18 18 18 17 16 15 13 13 11 10 9 10 10 9 5 3 8 9 9 9 7 7 9 11 2 6 8 5 4 6 7 5 5 7 9 9 8 7 8 9 4 5 6 7 7 7 6 5 6 5 5 6 7 6 4 1 5 7 8 7 6 5 7 8 10 12 15 15 13 11 10 11 10 14 14 11 12 16 16 14 18 17 16 15 13 12 11 10 11 13 11 7 7 13 16 15 9 8 7 6 6 6 8 8 4 2 2 5 6 3 4 7 7 5 4 4 5 6 5 4 4 5 5 6 5 4 2 1 0 3 8 9 8 5 3 2 4 2 4 7 6 2 3 7 5 4 2 1 1 2 4 5 7 6 5 6 7 8 7 6 4 7 10 9 6 5 7 10 5 6 6 6 6 5 4 3 6 4 3 4 6 7 6 5 5 7 8 8 7 8 11 13 14 17 22 16 8 16 20 8 12 9 8 11 16 18 16 12 15 20 25 23 18 15 18 22 15 22 21 21 27 29 35 51 59 80 116 150 173 183 193 204 213 216 220 223 225 228 231 234 227 228 230 232 233 234 235 235 238 237 235 235 235 237 239 240 236 237 237 236 235 236 238 241 233 236 237 235 237 243 246 244 238 239 240 240 241 241 241 240 240 238 240 244 245 242 242 244 246 245 243 242 243 244 245 246 248 246 243 243 244 245 245 244 240 247 252 249 247 250 253 254 245 245 245 245
218 218 219 219 220 221 221 221 221 221 221 221 221 221 222 222 220 220 220 221 221 222 222 222 218 219 220 221 221 220 219 218 225 225 224 222 221 219 218 218 223 222 222 221 221 222 222 223 224 225 225 224 223 223 225 227 224 224 225 225 225 226 226 226 228 227 227 226 225 224 224 223 226 226 226 226 226 226 226 226 223 225 227 226 224 222 219 220 218 217 215 214 213 215 217 218 220 220 220 221 221 221 221 221 221 221 221 221 221 220 218 218 218 218 218 218 218 218 218 218 219 219 219 218 218 217 217 217 223 223 222 221 219 217 216 216 218 219 219 219 218 216 214 213 211 193 183 127 61 41 29 20 20 21 21 22 22 21 20 19 17 18 18 16 14 13 14 15 15 16 16 15 14 14 15 17 21 21 22 22 23 24 25 25 24 22 20 17 14 12 11 10 14 13 12 13 13 11 8 5 11 11 12 10 8 8 9 11 4 8 9 5 3 5 6 5 5 7 9 9 7 5 6 6 6 6 7 7 7 6 5 4 8 7 6 7 8 8 6 4 7 9 10 10 9 9 11 13 17 19 21 20 17 14 12 12 16 18 17 14 14 18 19 17 18 17 16 15 13 12 11 10 14 15 13 8 8 13 15 13 9 9 8 8 7 6 6 6 7 5 5 8 8 6 6 9 4 5 5 5 4 4 6 7 9 9 9 8 7 5 3 2 4 7 11 12 11 8 7 6 4 3 4 6 5 3 5 10 8 7 5 3 3 5 7 8 7 8 9 8 7 6 7 8 6 7 8 8 7 6 6 5 8 7 5 4 3 4 5 6 8 6 4 4 6 8 8 8 5 6 8 8 8 9 12 14 20 19 21 18 13 20 23 10 17 14 11 12 16 18 17 14 18 21 24 25 23 20 20 20 18 24 22 22 29 31 37 55 65 86 124 160 183 193 204 212 215 217 220 222 223 225 228 231 229 229 231 232 233 233 233 233 237 236 235 235 235 236 238 239 236 237 237 237 236 236 238 240 236 238 238 236 237 241 243 240 238 239 239 240 241 240 240 240 241 238 239 243 244 241 242 245 245 241 239 239 243 246 245 244 247 245 243 243 244 245 244 243 242 247 249 245 242 246 250 251 242 243 243 243
217 217 218 219 220 221 221 222 221 221 221 221 220 220 220 220 222 222 221 220 220 220 221 222 218 219 220 221 221 220 219 218 225 224 223 222 220 219 218 217 223 223 222 222 222 222 223 223 225 225 225 224 223 223 224 225 224 224 224 224 224 225 225 225 226 226 226 225 225 225 224 224 225 225 225 225 225 225 225 225 222 224 226 225 223 220 217 217 219 217 214 213 211 214 217 219 222 221 221 220 220 220 220 221 222 222 222 221 220 219 219 218 217 217 217 217 217 217 217 217 219 219 219 218 218 217 217 217 224 223 221 219 217 216 217 217 220 220 220 219 217 215 213 212 206 193 188 130 56 32 27 29 25 24 23 23 24 25 25 24 20 19 18 16 15 15 16 17 19 19 18 16 15 16 19 21 20 20 21 22 23 24 23 21 24 22 19 16 14 13 13 13 13 12 13 15 17 17 14 12 11 12 12 11 9 9 11 13 7 11 11 6 4 6 7 6 7 9 10 9 7 5 5 6 8 8 8 8 8 8 8 8 11 9 8 9 10 10 8 6 7 9 11 11 11 11 13 15 14 16 18 18 17 15 16 16 18 19 17 12 12 16 18 16 14 14 14 14 14 14 14 14 13 15 13 10 10 14 16 14 10 10 10 9 8 6 5 4 10 7 7 10 10 7 7 10 5 7 8 7 5 5 8 12 10 10 9 8 7 6 5 4 7 10 13 14 13 10 9 9 6 4 4 7 6 5 8 14 10 9 7 5 5 7 9 10 7 10 12 10 6 5 6 9 10 7 4 4 6 7 5 3 9 8 7 6 5 5 6 7 9 7 4 3 5 8 9 9 6 8 9 9 9 11 14 16 21 16 17 15 12 18 20 8 19 16 13 13 15 17 17 16 18 19 22 25 27 26 23 21 17 21 19 23 32 36 43 61 67 89 128 165 189 203 212 222 221 223 224 224 223 223 224 226 230 230 231 232 232 232 232 231 236 236 235 235 235 236 238 238 235 237 238 237 236 236 238 240 241 243 242 237 236 237 237 233 238 239 239 240 240 240 239 239 242 238 238 241 242 241 242 246 244 239 235 237 243 246 245 242 246 244 242 243 244 244 243 242 243 247 246 240 238 242 246 247 243 244 244 245
216 217 217 218 219 220 221 221 220 220 220 220 219 219 219 219 223 222 221 220 220 220 221 221 220 220 221 221 221 221 220 220 222 222 222 221 221 220 220 219 223 222 222 221 221 222 222 223 226 225 223 223 223 224 224 224 224 224 224 224 224 223 223 223 224 224 224 225 225 225 226 226 225 225 225 225 225 225 225 225 221 223 225 224 222 219 216 216 220 218 215 214 212 215 218 220 222 222 220 219 218 218 219 219 222 221 221 220 219 219 219 219 217 217 217 217 217 217 217 217 219 219 219 218 218 217 217 217 222 221 219 217 216 217 218 219 220 220 219 218 217 215 214 213 208 193 185 124 52 32 29 30 27 24 22 22 24 26 26 25 23 21 19 18 17 18 18 18 22 20 18 15 13 15 20 24 24 23 21 22 24 24 21 19 20 19 17 16 15 16 17 18 11 11 11 13 15 15 13 10 9 10 11 11 10 11 13 16 9 13 12 7 5 8 9 8 8 10 11 11 8 7 7 7 6 6 7 7 8 9 10 11 10 8 6 6 7 8 7 5 8 9 11 12 11 11 13 15 9 12 14 15 14 14 15 17 14 15 13 8 8 12 14 13 14 14 14 14 14 14 14 14 10 12 12 10 11 16 18 16 11 11 11 10 8 6 5 3 7 4 4 7 7 4 4 7 5 7 8 6 4 4 9 13 8 8 7 7 6 6 6 6 4 7 10 11 9 7 6 7 4 2 3 5 5 3 6 12 7 5 3 2 2 3 5 7 7 10 12 10 6 5 6 9 14 8 2 0 3 7 7 5 8 8 9 9 9 8 7 6 6 3 0 0 1 4 5 5 7 9 11 11 11 13 16 18 16 9 10 10 6 11 14 4 19 17 15 14 15 16 16 16 17 17 20 25 29 30 27 24 19 24 20 24 34 39 46 63 61 82 121 159 184 196 208 217 223 225 226 225 224 223 224 226 230 230 231 232 232 231 231 230 235 235 235 235 235 236 237 237 234 236 238 238 237 236 237 239 240 243 242 237 236 237 235 232 238 239 239 240 240 239 238 238 241 238 238 241 242 240 241 245 243 238 234 236 242 245 244 241 244 243 242 242 243 244 242 240 247 249 246 240 239 243 246 246 244 244 245 246
217 217 217 218 219 219 220 220 218 218 219 219 219 219 219 219 221 221 221 221 221 221 221 220 221 221 221 221 221 221 221 221 220 220 220 220 221 221 221 221 222 221 221 220 220 221 221 222 225 223 222 222 223 225 224 223 224 224 223 223 223 222 222 222 222 223 223 224 225 226 226 227 224 224 224 224 224 224 224 224 220 222 224 224 222 220 217 217 219 218 217 216 214 216 218 220 223 221 219 217 216 216 217 217 220 219 218 218 218 219 219 220 217 217 217 217 217 217 217 217 219 219 219 218 218 217 217 217 220 219 217 217 217 218 219 220 220 219 219 217 216 215 215 214 214 194 175 110 48 40 34 22 25 22 19 20 23 24 22 20 24 22 20 19 20 20 19 18 19 18 16 13 12 13 18 22 29 26 23 23 25 26 23 20 18 18 17 17 17 18 18 19 16 15 15 15 16 14 11 8 7 9 10 10 10 11 14 16 9 12 12 7 5 8 11 10 8 10 11 11 9 8 8 9 4 4 4 4 6 7 9 10 12 10 8 8 9 10 9 8 8 10 11 12 11 11 12 14 15 17 18 17 16 16 17 19 14 16 15 12 12 16 17 15 18 17 16 15 13 12 11 10 7 11 11 9 11 16 18 16 12 12 11 9 8 7 6 5 10 6 6 9 9 5 5 8 6 6 5 3 2 3 6 9 8 7 6 6 5 6 6 7 6 8 11 11 9 8 8 8 7 6 7 9 8 6 8 13 9 7 5 4 4 5 7 9 7 8 9 8 7 6 7 8 13 8 3 1 4 7 8 8 7 8 9 9 9 8 6 5 6 4 2 2 4 6 6 6 7 9 11 11 12 13 17 19 19 11 13 13 8 11 15 9 18 18 17 17 16 17 17 17 17 18 20 24 28 29 28 26 27 29 24 26 36 40 45 62 64 84 121 156 179 193 205 214 220 222 224 225 225 226 228 230 229 230 230 231 231 231 231 230 234 234 235 235 236 236 236 236 234 236 238 238 237 237 237 238 234 238 239 237 237 240 239 236 238 239 239 239 239 238 237 237 240 237 238 242 242 240 241 244 242 239 236 237 240 243 243 242 243 242 241 242 243 243 241 239 244 245 242 237 236 241 243 242 242 242 243 244
218 218 218 218 218 218 218 219 217 217 217 218 219 219 220 220 219 220 221 222 223 222 221 220 220 220 219 219 219 219 220 220 220 220 220 220 220 220 220 220 220 220 219 219 219 219 220 220 224 222 220 221 224 226 225 224 223 223 223 222 222 222 221 221 224 224 224 224 224 224 224 225 224 224 224 224 224 224 224 224 219 222 224 224 222 221 218 219 218 217 217 217 215 216 217 218 222 221 218 215 214 214 215 215 217 217 216 216 217 218 220 221 218 218 218 218 218 218 218 218 219 219 219 218 218 217 217 217 219 218 218 217 217 218 218 219 219 218 218 217 216 216 216 216 210 195 175 101 37 37 35 21 26 22 19 20 23 24 20 17 23 21 19 20 21 21 18 15 16 17 18 17 16 15 17 18 28 24 20 20 24 26 24 22 21 21 20 19 18 16 15 14 17 16 16 16 17 15 12 9 9 10 11 10 9 10 12 14 6 10 9 5 3 7 10 10 6 8 10 10 8 8 8 9 6 5 4 4 5 6 8 9 15 12 10 9 10 11 11 10 9 12 14 13 12 11 12 14 18 19 20 19 18 18 19 21 13 16 16 14 15 18 19 16 18 17 16 15 13 12 11 10 8 11 11 9 10 14 15 13 13 12 10 8 7 7 7 8 13 9 9 12 11 8 7 10 9 6 3 1 2 4 6 6 11 10 8 6 5 5 5 6 8 10 12 12 11 10 10 11 10 9 11 14 12 8 9 13 11 10 8 7 7 8 10 11 7 6 5 6 7 8 7 6 8 7 6 6 8 8 8 8 8 7 6 5 5 5 5 6 8 7 6 7 9 10 9 8 5 7 9 10 10 12 15 18 21 14 17 17 9 11 17 15 18 19 20 20 20 19 19 20 19 20 22 24 25 25 25 26 29 31 24 27 38 42 47 63 83 101 134 164 185 196 208 217 219 221 223 224 224 225 228 230 228 229 230 231 231 231 231 231 234 234 235 235 236 236 236 236 233 236 238 239 238 237 237 238 231 235 237 236 238 241 241 237 239 239 239 239 239 238 237 236 238 236 238 243 244 240 240 242 242 241 240 239 239 241 242 243 242 241 241 242 243 243 240 238 241 242 239 235 235 240 241 239 242 242 242 243
219 218 218 218 218 218 217 217 215 216 216 217 218 219 220 221 217 219 221 223 224 223 221 220 219 218 218 217 217 218 218 219 221 221 221 220 220 219 219 219 220 219 218 218 218 218 219 220 223 221 219 220 224 227 226 224 223 223 223 222 222 221 221 220 226 226 225 224 224 223 222 222 224 224 224 224 224 224 224 222 219 221 224 224 223 222 220 220 216 216 217 217 217 216 218 218 222 220 217 214 213 213 213 214 215 215 214 215 216 218 220 221 218 218 218 218 218 218 218 218 219 219 219 218 218 217 217 217 219 219 219 218 218 217 217 217 218 218 217 216 216 216 217 217 197 197 184 100 24 25 34 27 28 24 21 22 26 26 21 16 21 20 19 20 22 21 17 13 14 18 22 24 22 19 17 19 25 20 17 16 23 25 26 22 27 24 25 21 20 14 12 8 8 8 8 10 12 12 10 8 10 11 11 10 8 8 9 11 4 7 7 2 1 6 9 10 3 6 8 8 7 7 8 9 10 9 8 7 6 7 8 9 11 8 5 5 6 7 7 6 9 11 14 11 11 8 11 11 8 8 11 9 10 9 14 14 4 8 10 8 9 13 13 10 14 14 14 14 14 14 14 14 9 12 12 9 9 12 13 10 14 12 9 7 6 7 8 10 10 7 6 9 8 5 4 7 14 9 4 3 5 8 8 6 17 15 12 7 7 4 4 4 5 7 8 8 7 6 6 7 6 6 8 11 9 4 4 7 8 7 5 3 3 5 7 8 7 4 2 4 8 9 8 5 3 6 9 11 11 10 8 7 9 6 3 0 0 2 4 6 4 3 3 5 7 7 6 4 3 5 7 8 8 10 14 16 16 10 14 14 4 4 12 12 17 20 22 23 23 22 21 21 21 23 25 24 22 21 23 25 29 29 25 27 39 44 52 66 99 115 144 172 190 200 211 219 223 222 224 224 222 222 224 225 227 228 229 230 231 232 232 231 233 234 235 236 236 236 236 235 233 236 238 239 238 237 237 238 233 237 239 237 237 240 239 235 239 239 239 239 239 237 236 236 237 236 238 244 244 241 239 241 242 242 242 240 239 239 241 243 242 241 241 242 243 242 240 237 244 245 243 240 241 245 245 242 243 243 244 244
220 219 219 218 218 217 217 216 216 217 217 218 218 219 219 220 218 218 218 219 219 220 220 220 219 219 219 219 219 219 219 219 216 217 219 220 221 220 220 219 218 218 218 219 219 220 220 220 221 221 221 222 223 224 225 226 223 222 222 221 221 222 222 223 221 222 222 223 223 224 224 225 222 222 222 222 222 222 222 222 219 218 219 220 219 218 217 216 216 216 217 219 219 218 219 219 219 218 216 214 213 213 213 214 211 213 216 217 217 218 220 222 216 218 221 221 220 218 218 219 220 219 218 218 220 220 219 218 220 220 221 221 221 221 222 222 218 220 218 216 217 221 219 215 192 188 142 68 27 30 33 20 22 22 23 24 24 25 26 26 16 17 19 20 19 18 17 16 12 16 21 22 20 21 24 30 26 21 18 21 29 31 29 23 22 22 23 22 22 19 18 15 11 10 11 12 13 14 14 14 9 11 13 12 10 9 8 9 4 11 17 14 6 2 6 12 4 9 13 13 8 6 8 11 8 8 8 8 8 8 8 8 6 6 7 8 9 10 10 11 9 7 8 6 10 10 12 9 11 11 16 15 17 14 16 16 12 12 12 13 13 13 14 14 7 7 8 11 14 16 16 15 8 9 12 13 14 13 11 10 11 11 10 10 9 8 7 7 6 5 4 3 3 4 6 7 10 8 7 8 4 2 5 14 14 14 14 12 14 12 12 12 10 11 9 9 8 6 4 3 3 5 8 10 11 9 7 5 10 9 9 8 7 7 7 7 2 5 4 0 0 6 10 11 3 5 8 11 12 11 8 7 5 6 6 7 7 6 6 5 10 6 3 3 6 8 7 5 3 6 11 15 17 19 21 22 13 12 11 10 10 10 10 11 12 19 17 17 24 21 15 20 19 20 23 25 27 29 30 30 32 34 29 34 45 47 58 80 97 124 159 182 195 203 209 211 216 219 223 226 227 229 232 234 233 233 233 234 234 235 235 235 233 234 234 235 235 234 234 233 232 233 234 236 237 238 238 238 232 232 233 235 237 238 236 235 238 239 239 239 239 238 237 236 227 230 234 236 237 237 238 239 234 238 242 240 236 234 237 242 241 241 241 241 240 239 238 237 244 244 243 241 239 239 241 243 244 245 246 247
219 219 218 218 218 218 218 217 217 218 218 218 218 218 219 219 218 218 218 219 219 220 220 220 219 219 219 219 219 219 219 219 217 218 219 220 221 220 220 219 218 218 218 219 219 220 220 220 222 221 221 222 223 224 225 226 223 222 222 221 221 222 222 223 222 222 223 223 223 223 224 224 222 222 222 222 222 222 222 222 218 219 220 220 220 219 217 216 216 217 218 218 219 218 218 218 219 218 216 214 213 213 214 215 213 215 217 218 217 218 220 222 216 219 221 221 220 218 218 219 220 219 218 218 220 221 219 218 221 221 221 220 220 219 219 218 217 219 219 216 217 220 217 212 194 180 132 67 32 35 37 26 27 27 26 26 26 26 26 24 16 15 18 18 18 17 17 16 15 16 19 19 18 18 22 23 27 22 18 21 27 30 27 22 26 26 26 26 25 23 21 18 15 14 14 13 12 11 10 9 8 9 10 8 6 6 7 9 6 11 14 12 7 4 8 13 6 10 14 13 9 7 9 11 9 9 8 7 7 7 7 7 6 7 7 8 9 10 11 11 6 6 7 7 8 8 8 9 9 11 13 14 14 14 14 14 12 12 12 13 13 14 14 15 13 12 11 13 15 16 15 14 8 9 11 12 12 12 11 10 10 10 8 7 6 6 6 6 11 10 8 7 7 7 8 9 8 6 7 9 6 3 6 14 9 10 10 10 11 11 9 9 10 11 10 10 10 8 6 5 2 4 7 9 9 8 6 4 12 10 9 7 7 8 9 10 6 9 9 4 3 8 12 13 6 7 8 8 7 6 3 2 5 6 6 7 7 6 6 5 8 6 5 5 6 7 7 6 3 5 9 11 14 15 17 18 15 14 13 11 11 11 11 12 10 17 15 15 22 20 14 19 17 18 20 22 23 24 25 25 28 29 27 30 42 45 61 85 103 129 164 186 197 208 214 218 218 221 225 227 228 229 231 233 232 232 232 233 233 233 234 234 233 234 235 235 235 235 234 233 233 234 235 236 237 237 237 237 235 234 233 233 234 235 236 236 238 238 238 238 237 235 234 233 230 233 236 238 238 237 237 237 236 238 240 239 236 235 237 239 240 241 241 241 240 239 238 237 244 242 241 239 240 240 241 242 242 243 245 246
218 218 218 218 219 219 219 219 219 219 219 219 218 218 218 218 219 219 219 219 220 220 220 220 219 219 219 219 219 219 219 219 218 218 219 220 220 220 220 219 219 219 219 219 220 220 220 220 222 222 222 222 223 224 225 226 223 223 222 222 222 222 223 223 224 224 223 223 223 223 222 222 222 222 222 222 222 222 222 222 220 221 221 221 221 220 218 218 217 218 218 218 218 217 216 216 219 218 216 215 214 214 215 216 217 218 220 219 218 218 219 221 218 219 221 221 219 218 219 219 221 219 218 219 220 221 220 218 222 222 221 220 219 217 216 216 216 219 220 218 219 219 215 208 192 164 112 58 32 32 31 23 25 24 24 23 22 21 20 18 17 15 17 17 16 16 17 17 20 18 19 19 19 19 20 18 26 21 18 19 24 26 23 20 22 22 22 21 20 18 17 16 17 15 14 14 12 10 9 8 9 10 9 7 5 5 7 10 10 10 11 9 8 8 11 14 4 7 10 10 6 5 6 8 6 6 5 5 5 7 9 10 7 7 8 8 9 10 10 11 2 5 9 9 6 5 6 8 9 10 11 13 14 14 14 13 11 11 12 13 14 15 16 16 16 14 12 12 13 13 11 9 8 9 9 9 10 10 10 10 10 9 7 5 4 4 5 6 9 8 7 6 5 5 5 6 5 4 6 10 9 6 7 13 7 8 8 9 10 10 7 7 10 11 10 11 11 10 8 7 4 5 8 9 10 9 7 6 8 7 5 4 4 6 8 10 5 8 7 2 1 5 8 8 7 7 7 6 5 4 4 3 5 5 6 6 6 6 5 5 4 6 7 7 6 5 5 6 6 7 8 10 12 14 16 16 14 13 11 9 8 8 8 9 9 16 15 15 22 20 15 20 18 18 19 20 20 21 22 22 21 23 22 26 39 44 65 93 113 138 171 191 202 213 221 225 221 224 227 228 228 229 230 232 231 231 232 232 232 233 233 233 234 234 235 236 236 235 234 234 235 236 236 237 237 237 236 235 237 236 234 233 233 235 237 239 238 238 237 236 235 233 231 230 232 235 239 241 240 237 236 236 239 239 240 239 238 237 236 236 240 241 241 241 241 240 240 239 244 241 237 238 241 243 243 241 242 242 244 246
217 217 218 218 219 220 220 220 220 220 220 219 218 218 217 217 219 220 220 220 220 220 220 220 220 220 220 220 220 220 220 220 219 219 220 220 220 220 220 220 219 220 220 220 220 220 220 220 222 222 222 222 222 223 224 225 224 223 222 222 222 222 223 224 225 224 224 223 223 222 222 221 222 222 222 222 222 222 222 222 222 222 222 222 221 220 219 219 218 218 219 219 218 217 216 215 220 218 217 215 215 215 216 217 220 221 222 221 219 218 219 220 219 221 222 221 219 218 219 220 221 220 218 219 221 221 220 219 222 222 221 221 220 219 218 218 218 221 223 221 221 220 213 205 190 150 95 51 32 28 25 20 21 21 21 20 19 18 18 16 17 15 16 15 14 14 17 17 23 20 19 20 22 23 22 19 26 22 18 18 21 23 21 18 20 20 20 19 17 16 15 12 14 12 13 13 13 12 11 10 10 11 12 11 9 8 9 10 12 10 8 7 9 11 13 14 6 8 10 9 7 6 7 9 3 2 2 3 5 8 11 13 6 6 7 7 8 8 9 9 0 5 10 10 5 2 3 6 10 9 9 11 13 14 13 12 11 11 12 13 14 15 16 17 19 17 15 14 14 14 12 10 9 8 8 8 8 9 10 11 11 9 7 5 4 5 6 7 6 6 5 5 6 6 6 6 3 3 6 11 12 9 8 13 9 11 11 12 13 12 10 9 8 10 9 10 10 10 8 8 6 7 9 11 11 10 9 8 6 6 6 7 7 8 9 10 6 9 7 2 0 2 5 4 7 6 6 6 6 8 10 11 4 5 6 6 6 6 5 4 2 6 9 9 6 4 5 7 12 11 11 12 14 16 17 16 16 14 12 10 8 9 10 10 11 17 15 15 23 21 17 22 21 21 21 20 20 21 21 21 20 22 21 23 35 42 66 98 122 146 177 195 205 216 225 230 224 227 229 230 229 229 230 231 232 232 233 233 233 234 234 234 235 235 236 236 236 236 235 235 239 239 239 239 239 238 237 236 236 236 237 237 237 238 240 242 240 239 238 237 235 232 230 229 231 235 240 242 241 239 238 237 243 241 241 241 242 240 238 235 242 243 243 244 244 243 242 242 246 241 237 238 244 247 246 242 244 244 245 246
218 218 218 219 220 220 221 221 221 221 220 220 219 218 218 218 221 220 220 220 220 220 220 220 220 220 220 220 220 220 220 220 221 221 220 220 220 220 220 220 221 220 220 220 220 220 220 220 223 223 222 222 222 223 224 225 224 224 223 222 222 223 224 224 225 224 224 223 223 222 222 221 222 222 222 222 222 222 222 222 224 224 223 221 221 220 219 219 219 219 220 219 219 218 217 216 220 219 217 216 216 216 217 218 221 222 223 222 219 218 218 219 221 222 222 221 219 218 219 220 221 220 219 219 221 222 220 219 222 222 222 222 222 222 222 222 220 224 225 223 222 220 212 203 184 141 87 51 37 32 29 26 22 22 22 22 22 22 22 20 17 14 15 14 13 14 16 16 21 18 18 19 23 24 24 22 26 23 19 18 20 21 20 19 24 23 22 21 19 18 18 16 14 12 13 13 13 12 11 10 8 10 13 13 11 9 8 8 12 9 6 6 9 12 13 13 10 11 11 11 10 10 11 12 5 5 4 4 5 6 8 9 5 6 6 6 6 7 7 7 0 5 10 10 5 1 3 5 10 9 7 9 12 14 13 11 12 12 13 14 15 16 16 17 23 20 18 17 17 18 17 16 9 8 8 8 8 9 10 11 12 11 10 8 7 7 8 8 7 8 9 10 11 12 12 13 3 2 5 12 14 11 9 12 11 13 14 15 15 14 10 9 7 8 8 9 9 8 7 6 5 6 7 9 9 9 8 7 7 9 11 13 13 13 11 10 10 13 12 6 4 6 7 6 7 6 5 4 5 7 9 11 4 4 5 6 6 5 4 4 2 6 9 9 6 4 5 7 14 12 12 13 16 18 16 15 20 18 15 13 12 13 14 16 10 17 14 13 20 19 15 21 23 22 21 20 19 20 20 21 22 25 24 24 32 38 64 98 127 150 180 197 206 217 225 230 227 229 231 231 230 229 230 231 234 234 234 235 235 235 236 236 236 236 237 237 237 237 236 236 241 241 242 241 241 240 238 238 231 236 241 243 243 242 243 244 242 242 241 239 236 234 231 230 230 234 239 241 241 241 240 241 244 243 243 244 244 243 239 237 245 246 246 246 246 245 244 244 249 244 240 241 246 250 248 245 248 248 247 246
219 219 219 219 220 220 220 220 220 220 220 220 219 219 219 219 221 221 221 221 220 220 220 220 221 221 221 221 221 221 221 221 222 222 221 220 220 220 220 221 221 221 221 221 220 220 220 220 224 223 223 222 222 223 224 224 224 224 223 223 223 223 224 224 224 224 223 223 223 223 222 222 222 222 222 222 222 222 222 222 225 224 222 221 220 219 219 219 220 220 220 221 220 220 219 218 220 219 218 217 217 217 219 220 221 222 223 221 219 217 218 219 222 223 223 221 219 218 219 221 222 220 219 220 221 222 221 219 222 222 222 223 223 223 224 224 222 225 226 223 220 218 210 201 170 130 81 47 35 32 31 30 20 20 21 21 21 21 21 19 15 13 14 14 14 13 15 15 15 14 16 18 20 21 23 22 26 23 19 18 19 20 21 21 22 21 20 18 17 16 16 14 15 15 14 14 12 10 9 8 6 8 10 10 8 7 6 7 11 9 7 7 8 10 10 10 8 7 6 6 6 6 7 8 11 10 9 8 6 4 3 2 6 6 6 6 6 6 6 7 2 6 9 8 5 3 3 5 11 8 6 7 11 13 12 10 14 14 14 14 15 15 15 15 18 16 13 12 13 14 14 14 8 9 9 9 10 10 10 10 13 13 12 12 11 10 9 9 6 7 8 10 11 12 12 12 5 3 5 11 14 11 9 12 12 14 14 15 14 12 7 6 8 8 8 8 8 7 6 5 3 3 4 5 6 6 5 5 4 6 8 10 10 9 7 6 8 11 11 6 3 4 5 3 8 7 5 3 2 3 3 4 4 4 5 5 5 5 4 4 4 6 7 7 6 5 5 6 12 11 11 14 17 18 15 11 16 14 11 9 8 10 13 14 10 16 12 11 17 16 12 18 23 22 20 18 18 19 20 20 24 28 27 25 30 34 60 95 128 151 181 198 205 216 223 228 228 230 232 232 231 230 231 232 235 235 235 236 236 236 237 237 236 237 238 238 238 238 237 236 242 242 242 242 241 240 239 239 230 236 243 246 245 243 243 244 243 243 242 240 238 235 233 232 230 233 237 239 240 240 242 243 242 243 245 246 245 243 240 239 248 248 248 248 247 246 244 243 250 247 243 244 247 249 249 247 250 250 248 246
221 220 220 220 220 220 219 219 219 219 220 220 220 220 220 221 222 222 222 221 221 220 220 220 221 221 221 221 221 221 221 221 223 222 221 220 219 220 220 221 222 222 222 221 221 220 220 220 224 223 223 222 222 223 223 224 225 224 224 223 223 224 224 225 222 222 223 223 223 223 224 224 222 222 222 222 222 222 222 222 225 224 222 220 218 218 218 218 220 220 221 222 222 222 221 221 220 219 218 217 217 218 220 221 220 221 222 221 218 217 218 219 223 224 223 221 218 218 219 221 222 221 219 220 222 222 221 220 223 223 222 222 222 222 222 222 223 225 224 220 217 214 207 198 161 129 83 46 30 28 27 25 20 20 20 19 18 18 17 15 13 12 14 15 15 13 14 13 14 15 19 19 19 19 22 24 24 21 18 16 17 19 20 21 18 16 14 12 11 11 11 11 13 14 14 13 12 11 10 9 10 10 9 6 5 5 8 10 8 8 8 8 7 7 7 8 6 4 3 2 3 4 5 5 10 10 11 10 9 6 3 1 8 8 8 8 8 8 8 8 6 7 7 6 5 5 4 4 11 7 4 6 10 13 12 10 16 16 15 15 15 14 14 14 17 14 10 9 9 10 10 10 8 9 11 12 12 12 11 10 12 12 13 14 13 11 9 7 7 7 8 9 9 8 7 6 8 4 4 10 14 12 9 12 14 16 16 16 15 11 6 3 10 11 9 10 9 7 6 4 4 5 5 6 6 6 6 6 6 6 5 4 4 4 5 5 4 8 8 3 1 2 3 1 7 6 5 4 3 3 3 3 3 4 4 5 5 4 4 3 8 6 5 5 6 7 7 6 12 11 12 16 21 21 16 11 13 11 8 6 6 9 12 14 14 20 15 13 19 17 13 19 25 23 21 20 20 20 22 23 22 28 28 25 27 30 56 92 129 152 182 199 206 215 221 225 228 230 233 233 232 231 232 233 234 234 235 235 235 236 236 236 237 237 238 239 239 238 237 237 239 240 240 240 240 240 239 238 233 238 244 245 241 239 240 243 243 242 242 240 238 236 234 233 233 235 237 237 237 238 240 243 237 241 246 246 243 240 239 240 249 248 248 247 245 244 242 241 249 248 246 245 245 246 247 248 250 249 247 246
222 221 221 220 220 219 219 218 218 219 219 220 220 221 221 222 222 222 222 221 221 220 220 220 221 221 221 221 221 221 221 221 224 223 221 220 219 220 220 221 222 222 222 221 221 220 220 220 224 224 223 222 222 222 223 223 225 224 224 223 223 224 224 225 221 222 222 223 223 224 224 225 222 222 222 222 222 222 222 222 225 224 221 219 218 217 218 218 220 221 222 223 223 223 223 223 220 219 218 217 218 219 220 221 219 220 221 220 218 217 218 219 224 224 223 221 218 218 219 221 222 221 220 220 222 222 221 220 224 223 223 222 220 219 219 218 222 224 222 217 214 211 204 196 165 138 93 52 31 27 25 21 27 26 25 23 21 20 19 16 11 11 15 16 15 13 13 11 16 19 23 23 20 19 23 26 24 21 18 17 17 19 22 23 21 19 17 15 14 14 14 15 9 10 11 12 13 14 14 14 16 14 10 5 3 6 12 16 6 8 10 9 6 5 5 6 12 10 8 7 8 10 10 10 4 6 9 11 12 10 7 6 11 11 10 10 10 10 10 10 10 7 5 5 6 6 6 4 12 7 3 5 10 13 12 9 17 17 16 15 15 14 13 13 24 20 16 14 14 14 14 13 8 9 12 13 14 13 11 10 10 12 14 15 14 11 8 6 13 13 14 14 12 10 8 6 10 5 4 9 13 11 9 12 17 19 19 19 16 12 6 4 12 13 11 11 10 8 6 5 8 8 9 9 9 10 10 10 17 14 9 6 5 7 11 13 7 11 11 7 4 6 6 5 4 4 5 6 7 7 8 8 3 4 4 5 5 4 4 3 10 6 3 3 6 8 7 5 14 13 15 21 26 26 19 13 17 15 13 11 12 15 19 21 20 25 20 17 22 20 16 22 28 27 25 23 23 24 26 28 20 27 28 24 26 27 54 90 129 152 183 199 206 214 220 223 228 231 233 233 233 232 233 234 233 233 233 234 234 235 235 235 237 238 238 239 239 238 238 237 237 237 238 239 239 238 238 237 237 241 244 242 237 235 237 241 241 241 241 240 238 236 234 233 236 237 237 236 235 236 238 241 233 239 245 245 241 237 238 241 248 248 247 246 244 241 239 238 248 248 248 246 243 243 245 247 248 247 246 245
219 219 219 219 219 219 219 219 217 219 220 221 221 219 217 215 219 219 219 219 219 219 219 219 217 216 218 220 223 224 222 220 220 220 220 220 220 220 220 220 221 221 221 221 221 221 221 221 223 222 222 222 222 223 224 225 223 223 223 224 224 225 225 225 223 224 224 225 225 224 224 223 223 223 223 223 223 223 223 223 223 220 221 224 223 219 218 220 218 218 219 220 222 223 224 224 217 217 218 218 219 220 220 220 219 219 219 219 219 219 219 219 215 218 221 223 222 220 220 220 222 221 221 220 220 221 221 222 224 222 221 219 219 220 221 222 220 222 226 221 210 210 206 189 165 131 99 49 24 35 28 17 20 20 20 21 21 22 23 21 15 12 14 15 16 16 15 12 12 13 16 18 20 22 25 26 20 18 16 17 20 23 24 24 14 19 21 16 13 15 16 16 13 12 11 10 9 8 8 8 11 11 11 11 12 13 14 15 2 6 10 11 10 7 5 4 8 8 8 8 8 8 7 7 5 6 6 7 7 6 6 5 5 2 3 6 7 4 5 8 4 4 5 6 7 7 7 6 1 3 5 8 10 12 13 13 12 13 13 14 14 13 13 12 20 18 16 14 13 13 13 14 8 8 9 12 16 17 14 11 14 15 17 18 17 14 10 8 9 8 8 7 7 8 8 9 11 10 10 11 12 11 9 8 8 12 14 14 12 10 7 6 15 15 12 11 10 9 8 7 7 7 6 5 4 7 11 15 9 11 12 9 6 5 9 12 10 13 12 7 4 6 7 6 7 8 9 9 8 7 5 4 6 7 8 9 9 7 6 5 4 6 9 10 9 8 9 9 8 9 13 20 27 28 22 16 11 12 11 10 9 10 14 17 11 12 14 18 20 20 17 14 20 20 21 22 23 24 24 25 19 20 18 21 33 37 55 80 115 150 190 208 213 219 222 221 226 228 231 234 235 235 234 233 231 232 234 235 236 235 234 233 235 235 235 236 236 236 237 237 241 240 239 240 242 241 240 238 236 236 237 239 239 239 239 239 242 242 242 241 239 237 235 234 229 232 236 238 238 241 246 251 234 237 237 236 240 246 244 236 238 248 255 255 246 240 242 248 248 246 243 241 241 242 245 247 241 242 245 248
219 219 219 219 219 219 219 219 218 220 221 222 221 220 218 216 220 220 220 220 220 220 220 220 219 219 219 221 224 224 223 221 220 220 220 220 220 220 220 220 221 221 221 221 221 221 221 221 224 224 223 223 224 224 225 226 223 223 223 224 224 225 225 225 223 224 224 225 225 224 224 223 224 224 224 224 224 224 224 224 224 221 222 225 224 220 219 222 221 221 221 221 221 221 221 221 219 219 219 220 220 220 220 220 219 219 219 219 219 219 219 219 216 219 222 223 222 220 220 220 221 221 220 220 220 220 221 221 223 223 222 221 221 221 221 221 219 219 222 218 210 214 214 199 191 145 102 51 24 30 23 17 22 22 21 20 19 17 17 14 13 10 12 13 14 14 13 11 13 14 17 18 20 21 24 25 15 13 11 12 15 18 19 19 13 17 18 13 10 13 15 14 13 12 10 9 8 9 9 10 9 9 8 8 8 8 8 9 6 8 9 9 8 7 7 8 10 10 10 10 10 10 10 11 5 6 6 7 7 6 6 5 4 2 2 5 6 3 4 7 7 7 8 9 10 10 9 9 4 5 5 6 7 8 9 9 14 15 15 16 16 15 15 14 20 19 17 15 14 13 12 12 11 10 11 13 16 16 12 9 14 15 17 17 16 13 10 8 8 7 7 6 6 7 7 8 12 10 8 8 10 11 11 12 12 15 16 15 12 10 8 8 7 7 5 6 6 6 6 7 8 9 8 7 6 8 11 14 9 9 8 6 4 4 6 8 9 11 10 4 0 2 3 2 6 6 7 7 6 6 5 5 9 9 9 7 6 4 2 1 6 7 7 6 5 5 8 10 7 8 12 17 21 21 18 14 13 13 13 12 11 12 16 19 11 11 12 15 17 18 15 13 18 18 18 18 17 17 17 17 19 22 20 19 27 29 51 81 109 144 185 206 215 224 225 223 222 224 228 232 235 236 237 237 232 233 234 236 236 236 235 234 235 235 235 236 236 237 237 238 239 238 238 239 241 241 240 238 236 237 238 239 239 239 239 239 241 241 240 240 239 237 236 235 244 245 246 242 237 234 236 238 239 241 241 238 240 244 241 234 245 249 252 251 247 243 242 242 244 244 243 243 244 246 249 251 242 243 244 245
219 219 219 219 219 219 219 219 220 221 222 222 222 221 219 218 221 221 221 221 221 221 221 221 222 221 221 222 224 224 222 220 220 220 220 220 220 220 220 220 221 221 221 221 221 221 221 221 225 224 224 224 224 225 226 227 223 223 223 224 224 225 225 225 223 224 224 225 225 224 224 223 224 224 224 224 224 224 224 224 225 222 223 226 225 222 221 223 224 223 223 222 220 219 219 218 222 221 221 221 221 221 220 220 219 219 219 219 219 219 219 219 219 221 224 224 222 220 220 220 220 220 219 219 219 219 220 220 223 223 223 223 223 222 221 221 221 219 220 215 209 216 217 204 173 117 76 40 24 30 25 26 29 28 26 24 21 19 17 14 17 14 15 16 17 17 17 15 14 15 17 18 19 20 23 23 16 12 10 11 14 17 18 18 16 19 18 13 11 14 17 17 13 12 10 8 8 9 11 12 12 12 11 10 9 9 8 8 10 10 10 8 7 7 10 12 8 9 9 10 10 11 12 12 6 6 7 7 7 7 6 6 8 5 5 8 9 6 6 9 8 8 9 10 10 10 10 9 8 7 6 4 4 5 6 6 14 15 15 16 16 15 15 14 16 16 16 16 16 15 14 13 14 13 13 14 15 14 11 9 14 15 16 17 16 13 10 8 7 7 6 6 6 6 7 7 12 10 7 7 9 12 13 16 15 17 16 14 12 11 10 11 8 8 7 7 7 8 8 8 7 8 9 8 7 7 8 10 15 12 9 8 8 9 8 8 9 12 11 4 1 3 4 3 5 5 5 4 5 5 6 7 10 9 7 5 4 3 2 2 9 8 7 4 2 3 7 10 11 15 19 21 21 20 19 19 14 14 15 14 13 15 18 21 18 17 16 18 20 21 21 19 23 22 21 20 18 17 16 15 18 23 21 17 21 22 45 78 110 141 180 200 211 223 228 227 222 224 227 231 234 235 236 236 234 234 235 236 237 236 236 236 234 234 235 236 237 238 239 239 239 238 238 239 241 242 242 241 237 237 238 239 239 239 239 238 239 239 239 238 238 237 237 237 243 244 245 243 238 237 239 242 240 242 242 241 242 244 241 236 250 247 245 247 251 252 248 244 244 244 245 246 247 248 249 250 248 247 246 245
219 219 219 219 219 219 219 219 221 222 222 223 222 221 220 219 222 222 222 222 222 222 222 222 224 222 221 221 223 222 221 219 220 220 220 220 220 220 220 220 221 221 221 221 221 221 221 221 224 223 223 223 223 224 225 226 223 223 223 224 224 225 225 225 223 224 224 225 225 224 224 223 225 225 225 225 225 225 225 225 224 221 222 225 225 221 221 223 224 223 223 222 220 219 219 218 224 223 223 222 222 221 221 220 220 220 219 219 219 219 218 218 221 223 224 224 221 220 219 220 220 219 219 218 218 219 219 220 222 223 224 225 225 223 222 220 224 221 222 216 208 213 211 195 132 74 43 30 27 33 27 31 28 27 26 24 23 21 20 17 18 15 16 16 17 17 18 16 15 16 18 18 18 19 21 19 17 13 12 13 15 18 19 19 19 20 18 12 11 15 18 18 13 11 9 8 8 10 12 14 11 11 12 11 11 10 9 9 11 11 12 10 9 9 11 13 5 6 6 7 8 9 10 11 6 6 7 8 8 7 6 6 8 5 5 8 8 5 5 8 6 7 7 8 8 8 7 7 10 9 6 4 3 4 6 7 12 13 13 14 14 13 13 12 12 13 15 17 18 18 17 17 14 14 14 15 15 14 12 11 14 15 16 16 15 12 10 8 9 8 8 7 7 8 8 9 9 8 7 8 11 14 14 16 14 16 14 12 10 11 12 15 14 14 11 10 8 7 7 6 4 6 8 8 7 5 5 5 17 13 8 7 9 11 9 7 6 9 8 3 0 3 5 4 6 5 4 4 5 6 8 9 7 6 5 4 4 6 7 8 10 10 8 6 4 4 6 9 13 20 27 28 24 20 19 20 13 14 15 15 15 16 19 21 23 21 19 19 22 23 24 23 24 24 22 21 20 18 17 16 19 22 19 17 22 22 40 69 109 142 180 197 204 216 226 230 226 227 229 230 231 232 232 231 235 235 236 236 237 237 237 237 234 234 235 236 237 238 239 240 241 239 239 240 243 244 245 244 238 238 239 240 240 239 239 238 238 238 237 237 237 238 238 238 235 238 241 241 239 240 244 248 238 240 241 242 244 245 244 242 249 245 242 246 253 255 255 253 247 247 248 248 248 246 245 243 254 253 250 247
219 219 219 219 219 219 219 219 222 222 222 222 221 221 220 220 222 222 222 222 222 222 222 222 224 222 220 220 220 221 219 218 220 220 220 220 220 220 220 220 221 221 221 221 221 221 221 221 222 222 221 221 221 222 223 224 223 223 223 224 224 225 225 225 223 224 224 225 225 224 224 223 225 225 225 225 225 225 225 225 222 219 220 224 224 220 220 222 221 221 221 221 221 221 221 221 224 224 223 223 222 221 221 221 220 220 220 219 219 218 218 218 221 222 223 223 220 219 219 220 220 219 219 218 218 219 219 220 222 223 224 225 225 223 222 220 222 220 222 217 209 210 203 183 129 67 37 29 29 32 23 28 18 18 18 18 19 19 19 17 14 10 11 11 12 12 13 12 16 16 18 18 18 18 20 18 16 12 10 11 14 16 18 18 15 15 12 7 7 12 14 12 13 12 10 9 9 11 13 14 5 6 7 8 8 8 8 7 9 11 13 13 12 11 11 12 5 6 6 7 8 9 10 11 6 7 8 8 8 8 7 6 5 2 2 5 5 2 2 5 6 7 7 8 8 7 6 6 10 8 6 5 5 7 9 11 12 13 13 14 14 13 13 12 13 14 16 18 18 18 17 16 13 13 15 15 15 15 15 15 15 15 15 15 13 12 10 8 11 10 10 9 9 10 10 11 6 7 9 12 15 16 14 13 11 12 11 10 9 12 14 18 12 11 9 8 6 5 4 4 5 7 10 11 9 7 6 6 12 8 4 3 5 6 5 3 1 4 4 0 0 3 5 5 8 7 6 6 7 8 10 11 8 8 7 6 6 8 10 11 9 10 11 11 8 7 7 8 10 18 27 29 23 17 14 15 12 14 15 16 15 16 19 21 21 19 16 16 18 20 20 20 19 19 19 18 17 17 17 16 21 20 16 18 28 28 39 59 94 135 183 203 206 215 223 229 227 228 229 230 231 231 231 231 235 235 235 236 236 237 237 238 235 235 236 237 238 239 239 240 240 238 237 238 241 243 243 243 239 239 240 240 240 239 239 238 238 238 237 237 237 238 239 240 239 241 242 240 237 236 238 241 239 240 242 244 244 243 242 243 244 243 243 245 249 253 255 255 246 247 248 248 247 245 243 241 255 253 250 248
219 219 219 219 219 219 219 219 222 221 221 221 220 220 220 220 222 222 222 222 222 222 222 222 223 221 219 218 219 220 219 218 220 220 220 220 220 220 220 220 221 221 221 221 221 221 221 221 221 221 220 220 221 221 222 223 223 223 223 224 224 225 225 225 223 224 224 225 225 224 224 223 224 224 224 224 224 224 224 224 221 218 219 223 223 220 220 222 219 220 220 221 221 222 222 223 223 223 222 222 222 222 222 221 221 221 220 219 219 218 217 217 219 221 222 221 219 218 219 220 220 220 219 219 219 219 220 220 223 223 223 223 223 222 221 221 216 215 219 217 210 210 199 176 137 72 38 26 25 29 21 27 17 17 18 19 20 21 21 20 15 11 11 11 12 13 14 13 15 15 17 17 18 18 20 18 19 15 13 14 17 19 21 20 15 15 12 8 9 14 14 11 13 12 12 11 11 11 12 12 5 7 9 10 11 11 10 10 9 11 14 14 12 11 11 11 8 9 9 10 10 11 12 12 7 7 8 8 8 8 7 7 10 7 6 9 9 5 5 8 8 8 9 9 9 8 7 6 8 7 7 6 7 9 10 11 14 15 15 16 16 15 15 14 18 18 18 18 17 16 14 13 13 14 16 16 15 15 16 18 15 15 14 14 13 11 9 9 12 12 11 11 11 11 12 12 5 7 10 14 17 17 13 12 10 12 11 10 10 12 14 18 10 10 8 9 9 9 10 10 7 10 12 13 11 10 10 10 11 9 6 5 6 7 8 7 5 9 9 5 4 8 11 10 9 9 8 8 8 9 10 10 12 11 10 9 8 7 7 7 8 10 12 12 11 9 8 9 12 20 27 29 24 17 15 15 11 13 16 17 17 17 20 22 22 19 17 17 18 20 20 20 19 19 19 19 19 19 20 20 22 20 16 21 34 34 41 58 76 124 180 208 215 220 224 225 225 226 228 229 231 233 235 236 235 235 235 234 235 236 237 237 237 237 237 237 238 238 238 238 239 237 235 235 237 239 240 240 240 240 240 241 240 239 239 238 240 239 238 237 237 239 240 241 237 240 241 240 236 236 238 242 243 243 244 246 244 239 238 240 243 244 245 244 243 244 246 248 243 244 245 247 247 247 246 245 249 248 247 246
219 219 219 219 219 219 219 219 221 221 220 219 219 219 219 219 221 221 221 221 221 221 221 221 224 222 219 219 220 221 221 220 220 220 220 220 220 220 220 220 221 221 221 221 221 221 221 221 222 221 221 221 221 222 223 224 223 223 223 224 224 225 225 225 223 224 224 225 225 224 224 223 224 224 224 224 224 224 224 224 221 219 220 224 224 221 221 224 220 220 220 221 221 222 222 222 221 221 221 221 222 222 222 222 221 221 220 219 219 218 217 217 217 219 219 219 217 217 219 221 221 221 220 220 220 220 221 221 223 223 222 221 221 221 221 221 216 215 218 216 209 209 198 174 125 66 37 25 26 32 25 28 24 24 24 23 23 22 22 20 19 15 14 14 15 16 18 17 14 14 16 17 17 18 20 19 21 17 16 17 19 22 23 23 18 18 16 12 14 18 17 13 12 13 13 13 13 11 10 9 10 11 13 15 15 14 12 11 11 12 12 11 10 10 11 13 10 10 10 10 10 10 10 11 7 8 8 9 9 8 8 7 13 10 9 12 11 8 8 10 7 7 8 8 7 6 5 5 6 7 7 7 7 8 8 8 14 15 15 16 16 15 15 14 17 17 17 16 16 17 17 18 15 17 18 17 14 13 15 17 15 15 14 13 12 10 9 9 12 11 11 10 10 11 11 12 8 8 10 13 16 16 13 13 13 15 14 13 12 12 13 15 11 12 10 10 10 11 11 11 6 8 10 10 10 9 10 12 12 12 12 11 10 11 13 16 10 13 13 8 6 9 11 10 8 8 9 9 9 8 7 7 9 9 9 9 8 7 6 6 8 9 10 9 8 8 10 11 17 20 24 24 20 17 16 17 12 15 18 19 19 20 22 23 22 20 18 19 20 21 20 19 20 20 20 20 20 20 20 20 22 22 20 23 35 35 45 65 80 121 171 200 213 224 227 225 227 228 228 230 232 234 236 237 235 234 233 233 233 235 236 237 239 239 238 238 238 237 237 237 242 239 236 236 237 239 240 240 240 241 241 241 240 240 239 238 243 242 240 238 238 239 241 242 234 237 240 240 238 239 243 247 243 242 244 247 243 236 236 240 245 245 245 245 244 244 243 243 245 246 247 247 247 247 247 247 244 245 246 247
219 219 219 219 219 219 219 219 221 220 219 218 218 218 218 219 221 221 221 221 221 221 221 221 225 222 220 220 221 223 223 223 220 220 220 220 220 220 220 220 221 221 221 221 221 221 221 221 223 222 222 222 222 223 224 225 223 223 223 224 224 225 225 225 223 224 224 225 225 224 224 223 223 223 223 223 223 223 223 223 222 220 221 225 226 223 222 225 221 221 221 221 221 221 221 221 219 220 220 221 221 222 222 223 221 221 220 219 219 218 217 217 216 217 218 218 217 217 219 221 222 221 221 220 220 221 221 222 222 220 219 217 219 220 221 222 221 218 219 215 208 207 195 171 112 61 40 32 33 39 27 24 27 26 24 22 20 18 16 15 18 15 12 12 13 14 16 15 13 13 16 17 17 18 19 19 18 16 14 13 18 18 20 20 15 16 14 11 14 17 15 9 12 13 15 15 14 12 9 7 9 11 12 13 12 10 7 6 13 13 11 8 6 8 12 16 8 8 8 8 8 8 7 7 7 8 8 9 9 8 8 7 8 4 4 7 6 2 2 5 4 5 5 5 4 3 2 1 6 6 7 7 7 6 5 4 12 13 13 14 14 13 13 12 12 12 13 14 17 20 23 25 18 20 20 17 13 12 13 16 15 15 14 13 11 10 9 9 11 10 10 9 9 10 10 11 11 10 10 11 13 15 14 15 17 17 17 16 13 12 11 13 11 10 7 6 5 4 3 3 2 4 6 6 5 6 8 10 8 11 12 11 8 9 13 17 7 10 8 2 0 1 2 1 7 8 9 9 8 7 5 4 3 4 6 8 9 9 8 8 8 8 7 6 5 6 10 14 16 16 15 13 11 11 12 14 14 16 19 21 21 22 23 25 17 16 14 15 16 17 15 14 17 17 16 16 15 15 15 14 22 24 23 25 33 33 49 74 98 126 162 185 204 223 230 228 232 232 231 231 232 232 233 234 234 234 233 232 232 234 235 236 240 240 239 238 238 237 236 236 246 243 240 239 240 242 243 243 241 241 241 241 241 240 238 238 245 243 241 239 239 240 241 242 239 242 243 242 239 238 241 244 239 238 241 246 244 237 238 244 247 245 244 246 250 251 248 245 252 251 250 249 247 246 245 245 243 244 247 250
215 216 218 219 220 221 221 221 217 218 220 221 221 220 218 217 219 220 221 221 219 219 220 221 221 221 221 222 222 223 223 223 219 220 220 221 221 222 222 223 219 219 220 222 223 222 219 216 217 218 220 221 222 222 221 220 220 221 221 222 222 221 221 220 224 223 221 220 220 221 223 224 221 221 220 220 220 219 219 219 221 222 224 225 226 226 225 224 224 223 222 221 221 221 221 222 219 219 219 219 219 219 219 219 219 218 217 217 217 219 221 222 216 216 216 217 217 218 218 218 219 219 219 219 219 219 219 219 217 216 215 215 218 218 215 213 215 215 220 214 204 205 200 182 109 63 34 33 28 22 24 27 17 17 17 18 17 17 16 16 16 14 14 15 17 18 17 16 14 14 13 14 14 16 17 20 22 22 18 10 14 21 24 21 20 20 18 17 17 16 16 16 16 15 15 15 16 15 11 9 9 11 14 14 13 11 11 11 10 11 11 10 9 10 12 15 9 9 8 8 8 7 7 7 10 9 7 6 7 8 9 9 3 2 2 4 7 8 7 5 1 6 8 7 9 12 12 8 7 14 17 12 7 8 11 12 15 18 19 16 17 19 18 15 12 12 16 21 21 18 19 24 15 14 14 14 14 15 16 17 12 13 13 13 13 12 11 10 7 8 11 12 12 10 7 4 4 3 7 13 15 12 11 14 11 13 14 12 9 11 17 24 6 7 9 10 11 10 9 8 8 13 14 9 8 14 17 15 5 10 15 16 14 13 14 17 10 9 8 7 7 9 10 11 2 4 6 8 9 9 9 8 3 4 6 8 10 11 11 11 11 9 9 11 11 9 12 17 14 17 20 21 20 17 16 16 13 11 17 17 14 21 27 20 21 19 18 16 16 17 18 18 18 18 19 19 19 19 19 19 20 23 25 31 40 40 61 93 114 139 169 186 200 220 231 235 229 229 230 231 233 234 235 235 232 236 239 237 233 231 234 238 237 237 238 239 239 238 238 238 239 238 237 236 237 239 242 244 236 236 236 238 240 241 239 236 241 242 241 239 242 245 241 235 230 233 234 234 238 243 242 238 235 235 236 236 237 242 248 253 240 241 241 239 243 249 252 249 247 246 247 245 244 245 248 250 242 243 246 248
217 217 218 219 220 220 220 220 219 219 220 220 220 220 219 219 219 221 222 221 220 219 220 222 220 220 220 221 221 221 222 222 220 220 221 221 221 221 221 222 220 219 219 221 222 222 220 217 218 219 220 221 221 221 220 219 220 221 221 222 222 221 221 220 223 222 221 221 221 221 222 223 222 222 221 220 220 220 220 220 222 223 224 225 225 225 224 223 224 223 222 222 221 221 222 222 220 220 220 220 220 220 220 220 220 219 219 219 219 220 220 221 217 217 218 218 219 219 219 220 219 219 219 219 219 219 219 219 216 215 215 216 217 217 217 215 216 213 217 216 213 214 203 179 90 50 29 33 32 25 25 24 20 20 20 20 19 18 17 17 16 15 15 16 18 19 18 16 15 15 15 16 17 18 20 22 27 28 22 15 16 22 22 19 18 18 16 15 15 15 14 14 17 16 16 16 17 16 13 10 14 16 18 18 17 15 15 16 15 15 14 12 9 8 9 11 15 15 14 14 14 13 13 13 9 9 8 7 6 7 9 10 9 9 8 10 11 10 8 5 12 15 16 13 12 13 11 7 8 14 16 12 9 11 13 13 11 15 17 16 17 21 22 19 16 15 18 21 20 16 17 20 18 17 17 17 17 17 17 17 13 14 14 14 14 13 12 11 12 13 15 15 15 13 11 10 8 5 6 12 15 13 12 14 12 13 13 11 10 12 16 19 12 13 14 15 15 15 15 15 9 14 14 10 9 14 17 16 10 9 9 9 11 12 13 13 10 10 8 7 7 8 10 11 5 6 8 9 10 10 9 9 3 4 5 7 8 9 9 9 11 9 9 11 10 8 12 17 19 21 23 23 21 20 20 20 17 16 23 25 20 26 30 21 22 21 20 19 18 19 19 20 21 21 21 22 23 23 23 24 28 28 27 32 43 43 62 92 125 151 181 194 201 215 225 229 229 229 230 232 233 234 235 235 233 235 237 236 234 233 235 238 235 236 237 238 238 238 238 238 239 238 237 237 237 240 242 244 238 238 238 240 242 243 241 239 242 244 242 239 240 243 243 238 231 235 237 236 238 242 242 240 235 236 238 239 240 242 245 248 241 243 243 241 243 247 248 244 245 245 246 244 244 245 249 250 248 245 244 242
219 219 219 219 219 219 219 219 221 221 220 220 220 220 221 221 220 221 222 222 220 220 221 222 219 219 219 220 220 220 220 221 221 221 221 221 220 220 220 220 221 220 219 219 221 221 220 219 220 220 221 221 221 220 219 218 220 221 221 222 222 221 221 220 222 222 221 221 221 221 222 222 224 223 221 220 220 220 221 222 224 224 225 225 225 224 223 222 224 224 223 222 221 221 222 222 221 221 221 221 221 221 221 221 220 221 221 221 221 220 220 219 219 219 219 219 220 220 220 220 219 219 219 219 219 219 219 219 216 215 215 217 219 219 219 218 222 214 215 215 212 209 187 152 89 50 29 33 31 26 26 24 23 23 22 21 20 19 18 18 17 16 16 17 19 20 18 16 14 14 14 15 17 18 20 23 23 23 18 13 14 18 17 15 19 19 17 16 16 15 15 15 15 14 13 14 14 14 11 9 12 14 16 16 14 13 14 15 17 17 16 13 10 8 9 10 12 12 12 12 11 11 11 10 7 9 11 9 6 6 8 11 10 9 9 10 10 8 3 0 12 15 15 11 9 10 8 4 6 9 10 7 8 11 12 9 7 11 13 12 13 17 18 15 19 18 19 21 19 14 14 18 17 17 17 17 16 15 14 13 14 15 15 15 15 14 13 12 12 12 12 12 11 11 10 10 13 8 6 10 14 14 13 14 15 13 11 11 13 14 13 13 12 11 11 11 11 12 13 13 9 13 14 11 10 13 16 15 17 11 5 5 9 13 13 11 11 10 8 7 7 8 9 10 9 9 10 10 11 10 9 9 5 6 7 8 8 8 8 7 10 8 9 11 10 8 11 17 19 20 20 19 16 16 17 19 16 16 24 26 21 25 27 17 18 17 16 15 15 15 15 16 20 21 21 22 23 24 25 26 32 29 27 32 44 46 68 99 138 165 193 201 202 212 220 224 228 229 231 232 233 234 234 234 233 234 235 235 236 236 237 237 234 235 236 238 239 239 239 239 239 239 238 237 238 240 242 243 242 241 241 242 244 244 243 241 242 245 245 241 239 242 243 242 232 239 242 240 239 241 244 244 235 238 240 241 241 241 242 243 244 246 245 242 243 245 245 240 245 244 245 245 245 247 250 250 247 244 243 243
221 220 220 219 218 218 218 218 223 222 220 219 219 220 222 223 220 222 223 222 221 220 221 223 220 220 220 220 220 220 221 221 222 222 221 221 220 219 219 219 222 220 218 218 220 221 221 220 221 221 221 221 220 219 219 218 220 221 221 222 222 221 221 220 222 221 221 221 221 221 221 222 225 224 222 220 220 221 222 223 225 225 225 225 224 223 223 222 225 224 223 222 222 222 222 223 221 221 221 221 221 221 221 221 221 222 223 223 223 221 219 218 219 219 219 219 220 220 220 220 219 219 219 219 219 219 219 219 216 215 216 218 220 221 221 220 221 214 215 214 209 201 173 135 105 63 35 30 26 23 26 25 25 24 23 21 20 19 18 18 18 17 17 19 20 20 18 16 11 11 12 12 14 16 18 21 18 17 14 13 15 19 18 17 22 21 19 19 18 18 18 17 16 15 13 14 15 15 13 11 11 12 14 13 12 11 12 13 14 15 15 14 12 11 12 13 8 8 7 7 6 6 6 6 6 10 12 10 7 5 8 12 9 9 9 10 10 8 3 0 6 9 9 7 7 10 10 7 7 9 8 7 9 14 14 10 10 14 14 12 12 15 14 10 19 17 18 20 18 13 14 18 18 18 18 18 17 15 13 11 14 14 15 15 14 13 12 12 12 11 9 8 8 8 9 9 17 10 6 9 14 14 13 15 19 15 11 12 15 16 13 8 10 9 7 6 6 8 9 10 9 11 12 11 10 11 13 14 18 14 10 9 11 13 13 12 11 10 9 8 7 8 9 10 10 10 10 10 10 9 8 8 8 8 9 9 9 9 8 7 10 8 8 10 10 8 11 17 20 20 18 16 13 13 15 17 20 18 24 25 19 23 26 17 16 16 15 15 14 14 14 14 16 17 18 19 21 22 23 23 26 26 24 27 39 45 75 114 153 175 199 205 206 216 221 223 228 229 231 233 234 234 234 234 234 233 233 234 237 239 238 237 234 235 237 239 240 241 241 241 240 239 239 238 239 240 241 242 243 242 241 242 244 244 243 241 239 246 248 245 241 242 243 242 235 243 248 244 241 243 246 247 238 239 240 240 238 238 239 241 248 248 246 242 242 245 247 242 246 245 246 246 248 250 251 250 245 244 247 249
222 221 220 218 217 217 218 218 223 222 220 219 219 220 222 223 220 221 222 222 220 220 221 222 222 222 222 222 222 222 221 221 221 221 221 220 219 219 218 218 222 220 218 218 220 221 221 220 222 221 221 220 219 219 219 219 220 221 221 222 222 221 221 220 220 221 221 221 221 221 221 220 225 224 222 221 221 221 222 223 226 225 225 224 223 223 223 223 225 224 223 223 222 222 223 223 219 219 219 219 219 219 219 219 221 222 223 223 223 221 219 218 219 219 219 219 218 218 218 218 219 219 219 219 219 219 219 219 216 215 216 218 220 221 222 220 212 210 217 217 209 201 177 144 104 64 35 28 23 22 24 22 24 23 21 19 18 17 17 17 18 17 18 19 21 20 17 15 11 11 11 12 14 15 17 20 22 20 18 20 22 23 21 21 21 21 19 18 18 17 17 17 19 17 16 16 17 17 16 15 13 14 15 14 13 12 14 15 13 15 16 15 12 11 11 12 10 10 9 9 9 8 8 8 7 10 12 11 8 7 9 11 11 11 11 13 14 13 9 6 6 9 9 7 9 13 14 12 10 12 11 10 12 17 17 13 13 16 17 15 15 17 17 13 17 15 16 19 17 14 16 20 22 21 21 20 18 16 15 14 13 13 13 13 13 12 11 10 14 13 11 9 9 9 11 12 17 10 6 9 12 13 14 16 22 16 12 13 17 17 13 7 14 13 11 10 10 11 12 13 8 9 11 12 10 9 10 12 13 14 15 13 10 9 10 12 12 11 9 8 7 8 9 9 11 10 9 9 8 7 7 7 8 8 8 8 8 7 6 6 10 7 8 10 9 7 10 16 25 24 22 18 15 15 17 20 27 24 26 25 19 25 31 24 20 20 20 20 19 19 18 18 14 15 16 17 19 20 21 22 22 24 22 23 30 38 74 119 164 183 204 210 214 223 226 223 227 229 231 233 235 235 234 233 235 234 233 235 238 239 239 238 235 236 238 240 241 242 243 243 240 240 240 240 240 240 241 241 243 242 240 241 242 243 242 241 236 244 250 247 244 243 242 239 238 246 251 247 243 244 247 248 241 240 239 236 235 236 239 242 250 249 245 240 241 247 251 248 249 247 247 248 251 252 253 250 245 246 249 251
222 221 219 218 217 217 218 219 221 221 220 220 220 220 221 221 219 220 221 221 219 218 220 221 223 223 223 222 222 222 222 221 220 220 220 220 219 219 219 219 221 220 219 219 221 221 220 219 222 221 220 219 219 219 220 220 220 221 221 222 222 221 221 220 220 220 221 221 221 221 220 220 222 222 222 222 221 221 221 220 226 225 224 223 223 223 224 224 225 225 224 223 223 223 223 223 219 219 219 219 219 219 219 219 220 221 221 221 221 220 220 219 219 219 219 219 218 218 218 218 219 219 219 219 219 219 219 219 217 216 217 218 220 220 221 219 211 211 218 215 203 195 176 147 87 53 31 28 25 24 23 16 23 21 19 17 16 16 17 17 17 17 18 19 21 19 16 13 14 14 14 14 15 16 17 20 24 21 19 21 22 19 15 16 18 18 15 15 15 14 14 14 14 12 10 10 11 12 12 11 11 12 13 12 10 10 12 14 15 16 17 15 12 9 8 8 11 11 10 10 10 9 9 9 9 9 10 10 11 10 9 9 10 9 8 9 11 11 10 8 7 9 9 5 5 9 10 7 5 9 9 7 7 11 12 9 5 9 11 10 12 16 16 13 15 13 14 17 17 15 17 23 19 17 16 14 12 12 11 12 12 12 13 13 12 12 11 10 11 10 9 7 7 7 8 9 13 9 8 10 11 10 13 18 22 17 12 12 15 16 12 8 14 14 13 12 12 12 12 12 9 9 11 13 12 8 9 12 8 11 14 12 7 5 7 11 12 11 9 8 7 7 8 9 11 10 9 8 7 7 7 8 5 6 6 7 7 6 5 5 9 7 7 10 9 7 10 16 24 23 21 17 14 13 14 17 26 21 23 20 15 22 29 23 18 19 19 19 19 18 17 16 17 17 18 19 20 21 22 22 24 26 23 22 26 30 63 106 157 180 206 217 221 228 228 224 226 228 231 234 235 235 234 233 235 235 236 236 237 237 238 239 236 237 238 240 241 242 242 242 240 240 241 241 241 241 241 241 244 242 240 239 241 241 241 240 237 243 247 246 244 244 241 237 240 246 249 245 243 244 246 245 242 241 239 236 235 238 242 246 249 248 244 239 241 247 252 250 251 248 248 249 252 253 252 248 242 243 247 250
222 220 218 217 217 218 219 221 219 219 220 220 220 220 219 219 217 219 220 219 218 217 218 220 222 222 222 221 221 221 220 220 218 219 219 219 219 219 220 220 220 219 219 221 222 222 220 217 221 220 219 219 219 220 221 222 220 221 221 222 222 221 221 220 219 220 221 221 221 221 220 219 220 221 222 223 222 221 219 217 225 224 223 223 223 224 225 226 226 225 224 223 223 223 223 224 220 220 220 220 220 220 220 220 220 219 219 219 219 220 220 221 221 221 220 220 219 219 219 218 219 219 219 219 219 219 219 219 217 216 217 218 219 219 219 217 216 214 217 211 200 193 177 149 91 57 35 30 26 26 24 15 22 20 18 16 16 17 18 19 16 16 17 19 20 18 15 11 16 15 15 14 14 15 16 18 20 16 15 19 20 15 11 12 17 16 14 14 13 13 13 12 10 8 6 5 7 8 9 8 10 11 11 9 8 8 10 12 12 14 15 14 11 9 8 8 10 10 10 9 9 9 8 8 11 9 7 9 13 14 10 6 9 7 4 4 6 7 7 6 7 9 8 3 3 6 7 4 2 8 10 6 3 5 7 7 3 7 9 8 10 14 14 11 16 14 14 17 16 14 17 22 18 16 13 10 9 10 12 13 13 13 14 14 13 12 12 11 8 8 7 6 6 6 6 6 7 7 9 12 10 7 12 20 19 15 10 9 10 12 11 9 11 11 11 11 10 10 9 8 12 10 12 16 15 9 9 14 11 11 9 7 6 7 9 12 13 12 10 8 7 7 8 8 12 11 9 8 8 9 10 10 7 7 8 9 9 9 8 8 9 7 7 9 9 7 10 16 21 21 19 15 12 10 11 12 19 15 19 17 12 19 25 18 14 15 15 16 15 14 13 12 19 19 19 20 20 21 21 21 27 26 22 23 30 30 52 85 124 160 201 219 221 226 227 226 226 228 231 234 236 235 233 232 234 237 239 238 236 235 237 239 236 236 237 238 239 239 239 238 241 241 241 241 241 241 241 240 245 242 240 239 240 241 241 240 241 243 243 240 241 244 242 237 239 243 244 241 241 243 242 239 241 242 242 241 241 243 247 250 244 245 244 241 242 246 248 244 251 247 247 248 251 251 249 243 244 243 245 247
221 220 218 217 217 218 220 222 217 218 220 221 221 220 218 217 217 218 219 219 217 216 218 219 221 221 221 220 220 219 219 219 217 218 218 219 219 220 220 221 219 219 220 222 223 222 219 216 220 219 218 218 219 220 222 223 220 221 221 222 222 221 221 220 218 219 221 222 222 221 219 218 218 219 222 223 223 221 218 215 224 223 222 222 223 224 226 227 226 225 224 223 223 223 223 224 221 221 221 221 221 221 221 221 219 218 217 217 217 219 221 222 222 222 222 221 221 220 220 220 219 219 219 219 219 219 219 219 218 217 217 217 218 218 217 215 217 212 214 211 206 206 193 166 112 74 44 32 24 25 26 19 22 20 18 17 16 18 19 21 15 15 17 19 20 18 14 10 15 14 13 12 12 12 12 15 18 14 14 21 23 19 15 18 18 18 16 15 15 14 14 14 14 12 10 10 11 13 13 13 15 15 15 13 12 12 15 17 7 9 12 13 12 11 11 12 13 13 13 12 12 12 11 11 13 8 6 9 15 16 10 4 14 11 7 6 7 9 9 9 10 12 11 7 7 11 12 10 7 14 17 12 7 8 11 13 13 16 17 15 15 17 17 13 17 15 15 17 15 13 16 21 25 23 19 16 15 17 19 22 14 15 15 15 15 14 13 12 12 12 12 11 11 11 10 10 3 6 10 13 9 6 12 21 16 13 9 6 7 8 9 10 11 12 13 13 12 11 9 8 14 12 14 19 17 11 11 16 19 13 6 4 8 12 14 14 13 12 10 8 7 7 8 8 13 12 10 9 9 10 12 13 10 11 12 13 13 13 13 13 9 7 7 9 8 7 10 15 24 24 23 19 15 13 13 14 18 16 21 21 16 22 27 18 16 16 17 18 18 16 15 13 18 18 19 19 19 19 19 19 28 23 19 24 36 35 47 71 88 137 192 217 218 222 226 229 226 228 232 235 236 235 233 232 234 238 241 239 235 233 236 240 235 235 236 237 237 236 236 235 241 241 242 242 242 241 240 240 246 244 241 240 241 242 242 241 246 244 239 235 238 243 243 239 238 240 240 237 239 241 239 234 240 242 245 247 247 248 250 252 240 243 244 243 244 245 243 236 250 246 245 246 249 249 246 240 255 250 246 243
219 219 219 219 219 219 219 219 218 219 219 220 220 219 219 218 219 219 219 219 219 219 219 219 219 219 219 219 219 219 219 219 218 218 218 218 218 218 218 218 219 219 219 219 219 219 219 219 217 218 220 221 222 222 221 220 220 219 219 218 219 220 222 223 217 219 221 221 219 218 218 219 216 217 219 220 221 221 220 219 222 222 223 224 225 225 226 227 222 222 222 222 222 222 222 222 220 220 220 219 219 218 218 218 220 219 218 218 219 220 222 223 221 221 221 220 220 220 219 219 217 218 218 219 219 218 218 217 215 214 215 217 219 220 220 218 215 214 215 208 204 208 194 162 109 78 45 30 27 25 21 19 19 17 16 14 14 16 18 20 15 14 13 11 10 10 11 11 12 13 13 14 14 14 13 15 17 20 21 19 17 17 18 21 18 17 15 15 15 15 15 15 11 11 12 12 12 12 13 13 12 11 9 8 8 9 11 12 5 8 11 13 14 13 12 10 6 6 7 7 7 7 6 6 6 7 9 10 11 11 10 9 12 10 8 8 8 8 6 4 7 8 8 9 9 8 8 7 5 8 10 10 9 9 13 17 12 12 12 12 12 12 12 12 8 13 17 17 13 12 15 18 16 14 13 14 16 18 18 18 19 17 14 13 13 12 10 8 8 7 6 7 9 9 7 5 3 6 9 10 9 9 9 10 11 11 11 12 12 11 10 9 9 10 10 11 11 10 10 9 9 9 9 9 10 11 12 12 12 11 10 7 7 8 12 15 6 9 9 6 6 10 11 8 4 4 5 7 9 11 12 13 0 5 11 11 8 5 7 10 0 5 11 12 10 10 14 18 15 16 16 14 12 11 12 14 12 18 22 19 18 20 22 22 17 17 14 10 12 17 18 15 9 9 10 12 14 17 20 21 19 25 23 20 26 29 45 68 90 129 179 209 218 223 225 227 231 230 229 229 230 233 236 238 235 235 235 236 236 237 237 237 234 232 233 237 238 236 237 240 236 238 241 242 241 240 240 241 239 236 234 234 236 238 239 238 240 240 240 241 242 244 245 246 236 235 235 235 238 241 244 247 242 238 238 242 244 243 244 248 241 242 242 241 240 241 245 248 242 246 251 250 246 245 249 252 243 245 249 251
218 218 218 218 218 218 218 218 218 219 219 220 220 219 219 218 219 219 219 219 219 219 219 219 219 219 219 219 219 219 219 219 219 219 219 219 219 219 219 219 216 216 216 216 216 216 216 216 218 219 220 221 221 221 220 219 220 220 219 218 219 220 222 223 218 219 220 220 218 218 219 220 217 218 219 219 220 220 220 220 220 221 221 222 223 224 225 225 222 222 222 222 222 222 222 222 220 220 220 219 219 218 218 218 221 220 218 217 217 218 219 220 220 220 220 220 219 219 218 218 217 218 218 219 219 218 218 217 215 214 215 217 219 219 220 218 219 217 217 209 203 206 191 160 103 73 40 25 23 23 22 21 21 20 19 18 18 18 19 20 17 15 13 11 10 10 12 13 11 11 11 10 10 9 9 11 13 16 16 16 14 14 14 17 18 18 16 15 15 14 14 13 14 13 13 12 12 11 11 11 10 9 7 6 6 7 9 10 9 9 10 11 12 13 13 13 8 9 10 11 11 11 10 10 4 5 6 7 6 5 4 3 6 5 4 5 7 8 7 5 6 6 6 6 6 6 6 6 4 5 6 6 6 7 9 11 10 11 11 12 12 11 11 10 6 10 13 12 9 9 12 16 15 13 12 13 15 17 17 16 9 8 7 9 10 10 9 7 6 5 5 5 7 7 6 4 1 3 6 6 6 5 7 8 11 12 12 12 10 10 10 11 7 7 8 9 9 8 7 7 9 9 8 8 8 9 10 11 10 9 7 4 3 5 8 10 4 6 6 3 3 7 8 6 4 4 5 6 7 9 10 10 3 6 9 9 8 6 7 8 5 9 13 13 9 8 11 14 17 17 17 15 12 11 12 13 16 21 23 18 16 18 19 18 17 17 15 11 12 17 18 15 8 9 9 11 13 15 17 18 19 24 23 20 27 30 47 71 112 144 186 207 214 221 228 234 233 232 232 231 232 234 235 236 235 235 235 236 236 237 237 237 237 234 235 238 239 237 237 241 237 239 241 241 240 239 240 241 240 238 237 237 239 241 240 240 240 240 240 241 241 242 243 244 235 237 239 241 243 244 244 244 235 234 235 239 240 238 239 244 243 243 243 242 240 241 245 247 245 248 252 250 245 242 245 247 241 242 246 248
218 218 218 218 218 218 218 218 218 219 219 220 220 219 219 218 219 219 219 219 219 219 219 219 219 219 219 219 219 219 219 219 219 219 219 219 219 219 219 219 219 219 219 219 219 219 219 219 220 220 221 221 221 220 219 218 220 220 219 219 219 220 221 222 219 220 220 218 217 217 219 222 219 219 218 218 218 219 220 221 220 220 220 221 222 222 223 223 222 222 222 222 222 222 222 222 220 220 220 219 219 218 218 218 221 220 219 217 216 216 216 217 219 219 219 218 218 218 217 217 217 218 218 219 219 218 218 217 215 214 215 216 218 219 219 217 215 212 213 206 200 202 188 159 105 78 45 28 24 24 25 25 21 21 20 19 19 18 18 18 19 17 14 12 11 12 13 14 15 14 13 12 11 11 11 14 16 18 18 18 17 17 16 18 19 19 16 15 14 13 12 12 16 15 14 13 12 11 10 9 13 12 11 10 10 11 12 13 12 12 11 10 11 13 15 16 9 10 11 12 13 13 12 12 8 8 9 9 8 6 5 3 10 9 8 9 11 12 11 9 10 9 8 7 7 8 9 10 9 8 7 7 9 10 10 10 9 10 11 12 12 11 10 9 8 10 11 10 8 8 12 16 14 12 11 12 14 16 16 16 8 8 9 11 13 13 11 9 9 8 7 7 9 9 8 7 6 8 9 8 8 8 10 12 12 13 14 11 8 7 10 13 11 11 12 13 13 12 11 11 13 13 12 11 11 11 12 12 14 12 9 7 7 7 9 10 7 10 9 6 7 11 12 9 6 6 5 5 6 6 7 8 9 7 6 7 8 8 6 5 7 10 13 13 10 9 11 13 18 18 17 15 12 11 11 13 17 20 21 16 14 17 18 17 15 15 13 9 11 16 16 12 14 14 15 15 17 18 20 21 19 25 23 21 28 32 50 73 119 150 188 208 212 219 228 234 234 234 234 234 234 234 234 234 235 235 235 236 236 237 237 237 240 237 237 240 240 237 237 240 240 241 241 240 238 238 239 241 241 240 240 241 243 244 242 241 240 240 240 240 240 241 241 241 237 239 243 246 247 246 243 241 239 239 241 244 240 235 235 239 244 245 245 243 242 241 245 247 247 249 252 250 246 244 246 247 243 243 245 245
217 217 217 217 217 217 217 217 218 219 219 220 220 219 219 218 219 219 219 219 219 219 219 219 219 219 219 219 219 219 219 219 220 220 220 220 220 220 220 220 221 221 221 221 221 221 221 221 221 221 221 221 220 219 219 218 220 220 220 220 220 220 220 221 220 220 219 217 216 217 220 223 220 219 218 217 217 218 220 221 220 220 221 221 222 222 223 223 222 222 222 222 222 222 222 222 220 220 220 219 219 218 218 218 220 219 219 218 218 217 217 217 218 218 218 217 217 216 216 216 217 218 218 219 219 218 218 217 215 214 215 216 218 218 218 217 211 207 210 206 201 203 192 167 109 85 54 33 25 23 23 22 19 19 19 18 17 16 14 13 17 17 16 15 15 14 13 13 15 14 13 12 13 13 15 17 18 20 20 21 21 21 19 19 20 19 16 15 13 12 11 11 15 15 14 13 12 12 11 11 16 15 14 13 13 14 15 16 12 12 12 12 13 14 15 15 8 9 10 11 12 12 12 12 9 10 11 12 11 10 8 7 17 15 13 12 13 12 10 8 11 10 7 6 6 7 10 11 14 10 7 8 11 12 11 8 9 10 12 13 13 12 10 9 13 14 14 12 11 12 16 20 14 13 11 12 15 17 17 16 13 12 12 14 15 14 10 8 9 7 6 6 7 8 8 6 10 11 11 10 9 10 13 15 13 14 14 11 6 6 10 14 14 14 15 15 15 15 14 14 14 13 12 11 10 10 10 11 16 14 11 9 9 9 10 9 9 12 11 8 9 13 14 11 9 8 7 6 6 6 7 7 13 9 4 5 8 9 6 2 5 8 11 13 12 12 14 17 16 17 17 15 13 12 13 15 13 16 17 14 14 19 21 20 12 13 11 8 9 13 13 9 18 18 17 18 18 20 21 21 23 28 25 21 28 32 49 73 104 140 186 211 217 221 224 227 232 233 234 234 235 235 234 234 235 235 235 236 236 237 237 237 241 238 238 240 240 236 236 239 242 242 242 239 237 237 239 241 241 241 241 243 245 245 243 241 241 241 241 241 240 239 239 238 239 241 244 246 246 244 241 239 245 245 247 247 240 230 228 232 242 243 245 244 243 243 247 249 245 247 251 251 249 248 251 252 250 248 247 245
217 217 217 217 217 217 217 217 218 219 219 220 220 219 219 218 219 219 219 219 219 219 219 219 219 219 219 219 219 219 219 219 220 220 220 220 220 220 220 220 217 217 217 217 217 217 217 217 222 221 221 220 219 219 219 219 220 220 220 220 220 220 220 219 220 220 219 217 216 217 220 223 221 220 218 217 217 218 219 220 222 222 222 222 223 223 223 223 222 222 222 222 222 222 222 222 220 220 220 219 219 218 218 218 218 219 219 220 220 221 221 221 218 218 217 217 216 216 216 216 217 218 218 219 219 218 218 217 215 214 215 216 217 217 217 215 213 209 212 210 205 205 196 175 110 90 59 34 22 20 18 16 19 19 19 18 17 16 14 13 14 16 18 19 18 16 12 10 8 8 8 9 10 12 13 16 16 18 17 19 20 20 17 16 19 19 16 15 13 12 11 10 13 13 13 13 13 13 13 13 12 12 12 11 11 12 12 12 10 12 14 15 16 15 13 12 9 10 11 12 13 13 12 12 5 7 8 10 10 10 9 8 14 12 10 10 10 9 8 6 10 8 6 5 5 6 8 10 11 8 5 5 8 9 8 5 12 12 13 14 14 13 12 12 16 16 15 14 14 15 19 22 16 14 13 14 16 18 18 17 11 10 10 11 12 11 8 6 7 5 3 2 4 5 5 4 9 9 9 8 6 7 10 12 14 15 14 10 7 6 10 13 11 11 12 13 13 12 11 11 11 10 9 8 7 7 7 8 13 10 6 5 6 7 6 4 6 8 8 5 5 9 10 8 13 12 9 7 7 7 8 9 15 9 4 4 8 10 6 1 6 8 11 13 14 15 16 17 14 15 16 15 14 14 16 18 13 16 16 14 16 20 21 18 13 14 12 10 11 15 14 10 15 14 14 14 15 16 17 17 28 32 27 22 27 30 47 71 97 135 184 212 220 224 226 228 228 229 231 233 234 235 235 235 235 235 235 236 236 237 237 237 241 238 237 239 239 235 234 237 242 242 242 239 237 237 239 241 240 240 241 243 245 245 242 240 241 241 241 241 241 239 238 237 243 242 242 242 241 241 241 240 242 242 243 243 237 228 225 228 239 241 243 245 244 245 249 251 245 246 249 249 248 248 250 250 252 250 248 245
218 218 218 218 218 218 218 218 218 219 219 220 220 219 219 218 219 219 219 219 219 219 219 219 219 219 219 219 219 219 219 219 219 219 219 219 219 219 219 219 219 219 219 219 219 219 219 219 222 221 220 219 219 219 220 220 220 220 221 221 221 220 219 218 219 220 220 218 217 217 219 222 221 220 219 218 218 218 219 219 222 222 223 223 223 223 223 223 222 222 222 222 222 222 222 222 220 220 220 219 219 218 218 218 217 218 219 221 222 222 222 221 218 218 218 217 217 216 216 216 217 218 218 219 219 218 218 217 216 214 215 216 217 217 217 215 213 208 210 208 201 199 191 172 125 105 73 41 24 21 22 20 21 21 20 19 19 18 18 18 13 15 18 20 19 16 12 9 8 9 10 12 13 14 14 15 18 18 18 20 22 22 18 15 18 18 15 14 13 12 11 11 12 13 13 13 14 14 15 15 13 13 13 13 13 13 13 13 9 11 14 16 16 14 11 9 13 14 14 15 15 14 13 13 7 8 10 12 13 13 12 12 12 10 9 10 12 13 12 11 14 13 11 11 11 11 13 14 12 11 9 9 10 11 10 10 14 14 14 14 14 14 14 14 15 14 14 13 14 16 18 19 16 15 13 14 17 18 19 18 12 10 9 11 13 14 13 12 12 10 7 7 8 10 10 10 11 12 12 11 10 10 12 13 16 14 12 10 9 9 9 9 12 13 14 14 14 14 13 12 14 13 12 12 11 12 12 12 13 10 7 7 9 10 8 5 6 9 9 6 6 10 11 8 15 13 10 8 7 7 9 10 13 8 5 5 9 9 6 1 10 11 12 14 14 15 15 15 14 16 16 15 14 14 16 18 17 19 19 16 18 20 18 13 15 17 16 14 15 19 18 13 16 16 16 16 17 18 19 20 30 33 28 21 26 28 45 69 105 140 185 210 218 225 231 236 228 228 229 231 233 234 235 236 235 235 235 236 236 237 237 237 240 237 237 239 239 235 235 237 240 241 241 240 238 238 239 241 241 240 240 241 243 244 242 241 240 241 242 243 242 240 239 237 244 242 240 238 237 238 240 242 241 239 239 242 242 238 236 237 238 240 243 244 244 245 248 250 247 246 247 246 245 244 244 243 248 246 246 245
218 218 218 218 218 218 218 218 218 219 219 220 220 219 219 218 219 219 219 219 219 219 219 219 219 219 219 219 219 219 219 219 219 219 219 219 219 219 219 219 222 222 222 222 222 222 222 222 221 220 219 219 219 220 221 222 220 220 221 222 221 220 218 217 218 219 220 220 218 218 219 220 220 220 220 220 219 219 218 217 222 221 221 221 221 221 221 221 222 222 222 222 222 222 222 222 220 220 220 219 219 218 218 218 217 218 220 221 221 220 219 218 219 218 218 218 217 217 217 217 217 218 218 219 219 218 218 217 216 215 215 215 216 216 216 214 211 205 208 207 199 197 190 173 154 131 90 48 25 21 23 24 21 20 19 18 18 18 19 20 15 16 16 16 15 14 12 11 11 13 15 17 17 15 13 13 18 19 18 21 23 23 18 15 17 16 14 13 13 12 12 12 14 14 14 14 14 14 13 13 15 15 16 16 16 16 15 15 10 11 12 13 13 12 11 10 14 15 15 15 14 13 11 11 11 12 14 15 15 14 13 12 14 12 11 12 14 15 14 13 14 14 14 14 14 14 14 14 14 14 15 14 13 13 15 17 15 14 12 11 11 12 14 15 13 13 13 14 16 17 17 17 15 14 12 13 16 17 18 17 16 14 11 10 12 14 15 14 17 14 11 10 12 14 15 14 13 15 16 16 15 14 14 15 17 13 10 10 12 12 9 5 15 15 16 16 16 16 15 15 15 15 14 14 14 15 16 17 15 11 8 9 13 14 12 8 8 11 10 7 7 11 12 10 14 12 9 6 6 7 9 10 9 7 6 8 9 9 5 2 9 10 11 13 16 17 17 17 18 18 18 16 14 13 14 16 17 19 20 19 21 23 18 12 15 17 16 14 16 19 17 13 20 20 20 20 21 23 24 25 29 32 27 20 25 28 45 70 103 137 181 205 214 223 231 237 232 231 231 231 232 234 236 237 235 235 235 236 236 237 237 237 241 238 237 240 240 237 237 240 237 239 241 241 240 239 240 241 243 241 240 240 242 244 244 243 240 241 243 244 244 242 240 239 244 242 240 238 238 239 241 242 244 239 237 243 248 248 246 246 239 242 244 245 243 242 244 245 248 247 248 247 246 246 245 243 244 244 245 244
219 219 219 219 219 219 219 219 218 219 219 220 220 219 219 218 219 219 219 219 219 219 219 219 219 219 219 219 219 219 219 219 218 218 218 218 218 218 218 218 219 219 219 219 219 219 219 219 220 219 218 218 219 220 222 223 220 221 221 222 221 220 218 217 217 219 221 221 219 218 218 219 219 220 221 221 220 219 217 216 220 220 220 220 220 220 220 220 222 222 222 222 222 222 222 222 220 220 220 219 219 218 218 218 218 219 220 220 219 218 216 215 219 219 219 218 218 218 217 217 217 218 218 219 219 218 218 217 217 215 215 215 216 216 216 214 213 207 212 213 206 205 199 185 174 146 99 46 18 11 17 16 19 15 16 12 14 14 18 20 18 17 14 12 11 12 13 14 10 12 14 16 14 11 6 5 13 12 13 14 19 17 13 9 15 15 13 13 13 13 13 12 17 16 16 15 13 12 12 11 11 11 12 13 13 12 11 11 13 12 11 10 9 10 11 12 13 13 13 12 11 9 8 7 9 10 11 11 10 9 7 5 14 12 10 10 10 9 8 6 7 7 8 9 9 8 7 7 9 12 14 13 10 10 13 16 15 13 11 9 9 11 13 15 14 14 14 16 18 19 18 17 14 12 11 12 14 16 16 16 18 14 9 6 5 6 7 6 12 10 7 6 7 9 10 10 9 12 14 15 13 11 11 11 18 13 8 10 14 14 9 2 11 11 12 13 13 12 11 11 9 9 9 9 9 10 11 12 10 7 4 6 10 12 9 5 4 7 6 3 4 7 8 6 13 10 7 5 5 6 8 10 6 7 7 9 10 9 5 3 5 6 8 13 17 21 22 22 21 21 20 17 13 11 11 13 13 16 18 20 24 26 22 14 12 14 13 11 13 16 14 10 18 18 18 19 20 21 23 24 25 30 23 19 23 28 44 71 90 127 174 202 214 222 229 231 238 235 233 231 232 233 235 237 235 235 235 236 236 237 237 237 241 238 238 242 242 239 239 242 236 238 241 242 241 240 240 241 245 243 240 240 242 244 245 245 240 241 243 245 245 243 241 240 242 242 241 240 240 240 241 242 246 237 233 239 246 247 245 244 241 243 245 245 242 240 241 241 248 247 249 249 251 252 251 250 243 245 245 244
216 215 215 217 219 220 218 217 216 216 216 217 217 218 218 218 219 219 219 219 219 219 220 220 218 218 218 218 218 218 218 218 216 217 219 219 219 219 217 216 218 218 218 218 218 218 218 218 219 217 215 215 217 220 220 220 216 217 219 220 221 221 220 219 217 219 222 223 222 221 221 222 220 220 220 220 220 220 220 220 219 220 222 223 223 222 220 219 218 220 222 222 221 221 222 223 221 222 222 223 221 219 216 215 219 219 219 218 218 217 217 217 219 219 218 218 220 220 220 219 219 219 219 219 219 219 219 217 215 215 218 218 218 217 218 218 212 215 218 217 217 215 205 195 172 133 79 39 27 14 16 29 20 17 17 13 14 12 15 16 9 13 14 12 12 14 13 9 7 6 6 10 14 15 12 9 10 11 13 14 18 14 10 6 6 11 17 19 18 16 16 17 13 14 15 15 13 13 14 15 13 13 13 13 13 13 13 13 14 15 16 17 17 16 15 14 14 10 9 10 10 7 8 12 14 14 14 14 14 14 14 14 12 12 14 15 15 14 12 12 11 14 14 11 12 15 15 13 8 10 11 10 8 8 11 14 9 12 15 14 13 13 17 21 15 13 13 16 19 18 14 10 4 9 14 14 11 10 14 18 12 10 8 8 9 11 11 11 7 11 5 4 12 12 8 13 7 8 9 10 10 10 10 10 12 7 3 4 8 10 7 3 9 10 11 12 12 12 12 12 9 9 8 8 9 11 13 14 9 7 6 5 6 8 11 12 7 6 5 6 8 9 8 7 7 5 3 4 7 9 10 10 6 5 4 5 7 8 7 6 17 15 14 15 18 21 22 22 10 12 13 13 11 11 12 14 11 13 15 18 20 21 21 21 11 14 17 19 20 18 16 14 20 21 22 21 19 18 19 21 16 24 24 26 25 21 33 59 83 126 172 203 224 229 233 242 232 231 232 232 231 233 236 239 231 232 234 236 237 237 236 236 238 239 240 241 241 240 239 238 234 236 240 241 240 240 240 241 241 240 239 240 242 243 242 241 236 239 242 244 244 243 244 245 241 240 239 241 243 246 247 247 245 245 245 245 245 245 246 246 238 243 245 242 240 242 243 241 244 243 243 244 246 249 253 255 242 242 242 242
218 217 216 217 219 218 217 215 216 216 216 217 217 218 218 218 218 218 218 218 218 218 218 219 218 218 218 218 218 218 218 218 217 218 219 220 220 219 218 217 218 218 218 218 218 218 218 218 219 217 215 215 217 219 220 220 217 218 219 219 219 218 217 216 216 218 221 222 221 220 220 221 220 220 220 220 220 220 220 220 220 220 222 222 222 222 220 220 218 220 222 222 221 221 221 223 222 221 220 219 218 218 218 218 220 220 220 219 219 219 218 218 219 219 218 218 219 220 219 218 218 218 218 218 218 218 218 218 214 215 217 217 216 215 216 216 214 216 216 214 215 215 210 199 168 131 79 45 31 20 16 23 17 16 14 12 11 11 12 15 15 18 19 15 14 15 13 9 11 9 9 11 14 15 13 11 12 11 10 11 12 13 11 10 9 13 16 16 14 12 12 13 14 14 14 14 14 15 15 14 13 13 12 12 12 12 13 13 9 10 11 12 13 12 11 10 15 11 10 11 11 8 9 13 11 11 11 11 11 11 11 11 12 13 14 15 15 14 13 12 10 13 14 11 11 15 15 12 11 13 14 13 11 11 14 16 10 10 11 10 9 9 10 12 16 16 17 18 20 19 16 14 10 13 15 14 12 11 14 16 12 10 7 7 9 10 10 10 11 14 8 6 13 11 6 10 7 7 8 9 10 10 9 9 15 10 6 6 10 12 11 8 7 8 8 9 9 9 9 8 9 8 8 9 9 10 11 12 11 10 8 7 6 8 9 10 8 7 5 6 7 8 7 5 10 8 5 5 7 9 9 9 9 8 7 8 10 10 9 8 23 23 24 25 26 24 20 17 10 11 12 12 10 9 10 12 15 16 18 19 18 16 14 12 11 12 15 16 17 16 14 13 14 15 17 17 17 18 20 22 25 26 23 26 34 34 44 64 82 122 164 192 217 224 230 239 233 232 233 233 232 234 237 240 231 233 234 236 237 237 236 236 236 237 238 239 239 238 237 236 235 237 239 240 239 239 240 242 239 239 239 239 240 241 241 240 236 239 242 243 242 241 241 242 245 242 240 239 241 244 248 249 242 242 242 241 241 240 240 240 239 245 247 244 243 246 246 245 244 243 242 243 244 247 250 252 242 242 243 243
220 218 217 217 218 217 215 213 216 216 216 217 217 218 218 218 217 217 217 217 217 217 217 217 218 218 218 218 218 218 218 218 218 219 219 220 220 219 219 218 218 218 218 218 218 218 218 218 220 217 215 215 217 219 219 219 218 218 218 218 217 216 215 214 215 218 220 221 220 219 219 219 220 220 220 220 220 220 220 220 220 221 221 222 222 221 221 220 218 220 222 222 221 220 221 222 222 220 218 217 217 218 220 222 221 221 220 220 220 219 219 219 219 219 219 219 219 218 218 218 217 217 217 217 217 217 217 217 215 215 217 216 215 214 214 213 217 216 215 212 213 214 212 202 167 134 91 57 38 26 19 18 18 16 14 13 12 12 13 13 15 18 17 12 10 11 8 4 15 13 11 12 13 14 14 13 16 13 9 8 9 12 13 14 13 14 15 13 11 9 9 10 15 13 11 13 16 18 16 14 13 12 12 11 11 12 12 13 7 8 9 10 10 10 10 10 12 8 7 10 9 7 7 10 10 10 10 10 10 10 10 10 12 13 14 14 14 14 13 12 9 13 13 10 11 14 14 11 8 9 10 9 8 8 10 13 13 10 8 7 7 7 6 5 13 16 18 19 17 16 15 15 17 16 15 13 12 13 14 15 14 12 10 10 11 12 12 11 14 17 11 8 14 11 5 8 7 7 8 9 9 9 9 8 11 7 3 3 6 9 9 7 8 8 9 9 8 8 7 6 8 8 9 10 10 9 9 9 10 8 6 5 4 4 5 5 9 7 6 6 6 6 5 3 12 10 7 6 7 8 8 7 8 6 5 5 7 7 6 4 10 14 20 26 30 28 22 17 12 13 14 13 10 9 10 11 14 16 18 18 17 14 11 8 13 13 14 15 15 15 15 14 13 15 16 16 16 17 19 22 26 23 15 20 36 42 54 75 97 133 166 189 212 223 228 236 230 229 231 231 230 231 234 237 232 233 234 236 236 236 236 236 234 235 236 236 236 236 235 234 237 238 239 239 238 238 241 243 238 238 238 239 239 239 240 240 236 239 241 242 240 239 239 239 247 244 241 238 239 242 246 250 241 240 240 239 239 238 238 238 236 241 244 241 241 244 245 243 244 243 243 242 243 245 247 248 242 243 244 244
219 217 217 217 218 218 216 214 216 216 216 217 217 218 218 218 217 217 216 216 216 216 215 215 218 218 218 218 218 218 218 218 219 219 219 220 220 219 219 219 218 218 218 218 218 218 218 218 220 217 215 215 216 218 218 218 218 218 218 218 217 217 216 216 216 219 221 222 220 219 219 219 220 220 220 220 220 220 220 220 221 221 221 221 221 221 221 221 219 221 223 223 221 220 221 222 221 220 219 219 219 221 222 223 220 220 219 219 219 218 218 218 218 219 220 219 218 217 217 218 216 216 216 216 216 216 216 216 216 216 218 217 215 214 214 213 217 216 215 211 211 212 209 199 168 143 110 72 38 23 20 15 17 16 14 12 11 11 12 13 14 16 15 11 8 9 8 4 17 15 13 12 12 12 13 13 17 14 10 9 10 13 14 15 16 15 13 11 10 9 10 11 16 12 10 12 17 20 17 13 13 12 11 10 10 11 12 13 9 10 10 11 12 12 13 13 12 9 9 11 11 8 9 12 12 12 12 12 12 12 12 12 11 12 12 12 12 12 12 11 9 12 13 10 10 14 14 11 7 7 7 7 7 8 9 10 16 13 9 9 11 11 9 6 15 19 22 22 18 17 18 20 20 17 13 12 13 14 15 14 16 15 13 13 14 15 14 13 13 17 11 8 15 11 5 8 7 8 9 9 9 9 8 8 9 6 2 2 4 7 8 8 11 11 11 11 10 9 8 7 8 8 10 10 10 9 7 6 9 8 7 6 5 6 6 7 10 8 6 6 6 5 3 1 10 8 5 5 6 8 8 8 7 5 4 4 5 6 4 3 2 6 14 22 27 26 21 16 15 16 16 15 12 10 11 12 8 11 14 17 18 16 13 12 16 16 16 16 16 16 16 16 20 20 20 18 17 16 18 20 25 19 9 14 32 45 64 91 119 151 176 191 211 223 228 234 230 230 232 232 232 233 235 237 233 234 234 235 236 236 236 236 235 235 235 235 235 235 235 235 238 239 239 238 237 238 241 243 238 239 240 240 239 239 240 241 238 240 242 242 240 238 237 238 245 244 241 239 238 239 243 246 241 241 241 241 241 241 242 242 235 240 243 241 241 244 246 244 246 245 244 243 243 244 245 246 242 243 245 246
216 215 215 217 219 219 218 216 216 216 216 217 217 218 218 218 217 217 216 216 215 215 215 214 218 218 218 218 218 218 218 218 219 219 219 219 219 219 219 219 218 218 218 218 218 218 218 218 220 217 215 214 216 217 217 217 218 218 218 218 219 219 220 220 218 221 223 223 221 220 219 220 220 220 220 220 220 220 220 220 221 221 221 221 221 221 221 221 219 221 223 223 221 220 220 221 219 220 221 223 224 223 223 222 218 218 218 217 217 217 216 216 218 219 220 219 216 215 216 218 216 216 216 216 216 216 216 216 218 217 219 218 217 215 215 214 216 216 216 213 212 210 204 193 176 159 136 90 36 18 22 17 18 17 15 13 12 12 13 14 16 19 18 14 13 15 15 12 16 15 14 12 10 10 12 13 15 13 12 12 14 15 14 13 17 15 13 12 12 13 14 15 17 13 10 13 18 20 17 13 14 13 11 10 10 11 13 14 12 12 12 12 13 13 14 14 15 12 13 16 16 13 13 16 12 12 12 12 12 12 12 12 10 10 10 10 10 10 10 10 10 13 13 10 11 14 14 12 12 11 10 11 11 13 13 13 17 13 10 11 14 15 14 11 21 24 27 26 23 21 23 25 19 16 13 12 13 15 16 16 16 15 14 14 15 15 13 11 9 14 9 8 16 13 7 10 9 9 10 10 10 9 9 8 13 11 8 7 8 10 11 12 11 11 11 11 11 10 8 8 8 9 10 11 11 9 8 7 10 10 10 10 11 12 12 13 11 9 7 6 6 5 3 1 7 5 3 4 6 8 9 9 10 9 8 8 10 10 9 8 13 14 17 20 22 21 16 13 14 15 16 14 11 10 10 11 7 9 13 16 18 18 16 15 16 16 16 16 16 16 16 16 21 21 20 18 16 16 19 21 26 22 14 15 29 44 74 110 137 169 188 195 211 222 225 228 233 233 236 236 236 236 238 240 235 235 234 235 235 235 236 236 237 237 236 236 236 236 237 237 239 239 239 238 237 237 240 243 238 240 242 242 240 239 241 243 240 242 244 243 241 239 238 238 239 241 242 241 239 238 239 241 240 240 241 242 243 244 245 245 239 245 248 246 246 249 251 249 247 247 246 245 245 245 245 245 243 244 245 247
215 215 215 217 219 220 219 217 216 216 216 217 217 218 218 218 218 218 217 216 216 215 214 214 218 218 218 218 218 218 218 218 219 218 218 217 217 218 218 219 218 218 218 218 218 218 218 218 220 218 215 214 215 217 217 216 218 218 218 218 219 220 221 222 219 222 224 224 222 220 220 220 220 220 220 220 220 220 220 220 222 221 221 220 220 221 221 222 220 222 223 223 221 219 220 221 218 219 222 224 224 224 222 221 217 217 217 216 216 216 215 215 217 220 221 219 215 214 215 218 216 216 216 216 216 216 216 216 217 217 219 219 217 216 217 216 215 216 216 213 212 211 204 192 185 175 160 107 38 18 26 19 20 19 17 15 14 14 15 16 14 17 16 13 13 16 17 15 14 15 15 13 11 11 12 13 14 13 14 15 17 16 14 11 17 14 12 13 15 17 18 17 18 15 13 14 17 18 16 13 16 14 12 11 11 12 14 16 13 12 11 11 11 11 12 12 11 8 9 13 13 10 10 12 10 10 10 10 10 10 10 10 11 10 9 9 9 9 10 11 11 14 14 11 12 15 16 13 12 11 9 10 12 13 13 12 14 13 12 12 14 16 16 15 20 21 22 21 20 19 20 22 18 18 17 15 15 15 17 18 15 13 12 13 14 13 11 8 7 13 9 10 18 16 10 14 11 11 12 12 11 11 10 9 12 11 11 10 9 9 9 9 9 9 10 10 10 9 8 8 9 10 10 11 11 11 10 10 7 7 8 9 10 10 11 11 12 10 8 7 7 6 4 2 7 5 3 4 7 9 11 11 9 8 7 8 10 11 10 9 12 11 12 13 16 18 17 16 12 13 14 12 10 9 10 11 13 14 16 17 17 17 16 16 15 16 16 17 16 15 14 14 16 17 17 16 15 17 21 23 21 22 17 16 25 38 71 112 148 182 201 205 217 225 227 229 229 230 232 233 233 233 234 236 236 235 235 234 234 235 236 236 239 238 237 237 237 237 238 239 238 239 240 239 238 237 239 241 238 241 243 243 240 239 242 245 239 241 244 243 241 239 238 239 236 240 243 243 240 237 238 240 239 239 240 241 242 243 244 244 239 244 247 245 244 247 248 247 247 247 246 246 245 245 245 244 244 245 246 248
217 216 216 217 219 219 217 215 216 216 216 217 217 218 218 218 219 219 218 217 216 215 215 214 218 218 218 218 218 218 218 218 218 217 216 215 215 216 217 218 218 218 218 218 218 218 218 218 220 218 215 214 215 216 216 215 219 218 217 217 217 218 219 220 219 221 223 223 221 219 218 219 220 220 220 220 220 220 220 220 222 222 220 220 220 220 222 222 220 222 223 223 221 219 219 220 219 219 220 220 220 220 220 220 218 218 217 217 217 216 216 216 216 220 222 220 215 212 215 218 217 217 217 217 217 217 217 217 215 215 217 217 217 216 217 216 217 216 216 212 212 213 210 200 193 187 177 123 48 27 34 20 24 23 21 19 19 19 20 20 14 16 15 11 11 15 16 14 13 15 17 16 14 12 13 15 15 14 14 15 17 17 15 12 17 15 13 14 16 18 17 16 18 17 17 16 16 15 14 14 17 16 13 11 11 13 16 17 15 14 12 11 10 10 11 11 8 6 7 11 12 8 8 10 11 11 11 11 11 11 11 11 13 12 11 10 10 11 12 13 12 15 15 13 13 16 17 14 12 9 7 8 11 13 12 10 14 15 16 15 14 15 17 19 19 18 17 17 18 19 18 18 21 23 24 22 18 15 17 19 16 15 15 15 16 15 12 10 10 15 12 13 21 19 13 16 13 13 13 13 13 12 11 10 10 11 12 11 9 7 6 6 9 9 10 11 11 11 10 10 10 10 10 10 11 12 13 14 7 7 8 8 9 8 8 8 12 10 8 8 9 8 6 5 10 8 6 6 9 11 11 11 6 5 5 7 10 11 11 10 9 8 9 11 15 19 21 21 13 14 15 15 13 12 13 15 19 18 18 18 17 17 18 18 18 19 21 22 21 19 17 16 18 18 18 16 16 18 23 24 21 24 21 20 26 36 64 101 144 183 207 212 220 229 230 232 226 227 230 231 231 231 232 233 237 236 235 234 234 234 235 236 239 238 237 236 236 237 238 239 237 239 241 241 239 238 238 239 236 240 243 242 239 237 240 244 237 239 242 242 240 238 238 238 238 242 245 243 240 238 241 245 242 242 242 242 242 241 241 241 236 241 243 241 240 242 243 241 245 245 245 245 245 244 243 243 245 245 247 248
219 218 217 217 218 218 215 213 216 216 216 217 217 218 218 218 220 219 218 218 217 216 215 215 218 218 218 218 218 218 218 218 217 216 215 214 214 215 216 217 218 218 218 218 218 218 218 218 220 218 215 214 215 216 216 215 220 219 217 216 215 215 216 217 218 220 222 222 220 217 217 217 220 220 220 220 220 220 220 220 223 222 220 219 219 220 222 223 220 222 224 223 221 219 219 220 220 219 217 216 216 217 219 220 219 219 219 218 218 217 217 217 216 220 222 220 214 212 214 218 217 217 217 217 217 217 217 217 213 213 216 216 216 215 216 216 218 217 215 211 212 216 215 208 199 191 184 131 55 35 39 18 26 25 23 21 20 21 21 22 19 21 20 15 15 19 20 18 12 16 19 19 17 15 15 17 17 15 14 14 15 16 16 14 17 15 13 14 17 17 15 13 18 19 19 17 15 13 13 14 18 17 14 12 12 14 17 18 18 16 14 12 11 11 11 12 13 11 13 17 18 14 13 16 14 14 14 14 14 14 14 14 15 14 12 12 12 12 14 15 13 16 16 13 14 17 18 15 16 13 11 12 15 17 16 14 17 20 21 19 16 15 18 21 26 23 20 21 24 26 24 22 24 28 30 27 20 15 16 19 20 19 19 20 20 19 16 13 13 18 16 16 24 21 14 17 14 14 14 14 14 13 12 11 14 16 18 17 15 11 9 8 11 12 13 14 14 15 14 14 11 11 10 10 11 13 15 17 16 16 16 16 15 14 13 12 12 11 9 9 10 9 8 6 15 12 10 9 10 11 12 11 10 9 9 11 14 16 16 15 23 21 19 19 20 21 20 19 17 18 19 19 18 17 19 20 20 19 18 17 18 19 21 22 23 24 27 28 28 25 22 20 25 25 23 20 18 19 23 24 28 31 27 28 34 40 61 93 132 176 204 209 217 225 227 229 229 232 236 237 237 236 237 238 237 236 235 233 233 234 235 236 239 238 236 236 236 236 238 239 236 239 241 242 240 238 238 238 235 239 242 241 237 236 239 243 235 237 240 240 239 237 237 238 241 244 245 243 239 239 244 250 247 246 245 244 243 241 240 240 238 243 245 242 241 243 243 241 242 243 243 244 244 243 242 242 245 246 247 248
216 216 215 214 215 216 217 219 212 213 215 216 217 217 216 215 218 218 218 218 218 218 218 218 214 215 217 218 218 217 215 214 214 215 217 217 215 215 217 218 218 217 217 216 216 217 218 218 220 216 212 212 215 218 218 217 216 216 216 217 217 218 218 218 218 218 218 218 218 218 218 218 219 220 220 221 221 220 220 219 221 220 218 217 217 218 220 221 219 219 219 219 219 219 219 219 216 217 217 218 218 219 219 220 221 221 220 219 219 220 221 221 219 219 218 217 217 216 215 215 215 215 215 216 216 217 217 218 212 213 216 215 213 212 215 216 215 214 216 215 214 213 214 212 210 188 180 137 53 52 33 31 32 31 28 24 21 20 21 23 18 18 17 18 18 20 21 22 16 17 19 20 21 20 20 19 15 15 15 16 16 16 17 17 19 15 15 19 18 15 18 25 17 19 19 16 12 10 12 14 17 17 16 14 13 13 17 20 17 17 17 17 16 13 11 9 11 9 12 17 19 16 16 19 12 12 12 14 17 17 15 12 17 17 14 10 12 17 17 14 16 14 12 14 18 21 21 19 14 15 15 13 16 20 19 15 18 19 19 18 18 20 24 27 18 19 20 21 24 26 28 30 17 24 25 17 11 13 20 24 12 15 17 16 18 20 17 11 11 13 14 13 15 20 18 14 13 14 14 15 15 16 16 16 12 14 15 15 13 11 11 12 13 9 15 18 13 14 17 11 11 15 17 15 12 12 17 22 17 18 17 11 6 7 14 21 12 14 13 8 7 11 12 10 16 13 10 10 13 15 15 13 10 9 9 11 15 18 20 19 13 16 19 20 19 18 19 19 16 18 20 20 19 19 20 22 15 19 24 24 22 20 20 21 22 22 21 21 21 22 23 23 22 24 25 25 23 23 24 24 21 23 30 38 43 54 72 85 127 161 198 215 217 219 227 233 233 234 235 236 236 236 236 236 238 234 233 235 235 233 234 238 233 233 233 233 233 232 232 232 235 235 237 238 239 240 240 240 241 239 238 238 240 242 242 241 240 237 238 241 242 240 240 244 241 241 243 245 246 246 246 246 238 241 244 244 241 239 240 241 237 239 241 243 244 243 241 240 241 245 249 252 251 248 247 246 241 241 242 243
217 216 215 215 215 216 218 219 214 214 215 216 216 216 215 215 217 217 217 217 217 217 217 217 214 215 217 218 218 217 215 214 214 215 217 217 215 215 217 218 217 217 216 216 216 216 217 217 219 217 214 214 215 216 216 216 216 216 216 217 217 218 218 218 218 218 218 218 218 218 218 218 219 219 220 220 220 220 219 219 220 220 218 218 218 218 220 220 219 219 219 219 219 219 219 219 219 219 219 219 219 220 220 220 217 216 216 215 215 216 216 217 219 219 218 217 217 216 215 215 214 214 215 215 216 216 216 217 211 212 215 214 212 211 214 215 213 212 213 212 211 209 210 210 207 192 179 135 71 72 44 31 27 26 24 21 18 17 18 19 21 21 20 20 20 21 22 23 18 19 20 21 22 21 20 19 13 13 14 16 17 19 20 20 21 17 17 19 18 14 17 23 20 20 20 18 15 14 14 15 18 18 18 16 15 15 18 20 18 18 19 19 17 16 14 13 13 11 13 18 19 17 16 19 16 15 15 16 18 19 17 16 15 16 14 11 13 19 20 17 17 15 14 15 19 22 22 20 14 16 15 14 16 20 20 16 19 20 20 19 18 18 20 22 16 17 18 19 22 25 27 28 16 22 23 16 9 12 17 21 18 19 17 14 15 18 17 12 15 17 17 16 18 22 20 16 13 13 14 14 15 15 15 15 17 18 18 16 13 10 9 9 17 12 16 19 13 15 18 12 12 15 17 16 13 13 17 22 17 18 18 15 11 10 13 16 14 16 15 10 10 13 14 12 14 11 8 8 10 12 11 10 14 12 11 12 15 17 17 16 15 18 20 20 20 19 20 22 13 15 16 16 14 14 15 17 18 21 24 25 23 21 22 24 22 22 22 23 23 23 23 23 22 24 25 25 24 24 26 25 29 27 30 39 49 67 91 109 139 169 202 214 217 218 228 235 232 233 234 235 235 235 234 234 237 234 233 235 235 233 234 237 235 235 235 235 235 235 235 236 236 236 237 238 239 239 239 239 239 237 236 236 238 240 239 239 239 237 237 241 241 238 238 240 240 240 241 241 241 240 239 238 238 241 244 244 241 240 240 241 239 240 241 242 242 242 241 241 240 242 244 245 243 242 243 244 243 243 243 243
217 217 216 216 216 217 218 219 216 216 215 214 214 214 215 215 215 215 215 215 215 215 215 215 214 215 216 217 217 216 215 214 214 215 217 217 215 215 217 218 217 216 215 215 215 215 216 216 216 217 218 216 214 213 214 215 216 216 216 216 217 217 217 217 218 218 218 218 218 218 218 218 218 218 219 219 219 219 218 218 220 219 219 218 218 219 219 220 219 219 219 219 219 219 219 219 221 221 221 220 220 220 220 220 215 215 214 213 213 214 215 215 219 219 218 217 217 216 215 215 214 214 214 214 215 215 215 215 211 212 215 214 212 211 214 215 214 213 214 212 210 208 209 208 204 200 181 144 104 97 57 35 31 30 28 26 25 24 23 23 22 22 21 20 20 20 20 21 19 20 20 21 20 20 19 18 15 16 16 17 18 19 19 20 21 19 18 19 17 15 17 22 24 22 20 20 20 19 18 16 16 17 18 17 16 15 16 18 18 18 18 18 18 17 15 15 17 14 15 19 20 17 16 19 18 16 15 15 17 18 18 17 17 18 15 12 15 20 20 17 16 15 14 15 18 20 20 20 15 17 16 14 17 21 21 16 20 21 22 21 18 16 16 17 14 15 16 18 20 23 25 27 21 27 27 20 15 16 21 23 22 22 18 13 13 17 17 14 16 18 18 16 18 21 20 15 13 14 14 14 14 15 15 15 18 19 19 17 14 11 10 10 20 13 16 18 11 13 17 12 16 19 21 20 17 17 21 25 15 16 17 16 14 12 10 8 14 16 14 10 9 13 14 12 17 15 13 12 13 13 13 12 18 16 13 13 14 15 14 13 16 18 19 19 18 18 21 23 16 18 19 18 16 15 16 17 20 21 23 23 22 21 23 24 22 23 24 25 25 24 23 22 25 27 29 29 29 29 31 31 29 23 24 34 52 77 111 137 156 180 206 213 215 218 227 234 230 231 232 233 233 233 233 232 236 233 232 235 235 232 233 236 236 236 236 236 237 238 239 240 238 238 238 238 238 238 238 238 239 237 236 236 238 240 239 239 238 235 237 240 240 236 234 236 238 239 239 239 239 238 237 237 238 240 243 243 242 240 240 241 243 242 242 241 241 241 241 241 242 242 242 240 238 238 241 243 246 245 243 242
217 217 217 217 217 218 218 219 218 217 215 214 213 213 214 215 215 215 215 215 215 215 215 215 214 215 216 216 216 216 215 214 214 215 217 217 215 215 217 218 216 216 215 214 214 214 215 215 215 218 220 218 214 211 212 214 216 216 216 216 216 216 216 217 218 218 218 218 218 218 218 218 217 218 218 219 219 218 218 217 219 219 219 219 219 219 219 219 219 219 219 219 219 219 219 219 221 221 221 220 219 219 218 218 217 217 216 215 215 216 217 217 218 218 218 217 217 216 216 216 214 214 214 214 214 214 214 214 212 214 216 215 213 212 215 217 217 216 216 214 212 210 210 209 202 200 184 161 136 105 59 40 34 32 30 29 28 28 27 25 21 20 19 18 17 16 16 17 19 19 19 18 18 17 16 16 21 21 20 19 18 16 15 15 19 19 18 18 17 16 19 22 24 21 19 20 22 22 19 15 13 15 17 16 15 14 14 15 16 16 16 16 16 16 15 15 19 16 16 20 19 16 16 19 17 15 12 12 14 15 16 15 19 20 17 14 15 19 18 14 14 13 13 13 15 16 17 18 15 17 16 15 17 21 21 17 17 19 22 21 18 16 14 14 14 15 15 17 19 22 24 25 25 29 30 23 18 20 23 24 21 21 18 14 14 18 18 14 15 17 16 14 15 18 16 11 15 15 15 15 16 16 16 16 15 17 18 18 16 14 14 15 21 14 15 15 8 10 15 10 15 17 18 18 17 17 19 22 16 15 13 13 13 11 7 4 11 13 11 7 7 11 12 10 18 17 16 15 15 14 13 12 18 16 14 13 14 15 14 13 16 17 17 16 15 17 20 23 19 20 21 20 18 16 17 18 20 20 20 20 20 20 22 23 22 24 26 27 27 25 22 21 23 25 27 28 28 28 31 31 27 24 28 37 52 78 121 157 170 190 212 218 216 220 227 232 229 229 230 231 232 232 231 231 235 232 232 235 235 232 232 235 236 236 236 236 237 239 240 242 239 239 238 238 237 237 238 238 241 239 238 238 240 242 242 241 237 235 236 240 239 234 232 234 237 237 239 241 242 242 242 242 238 240 242 243 243 242 241 241 246 244 242 240 239 240 241 242 244 245 244 243 240 240 241 243 247 245 242 240
216 216 216 217 217 218 218 218 218 217 215 214 213 213 214 215 215 215 215 215 215 215 215 215 214 215 215 215 215 215 215 214 214 215 217 217 215 215 217 218 217 216 215 214 214 214 214 214 214 217 219 218 214 211 212 214 216 216 216 216 216 216 216 215 218 218 218 218 218 218 218 218 217 218 218 219 219 218 218 217 219 219 219 219 219 219 219 219 219 219 219 219 219 219 219 219 220 220 219 219 218 217 217 217 218 218 217 217 217 217 218 218 218 218 217 217 217 217 216 216 214 214 214 214 214 214 214 214 214 215 218 217 215 214 217 218 217 216 216 214 212 210 210 209 198 194 186 178 157 100 60 46 34 31 27 26 26 26 25 23 21 20 19 17 16 16 16 16 20 20 19 18 18 17 17 17 22 21 20 19 17 16 15 14 15 17 17 16 15 18 21 23 21 19 17 18 21 21 17 13 13 15 17 17 15 14 15 16 17 17 17 16 16 16 16 16 20 16 16 18 18 15 15 18 17 14 12 11 13 14 14 14 15 17 15 13 15 19 18 14 14 14 14 14 14 15 17 18 15 16 16 14 17 21 20 16 13 16 19 20 18 16 15 14 16 16 17 17 19 21 23 24 21 25 25 19 16 18 20 20 16 18 17 15 17 20 19 14 14 16 15 13 15 17 16 11 17 17 17 17 17 17 17 17 16 17 19 18 16 15 15 15 22 15 17 17 9 11 15 10 9 10 12 13 12 13 14 15 20 17 13 11 11 10 9 8 9 12 10 6 7 11 12 10 13 13 13 12 11 9 9 9 15 13 12 12 14 15 15 14 17 18 18 17 16 18 21 23 16 17 18 17 15 13 14 15 22 21 20 20 21 22 23 23 23 24 26 27 26 24 22 20 18 20 22 22 22 23 25 25 27 27 39 49 58 80 128 173 182 200 219 223 221 221 224 226 229 229 230 231 232 232 231 231 235 232 233 236 236 233 232 235 236 235 234 234 235 237 240 241 240 239 238 237 237 237 238 239 241 239 238 238 240 242 242 241 237 235 236 239 238 234 232 234 238 239 240 242 243 244 244 244 238 239 240 242 243 243 242 240 247 245 242 240 239 240 242 243 243 245 246 246 243 242 241 242 245 243 241 238
214 215 216 217 217 217 216 216 216 216 215 214 214 214 215 215 215 215 215 215 215 215 215 215 214 214 214 214 214 214 214 214 214 215 217 217 215 215 217 218 218 217 216 215 214 214 214 214 215 216 216 215 213 212 213 214 216 216 216 216 215 215 215 215 218 218 218 218 218 218 218 218 218 218 219 219 219 219 218 218 218 219 219 220 220 219 219 218 219 219 219 219 219 219 219 219 218 218 218 218 218 217 217 217 217 217 216 216 216 216 217 217 217 217 217 217 217 217 217 217 215 215 215 215 214 214 214 214 214 215 218 217 215 214 217 218 215 214 215 213 211 209 210 209 194 190 190 187 163 100 78 58 39 34 28 26 27 27 26 24 23 22 21 19 18 18 18 18 21 21 20 19 19 19 19 20 17 17 17 17 18 18 18 18 13 17 17 14 13 17 20 20 17 16 16 17 18 17 15 12 16 17 18 17 16 15 16 18 19 19 18 16 16 16 16 17 18 14 13 15 15 13 13 17 17 15 13 13 14 15 14 13 9 11 11 10 13 18 18 14 14 16 16 16 15 15 17 19 13 15 15 13 16 20 19 15 10 13 17 18 17 16 15 16 18 18 17 17 18 19 20 21 19 23 24 19 17 20 21 20 14 16 16 14 16 20 18 14 14 16 16 14 16 19 17 12 18 17 17 17 17 16 16 16 19 20 21 19 15 12 11 11 22 16 19 19 12 13 17 11 11 12 13 14 15 15 15 15 22 19 16 12 10 11 13 15 11 13 12 8 9 13 14 12 11 13 14 13 11 10 9 10 13 11 10 10 13 14 14 14 18 19 20 20 19 20 22 24 16 17 18 17 15 14 15 17 23 22 21 22 24 25 24 23 24 24 25 25 25 23 21 20 20 22 24 25 24 25 26 24 22 24 41 54 63 82 132 178 189 205 222 227 225 225 225 225 230 231 232 233 233 233 233 232 236 233 234 238 238 234 233 236 237 235 234 233 234 236 238 240 239 238 237 236 236 238 239 240 239 237 236 236 238 240 239 239 239 236 236 238 238 235 235 238 241 241 241 242 241 240 240 239 239 238 239 242 244 244 242 240 246 244 242 240 240 241 243 244 240 242 244 245 243 241 241 241 244 242 241 239
212 213 215 216 216 216 215 214 214 214 215 216 216 216 215 215 213 213 213 213 213 213 213 213 215 214 214 214 214 214 214 215 214 215 217 217 215 215 217 218 220 219 217 216 215 215 215 215 217 215 213 212 213 214 215 214 216 216 216 215 215 214 214 214 218 218 218 218 218 218 218 218 219 219 220 220 220 220 219 219 218 218 220 220 220 220 218 218 219 219 219 219 219 219 219 219 218 218 218 219 219 219 219 219 217 217 216 216 216 216 217 217 217 217 217 217 217 217 217 217 217 216 216 216 215 215 214 214 212 213 216 215 213 212 215 216 215 214 215 214 213 211 212 212 198 197 202 192 166 118 117 80 46 39 30 27 28 29 28 24 22 21 20 19 18 18 18 18 18 17 16 16 16 17 18 19 15 15 16 16 17 17 18 18 15 19 18 12 10 14 16 14 13 15 17 18 16 14 13 13 14 15 15 13 12 12 14 17 18 17 15 13 12 12 12 12 15 11 10 12 13 10 12 16 15 13 12 13 14 14 12 10 9 11 10 9 10 14 12 8 11 13 14 13 11 11 14 17 12 14 14 12 14 19 18 14 11 13 16 16 15 14 14 15 19 18 17 16 16 16 16 16 18 22 23 20 19 22 23 21 17 17 14 11 12 17 17 13 11 13 13 12 14 18 17 12 16 16 15 15 15 14 14 14 18 20 20 18 14 12 11 11 18 12 16 18 11 12 15 9 13 13 14 16 18 18 17 16 17 17 16 13 9 8 12 16 10 12 11 8 8 13 14 13 10 13 16 15 13 11 11 13 12 10 9 9 11 12 12 11 14 16 18 19 18 18 19 21 14 16 17 17 15 15 16 18 20 19 19 21 24 24 22 19 25 24 24 23 22 21 21 20 24 26 27 27 26 26 28 25 21 20 35 54 70 91 139 182 195 208 223 226 226 227 228 227 232 233 234 235 235 235 234 234 236 234 235 239 239 235 234 236 239 237 235 233 233 235 238 240 238 237 236 235 236 238 240 242 239 237 236 236 238 240 239 239 242 238 236 238 239 237 239 243 241 241 241 242 241 240 240 239 239 238 238 241 244 245 243 240 244 243 242 241 242 243 244 245 241 242 242 242 240 240 242 244 243 243 242 242
211 212 214 215 216 215 214 213 212 213 215 216 217 217 216 215 212 212 212 212 212 212 212 212 215 214 214 213 213 214 214 215 214 215 217 217 215 215 217 218 220 220 218 217 216 215 215 216 218 214 210 210 213 216 216 215 216 216 216 215 215 214 214 214 216 216 218 216 218 216 218 216 219 218 220 219 221 218 220 219 217 218 220 221 221 220 218 217 219 219 219 219 219 219 219 219 218 219 219 220 220 221 221 222 219 219 218 217 217 218 219 219 217 217 217 217 217 217 217 217 218 217 217 216 216 215 215 215 210 211 214 213 211 210 213 214 217 216 218 217 216 215 216 216 202 204 212 189 166 135 151 95 44 33 25 18 21 21 23 19 19 18 17 16 16 16 16 17 13 12 11 11 13 15 17 18 18 17 17 16 15 15 14 14 17 21 19 12 8 11 12 9 11 15 19 19 15 13 13 14 11 11 10 8 6 7 10 13 14 12 10 8 6 6 6 6 13 9 8 10 11 9 11 15 11 10 10 11 12 11 8 5 14 15 13 8 7 8 4 0 7 9 10 9 7 6 9 12 11 13 13 11 14 18 17 13 12 14 16 15 14 13 13 14 18 18 16 15 13 13 13 13 13 16 17 15 15 19 20 17 21 19 14 8 8 13 15 13 7 9 10 9 11 15 14 10 14 14 14 13 15 14 14 13 14 16 17 17 15 13 13 14 12 7 12 15 8 9 11 4 8 8 9 11 13 13 12 10 9 12 14 11 6 4 8 13 8 10 9 5 6 10 12 10 4 8 11 11 9 7 8 10 12 10 8 8 10 10 10 9 9 11 15 16 15 14 14 15 8 9 11 11 10 10 12 13 15 14 15 18 21 21 17 13 25 24 23 21 20 20 20 20 20 21 23 22 21 20 22 19 25 21 32 57 81 107 151 193 199 212 222 224 225 227 229 229 233 234 235 236 236 236 236 236 237 235 236 240 240 236 235 237 241 239 236 234 234 235 238 240 238 237 236 235 236 239 241 243 241 239 238 238 240 242 242 241 243 239 237 238 239 238 242 247 238 239 241 242 244 244 244 244 239 238 238 241 244 245 243 240 242 242 242 242 243 244 245 245 244 244 242 240 239 241 246 250 243 243 244 245
213 213 213 213 213 213 213 213 215 216 216 216 216 215 214 213 214 214 214 214 214 214 214 214 214 212 212 213 215 216 215 214 214 213 212 212 213 216 219 221 214 217 219 218 214 213 215 218 217 217 216 217 218 217 214 212 210 213 217 218 217 215 215 215 212 212 214 213 216 215 217 217 215 214 215 214 215 214 215 215 214 215 216 216 217 218 219 219 217 218 218 218 218 218 218 219 220 218 217 219 222 223 219 215 218 218 218 218 218 218 218 218 216 216 216 216 217 218 219 219 214 215 217 218 218 217 215 214 213 212 214 213 213 214 217 217 214 216 217 214 215 217 216 211 204 202 208 182 154 163 160 109 41 32 25 18 19 18 22 22 16 15 13 12 13 15 19 20 17 18 18 18 20 21 23 25 22 21 20 21 21 20 17 14 14 14 15 16 16 14 13 11 8 11 15 16 14 12 14 15 10 9 9 9 11 14 17 19 13 12 11 9 9 10 11 11 7 8 10 11 12 11 10 9 12 8 7 11 13 10 8 10 13 13 13 13 11 10 8 7 10 14 16 14 10 9 13 18 15 18 18 15 15 17 17 14 7 17 24 22 18 17 16 14 9 12 15 17 16 16 17 18 13 15 16 16 15 16 18 20 22 20 18 16 15 15 15 16 8 13 14 12 14 19 18 11 12 15 18 17 16 15 17 19 19 17 15 15 16 17 16 15 11 13 15 16 15 14 14 15 11 9 22 18 17 22 13 19 17 14 13 16 15 12 11 14 6 12 15 12 11 14 17 17 6 14 19 15 11 12 13 13 8 11 13 14 12 12 13 14 14 16 17 17 16 15 16 17 8 6 9 14 16 15 16 19 15 17 18 20 21 21 20 19 23 24 25 25 24 23 21 20 20 20 23 27 26 22 21 21 12 27 31 55 86 115 163 197 202 210 219 225 228 229 227 228 229 230 232 234 236 237 238 238 235 236 237 239 239 238 237 237 237 236 235 234 235 236 238 239 234 234 233 234 235 238 240 241 238 239 240 241 241 241 241 240 236 237 235 232 236 244 247 245 235 237 239 242 244 244 244 244 242 236 235 240 242 238 237 241 237 242 243 240 239 243 246 245 236 239 241 243 243 245 248 250 238 240 243 244
213 213 213 213 213 213 213 213 215 216 216 216 216 215 214 213 214 214 214 214 214 214 214 214 214 213 212 213 215 216 215 214 216 214 213 212 212 213 215 216 215 216 217 217 215 215 216 217 216 215 215 216 217 217 215 212 210 213 217 218 217 215 215 215 212 213 213 214 214 215 215 216 214 214 214 214 214 214 214 215 215 215 216 217 218 218 219 219 218 218 218 218 218 218 218 218 217 216 217 218 219 219 217 215 217 217 217 217 217 217 217 217 217 217 216 216 216 217 218 218 215 215 217 217 217 217 215 215 212 212 213 213 213 213 216 217 214 216 217 214 215 217 217 210 210 202 203 186 170 186 176 124 57 42 28 22 19 16 17 21 18 18 18 18 17 16 17 16 14 15 18 19 19 19 21 21 14 12 13 15 18 19 18 16 14 15 16 16 16 15 13 12 10 13 15 15 12 11 11 12 12 11 10 9 10 12 14 15 16 16 14 13 13 13 14 14 9 9 10 10 11 11 11 11 13 9 9 12 14 11 10 11 11 11 11 12 12 12 13 13 11 14 16 14 10 9 12 16 15 17 16 12 12 15 17 14 12 19 23 18 14 14 16 16 11 13 16 17 16 15 16 17 14 16 17 17 16 17 19 21 20 18 16 15 13 13 13 14 8 12 12 11 13 16 15 9 13 15 17 17 15 13 14 14 18 15 14 14 16 16 15 14 11 13 14 14 12 11 12 13 12 8 17 11 10 15 8 16 18 14 13 15 15 11 11 14 8 13 14 10 7 9 11 10 9 16 19 15 11 12 14 14 9 10 12 12 12 12 12 13 12 14 16 16 14 13 14 15 12 10 11 16 16 14 14 17 19 20 22 24 24 24 24 23 20 21 22 23 23 22 20 19 20 19 20 24 23 21 24 26 21 35 42 69 102 128 168 195 206 212 221 227 230 230 228 228 229 230 232 233 235 236 236 237 234 235 236 238 238 238 237 236 236 235 234 234 234 236 237 238 234 234 233 234 235 237 238 240 237 238 240 241 242 241 240 239 238 240 238 234 234 240 243 243 239 239 240 241 242 242 241 241 242 237 236 241 243 240 240 242 239 243 245 241 240 243 244 242 242 244 244 243 242 241 241 243 240 242 244 244
213 213 213 213 213 213 213 213 215 216 216 216 216 215 214 213 213 213 213 213 213 213 213 213 215 213 213 213 215 216 215 214 217 216 214 212 211 210 211 212 217 215 214 215 216 217 216 215 214 213 213 215 216 217 215 213 211 214 217 217 216 215 215 215 215 215 215 215 215 215 215 215 215 215 215 215 215 215 215 215 216 216 216 217 218 218 219 219 220 219 219 218 218 217 217 216 213 215 217 217 216 215 215 215 216 216 216 216 216 216 216 216 218 217 217 216 216 216 216 217 215 216 216 217 217 216 216 215 212 211 213 212 212 212 215 216 215 216 217 215 216 218 218 210 213 199 194 185 183 201 185 132 82 56 34 27 23 15 15 22 21 21 22 22 20 17 15 13 13 14 18 20 20 20 20 19 11 9 10 13 17 19 18 17 15 15 16 16 15 15 13 13 11 13 14 13 11 9 9 9 13 11 10 9 9 10 11 12 14 13 12 11 10 11 11 11 11 10 9 9 9 10 12 13 15 10 9 13 15 12 11 12 13 12 11 10 11 12 14 15 11 14 16 14 10 8 10 13 14 16 14 9 9 14 16 15 16 20 20 14 10 13 17 18 13 15 17 17 16 14 15 16 15 17 18 18 17 17 19 21 20 19 17 16 14 14 14 14 11 13 13 12 13 15 15 10 15 14 14 13 13 13 12 9 17 15 15 16 18 18 16 13 14 15 15 13 11 10 11 13 14 8 15 7 5 11 6 14 18 14 13 15 14 10 10 14 7 12 12 8 7 9 9 8 13 18 19 14 10 12 14 14 11 10 9 10 12 13 12 11 14 15 17 17 15 14 15 15 16 14 14 17 17 13 12 15 17 18 19 20 21 21 21 21 19 20 22 23 21 21 20 19 20 18 18 20 19 19 25 29 31 45 56 89 127 148 177 194 208 215 223 230 232 232 229 228 230 230 231 232 233 234 235 235 234 234 235 236 237 236 236 236 234 234 234 233 234 235 236 236 234 234 234 234 234 235 237 237 236 238 240 242 242 241 239 238 241 245 244 237 234 238 242 244 242 242 241 240 239 239 239 239 240 237 236 241 243 242 242 243 239 245 247 243 241 243 242 239 244 245 245 243 240 238 238 239 243 244 245 244
214 214 214 214 214 214 214 214 215 216 216 216 216 215 214 213 213 213 213 213 213 213 213 213 216 214 213 214 216 216 215 214 217 216 214 213 212 211 211 212 218 215 212 214 217 218 216 213 213 212 212 213 215 216 215 214 212 215 217 217 215 214 215 215 216 215 215 215 215 215 215 214 215 215 215 215 215 215 215 215 216 217 217 218 218 219 219 219 221 220 219 219 217 217 216 215 213 216 218 217 214 213 214 217 215 215 215 215 215 215 215 215 219 218 217 216 215 215 215 215 216 216 216 216 216 216 216 216 212 212 213 212 212 212 214 215 215 217 218 215 216 219 219 212 214 200 191 185 190 203 183 135 100 67 38 30 25 16 15 24 22 22 21 20 18 16 15 14 15 16 20 22 24 23 22 18 18 15 14 15 17 18 16 15 14 14 14 14 14 13 13 12 11 11 11 11 10 9 9 9 11 10 9 9 9 9 10 11 12 11 11 10 10 10 10 10 13 11 9 8 8 10 13 15 15 10 9 12 13 11 11 13 17 15 12 9 8 9 10 11 12 14 15 14 11 8 9 10 12 15 14 11 11 15 16 14 15 18 18 13 11 15 18 18 16 18 18 17 15 13 14 15 14 16 18 18 17 16 18 19 22 21 20 19 18 17 16 16 16 16 16 16 16 17 16 13 15 12 11 11 14 15 14 10 17 15 16 19 20 20 17 14 17 17 16 14 11 10 11 13 15 9 17 9 8 14 8 17 19 15 13 14 13 10 10 13 6 10 11 9 9 12 13 11 16 19 18 13 10 12 14 13 12 10 8 9 11 12 11 10 17 19 20 20 18 17 17 18 17 15 15 18 18 14 13 16 15 15 16 17 18 18 19 19 19 20 22 23 22 22 21 20 20 18 18 21 19 19 24 28 34 49 64 105 149 169 189 198 210 216 224 230 232 231 228 227 231 231 231 231 232 233 233 234 233 234 234 235 235 236 236 236 233 233 233 233 234 234 235 235 235 234 234 234 234 235 235 235 235 237 240 242 242 241 239 237 242 247 248 241 236 239 244 247 243 242 240 238 238 238 239 240 238 236 236 239 242 243 243 243 238 244 247 245 243 244 243 240 239 241 242 242 240 240 241 242 242 244 245 244
214 214 214 214 214 214 214 214 215 216 216 216 216 215 214 213 213 213 213 213 213 213 213 213 217 215 214 214 216 216 215 214 216 215 215 214 214 214 215 215 217 214 212 213 216 218 215 212 214 212 211 212 215 216 216 215 214 215 217 216 215 214 214 215 216 215 215 215 215 215 215 214 215 215 215 215 215 215 215 215 217 218 218 218 218 219 219 219 221 220 219 219 217 217 216 215 215 217 219 218 215 214 216 219 215 215 215 215 215 215 215 215 218 217 216 215 215 215 215 215 216 216 216 216 216 216 216 216 213 213 213 213 212 212 214 215 215 217 218 216 217 220 220 213 216 207 199 193 198 204 183 147 106 74 42 29 22 14 14 21 20 19 17 15 14 14 17 17 16 16 19 21 24 23 21 17 22 18 16 16 16 16 15 13 14 13 13 12 12 11 11 11 9 9 8 9 10 11 11 11 8 8 9 9 10 11 12 12 14 14 14 14 14 13 13 12 14 12 9 7 8 10 14 16 14 9 7 10 11 10 10 12 16 14 11 8 7 8 9 10 13 14 15 14 12 10 9 9 10 14 16 14 14 17 17 13 10 15 17 15 15 18 20 18 19 19 19 17 14 13 13 15 12 14 17 17 16 15 15 16 21 21 20 19 18 16 15 15 18 16 15 16 17 16 16 14 14 11 10 12 15 18 18 15 15 13 14 17 19 18 16 13 16 16 16 13 10 8 9 10 12 8 18 13 12 18 11 19 20 15 12 13 12 9 9 13 7 10 10 8 9 13 13 9 16 19 17 12 10 12 14 12 13 12 10 9 10 11 11 11 18 19 21 20 18 16 17 17 15 13 14 18 19 16 16 19 17 17 17 18 19 20 21 21 23 24 24 25 26 25 22 22 21 20 19 22 22 20 20 23 31 47 65 113 163 185 200 205 213 218 224 229 230 229 226 226 231 231 231 230 231 232 234 235 234 234 234 234 235 235 236 236 232 233 233 234 234 235 235 235 234 235 235 235 235 235 235 235 236 237 239 241 241 240 239 238 238 244 245 239 235 239 245 249 241 240 239 238 238 240 241 242 237 237 237 238 241 244 243 242 236 242 246 245 244 246 245 243 238 240 241 241 240 240 242 244 240 242 244 244
215 215 215 215 215 215 215 215 215 216 216 216 216 215 214 213 214 214 214 214 214 214 214 214 218 216 215 215 216 217 215 214 214 214 214 215 216 216 216 217 215 214 213 214 215 216 215 213 216 214 212 213 215 216 216 215 215 216 217 216 214 213 214 215 215 215 215 215 215 215 215 215 215 215 215 215 215 215 215 215 218 218 218 219 219 219 219 219 220 219 219 218 218 217 217 216 218 218 219 217 216 216 218 220 215 215 215 215 215 215 215 215 217 216 215 215 214 215 215 216 217 216 216 215 215 216 216 217 215 214 215 214 213 213 215 215 215 217 219 217 218 221 221 214 210 208 202 197 202 202 182 158 111 85 53 32 21 15 14 16 18 16 14 12 12 13 17 19 16 14 15 17 20 21 18 14 17 13 12 12 14 15 15 14 14 14 13 12 11 11 12 12 10 8 7 8 10 12 12 12 8 8 9 10 11 12 13 13 13 13 13 14 13 12 11 10 14 12 10 8 9 11 14 16 14 9 6 9 10 9 9 12 12 11 10 9 10 11 12 13 13 14 15 15 14 13 11 10 11 14 15 13 14 17 17 14 10 15 18 18 19 21 20 16 20 20 19 17 14 13 14 15 11 14 16 17 15 14 13 14 17 17 17 16 15 13 12 11 16 11 10 13 14 12 13 14 13 12 12 13 15 18 20 20 12 10 10 12 15 15 13 11 12 13 14 13 10 7 6 7 9 6 17 12 11 18 11 18 20 15 12 12 11 8 9 12 10 11 10 6 7 9 7 2 14 16 15 11 10 13 13 10 13 14 13 11 9 9 12 14 15 17 18 17 15 13 13 14 13 11 13 18 19 17 17 20 16 16 16 16 17 18 19 20 25 26 28 27 27 26 23 22 22 21 21 24 24 19 21 23 32 48 66 116 169 192 208 212 217 220 225 227 227 227 226 227 232 231 230 230 231 233 235 237 235 235 235 234 235 236 237 237 233 233 234 235 236 235 235 235 234 235 236 237 237 237 237 237 237 237 238 239 239 239 239 239 234 238 239 234 233 238 244 246 239 239 239 240 241 242 244 244 238 239 239 238 241 245 244 241 236 242 245 244 243 246 247 245 243 244 244 243 240 239 239 240 240 242 244 244
215 215 215 215 215 215 215 215 215 216 216 216 216 215 214 213 215 215 215 215 215 215 215 215 218 217 215 215 216 217 215 213 213 213 214 215 215 215 215 215 213 214 215 215 213 213 214 215 219 216 214 213 215 216 216 215 216 217 217 215 213 213 214 215 215 216 216 217 217 218 218 219 217 217 217 217 217 217 217 217 219 219 219 219 219 219 219 219 218 218 218 218 218 218 218 218 220 218 216 216 217 218 219 218 216 216 216 216 216 216 216 216 215 215 214 214 214 215 216 217 217 217 215 215 215 215 217 217 216 216 216 215 214 214 216 216 215 217 219 217 219 222 222 215 207 207 200 197 203 198 176 160 125 107 76 44 26 22 19 14 16 15 15 14 14 14 16 16 18 14 14 15 19 20 18 14 14 10 9 10 12 15 15 15 17 16 14 13 13 13 14 15 13 10 8 8 10 12 12 11 11 11 12 12 12 12 11 11 10 10 11 11 11 10 8 8 13 12 10 9 10 12 14 15 16 10 7 9 11 10 10 13 12 12 13 13 13 14 14 14 13 14 15 16 17 16 13 11 13 14 12 8 9 15 18 17 16 19 20 19 19 21 19 14 20 20 19 17 14 13 15 17 12 14 17 18 16 14 14 14 15 16 16 15 14 12 10 9 14 9 8 12 14 11 13 15 13 13 15 14 13 15 19 20 14 11 10 12 14 15 15 14 11 13 16 16 14 10 8 8 13 8 17 10 9 16 10 19 21 16 12 12 10 7 8 12 12 12 10 6 8 10 8 2 10 13 13 11 11 14 13 9 13 16 18 14 8 7 12 18 15 16 17 16 14 12 12 13 13 11 12 17 18 16 16 19 16 15 15 15 15 17 19 20 27 27 29 29 27 26 24 21 24 20 20 23 21 21 26 29 40 54 70 118 170 194 212 217 222 224 226 226 226 227 227 229 232 231 230 231 232 235 238 239 237 236 235 235 235 237 238 239 233 234 235 237 237 237 236 235 233 234 236 238 239 239 239 239 238 238 237 237 237 238 240 240 237 238 237 233 234 240 244 243 240 240 241 243 243 244 244 244 241 243 243 240 242 247 246 241 240 244 246 243 242 245 246 245 246 247 247 244 241 238 238 239 241 243 245 246
215 215 215 215 215 215 215 215 215 216 216 216 216 215 214 213 216 216 216 216 216 216 216 216 219 217 215 216 217 217 215 213 212 213 213 214 214 213 212 212 212 215 217 216 212 211 213 216 221 218 215 214 215 216 216 215 216 217 217 215 213 212 214 216 214 215 216 216 218 218 219 220 217 217 217 217 217 217 217 217 219 219 219 219 219 219 219 219 217 218 218 218 218 218 218 219 221 217 214 214 217 219 218 216 216 216 216 216 216 216 216 216 214 214 214 214 214 216 217 217 218 217 215 214 214 215 217 218 217 217 217 216 215 214 216 217 216 218 219 218 219 223 223 216 212 212 202 199 206 198 174 159 139 127 96 56 34 29 24 15 15 16 17 17 17 14 14 12 22 17 15 16 20 22 21 16 17 13 10 10 12 14 15 14 19 18 16 15 14 15 16 17 17 13 9 9 10 12 11 9 14 14 14 13 12 11 10 9 13 13 14 15 15 13 12 11 13 12 11 10 11 12 14 15 17 11 8 10 12 11 12 15 17 17 17 17 16 14 12 11 13 14 15 17 18 18 15 12 15 14 9 3 4 12 18 20 22 23 22 18 18 20 18 13 20 20 19 17 14 14 15 17 13 16 19 19 18 15 14 14 16 17 17 17 16 14 12 10 16 9 8 13 16 13 15 18 14 15 17 14 11 11 16 19 18 14 13 14 17 19 19 18 13 17 21 22 19 16 13 11 20 13 18 9 7 15 11 21 21 16 12 11 9 7 8 12 11 12 10 8 11 15 14 8 8 11 12 10 12 14 12 7 13 18 21 16 8 6 13 21 16 18 19 18 16 14 13 14 14 12 13 17 18 15 15 17 21 20 19 19 20 22 24 27 28 29 30 29 28 25 23 20 25 20 19 19 20 21 29 34 47 61 75 120 169 193 212 219 226 227 227 227 226 228 229 232 232 231 230 231 233 236 239 241 238 237 236 235 236 237 239 240 234 235 236 238 238 237 236 236 233 234 237 239 241 241 241 240 239 238 236 235 236 238 240 241 242 242 239 235 237 244 246 243 241 242 243 245 245 244 243 242 244 247 246 242 244 249 248 242 243 247 247 243 241 243 245 244 246 247 247 245 242 240 240 240 243 245 247 247
213 214 216 218 218 216 214 213 210 213 216 217 216 214 213 213 211 213 215 215 215 215 217 219 217 216 214 213 213 214 216 217 212 212 212 213 213 214 214 214 215 214 214 213 213 214 214 215 213 214 214 215 215 214 214 213 217 216 215 214 213 212 212 212 216 217 217 218 218 217 217 216 216 216 216 216 216 216 216 216 214 215 215 216 216 217 217 218 215 217 220 219 217 216 219 221 215 216 216 217 219 220 221 221 212 213 214 215 216 217 217 216 216 218 216 212 212 215 216 214 213 214 215 215 213 213 214 215 211 212 216 217 218 218 219 218 216 216 218 220 221 220 218 213 209 204 206 212 209 194 176 166 151 131 108 63 36 33 21 22 18 15 13 16 20 19 15 9 11 13 17 19 20 20 21 19 17 10 10 15 16 15 17 23 16 15 16 17 15 11 14 20 9 9 10 11 12 13 13 14 10 11 12 12 12 10 8 7 12 12 14 15 15 14 12 12 8 9 10 11 12 13 13 13 12 7 13 16 10 12 16 10 7 8 10 10 10 10 8 7 8 11 13 13 12 12 13 14 14 14 15 16 16 16 15 15 13 14 15 17 17 16 15 14 15 16 16 16 16 16 17 17 9 11 14 16 17 20 24 27 22 18 14 12 13 15 16 17 11 11 13 15 18 18 17 15 14 10 11 14 14 13 16 19 18 15 14 14 15 17 19 20 12 10 13 18 18 13 10 11 8 11 14 14 12 11 12 14 11 13 14 14 12 12 13 15 8 9 11 11 10 11 14 16 12 10 9 9 11 13 12 12 6 9 12 12 10 8 10 12 15 17 18 15 11 10 12 15 6 8 11 13 13 13 15 16 18 15 14 16 21 24 23 24 23 27 28 25 26 29 27 21 27 15 16 21 18 21 32 29 44 61 97 134 168 195 211 220 227 227 227 227 229 230 230 231 229 231 233 233 233 233 235 237 236 235 235 237 240 241 241 240 233 234 235 236 237 238 238 238 235 236 237 238 239 240 240 241 236 241 241 237 238 244 244 240 237 240 244 244 242 241 243 245 235 238 242 245 244 244 244 244 242 244 243 241 244 250 248 240 244 244 244 243 242 242 245 248 242 243 243 244 246 247 247 248 241 241 242 243
212 214 215 217 217 215 214 212 211 213 216 217 215 214 213 213 211 213 215 215 215 215 217 218 215 214 213 212 212 213 214 215 211 212 212 212 213 213 214 214 214 213 213 212 212 212 212 213 213 213 215 215 215 215 213 213 217 216 215 214 213 212 212 213 216 216 217 217 217 217 216 216 216 216 216 216 216 216 216 216 215 215 216 216 216 216 217 217 215 217 219 219 217 217 218 221 216 216 217 217 218 219 219 220 215 215 216 216 216 215 215 214 215 217 215 211 211 214 215 213 211 213 215 215 213 212 213 214 211 212 216 217 218 217 218 218 217 216 218 220 221 220 219 214 210 206 207 212 209 194 177 167 159 149 133 84 48 38 23 22 21 17 14 14 15 15 14 11 11 13 16 18 19 19 20 18 17 12 12 16 16 12 12 16 12 11 12 13 11 8 10 15 6 6 7 7 8 9 10 10 7 8 9 9 9 8 7 6 12 13 14 14 14 14 13 12 9 10 12 13 14 14 14 14 11 6 11 14 9 11 15 9 9 9 11 11 11 11 9 9 10 12 14 14 12 12 12 14 11 11 11 11 12 13 13 13 11 11 12 13 12 11 10 9 13 13 12 11 11 11 12 13 9 11 12 13 13 15 18 20 18 16 13 12 15 17 19 19 12 12 13 15 17 16 16 13 14 11 12 15 14 11 13 15 15 13 13 13 14 15 16 17 9 8 10 15 15 11 9 10 5 8 11 11 9 8 9 11 10 11 12 11 9 9 11 13 7 8 9 9 8 9 11 13 12 10 9 9 11 13 12 12 10 12 14 13 11 11 13 15 18 18 16 13 9 7 7 8 9 11 13 14 13 14 15 17 18 17 16 17 20 22 22 23 23 29 30 26 27 29 27 22 22 13 14 18 17 20 30 32 52 71 109 147 180 203 212 217 226 226 227 229 230 231 230 230 233 235 236 236 234 233 233 234 237 235 234 236 238 240 240 239 233 234 235 236 237 238 238 237 235 236 237 237 238 239 239 239 236 240 240 237 238 243 243 240 238 240 243 243 242 241 243 245 239 242 245 245 243 241 240 240 239 241 240 239 244 250 248 242 245 246 246 245 242 242 243 245 244 244 244 244 244 243 243 243 243 244 245 246
212 213 214 215 215 214 213 212 211 214 216 217 215 213 213 213 212 213 215 215 214 214 216 218 213 213 212 211 211 212 213 213 213 213 214 214 214 215 215 215 213 213 213 212 211 211 211 210 212 213 215 216 216 215 213 212 217 216 215 214 213 213 213 213 215 217 218 218 218 218 217 217 218 218 218 218 218 218 218 218 217 217 216 216 216 216 215 215 216 217 218 218 217 217 218 220 217 217 217 217 217 217 217 217 218 217 217 216 215 214 213 213 213 216 215 211 210 214 214 211 210 212 214 215 213 212 212 212 211 212 216 217 218 217 218 217 217 216 218 220 221 220 220 215 213 208 208 211 207 194 179 171 174 171 156 99 55 43 26 24 22 20 16 13 11 11 13 13 12 13 16 17 18 18 19 18 14 11 12 16 16 12 10 12 14 12 12 14 13 10 12 16 9 9 9 10 11 11 12 12 9 9 10 11 11 11 10 10 10 10 11 12 12 11 10 10 9 9 11 12 12 13 12 12 9 5 10 13 7 10 13 8 8 9 10 10 10 10 9 8 12 14 15 14 12 11 12 14 13 12 12 12 13 15 17 18 15 15 15 15 14 13 12 11 18 17 14 12 12 12 14 15 14 16 17 17 16 16 17 19 19 17 14 14 15 17 18 17 13 12 12 14 15 14 13 11 14 11 13 16 15 11 10 12 12 10 11 13 13 14 14 14 12 11 13 17 18 14 13 15 9 11 13 13 12 11 12 13 12 12 11 9 8 8 11 14 7 8 8 7 6 6 8 9 12 10 9 9 11 13 12 12 12 13 13 12 11 12 14 17 23 21 17 15 14 13 11 10 13 14 15 14 13 13 15 17 17 18 19 19 19 19 20 23 25 29 31 27 28 30 28 23 23 18 17 21 25 28 39 44 59 78 118 157 189 210 215 216 225 226 228 230 232 232 229 229 233 236 238 238 236 234 234 234 238 236 234 234 236 238 239 239 233 234 235 236 237 237 237 237 235 236 237 237 237 237 237 236 236 238 239 237 238 241 242 240 239 240 242 242 242 242 243 245 240 242 245 245 243 241 240 240 239 240 239 239 244 249 247 241 246 247 248 247 244 241 241 242 247 246 245 244 242 240 239 239 243 244 245 247
212 212 213 214 214 213 212 212 212 214 216 216 214 213 213 214 212 213 215 215 214 214 215 217 213 213 212 212 212 212 213 213 216 216 216 216 216 216 216 216 214 214 214 213 212 211 211 210 211 213 215 217 217 215 213 211 216 215 214 213 213 213 213 213 216 217 217 218 218 217 217 216 218 218 218 218 218 218 218 218 218 217 217 216 216 215 215 214 217 217 218 217 217 217 217 218 218 218 217 217 216 216 215 215 217 217 216 215 214 213 213 213 213 216 215 211 211 214 214 211 210 212 215 216 214 212 212 212 211 212 215 217 217 216 217 216 217 216 218 219 220 220 220 216 215 210 209 211 206 194 182 176 188 181 162 104 61 50 32 27 19 19 17 14 11 10 13 15 15 15 17 18 18 18 19 18 9 9 13 17 18 16 14 13 16 13 12 15 14 11 12 16 10 11 11 11 12 13 13 13 8 9 10 10 11 11 12 12 7 7 8 8 8 8 7 7 6 6 8 8 9 9 9 8 10 5 10 13 8 10 14 8 8 8 8 8 8 8 8 8 14 15 15 14 12 11 12 13 14 13 12 12 13 16 19 21 16 16 17 17 16 16 16 16 22 20 17 14 13 14 16 17 15 17 19 19 18 17 18 19 23 21 18 16 16 15 13 12 14 13 12 13 13 12 12 9 11 9 12 16 16 12 11 12 10 10 12 13 14 14 13 13 14 11 12 16 17 14 14 17 11 12 14 14 14 14 14 14 16 15 14 11 9 10 14 17 8 9 9 7 5 5 6 8 12 10 9 9 11 13 12 12 13 12 10 9 9 11 13 15 21 18 14 14 17 18 16 13 14 15 15 13 12 12 14 16 16 20 22 21 18 16 18 23 25 31 31 29 28 31 31 24 23 20 19 22 30 36 46 60 67 85 121 158 189 209 216 218 224 226 229 232 233 233 229 228 229 232 235 237 237 236 236 237 238 236 233 233 235 237 237 237 234 235 236 237 237 237 237 237 235 236 237 237 237 236 235 234 236 237 238 238 239 240 241 240 240 241 241 241 242 242 244 245 237 240 243 243 243 242 243 244 243 241 240 242 245 248 245 241 244 246 248 248 245 243 242 242 248 247 246 244 242 241 239 239 243 244 244 244
212 213 213 213 213 213 213 212 212 214 216 215 214 213 214 215 212 213 215 214 213 213 214 216 213 213 214 214 214 214 213 213 215 215 215 214 214 214 214 214 214 214 215 215 215 213 212 211 212 213 215 216 216 215 213 212 216 215 214 213 213 213 214 214 216 217 217 218 218 217 217 216 218 218 218 218 218 218 218 218 218 217 217 216 216 215 215 214 217 217 216 217 217 217 217 216 217 217 217 216 215 215 214 214 215 214 213 212 212 213 214 215 212 215 215 212 212 214 214 210 211 213 215 216 214 213 213 213 210 211 214 215 215 214 214 213 216 215 216 217 219 219 220 216 217 211 210 210 205 194 186 183 191 177 160 116 86 72 41 27 17 18 18 17 14 12 14 15 18 17 19 18 18 18 19 18 11 12 15 17 18 18 16 14 13 9 8 11 11 9 9 12 8 8 8 8 8 9 9 9 4 4 4 5 5 6 7 7 8 8 8 8 8 8 8 8 6 7 7 8 8 8 8 7 11 6 11 14 9 11 14 9 10 10 10 9 9 10 10 10 15 15 15 13 11 10 12 14 10 9 8 8 9 12 15 17 13 13 13 13 14 15 15 16 20 18 14 11 10 11 13 15 9 12 15 16 15 15 16 17 22 21 19 18 18 16 13 11 15 14 12 12 13 12 11 9 8 7 11 16 17 14 14 15 12 11 13 15 16 15 15 14 10 7 7 10 10 8 9 13 9 9 10 11 12 12 11 10 17 16 14 11 9 10 13 16 10 11 11 9 7 6 7 9 12 10 9 9 11 13 12 12 14 12 10 9 10 12 14 15 16 12 9 9 12 13 12 9 13 14 14 13 11 10 12 13 16 20 23 22 18 16 17 21 24 30 32 29 28 31 31 24 19 21 16 17 30 36 49 71 87 101 131 160 184 204 214 221 225 227 229 232 233 233 230 229 228 231 234 235 235 234 235 236 239 237 234 234 235 236 236 235 234 235 236 237 237 237 236 236 234 236 237 238 238 236 235 233 237 237 237 239 240 240 240 242 241 241 240 240 242 243 244 245 239 241 243 243 242 242 243 244 243 240 240 244 249 250 248 246 242 245 247 248 246 245 244 245 247 247 246 245 244 243 242 242 246 246 245 244
214 214 213 213 213 213 214 214 213 214 215 215 213 213 214 215 212 213 215 214 213 212 213 215 213 213 214 215 215 214 213 213 211 211 211 211 210 210 210 210 212 213 215 216 216 215 214 213 213 214 214 215 215 214 214 213 215 215 214 213 213 214 214 215 217 217 218 218 218 218 217 217 218 218 218 218 218 218 218 218 217 217 216 216 216 216 215 215 218 217 216 216 217 217 216 214 216 216 216 215 215 214 214 213 213 212 211 210 210 211 213 214 211 214 214 212 211 213 212 208 212 213 214 213 212 211 212 214 208 209 212 213 213 211 212 211 215 213 214 215 217 218 219 216 218 212 210 209 204 196 190 190 188 169 161 143 127 105 57 32 20 20 19 18 17 15 15 14 19 18 19 18 17 17 18 17 17 18 18 15 14 16 15 12 16 11 9 12 14 12 11 13 9 9 9 10 10 10 10 10 7 7 6 6 6 7 8 8 12 11 10 10 10 10 11 12 9 10 10 11 11 11 10 9 11 6 11 14 9 11 15 9 14 13 13 12 12 13 13 14 13 13 13 11 9 9 12 14 11 10 10 10 11 13 15 16 15 15 14 14 15 15 16 17 19 17 15 13 12 13 14 15 9 12 16 17 17 17 18 19 17 16 17 19 20 20 17 15 16 14 13 12 13 12 13 11 9 7 11 16 17 15 17 19 14 13 14 15 16 16 16 16 13 9 8 10 9 7 9 13 11 11 11 12 14 14 13 11 14 14 12 10 7 7 10 13 11 12 12 10 8 7 9 10 12 10 9 9 11 13 12 12 17 15 13 13 15 17 17 17 18 16 13 12 11 11 9 8 10 12 14 14 12 11 11 12 17 19 21 21 20 18 18 20 23 29 30 27 29 30 30 24 21 26 17 13 33 41 55 85 115 128 154 173 187 201 212 221 226 227 229 231 233 233 231 230 233 234 235 234 232 231 232 233 239 238 236 236 237 237 235 234 235 235 236 237 237 236 236 235 234 235 237 239 239 238 236 234 239 237 238 241 242 240 241 243 243 241 239 239 241 244 245 245 244 245 245 243 241 239 239 241 241 237 238 245 251 252 251 252 243 245 247 247 246 245 246 247 247 246 246 245 245 244 244 244 251 250 248 246
215 215 214 214 214 214 215 215 213 214 215 214 213 212 214 216 212 214 215 214 212 212 213 214 211 212 213 214 214 213 212 211 211 211 211 211 210 210 209 209 209 211 213 215 216 215 214 213 215 215 213 213 213 213 215 215 215 214 214 213 213 214 214 215 218 218 219 219 219 219 218 218 218 218 218 218 218 218 218 218 215 215 216 216 216 216 217 217 219 217 215 215 217 217 216 213 215 215 215 214 214 214 214 214 214 212 210 208 207 208 209 210 207 211 212 209 209 211 209 205 211 211 211 209 207 208 211 213 207 207 210 211 210 209 209 208 213 212 212 213 215 217 218 215 217 212 210 209 204 197 194 196 191 166 166 167 162 132 74 48 30 25 20 17 16 16 15 12 18 16 17 15 14 14 15 15 19 19 16 10 9 14 16 13 20 14 12 15 17 16 15 16 12 12 12 12 12 12 12 12 13 12 11 10 10 10 11 12 11 11 10 9 9 10 11 11 10 11 11 12 12 11 10 10 9 5 10 13 7 10 13 8 14 13 12 11 11 12 13 14 11 11 11 9 8 9 12 15 13 13 13 14 14 15 15 16 20 18 17 15 14 14 14 15 16 16 15 14 14 14 15 16 12 15 19 20 20 19 19 20 15 15 17 19 22 21 18 16 17 15 13 12 13 14 15 13 13 10 12 16 17 15 17 20 15 13 13 14 14 16 17 17 19 14 11 12 11 9 11 15 15 13 13 14 17 18 16 13 13 13 13 11 9 8 9 11 10 11 11 10 8 8 9 11 12 10 9 9 11 13 12 12 17 15 13 14 17 18 17 15 20 20 19 16 14 12 13 14 8 11 15 16 15 13 12 12 17 17 18 20 22 21 19 18 23 29 29 26 28 29 29 23 25 32 19 12 36 45 59 97 131 149 177 193 199 205 213 222 228 228 229 230 232 233 231 232 235 236 235 233 231 231 234 236 239 238 238 239 240 238 235 232 235 236 236 237 237 236 236 235 233 235 238 240 241 240 238 236 241 238 238 243 244 241 241 245 244 241 238 238 241 244 245 245 244 245 245 243 240 239 239 241 244 238 238 245 250 249 248 249 246 247 247 246 244 244 245 247 246 246 246 245 244 243 242 242 252 250 249 247
216 215 215 214 214 215 215 216 214 215 215 214 212 212 214 216 212 214 215 214 212 211 212 214 209 210 212 213 213 212 210 209 214 214 214 213 213 212 212 212 207 208 211 214 215 215 214 213 216 215 213 212 212 213 217 218 216 216 215 215 215 216 217 217 218 219 219 220 220 219 219 218 218 218 218 218 218 218 218 218 214 215 215 216 216 217 217 218 219 217 214 215 217 218 215 213 214 214 214 214 214 214 214 214 215 213 210 207 205 205 206 207 205 208 209 207 207 208 207 203 210 209 208 205 204 205 209 212 205 206 209 210 209 208 208 207 212 211 209 210 214 216 216 215 215 211 209 208 204 197 196 199 197 167 167 177 176 144 87 68 41 32 22 15 17 17 14 11 16 15 13 11 12 11 12 12 16 16 12 5 6 14 19 17 17 11 9 12 15 14 12 13 9 9 9 9 9 9 8 8 13 12 10 9 8 8 9 10 8 8 8 5 7 6 10 8 11 9 12 10 12 9 10 8 8 3 8 11 6 8 12 6 10 10 8 7 7 8 10 10 9 10 9 8 7 8 12 15 9 10 11 12 12 11 11 10 18 16 13 10 8 7 6 6 9 9 9 10 10 10 10 10 10 13 16 18 17 15 15 15 17 18 19 21 22 20 16 12 19 15 15 13 16 17 16 15 17 13 14 16 16 14 17 20 16 13 14 12 15 15 19 18 21 13 12 10 11 6 10 12 14 10 11 11 16 15 15 10 16 15 18 14 14 10 13 12 9 10 10 9 8 7 9 11 12 10 9 9 11 13 12 12 14 12 11 13 16 17 15 12 12 15 16 15 12 11 14 17 8 12 16 19 18 15 13 12 18 16 17 20 23 23 20 17 20 26 26 25 25 28 27 22 21 33 15 9 32 42 60 99 136 161 191 209 211 210 217 225 227 229 229 230 231 232 234 235 234 234 233 232 232 234 239 242 239 239 240 241 242 239 235 231 236 236 237 237 237 236 235 235 232 235 238 241 242 241 239 238 242 238 239 244 245 241 242 247 244 241 237 238 241 245 245 244 241 242 243 242 241 241 242 244 250 243 241 246 248 244 240 241 249 249 248 246 243 242 244 246 247 246 245 244 242 241 240 239 249 248 247 246
212 211 210 211 213 214 213 212 214 213 213 214 216 216 214 212 210 211 212 212 212 211 212 213 207 211 213 210 207 207 208 211 204 219 213 202 207 214 213 214 211 212 216 218 212 206 211 222 214 214 214 214 215 215 218 219 215 215 216 217 220 220 221 222 218 218 218 218 218 218 218 218 217 216 216 217 219 220 220 219 217 215 215 218 217 215 216 221 216 215 216 217 218 218 216 215 211 210 216 216 208 211 217 212 204 210 211 202 194 194 197 198 191 188 186 192 200 205 204 200 201 200 200 200 203 207 212 215 205 206 206 204 201 199 198 198 201 202 204 207 212 214 215 213 209 210 212 211 202 193 199 209 184 179 184 183 168 149 123 95 71 38 27 23 11 9 20 17 10 17 15 12 19 17 14 21 23 21 18 16 15 16 17 18 14 14 14 14 14 14 14 12 7 8 10 11 11 10 8 7 6 9 10 9 6 7 10 14 16 15 15 12 14 13 17 17 12 11 14 12 12 9 13 12 6 6 7 11 16 18 17 14 12 8 5 5 8 10 8 6 10 10 10 11 11 12 12 13 5 6 6 7 8 9 10 10 10 11 11 12 11 10 8 7 7 7 9 10 12 13 14 15 10 11 12 14 15 16 16 16 18 17 15 13 13 13 14 17 15 12 12 11 17 19 18 16 18 15 14 17 16 12 12 15 11 12 13 13 14 14 15 14 8 13 19 17 13 9 13 16 14 13 14 14 15 14 16 15 11 12 15 12 11 11 16 19 8 6 5 6 8 10 10 9 10 5 4 9 12 13 15 19 10 12 14 16 17 16 14 13 5 15 20 13 6 5 10 14 6 10 13 14 12 10 11 13 14 15 17 19 21 22 22 24 23 24 25 24 25 24 25 23 25 18 20 31 37 43 70 102 156 171 191 209 216 218 218 221 227 227 230 231 231 232 233 233 234 234 233 234 235 236 237 238 234 233 232 233 235 236 235 234 237 236 236 235 235 236 236 237 236 236 236 237 237 237 238 238 241 239 239 242 246 246 243 239 234 237 241 242 241 241 241 242 241 241 241 242 242 243 243 243 242 241 239 239 241 243 245 245 241 245 245 241 239 242 245 245 243 244 244 241 238 238 242 245 242 243 245 247
213 211 211 212 214 215 214 212 215 213 213 214 215 215 214 212 211 212 212 213 213 214 216 217 207 210 211 209 209 212 214 214 201 206 201 197 199 195 194 204 192 193 199 208 213 212 210 211 212 213 214 215 217 217 216 215 215 216 216 217 220 221 222 220 219 217 217 217 217 217 217 217 218 217 216 217 219 220 220 218 212 210 210 213 213 211 212 217 213 214 214 212 210 207 207 207 209 206 211 213 206 205 205 195 191 196 196 187 173 166 171 178 167 165 159 149 142 146 158 169 169 174 182 189 191 188 183 179 186 194 202 201 190 176 165 160 182 182 186 194 203 209 210 209 205 205 210 212 206 196 195 199 190 187 194 194 181 167 149 123 90 52 35 35 25 22 23 17 12 17 11 8 14 14 12 20 18 19 16 14 13 14 15 16 16 16 15 14 14 15 16 14 9 10 11 12 12 11 10 9 7 11 14 13 10 8 9 11 15 16 14 13 13 15 17 18 12 14 15 14 13 12 13 13 12 10 10 11 14 15 13 11 10 7 6 8 11 12 9 6 8 8 9 10 11 11 12 12 8 8 9 10 10 11 11 12 9 10 12 13 13 11 9 8 9 10 11 12 13 14 15 15 11 12 13 15 16 17 17 17 22 21 20 19 18 18 18 18 18 19 18 18 20 21 20 20 17 14 14 17 17 13 13 16 14 15 15 16 16 17 17 17 14 15 17 17 17 15 14 14 16 16 16 17 17 18 18 18 13 15 15 13 9 8 11 14 10 10 10 9 9 10 11 12 10 7 7 12 15 14 13 15 8 11 14 17 18 18 17 16 8 15 18 13 8 8 12 13 8 11 14 14 11 9 9 10 11 13 14 16 18 20 21 21 25 24 23 24 25 26 24 22 25 17 21 32 41 53 82 116 161 174 195 211 218 219 221 222 227 227 230 231 231 232 235 235 233 232 232 233 233 235 236 237 235 233 233 234 236 237 236 235 236 235 235 234 234 235 235 236 237 237 237 237 238 238 239 239 239 238 237 238 239 241 240 240 235 237 239 239 239 238 239 240 238 238 238 239 239 240 240 240 238 238 238 240 243 246 248 249 241 241 239 238 242 248 249 245 242 243 243 241 238 238 240 243 240 242 244 246
215 213 212 213 215 216 216 214 216 214 213 214 215 216 215 213 215 214 214 213 213 214 215 216 208 208 204 199 201 208 210 208 208 192 167 150 140 129 136 162 190 196 202 205 208 212 214 215 212 213 214 215 215 214 214 213 213 213 215 216 219 219 220 218 219 217 217 217 217 217 217 217 219 217 217 217 219 220 219 218 216 213 211 214 213 210 211 214 213 215 216 214 210 206 203 202 199 191 195 201 199 200 197 186 183 181 179 170 150 134 137 151 95 101 105 101 90 79 74 73 96 108 128 149 164 171 172 172 167 171 176 178 170 147 117 96 117 127 145 167 186 197 199 197 196 203 214 216 208 199 202 208 189 189 198 198 186 179 169 148 99 59 36 37 32 26 21 15 14 18 9 6 13 13 12 20 18 17 15 13 12 12 13 14 17 16 14 12 12 14 16 17 11 11 12 13 13 12 11 11 9 13 17 16 12 9 8 9 14 13 12 11 11 12 13 14 12 13 14 14 12 11 13 14 15 13 11 11 12 13 12 11 8 7 7 11 14 15 11 7 12 12 12 11 11 11 10 10 12 12 12 12 12 12 12 12 8 10 12 15 15 13 11 9 12 13 13 13 14 14 15 15 12 13 14 16 17 18 18 18 20 20 20 19 18 17 16 15 15 16 17 16 15 14 15 16 15 12 12 15 15 13 13 16 16 16 17 18 18 18 17 17 18 16 15 16 18 18 14 10 12 12 13 13 13 14 14 14 14 15 16 13 9 8 11 14 12 14 15 13 10 9 12 15 12 9 10 15 17 13 10 11 11 13 16 18 18 18 16 15 10 15 16 12 10 11 12 11 12 14 16 15 13 11 10 10 11 12 13 15 18 20 21 22 28 24 22 24 27 30 25 22 28 21 25 37 48 62 96 129 166 179 198 211 217 219 222 222 227 227 230 231 231 232 235 235 232 232 232 232 233 234 235 236 236 235 234 235 237 238 237 236 235 235 234 233 233 234 235 235 238 238 238 239 239 239 240 240 239 239 238 237 236 237 240 243 238 239 240 239 238 237 239 241 238 238 239 239 239 240 240 240 238 238 239 242 246 249 249 248 245 242 238 238 245 253 251 244 243 244 245 244 242 241 242 243 242 243 245 246
215 214 213 214 216 217 216 215 216 214 213 213 215 215 215 214 217 215 213 212 211 211 210 209 216 215 209 201 202 208 207 200 201 183 146 111 90 74 79 100 143 169 191 198 199 207 215 217 215 215 214 214 213 213 215 215 213 213 216 216 219 219 220 218 218 218 218 218 218 218 218 218 219 218 217 217 218 219 218 216 221 216 214 215 214 210 209 211 215 214 213 213 210 201 189 179 176 160 157 165 168 174 175 166 154 144 137 131 113 93 92 105 84 73 60 53 52 51 47 42 38 47 65 86 107 126 139 146 139 131 128 137 144 130 95 64 63 75 94 117 140 163 182 193 181 196 213 214 205 198 204 213 188 190 200 197 186 183 178 160 103 70 43 37 32 24 18 19 15 19 11 8 16 16 12 18 18 17 18 14 15 13 16 14 18 14 13 9 11 11 16 16 11 11 12 12 12 12 11 11 9 13 15 14 11 8 10 12 14 13 12 11 11 11 12 12 13 14 15 15 13 13 14 15 12 11 10 10 11 13 14 15 10 8 7 10 14 16 13 10 18 17 15 14 12 10 9 8 13 13 13 13 13 12 12 12 7 9 13 16 16 15 12 10 14 14 14 14 13 13 13 13 13 14 16 17 18 19 19 19 18 18 19 19 18 16 14 12 14 17 19 17 13 11 13 15 14 12 12 16 16 14 14 18 16 17 18 19 19 18 17 17 17 17 17 17 17 15 13 11 12 12 13 13 13 14 14 14 13 16 17 15 12 12 16 20 12 16 18 15 10 8 12 16 14 11 10 14 15 11 8 8 17 17 18 18 17 14 11 9 12 14 13 10 10 13 12 8 13 15 16 17 16 15 14 13 13 13 15 17 19 22 24 25 31 25 21 22 29 31 27 19 28 26 31 43 53 71 105 137 173 186 203 212 217 220 223 223 227 227 230 231 231 232 235 235 233 233 233 233 234 235 236 237 237 236 235 236 238 239 238 237 236 235 235 234 234 235 235 236 239 239 239 240 240 241 241 241 241 243 244 242 239 239 242 246 243 243 242 241 239 239 241 244 242 242 242 243 243 243 243 243 242 241 241 244 248 248 246 243 250 248 244 242 246 251 250 244 247 248 249 249 248 247 246 246 247 247 248 248
215 214 213 214 216 217 216 215 216 214 212 212 213 215 215 214 216 214 212 212 213 212 209 206 204 207 202 189 180 173 156 137 118 122 102 72 56 45 36 37 50 88 126 151 177 203 212 205 216 214 211 209 211 213 215 217 215 215 217 217 218 218 218 218 219 219 219 219 219 219 219 219 219 218 216 216 217 217 215 214 219 212 209 211 211 208 206 207 208 202 198 200 202 194 175 159 127 100 85 85 85 90 93 87 96 81 72 72 64 48 45 52 60 51 41 36 38 40 37 33 29 30 32 36 44 53 61 66 62 56 55 66 79 80 64 48 34 37 38 41 52 78 113 139 146 157 175 191 202 206 205 201 194 198 206 200 188 187 183 164 119 99 69 47 34 24 20 26 15 20 14 14 22 20 13 16 18 15 16 13 14 12 14 12 15 11 10 6 8 8 13 15 11 11 10 10 10 10 11 11 9 11 12 9 7 7 12 17 14 13 12 12 11 11 11 11 13 15 16 15 14 13 14 16 12 12 11 10 10 11 14 15 14 10 6 7 11 15 15 14 14 13 13 12 11 10 10 9 12 12 12 12 12 11 11 11 8 10 12 15 15 14 12 11 13 13 13 13 12 12 12 12 13 14 16 18 19 19 20 20 21 21 22 22 20 18 16 14 17 21 23 22 18 16 17 19 15 13 13 17 17 15 15 19 15 16 18 19 19 17 16 14 13 17 20 19 14 10 11 13 18 18 18 19 19 19 20 20 14 16 17 15 12 12 16 20 12 15 18 15 9 8 11 16 17 11 8 10 11 8 8 10 17 18 19 18 16 13 9 7 11 12 11 8 10 13 11 6 10 11 12 14 16 16 15 14 14 14 14 16 18 21 23 25 31 25 20 23 30 31 27 20 25 27 34 48 60 82 116 145 182 195 209 214 217 222 225 223 227 227 230 231 231 232 235 235 235 234 234 235 236 237 238 239 237 236 235 236 238 239 239 237 238 237 237 236 236 237 237 238 239 239 240 240 241 241 241 241 239 243 246 246 243 240 241 243 242 243 242 240 238 239 241 243 244 244 244 244 244 244 244 244 243 241 240 244 248 249 246 242 245 248 247 243 242 246 248 246 248 248 248 248 249 248 246 245 250 249 248 247
215 213 212 213 215 216 216 214 216 214 211 211 212 214 214 214 213 212 211 213 216 215 210 205 192 195 185 157 130 105 74 46 34 47 40 24 26 30 27 24 17 37 53 73 123 185 213 207 213 212 209 208 211 213 216 218 215 215 218 218 218 218 218 218 218 218 218 218 218 218 218 218 219 217 215 214 215 215 213 211 215 208 204 205 206 203 200 199 186 178 171 175 184 187 178 167 107 72 47 38 30 28 28 22 49 37 31 35 37 31 27 29 14 23 33 35 28 21 18 18 29 27 25 22 19 17 15 14 12 16 20 21 21 23 29 34 23 25 24 17 11 17 35 50 87 90 107 143 189 217 216 200 197 201 208 200 189 190 183 159 138 134 101 60 38 26 18 24 16 21 15 16 25 22 13 14 13 13 13 12 11 10 10 9 12 10 8 7 7 8 10 12 11 11 10 9 9 10 11 11 10 11 10 7 5 7 13 19 14 14 14 13 12 12 11 11 13 14 15 15 13 13 14 15 14 15 14 13 10 9 10 11 16 11 6 5 9 13 15 15 5 6 7 8 9 11 12 12 10 11 11 11 11 11 11 11 9 10 12 13 13 12 11 11 13 13 13 12 12 12 12 12 13 14 16 17 18 19 19 19 21 21 20 19 18 16 14 13 17 19 21 21 20 18 17 17 17 14 14 18 18 15 15 18 14 15 17 19 18 16 14 12 10 16 21 19 13 9 11 15 18 18 18 19 19 19 20 20 15 17 17 13 8 7 9 13 12 14 15 13 10 9 12 15 17 11 8 9 10 9 10 13 14 16 17 18 18 16 13 12 11 13 12 9 10 13 12 7 6 6 7 10 13 14 13 11 13 13 12 13 14 17 19 21 27 26 21 23 27 29 25 21 22 25 34 47 64 91 128 158 191 205 216 216 217 223 226 223 227 227 230 231 231 232 235 235 236 235 235 236 236 238 239 240 237 236 235 236 238 239 238 237 239 238 237 237 237 237 238 239 239 239 239 240 240 241 241 241 237 240 243 243 242 239 238 238 237 238 239 238 236 236 238 240 242 242 242 242 241 241 241 241 240 237 236 241 248 251 249 245 236 241 243 239 239 243 247 248 247 245 244 244 245 245 244 242 249 248 246 244
216 214 214 215 217 218 217 215 218 216 213 212 214 216 216 216 214 213 212 214 216 212 203 196 179 177 154 114 81 63 44 24 29 33 25 20 31 36 36 42 29 35 25 20 65 146 200 209 206 206 207 209 210 211 213 214 213 212 214 214 216 216 216 216 216 216 216 216 216 216 216 216 218 216 213 213 213 212 210 208 212 202 194 192 190 183 176 174 159 146 131 124 128 137 144 147 113 80 58 51 41 35 32 26 30 28 27 29 32 32 31 29 33 33 30 22 16 19 30 40 21 23 26 27 27 25 22 20 26 30 32 28 22 22 27 34 30 36 41 40 33 25 21 19 37 37 49 81 132 179 203 204 196 199 206 200 192 193 183 155 150 161 126 71 46 35 20 17 18 21 14 14 24 22 13 14 13 11 11 11 10 9 8 7 10 9 8 8 8 8 9 12 13 12 11 10 10 11 12 13 12 13 13 10 8 8 13 17 13 13 13 12 12 10 9 9 10 12 13 12 11 10 11 13 11 13 15 14 11 9 10 12 15 11 6 6 9 12 12 11 7 7 8 9 10 11 12 13 9 10 10 11 11 12 13 13 12 11 11 10 10 10 10 10 13 13 13 14 14 14 14 14 12 13 15 17 18 19 19 19 22 21 19 17 15 14 13 13 13 13 14 16 18 17 15 12 17 14 14 16 16 13 13 16 12 14 16 17 17 15 12 10 11 14 17 17 14 12 12 13 13 13 13 14 14 15 15 15 13 14 14 10 5 4 6 9 13 13 13 12 12 13 14 15 15 11 9 13 15 13 13 15 16 18 20 21 20 18 16 15 12 16 16 12 11 14 14 11 8 7 7 10 13 14 12 9 15 14 13 12 13 15 18 19 25 23 23 24 25 26 23 22 26 28 35 45 63 93 135 168 200 214 222 219 218 224 227 222 227 227 230 231 231 232 235 235 235 235 235 235 236 237 238 239 237 235 234 235 237 238 238 236 238 237 237 236 236 237 237 238 238 239 239 239 240 240 240 240 239 238 238 238 239 238 237 235 233 235 237 238 237 236 237 239 241 241 240 240 239 239 239 238 241 237 234 238 246 250 249 245 239 241 240 238 240 246 248 246 247 244 241 240 242 244 243 242 248 247 245 244
215 214 213 214 216 217 216 215 219 216 213 212 213 215 216 216 215 213 211 212 210 203 190 180 132 125 94 51 29 34 42 40 41 37 32 39 46 32 18 23 15 34 30 11 37 111 173 194 199 202 206 210 211 211 211 209 211 211 213 213 215 215 215 215 214 214 214 214 214 214 214 214 217 215 213 212 212 211 209 207 205 194 182 175 168 156 146 141 142 123 94 68 57 62 77 89 86 58 45 46 41 36 34 29 23 29 31 28 27 29 29 25 33 30 28 31 35 35 27 20 25 27 29 31 32 32 30 30 29 24 21 24 30 33 28 23 26 24 23 24 27 29 28 26 18 22 26 32 61 111 163 192 196 200 208 203 198 200 188 158 158 176 141 81 58 49 28 17 20 21 12 11 21 20 13 13 15 14 14 13 13 11 10 9 10 10 10 10 10 10 10 10 15 14 12 11 11 12 14 15 13 15 17 15 11 9 11 14 14 14 14 13 12 11 10 9 10 11 12 12 10 10 11 12 5 9 13 14 13 12 13 15 13 10 7 8 11 12 10 7 15 15 14 14 13 12 11 11 9 10 10 11 12 13 14 15 13 12 10 8 8 8 9 10 14 14 14 15 15 16 16 16 12 13 14 16 17 18 18 18 28 26 23 20 19 18 18 18 17 15 16 19 23 23 19 15 18 15 15 17 16 13 12 15 13 15 17 18 18 15 12 10 14 14 14 16 18 18 15 13 15 15 16 16 16 17 17 17 11 13 13 11 8 7 11 14 14 13 11 12 14 16 16 15 13 10 12 18 20 18 15 16 22 23 24 24 22 19 16 14 13 18 19 15 13 14 16 14 13 11 11 13 16 16 13 10 18 17 15 14 15 17 19 21 23 23 24 22 23 22 23 21 34 35 36 43 59 93 137 172 205 219 226 220 218 225 228 222 227 227 230 231 231 232 235 235 234 234 233 234 235 236 237 238 236 235 234 235 237 238 237 236 237 236 236 235 235 236 236 237 238 238 238 239 239 239 240 240 244 239 235 235 237 239 238 236 232 235 239 240 239 239 239 240 241 241 241 240 240 239 239 239 246 240 235 237 243 248 245 241 249 246 241 239 244 250 248 242 249 245 241 240 242 245 245 243 249 248 247 246
214 215 215 216 216 215 215 214 215 214 213 214 216 217 217 215 209 224 207 208 205 186 165 118 59 52 42 34 30 30 30 31 27 27 28 31 33 34 32 29 25 28 33 31 25 45 111 178 170 184 189 190 198 199 200 208 203 205 208 210 210 207 208 212 211 213 215 215 214 213 214 215 214 209 207 206 203 196 194 195 183 169 150 135 126 117 106 98 64 61 54 47 40 36 34 33 27 31 32 30 30 32 31 27 29 30 29 27 29 32 31 27 27 30 31 29 25 23 24 26 26 26 26 26 26 26 26 26 24 25 26 28 28 27 26 25 24 24 24 24 24 24 24 24 22 16 20 23 19 22 55 93 151 170 186 190 200 209 198 173 167 173 151 113 84 58 35 29 20 20 18 18 18 18 18 16 15 12 12 14 15 15 12 10 6 8 9 10 10 8 6 4 16 16 15 14 13 13 16 18 17 14 11 10 11 12 13 14 10 10 12 16 16 12 12 15 13 11 11 14 14 10 9 11 11 11 11 14 16 16 14 12 13 12 13 14 15 15 12 10 15 13 11 11 13 14 14 13 8 9 11 13 14 14 13 12 9 12 12 10 11 14 15 12 14 14 14 15 16 17 19 19 9 13 16 16 14 16 22 28 25 24 21 19 17 16 15 15 13 14 19 25 24 18 15 16 11 11 11 12 13 14 15 16 16 16 17 17 17 17 17 17 14 15 15 14 12 12 14 16 13 12 11 12 15 16 16 15 15 14 12 10 9 10 11 12 10 14 14 10 9 12 14 13 13 12 12 13 13 15 16 17 22 23 24 24 22 20 18 17 17 16 15 14 13 13 13 13 9 10 12 12 11 12 13 15 12 16 19 18 15 16 22 27 29 22 18 22 26 24 24 24 24 34 36 46 66 95 132 173 198 206 218 224 225 224 227 228 225 226 229 230 232 233 236 236 235 235 234 233 233 235 236 238 233 236 238 239 238 237 237 238 234 236 237 238 239 238 237 236 235 234 234 236 239 240 239 237 240 235 233 237 241 242 245 249 242 243 240 235 234 238 240 238 240 241 241 242 242 241 241 240 241 240 244 250 251 246 244 246 250 249 247 246 245 246 247 248 244 245 245 244 243 243 244 246 243 244 245 247
214 215 215 216 216 215 215 214 214 213 213 214 216 217 216 215 208 214 199 200 183 141 109 68 42 38 34 31 31 31 31 30 28 27 26 27 29 31 31 30 27 26 28 28 22 30 71 115 138 153 160 163 174 179 185 199 198 200 205 207 209 209 211 214 210 211 211 212 210 205 198 193 200 198 199 200 194 178 163 155 134 114 88 66 55 49 44 40 39 37 34 31 28 26 26 25 26 30 31 29 29 31 30 26 28 29 28 26 28 31 30 26 29 31 32 30 27 25 26 28 26 26 26 26 26 26 26 26 24 25 26 27 27 27 25 25 24 24 24 24 24 25 25 25 23 20 23 24 17 9 19 34 47 72 125 178 199 188 175 172 172 175 153 123 105 81 46 25 20 20 18 18 18 18 18 18 15 12 12 14 16 16 14 11 11 11 12 12 12 11 9 11 13 13 13 12 12 12 13 14 13 12 10 10 11 13 14 15 13 13 16 19 17 13 14 19 15 12 12 14 14 10 10 13 11 11 12 14 16 16 14 12 12 11 11 13 15 15 12 10 16 14 12 11 12 13 12 10 11 12 12 13 13 13 13 13 12 15 15 12 11 13 12 8 11 11 11 12 13 14 15 16 10 14 17 17 16 17 23 28 29 27 24 21 18 16 15 15 14 14 18 23 22 16 13 14 15 15 16 16 15 13 10 9 19 19 19 19 19 19 19 18 15 16 18 17 15 15 16 17 17 16 16 18 20 21 20 19 12 13 14 14 15 16 16 17 11 15 15 11 9 12 13 12 13 13 13 13 14 15 17 18 20 20 19 18 17 15 13 12 16 16 14 13 12 12 12 12 9 11 13 13 12 12 14 16 12 15 18 16 13 12 16 20 28 23 19 22 22 22 21 23 34 39 42 51 75 100 136 178 201 209 220 225 225 225 227 229 226 227 230 231 232 234 236 237 235 234 233 232 233 234 236 237 235 237 239 240 239 238 238 239 234 235 237 238 239 238 238 237 235 238 241 241 239 238 240 242 241 236 235 239 242 242 243 246 240 241 238 233 234 240 245 244 238 239 240 241 241 241 240 240 238 237 241 246 248 245 244 246 245 245 245 245 246 247 249 250 241 241 241 240 240 240 241 242 240 241 242 243
216 217 217 218 218 217 217 216 216 215 215 216 218 218 217 215 216 216 205 199 164 105 66 38 32 31 31 33 35 35 33 31 29 27 24 24 26 29 30 31 33 29 30 34 29 24 37 55 98 112 123 130 142 151 165 184 189 194 202 206 209 211 214 215 214 213 212 213 213 209 201 195 191 184 178 174 161 138 114 101 92 76 54 38 32 32 32 31 27 27 26 26 26 25 25 25 28 32 33 30 30 33 32 28 26 28 27 24 26 30 28 24 30 31 32 31 28 27 28 29 26 26 26 26 26 25 25 25 25 25 26 27 26 26 25 24 25 25 25 25 25 25 25 25 20 21 24 24 22 17 13 9 7 9 52 131 192 203 189 179 185 185 162 140 134 113 63 24 21 20 18 17 17 18 18 19 15 14 14 16 18 19 17 15 16 15 14 14 13 13 13 14 14 14 15 15 15 15 14 14 9 10 10 12 13 14 15 16 11 12 16 19 15 10 12 19 16 11 10 12 11 9 10 13 12 12 12 14 16 16 14 11 14 14 14 15 18 18 17 15 21 18 16 15 15 15 14 12 15 14 14 13 13 13 13 13 12 16 17 14 13 15 13 8 14 14 14 15 16 16 17 17 15 18 21 22 21 23 28 32 32 30 26 22 19 17 16 16 14 13 14 18 18 12 10 11 13 14 16 17 15 12 8 6 18 18 18 18 18 16 15 15 11 14 16 16 15 13 13 14 14 14 14 17 19 19 18 16 10 11 13 15 16 15 14 14 12 16 16 11 9 11 13 11 15 14 14 15 15 17 18 19 23 22 21 18 17 15 15 14 15 15 13 12 11 11 11 11 10 12 14 14 13 13 15 17 14 17 20 18 14 12 13 15 23 21 21 23 21 19 19 24 40 41 43 57 82 102 135 176 203 210 220 224 224 225 229 231 228 228 231 232 233 235 237 238 235 234 233 232 233 234 236 237 236 238 240 240 239 238 239 240 234 234 236 237 238 239 239 239 234 240 245 243 238 235 239 243 242 238 238 242 244 241 240 241 238 239 237 234 236 243 248 248 237 238 239 240 240 240 240 240 239 237 239 244 244 241 240 242 244 244 244 245 245 246 246 247 241 240 240 239 239 240 240 241 243 243 245 246
216 217 217 218 218 217 217 216 215 214 214 216 218 218 215 213 213 215 204 177 130 79 50 36 34 33 33 35 36 35 32 29 29 27 25 25 27 29 30 29 34 29 32 39 36 27 26 31 58 72 86 97 111 119 135 158 170 179 192 200 205 209 210 207 208 208 209 208 205 201 197 194 174 157 137 123 108 88 68 58 51 44 37 34 35 36 35 32 31 31 32 31 31 30 28 28 27 30 31 28 28 31 30 27 25 27 25 23 25 28 27 23 29 30 30 29 28 27 27 27 26 26 26 25 25 25 25 24 26 26 26 26 25 25 24 24 26 26 26 25 25 25 25 25 21 24 24 20 23 30 31 23 32 15 17 61 130 179 193 184 192 194 173 152 151 131 73 23 22 21 18 17 17 17 18 19 17 14 16 16 20 19 20 17 18 15 14 11 12 11 15 16 13 13 14 15 16 16 13 11 10 11 13 14 14 14 15 16 9 11 15 17 12 6 10 18 17 13 10 11 11 9 11 15 13 13 13 15 16 16 14 11 13 12 12 14 17 18 17 16 19 16 14 14 15 15 14 13 18 17 15 13 12 12 13 14 9 13 15 14 15 18 16 13 15 15 16 17 18 18 18 18 15 17 20 22 22 24 27 30 30 28 25 21 19 18 18 18 18 14 14 17 17 13 10 11 9 11 13 14 15 15 14 14 16 17 17 17 16 14 12 11 8 11 14 15 14 12 11 11 9 9 10 13 15 15 13 11 15 14 14 13 12 11 10 9 14 17 17 12 9 11 12 11 16 16 15 16 17 18 19 20 27 25 22 19 17 17 17 17 15 14 13 11 11 10 10 11 11 13 14 15 14 14 16 17 18 21 23 22 20 17 17 17 19 19 21 21 20 16 20 27 36 37 39 59 84 103 130 166 201 208 217 222 223 225 230 233 230 230 233 233 234 235 238 238 236 235 234 234 234 235 237 238 235 237 239 239 238 237 238 240 234 234 235 237 238 239 239 240 235 238 242 241 236 234 236 239 242 238 239 243 244 239 236 236 239 241 240 237 239 244 246 244 237 238 239 241 241 241 241 241 242 240 240 243 243 238 237 239 246 246 246 245 244 243 242 241 245 243 242 242 243 244 244 243 245 245 246 247
216 217 217 218 218 217 217 216 214 214 214 216 217 217 214 211 201 202 183 128 75 49 36 34 37 35 33 32 33 33 31 29 27 27 27 29 31 31 29 27 28 26 29 34 33 26 25 29 28 41 52 66 81 86 98 120 138 152 168 181 194 202 200 193 194 197 198 190 175 159 147 141 124 105 83 70 60 50 41 37 34 32 30 31 33 32 28 24 31 31 31 31 30 29 28 27 24 26 26 23 23 26 26 24 24 26 25 22 24 27 26 22 27 26 26 26 26 26 25 25 26 26 26 25 25 24 24 23 26 26 25 25 24 24 24 24 26 26 26 25 25 24 24 24 23 28 26 16 16 26 30 25 28 24 21 22 39 75 124 158 177 190 178 158 155 137 79 27 23 22 18 16 16 16 18 19 18 17 18 17 21 20 21 18 21 17 17 13 14 13 18 17 12 11 11 12 15 14 11 9 13 15 17 17 15 13 14 15 11 11 14 15 11 6 9 16 17 13 10 11 11 9 11 15 14 14 14 15 17 16 14 11 10 9 8 9 12 14 14 13 12 10 8 9 11 13 13 12 19 17 15 13 12 12 12 13 9 13 15 14 14 17 17 13 11 12 13 14 15 14 13 13 10 13 15 17 19 21 23 24 25 23 20 18 17 18 19 21 20 15 14 18 19 15 12 11 10 10 10 11 12 15 18 20 16 16 17 17 16 14 12 10 8 11 14 15 14 12 11 11 9 9 10 12 14 15 13 11 19 16 12 9 8 9 11 12 14 18 17 12 10 11 13 11 16 16 16 16 17 18 19 20 24 22 20 17 15 15 15 15 15 14 13 11 11 10 10 11 11 13 14 15 14 14 16 17 18 20 22 23 22 21 21 21 17 17 18 21 21 18 23 31 34 39 43 63 92 113 133 159 196 203 214 219 222 225 231 235 231 231 233 234 235 235 238 238 237 237 236 235 235 237 238 240 234 236 237 236 235 235 237 239 235 235 236 236 237 238 239 240 238 238 238 239 239 239 237 236 240 237 238 242 243 238 234 233 241 244 245 242 241 242 240 235 240 240 242 242 243 243 243 242 241 239 241 245 245 241 239 241 246 246 245 244 243 242 242 242 247 245 243 243 245 247 246 244 242 242 243 244
216 217 217 218 218 217 217 216 213 213 214 216 217 216 212 209 199 187 156 87 39 34 29 33 34 31 28 28 29 31 31 30 27 27 28 30 32 31 28 25 28 27 29 31 28 24 28 33 21 28 36 49 64 64 71 90 110 126 144 159 176 188 188 179 181 181 177 163 138 109 84 70 61 50 40 37 37 34 32 32 37 35 33 33 35 36 36 35 27 27 27 27 28 28 29 29 27 29 29 25 25 29 29 27 24 26 24 22 24 27 26 22 25 23 22 23 24 25 24 22 26 26 25 25 24 23 23 23 27 26 25 24 23 23 23 23 26 25 25 24 24 23 22 22 19 25 27 20 18 22 24 20 19 18 27 28 12 7 47 97 135 167 173 162 163 149 94 42 24 23 18 16 15 16 17 19 21 19 17 17 19 20 19 18 23 21 19 17 17 18 19 21 18 15 13 15 18 19 16 13 14 16 18 16 13 11 13 16 15 13 13 14 13 9 11 16 16 11 10 12 11 9 10 13 15 14 14 16 17 16 13 11 14 12 11 12 14 16 16 15 13 11 10 11 14 16 17 16 17 16 15 13 12 12 12 12 14 17 16 12 11 14 13 10 13 14 15 16 16 15 14 13 13 15 17 20 23 24 25 26 22 20 17 15 15 17 20 22 19 15 14 19 22 18 13 11 15 13 11 9 9 12 15 17 16 18 19 20 19 17 15 13 11 14 16 16 15 13 13 14 16 14 14 15 17 19 18 17 19 16 11 9 9 12 16 19 13 17 17 12 10 12 14 12 16 16 16 16 17 18 19 20 23 23 21 20 19 18 18 18 15 15 13 12 11 11 11 11 10 12 14 14 13 13 15 17 16 17 18 19 20 21 21 21 19 17 17 21 21 21 25 31 38 48 51 67 100 130 147 163 193 202 213 219 222 224 230 233 231 231 233 234 234 235 237 237 237 236 235 235 235 237 238 239 234 235 236 235 234 234 236 238 237 237 236 236 236 237 238 239 241 240 239 240 243 243 241 238 240 236 237 242 243 239 235 235 242 245 246 242 240 240 237 231 242 243 243 244 244 243 242 242 236 236 240 246 248 245 243 244 243 242 241 241 243 245 247 249 247 243 241 241 244 246 245 242 244 244 245 245
216 217 217 218 218 217 217 216 213 213 214 216 217 215 211 208 198 162 123 63 33 37 28 37 31 30 28 28 29 30 29 28 28 27 26 27 29 29 27 26 30 28 29 29 28 25 28 31 26 26 27 38 50 49 55 72 88 102 115 125 142 157 158 150 148 138 123 108 90 70 49 34 31 27 26 30 33 31 31 33 27 26 26 27 29 31 32 33 26 25 25 25 25 27 29 30 29 31 30 27 27 30 31 29 24 26 25 22 24 28 26 22 24 22 20 21 24 25 23 21 26 26 25 25 24 23 22 22 28 27 25 23 22 22 23 23 25 25 24 23 22 21 21 20 17 19 22 23 24 24 23 20 25 20 24 30 25 16 22 37 67 117 149 155 167 159 104 50 25 23 18 15 15 15 17 19 22 22 19 18 19 19 19 18 23 22 21 19 19 19 20 19 21 17 14 15 19 21 18 15 11 14 15 13 9 9 13 18 17 10 7 9 11 9 8 10 11 8 8 10 10 6 6 11 16 15 15 16 17 16 13 11 17 15 13 13 14 16 16 15 15 14 12 13 15 17 17 16 13 14 14 14 13 12 11 10 15 16 14 9 9 12 13 11 15 16 18 19 19 18 16 15 16 17 20 23 26 28 28 28 24 21 18 15 14 16 19 21 16 10 10 17 21 17 10 7 13 12 10 8 7 8 8 11 15 16 19 20 20 18 16 14 13 14 16 15 13 13 14 15 17 15 13 13 15 18 19 19 16 14 11 9 9 11 14 16 12 16 17 12 11 13 15 14 15 15 15 15 16 17 19 19 22 22 22 22 22 21 20 19 16 16 14 13 12 12 12 12 9 11 13 13 12 12 14 16 17 16 15 16 18 19 20 20 22 18 17 22 23 23 24 28 41 55 55 60 99 141 161 169 195 204 216 222 224 224 228 230 231 231 233 233 234 234 236 236 235 235 234 233 233 235 236 237 235 236 236 235 234 235 237 239 239 238 237 236 235 236 237 238 238 239 241 242 242 242 242 242 240 237 237 242 244 241 239 240 241 243 242 238 237 240 239 236 243 243 244 243 243 241 240 239 236 236 241 248 249 244 240 240 243 242 240 240 242 246 250 253 247 243 239 240 244 246 244 241 246 247 248 248
216 217 217 218 218 217 217 216 212 213 214 216 217 215 211 207 185 130 89 47 34 39 25 36 34 32 31 31 31 30 27 24 30 27 24 23 25 26 27 26 25 23 23 25 25 24 23 23 28 22 18 26 39 38 43 60 71 81 88 92 104 119 123 114 104 83 58 45 44 43 36 28 36 32 31 33 33 30 31 34 27 28 29 30 30 27 23 20 26 25 22 21 20 22 24 25 24 26 24 21 21 24 26 24 25 26 25 23 24 28 27 22 24 22 20 21 24 25 24 21 26 26 25 24 23 23 22 21 28 27 25 23 22 22 23 23 24 24 23 22 21 20 20 19 27 21 17 19 21 19 17 15 20 26 23 12 16 29 22 6 4 67 117 137 161 155 102 44 26 23 18 15 14 15 17 19 23 20 18 15 17 16 17 14 20 17 18 15 17 15 17 15 16 11 6 7 11 14 12 9 7 10 12 10 7 8 14 19 16 6 4 5 10 7 7 5 11 7 9 10 12 6 7 9 16 15 15 16 17 16 13 11 12 9 7 6 8 9 9 8 11 9 7 7 8 9 9 8 11 12 13 14 13 12 10 9 12 13 11 7 7 13 16 16 12 13 15 16 16 15 12 11 12 12 15 18 22 24 23 22 26 23 19 15 14 15 18 20 13 7 10 16 23 17 12 6 12 10 12 10 11 8 9 9 11 13 16 18 18 17 14 12 12 13 13 12 10 10 12 14 14 11 8 7 10 13 15 16 15 14 12 9 8 7 6 6 12 16 16 12 11 14 16 15 15 14 14 15 16 17 18 19 15 16 18 19 18 17 16 15 17 16 15 14 13 13 13 13 9 10 12 12 11 12 13 15 20 18 16 16 17 19 20 20 29 21 18 22 24 23 23 22 40 54 50 52 92 143 167 172 199 209 219 224 227 226 226 227 230 230 233 233 233 233 235 234 233 233 232 231 231 233 234 235 236 237 237 236 235 236 238 241 241 239 237 236 235 235 236 237 232 237 242 242 238 236 240 245 241 238 238 243 246 244 243 245 239 240 237 233 234 240 244 243 243 243 243 242 241 240 238 237 240 240 245 250 248 240 233 232 248 245 242 240 241 244 249 252 248 244 240 241 245 248 245 242 243 244 244 245
215 216 216 216 216 215 214 213 208 217 214 216 208 205 208 182 136 89 53 43 35 31 34 34 32 30 28 28 30 31 31 30 25 25 26 27 27 28 29 29 28 29 29 29 29 29 30 28 22 23 25 26 27 29 33 36 32 43 51 51 52 56 59 56 46 44 37 32 29 29 31 33 30 29 27 26 27 29 31 33 27 27 27 28 28 29 29 29 27 30 29 26 26 29 30 27 26 27 28 27 25 24 25 26 24 24 25 26 26 27 28 28 25 25 26 26 26 27 25 25 23 21 21 23 22 18 20 24 20 20 20 22 25 25 22 19 23 24 24 25 24 23 21 20 25 24 23 23 25 26 25 23 21 23 18 18 25 20 17 28 9 14 36 69 100 97 65 34 18 18 18 18 18 18 18 18 15 16 18 16 18 16 18 17 14 13 15 14 15 11 12 9 15 15 14 13 12 12 15 17 13 10 10 14 13 10 13 20 10 9 13 14 17 14 12 7 13 8 11 13 16 12 15 19 8 7 6 7 8 9 8 7 11 12 11 10 9 11 14 18 13 13 13 14 14 15 15 15 13 14 16 17 18 18 17 16 14 14 14 14 14 14 14 14 11 12 15 17 18 17 16 15 8 14 20 22 25 29 28 23 20 18 15 12 11 12 15 16 10 9 14 16 21 17 15 9 16 6 4 8 14 11 14 17 13 12 14 16 19 20 18 16 7 6 8 11 10 7 9 13 10 7 8 15 17 15 17 22 16 15 12 10 9 8 9 9 9 10 11 9 6 6 9 13 12 12 13 13 13 12 11 10 14 18 22 24 24 22 21 21 15 13 11 11 13 15 16 16 7 9 12 13 12 12 14 15 16 15 14 15 17 18 17 16 23 28 23 18 23 23 21 28 35 50 57 70 107 143 168 187 207 214 219 221 224 225 229 233 231 231 232 233 234 234 234 233 231 230 231 231 233 233 234 235 234 235 236 237 236 235 233 232 239 237 235 235 237 238 237 236 237 237 237 236 235 237 241 244 236 238 240 241 242 242 241 240 237 238 240 241 241 240 238 237 236 237 237 238 238 239 239 240 235 241 246 245 239 237 240 245 244 242 241 242 244 246 247 246 238 239 241 245 248 248 245 241 237 242 249 254
215 215 216 216 215 215 214 213 215 217 209 214 212 203 186 141 92 55 34 35 34 31 31 29 32 30 28 28 30 31 30 29 31 30 30 29 28 28 27 27 28 28 28 28 28 28 27 25 18 19 21 23 23 24 27 29 20 29 34 32 30 32 31 29 33 34 32 30 29 28 29 29 30 29 27 26 27 28 30 32 27 27 27 28 28 29 29 29 26 28 28 25 25 28 28 26 25 27 28 28 26 24 25 25 25 25 25 25 25 25 24 24 23 23 23 24 24 24 23 23 24 22 21 23 22 18 18 23 22 22 22 24 26 26 24 20 23 23 24 25 24 23 21 20 24 23 22 23 24 25 24 22 25 27 22 22 28 23 19 28 25 15 7 10 20 25 21 14 18 18 18 18 18 18 18 18 17 16 16 16 16 16 16 16 15 14 12 11 11 11 13 14 15 16 15 15 14 13 14 15 13 10 11 14 13 10 14 20 13 13 13 14 14 14 13 11 11 8 9 13 13 11 12 15 10 9 9 11 15 17 17 16 14 12 10 10 10 12 14 15 14 14 14 14 15 15 15 15 12 13 15 16 17 17 16 16 13 13 12 12 11 12 12 12 11 12 15 17 18 17 16 15 9 15 20 22 25 28 27 23 20 18 15 12 12 13 14 16 14 14 15 17 18 18 16 13 18 12 9 13 14 11 12 15 18 17 17 18 18 16 12 9 12 10 11 14 12 8 8 12 10 7 8 14 16 14 15 20 16 15 12 10 9 9 9 9 9 11 12 11 8 8 10 13 16 16 15 14 13 13 12 12 15 18 22 24 23 21 20 20 21 18 15 13 14 14 14 13 10 12 14 14 13 12 13 14 14 15 15 16 16 16 17 17 24 30 24 21 26 24 23 29 41 57 65 79 116 149 171 185 212 220 226 229 228 229 232 235 232 232 233 234 235 235 234 234 230 231 231 232 232 233 233 234 236 236 237 238 238 236 235 233 239 237 235 235 237 238 237 236 237 239 239 239 238 239 242 244 238 239 240 240 240 239 237 236 238 238 238 238 239 239 239 239 238 239 239 239 239 239 240 240 239 244 248 245 239 236 238 243 244 242 241 242 244 246 246 246 244 247 250 249 246 243 243 244 242 246 250 252
215 215 216 216 215 214 213 213 212 215 209 215 215 207 187 138 75 44 30 35 35 34 34 30 31 29 27 28 29 30 30 29 26 26 26 25 24 23 23 23 27 28 28 27 27 26 25 22 15 18 22 23 23 22 23 24 19 24 27 25 22 22 20 17 22 26 28 30 31 30 28 27 31 29 28 27 26 27 28 29 27 27 27 27 28 28 28 28 24 27 27 24 24 27 27 24 24 26 29 29 27 25 24 25 26 26 25 24 23 23 22 22 22 23 23 23 24 24 22 23 25 23 21 23 21 17 16 22 23 25 25 26 28 27 25 22 23 23 24 24 24 23 22 21 24 22 21 21 23 23 22 21 24 25 20 20 25 19 16 24 28 24 17 10 8 9 14 17 18 18 18 18 18 18 18 18 18 18 17 16 15 15 15 15 18 15 11 9 9 12 16 19 16 16 16 16 15 14 13 13 13 11 12 13 13 11 14 19 17 16 14 12 11 12 13 13 12 9 9 12 12 9 9 12 10 9 9 11 14 16 16 15 17 13 9 9 12 13 12 11 16 16 16 16 15 15 15 15 11 12 14 15 16 16 16 16 13 12 10 9 8 9 10 10 11 13 15 16 17 17 16 15 10 16 20 21 24 27 25 21 20 18 15 13 12 13 14 15 18 17 15 16 17 17 16 15 13 12 13 15 14 11 12 16 19 19 19 19 19 15 10 6 16 15 15 17 14 8 8 11 10 8 9 13 14 13 14 17 16 15 12 10 9 9 10 10 10 12 13 13 12 11 11 12 15 14 12 10 9 9 9 10 17 20 23 24 22 21 20 20 23 20 16 15 15 16 15 14 13 15 16 16 14 12 12 13 12 15 17 17 14 13 16 19 20 27 22 21 28 25 23 28 40 56 67 84 123 156 170 180 213 221 228 232 231 230 231 233 233 233 234 235 235 235 235 234 232 232 232 232 232 232 232 232 236 237 238 239 238 237 235 234 239 237 235 235 237 238 238 237 238 240 242 242 241 241 242 244 241 240 240 239 238 236 234 233 238 238 237 237 238 239 240 241 240 240 240 240 240 239 239 239 241 245 248 245 239 235 236 239 244 242 241 242 244 246 246 245 244 249 252 249 243 240 243 248 245 247 249 248
214 215 215 215 215 214 213 212 206 217 215 215 208 203 196 157 91 60 41 38 33 32 35 32 30 28 27 27 28 29 29 28 21 21 22 23 23 24 25 25 28 28 29 28 27 26 24 21 19 20 24 26 25 23 23 23 25 27 29 29 28 29 28 27 23 25 28 31 32 32 30 29 30 29 28 27 26 26 27 27 27 27 27 27 27 27 27 28 24 27 27 25 25 27 27 24 24 26 29 29 27 25 24 24 26 25 25 25 24 24 23 23 24 24 25 25 26 26 24 24 25 23 22 23 20 16 15 20 23 25 26 27 27 26 24 22 23 23 23 23 23 23 23 22 23 21 20 20 22 22 21 19 23 25 19 19 23 18 13 22 6 14 24 27 23 18 15 14 17 17 17 17 17 17 17 17 20 19 17 15 14 14 14 15 18 15 12 10 11 14 18 21 14 14 14 15 15 14 11 9 13 13 13 13 12 12 15 18 17 17 16 14 12 11 12 13 16 12 12 15 14 11 10 13 14 12 11 11 13 13 12 10 19 14 9 9 13 14 11 7 17 17 17 16 16 16 15 15 11 12 13 14 15 15 16 16 14 13 10 8 8 8 9 10 12 13 14 16 17 17 16 16 13 18 21 21 22 25 23 19 19 18 15 13 13 13 14 15 19 18 17 18 19 18 16 13 5 8 12 14 13 12 15 19 14 14 16 18 19 17 13 9 16 14 16 18 15 10 9 12 12 11 12 13 14 14 14 15 16 14 12 11 10 10 10 11 9 11 13 13 13 12 11 10 14 12 10 8 8 9 11 12 20 22 25 25 23 21 21 21 19 17 14 14 16 17 18 17 13 15 17 17 15 14 14 15 11 15 19 18 13 12 16 20 20 25 23 23 35 33 30 33 41 56 66 85 128 162 177 186 209 218 227 231 231 228 228 229 234 235 235 236 236 236 235 235 233 232 232 232 232 232 232 231 235 236 237 238 237 236 234 233 238 236 235 235 237 238 238 237 236 239 243 244 243 241 241 241 241 241 240 239 238 237 236 235 238 238 239 240 241 242 242 242 241 240 240 239 239 238 238 237 239 242 244 242 237 234 235 238 244 242 241 241 243 245 245 244 238 241 243 242 240 240 245 250 245 245 245 243
214 214 215 215 214 214 213 212 210 220 213 210 201 196 184 140 84 57 40 35 27 27 31 29 30 28 26 26 28 29 28 27 25 25 26 27 27 28 29 29 28 29 30 30 29 27 24 21 20 21 25 26 25 24 23 23 27 26 26 28 29 29 29 30 27 28 29 29 30 30 30 30 29 28 27 26 26 25 25 25 27 27 27 27 27 27 27 26 24 27 28 26 26 28 27 24 24 27 29 28 26 25 24 25 24 25 25 25 26 26 27 27 24 24 24 25 25 25 24 24 25 23 21 23 20 15 15 20 21 24 25 25 24 23 21 21 23 23 23 23 23 23 23 24 23 22 20 20 21 21 20 18 27 28 23 22 27 21 17 25 14 17 20 20 17 15 13 13 17 17 17 17 17 17 17 17 21 19 17 15 14 14 15 15 15 14 14 14 15 16 17 18 13 12 12 13 15 14 11 8 14 15 15 13 12 13 16 17 14 16 18 17 14 11 11 12 17 13 13 15 14 11 10 13 17 15 14 14 15 15 14 12 19 14 9 10 13 14 11 6 16 16 16 16 16 16 16 16 13 13 13 13 14 14 15 15 14 13 12 10 10 10 11 12 12 13 14 15 16 16 17 17 15 20 22 20 21 23 21 17 18 17 16 14 13 13 14 14 16 17 18 21 22 19 14 10 3 8 13 13 11 12 14 17 12 13 14 17 19 18 14 11 11 11 13 17 15 11 10 13 13 14 15 14 15 16 16 16 16 14 13 11 10 11 11 12 9 10 11 12 13 12 10 8 16 15 14 13 13 16 18 20 22 24 26 26 24 23 23 23 19 16 14 13 15 16 16 16 11 13 16 16 16 16 17 18 12 16 20 18 14 13 16 21 22 29 28 31 45 45 42 45 56 69 76 92 134 169 187 196 207 216 226 231 230 228 227 228 235 235 236 236 236 235 235 234 233 232 232 232 232 232 232 231 234 234 235 236 236 234 233 231 238 236 235 235 237 239 239 238 234 238 241 243 241 239 238 238 240 240 240 239 239 240 240 240 238 240 242 245 245 244 242 241 239 238 238 237 237 236 236 235 234 237 239 239 236 235 236 238 244 242 241 241 243 244 244 243 238 237 236 237 241 244 247 248 244 245 244 242
214 214 214 214 214 213 212 212 212 215 205 207 208 202 171 107 54 37 32 34 29 30 32 27 29 27 25 25 27 28 27 26 27 27 27 26 25 24 24 24 27 28 30 30 30 28 25 23 19 20 23 23 22 22 22 23 30 25 23 25 26 24 24 27 29 28 27 26 26 26 26 27 26 26 26 26 26 25 25 25 27 27 27 27 26 26 26 26 23 27 29 27 27 29 27 23 26 27 28 27 25 24 25 26 24 24 25 26 27 27 28 28 21 21 22 22 22 23 21 21 23 22 20 22 20 16 15 20 19 23 25 24 22 20 19 19 23 23 22 22 22 23 24 25 24 22 21 21 21 21 20 18 24 26 21 20 26 20 16 25 26 23 20 19 19 20 19 18 16 16 16 16 16 16 16 16 20 18 16 14 13 14 16 17 13 14 15 17 17 16 15 14 14 11 10 11 15 15 13 9 14 17 16 12 11 14 16 16 12 16 19 18 14 12 12 14 15 12 11 14 13 10 9 12 11 10 10 11 13 15 14 13 17 14 11 11 13 13 10 7 14 14 15 15 16 16 16 17 16 16 15 14 13 14 14 14 12 13 13 13 13 13 13 13 13 13 14 15 15 16 17 17 18 21 22 20 19 21 19 15 18 17 16 15 14 14 14 14 13 15 17 21 22 20 14 10 11 14 15 11 10 11 12 11 17 16 15 16 16 15 12 9 7 8 11 16 16 11 11 14 13 16 16 14 15 18 18 16 15 14 13 11 11 11 12 13 11 10 9 10 12 12 10 9 15 14 14 13 14 16 17 19 22 24 26 26 24 23 24 25 23 20 16 14 14 13 12 11 10 12 15 16 16 16 17 19 15 17 20 19 17 16 18 21 21 25 26 31 48 51 47 52 75 86 91 100 136 167 185 195 208 217 227 232 232 231 231 232 234 235 235 235 235 234 233 233 232 232 232 232 232 232 232 232 233 233 234 235 235 233 232 231 237 235 234 235 237 239 239 239 234 237 240 241 239 237 237 237 239 239 239 239 240 241 243 243 240 241 243 245 245 243 241 240 237 237 237 236 236 236 236 236 231 233 236 237 237 237 238 240 244 242 241 241 242 244 243 242 245 242 239 240 243 246 246 245 245 246 246 245
213 214 214 214 214 213 212 211 208 213 205 207 207 197 158 87 42 31 32 36 32 33 34 28 28 26 25 25 26 27 27 26 23 23 22 22 21 20 20 19 24 25 28 29 29 27 25 23 19 21 23 23 23 23 25 26 34 27 23 26 27 25 24 26 27 27 27 26 26 25 25 24 24 24 25 26 26 26 26 25 27 27 27 26 26 25 25 25 22 26 28 26 26 28 26 22 28 28 27 25 23 23 26 28 25 25 25 25 25 25 26 26 21 21 21 22 22 23 21 21 22 20 19 21 20 16 16 21 18 23 25 25 21 19 18 19 23 23 22 21 22 23 25 26 25 23 21 21 22 22 20 18 21 23 18 18 23 19 15 24 15 14 15 18 20 19 16 13 16 16 16 16 16 16 16 16 19 18 15 13 13 15 17 19 13 14 15 16 16 15 13 12 16 12 9 11 16 18 17 14 14 18 18 12 11 15 17 16 13 16 18 16 12 11 14 18 15 12 12 15 15 11 11 14 10 8 8 9 11 12 12 11 13 13 13 13 12 12 10 10 12 12 13 14 15 16 17 17 20 19 17 15 14 13 13 14 9 10 13 14 15 15 13 13 13 13 14 14 15 16 17 18 19 23 23 19 18 19 18 14 17 17 16 15 14 14 13 13 13 13 15 18 19 19 15 12 17 19 16 11 11 15 15 10 20 18 15 14 14 13 11 9 7 8 12 17 16 12 11 14 11 15 16 13 14 18 19 16 15 14 13 11 11 12 13 14 14 12 9 10 12 13 12 11 13 13 13 12 12 11 11 11 20 21 23 23 22 22 24 25 25 21 18 15 15 14 13 12 11 11 13 14 13 12 13 14 16 16 17 17 17 18 18 19 19 25 25 32 51 57 54 60 92 104 108 113 142 168 183 195 209 218 227 232 233 233 234 236 234 234 235 235 234 233 232 232 230 231 231 232 232 233 233 234 233 234 235 236 235 234 232 231 237 235 234 235 237 239 240 239 235 237 240 240 238 237 236 237 238 238 237 237 238 240 242 243 244 243 241 239 239 239 240 240 236 236 237 237 237 237 237 238 232 234 237 238 239 239 240 241 244 242 240 241 242 243 243 242 247 247 246 245 244 244 245 245 244 245 247 246
213 214 214 214 214 213 212 211 207 220 213 206 191 173 139 76 50 38 36 35 28 29 31 25 28 26 24 24 26 27 27 26 21 21 22 23 23 24 25 25 21 23 26 28 28 27 24 22 21 22 23 23 23 24 27 29 32 24 20 24 27 24 24 28 26 27 28 29 29 27 25 24 23 23 24 25 26 26 26 26 27 27 27 26 26 25 25 25 20 24 26 25 25 26 24 20 29 29 27 24 22 23 26 29 26 26 25 24 24 23 22 22 23 23 24 24 24 25 23 23 21 19 19 21 20 16 17 22 19 24 26 25 22 19 19 20 23 22 22 21 22 23 25 26 26 24 22 22 22 22 20 18 23 25 20 21 27 22 19 28 24 23 21 20 19 19 18 18 16 16 16 16 16 16 16 16 19 17 14 13 13 15 18 20 15 15 15 15 14 13 12 12 18 14 10 12 17 21 20 18 14 19 18 12 10 15 17 15 15 17 17 13 9 10 16 23 18 15 15 18 18 15 15 18 18 16 14 14 14 14 12 11 11 13 14 14 12 10 11 11 10 10 12 13 15 16 17 18 22 21 18 15 14 13 13 13 6 8 12 15 16 15 13 12 14 14 14 14 15 16 17 18 20 23 23 19 18 19 17 13 17 17 16 15 15 14 13 13 14 13 13 14 16 17 16 15 19 19 15 10 13 20 20 14 20 17 14 12 12 13 12 11 9 9 13 18 17 12 11 14 8 13 14 11 12 18 19 15 15 14 13 12 11 12 13 14 17 13 10 10 13 15 14 13 18 18 17 16 14 12 10 9 17 19 21 21 21 21 23 25 22 20 17 16 17 18 18 15 13 13 14 14 12 10 11 11 18 17 16 17 19 20 19 18 26 29 30 38 58 67 66 72 102 117 122 126 151 174 188 200 207 216 225 230 232 232 234 237 233 234 234 234 233 232 231 231 229 230 231 231 233 233 234 235 234 235 236 237 236 235 233 232 237 235 234 235 237 239 240 239 236 238 240 239 238 237 237 238 238 238 237 236 237 238 240 241 247 244 238 234 233 235 239 241 236 237 237 238 238 239 239 240 235 237 238 240 240 241 241 241 244 242 240 240 242 243 242 241 242 246 250 248 243 240 244 248 241 243 245 244
213 211 209 209 211 214 214 214 213 205 204 200 181 151 107 61 34 33 32 30 29 28 28 28 23 24 25 26 25 24 22 21 20 21 23 24 25 24 23 23 23 21 21 22 25 27 26 25 19 20 22 24 25 25 24 24 25 24 22 21 22 24 26 28 23 25 28 29 28 27 27 28 25 24 23 24 26 27 27 25 24 23 23 24 26 27 27 25 24 25 26 25 23 22 23 25 21 22 23 22 22 22 24 26 22 23 23 24 24 23 23 22 24 23 21 21 23 26 25 25 17 18 17 18 19 19 18 19 15 19 21 24 25 25 23 22 21 21 22 22 22 23 23 23 20 19 20 22 24 24 21 19 20 19 18 20 22 24 23 22 15 18 19 16 16 19 18 15 16 16 16 17 17 18 18 18 16 16 15 14 14 14 15 15 13 16 16 13 13 17 18 15 13 13 13 13 13 15 16 17 15 15 14 11 10 11 15 19 19 18 17 15 13 13 16 19 11 11 13 14 14 14 14 14 9 10 12 14 16 17 17 17 13 13 13 12 11 11 11 10 13 13 12 12 12 12 13 13 15 19 20 14 12 15 19 20 14 13 13 12 12 13 13 14 14 14 14 15 16 18 19 20 18 18 18 18 18 18 18 18 18 15 15 18 17 13 11 14 17 17 17 17 16 15 15 14 10 9 8 10 12 13 13 12 12 12 12 14 17 17 15 13 9 11 13 14 15 13 11 10 9 17 17 10 12 20 19 10 13 10 9 11 12 11 12 17 10 8 7 9 13 15 14 12 16 15 13 12 12 13 15 16 11 12 14 17 21 24 26 28 23 21 18 15 15 16 18 18 13 11 12 14 15 15 13 12 16 17 18 18 17 18 21 23 20 25 27 36 53 65 77 97 121 141 154 151 159 181 198 199 208 214 220 226 230 233 233 233 234 233 232 231 232 233 235 236 236 234 231 231 233 235 236 236 233 234 235 236 236 236 236 236 238 238 238 239 239 240 240 240 236 236 237 238 238 239 240 240 238 237 237 237 238 240 242 244 238 238 238 239 240 241 242 243 235 235 236 239 241 241 240 238 231 230 232 237 239 238 238 242 239 241 244 244 243 241 241 242 238 244 245 239 236 239 245 248 239 245 248 247
219 217 214 213 213 212 210 208 211 210 212 200 167 129 85 46 33 33 31 30 29 28 28 28 27 27 28 29 29 28 27 26 22 23 24 25 26 26 25 24 24 23 24 25 28 29 28 26 20 21 22 24 25 25 24 24 25 24 22 22 22 24 26 27 24 26 28 29 28 26 27 27 26 24 24 25 27 28 27 26 26 25 24 25 27 28 27 25 21 22 23 23 22 21 22 24 23 24 24 23 22 22 24 26 22 23 23 24 24 23 23 22 26 25 23 22 23 24 22 22 19 19 18 19 20 19 18 19 15 19 22 24 25 24 23 22 22 22 22 23 23 23 24 24 20 20 21 22 25 25 23 21 21 20 19 20 22 23 22 21 15 18 19 16 16 19 18 15 16 16 17 17 17 18 18 18 15 14 13 12 11 11 11 12 14 17 16 13 14 18 19 16 16 15 14 14 13 14 14 15 16 16 15 13 11 12 15 18 14 14 14 12 10 10 12 14 9 10 11 12 12 12 12 12 10 11 13 14 15 16 16 16 16 15 15 15 14 14 13 13 17 17 16 16 16 16 17 17 16 20 20 15 12 15 19 19 11 10 10 10 10 10 10 11 13 13 13 14 15 17 19 20 23 23 22 21 20 19 19 18 18 15 15 18 17 13 11 14 21 19 17 14 13 13 13 14 11 11 10 12 15 16 16 14 13 13 13 15 17 17 14 12 9 11 12 14 14 13 11 10 7 14 15 9 10 18 17 9 13 10 8 11 11 9 11 15 11 10 8 10 13 15 14 12 15 14 13 12 12 13 14 15 13 14 16 18 20 22 24 25 22 20 17 14 13 14 16 15 13 13 14 15 16 16 14 13 17 19 22 22 21 21 23 22 23 29 32 42 62 71 84 102 135 155 168 166 169 187 202 206 214 217 222 227 230 231 231 230 232 232 232 232 232 233 234 234 233 232 231 231 233 235 234 233 234 234 235 235 235 235 234 234 237 237 237 238 238 238 239 239 236 236 237 238 238 239 240 240 239 238 237 237 237 238 239 240 239 239 239 239 240 241 242 243 239 239 240 240 240 239 237 235 234 232 233 238 239 237 237 240 238 241 244 246 246 245 246 248 244 250 252 247 244 246 250 251 247 251 251 246
213 212 213 215 217 217 215 213 214 213 216 205 172 135 93 54 32 32 31 30 29 29 29 29 27 28 29 30 30 29 29 28 24 25 26 26 27 26 26 26 25 25 26 29 31 31 29 26 23 23 25 26 27 27 27 26 27 26 25 24 24 26 27 29 25 27 29 28 27 25 25 26 26 25 24 25 27 28 27 25 27 25 24 24 26 26 25 23 23 25 26 26 26 26 27 29 25 26 26 25 23 22 24 26 23 23 23 23 23 23 23 23 27 26 25 23 22 22 20 20 22 22 20 20 20 19 17 18 17 20 22 23 24 24 23 22 22 22 22 23 23 23 24 24 21 20 21 23 25 26 25 24 23 21 20 20 22 22 21 19 15 19 19 17 17 19 19 15 16 17 17 17 18 18 18 18 19 18 17 15 14 14 14 14 14 17 17 14 14 18 19 17 18 17 16 14 14 13 13 13 17 18 17 16 13 13 14 16 14 16 17 16 14 13 13 14 10 11 12 12 13 12 12 12 12 13 14 15 15 15 15 14 16 16 15 15 15 14 14 14 19 19 19 18 18 19 19 19 18 21 20 15 13 16 18 17 13 13 13 13 13 13 13 13 13 13 13 14 15 16 18 19 26 25 24 22 21 19 18 17 18 15 15 18 17 13 11 14 23 20 16 12 10 10 12 13 10 10 10 13 16 17 17 15 15 14 14 15 17 16 13 11 9 10 12 13 13 12 10 9 5 11 12 8 9 15 15 10 14 10 9 11 10 8 9 13 13 12 11 12 13 14 13 12 15 14 12 11 11 12 14 15 16 16 17 18 19 21 23 24 27 25 22 19 17 17 18 17 15 14 14 15 15 14 13 12 20 22 26 27 25 24 23 23 23 30 37 49 71 82 95 112 144 164 179 177 178 193 208 212 219 221 225 228 229 229 228 227 230 231 232 232 233 233 233 232 231 230 231 233 235 235 233 231 234 234 235 235 235 234 233 233 236 236 236 237 237 237 238 238 236 236 237 238 238 239 240 240 241 240 239 238 238 238 239 239 239 239 240 240 241 242 242 243 239 240 241 241 240 238 236 235 235 233 234 239 240 237 237 240 240 243 245 246 246 245 246 248 241 247 249 244 241 242 244 244 249 251 249 242
210 211 213 216 218 217 214 211 219 211 207 198 173 142 98 56 32 31 30 29 29 29 29 30 25 26 26 27 27 27 27 27 25 25 25 26 26 26 26 25 24 25 27 30 32 31 28 25 24 25 25 26 26 27 27 27 27 26 25 25 25 26 27 27 26 28 29 28 25 24 24 25 25 24 23 24 25 26 25 24 26 24 23 23 24 24 22 20 23 25 27 28 27 27 29 31 26 27 27 25 23 23 24 26 23 23 23 23 23 23 23 23 25 25 25 24 22 21 19 20 24 24 22 21 21 19 17 17 18 21 22 23 23 23 22 21 20 21 21 21 22 22 22 23 21 20 20 22 24 26 25 24 25 23 21 21 21 21 19 17 15 19 20 17 17 20 19 15 17 17 17 18 18 18 19 19 23 22 20 18 17 16 15 15 14 16 16 13 13 17 18 16 18 17 16 15 15 15 15 15 18 19 19 18 15 13 14 15 14 16 19 19 17 15 14 14 14 14 15 15 16 15 15 14 13 14 14 15 15 14 13 13 14 14 14 14 13 13 13 13 16 17 17 17 17 17 17 16 20 22 21 16 14 17 17 15 15 15 16 16 16 16 15 15 12 12 13 13 14 16 18 19 24 23 22 21 19 18 17 16 18 15 15 18 17 13 11 14 19 18 15 13 11 11 12 12 8 7 9 11 15 16 15 13 16 15 15 16 17 16 13 10 10 11 12 12 12 11 10 9 5 10 13 10 10 14 15 12 17 12 11 12 11 9 10 13 15 14 13 13 13 13 12 11 14 13 12 11 11 12 13 14 17 17 17 18 19 22 24 25 29 27 24 21 19 19 19 17 16 15 16 16 14 13 13 14 24 27 31 33 31 29 28 27 26 34 38 52 74 90 104 125 145 165 184 183 185 196 210 215 222 223 226 228 229 229 228 228 229 230 232 233 234 233 232 231 230 231 232 235 237 236 233 230 231 232 233 234 235 235 234 234 236 236 237 237 238 238 238 238 236 236 237 238 238 239 240 240 241 241 241 241 240 241 241 241 240 240 241 242 242 243 243 242 235 237 239 240 239 238 237 237 235 233 235 239 241 238 238 241 244 245 246 245 243 241 242 243 239 243 242 237 234 237 239 239 242 245 244 238
219 218 217 217 215 210 204 199 218 210 203 183 147 110 70 32 33 32 31 30 29 29 29 29 25 25 25 25 25 25 26 26 25 25 25 24 24 24 24 25 24 24 26 29 31 30 26 23 26 26 26 26 26 27 27 27 27 26 26 26 25 26 26 26 27 28 28 27 24 23 24 26 25 23 22 22 24 24 23 22 27 26 24 24 25 25 23 22 19 21 23 23 22 23 25 27 26 27 27 25 23 23 24 26 24 23 23 22 22 23 23 24 21 23 25 24 22 21 20 22 24 24 22 22 20 19 16 16 20 22 23 23 22 22 21 21 19 19 20 20 20 21 21 21 20 19 18 20 22 24 24 23 25 23 21 21 21 21 19 17 16 19 20 18 18 20 19 16 17 17 18 18 18 19 19 19 20 19 18 16 14 13 13 13 13 15 15 12 12 16 17 15 16 16 15 15 16 17 18 18 18 19 19 18 15 13 14 15 11 13 17 17 15 13 11 11 15 15 16 16 16 16 15 14 14 14 15 15 15 14 13 12 14 14 14 14 14 14 15 15 16 16 17 18 18 17 16 16 20 22 21 16 16 18 18 14 12 12 13 14 14 13 12 12 13 13 13 14 15 16 18 19 22 22 21 20 20 19 18 18 18 15 15 18 17 13 11 14 13 14 15 16 15 14 13 12 8 8 10 13 16 16 14 12 16 16 15 16 17 16 13 11 12 12 12 12 11 11 10 9 7 12 15 13 12 14 15 15 19 15 13 14 14 11 12 16 15 15 15 14 13 12 11 12 15 14 12 11 11 12 14 15 16 16 16 17 19 23 26 28 24 23 20 18 16 15 15 13 16 16 17 16 14 13 15 17 24 27 32 36 38 39 40 42 45 47 48 59 79 95 111 134 152 171 190 191 193 201 212 219 222 223 226 228 230 230 230 230 229 230 232 234 234 233 232 231 231 232 234 238 240 238 235 231 229 230 232 234 236 237 237 237 238 238 238 238 239 239 240 240 236 236 237 238 238 239 240 240 237 237 238 239 240 241 241 241 241 241 242 243 244 243 243 242 234 236 239 239 237 235 234 235 235 233 235 240 242 240 240 243 245 246 246 245 243 242 243 245 247 249 246 240 239 243 246 246 238 243 246 244
216 216 215 216 214 211 205 201 212 213 212 185 134 90 58 31 34 33 32 30 29 28 28 28 30 29 28 27 26 26 27 27 26 25 24 24 23 24 24 24 24 24 25 27 28 28 25 22 27 27 26 26 26 26 27 28 27 27 27 26 26 26 25 25 26 27 27 25 24 23 25 27 25 24 22 23 24 24 23 21 29 28 26 27 28 28 27 26 21 23 24 24 24 24 25 27 25 26 26 25 23 22 24 26 25 24 22 21 21 22 24 25 19 22 25 25 22 20 20 22 23 23 21 21 20 18 16 16 22 23 23 22 22 21 21 20 19 19 20 20 21 21 21 21 22 20 19 19 21 22 22 21 25 23 21 21 21 21 19 17 16 20 20 18 18 20 20 16 18 18 18 18 19 19 19 20 22 21 20 18 17 16 16 16 13 16 15 12 13 17 18 15 16 16 16 16 17 18 19 20 17 18 17 16 13 13 14 16 14 16 19 20 18 15 14 14 14 14 15 15 15 14 13 12 14 14 15 15 15 14 13 13 16 17 17 17 17 18 18 18 18 19 20 21 21 20 19 18 20 21 20 17 18 21 19 14 13 14 15 16 16 15 14 13 14 14 14 15 16 18 19 20 23 23 23 22 21 21 20 20 18 15 15 18 17 13 11 14 10 12 15 18 18 16 14 12 11 12 13 16 18 18 16 13 16 15 15 17 18 17 15 12 14 14 13 12 12 11 11 10 10 14 17 16 14 13 14 16 19 15 14 15 15 13 14 18 13 14 15 14 11 10 11 12 16 15 13 12 12 13 15 16 17 16 16 17 19 23 27 30 24 23 21 20 18 17 17 15 17 17 19 18 15 15 18 22 27 30 34 39 44 49 56 60 69 71 67 70 88 102 116 139 168 182 199 203 206 212 218 220 222 224 226 228 230 231 232 233 231 232 233 234 234 234 234 233 233 233 235 238 240 239 236 232 230 232 233 235 237 238 238 238 238 238 239 239 239 240 240 240 236 236 237 238 238 239 240 240 233 234 235 237 238 239 239 239 241 242 244 245 245 244 243 242 238 241 243 241 235 231 230 231 237 235 236 241 242 240 240 243 243 244 246 246 246 248 251 254 252 253 250 245 245 249 252 251 242 249 253 252
210 210 212 214 216 216 213 211 214 213 213 193 152 113 78 47 36 35 32 30 28 27 26 26 33 32 30 28 27 27 27 27 28 27 26 25 24 24 25 26 26 25 24 25 27 27 25 23 28 28 26 26 25 26 27 28 27 27 27 27 26 26 25 24 25 25 26 24 23 24 26 28 28 26 25 25 26 26 24 23 27 26 25 25 27 28 27 26 26 28 29 28 27 27 28 29 23 24 24 23 22 22 24 26 25 24 22 21 21 22 24 25 20 24 27 26 21 18 17 20 21 22 20 20 19 18 16 16 23 24 23 22 21 20 20 20 21 21 22 22 22 23 23 23 25 23 20 20 21 22 22 21 24 22 21 21 21 21 20 18 17 20 21 18 18 21 20 17 18 18 18 19 19 19 20 20 24 23 22 21 21 21 21 21 15 18 18 15 15 19 20 17 18 18 17 17 17 18 18 19 16 16 15 13 11 12 15 18 19 21 23 23 21 19 19 19 15 15 16 16 15 14 13 13 13 13 14 15 15 15 14 14 17 17 17 18 18 19 19 19 19 21 22 24 24 22 21 19 19 20 19 17 19 22 20 15 16 17 19 20 20 19 17 16 15 15 15 16 17 19 20 21 25 24 23 21 20 18 17 17 18 15 15 18 17 13 11 14 14 15 16 17 17 16 14 13 13 13 15 17 19 18 14 11 15 14 15 17 18 18 16 14 16 15 14 13 12 12 12 12 12 15 18 18 14 11 12 16 17 14 12 15 15 13 15 19 10 12 14 13 10 9 11 13 17 16 15 14 14 15 16 17 19 18 17 17 19 22 26 28 26 26 25 24 23 22 22 19 16 18 21 20 17 17 22 27 39 40 41 43 47 54 63 70 84 85 79 83 99 108 122 143 174 185 200 208 213 218 221 220 225 225 227 228 230 231 232 232 234 234 233 233 234 235 236 236 233 233 234 236 238 238 235 233 235 235 236 237 237 237 237 236 237 237 238 238 238 239 239 239 236 236 237 238 238 239 240 240 235 236 237 239 239 239 238 238 242 243 245 246 246 245 243 241 240 244 246 243 237 232 231 233 241 238 239 242 242 238 237 240 242 244 245 246 247 249 253 255 245 248 248 246 247 250 250 246 248 253 255 251
216 215 215 215 216 215 212 209 221 209 201 192 170 138 91 43 37 36 33 30 28 26 25 25 34 32 30 27 26 25 27 25 30 29 27 26 25 26 27 27 28 26 25 25 27 27 26 24 29 28 27 26 25 26 27 28 27 27 27 27 26 26 24 24 24 25 25 24 23 24 27 29 30 28 27 27 28 28 26 25 22 21 21 22 24 25 24 23 25 27 28 27 25 24 25 26 21 22 23 22 22 22 24 26 25 24 22 21 21 22 24 25 22 26 29 27 21 16 15 17 20 20 21 19 20 18 17 16 24 23 21 22 21 20 20 20 23 23 24 24 24 23 23 23 28 25 22 21 22 23 22 21 23 21 20 20 22 22 21 19 17 20 21 18 18 21 20 17 18 18 18 19 19 20 20 20 20 20 19 18 18 18 19 19 17 20 20 17 17 21 22 20 21 20 19 18 17 17 17 17 15 15 14 11 10 11 15 19 17 19 20 20 18 16 17 17 18 18 18 18 18 17 16 15 12 13 14 15 15 15 15 14 15 15 15 16 16 17 17 17 17 18 22 21 23 20 20 17 18 17 18 15 20 22 21 13 12 14 16 17 17 16 14 12 16 16 16 17 18 20 21 22 24 23 21 19 16 14 12 11 18 15 15 18 17 13 11 14 19 18 17 16 15 15 14 14 12 12 13 16 17 15 11 8 14 14 14 17 19 19 17 15 17 17 15 14 13 12 12 12 13 16 19 18 13 9 11 15 16 12 11 14 14 13 15 19 9 11 13 12 10 9 10 13 18 17 16 15 15 16 17 18 22 21 19 17 18 21 24 26 23 23 23 22 22 21 21 18 18 20 23 22 19 20 26 31 55 51 50 45 46 52 61 68 85 88 86 89 106 116 129 149 169 180 194 205 214 219 220 218 227 227 228 229 230 230 231 231 236 235 234 233 234 235 237 238 233 232 233 235 237 237 235 232 239 239 239 238 238 236 235 234 236 236 236 237 237 238 238 238 236 236 237 238 238 239 240 240 240 241 242 243 243 241 240 239 242 243 245 247 246 245 243 241 238 243 246 245 239 235 236 239 245 242 241 243 242 237 235 237 243 244 245 245 244 246 249 252 239 244 248 248 250 251 247 241 250 253 251 244
206 206 206 208 210 209 207 204 200 202 208 195 170 157 121 63 41 36 30 28 30 28 25 22 31 30 29 29 31 31 32 29 26 25 25 26 28 30 29 28 18 22 26 28 28 27 26 25 26 26 26 27 27 28 28 28 29 28 27 26 26 26 26 27 25 21 26 28 20 22 27 23 25 26 27 28 28 28 28 27 24 20 20 24 27 25 25 27 25 24 24 26 28 29 28 26 19 20 20 22 23 24 25 25 25 23 21 19 18 19 21 22 23 24 24 25 25 24 24 23 23 26 29 28 28 24 23 23 19 18 17 19 23 23 24 23 27 27 24 23 21 18 17 17 19 23 26 26 24 22 22 22 20 22 24 24 22 21 22 23 19 18 18 19 21 21 19 17 19 18 18 17 18 19 21 22 17 19 21 20 18 17 19 21 17 16 16 15 15 16 16 17 17 18 17 15 16 20 19 14 13 15 17 18 19 19 18 17 13 16 19 19 17 16 17 20 20 18 19 21 19 14 15 19 16 15 14 15 17 18 18 16 15 14 13 14 16 17 16 15 11 13 16 15 20 22 22 15 16 13 15 15 19 17 18 16 17 16 16 17 19 19 17 15 13 15 17 18 18 19 21 23 17 17 17 16 16 15 15 14 15 15 14 14 14 13 13 13 13 16 20 20 18 15 13 12 12 13 14 14 15 15 14 14 15 14 14 17 20 20 16 12 10 13 18 22 18 13 15 20 13 15 16 15 13 12 13 14 17 15 14 13 13 15 17 19 11 13 14 11 8 9 16 22 17 17 16 15 16 17 19 20 15 16 17 16 15 16 19 22 17 17 17 18 18 19 19 17 15 24 23 23 32 35 32 38 62 64 73 77 78 76 79 84 104 114 110 108 128 146 153 159 171 183 197 207 213 215 215 218 223 226 227 229 231 233 234 235 234 235 235 234 232 232 234 236 234 233 234 236 238 238 235 233 236 235 235 237 238 238 236 233 230 231 232 233 235 236 237 237 236 237 238 239 241 242 243 243 238 239 240 241 242 243 244 244 241 245 246 244 244 246 245 241 237 240 242 240 237 234 235 237 245 240 239 241 242 238 237 239 238 242 245 246 246 247 250 253 238 242 247 246 244 243 247 252 248 245 243 243
202 201 201 202 204 204 202 200 192 191 196 186 167 157 121 60 42 37 31 29 32 34 33 32 31 30 28 29 33 33 32 29 32 28 26 26 27 27 25 23 20 23 27 29 29 28 27 26 26 26 26 27 27 27 28 28 30 29 28 28 27 27 28 28 29 25 30 32 25 26 32 28 27 27 28 29 29 29 29 29 29 25 24 27 29 26 25 27 25 24 24 25 27 28 26 24 21 21 22 22 23 24 24 24 25 24 23 22 22 23 24 24 21 22 22 22 22 22 22 21 19 21 24 25 23 22 21 19 19 17 16 17 23 23 24 23 24 24 22 21 21 19 19 20 14 18 21 22 21 20 21 21 20 22 24 24 22 21 22 23 20 19 18 19 21 21 19 17 19 18 18 17 18 19 20 21 19 21 22 21 19 18 19 21 17 17 16 16 16 16 17 17 18 19 18 16 18 21 20 16 17 17 18 18 18 17 16 16 14 16 19 18 17 16 17 19 19 17 18 20 18 14 15 19 15 13 13 14 16 17 16 15 16 14 14 15 17 18 18 17 14 16 15 13 16 21 20 16 18 17 16 17 18 18 16 14 17 16 16 17 19 19 17 15 13 15 17 18 18 18 21 23 18 18 18 18 18 18 18 18 17 16 16 16 16 16 16 16 10 13 18 19 19 17 16 16 14 14 16 17 18 19 19 19 17 16 16 17 19 18 14 11 11 13 18 21 17 12 13 19 14 17 20 21 19 16 15 15 17 16 14 12 12 13 15 16 11 13 14 12 9 10 16 21 16 15 14 13 13 15 17 19 13 15 18 18 17 16 16 17 19 20 20 20 21 21 21 19 16 22 20 22 35 42 45 52 80 85 92 97 100 101 102 104 127 137 135 133 146 158 165 173 176 185 198 209 214 216 217 218 224 226 228 229 231 232 234 234 235 236 236 235 234 233 235 237 235 235 235 237 239 239 237 235 236 235 235 236 237 237 234 232 231 231 232 234 235 236 237 238 239 239 240 241 243 244 245 245 239 240 240 241 242 243 244 244 240 244 244 242 241 243 242 238 239 242 243 242 239 237 237 238 244 241 240 242 242 239 238 240 247 249 250 249 247 247 249 252 251 254 254 251 246 243 246 249 248 246 245 247
201 200 199 199 201 201 200 198 200 196 200 193 180 173 132 67 40 34 27 25 27 30 32 31 29 27 28 29 32 33 32 28 31 27 25 25 26 26 24 22 23 25 27 29 30 29 28 27 26 26 26 26 27 27 27 28 31 30 29 28 28 28 28 29 28 24 29 31 23 25 30 26 22 23 23 23 24 24 24 24 28 23 22 24 25 22 20 21 26 25 24 25 26 26 24 22 22 22 22 22 22 22 22 23 19 19 19 19 20 20 20 20 21 21 22 22 22 22 21 21 17 19 22 22 21 19 19 17 19 16 16 17 22 23 24 22 21 21 20 19 21 20 20 22 11 16 19 21 20 20 21 22 16 18 20 20 18 17 18 19 20 19 19 20 22 22 20 18 19 18 18 18 18 19 20 20 21 22 23 21 19 18 19 20 18 18 17 17 17 17 18 18 19 20 19 17 19 22 21 17 20 19 18 17 16 15 15 16 15 17 18 18 16 16 17 19 18 16 17 19 17 13 14 18 14 13 12 13 15 16 15 13 15 14 14 16 18 20 19 18 22 22 19 15 16 20 20 16 19 17 16 16 16 16 15 13 17 16 16 17 19 19 17 15 14 16 17 18 17 18 20 21 18 18 17 17 16 16 16 16 13 13 13 13 13 13 14 14 11 14 18 19 18 17 17 17 10 11 13 15 16 17 18 18 19 18 17 18 18 16 13 10 13 14 17 19 16 11 11 16 10 14 18 20 18 14 12 11 17 16 14 12 11 12 13 13 12 13 14 12 10 11 15 20 16 14 12 10 10 12 15 17 12 15 18 19 17 15 13 12 16 16 16 16 17 17 18 16 15 21 20 25 42 49 53 64 88 99 113 121 130 134 130 120 137 151 153 150 157 163 170 183 182 190 201 210 216 219 220 223 224 227 228 229 231 232 233 234 235 236 237 236 234 234 236 238 236 236 236 237 239 240 238 236 238 237 236 236 237 237 235 233 232 232 233 234 235 236 237 238 239 239 240 241 242 243 244 245 240 240 240 241 242 242 243 243 241 244 244 241 241 242 241 238 242 243 244 244 241 240 240 240 243 240 240 243 242 239 239 242 247 247 247 245 243 243 246 248 247 249 249 247 244 244 248 252 246 244 244 245
210 209 207 207 208 209 208 206 209 203 205 200 189 179 133 61 37 34 27 25 25 26 26 24 28 27 28 28 32 33 31 28 24 23 22 24 26 27 27 26 24 25 26 28 29 29 27 25 25 25 26 26 26 27 27 27 30 29 28 27 27 27 27 28 26 22 27 29 21 23 28 24 21 21 21 21 21 22 23 23 26 21 19 22 23 20 18 19 27 25 24 24 25 24 22 20 22 22 21 21 20 20 20 19 16 16 17 18 18 18 18 17 24 24 23 23 23 23 24 24 19 21 23 23 22 21 21 20 18 16 16 16 22 23 23 22 20 21 20 19 20 19 19 20 14 19 21 22 21 20 21 21 16 18 19 19 18 17 17 18 21 20 19 20 22 22 20 18 18 18 18 18 18 18 19 19 21 21 21 20 18 18 17 18 18 18 18 19 19 18 18 18 18 20 19 16 18 22 20 16 20 19 17 16 15 16 17 18 17 17 17 17 16 16 17 18 16 15 16 18 16 13 14 18 15 14 13 13 15 16 15 13 14 13 13 15 17 19 19 18 23 24 24 18 21 21 22 15 21 17 17 15 18 17 18 15 17 16 16 17 19 19 17 15 14 16 18 18 17 17 18 20 20 20 19 18 16 15 14 14 12 12 13 13 13 14 14 14 16 18 20 20 17 15 13 13 10 11 12 14 15 15 15 15 18 17 17 17 17 16 14 12 15 14 16 18 15 10 10 13 11 13 16 17 15 12 11 11 17 16 14 12 11 10 10 11 13 14 14 13 11 12 15 19 17 14 11 9 10 12 15 17 13 15 18 18 15 12 11 11 13 13 14 14 15 15 15 15 17 19 21 28 46 54 60 72 86 105 125 137 152 163 156 141 136 153 159 157 161 164 172 189 187 193 201 210 216 219 221 223 225 227 228 229 231 232 233 233 235 236 236 235 233 233 235 237 236 235 235 236 238 239 238 236 241 239 238 238 239 238 236 234 233 234 234 235 236 237 238 238 237 237 238 239 240 240 241 241 239 239 239 240 240 240 240 240 241 244 245 242 242 245 245 242 242 243 243 243 242 241 240 240 240 238 239 241 240 237 237 241 243 243 242 241 242 244 246 248 244 244 244 242 241 243 249 253 249 246 244 243
216 214 213 213 214 214 212 211 218 211 213 208 195 183 133 62 38 33 29 27 30 29 25 21 28 27 27 28 30 30 29 28 24 23 22 24 26 27 27 26 25 24 24 25 28 28 26 23 25 25 25 26 26 26 27 27 28 27 26 25 25 25 26 26 28 24 29 31 23 25 30 26 26 26 25 25 25 26 27 28 27 23 22 25 27 24 23 25 27 26 24 24 25 24 21 19 21 21 20 19 19 18 17 17 19 20 21 21 21 21 20 20 24 23 22 22 22 22 23 24 21 23 24 24 22 21 22 21 18 16 15 16 22 22 23 22 23 23 21 19 19 17 16 17 16 21 23 23 20 18 18 18 18 20 22 22 20 19 20 21 20 19 19 20 22 22 20 18 18 18 18 18 18 18 17 17 19 18 17 17 17 17 16 15 17 18 19 19 19 19 18 17 17 19 17 15 17 20 19 15 18 17 16 15 16 17 19 20 19 18 16 16 16 17 17 17 16 14 16 18 17 13 14 19 17 16 14 15 16 17 16 14 13 12 11 13 15 17 16 15 19 23 28 28 33 35 34 27 29 25 25 23 27 26 28 25 17 16 16 17 19 19 17 15 15 17 18 17 16 16 17 18 20 20 19 19 19 19 19 19 19 19 19 19 19 19 19 19 18 20 21 20 17 15 14 14 16 17 17 18 17 17 16 15 15 16 17 17 16 16 16 16 17 15 15 17 15 10 9 13 18 18 18 17 15 14 16 18 17 16 15 13 12 10 10 9 14 14 14 13 13 13 15 17 18 16 13 12 11 13 16 17 16 17 16 14 12 10 11 13 16 17 17 17 18 18 18 18 19 18 17 23 43 59 77 99 99 113 129 144 164 181 183 176 150 165 170 170 172 172 179 197 194 197 202 209 215 219 220 222 225 228 228 229 231 232 232 233 233 234 234 233 231 231 233 235 236 234 233 234 236 237 237 236 239 237 236 236 237 237 236 234 235 235 235 236 237 237 238 238 237 237 238 238 239 240 240 240 239 238 238 238 238 238 237 237 239 242 243 241 242 246 247 245 241 241 241 241 241 241 240 239 237 236 237 239 237 233 234 239 246 245 244 244 246 248 249 250 253 252 249 245 242 242 245 247 252 249 246 244
207 206 206 207 208 207 203 201 205 201 205 199 185 176 133 66 34 30 26 25 28 29 26 23 28 26 27 28 29 30 29 27 29 27 25 25 26 26 24 22 26 24 22 24 27 28 25 22 24 25 25 25 26 26 26 26 27 26 25 25 24 24 25 25 26 22 27 29 21 23 28 24 26 25 24 24 24 25 27 28 26 22 21 25 26 24 23 25 27 26 25 25 26 25 22 20 20 20 20 19 18 18 17 17 21 20 20 19 19 19 18 18 22 21 20 19 19 20 21 22 20 21 22 22 20 20 21 20 18 15 15 16 21 22 23 21 24 24 21 18 17 14 13 13 16 20 22 21 18 15 14 14 15 17 18 18 17 16 16 17 19 18 18 19 20 21 19 17 17 18 18 18 18 17 16 16 17 15 14 15 16 17 16 15 16 17 18 19 19 18 17 16 16 18 17 14 16 20 19 14 16 15 15 16 17 18 19 20 21 18 15 15 16 17 17 17 16 15 16 19 17 14 15 20 18 17 15 16 17 17 16 14 13 12 11 12 14 15 14 15 15 22 29 35 43 49 48 43 33 30 28 27 28 29 29 29 19 16 16 17 19 19 17 15 16 17 18 17 15 15 16 17 10 11 12 14 16 18 19 20 20 20 20 19 19 18 18 18 16 18 19 19 18 17 17 18 17 17 17 17 16 15 13 13 14 15 17 16 15 15 17 18 19 15 14 16 15 12 11 14 18 18 16 14 12 12 15 18 17 17 16 14 13 12 10 10 15 15 14 14 14 14 15 16 18 17 16 14 14 15 16 16 17 17 16 14 11 10 12 14 15 15 16 16 17 17 17 17 18 16 9 14 34 54 87 124 119 120 127 141 160 178 194 202 175 183 183 183 185 182 185 200 201 202 204 209 214 218 219 221 226 228 229 230 230 231 232 232 232 233 233 232 231 230 232 234 236 234 232 233 235 236 236 236 236 234 232 232 234 235 234 234 236 236 236 237 237 238 238 238 239 239 240 240 241 241 242 242 239 239 239 238 237 237 236 236 237 240 240 237 238 243 245 242 240 239 238 239 241 241 239 237 236 236 238 239 235 230 231 237 246 244 243 244 245 245 244 242 247 245 244 242 242 244 246 247 247 244 242 241
180 180 181 183 184 182 177 173 163 162 169 164 152 152 124 70 39 33 25 21 22 23 25 24 25 24 25 25 29 30 28 27 30 28 26 26 27 27 25 23 29 25 23 24 28 29 26 22 24 24 25 25 25 26 26 26 28 27 26 25 25 25 25 26 24 20 26 27 20 22 27 23 24 23 21 20 21 22 25 26 27 22 21 23 24 21 20 21 27 26 25 26 27 26 24 22 21 21 21 20 20 20 20 20 22 21 19 17 15 15 16 16 22 21 19 18 18 19 21 22 20 21 22 21 19 19 21 20 17 15 15 15 21 22 22 21 24 23 21 18 17 14 12 13 15 19 21 21 19 17 16 16 13 14 16 16 15 13 14 15 18 17 17 18 19 19 18 16 17 18 18 19 18 17 16 15 16 14 13 14 18 19 18 16 14 16 17 19 19 17 16 14 17 19 18 15 17 21 20 15 16 16 17 18 18 18 17 17 22 19 15 14 16 17 17 16 17 15 17 20 18 15 17 21 18 16 15 15 16 16 14 13 16 14 13 13 14 15 13 14 16 23 29 35 43 50 51 47 37 34 29 27 27 27 26 24 19 16 16 17 19 19 17 15 16 18 18 17 15 14 15 16 10 11 12 13 14 16 17 17 19 18 18 17 15 14 13 13 17 18 20 19 17 16 17 18 13 13 14 14 14 13 12 11 15 17 18 17 14 13 15 18 20 15 14 16 16 13 13 15 14 14 14 13 11 11 12 14 17 16 16 16 14 13 12 11 16 15 14 14 15 15 15 14 17 17 17 16 16 15 15 14 15 16 17 16 14 12 13 14 13 14 14 14 15 15 15 16 18 18 13 16 28 40 70 107 129 126 132 147 160 171 188 205 199 200 194 193 198 193 192 203 211 209 209 212 217 221 222 221 226 228 229 230 230 231 232 232 233 233 234 233 231 231 233 235 237 235 233 233 235 237 237 237 235 233 232 232 234 237 237 237 237 237 237 238 238 238 238 239 239 240 240 240 240 241 241 241 242 241 241 240 239 238 237 237 240 242 241 237 237 241 242 240 240 238 237 239 241 242 239 237 238 238 239 239 234 228 230 236 240 239 239 242 245 245 241 238 237 237 238 240 244 247 249 250 244 242 240 240
157 158 161 163 164 161 155 150 151 153 162 157 148 157 141 95 53 44 31 23 22 24 28 28 25 24 25 25 29 29 28 27 26 25 25 26 28 30 29 28 31 27 23 25 29 31 27 23 24 24 24 25 25 26 26 26 29 28 27 26 26 26 26 27 29 25 30 32 24 26 31 27 27 25 24 23 23 25 27 29 33 28 26 28 28 24 21 22 27 26 26 26 28 27 25 23 22 22 22 22 22 22 22 22 28 26 23 20 18 18 19 20 25 23 21 20 20 21 23 25 22 23 23 22 21 20 22 22 17 15 15 15 21 21 22 21 22 22 20 17 17 14 13 14 16 20 23 24 22 21 21 21 18 20 22 22 20 19 20 21 17 16 16 17 18 19 17 15 17 18 18 19 18 17 15 14 16 14 13 15 19 21 20 18 13 15 17 18 18 17 15 13 19 20 19 17 18 22 21 16 17 18 19 19 18 17 15 13 23 19 14 14 16 18 17 16 17 16 17 20 19 16 18 22 17 15 13 13 14 15 13 11 18 16 15 15 15 15 14 14 20 24 27 30 36 43 44 40 44 40 35 31 29 28 27 24 19 16 16 17 19 19 17 15 17 18 18 17 15 14 14 15 23 22 22 21 20 19 18 18 22 22 21 19 17 16 15 14 21 22 22 20 16 14 14 15 14 15 16 17 17 17 17 17 18 19 20 17 13 12 13 16 20 16 14 16 17 15 14 17 15 17 19 19 17 15 14 15 16 16 17 16 16 14 13 12 16 15 14 15 15 16 15 14 15 16 17 17 17 15 13 12 12 15 18 19 17 14 13 12 17 17 18 18 18 19 19 19 15 21 22 23 25 24 40 73 133 130 142 165 172 170 180 197 213 209 199 200 208 204 200 209 216 213 212 213 218 222 222 221 228 229 229 230 230 231 231 232 234 235 235 234 232 232 234 236 239 237 234 234 236 238 239 238 238 236 234 235 238 241 242 242 237 238 238 238 238 238 239 239 237 237 237 238 238 238 238 238 244 244 243 242 241 239 239 238 246 247 245 240 238 241 241 239 241 239 238 239 242 243 240 237 239 239 241 241 234 228 229 235 237 238 240 245 250 251 248 244 246 246 245 246 248 249 249 248 251 249 247 247
169 171 173 175 176 176 176 176 176 181 186 191 196 192 176 162 101 72 48 32 22 25 31 27 20 22 22 19 21 24 23 20 20 21 22 24 25 26 26 26 26 24 22 22 24 26 27 26 25 24 22 24 26 28 29 28 25 24 23 23 23 24 26 27 27 27 27 28 28 28 29 29 20 21 22 23 23 22 21 20 21 22 24 25 26 25 24 23 24 23 21 19 19 19 20 21 16 18 21 24 24 23 21 19 19 20 21 22 22 21 20 19 23 24 25 24 22 21 22 23 23 23 24 25 24 22 21 17 14 15 16 14 20 23 23 18 22 24 23 21 19 15 14 16 16 20 22 23 23 22 20 18 15 17 19 21 22 22 21 21 15 17 20 20 19 17 17 17 18 18 18 18 18 17 17 17 19 18 16 17 19 19 18 17 16 17 18 18 18 17 16 15 10 12 15 18 20 20 19 18 19 19 19 19 19 19 18 18 16 18 17 11 9 13 16 17 16 15 15 16 17 20 22 24 15 10 11 17 20 15 13 16 15 15 16 16 17 18 19 21 23 19 19 25 29 30 36 44 41 44 42 35 31 32 33 30 14 16 18 16 16 17 16 12 12 12 13 14 15 14 14 14 16 18 18 18 16 17 19 21 14 15 16 16 16 15 13 12 23 22 20 17 14 13 15 18 14 15 17 18 19 18 17 16 17 17 18 18 17 15 13 12 15 14 17 23 23 19 16 18 12 13 14 13 12 13 18 23 16 16 18 20 16 11 12 17 15 16 16 15 13 14 17 19 12 17 19 14 12 15 17 16 12 16 21 23 22 19 17 16 15 18 18 17 17 20 21 20 17 20 28 32 26 21 29 45 85 118 142 155 169 179 182 188 199 209 212 206 205 212 212 205 208 214 220 222 219 218 220 223 228 228 228 229 230 231 232 233 231 234 236 235 233 232 234 237 236 236 236 236 236 236 236 236 231 231 233 234 236 237 238 239 236 236 236 237 237 238 238 238 237 237 238 239 240 240 240 240 234 235 237 239 240 240 239 239 236 238 239 238 238 238 241 243 234 237 240 240 238 234 232 231 228 232 235 234 230 228 232 236 236 245 248 243 243 250 249 240 238 238 238 239 242 243 242 240 241 241 242 243
138 136 137 142 148 151 148 144 145 147 149 152 157 157 147 134 100 73 48 32 23 26 30 23 25 28 28 25 26 29 29 26 24 24 25 26 27 27 27 27 29 27 25 25 27 29 29 29 26 25 23 24 26 28 28 27 26 26 26 26 26 27 28 28 30 30 29 28 27 26 25 24 25 26 27 28 28 27 26 25 26 27 28 29 29 29 28 27 27 26 25 25 24 25 25 25 19 20 22 24 24 23 22 21 22 23 24 24 24 24 23 22 25 26 27 26 24 23 24 25 24 24 25 25 25 24 23 21 19 20 21 19 24 27 28 23 24 26 25 23 21 17 17 18 18 22 24 25 25 24 23 21 20 20 21 22 23 23 23 23 17 20 22 22 21 19 19 20 20 20 20 20 20 20 20 20 21 19 18 19 20 21 20 18 17 18 19 20 21 20 19 18 16 17 19 20 20 19 18 17 23 23 21 20 20 20 20 21 18 22 23 18 16 17 18 17 17 17 17 17 18 20 22 23 20 15 16 21 23 20 18 20 15 16 17 18 18 18 18 19 23 20 20 25 28 29 34 41 44 46 44 36 31 30 29 25 27 28 27 23 21 22 21 17 17 17 18 19 20 19 19 19 19 20 21 20 19 19 21 23 19 19 20 21 20 19 18 17 24 24 22 19 17 16 18 21 16 17 19 20 20 20 19 18 18 18 18 18 17 16 14 14 16 15 17 21 22 18 17 19 15 16 17 16 15 16 21 25 20 19 21 23 21 16 17 22 19 19 19 18 16 17 20 23 16 21 23 20 18 19 19 16 20 22 25 25 23 20 18 17 24 21 17 15 15 18 24 30 31 28 30 33 28 20 26 37 70 97 121 140 168 183 185 189 206 215 218 211 210 215 214 208 208 214 220 221 220 219 221 226 230 229 229 229 230 231 232 233 231 234 235 235 233 233 234 237 236 236 236 236 236 236 236 236 234 234 235 236 237 238 239 240 236 236 236 237 237 238 238 238 238 238 239 239 240 239 239 239 235 237 239 240 241 241 240 240 241 242 243 241 238 237 237 238 233 236 239 240 238 235 233 232 230 233 236 234 230 229 231 235 234 242 244 240 240 247 245 238 241 240 239 238 238 240 242 243 242 242 241 241
125 119 116 120 128 129 122 114 120 119 116 115 119 123 118 111 116 89 67 49 35 36 38 28 28 31 32 29 28 31 32 29 28 28 28 29 29 29 29 29 30 28 27 27 29 31 31 30 29 27 25 25 27 28 28 27 28 28 29 30 30 30 30 30 31 30 29 28 27 26 25 25 28 29 30 31 31 30 29 28 29 30 30 31 31 30 29 28 27 27 28 29 29 29 28 28 23 23 23 24 24 24 24 24 25 26 26 27 27 26 26 25 28 29 30 29 27 26 27 28 26 26 25 25 26 26 27 25 22 23 23 22 27 30 30 26 27 29 28 26 24 20 19 21 20 24 25 27 28 27 26 25 26 25 24 23 23 24 25 26 20 22 24 24 23 21 22 23 23 23 23 23 23 23 23 23 23 21 20 21 22 23 22 20 19 20 21 22 23 23 23 23 21 21 21 21 21 21 21 21 29 27 24 22 21 21 22 23 19 24 26 22 19 20 19 16 19 19 19 18 19 20 21 22 22 19 19 23 25 23 21 22 16 18 19 20 20 18 16 17 24 21 20 24 26 27 31 36 48 51 50 42 36 33 31 27 26 26 25 20 18 20 20 17 20 20 21 22 23 23 22 22 19 20 21 20 19 19 21 23 22 22 23 23 22 21 20 19 25 25 24 22 20 20 22 24 18 19 20 21 21 21 21 20 20 20 19 18 17 17 17 17 18 15 16 19 19 17 17 20 18 19 20 19 19 20 23 26 21 20 21 24 22 19 20 25 21 21 21 19 18 19 23 26 22 27 28 26 26 27 24 19 23 25 27 27 26 24 25 26 30 23 20 21 21 19 26 37 44 35 30 30 27 20 22 31 52 69 88 118 157 179 185 191 206 216 220 216 216 221 221 215 212 216 222 223 222 222 225 227 232 231 231 231 231 231 232 233 232 233 235 235 233 233 235 236 236 236 236 236 236 236 236 236 237 238 238 238 239 239 240 240 236 236 236 237 237 238 238 238 239 239 239 239 239 238 238 238 237 238 240 241 242 242 241 240 241 243 244 243 241 238 237 237 234 237 240 241 239 237 236 236 233 235 237 235 231 230 231 234 233 240 242 239 239 245 244 238 245 246 245 241 238 239 243 248 243 242 242 241
123 119 117 121 126 127 121 115 121 119 115 111 113 117 114 109 114 97 80 57 36 31 32 23 28 31 33 29 28 31 32 29 31 31 30 29 29 28 29 29 28 27 26 26 28 30 29 28 32 30 28 28 29 30 30 28 29 30 32 33 33 33 32 31 28 29 29 29 29 30 30 30 27 28 29 30 30 29 28 27 28 28 28 28 28 27 27 27 24 25 27 28 29 29 28 27 27 26 25 24 24 25 26 27 27 27 27 28 28 27 27 27 29 30 31 30 28 27 28 29 28 28 27 26 27 29 30 30 21 22 23 21 26 29 30 25 28 30 30 27 25 22 21 23 21 24 26 27 28 28 28 27 29 27 24 22 22 24 26 28 22 24 25 25 23 22 23 24 23 24 24 24 24 25 25 25 23 22 21 21 23 23 22 21 20 21 22 23 24 25 25 26 21 20 21 21 23 24 26 27 31 29 25 22 20 21 23 24 16 21 22 19 17 19 19 17 20 19 19 19 19 19 19 19 21 19 18 20 22 22 20 20 18 19 21 22 21 19 15 13 22 21 22 21 25 24 29 29 43 45 47 40 37 34 33 28 18 20 19 15 15 19 20 18 19 19 20 21 22 22 21 21 16 18 18 18 16 17 19 21 22 22 21 21 20 19 19 18 24 24 24 23 21 21 23 25 19 19 20 20 21 21 21 21 22 21 19 17 17 17 19 19 20 16 15 17 17 15 17 20 20 20 20 20 21 22 24 26 19 16 17 20 20 18 19 23 20 20 19 18 17 19 23 27 25 26 25 23 26 29 28 22 19 22 25 27 29 31 35 38 33 26 26 31 29 22 26 38 49 34 27 26 27 22 23 26 34 45 58 84 125 152 169 186 198 208 214 215 217 223 224 221 214 218 222 224 224 224 226 228 234 233 232 231 231 231 232 232 233 233 234 234 234 234 235 235 236 236 236 236 236 236 236 236 239 239 239 239 239 239 239 239 236 236 236 237 237 238 238 238 240 240 239 238 237 237 237 237 237 238 240 241 242 241 240 239 235 238 242 244 243 242 242 242 236 239 242 243 241 240 239 240 235 237 238 236 233 231 232 233 236 241 242 240 241 245 244 240 247 250 251 247 242 240 244 249 244 244 243 243
105 106 108 111 114 116 116 116 116 116 114 111 113 117 115 112 109 103 93 69 43 34 35 27 29 32 31 27 28 30 30 26 32 31 29 28 27 27 28 28 28 27 26 28 30 30 29 28 34 32 30 30 31 32 31 30 29 30 32 33 33 33 32 31 30 30 31 31 31 32 32 32 26 27 28 29 29 28 27 26 27 27 26 26 26 26 26 26 24 25 27 28 29 29 28 27 29 28 26 25 25 26 27 28 27 27 27 27 27 27 27 27 29 30 31 30 28 27 28 29 30 29 28 28 29 30 32 31 21 22 22 20 26 29 29 24 28 30 29 27 25 21 21 22 22 25 25 26 27 27 27 27 29 27 24 21 21 23 26 28 22 23 24 23 22 21 23 24 23 23 23 24 24 25 25 25 23 22 21 21 23 23 22 21 21 21 21 22 23 24 25 26 22 22 22 22 23 25 26 27 31 28 25 21 20 20 22 24 17 20 20 15 15 19 22 23 19 19 19 19 19 18 18 17 21 20 19 18 20 21 20 18 19 20 22 23 22 19 16 13 20 20 22 19 21 21 25 23 25 29 33 28 28 28 29 25 24 26 25 21 21 25 26 24 18 18 19 20 21 21 20 20 16 18 18 18 16 17 19 21 22 22 21 20 19 18 18 18 21 22 23 22 20 20 21 23 18 18 18 18 18 19 19 20 22 21 19 18 17 18 19 20 21 16 15 16 16 14 16 20 20 19 19 20 21 22 23 23 19 15 14 17 18 17 18 21 19 19 19 18 18 21 27 31 27 24 19 17 22 30 31 26 18 20 23 26 29 33 39 42 40 34 33 34 29 24 30 42 39 26 21 23 25 22 23 27 28 34 39 54 84 110 141 177 195 204 212 216 219 223 224 223 218 220 222 224 224 225 227 228 234 233 232 231 231 231 232 232 233 233 233 234 234 235 235 235 236 236 236 236 236 236 236 236 238 238 238 238 237 237 237 237 236 236 236 237 237 238 238 238 241 240 238 237 236 236 237 237 236 237 239 240 240 239 238 237 233 236 241 244 244 243 244 245 236 238 240 241 239 238 238 239 237 238 238 237 235 233 233 234 237 240 241 240 241 243 243 241 242 247 251 249 244 240 241 244 245 245 245 245
101 101 101 99 98 97 98 100 99 101 102 101 103 107 106 104 103 105 102 81 54 45 44 33 32 34 33 29 30 32 31 28 32 30 29 27 26 27 28 29 29 29 29 30 32 33 31 29 32 30 29 29 31 32 32 31 28 28 29 30 30 30 30 30 34 34 33 32 31 30 29 28 27 28 29 30 30 29 28 27 27 27 26 26 27 28 29 29 28 28 29 30 30 30 29 29 30 29 27 26 25 26 27 28 28 27 27 26 26 27 27 28 29 30 31 30 28 27 28 29 31 31 30 30 30 31 32 30 23 24 25 23 28 31 32 27 28 30 29 27 25 21 21 22 24 26 26 25 25 25 25 25 27 25 23 21 21 23 26 28 22 23 23 22 21 21 23 25 22 22 23 24 24 25 26 26 24 22 21 22 23 24 23 21 22 22 22 22 22 24 25 26 25 25 24 24 23 22 22 21 28 27 24 22 21 21 22 23 21 23 22 17 16 21 26 26 19 19 20 20 20 20 19 18 23 24 22 19 20 23 23 19 20 21 23 23 22 20 17 15 18 21 20 18 18 21 22 20 17 23 25 23 23 26 28 27 31 33 32 27 25 27 27 23 19 19 20 21 21 21 21 21 19 20 21 20 19 19 21 23 25 24 23 21 20 20 19 20 19 21 21 20 18 17 18 19 17 16 16 16 16 17 18 19 20 20 19 18 18 19 19 20 20 16 15 16 16 14 15 19 19 18 17 18 20 21 21 19 21 16 14 17 18 17 18 21 20 20 20 19 21 26 32 38 38 32 23 20 28 37 39 34 20 22 24 25 26 28 32 35 47 45 39 30 24 26 35 43 25 19 19 25 25 19 22 29 35 37 38 46 62 78 118 167 200 207 215 219 222 222 223 223 223 223 224 224 225 226 227 227 232 231 231 231 231 231 232 233 234 233 232 233 235 236 235 234 236 236 236 236 236 236 236 236 237 237 236 236 236 236 236 236 236 236 236 237 237 238 238 238 240 239 237 236 236 236 238 238 236 237 238 239 239 239 237 236 237 239 242 243 241 240 240 241 234 235 237 237 235 234 234 235 238 238 238 237 236 236 235 235 237 237 238 238 239 240 241 241 238 242 246 246 242 238 237 237 244 245 245 246
124 119 112 108 107 107 106 105 102 104 104 101 102 105 104 102 102 104 102 84 60 50 43 25 32 35 34 30 30 32 31 28 32 30 28 27 27 28 29 31 28 28 28 30 32 32 30 28 28 27 26 26 28 30 30 30 26 26 26 26 26 27 28 28 33 32 31 30 29 28 27 27 26 27 28 29 29 28 27 26 26 26 25 25 27 28 30 32 31 31 30 29 29 29 30 30 29 28 28 27 26 26 26 27 29 28 27 27 27 27 28 29 30 31 32 31 29 28 29 30 31 31 32 32 32 31 30 28 24 25 26 24 29 32 33 28 29 31 30 28 26 22 21 23 26 28 27 26 25 25 25 25 26 25 23 22 23 25 27 29 23 24 24 23 21 21 23 26 23 23 24 24 25 26 27 27 26 24 23 24 25 26 25 23 25 24 23 23 23 24 25 26 22 23 24 24 23 21 19 18 26 26 24 23 23 23 23 24 23 27 27 22 20 22 24 23 20 21 22 23 23 23 22 21 24 25 23 18 19 24 24 19 21 22 22 22 21 20 19 18 15 18 18 15 15 20 20 17 20 24 25 22 21 24 26 25 26 29 29 25 23 24 22 18 18 19 20 20 21 21 20 20 19 20 21 20 19 19 21 23 27 26 23 21 20 20 20 20 19 20 21 20 17 15 15 16 17 16 15 15 15 16 18 19 18 18 19 19 19 19 18 18 19 16 15 17 17 14 14 17 19 17 16 18 21 21 20 17 24 17 13 16 18 17 17 19 17 17 18 18 21 27 35 41 43 36 26 24 31 40 38 31 21 22 24 24 23 22 23 25 43 51 49 35 27 31 36 34 15 16 22 29 24 16 18 27 34 36 38 44 50 58 95 150 200 207 215 221 223 223 223 224 227 226 225 225 225 226 226 226 230 229 229 229 230 231 232 233 235 233 231 233 235 237 235 233 236 236 236 236 236 236 236 236 236 236 236 236 236 237 237 237 236 236 236 237 237 238 238 238 239 237 236 235 235 237 239 240 237 238 240 240 240 239 238 237 240 242 242 241 238 237 237 238 235 237 238 237 234 233 233 234 239 238 237 237 238 238 237 237 238 238 238 239 240 240 241 242 239 240 242 242 241 239 238 236 243 244 244 244
151 143 135 135 143 149 149 146 135 136 132 126 124 125 123 120 133 132 127 110 89 79 62 37 31 33 32 28 29 30 29 26 32 31 29 28 28 29 31 33 25 25 25 27 29 29 27 25 25 22 22 22 26 26 29 26 25 22 23 21 23 22 26 27 27 27 27 28 28 28 29 29 24 25 26 27 27 26 25 24 23 23 23 23 25 27 30 31 32 31 29 27 27 27 28 27 28 26 28 25 27 24 26 23 31 28 28 25 27 26 30 31 29 30 31 30 28 27 28 29 29 30 31 31 30 29 27 26 23 24 24 22 26 29 29 24 28 30 29 29 25 23 23 24 29 28 26 25 24 23 23 23 23 22 22 22 23 25 27 28 24 25 25 23 22 22 24 27 24 24 25 26 26 27 28 28 27 26 25 25 27 28 26 25 27 26 25 24 23 24 25 26 17 18 21 23 24 23 21 20 25 25 25 25 25 25 25 24 24 28 31 25 23 21 22 17 23 23 26 26 28 26 27 24 23 25 22 17 18 23 23 18 22 22 22 21 21 21 20 20 15 18 20 14 17 20 22 16 24 25 26 18 18 19 23 22 19 23 24 22 22 24 23 18 16 16 17 18 19 19 18 18 16 18 18 18 16 17 19 21 26 24 22 20 19 18 19 19 19 21 21 20 17 15 14 14 17 17 16 15 15 17 18 19 16 17 18 20 20 19 18 17 19 16 15 18 17 14 13 16 17 15 14 16 19 20 17 15 21 14 12 14 16 15 14 16 13 13 14 15 19 26 34 40 37 30 20 18 25 32 27 17 18 20 22 22 21 19 20 21 32 51 58 45 36 37 33 20 12 17 28 34 25 12 15 25 23 26 30 37 39 42 75 126 192 198 207 216 219 221 222 224 227 225 226 225 226 226 226 225 226 226 228 227 230 229 232 231 235 231 231 230 236 235 235 233 236 236 236 236 236 236 236 236 236 236 236 237 237 238 238 238 236 236 236 237 237 238 238 238 238 237 235 234 235 237 239 241 239 240 241 242 242 240 239 238 240 241 241 239 237 236 238 239 239 241 241 239 237 235 235 236 238 237 237 237 239 239 239 238 242 240 240 242 243 242 244 246 244 243 241 241 242 242 242 240 243 242 242 241
170 176 181 180 178 179 183 185 171 171 175 174 166 161 170 184 174 173 170 156 139 126 95 56 28 33 35 32 25 21 22 26 22 25 24 20 20 24 26 25 20 22 25 26 26 25 22 20 16 16 19 18 21 18 19 17 16 16 20 21 24 21 22 22 18 20 22 23 24 22 20 19 23 23 24 24 25 26 26 26 22 21 21 23 25 26 25 23 22 25 25 22 18 19 21 22 20 25 29 24 21 18 20 18 23 18 17 19 20 18 22 29 26 15 18 25 19 14 19 21 10 15 20 22 21 20 21 23 23 22 22 23 25 25 22 19 22 28 31 28 27 30 28 22 21 20 23 26 24 21 22 27 19 13 12 17 21 21 21 22 13 25 25 24 27 23 19 26 20 22 25 26 26 26 26 26 22 17 18 25 28 26 25 28 27 24 22 23 22 20 24 29 19 22 25 26 24 22 21 20 16 25 23 20 24 23 22 32 27 38 46 36 26 18 22 22 27 25 29 30 35 34 36 33 24 25 26 28 27 26 24 23 22 21 20 22 24 25 24 23 18 18 22 20 21 18 20 18 24 20 20 17 19 18 22 22 16 19 20 18 19 23 24 21 19 18 17 16 17 19 22 23 13 17 21 21 20 19 20 22 27 22 16 12 12 15 17 18 21 22 22 19 16 17 21 25 21 13 16 20 18 22 25 16 15 13 13 15 17 17 14 11 16 15 13 12 12 13 15 16 12 13 15 14 13 12 14 15 15 14 14 14 14 15 16 17 14 15 15 14 15 19 25 30 23 25 24 18 17 21 25 26 12 16 22 24 20 17 18 22 54 43 40 49 50 38 26 23 8 19 30 32 25 18 19 21 14 29 36 39 35 34 58 98 147 175 198 207 216 217 217 223 221 223 224 220 223 229 234 231 227 227 230 229 232 229 230 227 232 230 232 230 232 230 232 232 237 237 237 238 238 237 237 237 234 235 237 238 239 238 237 236 237 237 237 238 238 239 239 239 234 237 240 242 241 241 242 242 231 234 238 239 239 239 240 241 237 239 241 242 243 242 240 238 240 241 242 240 238 237 238 239 235 237 239 239 239 239 241 243 236 239 242 242 241 240 240 240 239 243 246 246 243 242 243 246 239 239 240 241
187 193 198 195 185 178 183 188 184 182 185 186 183 181 188 198 186 186 187 176 159 145 113 71 41 37 33 30 28 27 25 24 23 26 26 22 21 23 24 22 19 21 23 25 25 23 21 19 15 16 18 19 19 19 18 18 16 16 16 17 17 18 19 20 21 22 23 23 22 20 18 16 18 18 18 18 18 18 18 17 18 18 18 20 22 23 22 20 25 27 28 26 25 26 28 27 13 15 21 25 26 23 22 22 21 24 25 24 22 23 27 31 23 20 19 22 24 21 20 23 24 28 31 31 27 23 21 21 21 20 21 23 25 25 24 22 18 22 23 21 21 24 21 14 19 18 20 24 23 19 20 24 26 21 19 21 22 18 17 20 20 29 27 26 30 26 21 27 22 24 25 25 25 24 24 24 25 19 18 23 24 21 19 22 21 19 21 25 27 25 27 31 25 27 28 27 25 22 21 21 20 27 25 21 24 21 20 29 42 52 57 49 35 26 21 18 23 23 26 32 39 44 44 40 22 22 20 19 18 18 17 17 23 22 21 22 23 24 23 21 19 20 22 23 22 21 20 20 20 19 18 18 18 19 20 21 18 21 21 18 19 22 22 19 21 21 21 20 20 19 18 17 14 18 21 21 19 18 19 20 22 18 13 10 11 13 14 15 19 20 20 19 16 16 19 22 21 13 17 20 18 22 25 16 14 13 12 13 15 15 14 12 12 11 11 10 10 11 11 10 14 15 17 17 15 13 15 16 12 11 9 9 11 12 13 14 12 12 10 8 9 13 20 25 15 18 18 13 12 15 18 18 13 17 21 21 18 15 17 21 64 52 47 52 51 38 26 23 13 20 25 25 18 15 15 17 11 25 32 36 36 35 56 92 141 170 193 204 214 213 215 221 221 224 225 224 226 231 235 231 229 230 231 233 233 233 233 232 232 232 232 232 232 232 232 232 238 237 236 235 235 236 237 238 236 237 239 240 241 240 240 239 236 236 237 237 237 238 238 238 239 241 242 242 241 240 241 242 234 237 239 239 238 237 237 237 238 239 240 242 241 240 238 237 237 238 238 237 235 235 236 238 237 239 241 241 240 240 241 243 243 245 247 246 244 241 240 240 234 236 238 239 238 237 238 238 241 241 240 240
198 198 201 197 183 169 174 185 195 191 191 194 196 197 200 204 190 191 194 186 172 160 132 93 55 43 29 23 25 27 24 20 21 24 24 21 20 22 21 17 18 19 22 23 23 22 19 18 16 17 18 19 19 19 19 18 18 17 15 14 14 15 17 19 19 20 21 22 21 20 18 17 21 21 20 19 18 18 17 17 15 14 15 16 19 20 18 17 20 20 20 21 20 18 18 18 24 20 21 27 27 22 22 27 18 28 32 27 26 32 35 33 25 36 27 22 35 33 22 25 29 30 30 28 23 18 14 13 23 22 22 23 24 24 22 20 21 23 24 25 28 32 28 22 28 25 26 30 31 27 27 30 25 23 24 27 27 24 25 30 24 28 24 23 30 27 21 25 16 16 17 17 17 18 18 18 24 19 17 19 20 18 17 18 19 17 19 23 23 18 16 17 23 25 25 25 23 21 22 23 23 30 27 22 23 19 17 25 41 51 58 55 48 40 32 26 23 23 27 36 46 50 48 43 31 27 24 21 19 19 20 21 21 19 18 18 20 20 19 17 17 17 18 18 18 18 17 16 16 16 16 17 17 18 18 19 18 21 20 17 17 19 19 16 16 17 19 19 19 16 14 12 12 15 18 18 17 15 15 16 20 17 13 12 13 14 15 14 14 16 17 16 15 14 15 17 15 8 12 15 12 15 19 12 15 13 12 12 14 15 14 12 10 10 11 11 11 11 10 8 12 14 17 17 15 12 12 12 13 12 11 10 11 12 14 15 14 13 11 8 8 11 18 23 13 18 19 15 13 16 17 15 17 20 22 20 17 17 20 23 75 63 56 57 53 41 31 28 19 20 18 16 14 13 14 15 10 21 25 30 32 31 45 72 134 166 193 206 218 218 220 227 226 229 231 230 231 234 234 231 232 233 234 235 236 237 237 237 235 235 235 235 235 235 235 235 239 237 234 232 232 234 237 239 235 236 238 239 240 241 240 240 236 236 236 237 237 237 238 238 239 240 241 240 239 238 240 242 240 242 243 242 239 237 236 236 240 241 242 242 242 240 238 237 236 237 237 236 234 235 237 240 242 243 244 244 243 242 243 245 245 247 249 249 246 244 244 244 240 239 239 241 242 243 242 240 247 247 246 245
202 194 192 190 181 170 176 189 203 197 194 196 200 202 200 197 193 191 193 188 178 174 156 127 86 69 46 32 29 31 29 27 22 25 25 23 24 26 23 18 18 19 20 21 21 20 19 18 16 16 17 17 18 18 18 18 19 18 16 15 15 16 17 18 15 16 18 20 21 22 22 22 23 22 22 22 21 21 20 20 17 16 16 18 20 21 20 19 17 17 20 24 23 19 17 18 21 16 17 25 26 25 35 52 75 86 89 85 90 102 101 90 91 111 97 85 104 103 85 89 89 87 83 78 73 71 71 71 66 64 62 61 60 59 56 54 51 49 48 48 50 49 44 37 42 37 36 40 41 38 35 35 34 35 37 39 36 32 34 40 32 34 29 26 36 33 28 29 33 30 31 29 33 33 35 33 30 25 24 23 27 26 28 27 30 25 26 28 29 22 20 21 15 16 20 18 20 19 24 24 24 29 27 20 23 16 16 24 35 43 52 51 52 47 42 32 24 23 30 37 47 45 39 29 26 23 23 19 20 17 19 18 21 18 19 18 22 21 22 18 20 17 19 17 20 18 18 15 16 15 18 18 20 19 20 20 20 23 23 20 20 23 23 20 15 16 18 19 20 19 18 18 14 16 18 20 20 20 20 20 21 19 16 15 16 17 17 16 13 14 15 16 15 14 14 14 15 9 13 16 11 14 18 13 13 13 13 15 16 15 12 10 12 13 15 16 16 15 13 12 10 12 15 15 13 11 9 9 16 15 13 12 13 14 15 16 15 15 15 13 12 13 17 20 16 21 24 20 19 20 20 17 17 21 21 18 17 21 25 27 64 54 46 45 42 34 27 25 23 21 17 16 17 16 16 16 17 26 27 30 33 30 36 54 128 165 195 210 223 224 225 235 228 233 234 232 234 236 235 232 232 231 232 233 234 235 236 236 236 236 236 236 236 236 236 236 239 236 234 233 233 234 236 237 233 233 235 236 237 238 238 239 237 237 237 237 238 238 239 239 237 238 238 237 236 237 240 243 243 244 244 242 239 237 237 238 241 241 241 241 240 238 236 235 235 235 235 234 233 234 238 240 242 243 244 244 242 241 242 243 237 240 243 245 244 244 244 245 244 242 241 243 246 247 245 242 246 245 245 245
205 193 185 185 186 186 193 202 206 202 198 197 198 199 194 188 201 195 193 189 185 190 186 168 131 113 85 60 44 37 35 35 24 27 26 25 28 30 28 22 19 19 20 21 21 20 19 19 16 16 16 16 16 17 17 18 18 19 20 21 20 19 18 17 16 17 18 20 21 22 23 23 17 17 18 18 19 19 19 19 18 16 16 18 20 21 20 18 22 23 27 31 29 23 23 28 23 31 48 66 75 85 106 128 145 151 152 152 164 178 173 156 161 182 169 158 177 176 160 165 173 167 157 149 146 147 150 152 158 156 153 151 150 149 146 144 150 146 141 138 133 126 117 111 101 94 90 94 96 93 88 86 82 81 81 79 71 62 60 63 68 67 59 53 60 56 50 51 53 48 45 43 45 46 46 44 43 39 36 33 35 37 39 37 41 35 33 34 36 32 30 31 23 24 27 25 27 25 30 30 29 34 33 25 28 22 22 30 26 30 35 32 33 31 27 18 28 29 37 43 50 44 35 23 23 22 25 23 25 22 23 20 18 15 17 16 21 21 22 19 23 19 19 17 21 19 19 15 16 15 18 17 19 17 19 19 21 24 25 23 24 28 28 26 24 24 23 22 22 23 25 26 19 21 23 26 28 29 29 28 23 21 18 17 17 18 18 17 14 14 15 16 16 16 15 14 19 14 19 21 15 17 22 17 12 13 16 18 20 17 11 7 15 16 17 18 18 17 16 15 13 16 18 18 16 16 15 15 19 18 17 15 17 17 18 19 15 17 19 19 17 16 16 17 17 23 25 22 20 21 20 17 17 21 21 18 19 26 31 31 39 32 27 26 25 22 19 18 21 17 17 18 19 21 19 17 25 32 31 34 38 36 35 48 128 165 198 215 226 227 226 235 230 235 235 235 235 239 238 232 234 234 234 235 236 237 238 239 238 238 238 238 238 238 238 236 235 234 236 237 237 236 234 233 234 234 234 235 236 237 238 238 238 238 238 238 239 239 240 240 241 242 241 239 237 237 239 241 243 244 244 243 240 239 240 242 241 241 240 240 239 237 236 236 235 236 236 235 234 235 238 240 241 242 243 242 240 240 241 242 236 239 242 243 242 241 242 243 241 238 237 239 243 244 241 238 240 240 241 241
203 193 183 181 188 196 202 203 205 205 205 200 197 196 192 186 204 195 192 190 189 198 202 191 161 145 118 86 59 41 33 31 24 25 23 21 24 27 24 18 21 21 22 22 22 22 21 21 17 16 16 16 16 17 18 19 18 20 22 23 23 22 20 19 22 22 22 21 21 20 20 20 17 17 18 19 20 20 21 19 17 16 16 18 20 21 20 18 25 23 24 25 17 10 17 30 58 78 104 125 139 152 169 182 166 168 168 171 184 194 187 172 173 187 182 177 189 187 180 187 203 194 181 172 169 172 176 179 175 172 170 170 170 171 170 169 178 175 174 174 170 161 157 156 168 159 155 159 164 162 156 152 145 142 141 141 135 127 123 124 120 120 110 102 104 99 93 97 93 87 79 75 75 75 73 71 72 69 63 56 55 58 59 56 62 53 45 43 40 32 26 24 27 28 29 25 23 20 21 20 20 26 23 16 18 12 10 18 29 34 38 34 36 35 35 29 17 19 27 30 33 26 20 11 18 19 22 22 23 21 20 17 15 13 13 13 17 17 18 15 23 18 15 14 18 18 17 13 18 17 18 17 18 17 18 18 14 19 20 18 19 24 24 22 30 28 24 22 20 20 21 22 20 20 22 25 28 30 29 27 25 22 18 15 16 17 17 16 18 14 15 14 17 16 17 14 17 11 18 18 13 13 20 14 14 15 17 20 21 18 12 8 15 15 16 16 16 16 15 15 13 15 17 17 17 16 17 18 20 19 17 15 17 17 18 18 14 17 19 19 18 16 16 16 15 20 22 18 16 17 16 13 17 22 22 18 21 30 34 31 25 22 19 19 20 21 20 18 17 15 16 19 20 20 18 14 20 27 28 28 37 37 36 46 123 164 197 214 224 222 222 229 231 234 235 232 234 237 237 235 237 237 236 236 237 237 238 239 237 237 237 237 237 237 237 236 232 234 237 239 239 237 234 232 238 237 237 236 237 238 239 239 237 237 238 238 238 239 239 239 247 248 247 244 240 238 238 239 242 243 243 242 240 240 241 243 241 240 240 239 239 238 238 237 235 236 238 237 236 236 237 238 239 241 242 241 240 240 241 242 243 245 246 245 243 240 239 239 239 239 239 240 242 242 241 239 243 243 244 245
198 197 190 181 184 194 197 189 196 204 209 202 196 195 194 192 202 194 194 194 192 199 201 191 183 171 149 121 92 67 50 41 32 30 26 22 24 27 23 17 22 22 22 22 22 22 22 22 19 19 18 18 18 19 21 22 19 20 21 22 22 23 23 23 25 25 24 22 21 21 20 20 23 23 24 24 24 24 24 22 20 18 18 20 23 23 22 21 22 20 23 26 24 28 53 80 118 136 150 157 166 179 185 182 180 180 181 186 191 191 187 182 183 185 187 188 186 182 184 191 206 198 187 181 181 185 189 191 195 193 191 190 191 193 192 192 183 184 189 193 190 184 184 190 189 179 175 182 190 189 184 179 187 184 183 186 186 181 177 174 160 161 153 146 148 144 142 150 157 149 141 137 137 138 137 135 126 124 117 108 106 111 112 108 113 104 96 92 86 75 64 59 55 56 58 54 51 45 44 42 44 49 46 36 38 30 28 35 23 29 33 29 27 27 27 23 26 27 31 29 26 21 21 19 25 23 25 23 24 21 22 20 29 25 26 24 27 25 26 22 31 24 22 19 24 24 24 18 26 23 23 19 20 19 21 22 16 19 19 17 17 21 21 19 27 26 24 22 21 20 19 18 20 19 19 22 25 26 23 20 28 24 18 14 14 15 16 16 20 15 14 12 16 16 18 15 15 10 17 17 10 10 17 12 17 16 16 16 17 16 13 10 14 13 13 12 12 13 13 14 15 16 18 18 17 18 22 25 23 22 22 20 19 20 22 23 18 18 19 17 16 16 18 21 16 20 21 17 15 16 16 13 18 24 24 18 20 30 32 26 24 24 22 21 22 24 24 21 18 17 17 17 17 17 16 15 18 26 27 26 34 35 35 43 105 149 186 206 219 218 218 226 227 230 231 228 230 235 236 235 238 237 235 234 234 234 235 236 235 235 235 235 235 235 235 235 233 234 235 236 236 235 234 233 237 237 235 234 234 234 235 236 233 233 233 234 234 234 235 235 240 242 243 241 239 237 236 237 241 242 241 239 237 237 239 241 241 240 240 239 239 239 239 240 233 236 239 239 237 235 234 234 239 241 242 242 241 241 243 245 245 247 248 246 243 240 238 238 241 242 244 245 244 243 244 245 248 248 248 248
198 206 203 188 184 191 191 178 187 200 209 203 195 194 197 199 203 197 200 202 199 201 199 186 205 196 180 160 135 109 85 70 50 47 40 34 35 38 34 27 23 23 23 23 23 23 23 23 22 21 20 19 20 21 23 24 21 20 19 19 20 22 24 26 24 23 23 22 22 23 24 24 26 26 25 25 24 23 23 20 24 22 22 24 27 27 26 25 20 23 33 48 61 84 130 172 189 196 192 183 188 203 204 192 189 189 193 197 194 187 186 190 196 188 194 198 185 177 184 191 202 196 190 188 191 196 200 201 199 196 193 191 191 191 190 189 185 187 192 195 188 178 179 187 196 186 182 191 202 203 198 193 203 197 195 197 196 190 183 179 175 180 175 170 174 174 176 187 186 179 171 169 172 176 176 174 182 181 174 165 165 172 174 171 173 167 164 166 164 155 144 138 137 139 141 139 135 131 128 127 127 134 128 119 117 110 106 113 109 115 117 109 99 93 88 84 89 90 88 81 73 70 73 78 67 65 62 59 58 57 58 59 53 51 48 47 47 46 43 41 46 41 36 35 39 40 38 35 32 30 27 25 24 24 25 28 26 31 31 27 27 30 30 26 28 29 31 32 32 30 28 27 29 28 27 28 30 30 26 23 34 28 21 17 16 17 18 19 21 17 13 12 15 18 18 17 20 17 23 24 15 16 22 19 22 19 15 14 14 15 15 15 16 15 13 12 12 13 15 16 21 21 23 22 22 24 30 33 28 26 26 24 23 23 26 25 23 22 19 16 15 18 23 27 20 24 25 20 17 19 19 18 20 26 25 18 19 28 28 20 23 23 22 20 20 21 21 17 21 22 20 18 16 15 15 17 24 35 34 32 38 38 38 45 86 129 173 197 212 215 219 229 222 224 224 220 224 229 232 231 232 230 229 227 226 226 227 228 230 230 230 230 230 230 230 230 234 233 233 233 233 233 233 234 234 233 231 230 229 229 230 230 229 229 229 230 230 230 231 231 227 230 234 236 236 235 236 239 239 239 240 236 235 232 236 236 240 238 239 237 239 238 241 239 232 233 239 237 237 232 232 229 239 239 243 241 243 241 245 245 241 241 245 243 242 238 239 237 239 240 246 243 243 239 243 244 245 242 244 241
194 196 195 190 188 191 193 191 187 189 193 190 187 188 195 201 207 193 188 197 202 196 189 187 192 194 190 179 167 155 139 127 95 87 77 67 56 43 34 29 22 25 20 20 26 23 19 26 23 24 21 16 19 25 24 18 19 16 17 21 21 19 20 23 23 22 23 24 17 11 19 31 21 21 22 24 25 25 26 26 25 19 23 25 20 25 34 32 35 63 94 115 139 170 193 201 191 190 190 192 194 195 194 192 184 190 196 196 193 193 196 201 192 192 193 191 190 189 191 193 192 198 204 204 199 197 200 205 203 204 204 203 200 196 192 189 188 191 196 198 190 181 179 184 183 192 201 202 197 194 196 200 202 200 200 201 199 197 201 206 204 196 190 188 190 194 196 196 192 188 184 183 185 184 181 178 180 185 189 188 190 193 193 189 188 186 187 191 193 192 190 189 181 170 160 158 165 172 174 173 175 172 169 166 165 167 169 172 169 179 181 171 159 155 155 155 158 164 170 170 164 158 156 157 145 148 147 140 143 151 148 138 128 125 118 114 119 125 119 109 115 114 109 101 96 94 87 80 72 66 68 76 75 63 56 60 55 61 60 50 40 35 32 30 19 23 31 36 33 29 35 44 34 32 30 32 34 34 31 27 19 19 23 22 19 26 29 16 19 20 23 24 20 17 18 22 16 15 17 20 19 16 19 26 22 25 20 19 28 25 17 19 22 21 24 26 22 15 18 26 20 18 19 22 24 23 27 33 27 31 28 18 16 21 26 26 18 21 19 18 23 19 15 23 5 13 22 27 25 22 20 21 22 11 11 17 18 24 27 21 15 11 18 23 16 17 23 20 19 16 16 16 15 17 18 20 26 28 33 40 42 42 46 53 74 104 134 154 169 173 180 194 200 202 205 206 206 206 209 211 208 213 216 213 212 217 222 223 211 218 225 227 225 223 226 229 227 228 228 229 231 234 236 238 232 236 240 241 238 233 230 228 230 231 233 232 229 226 225 224 215 218 222 221 218 219 224 229 239 238 240 239 242 240 240 236 236 231 236 241 244 236 236 237 227 229 237 237 237 231 229 225 231 234 240 238 237 234 239 241 238 238 241 241 243 240 240 236 233 231 236 236 236 231 235 239 240 241 247 247
199 200 198 192 190 193 196 194 181 185 190 191 190 193 200 206 202 196 194 200 205 203 197 193 195 197 195 188 181 177 170 161 160 137 106 78 58 48 44 44 27 32 29 25 28 23 18 24 22 23 21 19 23 30 30 25 20 17 18 21 22 20 21 24 16 19 24 26 22 19 23 29 34 29 25 24 26 29 33 36 25 19 24 22 18 29 51 59 94 121 150 162 173 185 195 195 202 200 197 196 195 194 191 188 193 198 203 205 203 202 203 205 200 202 203 200 196 194 196 200 199 203 206 205 201 200 201 204 199 200 200 199 197 194 192 190 198 197 199 204 205 198 193 192 184 193 203 207 204 200 199 200 193 193 197 202 202 200 202 205 203 198 194 190 189 189 190 191 192 190 188 190 192 191 186 182 189 195 198 193 191 194 199 201 199 197 195 195 194 191 187 185 172 171 173 176 179 180 178 175 178 177 175 173 171 170 169 171 175 185 190 184 176 174 175 175 175 179 184 185 183 182 182 184 184 189 188 181 180 184 182 174 160 163 163 161 163 166 163 156 161 161 156 148 144 146 147 145 129 127 128 131 130 123 119 120 127 127 120 109 99 88 73 60 47 55 56 48 43 44 40 32 22 23 26 29 32 33 32 30 21 20 27 27 17 17 23 18 14 16 20 20 18 16 19 23 23 23 22 23 24 26 25 23 15 20 16 17 27 27 22 25 17 17 21 23 20 15 18 25 26 22 22 24 25 22 25 28 21 26 24 18 17 23 29 27 26 27 23 20 26 20 18 25 30 19 11 7 13 15 18 15 23 12 15 15 13 16 25 21 25 17 21 21 19 20 29 26 19 20 22 21 21 19 20 19 27 25 30 38 42 44 47 54 58 76 92 101 110 109 109 119 116 119 126 130 134 137 141 144 152 159 163 163 166 173 180 181 180 184 189 191 191 193 198 204 202 206 211 216 220 224 226 227 226 230 233 235 235 235 236 237 234 235 235 233 229 226 224 225 227 229 229 226 223 223 228 235 243 240 238 236 236 235 232 230 233 230 232 237 236 230 227 229 231 233 235 234 231 228 226 225 233 237 241 240 235 232 233 236 239 240 239 238 236 236 237 239 226 226 228 232 231 229 233 239 232 235 239 242
200 201 198 191 190 193 196 195 181 185 192 193 194 196 200 205 195 198 199 199 201 202 198 192 198 200 197 189 183 182 181 177 177 161 138 114 93 73 54 42 39 42 33 24 24 21 19 26 25 26 24 21 21 25 24 20 27 24 24 27 27 24 24 27 28 31 32 28 25 26 26 26 27 25 24 26 29 30 27 24 25 26 40 46 50 69 103 117 151 171 193 193 191 190 193 191 209 208 204 201 200 198 196 194 199 202 205 207 208 207 206 205 206 210 212 208 199 195 199 204 206 205 204 203 202 201 201 201 198 198 199 199 198 197 196 195 200 194 195 205 213 210 201 195 189 196 206 213 213 209 205 203 195 196 202 209 209 205 204 205 198 199 198 195 190 188 189 191 194 193 194 197 200 200 195 190 195 200 200 193 187 192 200 205 203 201 198 195 193 191 186 180 170 177 185 189 188 185 182 182 181 182 183 184 183 180 176 174 178 187 194 193 190 190 192 192 188 189 191 193 194 195 196 197 189 197 197 188 182 184 184 180 167 174 180 182 182 182 180 175 178 181 180 175 172 174 174 172 172 176 178 176 175 176 173 169 177 173 168 165 164 158 139 119 110 119 116 102 96 98 86 66 50 52 52 49 43 37 33 31 39 24 25 30 24 20 23 23 19 20 22 22 23 28 35 41 30 33 32 29 34 41 37 27 31 36 32 32 41 40 36 41 46 46 47 46 40 33 33 37 41 33 33 36 38 35 34 34 28 30 27 24 25 29 32 27 23 23 20 19 27 19 17 24 28 21 19 17 23 22 22 16 24 17 22 19 14 17 29 26 27 21 18 13 16 19 26 26 18 22 24 26 25 21 21 19 38 33 34 41 45 47 51 53 68 77 81 85 95 95 91 97 100 103 107 109 109 110 111 112 108 113 117 118 122 129 135 136 135 135 136 137 140 144 148 153 153 159 165 170 175 177 177 176 180 182 185 187 189 191 196 199 211 213 215 215 216 218 221 223 214 215 215 213 210 210 215 219 224 225 224 225 229 232 234 234 235 234 236 239 238 234 231 232 230 231 232 231 228 227 227 228 233 237 241 241 238 235 235 236 241 241 239 236 233 234 240 245 243 240 239 240 237 234 235 240 238 240 241 239
198 198 195 188 186 190 194 192 189 192 197 197 196 195 196 197 193 202 205 199 197 200 196 188 192 195 193 184 177 177 179 177 163 163 160 153 140 119 90 67 67 63 43 28 31 33 31 35 32 31 30 28 27 27 26 24 27 23 23 25 23 19 19 21 29 31 26 18 17 23 26 24 25 25 25 28 37 46 48 45 63 70 94 109 118 136 164 172 177 189 199 192 187 187 196 200 206 204 202 202 204 205 205 205 202 201 200 201 204 205 204 203 204 210 212 206 195 189 193 200 204 201 197 196 198 199 198 197 200 200 200 201 201 202 202 203 191 186 188 200 210 209 201 195 194 199 205 211 214 212 209 206 207 206 209 213 211 205 202 201 190 195 200 197 192 188 193 197 195 193 194 197 202 203 201 197 198 199 197 189 188 192 198 198 199 198 197 194 195 195 194 188 182 183 185 185 185 184 186 188 178 182 188 192 193 190 186 183 183 189 196 198 198 197 198 198 193 193 193 195 196 195 192 189 192 196 196 186 177 178 182 184 177 182 189 194 195 192 185 179 186 190 193 193 193 191 181 171 171 181 186 183 183 189 187 182 183 182 182 186 195 196 184 169 166 172 173 166 162 160 148 135 126 125 119 108 94 83 78 77 70 36 23 33 34 29 27 23 24 40 60 75 84 90 92 91 105 115 117 111 114 124 122 110 107 111 105 102 108 105 101 106 91 91 90 87 81 74 71 70 79 68 63 63 63 57 52 48 55 52 47 43 44 40 37 30 34 35 33 37 42 30 19 25 15 21 26 28 25 23 23 24 19 16 20 19 13 19 26 20 32 32 25 19 25 29 29 31 24 28 30 31 28 27 26 28 39 35 35 45 52 57 60 61 76 80 78 82 98 100 96 98 106 107 110 110 108 106 105 105 110 114 117 115 118 123 126 124 126 123 122 121 124 126 128 128 129 133 135 136 137 136 135 133 136 138 141 142 142 143 146 148 136 138 141 143 145 150 155 159 166 169 172 172 172 172 175 178 182 181 181 184 190 197 201 203 201 202 204 207 208 207 206 206 207 209 212 213 212 213 214 216 217 222 227 230 230 230 231 232 234 236 237 236 234 236 243 246 241 237 235 235 234 231 232 237 239 240 239 237
195 196 193 187 186 190 193 192 195 197 200 200 198 195 193 192 192 202 205 198 195 198 196 190 184 191 194 187 179 180 183 184 183 179 171 162 157 153 142 129 101 95 72 57 62 62 49 44 38 37 38 38 37 36 36 37 34 31 30 33 32 28 28 30 26 28 27 25 27 33 37 37 34 36 39 46 67 94 113 120 136 138 156 167 171 180 193 191 192 196 201 194 192 194 205 211 199 198 199 202 207 210 212 212 205 202 198 197 199 203 205 206 204 210 212 206 194 189 192 199 205 201 197 197 201 203 202 199 204 204 203 204 205 206 208 210 187 187 192 202 208 206 202 201 200 201 203 206 208 210 211 211 216 212 209 210 208 203 201 202 191 196 203 198 194 190 197 202 199 194 194 194 201 203 205 202 209 204 200 195 201 204 204 195 202 203 203 198 201 204 205 198 187 185 184 186 190 193 195 195 184 189 195 201 202 199 193 189 193 195 198 201 202 200 198 198 195 197 200 202 203 199 192 186 198 202 201 191 183 184 192 199 192 191 194 202 206 200 187 176 196 196 196 197 202 202 189 174 165 179 187 187 188 193 191 184 187 188 187 187 190 192 187 179 177 177 183 191 189 177 173 177 184 182 176 166 156 150 150 152 98 64 50 53 44 33 35 39 54 80 114 140 153 157 150 141 144 159 164 155 150 157 158 151 163 168 162 158 163 162 160 167 165 167 167 164 160 157 154 152 166 153 146 143 139 130 123 118 141 137 130 126 123 116 110 104 88 87 83 85 82 56 33 32 26 23 20 21 26 33 39 42 47 43 46 45 41 45 42 27 28 39 33 26 34 34 26 28 24 28 30 29 25 26 28 33 38 35 36 45 56 61 63 66 74 75 73 74 90 89 84 82 84 85 89 92 93 94 96 98 115 119 123 120 125 128 131 127 138 135 136 135 138 137 138 136 138 139 138 138 138 138 138 138 138 140 144 145 144 143 143 144 142 143 143 142 141 143 146 149 134 138 143 146 146 145 144 144 152 150 147 146 147 149 150 150 151 153 155 156 157 159 158 157 155 159 163 166 166 165 165 165 169 172 177 181 184 185 186 187 190 194 198 200 201 203 207 211 216 213 214 220 225 226 230 235 234 236 239 240
194 196 196 191 191 194 197 195 197 198 200 200 199 198 196 194 185 190 193 191 190 192 193 190 190 199 201 192 181 177 180 181 198 192 178 160 155 161 164 161 129 130 115 103 107 99 74 56 59 56 55 54 48 40 38 40 42 39 38 40 39 35 34 37 26 27 32 37 36 32 31 35 35 53 75 95 121 148 163 167 179 175 180 184 181 186 194 191 199 203 206 206 204 204 206 208 195 195 197 201 206 209 209 208 200 198 195 194 195 198 202 205 208 212 213 208 199 194 197 202 209 206 204 204 207 209 208 205 207 206 204 203 204 206 209 211 188 189 196 203 205 202 202 205 204 204 203 202 202 205 210 215 215 209 204 204 204 202 202 204 196 200 202 198 192 191 198 205 202 198 194 195 200 204 206 206 211 206 199 199 206 212 205 193 204 207 204 197 198 203 201 194 185 185 188 195 201 204 202 200 193 196 201 204 204 199 194 190 198 194 194 197 198 195 192 192 192 196 203 207 206 202 196 192 199 201 200 194 187 187 194 202 191 186 187 196 201 194 180 170 195 191 185 184 190 196 191 182 173 183 192 194 194 195 195 193 196 197 192 185 182 184 183 180 176 169 176 191 190 178 178 190 196 194 189 183 179 177 179 182 132 115 111 106 79 61 71 86 123 136 148 151 154 161 163 159 173 185 190 180 171 171 173 172 167 173 169 167 174 175 177 187 184 186 184 178 173 169 164 156 168 160 154 155 155 153 151 151 174 168 163 163 158 151 146 143 153 147 137 133 124 90 61 59 55 47 44 58 80 94 93 85 77 73 74 71 64 65 56 34 55 77 74 65 75 70 56 60 65 70 71 69 62 62 66 72 72 67 65 70 71 68 64 66 72 77 73 75 85 85 79 82 83 85 86 87 88 90 93 96 99 103 105 106 111 118 119 115 120 121 123 124 125 125 126 124 128 126 126 127 129 132 135 137 135 138 142 144 143 142 141 142 138 139 141 141 141 142 145 148 138 141 144 147 147 144 141 141 152 149 148 145 147 145 146 143 143 144 147 142 144 144 146 141 138 139 145 144 144 139 140 137 141 140 143 143 147 145 148 146 149 149 154 156 160 159 160 157 150 145 149 153 160 158 161 162 184 185 191 191
192 196 197 195 195 199 200 197 200 199 201 200 200 199 197 196 188 185 185 188 190 188 189 192 197 205 207 194 179 174 178 180 188 190 184 169 162 167 169 165 154 164 157 146 147 138 115 99 104 101 99 97 88 77 73 76 72 67 63 61 56 48 45 46 40 35 39 49 46 38 43 58 81 107 134 151 164 176 178 173 186 186 192 193 184 187 196 195 204 203 205 207 208 206 203 200 191 193 195 200 204 205 203 201 193 195 198 197 196 197 201 205 207 209 209 206 200 198 199 202 209 208 207 207 208 207 205 204 205 203 200 198 198 200 203 205 194 194 197 203 204 202 202 205 205 206 206 202 199 201 209 216 213 206 202 203 205 203 203 205 199 200 198 194 191 194 202 210 207 204 201 202 206 209 208 207 209 205 199 198 204 210 205 195 207 210 205 194 192 197 194 183 187 192 198 202 204 204 203 203 198 201 204 206 205 201 197 194 202 195 192 196 199 196 193 194 193 200 207 210 208 204 201 199 205 207 209 208 202 199 201 205 196 193 195 204 207 200 191 187 200 199 196 191 193 198 201 199 190 192 197 201 198 194 196 202 198 197 191 184 182 186 187 185 185 179 180 189 194 191 192 197 196 193 188 185 183 182 180 178 170 162 165 162 139 125 134 143 173 175 167 150 143 150 157 157 175 179 181 177 171 167 169 172 179 185 179 175 180 181 183 193 192 195 193 186 182 179 172 162 167 161 159 161 163 165 169 174 185 180 178 180 176 169 168 173 184 171 158 157 154 130 111 116 110 109 114 127 141 149 146 140 154 153 155 148 138 138 131 110 122 152 151 139 148 140 124 132 143 149 151 147 138 134 135 140 130 127 125 124 116 106 100 103 101 108 105 102 107 105 103 111 119 118 117 114 109 109 110 113 112 114 113 113 115 119 117 111 110 112 113 111 109 109 113 115 112 112 113 115 117 118 119 120 121 123 124 124 123 122 124 125 121 124 128 132 134 136 139 142 139 139 139 140 141 141 139 138 146 145 147 147 153 153 155 152 148 150 153 147 149 151 153 147 155 155 158 156 156 152 154 153 153 149 149 147 149 148 150 148 147 142 142 142 146 142 138 131 137 131 132 134 138 132 130 127 113 114 119 119
191 195 197 196 199 202 201 197 204 202 202 200 200 198 196 195 203 193 190 196 197 192 192 197 193 202 205 194 182 181 190 195 186 195 195 182 177 183 187 185 179 193 189 176 175 172 160 154 149 147 149 152 148 140 140 145 141 134 127 120 110 98 91 90 86 74 76 90 92 90 110 140 166 181 188 181 177 182 185 185 194 200 211 211 196 193 201 201 204 199 196 200 204 205 204 201 189 189 193 199 203 203 200 197 194 200 206 208 205 204 206 210 203 203 203 200 197 196 197 198 204 205 205 205 203 200 197 196 202 199 196 193 192 194 197 199 205 201 201 206 209 207 206 207 204 208 209 204 199 199 208 216 216 209 205 207 208 205 203 204 193 192 190 187 187 193 204 215 209 207 205 207 210 212 209 206 209 205 202 197 202 205 206 199 209 211 207 193 192 195 194 182 195 200 204 202 196 194 198 204 197 199 202 204 204 203 201 199 208 199 195 200 205 203 202 204 200 206 213 213 208 204 205 207 198 202 206 208 203 196 193 194 192 191 197 205 206 199 195 197 192 198 203 198 193 193 196 197 202 198 199 202 197 190 194 206 201 197 190 183 186 190 191 186 194 191 188 188 198 207 207 199 205 202 201 200 202 199 194 188 194 182 185 191 188 183 183 175 172 186 191 184 177 176 170 160 176 173 173 176 176 173 174 179 193 197 191 180 182 177 179 186 185 188 193 189 193 195 194 185 186 181 176 173 169 166 169 178 182 179 178 178 175 169 171 178 184 172 161 167 176 167 163 177 175 179 177 166 153 151 164 177 183 187 191 182 168 170 169 153 155 191 189 176 184 175 158 167 173 178 183 177 167 160 158 161 168 168 173 175 168 160 158 163 168 174 169 157 156 148 149 157 164 163 160 156 152 151 154 157 158 158 153 148 146 144 137 129 134 135 134 128 122 122 128 133 124 122 126 124 122 119 115 113 119 119 117 113 111 111 114 116 108 111 114 116 116 115 116 117 117 115 114 114 117 120 122 125 123 125 126 129 133 134 134 133 129 134 135 133 132 138 140 136 136 137 137 135 136 137 140 143 142 139 136 135 135 137 138 138 136 129 123 120 122 118 110 102 108 104 105 111 113 109 104 103 96 99 106 109
193 191 191 197 206 207 200 193 196 200 202 199 195 194 198 202 204 203 202 204 205 203 195 190 185 189 191 194 194 194 195 196 192 194 196 198 197 194 191 189 184 180 185 196 194 180 171 174 175 176 176 180 178 179 186 194 174 179 179 168 152 146 147 153 138 128 143 171 174 171 182 195 187 193 199 197 192 190 194 199 190 195 203 209 204 194 193 200 198 194 196 205 209 203 196 193 195 194 193 193 198 204 203 198 195 204 209 207 204 205 208 208 204 202 199 196 195 194 195 195 198 197 197 199 200 200 197 195 196 203 205 200 195 195 198 198 199 194 199 212 213 201 195 197 199 201 202 201 205 211 212 209 205 209 210 206 204 206 206 203 201 198 197 196 195 197 198 202 197 199 204 205 206 205 205 205 211 209 209 206 209 207 204 197 200 198 199 197 203 202 195 181 189 199 203 197 193 198 205 207 200 209 211 202 197 202 206 203 204 200 199 203 205 202 201 202 197 201 207 210 210 207 205 204 197 202 209 209 197 184 184 194 191 196 200 200 198 198 202 206 203 198 199 202 202 196 191 190 198 204 211 206 197 191 194 199 196 188 188 190 193 189 195 200 209 197 192 193 199 198 201 202 197 195 196 195 198 198 203 202 211 198 195 196 197 189 194 202 189 185 188 194 193 184 177 176 185 176 175 183 186 183 188 199 202 186 178 182 186 180 179 183 190 194 192 180 174 180 191 194 194 196 196 192 190 191 189 186 194 183 184 189 187 190 196 195 190 185 184 188 187 186 191 199 185 190 192 186 176 172 179 188 198 198 187 171 171 183 185 177 166 185 191 187 186 181 178 185 172 172 178 174 164 156 162 175 202 194 189 177 166 173 177 167 179 182 185 182 177 173 176 178 188 191 186 176 176 187 191 186 171 188 200 194 182 175 171 168 160 178 182 166 158 170 179 176 155 163 169 161 153 150 151 150 145 138 135 137 132 127 132 144 141 122 119 125 118 112 116 120 120 116 109 104 105 107 106 103 103 105 109 108 107 105 111 118 105 111 116 112 110 114 118 118 111 103 109 110 99 97 104 107 100 106 105 112 104 105 123 116 98 103 99 98 109 98 87 100 82 100 93 93 87 108 105 114 107 101 114 123
203 199 196 198 201 203 201 198 193 195 198 198 197 197 199 201 202 202 203 204 204 201 195 192 181 185 187 189 189 189 188 188 204 203 201 198 196 195 195 195 195 189 189 196 193 181 175 179 177 181 187 193 190 183 181 181 195 192 185 171 159 159 167 177 166 159 170 188 186 183 191 197 197 200 202 200 196 194 196 199 203 204 207 211 207 199 195 198 196 196 203 213 214 205 197 192 198 196 191 188 192 199 200 196 200 207 211 207 203 205 207 207 201 201 200 200 199 198 197 196 198 198 198 198 198 196 191 188 197 204 207 203 199 201 203 204 203 196 197 207 209 198 188 187 197 200 201 200 203 208 207 202 207 209 208 203 201 204 205 201 197 197 200 199 197 195 197 198 201 202 204 204 206 206 209 208 209 204 202 202 204 204 200 194 197 199 199 199 201 202 195 185 193 201 204 197 191 193 198 200 199 205 207 202 198 198 201 201 202 199 200 204 206 202 198 198 201 204 209 212 212 210 208 206 204 206 209 208 198 188 189 198 197 198 200 199 198 199 202 204 205 199 198 201 203 198 194 194 202 207 213 209 198 189 186 186 203 197 195 198 197 194 195 200 207 202 196 196 201 205 205 204 204 203 203 204 205 208 210 211 204 195 192 197 196 192 195 203 200 191 185 187 187 185 184 187 187 181 183 192 194 190 191 199 202 190 186 194 199 195 194 197 201 200 191 179 176 185 195 198 192 188 186 187 191 195 197 198 188 178 181 188 187 191 199 198 200 193 188 185 182 179 184 192 186 191 195 195 191 188 188 191 190 185 174 167 178 194 191 177 182 197 200 195 196 193 190 193 186 184 184 180 170 164 173 186 203 197 192 180 170 178 183 171 183 187 191 190 184 178 177 177 191 195 191 181 180 189 195 192 181 189 195 189 181 179 180 179 171 188 193 179 173 184 192 191 177 176 176 177 176 173 170 168 167 158 152 151 152 151 154 158 162 144 141 142 131 122 126 130 129 129 126 120 115 111 109 106 108 103 100 96 96 96 100 103 100 108 114 108 104 104 109 111 104 94 98 101 97 96 101 96 101 107 102 105 97 98 119 119 100 101 98 101 106 101 100 108 97 103 95 99 93 120 124 124 107 101 112 123
199 195 191 187 186 188 191 193 194 194 195 197 199 199 197 195 199 201 203 203 201 198 194 193 185 188 190 192 191 190 189 189 204 203 202 200 199 198 197 197 197 189 186 189 188 182 179 185 183 188 194 199 194 185 177 177 190 192 190 186 178 174 175 178 186 183 191 198 192 192 197 195 203 203 201 200 200 201 202 203 204 202 202 205 204 198 193 192 196 198 204 209 208 202 198 198 203 199 191 186 189 197 200 198 204 209 210 205 201 203 205 205 201 202 203 204 202 200 197 195 198 198 199 201 201 198 192 188 198 204 207 204 201 203 204 204 201 193 194 202 205 197 189 186 200 202 203 202 203 206 203 198 209 210 206 200 199 202 203 199 196 199 200 197 193 192 196 201 203 201 201 199 202 204 207 207 207 201 198 200 203 203 198 193 192 197 201 200 201 202 198 193 195 201 203 198 192 193 197 199 203 203 205 206 202 197 198 203 201 198 200 206 207 201 196 195 203 204 207 209 210 209 208 206 209 208 206 204 197 191 193 198 204 201 199 198 200 203 204 203 206 199 198 202 204 201 198 199 203 207 213 212 205 197 189 185 203 200 198 199 198 194 193 195 199 202 200 195 200 208 208 200 203 202 202 203 205 207 210 212 201 195 194 199 199 195 197 204 201 191 182 182 185 186 186 187 190 188 192 202 203 197 195 199 199 191 191 199 204 200 198 201 203 200 191 182 182 190 196 196 197 183 177 184 193 196 201 208 189 179 184 192 192 198 206 205 208 201 192 186 180 178 184 191 195 197 199 199 195 188 182 178 183 181 176 174 183 193 190 180 185 196 193 188 192 192 189 191 195 193 192 187 177 171 175 184 196 191 188 179 173 183 189 176 179 184 192 194 189 182 176 174 188 193 191 182 179 187 193 193 191 196 199 195 192 191 188 185 184 198 202 191 186 193 198 197 195 182 178 187 193 186 179 176 175 168 160 158 166 172 170 163 159 150 152 154 141 135 143 147 138 142 144 137 124 112 108 108 117 107 96 87 87 88 88 85 87 97 105 98 92 94 102 107 102 91 93 97 98 102 103 90 104 113 105 106 98 97 121 130 108 101 103 108 104 105 110 109 104 100 98 110 98 127 132 120 108 101 111 122
192 190 187 182 178 179 184 189 199 196 194 196 199 198 192 186 194 198 201 201 197 194 192 194 192 195 196 197 195 194 193 193 194 196 199 201 202 201 199 197 196 188 185 188 191 189 189 194 197 195 195 196 192 188 187 190 186 188 190 193 188 180 176 176 190 190 197 198 192 197 202 195 200 197 195 196 200 204 206 206 192 196 201 204 203 198 195 195 203 203 203 201 198 198 202 208 202 199 193 188 193 201 205 203 204 207 207 202 200 202 205 205 205 206 205 204 202 199 196 195 197 199 202 206 208 206 200 196 197 203 205 202 199 201 201 199 190 189 193 201 204 200 199 201 208 209 207 204 204 207 205 201 209 210 207 203 202 204 202 196 196 197 196 191 186 188 199 209 207 203 200 198 201 205 209 209 205 199 199 204 207 204 197 192 185 193 200 200 200 202 202 201 193 198 201 200 198 199 203 206 209 205 206 212 209 200 200 208 204 201 201 206 206 202 198 198 201 201 202 203 205 205 204 202 206 204 202 199 196 193 192 193 207 202 197 198 203 207 208 205 206 199 198 201 204 201 199 200 203 205 210 213 213 209 203 199 201 201 201 202 201 199 197 196 191 200 201 194 197 208 207 196 198 198 198 198 200 202 205 207 208 203 203 206 205 200 200 204 198 192 189 191 195 194 188 183 194 193 198 205 206 201 198 200 202 197 196 200 200 196 195 197 195 196 195 191 189 191 194 196 208 188 179 190 198 196 199 207 198 188 192 200 199 203 210 211 209 204 198 192 188 188 192 198 200 202 202 198 191 185 182 182 182 187 191 189 184 183 182 182 187 193 187 181 189 193 192 196 198 198 200 197 188 180 179 181 190 188 190 187 184 195 199 186 174 182 192 198 195 187 179 174 181 186 185 178 174 180 186 188 198 199 204 204 205 198 190 180 195 201 205 195 192 191 195 191 200 182 178 189 198 187 178 176 171 166 159 157 170 180 171 153 142 143 154 158 146 144 154 156 145 151 156 149 130 112 107 111 128 120 107 94 89 87 83 78 73 83 89 84 77 82 98 108 103 94 96 97 99 110 111 96 102 119 113 117 111 105 125 140 116 104 110 113 101 104 112 103 101 94 105 123 101 123 125 106 107 100 109 120
195 197 197 194 189 188 191 195 200 196 193 195 199 198 192 185 191 195 198 198 194 192 191 193 195 197 196 195 194 193 194 195 196 195 194 193 194 196 197 199 199 193 190 193 197 197 196 197 200 196 191 193 195 195 197 202 201 195 188 187 184 180 182 190 193 194 201 200 194 201 207 198 197 192 189 191 196 201 201 200 183 196 209 211 204 199 198 200 204 206 205 202 199 201 207 211 193 193 191 191 198 206 209 205 204 207 207 203 202 206 209 208 206 205 203 200 199 198 199 199 200 201 205 209 211 209 204 200 194 200 203 201 201 203 203 200 186 190 197 203 204 204 208 215 213 213 208 202 202 206 207 204 207 209 210 208 208 208 202 192 190 194 199 197 193 194 205 213 210 206 202 200 203 207 210 211 202 197 200 207 208 200 193 191 181 190 198 199 199 203 206 206 193 196 199 201 201 201 204 208 211 206 207 213 212 204 204 211 209 204 202 204 205 203 202 204 202 200 198 198 201 203 202 201 201 201 201 199 197 196 194 191 206 200 196 198 205 211 212 209 205 198 197 201 203 199 197 197 208 207 209 210 212 212 209 206 203 205 207 208 209 209 208 206 190 201 203 196 199 209 207 196 197 197 196 196 198 200 202 203 215 212 210 210 207 202 199 200 201 199 198 199 202 201 194 187 196 196 198 203 203 201 200 201 210 207 205 203 200 197 198 201 192 197 200 196 189 187 195 205 209 192 186 197 203 197 195 200 206 196 198 204 200 201 205 202 204 205 203 200 197 197 199 200 198 201 202 196 189 189 198 207 190 192 196 198 194 188 184 185 194 198 190 184 195 202 202 207 203 204 204 200 196 195 196 197 195 195 201 201 200 207 205 186 180 189 200 207 205 195 184 177 183 185 184 179 177 181 187 189 203 199 200 203 207 202 194 187 201 203 204 200 197 195 196 196 200 186 185 195 202 190 185 187 176 171 167 165 178 181 165 141 140 148 165 167 155 155 162 160 156 161 167 163 144 124 118 122 140 137 126 108 95 87 81 73 70 81 84 77 70 78 97 107 102 98 101 97 98 113 119 105 103 127 124 130 126 109 120 137 121 111 117 118 105 108 115 103 104 100 111 129 102 119 123 110 109 103 112 122
201 204 207 206 201 198 197 198 195 192 191 194 199 200 196 191 192 194 196 196 195 194 193 193 199 199 196 194 192 193 196 199 208 201 191 184 183 188 196 201 199 194 189 190 193 194 191 189 193 190 191 198 202 202 200 203 194 191 189 191 185 178 180 189 197 195 200 200 192 196 202 195 197 194 190 190 193 195 194 192 182 199 213 210 200 193 193 195 197 204 209 209 209 210 208 203 187 189 190 192 199 206 207 202 207 210 209 207 207 211 212 210 202 201 198 197 197 198 200 202 203 204 205 208 208 206 201 197 194 199 203 204 207 210 210 207 193 197 202 203 203 204 209 215 210 210 205 200 200 204 205 202 205 208 210 210 211 211 203 193 185 193 205 210 208 205 206 207 205 200 198 197 201 204 205 202 198 196 200 206 202 192 188 192 183 192 199 199 200 205 207 207 197 196 198 201 200 197 197 201 208 205 204 207 207 206 207 210 210 205 201 204 205 204 205 208 207 203 198 198 201 204 204 203 199 203 204 201 200 201 200 196 204 199 196 199 207 212 213 210 205 199 199 202 203 197 192 191 214 211 209 205 204 203 202 201 202 206 208 207 207 209 208 205 196 203 206 203 204 209 208 201 197 196 195 195 195 197 198 199 216 214 211 208 205 201 199 198 202 201 196 191 190 193 192 189 195 195 197 198 200 200 200 200 208 208 207 203 199 197 200 204 198 201 202 196 185 182 195 211 197 189 188 197 202 197 193 193 204 193 195 199 193 192 194 190 198 203 205 203 200 200 199 196 200 203 202 193 184 185 198 211 205 196 195 205 211 205 197 194 191 196 187 181 191 198 201 207 203 202 196 190 191 199 207 210 198 197 202 202 199 203 197 175 186 191 201 207 204 195 183 174 192 190 188 186 187 191 194 195 205 196 192 193 200 201 204 203 200 195 197 197 200 197 200 201 194 188 189 197 201 194 192 192 181 179 176 177 182 178 158 138 140 150 168 169 160 166 174 168 167 170 179 182 170 149 138 140 149 150 141 120 104 92 82 70 79 87 88 80 73 79 93 103 99 101 104 97 101 119 125 106 108 135 131 135 135 109 112 129 118 114 114 110 103 106 109 103 108 106 108 120 98 115 122 123 113 108 116 125
203 205 206 206 202 197 194 192 195 193 192 194 198 199 198 196 196 195 195 196 198 199 196 195 197 196 191 187 186 190 195 200 210 204 194 186 185 189 196 201 200 193 186 185 189 192 190 187 191 188 190 195 200 199 198 198 180 181 189 196 189 174 173 182 200 194 198 200 192 191 196 193 197 196 195 195 195 195 194 193 186 200 208 202 193 189 190 190 190 197 203 205 208 211 206 198 192 191 190 191 196 202 202 196 205 208 208 205 206 208 207 203 201 200 199 197 196 195 194 194 203 203 204 205 206 205 201 198 199 204 207 207 210 213 211 206 204 202 200 199 202 205 205 204 203 205 203 201 202 205 203 199 204 206 207 207 210 211 203 194 190 196 205 210 211 208 205 203 199 195 192 194 198 200 198 195 202 200 202 204 195 184 187 199 192 198 202 202 203 206 207 204 201 198 199 203 201 195 194 198 204 205 203 200 202 208 211 209 207 202 201 204 207 206 206 208 211 205 199 198 201 205 206 205 199 205 206 201 200 204 206 205 202 200 199 202 207 210 211 209 206 201 201 204 204 196 189 186 209 207 206 203 200 199 200 201 204 208 207 202 201 202 201 196 201 204 206 207 207 207 206 205 203 201 200 198 198 199 200 200 211 211 209 206 204 203 203 202 198 200 195 185 181 184 187 187 191 193 196 197 198 200 199 198 202 206 208 204 197 194 196 199 197 198 201 198 188 180 185 196 188 188 191 196 199 198 195 192 202 192 193 198 192 191 193 189 194 201 205 202 201 203 202 198 204 205 203 195 187 186 192 200 205 200 202 208 204 192 189 196 189 194 186 178 185 191 194 202 202 201 195 189 191 200 204 203 197 195 198 197 194 199 194 171 183 187 196 202 202 195 185 177 199 193 189 190 195 198 198 198 206 195 190 191 198 200 208 212 199 191 191 194 199 196 200 204 196 194 193 193 197 194 189 184 183 179 179 183 185 176 161 149 152 161 174 171 164 175 186 179 169 171 184 198 193 172 155 151 151 150 140 122 112 106 93 77 80 89 91 85 80 83 91 96 97 100 103 99 109 129 129 104 114 138 129 131 137 110 111 134 128 131 119 105 106 108 107 110 114 114 104 113 100 114 113 122 118 112 119 128
205 205 205 203 200 195 189 186 198 197 195 195 196 197 196 196 200 197 195 197 201 203 199 197 189 187 180 176 176 180 187 193 202 200 198 196 196 196 197 198 204 197 189 186 192 199 199 195 193 187 185 189 194 194 195 197 188 185 186 187 179 172 181 199 205 195 199 205 196 192 198 199 195 196 198 199 199 199 199 199 197 205 207 201 195 196 197 195 189 193 194 195 200 207 205 198 199 198 195 193 196 201 200 195 204 206 206 203 203 204 201 196 204 204 203 200 196 190 186 183 201 201 202 204 207 207 206 204 206 210 211 209 209 209 205 199 210 203 195 194 202 207 203 195 198 202 204 204 206 208 203 197 204 205 204 203 207 209 204 195 199 199 199 199 202 203 204 204 201 199 198 201 205 206 202 197 209 205 205 203 192 182 190 208 200 204 206 204 205 207 206 202 203 200 201 206 204 198 197 200 203 207 204 197 200 211 215 210 202 199 200 206 208 206 205 206 211 205 197 196 200 205 205 204 199 205 205 198 196 203 209 210 202 202 202 204 206 208 208 207 208 203 204 207 206 196 187 183 198 199 202 202 201 202 205 208 212 215 212 204 200 200 198 192 203 201 204 208 207 202 202 206 214 212 210 208 207 208 208 209 207 208 207 205 205 208 209 209 197 204 203 193 186 186 188 187 187 191 195 198 199 200 199 196 202 209 213 208 200 195 194 195 189 191 199 203 195 179 171 172 186 192 196 196 198 200 198 193 203 193 196 202 197 197 200 196 191 199 203 202 202 207 208 205 201 202 202 201 200 200 201 202 191 199 209 205 178 154 162 187 198 205 196 187 191 196 199 208 204 207 207 203 203 205 199 190 200 196 198 197 196 205 202 183 181 185 194 203 206 203 195 189 199 192 186 189 196 199 198 198 205 196 193 198 201 201 203 208 205 196 192 198 201 198 200 206 206 202 196 193 195 196 185 173 183 176 178 189 191 178 170 170 181 185 190 178 168 178 187 178 165 167 183 203 205 184 162 152 148 145 134 120 120 121 108 89 74 81 87 85 82 85 91 91 99 101 104 105 118 142 135 100 117 140 125 129 137 115 118 147 147 153 133 109 114 114 110 120 121 124 109 118 113 121 108 115 117 111 118 127
201 203 204 205 202 197 192 189 196 201 204 201 194 193 199 205 200 196 195 198 197 194 193 196 194 191 185 180 181 187 192 194 195 192 193 196 196 194 194 197 194 193 195 197 194 188 189 194 196 194 190 190 193 196 196 195 179 185 188 183 181 186 193 196 197 198 201 204 205 203 199 195 188 196 195 194 200 198 195 202 199 199 203 208 209 206 207 212 191 183 185 188 188 197 207 204 198 204 207 203 198 198 198 196 201 201 201 201 200 199 198 197 198 202 207 208 206 202 198 196 200 197 196 200 207 213 214 214 205 206 206 205 207 210 205 197 205 197 192 196 202 203 202 203 205 207 207 207 212 216 214 207 206 202 198 197 199 201 199 197 194 195 199 203 205 204 201 197 199 201 206 210 210 208 203 199 204 204 204 199 191 188 198 212 203 204 202 208 213 203 195 205 212 202 198 203 206 201 200 203 204 200 207 211 206 208 210 204 193 196 198 202 209 216 216 211 204 207 212 212 205 196 197 203 202 200 204 210 212 208 203 202 198 202 206 207 206 205 206 207 206 203 205 208 208 201 198 199 200 206 210 207 205 208 212 213 196 202 212 216 209 201 200 206 206 205 208 212 211 207 207 210 205 210 214 212 207 206 211 217 208 209 210 209 207 205 205 205 200 202 205 206 205 201 197 194 197 206 203 197 201 202 200 204 209 207 201 195 191 190 194 197 195 200 208 211 199 185 181 187 203 209 211 207 202 201 201 199 206 204 200 195 197 200 198 193 201 211 212 210 213 208 203 209 206 199 202 204 199 202 208 204 192 195 201 182 136 113 131 153 191 207 201 193 201 196 186 193 205 208 210 209 209 207 198 187 202 206 205 203 208 214 209 196 189 189 186 194 209 209 203 208 205 188 186 195 200 206 207 198 195 204 207 203 200 200 201 200 208 206 199 202 208 202 201 212 207 202 199 200 200 199 192 184 185 183 191 199 193 178 177 185 188 202 198 174 167 180 186 176 163 161 161 168 171 171 172 175 142 143 140 112 121 145 115 75 68 68 72 79 82 80 82 84 85 97 105 105 120 150 143 102 112 134 124 149 153 114 123 140 153 165 151 119 109 115 120 127 134 119 115 119 115 120 127 125 100 124 131 126
199 200 201 201 199 195 192 189 196 201 203 199 192 192 198 206 203 200 200 203 203 199 196 199 193 190 185 186 189 194 193 192 199 196 195 198 198 195 195 198 194 193 195 197 194 189 189 193 195 191 190 190 192 195 195 195 187 193 195 190 187 190 196 198 196 197 199 202 203 200 196 191 190 197 195 193 198 197 195 202 200 200 203 207 206 202 202 206 196 188 189 192 190 197 205 199 192 199 202 198 196 198 200 200 203 203 202 201 200 199 199 199 200 203 206 206 203 199 197 196 200 198 196 200 206 211 212 212 207 208 208 207 210 212 207 200 203 195 192 197 203 204 203 203 204 205 204 204 208 213 212 206 202 199 197 197 200 202 202 201 196 198 201 205 207 207 203 200 199 201 203 204 201 200 200 201 200 198 198 201 200 198 200 205 202 203 202 207 213 202 194 204 209 200 198 204 207 202 200 203 205 201 206 209 204 206 209 203 202 204 203 202 205 210 209 204 203 204 206 207 201 195 195 200 202 200 202 209 211 208 204 204 200 203 207 207 206 205 206 206 206 203 205 208 207 199 196 197 203 209 212 207 204 206 209 209 194 200 210 213 207 198 198 204 204 203 206 210 209 204 204 208 205 209 211 210 207 207 211 215 206 207 207 207 205 204 203 202 196 198 201 202 201 197 193 190 195 204 201 195 199 200 197 201 204 203 200 196 193 193 196 199 201 203 206 207 198 188 187 193 199 206 209 205 200 200 200 198 204 202 198 194 196 200 199 193 199 209 209 207 210 204 199 205 206 199 202 204 199 202 208 204 197 195 200 190 157 138 148 162 187 204 199 192 202 198 189 196 200 204 206 207 209 209 201 191 204 208 206 203 207 214 211 201 187 185 181 189 204 204 197 201 202 189 190 200 202 203 201 191 197 206 211 208 204 204 203 201 203 204 202 207 213 204 199 207 206 200 195 194 196 198 196 192 187 183 187 192 185 173 177 191 201 203 195 180 180 189 191 182 172 166 164 168 170 172 176 181 164 149 143 125 129 133 100 74 73 71 74 76 80 78 78 82 89 99 105 101 118 149 146 106 111 135 127 152 155 114 124 144 153 168 156 128 118 119 121 124 131 116 111 115 111 117 126 125 106 127 134 128
197 197 197 196 195 193 191 190 197 200 201 196 189 190 198 207 204 202 203 207 207 202 198 199 192 188 185 191 199 201 196 190 203 200 198 200 199 196 196 199 195 193 194 196 194 189 189 193 190 188 187 187 189 191 194 195 195 201 205 201 197 197 200 197 196 196 197 199 200 197 192 187 194 200 195 191 196 195 194 203 200 199 201 203 201 195 195 198 199 191 193 195 192 197 202 196 186 190 193 191 191 196 202 203 204 203 200 198 197 198 199 200 203 204 205 203 199 196 195 195 201 198 196 199 204 209 210 209 203 204 203 203 206 208 204 196 200 194 192 199 206 206 204 203 204 204 201 199 204 210 210 205 197 196 195 197 201 204 205 205 200 202 205 209 212 211 206 203 199 201 200 196 191 191 195 201 195 191 193 203 211 208 202 197 200 201 200 206 211 200 193 202 205 198 198 206 210 204 200 202 208 202 205 207 200 203 207 202 209 209 206 201 202 205 204 200 203 200 198 199 198 193 193 196 202 199 201 207 210 208 206 207 203 205 207 207 205 204 205 204 206 204 205 207 205 197 193 194 207 212 214 208 203 204 206 205 192 198 207 211 205 196 196 201 201 201 203 207 206 202 202 206 207 207 207 207 208 209 210 211 203 204 205 205 204 202 201 199 194 196 199 200 199 195 191 188 193 202 199 193 197 198 195 198 199 199 199 197 195 196 199 201 208 205 203 202 198 193 194 198 197 204 208 205 201 201 201 199 203 202 198 195 197 202 201 196 197 207 207 204 206 199 194 200 206 199 202 204 199 202 208 204 201 193 197 197 178 165 167 169 183 201 197 192 203 201 192 200 195 199 202 205 209 211 205 196 208 211 208 204 207 215 214 204 186 183 178 185 201 200 193 195 198 190 196 206 202 198 194 185 198 207 213 211 207 206 204 201 195 199 202 211 217 205 194 201 206 196 188 186 191 197 197 197 190 183 181 183 176 166 175 195 211 202 190 184 190 198 194 186 181 173 167 168 170 174 180 187 182 152 143 139 138 123 86 74 79 75 75 75 77 75 75 79 94 100 102 96 115 148 148 110 112 139 131 156 155 114 124 148 156 172 165 139 128 123 121 123 127 111 106 109 106 113 122 125 111 134 139 133
