0.80392158 0.80392158 0.80392158 0.80392158 0.81176472 0.82745099 0.80392158 0.81176472 0.81176472 0.82745099 0.81176472 0.83529413 0.81960785 0.81960785 0.81176472 0.81960785 0.82745099 0.81176472 0.81960785 0.82745099 0.82745099 0.83529413 0.83529413 0.83529413 0.82745099 0.83529413 0.82745099 0.82745099 0.85098040 0.83529413 0.85098040 0.85882354 0.85882354 0.84313726 0.84313726 0.85098040 0.86666667 0.85882354 0.85882354 0.85098040 0.86666667 0.86666667 0.85098040 0.85098040 0.86666667 0.85882354 0.86666667 0.85098040 0.86666667 0.86666667 0.88235295 0.86666667 0.87450981 0.88235295 0.88235295 0.88235295 0.87450981 0.87450981 0.87450981 0.88235295 0.86666667 0.86666667 0.86666667 0.86666667 0.86666667 0.86666667 0.86666667 0.86666667 0.86666667 0.88235295 0.86666667 0.87450981 0.85098040 0.85882354 0.85098040 0.85098040 0.85098040 0.85882354 0.85882354 0.85098040 0.85098040 0.85882354 0.84313726 0.85098040 0.85098040 0.84313726 0.83529413 0.81960785 0.82745099 0.81960785 0.82745099 0.84313726 0.81960785 0.79607844 0.79607844 0.81960785 0.83529413 0.83529413 0.83529413 0.84313726 0.85098040 0.85882354 0.84313726 0.85098040 0.85882354 0.85882354 0.85098040 0.85882354 0.86666667 0.87450981 0.86666667 0.86666667 0.87450981 0.86666667 0.86666667 0.87450981 0.87450981 0.86666667 0.88235295 0.88235295 0.88235295 0.88235295 0.88235295 0.89019608 0.89019608 0.87450981 0.89803922 0.91372550
0.80392158 0.80392158 0.80392158 0.80392158 0.81960785 0.81960785 0.80392158 0.81176472 0.81176472 0.81960785 0.82745099 0.82745099 0.81960785 0.81960785 0.81960785 0.81960785 0.82745099 0.83529413 0.81960785 0.81960785 0.82745099 0.81960785 0.82745099 0.83529413 0.84313726 0.84313726 0.82745099 0.82745099 0.85098040 0.84313726 0.84313726 0.83529413 0.85098040 0.85882354 0.85882354 0.84313726 0.84313726 0.85882354 0.85098040 0.84313726 0.84313726 0.86666667 0.85098040 0.85098040 0.86666667 0.85882354 0.85098040 0.85098040 0.85882354 0.86666667 0.85882354 0.85882354 0.85098040 0.86666667 0.86666667 0.87450981 0.86666667 0.87450981 0.88235295 0.86666667 0.85882354 0.85882354 0.84313726 0.85882354 0.86666667 0.86666667 0.86666667 0.85882354 0.86666667 0.86666667 0.85882354 0.85882354 0.85098040 0.86666667 0.86666667 0.85882354 0.85882354 0.84313726 0.84313726 0.84313726 0.84313726 0.85098040 0.85098040 0.84313726 0.84313726 0.84313726 0.83529413 0.81960785 0.83529413 0.83529413 0.82745099 0.81960785 0.77254903 0.63137257 0.60784316 0.79607844 0.84313726 0.83529413 0.84313726 0.85098040 0.85098040 0.85882354 0.85098040 0.85098040 0.85882354 0.85098040 0.85098040 0.85098040 0.85882354 0.85882354 0.86666667 0.85882354 0.87450981 0.86666667 0.86666667 0.87450981 0.86666667 0.86666667 0.89019608 0.88235295 0.87450981 0.89803922 0.78823531 0.70196080 0.92941177 0.90588236 0.90588236 0.88235295
0.78823531 0.80392158 0.80392158 0.81176472 0.81176472 0.81176472 0.81960785 0.81960785 0.81176472 0.81960785 0.81960785 0.81176472 0.81960785 0.81960785 0.82745099 0.81960785 0.81176472 0.82745099 0.81960785 0.83529413 0.84313726 0.83529413 0.83529413 0.83529413 0.83529413 0.84313726 0.83529413 0.85098040 0.84313726 0.84313726 0.84313726 0.85098040 0.85098040 0.85098040 0.85098040 0.85098040 0.85098040 0.85882354 0.85098040 0.84313726 0.85098040 0.85098040 0.85882354 0.85882354 0.86666667 0.86666667 0.85882354 0.85882354 0.85882354 0.86666667 0.87450981 0.86666667 0.89019608 0.87450981 0.88235295 0.86666667 0.88235295 0.87450981 0.87450981 0.86666667 0.87450981 0.86666667 0.86666667 0.87450981 0.86666667 0.86666667 0.86666667 0.88235295 0.86666667 0.86666667 0.86666667 0.87450981 0.87450981 0.87450981 0.86666667 0.84313726 0.85098040 0.85098040 0.85098040 0.85882354 0.85098040 0.85098040 0.85098040 0.85098040 0.85098040 0.84313726 0.82745099 0.83529413 0.84313726 0.82745099 0.82745099 0.82745099 0.70196080 0.24705887 0.13725495 0.56078434 0.86666667 0.85098040 0.83529413 0.85098040 0.85098040 0.85882354 0.85882354 0.85882354 0.85882354 0.86666667 0.86666667 0.85098040 0.87450981 0.85882354 0.86666667 0.88235295 0.87450981 0.87450981 0.88235295 0.86666667 0.88235295 0.87450981 0.88235295 0.88235295 0.88235295 0.86666667 0.23137259 0.80392158 0.92941177 0.91372550 0.89803922 0.90588236
0.79607844 0.79607844 0.81176472 0.81176472 0.80392158 0.79607844 0.81176472 0.81176472 0.81176472 0.80392158 0.80392158 0.79607844 0.81960785 0.81960785 0.80392158 0.81176472 0.81176472 0.81176472 0.82745099 0.81960785 0.82745099 0.83529413 0.83529413 0.83529413 0.82745099 0.83529413 0.83529413 0.85098040 0.84313726 0.84313726 0.84313726 0.81960785 0.83529413 0.85882354 0.85098040 0.85098040 0.85098040 0.84313726 0.84313726 0.85098040 0.85098040 0.85882354 0.84313726 0.88235295 0.87450981 0.85098040 0.85098040 0.85098040 0.85882354 0.85882354 0.85882354 0.86666667 0.86666667 0.86666667 0.87450981 0.86666667 0.85098040 0.86666667 0.85882354 0.85882354 0.86666667 0.86666667 0.85098040 0.87450981 0.85882354 0.85882354 0.85882354 0.85882354 0.85098040 0.86666667 0.86666667 0.86666667 0.86666667 0.85882354 0.85882354 0.85098040 0.85098040 0.84313726 0.84313726 0.85098040 0.84313726 0.85882354 0.84313726 0.83529413 0.85098040 0.84313726 0.84313726 0.82745099 0.82745099 0.81960785 0.82745099 0.81176472 0.47450984 -0.40392154 -0.67843139 -0.30980390 0.62352943 0.83529413 0.82745099 0.84313726 0.85098040 0.85882354 0.85882354 0.83529413 0.85098040 0.85098040 0.85098040 0.83529413 0.86666667 0.86666667 0.85882354 0.88235295 0.87450981 0.86666667 0.86666667 0.87450981 0.87450981 0.86666667 0.87450981 0.89019608 0.92156863 0.28627455 0.39607847 0.93725491 0.90588236 0.80392158 0.84313726 0.90588236
0.79607844 0.79607844 0.79607844 0.81960785 0.81960785 0.80392158 0.79607844 0.79607844 0.80392158 0.80392158 0.81176472 0.81176472 0.81176472 0.81176472 0.81176472 0.81960785 0.80392158 0.81960785 0.83529413 0.83529413 0.82745099 0.83529413 0.81960785 0.83529413 0.84313726 0.84313726 0.83529413 0.84313726 0.84313726 0.83529413 0.84313726 0.83529413 0.85098040 0.84313726 0.85098040 0.85098040 0.85882354 0.85882354 0.85882354 0.85882354 0.85882354 0.85098040 0.85882354 0.88235295 0.86666667 0.85882354 0.86666667 0.86666667 0.86666667 0.85882354 0.87450981 0.88235295 0.87450981 0.87450981 0.88235295 0.85882354 0.86666667 0.86666667 0.87450981 0.86666667 0.86666667 0.87450981 0.87450981 0.89019608 0.87450981 0.85098040 0.85882354 0.86666667 0.87450981 0.88235295 0.86666667 0.87450981 0.85882354 0.84313726 0.85882354 0.85098040 0.85098040 0.85098040 0.85882354 0.86666667 0.86666667 0.85098040 0.85098040 0.85098040 0.84313726 0.85098040 0.84313726 0.82745099 0.83529413 0.82745099 0.81960785 0.58431375 -0.49803919 -0.88235295 -0.88235295 -0.89803922 -0.59215689 0.45882356 0.77254903 0.84313726 0.84313726 0.85098040 0.85098040 0.85098040 0.87450981 0.85882354 0.85098040 0.84313726 0.85882354 0.86666667 0.86666667 0.86666667 0.89019608 0.88235295 0.89019608 0.87450981 0.85882354 0.85882354 0.91372550 0.81176472 0.06666672 -0.59215689 0.69411767 0.92156863 0.79607844 0.69411767 0.89019608 0.92941177
0.79607844 0.79607844 0.78823531 0.80392158 0.81960785 0.80392158 0.78823531 0.78823531 0.79607844 0.81176472 0.81176472 0.80392158 0.80392158 0.81960785 0.80392158 0.81960785 0.81960785 0.81960785 0.81960785 0.81176472 0.81960785 0.82745099 0.83529413 0.81960785 0.82745099 0.84313726 0.83529413 0.81960785 0.83529413 0.82745099 0.82745099 0.83529413 0.84313726 0.83529413 0.84313726 0.85098040 0.85098040 0.84313726 0.84313726 0.84313726 0.85882354 0.84313726 0.84313726 0.85882354 0.85098040 0.85882354 0.85882354 0.85882354 0.85882354 0.85098040 0.85882354 0.85882354 0.86666667 0.87450981 0.86666667 0.85882354 0.85882354 0.85882354 0.85882354 0.86666667 0.87450981 0.85882354 0.85098040 0.85882354 0.85882354 0.85098040 0.86666667 0.85098040 0.85882354 0.86666667 0.86666667 0.85882354 0.84313726 0.83529413 0.85882354 0.85098040 0.84313726 0.84313726 0.85098040 0.85098040 0.84313726 0.82745099 0.82745099 0.84313726 0.82745099 0.82745099 0.82745099 0.81960785 0.82745099 0.81960785 0.74117649 -0.30980390 -0.85882354 -0.80392158 -0.78823531 -0.79607844 -0.85098040 -0.52156866 0.46666670 0.78823531 0.82745099 0.84313726 0.83529413 0.83529413 0.85882354 0.85098040 0.85098040 0.85098040 0.85098040 0.85882354 0.85882354 0.86666667 0.86666667 0.88235295 0.86666667 0.85882354 0.87450981 0.88235295 0.48235297 -0.38039213 -0.79607844 -0.22352940 0.77254903 0.84313726 0.62352943 0.77254903 0.91372550 0.92156863
0.79607844 0.80392158 0.80392158 0.81176472 0.81176472 0.80392158 0.80392158 0.81176472 0.81176472 0.81176472 0.81176472 0.81176472 0.81176472 0.81960785 0.81176472 0.81176472 0.81960785 0.81960785 0.81176472 0.81176472 0.81960785 0.82745099 0.82745099 0.84313726 0.83529413 0.84313726 0.83529413 0.84313726 0.83529413 0.83529413 0.85098040 0.85098040 0.83529413 0.84313726 0.84313726 0.85098040 0.85098040 0.84313726 0.85098040 0.84313726 0.85098040 0.85882354 0.86666667 0.85098040 0.85098040 0.85882354 0.85098040 0.85882354 0.85882354 0.85882354 0.85882354 0.87450981 0.86666667 0.85882354 0.86666667 0.86666667 0.87450981 0.87450981 0.87450981 0.87450981 0.85882354 0.85098040 0.85882354 0.86666667 0.86666667 0.85882354 0.85882354 0.85882354 0.86666667 0.85882354 0.86666667 0.85882354 0.85882354 0.85098040 0.85882354 0.85098040 0.85098040 0.85098040 0.85882354 0.85882354 0.85098040 0.83529413 0.85098040 0.85098040 0.83529413 0.83529413 0.82745099 0.81960785 0.81960785 0.82745099 0.05882359 -0.79607844 -0.74901962 -0.73333335 -0.74117649 -0.76470590 -0.78823531 -0.82745099 -0.25490195 0.51372552 0.80392158 0.83529413 0.83529413 0.82745099 0.83529413 0.84313726 0.85098040 0.85098040 0.85882354 0.85882354 0.85098040 0.86666667 0.85882354 0.85882354 0.86666667 0.89019608 0.74117649 -0.03529412 -0.65490198 -0.78823531 -0.43529409 0.35686278 0.60784316 0.41176474 0.48235297 0.89019608 0.92156863 0.91372550
0.80392158 0.80392158 0.80392158 0.81176472 0.81176472 0.81176472 0.81960785 0.80392158 0.81176472 0.81176472 0.81176472 0.81176472 0.81176472 0.81960785 0.81960785 0.82745099 0.82745099 0.82745099 0.82745099 0.82745099 0.82745099 0.82745099 0.83529413 0.82745099 0.84313726 0.85098040 0.83529413 0.85098040 0.84313726 0.85098040 0.85098040 0.85098040 0.85098040 0.85882354 0.85882354 0.85098040 0.83529413 0.84313726 0.85882354 0.85882354 0.85098040 0.85882354 0.85882354 0.85882354 0.85882354 0.85882354 0.86666667 0.86666667 0.85882354 0.85098040 0.85882354 0.87450981 0.87450981 0.87450981 0.88235295 0.88235295 0.86666667 0.86666667 0.88235295 0.89019608 0.87450981 0.85882354 0.86666667 0.87450981 0.87450981 0.87450981 0.88235295 0.89019608 0.88235295 0.88235295 0.86666667 0.87450981 0.85882354 0.86666667 0.86666667 0.86666667 0.85098040 0.85882354 0.85098040 0.85098040 0.85882354 0.84313726 0.82745099 0.85098040 0.85098040 0.85098040 0.82745099 0.82745099 0.83529413 0.74901962 -0.52156866 -0.82745099 -0.75686276 -0.80392158 -0.84313726 -0.84313726 -0.84313726 -0.84313726 -0.74901962 -0.05882353 0.55294120 0.81960785 0.82745099 0.82745099 0.83529413 0.84313726 0.83529413 0.84313726 0.85098040 0.85098040 0.85882354 0.86666667 0.85882354 0.85882354 0.89803922 0.37254906 -0.46666664 -0.79607844 -0.76470590 -0.70196080 -0.17647058 0.12156868 0.01176476 0.01960790 0.52156866 0.89019608 0.92941177 0.92941177
0.79607844 0.81176472 0.80392158 0.79607844 0.81176472 0.81176472 0.81176472 0.80392158 0.81176472 0.81176472 0.81176472 0.81176472 0.82745099 0.87450981 0.88235295 0.89019608 0.85098040 0.81176472 0.81176472 0.86666667 0.85882354 0.82745099 0.82745099 0.83529413 0.82745099 0.86666667 0.87450981 0.83529413 0.84313726 0.83529413 0.84313726 0.85098040 0.85098040 0.85098040 0.85098040 0.85098040 0.83529413 0.85098040 0.85098040 0.84313726 0.85882354 0.85882354 0.84313726 0.83529413 0.84313726 0.84313726 0.85882354 0.85882354 0.85882354 0.86666667 0.85882354 0.86666667 0.85882354 0.86666667 0.85882354 0.86666667 0.85882354 0.86666667 0.87450981 0.85098040 0.87450981 0.86666667 0.86666667 0.87450981 0.85882354 0.85882354 0.85882354 0.87450981 0.85882354 0.86666667 0.86666667 0.85098040 0.85098040 0.85882354 0.85882354 0.86666667 0.85098040 0.85882354 0.84313726 0.84313726 0.85098040 0.85098040 0.84313726 0.84313726 0.82745099 0.83529413 0.81176472 0.81176472 0.85882354 0.36470592 -0.79607844 -0.80392158 -0.76470590 -0.83529413 -0.89019608 -0.90588236 -0.89019608 -0.85098040 -0.87450981 -0.45882350 0.09019613 0.66274512 0.83529413 0.82745099 0.82745099 0.82745099 0.83529413 0.85098040 0.85882354 0.84313726 0.86666667 0.89019608 0.89019608 0.84313726 0.11372554 -0.73333335 -0.85098040 -0.77254903 -0.82745099 -0.63921571 -0.41176468 -0.38823527 -0.19999999 0.20000005 0.63921571 0.83529413 0.92941177 0.93725491
0.80392158 0.80392158 0.81176472 0.81176472 0.80392158 0.80392158 0.80392158 0.80392158 0.80392158 0.80392158 0.81176472 0.85882354 0.70196080 0.05882359 -0.15294117 -0.05882353 0.52156866 0.87450981 0.84313726 0.39607847 0.44313729 0.85882354 0.83529413 0.84313726 0.85882354 0.59215689 0.23921573 0.83529413 0.85098040 0.84313726 0.84313726 0.84313726 0.83529413 0.84313726 0.84313726 0.85098040 0.85098040 0.85882354 0.85098040 0.85098040 0.85882354 0.86666667 0.85098040 0.84313726 0.85098040 0.84313726 0.86666667 0.85882354 0.85882354 0.85882354 0.84313726 0.86666667 0.85882354 0.88235295 0.85882354 0.85882354 0.86666667 0.86666667 0.85882354 0.85882354 0.85882354 0.86666667 0.87450981 0.87450981 0.85882354 0.85882354 0.86666667 0.86666667 0.85098040 0.85882354 0.85882354 0.85882354 0.85882354 0.86666667 0.85882354 0.85882354 0.85098040 0.85098040 0.85882354 0.86666667 0.84313726 0.84313726 0.83529413 0.83529413 0.82745099 0.81960785 0.81176472 0.81176472 0.85882354 -0.08235294 -0.85882354 -0.78039217 -0.60784316 -0.72549021 -0.84313726 -0.89803922 -0.91372550 -0.89019608 -0.88235295 -0.73333335 -0.23921567 0.29411769 0.75686276 0.84313726 0.83529413 0.81176472 0.78039217 0.76470590 0.77254903 0.81176472 0.67058825 0.34117651 0.18431377 -0.27058822 -0.81960785 -0.81176472 -0.78823531 -0.81960785 -0.80392158 -0.70196080 -0.65490198 -0.45098037 -0.05882353 0.41176474 0.69411767 0.83529413 0.92941177 0.92156863
0.80392158 0.81176472 0.81960785 0.80392158 0.79607844 0.80392158 0.80392158 0.80392158 0.81176472 0.81960785 0.85098040 0.56862748 -0.64705884 -0.37254900 0.02745104 -0.22352940 -0.78823531 0.36470592 0.95294118 -0.27058822 -0.14509803 0.93725491 0.85882354 0.83529413 0.88235295 0.41960788 -0.13725489 0.85098040 0.86666667 0.85098040 0.86666667 0.89803922 0.86666667 0.84313726 0.83529413 0.85098040 0.86666667 0.89019608 0.87450981 0.83529413 0.85098040 0.85098040 0.85882354 0.85882354 0.86666667 0.86666667 0.85098040 0.85098040 0.85882354 0.86666667 0.87450981 0.88235295 0.85098040 0.85882354 0.86666667 0.86666667 0.85882354 0.85098040 0.85098040 0.85882354 0.87450981 0.87450981 0.87450981 0.86666667 0.86666667 0.86666667 0.87450981 0.85882354 0.85882354 0.85882354 0.85098040 0.85882354 0.85882354 0.85098040 0.84313726 0.84313726 0.84313726 0.84313726 0.84313726 0.83529413 0.84313726 0.83529413 0.82745099 0.83529413 0.81960785 0.80392158 0.81176472 0.81960785 0.81960785 -0.31764704 -0.81960785 -0.71764708 -0.24705881 -0.40392154 -0.55294120 -0.78823531 -0.90588236 -0.90588236 -0.89803922 -0.87450981 -0.77254903 -0.65490198 -0.42745095 -0.29411763 -0.24705881 -0.23137254 -0.34117645 -0.39607841 -0.45098037 -0.32549018 -0.58431375 -0.81960785 -0.85882354 -0.86666667 -0.85098040 -0.83529413 -0.84313726 -0.86666667 -0.74901962 -0.68627453 -0.61568630 -0.36470586 0.11372554 0.52941179 0.74117649 0.85098040 0.89019608 0.90588236
0.81176472 0.80392158 0.79607844 0.81176472 0.81176472 0.81960785 0.81176472 0.81176472 0.81960785 0.82745099 0.80392158 -0.49803919 -0.22352940 0.89019608 0.90588236 0.92941177 -0.14509803 -0.56078434 0.92941177 -0.22352940 -0.09019607 0.70980394 0.52941179 0.84313726 0.86666667 0.81176472 0.74901962 0.85098040 0.74901962 0.81176472 0.63137257 0.54509807 0.85098040 0.86666667 0.86666667 0.89803922 0.61568630 0.49019611 0.70980394 0.89803922 0.84313726 0.85098040 0.85098040 0.85098040 0.85098040 0.85882354 0.86666667 0.86666667 0.85098040 0.86666667 0.86666667 0.86666667 0.85882354 0.85882354 0.85882354 0.86666667 0.85098040 0.86666667 0.86666667 0.85098040 0.85882354 0.87450981 0.86666667 0.86666667 0.85098040 0.86666667 0.85882354 0.85882354 0.85882354 0.85882354 0.85882354 0.85882354 0.84313726 0.85098040 0.85098040 0.85098040 0.85098040 0.84313726 0.82745099 0.82745099 0.85098040 0.83529413 0.81960785 0.82745099 0.81176472 0.81176472 0.81960785 0.81960785 0.67843139 -0.56078434 -0.77254903 -0.71764708 -0.45098037 -0.41176468 -0.58431375 -0.78823531 -0.89803922 -0.91372550 -0.89019608 -0.86666667 -0.88235295 -0.89019608 -0.91372550 -0.92941177 -0.92156863 -0.87450981 -0.85882354 -0.84313726 -0.84313726 -0.87450981 -0.84313726 -0.82745099 -0.85098040 -0.86666667 -0.88235295 -0.88235295 -0.88235295 -0.86666667 -0.74901962 -0.71764708 -0.60000002 -0.22352940 0.23137259 0.58431375 0.75686276 0.85098040 0.90588236 0.92941177
0.81176472 0.81176472 0.81176472 0.81960785 0.81176472 0.81176472 0.81960785 0.81176472 0.81176472 0.85098040 0.55294120 -0.79607844 0.63137257 0.87450981 0.82745099 0.85882354 0.70980394 0.52941179 0.91372550 -0.17647058 -0.61568630 -0.41960782 -0.61568630 -0.30196077 0.86666667 0.33333337 -0.40392154 0.92156863 -0.10588235 -0.38823527 -0.42745095 -0.63921571 -0.19999999 0.87450981 0.81176472 -0.16078430 -0.57647061 -0.49019605 -0.68627453 0.23921573 0.87450981 0.84313726 0.85882354 0.85098040 0.85098040 0.87450981 0.86666667 0.85882354 0.85882354 0.87450981 0.85882354 0.85098040 0.85882354 0.85098040 0.85882354 0.85098040 0.85882354 0.86666667 0.87450981 0.85098040 0.87450981 0.86666667 0.85882354 0.85882354 0.85098040 0.85882354 0.85882354 0.85098040 0.85882354 0.85882354 0.85882354 0.85882354 0.84313726 0.85882354 0.84313726 0.84313726 0.83529413 0.84313726 0.83529413 0.84313726 0.84313726 0.84313726 0.83529413 0.82745099 0.81176472 0.81176472 0.80392158 0.77254903 0.10588241 -0.81960785 -0.77254903 -0.65490198 -0.52156866 -0.09803921 -0.40392154 -0.80392158 -0.92941177 -0.92156863 -0.91372550 -0.89019608 -0.88235295 -0.89019608 -0.89019608 -0.90588236 -0.89019608 -0.85882354 -0.85882354 -0.82745099 -0.81176472 -0.84313726 -0.85098040 -0.87450981 -0.88235295 -0.89019608 -0.89019608 -0.89019608 -0.89019608 -0.83529413 -0.76470590 -0.71764708 -0.55294120 -0.07450980 0.37254906 0.61568630 0.76470590 0.88235295 0.92156863 0.91372550
0.80392158 0.80392158 0.81176472 0.81960785 0.81176472 0.81176472 0.81176472 0.81176472 0.81176472 0.85882354 0.41176474 -0.70196080 0.74901962 0.82745099 0.82745099 0.83529413 0.84313726 0.86666667 0.90588236 -0.19999999 -0.66274512 0.76470590 0.64705884 -0.78039217 0.59215689 0.30980396 -0.55294120 0.93725491 -0.27843136 -0.61568630 0.81176472 0.60784316 -0.78039217 0.62352943 0.52941179 -0.48235291 0.73333335 1.00000000 0.06666672 -0.57647061 0.89019608 0.85098040 0.84313726 0.84313726 0.85882354 0.86666667 0.85882354 0.85882354 0.85098040 0.85882354 0.86666667 0.85882354 0.85882354 0.85882354 0.86666667 0.86666667 0.85098040 0.83529413 0.84313726 0.85098040 0.85098040 0.84313726 0.85098040 0.85098040 0.84313726 0.83529413 0.85098040 0.85098040 0.85098040 0.85882354 0.85098040 0.84313726 0.82745099 0.84313726 0.83529413 0.83529413 0.82745099 0.83529413 0.81960785 0.81960785 0.82745099 0.81960785 0.81960785 0.79607844 0.80392158 0.79607844 0.76470590 0.22352946 -0.70980394 -0.85098040 -0.80392158 -0.67058825 -0.70196080 -0.54509807 -0.68627453 -0.81176472 -0.89019608 -0.90588236 -0.89803922 -0.89803922 -0.89019608 -0.89803922 -0.89803922 -0.89803922 -0.88235295 -0.89019608 -0.88235295 -0.86666667 -0.85882354 -0.84313726 -0.86666667 -0.85882354 -0.89019608 -0.89803922 -0.89019608 -0.89019608 -0.88235295 -0.81960785 -0.73333335 -0.71764708 -0.49803919 0.04313731 0.42745101 0.64705884 0.80392158 0.87450981 0.89019608 0.89803922
0.80392158 0.80392158 0.81176472 0.80392158 0.81176472 0.81960785 0.81176472 0.80392158 0.81176472 0.85098040 0.42745101 -0.71764708 0.73333335 0.83529413 0.82745099 0.81960785 0.84313726 0.89019608 0.89803922 -0.24705881 -0.16078430 0.93725491 0.82745099 -0.59215689 0.45098042 0.30980396 -0.53725493 0.92941177 -0.30196077 -0.06666666 0.95294118 0.80392158 -0.62352943 0.46666670 0.91372550 0.65490198 0.26274514 0.12156868 -0.36470586 -0.56078434 0.85098040 0.84313726 0.84313726 0.84313726 0.85882354 0.85098040 0.85882354 0.85882354 0.86666667 0.84313726 0.85882354 0.85882354 0.85098040 0.85098040 0.85882354 0.85098040 0.84313726 0.83529413 0.84313726 0.84313726 0.82745099 0.84313726 0.83529413 0.82745099 0.82745099 0.83529413 0.82745099 0.84313726 0.83529413 0.82745099 0.83529413 0.83529413 0.81960785 0.82745099 0.82745099 0.82745099 0.82745099 0.81960785 0.81960785 0.81960785 0.81960785 0.80392158 0.81176472 0.78823531 0.78823531 0.79607844 0.44313729 -0.60000002 -0.84313726 -0.70980394 -0.70980394 -0.83529413 -0.78823531 -0.39607841 -0.60000002 -0.83529413 -0.86666667 -0.86666667 -0.83529413 -0.83529413 -0.85098040 -0.85098040 -0.86666667 -0.85882354 -0.85882354 -0.83529413 -0.83529413 -0.82745099 -0.81960785 -0.81176472 -0.81176472 -0.81960785 -0.84313726 -0.85098040 -0.85882354 -0.85098040 -0.81960785 -0.76470590 -0.70196080 -0.65490198 -0.41176468 0.08235300 0.40392160 0.64705884 0.81176472 0.86666667 0.87450981 0.89019608
0.79607844 0.79607844 0.80392158 0.80392158 0.79607844 0.79607844 0.80392158 0.80392158 0.80392158 0.85098040 0.58431375 -0.79607844 0.58431375 0.86666667 0.81960785 0.85882354 0.62352943 -0.11372548 0.82745099 -0.23137254 -0.11372548 0.92156863 0.81176472 -0.60000002 0.45098042 0.30196083 -0.53725493 0.92941177 -0.30196077 -0.03529412 0.92941177 0.78823531 -0.61568630 0.49803925 0.60784316 -0.60784316 -0.46666664 -0.16862744 -0.16078430 -0.53725493 0.85098040 0.85098040 0.85098040 0.85098040 0.85882354 0.85098040 0.85882354 0.85098040 0.85882354 0.85098040 0.85098040 0.85098040 0.85882354 0.85098040 0.85098040 0.85098040 0.85098040 0.85098040 0.85098040 0.85098040 0.84313726 0.84313726 0.84313726 0.82745099 0.82745099 0.84313726 0.84313726 0.82745099 0.82745099 0.83529413 0.83529413 0.82745099 0.82745099 0.82745099 0.83529413 0.82745099 0.82745099 0.81960785 0.81176472 0.81960785 0.81960785 0.81176472 0.79607844 0.79607844 0.77254903 0.74901962 0.04313731 -0.77254903 -0.82745099 -0.73333335 -0.75686276 -0.85098040 -0.69411767 -0.60000002 -0.78039217 -0.83529413 -0.82745099 -0.82745099 -0.78039217 -0.85882354 -0.87450981 -0.86666667 -0.88235295 -0.88235295 -0.88235295 -0.85098040 -0.84313726 -0.82745099 -0.83529413 -0.81176472 -0.79607844 -0.81960785 -0.84313726 -0.85098040 -0.85098040 -0.84313726 -0.83529413 -0.76470590 -0.63137257 -0.59215689 -0.31764704 0.10588241 0.44313729 0.68627453 0.82745099 0.85882354 0.86666667 0.88235295
0.81960785 0.81960785 0.81176472 0.81176472 0.81176472 0.81176472 0.81960785 0.81960785 0.81960785 0.81176472 0.83529413 -0.39607841 -0.34901959 0.82745099 0.91372550 0.89803922 -0.10588235 -0.68627453 0.89803922 -0.22352940 -0.10588235 0.93725491 0.82745099 -0.59215689 0.46666670 0.30980396 -0.52941179 0.93725491 -0.30196077 -0.02745098 0.95294118 0.79607844 -0.62352943 0.55294120 0.09019613 -0.44313723 1.00000000 1.00000000 0.06666672 -0.59215689 0.86666667 0.86666667 0.85882354 0.86666667 0.85882354 0.86666667 0.86666667 0.85882354 0.86666667 0.87450981 0.86666667 0.86666667 0.85882354 0.86666667 0.85882354 0.85882354 0.86666667 0.85882354 0.85882354 0.86666667 0.85882354 0.85882354 0.85882354 0.85098040 0.85098040 0.85098040 0.84313726 0.84313726 0.83529413 0.85098040 0.83529413 0.83529413 0.83529413 0.83529413 0.81960785 0.82745099 0.82745099 0.83529413 0.82745099 0.82745099 0.81176472 0.81176472 0.80392158 0.79607844 0.78039217 0.42745101 -0.57647061 -0.81960785 -0.87450981 -0.82745099 -0.83529413 -0.89019608 -0.65490198 -0.62352943 -0.76470590 -0.82745099 -0.80392158 -0.89019608 -0.89019608 -0.92156863 -0.92941177 -0.92941177 -0.92156863 -0.92156863 -0.92156863 -0.89803922 -0.88235295 -0.85098040 -0.87450981 -0.87450981 -0.84313726 -0.86666667 -0.91372550 -0.91372550 -0.91372550 -0.90588236 -0.89019608 -0.78039217 -0.47450978 -0.34117645 -0.12941176 0.17647064 0.44313729 0.69411767 0.82745099 0.87450981 0.88235295 0.89803922
0.80392158 0.81960785 0.81960785 0.81960785 0.81176472 0.80392158 0.79607844 0.81176472 0.81176472 0.81176472 0.85098040 0.62352943 -0.68627453 -0.61568630 -0.12941176 -0.45098037 -0.76470590 0.43529415 0.96862745 -0.26274508 -0.13725489 0.93725491 0.81960785 -0.63137257 0.46666670 0.29411769 -0.56862748 0.94509804 -0.32549018 -0.05098039 0.95294118 0.80392158 -0.67058825 0.52156866 0.38823533 -0.73333335 0.06666672 -0.09019607 -0.70980394 -0.63921571 0.83529413 0.86666667 0.86666667 0.86666667 0.86666667 0.86666667 0.87450981 0.87450981 0.88235295 0.86666667 0.87450981 0.85882354 0.86666667 0.88235295 0.86666667 0.85882354 0.88235295 0.86666667 0.85098040 0.85098040 0.85098040 0.85882354 0.85882354 0.85098040 0.85098040 0.85882354 0.85882354 0.85882354 0.84313726 0.83529413 0.83529413 0.82745099 0.84313726 0.84313726 0.81960785 0.83529413 0.83529413 0.82745099 0.82745099 0.81960785 0.81960785 0.81176472 0.80392158 0.78823531 0.72549021 -0.09019607 -0.85098040 -0.85882354 -0.90588236 -0.90588236 -0.85098040 -0.91372550 -0.92941177 -0.85098040 -0.80392158 -0.92156863 -0.95294118 -0.90588236 -0.92941177 -0.95294118 -0.95294118 -0.95294118 -0.95294118 -0.93725491 -0.94509804 -0.89803922 -0.88235295 -0.88235295 -0.86666667 -0.85882354 -0.82745099 -0.88235295 -0.92941177 -0.92156863 -0.92941177 -0.93725491 -0.89019608 -0.75686276 -0.32549018 -0.10588235 0.23921573 0.36470592 0.50588238 0.70980394 0.84313726 0.88235295 0.90588236 0.89803922
0.81176472 0.81176472 0.80392158 0.81176472 0.81176472 0.80392158 0.78823531 0.82745099 0.81960785 0.82745099 0.82745099 0.85098040 0.72549021 0.16862750 -0.19215685 0.02745104 0.66274512 0.89019608 0.88235295 0.49019611 0.53725493 0.87450981 0.82745099 0.38039219 0.72549021 0.68627453 0.40392160 0.88235295 0.48235297 0.57647061 0.89803922 0.83529413 0.37254906 0.74901962 0.88235295 0.45098042 -0.01960784 0.29411769 0.70196080 0.38823533 0.83529413 0.86666667 0.85882354 0.85882354 0.87450981 0.88235295 0.86666667 0.88235295 0.89019608 0.88235295 0.87450981 0.86666667 0.86666667 0.87450981 0.85098040 0.85098040 0.85882354 0.86666667 0.85882354 0.87450981 0.86666667 0.86666667 0.85882354 0.85882354 0.85882354 0.85882354 0.83529413 0.84313726 0.85098040 0.85098040 0.84313726 0.85098040 0.84313726 0.81960785 0.82745099 0.83529413 0.83529413 0.83529413 0.83529413 0.81176472 0.81960785 0.81960785 0.82745099 0.79607844 0.22352946 -0.70980394 -0.89019608 -0.90588236 -0.92941177 -0.92941177 -0.93725491 -0.93725491 -0.92941177 -0.96078432 -0.96078432 -0.96078432 -0.96078432 -0.95294118 -0.95294118 -0.96078432 -0.96078432 -0.95294118 -0.95294118 -0.94509804 -0.92941177 -0.88235295 -0.85098040 -0.87450981 -0.84313726 -0.84313726 -0.87450981 -0.89019608 -0.91372550 -0.92156863 -0.90588236 -0.92941177 -0.92941177 -0.73333335 -0.26274508 0.02745104 0.54509807 0.70196080 0.72549021 0.80392158 0.87450981 0.89019608 0.90588236 0.91372550
0.80392158 0.81176472 0.81176472 0.81960785 0.81960785 0.80392158 0.81960785 0.82745099 0.81960785 0.81176472 0.82745099 0.82745099 0.85098040 0.89803922 0.91372550 0.91372550 0.85098040 0.82745099 0.83529413 0.88235295 0.86666667 0.84313726 0.85882354 0.89019608 0.86666667 0.86666667 0.89019608 0.85882354 0.89803922 0.89019608 0.85882354 0.86666667 0.92156863 0.86666667 0.87450981 0.91372550 0.92941177 0.91372550 0.89019608 0.92156863 0.87450981 0.87450981 0.86666667 0.86666667 0.85882354 0.85882354 0.85882354 0.87450981 0.87450981 0.86666667 0.88235295 0.86666667 0.85882354 0.85882354 0.87450981 0.85882354 0.85882354 0.85098040 0.85882354 0.86666667 0.85098040 0.85882354 0.85882354 0.86666667 0.85882354 0.85882354 0.85098040 0.85098040 0.85098040 0.84313726 0.83529413 0.83529413 0.83529413 0.83529413 0.81960785 0.82745099 0.83529413 0.84313726 0.82745099 0.81960785 0.82745099 0.80392158 0.77254903 0.38823533 -0.52941179 -0.86666667 -0.88235295 -0.90588236 -0.90588236 -0.92941177 -0.92941177 -0.93725491 -0.92156863 -0.90588236 -0.93725491 -0.95294118 -0.95294118 -0.95294118 -0.95294118 -0.95294118 -0.93725491 -0.94509804 -0.95294118 -0.94509804 -0.91372550 -0.89803922 -0.84313726 -0.87450981 -0.87450981 -0.83529413 -0.84313726 -0.85098040 -0.87450981 -0.88235295 -0.89019608 -0.89019608 -0.91372550 -0.81960785 -0.60000002 -0.06666666 0.68627453 0.81176472 0.83529413 0.85098040 0.86666667 0.90588236 0.91372550 0.90588236
0.81176472 0.81176472 0.79607844 0.80392158 0.81176472 0.81176472 0.81960785 0.81960785 0.82745099 0.81176472 0.83529413 0.83529413 0.82745099 0.83529413 0.84313726 0.85098040 0.83529413 0.82745099 0.84313726 0.84313726 0.82745099 0.83529413 0.84313726 0.85098040 0.83529413 0.84313726 0.85098040 0.85882354 0.85882354 0.85098040 0.85098040 0.84313726 0.84313726 0.85882354 0.88235295 0.86666667 0.86666667 0.85882354 0.85882354 0.85882354 0.87450981 0.87450981 0.86666667 0.86666667 0.85882354 0.86666667 0.85098040 0.88235295 0.87450981 0.89803922 0.89803922 0.85882354 0.86666667 0.87450981 0.89019608 0.86666667 0.84313726 0.85098040 0.85882354 0.85098040 0.85098040 0.85098040 0.85098040 0.85882354 0.85882354 0.85882354 0.85882354 0.85098040 0.85098040 0.84313726 0.82745099 0.82745099 0.82745099 0.83529413 0.82745099 0.81960785 0.82745099 0.82745099 0.81960785 0.81960785 0.80392158 0.79607844 0.63137257 -0.34901959 -0.84313726 -0.85882354 -0.88235295 -0.90588236 -0.89803922 -0.90588236 -0.92156863 -0.92156863 -0.90588236 -0.89803922 -0.93725491 -0.94509804 -0.92941177 -0.92941177 -0.95294118 -0.96078432 -0.94509804 -0.94509804 -0.93725491 -0.93725491 -0.90588236 -0.92941177 -0.92156863 -0.92156863 -0.88235295 -0.85882354 -0.84313726 -0.85098040 -0.83529413 -0.85098040 -0.87450981 -0.86666667 -0.89803922 -0.88235295 -0.88235295 -0.30980390 0.66274512 0.84313726 0.85882354 0.87450981 0.88235295 0.90588236 0.89019608 0.89803922
0.81960785 0.81176472 0.80392158 0.80392158 0.82745099 0.82745099 0.82745099 0.81176472 0.82745099 0.82745099 0.82745099 0.81960785 0.82745099 0.83529413 0.83529413 0.83529413 0.83529413 0.84313726 0.82745099 0.82745099 0.82745099 0.82745099 0.82745099 0.84313726 0.84313726 0.85098040 0.85098040 0.84313726 0.83529413 0.83529413 0.84313726 0.84313726 0.84313726 0.85882354 0.85882354 0.85098040 0.85098040 0.85098040 0.85098040 0.85882354 0.85882354 0.87450981 0.85098040 0.85882354 0.87450981 0.85882354 0.87450981 0.86666667 0.86666667 0.87450981 0.89019608 0.88235295 0.87450981 0.87450981 0.89019608 0.88235295 0.86666667 0.85882354 0.86666667 0.85882354 0.85098040 0.85882354 0.85882354 0.85098040 0.85882354 0.85098040 0.84313726 0.84313726 0.84313726 0.84313726 0.84313726 0.84313726 0.83529413 0.83529413 0.83529413 0.82745099 0.81960785 0.81176472 0.80392158 0.80392158 0.80392158 0.78823531 0.05882359 -0.74901962 -0.83529413 -0.86666667 -0.89803922 -0.91372550 -0.91372550 -0.94509804 -0.94509804 -0.96078432 -0.94509804 -0.95294118 -0.94509804 -0.93725491 -0.92941177 -0.93725491 -0.95294118 -0.94509804 -0.95294118 -0.96078432 -0.96078432 -0.95294118 -0.93725491 -0.94509804 -0.94509804 -0.92941177 -0.92156863 -0.85882354 -0.83529413 -0.82745099 -0.82745099 -0.81176472 -0.85098040 -0.87450981 -0.86666667 -0.87450981 -0.81176472 -0.28627449 0.43529415 0.73333335 0.83529413 0.86666667 0.88235295 0.89019608 0.89803922 0.89019608
0.81176472 0.80392158 0.81960785 0.80392158 0.81176472 0.81960785 0.82745099 0.81176472 0.83529413 0.81960785 0.84313726 0.83529413 0.81960785 0.82745099 0.81960785 0.83529413 0.83529413 0.84313726 0.84313726 0.82745099 0.83529413 0.81960785 0.83529413 0.85098040 0.84313726 0.84313726 0.85098040 0.85098040 0.85882354 0.85882354 0.85098040 0.84313726 0.84313726 0.86666667 0.85882354 0.85098040 0.85098040 0.83529413 0.83529413 0.85098040 0.87450981 0.85882354 0.85882354 0.86666667 0.85882354 0.85882354 0.86666667 0.85882354 0.85882354 0.85882354 0.86666667 0.86666667 0.85882354 0.85882354 0.85098040 0.85098040 0.85098040 0.86666667 0.85882354 0.85882354 0.85882354 0.85882354 0.85098040 0.85882354 0.85098040 0.85098040 0.84313726 0.84313726 0.83529413 0.83529413 0.83529413 0.82745099 0.81960785 0.82745099 0.82745099 0.81960785 0.80392158 0.80392158 0.80392158 0.80392158 0.78039217 0.09019613 -0.71764708 -0.81960785 -0.84313726 -0.89019608 -0.89803922 -0.89803922 -0.92156863 -0.94509804 -0.94509804 -0.95294118 -0.96862745 -0.95294118 -0.96078432 -0.94509804 -0.92941177 -0.94509804 -0.96078432 -0.93725491 -0.92941177 -0.95294118 -0.94509804 -0.94509804 -0.95294118 -0.95294118 -0.94509804 -0.92941177 -0.92941177 -0.90588236 -0.82745099 -0.82745099 -0.83529413 -0.86666667 -0.87450981 -0.85882354 -0.89019608 -0.88235295 -0.81176472 -0.34117645 0.00392163 0.36470592 0.74117649 0.86666667 0.88235295 0.88235295 0.89019608 0.89019608
0.81176472 0.82745099 0.81960785 0.81176472 0.81960785 0.81960785 0.82745099 0.81960785 0.81960785 0.82745099 0.82745099 0.81176472 0.81960785 0.83529413 0.82745099 0.82745099 0.83529413 0.84313726 0.84313726 0.84313726 0.82745099 0.83529413 0.82745099 0.84313726 0.85098040 0.85882354 0.84313726 0.84313726 0.86666667 0.85098040 0.85882354 0.85098040 0.85882354 0.87450981 0.87450981 0.87450981 0.85882354 0.85098040 0.85098040 0.84313726 0.87450981 0.85882354 0.85098040 0.86666667 0.86666667 0.86666667 0.88235295 0.86666667 0.88235295 0.86666667 0.85882354 0.87450981 0.86666667 0.87450981 0.87450981 0.85882354 0.85098040 0.85882354 0.85098040 0.85098040 0.83529413 0.84313726 0.84313726 0.85098040 0.85098040 0.84313726 0.83529413 0.83529413 0.83529413 0.84313726 0.83529413 0.81960785 0.82745099 0.82745099 0.81176472 0.79607844 0.80392158 0.79607844 0.81176472 0.69411767 0.05882359 -0.67058825 -0.79607844 -0.80392158 -0.85098040 -0.86666667 -0.87450981 -0.88235295 -0.90588236 -0.92156863 -0.92156863 -0.92941177 -0.92941177 -0.92156863 -0.92941177 -0.93725491 -0.92941177 -0.92156863 -0.93725491 -0.93725491 -0.91372550 -0.91372550 -0.91372550 -0.92156863 -0.92156863 -0.92941177 -0.92156863 -0.92156863 -0.90588236 -0.89803922 -0.85098040 -0.81176472 -0.81960785 -0.85882354 -0.87450981 -0.86666667 -0.83529413 -0.85882354 -0.79607844 -0.38823527 -0.06666666 0.38823533 0.75686276 0.84313726 0.87450981 0.88235295 0.90588236 0.91372550
0.81960785 0.82745099 0.81960785 0.81960785 0.80392158 0.82745099 0.81960785 0.81960785 0.81960785 0.82745099 0.83529413 0.81960785 0.81960785 0.84313726 0.82745099 0.83529413 0.85098040 0.85098040 0.83529413 0.84313726 0.85098040 0.85882354 0.83529413 0.85098040 0.85098040 0.85882354 0.85882354 0.84313726 0.85098040 0.85098040 0.85098040 0.85882354 0.86666667 0.85882354 0.85882354 0.87450981 0.86666667 0.84313726 0.85882354 0.85882354 0.86666667 0.86666667 0.85882354 0.86666667 0.86666667 0.86666667 0.87450981 0.88235295 0.86666667 0.86666667 0.86666667 0.86666667 0.85882354 0.85882354 0.85882354 0.85882354 0.86666667 0.87450981 0.85882354 0.85882354 0.85098040 0.85098040 0.84313726 0.84313726 0.84313726 0.82745099 0.82745099 0.82745099 0.82745099 0.81960785 0.82745099 0.82745099 0.81960785 0.81176472 0.79607844 0.79607844 0.77254903 0.60000002 0.17647064 -0.36470586 -0.70980394 -0.78823531 -0.80392158 -0.83529413 -0.85882354 -0.86666667 -0.85098040 -0.85098040 -0.89803922 -0.92941177 -0.92156863 -0.93725491 -0.90588236 -0.92941177 -0.92941177 -0.93725491 -0.92156863 -0.92156863 -0.93725491 -0.92941177 -0.91372550 -0.89803922 -0.89803922 -0.91372550 -0.91372550 -0.90588236 -0.90588236 -0.89803922 -0.90588236 -0.89019608 -0.86666667 -0.80392158 -0.81176472 -0.85098040 -0.89019608 -0.86666667 -0.84313726 -0.82745099 -0.80392158 -0.45098037 -0.06666666 0.47450984 0.81176472 0.88235295 0.89019608 0.92941177 0.91372550 0.91372550
0.81960785 0.81960785 0.81960785 0.81960785 0.81960785 0.82745099 0.81176472 0.81960785 0.83529413 0.82745099 0.82745099 0.84313726 0.83529413 0.84313726 0.82745099 0.83529413 0.84313726 0.84313726 0.84313726 0.85098040 0.84313726 0.84313726 0.84313726 0.84313726 0.85882354 0.85098040 0.85098040 0.85098040 0.85098040 0.84313726 0.85098040 0.85098040 0.86666667 0.85882354 0.85882354 0.85882354 0.86666667 0.86666667 0.85882354 0.85882354 0.85882354 0.85882354 0.85882354 0.86666667 0.87450981 0.85882354 0.87450981 0.87450981 0.87450981 0.87450981 0.87450981 0.87450981 0.87450981 0.85882354 0.85098040 0.87450981 0.88235295 0.85882354 0.84313726 0.85882354 0.84313726 0.85098040 0.84313726 0.85098040 0.84313726 0.82745099 0.82745099 0.83529413 0.82745099 0.81960785 0.82745099 0.81960785 0.81176472 0.81176472 0.79607844 0.49019611 -0.03529412 -0.55294120 -0.78039217 -0.85882354 -0.81176472 -0.83529413 -0.86666667 -0.89019608 -0.89803922 -0.90588236 -0.89019608 -0.90588236 -0.93725491 -0.96078432 -0.95294118 -0.95294118 -0.94509804 -0.94509804 -0.96862745 -0.96078432 -0.96862745 -0.96862745 -0.96078432 -0.95294118 -0.92941177 -0.91372550 -0.74117649 -0.55294120 -0.67843139 -0.88235295 -0.93725491 -0.93725491 -0.93725491 -0.94509804 -0.89803922 -0.81176472 -0.84313726 -0.87450981 -0.92156863 -0.91372550 -0.87450981 -0.82745099 -0.85098040 -0.57647061 -0.18431371 0.37254906 0.80392158 0.89019608 0.89803922 0.89803922 0.89803922 0.92156863
0.82745099 0.81960785 0.81176472 0.81176472 0.81176472 0.81176472 0.81176472 0.81176472 0.82745099 0.82745099 0.82745099 0.82745099 0.82745099 0.82745099 0.84313726 0.84313726 0.84313726 0.84313726 0.82745099 0.84313726 0.85098040 0.84313726 0.83529413 0.83529413 0.85098040 0.85098040 0.85098040 0.85098040 0.85098040 0.85098040 0.85882354 0.85098040 0.84313726 0.84313726 0.85098040 0.84313726 0.85098040 0.86666667 0.85098040 0.83529413 0.84313726 0.85098040 0.85098040 0.85098040 0.86666667 0.85098040 0.85098040 0.85882354 0.85882354 0.86666667 0.85098040 0.84313726 0.85882354 0.86666667 0.86666667 0.85882354 0.85882354 0.84313726 0.84313726 0.84313726 0.84313726 0.84313726 0.84313726 0.83529413 0.82745099 0.81960785 0.82745099 0.82745099 0.82745099 0.81960785 0.81176472 0.80392158 0.79607844 0.77254903 0.52156866 -0.30196077 -0.81960785 -0.85882354 -0.78823531 -0.81176472 -0.85098040 -0.86666667 -0.90588236 -0.92156863 -0.92156863 -0.91372550 -0.90588236 -0.92156863 -0.93725491 -0.95294118 -0.94509804 -0.95294118 -0.95294118 -0.94509804 -0.94509804 -0.95294118 -0.96078432 -0.96862745 -0.96078432 -0.96862745 -0.92156863 -0.09803921 0.46666670 0.45098042 0.43529415 -0.28627449 -0.91372550 -0.93725491 -0.95294118 -0.94509804 -0.89019608 -0.81960785 -0.82745099 -0.87450981 -0.92156863 -0.85882354 -0.75686276 -0.83529413 -0.87450981 -0.57647061 -0.19999999 0.23921573 0.77254903 0.86666667 0.90588236 0.89803922 0.90588236 0.94509804
0.81960785 0.81960785 0.82745099 0.82745099 0.82745099 0.82745099 0.82745099 0.82745099 0.82745099 0.83529413 0.83529413 0.84313726 0.82745099 0.81960785 0.83529413 0.85098040 0.83529413 0.83529413 0.83529413 0.84313726 0.84313726 0.84313726 0.84313726 0.84313726 0.85098040 0.85098040 0.84313726 0.85882354 0.85098040 0.85098040 0.84313726 0.85098040 0.84313726 0.85098040 0.87450981 0.85098040 0.85098040 0.85882354 0.85882354 0.85098040 0.86666667 0.85098040 0.85098040 0.85882354 0.85882354 0.86666667 0.85098040 0.85882354 0.85098040 0.85882354 0.85882354 0.85098040 0.84313726 0.85098040 0.86666667 0.85098040 0.84313726 0.83529413 0.84313726 0.86666667 0.85098040 0.83529413 0.85098040 0.84313726 0.84313726 0.82745099 0.83529413 0.83529413 0.82745099 0.81176472 0.81176472 0.80392158 0.79607844 0.42745101 -0.49019605 -0.82745099 -0.84313726 -0.84313726 -0.81960785 -0.83529413 -0.82745099 -0.86666667 -0.89803922 -0.90588236 -0.89803922 -0.92156863 -0.90588236 -0.91372550 -0.93725491 -0.95294118 -0.94509804 -0.96078432 -0.95294118 -0.93725491 -0.92941177 -0.92941177 -0.93725491 -0.94509804 -0.95294118 -0.96078432 -0.92941177 0.36470592 0.79607844 0.46666670 0.56862748 0.37254906 -0.75686276 -0.93725491 -0.91372550 -0.92156863 -0.87450981 -0.78823531 -0.81176472 -0.86666667 -0.71764708 -0.12941176 0.19215691 -0.70196080 -0.87450981 -0.66274512 -0.23137254 0.10588241 0.71764708 0.88235295 0.91372550 0.90588236 0.91372550 0.91372550
0.81960785 0.82745099 0.81176472 0.83529413 0.82745099 0.83529413 0.83529413 0.83529413 0.81960785 0.83529413 0.83529413 0.83529413 0.83529413 0.83529413 0.82745099 0.85098040 0.85098040 0.84313726 0.84313726 0.84313726 0.83529413 0.85098040 0.85098040 0.84313726 0.84313726 0.85882354 0.85098040 0.85882354 0.85882354 0.85882354 0.85882354 0.85098040 0.85882354 0.85882354 0.86666667 0.84313726 0.85882354 0.85098040 0.85098040 0.85882354 0.85882354 0.85098040 0.85098040 0.85882354 0.85882354 0.85098040 0.85882354 0.85098040 0.85098040 0.85098040 0.85098040 0.85098040 0.85098040 0.85098040 0.85882354 0.84313726 0.85098040 0.85098040 0.85882354 0.85098040 0.84313726 0.85098040 0.84313726 0.83529413 0.83529413 0.84313726 0.81960785 0.82745099 0.81960785 0.81960785 0.81960785 0.81960785 0.65490198 -0.27058822 -0.82745099 -0.81176472 -0.81960785 -0.82745099 -0.80392158 -0.81960785 -0.85882354 -0.88235295 -0.87450981 -0.91372550 -0.90588236 -0.92941177 -0.89803922 -0.90588236 -0.94509804 -0.96078432 -0.94509804 -0.95294118 -0.95294118 -0.95294118 -0.92941177 -0.92941177 -0.93725491 -0.92941177 -0.92941177 -0.92941177 -0.96862745 -0.06666666 0.74901962 0.52941179 0.64705884 0.27058828 -0.76470590 -0.89019608 -0.89803922 -0.91372550 -0.85882354 -0.78823531 -0.79607844 -0.68627453 0.10588241 0.07450986 0.46666670 -0.59215689 -0.88235295 -0.68627453 -0.23921567 0.09019613 0.72549021 0.86666667 0.89803922 0.91372550 0.92941177 0.91372550
0.81960785 0.81960785 0.81176472 0.81960785 0.81960785 0.83529413 0.84313726 0.83529413 0.83529413 0.81960785 0.83529413 0.82745099 0.83529413 0.82745099 0.84313726 0.84313726 0.85098040 0.84313726 0.84313726 0.84313726 0.83529413 0.83529413 0.84313726 0.84313726 0.84313726 0.84313726 0.85098040 0.85882354 0.84313726 0.84313726 0.85098040 0.84313726 0.85882354 0.85882354 0.84313726 0.84313726 0.85098040 0.84313726 0.83529413 0.85098040 0.84313726 0.83529413 0.85882354 0.84313726 0.84313726 0.84313726 0.85098040 0.85882354 0.84313726 0.85098040 0.85098040 0.85098040 0.85098040 0.85098040 0.85098040 0.84313726 0.84313726 0.84313726 0.85098040 0.84313726 0.84313726 0.84313726 0.83529413 0.82745099 0.81960785 0.82745099 0.82745099 0.81960785 0.80392158 0.80392158 0.78823531 0.70980394 -0.08235294 -0.78039217 -0.81176472 -0.81960785 -0.83529413 -0.82745099 -0.83529413 -0.85882354 -0.86666667 -0.87450981 -0.88235295 -0.89803922 -0.89803922 -0.92941177 -0.91372550 -0.89803922 -0.92156863 -0.93725491 -0.92156863 -0.93725491 -0.93725491 -0.93725491 -0.92941177 -0.93725491 -0.92156863 -0.92941177 -0.92941177 -0.92156863 -0.93725491 -0.85882354 0.10588241 0.63137257 0.49019611 -0.36470586 -0.89019608 -0.85098040 -0.86666667 -0.89803922 -0.86666667 -0.80392158 -0.84313726 -0.54509807 0.52156866 0.41960788 0.29411769 -0.74117649 -0.87450981 -0.63137257 -0.20784312 0.04313731 0.67843139 0.87450981 0.89803922 0.90588236 0.91372550 0.91372550
0.81176472 0.82745099 0.82745099 0.81960785 0.81960785 0.82745099 0.82745099 0.82745099 0.82745099 0.83529413 0.84313726 0.83529413 0.84313726 0.82745099 0.83529413 0.84313726 0.84313726 0.83529413 0.84313726 0.84313726 0.85098040 0.85098040 0.83529413 0.85098040 0.85098040 0.85098040 0.85882354 0.86666667 0.86666667 0.85098040 0.85098040 0.85882354 0.85882354 0.85098040 0.85882354 0.85098040 0.85882354 0.85098040 0.85098040 0.84313726 0.85098040 0.85098040 0.85882354 0.85098040 0.85882354 0.85098040 0.85098040 0.85098040 0.85098040 0.85098040 0.85098040 0.85098040 0.85098040 0.85882354 0.85098040 0.85098040 0.85098040 0.83529413 0.83529413 0.83529413 0.84313726 0.82745099 0.81960785 0.81176472 0.81960785 0.81960785 0.81960785 0.80392158 0.80392158 0.80392158 0.79607844 0.28627455 -0.70196080 -0.81960785 -0.80392158 -0.80392158 -0.81176472 -0.82745099 -0.85882354 -0.87450981 -0.87450981 -0.87450981 -0.85098040 -0.89019608 -0.89019608 -0.89019608 -0.91372550 -0.89803922 -0.90588236 -0.92156863 -0.91372550 -0.92156863 -0.92156863 -0.92156863 -0.91372550 -0.92156863 -0.92156863 -0.90588236 -0.92156863 -0.91372550 -0.91372550 -0.91372550 -0.85882354 -0.55294120 -0.59215689 -0.87450981 -0.87450981 -0.83529413 -0.83529413 -0.85882354 -0.85882354 -0.78823531 -0.83529413 -0.80392158 0.11372554 0.23921573 -0.50588238 -0.83529413 -0.85098040 -0.56862748 -0.21568626 -0.01960784 0.64705884 0.86666667 0.90588236 0.90588236 0.91372550 0.93725491
0.81176472 0.82745099 0.81960785 0.81176472 0.83529413 0.82745099 0.82745099 0.81960785 0.82745099 0.82745099 0.82745099 0.82745099 0.85098040 0.84313726 0.84313726 0.84313726 0.83529413 0.83529413 0.83529413 0.84313726 0.85098040 0.83529413 0.83529413 0.83529413 0.83529413 0.84313726 0.85882354 0.83529413 0.85098040 0.85098040 0.85098040 0.84313726 0.83529413 0.84313726 0.85098040 0.85098040 0.84313726 0.83529413 0.83529413 0.82745099 0.85098040 0.85098040 0.85098040 0.85098040 0.84313726 0.84313726 0.83529413 0.84313726 0.82745099 0.82745099 0.84313726 0.84313726 0.83529413 0.85098040 0.82745099 0.84313726 0.84313726 0.83529413 0.83529413 0.82745099 0.81176472 0.82745099 0.81960785 0.81176472 0.81176472 0.81176472 0.81176472 0.80392158 0.79607844 0.78823531 0.62352943 -0.38823527 -0.78039217 -0.76470590 -0.77254903 -0.78823531 -0.79607844 -0.81176472 -0.83529413 -0.84313726 -0.84313726 -0.84313726 -0.82745099 -0.84313726 -0.85098040 -0.87450981 -0.87450981 -0.86666667 -0.86666667 -0.88235295 -0.88235295 -0.89803922 -0.89803922 -0.89803922 -0.89803922 -0.88235295 -0.89019608 -0.85098040 -0.81960785 -0.85882354 -0.87450981 -0.86666667 -0.86666667 -0.89019608 -0.87450981 -0.84313726 -0.81176472 -0.76470590 -0.82745099 -0.82745099 -0.79607844 -0.75686276 -0.81176472 -0.83529413 -0.71764708 -0.70196080 -0.79607844 -0.78039217 -0.79607844 -0.44313723 -0.19999999 0.03529418 0.70980394 0.87450981 0.88235295 0.89019608 0.89803922 0.91372550
0.82745099 0.81960785 0.81176472 0.83529413 0.83529413 0.83529413 0.81960785 0.83529413 0.83529413 0.83529413 0.82745099 0.83529413 0.85098040 0.85098040 0.84313726 0.83529413 0.84313726 0.85098040 0.83529413 0.83529413 0.84313726 0.85098040 0.84313726 0.85098040 0.85098040 0.85098040 0.85882354 0.85098040 0.85882354 0.85882354 0.85882354 0.85098040 0.85882354 0.85098040 0.85882354 0.85098040 0.85098040 0.85098040 0.84313726 0.83529413 0.84313726 0.85098040 0.85098040 0.85098040 0.85098040 0.84313726 0.84313726 0.85098040 0.84313726 0.83529413 0.84313726 0.84313726 0.82745099 0.82745099 0.83529413 0.83529413 0.82745099 0.81960785 0.82745099 0.82745099 0.81960785 0.82745099 0.81176472 0.81960785 0.80392158 0.79607844 0.81176472 0.80392158 0.78823531 0.78039217 0.15294123 -0.71764708 -0.76470590 -0.77254903 -0.77254903 -0.78039217 -0.81960785 -0.81960785 -0.84313726 -0.85882354 -0.86666667 -0.86666667 -0.85882354 -0.85098040 -0.88235295 -0.87450981 -0.87450981 -0.89019608 -0.89019608 -0.88235295 -0.89803922 -0.91372550 -0.89019608 -0.88235295 -0.89803922 -0.89019608 -0.89803922 -0.86666667 -0.81960785 -0.81960785 -0.85098040 -0.86666667 -0.87450981 -0.85882354 -0.85882354 -0.86666667 -0.85098040 -0.82745099 -0.84313726 -0.81960785 -0.78823531 -0.77254903 -0.81176472 -0.79607844 -0.74117649 -0.75686276 -0.77254903 -0.79607844 -0.75686276 -0.30980390 -0.18431371 0.04313731 0.72549021 0.89019608 0.89803922 0.89019608 0.91372550 0.92156863
0.82745099 0.82745099 0.81960785 0.83529413 0.84313726 0.84313726 0.84313726 0.84313726 0.85098040 0.82745099 0.83529413 0.85882354 0.83529413 0.84313726 0.83529413 0.85098040 0.85098040 0.85882354 0.84313726 0.85098040 0.85882354 0.85098040 0.85098040 0.85098040 0.85882354 0.85882354 0.85882354 0.85882354 0.85882354 0.86666667 0.85882354 0.85882354 0.86666667 0.85098040 0.86666667 0.86666667 0.85882354 0.85098040 0.85882354 0.85098040 0.85882354 0.85882354 0.84313726 0.85098040 0.83529413 0.85098040 0.85098040 0.84313726 0.83529413 0.85882354 0.85098040 0.86666667 0.85098040 0.85098040 0.85098040 0.84313726 0.83529413 0.82745099 0.81960785 0.82745099 0.82745099 0.81960785 0.81960785 0.82745099 0.80392158 0.81176472 0.81176472 0.78823531 0.78823531 0.69411767 -0.34117645 -0.81960785 -0.80392158 -0.81176472 -0.81176472 -0.84313726 -0.86666667 -0.89019608 -0.89803922 -0.90588236 -0.91372550 -0.92156863 -0.91372550 -0.91372550 -0.92156863 -0.92941177 -0.93725491 -0.94509804 -0.93725491 -0.92941177 -0.93725491 -0.95294118 -0.93725491 -0.94509804 -0.93725491 -0.94509804 -0.93725491 -0.92156863 -0.91372550 -0.86666667 -0.87450981 -0.91372550 -0.91372550 -0.89803922 -0.91372550 -0.91372550 -0.92941177 -0.91372550 -0.89019608 -0.86666667 -0.85882354 -0.84313726 -0.85098040 -0.85882354 -0.83529413 -0.82745099 -0.82745099 -0.85882354 -0.63921571 -0.24705881 -0.19999999 0.12156868 0.74901962 0.89019608 0.91372550 0.91372550 0.92156863 0.94509804
0.83529413 0.81960785 0.81960785 0.84313726 0.84313726 0.84313726 0.84313726 0.83529413 0.83529413 0.84313726 0.84313726 0.84313726 0.84313726 0.82745099 0.85098040 0.85098040 0.84313726 0.85098040 0.85098040 0.85882354 0.85098040 0.85098040 0.85882354 0.85882354 0.85098040 0.85882354 0.85882354 0.85882354 0.85882354 0.84313726 0.85882354 0.85098040 0.86666667 0.85098040 0.85882354 0.86666667 0.86666667 0.85882354 0.85882354 0.84313726 0.85098040 0.85098040 0.85098040 0.85882354 0.85098040 0.84313726 0.85098040 0.85882354 0.83529413 0.84313726 0.85098040 0.85098040 0.85882354 0.84313726 0.83529413 0.84313726 0.84313726 0.82745099 0.83529413 0.82745099 0.81960785 0.81176472 0.81176472 0.81960785 0.80392158 0.80392158 0.79607844 0.78039217 0.81176472 0.27843142 -0.74901962 -0.83529413 -0.83529413 -0.82745099 -0.83529413 -0.85882354 -0.89019608 -0.91372550 -0.92941177 -0.93725491 -0.93725491 -0.93725491 -0.92941177 -0.93725491 -0.94509804 -0.95294118 -0.96078432 -0.97647059 -0.94509804 -0.96078432 -0.94509804 -0.96862745 -0.97647059 -0.96078432 -0.95294118 -0.95294118 -0.96078432 -0.95294118 -0.93725491 -0.92156863 -0.92941177 -0.92941177 -0.91372550 -0.92941177 -0.93725491 -0.93725491 -0.94509804 -0.93725491 -0.89803922 -0.89019608 -0.89803922 -0.88235295 -0.87450981 -0.87450981 -0.86666667 -0.85882354 -0.86666667 -0.85098040 -0.39607841 -0.20784312 -0.17647058 0.32549024 0.82745099 0.89019608 0.90588236 0.92156863 0.92941177 0.93725491
0.82745099 0.82745099 0.84313726 0.84313726 0.83529413 0.84313726 0.85098040 0.84313726 0.83529413 0.84313726 0.84313726 0.85098040 0.84313726 0.84313726 0.86666667 0.85882354 0.85098040 0.85098040 0.85098040 0.85098040 0.84313726 0.84313726 0.86666667 0.85882354 0.85882354 0.85098040 0.85882354 0.86666667 0.85882354 0.85098040 0.88235295 0.85882354 0.85098040 0.85882354 0.85882354 0.87450981 0.86666667 0.85882354 0.85882354 0.85882354 0.84313726 0.85098040 0.87450981 0.85098040 0.85098040 0.85098040 0.85098040 0.86666667 0.85882354 0.84313726 0.83529413 0.84313726 0.83529413 0.83529413 0.84313726 0.84313726 0.82745099 0.82745099 0.81960785 0.81176472 0.81960785 0.81176472 0.81176472 0.81176472 0.81176472 0.80392158 0.78823531 0.78823531 0.73333335 -0.30980390 -0.85882354 -0.83529413 -0.82745099 -0.83529413 -0.84313726 -0.89019608 -0.91372550 -0.91372550 -0.92941177 -0.93725491 -0.93725491 -0.92941177 -0.93725491 -0.95294118 -0.95294118 -0.94509804 -0.96862745 -0.97647059 -0.94509804 -0.94509804 -0.95294118 -0.96862745 -0.96078432 -0.95294118 -0.96078432 -0.95294118 -0.94509804 -0.93725491 -0.95294118 -0.96078432 -0.93725491 -0.93725491 -0.92156863 -0.91372550 -0.91372550 -0.90588236 -0.92156863 -0.92941177 -0.89803922 -0.89803922 -0.89803922 -0.87450981 -0.85882354 -0.86666667 -0.85882354 -0.86666667 -0.86666667 -0.64705884 -0.27058822 -0.21568626 -0.09803921 0.56078434 0.87450981 0.89019608 0.91372550 0.93725491 0.94509804 0.94509804
0.82745099 0.84313726 0.84313726 0.84313726 0.85098040 0.85098040 0.84313726 0.84313726 0.85098040 0.85098040 0.82745099 0.85098040 0.85098040 0.85882354 0.85882354 0.85098040 0.85882354 0.85882354 0.85098040 0.84313726 0.84313726 0.85882354 0.85098040 0.85882354 0.86666667 0.87450981 0.87450981 0.87450981 0.86666667 0.85882354 0.85882354 0.85882354 0.87450981 0.87450981 0.85882354 0.86666667 0.85882354 0.85882354 0.85882354 0.85882354 0.85098040 0.85882354 0.85882354 0.86666667 0.85882354 0.85882354 0.85882354 0.85882354 0.85098040 0.85098040 0.84313726 0.84313726 0.84313726 0.84313726 0.85098040 0.84313726 0.83529413 0.82745099 0.83529413 0.81960785 0.81960785 0.81960785 0.81176472 0.81176472 0.81176472 0.80392158 0.78823531 0.81960785 0.27843142 -0.76470590 -0.81960785 -0.85882354 -0.84313726 -0.81960785 -0.87450981 -0.89803922 -0.91372550 -0.92941177 -0.94509804 -0.94509804 -0.93725491 -0.95294118 -0.95294118 -0.94509804 -0.96078432 -0.96078432 -0.96078432 -0.96078432 -0.96078432 -0.96078432 -0.95294118 -0.97647059 -0.96078432 -0.96078432 -0.96078432 -0.94509804 -0.92941177 -0.93725491 -0.94509804 -0.94509804 -0.93725491 -0.94509804 -0.92156863 -0.89803922 -0.90588236 -0.91372550 -0.92156863 -0.91372550 -0.89803922 -0.91372550 -0.91372550 -0.87450981 -0.85882354 -0.85098040 -0.85882354 -0.89019608 -0.83529413 -0.41176468 -0.22352940 -0.20784312 0.14509809 0.79607844 0.90588236 0.92941177 0.93725491 0.92941177 0.96862745 0.95294118
0.83529413 0.82745099 0.81960785 0.82745099 0.83529413 0.83529413 0.84313726 0.82745099 0.84313726 0.85098040 0.84313726 0.84313726 0.84313726 0.84313726 0.84313726 0.85098040 0.85098040 0.86666667 0.84313726 0.85098040 0.84313726 0.86666667 0.85098040 0.85098040 0.86666667 0.87450981 0.87450981 0.87450981 0.85098040 0.85098040 0.85098040 0.85882354 0.84313726 0.85882354 0.86666667 0.85882354 0.85882354 0.85098040 0.84313726 0.84313726 0.85098040 0.86666667 0.85882354 0.85098040 0.85098040 0.83529413 0.85098040 0.85882354 0.84313726 0.84313726 0.84313726 0.84313726 0.82745099 0.82745099 0.83529413 0.83529413 0.83529413 0.82745099 0.83529413 0.81960785 0.81176472 0.81960785 0.81960785 0.81176472 0.80392158 0.79607844 0.79607844 0.73333335 -0.35686272 -0.87450981 -0.81960785 -0.82745099 -0.83529413 -0.82745099 -0.85098040 -0.89019608 -0.90588236 -0.92156863 -0.93725491 -0.93725491 -0.93725491 -0.94509804 -0.94509804 -0.96862745 -0.96078432 -0.96078432 -0.95294118 -0.96078432 -0.95294118 -0.94509804 -0.96078432 -0.96078432 -0.96078432 -0.96078432 -0.96078432 -0.95294118 -0.94509804 -0.92156863 -0.91372550 -0.92941177 -0.91372550 -0.91372550 -0.91372550 -0.92941177 -0.93725491 -0.91372550 -0.92156863 -0.91372550 -0.91372550 -0.90588236 -0.89019608 -0.82745099 -0.85098040 -0.83529413 -0.85882354 -0.87450981 -0.78823531 -0.32549018 -0.23921567 -0.14509803 0.48235297 0.87450981 0.89803922 0.90588236 0.92156863 0.93725491 0.94509804 0.94509804
0.84313726 0.83529413 0.82745099 0.82745099 0.84313726 0.84313726 0.83529413 0.83529413 0.83529413 0.83529413 0.85098040 0.84313726 0.85098040 0.85098040 0.85098040 0.85098040 0.85098040 0.86666667 0.84313726 0.85882354 0.85098040 0.85882354 0.87450981 0.86666667 0.87450981 0.87450981 0.87450981 0.85882354 0.86666667 0.85882354 0.86666667 0.85882354 0.85882354 0.85098040 0.85098040 0.85882354 0.85098040 0.84313726 0.85098040 0.85098040 0.85882354 0.85882354 0.85882354 0.84313726 0.84313726 0.85098040 0.85098040 0.85098040 0.85098040 0.85098040 0.83529413 0.83529413 0.83529413 0.82745099 0.83529413 0.83529413 0.81176472 0.80392158 0.82745099 0.81176472 0.81176472 0.81176472 0.81960785 0.81176472 0.80392158 0.79607844 0.83529413 0.20784318 -0.80392158 -0.81960785 -0.82745099 -0.81960785 -0.81960785 -0.85882354 -0.85882354 -0.89019608 -0.91372550 -0.91372550 -0.92156863 -0.93725491 -0.92941177 -0.92941177 -0.92941177 -0.92941177 -0.93725491 -0.94509804 -0.94509804 -0.94509804 -0.95294118 -0.94509804 -0.93725491 -0.94509804 -0.95294118 -0.96862745 -0.95294118 -0.94509804 -0.94509804 -0.92941177 -0.89803922 -0.89019608 -0.85882354 -0.87450981 -0.90588236 -0.92156863 -0.90588236 -0.90588236 -0.91372550 -0.89803922 -0.89803922 -0.89019608 -0.89019608 -0.85098040 -0.83529413 -0.82745099 -0.85882354 -0.84313726 -0.63137257 -0.29411763 -0.23921567 0.10588241 0.73333335 0.88235295 0.90588236 0.90588236 0.93725491 0.93725491 0.94509804 0.95294118
0.84313726 0.83529413 0.81960785 0.83529413 0.83529413 0.83529413 0.84313726 0.83529413 0.83529413 0.85098040 0.84313726 0.85882354 0.85098040 0.85882354 0.85882354 0.85882354 0.85098040 0.86666667 0.84313726 0.85098040 0.85882354 0.86666667 0.86666667 0.86666667 0.85882354 0.85098040 0.85882354 0.85882354 0.85882354 0.85882354 0.86666667 0.84313726 0.85098040 0.86666667 0.86666667 0.85882354 0.85882354 0.84313726 0.83529413 0.85098040 0.85882354 0.85098040 0.85098040 0.84313726 0.84313726 0.85098040 0.84313726 0.84313726 0.83529413 0.84313726 0.84313726 0.84313726 0.84313726 0.84313726 0.82745099 0.82745099 0.82745099 0.81176472 0.82745099 0.81176472 0.81176472 0.80392158 0.80392158 0.80392158 0.78823531 0.78823531 0.75686276 -0.31764704 -0.85882354 -0.83529413 -0.85098040 -0.85098040 -0.84313726 -0.85882354 -0.88235295 -0.91372550 -0.94509804 -0.93725491 -0.95294118 -0.96078432 -0.93725491 -0.93725491 -0.94509804 -0.94509804 -0.94509804 -0.96078432 -0.96078432 -0.95294118 -0.96078432 -0.96078432 -0.94509804 -0.96862745 -0.96862745 -0.96078432 -0.97647059 -0.96078432 -0.96078432 -0.96078432 -0.93725491 -0.89803922 -0.87450981 -0.89803922 -0.91372550 -0.90588236 -0.90588236 -0.92156863 -0.92941177 -0.92156863 -0.91372550 -0.91372550 -0.89803922 -0.87450981 -0.87450981 -0.85882354 -0.87450981 -0.86666667 -0.52941179 -0.30980390 -0.28627449 0.30980396 0.84313726 0.88235295 0.89803922 0.90588236 0.92156863 0.92156863 0.92156863 0.92941177
0.82745099 0.84313726 0.82745099 0.82745099 0.83529413 0.83529413 0.83529413 0.83529413 0.83529413 0.84313726 0.83529413 0.83529413 0.84313726 0.85098040 0.85098040 0.86666667 0.85882354 0.85098040 0.85882354 0.85098040 0.85098040 0.85098040 0.85882354 0.85098040 0.86666667 0.85882354 0.85882354 0.85882354 0.86666667 0.85882354 0.85098040 0.85882354 0.85098040 0.85882354 0.85098040 0.85098040 0.85098040 0.85098040 0.84313726 0.85098040 0.84313726 0.85098040 0.85098040 0.84313726 0.84313726 0.84313726 0.84313726 0.85098040 0.84313726 0.84313726 0.85098040 0.83529413 0.82745099 0.82745099 0.82745099 0.81960785 0.81960785 0.81960785 0.80392158 0.81176472 0.81176472 0.81176472 0.80392158 0.79607844 0.78823531 0.81960785 0.12941182 -0.81176472 -0.84313726 -0.85882354 -0.86666667 -0.83529413 -0.85882354 -0.88235295 -0.92941177 -0.95294118 -0.96078432 -0.95294118 -0.95294118 -0.95294118 -0.95294118 -0.96078432 -0.96078432 -0.97647059 -0.96078432 -0.97647059 -0.97647059 -0.96862745 -0.96862745 -0.95294118 -0.95294118 -0.97647059 -0.97647059 -0.97647059 -0.98431373 -0.96862745 -0.96862745 -0.96078432 -0.95294118 -0.93725491 -0.90588236 -0.91372550 -0.91372550 -0.92941177 -0.93725491 -0.93725491 -0.94509804 -0.94509804 -0.93725491 -0.90588236 -0.88235295 -0.88235295 -0.85882354 -0.88235295 -0.89019608 -0.84313726 -0.49803919 -0.30980390 -0.13725489 0.48235297 0.82745099 0.86666667 0.88235295 0.91372550 0.93725491 0.92156863 0.92941177 0.92941177
0.83529413 0.84313726 0.84313726 0.84313726 0.82745099 0.83529413 0.84313726 0.85098040 0.85882354 0.83529413 0.83529413 0.84313726 0.85098040 0.85098040 0.84313726 0.85098040 0.85882354 0.85098040 0.85098040 0.85098040 0.85098040 0.85882354 0.84313726 0.85098040 0.85882354 0.87450981 0.88235295 0.85882354 0.85882354 0.88235295 0.86666667 0.86666667 0.87450981 0.86666667 0.85098040 0.85098040 0.85098040 0.85882354 0.85098040 0.83529413 0.84313726 0.85098040 0.85882354 0.85098040 0.85098040 0.83529413 0.83529413 0.83529413 0.85098040 0.84313726 0.84313726 0.84313726 0.82745099 0.82745099 0.82745099 0.81960785 0.81176472 0.81960785 0.81960785 0.82745099 0.80392158 0.79607844 0.78823531 0.79607844 0.78823531 0.12941182 -0.79607844 -0.85098040 -0.84313726 -0.86666667 -0.87450981 -0.86666667 -0.87450981 -0.91372550 -0.94509804 -0.95294118 -0.95294118 -0.95294118 -0.96078432 -0.96862745 -0.94509804 -0.96078432 -0.96078432 -0.96862745 -0.97647059 -0.97647059 -0.98431373 -0.97647059 -0.97647059 -0.97647059 -0.96862745 -0.97647059 -0.96862745 -0.96862745 -0.96862745 -0.96862745 -0.95294118 -0.96862745 -0.97647059 -0.95294118 -0.92941177 -0.92941177 -0.90588236 -0.91372550 -0.93725491 -0.93725491 -0.95294118 -0.93725491 -0.92941177 -0.91372550 -0.89803922 -0.88235295 -0.85882354 -0.89019608 -0.89019608 -0.67843139 -0.35686272 -0.34117645 0.01176476 0.67058825 0.81176472 0.85882354 0.88235295 0.90588236 0.94509804 0.92941177 0.93725491 0.96078432
0.84313726 0.84313726 0.85098040 0.83529413 0.83529413 0.85098040 0.83529413 0.84313726 0.84313726 0.85098040 0.83529413 0.84313726 0.85098040 0.85098040 0.85098040 0.85098040 0.85098040 0.84313726 0.84313726 0.85098040 0.85882354 0.83529413 0.84313726 0.84313726 0.85882354 0.85882354 0.85882354 0.84313726 0.85882354 0.85882354 0.85098040 0.85882354 0.85098040 0.85882354 0.85098040 0.86666667 0.85882354 0.84313726 0.84313726 0.84313726 0.83529413 0.83529413 0.85098040 0.83529413 0.83529413 0.82745099 0.82745099 0.84313726 0.84313726 0.83529413 0.83529413 0.85098040 0.82745099 0.81960785 0.81176472 0.81176472 0.80392158 0.81960785 0.81176472 0.81176472 0.79607844 0.79607844 0.78823531 0.78823531 -0.05098039 -0.85098040 -0.85098040 -0.85882354 -0.86666667 -0.89019608 -0.89803922 -0.87450981 -0.89019608 -0.92941177 -0.94509804 -0.95294118 -0.95294118 -0.95294118 -0.96078432 -0.95294118 -0.93725491 -0.97647059 -0.96862745 -0.96862745 -0.98431373 -0.97647059 -0.97647059 -0.96078432 -0.96078432 -0.96862745 -0.96862745 -0.98431373 -0.96862745 -0.96862745 -0.96862745 -0.96862745 -0.96862745 -0.98431373 -0.97647059 -0.95294118 -0.94509804 -0.93725491 -0.89803922 -0.89019608 -0.91372550 -0.92941177 -0.92156863 -0.91372550 -0.91372550 -0.92156863 -0.90588236 -0.86666667 -0.85882354 -0.81960785 -0.68627453 -0.45882350 -0.34117645 -0.29411763 -0.01176471 0.64705884 0.85098040 0.85882354 0.89803922 0.91372550 0.91372550 0.94509804 0.95294118 0.96862745
0.82745099 0.81960785 0.84313726 0.83529413 0.82745099 0.83529413 0.81960785 0.83529413 0.82745099 0.82745099 0.83529413 0.84313726 0.84313726 0.84313726 0.85098040 0.84313726 0.85098040 0.84313726 0.84313726 0.83529413 0.85882354 0.84313726 0.85882354 0.85098040 0.85882354 0.85882354 0.85098040 0.85098040 0.85882354 0.85098040 0.85098040 0.85882354 0.85098040 0.85098040 0.83529413 0.85098040 0.84313726 0.83529413 0.85098040 0.83529413 0.85098040 0.84313726 0.84313726 0.83529413 0.83529413 0.82745099 0.82745099 0.83529413 0.83529413 0.82745099 0.84313726 0.83529413 0.82745099 0.81176472 0.81960785 0.81960785 0.81176472 0.80392158 0.78823531 0.79607844 0.78823531 0.78823531 0.77254903 0.05098045 -0.83529413 -0.86666667 -0.85882354 -0.86666667 -0.88235295 -0.89803922 -0.88235295 -0.86666667 -0.88235295 -0.91372550 -0.92941177 -0.96078432 -0.96078432 -0.94509804 -0.95294118 -0.92941177 -0.92941177 -0.95294118 -0.96862745 -0.96862745 -0.96862745 -0.97647059 -0.97647059 -0.97647059 -0.97647059 -0.95294118 -0.96862745 -0.97647059 -0.96862745 -0.96078432 -0.96862745 -0.96862745 -0.97647059 -0.96862745 -0.97647059 -0.96078432 -0.95294118 -0.94509804 -0.92156863 -0.90588236 -0.90588236 -0.90588236 -0.90588236 -0.92156863 -0.91372550 -0.88235295 -0.80392158 -0.64705884 -0.55294120 -0.45882350 -0.37254900 -0.30980390 -0.35686272 -0.23921567 0.31764710 0.75686276 0.80392158 0.85098040 0.87450981 0.90588236 0.92941177 0.92941177 0.92941177 0.94509804
0.82745099 0.81960785 0.83529413 0.82745099 0.82745099 0.81960785 0.83529413 0.84313726 0.84313726 0.83529413 0.82745099 0.83529413 0.84313726 0.83529413 0.84313726 0.84313726 0.85098040 0.85882354 0.85098040 0.85098040 0.85882354 0.85098040 0.85098040 0.85098040 0.85882354 0.85882354 0.85882354 0.85098040 0.85098040 0.85882354 0.84313726 0.85098040 0.84313726 0.85098040 0.83529413 0.85098040 0.85882354 0.84313726 0.85098040 0.84313726 0.84313726 0.84313726 0.84313726 0.83529413 0.83529413 0.83529413 0.81960785 0.83529413 0.83529413 0.82745099 0.81960785 0.81960785 0.81176472 0.81176472 0.80392158 0.81176472 0.81176472 0.79607844 0.78823531 0.78823531 0.77254903 0.74901962 0.04313731 -0.80392158 -0.84313726 -0.85882354 -0.89019608 -0.88235295 -0.87450981 -0.89019608 -0.88235295 -0.88235295 -0.87450981 -0.88235295 -0.91372550 -0.94509804 -0.96078432 -0.95294118 -0.94509804 -0.92941177 -0.94509804 -0.96078432 -0.96078432 -0.96078432 -0.96862745 -0.97647059 -0.96862745 -0.97647059 -0.96862745 -0.95294118 -0.95294118 -0.96862745 -0.95294118 -0.96078432 -0.96862745 -0.96862745 -0.97647059 -0.96078432 -0.96862745 -0.95294118 -0.95294118 -0.94509804 -0.91372550 -0.91372550 -0.90588236 -0.89019608 -0.87450981 -0.84313726 -0.78039217 -0.70980394 -0.52941179 -0.34901959 -0.29411763 -0.30196077 -0.30980390 -0.27058822 -0.21568626 0.15294123 0.66274512 0.81176472 0.84313726 0.83529413 0.85882354 0.90588236 0.89803922 0.93725491 0.92156863 0.92156863
0.81176472 0.81960785 0.82745099 0.83529413 0.83529413 0.82745099 0.82745099 0.83529413 0.81960785 0.83529413 0.84313726 0.82745099 0.83529413 0.82745099 0.83529413 0.84313726 0.84313726 0.84313726 0.84313726 0.85098040 0.83529413 0.85098040 0.84313726 0.85882354 0.85098040 0.85098040 0.84313726 0.84313726 0.85098040 0.85098040 0.84313726 0.85098040 0.85098040 0.85098040 0.85882354 0.85098040 0.85882354 0.84313726 0.83529413 0.84313726 0.84313726 0.83529413 0.84313726 0.84313726 0.84313726 0.83529413 0.81960785 0.82745099 0.81960785 0.81960785 0.81176472 0.81176472 0.81176472 0.81960785 0.81176472 0.80392158 0.81176472 0.79607844 0.78823531 0.78039217 0.75686276 -0.01176471 -0.82745099 -0.86666667 -0.85098040 -0.87450981 -0.87450981 -0.88235295 -0.88235295 -0.89803922 -0.89019608 -0.89803922 -0.86666667 -0.87450981 -0.92156863 -0.94509804 -0.95294118 -0.94509804 -0.95294118 -0.95294118 -0.94509804 -0.96078432 -0.95294118 -0.96078432 -0.97647059 -0.96862745 -0.97647059 -0.96862745 -0.95294118 -0.94509804 -0.96078432 -0.96862745 -0.96862745 -0.97647059 -0.97647059 -0.96862745 -0.96862745 -0.96862745 -0.96078432 -0.95294118 -0.96078432 -0.95294118 -0.92941177 -0.92156863 -0.92156863 -0.91372550 -0.80392158 -0.56078434 -0.46666664 -0.40392154 -0.30980390 -0.24705881 -0.24705881 -0.16862744 0.09019613 0.20784318 0.47450984 0.72549021 0.74901962 0.79607844 0.81960785 0.88235295 0.87450981 0.89019608 0.90588236 0.92941177 0.93725491 0.94509804
0.82745099 0.81960785 0.81176472 0.81960785 0.82745099 0.81960785 0.81960785 0.82745099 0.83529413 0.81960785 0.82745099 0.83529413 0.82745099 0.84313726 0.85098040 0.85098040 0.84313726 0.84313726 0.85098040 0.84313726 0.84313726 0.83529413 0.85882354 0.85098040 0.85882354 0.85098040 0.85098040 0.85882354 0.85098040 0.83529413 0.85098040 0.85098040 0.84313726 0.85098040 0.85098040 0.85882354 0.85098040 0.84313726 0.84313726 0.85098040 0.83529413 0.82745099 0.85098040 0.83529413 0.82745099 0.83529413 0.81960785 0.81960785 0.81960785 0.81176472 0.81176472 0.81176472 0.81176472 0.81176472 0.79607844 0.80392158 0.80392158 0.78039217 0.77254903 0.76470590 0.08235300 -0.78039217 -0.85098040 -0.85098040 -0.86666667 -0.86666667 -0.87450981 -0.89019608 -0.89019608 -0.89803922 -0.92156863 -0.89803922 -0.88235295 -0.89803922 -0.91372550 -0.93725491 -0.95294118 -0.96078432 -0.95294118 -0.92941177 -0.93725491 -0.97647059 -0.96078432 -0.95294118 -0.96078432 -0.96862745 -0.97647059 -0.98431373 -0.97647059 -0.96078432 -0.95294118 -0.96078432 -0.96862745 -0.97647059 -0.96862745 -0.96862745 -0.96078432 -0.96078432 -0.95294118 -0.96862745 -0.96862745 -0.93725491 -0.92941177 -0.92156863 -0.90588236 -0.89803922 -0.75686276 -0.38823527 -0.29411763 -0.20784312 -0.19215685 -0.16078430 0.01960790 0.37254906 0.70980394 0.77254903 0.81176472 0.82745099 0.83529413 0.79607844 0.79607844 0.87450981 0.89019608 0.89019608 0.89019608 0.93725491 0.95294118 0.96078432
0.82745099 0.81960785 0.81960785 0.82745099 0.82745099 0.81960785 0.81960785 0.83529413 0.82745099 0.84313726 0.84313726 0.84313726 0.84313726 0.84313726 0.83529413 0.85098040 0.85882354 0.85098040 0.85098040 0.85098040 0.85098040 0.85098040 0.84313726 0.83529413 0.85882354 0.84313726 0.85098040 0.85098040 0.85098040 0.84313726 0.85098040 0.85098040 0.85098040 0.85098040 0.84313726 0.84313726 0.85098040 0.84313726 0.84313726 0.84313726 0.84313726 0.81960785 0.82745099 0.82745099 0.83529413 0.83529413 0.82745099 0.81176472 0.81176472 0.81176472 0.81176472 0.81176472 0.81176472 0.80392158 0.78039217 0.78823531 0.78039217 0.78823531 0.72549021 -0.01960784 -0.75686276 -0.85098040 -0.82745099 -0.84313726 -0.85882354 -0.87450981 -0.88235295 -0.89019608 -0.89803922 -0.89803922 -0.91372550 -0.89803922 -0.89803922 -0.89803922 -0.92156863 -0.92941177 -0.94509804 -0.95294118 -0.92156863 -0.94509804 -0.96862745 -0.96862745 -0.96078432 -0.94509804 -0.96078432 -0.96862745 -0.96862745 -0.96862745 -0.96862745 -0.96862745 -0.95294118 -0.96862745 -0.96862745 -0.96078432 -0.96078432 -0.96078432 -0.96078432 -0.96078432 -0.96862745 -0.96078432 -0.94509804 -0.92941177 -0.92156863 -0.90588236 -0.92156863 -0.89803922 -0.73333335 -0.35686272 -0.09019607 0.29411769 0.32549024 0.42745101 0.62352943 0.76470590 0.83529413 0.81176472 0.82745099 0.84313726 0.84313726 0.82745099 0.80392158 0.84313726 0.91372550 0.92156863 0.91372550 0.91372550 0.95294118 0.96078432
0.82745099 0.82745099 0.83529413 0.82745099 0.81960785 0.82745099 0.82745099 0.81960785 0.81960785 0.82745099 0.84313726 0.84313726 0.84313726 0.84313726 0.84313726 0.85882354 0.85098040 0.84313726 0.84313726 0.82745099 0.83529413 0.83529413 0.85098040 0.85098040 0.85882354 0.85098040 0.84313726 0.84313726 0.84313726 0.83529413 0.83529413 0.85098040 0.86666667 0.85098040 0.84313726 0.84313726 0.84313726 0.84313726 0.84313726 0.83529413 0.82745099 0.82745099 0.82745099 0.82745099 0.82745099 0.83529413 0.81960785 0.81176472 0.81176472 0.81176472 0.79607844 0.81176472 0.80392158 0.78823531 0.77254903 0.77254903 0.78823531 0.51372552 -0.23921567 -0.78039217 -0.80392158 -0.80392158 -0.76470590 -0.80392158 -0.85882354 -0.90588236 -0.87450981 -0.89019608 -0.89019608 -0.89803922 -0.88235295 -0.87450981 -0.87450981 -0.90588236 -0.92156863 -0.94509804 -0.95294118 -0.94509804 -0.92156863 -0.92941177 -0.94509804 -0.95294118 -0.95294118 -0.96078432 -0.96078432 -0.96078432 -0.96078432 -0.96862745 -0.95294118 -0.95294118 -0.96078432 -0.97647059 -0.96862745 -0.96862745 -0.96862745 -0.95294118 -0.95294118 -0.95294118 -0.96078432 -0.95294118 -0.92156863 -0.92941177 -0.93725491 -0.91372550 -0.90588236 -0.87450981 -0.72549021 -0.38039213 0.08235300 0.68627453 0.77254903 0.80392158 0.82745099 0.82745099 0.85098040 0.83529413 0.83529413 0.87450981 0.84313726 0.85882354 0.85098040 0.85098040 0.89803922 0.90588236 0.93725491 0.93725491 0.93725491 0.94509804
0.82745099 0.82745099 0.81960785 0.82745099 0.82745099 0.83529413 0.84313726 0.82745099 0.82745099 0.83529413 0.83529413 0.85098040 0.84313726 0.84313726 0.85098040 0.85098040 0.85882354 0.85098040 0.84313726 0.83529413 0.83529413 0.85098040 0.85098040 0.85098040 0.85882354 0.85882354 0.84313726 0.83529413 0.84313726 0.84313726 0.85882354 0.84313726 0.84313726 0.85098040 0.85098040 0.84313726 0.83529413 0.84313726 0.85098040 0.82745099 0.82745099 0.82745099 0.82745099 0.82745099 0.81960785 0.82745099 0.81960785 0.81176472 0.81176472 0.79607844 0.79607844 0.79607844 0.78039217 0.76470590 0.77254903 0.65490198 -0.02745098 -0.63137257 -0.83529413 -0.81176472 -0.80392158 -0.79607844 -0.78039217 -0.76470590 -0.86666667 -0.90588236 -0.89803922 -0.90588236 -0.89803922 -0.89803922 -0.91372550 -0.85098040 -0.84313726 -0.89019608 -0.93725491 -0.93725491 -0.94509804 -0.94509804 -0.93725491 -0.93725491 -0.96078432 -0.95294118 -0.96078432 -0.96862745 -0.96862745 -0.96862745 -0.96862745 -0.96078432 -0.96862745 -0.96862745 -0.96862745 -0.98431373 -0.96862745 -0.96862745 -0.96862745 -0.96078432 -0.95294118 -0.96078432 -0.96078432 -0.94509804 -0.94509804 -0.93725491 -0.92941177 -0.91372550 -0.89019608 -0.87450981 -0.72549021 -0.34901959 0.11372554 0.73333335 0.84313726 0.82745099 0.85098040 0.85098040 0.85882354 0.86666667 0.84313726 0.89019608 0.87450981 0.88235295 0.92156863 0.86666667 0.91372550 0.89803922 0.96078432 0.93725491 0.93725491 0.94509804
0.82745099 0.83529413 0.81960785 0.82745099 0.83529413 0.84313726 0.84313726 0.84313726 0.84313726 0.82745099 0.83529413 0.85098040 0.85098040 0.84313726 0.83529413 0.84313726 0.85098040 0.85098040 0.85098040 0.84313726 0.84313726 0.84313726 0.85098040 0.85098040 0.85882354 0.85098040 0.85098040 0.85098040 0.86666667 0.85098040 0.85882354 0.85098040 0.84313726 0.85882354 0.85882354 0.84313726 0.84313726 0.84313726 0.85098040 0.82745099 0.82745099 0.83529413 0.82745099 0.81960785 0.81960785 0.81960785 0.81960785 0.81960785 0.81960785 0.81176472 0.79607844 0.78039217 0.79607844 0.78039217 0.42745101 -0.33333331 -0.77254903 -0.76470590 -0.77254903 -0.81176472 -0.81176472 -0.80392158 -0.79607844 -0.82745099 -0.89019608 -0.90588236 -0.91372550 -0.91372550 -0.90588236 -0.90588236 -0.89019608 -0.85098040 -0.83529413 -0.86666667 -0.92156863 -0.93725491 -0.91372550 -0.90588236 -0.92941177 -0.93725491 -0.95294118 -0.96862745 -0.96078432 -0.95294118 -0.96078432 -0.98431373 -0.97647059 -0.97647059 -0.96078432 -0.96862745 -0.96862745 -0.96078432 -0.96078432 -0.96078432 -0.96862745 -0.96862745 -0.96078432 -0.94509804 -0.92941177 -0.92941177 -0.93725491 -0.94509804 -0.91372550 -0.91372550 -0.88235295 -0.85098040 -0.74901962 -0.34117645 0.19215691 0.73333335 0.84313726 0.85098040 0.85882354 0.89019608 0.89019608 0.87450981 0.87450981 0.92156863 0.93725491 0.90588236 0.93725491 0.89019608 0.92156863 0.89803922 0.94509804 0.95294118 0.94509804 0.94509804
0.82745099 0.83529413 0.82745099 0.82745099 0.82745099 0.84313726 0.84313726 0.84313726 0.84313726 0.82745099 0.83529413 0.85882354 0.84313726 0.83529413 0.83529413 0.83529413 0.84313726 0.85098040 0.84313726 0.84313726 0.83529413 0.83529413 0.84313726 0.84313726 0.85882354 0.84313726 0.85098040 0.85098040 0.85098040 0.85098040 0.84313726 0.84313726 0.84313726 0.84313726 0.83529413 0.83529413 0.84313726 0.84313726 0.84313726 0.82745099 0.81960785 0.82745099 0.81960785 0.81176472 0.81960785 0.81960785 0.81960785 0.80392158 0.81176472 0.80392158 0.78823531 0.77254903 0.62352943 -0.01960784 -0.63137257 -0.82745099 -0.75686276 -0.76470590 -0.79607844 -0.82745099 -0.81960785 -0.80392158 -0.82745099 -0.88235295 -0.89019608 -0.90588236 -0.90588236 -0.92156863 -0.91372550 -0.90588236 -0.88235295 -0.85882354 -0.83529413 -0.85098040 -0.91372550 -0.94509804 -0.92156863 -0.92941177 -0.90588236 -0.92156863 -0.95294118 -0.96078432 -0.95294118 -0.95294118 -0.96078432 -0.96862745 -0.96862745 -0.96078432 -0.96078432 -0.95294118 -0.95294118 -0.95294118 -0.95294118 -0.95294118 -0.96078432 -0.96862745 -0.96078432 -0.92156863 -0.91372550 -0.91372550 -0.91372550 -0.94509804 -0.92156863 -0.90588236 -0.86666667 -0.83529413 -0.73333335 -0.34117645 0.16862750 0.77254903 0.83529413 0.85098040 0.87450981 0.85098040 0.88235295 0.88235295 0.91372550 0.90588236 0.91372550 0.91372550 0.92941177 0.92156863 0.89019608 0.92941177 0.93725491 0.96078432 0.97647059 0.95294118
0.84313726 0.82745099 0.82745099 0.82745099 0.82745099 0.82745099 0.82745099 0.84313726 0.82745099 0.83529413 0.85098040 0.84313726 0.84313726 0.83529413 0.83529413 0.83529413 0.84313726 0.84313726 0.84313726 0.82745099 0.82745099 0.82745099 0.84313726 0.84313726 0.85098040 0.84313726 0.84313726 0.84313726 0.84313726 0.84313726 0.84313726 0.84313726 0.84313726 0.84313726 0.85098040 0.83529413 0.83529413 0.84313726 0.82745099 0.83529413 0.82745099 0.83529413 0.82745099 0.81176472 0.81960785 0.82745099 0.81176472 0.79607844 0.80392158 0.79607844 0.78823531 0.56078434 -0.21568626 -0.73333335 -0.78823531 -0.80392158 -0.78823531 -0.78823531 -0.81960785 -0.85882354 -0.84313726 -0.81176472 -0.88235295 -0.89803922 -0.90588236 -0.91372550 -0.90588236 -0.91372550 -0.91372550 -0.90588236 -0.89019608 -0.85098040 -0.81176472 -0.85882354 -0.91372550 -0.94509804 -0.95294118 -0.92941177 -0.90588236 -0.94509804 -0.94509804 -0.95294118 -0.96078432 -0.95294118 -0.96078432 -0.96078432 -0.95294118 -0.94509804 -0.96862745 -0.94509804 -0.96078432 -0.94509804 -0.93725491 -0.94509804 -0.95294118 -0.94509804 -0.91372550 -0.88235295 -0.89803922 -0.89019608 -0.92156863 -0.91372550 -0.91372550 -0.89019608 -0.85098040 -0.81176472 -0.72549021 -0.34901959 0.16078436 0.77254903 0.85098040 0.86666667 0.87450981 0.87450981 0.88235295 0.93725491 0.89019608 0.89803922 0.91372550 0.92941177 0.92156863 0.94509804 0.93725491 0.94509804 0.91372550 0.94509804 0.96862745 0.97647059
0.83529413 0.83529413 0.84313726 0.83529413 0.82745099 0.82745099 0.82745099 0.83529413 0.83529413 0.84313726 0.83529413 0.83529413 0.83529413 0.85098040 0.85098040 0.84313726 0.85098040 0.84313726 0.83529413 0.83529413 0.84313726 0.84313726 0.85098040 0.86666667 0.85882354 0.85098040 0.85882354 0.84313726 0.85098040 0.85882354 0.85098040 0.84313726 0.84313726 0.84313726 0.83529413 0.83529413 0.84313726 0.83529413 0.82745099 0.81960785 0.82745099 0.82745099 0.81960785 0.82745099 0.81960785 0.82745099 0.81176472 0.79607844 0.78823531 0.78823531 0.61568630 -0.11372548 -0.73333335 -0.75686276 -0.78039217 -0.78823531 -0.79607844 -0.81960785 -0.85882354 -0.86666667 -0.85882354 -0.85882354 -0.89803922 -0.89803922 -0.89019608 -0.90588236 -0.92156863 -0.92941177 -0.91372550 -0.90588236 -0.89019608 -0.85098040 -0.82745099 -0.86666667 -0.89803922 -0.92156863 -0.94509804 -0.91372550 -0.90588236 -0.94509804 -0.95294118 -0.96862745 -0.97647059 -0.96078432 -0.95294118 -0.96078432 -0.95294118 -0.95294118 -0.96862745 -0.96078432 -0.96078432 -0.93725491 -0.94509804 -0.94509804 -0.92941177 -0.91372550 -0.91372550 -0.85098040 -0.89019608 -0.87450981 -0.90588236 -0.92156863 -0.89803922 -0.86666667 -0.81960785 -0.80392158 -0.70196080 -0.34901959 0.14509809 0.75686276 0.85098040 0.86666667 0.89019608 0.89803922 0.89019608 0.89803922 0.90588236 0.90588236 0.91372550 0.93725491 0.92941177 0.92941177 0.93725491 0.92156863 0.92941177 0.94509804 0.96862745 0.97647059
0.82745099 0.82745099 0.84313726 0.84313726 0.84313726 0.84313726 0.85098040 0.83529413 0.83529413 0.85098040 0.85882354 0.84313726 0.84313726 0.84313726 0.84313726 0.85098040 0.85098040 0.85098040 0.83529413 0.85098040 0.84313726 0.85882354 0.85098040 0.88235295 0.85098040 0.85098040 0.85098040 0.85098040 0.85098040 0.86666667 0.84313726 0.84313726 0.84313726 0.84313726 0.85098040 0.83529413 0.83529413 0.83529413 0.82745099 0.83529413 0.82745099 0.82745099 0.83529413 0.81176472 0.81176472 0.82745099 0.81176472 0.80392158 0.78823531 0.65490198 0.00392163 -0.67058825 -0.78039217 -0.78823531 -0.80392158 -0.81960785 -0.83529413 -0.89019608 -0.89803922 -0.89019608 -0.85882354 -0.89019608 -0.91372550 -0.91372550 -0.89803922 -0.92156863 -0.92941177 -0.93725491 -0.92941177 -0.92156863 -0.90588236 -0.88235295 -0.85098040 -0.88235295 -0.91372550 -0.92941177 -0.96078432 -0.92156863 -0.91372550 -0.96078432 -0.96078432 -0.96862745 -0.95294118 -0.95294118 -0.96862745 -0.96862745 -0.96862745 -0.96078432 -0.96078432 -0.96078432 -0.96862745 -0.96862745 -0.97647059 -0.94509804 -0.90588236 -0.89019608 -0.93725491 -0.89019608 -0.90588236 -0.89019608 -0.86666667 -0.92941177 -0.90588236 -0.89019608 -0.85098040 -0.82745099 -0.67058825 -0.31764704 0.12941182 0.74901962 0.84313726 0.86666667 0.88235295 0.92156863 0.92156863 0.92941177 0.95294118 0.92156863 0.89803922 0.93725491 0.93725491 0.94509804 0.96078432 0.92156863 0.95294118 0.92941177 0.96862745 0.97647059
0.82745099 0.82745099 0.84313726 0.84313726 0.84313726 0.84313726 0.84313726 0.84313726 0.83529413 0.85098040 0.84313726 0.85098040 0.85098040 0.84313726 0.85882354 0.85098040 0.85882354 0.85882354 0.85098040 0.85882354 0.85882354 0.86666667 0.85882354 0.85098040 0.85098040 0.83529413 0.85098040 0.85882354 0.85098040 0.85098040 0.83529413 0.83529413 0.84313726 0.83529413 0.85098040 0.83529413 0.82745099 0.84313726 0.83529413 0.82745099 0.82745099 0.82745099 0.81960785 0.81176472 0.81176472 0.81176472 0.80392158 0.78823531 0.72549021 0.20784318 -0.66274512 -0.78823531 -0.80392158 -0.82745099 -0.84313726 -0.85882354 -0.87450981 -0.89019608 -0.89019608 -0.85882354 -0.83529413 -0.89019608 -0.92941177 -0.90588236 -0.90588236 -0.90588236 -0.92156863 -0.92941177 -0.92156863 -0.92941177 -0.89803922 -0.88235295 -0.85882354 -0.88235295 -0.91372550 -0.92941177 -0.93725491 -0.92156863 -0.91372550 -0.96862745 -0.96862745 -0.96078432 -0.93725491 -0.95294118 -0.96862745 -0.96862745 -0.96078432 -0.97647059 -0.96862745 -0.96078432 -0.96862745 -0.96862745 -0.95294118 -0.94509804 -0.91372550 -0.89019608 -0.89803922 -0.92156863 -0.93725491 -0.93725491 -0.86666667 -0.87450981 -0.89803922 -0.88235295 -0.85098040 -0.82745099 -0.59215689 -0.31764704 0.20784318 0.77254903 0.85098040 0.87450981 0.89019608 0.90588236 0.90588236 0.92156863 0.93725491 0.93725491 0.95294118 0.96078432 0.93725491 0.94509804 0.97647059 0.94509804 0.95294118 0.96862745 0.96862745 0.98431373
0.82745099 0.82745099 0.83529413 0.84313726 0.82745099 0.84313726 0.82745099 0.84313726 0.84313726 0.83529413 0.83529413 0.83529413 0.84313726 0.85098040 0.83529413 0.84313726 0.84313726 0.84313726 0.85098040 0.84313726 0.85098040 0.85882354 0.85098040 0.85882354 0.85098040 0.82745099 0.84313726 0.85098040 0.84313726 0.81960785 0.81960785 0.79607844 0.82745099 0.81960785 0.81960785 0.81960785 0.83529413 0.83529413 0.83529413 0.81960785 0.81176472 0.81176472 0.81176472 0.80392158 0.80392158 0.80392158 0.79607844 0.77254903 0.49803925 -0.34117645 -0.78039217 -0.78823531 -0.80392158 -0.83529413 -0.85098040 -0.86666667 -0.87450981 -0.89019608 -0.87450981 -0.82745099 -0.85882354 -0.91372550 -0.93725491 -0.92941177 -0.92156863 -0.90588236 -0.92156863 -0.95294118 -0.93725491 -0.91372550 -0.89803922 -0.87450981 -0.85882354 -0.85098040 -0.88235295 -0.92941177 -0.94509804 -0.90588236 -0.92941177 -0.95294118 -0.96078432 -0.96862745 -0.94509804 -0.95294118 -0.96078432 -0.95294118 -0.95294118 -0.96862745 -0.95294118 -0.95294118 -0.96862745 -0.96862745 -0.96078432 -0.95294118 -0.94509804 -0.92941177 -0.92156863 -0.90588236 -0.92941177 -0.94509804 -0.92941177 -0.89019608 -0.89803922 -0.86666667 -0.83529413 -0.78823531 -0.48235291 -0.27843136 0.29411769 0.79607844 0.85098040 0.88235295 0.89803922 0.88235295 0.88235295 0.90588236 0.92156863 0.92156863 0.92941177 0.94509804 0.93725491 0.94509804 0.94509804 0.92941177 0.93725491 0.93725491 0.95294118 0.95294118
0.81176472 0.81176472 0.83529413 0.83529413 0.81960785 0.81960785 0.81960785 0.83529413 0.83529413 0.82745099 0.83529413 0.83529413 0.82745099 0.82745099 0.84313726 0.85098040 0.83529413 0.84313726 0.84313726 0.84313726 0.85098040 0.85098040 0.85098040 0.85098040 0.85098040 0.84313726 0.84313726 0.84313726 0.83529413 0.83529413 0.81176472 0.80392158 0.81960785 0.81960785 0.82745099 0.81960785 0.83529413 0.82745099 0.82745099 0.82745099 0.81960785 0.81960785 0.80392158 0.80392158 0.78039217 0.77254903 0.78039217 0.69411767 0.05882359 -0.67843139 -0.79607844 -0.82745099 -0.84313726 -0.85882354 -0.87450981 -0.85882354 -0.89019608 -0.90588236 -0.88235295 -0.85882354 -0.88235295 -0.92941177 -0.92941177 -0.92941177 -0.92941177 -0.92156863 -0.92941177 -0.92941177 -0.93725491 -0.92156863 -0.89803922 -0.85882354 -0.85098040 -0.86666667 -0.87450981 -0.92156863 -0.94509804 -0.91372550 -0.95294118 -0.96078432 -0.96078432 -0.95294118 -0.95294118 -0.96078432 -0.96078432 -0.96078432 -0.96862745 -0.97647059 -0.95294118 -0.96078432 -0.96862745 -0.97647059 -0.96862745 -0.96078432 -0.95294118 -0.95294118 -0.93725491 -0.94509804 -0.92941177 -0.94509804 -0.93725491 -0.92156863 -0.89019608 -0.85098040 -0.84313726 -0.67843139 -0.41176468 -0.23921567 0.44313729 0.81960785 0.85098040 0.86666667 0.87450981 0.89803922 0.89803922 0.91372550 0.92941177 0.92156863 0.92941177 0.93725491 0.93725491 0.94509804 0.92941177 0.93725491 0.94509804 0.93725491 0.95294118 0.93725491
0.81176472 0.81176472 0.81960785 0.81960785 0.82745099 0.81960785 0.80392158 0.80392158 0.81176472 0.82745099 0.82745099 0.83529413 0.82745099 0.82745099 0.82745099 0.81960785 0.81960785 0.84313726 0.83529413 0.84313726 0.84313726 0.84313726 0.83529413 0.82745099 0.82745099 0.82745099 0.81960785 0.84313726 0.82745099 0.81960785 0.81176472 0.80392158 0.82745099 0.81176472 0.81176472 0.81960785 0.80392158 0.81176472 0.81176472 0.81176472 0.80392158 0.80392158 0.81176472 0.78823531 0.77254903 0.75686276 0.72549021 0.45098042 -0.38823527 -0.77254903 -0.81176472 -0.82745099 -0.84313726 -0.85098040 -0.86666667 -0.87450981 -0.88235295 -0.89019608 -0.86666667 -0.84313726 -0.88235295 -0.91372550 -0.92156863 -0.90588236 -0.89803922 -0.91372550 -0.92156863 -0.91372550 -0.92156863 -0.92156863 -0.89019608 -0.85098040 -0.84313726 -0.82745099 -0.85882354 -0.90588236 -0.93725491 -0.92156863 -0.93725491 -0.94509804 -0.94509804 -0.96078432 -0.95294118 -0.96078432 -0.96078432 -0.95294118 -0.96862745 -0.96862745 -0.95294118 -0.93725491 -0.94509804 -0.95294118 -0.94509804 -0.93725491 -0.94509804 -0.94509804 -0.92941177 -0.92156863 -0.92156863 -0.91372550 -0.91372550 -0.89019608 -0.86666667 -0.85098040 -0.83529413 -0.52156866 -0.34117645 -0.08235294 0.60784316 0.82745099 0.84313726 0.85098040 0.85882354 0.89019608 0.88235295 0.89803922 0.91372550 0.90588236 0.93725491 0.92941177 0.92941177 0.93725491 0.93725491 0.96078432 0.94509804 0.95294118 0.93725491 0.93725491
0.81960785 0.81960785 0.81960785 0.81960785 0.81960785 0.81960785 0.81960785 0.83529413 0.81960785 0.82745099 0.82745099 0.81960785 0.84313726 0.83529413 0.83529413 0.82745099 0.82745099 0.81176472 0.82745099 0.82745099 0.82745099 0.82745099 0.82745099 0.83529413 0.84313726 0.83529413 0.82745099 0.82745099 0.83529413 0.82745099 0.82745099 0.81960785 0.81960785 0.82745099 0.81960785 0.81960785 0.80392158 0.81960785 0.80392158 0.79607844 0.80392158 0.80392158 0.80392158 0.78039217 0.77254903 0.76470590 0.70196080 0.17647064 -0.63137257 -0.78039217 -0.81176472 -0.81176472 -0.82745099 -0.83529413 -0.84313726 -0.85098040 -0.85882354 -0.87450981 -0.85098040 -0.81176472 -0.85098040 -0.89019608 -0.89019608 -0.89803922 -0.88235295 -0.89803922 -0.89803922 -0.92156863 -0.90588236 -0.89803922 -0.89019608 -0.85098040 -0.82745099 -0.80392158 -0.85098040 -0.89019608 -0.91372550 -0.90588236 -0.92941177 -0.93725491 -0.93725491 -0.94509804 -0.93725491 -0.94509804 -0.93725491 -0.94509804 -0.94509804 -0.94509804 -0.93725491 -0.94509804 -0.92941177 -0.92941177 -0.94509804 -0.94509804 -0.92941177 -0.93725491 -0.93725491 -0.89803922 -0.89803922 -0.89019608 -0.87450981 -0.85882354 -0.83529413 -0.83529413 -0.68627453 -0.39607841 -0.26274508 0.30980396 0.74117649 0.81176472 0.85882354 0.86666667 0.87450981 0.89019608 0.89019608 0.90588236 0.90588236 0.90588236 0.91372550 0.93725491 0.92156863 0.92156863 0.92156863 0.95294118 0.94509804 0.94509804 0.95294118 0.94509804
0.82745099 0.82745099 0.81960785 0.82745099 0.81960785 0.81960785 0.82745099 0.82745099 0.81960785 0.83529413 0.82745099 0.81176472 0.82745099 0.82745099 0.82745099 0.81960785 0.83529413 0.83529413 0.83529413 0.83529413 0.84313726 0.83529413 0.83529413 0.82745099 0.84313726 0.83529413 0.84313726 0.84313726 0.83529413 0.83529413 0.83529413 0.81960785 0.81960785 0.82745099 0.81960785 0.81176472 0.79607844 0.80392158 0.80392158 0.79607844 0.80392158 0.80392158 0.79607844 0.78823531 0.78039217 0.75686276 0.62352943 -0.18431371 -0.78039217 -0.81960785 -0.82745099 -0.82745099 -0.84313726 -0.85098040 -0.85882354 -0.87450981 -0.85882354 -0.88235295 -0.84313726 -0.83529413 -0.85882354 -0.88235295 -0.89803922 -0.90588236 -0.92156863 -0.91372550 -0.92156863 -0.92156863 -0.92156863 -0.89019608 -0.88235295 -0.86666667 -0.82745099 -0.82745099 -0.90588236 -0.92941177 -0.94509804 -0.93725491 -0.95294118 -0.95294118 -0.94509804 -0.93725491 -0.92941177 -0.93725491 -0.95294118 -0.93725491 -0.96862745 -0.96862745 -0.94509804 -0.96078432 -0.93725491 -0.94509804 -0.94509804 -0.94509804 -0.95294118 -0.94509804 -0.92941177 -0.91372550 -0.89019608 -0.89019608 -0.85882354 -0.86666667 -0.85882354 -0.85098040 -0.58431375 -0.34117645 -0.01960784 0.61568630 0.80392158 0.81960785 0.85098040 0.86666667 0.87450981 0.88235295 0.91372550 0.92156863 0.89803922 0.90588236 0.91372550 0.93725491 0.90588236 0.94509804 0.94509804 0.94509804 0.95294118 0.94509804 0.94509804 0.94509804
0.81960785 0.81960785 0.81960785 0.81960785 0.81960785 0.81960785 0.81960785 0.81960785 0.81960785 0.82745099 0.82745099 0.81960785 0.82745099 0.81960785 0.81176472 0.81960785 0.81960785 0.82745099 0.84313726 0.83529413 0.82745099 0.83529413 0.83529413 0.83529413 0.82745099 0.81960785 0.83529413 0.82745099 0.82745099 0.83529413 0.82745099 0.81960785 0.81960785 0.80392158 0.81176472 0.79607844 0.81176472 0.79607844 0.80392158 0.79607844 0.80392158 0.80392158 0.80392158 0.78823531 0.78823531 0.76470590 0.38039219 -0.58431375 -0.82745099 -0.84313726 -0.84313726 -0.85098040 -0.87450981 -0.86666667 -0.89019608 -0.90588236 -0.91372550 -0.89803922 -0.86666667 -0.83529413 -0.84313726 -0.86666667 -0.90588236 -0.92941177 -0.91372550 -0.92941177 -0.93725491 -0.93725491 -0.91372550 -0.92156863 -0.91372550 -0.90588236 -0.85098040 -0.85882354 -0.93725491 -0.95294118 -0.95294118 -0.95294118 -0.95294118 -0.95294118 -0.94509804 -0.96078432 -0.96078432 -0.96078432 -0.96078432 -0.96078432 -0.97647059 -0.96862745 -0.96078432 -0.96078432 -0.94509804 -0.96862745 -0.96078432 -0.96078432 -0.96078432 -0.95294118 -0.92156863 -0.89803922 -0.91372550 -0.90588236 -0.88235295 -0.85882354 -0.84313726 -0.87450981 -0.59215689 -0.31764704 0.33333337 0.75686276 0.80392158 0.81960785 0.84313726 0.88235295 0.87450981 0.87450981 0.89803922 0.90588236 0.91372550 0.92941177 0.92156863 0.92941177 0.89803922 0.93725491 0.93725491 0.95294118 0.94509804 0.93725491 0.94509804 0.93725491
0.81960785 0.81960785 0.81176472 0.81176472 0.81960785 0.81960785 0.81176472 0.81960785 0.81176472 0.81176472 0.81176472 0.82745099 0.81176472 0.81960785 0.81960785 0.81960785 0.82745099 0.81960785 0.81960785 0.83529413 0.82745099 0.82745099 0.81960785 0.82745099 0.82745099 0.82745099 0.81960785 0.82745099 0.79607844 0.82745099 0.81176472 0.81176472 0.81176472 0.79607844 0.80392158 0.81176472 0.80392158 0.77254903 0.80392158 0.78823531 0.78823531 0.78823531 0.78039217 0.77254903 0.76470590 0.60000002 -0.25490195 -0.78823531 -0.81960785 -0.85882354 -0.85882354 -0.85882354 -0.85882354 -0.88235295 -0.90588236 -0.92156863 -0.89803922 -0.89019608 -0.86666667 -0.82745099 -0.83529413 -0.85882354 -0.89019608 -0.90588236 -0.91372550 -0.92156863 -0.92941177 -0.92156863 -0.92156863 -0.92941177 -0.92156863 -0.90588236 -0.88235295 -0.88235295 -0.92156863 -0.93725491 -0.92156863 -0.94509804 -0.94509804 -0.95294118 -0.94509804 -0.97647059 -0.96078432 -0.95294118 -0.96078432 -0.96862745 -0.96862745 -0.96078432 -0.96862745 -0.96078432 -0.94509804 -0.95294118 -0.95294118 -0.96078432 -0.96862745 -0.92941177 -0.89803922 -0.86666667 -0.89019608 -0.90588236 -0.87450981 -0.86666667 -0.88235295 -0.77254903 -0.48235291 -0.23921567 0.47450984 0.79607844 0.81960785 0.84313726 0.86666667 0.86666667 0.86666667 0.88235295 0.88235295 0.90588236 0.89803922 0.92156863 0.89803922 0.91372550 0.94509804 0.95294118 0.95294118 0.93725491 0.93725491 0.92941177 0.93725491 0.93725491
0.83529413 0.81960785 0.79607844 0.81176472 0.81176472 0.79607844 0.80392158 0.81960785 0.81176472 0.80392158 0.81960785 0.82745099 0.81176472 0.81176472 0.82745099 0.81176472 0.82745099 0.80392158 0.81176472 0.81176472 0.81960785 0.82745099 0.82745099 0.81960785 0.81960785 0.83529413 0.82745099 0.81176472 0.81176472 0.81960785 0.81960785 0.81960785 0.79607844 0.78823531 0.79607844 0.80392158 0.80392158 0.79607844 0.79607844 0.78039217 0.78039217 0.78823531 0.77254903 0.76470590 0.74901962 0.42745101 -0.49803919 -0.81960785 -0.79607844 -0.85098040 -0.85882354 -0.86666667 -0.89019608 -0.89803922 -0.91372550 -0.91372550 -0.91372550 -0.89019608 -0.87450981 -0.87450981 -0.85098040 -0.81960785 -0.85098040 -0.90588236 -0.93725491 -0.92941177 -0.92941177 -0.93725491 -0.92941177 -0.91372550 -0.92941177 -0.91372550 -0.88235295 -0.92156863 -0.94509804 -0.95294118 -0.92941177 -0.94509804 -0.96078432 -0.96078432 -0.94509804 -0.94509804 -0.95294118 -0.96862745 -0.97647059 -0.96862745 -0.96862745 -0.96862745 -0.95294118 -0.95294118 -0.94509804 -0.96078432 -0.95294118 -0.95294118 -0.95294118 -0.94509804 -0.90588236 -0.89803922 -0.89803922 -0.89803922 -0.88235295 -0.89803922 -0.88235295 -0.63137257 -0.38823527 -0.05098039 0.56078434 0.78823531 0.81960785 0.82745099 0.84313726 0.87450981 0.88235295 0.87450981 0.89019608 0.89803922 0.89019608 0.90588236 0.90588236 0.89803922 0.92156863 0.92941177 0.92156863 0.92941177 0.92941177 0.93725491 0.94509804 0.95294118
0.83529413 0.82745099 0.80392158 0.81176472 0.80392158 0.81176472 0.82745099 0.84313726 0.81960785 0.81176472 0.82745099 0.81176472 0.81960785 0.81960785 0.81176472 0.81960785 0.81176472 0.82745099 0.81960785 0.81176472 0.81960785 0.81960785 0.80392158 0.81176472 0.81176472 0.81960785 0.82745099 0.80392158 0.81176472 0.81176472 0.81176472 0.81960785 0.80392158 0.80392158 0.79607844 0.79607844 0.78823531 0.79607844 0.78823531 0.77254903 0.78039217 0.78039217 0.76470590 0.74901962 0.72549021 0.17647064 -0.65490198 -0.81176472 -0.83529413 -0.84313726 -0.87450981 -0.88235295 -0.91372550 -0.91372550 -0.92941177 -0.92941177 -0.92156863 -0.90588236 -0.87450981 -0.87450981 -0.81176472 -0.82745099 -0.85098040 -0.90588236 -0.94509804 -0.93725491 -0.92156863 -0.93725491 -0.94509804 -0.92156863 -0.92941177 -0.88235295 -0.86666667 -0.92941177 -0.96078432 -0.96078432 -0.94509804 -0.95294118 -0.96862745 -0.96078432 -0.95294118 -0.97647059 -0.96078432 -0.96862745 -0.97647059 -0.96862745 -0.96078432 -0.96078432 -0.96862745 -0.96078432 -0.95294118 -0.96078432 -0.96078432 -0.96078432 -0.95294118 -0.95294118 -0.92941177 -0.91372550 -0.90588236 -0.89803922 -0.90588236 -0.87450981 -0.87450981 -0.52941179 -0.33333331 0.23137259 0.71764708 0.78823531 0.81176472 0.84313726 0.84313726 0.85098040 0.85882354 0.87450981 0.88235295 0.89019608 0.89803922 0.90588236 0.89803922 0.92941177 0.91372550 0.92156863 0.92156863 0.92941177 0.93725491 0.92156863 0.93725491 0.95294118
0.82745099 0.84313726 0.84313726 0.81960785 0.78823531 0.81960785 0.85098040 0.85098040 0.81176472 0.80392158 0.80392158 0.80392158 0.81176472 0.81176472 0.81176472 0.81960785 0.81960785 0.82745099 0.81960785 0.82745099 0.81176472 0.81960785 0.81176472 0.81176472 0.80392158 0.81176472 0.81960785 0.81176472 0.81176472 0.80392158 0.81176472 0.80392158 0.79607844 0.80392158 0.80392158 0.80392158 0.78823531 0.78039217 0.78039217 0.77254903 0.77254903 0.77254903 0.75686276 0.74901962 0.63921571 -0.19999999 -0.77254903 -0.79607844 -0.82745099 -0.82745099 -0.84313726 -0.86666667 -0.89019608 -0.87450981 -0.90588236 -0.91372550 -0.89803922 -0.91372550 -0.89803922 -0.88235295 -0.83529413 -0.84313726 -0.82745099 -0.87450981 -0.92156863 -0.92156863 -0.92156863 -0.92941177 -0.92156863 -0.92156863 -0.92156863 -0.87450981 -0.90588236 -0.93725491 -0.93725491 -0.91372550 -0.92156863 -0.94509804 -0.94509804 -0.95294118 -0.94509804 -0.94509804 -0.94509804 -0.95294118 -0.96862745 -0.96078432 -0.96078432 -0.96078432 -0.95294118 -0.95294118 -0.94509804 -0.95294118 -0.95294118 -0.93725491 -0.94509804 -0.92941177 -0.92156863 -0.91372550 -0.89019608 -0.89019608 -0.89803922 -0.85098040 -0.80392158 -0.47450978 -0.16862744 0.52156866 0.76470590 0.79607844 0.81960785 0.84313726 0.84313726 0.85098040 0.86666667 0.89019608 0.88235295 0.90588236 0.91372550 0.90588236 0.90588236 0.92156863 0.89803922 0.89803922 0.92156863 0.93725491 0.92941177 0.92941177 0.93725491 0.92941177
0.85098040 0.84313726 0.83529413 0.82745099 0.80392158 0.81176472 0.83529413 0.83529413 0.80392158 0.79607844 0.80392158 0.80392158 0.81176472 0.81176472 0.81960785 0.81176472 0.80392158 0.81960785 0.81960785 0.79607844 0.81176472 0.81176472 0.80392158 0.81960785 0.81176472 0.81176472 0.81176472 0.81176472 0.81176472 0.80392158 0.80392158 0.81176472 0.79607844 0.80392158 0.80392158 0.80392158 0.79607844 0.78039217 0.77254903 0.77254903 0.77254903 0.76470590 0.75686276 0.75686276 0.44313729 -0.56862748 -0.80392158 -0.81176472 -0.80392158 -0.81176472 -0.82745099 -0.87450981 -0.88235295 -0.88235295 -0.91372550 -0.91372550 -0.91372550 -0.91372550 -0.89803922 -0.89803922 -0.88235295 -0.83529413 -0.81960785 -0.82745099 -0.91372550 -0.93725491 -0.92941177 -0.94509804 -0.91372550 -0.91372550 -0.88235295 -0.85098040 -0.89803922 -0.94509804 -0.93725491 -0.89803922 -0.92156863 -0.95294118 -0.96078432 -0.96078432 -0.94509804 -0.96078432 -0.95294118 -0.94509804 -0.95294118 -0.96078432 -0.96862745 -0.95294118 -0.94509804 -0.95294118 -0.93725491 -0.96078432 -0.94509804 -0.94509804 -0.93725491 -0.93725491 -0.90588236 -0.89803922 -0.89803922 -0.90588236 -0.88235295 -0.88235295 -0.77254903 -0.41176468 -0.07450980 0.64705884 0.78823531 0.81176472 0.84313726 0.85098040 0.85098040 0.86666667 0.88235295 0.89019608 0.88235295 0.89019608 0.89019608 0.90588236 0.91372550 0.90588236 0.92156863 0.92941177 0.92941177 0.91372550 0.92156863 0.92941177 0.94509804 0.93725491
0.82745099 0.83529413 0.82745099 0.83529413 0.81960785 0.78823531 0.78823531 0.80392158 0.80392158 0.81176472 0.80392158 0.80392158 0.80392158 0.80392158 0.80392158 0.80392158 0.79607844 0.79607844 0.81176472 0.81176472 0.81960785 0.80392158 0.81176472 0.81176472 0.81960785 0.81176472 0.81176472 0.81176472 0.81176472 0.80392158 0.78823531 0.78823531 0.81176472 0.79607844 0.80392158 0.78823531 0.78823531 0.78823531 0.78823531 0.78039217 0.76470590 0.74901962 0.74117649 0.74117649 0.23137259 -0.70196080 -0.80392158 -0.81960785 -0.84313726 -0.84313726 -0.85882354 -0.89019608 -0.90588236 -0.92156863 -0.91372550 -0.93725491 -0.92156863 -0.92156863 -0.92156863 -0.93725491 -0.92941177 -0.88235295 -0.85882354 -0.86666667 -0.92941177 -0.94509804 -0.92941177 -0.93725491 -0.92941177 -0.92941177 -0.89019608 -0.85098040 -0.89803922 -0.93725491 -0.96078432 -0.92941177 -0.93725491 -0.93725491 -0.96078432 -0.98431373 -0.96862745 -0.97647059 -0.96862745 -0.96078432 -0.95294118 -0.96078432 -0.96078432 -0.96862745 -0.96078432 -0.96862745 -0.95294118 -0.96862745 -0.95294118 -0.96078432 -0.95294118 -0.93725491 -0.92941177 -0.92156863 -0.92941177 -0.91372550 -0.88235295 -0.87450981 -0.78039217 -0.41176468 0.05882359 0.71764708 0.79607844 0.81960785 0.83529413 0.84313726 0.85882354 0.85882354 0.86666667 0.88235295 0.87450981 0.89803922 0.89019608 0.90588236 0.91372550 0.90588236 0.92156863 0.94509804 0.92156863 0.93725491 0.94509804 0.94509804 0.95294118 0.94509804
0.79607844 0.80392158 0.82745099 0.81960785 0.82745099 0.81960785 0.80392158 0.78823531 0.80392158 0.80392158 0.79607844 0.81176472 0.80392158 0.80392158 0.81176472 0.81176472 0.81960785 0.80392158 0.80392158 0.81176472 0.81176472 0.81176472 0.81176472 0.80392158 0.80392158 0.81176472 0.81176472 0.80392158 0.81176472 0.80392158 0.79607844 0.78823531 0.80392158 0.80392158 0.80392158 0.80392158 0.79607844 0.79607844 0.77254903 0.77254903 0.76470590 0.76470590 0.74901962 0.71764708 0.01960790 -0.77254903 -0.81176472 -0.83529413 -0.85098040 -0.85098040 -0.87450981 -0.89803922 -0.92156863 -0.92156863 -0.92156863 -0.93725491 -0.93725491 -0.93725491 -0.92941177 -0.94509804 -0.92156863 -0.92156863 -0.92156863 -0.86666667 -0.89803922 -0.93725491 -0.92941177 -0.94509804 -0.93725491 -0.91372550 -0.89803922 -0.89803922 -0.92156863 -0.93725491 -0.96862745 -0.93725491 -0.94509804 -0.94509804 -0.96078432 -0.97647059 -0.96078432 -0.96862745 -0.96078432 -0.95294118 -0.96078432 -0.96078432 -0.96078432 -0.97647059 -0.97647059 -0.97647059 -0.95294118 -0.96078432 -0.95294118 -0.96078432 -0.96078432 -0.94509804 -0.93725491 -0.93725491 -0.93725491 -0.90588236 -0.87450981 -0.87450981 -0.78039217 -0.43529409 0.16862750 0.76470590 0.80392158 0.81960785 0.83529413 0.85098040 0.85882354 0.86666667 0.88235295 0.89019608 0.88235295 0.89019608 0.89019608 0.89019608 0.92156863 0.92156863 0.93725491 0.92941177 0.92941177 0.92941177 0.92941177 0.93725491 0.95294118 0.94509804
0.78823531 0.78039217 0.81176472 0.81960785 0.83529413 0.82745099 0.79607844 0.78823531 0.78823531 0.79607844 0.78823531 0.80392158 0.80392158 0.80392158 0.81176472 0.80392158 0.81176472 0.80392158 0.81176472 0.80392158 0.80392158 0.81176472 0.81176472 0.80392158 0.80392158 0.81176472 0.80392158 0.79607844 0.81176472 0.81176472 0.80392158 0.79607844 0.80392158 0.79607844 0.78823531 0.78039217 0.78039217 0.78039217 0.78039217 0.76470590 0.76470590 0.74901962 0.74117649 0.53725493 -0.41960782 -0.84313726 -0.84313726 -0.85882354 -0.86666667 -0.86666667 -0.87450981 -0.90588236 -0.90588236 -0.90588236 -0.93725491 -0.94509804 -0.94509804 -0.94509804 -0.94509804 -0.94509804 -0.93725491 -0.92156863 -0.93725491 -0.87450981 -0.87450981 -0.92941177 -0.96078432 -0.96078432 -0.93725491 -0.92156863 -0.89803922 -0.92941177 -0.94509804 -0.95294118 -0.96078432 -0.92941177 -0.94509804 -0.96862745 -0.97647059 -0.97647059 -0.96078432 -0.96862745 -0.97647059 -0.97647059 -0.97647059 -0.96078432 -0.95294118 -0.97647059 -0.97647059 -0.96078432 -0.96078432 -0.95294118 -0.96078432 -0.96862745 -0.95294118 -0.94509804 -0.94509804 -0.93725491 -0.93725491 -0.89803922 -0.85882354 -0.87450981 -0.70196080 -0.38823527 0.14509809 0.74117649 0.81176472 0.81960785 0.83529413 0.84313726 0.86666667 0.86666667 0.87450981 0.89019608 0.89019608 0.89019608 0.89019608 0.89019608 0.92156863 0.92941177 0.91372550 0.90588236 0.91372550 0.91372550 0.92156863 0.92156863 0.94509804 0.92941177
0.78823531 0.78823531 0.79607844 0.78823531 0.81176472 0.80392158 0.79607844 0.80392158 0.80392158 0.78823531 0.80392158 0.81176472 0.80392158 0.80392158 0.80392158 0.80392158 0.79607844 0.80392158 0.80392158 0.80392158 0.80392158 0.81176472 0.81960785 0.81960785 0.80392158 0.81176472 0.81176472 0.80392158 0.81176472 0.81176472 0.80392158 0.79607844 0.78823531 0.78823531 0.78039217 0.77254903 0.78039217 0.78039217 0.78039217 0.76470590 0.76470590 0.74117649 0.72549021 0.10588241 -0.79607844 -0.81176472 -0.81176472 -0.82745099 -0.85882354 -0.85882354 -0.85882354 -0.90588236 -0.89803922 -0.89803922 -0.92156863 -0.93725491 -0.93725491 -0.92941177 -0.93725491 -0.93725491 -0.93725491 -0.93725491 -0.90588236 -0.87450981 -0.85882354 -0.93725491 -0.92941177 -0.94509804 -0.92941177 -0.89019608 -0.89019608 -0.92941177 -0.92941177 -0.93725491 -0.92941177 -0.92156863 -0.93725491 -0.95294118 -0.96078432 -0.96862745 -0.95294118 -0.96078432 -0.96862745 -0.96862745 -0.95294118 -0.95294118 -0.95294118 -0.96862745 -0.96078432 -0.95294118 -0.94509804 -0.94509804 -0.95294118 -0.96078432 -0.93725491 -0.93725491 -0.95294118 -0.92941177 -0.92156863 -0.88235295 -0.85098040 -0.85882354 -0.62352943 -0.35686272 0.27058828 0.74901962 0.80392158 0.81960785 0.85098040 0.85098040 0.85098040 0.87450981 0.88235295 0.87450981 0.88235295 0.89019608 0.89019608 0.89803922 0.91372550 0.90588236 0.91372550 0.91372550 0.91372550 0.91372550 0.92941177 0.91372550 0.92941177 0.90588236
0.78039217 0.78823531 0.79607844 0.78823531 0.79607844 0.79607844 0.80392158 0.80392158 0.79607844 0.79607844 0.79607844 0.81176472 0.80392158 0.80392158 0.80392158 0.80392158 0.79607844 0.80392158 0.79607844 0.79607844 0.80392158 0.80392158 0.81176472 0.81176472 0.81176472 0.81176472 0.78823531 0.79607844 0.79607844 0.79607844 0.80392158 0.79607844 0.80392158 0.78039217 0.78039217 0.77254903 0.77254903 0.78823531 0.77254903 0.76470590 0.76470590 0.74117649 0.67843139 0.00392163 -0.77254903 -0.80392158 -0.79607844 -0.81176472 -0.82745099 -0.85098040 -0.85882354 -0.87450981 -0.87450981 -0.90588236 -0.91372550 -0.91372550 -0.92941177 -0.92156863 -0.92941177 -0.94509804 -0.92941177 -0.92941177 -0.91372550 -0.89803922 -0.88235295 -0.92156863 -0.93725491 -0.93725491 -0.92941177 -0.88235295 -0.88235295 -0.92941177 -0.92941177 -0.94509804 -0.92941177 -0.92156863 -0.92941177 -0.93725491 -0.95294118 -0.96862745 -0.95294118 -0.96078432 -0.95294118 -0.95294118 -0.95294118 -0.95294118 -0.95294118 -0.94509804 -0.95294118 -0.95294118 -0.95294118 -0.94509804 -0.93725491 -0.94509804 -0.95294118 -0.94509804 -0.92156863 -0.91372550 -0.91372550 -0.87450981 -0.84313726 -0.85882354 -0.61568630 -0.19215685 0.50588238 0.75686276 0.81176472 0.82745099 0.83529413 0.84313726 0.85098040 0.85882354 0.85882354 0.86666667 0.89019608 0.89019608 0.89803922 0.87450981 0.90588236 0.91372550 0.92156863 0.89803922 0.90588236 0.91372550 0.92156863 0.90588236 0.92941177 0.89803922
0.78039217 0.78823531 0.80392158 0.79607844 0.79607844 0.79607844 0.78823531 0.78823531 0.79607844 0.79607844 0.80392158 0.80392158 0.80392158 0.80392158 0.80392158 0.80392158 0.80392158 0.81176472 0.81176472 0.79607844 0.78823531 0.81176472 0.80392158 0.80392158 0.81176472 0.80392158 0.79607844 0.78823531 0.79607844 0.79607844 0.79607844 0.79607844 0.78823531 0.78039217 0.78039217 0.76470590 0.76470590 0.77254903 0.75686276 0.75686276 0.75686276 0.75686276 0.56862748 -0.31764704 -0.81960785 -0.81176472 -0.81176472 -0.81960785 -0.83529413 -0.85882354 -0.86666667 -0.87450981 -0.88235295 -0.90588236 -0.90588236 -0.91372550 -0.93725491 -0.92941177 -0.92941177 -0.93725491 -0.93725491 -0.93725491 -0.91372550 -0.90588236 -0.86666667 -0.91372550 -0.93725491 -0.93725491 -0.92156863 -0.88235295 -0.89019608 -0.93725491 -0.94509804 -0.94509804 -0.92156863 -0.92941177 -0.94509804 -0.94509804 -0.95294118 -0.96078432 -0.96078432 -0.94509804 -0.95294118 -0.94509804 -0.96078432 -0.96078432 -0.94509804 -0.95294118 -0.96078432 -0.95294118 -0.94509804 -0.94509804 -0.93725491 -0.93725491 -0.93725491 -0.94509804 -0.92156863 -0.92156863 -0.91372550 -0.88235295 -0.81960785 -0.83529413 -0.60784316 -0.10588235 0.63921571 0.77254903 0.81176472 0.82745099 0.83529413 0.85098040 0.85882354 0.86666667 0.87450981 0.86666667 0.89019608 0.89019608 0.89803922 0.89019608 0.89803922 0.91372550 0.91372550 0.89803922 0.92941177 0.92941177 0.92941177 0.92941177 0.92156863 0.90588236
0.79607844 0.79607844 0.78823531 0.78823531 0.78823531 0.80392158 0.79607844 0.78823531 0.78823531 0.79607844 0.80392158 0.79607844 0.79607844 0.80392158 0.79607844 0.79607844 0.79607844 0.80392158 0.80392158 0.79607844 0.78823531 0.81176472 0.79607844 0.81176472 0.80392158 0.79607844 0.80392158 0.80392158 0.79607844 0.78823531 0.78823531 0.79607844 0.78039217 0.77254903 0.77254903 0.75686276 0.75686276 0.75686276 0.75686276 0.74901962 0.74901962 0.72549021 0.09019613 -0.78039217 -0.84313726 -0.85882354 -0.84313726 -0.83529413 -0.85882354 -0.86666667 -0.89019608 -0.90588236 -0.92941177 -0.91372550 -0.92156863 -0.93725491 -0.94509804 -0.93725491 -0.95294118 -0.94509804 -0.93725491 -0.94509804 -0.92941177 -0.91372550 -0.88235295 -0.90588236 -0.92941177 -0.95294118 -0.94509804 -0.89803922 -0.89803922 -0.95294118 -0.95294118 -0.95294118 -0.95294118 -0.96078432 -0.97647059 -0.96862745 -0.96078432 -0.97647059 -0.96862745 -0.95294118 -0.96862745 -0.96078432 -0.96862745 -0.96862745 -0.96862745 -0.96078432 -0.96078432 -0.96078432 -0.95294118 -0.96862745 -0.94509804 -0.95294118 -0.96078432 -0.95294118 -0.96078432 -0.92941177 -0.92156863 -0.87450981 -0.84313726 -0.85882354 -0.64705884 -0.07450980 0.64705884 0.80392158 0.80392158 0.82745099 0.84313726 0.85098040 0.86666667 0.87450981 0.89019608 0.88235295 0.89019608 0.89803922 0.89803922 0.91372550 0.89803922 0.89803922 0.92156863 0.91372550 0.91372550 0.92941177 0.92941177 0.94509804 0.92941177 0.92156863
0.78823531 0.78823531 0.78039217 0.77254903 0.79607844 0.79607844 0.79607844 0.78039217 0.79607844 0.79607844 0.79607844 0.79607844 0.80392158 0.78823531 0.79607844 0.79607844 0.79607844 0.79607844 0.79607844 0.79607844 0.79607844 0.80392158 0.81176472 0.79607844 0.78823531 0.78823531 0.78823531 0.79607844 0.78823531 0.78823531 0.78823531 0.78039217 0.77254903 0.76470590 0.76470590 0.75686276 0.75686276 0.75686276 0.75686276 0.75686276 0.74901962 0.52156866 -0.40392154 -0.83529413 -0.83529413 -0.85882354 -0.85098040 -0.85882354 -0.84313726 -0.85882354 -0.88235295 -0.91372550 -0.92156863 -0.92156863 -0.92941177 -0.93725491 -0.93725491 -0.93725491 -0.95294118 -0.95294118 -0.95294118 -0.96078432 -0.94509804 -0.93725491 -0.88235295 -0.91372550 -0.92941177 -0.92941177 -0.93725491 -0.87450981 -0.90588236 -0.95294118 -0.96078432 -0.96078432 -0.96862745 -0.95294118 -0.96078432 -0.96078432 -0.96078432 -0.96862745 -0.96078432 -0.96862745 -0.96078432 -0.96862745 -0.96862745 -0.96862745 -0.96078432 -0.96078432 -0.96862745 -0.96078432 -0.95294118 -0.95294118 -0.94509804 -0.96862745 -0.96862745 -0.96078432 -0.94509804 -0.93725491 -0.92941177 -0.87450981 -0.84313726 -0.88235295 -0.76470590 -0.12156862 0.63921571 0.78823531 0.81960785 0.82745099 0.83529413 0.84313726 0.84313726 0.86666667 0.89019608 0.89803922 0.90588236 0.89019608 0.89019608 0.92156863 0.89803922 0.88235295 0.91372550 0.92156863 0.92156863 0.92156863 0.92156863 0.92156863 0.90588236 0.92156863
0.78039217 0.78039217 0.78823531 0.78823531 0.79607844 0.79607844 0.78823531 0.78823531 0.78823531 0.78823531 0.79607844 0.80392158 0.79607844 0.78823531 0.78823531 0.79607844 0.78823531 0.78823531 0.80392158 0.80392158 0.79607844 0.80392158 0.79607844 0.77254903 0.78823531 0.78823531 0.78039217 0.78039217 0.78823531 0.78039217 0.78039217 0.77254903 0.76470590 0.76470590 0.75686276 0.74901962 0.74901962 0.74117649 0.74117649 0.73333335 0.57647061 -0.25490195 -0.81176472 -0.82745099 -0.83529413 -0.85098040 -0.83529413 -0.83529413 -0.85098040 -0.87450981 -0.88235295 -0.91372550 -0.92156863 -0.92156863 -0.91372550 -0.92156863 -0.92941177 -0.92941177 -0.93725491 -0.92941177 -0.93725491 -0.94509804 -0.92941177 -0.91372550 -0.85098040 -0.88235295 -0.89803922 -0.90588236 -0.90588236 -0.87450981 -0.89019608 -0.94509804 -0.94509804 -0.92941177 -0.94509804 -0.93725491 -0.95294118 -0.95294118 -0.95294118 -0.95294118 -0.93725491 -0.94509804 -0.95294118 -0.95294118 -0.94509804 -0.94509804 -0.95294118 -0.95294118 -0.95294118 -0.95294118 -0.93725491 -0.94509804 -0.94509804 -0.94509804 -0.93725491 -0.94509804 -0.92941177 -0.92941177 -0.92941177 -0.89019608 -0.85098040 -0.84313726 -0.82745099 -0.37254900 0.52156866 0.79607844 0.81960785 0.82745099 0.82745099 0.83529413 0.85098040 0.87450981 0.87450981 0.88235295 0.87450981 0.87450981 0.89803922 0.90588236 0.89803922 0.91372550 0.89803922 0.90588236 0.92156863 0.92156863 0.90588236 0.92156863 0.91372550 0.90588236
0.78823531 0.80392158 0.78823531 0.78039217 0.79607844 0.79607844 0.79607844 0.78823531 0.78039217 0.78039217 0.78823531 0.78039217 0.79607844 0.79607844 0.78823531 0.79607844 0.78823531 0.78823531 0.79607844 0.79607844 0.80392158 0.79607844 0.78039217 0.75686276 0.78823531 0.80392158 0.79607844 0.78039217 0.78823531 0.78039217 0.78823531 0.77254903 0.77254903 0.76470590 0.75686276 0.75686276 0.75686276 0.76470590 0.75686276 0.64705884 -0.12156862 -0.77254903 -0.78039217 -0.80392158 -0.80392158 -0.80392158 -0.81960785 -0.81960785 -0.83529413 -0.86666667 -0.89019608 -0.89019608 -0.89803922 -0.89019608 -0.89803922 -0.92156863 -0.90588236 -0.90588236 -0.91372550 -0.92941177 -0.92156863 -0.92941177 -0.91372550 -0.87450981 -0.84313726 -0.84313726 -0.87450981 -0.89019608 -0.89019608 -0.88235295 -0.89803922 -0.91372550 -0.92941177 -0.91372550 -0.90588236 -0.91372550 -0.92941177 -0.92941177 -0.92941177 -0.93725491 -0.92941177 -0.92941177 -0.92941177 -0.93725491 -0.93725491 -0.93725491 -0.93725491 -0.93725491 -0.92156863 -0.94509804 -0.92941177 -0.94509804 -0.92156863 -0.93725491 -0.93725491 -0.92156863 -0.92156863 -0.92156863 -0.89803922 -0.85882354 -0.84313726 -0.81960785 -0.78823531 -0.59215689 0.19215691 0.74117649 0.81176472 0.81960785 0.82745099 0.82745099 0.84313726 0.85098040 0.85882354 0.85882354 0.86666667 0.88235295 0.89019608 0.88235295 0.89803922 0.92156863 0.90588236 0.92156863 0.91372550 0.92941177 0.92941177 0.90588236 0.90588236 0.92156863
0.78039217 0.79607844 0.79607844 0.78823531 0.79607844 0.78039217 0.79607844 0.78823531 0.78039217 0.78039217 0.79607844 0.76470590 0.79607844 0.80392158 0.78823531 0.79607844 0.78823531 0.78823531 0.77254903 0.78823531 0.79607844 0.79607844 0.78823531 0.77254903 0.78823531 0.79607844 0.79607844 0.78039217 0.77254903 0.78039217 0.78823531 0.77254903 0.76470590 0.76470590 0.75686276 0.76470590 0.74901962 0.74117649 0.73333335 0.37254906 -0.57647061 -0.78823531 -0.79607844 -0.81176472 -0.81176472 -0.81960785 -0.82745099 -0.84313726 -0.86666667 -0.87450981 -0.89803922 -0.89803922 -0.89803922 -0.89019608 -0.91372550 -0.90588236 -0.91372550 -0.92156863 -0.91372550 -0.92156863 -0.92156863 -0.92156863 -0.92156863 -0.85882354 -0.85882354 -0.85882354 -0.85098040 -0.87450981 -0.87450981 -0.89019608 -0.92156863 -0.92941177 -0.93725491 -0.91372550 -0.92941177 -0.93725491 -0.92941177 -0.92941177 -0.92941177 -0.92941177 -0.94509804 -0.94509804 -0.93725491 -0.92941177 -0.92941177 -0.93725491 -0.92941177 -0.92941177 -0.92156863 -0.92941177 -0.92156863 -0.92941177 -0.92941177 -0.93725491 -0.92156863 -0.92156863 -0.92941177 -0.91372550 -0.89019608 -0.85098040 -0.85098040 -0.83529413 -0.78823531 -0.67058825 -0.08235294 0.63921571 0.79607844 0.81176472 0.81960785 0.83529413 0.84313726 0.85882354 0.87450981 0.86666667 0.88235295 0.88235295 0.89019608 0.88235295 0.88235295 0.89803922 0.91372550 0.91372550 0.90588236 0.90588236 0.92156863 0.91372550 0.92156863 0.90588236
0.76470590 0.77254903 0.78039217 0.78039217 0.78039217 0.78039217 0.77254903 0.78039217 0.78039217 0.78039217 0.78039217 0.78039217 0.78039217 0.77254903 0.78039217 0.78823531 0.79607844 0.78039217 0.76470590 0.78823531 0.78039217 0.79607844 0.78039217 0.78823531 0.78823531 0.78823531 0.78823531 0.77254903 0.76470590 0.76470590 0.76470590 0.76470590 0.76470590 0.75686276 0.74117649 0.74901962 0.75686276 0.73333335 0.68627453 0.12941182 -0.70980394 -0.80392158 -0.81176472 -0.82745099 -0.82745099 -0.84313726 -0.85098040 -0.84313726 -0.87450981 -0.89019608 -0.89803922 -0.91372550 -0.91372550 -0.90588236 -0.90588236 -0.91372550 -0.91372550 -0.92941177 -0.92156863 -0.92941177 -0.92156863 -0.92156863 -0.91372550 -0.87450981 -0.85882354 -0.86666667 -0.86666667 -0.85098040 -0.85882354 -0.88235295 -0.92941177 -0.93725491 -0.92941177 -0.91372550 -0.92941177 -0.92156863 -0.93725491 -0.92941177 -0.93725491 -0.95294118 -0.95294118 -0.93725491 -0.93725491 -0.93725491 -0.94509804 -0.94509804 -0.93725491 -0.93725491 -0.93725491 -0.94509804 -0.93725491 -0.93725491 -0.92156863 -0.93725491 -0.92941177 -0.92156863 -0.92941177 -0.92156863 -0.89803922 -0.85098040 -0.85098040 -0.84313726 -0.80392158 -0.72549021 -0.30196077 0.49019611 0.78039217 0.80392158 0.83529413 0.82745099 0.83529413 0.85098040 0.88235295 0.86666667 0.86666667 0.87450981 0.88235295 0.87450981 0.88235295 0.88235295 0.89803922 0.90588236 0.89019608 0.90588236 0.90588236 0.90588236 0.90588236 0.90588236
0.76470590 0.76470590 0.78039217 0.78039217 0.78039217 0.78039217 0.78823531 0.78039217 0.76470590 0.78039217 0.77254903 0.75686276 0.76470590 0.78039217 0.78823531 0.78823531 0.78823531 0.77254903 0.78039217 0.78039217 0.78039217 0.79607844 0.78039217 0.76470590 0.77254903 0.78823531 0.78039217 0.76470590 0.75686276 0.76470590 0.76470590 0.75686276 0.75686276 0.74901962 0.73333335 0.74117649 0.74901962 0.74901962 0.50588238 -0.42745095 -0.81176472 -0.81176472 -0.82745099 -0.83529413 -0.83529413 -0.82745099 -0.82745099 -0.87450981 -0.88235295 -0.89803922 -0.90588236 -0.92156863 -0.92156863 -0.92156863 -0.92941177 -0.91372550 -0.92941177 -0.93725491 -0.94509804 -0.93725491 -0.94509804 -0.94509804 -0.92156863 -0.89019608 -0.87450981 -0.86666667 -0.85882354 -0.85098040 -0.85098040 -0.90588236 -0.92156863 -0.93725491 -0.92941177 -0.93725491 -0.94509804 -0.94509804 -0.95294118 -0.94509804 -0.95294118 -0.95294118 -0.95294118 -0.93725491 -0.92941177 -0.94509804 -0.94509804 -0.95294118 -0.96078432 -0.95294118 -0.94509804 -0.94509804 -0.92941177 -0.94509804 -0.94509804 -0.94509804 -0.93725491 -0.93725491 -0.95294118 -0.92156863 -0.89019608 -0.85882354 -0.87450981 -0.85882354 -0.85098040 -0.79607844 -0.48235291 0.28627455 0.75686276 0.80392158 0.82745099 0.84313726 0.84313726 0.83529413 0.85098040 0.85882354 0.86666667 0.87450981 0.87450981 0.88235295 0.87450981 0.88235295 0.89803922 0.89019608 0.91372550 0.89803922 0.91372550 0.89803922 0.89803922 0.92941177
0.77254903 0.78039217 0.78039217 0.78039217 0.79607844 0.78823531 0.78823531 0.78823531 0.78039217 0.78039217 0.78039217 0.78039217 0.77254903 0.78823531 0.79607844 0.78823531 0.78823531 0.78039217 0.78823531 0.78039217 0.78823531 0.79607844 0.77254903 0.77254903 0.78039217 0.79607844 0.78039217 0.76470590 0.75686276 0.77254903 0.76470590 0.76470590 0.76470590 0.75686276 0.77254903 0.76470590 0.74901962 0.73333335 0.19215691 -0.77254903 -0.82745099 -0.84313726 -0.85882354 -0.85098040 -0.84313726 -0.84313726 -0.85882354 -0.89803922 -0.90588236 -0.92156863 -0.93725491 -0.92941177 -0.92941177 -0.92941177 -0.94509804 -0.94509804 -0.92941177 -0.94509804 -0.95294118 -0.96078432 -0.96862745 -0.95294118 -0.94509804 -0.93725491 -0.89019608 -0.85882354 -0.86666667 -0.86666667 -0.85882354 -0.90588236 -0.93725491 -0.96862745 -0.95294118 -0.94509804 -0.96078432 -0.96078432 -0.96862745 -0.95294118 -0.95294118 -0.96862745 -0.95294118 -0.95294118 -0.95294118 -0.96862745 -0.95294118 -0.95294118 -0.95294118 -0.96078432 -0.95294118 -0.95294118 -0.93725491 -0.96078432 -0.96078432 -0.96078432 -0.96862745 -0.96078432 -0.95294118 -0.94509804 -0.92941177 -0.89803922 -0.90588236 -0.88235295 -0.85098040 -0.81960785 -0.67058825 -0.02745098 0.67058825 0.80392158 0.81960785 0.84313726 0.85098040 0.85098040 0.85098040 0.86666667 0.89019608 0.88235295 0.88235295 0.87450981 0.87450981 0.88235295 0.89803922 0.90588236 0.91372550 0.92156863 0.90588236 0.90588236 0.92156863 0.92156863
0.77254903 0.77254903 0.77254903 0.78823531 0.78823531 0.78039217 0.78039217 0.78823531 0.77254903 0.78039217 0.78039217 0.78823531 0.78039217 0.78823531 0.79607844 0.77254903 0.80392158 0.78823531 0.78823531 0.78039217 0.78039217 0.78039217 0.77254903 0.78039217 0.78823531 0.78823531 0.77254903 0.75686276 0.76470590 0.75686276 0.76470590 0.76470590 0.76470590 0.76470590 0.75686276 0.74901962 0.74117649 0.70980394 0.12941182 -0.75686276 -0.85098040 -0.86666667 -0.85882354 -0.83529413 -0.82745099 -0.84313726 -0.85098040 -0.89019608 -0.91372550 -0.91372550 -0.92156863 -0.91372550 -0.92156863 -0.92156863 -0.93725491 -0.94509804 -0.93725491 -0.93725491 -0.92941177 -0.95294118 -0.95294118 -0.94509804 -0.94509804 -0.92156863 -0.89803922 -0.85882354 -0.86666667 -0.86666667 -0.86666667 -0.92156863 -0.93725491 -0.96078432 -0.92941177 -0.93725491 -0.93725491 -0.96862745 -0.96862745 -0.94509804 -0.96078432 -0.96078432 -0.93725491 -0.96078432 -0.96078432 -0.96078432 -0.93725491 -0.95294118 -0.96078432 -0.96078432 -0.95294118 -0.95294118 -0.93725491 -0.95294118 -0.96078432 -0.96862745 -0.96862745 -0.94509804 -0.94509804 -0.92941177 -0.88235295 -0.89803922 -0.89803922 -0.85882354 -0.83529413 -0.80392158 -0.70980394 -0.27058822 0.48235297 0.77254903 0.81176472 0.82745099 0.83529413 0.84313726 0.85098040 0.85882354 0.88235295 0.88235295 0.87450981 0.89803922 0.89019608 0.89019608 0.89803922 0.92156863 0.91372550 0.91372550 0.90588236 0.93725491 0.93725491 0.92156863
0.74901962 0.77254903 0.76470590 0.75686276 0.77254903 0.77254903 0.78823531 0.76470590 0.76470590 0.76470590 0.76470590 0.77254903 0.76470590 0.77254903 0.77254903 0.77254903 0.78039217 0.78039217 0.78039217 0.78039217 0.77254903 0.75686276 0.77254903 0.78039217 0.77254903 0.77254903 0.75686276 0.74901962 0.75686276 0.74901962 0.75686276 0.75686276 0.75686276 0.74117649 0.74117649 0.74117649 0.73333335 0.64705884 -0.06666666 -0.77254903 -0.82745099 -0.84313726 -0.85882354 -0.82745099 -0.81960785 -0.82745099 -0.82745099 -0.89019608 -0.89019608 -0.90588236 -0.90588236 -0.90588236 -0.91372550 -0.90588236 -0.91372550 -0.93725491 -0.92156863 -0.92941177 -0.92941177 -0.92941177 -0.92941177 -0.94509804 -0.93725491 -0.92156863 -0.89803922 -0.86666667 -0.85098040 -0.86666667 -0.88235295 -0.89803922 -0.92156863 -0.94509804 -0.89803922 -0.94509804 -0.94509804 -0.95294118 -0.95294118 -0.95294118 -0.95294118 -0.95294118 -0.93725491 -0.94509804 -0.95294118 -0.94509804 -0.94509804 -0.92941177 -0.95294118 -0.95294118 -0.92941177 -0.92941177 -0.92941177 -0.94509804 -0.92941177 -0.93725491 -0.94509804 -0.92156863 -0.92156863 -0.91372550 -0.86666667 -0.88235295 -0.88235295 -0.83529413 -0.81176472 -0.78039217 -0.67843139 -0.27843136 0.38823533 0.73333335 0.78823531 0.81176472 0.83529413 0.84313726 0.83529413 0.85098040 0.86666667 0.87450981 0.86666667 0.88235295 0.85882354 0.88235295 0.88235295 0.88235295 0.87450981 0.86666667 0.89019608 0.90588236 0.89803922 0.91372550
0.76470590 0.76470590 0.76470590 0.76470590 0.77254903 0.77254903 0.77254903 0.77254903 0.77254903 0.76470590 0.77254903 0.77254903 0.77254903 0.77254903 0.78039217 0.78823531 0.78039217 0.77254903 0.78039217 0.78823531 0.78039217 0.75686276 0.76470590 0.76470590 0.75686276 0.76470590 0.76470590 0.75686276 0.76470590 0.75686276 0.75686276 0.75686276 0.74901962 0.74117649 0.74117649 0.74117649 0.72549021 0.49019611 -0.55294120 -0.81960785 -0.82745099 -0.85098040 -0.85098040 -0.82745099 -0.83529413 -0.85098040 -0.86666667 -0.89019608 -0.89803922 -0.91372550 -0.92156863 -0.91372550 -0.92156863 -0.90588236 -0.91372550 -0.93725491 -0.92941177 -0.92941177 -0.94509804 -0.94509804 -0.92941177 -0.94509804 -0.95294118 -0.92156863 -0.90588236 -0.87450981 -0.88235295 -0.89019608 -0.88235295 -0.90588236 -0.93725491 -0.93725491 -0.90588236 -0.93725491 -0.94509804 -0.94509804 -0.96078432 -0.96078432 -0.96862745 -0.96862745 -0.94509804 -0.95294118 -0.95294118 -0.96078432 -0.96078432 -0.90588236 -0.95294118 -0.96078432 -0.94509804 -0.95294118 -0.94509804 -0.95294118 -0.93725491 -0.94509804 -0.95294118 -0.93725491 -0.93725491 -0.90588236 -0.86666667 -0.87450981 -0.88235295 -0.82745099 -0.81960785 -0.79607844 -0.70196080 -0.24705881 0.44313729 0.72549021 0.78039217 0.81176472 0.81960785 0.82745099 0.85098040 0.85098040 0.85098040 0.85882354 0.86666667 0.88235295 0.86666667 0.86666667 0.87450981 0.89019608 0.89803922 0.89019608 0.91372550 0.90588236 0.90588236 0.91372550
0.77254903 0.78039217 0.77254903 0.77254903 0.78039217 0.78039217 0.78039217 0.78823531 0.77254903 0.78039217 0.78039217 0.77254903 0.78039217 0.78039217 0.78823531 0.78823531 0.78823531 0.78039217 0.78039217 0.79607844 0.78823531 0.77254903 0.78039217 0.78039217 0.77254903 0.77254903 0.76470590 0.76470590 0.75686276 0.75686276 0.74901962 0.74901962 0.76470590 0.74901962 0.74901962 0.72549021 0.72549021 0.33333337 -0.64705884 -0.81176472 -0.84313726 -0.85882354 -0.85882354 -0.85882354 -0.83529413 -0.87450981 -0.85882354 -0.87450981 -0.88235295 -0.92156863 -0.90588236 -0.92156863 -0.93725491 -0.90588236 -0.93725491 -0.96078432 -0.94509804 -0.93725491 -0.95294118 -0.93725491 -0.94509804 -0.95294118 -0.93725491 -0.94509804 -0.92156863 -0.88235295 -0.89019608 -0.89019608 -0.91372550 -0.92941177 -0.91372550 -0.93725491 -0.90588236 -0.94509804 -0.96862745 -0.96078432 -0.96862745 -0.96078432 -0.96078432 -0.96078432 -0.95294118 -0.95294118 -0.94509804 -0.96078432 -0.96862745 -0.95294118 -0.94509804 -0.94509804 -0.95294118 -0.95294118 -0.93725491 -0.95294118 -0.94509804 -0.96078432 -0.96078432 -0.94509804 -0.93725491 -0.90588236 -0.88235295 -0.89803922 -0.89019608 -0.84313726 -0.82745099 -0.79607844 -0.71764708 -0.36470586 0.40392160 0.74901962 0.78823531 0.82745099 0.82745099 0.84313726 0.84313726 0.86666667 0.85882354 0.85882354 0.89019608 0.88235295 0.87450981 0.86666667 0.89019608 0.88235295 0.93725491 0.91372550 0.90588236 0.91372550 0.92941177 0.92156863
0.77254903 0.77254903 0.77254903 0.77254903 0.77254903 0.78039217 0.78039217 0.78039217 0.77254903 0.78039217 0.78823531 0.78823531 0.78039217 0.77254903 0.78823531 0.79607844 0.78823531 0.78039217 0.78823531 0.78039217 0.78039217 0.78823531 0.78039217 0.76470590 0.76470590 0.77254903 0.76470590 0.76470590 0.75686276 0.75686276 0.75686276 0.76470590 0.76470590 0.74901962 0.74901962 0.72549021 0.72549021 0.38823533 -0.67058825 -0.83529413 -0.85098040 -0.85098040 -0.85882354 -0.89019608 -0.85098040 -0.85882354 -0.84313726 -0.87450981 -0.89019608 -0.89803922 -0.90588236 -0.91372550 -0.93725491 -0.90588236 -0.93725491 -0.93725491 -0.94509804 -0.94509804 -0.95294118 -0.94509804 -0.94509804 -0.94509804 -0.95294118 -0.95294118 -0.90588236 -0.88235295 -0.88235295 -0.88235295 -0.92156863 -0.91372550 -0.92156863 -0.90588236 -0.90588236 -0.96078432 -0.96078432 -0.94509804 -0.96078432 -0.95294118 -0.96078432 -0.96078432 -0.94509804 -0.95294118 -0.93725491 -0.94509804 -0.95294118 -0.95294118 -0.95294118 -0.95294118 -0.92941177 -0.94509804 -0.93725491 -0.94509804 -0.94509804 -0.96862745 -0.94509804 -0.94509804 -0.92156863 -0.86666667 -0.88235295 -0.90588236 -0.85882354 -0.84313726 -0.79607844 -0.77254903 -0.68627453 -0.38823527 0.29411769 0.70980394 0.79607844 0.81960785 0.82745099 0.84313726 0.85098040 0.85098040 0.86666667 0.85882354 0.88235295 0.87450981 0.86666667 0.87450981 0.89803922 0.90588236 0.89019608 0.89803922 0.89019608 0.90588236 0.92156863 0.90588236
0.76470590 0.75686276 0.77254903 0.78039217 0.78039217 0.78039217 0.76470590 0.77254903 0.76470590 0.78039217 0.77254903 0.78039217 0.78039217 0.77254903 0.77254903 0.79607844 0.76470590 0.77254903 0.78823531 0.79607844 0.77254903 0.78823531 0.77254903 0.77254903 0.76470590 0.77254903 0.75686276 0.74901962 0.76470590 0.75686276 0.74901962 0.75686276 0.74901962 0.74901962 0.74901962 0.72549021 0.71764708 0.26274514 -0.68627453 -0.81176472 -0.84313726 -0.84313726 -0.86666667 -0.88235295 -0.84313726 -0.85098040 -0.85882354 -0.88235295 -0.88235295 -0.90588236 -0.89019608 -0.90588236 -0.92156863 -0.92156863 -0.94509804 -0.93725491 -0.93725491 -0.92941177 -0.92941177 -0.93725491 -0.94509804 -0.95294118 -0.95294118 -0.94509804 -0.91372550 -0.89803922 -0.88235295 -0.87450981 -0.89803922 -0.90588236 -0.91372550 -0.92156863 -0.91372550 -0.93725491 -0.93725491 -0.93725491 -0.95294118 -0.94509804 -0.95294118 -0.96862745 -0.95294118 -0.96078432 -0.94509804 -0.95294118 -0.93725491 -0.95294118 -0.96078432 -0.94509804 -0.90588236 -0.92941177 -0.94509804 -0.94509804 -0.93725491 -0.93725491 -0.93725491 -0.93725491 -0.90588236 -0.85098040 -0.89019608 -0.89019608 -0.85098040 -0.81960785 -0.78823531 -0.73333335 -0.62352943 -0.30980390 0.29411769 0.67843139 0.78823531 0.83529413 0.81960785 0.83529413 0.85098040 0.85882354 0.85882354 0.85882354 0.90588236 0.89019608 0.88235295 0.89019608 0.89803922 0.92941177 0.91372550 0.89803922 0.92156863 0.92156863 0.95294118 0.94509804
0.75686276 0.75686276 0.76470590 0.78039217 0.78823531 0.78039217 0.77254903 0.77254903 0.77254903 0.76470590 0.77254903 0.76470590 0.76470590 0.78039217 0.76470590 0.78039217 0.77254903 0.76470590 0.78039217 0.77254903 0.78039217 0.76470590 0.76470590 0.76470590 0.77254903 0.77254903 0.75686276 0.75686276 0.76470590 0.75686276 0.75686276 0.74901962 0.74117649 0.74901962 0.74117649 0.74117649 0.71764708 0.27058828 -0.70196080 -0.81960785 -0.82745099 -0.83529413 -0.86666667 -0.85098040 -0.84313726 -0.84313726 -0.84313726 -0.85882354 -0.85882354 -0.89019608 -0.90588236 -0.91372550 -0.92156863 -0.89803922 -0.92941177 -0.93725491 -0.92941177 -0.92941177 -0.92941177 -0.92156863 -0.93725491 -0.92941177 -0.92941177 -0.92941177 -0.89803922 -0.87450981 -0.87450981 -0.89019608 -0.88235295 -0.90588236 -0.89019608 -0.89803922 -0.92156863 -0.92941177 -0.93725491 -0.94509804 -0.94509804 -0.93725491 -0.95294118 -0.95294118 -0.92941177 -0.95294118 -0.94509804 -0.93725491 -0.94509804 -0.95294118 -0.93725491 -0.93725491 -0.92941177 -0.92941177 -0.92941177 -0.93725491 -0.93725491 -0.93725491 -0.92941177 -0.92156863 -0.89803922 -0.86666667 -0.88235295 -0.88235295 -0.84313726 -0.82745099 -0.81176472 -0.74901962 -0.49019605 -0.01960784 0.49019611 0.67843139 0.79607844 0.81176472 0.82745099 0.83529413 0.83529413 0.83529413 0.85882354 0.85882354 0.86666667 0.87450981 0.86666667 0.87450981 0.88235295 0.88235295 0.88235295 0.89803922 0.90588236 0.91372550 0.92941177 0.92941177
0.75686276 0.75686276 0.76470590 0.78039217 0.75686276 0.77254903 0.77254903 0.77254903 0.77254903 0.77254903 0.77254903 0.77254903 0.77254903 0.78039217 0.78039217 0.78039217 0.78039217 0.77254903 0.78039217 0.77254903 0.77254903 0.78039217 0.76470590 0.74901962 0.76470590 0.76470590 0.75686276 0.76470590 0.74901962 0.75686276 0.75686276 0.74117649 0.73333335 0.74901962 0.73333335 0.73333335 0.71764708 0.25490201 -0.73333335 -0.82745099 -0.84313726 -0.85098040 -0.87450981 -0.86666667 -0.86666667 -0.85882354 -0.85098040 -0.86666667 -0.87450981 -0.90588236 -0.90588236 -0.92941177 -0.93725491 -0.92941177 -0.94509804 -0.94509804 -0.92941177 -0.94509804 -0.93725491 -0.93725491 -0.93725491 -0.94509804 -0.93725491 -0.92941177 -0.89019608 -0.90588236 -0.89803922 -0.89803922 -0.89019608 -0.90588236 -0.92941177 -0.89803922 -0.94509804 -0.94509804 -0.95294118 -0.93725491 -0.95294118 -0.94509804 -0.95294118 -0.97647059 -0.93725491 -0.94509804 -0.94509804 -0.93725491 -0.95294118 -0.95294118 -0.94509804 -0.94509804 -0.93725491 -0.93725491 -0.94509804 -0.95294118 -0.95294118 -0.94509804 -0.93725491 -0.92941177 -0.87450981 -0.88235295 -0.91372550 -0.89019608 -0.85882354 -0.84313726 -0.85098040 -0.76470590 -0.44313723 0.26274514 0.65490198 0.74901962 0.79607844 0.81960785 0.84313726 0.83529413 0.84313726 0.84313726 0.85098040 0.85098040 0.86666667 0.86666667 0.87450981 0.87450981 0.89019608 0.89803922 0.89803922 0.90588236 0.89019608 0.91372550 0.92941177 0.92156863
0.74117649 0.75686276 0.75686276 0.75686276 0.76470590 0.76470590 0.75686276 0.75686276 0.77254903 0.75686276 0.76470590 0.76470590 0.77254903 0.77254903 0.77254903 0.77254903 0.76470590 0.76470590 0.76470590 0.76470590 0.76470590 0.76470590 0.74117649 0.73333335 0.76470590 0.74901962 0.75686276 0.75686276 0.74117649 0.73333335 0.74117649 0.74117649 0.74117649 0.73333335 0.72549021 0.73333335 0.72549021 0.23921573 -0.74901962 -0.83529413 -0.82745099 -0.85098040 -0.86666667 -0.86666667 -0.87450981 -0.83529413 -0.83529413 -0.85882354 -0.89803922 -0.89803922 -0.89803922 -0.92156863 -0.91372550 -0.92156863 -0.95294118 -0.93725491 -0.93725491 -0.95294118 -0.94509804 -0.92941177 -0.93725491 -0.94509804 -0.93725491 -0.90588236 -0.89019608 -0.89803922 -0.90588236 -0.89019608 -0.90588236 -0.91372550 -0.91372550 -0.89019608 -0.92941177 -0.95294118 -0.94509804 -0.94509804 -0.96078432 -0.94509804 -0.93725491 -0.96078432 -0.92156863 -0.93725491 -0.96078432 -0.93725491 -0.95294118 -0.95294118 -0.92941177 -0.94509804 -0.95294118 -0.95294118 -0.94509804 -0.95294118 -0.96078432 -0.96078432 -0.93725491 -0.90588236 -0.87450981 -0.89803922 -0.88235295 -0.87450981 -0.85882354 -0.80392158 -0.81960785 -0.73333335 -0.41960782 0.34117651 0.71764708 0.76470590 0.78823531 0.81960785 0.81960785 0.82745099 0.84313726 0.84313726 0.85098040 0.85098040 0.84313726 0.85882354 0.85882354 0.86666667 0.89019608 0.85882354 0.89803922 0.89019608 0.89019608 0.89019608 0.89019608 0.89803922
0.74117649 0.74117649 0.73333335 0.74901962 0.74901962 0.76470590 0.74901962 0.74901962 0.74901962 0.75686276 0.74901962 0.74901962 0.75686276 0.76470590 0.77254903 0.75686276 0.75686276 0.76470590 0.75686276 0.75686276 0.74901962 0.75686276 0.74117649 0.74117649 0.75686276 0.71764708 0.70980394 0.73333335 0.74901962 0.74117649 0.74117649 0.74117649 0.73333335 0.72549021 0.72549021 0.71764708 0.72549021 0.08235300 -0.78823531 -0.81960785 -0.81960785 -0.83529413 -0.85098040 -0.86666667 -0.85098040 -0.85098040 -0.82745099 -0.84313726 -0.88235295 -0.90588236 -0.90588236 -0.92156863 -0.92941177 -0.92941177 -0.94509804 -0.92941177 -0.92941177 -0.93725491 -0.94509804 -0.92941177 -0.92941177 -0.92941177 -0.93725491 -0.92941177 -0.90588236 -0.91372550 -0.92156863 -0.90588236 -0.91372550 -0.92156863 -0.91372550 -0.90588236 -0.93725491 -0.94509804 -0.94509804 -0.94509804 -0.95294118 -0.94509804 -0.93725491 -0.94509804 -0.92941177 -0.94509804 -0.93725491 -0.93725491 -0.94509804 -0.94509804 -0.96078432 -0.94509804 -0.94509804 -0.93725491 -0.95294118 -0.96078432 -0.96078432 -0.95294118 -0.96078432 -0.89803922 -0.89019608 -0.92941177 -0.88235295 -0.84313726 -0.84313726 -0.81176472 -0.78823531 -0.67843139 -0.23921567 0.43529415 0.69411767 0.75686276 0.79607844 0.81176472 0.81176472 0.82745099 0.81960785 0.84313726 0.84313726 0.84313726 0.85098040 0.86666667 0.83529413 0.85098040 0.86666667 0.86666667 0.86666667 0.87450981 0.86666667 0.87450981 0.87450981 0.89019608
0.74117649 0.74901962 0.75686276 0.74117649 0.74901962 0.75686276 0.75686276 0.75686276 0.75686276 0.75686276 0.75686276 0.75686276 0.75686276 0.76470590 0.77254903 0.75686276 0.76470590 0.76470590 0.75686276 0.75686276 0.76470590 0.76470590 0.74117649 0.74901962 0.74117649 0.72549021 0.73333335 0.75686276 0.74901962 0.74117649 0.73333335 0.74117649 0.74117649 0.73333335 0.72549021 0.74117649 0.67058825 -0.19215685 -0.81176472 -0.82745099 -0.83529413 -0.85882354 -0.86666667 -0.85882354 -0.85098040 -0.85882354 -0.86666667 -0.85882354 -0.89019608 -0.89803922 -0.90588236 -0.92156863 -0.93725491 -0.92941177 -0.92941177 -0.92156863 -0.93725491 -0.94509804 -0.95294118 -0.94509804 -0.93725491 -0.94509804 -0.95294118 -0.94509804 -0.90588236 -0.91372550 -0.91372550 -0.89019608 -0.90588236 -0.92156863 -0.92941177 -0.92156863 -0.93725491 -0.94509804 -0.93725491 -0.94509804 -0.94509804 -0.92941177 -0.94509804 -0.94509804 -0.92941177 -0.94509804 -0.94509804 -0.93725491 -0.94509804 -0.92941177 -0.94509804 -0.96078432 -0.95294118 -0.95294118 -0.96078432 -0.96078432 -0.95294118 -0.95294118 -0.93725491 -0.89803922 -0.89803922 -0.93725491 -0.90588236 -0.85882354 -0.84313726 -0.83529413 -0.84313726 -0.70196080 -0.03529412 0.60000002 0.74901962 0.78039217 0.80392158 0.81960785 0.82745099 0.83529413 0.84313726 0.85882354 0.84313726 0.85882354 0.88235295 0.86666667 0.81960785 0.85882354 0.88235295 0.89019608 0.87450981 0.89019608 0.89019608 0.88235295 0.90588236 0.91372550
0.75686276 0.74901962 0.74901962 0.75686276 0.76470590 0.75686276 0.75686276 0.77254903 0.76470590 0.75686276 0.77254903 0.76470590 0.76470590 0.76470590 0.77254903 0.77254903 0.77254903 0.76470590 0.76470590 0.75686276 0.77254903 0.76470590 0.74901962 0.77254903 0.76470590 0.74117649 0.75686276 0.75686276 0.74901962 0.74901962 0.74117649 0.74901962 0.74901962 0.74117649 0.74117649 0.74117649 0.60000002 -0.26274508 -0.81960785 -0.83529413 -0.85098040 -0.87450981 -0.88235295 -0.87450981 -0.85098040 -0.86666667 -0.86666667 -0.87450981 -0.90588236 -0.90588236 -0.91372550 -0.92156863 -0.93725491 -0.92941177 -0.94509804 -0.94509804 -0.94509804 -0.93725491 -0.93725491 -0.95294118 -0.94509804 -0.94509804 -0.95294118 -0.95294118 -0.93725491 -0.90588236 -0.90588236 -0.89019608 -0.90588236 -0.92156863 -0.91372550 -0.90588236 -0.89019608 -0.92941177 -0.92941177 -0.93725491 -0.92941177 -0.92156863 -0.91372550 -0.95294118 -0.92941177 -0.94509804 -0.95294118 -0.93725491 -0.92941177 -0.94509804 -0.92941177 -0.96862745 -0.95294118 -0.96078432 -0.96078432 -0.96078432 -0.96078432 -0.94509804 -0.92941177 -0.85882354 -0.91372550 -0.92941177 -0.88235295 -0.86666667 -0.83529413 -0.83529413 -0.83529413 -0.74901962 -0.03529412 0.63921571 0.76470590 0.81176472 0.81176472 0.82745099 0.83529413 0.85098040 0.85098040 0.86666667 0.85098040 0.88235295 0.89019608 0.89019608 0.83529413 0.85882354 0.88235295 0.89019608 0.89019608 0.92941177 0.89803922 0.90588236 0.91372550 0.91372550
0.74901962 0.74901962 0.76470590 0.75686276 0.75686276 0.76470590 0.76470590 0.77254903 0.75686276 0.75686276 0.76470590 0.76470590 0.76470590 0.77254903 0.77254903 0.77254903 0.77254903 0.77254903 0.77254903 0.77254903 0.77254903 0.78039217 0.77254903 0.76470590 0.76470590 0.76470590 0.75686276 0.74901962 0.74901962 0.75686276 0.74117649 0.73333335 0.74117649 0.74901962 0.74117649 0.72549021 0.56862748 -0.41176468 -0.81960785 -0.81960785 -0.85098040 -0.86666667 -0.87450981 -0.88235295 -0.85882354 -0.89803922 -0.86666667 -0.87450981 -0.89803922 -0.90588236 -0.92156863 -0.92156863 -0.92941177 -0.92941177 -0.92941177 -0.93725491 -0.92156863 -0.93725491 -0.94509804 -0.95294118 -0.96078432 -0.94509804 -0.92941177 -0.94509804 -0.95294118 -0.92156863 -0.89803922 -0.90588236 -0.89019608 -0.90588236 -0.89019608 -0.89803922 -0.87450981 -0.92156863 -0.94509804 -0.93725491 -0.92156863 -0.90588236 -0.92941177 -0.92941177 -0.92941177 -0.94509804 -0.93725491 -0.92941177 -0.92941177 -0.94509804 -0.94509804 -0.96862745 -0.95294118 -0.94509804 -0.93725491 -0.96078432 -0.93725491 -0.95294118 -0.89019608 -0.85098040 -0.90588236 -0.89803922 -0.86666667 -0.85098040 -0.83529413 -0.85098040 -0.87450981 -0.79607844 -0.15294117 0.64705884 0.75686276 0.79607844 0.81960785 0.83529413 0.82745099 0.83529413 0.85882354 0.86666667 0.87450981 0.87450981 0.87450981 0.86666667 0.86666667 0.89019608 0.87450981 0.89019608 0.89803922 0.92156863 0.93725491 0.91372550 0.92156863 0.92941177
0.74901962 0.74901962 0.75686276 0.74901962 0.76470590 0.76470590 0.76470590 0.76470590 0.75686276 0.75686276 0.76470590 0.76470590 0.74901962 0.75686276 0.76470590 0.77254903 0.77254903 0.77254903 0.77254903 0.77254903 0.76470590 0.77254903 0.76470590 0.76470590 0.76470590 0.76470590 0.76470590 0.74901962 0.74117649 0.73333335 0.74117649 0.74117649 0.74117649 0.74117649 0.72549021 0.71764708 0.45098042 -0.60000002 -0.81176472 -0.83529413 -0.84313726 -0.87450981 -0.88235295 -0.88235295 -0.87450981 -0.88235295 -0.85098040 -0.87450981 -0.89019608 -0.89803922 -0.90588236 -0.92156863 -0.91372550 -0.91372550 -0.91372550 -0.92156863 -0.92941177 -0.93725491 -0.93725491 -0.93725491 -0.95294118 -0.95294118 -0.94509804 -0.94509804 -0.93725491 -0.92156863 -0.89019608 -0.89803922 -0.88235295 -0.86666667 -0.87450981 -0.88235295 -0.89803922 -0.92156863 -0.91372550 -0.92941177 -0.91372550 -0.89803922 -0.92941177 -0.92156863 -0.92941177 -0.94509804 -0.93725491 -0.92941177 -0.92156863 -0.92156863 -0.93725491 -0.95294118 -0.93725491 -0.94509804 -0.93725491 -0.93725491 -0.92941177 -0.92941177 -0.87450981 -0.87450981 -0.90588236 -0.85882354 -0.84313726 -0.85882354 -0.85098040 -0.85882354 -0.85882354 -0.74117649 -0.21568626 0.60000002 0.78039217 0.79607844 0.82745099 0.81960785 0.84313726 0.85098040 0.85098040 0.85098040 0.87450981 0.88235295 0.87450981 0.87450981 0.87450981 0.86666667 0.88235295 0.89803922 0.89019608 0.90588236 0.92156863 0.92156863 0.91372550 0.92156863
0.74901962 0.74901962 0.75686276 0.75686276 0.76470590 0.76470590 0.76470590 0.76470590 0.76470590 0.75686276 0.75686276 0.75686276 0.75686276 0.75686276 0.75686276 0.76470590 0.76470590 0.76470590 0.78039217 0.75686276 0.77254903 0.78039217 0.77254903 0.75686276 0.75686276 0.75686276 0.75686276 0.76470590 0.74901962 0.74117649 0.74901962 0.74901962 0.74117649 0.73333335 0.73333335 0.70980394 0.35686278 -0.64705884 -0.81960785 -0.83529413 -0.85882354 -0.86666667 -0.85882354 -0.89803922 -0.85882354 -0.87450981 -0.88235295 -0.85882354 -0.86666667 -0.88235295 -0.89019608 -0.89803922 -0.89019608 -0.89019608 -0.91372550 -0.91372550 -0.92156863 -0.92941177 -0.93725491 -0.92941177 -0.93725491 -0.93725491 -0.92156863 -0.92941177 -0.91372550 -0.91372550 -0.89803922 -0.88235295 -0.87450981 -0.86666667 -0.86666667 -0.89019608 -0.89019608 -0.90588236 -0.91372550 -0.92156863 -0.92156863 -0.89019608 -0.91372550 -0.91372550 -0.93725491 -0.92941177 -0.92941177 -0.91372550 -0.92941177 -0.92156863 -0.94509804 -0.95294118 -0.94509804 -0.94509804 -0.95294118 -0.93725491 -0.92941177 -0.91372550 -0.86666667 -0.88235295 -0.86666667 -0.83529413 -0.84313726 -0.87450981 -0.85882354 -0.83529413 -0.81960785 -0.67843139 0.06666672 0.63921571 0.76470590 0.81176472 0.81960785 0.82745099 0.83529413 0.85098040 0.86666667 0.85098040 0.87450981 0.87450981 0.88235295 0.89019608 0.86666667 0.88235295 0.89803922 0.86666667 0.89803922 0.91372550 0.91372550 0.90588236 0.91372550 0.90588236
0.75686276 0.74117649 0.75686276 0.74901962 0.75686276 0.74901962 0.76470590 0.76470590 0.74901962 0.74901962 0.75686276 0.75686276 0.75686276 0.75686276 0.75686276 0.76470590 0.75686276 0.76470590 0.75686276 0.77254903 0.76470590 0.77254903 0.78039217 0.76470590 0.76470590 0.75686276 0.75686276 0.75686276 0.75686276 0.75686276 0.74901962 0.74901962 0.74901962 0.74117649 0.73333335 0.69411767 0.30980396 -0.63137257 -0.83529413 -0.85098040 -0.86666667 -0.86666667 -0.87450981 -0.89803922 -0.88235295 -0.88235295 -0.88235295 -0.87450981 -0.88235295 -0.90588236 -0.91372550 -0.90588236 -0.91372550 -0.89803922 -0.90588236 -0.92156863 -0.92941177 -0.92941177 -0.92156863 -0.92941177 -0.93725491 -0.93725491 -0.93725491 -0.93725491 -0.92941177 -0.92156863 -0.91372550 -0.89803922 -0.89803922 -0.86666667 -0.87450981 -0.89019608 -0.89019608 -0.91372550 -0.92941177 -0.93725491 -0.92941177 -0.89019608 -0.91372550 -0.92941177 -0.92941177 -0.93725491 -0.92941177 -0.92156863 -0.92941177 -0.93725491 -0.93725491 -0.95294118 -0.93725491 -0.94509804 -0.93725491 -0.92941177 -0.93725491 -0.92156863 -0.85882354 -0.90588236 -0.86666667 -0.85098040 -0.85882354 -0.87450981 -0.87450981 -0.85098040 -0.84313726 -0.74117649 0.01960790 0.73333335 0.76470590 0.81176472 0.81960785 0.83529413 0.84313726 0.85098040 0.86666667 0.87450981 0.88235295 0.87450981 0.87450981 0.89019608 0.88235295 0.90588236 0.89803922 0.88235295 0.91372550 0.91372550 0.92156863 0.92156863 0.92156863 0.91372550
0.74117649 0.74117649 0.74901962 0.74901962 0.74901962 0.74901962 0.74901962 0.74901962 0.74901962 0.74901962 0.74901962 0.74901962 0.74901962 0.76470590 0.74901962 0.75686276 0.75686276 0.74901962 0.74901962 0.74901962 0.74901962 0.75686276 0.77254903 0.75686276 0.75686276 0.74901962 0.74901962 0.74117649 0.74901962 0.74901962 0.74117649 0.74117649 0.73333335 0.72549021 0.73333335 0.67843139 0.38039219 -0.57647061 -0.84313726 -0.85882354 -0.86666667 -0.88235295 -0.90588236 -0.90588236 -0.90588236 -0.89803922 -0.89019608 -0.87450981 -0.89803922 -0.89803922 -0.90588236 -0.91372550 -0.92156863 -0.91372550 -0.89803922 -0.91372550 -0.91372550 -0.92941177 -0.93725491 -0.93725491 -0.92941177 -0.93725491 -0.94509804 -0.93725491 -0.93725491 -0.92156863 -0.92156863 -0.92941177 -0.92156863 -0.89803922 -0.89019608 -0.88235295 -0.90588236 -0.92941177 -0.94509804 -0.95294118 -0.94509804 -0.92941177 -0.92941177 -0.93725491 -0.92941177 -0.92941177 -0.93725491 -0.92941177 -0.94509804 -0.95294118 -0.95294118 -0.95294118 -0.96862745 -0.95294118 -0.93725491 -0.93725491 -0.93725491 -0.91372550 -0.88235295 -0.92156863 -0.89019608 -0.87450981 -0.88235295 -0.89803922 -0.89803922 -0.87450981 -0.85098040 -0.76470590 -0.15294117 0.67843139 0.79607844 0.81176472 0.82745099 0.83529413 0.84313726 0.84313726 0.85882354 0.86666667 0.86666667 0.86666667 0.87450981 0.86666667 0.87450981 0.88235295 0.89803922 0.88235295 0.87450981 0.90588236 0.90588236 0.92156863 0.89803922 0.91372550
0.74117649 0.74117649 0.74901962 0.74901962 0.74901962 0.74901962 0.74901962 0.74901962 0.74901962 0.74901962 0.75686276 0.75686276 0.75686276 0.75686276 0.75686276 0.75686276 0.74901962 0.74117649 0.75686276 0.74117649 0.74901962 0.75686276 0.75686276 0.75686276 0.75686276 0.74901962 0.74117649 0.75686276 0.74901962 0.73333335 0.72549021 0.74117649 0.73333335 0.72549021 0.70980394 0.64705884 0.44313729 -0.41176468 -0.85882354 -0.85098040 -0.86666667 -0.87450981 -0.89019608 -0.91372550 -0.90588236 -0.89019608 -0.87450981 -0.88235295 -0.90588236 -0.89803922 -0.89803922 -0.89803922 -0.89803922 -0.90588236 -0.89803922 -0.90588236 -0.89803922 -0.92156863 -0.91372550 -0.91372550 -0.90588236 -0.91372550 -0.92156863 -0.91372550 -0.92156863 -0.91372550 -0.91372550 -0.91372550 -0.90588236 -0.88235295 -0.89019608 -0.87450981 -0.91372550 -0.91372550 -0.94509804 -0.92156863 -0.91372550 -0.90588236 -0.92156863 -0.94509804 -0.91372550 -0.90588236 -0.92941177 -0.92941177 -0.94509804 -0.95294118 -0.96078432 -0.94509804 -0.93725491 -0.95294118 -0.93725491 -0.95294118 -0.93725491 -0.88235295 -0.88235295 -0.90588236 -0.89019608 -0.86666667 -0.88235295 -0.89019608 -0.87450981 -0.85098040 -0.81960785 -0.76470590 -0.16862744 0.67843139 0.79607844 0.81176472 0.82745099 0.83529413 0.85098040 0.85882354 0.85098040 0.86666667 0.86666667 0.88235295 0.89019608 0.88235295 0.87450981 0.89019608 0.89019608 0.89803922 0.86666667 0.90588236 0.91372550 0.91372550 0.90588236 0.91372550
0.73333335 0.73333335 0.73333335 0.74117649 0.74117649 0.74117649 0.74117649 0.74117649 0.74117649 0.74901962 0.74117649 0.74117649 0.74117649 0.74117649 0.74901962 0.74901962 0.73333335 0.74901962 0.74117649 0.74117649 0.74117649 0.75686276 0.74117649 0.74901962 0.75686276 0.74117649 0.73333335 0.73333335 0.72549021 0.73333335 0.73333335 0.72549021 0.72549021 0.71764708 0.69411767 0.67843139 0.58431375 -0.24705881 -0.85098040 -0.86666667 -0.87450981 -0.88235295 -0.91372550 -0.91372550 -0.90588236 -0.91372550 -0.90588236 -0.89803922 -0.89803922 -0.89803922 -0.88235295 -0.89803922 -0.90588236 -0.90588236 -0.90588236 -0.90588236 -0.92156863 -0.91372550 -0.90588236 -0.90588236 -0.89803922 -0.91372550 -0.90588236 -0.90588236 -0.91372550 -0.90588236 -0.92156863 -0.90588236 -0.86666667 -0.89019608 -0.89803922 -0.89019608 -0.92941177 -0.91372550 -0.92156863 -0.92941177 -0.92941177 -0.92156863 -0.94509804 -0.93725491 -0.92941177 -0.92941177 -0.92941177 -0.92156863 -0.94509804 -0.94509804 -0.95294118 -0.95294118 -0.95294118 -0.94509804 -0.94509804 -0.94509804 -0.89019608 -0.82745099 -0.88235295 -0.91372550 -0.89019608 -0.85882354 -0.89019608 -0.87450981 -0.87450981 -0.85098040 -0.82745099 -0.73333335 -0.20784312 0.60000002 0.80392158 0.81176472 0.82745099 0.82745099 0.83529413 0.85098040 0.84313726 0.85882354 0.86666667 0.86666667 0.86666667 0.88235295 0.88235295 0.87450981 0.89803922 0.88235295 0.89019608 0.89019608 0.89803922 0.89803922 0.92156863 0.89019608
0.73333335 0.74117649 0.72549021 0.74117649 0.74117649 0.71764708 0.73333335 0.74117649 0.74117649 0.74117649 0.74117649 0.74117649 0.74117649 0.72549021 0.74117649 0.74117649 0.74117649 0.74901962 0.74117649 0.74117649 0.74901962 0.74901962 0.74901962 0.75686276 0.74117649 0.74901962 0.74117649 0.72549021 0.71764708 0.72549021 0.70980394 0.70980394 0.71764708 0.72549021 0.69411767 0.67843139 0.60000002 0.01176476 -0.81176472 -0.86666667 -0.87450981 -0.88235295 -0.89803922 -0.89019608 -0.89803922 -0.89803922 -0.89019608 -0.89019608 -0.89803922 -0.88235295 -0.87450981 -0.89803922 -0.90588236 -0.90588236 -0.91372550 -0.91372550 -0.91372550 -0.91372550 -0.91372550 -0.91372550 -0.91372550 -0.90588236 -0.89803922 -0.90588236 -0.92156863 -0.89803922 -0.90588236 -0.87450981 -0.82745099 -0.84313726 -0.87450981 -0.87450981 -0.89019608 -0.90588236 -0.89803922 -0.90588236 -0.92156863 -0.92156863 -0.92941177 -0.92941177 -0.92156863 -0.92941177 -0.92941177 -0.92156863 -0.92941177 -0.92156863 -0.92941177 -0.96078432 -0.95294118 -0.93725491 -0.93725491 -0.92941177 -0.90588236 -0.85098040 -0.88235295 -0.90588236 -0.89803922 -0.86666667 -0.87450981 -0.86666667 -0.86666667 -0.86666667 -0.82745099 -0.71764708 0.04313731 0.64705884 0.77254903 0.81960785 0.82745099 0.82745099 0.83529413 0.83529413 0.84313726 0.85882354 0.85882354 0.86666667 0.87450981 0.87450981 0.85882354 0.87450981 0.87450981 0.87450981 0.88235295 0.89019608 0.91372550 0.90588236 0.90588236 0.90588236
0.72549021 0.72549021 0.72549021 0.72549021 0.74117649 0.72549021 0.72549021 0.73333335 0.71764708 0.72549021 0.73333335 0.73333335 0.73333335 0.71764708 0.73333335 0.73333335 0.73333335 0.73333335 0.73333335 0.74117649 0.74117649 0.73333335 0.74117649 0.74117649 0.73333335 0.73333335 0.73333335 0.71764708 0.72549021 0.72549021 0.70196080 0.70980394 0.70980394 0.70196080 0.68627453 0.67058825 0.65490198 0.26274514 -0.66274512 -0.81960785 -0.84313726 -0.85098040 -0.85098040 -0.85098040 -0.85882354 -0.88235295 -0.86666667 -0.86666667 -0.86666667 -0.84313726 -0.88235295 -0.87450981 -0.88235295 -0.85882354 -0.89019608 -0.90588236 -0.87450981 -0.88235295 -0.88235295 -0.88235295 -0.89019608 -0.88235295 -0.86666667 -0.86666667 -0.88235295 -0.85882354 -0.85098040 -0.84313726 -0.83529413 -0.80392158 -0.84313726 -0.85882354 -0.85882354 -0.88235295 -0.87450981 -0.86666667 -0.89019608 -0.88235295 -0.88235295 -0.91372550 -0.89019608 -0.89019608 -0.89019608 -0.87450981 -0.88235295 -0.90588236 -0.90588236 -0.92156863 -0.91372550 -0.90588236 -0.91372550 -0.88235295 -0.86666667 -0.85098040 -0.85882354 -0.86666667 -0.84313726 -0.83529413 -0.82745099 -0.81960785 -0.81960785 -0.81960785 -0.77254903 -0.61568630 0.07450986 0.69411767 0.78823531 0.81960785 0.82745099 0.81960785 0.82745099 0.83529413 0.83529413 0.85882354 0.85882354 0.85098040 0.85882354 0.85882354 0.85882354 0.88235295 0.88235295 0.89019608 0.86666667 0.87450981 0.88235295 0.89803922 0.89803922 0.89803922
0.72549021 0.73333335 0.72549021 0.70980394 0.71764708 0.71764708 0.71764708 0.71764708 0.71764708 0.72549021 0.73333335 0.70980394 0.72549021 0.70980394 0.71764708 0.72549021 0.72549021 0.72549021 0.72549021 0.73333335 0.72549021 0.73333335 0.73333335 0.73333335 0.73333335 0.73333335 0.72549021 0.70980394 0.71764708 0.71764708 0.70980394 0.69411767 0.70196080 0.70980394 0.69411767 0.67058825 0.62352943 0.41960788 -0.38823527 -0.80392158 -0.81960785 -0.84313726 -0.85882354 -0.85098040 -0.85882354 -0.85882354 -0.86666667 -0.86666667 -0.86666667 -0.84313726 -0.85882354 -0.87450981 -0.88235295 -0.86666667 -0.87450981 -0.87450981 -0.87450981 -0.87450981 -0.89019608 -0.89019608 -0.88235295 -0.88235295 -0.88235295 -0.87450981 -0.86666667 -0.86666667 -0.85882354 -0.88235295 -0.85882354 -0.81960785 -0.82745099 -0.84313726 -0.87450981 -0.87450981 -0.88235295 -0.87450981 -0.87450981 -0.86666667 -0.85882354 -0.89019608 -0.87450981 -0.90588236 -0.88235295 -0.86666667 -0.87450981 -0.92156863 -0.91372550 -0.91372550 -0.89019608 -0.90588236 -0.89803922 -0.89803922 -0.86666667 -0.85098040 -0.85098040 -0.87450981 -0.85098040 -0.82745099 -0.81176472 -0.81176472 -0.82745099 -0.79607844 -0.75686276 -0.45882350 0.36470592 0.74117649 0.78039217 0.80392158 0.81176472 0.82745099 0.82745099 0.82745099 0.85882354 0.84313726 0.85882354 0.85098040 0.86666667 0.84313726 0.83529413 0.86666667 0.87450981 0.87450981 0.89019608 0.88235295 0.87450981 0.89019608 0.88235295 0.89019608
0.70196080 0.70980394 0.71764708 0.71764708 0.70196080 0.70196080 0.70196080 0.70980394 0.70980394 0.71764708 0.74117649 0.71764708 0.71764708 0.71764708 0.70980394 0.72549021 0.70980394 0.71764708 0.72549021 0.73333335 0.71764708 0.72549021 0.72549021 0.72549021 0.72549021 0.73333335 0.72549021 0.71764708 0.71764708 0.71764708 0.71764708 0.71764708 0.70196080 0.69411767 0.68627453 0.68627453 0.64705884 0.52941179 0.01176476 -0.77254903 -0.85098040 -0.85882354 -0.87450981 -0.88235295 -0.87450981 -0.87450981 -0.87450981 -0.88235295 -0.90588236 -0.89803922 -0.89019608 -0.91372550 -0.91372550 -0.89019608 -0.91372550 -0.92156863 -0.91372550 -0.90588236 -0.91372550 -0.91372550 -0.91372550 -0.92156863 -0.92156863 -0.89803922 -0.89803922 -0.89019608 -0.88235295 -0.89803922 -0.88235295 -0.89019608 -0.87450981 -0.85882354 -0.89019608 -0.90588236 -0.90588236 -0.89019608 -0.89803922 -0.90588236 -0.88235295 -0.89803922 -0.89803922 -0.91372550 -0.91372550 -0.89803922 -0.89803922 -0.92156863 -0.92941177 -0.92156863 -0.90588236 -0.91372550 -0.92941177 -0.92156863 -0.89803922 -0.88235295 -0.91372550 -0.89803922 -0.87450981 -0.84313726 -0.82745099 -0.82745099 -0.83529413 -0.82745099 -0.76470590 -0.28627449 0.52941179 0.78039217 0.79607844 0.82745099 0.83529413 0.85098040 0.84313726 0.83529413 0.85098040 0.83529413 0.86666667 0.85882354 0.87450981 0.84313726 0.87450981 0.87450981 0.87450981 0.85882354 0.88235295 0.88235295 0.89019608 0.88235295 0.89019608 0.89019608
0.70980394 0.70980394 0.72549021 0.71764708 0.70196080 0.70196080 0.70980394 0.71764708 0.71764708 0.70196080 0.71764708 0.72549021 0.70980394 0.71764708 0.71764708 0.72549021 0.71764708 0.71764708 0.71764708 0.71764708 0.71764708 0.72549021 0.74117649 0.72549021 0.70980394 0.71764708 0.70980394 0.70196080 0.70980394 0.70980394 0.70980394 0.70980394 0.70980394 0.68627453 0.68627453 0.69411767 0.67843139 0.57647061 0.33333337 -0.59215689 -0.87450981 -0.85882354 -0.88235295 -0.89019608 -0.87450981 -0.90588236 -0.89019608 -0.90588236 -0.91372550 -0.92156863 -0.92156863 -0.92156863 -0.92156863 -0.89803922 -0.90588236 -0.91372550 -0.92156863 -0.90588236 -0.92156863 -0.89803922 -0.91372550 -0.90588236 -0.91372550 -0.92156863 -0.91372550 -0.89803922 -0.89019608 -0.88235295 -0.89019608 -0.90588236 -0.89019608 -0.88235295 -0.88235295 -0.89803922 -0.89019608 -0.89803922 -0.92156863 -0.92156863 -0.89803922 -0.89019608 -0.90588236 -0.93725491 -0.92156863 -0.91372550 -0.89803922 -0.92941177 -0.93725491 -0.94509804 -0.89803922 -0.91372550 -0.92941177 -0.92941177 -0.89019608 -0.89019608 -0.90588236 -0.89019608 -0.88235295 -0.86666667 -0.84313726 -0.82745099 -0.84313726 -0.83529413 -0.67058825 0.09803927 0.64705884 0.78039217 0.78823531 0.80392158 0.82745099 0.82745099 0.83529413 0.83529413 0.84313726 0.84313726 0.84313726 0.85882354 0.86666667 0.85882354 0.88235295 0.86666667 0.86666667 0.85882354 0.88235295 0.89019608 0.89019608 0.88235295 0.86666667 0.89019608
0.71764708 0.71764708 0.71764708 0.71764708 0.70980394 0.72549021 0.72549021 0.71764708 0.70196080 0.70980394 0.70980394 0.70980394 0.71764708 0.71764708 0.72549021 0.70980394 0.70980394 0.71764708 0.71764708 0.71764708 0.71764708 0.72549021 0.72549021 0.72549021 0.72549021 0.71764708 0.72549021 0.70980394 0.70980394 0.69411767 0.70196080 0.70196080 0.70980394 0.70980394 0.70196080 0.70196080 0.68627453 0.62352943 0.41960788 -0.27843136 -0.83529413 -0.88235295 -0.89019608 -0.90588236 -0.88235295 -0.92156863 -0.90588236 -0.89803922 -0.90588236 -0.92156863 -0.92156863 -0.90588236 -0.91372550 -0.90588236 -0.89803922 -0.91372550 -0.90588236 -0.90588236 -0.91372550 -0.90588236 -0.90588236 -0.91372550 -0.89803922 -0.91372550 -0.92156863 -0.89019608 -0.88235295 -0.88235295 -0.89019608 -0.90588236 -0.89019608 -0.88235295 -0.89803922 -0.90588236 -0.89803922 -0.89803922 -0.92156863 -0.91372550 -0.90588236 -0.89803922 -0.89803922 -0.92156863 -0.92156863 -0.91372550 -0.90588236 -0.93725491 -0.93725491 -0.93725491 -0.92941177 -0.92941177 -0.91372550 -0.92941177 -0.88235295 -0.91372550 -0.92156863 -0.89019608 -0.88235295 -0.86666667 -0.82745099 -0.81176472 -0.82745099 -0.81960785 -0.58431375 0.27843142 0.75686276 0.77254903 0.79607844 0.81176472 0.83529413 0.83529413 0.85098040 0.85098040 0.85098040 0.85882354 0.86666667 0.85098040 0.86666667 0.85882354 0.88235295 0.88235295 0.89019608 0.88235295 0.90588236 0.89019608 0.89803922 0.90588236 0.88235295 0.89019608
0.70980394 0.70196080 0.70980394 0.70980394 0.70980394 0.71764708 0.70980394 0.70196080 0.70196080 0.70980394 0.70980394 0.70196080 0.70196080 0.71764708 0.71764708 0.70196080 0.70196080 0.70980394 0.70196080 0.70980394 0.70980394 0.70980394 0.70980394 0.71764708 0.72549021 0.71764708 0.70980394 0.70196080 0.70196080 0.69411767 0.68627453 0.69411767 0.68627453 0.70980394 0.70196080 0.70196080 0.68627453 0.64705884 0.49019611 0.12156868 -0.67843139 -0.88235295 -0.90588236 -0.89803922 -0.89019608 -0.91372550 -0.89803922 -0.91372550 -0.92156863 -0.92941177 -0.91372550 -0.92941177 -0.92941177 -0.92941177 -0.92156863 -0.92941177 -0.91372550 -0.92941177 -0.91372550 -0.92156863 -0.92156863 -0.91372550 -0.91372550 -0.92156863 -0.92156863 -0.89803922 -0.90588236 -0.89019608 -0.90588236 -0.90588236 -0.89019608 -0.86666667 -0.88235295 -0.89803922 -0.89803922 -0.92156863 -0.92941177 -0.92941177 -0.91372550 -0.90588236 -0.92156863 -0.91372550 -0.92941177 -0.92156863 -0.92156863 -0.92941177 -0.94509804 -0.95294118 -0.93725491 -0.92156863 -0.92156863 -0.92156863 -0.89019608 -0.92156863 -0.92156863 -0.91372550 -0.87450981 -0.86666667 -0.84313726 -0.81176472 -0.82745099 -0.75686276 -0.34901959 0.43529415 0.76470590 0.79607844 0.80392158 0.82745099 0.82745099 0.83529413 0.84313726 0.85882354 0.85882354 0.85882354 0.85098040 0.85098040 0.87450981 0.87450981 0.89019608 0.89019608 0.87450981 0.88235295 0.92156863 0.91372550 0.89803922 0.90588236 0.88235295 0.89803922
0.70196080 0.70980394 0.71764708 0.70980394 0.70980394 0.70196080 0.70196080 0.70980394 0.70980394 0.71764708 0.71764708 0.71764708 0.70196080 0.70196080 0.70980394 0.70980394 0.70980394 0.70980394 0.70980394 0.70980394 0.70980394 0.70980394 0.71764708 0.71764708 0.70980394 0.72549021 0.70980394 0.67058825 0.65490198 0.64705884 0.66274512 0.67843139 0.68627453 0.68627453 0.65490198 0.68627453 0.70196080 0.65490198 0.54509807 0.37254906 -0.21568626 -0.82745099 -0.89803922 -0.89803922 -0.90588236 -0.89803922 -0.90588236 -0.91372550 -0.91372550 -0.92156863 -0.92156863 -0.92941177 -0.92941177 -0.92156863 -0.92941177 -0.92156863 -0.92156863 -0.93725491 -0.91372550 -0.91372550 -0.92156863 -0.92156863 -0.93725491 -0.92156863 -0.92941177 -0.89803922 -0.91372550 -0.91372550 -0.91372550 -0.91372550 -0.89019608 -0.87450981 -0.86666667 -0.88235295 -0.89803922 -0.90588236 -0.92156863 -0.91372550 -0.91372550 -0.89803922 -0.92941177 -0.92941177 -0.92156863 -0.90588236 -0.92156863 -0.93725491 -0.93725491 -0.94509804 -0.94509804 -0.92156863 -0.90588236 -0.89019608 -0.89019608 -0.92156863 -0.91372550 -0.90588236 -0.89019608 -0.85098040 -0.86666667 -0.82745099 -0.81960785 -0.70196080 0.03529418 0.63137257 0.75686276 0.79607844 0.81960785 0.81176472 0.83529413 0.84313726 0.83529413 0.85098040 0.83529413 0.86666667 0.85882354 0.86666667 0.88235295 0.86666667 0.89019608 0.88235295 0.87450981 0.89019608 0.92156863 0.90588236 0.90588236 0.90588236 0.88235295 0.92156863
0.70196080 0.71764708 0.70980394 0.71764708 0.70980394 0.70980394 0.70196080 0.63921571 0.42745101 0.05098045 0.30196083 0.64705884 0.70980394 0.69411767 0.68627453 0.69411767 0.70980394 0.70980394 0.70980394 0.70980394 0.70980394 0.69411767 0.70196080 0.69411767 0.52156866 0.38823533 0.36470592 0.17647064 -0.02745098 -0.19215685 -0.24705881 -0.01960784 0.20000005 0.22352946 -0.01176471 0.05098045 0.44313729 0.63137257 0.61568630 0.52156866 0.25490201 -0.57647061 -0.87450981 -0.90588236 -0.88235295 -0.88235295 -0.90588236 -0.90588236 -0.91372550 -0.91372550 -0.91372550 -0.91372550 -0.91372550 -0.91372550 -0.92156863 -0.91372550 -0.91372550 -0.91372550 -0.90588236 -0.92156863 -0.92156863 -0.91372550 -0.91372550 -0.91372550 -0.91372550 -0.92156863 -0.89803922 -0.91372550 -0.89803922 -0.89803922 -0.88235295 -0.85098040 -0.85098040 -0.88235295 -0.89019608 -0.89803922 -0.90588236 -0.90588236 -0.90588236 -0.90588236 -0.90588236 -0.92156863 -0.92156863 -0.91372550 -0.92156863 -0.92941177 -0.92156863 -0.92941177 -0.92941177 -0.92156863 -0.89019608 -0.88235295 -0.90588236 -0.91372550 -0.90588236 -0.89803922 -0.90588236 -0.85098040 -0.83529413 -0.81960785 -0.80392158 -0.55294120 0.24705887 0.71764708 0.77254903 0.79607844 0.81176472 0.81960785 0.83529413 0.83529413 0.84313726 0.81960785 0.84313726 0.85882354 0.86666667 0.86666667 0.87450981 0.86666667 0.86666667 0.87450981 0.87450981 0.87450981 0.91372550 0.89019608 0.91372550 0.90588236 0.89019608 0.90588236
0.70196080 0.71764708 0.70196080 0.70196080 0.70980394 0.65490198 0.26274514 -0.31764704 -0.62352943 -0.74901962 -0.73333335 -0.05882353 0.67843139 0.69411767 0.69411767 0.67843139 0.69411767 0.70196080 0.70980394 0.69411767 0.65490198 0.49803925 0.30196083 0.06666672 -0.12156862 -0.60000002 -0.67843139 -0.70980394 -0.74901962 -0.78039217 -0.81960785 -0.79607844 -0.76470590 -0.74901962 -0.74901962 -0.78039217 -0.66274512 -0.32549018 0.35686278 0.60000002 0.43529415 -0.12156862 -0.78823531 -0.87450981 -0.86666667 -0.87450981 -0.89019608 -0.90588236 -0.90588236 -0.90588236 -0.91372550 -0.90588236 -0.92156863 -0.89803922 -0.91372550 -0.91372550 -0.90588236 -0.90588236 -0.90588236 -0.90588236 -0.92156863 -0.91372550 -0.91372550 -0.91372550 -0.90588236 -0.90588236 -0.91372550 -0.90588236 -0.89019608 -0.89803922 -0.87450981 -0.84313726 -0.84313726 -0.88235295 -0.85882354 -0.87450981 -0.89019608 -0.89803922 -0.89019608 -0.90588236 -0.89803922 -0.91372550 -0.89803922 -0.89019608 -0.91372550 -0.94509804 -0.91372550 -0.91372550 -0.92156863 -0.91372550 -0.85098040 -0.86666667 -0.89803922 -0.89803922 -0.92156863 -0.89803922 -0.89803922 -0.87450981 -0.82745099 -0.81176472 -0.77254903 -0.39607841 0.49019611 0.76470590 0.77254903 0.79607844 0.81960785 0.83529413 0.84313726 0.84313726 0.84313726 0.83529413 0.84313726 0.85882354 0.86666667 0.86666667 0.85882354 0.85098040 0.85882354 0.87450981 0.87450981 0.87450981 0.91372550 0.88235295 0.91372550 0.90588236 0.90588236 0.91372550
0.70196080 0.70196080 0.69411767 0.70980394 0.67843139 0.02745104 -0.68627453 -0.77254903 -0.78039217 -0.75686276 -0.78039217 -0.70196080 -0.07450980 0.27058828 0.52156866 0.65490198 0.68627453 0.66274512 0.52156866 0.28627455 -0.08235294 -0.45882350 -0.63137257 -0.75686276 -0.77254903 -0.74901962 -0.78039217 -0.78823531 -0.77254903 -0.75686276 -0.78039217 -0.78039217 -0.78823531 -0.78823531 -0.79607844 -0.78823531 -0.80392158 -0.85098040 -0.76470590 -0.23137254 0.43529415 0.28627455 -0.45098037 -0.88235295 -0.85882354 -0.86666667 -0.85098040 -0.88235295 -0.89019608 -0.89019608 -0.89019608 -0.90588236 -0.89803922 -0.88235295 -0.88235295 -0.88235295 -0.90588236 -0.90588236 -0.88235295 -0.90588236 -0.89019608 -0.88235295 -0.89803922 -0.89803922 -0.89803922 -0.89803922 -0.89019608 -0.90588236 -0.88235295 -0.87450981 -0.85882354 -0.79607844 -0.82745099 -0.87450981 -0.85098040 -0.88235295 -0.88235295 -0.89019608 -0.86666667 -0.89019608 -0.89019608 -0.89803922 -0.89803922 -0.88235295 -0.90588236 -0.90588236 -0.91372550 -0.92156863 -0.90588236 -0.88235295 -0.83529413 -0.86666667 -0.88235295 -0.90588236 -0.90588236 -0.89019608 -0.86666667 -0.86666667 -0.84313726 -0.82745099 -0.72549021 -0.30980390 0.52941179 0.78823531 0.79607844 0.81176472 0.82745099 0.81960785 0.84313726 0.85098040 0.84313726 0.84313726 0.85098040 0.85882354 0.85882354 0.85882354 0.87450981 0.85098040 0.87450981 0.86666667 0.87450981 0.88235295 0.89803922 0.90588236 0.90588236 0.88235295 0.88235295 0.89803922
0.70196080 0.70196080 0.68627453 0.70196080 0.28627455 -0.65490198 -0.77254903 -0.76470590 -0.77254903 -0.76470590 -0.76470590 -0.77254903 -0.74117649 -0.50588238 -0.12941176 0.27843142 0.29411769 -0.03529412 -0.44313723 -0.66274512 -0.75686276 -0.76470590 -0.77254903 -0.78039217 -0.77254903 -0.78039217 -0.78039217 -0.79607844 -0.78823531 -0.79607844 -0.78823531 -0.78823531 -0.79607844 -0.79607844 -0.79607844 -0.78823531 -0.81176472 -0.80392158 -0.83529413 -0.86666667 -0.55294120 0.12156868 -0.13725489 -0.86666667 -0.87450981 -0.86666667 -0.86666667 -0.86666667 -0.88235295 -0.89019608 -0.88235295 -0.89803922 -0.89803922 -0.88235295 -0.89803922 -0.89019608 -0.89803922 -0.89019608 -0.88235295 -0.90588236 -0.89803922 -0.89803922 -0.90588236 -0.88235295 -0.89803922 -0.89803922 -0.89803922 -0.89803922 -0.87450981 -0.89019608 -0.84313726 -0.80392158 -0.85882354 -0.85882354 -0.85098040 -0.87450981 -0.89803922 -0.88235295 -0.85882354 -0.89019608 -0.89803922 -0.89803922 -0.90588236 -0.87450981 -0.89803922 -0.91372550 -0.89803922 -0.92156863 -0.89803922 -0.87450981 -0.83529413 -0.85882354 -0.88235295 -0.91372550 -0.91372550 -0.89019608 -0.85882354 -0.85098040 -0.84313726 -0.81176472 -0.67058825 -0.16078430 0.52941179 0.76470590 0.81176472 0.81960785 0.82745099 0.82745099 0.84313726 0.83529413 0.84313726 0.83529413 0.85098040 0.86666667 0.86666667 0.86666667 0.86666667 0.87450981 0.85882354 0.88235295 0.86666667 0.88235295 0.88235295 0.89019608 0.91372550 0.89019608 0.89803922 0.90588236
0.70980394 0.69411767 0.70196080 0.58431375 -0.37254900 -0.77254903 -0.76470590 -0.77254903 -0.78823531 -0.78823531 -0.78039217 -0.78823531 -0.80392158 -0.77254903 -0.70980394 -0.62352943 -0.67058825 -0.77254903 -0.79607844 -0.79607844 -0.78039217 -0.78039217 -0.78039217 -0.79607844 -0.78823531 -0.78823531 -0.80392158 -0.80392158 -0.81176472 -0.81176472 -0.79607844 -0.80392158 -0.81176472 -0.80392158 -0.81176472 -0.81176472 -0.82745099 -0.82745099 -0.82745099 -0.82745099 -0.88235295 -0.76470590 -0.65490198 -0.85882354 -0.85882354 -0.86666667 -0.88235295 -0.89803922 -0.89803922 -0.88235295 -0.89803922 -0.90588236 -0.89803922 -0.89019608 -0.89803922 -0.91372550 -0.90588236 -0.91372550 -0.90588236 -0.89803922 -0.91372550 -0.89803922 -0.89803922 -0.91372550 -0.89019608 -0.89803922 -0.91372550 -0.90588236 -0.87450981 -0.89019608 -0.83529413 -0.81176472 -0.89019608 -0.89019608 -0.86666667 -0.88235295 -0.91372550 -0.89803922 -0.86666667 -0.89019608 -0.90588236 -0.92156863 -0.91372550 -0.87450981 -0.89803922 -0.92941177 -0.91372550 -0.91372550 -0.89803922 -0.91372550 -0.86666667 -0.84313726 -0.88235295 -0.90588236 -0.90588236 -0.89803922 -0.88235295 -0.87450981 -0.82745099 -0.78823531 -0.62352943 -0.03529412 0.61568630 0.78039217 0.80392158 0.81960785 0.81176472 0.81960785 0.83529413 0.85882354 0.84313726 0.83529413 0.84313726 0.85882354 0.87450981 0.86666667 0.85098040 0.85098040 0.86666667 0.87450981 0.87450981 0.90588236 0.87450981 0.88235295 0.90588236 0.90588236 0.89803922 0.91372550
0.69411767 0.68627453 0.69411767 0.42745101 -0.58431375 -0.77254903 -0.78823531 -0.78823531 -0.80392158 -0.81176472 -0.78823531 -0.78823531 -0.81176472 -0.78823531 -0.78039217 -0.78039217 -0.79607844 -0.78823531 -0.78823531 -0.79607844 -0.79607844 -0.78823531 -0.79607844 -0.78823531 -0.79607844 -0.79607844 -0.80392158 -0.80392158 -0.81176472 -0.81960785 -0.81176472 -0.81176472 -0.82745099 -0.81176472 -0.83529413 -0.82745099 -0.81176472 -0.82745099 -0.83529413 -0.81960785 -0.83529413 -0.85882354 -0.89019608 -0.87450981 -0.87450981 -0.86666667 -0.88235295 -0.88235295 -0.88235295 -0.89803922 -0.89019608 -0.89019608 -0.89019608 -0.87450981 -0.89019608 -0.89019608 -0.89803922 -0.90588236 -0.89803922 -0.89019608 -0.91372550 -0.91372550 -0.89019608 -0.89019608 -0.90588236 -0.90588236 -0.90588236 -0.90588236 -0.88235295 -0.85882354 -0.83529413 -0.85882354 -0.88235295 -0.89019608 -0.85882354 -0.89019608 -0.90588236 -0.89019608 -0.87450981 -0.90588236 -0.89803922 -0.90588236 -0.89019608 -0.87450981 -0.89803922 -0.91372550 -0.91372550 -0.90588236 -0.89803922 -0.89803922 -0.84313726 -0.82745099 -0.86666667 -0.89803922 -0.89803922 -0.88235295 -0.87450981 -0.87450981 -0.81960785 -0.64705884 -0.41960782 0.10588241 0.63137257 0.79607844 0.81176472 0.82745099 0.81960785 0.81960785 0.82745099 0.84313726 0.82745099 0.83529413 0.85098040 0.86666667 0.85882354 0.85882354 0.86666667 0.87450981 0.87450981 0.86666667 0.85882354 0.85882354 0.87450981 0.88235295 0.89019608 0.88235295 0.89803922 0.90588236
0.68627453 0.68627453 0.67843139 0.08235300 -0.73333335 -0.78039217 -0.78823531 -0.79607844 -0.81960785 -0.81176472 -0.81176472 -0.78823531 -0.81176472 -0.79607844 -0.78823531 -0.80392158 -0.78823531 -0.78039217 -0.80392158 -0.80392158 -0.79607844 -0.80392158 -0.81176472 -0.81176472 -0.80392158 -0.81176472 -0.80392158 -0.81960785 -0.81960785 -0.81960785 -0.81960785 -0.81960785 -0.82745099 -0.82745099 -0.82745099 -0.82745099 -0.81960785 -0.82745099 -0.81960785 -0.84313726 -0.83529413 -0.85882354 -0.86666667 -0.87450981 -0.86666667 -0.87450981 -0.89019608 -0.88235295 -0.87450981 -0.89019608 -0.88235295 -0.87450981 -0.89803922 -0.87450981 -0.89803922 -0.89019608 -0.89019608 -0.90588236 -0.89019608 -0.89019608 -0.89803922 -0.90588236 -0.89803922 -0.87450981 -0.89019608 -0.89803922 -0.90588236 -0.89803922 -0.89019608 -0.84313726 -0.84313726 -0.86666667 -0.87450981 -0.89019608 -0.87450981 -0.89803922 -0.90588236 -0.88235295 -0.88235295 -0.89803922 -0.90588236 -0.90588236 -0.90588236 -0.88235295 -0.91372550 -0.91372550 -0.91372550 -0.89803922 -0.89019608 -0.90588236 -0.89019608 -0.84313726 -0.84313726 -0.89019608 -0.88235295 -0.87450981 -0.84313726 -0.81960785 -0.79607844 -0.49803919 0.01960790 0.37254906 0.64705884 0.78039217 0.81176472 0.80392158 0.81176472 0.82745099 0.83529413 0.84313726 0.83529413 0.84313726 0.85098040 0.84313726 0.85882354 0.85098040 0.87450981 0.85882354 0.87450981 0.87450981 0.85882354 0.84313726 0.87450981 0.89019608 0.89019608 0.90588236 0.89803922 0.91372550
0.70980394 0.68627453 0.65490198 -0.13725489 -0.77254903 -0.78039217 -0.78039217 -0.78823531 -0.79607844 -0.80392158 -0.79607844 -0.78039217 -0.79607844 -0.79607844 -0.79607844 -0.79607844 -0.79607844 -0.80392158 -0.80392158 -0.81176472 -0.80392158 -0.80392158 -0.81176472 -0.80392158 -0.79607844 -0.81176472 -0.81176472 -0.81960785 -0.81960785 -0.81176472 -0.81960785 -0.80392158 -0.82745099 -0.82745099 -0.83529413 -0.83529413 -0.82745099 -0.83529413 -0.81176472 -0.82745099 -0.85098040 -0.85882354 -0.85882354 -0.86666667 -0.85098040 -0.85098040 -0.87450981 -0.88235295 -0.87450981 -0.86666667 -0.87450981 -0.85882354 -0.89019608 -0.87450981 -0.87450981 -0.89019608 -0.88235295 -0.89019608 -0.89019608 -0.88235295 -0.87450981 -0.87450981 -0.86666667 -0.86666667 -0.87450981 -0.89019608 -0.88235295 -0.89019608 -0.89019608 -0.83529413 -0.82745099 -0.85882354 -0.87450981 -0.89019608 -0.88235295 -0.90588236 -0.90588236 -0.88235295 -0.87450981 -0.89019608 -0.90588236 -0.92156863 -0.90588236 -0.89019608 -0.89019608 -0.89803922 -0.89019608 -0.90588236 -0.89803922 -0.89803922 -0.88235295 -0.84313726 -0.81960785 -0.87450981 -0.85098040 -0.85098040 -0.76470590 -0.67843139 -0.58431375 -0.29411763 0.30196083 0.60000002 0.71764708 0.78039217 0.78823531 0.81176472 0.81176472 0.85098040 0.82745099 0.84313726 0.85098040 0.85098040 0.85098040 0.84313726 0.85882354 0.85882354 0.86666667 0.89019608 0.88235295 0.87450981 0.84313726 0.85882354 0.88235295 0.90588236 0.92156863 0.91372550 0.89803922 0.92156863
0.65490198 0.66274512 0.62352943 0.03529418 -0.72549021 -0.78039217 -0.77254903 -0.78823531 -0.78823531 -0.79607844 -0.80392158 -0.78823531 -0.79607844 -0.78823531 -0.78039217 -0.78823531 -0.79607844 -0.80392158 -0.78823531 -0.78823531 -0.80392158 -0.80392158 -0.80392158 -0.79607844 -0.80392158 -0.81960785 -0.80392158 -0.82745099 -0.81960785 -0.81176472 -0.83529413 -0.81176472 -0.81960785 -0.82745099 -0.83529413 -0.81960785 -0.81960785 -0.82745099 -0.82745099 -0.82745099 -0.83529413 -0.85098040 -0.85098040 -0.85882354 -0.85098040 -0.83529413 -0.85098040 -0.85882354 -0.86666667 -0.85882354 -0.85882354 -0.87450981 -0.88235295 -0.86666667 -0.85882354 -0.85882354 -0.86666667 -0.88235295 -0.88235295 -0.88235295 -0.87450981 -0.86666667 -0.85098040 -0.85882354 -0.86666667 -0.87450981 -0.85882354 -0.87450981 -0.86666667 -0.83529413 -0.85882354 -0.87450981 -0.88235295 -0.89803922 -0.86666667 -0.89019608 -0.88235295 -0.88235295 -0.87450981 -0.87450981 -0.88235295 -0.89019608 -0.87450981 -0.88235295 -0.89019608 -0.89019608 -0.90588236 -0.90588236 -0.87450981 -0.88235295 -0.86666667 -0.85882354 -0.84313726 -0.85098040 -0.81960785 -0.73333335 -0.49019605 -0.34117645 -0.16862744 0.04313731 0.41960788 0.70196080 0.74901962 0.78823531 0.81960785 0.81960785 0.82745099 0.84313726 0.84313726 0.85098040 0.82745099 0.82745099 0.85098040 0.85882354 0.87450981 0.87450981 0.88235295 0.89803922 0.89019608 0.89019608 0.86666667 0.89019608 0.87450981 0.90588236 0.92941177 0.92941177 0.92941177 0.92941177
0.67058825 0.66274512 0.65490198 0.21568632 -0.71764708 -0.78823531 -0.79607844 -0.78823531 -0.79607844 -0.79607844 -0.80392158 -0.78823531 -0.80392158 -0.79607844 -0.78039217 -0.79607844 -0.79607844 -0.79607844 -0.80392158 -0.81176472 -0.80392158 -0.81960785 -0.81176472 -0.80392158 -0.81960785 -0.82745099 -0.83529413 -0.83529413 -0.82745099 -0.83529413 -0.82745099 -0.82745099 -0.83529413 -0.83529413 -0.83529413 -0.83529413 -0.83529413 -0.84313726 -0.85882354 -0.85882354 -0.85882354 -0.84313726 -0.84313726 -0.85882354 -0.85882354 -0.85098040 -0.86666667 -0.85882354 -0.85882354 -0.86666667 -0.85882354 -0.86666667 -0.86666667 -0.86666667 -0.87450981 -0.86666667 -0.87450981 -0.87450981 -0.88235295 -0.89803922 -0.88235295 -0.85882354 -0.79607844 -0.80392158 -0.85098040 -0.85882354 -0.86666667 -0.87450981 -0.86666667 -0.86666667 -0.86666667 -0.86666667 -0.87450981 -0.87450981 -0.85882354 -0.88235295 -0.88235295 -0.87450981 -0.87450981 -0.88235295 -0.88235295 -0.89803922 -0.87450981 -0.88235295 -0.88235295 -0.91372550 -0.89803922 -0.88235295 -0.88235295 -0.89803922 -0.87450981 -0.89803922 -0.88235295 -0.86666667 -0.86666667 -0.60784316 -0.12156862 0.25490201 0.30980396 0.37254906 0.53725493 0.70980394 0.76470590 0.78823531 0.81960785 0.81176472 0.81960785 0.83529413 0.84313726 0.83529413 0.81960785 0.82745099 0.85098040 0.86666667 0.87450981 0.85882354 0.86666667 0.88235295 0.89019608 0.89019608 0.88235295 0.86666667 0.86666667 0.89803922 0.91372550 0.91372550 0.91372550 0.91372550
0.39607847 0.40392160 0.39607847 0.27058828 -0.52941179 -0.78823531 -0.79607844 -0.80392158 -0.80392158 -0.79607844 -0.79607844 -0.79607844 -0.80392158 -0.80392158 -0.78823531 -0.80392158 -0.78823531 -0.78823531 -0.80392158 -0.81176472 -0.80392158 -0.79607844 -0.80392158 -0.80392158 -0.82745099 -0.81960785 -0.81960785 -0.81960785 -0.82745099 -0.82745099 -0.82745099 -0.81960785 -0.82745099 -0.83529413 -0.83529413 -0.83529413 -0.85098040 -0.82745099 -0.85098040 -0.85098040 -0.85098040 -0.85882354 -0.85882354 -0.85882354 -0.86666667 -0.87450981 -0.85882354 -0.86666667 -0.86666667 -0.87450981 -0.85882354 -0.85882354 -0.85882354 -0.85882354 -0.87450981 -0.86666667 -0.85098040 -0.86666667 -0.87450981 -0.88235295 -0.88235295 -0.87450981 -0.78039217 -0.70196080 -0.78039217 -0.83529413 -0.85882354 -0.87450981 -0.87450981 -0.87450981 -0.85882354 -0.85098040 -0.85882354 -0.86666667 -0.85098040 -0.87450981 -0.86666667 -0.86666667 -0.86666667 -0.88235295 -0.86666667 -0.87450981 -0.88235295 -0.87450981 -0.85882354 -0.88235295 -0.87450981 -0.88235295 -0.86666667 -0.87450981 -0.86666667 -0.86666667 -0.87450981 -0.85882354 -0.85098040 -0.75686276 -0.14509803 0.38823533 0.61568630 0.61568630 0.66274512 0.72549021 0.76470590 0.78823531 0.81176472 0.81176472 0.82745099 0.82745099 0.83529413 0.82745099 0.85098040 0.85098040 0.85098040 0.85882354 0.85882354 0.86666667 0.85882354 0.86666667 0.86666667 0.87450981 0.85882354 0.84313726 0.81960785 0.88235295 0.90588236 0.87450981 0.90588236 0.89803922
0.00392163 0.02745104 0.01960790 0.04313731 -0.23921567 -0.69411767 -0.74901962 -0.75686276 -0.77254903 -0.78039217 -0.78039217 -0.77254903 -0.77254903 -0.77254903 -0.77254903 -0.75686276 -0.75686276 -0.77254903 -0.78039217 -0.77254903 -0.78823531 -0.78039217 -0.78823531 -0.78039217 -0.78039217 -0.78823531 -0.78039217 -0.77254903 -0.78039217 -0.78039217 -0.78039217 -0.78039217 -0.78039217 -0.79607844 -0.79607844 -0.78823531 -0.80392158 -0.80392158 -0.78823531 -0.81176472 -0.81176472 -0.81960785 -0.82745099 -0.81960785 -0.81176472 -0.82745099 -0.82745099 -0.84313726 -0.81960785 -0.82745099 -0.81960785 -0.79607844 -0.82745099 -0.83529413 -0.85098040 -0.85098040 -0.85098040 -0.84313726 -0.83529413 -0.84313726 -0.84313726 -0.86666667 -0.84313726 -0.74901962 -0.74117649 -0.80392158 -0.82745099 -0.84313726 -0.84313726 -0.84313726 -0.85098040 -0.83529413 -0.83529413 -0.84313726 -0.82745099 -0.84313726 -0.85098040 -0.84313726 -0.85098040 -0.85882354 -0.86666667 -0.86666667 -0.85098040 -0.82745099 -0.85098040 -0.85098040 -0.84313726 -0.81960785 -0.79607844 -0.79607844 -0.81960785 -0.76470590 -0.76470590 -0.79607844 -0.73333335 -0.81176472 -0.61568630 0.03529418 0.60000002 0.73333335 0.71764708 0.74901962 0.79607844 0.79607844 0.81176472 0.81960785 0.83529413 0.83529413 0.83529413 0.85098040 0.84313726 0.84313726 0.85882354 0.85098040 0.84313726 0.85882354 0.85882354 0.87450981 0.86666667 0.87450981 0.85098040 0.84313726 0.82745099 0.86666667 0.88235295 0.89803922 0.88235295 0.89803922
0.16862750 0.15294123 0.11372554 0.09019613 0.06666672 -0.36470586 -0.73333335 -0.76470590 -0.77254903 -0.78823531 -0.78823531 -0.77254903 -0.80392158 -0.78823531 -0.80392158 -0.79607844 -0.78039217 -0.78039217 -0.79607844 -0.78823531 -0.80392158 -0.80392158 -0.77254903 -0.78039217 -0.78039217 -0.78823531 -0.81176472 -0.81960785 -0.80392158 -0.81960785 -0.81960785 -0.79607844 -0.80392158 -0.81176472 -0.81176472 -0.79607844 -0.80392158 -0.81176472 -0.81960785 -0.83529413 -0.81960785 -0.82745099 -0.82745099 -0.81960785 -0.80392158 -0.81960785 -0.81176472 -0.81960785 -0.81176472 -0.81960785 -0.82745099 -0.81960785 -0.81960785 -0.78823531 -0.81960785 -0.83529413 -0.80392158 -0.81176472 -0.83529413 -0.83529413 -0.83529413 -0.85882354 -0.85098040 -0.83529413 -0.82745099 -0.81176472 -0.81176472 -0.84313726 -0.85098040 -0.85098040 -0.85098040 -0.82745099 -0.84313726 -0.85098040 -0.85098040 -0.86666667 -0.87450981 -0.85882354 -0.85882354 -0.85882354 -0.87450981 -0.88235295 -0.85098040 -0.84313726 -0.87450981 -0.87450981 -0.88235295 -0.78823531 -0.78039217 -0.79607844 -0.82745099 -0.81960785 -0.65490198 -0.71764708 -0.80392158 -0.80392158 -0.74901962 -0.51372552 0.38823533 0.75686276 0.76470590 0.77254903 0.78823531 0.79607844 0.81176472 0.81960785 0.82745099 0.83529413 0.83529413 0.84313726 0.84313726 0.84313726 0.85098040 0.84313726 0.85098040 0.85882354 0.85882354 0.87450981 0.86666667 0.86666667 0.85098040 0.86666667 0.86666667 0.87450981 0.88235295 0.89019608 0.87450981 0.89019608
0.56078434 0.49019611 0.53725493 0.52941179 0.53725493 0.27058828 -0.46666664 -0.78823531 -0.81176472 -0.80392158 -0.82745099 -0.81960785 -0.84313726 -0.82745099 -0.83529413 -0.83529413 -0.83529413 -0.82745099 -0.82745099 -0.83529413 -0.84313726 -0.82745099 -0.81176472 -0.81960785 -0.84313726 -0.72549021 -0.54509807 -0.41176468 -0.37254900 -0.38039213 -0.39607841 -0.43529409 -0.49803919 -0.49019605 -0.51372552 -0.52156866 -0.57647061 -0.62352943 -0.63137257 -0.66274512 -0.69411767 -0.70980394 -0.74117649 -0.77254903 -0.77254903 -0.80392158 -0.81176472 -0.81176472 -0.83529413 -0.85098040 -0.85882354 -0.84313726 -0.87450981 -0.74117649 -0.73333335 -0.84313726 -0.72549021 -0.80392158 -0.86666667 -0.87450981 -0.85882354 -0.86666667 -0.86666667 -0.87450981 -0.87450981 -0.85882354 -0.84313726 -0.84313726 -0.85098040 -0.86666667 -0.85098040 -0.83529413 -0.88235295 -0.88235295 -0.87450981 -0.88235295 -0.89019608 -0.87450981 -0.87450981 -0.88235295 -0.88235295 -0.88235295 -0.85098040 -0.86666667 -0.88235295 -0.89019608 -0.90588236 -0.89019608 -0.86666667 -0.88235295 -0.86666667 -0.84313726 -0.64705884 -0.72549021 -0.84313726 -0.84313726 -0.78823531 -0.67058825 0.09803927 0.76470590 0.79607844 0.79607844 0.78823531 0.81176472 0.81960785 0.81176472 0.82745099 0.82745099 0.82745099 0.85098040 0.85098040 0.84313726 0.85882354 0.86666667 0.86666667 0.87450981 0.85882354 0.87450981 0.85098040 0.83529413 0.85098040 0.88235295 0.88235295 0.90588236 0.89019608 0.87450981 0.89019608 0.89019608
0.55294120 0.52156866 0.57647061 0.53725493 0.56078434 0.56862748 0.32549024 -0.29411763 -0.65490198 -0.76470590 -0.81176472 -0.80392158 -0.81960785 -0.81960785 -0.81176472 -0.80392158 -0.80392158 -0.81960785 -0.81176472 -0.81960785 -0.82745099 -0.82745099 -0.79607844 -0.61568630 -0.16078430 0.23137259 0.41960788 0.49019611 0.50588238 0.49803925 0.52156866 0.49803925 0.49803925 0.49019611 0.45098042 0.45098042 0.37254906 0.36470592 0.38039219 0.34117651 0.27843142 0.19215691 0.14509809 0.10588241 0.05098045 0.00392163 -0.03529412 -0.05882353 -0.19215685 -0.30196077 -0.34117645 -0.34901959 -0.42745095 -0.41176468 -0.44313723 -0.49019605 -0.49803919 -0.55294120 -0.56078434 -0.60000002 -0.63137257 -0.63921571 -0.67843139 -0.71764708 -0.74901962 -0.77254903 -0.80392158 -0.81960785 -0.81960785 -0.83529413 -0.81960785 -0.80392158 -0.85098040 -0.85098040 -0.87450981 -0.87450981 -0.88235295 -0.87450981 -0.86666667 -0.88235295 -0.88235295 -0.87450981 -0.85882354 -0.83529413 -0.85098040 -0.87450981 -0.87450981 -0.88235295 -0.85882354 -0.87450981 -0.86666667 -0.81960785 -0.83529413 -0.85882354 -0.84313726 -0.83529413 -0.74901962 -0.66274512 -0.08235294 0.67843139 0.77254903 0.78039217 0.81176472 0.81960785 0.83529413 0.84313726 0.85098040 0.85882354 0.86666667 0.86666667 0.85882354 0.85882354 0.86666667 0.87450981 0.88235295 0.89019608 0.87450981 0.88235295 0.85882354 0.85098040 0.84313726 0.88235295 0.89019608 0.90588236 0.87450981 0.87450981 0.88235295 0.90588236
0.57647061 0.52156866 0.49803925 0.53725493 0.57647061 0.56862748 0.54509807 0.41960788 0.17647064 -0.29411763 -0.63137257 -0.76470590 -0.78823531 -0.79607844 -0.81176472 -0.81176472 -0.80392158 -0.81960785 -0.81176472 -0.76470590 -0.64705884 -0.48235291 -0.05098039 0.38823533 0.60784316 0.60784316 0.57647061 0.59215689 0.60784316 0.59215689 0.56078434 0.60000002 0.59215689 0.59215689 0.55294120 0.56862748 0.56078434 0.60000002 0.63137257 0.62352943 0.63137257 0.60784316 0.57647061 0.58431375 0.59215689 0.60000002 0.60784316 0.62352943 0.58431375 0.49019611 0.50588238 0.49803925 0.48235297 0.49019611 0.50588238 0.49019611 0.49803925 0.49803925 0.45882356 0.38823533 0.38039219 0.35686278 0.32549024 0.22352946 0.21568632 0.17647064 0.10588241 -0.12156862 -0.19999999 -0.34901959 -0.46666664 -0.60784316 -0.78823531 -0.81960785 -0.64705884 -0.53725493 -0.49019605 -0.49019605 -0.52156866 -0.50588238 -0.52156866 -0.57647061 -0.58431375 -0.62352943 -0.67058825 -0.71764708 -0.74117649 -0.80392158 -0.85882354 -0.84313726 -0.85882354 -0.84313726 -0.83529413 -0.84313726 -0.82745099 -0.81176472 -0.71764708 -0.56862748 -0.33333331 -0.04313725 0.05882359 0.12941182 0.19215691 0.28627455 0.36470592 0.40392160 0.44313729 0.49803925 0.54509807 0.59215689 0.61568630 0.63921571 0.64705884 0.65490198 0.69411767 0.73333335 0.75686276 0.78039217 0.76470590 0.77254903 0.76470590 0.84313726 0.85882354 0.89019608 0.90588236 0.89019608 0.90588236 0.95294118
0.56078434 0.56078434 0.56862748 0.54509807 0.52941179 0.52941179 0.54509807 0.46666670 0.50588238 0.37254906 0.17647064 -0.04313725 -0.27843136 -0.34901959 -0.40392154 -0.50588238 -0.60784316 -0.59215689 -0.38039213 0.03529418 0.30196083 0.44313729 0.54509807 0.58431375 0.55294120 0.57647061 0.59215689 0.56078434 0.61568630 0.60000002 0.56078434 0.60000002 0.59215689 0.57647061 0.57647061 0.56078434 0.60784316 0.60000002 0.63921571 0.63921571 0.59215689 0.55294120 0.56078434 0.59215689 0.62352943 0.61568630 0.60784316 0.60784316 0.55294120 0.53725493 0.59215689 0.60000002 0.61568630 0.56862748 0.59215689 0.60000002 0.63921571 0.61568630 0.58431375 0.56862748 0.60000002 0.56078434 0.59215689 0.53725493 0.58431375 0.59215689 0.54509807 0.51372552 0.52941179 0.55294120 0.49019611 0.32549024 -0.01176471 -0.05882353 0.25490201 0.33333337 0.41960788 0.41176474 0.41960788 0.43529415 0.46666670 0.38039219 0.33333337 0.28627455 0.31764710 0.23137259 0.17647064 -0.06666666 -0.22352940 -0.09803921 -0.03529412 -0.14509803 -0.12941176 -0.11372548 -0.14509803 -0.16078430 -0.11372548 -0.09803921 -0.08235294 -0.07450980 -0.02745098 -0.01176471 0.03529418 0.06666672 0.06666672 0.06666672 0.09019613 0.11372554 0.12156868 0.14509809 0.13725495 0.15294123 0.18431377 0.19215691 0.20784318 0.22352946 0.25490201 0.26274514 0.27058828 0.28627455 0.28627455 0.30196083 0.32549024 0.32549024 0.31764710 0.30196083 0.33333337 0.38039219
0.52156866 0.52941179 0.54509807 0.54509807 0.56862748 0.55294120 0.51372552 0.53725493 0.56862748 0.56862748 0.53725493 0.49803925 0.42745101 0.44313729 0.45098042 0.34117651 0.27843142 0.38823533 0.53725493 0.57647061 0.56862748 0.57647061 0.52156866 0.57647061 0.53725493 0.51372552 0.57647061 0.61568630 0.60784316 0.59215689 0.56078434 0.58431375 0.56078434 0.59215689 0.57647061 0.58431375 0.57647061 0.60000002 0.63137257 0.63137257 0.60784316 0.56862748 0.57647061 0.60000002 0.60784316 0.62352943 0.60784316 0.57647061 0.57647061 0.57647061 0.58431375 0.63137257 0.61568630 0.61568630 0.61568630 0.61568630 0.66274512 0.64705884 0.58431375 0.56862748 0.60784316 0.63137257 0.60784316 0.61568630 0.62352943 0.55294120 0.55294120 0.56862748 0.57647061 0.61568630 0.60784316 0.63921571 0.60000002 0.59215689 0.52941179 0.48235297 0.52156866 0.56862748 0.55294120 0.56862748 0.53725493 0.54509807 0.55294120 0.58431375 0.54509807 0.61568630 0.56862748 0.51372552 0.58431375 0.52156866 0.52156866 0.49803925 0.54509807 0.56862748 0.56078434 0.47450984 0.56862748 0.50588238 0.52941179 0.52941179 0.52156866 0.52156866 0.57647061 0.56862748 0.50588238 0.52156866 0.51372552 0.47450984 0.40392160 0.33333337 0.32549024 0.22352946 0.18431377 0.11372554 -0.00392157 -0.07450980 -0.12941176 -0.05882353 0.02745104 0.01176476 -0.01960784 0.00392163 0.07450986 0.01176476 -0.01960784 -0.05882353 0.02745104 0.02745104
0.56862748 0.52156866 0.52941179 0.53725493 0.52941179 0.53725493 0.53725493 0.53725493 0.56862748 0.53725493 0.54509807 0.51372552 0.50588238 0.52941179 0.52156866 0.45882356 0.52941179 0.56862748 0.54509807 0.53725493 0.54509807 0.56862748 0.52941179 0.59215689 0.56862748 0.52941179 0.60784316 0.62352943 0.61568630 0.58431375 0.56862748 0.63137257 0.60000002 0.61568630 0.61568630 0.56862748 0.63137257 0.63137257 0.61568630 0.63921571 0.60000002 0.57647061 0.62352943 0.58431375 0.59215689 0.60784316 0.56078434 0.56078434 0.63137257 0.60000002 0.60000002 0.63921571 0.65490198 0.63921571 0.63137257 0.63137257 0.61568630 0.62352943 0.60000002 0.60000002 0.63921571 0.66274512 0.61568630 0.60784316 0.63921571 0.61568630 0.63137257 0.59215689 0.61568630 0.60784316 0.57647061 0.62352943 0.64705884 0.60784316 0.56078434 0.52156866 0.58431375 0.61568630 0.63137257 0.58431375 0.56862748 0.52941179 0.56078434 0.60000002 0.58431375 0.59215689 0.61568630 0.60000002 0.60000002 0.55294120 0.59215689 0.53725493 0.52941179 0.56078434 0.63921571 0.60000002 0.60784316 0.60000002 0.56078434 0.63921571 0.54509807 0.56078434 0.63137257 0.64705884 0.64705884 0.63921571 0.63137257 0.62352943 0.54509807 0.51372552 0.38039219 0.43529415 0.46666670 0.47450984 0.26274514 0.07450986 -0.23137254 -0.22352940 -0.08235294 0.01176476 0.05098045 0.12941182 0.14509809 0.09803927 0.01960790 0.04313731 0.09019613 0.09803927
0.58431375 0.52941179 0.54509807 0.54509807 0.56862748 0.56862748 0.50588238 0.51372552 0.56862748 0.55294120 0.54509807 0.52156866 0.50588238 0.51372552 0.49803925 0.47450984 0.53725493 0.56862748 0.52156866 0.53725493 0.56862748 0.60000002 0.54509807 0.52156866 0.57647061 0.56862748 0.59215689 0.60000002 0.58431375 0.60000002 0.55294120 0.60000002 0.65490198 0.63921571 0.62352943 0.56862748 0.60784316 0.62352943 0.64705884 0.58431375 0.59215689 0.59215689 0.61568630 0.59215689 0.60000002 0.60000002 0.58431375 0.63137257 0.63137257 0.61568630 0.61568630 0.62352943 0.64705884 0.62352943 0.64705884 0.64705884 0.60000002 0.60784316 0.65490198 0.63137257 0.64705884 0.65490198 0.63921571 0.60000002 0.63137257 0.62352943 0.63137257 0.59215689 0.63921571 0.63921571 0.65490198 0.65490198 0.63921571 0.60784316 0.59215689 0.54509807 0.58431375 0.60000002 0.60784316 0.56862748 0.61568630 0.52156866 0.61568630 0.60000002 0.59215689 0.56862748 0.63921571 0.63921571 0.61568630 0.61568630 0.59215689 0.30196083 0.52941179 0.57647061 0.63137257 0.64705884 0.62352943 0.65490198 0.55294120 0.63137257 0.61568630 0.63137257 0.63137257 0.63921571 0.63137257 0.63921571 0.64705884 0.60000002 0.56078434 0.53725493 0.56078434 0.58431375 0.53725493 0.52156866 0.49803925 0.22352946 -0.12941176 -0.24705881 -0.13725489 0.04313731 0.14509809 0.18431377 0.23137259 0.27058828 0.09019613 0.09019613 0.11372554 0.14509809
